open_time,target_6,prediction
2026-01-19 00:35:00+00:00,1,0.53910434
2026-01-19 00:40:00+00:00,1,0.53269213
2026-01-19 00:45:00+00:00,1,0.53269213
2026-01-19 00:50:00+00:00,0,0.5295734
2026-01-19 00:55:00+00:00,1,0.52500284
2026-01-19 01:00:00+00:00,1,0.5288877
2026-01-19 01:05:00+00:00,0,0.51416427
2026-01-19 01:10:00+00:00,0,0.514019
2026-01-19 01:15:00+00:00,0,0.5071588
2026-01-19 01:20:00+00:00,0,0.526761
2026-01-19 01:25:00+00:00,0,0.5137406
2026-01-19 01:30:00+00:00,0,0.50261235
2026-01-19 01:35:00+00:00,0,0.5026378
2026-01-19 01:40:00+00:00,1,0.5156068
2026-01-19 01:45:00+00:00,1,0.51650256
2026-01-19 01:50:00+00:00,1,0.51425964
2026-01-19 01:55:00+00:00,1,0.5164746
2026-01-19 02:00:00+00:00,1,0.509066
2026-01-19 02:05:00+00:00,1,0.5011999
2026-01-19 02:10:00+00:00,0,0.48650008
2026-01-19 02:15:00+00:00,0,0.47643292
2026-01-19 02:20:00+00:00,0,0.48574802
2026-01-19 02:25:00+00:00,1,0.4818324
2026-01-19 02:30:00+00:00,0,0.48029304
2026-01-19 02:35:00+00:00,1,0.48648807
2026-01-19 02:40:00+00:00,1,0.484272
2026-01-19 02:45:00+00:00,1,0.50983524
2026-01-19 02:50:00+00:00,0,0.49197623
2026-01-19 02:55:00+00:00,0,0.48535067
2026-01-19 03:00:00+00:00,0,0.49041685
2026-01-19 03:05:00+00:00,0,0.49047968
2026-01-19 03:10:00+00:00,0,0.4833182
2026-01-19 03:15:00+00:00,0,0.47620076
2026-01-19 03:20:00+00:00,1,0.5018914
2026-01-19 03:25:00+00:00,1,0.50560063
2026-01-19 03:30:00+00:00,1,0.5047168
2026-01-19 03:35:00+00:00,1,0.5040805
2026-01-19 03:40:00+00:00,1,0.4981354
2026-01-19 03:45:00+00:00,0,0.49368402
2026-01-19 03:50:00+00:00,0,0.49089983
2026-01-19 03:55:00+00:00,0,0.4826736
2026-01-19 04:00:00+00:00,0,0.5057111
2026-01-19 04:05:00+00:00,0,0.49067974
2026-01-19 04:10:00+00:00,0,0.50675565
2026-01-19 04:15:00+00:00,0,0.51138103
2026-01-19 04:20:00+00:00,0,0.51580346
2026-01-19 04:25:00+00:00,0,0.50568277
2026-01-19 04:30:00+00:00,0,0.5082519
2026-01-19 04:35:00+00:00,0,0.51364726
2026-01-19 04:40:00+00:00,0,0.5089901
2026-01-19 04:45:00+00:00,1,0.51211965
2026-01-19 04:50:00+00:00,1,0.5105356
2026-01-19 04:55:00+00:00,1,0.531309
2026-01-19 05:00:00+00:00,1,0.5175272
2026-01-19 05:05:00+00:00,1,0.5162503
2026-01-19 05:10:00+00:00,1,0.511085
2026-01-19 05:15:00+00:00,0,0.50775105
2026-01-19 05:20:00+00:00,0,0.5104724
2026-01-19 05:25:00+00:00,0,0.4983284
2026-01-19 05:30:00+00:00,0,0.50714284
2026-01-19 05:35:00+00:00,0,0.48308417
2026-01-19 05:40:00+00:00,0,0.51153743
2026-01-19 05:45:00+00:00,0,0.5152079
2026-01-19 05:50:00+00:00,0,0.51574814
2026-01-19 05:55:00+00:00,0,0.5022614
2026-01-19 06:00:00+00:00,0,0.51773465
2026-01-19 06:05:00+00:00,0,0.50675136
2026-01-19 06:10:00+00:00,0,0.5110662
2026-01-19 06:15:00+00:00,0,0.52644944
2026-01-19 06:20:00+00:00,0,0.5197283
2026-01-19 06:25:00+00:00,0,0.5250736
2026-01-19 06:30:00+00:00,0,0.5192317
2026-01-19 06:35:00+00:00,1,0.5306888
2026-01-19 06:40:00+00:00,1,0.52162
2026-01-19 06:45:00+00:00,1,0.52018005
2026-01-19 06:50:00+00:00,1,0.52018005
2026-01-19 06:55:00+00:00,1,0.52018005
2026-01-19 07:00:00+00:00,1,0.5026747
2026-01-19 07:05:00+00:00,1,0.5023999
2026-01-19 07:10:00+00:00,1,0.480248
2026-01-19 07:15:00+00:00,0,0.49623287
2026-01-19 07:20:00+00:00,1,0.5043242
2026-01-19 07:25:00+00:00,1,0.49014693
2026-01-19 07:30:00+00:00,0,0.46728277
2026-01-19 07:35:00+00:00,0,0.47512612
2026-01-19 07:40:00+00:00,0,0.48604703
2026-01-19 07:45:00+00:00,1,0.50944066
2026-01-19 07:50:00+00:00,1,0.48869887
2026-01-19 07:55:00+00:00,1,0.49227354
2026-01-19 08:00:00+00:00,1,0.48690197
2026-01-19 08:05:00+00:00,1,0.4844415
2026-01-19 08:10:00+00:00,1,0.48832592
2026-01-19 08:15:00+00:00,1,0.47310778
2026-01-19 08:20:00+00:00,1,0.47194907
2026-01-19 08:25:00+00:00,1,0.47796407
2026-01-19 08:30:00+00:00,1,0.46778396
2026-01-19 08:35:00+00:00,1,0.47796407
2026-01-19 08:40:00+00:00,1,0.46778396
2026-01-19 08:45:00+00:00,1,0.46944672
2026-01-19 08:50:00+00:00,1,0.46634933
2026-01-19 08:55:00+00:00,1,0.46634933
2026-01-19 09:00:00+00:00,1,0.46879038
2026-01-19 09:05:00+00:00,1,0.46939033
2026-01-19 09:10:00+00:00,1,0.48225147
2026-01-19 09:15:00+00:00,1,0.4734882
2026-01-19 09:20:00+00:00,0,0.47740307
2026-01-19 09:25:00+00:00,1,0.47740307
2026-01-19 09:30:00+00:00,0,0.47430015
2026-01-19 09:35:00+00:00,0,0.4745742
2026-01-19 09:40:00+00:00,0,0.47740307
2026-01-19 09:45:00+00:00,1,0.4686317
2026-01-19 09:50:00+00:00,1,0.4820324
2026-01-19 09:55:00+00:00,0,0.48433474
2026-01-19 10:00:00+00:00,1,0.49054396
2026-01-19 10:05:00+00:00,1,0.493327
2026-01-19 10:10:00+00:00,1,0.4876103
2026-01-19 10:15:00+00:00,0,0.48201555
2026-01-19 10:20:00+00:00,1,0.47550547
2026-01-19 10:25:00+00:00,1,0.48251045
2026-01-19 10:30:00+00:00,1,0.4835063
2026-01-19 10:35:00+00:00,1,0.48201016
2026-01-19 10:40:00+00:00,1,0.48108888
2026-01-19 10:45:00+00:00,1,0.48893973
2026-01-19 10:50:00+00:00,1,0.47896114
2026-01-19 10:55:00+00:00,1,0.47572213
2026-01-19 11:00:00+00:00,1,0.4888978
2026-01-19 11:05:00+00:00,1,0.47045112
2026-01-19 11:10:00+00:00,1,0.47935385
2026-01-19 11:15:00+00:00,0,0.48443002
2026-01-19 11:20:00+00:00,0,0.47111216
2026-01-19 11:25:00+00:00,0,0.47436324
2026-01-19 11:30:00+00:00,0,0.4784013
2026-01-19 11:35:00+00:00,0,0.47765306
2026-01-19 11:40:00+00:00,0,0.48453784
2026-01-19 11:45:00+00:00,0,0.49748275
2026-01-19 11:50:00+00:00,0,0.50210863
2026-01-19 11:55:00+00:00,0,0.5022287
2026-01-19 12:00:00+00:00,1,0.50915414
2026-01-19 12:05:00+00:00,0,0.50361264
2026-01-19 12:10:00+00:00,1,0.5100062
2026-01-19 12:15:00+00:00,0,0.5083944
2026-01-19 12:20:00+00:00,0,0.5118186
2026-01-19 12:25:00+00:00,1,0.5026324
2026-01-19 12:30:00+00:00,0,0.5054556
2026-01-19 12:35:00+00:00,0,0.50416166
2026-01-19 12:40:00+00:00,0,0.50615734
2026-01-19 12:45:00+00:00,0,0.5070342
2026-01-19 12:50:00+00:00,0,0.5086958
2026-01-19 12:55:00+00:00,0,0.51186013
2026-01-19 13:00:00+00:00,0,0.5100714
2026-01-19 13:05:00+00:00,0,0.5130554
2026-01-19 13:10:00+00:00,1,0.5018159
2026-01-19 13:15:00+00:00,0,0.5020976
2026-01-19 13:20:00+00:00,1,0.50940955
2026-01-19 13:25:00+00:00,0,0.5002907
2026-01-19 13:30:00+00:00,1,0.5104278
2026-01-19 13:35:00+00:00,0,0.50461423
2026-01-19 13:40:00+00:00,1,0.5038012
2026-01-19 13:45:00+00:00,1,0.50114757
2026-01-19 13:50:00+00:00,1,0.5079256
2026-01-19 13:55:00+00:00,1,0.5150829
2026-01-19 14:00:00+00:00,1,0.50571793
2026-01-19 14:05:00+00:00,1,0.50514024
2026-01-19 14:10:00+00:00,1,0.5009361
2026-01-19 14:15:00+00:00,1,0.48163915
2026-01-19 14:20:00+00:00,0,0.4794999
2026-01-19 14:25:00+00:00,0,0.47855064
2026-01-19 14:30:00+00:00,0,0.4837263
2026-01-19 14:35:00+00:00,1,0.48913053
2026-01-19 14:40:00+00:00,0,0.48849362
2026-01-19 14:45:00+00:00,0,0.4796344
2026-01-19 14:50:00+00:00,0,0.4955986
2026-01-19 14:55:00+00:00,0,0.48948705
2026-01-19 15:00:00+00:00,0,0.47935474
2026-01-19 15:05:00+00:00,0,0.49053353
2026-01-19 15:10:00+00:00,0,0.49741998
2026-01-19 15:15:00+00:00,0,0.50227267
2026-01-19 15:20:00+00:00,0,0.5208239
2026-01-19 15:25:00+00:00,1,0.5217943
2026-01-19 15:30:00+00:00,1,0.52145076
2026-01-19 15:35:00+00:00,1,0.52213156
2026-01-19 15:40:00+00:00,1,0.50808096
2026-01-19 15:45:00+00:00,1,0.51239294
2026-01-19 15:50:00+00:00,1,0.5124016
2026-01-19 15:55:00+00:00,1,0.50572747
2026-01-19 16:00:00+00:00,1,0.5011825
2026-01-19 16:05:00+00:00,1,0.5160802
2026-01-19 16:10:00+00:00,1,0.5153988
2026-01-19 16:15:00+00:00,1,0.50486124
2026-01-19 16:20:00+00:00,1,0.50907415
2026-01-19 16:25:00+00:00,1,0.5004524
2026-01-19 16:30:00+00:00,1,0.50511867
2026-01-19 16:35:00+00:00,1,0.49951798
2026-01-19 16:40:00+00:00,1,0.48284104
2026-01-19 16:45:00+00:00,1,0.48442245
2026-01-19 16:50:00+00:00,0,0.46875763
2026-01-19 16:55:00+00:00,0,0.4802102
2026-01-19 17:00:00+00:00,0,0.4867014
2026-01-19 17:05:00+00:00,1,0.47958297
2026-01-19 17:10:00+00:00,0,0.48014328
2026-01-19 17:15:00+00:00,0,0.4833877
2026-01-19 17:20:00+00:00,0,0.47878006
2026-01-19 17:25:00+00:00,0,0.47617698
2026-01-19 17:30:00+00:00,0,0.4953162
2026-01-19 17:35:00+00:00,0,0.48788938
2026-01-19 17:40:00+00:00,0,0.5002499
2026-01-19 17:45:00+00:00,0,0.4953506
2026-01-19 17:50:00+00:00,1,0.5065277
2026-01-19 17:55:00+00:00,1,0.5081251
2026-01-19 18:00:00+00:00,1,0.53094786
2026-01-19 18:05:00+00:00,1,0.5167535
2026-01-19 18:10:00+00:00,1,0.5291147
2026-01-19 18:15:00+00:00,0,0.51646113
2026-01-19 18:20:00+00:00,0,0.5022779
2026-01-19 18:25:00+00:00,0,0.51587766
2026-01-19 18:30:00+00:00,1,0.51701146
2026-01-19 18:35:00+00:00,1,0.5080199
2026-01-19 18:40:00+00:00,1,0.50887847
2026-01-19 18:45:00+00:00,1,0.5289035
2026-01-19 18:50:00+00:00,1,0.5091585
2026-01-19 18:55:00+00:00,1,0.51700425
2026-01-19 19:00:00+00:00,1,0.51290846
2026-01-19 19:05:00+00:00,1,0.5024799
2026-01-19 19:10:00+00:00,1,0.48968235
2026-01-19 19:15:00+00:00,0,0.47754678
2026-01-19 19:20:00+00:00,0,0.47961712
2026-01-19 19:25:00+00:00,0,0.48462585
2026-01-19 19:30:00+00:00,0,0.47665465
2026-01-19 19:35:00+00:00,1,0.4953024
2026-01-19 19:40:00+00:00,0,0.4905858
2026-01-19 19:45:00+00:00,1,0.50153065
2026-01-19 19:50:00+00:00,1,0.49631235
2026-01-19 19:55:00+00:00,1,0.49629545
2026-01-19 20:00:00+00:00,1,0.4840019
2026-01-19 20:05:00+00:00,1,0.4995642
2026-01-19 20:10:00+00:00,1,0.50816256
2026-01-19 20:15:00+00:00,1,0.48152232
2026-01-19 20:20:00+00:00,0,0.48465216
2026-01-19 20:25:00+00:00,0,0.4839367
2026-01-19 20:30:00+00:00,1,0.5000024
2026-01-19 20:35:00+00:00,0,0.4880498
2026-01-19 20:40:00+00:00,0,0.49885234
2026-01-19 20:45:00+00:00,0,0.49974346
2026-01-19 20:50:00+00:00,0,0.5190152
2026-01-19 20:55:00+00:00,0,0.5109518
2026-01-19 21:00:00+00:00,0,0.5020277
2026-01-19 21:05:00+00:00,0,0.49296275
2026-01-19 21:10:00+00:00,0,0.5292131
2026-01-19 21:15:00+00:00,0,0.5287844
2026-01-19 21:20:00+00:00,0,0.5188351
2026-01-19 21:25:00+00:00,0,0.52855283
2026-01-19 21:30:00+00:00,1,0.52998364
2026-01-19 21:35:00+00:00,0,0.5289685
2026-01-19 21:40:00+00:00,0,0.5201274
2026-01-19 21:45:00+00:00,0,0.5276997
2026-01-19 21:50:00+00:00,0,0.51409245
2026-01-19 21:55:00+00:00,0,0.5201274
2026-01-19 22:00:00+00:00,0,0.5157453
2026-01-19 22:05:00+00:00,0,0.51395404
2026-01-19 22:10:00+00:00,0,0.52558833
2026-01-19 22:15:00+00:00,0,0.51367044
2026-01-19 22:20:00+00:00,0,0.5189345
2026-01-19 22:25:00+00:00,0,0.5196514
2026-01-19 22:30:00+00:00,1,0.52209914
2026-01-19 22:35:00+00:00,1,0.5208979
2026-01-19 22:40:00+00:00,1,0.52330095
2026-01-19 22:45:00+00:00,0,0.5187517
2026-01-19 22:50:00+00:00,1,0.5208546
2026-01-19 22:55:00+00:00,1,0.52330095
2026-01-19 23:00:00+00:00,1,0.5136587
2026-01-19 23:05:00+00:00,1,0.5154384
2026-01-19 23:10:00+00:00,1,0.5124816
2026-01-19 23:15:00+00:00,1,0.5178431
2026-01-19 23:20:00+00:00,1,0.51232237
2026-01-19 23:25:00+00:00,1,0.5158105
2026-01-19 23:30:00+00:00,0,0.49020067
2026-01-19 23:35:00+00:00,0,0.48047614
2026-01-19 23:40:00+00:00,0,0.48477754
2026-01-19 23:45:00+00:00,0,0.4925624
2026-01-19 23:50:00+00:00,0,0.5034069
2026-01-19 23:55:00+00:00,0,0.49636328
2026-01-20 00:00:00+00:00,0,0.50664437
2026-01-20 00:05:00+00:00,0,0.5048383
2026-01-20 00:10:00+00:00,0,0.50754696
2026-01-20 00:15:00+00:00,0,0.50803477
2026-01-20 00:20:00+00:00,0,0.5152243
2026-01-20 00:25:00+00:00,0,0.509063
2026-01-20 00:30:00+00:00,0,0.5060354
2026-01-20 00:35:00+00:00,0,0.5090781
2026-01-20 00:40:00+00:00,0,0.5079284
2026-01-20 00:45:00+00:00,1,0.5146129
2026-01-20 00:50:00+00:00,1,0.51915604
2026-01-20 00:55:00+00:00,1,0.50954044
2026-01-20 01:00:00+00:00,1,0.51252854
2026-01-20 01:05:00+00:00,1,0.51246876
2026-01-20 01:10:00+00:00,0,0.51388717
2026-01-20 01:15:00+00:00,0,0.51041085
2026-01-20 01:20:00+00:00,0,0.5074906
2026-01-20 01:25:00+00:00,0,0.49992347
2026-01-20 01:30:00+00:00,0,0.5144755
2026-01-20 01:35:00+00:00,0,0.52390975
2026-01-20 01:40:00+00:00,0,0.52225405
2026-01-20 01:45:00+00:00,0,0.5311235
2026-01-20 01:50:00+00:00,0,0.52070624
2026-01-20 01:55:00+00:00,0,0.5238718
2026-01-20 02:00:00+00:00,0,0.5288799
2026-01-20 02:05:00+00:00,1,0.52901417
2026-01-20 02:10:00+00:00,1,0.5284035
2026-01-20 02:15:00+00:00,1,0.5261047
2026-01-20 02:20:00+00:00,1,0.5284035
2026-01-20 02:25:00+00:00,1,0.5298487
2026-01-20 02:30:00+00:00,1,0.51658124
2026-01-20 02:35:00+00:00,0,0.5032606
2026-01-20 02:40:00+00:00,0,0.50899667
2026-01-20 02:45:00+00:00,0,0.5084186
2026-01-20 02:50:00+00:00,0,0.5126317
2026-01-20 02:55:00+00:00,0,0.5173726
2026-01-20 03:00:00+00:00,0,0.5192846
2026-01-20 03:05:00+00:00,0,0.52370566
2026-01-20 03:10:00+00:00,0,0.5171542
2026-01-20 03:15:00+00:00,1,0.52275985
2026-01-20 03:20:00+00:00,0,0.52153736
2026-01-20 03:25:00+00:00,0,0.5038932
2026-01-20 03:30:00+00:00,1,0.51182383
2026-01-20 03:35:00+00:00,1,0.5120712
2026-01-20 03:40:00+00:00,0,0.51610446
2026-01-20 03:45:00+00:00,0,0.5066081
2026-01-20 03:50:00+00:00,0,0.5142948
2026-01-20 03:55:00+00:00,1,0.5164154
2026-01-20 04:00:00+00:00,1,0.50917906
2026-01-20 04:05:00+00:00,0,0.50596404
2026-01-20 04:10:00+00:00,0,0.5149349
2026-01-20 04:15:00+00:00,1,0.5166732
2026-01-20 04:20:00+00:00,0,0.51849294
2026-01-20 04:25:00+00:00,0,0.516819
2026-01-20 04:30:00+00:00,0,0.5236081
2026-01-20 04:35:00+00:00,1,0.5252694
2026-01-20 04:40:00+00:00,0,0.5243689
2026-01-20 04:45:00+00:00,0,0.5172027
2026-01-20 04:50:00+00:00,0,0.52984065
2026-01-20 04:55:00+00:00,1,0.52984065
2026-01-20 05:00:00+00:00,1,0.51790696
2026-01-20 05:05:00+00:00,1,0.52047503
2026-01-20 05:10:00+00:00,1,0.5251762
2026-01-20 05:15:00+00:00,1,0.5003671
2026-01-20 05:20:00+00:00,1,0.52149343
2026-01-20 05:25:00+00:00,1,0.50641567
2026-01-20 05:30:00+00:00,0,0.48579124
2026-01-20 05:35:00+00:00,1,0.50120693
2026-01-20 05:40:00+00:00,0,0.4938061
2026-01-20 05:45:00+00:00,0,0.47779822
2026-01-20 05:50:00+00:00,0,0.49234664
2026-01-20 05:55:00+00:00,0,0.48982668
2026-01-20 06:00:00+00:00,0,0.50186914
2026-01-20 06:05:00+00:00,0,0.49401793
2026-01-20 06:10:00+00:00,1,0.51917636
2026-01-20 06:15:00+00:00,1,0.5279236
2026-01-20 06:20:00+00:00,0,0.5184984
2026-01-20 06:25:00+00:00,0,0.4979861
2026-01-20 06:30:00+00:00,1,0.5263173
2026-01-20 06:35:00+00:00,1,0.5114322
2026-01-20 06:40:00+00:00,1,0.5003637
2026-01-20 06:45:00+00:00,1,0.50464106
2026-01-20 06:50:00+00:00,1,0.5157349
2026-01-20 06:55:00+00:00,1,0.511635
2026-01-20 07:00:00+00:00,1,0.5009486
2026-01-20 07:05:00+00:00,0,0.4891246
2026-01-20 07:10:00+00:00,0,0.48729545
2026-01-20 07:15:00+00:00,0,0.49505723
2026-01-20 07:20:00+00:00,0,0.51009095
2026-01-20 07:25:00+00:00,0,0.509621
2026-01-20 07:30:00+00:00,0,0.5021314
2026-01-20 07:35:00+00:00,0,0.5061822
2026-01-20 07:40:00+00:00,0,0.5073034
2026-01-20 07:45:00+00:00,0,0.50177544
2026-01-20 07:50:00+00:00,0,0.50328386
2026-01-20 07:55:00+00:00,0,0.48539713
2026-01-20 08:00:00+00:00,0,0.49732903
2026-01-20 08:05:00+00:00,0,0.5057992
2026-01-20 08:10:00+00:00,0,0.5083016
2026-01-20 08:15:00+00:00,0,0.5196423
2026-01-20 08:20:00+00:00,0,0.5059165
2026-01-20 08:25:00+00:00,0,0.5059165
2026-01-20 08:30:00+00:00,0,0.52185184
2026-01-20 08:35:00+00:00,0,0.52185184
2026-01-20 08:40:00+00:00,1,0.5196947
2026-01-20 08:45:00+00:00,0,0.5182544
2026-01-20 08:50:00+00:00,0,0.5166715
2026-01-20 08:55:00+00:00,0,0.51882964
2026-01-20 09:00:00+00:00,0,0.51659477
2026-01-20 09:05:00+00:00,0,0.50215036
2026-01-20 09:10:00+00:00,0,0.50559235
2026-01-20 09:15:00+00:00,0,0.5182638
2026-01-20 09:20:00+00:00,0,0.5075147
2026-01-20 09:25:00+00:00,1,0.5133668
2026-01-20 09:30:00+00:00,1,0.5133668
2026-01-20 09:35:00+00:00,1,0.5253736
2026-01-20 09:40:00+00:00,1,0.5226349
2026-01-20 09:45:00+00:00,1,0.51435244
2026-01-20 09:50:00+00:00,1,0.5131307
2026-01-20 09:55:00+00:00,1,0.5126619
2026-01-20 10:00:00+00:00,1,0.5169377
2026-01-20 10:05:00+00:00,1,0.5014884
2026-01-20 10:10:00+00:00,0,0.5078075
2026-01-20 10:15:00+00:00,0,0.5070154
2026-01-20 10:20:00+00:00,0,0.5128415
2026-01-20 10:25:00+00:00,0,0.5024191
2026-01-20 10:30:00+00:00,0,0.50811654
2026-01-20 10:35:00+00:00,1,0.5119689
2026-01-20 10:40:00+00:00,0,0.48680714
2026-01-20 10:45:00+00:00,0,0.48613054
2026-01-20 10:50:00+00:00,0,0.5102517
2026-01-20 10:55:00+00:00,0,0.50060654
2026-01-20 11:00:00+00:00,0,0.49096498
2026-01-20 11:05:00+00:00,0,0.47887388
2026-01-20 11:10:00+00:00,0,0.49563813
2026-01-20 11:15:00+00:00,0,0.4918771
2026-01-20 11:20:00+00:00,0,0.5067794
2026-01-20 11:25:00+00:00,0,0.49139282
2026-01-20 11:30:00+00:00,0,0.508995
2026-01-20 11:35:00+00:00,1,0.5104499
2026-01-20 11:40:00+00:00,1,0.5169571
2026-01-20 11:45:00+00:00,1,0.5162757
2026-01-20 11:50:00+00:00,1,0.51164037
2026-01-20 11:55:00+00:00,1,0.5029699
2026-01-20 12:00:00+00:00,1,0.5157196
2026-01-20 12:05:00+00:00,0,0.5112074
2026-01-20 12:10:00+00:00,0,0.509427
2026-01-20 12:15:00+00:00,1,0.51141584
2026-01-20 12:20:00+00:00,1,0.51306427
2026-01-20 12:25:00+00:00,1,0.51583993
2026-01-20 12:30:00+00:00,0,0.51565385
2026-01-20 12:35:00+00:00,0,0.51623183
2026-01-20 12:40:00+00:00,0,0.5161231
2026-01-20 12:45:00+00:00,0,0.5007651
2026-01-20 12:50:00+00:00,0,0.51459175
2026-01-20 12:55:00+00:00,0,0.511844
2026-01-20 13:00:00+00:00,1,0.52218515
2026-01-20 13:05:00+00:00,1,0.52320176
2026-01-20 13:10:00+00:00,1,0.5230673
2026-01-20 13:15:00+00:00,1,0.52320176
2026-01-20 13:20:00+00:00,0,0.522873
2026-01-20 13:25:00+00:00,0,0.5135358
2026-01-20 13:30:00+00:00,1,0.5049545
2026-01-20 13:35:00+00:00,0,0.47452107
2026-01-20 13:40:00+00:00,1,0.48243463
2026-01-20 13:45:00+00:00,1,0.5045166
2026-01-20 13:50:00+00:00,1,0.50238913
2026-01-20 13:55:00+00:00,1,0.51870346
2026-01-20 14:00:00+00:00,0,0.48885253
2026-01-20 14:05:00+00:00,1,0.48152784
2026-01-20 14:10:00+00:00,1,0.4839849
2026-01-20 14:15:00+00:00,1,0.4902201
2026-01-20 14:20:00+00:00,1,0.50138336
2026-01-20 14:25:00+00:00,1,0.5024272
2026-01-20 14:30:00+00:00,1,0.49966666
2026-01-20 14:35:00+00:00,0,0.47017235
2026-01-20 14:40:00+00:00,0,0.47281563
2026-01-20 14:45:00+00:00,0,0.47585124
2026-01-20 14:50:00+00:00,1,0.48733068
2026-01-20 14:55:00+00:00,0,0.48172262
2026-01-20 15:00:00+00:00,0,0.50510526
2026-01-20 15:05:00+00:00,1,0.51397717
2026-01-20 15:10:00+00:00,0,0.49762756
2026-01-20 15:15:00+00:00,0,0.516623
2026-01-20 15:20:00+00:00,0,0.49555838
2026-01-20 15:25:00+00:00,0,0.5015567
2026-01-20 15:30:00+00:00,0,0.51910794
2026-01-20 15:35:00+00:00,0,0.52472097
2026-01-20 15:40:00+00:00,1,0.51876026
2026-01-20 15:45:00+00:00,1,0.5239559
2026-01-20 15:50:00+00:00,0,0.525203
2026-01-20 15:55:00+00:00,0,0.52295184
2026-01-20 16:00:00+00:00,0,0.52564996
2026-01-20 16:05:00+00:00,0,0.52345246
2026-01-20 16:10:00+00:00,0,0.5127337
2026-01-20 16:15:00+00:00,0,0.50249827
2026-01-20 16:20:00+00:00,0,0.51436776
2026-01-20 16:25:00+00:00,0,0.522452
2026-01-20 16:30:00+00:00,1,0.5240334
2026-01-20 16:35:00+00:00,1,0.525011
2026-01-20 16:40:00+00:00,1,0.54130626
2026-01-20 16:45:00+00:00,1,0.5255757
2026-01-20 16:50:00+00:00,0,0.5223363
2026-01-20 16:55:00+00:00,0,0.52399474
2026-01-20 17:00:00+00:00,0,0.5085895
2026-01-20 17:05:00+00:00,0,0.5113582
2026-01-20 17:10:00+00:00,0,0.49799344
2026-01-20 17:15:00+00:00,0,0.5049878
2026-01-20 17:20:00+00:00,0,0.5156155
2026-01-20 17:25:00+00:00,0,0.5252386
2026-01-20 17:30:00+00:00,1,0.51859504
2026-01-20 17:35:00+00:00,1,0.51691574
2026-01-20 17:40:00+00:00,1,0.51911306
2026-01-20 17:45:00+00:00,1,0.51620716
2026-01-20 17:50:00+00:00,0,0.51813453
2026-01-20 17:55:00+00:00,0,0.49695167
2026-01-20 18:00:00+00:00,0,0.5186886
2026-01-20 18:05:00+00:00,0,0.5204676
2026-01-20 18:10:00+00:00,0,0.5153309
2026-01-20 18:15:00+00:00,0,0.5104514
2026-01-20 18:20:00+00:00,0,0.5181656
2026-01-20 18:25:00+00:00,0,0.5289406
2026-01-20 18:30:00+00:00,1,0.531206
2026-01-20 18:35:00+00:00,1,0.523354
2026-01-20 18:40:00+00:00,1,0.5170671
2026-01-20 18:45:00+00:00,1,0.5085552
2026-01-20 18:50:00+00:00,1,0.5257706
2026-01-20 18:55:00+00:00,1,0.5137488
2026-01-20 19:00:00+00:00,0,0.507584
2026-01-20 19:05:00+00:00,0,0.51581424
2026-01-20 19:10:00+00:00,0,0.52235264
2026-01-20 19:15:00+00:00,0,0.5221315
2026-01-20 19:20:00+00:00,1,0.5246781
2026-01-20 19:25:00+00:00,1,0.53107
2026-01-20 19:30:00+00:00,1,0.53133464
2026-01-20 19:35:00+00:00,1,0.5318965
2026-01-20 19:40:00+00:00,1,0.5245444
2026-01-20 19:45:00+00:00,1,0.5245444
2026-01-20 19:50:00+00:00,1,0.49813953
2026-01-20 19:55:00+00:00,1,0.48951265
2026-01-20 20:00:00+00:00,1,0.52542585
2026-01-20 20:05:00+00:00,1,0.5190576
2026-01-20 20:10:00+00:00,1,0.5207813
2026-01-20 20:15:00+00:00,0,0.48346716
2026-01-20 20:20:00+00:00,0,0.48873782
2026-01-20 20:25:00+00:00,0,0.4874786
2026-01-20 20:30:00+00:00,0,0.48986608
2026-01-20 20:35:00+00:00,1,0.4991008
2026-01-20 20:40:00+00:00,1,0.5084813
2026-01-20 20:45:00+00:00,0,0.5084813
2026-01-20 20:50:00+00:00,0,0.5075157
2026-01-20 20:55:00+00:00,0,0.49114215
2026-01-20 21:00:00+00:00,0,0.5001704
2026-01-20 21:05:00+00:00,0,0.48988274
2026-01-20 21:10:00+00:00,0,0.5032048
2026-01-20 21:15:00+00:00,0,0.52665585
2026-01-20 21:20:00+00:00,0,0.5286745
2026-01-20 21:25:00+00:00,0,0.52966356
2026-01-20 21:30:00+00:00,1,0.5335212
2026-01-20 21:35:00+00:00,0,0.5308476
2026-01-20 21:40:00+00:00,0,0.5104752
2026-01-20 21:45:00+00:00,1,0.52169424
2026-01-20 21:50:00+00:00,1,0.5190742
2026-01-20 21:55:00+00:00,0,0.5190574
2026-01-20 22:00:00+00:00,0,0.5202348
2026-01-20 22:05:00+00:00,0,0.523449
2026-01-20 22:10:00+00:00,0,0.515915
2026-01-20 22:15:00+00:00,0,0.50517154
2026-01-20 22:20:00+00:00,0,0.51694113
2026-01-20 22:25:00+00:00,0,0.51650065
2026-01-20 22:30:00+00:00,1,0.53455794
2026-01-20 22:35:00+00:00,1,0.522996
2026-01-20 22:40:00+00:00,1,0.5219794
2026-01-20 22:45:00+00:00,0,0.5219794
2026-01-20 22:50:00+00:00,1,0.5231804
2026-01-20 22:55:00+00:00,0,0.5083289
2026-01-20 23:00:00+00:00,1,0.52721316
2026-01-20 23:05:00+00:00,1,0.5233858
2026-01-20 23:10:00+00:00,1,0.51441175
2026-01-20 23:15:00+00:00,1,0.5241009
2026-01-20 23:20:00+00:00,0,0.5248111
2026-01-20 23:25:00+00:00,1,0.5194927
2026-01-20 23:30:00+00:00,1,0.5187823
2026-01-20 23:35:00+00:00,1,0.5197148
2026-01-20 23:40:00+00:00,0,0.50347364
2026-01-20 23:45:00+00:00,1,0.50353974
2026-01-20 23:50:00+00:00,1,0.51342136
2026-01-20 23:55:00+00:00,1,0.5016879
2026-01-21 00:00:00+00:00,1,0.4951504
2026-01-21 00:05:00+00:00,1,0.51231503
2026-01-21 00:10:00+00:00,1,0.5144245
2026-01-21 00:15:00+00:00,1,0.50002086
2026-01-21 00:20:00+00:00,1,0.5026882
2026-01-21 00:25:00+00:00,1,0.4901821
2026-01-21 00:30:00+00:00,1,0.4876467
2026-01-21 00:35:00+00:00,1,0.47826046
2026-01-21 00:40:00+00:00,1,0.48134547
2026-01-21 00:45:00+00:00,1,0.47750688
2026-01-21 00:50:00+00:00,1,0.4904851
2026-01-21 00:55:00+00:00,1,0.47894764
2026-01-21 01:00:00+00:00,1,0.4772436
2026-01-21 01:05:00+00:00,1,0.48218456
2026-01-21 01:10:00+00:00,0,0.49005908
2026-01-21 01:15:00+00:00,0,0.48400456
2026-01-21 01:20:00+00:00,0,0.4886696
2026-01-21 01:25:00+00:00,0,0.48195848
2026-01-21 01:30:00+00:00,1,0.48244268
2026-01-21 01:35:00+00:00,1,0.49022663
2026-01-21 01:40:00+00:00,1,0.50553113
2026-01-21 01:45:00+00:00,1,0.48570955
2026-01-21 01:50:00+00:00,1,0.49696168
2026-01-21 01:55:00+00:00,1,0.49889392
2026-01-21 02:00:00+00:00,0,0.48449308
2026-01-21 02:05:00+00:00,0,0.4870368
2026-01-21 02:10:00+00:00,0,0.4860343
2026-01-21 02:15:00+00:00,0,0.49266872
2026-01-21 02:20:00+00:00,0,0.4860343
2026-01-21 02:25:00+00:00,0,0.49330458
2026-01-21 02:30:00+00:00,1,0.49976635
2026-01-21 02:35:00+00:00,0,0.50488025
2026-01-21 02:40:00+00:00,1,0.50395554
2026-01-21 02:45:00+00:00,1,0.51331514
2026-01-21 02:50:00+00:00,1,0.5196731
2026-01-21 02:55:00+00:00,1,0.50313187
2026-01-21 03:00:00+00:00,1,0.50428957
2026-01-21 03:05:00+00:00,1,0.5134488
2026-01-21 03:10:00+00:00,1,0.49885637
2026-01-21 03:15:00+00:00,0,0.5127921
2026-01-21 03:20:00+00:00,0,0.5023364
2026-01-21 03:25:00+00:00,0,0.49371088
2026-01-21 03:30:00+00:00,0,0.5047193
2026-01-21 03:35:00+00:00,0,0.50060385
2026-01-21 03:40:00+00:00,0,0.49659643
2026-01-21 03:45:00+00:00,0,0.52328527
2026-01-21 03:50:00+00:00,1,0.5231561
2026-01-21 03:55:00+00:00,1,0.52405685
2026-01-21 04:00:00+00:00,1,0.5195922
2026-01-21 04:05:00+00:00,1,0.52049357
2026-01-21 04:10:00+00:00,1,0.5095378
2026-01-21 04:15:00+00:00,1,0.5093402
2026-01-21 04:20:00+00:00,1,0.51018834
2026-01-21 04:25:00+00:00,1,0.4794902
2026-01-21 04:30:00+00:00,1,0.50270414
2026-01-21 04:35:00+00:00,1,0.5026685
2026-01-21 04:40:00+00:00,1,0.49410182
2026-01-21 04:45:00+00:00,1,0.50654227
2026-01-21 04:50:00+00:00,1,0.5120039
2026-01-21 04:55:00+00:00,1,0.50595
2026-01-21 05:00:00+00:00,0,0.4869048
2026-01-21 05:05:00+00:00,1,0.48773023
2026-01-21 05:10:00+00:00,1,0.48496655
2026-01-21 05:15:00+00:00,1,0.4945593
2026-01-21 05:20:00+00:00,1,0.50976205
2026-01-21 05:25:00+00:00,1,0.50175333
2026-01-21 05:30:00+00:00,1,0.50946826
2026-01-21 05:35:00+00:00,1,0.48866072
2026-01-21 05:40:00+00:00,1,0.48608026
2026-01-21 05:45:00+00:00,0,0.4718776
2026-01-21 05:50:00+00:00,0,0.48511642
2026-01-21 05:55:00+00:00,0,0.47881594
2026-01-21 06:00:00+00:00,0,0.48838386
2026-01-21 06:05:00+00:00,0,0.48207134
2026-01-21 06:10:00+00:00,0,0.4938647
2026-01-21 06:15:00+00:00,0,0.49710834
2026-01-21 06:20:00+00:00,0,0.48639187
2026-01-21 06:25:00+00:00,0,0.49000585
2026-01-21 06:30:00+00:00,0,0.50585085
2026-01-21 06:35:00+00:00,0,0.509086
2026-01-21 06:40:00+00:00,0,0.50403273
2026-01-21 06:45:00+00:00,1,0.52222025
2026-01-21 06:50:00+00:00,1,0.52492833
2026-01-21 06:55:00+00:00,1,0.52492833
2026-01-21 07:00:00+00:00,1,0.5079944
2026-01-21 07:05:00+00:00,0,0.4973984
2026-01-21 07:10:00+00:00,1,0.50347793
2026-01-21 07:15:00+00:00,0,0.5014302
2026-01-21 07:20:00+00:00,0,0.495006
2026-01-21 07:25:00+00:00,0,0.4713592
2026-01-21 07:30:00+00:00,0,0.50608903
2026-01-21 07:35:00+00:00,1,0.50375783
2026-01-21 07:40:00+00:00,0,0.5042676
2026-01-21 07:45:00+00:00,0,0.501687
2026-01-21 07:50:00+00:00,1,0.49095693
2026-01-21 07:55:00+00:00,0,0.5073383
2026-01-21 08:00:00+00:00,0,0.5089527
2026-01-21 08:05:00+00:00,0,0.5065971
2026-01-21 08:10:00+00:00,0,0.5072226
2026-01-21 08:15:00+00:00,0,0.50573117
2026-01-21 08:20:00+00:00,0,0.5018019
2026-01-21 08:25:00+00:00,0,0.5047831
2026-01-21 08:30:00+00:00,0,0.5017027
2026-01-21 08:35:00+00:00,1,0.50298756
2026-01-21 08:40:00+00:00,1,0.5085597
2026-01-21 08:45:00+00:00,1,0.50473666
2026-01-21 08:50:00+00:00,1,0.5019562
2026-01-21 08:55:00+00:00,1,0.501554
2026-01-21 09:00:00+00:00,1,0.48615846
2026-01-21 09:05:00+00:00,1,0.501591
2026-01-21 09:10:00+00:00,1,0.50249374
2026-01-21 09:15:00+00:00,1,0.501591
2026-01-21 09:20:00+00:00,0,0.50210327
2026-01-21 09:25:00+00:00,0,0.49886414
2026-01-21 09:30:00+00:00,1,0.48931193
2026-01-21 09:35:00+00:00,0,0.48684636
2026-01-21 09:40:00+00:00,0,0.4858161
2026-01-21 09:45:00+00:00,0,0.486678
2026-01-21 09:50:00+00:00,1,0.5035462
2026-01-21 09:55:00+00:00,0,0.5024566
2026-01-21 10:00:00+00:00,0,0.48894715
2026-01-21 10:05:00+00:00,0,0.50027883
2026-01-21 10:10:00+00:00,0,0.5015502
2026-01-21 10:15:00+00:00,0,0.4961239
2026-01-21 10:20:00+00:00,0,0.49272954
2026-01-21 10:25:00+00:00,0,0.4851465
2026-01-21 10:30:00+00:00,0,0.49992913
2026-01-21 10:35:00+00:00,0,0.49144325
2026-01-21 10:40:00+00:00,0,0.50765723
2026-01-21 10:45:00+00:00,0,0.5056208
2026-01-21 10:50:00+00:00,0,0.505443
2026-01-21 10:55:00+00:00,1,0.52190596
2026-01-21 11:00:00+00:00,1,0.52238584
2026-01-21 11:05:00+00:00,1,0.52238584
2026-01-21 11:10:00+00:00,0,0.52093846
2026-01-21 11:15:00+00:00,0,0.50802886
2026-01-21 11:20:00+00:00,0,0.5131446
2026-01-21 11:25:00+00:00,0,0.5086049
2026-01-21 11:30:00+00:00,0,0.49866858
2026-01-21 11:35:00+00:00,0,0.507122
2026-01-21 11:40:00+00:00,0,0.49663106
2026-01-21 11:45:00+00:00,0,0.50003475
2026-01-21 11:50:00+00:00,0,0.50940955
2026-01-21 11:55:00+00:00,0,0.52155
2026-01-21 12:00:00+00:00,0,0.5202289
2026-01-21 12:05:00+00:00,0,0.5227889
2026-01-21 12:10:00+00:00,1,0.5224538
2026-01-21 12:15:00+00:00,1,0.5224538
2026-01-21 12:20:00+00:00,1,0.5224538
2026-01-21 12:25:00+00:00,1,0.5224538
2026-01-21 12:30:00+00:00,1,0.51985425
2026-01-21 12:35:00+00:00,1,0.50887674
2026-01-21 12:40:00+00:00,1,0.51389736
2026-01-21 12:45:00+00:00,1,0.51345533
2026-01-21 12:50:00+00:00,1,0.51686317
2026-01-21 12:55:00+00:00,0,0.51905113
2026-01-21 13:00:00+00:00,0,0.49235877
2026-01-21 13:05:00+00:00,0,0.50161153
2026-01-21 13:10:00+00:00,0,0.47268435
2026-01-21 13:15:00+00:00,0,0.48124027
2026-01-21 13:20:00+00:00,0,0.5126742
2026-01-21 13:25:00+00:00,0,0.51984406
2026-01-21 13:30:00+00:00,0,0.51322156
2026-01-21 13:35:00+00:00,1,0.5168182
2026-01-21 13:40:00+00:00,1,0.5170523
2026-01-21 13:45:00+00:00,1,0.51664215
2026-01-21 13:50:00+00:00,1,0.51782846
2026-01-21 13:55:00+00:00,1,0.51879936
2026-01-21 14:00:00+00:00,1,0.51361626
2026-01-21 14:05:00+00:00,1,0.4723494
2026-01-21 14:10:00+00:00,1,0.47737688
2026-01-21 14:15:00+00:00,1,0.4772687
2026-01-21 14:20:00+00:00,1,0.4842092
2026-01-21 14:25:00+00:00,1,0.4932406
2026-01-21 14:30:00+00:00,0,0.5001026
2026-01-21 14:35:00+00:00,1,0.5035742
2026-01-21 14:40:00+00:00,1,0.4995899
2026-01-21 14:45:00+00:00,1,0.50379276
2026-01-21 14:50:00+00:00,1,0.49525446
2026-01-21 14:55:00+00:00,0,0.50160503
2026-01-21 15:00:00+00:00,1,0.51571214
2026-01-21 15:05:00+00:00,0,0.5020779
2026-01-21 15:10:00+00:00,0,0.50437033
2026-01-21 15:15:00+00:00,0,0.5019643
2026-01-21 15:20:00+00:00,1,0.5091925
2026-01-21 15:25:00+00:00,1,0.5159071
2026-01-21 15:30:00+00:00,1,0.5021327
2026-01-21 15:35:00+00:00,1,0.50958204
2026-01-21 15:40:00+00:00,0,0.49545112
2026-01-21 15:45:00+00:00,0,0.49080986
2026-01-21 15:50:00+00:00,0,0.47844082
2026-01-21 15:55:00+00:00,0,0.47723973
2026-01-21 16:00:00+00:00,0,0.48818082
2026-01-21 16:05:00+00:00,0,0.50594103
2026-01-21 16:10:00+00:00,0,0.51523584
2026-01-21 16:15:00+00:00,0,0.51547444
2026-01-21 16:20:00+00:00,0,0.5188438
2026-01-21 16:25:00+00:00,0,0.5186757
2026-01-21 16:30:00+00:00,0,0.5215365
2026-01-21 16:35:00+00:00,0,0.53316367
2026-01-21 16:40:00+00:00,0,0.5452207
2026-01-21 16:45:00+00:00,0,0.5313066
2026-01-21 16:50:00+00:00,0,0.5391954
2026-01-21 16:55:00+00:00,1,0.5376101
2026-01-21 17:00:00+00:00,0,0.5221824
2026-01-21 17:05:00+00:00,0,0.5138196
2026-01-21 17:10:00+00:00,1,0.52084243
2026-01-21 17:15:00+00:00,1,0.517419
2026-01-21 17:20:00+00:00,1,0.5236572
2026-01-21 17:25:00+00:00,1,0.52291507
2026-01-21 17:30:00+00:00,1,0.52279115
2026-01-21 17:35:00+00:00,1,0.51477826
2026-01-21 17:40:00+00:00,1,0.52156144
2026-01-21 17:45:00+00:00,1,0.51968044
2026-01-21 17:50:00+00:00,0,0.5178666
2026-01-21 17:55:00+00:00,0,0.50056463
2026-01-21 18:00:00+00:00,1,0.52329594
2026-01-21 18:05:00+00:00,1,0.51582515
2026-01-21 18:10:00+00:00,0,0.5177223
2026-01-21 18:15:00+00:00,1,0.52885145
2026-01-21 18:20:00+00:00,1,0.5170117
2026-01-21 18:25:00+00:00,1,0.51265275
2026-01-21 18:30:00+00:00,1,0.5152181
2026-01-21 18:35:00+00:00,1,0.5036284
2026-01-21 18:40:00+00:00,1,0.5004497
2026-01-21 18:45:00+00:00,0,0.46931207
2026-01-21 18:50:00+00:00,0,0.47798112
2026-01-21 18:55:00+00:00,1,0.4725604
2026-01-21 19:00:00+00:00,1,0.47735685
2026-01-21 19:05:00+00:00,1,0.48025477
2026-01-21 19:10:00+00:00,1,0.48725402
2026-01-21 19:15:00+00:00,1,0.4937209
2026-01-21 19:20:00+00:00,1,0.48186797
2026-01-21 19:25:00+00:00,1,0.4751893
2026-01-21 19:30:00+00:00,1,0.48457077
2026-01-21 19:35:00+00:00,1,0.5042364
2026-01-21 19:40:00+00:00,0,0.51097083
2026-01-21 19:45:00+00:00,0,0.50738776
2026-01-21 19:50:00+00:00,0,0.50828093
2026-01-21 19:55:00+00:00,0,0.50828093
2026-01-21 20:00:00+00:00,0,0.52957106
2026-01-21 20:05:00+00:00,0,0.52153134
2026-01-21 20:10:00+00:00,0,0.5274351
2026-01-21 20:15:00+00:00,1,0.53270304
2026-01-21 20:20:00+00:00,1,0.5167756
2026-01-21 20:25:00+00:00,1,0.5036467
2026-01-21 20:30:00+00:00,1,0.5227696
2026-01-21 20:35:00+00:00,1,0.5287126
2026-01-21 20:40:00+00:00,1,0.49414754
2026-01-21 20:45:00+00:00,1,0.485025
2026-01-21 20:50:00+00:00,1,0.48616946
2026-01-21 20:55:00+00:00,1,0.485025
2026-01-21 21:00:00+00:00,1,0.49126908
2026-01-21 21:05:00+00:00,1,0.48342493
2026-01-21 21:10:00+00:00,1,0.4762558
2026-01-21 21:15:00+00:00,0,0.48853925
2026-01-21 21:20:00+00:00,0,0.5117494
2026-01-21 21:25:00+00:00,1,0.49369496
2026-01-21 21:30:00+00:00,1,0.49873447
2026-01-21 21:35:00+00:00,1,0.48873624
2026-01-21 21:40:00+00:00,1,0.5128842
2026-01-21 21:45:00+00:00,1,0.5220301
2026-01-21 21:50:00+00:00,1,0.48786804
2026-01-21 21:55:00+00:00,1,0.5254349
2026-01-21 22:00:00+00:00,0,0.50135654
2026-01-21 22:05:00+00:00,0,0.5091925
2026-01-21 22:10:00+00:00,0,0.53328604
2026-01-21 22:15:00+00:00,0,0.5280505
2026-01-21 22:20:00+00:00,0,0.50655305
2026-01-21 22:25:00+00:00,0,0.5479569
2026-01-21 22:30:00+00:00,0,0.5526542
2026-01-21 22:35:00+00:00,0,0.54894906
2026-01-21 22:40:00+00:00,1,0.53466827
2026-01-21 22:45:00+00:00,0,0.5477861
2026-01-21 22:50:00+00:00,0,0.52661085
2026-01-21 22:55:00+00:00,1,0.5261226
2026-01-21 23:00:00+00:00,0,0.5333789
2026-01-21 23:05:00+00:00,0,0.5229304
2026-01-21 23:10:00+00:00,0,0.50741345
2026-01-21 23:15:00+00:00,0,0.5253433
2026-01-21 23:20:00+00:00,0,0.5366382
2026-01-21 23:25:00+00:00,0,0.52008843
2026-01-21 23:30:00+00:00,0,0.53028995
2026-01-21 23:35:00+00:00,0,0.5388404
2026-01-21 23:40:00+00:00,1,0.5410805
2026-01-21 23:45:00+00:00,1,0.5339434
2026-01-21 23:50:00+00:00,1,0.53572243
2026-01-21 23:55:00+00:00,1,0.53297555
2026-01-22 00:00:00+00:00,1,0.52991354
2026-01-22 00:05:00+00:00,1,0.52961403
2026-01-22 00:10:00+00:00,1,0.52317274
2026-01-22 00:15:00+00:00,1,0.52199763
2026-01-22 00:20:00+00:00,1,0.52317274
2026-01-22 00:25:00+00:00,1,0.5033412
2026-01-22 00:30:00+00:00,1,0.50375324
2026-01-22 00:35:00+00:00,1,0.5117935
2026-01-22 00:40:00+00:00,0,0.5101448
2026-01-22 00:45:00+00:00,1,0.5114137
2026-01-22 00:50:00+00:00,0,0.49985126
2026-01-22 00:55:00+00:00,1,0.5145532
2026-01-22 01:00:00+00:00,0,0.50284415
2026-01-22 01:05:00+00:00,0,0.5128111
2026-01-22 01:10:00+00:00,0,0.5131752
2026-01-22 01:15:00+00:00,0,0.4962859
2026-01-22 01:20:00+00:00,1,0.51073295
2026-01-22 01:25:00+00:00,0,0.5015655
2026-01-22 01:30:00+00:00,1,0.51073295
2026-01-22 01:35:00+00:00,1,0.51030636
2026-01-22 01:40:00+00:00,1,0.51825947
2026-01-22 01:45:00+00:00,1,0.50953054
2026-01-22 01:50:00+00:00,0,0.50572145
2026-01-22 01:55:00+00:00,0,0.5025751
2026-01-22 02:00:00+00:00,0,0.4920725
2026-01-22 02:05:00+00:00,0,0.49954665
2026-01-22 02:10:00+00:00,0,0.50452846
2026-01-22 02:15:00+00:00,0,0.5054898
2026-01-22 02:20:00+00:00,0,0.5140198
2026-01-22 02:25:00+00:00,0,0.50731933
2026-01-22 02:30:00+00:00,0,0.5257374
2026-01-22 02:35:00+00:00,1,0.5257374
2026-01-22 02:40:00+00:00,1,0.5251027
2026-01-22 02:45:00+00:00,0,0.5251027
2026-01-22 02:50:00+00:00,1,0.5322538
2026-01-22 02:55:00+00:00,1,0.5290261
2026-01-22 03:00:00+00:00,0,0.5285897
2026-01-22 03:05:00+00:00,0,0.5275741
2026-01-22 03:10:00+00:00,0,0.52463824
2026-01-22 03:15:00+00:00,0,0.52640027
2026-01-22 03:20:00+00:00,0,0.52486897
2026-01-22 03:25:00+00:00,0,0.5280274
2026-01-22 03:30:00+00:00,1,0.5294758
2026-01-22 03:35:00+00:00,1,0.5280382
2026-01-22 03:40:00+00:00,1,0.52789617
2026-01-22 03:45:00+00:00,1,0.52726173
2026-01-22 03:50:00+00:00,1,0.5294758
2026-01-22 03:55:00+00:00,1,0.5158047
2026-01-22 04:00:00+00:00,1,0.5242623
2026-01-22 04:05:00+00:00,0,0.5172182
2026-01-22 04:10:00+00:00,1,0.5263626
2026-01-22 04:15:00+00:00,1,0.5175529
2026-01-22 04:20:00+00:00,1,0.52070624
2026-01-22 04:25:00+00:00,1,0.5234573
2026-01-22 04:30:00+00:00,1,0.5193763
2026-01-22 04:35:00+00:00,1,0.5095267
2026-01-22 04:40:00+00:00,1,0.5173361
2026-01-22 04:45:00+00:00,1,0.51294655
2026-01-22 04:50:00+00:00,1,0.5020989
2026-01-22 04:55:00+00:00,0,0.49595755
2026-01-22 05:00:00+00:00,0,0.4881086
2026-01-22 05:05:00+00:00,0,0.476695
2026-01-22 05:10:00+00:00,0,0.484236
2026-01-22 05:15:00+00:00,0,0.49368426
2026-01-22 05:20:00+00:00,0,0.49078172
2026-01-22 05:25:00+00:00,0,0.50550795
2026-01-22 05:30:00+00:00,0,0.50417227
2026-01-22 05:35:00+00:00,0,0.48672885
2026-01-22 05:40:00+00:00,0,0.4966915
2026-01-22 05:45:00+00:00,0,0.49463362
2026-01-22 05:50:00+00:00,0,0.50382805
2026-01-22 05:55:00+00:00,0,0.5113553
2026-01-22 06:00:00+00:00,0,0.51405054
2026-01-22 06:05:00+00:00,1,0.51436466
2026-01-22 06:10:00+00:00,0,0.5058137
2026-01-22 06:15:00+00:00,0,0.5021951
2026-01-22 06:20:00+00:00,1,0.5152788
2026-01-22 06:25:00+00:00,1,0.53088194
2026-01-22 06:30:00+00:00,0,0.5127852
2026-01-22 06:35:00+00:00,0,0.50468516
2026-01-22 06:40:00+00:00,0,0.52003556
2026-01-22 06:45:00+00:00,0,0.5118107
2026-01-22 06:50:00+00:00,0,0.5114975
2026-01-22 06:55:00+00:00,0,0.51716566
2026-01-22 07:00:00+00:00,0,0.5232739
2026-01-22 07:05:00+00:00,0,0.5052575
2026-01-22 07:10:00+00:00,0,0.51015913
2026-01-22 07:15:00+00:00,1,0.52100474
2026-01-22 07:20:00+00:00,0,0.52100474
2026-01-22 07:25:00+00:00,0,0.5060461
2026-01-22 07:30:00+00:00,1,0.5043456
2026-01-22 07:35:00+00:00,1,0.5043456
2026-01-22 07:40:00+00:00,0,0.5028477
2026-01-22 07:45:00+00:00,0,0.5037503
2026-01-22 07:50:00+00:00,0,0.5110615
2026-01-22 07:55:00+00:00,0,0.5110615
2026-01-22 08:00:00+00:00,0,0.49341497
2026-01-22 08:05:00+00:00,0,0.489366
2026-01-22 08:10:00+00:00,0,0.5120467
2026-01-22 08:15:00+00:00,0,0.49692672
2026-01-22 08:20:00+00:00,1,0.49933416
2026-01-22 08:25:00+00:00,1,0.50112563
2026-01-22 08:30:00+00:00,1,0.5002229
2026-01-22 08:35:00+00:00,1,0.50127906
2026-01-22 08:40:00+00:00,1,0.50393075
2026-01-22 08:45:00+00:00,1,0.48816445
2026-01-22 08:50:00+00:00,1,0.50159305
2026-01-22 08:55:00+00:00,1,0.49708548
2026-01-22 09:00:00+00:00,1,0.49375948
2026-01-22 09:05:00+00:00,1,0.48356974
2026-01-22 09:10:00+00:00,1,0.47802138
2026-01-22 09:15:00+00:00,1,0.48243496
2026-01-22 09:20:00+00:00,1,0.4866313
2026-01-22 09:25:00+00:00,1,0.48004365
2026-01-22 09:30:00+00:00,0,0.47738636
2026-01-22 09:35:00+00:00,0,0.4816703
2026-01-22 09:40:00+00:00,0,0.4818856
2026-01-22 09:45:00+00:00,0,0.47923774
2026-01-22 09:50:00+00:00,0,0.482945
2026-01-22 09:55:00+00:00,0,0.4818155
2026-01-22 10:00:00+00:00,0,0.47769234
2026-01-22 10:05:00+00:00,0,0.4880557
2026-01-22 10:10:00+00:00,1,0.4875712
2026-01-22 10:15:00+00:00,1,0.49597853
2026-01-22 10:20:00+00:00,1,0.48866442
2026-01-22 10:25:00+00:00,1,0.47916174
2026-01-22 10:30:00+00:00,0,0.48754796
2026-01-22 10:35:00+00:00,0,0.48462754
2026-01-22 10:40:00+00:00,0,0.47670713
2026-01-22 10:45:00+00:00,0,0.48357692
2026-01-22 10:50:00+00:00,0,0.48411852
2026-01-22 10:55:00+00:00,0,0.49150056
2026-01-22 11:00:00+00:00,0,0.5029383
2026-01-22 11:05:00+00:00,0,0.49839607
2026-01-22 11:10:00+00:00,0,0.51029617
2026-01-22 11:15:00+00:00,0,0.5104278
2026-01-22 11:20:00+00:00,0,0.5089744
2026-01-22 11:25:00+00:00,0,0.5089744
2026-01-22 11:30:00+00:00,0,0.5089744
2026-01-22 11:35:00+00:00,0,0.5061029
2026-01-22 11:40:00+00:00,0,0.50563693
2026-01-22 11:45:00+00:00,0,0.5030905
2026-01-22 11:50:00+00:00,1,0.50461423
2026-01-22 11:55:00+00:00,1,0.49959108
2026-01-22 12:00:00+00:00,1,0.50207186
2026-01-22 12:05:00+00:00,0,0.50586903
2026-01-22 12:10:00+00:00,0,0.5069455
2026-01-22 12:15:00+00:00,0,0.49505043
2026-01-22 12:20:00+00:00,0,0.49367973
2026-01-22 12:25:00+00:00,0,0.49236652
2026-01-22 12:30:00+00:00,0,0.48732626
2026-01-22 12:35:00+00:00,0,0.49489856
2026-01-22 12:40:00+00:00,0,0.50350046
2026-01-22 12:45:00+00:00,1,0.5024819
2026-01-22 12:50:00+00:00,1,0.4951394
2026-01-22 12:55:00+00:00,1,0.51035905
2026-01-22 13:00:00+00:00,1,0.500567
2026-01-22 13:05:00+00:00,1,0.5002967
2026-01-22 13:10:00+00:00,0,0.50269294
2026-01-22 13:15:00+00:00,0,0.5004267
2026-01-22 13:20:00+00:00,0,0.49683973
2026-01-22 13:25:00+00:00,0,0.46942994
2026-01-22 13:30:00+00:00,0,0.49692178
2026-01-22 13:35:00+00:00,0,0.4992103
2026-01-22 13:40:00+00:00,1,0.50092113
2026-01-22 13:45:00+00:00,0,0.50092113
2026-01-22 13:50:00+00:00,0,0.5005893
2026-01-22 13:55:00+00:00,0,0.4955661
2026-01-22 14:00:00+00:00,0,0.5030885
2026-01-22 14:05:00+00:00,0,0.49644342
2026-01-22 14:10:00+00:00,0,0.5027871
2026-01-22 14:15:00+00:00,0,0.50910217
2026-01-22 14:20:00+00:00,0,0.52028584
2026-01-22 14:25:00+00:00,0,0.51870346
2026-01-22 14:30:00+00:00,0,0.52028584
2026-01-22 14:35:00+00:00,0,0.5193191
2026-01-22 14:40:00+00:00,0,0.5196263
2026-01-22 14:45:00+00:00,1,0.5207275
2026-01-22 14:50:00+00:00,0,0.5207275
2026-01-22 14:55:00+00:00,0,0.51960486
2026-01-22 15:00:00+00:00,0,0.52028584
2026-01-22 15:05:00+00:00,0,0.5141882
2026-01-22 15:10:00+00:00,0,0.51334697
2026-01-22 15:15:00+00:00,1,0.51474404
2026-01-22 15:20:00+00:00,1,0.5217444
2026-01-22 15:25:00+00:00,1,0.52059305
2026-01-22 15:30:00+00:00,1,0.52059305
2026-01-22 15:35:00+00:00,1,0.5201514
2026-01-22 15:40:00+00:00,1,0.5152059
2026-01-22 15:45:00+00:00,0,0.51582676
2026-01-22 15:50:00+00:00,1,0.5164685
2026-01-22 15:55:00+00:00,1,0.5063919
2026-01-22 16:00:00+00:00,1,0.4962442
2026-01-22 16:05:00+00:00,1,0.50038373
2026-01-22 16:10:00+00:00,1,0.51298606
2026-01-22 16:15:00+00:00,1,0.5186566
2026-01-22 16:20:00+00:00,1,0.47466424
2026-01-22 16:25:00+00:00,1,0.4905246
2026-01-22 16:30:00+00:00,1,0.49500796
2026-01-22 16:35:00+00:00,1,0.48117784
2026-01-22 16:40:00+00:00,1,0.48472902
2026-01-22 16:45:00+00:00,0,0.47181338
2026-01-22 16:50:00+00:00,0,0.4835397
2026-01-22 16:55:00+00:00,0,0.47871503
2026-01-22 17:00:00+00:00,0,0.47677043
2026-01-22 17:05:00+00:00,0,0.47769722
2026-01-22 17:10:00+00:00,0,0.49256977
2026-01-22 17:15:00+00:00,0,0.4915202
2026-01-22 17:20:00+00:00,1,0.49229157
2026-01-22 17:25:00+00:00,1,0.51717573
2026-01-22 17:30:00+00:00,1,0.51866686
2026-01-22 17:35:00+00:00,1,0.5206507
2026-01-22 17:40:00+00:00,1,0.50713354
2026-01-22 17:45:00+00:00,1,0.47860122
2026-01-22 17:50:00+00:00,0,0.4835841
2026-01-22 17:55:00+00:00,0,0.48478633
2026-01-22 18:00:00+00:00,1,0.5164974
2026-01-22 18:05:00+00:00,1,0.5071734
2026-01-22 18:10:00+00:00,1,0.5281725
2026-01-22 18:15:00+00:00,0,0.48964682
2026-01-22 18:20:00+00:00,0,0.52112466
2026-01-22 18:25:00+00:00,0,0.52682334
2026-01-22 18:30:00+00:00,0,0.49490458
2026-01-22 18:35:00+00:00,0,0.5091701
2026-01-22 18:40:00+00:00,0,0.5320978
2026-01-22 18:45:00+00:00,0,0.53398484
2026-01-22 18:50:00+00:00,1,0.5327868
2026-01-22 18:55:00+00:00,1,0.5363821
2026-01-22 19:00:00+00:00,1,0.5270772
2026-01-22 19:05:00+00:00,1,0.52452135
2026-01-22 19:10:00+00:00,1,0.5185337
2026-01-22 19:15:00+00:00,1,0.51931447
2026-01-22 19:20:00+00:00,1,0.5086894
2026-01-22 19:25:00+00:00,1,0.5080428
2026-01-22 19:30:00+00:00,0,0.512518
2026-01-22 19:35:00+00:00,0,0.5016375
2026-01-22 19:40:00+00:00,1,0.5073208
2026-01-22 19:45:00+00:00,1,0.5160678
2026-01-22 19:50:00+00:00,0,0.49519283
2026-01-22 19:55:00+00:00,0,0.5131737
2026-01-22 20:00:00+00:00,0,0.5285829
2026-01-22 20:05:00+00:00,0,0.5167726
2026-01-22 20:10:00+00:00,0,0.50974685
2026-01-22 20:15:00+00:00,0,0.52359086
2026-01-22 20:20:00+00:00,0,0.5317085
2026-01-22 20:25:00+00:00,0,0.53057784
2026-01-22 20:30:00+00:00,0,0.5265388
2026-01-22 20:35:00+00:00,1,0.5295629
2026-01-22 20:40:00+00:00,1,0.5288344
2026-01-22 20:45:00+00:00,1,0.526239
2026-01-22 20:50:00+00:00,1,0.51995164
2026-01-22 20:55:00+00:00,1,0.51360494
2026-01-22 21:00:00+00:00,1,0.5202244
2026-01-22 21:05:00+00:00,0,0.5125906
2026-01-22 21:10:00+00:00,0,0.51576614
2026-01-22 21:15:00+00:00,0,0.51284885
2026-01-22 21:20:00+00:00,0,0.5069334
2026-01-22 21:25:00+00:00,0,0.49586555
2026-01-22 21:30:00+00:00,0,0.52009875
2026-01-22 21:35:00+00:00,0,0.5167527
2026-01-22 21:40:00+00:00,1,0.5249425
2026-01-22 21:45:00+00:00,0,0.52374196
2026-01-22 21:50:00+00:00,1,0.52584296
2026-01-22 21:55:00+00:00,1,0.5210797
2026-01-22 22:00:00+00:00,0,0.51553774
2026-01-22 22:05:00+00:00,0,0.4956663
2026-01-22 22:10:00+00:00,0,0.51243895
2026-01-22 22:15:00+00:00,1,0.5194404
2026-01-22 22:20:00+00:00,0,0.5082492
2026-01-22 22:25:00+00:00,1,0.51411587
2026-01-22 22:30:00+00:00,0,0.51542
2026-01-22 22:35:00+00:00,0,0.52698016
2026-01-22 22:40:00+00:00,0,0.5150042
2026-01-22 22:45:00+00:00,0,0.5181753
2026-01-22 22:50:00+00:00,0,0.5169632
2026-01-22 22:55:00+00:00,0,0.51391405
2026-01-22 23:00:00+00:00,1,0.5179915
2026-01-22 23:05:00+00:00,1,0.51900876
2026-01-22 23:10:00+00:00,0,0.515133
2026-01-22 23:15:00+00:00,1,0.5305853
2026-01-22 23:20:00+00:00,0,0.51808655
2026-01-22 23:25:00+00:00,1,0.51079917
2026-01-22 23:30:00+00:00,0,0.5017358
2026-01-22 23:35:00+00:00,1,0.5162997
2026-01-22 23:40:00+00:00,1,0.5136838
2026-01-22 23:45:00+00:00,1,0.51416254
2026-01-22 23:50:00+00:00,1,0.5173705
2026-01-22 23:55:00+00:00,1,0.510092
2026-01-23 00:00:00+00:00,0,0.5118445
2026-01-23 00:05:00+00:00,0,0.5056211
2026-01-23 00:10:00+00:00,0,0.49795958
2026-01-23 00:15:00+00:00,0,0.49078217
2026-01-23 00:20:00+00:00,1,0.5081531
2026-01-23 00:25:00+00:00,0,0.50968
2026-01-23 00:30:00+00:00,1,0.5274428
2026-01-23 00:35:00+00:00,1,0.5249999
2026-01-23 00:40:00+00:00,1,0.5185718
2026-01-23 00:45:00+00:00,1,0.5100373
2026-01-23 00:50:00+00:00,0,0.5063629
2026-01-23 00:55:00+00:00,1,0.5091757
2026-01-23 01:00:00+00:00,1,0.49990752
2026-01-23 01:05:00+00:00,1,0.5085568
2026-01-23 01:10:00+00:00,1,0.5193283
2026-01-23 01:15:00+00:00,1,0.49903056
2026-01-23 01:20:00+00:00,1,0.5100373
2026-01-23 01:25:00+00:00,1,0.50167346
2026-01-23 01:30:00+00:00,0,0.4855602
2026-01-23 01:35:00+00:00,0,0.48494446
2026-01-23 01:40:00+00:00,1,0.4832967
2026-01-23 01:45:00+00:00,1,0.48942137
2026-01-23 01:50:00+00:00,0,0.48477003
2026-01-23 01:55:00+00:00,0,0.48132655
2026-01-23 02:00:00+00:00,1,0.49079219
2026-01-23 02:05:00+00:00,0,0.49079219
2026-01-23 02:10:00+00:00,0,0.4834936
2026-01-23 02:15:00+00:00,0,0.4938451
2026-01-23 02:20:00+00:00,0,0.49962488
2026-01-23 02:25:00+00:00,0,0.501383
2026-01-23 02:30:00+00:00,0,0.4961387
2026-01-23 02:35:00+00:00,1,0.50974846
2026-01-23 02:40:00+00:00,1,0.5069851
2026-01-23 02:45:00+00:00,1,0.51815796
2026-01-23 02:50:00+00:00,1,0.5072495
2026-01-23 02:55:00+00:00,1,0.5242564
2026-01-23 03:00:00+00:00,1,0.50721365
2026-01-23 03:05:00+00:00,1,0.50615907
2026-01-23 03:10:00+00:00,1,0.49281216
2026-01-23 03:15:00+00:00,0,0.4772034
2026-01-23 03:20:00+00:00,0,0.47633457
2026-01-23 03:25:00+00:00,0,0.4772034
2026-01-23 03:30:00+00:00,0,0.48591572
2026-01-23 03:35:00+00:00,0,0.48029116
2026-01-23 03:40:00+00:00,1,0.4833973
2026-01-23 03:45:00+00:00,1,0.4888419
2026-01-23 03:50:00+00:00,1,0.49805254
2026-01-23 03:55:00+00:00,1,0.48790482
2026-01-23 04:00:00+00:00,1,0.48612484
2026-01-23 04:05:00+00:00,1,0.49195787
2026-01-23 04:10:00+00:00,1,0.47514623
2026-01-23 04:15:00+00:00,1,0.4846691
2026-01-23 04:20:00+00:00,1,0.47415692
2026-01-23 04:25:00+00:00,1,0.4767654
2026-01-23 04:30:00+00:00,0,0.47908604
2026-01-23 04:35:00+00:00,1,0.48756984
2026-01-23 04:40:00+00:00,0,0.47633457
2026-01-23 04:45:00+00:00,0,0.48029798
2026-01-23 04:50:00+00:00,0,0.4874007
2026-01-23 04:55:00+00:00,0,0.48891088
2026-01-23 05:00:00+00:00,0,0.48749375
2026-01-23 05:05:00+00:00,0,0.48467156
2026-01-23 05:10:00+00:00,0,0.5007783
2026-01-23 05:15:00+00:00,0,0.50378335
2026-01-23 05:20:00+00:00,0,0.5221072
2026-01-23 05:25:00+00:00,0,0.5159085
2026-01-23 05:30:00+00:00,0,0.5158498
2026-01-23 05:35:00+00:00,0,0.52530897
2026-01-23 05:40:00+00:00,1,0.52530897
2026-01-23 05:45:00+00:00,1,0.5271153
2026-01-23 05:50:00+00:00,1,0.5271153
2026-01-23 05:55:00+00:00,0,0.5260995
2026-01-23 06:00:00+00:00,0,0.52908814
2026-01-23 06:05:00+00:00,1,0.5301032
2026-01-23 06:10:00+00:00,0,0.51795655
2026-01-23 06:15:00+00:00,0,0.5160281
2026-01-23 06:20:00+00:00,0,0.52416
2026-01-23 06:25:00+00:00,1,0.52395356
2026-01-23 06:30:00+00:00,1,0.52395356
2026-01-23 06:35:00+00:00,0,0.5136914
2026-01-23 06:40:00+00:00,0,0.52573603
2026-01-23 06:45:00+00:00,0,0.51876193
2026-01-23 06:50:00+00:00,1,0.50760907
2026-01-23 06:55:00+00:00,1,0.51876193
2026-01-23 07:00:00+00:00,1,0.51344097
2026-01-23 07:05:00+00:00,1,0.5116623
2026-01-23 07:10:00+00:00,1,0.5144479
2026-01-23 07:15:00+00:00,1,0.5105441
2026-01-23 07:20:00+00:00,1,0.5087743
2026-01-23 07:25:00+00:00,1,0.5042106
2026-01-23 07:30:00+00:00,0,0.49302074
2026-01-23 07:35:00+00:00,1,0.49552864
2026-01-23 07:40:00+00:00,0,0.48499244
2026-01-23 07:45:00+00:00,1,0.49129865
2026-01-23 07:50:00+00:00,0,0.50262564
2026-01-23 07:55:00+00:00,0,0.48339993
2026-01-23 08:00:00+00:00,0,0.4895174
2026-01-23 08:05:00+00:00,0,0.4815948
2026-01-23 08:10:00+00:00,0,0.47914204
2026-01-23 08:15:00+00:00,0,0.48044026
2026-01-23 08:20:00+00:00,0,0.49510843
2026-01-23 08:25:00+00:00,0,0.48735887
2026-01-23 08:30:00+00:00,1,0.5094072
2026-01-23 08:35:00+00:00,1,0.5081099
2026-01-23 08:40:00+00:00,1,0.5068318
2026-01-23 08:45:00+00:00,1,0.5232514
2026-01-23 08:50:00+00:00,1,0.52447575
2026-01-23 08:55:00+00:00,0,0.48795018
2026-01-23 09:00:00+00:00,0,0.48619747
2026-01-23 09:05:00+00:00,0,0.4982532
2026-01-23 09:10:00+00:00,0,0.51499844
2026-01-23 09:15:00+00:00,0,0.5176388
2026-01-23 09:20:00+00:00,0,0.51783484
2026-01-23 09:25:00+00:00,0,0.52434134
2026-01-23 09:30:00+00:00,1,0.52337134
2026-01-23 09:35:00+00:00,0,0.5235058
2026-01-23 09:40:00+00:00,1,0.51845515
2026-01-23 09:45:00+00:00,1,0.5182591
2026-01-23 09:50:00+00:00,1,0.51845515
2026-01-23 09:55:00+00:00,1,0.5187364
2026-01-23 10:00:00+00:00,0,0.51783484
2026-01-23 10:05:00+00:00,1,0.5193566
2026-01-23 10:10:00+00:00,0,0.50979036
2026-01-23 10:15:00+00:00,0,0.5160915
2026-01-23 10:20:00+00:00,0,0.501961
2026-01-23 10:25:00+00:00,0,0.5122963
2026-01-23 10:30:00+00:00,1,0.51385117
2026-01-23 10:35:00+00:00,1,0.5024717
2026-01-23 10:40:00+00:00,1,0.50766176
2026-01-23 10:45:00+00:00,1,0.50270736
2026-01-23 10:50:00+00:00,1,0.5025306
2026-01-23 10:55:00+00:00,1,0.50578886
2026-01-23 11:00:00+00:00,1,0.4823371
2026-01-23 11:05:00+00:00,1,0.4812009
2026-01-23 11:10:00+00:00,0,0.47787225
2026-01-23 11:15:00+00:00,0,0.48065394
2026-01-23 11:20:00+00:00,0,0.48485386
2026-01-23 11:25:00+00:00,0,0.4852642
2026-01-23 11:30:00+00:00,0,0.4851951
2026-01-23 11:35:00+00:00,0,0.49160016
2026-01-23 11:40:00+00:00,0,0.49353486
2026-01-23 11:45:00+00:00,0,0.48896098
2026-01-23 11:50:00+00:00,0,0.48862246
2026-01-23 11:55:00+00:00,0,0.48447165
2026-01-23 12:00:00+00:00,0,0.4884883
2026-01-23 12:05:00+00:00,0,0.493514
2026-01-23 12:10:00+00:00,1,0.502162
2026-01-23 12:15:00+00:00,1,0.5091162
2026-01-23 12:20:00+00:00,1,0.50531214
2026-01-23 12:25:00+00:00,1,0.5091162
2026-01-23 12:30:00+00:00,1,0.50960815
2026-01-23 12:35:00+00:00,1,0.5005802
2026-01-23 12:40:00+00:00,1,0.50225914
2026-01-23 12:45:00+00:00,0,0.49674156
2026-01-23 12:50:00+00:00,1,0.49338102
2026-01-23 12:55:00+00:00,0,0.49916765
2026-01-23 13:00:00+00:00,0,0.50097716
2026-01-23 13:05:00+00:00,0,0.50377244
2026-01-23 13:10:00+00:00,0,0.49722445
2026-01-23 13:15:00+00:00,0,0.49990836
2026-01-23 13:20:00+00:00,0,0.4947591
2026-01-23 13:25:00+00:00,0,0.5028802
2026-01-23 13:30:00+00:00,0,0.50238806
2026-01-23 13:35:00+00:00,0,0.51216924
2026-01-23 13:40:00+00:00,0,0.4976938
2026-01-23 13:45:00+00:00,0,0.50259644
2026-01-23 13:50:00+00:00,0,0.50379497
2026-01-23 13:55:00+00:00,0,0.5046977
2026-01-23 14:00:00+00:00,0,0.5045122
2026-01-23 14:05:00+00:00,0,0.5114606
2026-01-23 14:10:00+00:00,0,0.51155484
2026-01-23 14:15:00+00:00,0,0.51155484
2026-01-23 14:20:00+00:00,0,0.51155484
2026-01-23 14:25:00+00:00,0,0.5040096
2026-01-23 14:30:00+00:00,0,0.50725967
2026-01-23 14:35:00+00:00,1,0.52285457
2026-01-23 14:40:00+00:00,1,0.5250105
2026-01-23 14:45:00+00:00,1,0.5250105
2026-01-23 14:50:00+00:00,1,0.5250105
2026-01-23 14:55:00+00:00,1,0.5234294
2026-01-23 15:00:00+00:00,1,0.51818496
2026-01-23 15:05:00+00:00,1,0.51763487
2026-01-23 15:10:00+00:00,1,0.5193682
2026-01-23 15:15:00+00:00,1,0.5217907
2026-01-23 15:20:00+00:00,1,0.5227469
2026-01-23 15:25:00+00:00,1,0.5190554
2026-01-23 15:30:00+00:00,1,0.5219973
2026-01-23 15:35:00+00:00,1,0.50420296
2026-01-23 15:40:00+00:00,1,0.50474656
2026-01-23 15:45:00+00:00,1,0.47325164
2026-01-23 15:50:00+00:00,1,0.47918233
2026-01-23 15:55:00+00:00,1,0.47130147
2026-01-23 16:00:00+00:00,0,0.47172487
2026-01-23 16:05:00+00:00,1,0.4706176
2026-01-23 16:10:00+00:00,1,0.4709174
2026-01-23 16:15:00+00:00,1,0.47135475
2026-01-23 16:20:00+00:00,1,0.48021978
2026-01-23 16:25:00+00:00,1,0.4806081
2026-01-23 16:30:00+00:00,1,0.47563678
2026-01-23 16:35:00+00:00,0,0.4760665
2026-01-23 16:40:00+00:00,0,0.47857097
2026-01-23 16:45:00+00:00,0,0.48760635
2026-01-23 16:50:00+00:00,1,0.48312613
2026-01-23 16:55:00+00:00,1,0.4823059
2026-01-23 17:00:00+00:00,1,0.4835086
2026-01-23 17:05:00+00:00,1,0.49896336
2026-01-23 17:10:00+00:00,1,0.48498505
2026-01-23 17:15:00+00:00,1,0.47773957
2026-01-23 17:20:00+00:00,1,0.4719502
2026-01-23 17:25:00+00:00,0,0.47727174
2026-01-23 17:30:00+00:00,0,0.48372087
2026-01-23 17:35:00+00:00,0,0.49379423
2026-01-23 17:40:00+00:00,0,0.4942235
2026-01-23 17:45:00+00:00,0,0.47815996
2026-01-23 17:50:00+00:00,1,0.49151224
2026-01-23 17:55:00+00:00,1,0.4954191
2026-01-23 18:00:00+00:00,1,0.49436146
2026-01-23 18:05:00+00:00,0,0.47520384
2026-01-23 18:10:00+00:00,1,0.4944196
2026-01-23 18:15:00+00:00,0,0.4764851
2026-01-23 18:20:00+00:00,0,0.4817747
2026-01-23 18:25:00+00:00,0,0.4812391
2026-01-23 18:30:00+00:00,0,0.4861862
2026-01-23 18:35:00+00:00,0,0.4868207
2026-01-23 18:40:00+00:00,0,0.49227777
2026-01-23 18:45:00+00:00,0,0.51991343
2026-01-23 18:50:00+00:00,0,0.529844
2026-01-23 18:55:00+00:00,0,0.5291135
2026-01-23 19:00:00+00:00,0,0.52718836
2026-01-23 19:05:00+00:00,0,0.52881944
2026-01-23 19:10:00+00:00,0,0.52761984
2026-01-23 19:15:00+00:00,0,0.5348094
2026-01-23 19:20:00+00:00,0,0.53361166
2026-01-23 19:25:00+00:00,0,0.53303003
2026-01-23 19:30:00+00:00,1,0.5348094
2026-01-23 19:35:00+00:00,1,0.53361166
2026-01-23 19:40:00+00:00,1,0.5124759
2026-01-23 19:45:00+00:00,1,0.53303003
2026-01-23 19:50:00+00:00,0,0.5318316
2026-01-23 19:55:00+00:00,0,0.51826257
2026-01-23 20:00:00+00:00,0,0.53002286
2026-01-23 20:05:00+00:00,0,0.52509296
2026-01-23 20:10:00+00:00,0,0.51807624
2026-01-23 20:15:00+00:00,0,0.5261716
2026-01-23 20:20:00+00:00,0,0.5267478
2026-01-23 20:25:00+00:00,0,0.53484786
2026-01-23 20:30:00+00:00,1,0.53782487
2026-01-23 20:35:00+00:00,1,0.53947526
2026-01-23 20:40:00+00:00,1,0.5363532
2026-01-23 20:45:00+00:00,1,0.5348737
2026-01-23 20:50:00+00:00,1,0.53367597
2026-01-23 20:55:00+00:00,1,0.5231358
2026-01-23 21:00:00+00:00,1,0.5233814
2026-01-23 21:05:00+00:00,0,0.52695787
2026-01-23 21:10:00+00:00,0,0.5120941
2026-01-23 21:15:00+00:00,0,0.52519155
2026-01-23 21:20:00+00:00,0,0.51742506
2026-01-23 21:25:00+00:00,0,0.501402
2026-01-23 21:30:00+00:00,1,0.50944144
2026-01-23 21:35:00+00:00,1,0.5155625
2026-01-23 21:40:00+00:00,1,0.52453667
2026-01-23 21:45:00+00:00,1,0.50556207
2026-01-23 21:50:00+00:00,1,0.5100246
2026-01-23 21:55:00+00:00,1,0.5137152
2026-01-23 22:00:00+00:00,1,0.49777845
2026-01-23 22:05:00+00:00,1,0.48872855
2026-01-23 22:10:00+00:00,1,0.49626398
2026-01-23 22:15:00+00:00,1,0.4923304
2026-01-23 22:20:00+00:00,1,0.492242
2026-01-23 22:25:00+00:00,1,0.47987497
2026-01-23 22:30:00+00:00,0,0.48057073
2026-01-23 22:35:00+00:00,0,0.4814361
2026-01-23 22:40:00+00:00,0,0.50604314
2026-01-23 22:45:00+00:00,0,0.49717033
2026-01-23 22:50:00+00:00,0,0.49555445
2026-01-23 22:55:00+00:00,0,0.49651906
2026-01-23 23:00:00+00:00,0,0.50927794
2026-01-23 23:05:00+00:00,0,0.50901586
2026-01-23 23:10:00+00:00,0,0.5123008
2026-01-23 23:15:00+00:00,0,0.52510256
2026-01-23 23:20:00+00:00,0,0.5254122
2026-01-23 23:25:00+00:00,0,0.5176776
2026-01-23 23:30:00+00:00,0,0.51917064
2026-01-23 23:35:00+00:00,0,0.52683175
2026-01-23 23:40:00+00:00,0,0.5216125
2026-01-23 23:45:00+00:00,0,0.5286431
2026-01-23 23:50:00+00:00,0,0.5211814
2026-01-23 23:55:00+00:00,0,0.5211814
2026-01-24 00:00:00+00:00,0,0.54481125
2026-01-24 00:05:00+00:00,0,0.5491234
2026-01-24 00:10:00+00:00,1,0.55621195
2026-01-24 00:15:00+00:00,0,0.51933545
2026-01-24 00:20:00+00:00,0,0.52083737
2026-01-24 00:25:00+00:00,0,0.52975935
2026-01-24 00:30:00+00:00,0,0.52042675
2026-01-24 00:35:00+00:00,0,0.5216977
2026-01-24 00:40:00+00:00,0,0.52076113
2026-01-24 00:45:00+00:00,0,0.52017695
2026-01-24 00:50:00+00:00,0,0.5190183
2026-01-24 00:55:00+00:00,1,0.52214336
2026-01-24 01:00:00+00:00,0,0.5243169
2026-01-24 01:05:00+00:00,0,0.54394835
2026-01-24 01:10:00+00:00,0,0.55621195
2026-01-24 01:15:00+00:00,0,0.5229321
2026-01-24 01:20:00+00:00,1,0.52318877
2026-01-24 01:25:00+00:00,0,0.5190183
2026-01-24 01:30:00+00:00,1,0.51820505
2026-01-24 01:35:00+00:00,1,0.51820505
2026-01-24 01:40:00+00:00,1,0.51642597
2026-01-24 01:45:00+00:00,1,0.51878935
2026-01-24 01:50:00+00:00,1,0.5164607
2026-01-24 01:55:00+00:00,1,0.51462275
2026-01-24 02:00:00+00:00,1,0.51627797
2026-01-24 02:05:00+00:00,1,0.49930415
2026-01-24 02:10:00+00:00,0,0.49132425
2026-01-24 02:15:00+00:00,0,0.49261796
2026-01-24 02:20:00+00:00,1,0.5155864
2026-01-24 02:25:00+00:00,1,0.51178086
2026-01-24 02:30:00+00:00,1,0.50676835
2026-01-24 02:35:00+00:00,1,0.49628028
2026-01-24 02:40:00+00:00,1,0.50622046
2026-01-24 02:45:00+00:00,1,0.50510323
2026-01-24 02:50:00+00:00,1,0.5039161
2026-01-24 02:55:00+00:00,1,0.51490074
2026-01-24 03:00:00+00:00,1,0.4881299
2026-01-24 03:05:00+00:00,1,0.48196995
2026-01-24 03:10:00+00:00,1,0.48351532
2026-01-24 03:15:00+00:00,1,0.49687526
2026-01-24 03:20:00+00:00,1,0.488467
2026-01-24 03:25:00+00:00,0,0.4754202
2026-01-24 03:30:00+00:00,1,0.48304623
2026-01-24 03:35:00+00:00,0,0.47134817
2026-01-24 03:40:00+00:00,1,0.47960564
2026-01-24 03:45:00+00:00,1,0.48519588
2026-01-24 03:50:00+00:00,1,0.48954293
2026-01-24 03:55:00+00:00,0,0.47812644
2026-01-24 04:00:00+00:00,0,0.4839617
2026-01-24 04:05:00+00:00,0,0.4820555
2026-01-24 04:10:00+00:00,0,0.47726548
2026-01-24 04:15:00+00:00,0,0.4849032
2026-01-24 04:20:00+00:00,0,0.4840783
2026-01-24 04:25:00+00:00,0,0.4985277
2026-01-24 04:30:00+00:00,0,0.4965621
2026-01-24 04:35:00+00:00,0,0.51239026
2026-01-24 04:40:00+00:00,0,0.5139255
2026-01-24 04:45:00+00:00,1,0.51697123
2026-01-24 04:50:00+00:00,1,0.50534374
2026-01-24 04:55:00+00:00,0,0.5136215
2026-01-24 05:00:00+00:00,1,0.51559937
2026-01-24 05:05:00+00:00,0,0.5174088
2026-01-24 05:10:00+00:00,0,0.5174088
2026-01-24 05:15:00+00:00,0,0.516246
2026-01-24 05:20:00+00:00,0,0.5180313
2026-01-24 05:25:00+00:00,0,0.5117557
2026-01-24 05:30:00+00:00,0,0.5166547
2026-01-24 05:35:00+00:00,0,0.51482075
2026-01-24 05:40:00+00:00,0,0.511698
2026-01-24 05:45:00+00:00,1,0.51697147
2026-01-24 05:50:00+00:00,0,0.52986926
2026-01-24 05:55:00+00:00,0,0.52047163
2026-01-24 06:00:00+00:00,0,0.5221148
2026-01-24 06:05:00+00:00,1,0.5127658
2026-01-24 06:10:00+00:00,0,0.5161359
2026-01-24 06:15:00+00:00,0,0.5145457
2026-01-24 06:20:00+00:00,0,0.51544756
2026-01-24 06:25:00+00:00,0,0.49778256
2026-01-24 06:30:00+00:00,0,0.517915
2026-01-24 06:35:00+00:00,1,0.5127658
2026-01-24 06:40:00+00:00,1,0.5201853
2026-01-24 06:45:00+00:00,0,0.5162448
2026-01-24 06:50:00+00:00,0,0.5188165
2026-01-24 06:55:00+00:00,0,0.50569725
2026-01-24 07:00:00+00:00,1,0.5077585
2026-01-24 07:05:00+00:00,0,0.50481457
2026-01-24 07:10:00+00:00,0,0.5104874
2026-01-24 07:15:00+00:00,0,0.50511473
2026-01-24 07:20:00+00:00,0,0.50523
2026-01-24 07:25:00+00:00,0,0.50613266
2026-01-24 07:30:00+00:00,0,0.5064721
2026-01-24 07:35:00+00:00,0,0.5148565
2026-01-24 07:40:00+00:00,0,0.50775796
2026-01-24 07:45:00+00:00,0,0.5003603
2026-01-24 07:50:00+00:00,0,0.5061006
2026-01-24 07:55:00+00:00,0,0.50814265
2026-01-24 08:00:00+00:00,1,0.5060094
2026-01-24 08:05:00+00:00,1,0.5118687
2026-01-24 08:10:00+00:00,1,0.51277095
2026-01-24 08:15:00+00:00,1,0.5108506
2026-01-24 08:20:00+00:00,1,0.51175284
2026-01-24 08:25:00+00:00,1,0.5060094
2026-01-24 08:30:00+00:00,0,0.49905205
2026-01-24 08:35:00+00:00,0,0.50885034
2026-01-24 08:40:00+00:00,0,0.4979775
2026-01-24 08:45:00+00:00,1,0.502465
2026-01-24 08:50:00+00:00,1,0.5069359
2026-01-24 08:55:00+00:00,1,0.5057515
2026-01-24 09:00:00+00:00,1,0.5034409
2026-01-24 09:05:00+00:00,1,0.5315853
2026-01-24 09:10:00+00:00,1,0.49760246
2026-01-24 09:15:00+00:00,0,0.48852423
2026-01-24 09:20:00+00:00,0,0.4769966
2026-01-24 09:25:00+00:00,0,0.49980673
2026-01-24 09:30:00+00:00,0,0.47253662
2026-01-24 09:35:00+00:00,0,0.48139465
2026-01-24 09:40:00+00:00,0,0.4983004
2026-01-24 09:45:00+00:00,0,0.48821843
2026-01-24 09:50:00+00:00,0,0.48416054
2026-01-24 09:55:00+00:00,0,0.5056993
2026-01-24 10:00:00+00:00,0,0.49938616
2026-01-24 10:05:00+00:00,1,0.5012284
2026-01-24 10:10:00+00:00,1,0.5074861
2026-01-24 10:15:00+00:00,1,0.5048707
2026-01-24 10:20:00+00:00,1,0.5080395
2026-01-24 10:25:00+00:00,0,0.5026841
2026-01-24 10:30:00+00:00,1,0.50294095
2026-01-24 10:35:00+00:00,1,0.5000078
2026-01-24 10:40:00+00:00,1,0.5000078
2026-01-24 10:45:00+00:00,1,0.49781513
2026-01-24 10:50:00+00:00,1,0.50562465
2026-01-24 10:55:00+00:00,1,0.5039671
2026-01-24 11:00:00+00:00,1,0.50125873
2026-01-24 11:05:00+00:00,0,0.5086511
2026-01-24 11:10:00+00:00,1,0.5010331
2026-01-24 11:15:00+00:00,0,0.50231606
2026-01-24 11:20:00+00:00,0,0.50895107
2026-01-24 11:25:00+00:00,1,0.5021826
2026-01-24 11:30:00+00:00,1,0.5019244
2026-01-24 11:35:00+00:00,1,0.5053879
2026-01-24 11:40:00+00:00,0,0.5025731
2026-01-24 11:45:00+00:00,1,0.50396234
2026-01-24 11:50:00+00:00,1,0.5030596
2026-01-24 11:55:00+00:00,0,0.5041806
2026-01-24 12:00:00+00:00,1,0.5012805
2026-01-24 12:05:00+00:00,1,0.5042307
2026-01-24 12:10:00+00:00,1,0.5035144
2026-01-24 12:15:00+00:00,1,0.4997793
2026-01-24 12:20:00+00:00,1,0.50302786
2026-01-24 12:25:00+00:00,1,0.50264263
2026-01-24 12:30:00+00:00,1,0.5008025
2026-01-24 12:35:00+00:00,0,0.49902135
2026-01-24 12:40:00+00:00,0,0.5100137
2026-01-24 12:45:00+00:00,0,0.50327784
2026-01-24 12:50:00+00:00,0,0.5029777
2026-01-24 12:55:00+00:00,0,0.5024716
2026-01-24 13:00:00+00:00,0,0.50374633
2026-01-24 13:05:00+00:00,0,0.5095925
2026-01-24 13:10:00+00:00,0,0.50056744
2026-01-24 13:15:00+00:00,1,0.50221956
2026-01-24 13:20:00+00:00,1,0.5039168
2026-01-24 13:25:00+00:00,0,0.5119184
2026-01-24 13:30:00+00:00,0,0.51152366
2026-01-24 13:35:00+00:00,0,0.5119184
2026-01-24 13:40:00+00:00,0,0.5051204
2026-01-24 13:45:00+00:00,0,0.49659812
2026-01-24 13:50:00+00:00,0,0.49989417
2026-01-24 13:55:00+00:00,1,0.49720877
2026-01-24 14:00:00+00:00,1,0.50169337
2026-01-24 14:05:00+00:00,1,0.50160927
2026-01-24 14:10:00+00:00,1,0.4968049
2026-01-24 14:15:00+00:00,1,0.50040877
2026-01-24 14:20:00+00:00,1,0.5008634
2026-01-24 14:25:00+00:00,0,0.4924022
2026-01-24 14:30:00+00:00,0,0.48841617
2026-01-24 14:35:00+00:00,0,0.50083023
2026-01-24 14:40:00+00:00,0,0.50104433
2026-01-24 14:45:00+00:00,0,0.49866277
2026-01-24 14:50:00+00:00,0,0.5087606
2026-01-24 14:55:00+00:00,0,0.513769
2026-01-24 15:00:00+00:00,0,0.50482446
2026-01-24 15:05:00+00:00,0,0.49961615
2026-01-24 15:10:00+00:00,0,0.49297765
2026-01-24 15:15:00+00:00,0,0.49977124
2026-01-24 15:20:00+00:00,0,0.5038832
2026-01-24 15:25:00+00:00,0,0.51288253
2026-01-24 15:30:00+00:00,0,0.51802355
2026-01-24 15:35:00+00:00,0,0.5143955
2026-01-24 15:40:00+00:00,0,0.5192448
2026-01-24 15:45:00+00:00,0,0.51988316
2026-01-24 15:50:00+00:00,0,0.51927125
2026-01-24 15:55:00+00:00,1,0.5147192
2026-01-24 16:00:00+00:00,0,0.511752
2026-01-24 16:05:00+00:00,0,0.50889206
2026-01-24 16:10:00+00:00,1,0.5180695
2026-01-24 16:15:00+00:00,1,0.5085311
2026-01-24 16:20:00+00:00,1,0.51485074
2026-01-24 16:25:00+00:00,1,0.50912666
2026-01-24 16:30:00+00:00,1,0.5079894
2026-01-24 16:35:00+00:00,1,0.48950967
2026-01-24 16:40:00+00:00,1,0.49192625
2026-01-24 16:45:00+00:00,1,0.5066821
2026-01-24 16:50:00+00:00,1,0.50739014
2026-01-24 16:55:00+00:00,1,0.50827366
2026-01-24 17:00:00+00:00,1,0.5102119
2026-01-24 17:05:00+00:00,1,0.5135386
2026-01-24 17:10:00+00:00,0,0.5092906
2026-01-24 17:15:00+00:00,0,0.5048307
2026-01-24 17:20:00+00:00,0,0.5027071
2026-01-24 17:25:00+00:00,0,0.50877917
2026-01-24 17:30:00+00:00,0,0.50679606
2026-01-24 17:35:00+00:00,0,0.507977
2026-01-24 17:40:00+00:00,0,0.5086115
2026-01-24 17:45:00+00:00,1,0.5094529
2026-01-24 17:50:00+00:00,0,0.5085504
2026-01-24 17:55:00+00:00,0,0.5114764
2026-01-24 18:00:00+00:00,1,0.52039236
2026-01-24 18:05:00+00:00,1,0.50968534
2026-01-24 18:10:00+00:00,1,0.514154
2026-01-24 18:15:00+00:00,1,0.5090394
2026-01-24 18:20:00+00:00,1,0.5242316
2026-01-24 18:25:00+00:00,1,0.5253823
2026-01-24 18:30:00+00:00,0,0.52537537
2026-01-24 18:35:00+00:00,0,0.5303153
2026-01-24 18:40:00+00:00,0,0.5164732
2026-01-24 18:45:00+00:00,0,0.50886416
2026-01-24 18:50:00+00:00,0,0.51819324
2026-01-24 18:55:00+00:00,0,0.52367616
2026-01-24 19:00:00+00:00,1,0.5262284
2026-01-24 19:05:00+00:00,1,0.528965
2026-01-24 19:10:00+00:00,1,0.5275108
2026-01-24 19:15:00+00:00,1,0.532193
2026-01-24 19:20:00+00:00,1,0.5201903
2026-01-24 19:25:00+00:00,0,0.516585
2026-01-24 19:30:00+00:00,0,0.5080666
2026-01-24 19:35:00+00:00,1,0.5154367
2026-01-24 19:40:00+00:00,1,0.5145229
2026-01-24 19:45:00+00:00,1,0.51572526
2026-01-24 19:50:00+00:00,1,0.5147576
2026-01-24 19:55:00+00:00,1,0.52046067
2026-01-24 20:00:00+00:00,1,0.51678985
2026-01-24 20:05:00+00:00,1,0.5167817
2026-01-24 20:10:00+00:00,1,0.51946205
2026-01-24 20:15:00+00:00,1,0.51874036
2026-01-24 20:20:00+00:00,0,0.5198579
2026-01-24 20:25:00+00:00,0,0.52000624
2026-01-24 20:30:00+00:00,0,0.51757693
2026-01-24 20:35:00+00:00,0,0.51833344
2026-01-24 20:40:00+00:00,0,0.5242048
2026-01-24 20:45:00+00:00,0,0.522469
2026-01-24 20:50:00+00:00,0,0.5206998
2026-01-24 20:55:00+00:00,0,0.51785165
2026-01-24 21:00:00+00:00,0,0.52245575
2026-01-24 21:05:00+00:00,1,0.5297351
2026-01-24 21:10:00+00:00,1,0.5275534
2026-01-24 21:15:00+00:00,1,0.52245575
2026-01-24 21:20:00+00:00,1,0.51857495
2026-01-24 21:25:00+00:00,0,0.5221388
2026-01-24 21:30:00+00:00,1,0.51557076
2026-01-24 21:35:00+00:00,0,0.52093756
2026-01-24 21:40:00+00:00,1,0.50824517
2026-01-24 21:45:00+00:00,1,0.5179579
2026-01-24 21:50:00+00:00,1,0.5179579
2026-01-24 21:55:00+00:00,1,0.52245575
2026-01-24 22:00:00+00:00,1,0.5167173
2026-01-24 22:05:00+00:00,1,0.52609044
2026-01-24 22:10:00+00:00,0,0.5038422
2026-01-24 22:15:00+00:00,1,0.5070185
2026-01-24 22:20:00+00:00,1,0.5086495
2026-01-24 22:25:00+00:00,1,0.51145583
2026-01-24 22:30:00+00:00,0,0.5190489
2026-01-24 22:35:00+00:00,0,0.5235146
2026-01-24 22:40:00+00:00,1,0.5164335
2026-01-24 22:45:00+00:00,0,0.49194127
2026-01-24 22:50:00+00:00,0,0.50707036
2026-01-24 22:55:00+00:00,0,0.5123817
2026-01-24 23:00:00+00:00,0,0.5005612
2026-01-24 23:05:00+00:00,0,0.4975905
2026-01-24 23:10:00+00:00,0,0.48565903
2026-01-24 23:15:00+00:00,0,0.4942806
2026-01-24 23:20:00+00:00,0,0.5028449
2026-01-24 23:25:00+00:00,0,0.5015005
2026-01-24 23:30:00+00:00,0,0.5170289
2026-01-24 23:35:00+00:00,1,0.5272235
2026-01-24 23:40:00+00:00,0,0.52785516
2026-01-24 23:45:00+00:00,0,0.50397444
2026-01-24 23:50:00+00:00,0,0.51455444
2026-01-24 23:55:00+00:00,0,0.5153824
2026-01-25 00:00:00+00:00,0,0.5166872
2026-01-25 00:05:00+00:00,0,0.51936764
2026-01-25 00:10:00+00:00,1,0.52646357
2026-01-25 00:15:00+00:00,1,0.52646357
2026-01-25 00:20:00+00:00,1,0.51878333
2026-01-25 00:25:00+00:00,1,0.5249313
2026-01-25 00:30:00+00:00,1,0.52583176
2026-01-25 00:35:00+00:00,1,0.51755273
2026-01-25 00:40:00+00:00,1,0.5184661
2026-01-25 00:45:00+00:00,0,0.51940316
2026-01-25 00:50:00+00:00,0,0.51782435
2026-01-25 00:55:00+00:00,0,0.5127468
2026-01-25 01:00:00+00:00,0,0.5015407
2026-01-25 01:05:00+00:00,0,0.51343405
2026-01-25 01:10:00+00:00,0,0.51151884
2026-01-25 01:15:00+00:00,0,0.5086563
2026-01-25 01:20:00+00:00,0,0.51774615
2026-01-25 01:25:00+00:00,0,0.52384454
2026-01-25 01:30:00+00:00,1,0.5268367
2026-01-25 01:35:00+00:00,1,0.52586716
2026-01-25 01:40:00+00:00,1,0.52586716
2026-01-25 01:45:00+00:00,1,0.52836835
2026-01-25 01:50:00+00:00,1,0.5179416
2026-01-25 01:55:00+00:00,0,0.5132417
2026-01-25 02:00:00+00:00,0,0.5082962
2026-01-25 02:05:00+00:00,0,0.50598145
2026-01-25 02:10:00+00:00,0,0.50690943
2026-01-25 02:15:00+00:00,0,0.50299805
2026-01-25 02:20:00+00:00,0,0.5169633
2026-01-25 02:25:00+00:00,0,0.52115846
2026-01-25 02:30:00+00:00,0,0.5285209
2026-01-25 02:35:00+00:00,0,0.52878886
2026-01-25 02:40:00+00:00,1,0.55066013
2026-01-25 02:45:00+00:00,0,0.5213183
2026-01-25 02:50:00+00:00,0,0.5213183
2026-01-25 02:55:00+00:00,0,0.52235687
2026-01-25 03:00:00+00:00,0,0.51496255
2026-01-25 03:05:00+00:00,0,0.51864696
2026-01-25 03:10:00+00:00,0,0.5511026
2026-01-25 03:15:00+00:00,0,0.5538393
2026-01-25 03:20:00+00:00,0,0.5538393
2026-01-25 03:25:00+00:00,0,0.5523203
2026-01-25 03:30:00+00:00,1,0.5538393
2026-01-25 03:35:00+00:00,1,0.55397254
2026-01-25 03:40:00+00:00,1,0.5490025
2026-01-25 03:45:00+00:00,1,0.55397254
2026-01-25 03:50:00+00:00,1,0.5498146
2026-01-25 03:55:00+00:00,1,0.5320716
2026-01-25 04:00:00+00:00,1,0.5404985
2026-01-25 04:05:00+00:00,1,0.5437342
2026-01-25 04:10:00+00:00,1,0.5506909
2026-01-25 04:15:00+00:00,1,0.5497973
2026-01-25 04:20:00+00:00,1,0.54901236
2026-01-25 04:25:00+00:00,1,0.5141468
2026-01-25 04:30:00+00:00,0,0.487088
2026-01-25 04:35:00+00:00,0,0.48736256
2026-01-25 04:40:00+00:00,0,0.48823273
2026-01-25 04:45:00+00:00,0,0.48795816
2026-01-25 04:50:00+00:00,0,0.49028984
2026-01-25 04:55:00+00:00,1,0.4985786
2026-01-25 05:00:00+00:00,0,0.48751384
2026-01-25 05:05:00+00:00,0,0.49474686
2026-01-25 05:10:00+00:00,0,0.49473706
2026-01-25 05:15:00+00:00,0,0.49974376
2026-01-25 05:20:00+00:00,0,0.49333736
2026-01-25 05:25:00+00:00,0,0.5270975
2026-01-25 05:30:00+00:00,0,0.50524324
2026-01-25 05:35:00+00:00,1,0.5159836
2026-01-25 05:40:00+00:00,0,0.525504
2026-01-25 05:45:00+00:00,0,0.5052063
2026-01-25 05:50:00+00:00,0,0.52061987
2026-01-25 05:55:00+00:00,0,0.49500313
2026-01-25 06:00:00+00:00,0,0.5078823
2026-01-25 06:05:00+00:00,0,0.5413074
2026-01-25 06:10:00+00:00,1,0.5250764
2026-01-25 06:15:00+00:00,1,0.5109264
2026-01-25 06:20:00+00:00,0,0.50966454
2026-01-25 06:25:00+00:00,0,0.5276969
2026-01-25 06:30:00+00:00,0,0.51216966
2026-01-25 06:35:00+00:00,0,0.5185109
2026-01-25 06:40:00+00:00,0,0.5137776
2026-01-25 06:45:00+00:00,0,0.5204558
2026-01-25 06:50:00+00:00,0,0.518128
2026-01-25 06:55:00+00:00,0,0.50666213
2026-01-25 07:00:00+00:00,0,0.50720453
2026-01-25 07:05:00+00:00,1,0.50495565
2026-01-25 07:10:00+00:00,1,0.54108983
2026-01-25 07:15:00+00:00,1,0.54299766
2026-01-25 07:20:00+00:00,1,0.518462
2026-01-25 07:25:00+00:00,1,0.5075351
2026-01-25 07:30:00+00:00,1,0.50477123
2026-01-25 07:35:00+00:00,1,0.500835
2026-01-25 07:40:00+00:00,1,0.5025631
2026-01-25 07:45:00+00:00,1,0.48367012
2026-01-25 07:50:00+00:00,1,0.4975787
2026-01-25 07:55:00+00:00,1,0.5033088
2026-01-25 08:00:00+00:00,1,0.50428677
2026-01-25 08:05:00+00:00,0,0.49359468
2026-01-25 08:10:00+00:00,0,0.49772325
2026-01-25 08:15:00+00:00,0,0.48833632
2026-01-25 08:20:00+00:00,0,0.47894174
2026-01-25 08:25:00+00:00,0,0.4883739
2026-01-25 08:30:00+00:00,0,0.49021143
2026-01-25 08:35:00+00:00,0,0.50394
2026-01-25 08:40:00+00:00,0,0.50349176
2026-01-25 08:45:00+00:00,1,0.5099127
2026-01-25 08:50:00+00:00,1,0.49680033
2026-01-25 08:55:00+00:00,1,0.49745184
2026-01-25 09:00:00+00:00,1,0.50861543
2026-01-25 09:05:00+00:00,1,0.5050712
2026-01-25 09:10:00+00:00,1,0.50303805
2026-01-25 09:15:00+00:00,1,0.4990589
2026-01-25 09:20:00+00:00,1,0.49744105
2026-01-25 09:25:00+00:00,1,0.49209848
2026-01-25 09:30:00+00:00,1,0.4856554
2026-01-25 09:35:00+00:00,1,0.48426002
2026-01-25 09:40:00+00:00,1,0.48192492
2026-01-25 09:45:00+00:00,1,0.48013964
2026-01-25 09:50:00+00:00,1,0.48346952
2026-01-25 09:55:00+00:00,1,0.4829231
2026-01-25 10:00:00+00:00,1,0.48056874
2026-01-25 10:05:00+00:00,1,0.4859637
2026-01-25 10:10:00+00:00,1,0.47832972
2026-01-25 10:15:00+00:00,1,0.47333524
2026-01-25 10:20:00+00:00,0,0.47666758
2026-01-25 10:25:00+00:00,0,0.4803431
2026-01-25 10:30:00+00:00,0,0.48124006
2026-01-25 10:35:00+00:00,0,0.4803431
2026-01-25 10:40:00+00:00,0,0.48955718
2026-01-25 10:45:00+00:00,0,0.4846299
2026-01-25 10:50:00+00:00,0,0.48224238
2026-01-25 10:55:00+00:00,0,0.48720473
2026-01-25 11:00:00+00:00,1,0.49066702
2026-01-25 11:05:00+00:00,0,0.49590167
2026-01-25 11:10:00+00:00,0,0.49209005
2026-01-25 11:15:00+00:00,0,0.48772168
2026-01-25 11:20:00+00:00,0,0.48977864
2026-01-25 11:25:00+00:00,0,0.487153
2026-01-25 11:30:00+00:00,0,0.48356667
2026-01-25 11:35:00+00:00,0,0.5010754
2026-01-25 11:40:00+00:00,0,0.5095067
2026-01-25 11:45:00+00:00,0,0.50705624
2026-01-25 11:50:00+00:00,0,0.5121981
2026-01-25 11:55:00+00:00,0,0.5112958
2026-01-25 12:00:00+00:00,0,0.5112958
2026-01-25 12:05:00+00:00,0,0.50470924
2026-01-25 12:10:00+00:00,0,0.5122336
2026-01-25 12:15:00+00:00,1,0.5112958
2026-01-25 12:20:00+00:00,0,0.50794315
2026-01-25 12:25:00+00:00,1,0.50985307
2026-01-25 12:30:00+00:00,1,0.51320523
2026-01-25 12:35:00+00:00,1,0.5122336
2026-01-25 12:40:00+00:00,1,0.5048327
2026-01-25 12:45:00+00:00,1,0.5048509
2026-01-25 12:50:00+00:00,1,0.4964976
2026-01-25 12:55:00+00:00,0,0.4895787
2026-01-25 13:00:00+00:00,0,0.49188593
2026-01-25 13:05:00+00:00,0,0.5004185
2026-01-25 13:10:00+00:00,1,0.49870196
2026-01-25 13:15:00+00:00,1,0.50020766
2026-01-25 13:20:00+00:00,1,0.5061525
2026-01-25 13:25:00+00:00,1,0.5174421
2026-01-25 13:30:00+00:00,1,0.5119321
2026-01-25 13:35:00+00:00,0,0.5119321
2026-01-25 13:40:00+00:00,0,0.50693196
2026-01-25 13:45:00+00:00,0,0.48486352
2026-01-25 13:50:00+00:00,0,0.4863656
2026-01-25 13:55:00+00:00,0,0.4872796
2026-01-25 14:00:00+00:00,0,0.5022771
2026-01-25 14:05:00+00:00,0,0.5061271
2026-01-25 14:10:00+00:00,0,0.5125909
2026-01-25 14:15:00+00:00,0,0.51379347
2026-01-25 14:20:00+00:00,0,0.54309565
2026-01-25 14:25:00+00:00,1,0.54309565
2026-01-25 14:30:00+00:00,1,0.5435347
2026-01-25 14:35:00+00:00,0,0.5432294
2026-01-25 14:40:00+00:00,1,0.54309565
2026-01-25 14:45:00+00:00,1,0.5373056
2026-01-25 14:50:00+00:00,1,0.53292
2026-01-25 14:55:00+00:00,1,0.5345214
2026-01-25 15:00:00+00:00,1,0.5400507
2026-01-25 15:05:00+00:00,1,0.54106265
2026-01-25 15:10:00+00:00,1,0.5376845
2026-01-25 15:15:00+00:00,1,0.53839564
2026-01-25 15:20:00+00:00,0,0.53999895
2026-01-25 15:25:00+00:00,0,0.5343118
2026-01-25 15:30:00+00:00,0,0.5366861
2026-01-25 15:35:00+00:00,0,0.5320746
2026-01-25 15:40:00+00:00,0,0.5274405
2026-01-25 15:45:00+00:00,0,0.53897387
2026-01-25 15:50:00+00:00,0,0.53434694
2026-01-25 15:55:00+00:00,0,0.54438543
2026-01-25 16:00:00+00:00,0,0.54134023
2026-01-25 16:05:00+00:00,0,0.55207586
2026-01-25 16:10:00+00:00,0,0.55207586
2026-01-25 16:15:00+00:00,0,0.55207586
2026-01-25 16:20:00+00:00,0,0.55207586
2026-01-25 16:25:00+00:00,1,0.5417796
2026-01-25 16:30:00+00:00,1,0.54164577
2026-01-25 16:35:00+00:00,1,0.5304024
2026-01-25 16:40:00+00:00,0,0.5304024
2026-01-25 16:45:00+00:00,1,0.5419185
2026-01-25 16:50:00+00:00,0,0.5398615
2026-01-25 16:55:00+00:00,0,0.52944475
2026-01-25 17:00:00+00:00,0,0.529094
2026-01-25 17:05:00+00:00,0,0.53846914
2026-01-25 17:10:00+00:00,1,0.54148126
2026-01-25 17:15:00+00:00,1,0.54707825
2026-01-25 17:20:00+00:00,1,0.5459899
2026-01-25 17:25:00+00:00,0,0.5454305
2026-01-25 17:30:00+00:00,0,0.54618865
2026-01-25 17:35:00+00:00,0,0.5409642
2026-01-25 17:40:00+00:00,0,0.53585905
2026-01-25 17:45:00+00:00,0,0.53526306
2026-01-25 17:50:00+00:00,0,0.5411634
2026-01-25 17:55:00+00:00,0,0.5471932
2026-01-25 18:00:00+00:00,0,0.5627715
2026-01-25 18:05:00+00:00,0,0.5627715
2026-01-25 18:10:00+00:00,0,0.5627715
2026-01-25 18:15:00+00:00,0,0.5627715
2026-01-25 18:20:00+00:00,0,0.56332666
2026-01-25 18:25:00+00:00,1,0.5459114
2026-01-25 18:30:00+00:00,1,0.55078197
2026-01-25 18:35:00+00:00,1,0.5459114
2026-01-25 18:40:00+00:00,1,0.5459114
2026-01-25 18:45:00+00:00,0,0.5459114
2026-01-25 18:50:00+00:00,0,0.53055596
2026-01-25 18:55:00+00:00,0,0.52808595
2026-01-25 19:00:00+00:00,0,0.54775006
2026-01-25 19:05:00+00:00,0,0.54809076
2026-01-25 19:10:00+00:00,0,0.5547011
2026-01-25 19:15:00+00:00,0,0.5576986
2026-01-25 19:20:00+00:00,0,0.55545413
2026-01-25 19:25:00+00:00,0,0.55961084
2026-01-25 19:30:00+00:00,0,0.55961084
2026-01-25 19:35:00+00:00,0,0.5543554
2026-01-25 19:40:00+00:00,0,0.5552473
2026-01-25 19:45:00+00:00,1,0.5552473
2026-01-25 19:50:00+00:00,1,0.5547925
2026-01-25 19:55:00+00:00,1,0.5547925
2026-01-25 20:00:00+00:00,0,0.5600439
2026-01-25 20:05:00+00:00,0,0.5530177
2026-01-25 20:10:00+00:00,0,0.55323184
2026-01-25 20:15:00+00:00,0,0.5420568
2026-01-25 20:20:00+00:00,1,0.5506344
2026-01-25 20:25:00+00:00,1,0.553373
2026-01-25 20:30:00+00:00,1,0.558843
2026-01-25 20:35:00+00:00,1,0.5570794
2026-01-25 20:40:00+00:00,1,0.559475
2026-01-25 20:45:00+00:00,1,0.559475
2026-01-25 20:50:00+00:00,1,0.55279446
2026-01-25 20:55:00+00:00,1,0.55194706
2026-01-25 21:00:00+00:00,1,0.5178855
2026-01-25 21:05:00+00:00,0,0.5014459
2026-01-25 21:10:00+00:00,0,0.47612262
2026-01-25 21:15:00+00:00,0,0.47097915
2026-01-25 21:20:00+00:00,1,0.49294072
2026-01-25 21:25:00+00:00,1,0.4767983
2026-01-25 21:30:00+00:00,1,0.5142102
2026-01-25 21:35:00+00:00,1,0.5339436
2026-01-25 21:40:00+00:00,1,0.5244635
2026-01-25 21:45:00+00:00,0,0.50014555
2026-01-25 21:50:00+00:00,0,0.51531297
2026-01-25 21:55:00+00:00,0,0.49742106
2026-01-25 22:00:00+00:00,0,0.49588478
2026-01-25 22:05:00+00:00,0,0.51061726
2026-01-25 22:10:00+00:00,0,0.5050369
2026-01-25 22:15:00+00:00,0,0.5264237
2026-01-25 22:20:00+00:00,0,0.54848796
2026-01-25 22:25:00+00:00,1,0.5514452
2026-01-25 22:30:00+00:00,1,0.5349316
2026-01-25 22:35:00+00:00,1,0.5321991
2026-01-25 22:40:00+00:00,1,0.5221795
2026-01-25 22:45:00+00:00,1,0.52749366
2026-01-25 22:50:00+00:00,1,0.54785943
2026-01-25 22:55:00+00:00,0,0.49846035
2026-01-25 23:00:00+00:00,0,0.4864062
2026-01-25 23:05:00+00:00,0,0.48779303
2026-01-25 23:10:00+00:00,0,0.4928781
2026-01-25 23:15:00+00:00,0,0.4864062
2026-01-25 23:20:00+00:00,0,0.49677122
2026-01-25 23:25:00+00:00,1,0.5194004
2026-01-25 23:30:00+00:00,1,0.52531457
2026-01-25 23:35:00+00:00,1,0.52627903
2026-01-25 23:40:00+00:00,1,0.5193279
2026-01-25 23:45:00+00:00,1,0.4962577
2026-01-25 23:50:00+00:00,1,0.5051833
2026-01-25 23:55:00+00:00,1,0.49659595
2026-01-26 00:00:00+00:00,1,0.49561962
2026-01-26 00:05:00+00:00,1,0.47467905
2026-01-26 00:10:00+00:00,0,0.4777258
2026-01-26 00:15:00+00:00,0,0.47554758
2026-01-26 00:20:00+00:00,1,0.48019132
2026-01-26 00:25:00+00:00,1,0.47709355
2026-01-26 00:30:00+00:00,1,0.49800053
2026-01-26 00:35:00+00:00,1,0.47643727
2026-01-26 00:40:00+00:00,1,0.4998015
2026-01-26 00:45:00+00:00,1,0.47830102
2026-01-26 00:50:00+00:00,1,0.47814214
2026-01-26 00:55:00+00:00,1,0.47251254
2026-01-26 01:00:00+00:00,1,0.47213405
2026-01-26 01:05:00+00:00,1,0.49322513
2026-01-26 01:10:00+00:00,1,0.51822954
2026-01-26 01:15:00+00:00,1,0.5178281
2026-01-26 01:20:00+00:00,1,0.5065243
2026-01-26 01:25:00+00:00,1,0.5002455
2026-01-26 01:30:00+00:00,0,0.5086941
2026-01-26 01:35:00+00:00,0,0.50033605
2026-01-26 01:40:00+00:00,0,0.50128293
2026-01-26 01:45:00+00:00,0,0.5184263
2026-01-26 01:50:00+00:00,0,0.50007814
2026-01-26 01:55:00+00:00,0,0.48622575
2026-01-26 02:00:00+00:00,1,0.5040362
2026-01-26 02:05:00+00:00,1,0.49867126
2026-01-26 02:10:00+00:00,1,0.511173
2026-01-26 02:15:00+00:00,1,0.5113242
2026-01-26 02:20:00+00:00,0,0.50241035
2026-01-26 02:25:00+00:00,0,0.4892154
2026-01-26 02:30:00+00:00,0,0.4914209
2026-01-26 02:35:00+00:00,1,0.5030577
2026-01-26 02:40:00+00:00,1,0.49961752
2026-01-26 02:45:00+00:00,0,0.48095018
2026-01-26 02:50:00+00:00,0,0.5207147
2026-01-26 02:55:00+00:00,0,0.52511626
2026-01-26 03:00:00+00:00,0,0.50206363
2026-01-26 03:05:00+00:00,0,0.4979381
2026-01-26 03:10:00+00:00,0,0.49982518
2026-01-26 03:15:00+00:00,0,0.5129302
2026-01-26 03:20:00+00:00,0,0.51813775
2026-01-26 03:25:00+00:00,0,0.5223983
2026-01-26 03:30:00+00:00,1,0.5226491
2026-01-26 03:35:00+00:00,1,0.5235472
2026-01-26 03:40:00+00:00,1,0.5226641
2026-01-26 03:45:00+00:00,1,0.5226641
2026-01-26 03:50:00+00:00,1,0.52176315
2026-01-26 03:55:00+00:00,1,0.51161265
2026-01-26 04:00:00+00:00,1,0.51700675
2026-01-26 04:05:00+00:00,1,0.51405007
2026-01-26 04:10:00+00:00,1,0.5150517
2026-01-26 04:15:00+00:00,1,0.5021219
2026-01-26 04:20:00+00:00,0,0.49143106
2026-01-26 04:25:00+00:00,0,0.49573264
2026-01-26 04:30:00+00:00,0,0.48917913
2026-01-26 04:35:00+00:00,0,0.50176334
2026-01-26 04:40:00+00:00,0,0.495176
2026-01-26 04:45:00+00:00,0,0.50030375
2026-01-26 04:50:00+00:00,0,0.49784017
2026-01-26 04:55:00+00:00,0,0.49728423
2026-01-26 05:00:00+00:00,1,0.5039053
2026-01-26 05:05:00+00:00,0,0.49463266
2026-01-26 05:10:00+00:00,1,0.5007971
2026-01-26 05:15:00+00:00,1,0.5036211
2026-01-26 05:20:00+00:00,1,0.49844185
2026-01-26 05:25:00+00:00,1,0.48666817
2026-01-26 05:30:00+00:00,0,0.49584246
2026-01-26 05:35:00+00:00,0,0.49811065
2026-01-26 05:40:00+00:00,0,0.49662346
2026-01-26 05:45:00+00:00,0,0.49178633
2026-01-26 05:50:00+00:00,0,0.4860484
2026-01-26 05:55:00+00:00,0,0.49288958
2026-01-26 06:00:00+00:00,0,0.5125976
2026-01-26 06:05:00+00:00,1,0.5221592
2026-01-26 06:10:00+00:00,1,0.5223006
2026-01-26 06:15:00+00:00,1,0.5224041
2026-01-26 06:20:00+00:00,1,0.5236869
2026-01-26 06:25:00+00:00,1,0.51262337
2026-01-26 06:30:00+00:00,1,0.5063958
2026-01-26 06:35:00+00:00,1,0.5073749
2026-01-26 06:40:00+00:00,1,0.5006812
2026-01-26 06:45:00+00:00,0,0.48366192
2026-01-26 06:50:00+00:00,1,0.50203496
2026-01-26 06:55:00+00:00,0,0.4970531
2026-01-26 07:00:00+00:00,0,0.49073625
2026-01-26 07:05:00+00:00,1,0.49053848
2026-01-26 07:10:00+00:00,0,0.48815
2026-01-26 07:15:00+00:00,0,0.4849579
2026-01-26 07:20:00+00:00,0,0.484088
2026-01-26 07:25:00+00:00,1,0.50347054
2026-01-26 07:30:00+00:00,1,0.5028258
2026-01-26 07:35:00+00:00,0,0.47452417
2026-01-26 07:40:00+00:00,0,0.49202755
2026-01-26 07:45:00+00:00,1,0.49850294
2026-01-26 07:50:00+00:00,1,0.48152143
2026-01-26 07:55:00+00:00,1,0.4918776
2026-01-26 08:00:00+00:00,1,0.48255008
2026-01-26 08:05:00+00:00,1,0.48371115
2026-01-26 08:10:00+00:00,1,0.49706134
2026-01-26 08:15:00+00:00,1,0.4964872
2026-01-26 08:20:00+00:00,0,0.4674919
2026-01-26 08:25:00+00:00,0,0.4680295
2026-01-26 08:30:00+00:00,0,0.48016414
2026-01-26 08:35:00+00:00,0,0.47919327
2026-01-26 08:40:00+00:00,0,0.48855758
2026-01-26 08:45:00+00:00,0,0.47895086
2026-01-26 08:50:00+00:00,0,0.50089353
2026-01-26 08:55:00+00:00,0,0.4946797
2026-01-26 09:00:00+00:00,0,0.50313616
2026-01-26 09:05:00+00:00,0,0.5008626
2026-01-26 09:10:00+00:00,0,0.5047075
2026-01-26 09:15:00+00:00,0,0.5095562
2026-01-26 09:20:00+00:00,0,0.5137502
2026-01-26 09:25:00+00:00,0,0.516896
2026-01-26 09:30:00+00:00,1,0.5101675
2026-01-26 09:35:00+00:00,1,0.5197302
2026-01-26 09:40:00+00:00,1,0.5047767
2026-01-26 09:45:00+00:00,1,0.50921106
2026-01-26 09:50:00+00:00,1,0.5164066
2026-01-26 09:55:00+00:00,1,0.5031148
2026-01-26 10:00:00+00:00,1,0.5001793
2026-01-26 10:05:00+00:00,1,0.5017784
2026-01-26 10:10:00+00:00,1,0.5008757
2026-01-26 10:15:00+00:00,0,0.5004794
2026-01-26 10:20:00+00:00,1,0.4941108
2026-01-26 10:25:00+00:00,0,0.48880014
2026-01-26 10:30:00+00:00,1,0.4999314
2026-01-26 10:35:00+00:00,1,0.5036821
2026-01-26 10:40:00+00:00,1,0.49882272
2026-01-26 10:45:00+00:00,1,0.4995223
2026-01-26 10:50:00+00:00,1,0.49624848
2026-01-26 10:55:00+00:00,0,0.49525246
2026-01-26 11:00:00+00:00,0,0.48349354
2026-01-26 11:05:00+00:00,0,0.47781652
2026-01-26 11:10:00+00:00,0,0.48202613
2026-01-26 11:15:00+00:00,0,0.4938782
2026-01-26 11:20:00+00:00,0,0.49536476
2026-01-26 11:25:00+00:00,1,0.5034469
2026-01-26 11:30:00+00:00,1,0.5028545
2026-01-26 11:35:00+00:00,1,0.501474
2026-01-26 11:40:00+00:00,1,0.49833733
2026-01-26 11:45:00+00:00,1,0.49743462
2026-01-26 11:50:00+00:00,1,0.49098405
2026-01-26 11:55:00+00:00,0,0.49225488
2026-01-26 12:00:00+00:00,0,0.4775486
2026-01-26 12:05:00+00:00,0,0.4962716
2026-01-26 12:10:00+00:00,0,0.48349193
2026-01-26 12:15:00+00:00,0,0.48974976
2026-01-26 12:20:00+00:00,0,0.49699584
2026-01-26 12:25:00+00:00,1,0.4993264
2026-01-26 12:30:00+00:00,1,0.49898842
2026-01-26 12:35:00+00:00,1,0.49841467
2026-01-26 12:40:00+00:00,1,0.5085328
2026-01-26 12:45:00+00:00,1,0.50509584
2026-01-26 12:50:00+00:00,1,0.5044748
2026-01-26 12:55:00+00:00,1,0.49601087
2026-01-26 13:00:00+00:00,1,0.49093717
2026-01-26 13:05:00+00:00,1,0.49102762
2026-01-26 13:10:00+00:00,1,0.48209858
2026-01-26 13:15:00+00:00,1,0.48016202
2026-01-26 13:20:00+00:00,1,0.47790036
2026-01-26 13:25:00+00:00,1,0.48406503
2026-01-26 13:30:00+00:00,1,0.4774994
2026-01-26 13:35:00+00:00,1,0.48902017
2026-01-26 13:40:00+00:00,0,0.48363197
2026-01-26 13:45:00+00:00,0,0.48232213
2026-01-26 13:50:00+00:00,1,0.4839085
2026-01-26 13:55:00+00:00,0,0.4753339
2026-01-26 14:00:00+00:00,1,0.4769783
2026-01-26 14:05:00+00:00,1,0.48481065
2026-01-26 14:10:00+00:00,1,0.49096578
2026-01-26 14:15:00+00:00,1,0.4875167
2026-01-26 14:20:00+00:00,1,0.48285332
2026-01-26 14:25:00+00:00,1,0.49630392
2026-01-26 14:30:00+00:00,1,0.4723494
2026-01-26 14:35:00+00:00,1,0.47224128
2026-01-26 14:40:00+00:00,1,0.47412208
2026-01-26 14:45:00+00:00,1,0.47688898
2026-01-26 14:50:00+00:00,1,0.48417178
2026-01-26 14:55:00+00:00,1,0.47539467
2026-01-26 15:00:00+00:00,1,0.48199293
2026-01-26 15:05:00+00:00,0,0.47350708
2026-01-26 15:10:00+00:00,0,0.5056383
2026-01-26 15:15:00+00:00,0,0.5234586
2026-01-26 15:20:00+00:00,0,0.49632046
2026-01-26 15:25:00+00:00,0,0.48631358
2026-01-26 15:30:00+00:00,0,0.5067067
2026-01-26 15:35:00+00:00,0,0.5091382
2026-01-26 15:40:00+00:00,1,0.5155902
2026-01-26 15:45:00+00:00,0,0.49186563
2026-01-26 15:50:00+00:00,1,0.49864465
2026-01-26 15:55:00+00:00,1,0.5012563
2026-01-26 16:00:00+00:00,1,0.48620766
2026-01-26 16:05:00+00:00,1,0.5077964
2026-01-26 16:10:00+00:00,0,0.50814116
2026-01-26 16:15:00+00:00,1,0.51225907
2026-01-26 16:20:00+00:00,1,0.483902
2026-01-26 16:25:00+00:00,0,0.48960578
2026-01-26 16:30:00+00:00,0,0.48484707
2026-01-26 16:35:00+00:00,1,0.5091621
2026-01-26 16:40:00+00:00,1,0.50559443
2026-01-26 16:45:00+00:00,0,0.49381265
2026-01-26 16:50:00+00:00,0,0.48375687
2026-01-26 16:55:00+00:00,0,0.508738
2026-01-26 17:00:00+00:00,0,0.503383
2026-01-26 17:05:00+00:00,0,0.50486135
2026-01-26 17:10:00+00:00,0,0.51276016
2026-01-26 17:15:00+00:00,1,0.51408803
2026-01-26 17:20:00+00:00,1,0.5141543
2026-01-26 17:25:00+00:00,1,0.5170585
2026-01-26 17:30:00+00:00,1,0.51495445
2026-01-26 17:35:00+00:00,1,0.50818944
2026-01-26 17:40:00+00:00,1,0.4897588
2026-01-26 17:45:00+00:00,1,0.5090462
2026-01-26 17:50:00+00:00,1,0.50189114
2026-01-26 17:55:00+00:00,1,0.5049682
2026-01-26 18:00:00+00:00,1,0.51255375
2026-01-26 18:05:00+00:00,1,0.52168685
2026-01-26 18:10:00+00:00,1,0.5089716
2026-01-26 18:15:00+00:00,1,0.5043715
2026-01-26 18:20:00+00:00,0,0.4923134
2026-01-26 18:25:00+00:00,0,0.4794263
2026-01-26 18:30:00+00:00,0,0.47314793
2026-01-26 18:35:00+00:00,0,0.47743243
2026-01-26 18:40:00+00:00,0,0.5059333
2026-01-26 18:45:00+00:00,0,0.49652824
2026-01-26 18:50:00+00:00,0,0.51335335
2026-01-26 18:55:00+00:00,0,0.5041611
2026-01-26 19:00:00+00:00,0,0.49439025
2026-01-26 19:05:00+00:00,0,0.5047833
2026-01-26 19:10:00+00:00,0,0.5096206
2026-01-26 19:15:00+00:00,1,0.51314497
2026-01-26 19:20:00+00:00,0,0.51942754
2026-01-26 19:25:00+00:00,0,0.5172586
2026-01-26 19:30:00+00:00,0,0.5223677
2026-01-26 19:35:00+00:00,0,0.50228786
2026-01-26 19:40:00+00:00,0,0.5111425
2026-01-26 19:45:00+00:00,0,0.50721604
2026-01-26 19:50:00+00:00,0,0.52519894
2026-01-26 19:55:00+00:00,0,0.52426416
2026-01-26 20:00:00+00:00,0,0.52776897
2026-01-26 20:05:00+00:00,0,0.52652496
2026-01-26 20:10:00+00:00,0,0.532507
2026-01-26 20:15:00+00:00,0,0.5237773
2026-01-26 20:20:00+00:00,0,0.53241223
2026-01-26 20:25:00+00:00,0,0.5260607
2026-01-26 20:30:00+00:00,0,0.5251603
2026-01-26 20:35:00+00:00,0,0.5288737
2026-01-26 20:40:00+00:00,0,0.52540874
2026-01-26 20:45:00+00:00,0,0.5263091
2026-01-26 20:50:00+00:00,1,0.52540874
2026-01-26 20:55:00+00:00,1,0.5289685
2026-01-26 21:00:00+00:00,1,0.53125393
2026-01-26 21:05:00+00:00,1,0.52776897
2026-01-26 21:10:00+00:00,1,0.5165002
2026-01-26 21:15:00+00:00,1,0.51803154
2026-01-26 21:20:00+00:00,1,0.5245896
2026-01-26 21:25:00+00:00,1,0.5190653
2026-01-26 21:30:00+00:00,1,0.51574445
2026-01-26 21:35:00+00:00,1,0.52034783
2026-01-26 21:40:00+00:00,0,0.47757038
2026-01-26 21:45:00+00:00,0,0.48428753
2026-01-26 21:50:00+00:00,0,0.477685
2026-01-26 21:55:00+00:00,0,0.4891068
2026-01-26 22:00:00+00:00,0,0.47536066
2026-01-26 22:05:00+00:00,1,0.49991062
2026-01-26 22:10:00+00:00,0,0.49870718
2026-01-26 22:15:00+00:00,0,0.49870718
2026-01-26 22:20:00+00:00,1,0.50215197
2026-01-26 22:25:00+00:00,1,0.5098685
2026-01-26 22:30:00+00:00,0,0.49533266
2026-01-26 22:35:00+00:00,0,0.488318
2026-01-26 22:40:00+00:00,0,0.50454986
2026-01-26 22:45:00+00:00,0,0.5051765
2026-01-26 22:50:00+00:00,0,0.49561113
2026-01-26 22:55:00+00:00,1,0.5049343
2026-01-26 23:00:00+00:00,1,0.51628125
2026-01-26 23:05:00+00:00,1,0.51718295
2026-01-26 23:10:00+00:00,1,0.5070258
2026-01-26 23:15:00+00:00,1,0.51843125
2026-01-26 23:20:00+00:00,0,0.5094633
2026-01-26 23:25:00+00:00,0,0.49779487
2026-01-26 23:30:00+00:00,0,0.46948826
2026-01-26 23:35:00+00:00,0,0.48467922
2026-01-26 23:40:00+00:00,0,0.5052741
2026-01-26 23:45:00+00:00,0,0.51363903
2026-01-26 23:50:00+00:00,1,0.5123104
2026-01-26 23:55:00+00:00,0,0.50995904
2026-01-27 00:00:00+00:00,1,0.520876
2026-01-27 00:05:00+00:00,1,0.517111
2026-01-27 00:10:00+00:00,0,0.52317363
2026-01-27 00:15:00+00:00,0,0.51046824
2026-01-27 00:20:00+00:00,0,0.5070961
2026-01-27 00:25:00+00:00,1,0.5137225
2026-01-27 00:30:00+00:00,0,0.51554716
2026-01-27 00:35:00+00:00,1,0.5161381
2026-01-27 00:40:00+00:00,1,0.5148117
2026-01-27 00:45:00+00:00,1,0.51571363
2026-01-27 00:50:00+00:00,1,0.50774467
2026-01-27 00:55:00+00:00,1,0.50494975
2026-01-27 01:00:00+00:00,1,0.5162538
2026-01-27 01:05:00+00:00,1,0.51554716
2026-01-27 01:10:00+00:00,1,0.51515704
2026-01-27 01:15:00+00:00,1,0.5250906
2026-01-27 01:20:00+00:00,1,0.4926359
2026-01-27 01:25:00+00:00,1,0.47776547
2026-01-27 01:30:00+00:00,1,0.47467905
2026-01-27 01:35:00+00:00,1,0.47554758
2026-01-27 01:40:00+00:00,1,0.48168334
2026-01-27 01:45:00+00:00,0,0.4845463
2026-01-27 01:50:00+00:00,0,0.48567784
2026-01-27 01:55:00+00:00,0,0.49903744
2026-01-27 02:00:00+00:00,0,0.47235525
2026-01-27 02:05:00+00:00,0,0.48486736
2026-01-27 02:10:00+00:00,0,0.4807867
2026-01-27 02:15:00+00:00,1,0.49333063
2026-01-27 02:20:00+00:00,1,0.4951456
2026-01-27 02:25:00+00:00,1,0.5060077
2026-01-27 02:30:00+00:00,0,0.48319024
2026-01-27 02:35:00+00:00,0,0.48580092
2026-01-27 02:40:00+00:00,0,0.4943361
2026-01-27 02:45:00+00:00,0,0.4854763
2026-01-27 02:50:00+00:00,0,0.49557665
2026-01-27 02:55:00+00:00,0,0.49557665
2026-01-27 03:00:00+00:00,0,0.49683124
2026-01-27 03:05:00+00:00,1,0.50952893
2026-01-27 03:10:00+00:00,1,0.52176315
2026-01-27 03:15:00+00:00,1,0.5226641
2026-01-27 03:20:00+00:00,0,0.5232691
2026-01-27 03:25:00+00:00,0,0.5125056
2026-01-27 03:30:00+00:00,0,0.516288
2026-01-27 03:35:00+00:00,0,0.5141041
2026-01-27 03:40:00+00:00,1,0.5155386
2026-01-27 03:45:00+00:00,1,0.516288
2026-01-27 03:50:00+00:00,1,0.516288
2026-01-27 03:55:00+00:00,1,0.5153861
2026-01-27 04:00:00+00:00,1,0.5225077
2026-01-27 04:05:00+00:00,0,0.5075035
2026-01-27 04:10:00+00:00,0,0.5108535
2026-01-27 04:15:00+00:00,0,0.5177459
2026-01-27 04:20:00+00:00,0,0.5157019
2026-01-27 04:25:00+00:00,0,0.5157143
2026-01-27 04:30:00+00:00,0,0.51551545
2026-01-27 04:35:00+00:00,0,0.50166696
2026-01-27 04:40:00+00:00,0,0.5225077
2026-01-27 04:45:00+00:00,0,0.5216067
2026-01-27 04:50:00+00:00,0,0.51889706
2026-01-27 04:55:00+00:00,0,0.5024086
2026-01-27 05:00:00+00:00,0,0.509414
2026-01-27 05:05:00+00:00,0,0.5095599
2026-01-27 05:10:00+00:00,0,0.51224256
2026-01-27 05:15:00+00:00,1,0.520544
2026-01-27 05:20:00+00:00,1,0.520544
2026-01-27 05:25:00+00:00,1,0.52144516
2026-01-27 05:30:00+00:00,0,0.5111628
2026-01-27 05:35:00+00:00,1,0.51259774
2026-01-27 05:40:00+00:00,1,0.5101981
2026-01-27 05:45:00+00:00,0,0.5093052
2026-01-27 05:50:00+00:00,1,0.5132546
2026-01-27 05:55:00+00:00,0,0.51286435
2026-01-27 06:00:00+00:00,0,0.51286435
2026-01-27 06:05:00+00:00,0,0.5115735
2026-01-27 06:10:00+00:00,0,0.51019764
2026-01-27 06:15:00+00:00,0,0.5056915
2026-01-27 06:20:00+00:00,0,0.49873874
2026-01-27 06:25:00+00:00,0,0.50850886
2026-01-27 06:30:00+00:00,0,0.5175662
2026-01-27 06:35:00+00:00,0,0.52240294
2026-01-27 06:40:00+00:00,1,0.5230836
2026-01-27 06:45:00+00:00,1,0.52150196
2026-01-27 06:50:00+00:00,1,0.5184678
2026-01-27 06:55:00+00:00,1,0.50988346
2026-01-27 07:00:00+00:00,1,0.51396626
2026-01-27 07:05:00+00:00,1,0.51178753
2026-01-27 07:10:00+00:00,1,0.5108853
2026-01-27 07:15:00+00:00,1,0.50194347
2026-01-27 07:20:00+00:00,1,0.5037246
2026-01-27 07:25:00+00:00,1,0.5010665
2026-01-27 07:30:00+00:00,1,0.50073934
2026-01-27 07:35:00+00:00,1,0.50789386
2026-01-27 07:40:00+00:00,0,0.50858325
2026-01-27 07:45:00+00:00,0,0.49945998
2026-01-27 07:50:00+00:00,0,0.5021439
2026-01-27 07:55:00+00:00,0,0.50703424
2026-01-27 08:00:00+00:00,0,0.48691088
2026-01-27 08:05:00+00:00,0,0.48725176
2026-01-27 08:10:00+00:00,0,0.4939872
2026-01-27 08:15:00+00:00,0,0.49266246
2026-01-27 08:20:00+00:00,1,0.4915026
2026-01-27 08:25:00+00:00,0,0.49659008
2026-01-27 08:30:00+00:00,0,0.4956874
2026-01-27 08:35:00+00:00,0,0.50117564
2026-01-27 08:40:00+00:00,0,0.49398115
2026-01-27 08:45:00+00:00,0,0.5000155
2026-01-27 08:50:00+00:00,0,0.48405427
2026-01-27 08:55:00+00:00,0,0.49236235
2026-01-27 09:00:00+00:00,0,0.49345636
2026-01-27 09:05:00+00:00,0,0.510609
2026-01-27 09:10:00+00:00,0,0.512193
2026-01-27 09:15:00+00:00,0,0.512193
2026-01-27 09:20:00+00:00,0,0.510609
2026-01-27 09:25:00+00:00,0,0.5120584
2026-01-27 09:30:00+00:00,1,0.51060236
2026-01-27 09:35:00+00:00,0,0.51176184
2026-01-27 09:40:00+00:00,0,0.50904703
2026-01-27 09:45:00+00:00,1,0.5123825
2026-01-27 09:50:00+00:00,1,0.52100474
2026-01-27 09:55:00+00:00,1,0.51218635
2026-01-27 10:00:00+00:00,1,0.51218635
2026-01-27 10:05:00+00:00,0,0.5099132
2026-01-27 10:10:00+00:00,0,0.4998098
2026-01-27 10:15:00+00:00,0,0.49987713
2026-01-27 10:20:00+00:00,1,0.5019169
2026-01-27 10:25:00+00:00,0,0.48964718
2026-01-27 10:30:00+00:00,0,0.49252668
2026-01-27 10:35:00+00:00,1,0.50445926
2026-01-27 10:40:00+00:00,1,0.5045684
2026-01-27 10:45:00+00:00,1,0.5125737
2026-01-27 10:50:00+00:00,1,0.4968496
2026-01-27 10:55:00+00:00,0,0.50276476
2026-01-27 11:00:00+00:00,1,0.5039306
2026-01-27 11:05:00+00:00,1,0.5094717
2026-01-27 11:10:00+00:00,1,0.5005234
2026-01-27 11:15:00+00:00,1,0.5021418
2026-01-27 11:20:00+00:00,1,0.49812025
2026-01-27 11:25:00+00:00,1,0.5101624
2026-01-27 11:30:00+00:00,0,0.47143486
2026-01-27 11:35:00+00:00,0,0.4821961
2026-01-27 11:40:00+00:00,0,0.47723636
2026-01-27 11:45:00+00:00,0,0.47883242
2026-01-27 11:50:00+00:00,0,0.46811283
2026-01-27 11:55:00+00:00,0,0.4835029
2026-01-27 12:00:00+00:00,0,0.480127
2026-01-27 12:05:00+00:00,0,0.4863544
2026-01-27 12:10:00+00:00,0,0.47826442
2026-01-27 12:15:00+00:00,0,0.4772284
2026-01-27 12:20:00+00:00,0,0.48672092
2026-01-27 12:25:00+00:00,0,0.49498758
2026-01-27 12:30:00+00:00,0,0.49643537
2026-01-27 12:35:00+00:00,0,0.5056508
2026-01-27 12:40:00+00:00,1,0.50863856
2026-01-27 12:45:00+00:00,0,0.5076459
2026-01-27 12:50:00+00:00,0,0.5038296
2026-01-27 12:55:00+00:00,0,0.5091507
2026-01-27 13:00:00+00:00,0,0.4977163
2026-01-27 13:05:00+00:00,0,0.4986914
2026-01-27 13:10:00+00:00,0,0.5027
2026-01-27 13:15:00+00:00,0,0.5037115
2026-01-27 13:20:00+00:00,0,0.5069334
2026-01-27 13:25:00+00:00,0,0.51056516
2026-01-27 13:30:00+00:00,1,0.50955117
2026-01-27 13:35:00+00:00,1,0.50955117
2026-01-27 13:40:00+00:00,1,0.50283456
2026-01-27 13:45:00+00:00,1,0.52141553
2026-01-27 13:50:00+00:00,1,0.5126669
2026-01-27 13:55:00+00:00,1,0.5198333
2026-01-27 14:00:00+00:00,1,0.49941263
2026-01-27 14:05:00+00:00,0,0.4992286
2026-01-27 14:10:00+00:00,0,0.4766917
2026-01-27 14:15:00+00:00,0,0.48066986
2026-01-27 14:20:00+00:00,0,0.4750103
2026-01-27 14:25:00+00:00,0,0.48246494
2026-01-27 14:30:00+00:00,0,0.48801184
2026-01-27 14:35:00+00:00,1,0.50243616
2026-01-27 14:40:00+00:00,1,0.5087825
2026-01-27 14:45:00+00:00,1,0.50166285
2026-01-27 14:50:00+00:00,1,0.5025656
2026-01-27 14:55:00+00:00,0,0.50243616
2026-01-27 15:00:00+00:00,0,0.4949058
2026-01-27 15:05:00+00:00,0,0.48131976
2026-01-27 15:10:00+00:00,0,0.48348042
2026-01-27 15:15:00+00:00,1,0.5021496
2026-01-27 15:20:00+00:00,1,0.5030529
2026-01-27 15:25:00+00:00,1,0.5094783
2026-01-27 15:30:00+00:00,1,0.51158357
2026-01-27 15:35:00+00:00,1,0.50013524
2026-01-27 15:40:00+00:00,1,0.5012499
2026-01-27 15:45:00+00:00,1,0.47518554
2026-01-27 15:50:00+00:00,1,0.46959624
2026-01-27 15:55:00+00:00,1,0.47597456
2026-01-27 16:00:00+00:00,1,0.47007912
2026-01-27 16:05:00+00:00,1,0.47178096
2026-01-27 16:10:00+00:00,1,0.47921178
2026-01-27 16:15:00+00:00,1,0.48178315
2026-01-27 16:20:00+00:00,1,0.49375668
2026-01-27 16:25:00+00:00,1,0.4808334
2026-01-27 16:30:00+00:00,0,0.47363445
2026-01-27 16:35:00+00:00,0,0.4783644
2026-01-27 16:40:00+00:00,0,0.47956574
2026-01-27 16:45:00+00:00,0,0.48805946
2026-01-27 16:50:00+00:00,0,0.47163194
2026-01-27 16:55:00+00:00,0,0.47664025
2026-01-27 17:00:00+00:00,0,0.49058172
2026-01-27 17:05:00+00:00,0,0.4946196
2026-01-27 17:10:00+00:00,0,0.5057561
2026-01-27 17:15:00+00:00,0,0.5292378
2026-01-27 17:20:00+00:00,0,0.5363895
2026-01-27 17:25:00+00:00,0,0.50669855
2026-01-27 17:30:00+00:00,1,0.5124029
2026-01-27 17:35:00+00:00,1,0.51096016
2026-01-27 17:40:00+00:00,1,0.5148979
2026-01-27 17:45:00+00:00,1,0.5163252
2026-01-27 17:50:00+00:00,1,0.517163
2026-01-27 17:55:00+00:00,1,0.5158963
2026-01-27 18:00:00+00:00,0,0.52288485
2026-01-27 18:05:00+00:00,1,0.52648616
2026-01-27 18:10:00+00:00,1,0.5267505
2026-01-27 18:15:00+00:00,1,0.52204484
2026-01-27 18:20:00+00:00,1,0.520875
2026-01-27 18:25:00+00:00,1,0.51765466
2026-01-27 18:30:00+00:00,1,0.5185217
2026-01-27 18:35:00+00:00,1,0.51310706
2026-01-27 18:40:00+00:00,1,0.5171989
2026-01-27 18:45:00+00:00,1,0.5025845
2026-01-27 18:50:00+00:00,1,0.48608252
2026-01-27 18:55:00+00:00,0,0.47302914
2026-01-27 19:00:00+00:00,0,0.48769265
2026-01-27 19:05:00+00:00,0,0.47768712
2026-01-27 19:10:00+00:00,1,0.4773947
2026-01-27 19:15:00+00:00,1,0.4773947
2026-01-27 19:20:00+00:00,1,0.49105006
2026-01-27 19:25:00+00:00,1,0.48909938
2026-01-27 19:30:00+00:00,1,0.5014215
2026-01-27 19:35:00+00:00,1,0.49685383
2026-01-27 19:40:00+00:00,1,0.48367414
2026-01-27 19:45:00+00:00,1,0.47789186
2026-01-27 19:50:00+00:00,1,0.48011172
2026-01-27 19:55:00+00:00,1,0.47556397
2026-01-27 20:00:00+00:00,1,0.4777635
2026-01-27 20:05:00+00:00,1,0.4824595
2026-01-27 20:10:00+00:00,1,0.4821123
2026-01-27 20:15:00+00:00,1,0.48414165
2026-01-27 20:20:00+00:00,1,0.51446474
2026-01-27 20:25:00+00:00,1,0.5148923
2026-01-27 20:30:00+00:00,1,0.5079755
2026-01-27 20:35:00+00:00,1,0.48946685
2026-01-27 20:40:00+00:00,1,0.49317124
2026-01-27 20:45:00+00:00,0,0.4980552
2026-01-27 20:50:00+00:00,0,0.5045472
2026-01-27 20:55:00+00:00,0,0.4914116
2026-01-27 21:00:00+00:00,0,0.48491126
2026-01-27 21:05:00+00:00,0,0.49006492
2026-01-27 21:10:00+00:00,0,0.4895051
2026-01-27 21:15:00+00:00,0,0.48976153
2026-01-27 21:20:00+00:00,0,0.50979006
2026-01-27 21:25:00+00:00,0,0.5107365
2026-01-27 21:30:00+00:00,1,0.5028972
2026-01-27 21:35:00+00:00,1,0.5040345
2026-01-27 21:40:00+00:00,1,0.50035113
2026-01-27 21:45:00+00:00,1,0.49770755
2026-01-27 21:50:00+00:00,1,0.5048588
2026-01-27 21:55:00+00:00,1,0.52065706
2026-01-27 22:00:00+00:00,1,0.48668513
2026-01-27 22:05:00+00:00,1,0.5070544
2026-01-27 22:10:00+00:00,1,0.49318412
2026-01-27 22:15:00+00:00,1,0.51289093
2026-01-27 22:20:00+00:00,1,0.51036245
2026-01-27 22:25:00+00:00,1,0.51675564
2026-01-27 22:30:00+00:00,0,0.50985855
2026-01-27 22:35:00+00:00,0,0.49682465
2026-01-27 22:40:00+00:00,0,0.4977912
2026-01-27 22:45:00+00:00,0,0.52174795
2026-01-27 22:50:00+00:00,1,0.5207434
2026-01-27 22:55:00+00:00,1,0.5170729
2026-01-27 23:00:00+00:00,1,0.51628405
2026-01-27 23:05:00+00:00,1,0.51095635
2026-01-27 23:10:00+00:00,0,0.49889863
2026-01-27 23:15:00+00:00,1,0.50833684
2026-01-27 23:20:00+00:00,0,0.50703746
2026-01-27 23:25:00+00:00,0,0.50025624
2026-01-27 23:30:00+00:00,0,0.5019389
2026-01-27 23:35:00+00:00,0,0.49133772
2026-01-27 23:40:00+00:00,0,0.49600908
2026-01-27 23:45:00+00:00,0,0.4959884
2026-01-27 23:50:00+00:00,0,0.52278394
2026-01-27 23:55:00+00:00,0,0.51972
2026-01-28 00:00:00+00:00,0,0.5229361
2026-01-28 00:05:00+00:00,0,0.5229361
2026-01-28 00:10:00+00:00,0,0.5256746
2026-01-28 00:15:00+00:00,1,0.52100325
2026-01-28 00:20:00+00:00,0,0.5256746
2026-01-28 00:25:00+00:00,1,0.5245662
2026-01-28 00:30:00+00:00,1,0.5245662
2026-01-28 00:35:00+00:00,0,0.5245662
2026-01-28 00:40:00+00:00,0,0.5245662
2026-01-28 00:45:00+00:00,0,0.5112214
2026-01-28 00:50:00+00:00,0,0.51462203
2026-01-28 00:55:00+00:00,0,0.5161152
2026-01-28 01:00:00+00:00,0,0.5127377
2026-01-28 01:05:00+00:00,0,0.5167923
2026-01-28 01:10:00+00:00,0,0.52123404
2026-01-28 01:15:00+00:00,0,0.52356076
2026-01-28 01:20:00+00:00,1,0.52932626
2026-01-28 01:25:00+00:00,1,0.52495706
2026-01-28 01:30:00+00:00,1,0.5271149
2026-01-28 01:35:00+00:00,1,0.5245662
2026-01-28 01:40:00+00:00,0,0.51629937
2026-01-28 01:45:00+00:00,1,0.52306443
2026-01-28 01:50:00+00:00,0,0.5211497
2026-01-28 01:55:00+00:00,1,0.5198365
2026-01-28 02:00:00+00:00,0,0.5222546
2026-01-28 02:05:00+00:00,0,0.52506703
2026-01-28 02:10:00+00:00,0,0.5249853
2026-01-28 02:15:00+00:00,0,0.5223081
2026-01-28 02:20:00+00:00,0,0.52212244
2026-01-28 02:25:00+00:00,0,0.5210841
2026-01-28 02:30:00+00:00,1,0.52747786
2026-01-28 02:35:00+00:00,0,0.5267978
2026-01-28 02:40:00+00:00,0,0.5309406
2026-01-28 02:45:00+00:00,0,0.52544606
2026-01-28 02:50:00+00:00,0,0.5229059
2026-01-28 02:55:00+00:00,0,0.5076897
2026-01-28 03:00:00+00:00,0,0.5147709
2026-01-28 03:05:00+00:00,0,0.51554346
2026-01-28 03:10:00+00:00,1,0.5155319
2026-01-28 03:15:00+00:00,1,0.5277818
2026-01-28 03:20:00+00:00,1,0.5277818
2026-01-28 03:25:00+00:00,0,0.5286817
2026-01-28 03:30:00+00:00,0,0.5078169
2026-01-28 03:35:00+00:00,0,0.5260635
2026-01-28 03:40:00+00:00,0,0.52410084
2026-01-28 03:45:00+00:00,0,0.5222934
2026-01-28 03:50:00+00:00,0,0.51367277
2026-01-28 03:55:00+00:00,0,0.5299821
2026-01-28 04:00:00+00:00,0,0.52302843
2026-01-28 04:05:00+00:00,1,0.5310507
2026-01-28 04:10:00+00:00,0,0.5310507
2026-01-28 04:15:00+00:00,0,0.52947164
2026-01-28 04:20:00+00:00,0,0.5310507
2026-01-28 04:25:00+00:00,1,0.52947164
2026-01-28 04:30:00+00:00,1,0.52354497
2026-01-28 04:35:00+00:00,1,0.52354497
2026-01-28 04:40:00+00:00,1,0.52354497
2026-01-28 04:45:00+00:00,1,0.5242623
2026-01-28 04:50:00+00:00,1,0.52444565
2026-01-28 04:55:00+00:00,0,0.5251629
2026-01-28 05:00:00+00:00,0,0.51784796
2026-01-28 05:05:00+00:00,1,0.5202279
2026-01-28 05:10:00+00:00,1,0.5198967
2026-01-28 05:15:00+00:00,1,0.5198967
2026-01-28 05:20:00+00:00,1,0.5214179
2026-01-28 05:25:00+00:00,1,0.5268097
2026-01-28 05:30:00+00:00,1,0.5182065
2026-01-28 05:35:00+00:00,1,0.5030702
2026-01-28 05:40:00+00:00,1,0.49380666
2026-01-28 05:45:00+00:00,1,0.48211864
2026-01-28 05:50:00+00:00,1,0.49650565
2026-01-28 05:55:00+00:00,1,0.48698744
2026-01-28 06:00:00+00:00,0,0.47757018
2026-01-28 06:05:00+00:00,0,0.48496208
2026-01-28 06:10:00+00:00,0,0.4802332
2026-01-28 06:15:00+00:00,0,0.48110256
2026-01-28 06:20:00+00:00,1,0.47685906
2026-01-28 06:25:00+00:00,1,0.49246138
2026-01-28 06:30:00+00:00,1,0.48381606
2026-01-28 06:35:00+00:00,1,0.50240135
2026-01-28 06:40:00+00:00,1,0.49343917
2026-01-28 06:45:00+00:00,1,0.4925686
2026-01-28 06:50:00+00:00,0,0.4744195
2026-01-28 06:55:00+00:00,0,0.48505
2026-01-28 07:00:00+00:00,0,0.47381213
2026-01-28 07:05:00+00:00,0,0.47415054
2026-01-28 07:10:00+00:00,0,0.4844802
2026-01-28 07:15:00+00:00,0,0.49339738
2026-01-28 07:20:00+00:00,0,0.49142402
2026-01-28 07:25:00+00:00,0,0.4943586
2026-01-28 07:30:00+00:00,1,0.50067174
2026-01-28 07:35:00+00:00,1,0.49869794
2026-01-28 07:40:00+00:00,1,0.500295
2026-01-28 07:45:00+00:00,1,0.49628595
2026-01-28 07:50:00+00:00,1,0.5097688
2026-01-28 07:55:00+00:00,1,0.50149125
2026-01-28 08:00:00+00:00,0,0.49935758
2026-01-28 08:05:00+00:00,1,0.5009538
2026-01-28 08:10:00+00:00,0,0.4978871
2026-01-28 08:15:00+00:00,0,0.4924704
2026-01-28 08:20:00+00:00,0,0.48976228
2026-01-28 08:25:00+00:00,0,0.49426115
2026-01-28 08:30:00+00:00,0,0.5012005
2026-01-28 08:35:00+00:00,0,0.498599
2026-01-28 08:40:00+00:00,0,0.5007507
2026-01-28 08:45:00+00:00,0,0.5080262
2026-01-28 08:50:00+00:00,0,0.5000404
2026-01-28 08:55:00+00:00,1,0.50043094
2026-01-28 09:00:00+00:00,1,0.50763136
2026-01-28 09:05:00+00:00,1,0.49463022
2026-01-28 09:10:00+00:00,1,0.49751946
2026-01-28 09:15:00+00:00,1,0.5054506
2026-01-28 09:20:00+00:00,1,0.499398
2026-01-28 09:25:00+00:00,1,0.4990472
2026-01-28 09:30:00+00:00,1,0.47673988
2026-01-28 09:35:00+00:00,1,0.46948487
2026-01-28 09:40:00+00:00,1,0.47064474
2026-01-28 09:45:00+00:00,1,0.47923422
2026-01-28 09:50:00+00:00,1,0.4783403
2026-01-28 09:55:00+00:00,0,0.46988517
2026-01-28 10:00:00+00:00,0,0.46944672
2026-01-28 10:05:00+00:00,0,0.47031426
2026-01-28 10:10:00+00:00,0,0.46939033
2026-01-28 10:15:00+00:00,0,0.47739497
2026-01-28 10:20:00+00:00,0,0.48051012
2026-01-28 10:25:00+00:00,0,0.49109203
2026-01-28 10:30:00+00:00,0,0.48392525
2026-01-28 10:35:00+00:00,1,0.4943118
2026-01-28 10:40:00+00:00,0,0.48224515
2026-01-28 10:45:00+00:00,1,0.4749093
2026-01-28 10:50:00+00:00,1,0.4891862
2026-01-28 10:55:00+00:00,1,0.49258232
2026-01-28 11:00:00+00:00,1,0.503481
2026-01-28 11:05:00+00:00,1,0.4912006
2026-01-28 11:10:00+00:00,1,0.48954865
2026-01-28 11:15:00+00:00,1,0.47896114
2026-01-28 11:20:00+00:00,1,0.48201016
2026-01-28 11:25:00+00:00,1,0.48561534
2026-01-28 11:30:00+00:00,1,0.4880513
2026-01-28 11:35:00+00:00,1,0.4914504
2026-01-28 11:40:00+00:00,1,0.47406465
2026-01-28 11:45:00+00:00,0,0.472637
2026-01-28 11:50:00+00:00,0,0.47611946
2026-01-28 11:55:00+00:00,0,0.47452417
2026-01-28 12:00:00+00:00,0,0.47611946
2026-01-28 12:05:00+00:00,0,0.47517487
2026-01-28 12:10:00+00:00,0,0.4839037
2026-01-28 12:15:00+00:00,0,0.48210534
2026-01-28 12:20:00+00:00,0,0.49201074
2026-01-28 12:25:00+00:00,0,0.4947193
2026-01-28 12:30:00+00:00,1,0.50311106
2026-01-28 12:35:00+00:00,0,0.49764532
2026-01-28 12:40:00+00:00,1,0.50478697
2026-01-28 12:45:00+00:00,1,0.5067204
2026-01-28 12:50:00+00:00,1,0.49452692
2026-01-28 12:55:00+00:00,1,0.49953777
2026-01-28 13:00:00+00:00,1,0.49360293
2026-01-28 13:05:00+00:00,1,0.49992514
2026-01-28 13:10:00+00:00,1,0.48791435
2026-01-28 13:15:00+00:00,1,0.49234062
2026-01-28 13:20:00+00:00,1,0.49817196
2026-01-28 13:25:00+00:00,0,0.49725768
2026-01-28 13:30:00+00:00,0,0.49594885
2026-01-28 13:35:00+00:00,0,0.50157803
2026-01-28 13:40:00+00:00,0,0.48690236
2026-01-28 13:45:00+00:00,0,0.5000491
2026-01-28 13:50:00+00:00,0,0.5029032
2026-01-28 13:55:00+00:00,0,0.5087484
2026-01-28 14:00:00+00:00,0,0.51106197
2026-01-28 14:05:00+00:00,0,0.512706
2026-01-28 14:10:00+00:00,0,0.51057005
2026-01-28 14:15:00+00:00,1,0.51044947
2026-01-28 14:20:00+00:00,1,0.51044947
2026-01-28 14:25:00+00:00,0,0.5057745
2026-01-28 14:30:00+00:00,0,0.5037534
2026-01-28 14:35:00+00:00,0,0.5059779
2026-01-28 14:40:00+00:00,0,0.5000798
2026-01-28 14:45:00+00:00,0,0.5020851
2026-01-28 14:50:00+00:00,0,0.5000798
2026-01-28 14:55:00+00:00,0,0.51066655
2026-01-28 15:00:00+00:00,0,0.50566953
2026-01-28 15:05:00+00:00,1,0.5221672
2026-01-28 15:10:00+00:00,1,0.51857
2026-01-28 15:15:00+00:00,1,0.5207275
2026-01-28 15:20:00+00:00,1,0.5201436
2026-01-28 15:25:00+00:00,0,0.50549895
2026-01-28 15:30:00+00:00,0,0.5141882
2026-01-28 15:35:00+00:00,0,0.50488967
2026-01-28 15:40:00+00:00,0,0.50641483
2026-01-28 15:45:00+00:00,0,0.51474404
2026-01-28 15:50:00+00:00,0,0.50714725
2026-01-28 15:55:00+00:00,1,0.5082522
2026-01-28 16:00:00+00:00,1,0.5228161
2026-01-28 16:05:00+00:00,1,0.5245968
2026-01-28 16:10:00+00:00,1,0.5268644
2026-01-28 16:15:00+00:00,1,0.5274269
2026-01-28 16:20:00+00:00,1,0.5212235
2026-01-28 16:25:00+00:00,0,0.49562222
2026-01-28 16:30:00+00:00,1,0.51644593
2026-01-28 16:35:00+00:00,0,0.5095417
2026-01-28 16:40:00+00:00,1,0.520236
2026-01-28 16:45:00+00:00,1,0.5199407
2026-01-28 16:50:00+00:00,0,0.52058
2026-01-28 16:55:00+00:00,1,0.5198704
2026-01-28 17:00:00+00:00,0,0.51111346
2026-01-28 17:05:00+00:00,1,0.50651395
2026-01-28 17:10:00+00:00,1,0.5097864
2026-01-28 17:15:00+00:00,1,0.50902396
2026-01-28 17:20:00+00:00,1,0.5170986
2026-01-28 17:25:00+00:00,1,0.5236253
2026-01-28 17:30:00+00:00,1,0.52527726
2026-01-28 17:35:00+00:00,0,0.5010931
2026-01-28 17:40:00+00:00,0,0.48442346
2026-01-28 17:45:00+00:00,0,0.4870626
2026-01-28 17:50:00+00:00,0,0.4708122
2026-01-28 17:55:00+00:00,0,0.48064733
2026-01-28 18:00:00+00:00,0,0.5207363
2026-01-28 18:05:00+00:00,0,0.52521783
2026-01-28 18:10:00+00:00,0,0.5148509
2026-01-28 18:15:00+00:00,0,0.5250397
2026-01-28 18:20:00+00:00,0,0.51168424
2026-01-28 18:25:00+00:00,1,0.53537613
2026-01-28 18:30:00+00:00,1,0.53537613
2026-01-28 18:35:00+00:00,1,0.5317041
2026-01-28 18:40:00+00:00,1,0.5367582
2026-01-28 18:45:00+00:00,1,0.5373192
2026-01-28 18:50:00+00:00,1,0.52941656
2026-01-28 18:55:00+00:00,0,0.5252197
2026-01-28 19:00:00+00:00,0,0.5045303
2026-01-28 19:05:00+00:00,0,0.5076251
2026-01-28 19:10:00+00:00,0,0.5171693
2026-01-28 19:15:00+00:00,1,0.51481485
2026-01-28 19:20:00+00:00,1,0.51878095
2026-01-28 19:25:00+00:00,1,0.51755583
2026-01-28 19:30:00+00:00,1,0.53022397
2026-01-28 19:35:00+00:00,1,0.51548684
2026-01-28 19:40:00+00:00,1,0.522254
2026-01-28 19:45:00+00:00,1,0.48567614
2026-01-28 19:50:00+00:00,1,0.4852827
2026-01-28 19:55:00+00:00,1,0.5023765
2026-01-28 20:00:00+00:00,1,0.49631834
2026-01-28 20:05:00+00:00,0,0.48906904
2026-01-28 20:10:00+00:00,0,0.50109255
2026-01-28 20:15:00+00:00,0,0.4946736
2026-01-28 20:20:00+00:00,0,0.4883627
2026-01-28 20:25:00+00:00,0,0.48156732
2026-01-28 20:30:00+00:00,0,0.5006753
2026-01-28 20:35:00+00:00,1,0.5114109
2026-01-28 20:40:00+00:00,0,0.52409256
2026-01-28 20:45:00+00:00,1,0.5295629
2026-01-28 20:50:00+00:00,1,0.5210317
2026-01-28 20:55:00+00:00,1,0.5244726
2026-01-28 21:00:00+00:00,1,0.53099334
2026-01-28 21:05:00+00:00,0,0.49152952
2026-01-28 21:10:00+00:00,1,0.5144232
2026-01-28 21:15:00+00:00,1,0.5026905
2026-01-28 21:20:00+00:00,1,0.5150337
2026-01-28 21:25:00+00:00,1,0.512356
2026-01-28 21:30:00+00:00,1,0.52588344
2026-01-28 21:35:00+00:00,1,0.5198638
2026-01-28 21:40:00+00:00,0,0.51855433
2026-01-28 21:45:00+00:00,0,0.51143396
2026-01-28 21:50:00+00:00,0,0.49652988
2026-01-28 21:55:00+00:00,1,0.5217109
2026-01-28 22:00:00+00:00,1,0.5177804
2026-01-28 22:05:00+00:00,1,0.520369
2026-01-28 22:10:00+00:00,1,0.5273151
2026-01-28 22:15:00+00:00,1,0.5201343
2026-01-28 22:20:00+00:00,1,0.5257379
2026-01-28 22:25:00+00:00,1,0.50626093
2026-01-28 22:30:00+00:00,1,0.50626093
2026-01-28 22:35:00+00:00,1,0.49851242
2026-01-28 22:40:00+00:00,1,0.4841288
2026-01-28 22:45:00+00:00,1,0.4797766
2026-01-28 22:50:00+00:00,0,0.49085397
2026-01-28 22:55:00+00:00,0,0.48705554
2026-01-28 23:00:00+00:00,0,0.47760203
2026-01-28 23:05:00+00:00,0,0.49339065
2026-01-28 23:10:00+00:00,0,0.49171034
2026-01-28 23:15:00+00:00,0,0.487089
2026-01-28 23:20:00+00:00,0,0.49183443
2026-01-28 23:25:00+00:00,0,0.5086663
2026-01-28 23:30:00+00:00,0,0.52009267
2026-01-28 23:35:00+00:00,0,0.51396906
2026-01-28 23:40:00+00:00,0,0.51568943
2026-01-28 23:45:00+00:00,0,0.51801395
2026-01-28 23:50:00+00:00,0,0.51705366
2026-01-28 23:55:00+00:00,0,0.51705366
2026-01-29 00:00:00+00:00,0,0.51705366
2026-01-29 00:05:00+00:00,0,0.5229361
2026-01-29 00:10:00+00:00,0,0.52140284
2026-01-29 00:15:00+00:00,0,0.51946944
2026-01-29 00:20:00+00:00,0,0.5245662
2026-01-29 00:25:00+00:00,0,0.5245662
2026-01-29 00:30:00+00:00,1,0.5229361
2026-01-29 00:35:00+00:00,1,0.5229361
2026-01-29 00:40:00+00:00,1,0.5254667
2026-01-29 00:45:00+00:00,0,0.525201
2026-01-29 00:50:00+00:00,0,0.5299984
2026-01-29 00:55:00+00:00,0,0.5161076
2026-01-29 01:00:00+00:00,0,0.5156226
2026-01-29 01:05:00+00:00,0,0.51994103
2026-01-29 01:10:00+00:00,0,0.5211352
2026-01-29 01:15:00+00:00,0,0.52930486
2026-01-29 01:20:00+00:00,0,0.52930486
2026-01-29 01:25:00+00:00,0,0.53074974
2026-01-29 01:30:00+00:00,0,0.5291706
2026-01-29 01:35:00+00:00,0,0.53074974
2026-01-29 01:40:00+00:00,1,0.52052635
2026-01-29 01:45:00+00:00,1,0.5195161
2026-01-29 01:50:00+00:00,1,0.51900625
2026-01-29 01:55:00+00:00,1,0.52446014
2026-01-29 02:00:00+00:00,0,0.5172164
2026-01-29 02:05:00+00:00,0,0.5246977
2026-01-29 02:10:00+00:00,0,0.5209548
2026-01-29 02:15:00+00:00,0,0.52313644
2026-01-29 02:20:00+00:00,0,0.52165675
2026-01-29 02:25:00+00:00,0,0.5267978
2026-01-29 02:30:00+00:00,0,0.530405
2026-01-29 02:35:00+00:00,0,0.52882564
2026-01-29 02:40:00+00:00,1,0.52845365
2026-01-29 02:45:00+00:00,1,0.53033966
2026-01-29 02:50:00+00:00,1,0.5288946
2026-01-29 02:55:00+00:00,1,0.522136
2026-01-29 03:00:00+00:00,0,0.52742356
2026-01-29 03:05:00+00:00,0,0.5258445
2026-01-29 03:10:00+00:00,0,0.52024627
2026-01-29 03:15:00+00:00,0,0.5248787
2026-01-29 03:20:00+00:00,0,0.5248787
2026-01-29 03:25:00+00:00,1,0.52820283
2026-01-29 03:30:00+00:00,1,0.52820283
2026-01-29 03:35:00+00:00,0,0.52549
2026-01-29 03:40:00+00:00,0,0.52724373
2026-01-29 03:45:00+00:00,0,0.5277619
2026-01-29 03:50:00+00:00,0,0.52724373
2026-01-29 03:55:00+00:00,0,0.52064544
2026-01-29 04:00:00+00:00,0,0.5265268
2026-01-29 04:05:00+00:00,0,0.528731
2026-01-29 04:10:00+00:00,1,0.5293416
2026-01-29 04:15:00+00:00,1,0.52954364
2026-01-29 04:20:00+00:00,1,0.5311227
2026-01-29 04:25:00+00:00,1,0.5277357
2026-01-29 04:30:00+00:00,1,0.5261555
2026-01-29 04:35:00+00:00,0,0.517353
2026-01-29 04:40:00+00:00,1,0.52475744
2026-01-29 04:45:00+00:00,1,0.51974416
2026-01-29 04:50:00+00:00,0,0.50486135
2026-01-29 04:55:00+00:00,1,0.528838
2026-01-29 05:00:00+00:00,0,0.52332145
2026-01-29 05:05:00+00:00,1,0.5217847
2026-01-29 05:10:00+00:00,0,0.5170525
2026-01-29 05:15:00+00:00,0,0.52149177
2026-01-29 05:20:00+00:00,1,0.5227105
2026-01-29 05:25:00+00:00,1,0.5173091
2026-01-29 05:30:00+00:00,1,0.5064162
2026-01-29 05:35:00+00:00,0,0.5069816
2026-01-29 05:40:00+00:00,1,0.50728214
2026-01-29 05:45:00+00:00,1,0.5001035
2026-01-29 05:50:00+00:00,1,0.47992572
2026-01-29 05:55:00+00:00,1,0.49009138
2026-01-29 06:00:00+00:00,1,0.4890914
2026-01-29 06:05:00+00:00,1,0.49482512
2026-01-29 06:10:00+00:00,1,0.492127
2026-01-29 06:15:00+00:00,1,0.48929211
2026-01-29 06:20:00+00:00,1,0.48770806
2026-01-29 06:25:00+00:00,1,0.47732723
2026-01-29 06:30:00+00:00,1,0.4776015
2026-01-29 06:35:00+00:00,1,0.48422575
2026-01-29 06:40:00+00:00,1,0.487456
2026-01-29 06:45:00+00:00,1,0.49235636
2026-01-29 06:50:00+00:00,1,0.49660742
2026-01-29 06:55:00+00:00,0,0.48613676
2026-01-29 07:00:00+00:00,0,0.4786468
2026-01-29 07:05:00+00:00,0,0.48985237
2026-01-29 07:10:00+00:00,1,0.49330175
2026-01-29 07:15:00+00:00,1,0.50098246
2026-01-29 07:20:00+00:00,0,0.48977593
2026-01-29 07:25:00+00:00,1,0.51082873
2026-01-29 07:30:00+00:00,0,0.48562655
2026-01-29 07:35:00+00:00,0,0.4890776
2026-01-29 07:40:00+00:00,0,0.48440337
2026-01-29 07:45:00+00:00,0,0.48902172
2026-01-29 07:50:00+00:00,0,0.49189523
2026-01-29 07:55:00+00:00,1,0.49464223
2026-01-29 08:00:00+00:00,0,0.50500494
2026-01-29 08:05:00+00:00,1,0.50713456
2026-01-29 08:10:00+00:00,0,0.5080727
2026-01-29 08:15:00+00:00,0,0.5090446
2026-01-29 08:20:00+00:00,0,0.5117883
2026-01-29 08:25:00+00:00,0,0.49196157
2026-01-29 08:30:00+00:00,0,0.5023176
2026-01-29 08:35:00+00:00,0,0.5038515
2026-01-29 08:40:00+00:00,0,0.5006293
2026-01-29 08:45:00+00:00,1,0.49943298
2026-01-29 08:50:00+00:00,0,0.50796014
2026-01-29 08:55:00+00:00,0,0.49956855
2026-01-29 09:00:00+00:00,0,0.5039707
2026-01-29 09:05:00+00:00,1,0.50357306
2026-01-29 09:10:00+00:00,1,0.50295204
2026-01-29 09:15:00+00:00,0,0.5040062
2026-01-29 09:20:00+00:00,0,0.5046929
2026-01-29 09:25:00+00:00,0,0.49870577
2026-01-29 09:30:00+00:00,0,0.49197665
2026-01-29 09:35:00+00:00,0,0.49786198
2026-01-29 09:40:00+00:00,0,0.50260967
2026-01-29 09:45:00+00:00,0,0.4988078
2026-01-29 09:50:00+00:00,0,0.49971056
2026-01-29 09:55:00+00:00,0,0.5043435
2026-01-29 10:00:00+00:00,0,0.50113875
2026-01-29 10:05:00+00:00,0,0.49805772
2026-01-29 10:10:00+00:00,0,0.49805772
2026-01-29 10:15:00+00:00,0,0.49805772
2026-01-29 10:20:00+00:00,0,0.50042045
2026-01-29 10:25:00+00:00,0,0.48749584
2026-01-29 10:30:00+00:00,0,0.50515425
2026-01-29 10:35:00+00:00,0,0.49905556
2026-01-29 10:40:00+00:00,1,0.5072955
2026-01-29 10:45:00+00:00,0,0.5089291
2026-01-29 10:50:00+00:00,0,0.50221205
2026-01-29 10:55:00+00:00,0,0.48345947
2026-01-29 11:00:00+00:00,0,0.49799865
2026-01-29 11:05:00+00:00,0,0.5000615
2026-01-29 11:10:00+00:00,0,0.49824417
2026-01-29 11:15:00+00:00,0,0.5192582
2026-01-29 11:20:00+00:00,1,0.5192582
2026-01-29 11:25:00+00:00,1,0.5186464
2026-01-29 11:30:00+00:00,0,0.5208039
2026-01-29 11:35:00+00:00,1,0.51996785
2026-01-29 11:40:00+00:00,0,0.49991512
2026-01-29 11:45:00+00:00,0,0.5133552
2026-01-29 11:50:00+00:00,0,0.5145144
2026-01-29 11:55:00+00:00,0,0.5131446
2026-01-29 12:00:00+00:00,0,0.5128631
2026-01-29 12:05:00+00:00,0,0.5143466
2026-01-29 12:10:00+00:00,0,0.5134445
2026-01-29 12:15:00+00:00,0,0.5126669
2026-01-29 12:20:00+00:00,0,0.5128631
2026-01-29 12:25:00+00:00,0,0.52238584
2026-01-29 12:30:00+00:00,0,0.5208039
2026-01-29 12:35:00+00:00,1,0.5099883
2026-01-29 12:40:00+00:00,1,0.5196505
2026-01-29 12:45:00+00:00,1,0.5196505
2026-01-29 12:50:00+00:00,1,0.5133052
2026-01-29 12:55:00+00:00,1,0.5196505
2026-01-29 13:00:00+00:00,1,0.51190454
2026-01-29 13:05:00+00:00,0,0.49818563
2026-01-29 13:10:00+00:00,0,0.5086793
2026-01-29 13:15:00+00:00,1,0.51147795
2026-01-29 13:20:00+00:00,0,0.5136952
2026-01-29 13:25:00+00:00,0,0.5034512
2026-01-29 13:30:00+00:00,0,0.51575756
2026-01-29 13:35:00+00:00,1,0.5188437
2026-01-29 13:40:00+00:00,1,0.51575756
2026-01-29 13:45:00+00:00,0,0.51322377
2026-01-29 13:50:00+00:00,1,0.51673114
2026-01-29 13:55:00+00:00,0,0.50704515
2026-01-29 14:00:00+00:00,0,0.505778
2026-01-29 14:05:00+00:00,0,0.48409984
2026-01-29 14:10:00+00:00,0,0.5054792
2026-01-29 14:15:00+00:00,0,0.5131352
2026-01-29 14:20:00+00:00,0,0.51186454
2026-01-29 14:25:00+00:00,0,0.52496195
2026-01-29 14:30:00+00:00,0,0.52485675
2026-01-29 14:35:00+00:00,0,0.52499115
2026-01-29 14:40:00+00:00,0,0.52451825
2026-01-29 14:45:00+00:00,0,0.5259569
2026-01-29 14:50:00+00:00,0,0.5206433
2026-01-29 14:55:00+00:00,0,0.52245307
2026-01-29 15:00:00+00:00,0,0.52774656
2026-01-29 15:05:00+00:00,0,0.5301857
2026-01-29 15:10:00+00:00,0,0.5339792
2026-01-29 15:15:00+00:00,0,0.52267855
2026-01-29 15:20:00+00:00,0,0.5223728
2026-01-29 15:25:00+00:00,0,0.5169871
2026-01-29 15:30:00+00:00,0,0.5169871
2026-01-29 15:35:00+00:00,0,0.5043115
2026-01-29 15:40:00+00:00,1,0.51843536
2026-01-29 15:45:00+00:00,1,0.5171268
2026-01-29 15:50:00+00:00,0,0.5169871
2026-01-29 15:55:00+00:00,0,0.515822
2026-01-29 16:00:00+00:00,1,0.51842767
2026-01-29 16:05:00+00:00,1,0.51662874
2026-01-29 16:10:00+00:00,1,0.5144009
2026-01-29 16:15:00+00:00,1,0.51971966
2026-01-29 16:20:00+00:00,1,0.5247757
2026-01-29 16:25:00+00:00,1,0.5157032
2026-01-29 16:30:00+00:00,1,0.51845604
2026-01-29 16:35:00+00:00,1,0.50631297
2026-01-29 16:40:00+00:00,1,0.5097533
2026-01-29 16:45:00+00:00,1,0.5088826
2026-01-29 16:50:00+00:00,1,0.49559838
2026-01-29 16:55:00+00:00,1,0.48469675
2026-01-29 17:00:00+00:00,0,0.46532348
2026-01-29 17:05:00+00:00,0,0.4682846
2026-01-29 17:10:00+00:00,0,0.45899382
2026-01-29 17:15:00+00:00,0,0.47821242
2026-01-29 17:20:00+00:00,0,0.49143243
2026-01-29 17:25:00+00:00,0,0.49626502
2026-01-29 17:30:00+00:00,0,0.49426225
2026-01-29 17:35:00+00:00,0,0.49969512
2026-01-29 17:40:00+00:00,0,0.49755728
2026-01-29 17:45:00+00:00,0,0.5122193
2026-01-29 17:50:00+00:00,0,0.5177729
2026-01-29 17:55:00+00:00,0,0.51648426
2026-01-29 18:00:00+00:00,0,0.52062386
2026-01-29 18:05:00+00:00,0,0.51779515
2026-01-29 18:10:00+00:00,0,0.51983345
2026-01-29 18:15:00+00:00,0,0.54171896
2026-01-29 18:20:00+00:00,0,0.54150325
2026-01-29 18:25:00+00:00,0,0.5261646
2026-01-29 18:30:00+00:00,0,0.54314435
2026-01-29 18:35:00+00:00,0,0.5415709
2026-01-29 18:40:00+00:00,0,0.52373713
2026-01-29 18:45:00+00:00,0,0.5274423
2026-01-29 18:50:00+00:00,0,0.5222253
2026-01-29 18:55:00+00:00,1,0.5224277
2026-01-29 19:00:00+00:00,1,0.5310047
2026-01-29 19:05:00+00:00,1,0.5320409
2026-01-29 19:10:00+00:00,1,0.5320409
2026-01-29 19:15:00+00:00,1,0.530334
2026-01-29 19:20:00+00:00,1,0.52442205
2026-01-29 19:25:00+00:00,1,0.51898223
2026-01-29 19:30:00+00:00,0,0.5207047
2026-01-29 19:35:00+00:00,1,0.5245671
2026-01-29 19:40:00+00:00,0,0.5229716
2026-01-29 19:45:00+00:00,1,0.5255832
2026-01-29 19:50:00+00:00,1,0.5235984
2026-01-29 19:55:00+00:00,1,0.5184864
2026-01-29 20:00:00+00:00,1,0.5298045
2026-01-29 20:05:00+00:00,1,0.52464145
2026-01-29 20:10:00+00:00,1,0.52868503
2026-01-29 20:15:00+00:00,1,0.5006753
2026-01-29 20:20:00+00:00,1,0.48145908
2026-01-29 20:25:00+00:00,1,0.49887386
2026-01-29 20:30:00+00:00,1,0.48503372
2026-01-29 20:35:00+00:00,1,0.49780744
2026-01-29 20:40:00+00:00,1,0.4832908
2026-01-29 20:45:00+00:00,1,0.48621172
2026-01-29 20:50:00+00:00,1,0.4931209
2026-01-29 20:55:00+00:00,1,0.49046114
2026-01-29 21:00:00+00:00,0,0.48631674
2026-01-29 21:05:00+00:00,0,0.4880967
2026-01-29 21:10:00+00:00,1,0.49432418
2026-01-29 21:15:00+00:00,1,0.4817504
2026-01-29 21:20:00+00:00,1,0.49114951
2026-01-29 21:25:00+00:00,1,0.48606607
2026-01-29 21:30:00+00:00,1,0.50504595
2026-01-29 21:35:00+00:00,1,0.4874521
2026-01-29 21:40:00+00:00,0,0.48658112
2026-01-29 21:45:00+00:00,0,0.48084712
2026-01-29 21:50:00+00:00,1,0.48658112
2026-01-29 21:55:00+00:00,1,0.48165858
2026-01-29 22:00:00+00:00,0,0.47949928
2026-01-29 22:05:00+00:00,0,0.48859712
2026-01-29 22:10:00+00:00,1,0.5054545
2026-01-29 22:15:00+00:00,0,0.49266878
2026-01-29 22:20:00+00:00,0,0.49961823
2026-01-29 22:25:00+00:00,0,0.5034051
2026-01-29 22:30:00+00:00,0,0.5091751
2026-01-29 22:35:00+00:00,0,0.50034213
2026-01-29 22:40:00+00:00,0,0.50132495
2026-01-29 22:45:00+00:00,0,0.5061501
2026-01-29 22:50:00+00:00,0,0.51110935
2026-01-29 22:55:00+00:00,0,0.50180125
2026-01-29 23:00:00+00:00,1,0.52415013
2026-01-29 23:05:00+00:00,1,0.5264826
2026-01-29 23:10:00+00:00,1,0.5250507
2026-01-29 23:15:00+00:00,1,0.52383685
2026-01-29 23:20:00+00:00,1,0.5245662
2026-01-29 23:25:00+00:00,1,0.51259744
2026-01-29 23:30:00+00:00,1,0.51367533
2026-01-29 23:35:00+00:00,1,0.51663053
2026-01-29 23:40:00+00:00,0,0.5152831
2026-01-29 23:45:00+00:00,0,0.51273066
2026-01-29 23:50:00+00:00,0,0.51522815
2026-01-29 23:55:00+00:00,0,0.5167598
2026-01-30 00:00:00+00:00,0,0.49099767
2026-01-30 00:05:00+00:00,0,0.5101949
2026-01-30 00:10:00+00:00,0,0.5179128
2026-01-30 00:15:00+00:00,1,0.5244292
2026-01-30 00:20:00+00:00,1,0.52628255
2026-01-30 00:25:00+00:00,1,0.53146124
2026-01-30 00:30:00+00:00,1,0.5287263
2026-01-30 00:35:00+00:00,1,0.50892746
2026-01-30 00:40:00+00:00,1,0.5126271
2026-01-30 00:45:00+00:00,0,0.50617766
2026-01-30 00:50:00+00:00,1,0.5122994
2026-01-30 00:55:00+00:00,0,0.51062936
2026-01-30 01:00:00+00:00,0,0.5206948
2026-01-30 01:05:00+00:00,0,0.5097323
2026-01-30 01:10:00+00:00,0,0.5237753
2026-01-30 01:15:00+00:00,0,0.5058181
2026-01-30 01:20:00+00:00,0,0.5160799
2026-01-30 01:25:00+00:00,0,0.51904297
2026-01-30 01:30:00+00:00,0,0.5288446
2026-01-30 01:35:00+00:00,0,0.5261908
2026-01-30 01:40:00+00:00,1,0.55299777
2026-01-30 01:45:00+00:00,1,0.5596679
2026-01-30 01:50:00+00:00,0,0.5596679
2026-01-30 01:55:00+00:00,0,0.5550199
2026-01-30 02:00:00+00:00,0,0.5463934
2026-01-30 02:05:00+00:00,1,0.5315309
2026-01-30 02:10:00+00:00,1,0.5315309
2026-01-30 02:15:00+00:00,1,0.5426791
2026-01-30 02:20:00+00:00,1,0.52777904
2026-01-30 02:25:00+00:00,1,0.530073
2026-01-30 02:30:00+00:00,1,0.5471794
2026-01-30 02:35:00+00:00,1,0.5419669
2026-01-30 02:40:00+00:00,0,0.5404126
2026-01-30 02:45:00+00:00,1,0.5356917
2026-01-30 02:50:00+00:00,1,0.54258835
2026-01-30 02:55:00+00:00,1,0.5323183
2026-01-30 03:00:00+00:00,0,0.52876383
2026-01-30 03:05:00+00:00,0,0.53057116
2026-01-30 03:10:00+00:00,0,0.5094857
2026-01-30 03:15:00+00:00,0,0.51308626
2026-01-30 03:20:00+00:00,0,0.5097203
2026-01-30 03:25:00+00:00,0,0.5022584
2026-01-30 03:30:00+00:00,1,0.50401706
2026-01-30 03:35:00+00:00,1,0.5009032
2026-01-30 03:40:00+00:00,1,0.49448612
2026-01-30 03:45:00+00:00,1,0.500183
2026-01-30 03:50:00+00:00,1,0.49536115
2026-01-30 03:55:00+00:00,1,0.4846786
2026-01-30 04:00:00+00:00,1,0.48659107
2026-01-30 04:05:00+00:00,1,0.46353495
2026-01-30 04:10:00+00:00,1,0.4802243
2026-01-30 04:15:00+00:00,1,0.47783166
2026-01-30 04:20:00+00:00,0,0.47850478
2026-01-30 04:25:00+00:00,0,0.47845632
2026-01-30 04:30:00+00:00,0,0.48006478
2026-01-30 04:35:00+00:00,0,0.47879007
2026-01-30 04:40:00+00:00,0,0.47330093
2026-01-30 04:45:00+00:00,0,0.478581
2026-01-30 04:50:00+00:00,0,0.47682267
2026-01-30 04:55:00+00:00,1,0.4921908
2026-01-30 05:00:00+00:00,1,0.48795033
2026-01-30 05:05:00+00:00,1,0.4924939
2026-01-30 05:10:00+00:00,0,0.49453336
2026-01-30 05:15:00+00:00,0,0.5024236
2026-01-30 05:20:00+00:00,0,0.4905566
2026-01-30 05:25:00+00:00,0,0.47757497
2026-01-30 05:30:00+00:00,0,0.4751947
2026-01-30 05:35:00+00:00,0,0.4855719
2026-01-30 05:40:00+00:00,0,0.5044877
2026-01-30 05:45:00+00:00,0,0.50416195
2026-01-30 05:50:00+00:00,0,0.51784533
2026-01-30 05:55:00+00:00,0,0.5320869
2026-01-30 06:00:00+00:00,0,0.5363829
2026-01-30 06:05:00+00:00,0,0.5363829
2026-01-30 06:10:00+00:00,0,0.5363829
2026-01-30 06:15:00+00:00,0,0.5357122
2026-01-30 06:20:00+00:00,0,0.5250448
2026-01-30 06:25:00+00:00,0,0.5385621
2026-01-30 06:30:00+00:00,0,0.5385621
2026-01-30 06:35:00+00:00,1,0.5385621
2026-01-30 06:40:00+00:00,1,0.5326836
2026-01-30 06:45:00+00:00,1,0.53244627
2026-01-30 06:50:00+00:00,1,0.53276104
2026-01-30 06:55:00+00:00,1,0.53581685
2026-01-30 07:00:00+00:00,1,0.5202607
2026-01-30 07:05:00+00:00,1,0.50871295
2026-01-30 07:10:00+00:00,0,0.5120346
2026-01-30 07:15:00+00:00,0,0.5058882
2026-01-30 07:20:00+00:00,1,0.5178267
2026-01-30 07:25:00+00:00,1,0.5195747
2026-01-30 07:30:00+00:00,1,0.51926357
2026-01-30 07:35:00+00:00,1,0.51664764
2026-01-30 07:40:00+00:00,1,0.5117488
2026-01-30 07:45:00+00:00,0,0.5084691
2026-01-30 07:50:00+00:00,0,0.48266625
2026-01-30 07:55:00+00:00,0,0.49206245
2026-01-30 08:00:00+00:00,0,0.48299584
2026-01-30 08:05:00+00:00,0,0.48160106
2026-01-30 08:10:00+00:00,0,0.4861031
2026-01-30 08:15:00+00:00,0,0.4868581
2026-01-30 08:20:00+00:00,0,0.48869538
2026-01-30 08:25:00+00:00,0,0.49368328
2026-01-30 08:30:00+00:00,1,0.5166816
2026-01-30 08:35:00+00:00,1,0.51668555
2026-01-30 08:40:00+00:00,1,0.5160264
2026-01-30 08:45:00+00:00,0,0.50361854
2026-01-30 08:50:00+00:00,0,0.50668645
2026-01-30 08:55:00+00:00,0,0.50613815
2026-01-30 09:00:00+00:00,0,0.50384957
2026-01-30 09:05:00+00:00,1,0.5176388
2026-01-30 09:10:00+00:00,1,0.51353836
2026-01-30 09:15:00+00:00,0,0.51730055
2026-01-30 09:20:00+00:00,0,0.52163553
2026-01-30 09:25:00+00:00,1,0.51241994
2026-01-30 09:30:00+00:00,0,0.51783484
2026-01-30 09:35:00+00:00,0,0.51783484
2026-01-30 09:40:00+00:00,0,0.5187707
2026-01-30 09:45:00+00:00,1,0.519226
2026-01-30 09:50:00+00:00,1,0.5186058
2026-01-30 09:55:00+00:00,1,0.523931
2026-01-30 10:00:00+00:00,1,0.52620775
2026-01-30 10:05:00+00:00,1,0.52524203
2026-01-30 10:10:00+00:00,1,0.5137021
2026-01-30 10:15:00+00:00,1,0.5142503
2026-01-30 10:20:00+00:00,0,0.5047661
2026-01-30 10:25:00+00:00,1,0.510469
2026-01-30 10:30:00+00:00,1,0.51315695
2026-01-30 10:35:00+00:00,1,0.5134354
2026-01-30 10:40:00+00:00,1,0.5118385
2026-01-30 10:45:00+00:00,1,0.5064332
2026-01-30 10:50:00+00:00,1,0.5023393
2026-01-30 10:55:00+00:00,1,0.5000559
2026-01-30 11:00:00+00:00,1,0.4770033
2026-01-30 11:05:00+00:00,1,0.48467967
2026-01-30 11:10:00+00:00,1,0.47144204
2026-01-30 11:15:00+00:00,1,0.4895177
2026-01-30 11:20:00+00:00,1,0.4851888
2026-01-30 11:25:00+00:00,1,0.48082656
2026-01-30 11:30:00+00:00,1,0.47699702
2026-01-30 11:35:00+00:00,1,0.47399136
2026-01-30 11:40:00+00:00,1,0.476069
2026-01-30 11:45:00+00:00,1,0.47942826
2026-01-30 11:50:00+00:00,0,0.4747742
2026-01-30 11:55:00+00:00,0,0.47575638
2026-01-30 12:00:00+00:00,0,0.47395504
2026-01-30 12:05:00+00:00,0,0.47613254
2026-01-30 12:10:00+00:00,0,0.47613254
2026-01-30 12:15:00+00:00,0,0.4839686
2026-01-30 12:20:00+00:00,0,0.48023134
2026-01-30 12:25:00+00:00,1,0.477164
2026-01-30 12:30:00+00:00,0,0.48118886
2026-01-30 12:35:00+00:00,0,0.47918144
2026-01-30 12:40:00+00:00,0,0.4945993
2026-01-30 12:45:00+00:00,0,0.48354566
2026-01-30 12:50:00+00:00,0,0.5032982
2026-01-30 12:55:00+00:00,0,0.49057168
2026-01-30 13:00:00+00:00,0,0.5055524
2026-01-30 13:05:00+00:00,0,0.51112926
2026-01-30 13:10:00+00:00,0,0.5081808
2026-01-30 13:15:00+00:00,0,0.5014195
2026-01-30 13:20:00+00:00,0,0.51615614
2026-01-30 13:25:00+00:00,0,0.503328
2026-01-30 13:30:00+00:00,1,0.50820124
2026-01-30 13:35:00+00:00,1,0.51616627
2026-01-30 13:40:00+00:00,1,0.51147926
2026-01-30 13:45:00+00:00,1,0.5180094
2026-01-30 13:50:00+00:00,1,0.5180094
2026-01-30 13:55:00+00:00,1,0.5037316
2026-01-30 14:00:00+00:00,1,0.50729525
2026-01-30 14:05:00+00:00,1,0.5062109
2026-01-30 14:10:00+00:00,1,0.4938489
2026-01-30 14:15:00+00:00,1,0.5020809
2026-01-30 14:20:00+00:00,0,0.50210756
2026-01-30 14:25:00+00:00,1,0.5099978
2026-01-30 14:30:00+00:00,1,0.4843889
2026-01-30 14:35:00+00:00,1,0.4763837
2026-01-30 14:40:00+00:00,0,0.47460687
2026-01-30 14:45:00+00:00,0,0.48300028
2026-01-30 14:50:00+00:00,0,0.5017003
2026-01-30 14:55:00+00:00,0,0.49372402
2026-01-30 15:00:00+00:00,0,0.48916522
2026-01-30 15:05:00+00:00,0,0.48196608
2026-01-30 15:10:00+00:00,0,0.48548687
2026-01-30 15:15:00+00:00,1,0.50548625
2026-01-30 15:20:00+00:00,1,0.51366967
2026-01-30 15:25:00+00:00,1,0.5217251
2026-01-30 15:30:00+00:00,0,0.5145521
2026-01-30 15:35:00+00:00,1,0.5026776
2026-01-30 15:40:00+00:00,1,0.49808288
2026-01-30 15:45:00+00:00,1,0.52183765
2026-01-30 15:50:00+00:00,0,0.5069891
2026-01-30 15:55:00+00:00,1,0.5067004
2026-01-30 16:00:00+00:00,1,0.5168269
2026-01-30 16:05:00+00:00,1,0.5117834
2026-01-30 16:10:00+00:00,1,0.49432907
2026-01-30 16:15:00+00:00,0,0.50027955
2026-01-30 16:20:00+00:00,1,0.5179143
2026-01-30 16:25:00+00:00,0,0.49578348
2026-01-30 16:30:00+00:00,0,0.51733613
2026-01-30 16:35:00+00:00,0,0.4902601
2026-01-30 16:40:00+00:00,0,0.48726052
2026-01-30 16:45:00+00:00,0,0.5128898
2026-01-30 16:50:00+00:00,1,0.51030314
2026-01-30 16:55:00+00:00,1,0.50365406
2026-01-30 17:00:00+00:00,1,0.52171785
2026-01-30 17:05:00+00:00,1,0.5199699
2026-01-30 17:10:00+00:00,1,0.523191
2026-01-30 17:15:00+00:00,1,0.510896
2026-01-30 17:20:00+00:00,0,0.4850379
2026-01-30 17:25:00+00:00,0,0.47991055
2026-01-30 17:30:00+00:00,0,0.5118716
2026-01-30 17:35:00+00:00,0,0.49838564
2026-01-30 17:40:00+00:00,0,0.49345428
2026-01-30 17:45:00+00:00,0,0.49632934
2026-01-30 17:50:00+00:00,0,0.5143145
2026-01-30 17:55:00+00:00,0,0.5161176
2026-01-30 18:00:00+00:00,0,0.51870567
2026-01-30 18:05:00+00:00,0,0.53790826
2026-01-30 18:10:00+00:00,1,0.5394554
2026-01-30 18:15:00+00:00,1,0.5632509
2026-01-30 18:20:00+00:00,1,0.56112343
2026-01-30 18:25:00+00:00,1,0.5494402
2026-01-30 18:30:00+00:00,1,0.54987824
2026-01-30 18:35:00+00:00,1,0.54653704
2026-01-30 18:40:00+00:00,1,0.49404603
2026-01-30 18:45:00+00:00,1,0.4823079
2026-01-30 18:50:00+00:00,1,0.47920138
2026-01-30 18:55:00+00:00,1,0.4854476
2026-01-30 19:00:00+00:00,1,0.4908213
2026-01-30 19:05:00+00:00,1,0.4897296
2026-01-30 19:10:00+00:00,0,0.4923056
2026-01-30 19:15:00+00:00,0,0.50490224
2026-01-30 19:20:00+00:00,0,0.5036746
2026-01-30 19:25:00+00:00,0,0.5100665
2026-01-30 19:30:00+00:00,0,0.4910697
2026-01-30 19:35:00+00:00,0,0.49521166
2026-01-30 19:40:00+00:00,0,0.51066107
2026-01-30 19:45:00+00:00,0,0.50173575
2026-01-30 19:50:00+00:00,0,0.5018991
2026-01-30 19:55:00+00:00,0,0.48701227
2026-01-30 20:00:00+00:00,0,0.49808854
2026-01-30 20:05:00+00:00,0,0.5132511
2026-01-30 20:10:00+00:00,0,0.50719744
2026-01-30 20:15:00+00:00,0,0.5023579
2026-01-30 20:20:00+00:00,0,0.51989275
2026-01-30 20:25:00+00:00,0,0.53437483
2026-01-30 20:30:00+00:00,0,0.5299767
2026-01-30 20:35:00+00:00,0,0.5474778
2026-01-30 20:40:00+00:00,0,0.54924875
2026-01-30 20:45:00+00:00,1,0.54998267
2026-01-30 20:50:00+00:00,1,0.5502545
2026-01-30 20:55:00+00:00,1,0.549343
2026-01-30 21:00:00+00:00,1,0.54537153
2026-01-30 21:05:00+00:00,1,0.5496229
2026-01-30 21:10:00+00:00,0,0.55007684
2026-01-30 21:15:00+00:00,0,0.5364571
2026-01-30 21:20:00+00:00,0,0.5381354
2026-01-30 21:25:00+00:00,1,0.54137504
2026-01-30 21:30:00+00:00,0,0.53471345
2026-01-30 21:35:00+00:00,0,0.53597534
2026-01-30 21:40:00+00:00,0,0.5430074
2026-01-30 21:45:00+00:00,0,0.54001623
2026-01-30 21:50:00+00:00,0,0.53103995
2026-01-30 21:55:00+00:00,0,0.5400145
2026-01-30 22:00:00+00:00,0,0.5230882
2026-01-30 22:05:00+00:00,0,0.5199964
2026-01-30 22:10:00+00:00,1,0.52921134
2026-01-30 22:15:00+00:00,1,0.5229837
2026-01-30 22:20:00+00:00,1,0.5294711
2026-01-30 22:25:00+00:00,1,0.52313286
2026-01-30 22:30:00+00:00,0,0.5310018
2026-01-30 22:35:00+00:00,0,0.521422
2026-01-30 22:40:00+00:00,0,0.5126741
2026-01-30 22:45:00+00:00,0,0.5094646
2026-01-30 22:50:00+00:00,0,0.516344
2026-01-30 22:55:00+00:00,0,0.5220732
2026-01-30 23:00:00+00:00,0,0.53739387
2026-01-30 23:05:00+00:00,0,0.52936053
2026-01-30 23:10:00+00:00,0,0.52936053
2026-01-30 23:15:00+00:00,1,0.53114164
2026-01-30 23:20:00+00:00,0,0.52936053
2026-01-30 23:25:00+00:00,1,0.52936053
2026-01-30 23:30:00+00:00,0,0.52782923
2026-01-30 23:35:00+00:00,1,0.52782923
2026-01-30 23:40:00+00:00,1,0.52995044
2026-01-30 23:45:00+00:00,0,0.53104544
2026-01-30 23:50:00+00:00,0,0.5317616
2026-01-30 23:55:00+00:00,0,0.5317616
2026-01-31 00:00:00+00:00,0,0.54913276
2026-01-31 00:05:00+00:00,0,0.5521036
2026-01-31 00:10:00+00:00,0,0.55329305
2026-01-31 00:15:00+00:00,0,0.55329305
2026-01-31 00:20:00+00:00,1,0.5568402
2026-01-31 00:25:00+00:00,0,0.55329305
2026-01-31 00:30:00+00:00,1,0.5577311
2026-01-31 00:35:00+00:00,1,0.5586059
2026-01-31 00:40:00+00:00,1,0.5524004
2026-01-31 00:45:00+00:00,1,0.5520863
2026-01-31 00:50:00+00:00,1,0.55297905
2026-01-31 00:55:00+00:00,1,0.55173135
2026-01-31 01:00:00+00:00,1,0.54737645
2026-01-31 01:05:00+00:00,0,0.5188586
2026-01-31 01:10:00+00:00,0,0.50542146
2026-01-31 01:15:00+00:00,0,0.51882255
2026-01-31 01:20:00+00:00,0,0.50701034
2026-01-31 01:25:00+00:00,0,0.51643795
2026-01-31 01:30:00+00:00,0,0.54574895
2026-01-31 01:35:00+00:00,0,0.54089093
2026-01-31 01:40:00+00:00,0,0.5149261
2026-01-31 01:45:00+00:00,0,0.52894545
2026-01-31 01:50:00+00:00,0,0.51606727
2026-01-31 01:55:00+00:00,0,0.5021477
2026-01-31 02:00:00+00:00,0,0.5310032
2026-01-31 02:05:00+00:00,0,0.5561091
2026-01-31 02:10:00+00:00,1,0.554691
2026-01-31 02:15:00+00:00,1,0.55737096
2026-01-31 02:20:00+00:00,1,0.5581297
2026-01-31 02:25:00+00:00,1,0.55540544
2026-01-31 02:30:00+00:00,1,0.5563655
2026-01-31 02:35:00+00:00,1,0.5462817
2026-01-31 02:40:00+00:00,0,0.5471953
2026-01-31 02:45:00+00:00,0,0.5293338
2026-01-31 02:50:00+00:00,0,0.5321672
2026-01-31 02:55:00+00:00,0,0.54928136
2026-01-31 03:00:00+00:00,0,0.54188555
2026-01-31 03:05:00+00:00,0,0.55256534
2026-01-31 03:10:00+00:00,0,0.5558636
2026-01-31 03:15:00+00:00,0,0.5224368
2026-01-31 03:20:00+00:00,0,0.52608055
2026-01-31 03:25:00+00:00,0,0.5406589
2026-01-31 03:30:00+00:00,0,0.55238605
2026-01-31 03:35:00+00:00,0,0.54634076
2026-01-31 03:40:00+00:00,0,0.5497197
2026-01-31 03:45:00+00:00,0,0.55617857
2026-01-31 03:50:00+00:00,0,0.55617857
2026-01-31 03:55:00+00:00,0,0.55617857
2026-01-31 04:00:00+00:00,0,0.5460763
2026-01-31 04:05:00+00:00,0,0.5230394
2026-01-31 04:10:00+00:00,0,0.54927003
2026-01-31 04:15:00+00:00,0,0.555847
2026-01-31 04:20:00+00:00,0,0.55461735
2026-01-31 04:25:00+00:00,0,0.5544842
2026-01-31 04:30:00+00:00,0,0.55719495
2026-01-31 04:35:00+00:00,0,0.55461735
2026-01-31 04:40:00+00:00,1,0.5560108
2026-01-31 04:45:00+00:00,0,0.55458605
2026-01-31 04:50:00+00:00,0,0.55458605
2026-01-31 04:55:00+00:00,0,0.55458605
2026-01-31 05:00:00+00:00,0,0.55201465
2026-01-31 05:05:00+00:00,0,0.5454837
2026-01-31 05:10:00+00:00,0,0.5504855
2026-01-31 05:15:00+00:00,1,0.548314
2026-01-31 05:20:00+00:00,1,0.5509233
2026-01-31 05:25:00+00:00,1,0.5465488
2026-01-31 05:30:00+00:00,1,0.55191267
2026-01-31 05:35:00+00:00,1,0.55191267
2026-01-31 05:40:00+00:00,1,0.5537667
2026-01-31 05:45:00+00:00,0,0.54838437
2026-01-31 05:50:00+00:00,0,0.5450919
2026-01-31 05:55:00+00:00,0,0.5267385
2026-01-31 06:00:00+00:00,0,0.54726404
2026-01-31 06:05:00+00:00,0,0.5456787
2026-01-31 06:10:00+00:00,0,0.55631405
2026-01-31 06:15:00+00:00,0,0.55915046
2026-01-31 06:20:00+00:00,0,0.5543087
2026-01-31 06:25:00+00:00,0,0.55528295
2026-01-31 06:30:00+00:00,0,0.55514985
2026-01-31 06:35:00+00:00,0,0.5565742
2026-01-31 06:40:00+00:00,1,0.5565742
2026-01-31 06:45:00+00:00,1,0.5565742
2026-01-31 06:50:00+00:00,1,0.54416066
2026-01-31 06:55:00+00:00,1,0.5538519
2026-01-31 07:00:00+00:00,1,0.53772515
2026-01-31 07:05:00+00:00,0,0.53787977
2026-01-31 07:10:00+00:00,0,0.53350747
2026-01-31 07:15:00+00:00,0,0.53863585
2026-01-31 07:20:00+00:00,0,0.51060635
2026-01-31 07:25:00+00:00,0,0.5193535
2026-01-31 07:30:00+00:00,1,0.53863585
2026-01-31 07:35:00+00:00,1,0.5413173
2026-01-31 07:40:00+00:00,1,0.5413173
2026-01-31 07:45:00+00:00,0,0.5422138
2026-01-31 07:50:00+00:00,0,0.53903615
2026-01-31 07:55:00+00:00,0,0.5271679
2026-01-31 08:00:00+00:00,0,0.5126216
2026-01-31 08:05:00+00:00,0,0.53828573
2026-01-31 08:10:00+00:00,0,0.5389664
2026-01-31 08:15:00+00:00,0,0.54232883
2026-01-31 08:20:00+00:00,0,0.5357845
2026-01-31 08:25:00+00:00,0,0.5357845
2026-01-31 08:30:00+00:00,1,0.5413173
2026-01-31 08:35:00+00:00,1,0.5357845
2026-01-31 08:40:00+00:00,1,0.5370778
2026-01-31 08:45:00+00:00,1,0.51996803
2026-01-31 08:50:00+00:00,1,0.5424587
2026-01-31 08:55:00+00:00,1,0.53802377
2026-01-31 09:00:00+00:00,1,0.53182834
2026-01-31 09:05:00+00:00,1,0.5215748
2026-01-31 09:10:00+00:00,0,0.51673234
2026-01-31 09:15:00+00:00,0,0.52118385
2026-01-31 09:20:00+00:00,1,0.5408128
2026-01-31 09:25:00+00:00,1,0.5447836
2026-01-31 09:30:00+00:00,0,0.499761
2026-01-31 09:35:00+00:00,0,0.5260134
2026-01-31 09:40:00+00:00,0,0.5316296
2026-01-31 09:45:00+00:00,1,0.5411628
2026-01-31 09:50:00+00:00,1,0.5176585
2026-01-31 09:55:00+00:00,1,0.5285804
2026-01-31 10:00:00+00:00,1,0.5326319
2026-01-31 10:05:00+00:00,1,0.5334887
2026-01-31 10:10:00+00:00,1,0.52992547
2026-01-31 10:15:00+00:00,1,0.5283111
2026-01-31 10:20:00+00:00,1,0.5102873
2026-01-31 10:25:00+00:00,0,0.4828512
2026-01-31 10:30:00+00:00,0,0.4781318
2026-01-31 10:35:00+00:00,0,0.4621791
2026-01-31 10:40:00+00:00,0,0.46531564
2026-01-31 10:45:00+00:00,0,0.4965025
2026-01-31 10:50:00+00:00,0,0.5113082
2026-01-31 10:55:00+00:00,0,0.5362835
2026-01-31 11:00:00+00:00,1,0.5417927
2026-01-31 11:05:00+00:00,1,0.53423107
2026-01-31 11:10:00+00:00,1,0.53282166
2026-01-31 11:15:00+00:00,1,0.54443973
2026-01-31 11:20:00+00:00,0,0.5437836
2026-01-31 11:25:00+00:00,0,0.5026483
2026-01-31 11:30:00+00:00,0,0.50598264
2026-01-31 11:35:00+00:00,0,0.49373773
2026-01-31 11:40:00+00:00,0,0.48360252
2026-01-31 11:45:00+00:00,1,0.5080505
2026-01-31 11:50:00+00:00,1,0.50714797
2026-01-31 11:55:00+00:00,1,0.5085425
2026-01-31 12:00:00+00:00,0,0.5141073
2026-01-31 12:05:00+00:00,0,0.5061055
2026-01-31 12:10:00+00:00,1,0.52363575
2026-01-31 12:15:00+00:00,0,0.50675386
2026-01-31 12:20:00+00:00,0,0.50146085
2026-01-31 12:25:00+00:00,0,0.5010395
2026-01-31 12:30:00+00:00,0,0.50991637
2026-01-31 12:35:00+00:00,0,0.501275
2026-01-31 12:40:00+00:00,0,0.50704235
2026-01-31 12:45:00+00:00,0,0.5161459
2026-01-31 12:50:00+00:00,0,0.50276685
2026-01-31 12:55:00+00:00,0,0.51910067
2026-01-31 13:00:00+00:00,0,0.54443973
2026-01-31 13:05:00+00:00,0,0.50929457
2026-01-31 13:10:00+00:00,0,0.53103083
2026-01-31 13:15:00+00:00,0,0.5309677
2026-01-31 13:20:00+00:00,0,0.5138411
2026-01-31 13:25:00+00:00,0,0.5138411
2026-01-31 13:30:00+00:00,1,0.5085794
2026-01-31 13:35:00+00:00,0,0.5072574
2026-01-31 13:40:00+00:00,0,0.5072574
2026-01-31 13:45:00+00:00,0,0.50727427
2026-01-31 13:50:00+00:00,0,0.50815994
2026-01-31 13:55:00+00:00,0,0.49262977
2026-01-31 14:00:00+00:00,0,0.5187317
2026-01-31 14:05:00+00:00,0,0.5417796
2026-01-31 14:10:00+00:00,0,0.5417796
2026-01-31 14:15:00+00:00,0,0.5417796
2026-01-31 14:20:00+00:00,0,0.5445987
2026-01-31 14:25:00+00:00,1,0.5445987
2026-01-31 14:30:00+00:00,1,0.5373399
2026-01-31 14:35:00+00:00,1,0.54112566
2026-01-31 14:40:00+00:00,1,0.54112566
2026-01-31 14:45:00+00:00,1,0.54257685
2026-01-31 14:50:00+00:00,0,0.52439034
2026-01-31 14:55:00+00:00,0,0.53678685
2026-01-31 15:00:00+00:00,1,0.5317873
2026-01-31 15:05:00+00:00,0,0.536679
2026-01-31 15:10:00+00:00,1,0.53460056
2026-01-31 15:15:00+00:00,1,0.5466737
2026-01-31 15:20:00+00:00,1,0.5458422
2026-01-31 15:25:00+00:00,0,0.5458422
2026-01-31 15:30:00+00:00,0,0.53981286
2026-01-31 15:35:00+00:00,0,0.5425653
2026-01-31 15:40:00+00:00,0,0.5290664
2026-01-31 15:45:00+00:00,0,0.5398656
2026-01-31 15:50:00+00:00,1,0.54509276
2026-01-31 15:55:00+00:00,1,0.5401849
2026-01-31 16:00:00+00:00,1,0.5405627
2026-01-31 16:05:00+00:00,1,0.5466003
2026-01-31 16:10:00+00:00,0,0.5427686
2026-01-31 16:15:00+00:00,0,0.5391626
2026-01-31 16:20:00+00:00,0,0.5243101
2026-01-31 16:25:00+00:00,0,0.5432335
2026-01-31 16:30:00+00:00,0,0.54238963
2026-01-31 16:35:00+00:00,0,0.5462295
2026-01-31 16:40:00+00:00,0,0.535627
2026-01-31 16:45:00+00:00,0,0.54676825
2026-01-31 16:50:00+00:00,0,0.5439102
2026-01-31 16:55:00+00:00,0,0.54449546
2026-01-31 17:00:00+00:00,0,0.5466003
2026-01-31 17:05:00+00:00,0,0.5610205
2026-01-31 17:10:00+00:00,1,0.5671901
2026-01-31 17:15:00+00:00,0,0.56577325
2026-01-31 17:20:00+00:00,0,0.56577325
2026-01-31 17:25:00+00:00,0,0.56577325
2026-01-31 17:30:00+00:00,1,0.56577325
2026-01-31 17:35:00+00:00,1,0.53480065
2026-01-31 17:40:00+00:00,1,0.5454042
2026-01-31 17:45:00+00:00,1,0.5454042
2026-01-31 17:50:00+00:00,1,0.5454042
2026-01-31 17:55:00+00:00,1,0.53836757
2026-01-31 18:00:00+00:00,0,0.53897697
2026-01-31 18:05:00+00:00,0,0.5420754
2026-01-31 18:10:00+00:00,0,0.53342557
2026-01-31 18:15:00+00:00,0,0.5423482
2026-01-31 18:20:00+00:00,0,0.54630405
2026-01-31 18:25:00+00:00,0,0.5394207
2026-01-31 18:30:00+00:00,1,0.55818594
2026-01-31 18:35:00+00:00,1,0.57255715
2026-01-31 18:40:00+00:00,1,0.55799836
2026-01-31 18:45:00+00:00,1,0.55315524
2026-01-31 18:50:00+00:00,0,0.54885393
2026-01-31 18:55:00+00:00,1,0.5533021
2026-01-31 19:00:00+00:00,1,0.54883796
2026-01-31 19:05:00+00:00,0,0.5380844
2026-01-31 19:10:00+00:00,0,0.53944105
2026-01-31 19:15:00+00:00,1,0.545049
2026-01-31 19:20:00+00:00,1,0.54819685
2026-01-31 19:25:00+00:00,0,0.50185984
2026-01-31 19:30:00+00:00,1,0.546566
2026-01-31 19:35:00+00:00,1,0.56540877
2026-01-31 19:40:00+00:00,0,0.5497629
2026-01-31 19:45:00+00:00,0,0.5017773
2026-01-31 19:50:00+00:00,0,0.51481575
2026-01-31 19:55:00+00:00,0,0.52357394
2026-01-31 20:00:00+00:00,0,0.5235897
2026-01-31 20:05:00+00:00,0,0.52368456
2026-01-31 20:10:00+00:00,1,0.5683267
2026-01-31 20:15:00+00:00,1,0.55443776
2026-01-31 20:20:00+00:00,0,0.55561143
2026-01-31 20:25:00+00:00,1,0.5634933
2026-01-31 20:30:00+00:00,1,0.5645696
2026-01-31 20:35:00+00:00,1,0.5562794
2026-01-31 20:40:00+00:00,1,0.5406652
2026-01-31 20:45:00+00:00,1,0.5632288
2026-01-31 20:50:00+00:00,1,0.5487907
2026-01-31 20:55:00+00:00,1,0.51947564
2026-01-31 21:00:00+00:00,1,0.5465464
2026-01-31 21:05:00+00:00,1,0.5051781
2026-01-31 21:10:00+00:00,1,0.5380436
2026-01-31 21:15:00+00:00,1,0.52781147
2026-01-31 21:20:00+00:00,1,0.5346941
2026-01-31 21:25:00+00:00,1,0.4897653
2026-01-31 21:30:00+00:00,1,0.49496025
2026-01-31 21:35:00+00:00,1,0.5004474
2026-01-31 21:40:00+00:00,0,0.5063886
2026-01-31 21:45:00+00:00,0,0.50063604
2026-01-31 21:50:00+00:00,0,0.52042246
2026-01-31 21:55:00+00:00,0,0.5111715
2026-01-31 22:00:00+00:00,0,0.5180144
2026-01-31 22:05:00+00:00,0,0.5126831
2026-01-31 22:10:00+00:00,0,0.50430447
2026-01-31 22:15:00+00:00,0,0.49087453
2026-01-31 22:20:00+00:00,0,0.48759496
2026-01-31 22:25:00+00:00,0,0.48663905
2026-01-31 22:30:00+00:00,1,0.49571112
2026-01-31 22:35:00+00:00,1,0.4903942
2026-01-31 22:40:00+00:00,1,0.50440115
2026-01-31 22:45:00+00:00,1,0.5132944
2026-01-31 22:50:00+00:00,1,0.5133834
2026-01-31 22:55:00+00:00,1,0.49788326
2026-01-31 23:00:00+00:00,1,0.48770216
2026-01-31 23:05:00+00:00,1,0.48397538
2026-01-31 23:10:00+00:00,1,0.49567926
2026-01-31 23:15:00+00:00,1,0.48397538
2026-01-31 23:20:00+00:00,0,0.47117957
2026-01-31 23:25:00+00:00,0,0.4737164
2026-01-31 23:30:00+00:00,1,0.4767802
2026-01-31 23:35:00+00:00,1,0.4832487
2026-01-31 23:40:00+00:00,1,0.48688653
2026-01-31 23:45:00+00:00,1,0.48991495
2026-01-31 23:50:00+00:00,1,0.48812813
2026-01-31 23:55:00+00:00,1,0.4903647
2026-02-01 00:00:00+00:00,1,0.4915891
2026-02-01 00:05:00+00:00,0,0.49826518
2026-02-01 00:10:00+00:00,0,0.49927145
2026-02-01 00:15:00+00:00,0,0.4988602
2026-02-01 00:20:00+00:00,1,0.5168481
2026-02-01 00:25:00+00:00,1,0.49525633
2026-02-01 00:30:00+00:00,0,0.5038248
2026-02-01 00:35:00+00:00,0,0.5145446
2026-02-01 00:40:00+00:00,0,0.5025004
2026-02-01 00:45:00+00:00,0,0.49112007
2026-02-01 00:50:00+00:00,0,0.49038613
2026-02-01 00:55:00+00:00,0,0.49217743
2026-02-01 01:00:00+00:00,0,0.4947437
2026-02-01 01:05:00+00:00,1,0.53342414
2026-02-01 01:10:00+00:00,1,0.5343249
2026-02-01 01:15:00+00:00,1,0.5328608
2026-02-01 01:20:00+00:00,1,0.5359542
2026-02-01 01:25:00+00:00,1,0.50447774
2026-02-01 01:30:00+00:00,1,0.5082467
2026-02-01 01:35:00+00:00,1,0.5238589
2026-02-01 01:40:00+00:00,1,0.52299446
2026-02-01 01:45:00+00:00,1,0.5011089
2026-02-01 01:50:00+00:00,0,0.51391554
2026-02-01 01:55:00+00:00,0,0.4909906
2026-02-01 02:00:00+00:00,1,0.5151425
2026-02-01 02:05:00+00:00,0,0.49792174
2026-02-01 02:10:00+00:00,0,0.50553083
2026-02-01 02:15:00+00:00,1,0.49885595
2026-02-01 02:20:00+00:00,1,0.5347943
2026-02-01 02:25:00+00:00,1,0.5181803
2026-02-01 02:30:00+00:00,1,0.52423185
2026-02-01 02:35:00+00:00,1,0.50717664
2026-02-01 02:40:00+00:00,1,0.4957571
2026-02-01 02:45:00+00:00,0,0.475293
2026-02-01 02:50:00+00:00,0,0.47791827
2026-02-01 02:55:00+00:00,0,0.49008885
2026-02-01 03:00:00+00:00,0,0.49398506
2026-02-01 03:05:00+00:00,0,0.48456797
2026-02-01 03:10:00+00:00,0,0.47726575
2026-02-01 03:15:00+00:00,1,0.5075709
2026-02-01 03:20:00+00:00,0,0.4963369
2026-02-01 03:25:00+00:00,1,0.4963369
2026-02-01 03:30:00+00:00,1,0.5079487
2026-02-01 03:35:00+00:00,1,0.5199688
2026-02-01 03:40:00+00:00,1,0.49994612
2026-02-01 03:45:00+00:00,1,0.5006809
2026-02-01 03:50:00+00:00,1,0.51039106
2026-02-01 03:55:00+00:00,1,0.50245285
2026-02-01 04:00:00+00:00,1,0.494873
2026-02-01 04:05:00+00:00,1,0.4990498
2026-02-01 04:10:00+00:00,0,0.48346105
2026-02-01 04:15:00+00:00,0,0.48410672
2026-02-01 04:20:00+00:00,1,0.49141446
2026-02-01 04:25:00+00:00,1,0.50269425
2026-02-01 04:30:00+00:00,0,0.50609803
2026-02-01 04:35:00+00:00,0,0.4872891
2026-02-01 04:40:00+00:00,0,0.48550928
2026-02-01 04:45:00+00:00,0,0.49491066
2026-02-01 04:50:00+00:00,0,0.48074996
2026-02-01 04:55:00+00:00,1,0.4916138
2026-02-01 05:00:00+00:00,1,0.51207745
2026-02-01 05:05:00+00:00,1,0.52330863
2026-02-01 05:10:00+00:00,0,0.50931716
2026-02-01 05:15:00+00:00,0,0.51207745
2026-02-01 05:20:00+00:00,0,0.48779678
2026-02-01 05:25:00+00:00,0,0.49084398
2026-02-01 05:30:00+00:00,0,0.49991798
2026-02-01 05:35:00+00:00,1,0.52222276
2026-02-01 05:40:00+00:00,1,0.5240302
2026-02-01 05:45:00+00:00,1,0.5240302
2026-02-01 05:50:00+00:00,1,0.524052
2026-02-01 05:55:00+00:00,1,0.5240302
2026-02-01 06:00:00+00:00,0,0.5228191
2026-02-01 06:05:00+00:00,0,0.51450676
2026-02-01 06:10:00+00:00,0,0.5170526
2026-02-01 06:15:00+00:00,0,0.50470555
2026-02-01 06:20:00+00:00,0,0.5201549
2026-02-01 06:25:00+00:00,0,0.5183052
2026-02-01 06:30:00+00:00,0,0.5221684
2026-02-01 06:35:00+00:00,1,0.5252619
2026-02-01 06:40:00+00:00,0,0.5269559
2026-02-01 06:45:00+00:00,0,0.52969205
2026-02-01 06:50:00+00:00,0,0.52969205
2026-02-01 06:55:00+00:00,0,0.52014005
2026-02-01 07:00:00+00:00,0,0.50443584
2026-02-01 07:05:00+00:00,1,0.5042929
2026-02-01 07:10:00+00:00,1,0.5413173
2026-02-01 07:15:00+00:00,1,0.5404462
2026-02-01 07:20:00+00:00,1,0.5132119
2026-02-01 07:25:00+00:00,1,0.5159545
2026-02-01 07:30:00+00:00,1,0.50827134
2026-02-01 07:35:00+00:00,0,0.4679624
2026-02-01 07:40:00+00:00,0,0.46843943
2026-02-01 07:45:00+00:00,0,0.47060713
2026-02-01 07:50:00+00:00,0,0.4813971
2026-02-01 07:55:00+00:00,0,0.4773721
2026-02-01 08:00:00+00:00,0,0.48624396
2026-02-01 08:05:00+00:00,1,0.48650143
2026-02-01 08:10:00+00:00,1,0.49214885
2026-02-01 08:15:00+00:00,1,0.48600137
2026-02-01 08:20:00+00:00,1,0.48600137
2026-02-01 08:25:00+00:00,1,0.49284145
2026-02-01 08:30:00+00:00,1,0.48632786
2026-02-01 08:35:00+00:00,0,0.47253555
2026-02-01 08:40:00+00:00,0,0.47340372
2026-02-01 08:45:00+00:00,0,0.48139444
2026-02-01 08:50:00+00:00,0,0.4806198
2026-02-01 08:55:00+00:00,0,0.48221675
2026-02-01 09:00:00+00:00,0,0.48743838
2026-02-01 09:05:00+00:00,0,0.48743838
2026-02-01 09:10:00+00:00,1,0.49060515
2026-02-01 09:15:00+00:00,1,0.49882331
2026-02-01 09:20:00+00:00,1,0.4992803
2026-02-01 09:25:00+00:00,1,0.5087793
2026-02-01 09:30:00+00:00,1,0.5055575
2026-02-01 09:35:00+00:00,1,0.4829618
2026-02-01 09:40:00+00:00,1,0.4807253
2026-02-01 09:45:00+00:00,0,0.48518613
2026-02-01 09:50:00+00:00,0,0.48396692
2026-02-01 09:55:00+00:00,0,0.4713915
2026-02-01 10:00:00+00:00,0,0.4935905
2026-02-01 10:05:00+00:00,0,0.4926551
2026-02-01 10:10:00+00:00,0,0.4785074
2026-02-01 10:15:00+00:00,0,0.5113212
2026-02-01 10:20:00+00:00,0,0.50660986
2026-02-01 10:25:00+00:00,0,0.4997197
2026-02-01 10:30:00+00:00,0,0.50970113
2026-02-01 10:35:00+00:00,0,0.513437
2026-02-01 10:40:00+00:00,1,0.513437
2026-02-01 10:45:00+00:00,1,0.5171168
2026-02-01 10:50:00+00:00,1,0.5471333
2026-02-01 10:55:00+00:00,1,0.54516333
2026-02-01 11:00:00+00:00,1,0.5118582
2026-02-01 11:05:00+00:00,1,0.5312434
2026-02-01 11:10:00+00:00,1,0.5263225
2026-02-01 11:15:00+00:00,1,0.5218755
2026-02-01 11:20:00+00:00,1,0.5317529
2026-02-01 11:25:00+00:00,1,0.51057905
2026-02-01 11:30:00+00:00,1,0.5089177
2026-02-01 11:35:00+00:00,0,0.5004442
2026-02-01 11:40:00+00:00,0,0.49184355
2026-02-01 11:45:00+00:00,0,0.505262
2026-02-01 11:50:00+00:00,0,0.4976824
2026-02-01 11:55:00+00:00,0,0.49500862
2026-02-01 12:00:00+00:00,0,0.5098108
2026-02-01 12:05:00+00:00,0,0.5124089
2026-02-01 12:10:00+00:00,0,0.51041174
2026-02-01 12:15:00+00:00,0,0.49898437
2026-02-01 12:20:00+00:00,1,0.5063876
2026-02-01 12:25:00+00:00,0,0.5113845
2026-02-01 12:30:00+00:00,1,0.5013733
2026-02-01 12:35:00+00:00,1,0.52661484
2026-02-01 12:40:00+00:00,1,0.5399826
2026-02-01 12:45:00+00:00,1,0.5251603
2026-02-01 12:50:00+00:00,1,0.542215
2026-02-01 12:55:00+00:00,1,0.542215
2026-02-01 13:00:00+00:00,0,0.47132054
2026-02-01 13:05:00+00:00,0,0.47976398
2026-02-01 13:10:00+00:00,0,0.46900204
2026-02-01 13:15:00+00:00,0,0.4687186
2026-02-01 13:20:00+00:00,0,0.4629674
2026-02-01 13:25:00+00:00,0,0.4819468
2026-02-01 13:30:00+00:00,0,0.48871475
2026-02-01 13:35:00+00:00,0,0.5340689
2026-02-01 13:40:00+00:00,0,0.5387614
2026-02-01 13:45:00+00:00,0,0.5413185
2026-02-01 13:50:00+00:00,0,0.5373944
2026-02-01 13:55:00+00:00,0,0.54228395
2026-02-01 14:00:00+00:00,0,0.5354344
2026-02-01 14:05:00+00:00,0,0.53262645
2026-02-01 14:10:00+00:00,0,0.54277253
2026-02-01 14:15:00+00:00,0,0.53940415
2026-02-01 14:20:00+00:00,1,0.53936255
2026-02-01 14:25:00+00:00,1,0.54660416
2026-02-01 14:30:00+00:00,1,0.54660416
2026-02-01 14:35:00+00:00,1,0.54660416
2026-02-01 14:40:00+00:00,0,0.54462916
2026-02-01 14:45:00+00:00,0,0.53530943
2026-02-01 14:50:00+00:00,0,0.52913994
2026-02-01 14:55:00+00:00,0,0.5359819
2026-02-01 15:00:00+00:00,0,0.5363904
2026-02-01 15:05:00+00:00,0,0.5327032
2026-02-01 15:10:00+00:00,0,0.54164577
2026-02-01 15:15:00+00:00,1,0.5522142
2026-02-01 15:20:00+00:00,1,0.54164577
2026-02-01 15:25:00+00:00,1,0.54470295
2026-02-01 15:30:00+00:00,1,0.5461334
2026-02-01 15:35:00+00:00,1,0.54462916
2026-02-01 15:40:00+00:00,1,0.54462916
2026-02-01 15:45:00+00:00,0,0.5394315
2026-02-01 15:50:00+00:00,1,0.5353769
2026-02-01 15:55:00+00:00,1,0.538333
2026-02-01 16:00:00+00:00,1,0.53930825
2026-02-01 16:05:00+00:00,0,0.5378753
2026-02-01 16:10:00+00:00,0,0.53246695
2026-02-01 16:15:00+00:00,0,0.5404907
2026-02-01 16:20:00+00:00,0,0.5285318
2026-02-01 16:25:00+00:00,0,0.5369612
2026-02-01 16:30:00+00:00,0,0.5229003
2026-02-01 16:35:00+00:00,0,0.55026007
2026-02-01 16:40:00+00:00,1,0.5360189
2026-02-01 16:45:00+00:00,1,0.53571177
2026-02-01 16:50:00+00:00,0,0.5427806
2026-02-01 16:55:00+00:00,0,0.5316578
2026-02-01 17:00:00+00:00,0,0.53436834
2026-02-01 17:05:00+00:00,0,0.53622025
2026-02-01 17:10:00+00:00,0,0.5320787
2026-02-01 17:15:00+00:00,0,0.53787583
2026-02-01 17:20:00+00:00,1,0.545546
2026-02-01 17:25:00+00:00,1,0.5463511
2026-02-01 17:30:00+00:00,1,0.54502106
2026-02-01 17:35:00+00:00,1,0.54756385
2026-02-01 17:40:00+00:00,1,0.54291326
2026-02-01 17:45:00+00:00,1,0.54291326
2026-02-01 17:50:00+00:00,1,0.53661996
2026-02-01 17:55:00+00:00,1,0.53178287
2026-02-01 18:00:00+00:00,1,0.46092013
2026-02-01 18:05:00+00:00,0,0.4776462
2026-02-01 18:10:00+00:00,0,0.48650825
2026-02-01 18:15:00+00:00,0,0.4876806
2026-02-01 18:20:00+00:00,0,0.49425432
2026-02-01 18:25:00+00:00,0,0.48501718
2026-02-01 18:30:00+00:00,0,0.49722227
2026-02-01 18:35:00+00:00,0,0.51731855
2026-02-01 18:40:00+00:00,0,0.528817
2026-02-01 18:45:00+00:00,0,0.5280549
2026-02-01 18:50:00+00:00,0,0.5263475
2026-02-01 18:55:00+00:00,0,0.5195928
2026-02-01 19:00:00+00:00,0,0.5334342
2026-02-01 19:05:00+00:00,0,0.54403895
2026-02-01 19:10:00+00:00,0,0.5257121
2026-02-01 19:15:00+00:00,0,0.5406153
2026-02-01 19:20:00+00:00,0,0.5402789
2026-02-01 19:25:00+00:00,0,0.5397259
2026-02-01 19:30:00+00:00,0,0.5002147
2026-02-01 19:35:00+00:00,0,0.52321756
2026-02-01 19:40:00+00:00,0,0.5406536
2026-02-01 19:45:00+00:00,1,0.55771494
2026-02-01 19:50:00+00:00,1,0.55771494
2026-02-01 19:55:00+00:00,0,0.5551828
2026-02-01 20:00:00+00:00,0,0.5631363
2026-02-01 20:05:00+00:00,1,0.5631363
2026-02-01 20:10:00+00:00,1,0.55365574
2026-02-01 20:15:00+00:00,1,0.5247795
2026-02-01 20:20:00+00:00,1,0.52509636
2026-02-01 20:25:00+00:00,1,0.5387781
2026-02-01 20:30:00+00:00,1,0.52923316
2026-02-01 20:35:00+00:00,0,0.4768661
2026-02-01 20:40:00+00:00,0,0.5150984
2026-02-01 20:45:00+00:00,0,0.54410255
2026-02-01 20:50:00+00:00,0,0.53312886
2026-02-01 20:55:00+00:00,0,0.52706033
2026-02-01 21:00:00+00:00,0,0.53985393
2026-02-01 21:05:00+00:00,1,0.55858374
2026-02-01 21:10:00+00:00,1,0.5566427
2026-02-01 21:15:00+00:00,1,0.53703
2026-02-01 21:20:00+00:00,1,0.5603648
2026-02-01 21:25:00+00:00,0,0.56296724
2026-02-01 21:30:00+00:00,1,0.5529386
2026-02-01 21:35:00+00:00,0,0.51704055
2026-02-01 21:40:00+00:00,1,0.5210977
2026-02-01 21:45:00+00:00,1,0.5250244
2026-02-01 21:50:00+00:00,1,0.53167933
2026-02-01 21:55:00+00:00,1,0.5372195
2026-02-01 22:00:00+00:00,1,0.5107024
2026-02-01 22:05:00+00:00,1,0.4989998
2026-02-01 22:10:00+00:00,0,0.49287277
2026-02-01 22:15:00+00:00,0,0.483636
2026-02-01 22:20:00+00:00,1,0.5393138
2026-02-01 22:25:00+00:00,1,0.5043233
2026-02-01 22:30:00+00:00,0,0.4940121
2026-02-01 22:35:00+00:00,0,0.50421435
2026-02-01 22:40:00+00:00,0,0.50472695
2026-02-01 22:45:00+00:00,0,0.5150572
2026-02-01 22:50:00+00:00,0,0.5176934
2026-02-01 22:55:00+00:00,0,0.5142061
2026-02-01 23:00:00+00:00,1,0.5585555
2026-02-01 23:05:00+00:00,1,0.58263797
2026-02-01 23:10:00+00:00,1,0.55984724
2026-02-01 23:15:00+00:00,1,0.5661068
2026-02-01 23:20:00+00:00,1,0.5698473
2026-02-01 23:25:00+00:00,0,0.55187136
2026-02-01 23:30:00+00:00,0,0.5116894
2026-02-01 23:35:00+00:00,0,0.50759166
2026-02-01 23:40:00+00:00,0,0.5075837
2026-02-01 23:45:00+00:00,1,0.5512295
2026-02-01 23:50:00+00:00,1,0.564403
2026-02-01 23:55:00+00:00,1,0.5670367
2026-02-02 00:00:00+00:00,1,0.5422126
2026-02-02 00:05:00+00:00,1,0.54700184
2026-02-02 00:10:00+00:00,1,0.5339268
2026-02-02 00:15:00+00:00,1,0.51152414
2026-02-02 00:20:00+00:00,0,0.5141406
2026-02-02 00:25:00+00:00,0,0.52215785
2026-02-02 00:30:00+00:00,1,0.5205638
2026-02-02 00:35:00+00:00,0,0.5221482
2026-02-02 00:40:00+00:00,0,0.5038704
2026-02-02 00:45:00+00:00,0,0.5172054
2026-02-02 00:50:00+00:00,1,0.51980263
2026-02-02 00:55:00+00:00,1,0.5299473
2026-02-02 01:00:00+00:00,1,0.51827186
2026-02-02 01:05:00+00:00,1,0.55038524
2026-02-02 01:10:00+00:00,1,0.54384434
2026-02-02 01:15:00+00:00,1,0.53299665
2026-02-02 01:20:00+00:00,0,0.5108393
2026-02-02 01:25:00+00:00,0,0.5274887
2026-02-02 01:30:00+00:00,0,0.5139306
2026-02-02 01:35:00+00:00,0,0.49991205
2026-02-02 01:40:00+00:00,0,0.5038153
2026-02-02 01:45:00+00:00,1,0.517387
2026-02-02 01:50:00+00:00,0,0.51393855
2026-02-02 01:55:00+00:00,0,0.5211635
2026-02-02 02:00:00+00:00,0,0.5254588
2026-02-02 02:05:00+00:00,0,0.52938336
2026-02-02 02:10:00+00:00,0,0.5231901
2026-02-02 02:15:00+00:00,0,0.51658106
2026-02-02 02:20:00+00:00,0,0.52998394
2026-02-02 02:25:00+00:00,0,0.49985895
2026-02-02 02:30:00+00:00,0,0.5158167
2026-02-02 02:35:00+00:00,0,0.50962925
2026-02-02 02:40:00+00:00,0,0.51862484
2026-02-02 02:45:00+00:00,0,0.50948083
2026-02-02 02:50:00+00:00,0,0.5115307
2026-02-02 02:55:00+00:00,0,0.516326
2026-02-02 03:00:00+00:00,0,0.51072127
2026-02-02 03:05:00+00:00,0,0.5032903
2026-02-02 03:10:00+00:00,0,0.5443096
2026-02-02 03:15:00+00:00,1,0.54735845
2026-02-02 03:20:00+00:00,1,0.54735845
2026-02-02 03:25:00+00:00,1,0.55514514
2026-02-02 03:30:00+00:00,1,0.5587289
2026-02-02 03:35:00+00:00,1,0.5587289
2026-02-02 03:40:00+00:00,1,0.5587289
2026-02-02 03:45:00+00:00,0,0.5265638
2026-02-02 03:50:00+00:00,1,0.5295554
2026-02-02 03:55:00+00:00,1,0.530702
2026-02-02 04:00:00+00:00,1,0.5308432
2026-02-02 04:05:00+00:00,1,0.5330106
2026-02-02 04:10:00+00:00,1,0.5268057
2026-02-02 04:15:00+00:00,1,0.541694
2026-02-02 04:20:00+00:00,0,0.49819878
2026-02-02 04:25:00+00:00,0,0.5036968
2026-02-02 04:30:00+00:00,0,0.50281125
2026-02-02 04:35:00+00:00,0,0.5133981
2026-02-02 04:40:00+00:00,0,0.5098649
2026-02-02 04:45:00+00:00,0,0.5295374
2026-02-02 04:50:00+00:00,0,0.5311521
2026-02-02 04:55:00+00:00,0,0.5327021
2026-02-02 05:00:00+00:00,0,0.53367555
2026-02-02 05:05:00+00:00,0,0.54266727
2026-02-02 05:10:00+00:00,0,0.52924657
2026-02-02 05:15:00+00:00,0,0.5222864
2026-02-02 05:20:00+00:00,0,0.5291999
2026-02-02 05:25:00+00:00,1,0.5349655
2026-02-02 05:30:00+00:00,1,0.5193056
2026-02-02 05:35:00+00:00,1,0.5193056
2026-02-02 05:40:00+00:00,1,0.5238805
2026-02-02 05:45:00+00:00,1,0.5251902
2026-02-02 05:50:00+00:00,1,0.5156057
2026-02-02 05:55:00+00:00,1,0.50033194
2026-02-02 06:00:00+00:00,0,0.5018264
2026-02-02 06:05:00+00:00,0,0.49874538
2026-02-02 06:10:00+00:00,1,0.4986147
2026-02-02 06:15:00+00:00,1,0.5191626
2026-02-02 06:20:00+00:00,1,0.5200783
2026-02-02 06:25:00+00:00,1,0.5256198
2026-02-02 06:30:00+00:00,1,0.5340298
2026-02-02 06:35:00+00:00,1,0.53835934
2026-02-02 06:40:00+00:00,1,0.49843872
2026-02-02 06:45:00+00:00,1,0.51285106
2026-02-02 06:50:00+00:00,1,0.5039652
2026-02-02 06:55:00+00:00,0,0.49899292
2026-02-02 07:00:00+00:00,0,0.5026046
2026-02-02 07:05:00+00:00,0,0.5145961
2026-02-02 07:10:00+00:00,1,0.50894606
2026-02-02 07:15:00+00:00,1,0.50544643
2026-02-02 07:20:00+00:00,1,0.5145949
2026-02-02 07:25:00+00:00,0,0.5054227
2026-02-02 07:30:00+00:00,1,0.5063893
2026-02-02 07:35:00+00:00,0,0.5008911
2026-02-02 07:40:00+00:00,0,0.49781254
2026-02-02 07:45:00+00:00,1,0.4918909
2026-02-02 07:50:00+00:00,1,0.49591586
2026-02-02 07:55:00+00:00,1,0.5123895
2026-02-02 08:00:00+00:00,1,0.5145211
2026-02-02 08:05:00+00:00,1,0.5150645
2026-02-02 08:10:00+00:00,1,0.5103838
2026-02-02 08:15:00+00:00,1,0.5118739
2026-02-02 08:20:00+00:00,1,0.5252678
2026-02-02 08:25:00+00:00,1,0.5148352
2026-02-02 08:30:00+00:00,1,0.5103413
2026-02-02 08:35:00+00:00,1,0.53351706
2026-02-02 08:40:00+00:00,1,0.5168312
2026-02-02 08:45:00+00:00,1,0.49904385
2026-02-02 08:50:00+00:00,1,0.45994547
2026-02-02 08:55:00+00:00,1,0.48929474
2026-02-02 09:00:00+00:00,1,0.48508424
2026-02-02 09:05:00+00:00,1,0.48295122
2026-02-02 09:10:00+00:00,1,0.47874334
2026-02-02 09:15:00+00:00,1,0.4753764
2026-02-02 09:20:00+00:00,1,0.48557454
2026-02-02 09:25:00+00:00,1,0.49392775
2026-02-02 09:30:00+00:00,1,0.5065581
2026-02-02 09:35:00+00:00,1,0.5024476
2026-02-02 09:40:00+00:00,1,0.49755654
2026-02-02 09:45:00+00:00,0,0.50164247
2026-02-02 09:50:00+00:00,0,0.5005151
2026-02-02 09:55:00+00:00,1,0.50221384
2026-02-02 10:00:00+00:00,1,0.5100366
2026-02-02 10:05:00+00:00,0,0.5178693
2026-02-02 10:10:00+00:00,0,0.5214155
2026-02-02 10:15:00+00:00,0,0.5280018
2026-02-02 10:20:00+00:00,0,0.52137715
2026-02-02 10:25:00+00:00,0,0.5208632
2026-02-02 10:30:00+00:00,0,0.5193546
2026-02-02 10:35:00+00:00,1,0.5137738
2026-02-02 10:40:00+00:00,1,0.5120969
2026-02-02 10:45:00+00:00,1,0.48748037
2026-02-02 10:50:00+00:00,1,0.49147272
2026-02-02 10:55:00+00:00,1,0.504095
2026-02-02 11:00:00+00:00,1,0.48674962
2026-02-02 11:05:00+00:00,1,0.4923756
2026-02-02 11:10:00+00:00,0,0.510316
2026-02-02 11:15:00+00:00,1,0.4854936
2026-02-02 11:20:00+00:00,1,0.48664448
2026-02-02 11:25:00+00:00,0,0.48041782
2026-02-02 11:30:00+00:00,0,0.4875838
2026-02-02 11:35:00+00:00,0,0.5061149
2026-02-02 11:40:00+00:00,0,0.50295705
2026-02-02 11:45:00+00:00,1,0.49743402
2026-02-02 11:50:00+00:00,1,0.49754578
2026-02-02 11:55:00+00:00,1,0.5063579
2026-02-02 12:00:00+00:00,1,0.49572888
2026-02-02 12:05:00+00:00,1,0.484419
2026-02-02 12:10:00+00:00,1,0.49885133
2026-02-02 12:15:00+00:00,1,0.48715407
2026-02-02 12:20:00+00:00,1,0.48858136
2026-02-02 12:25:00+00:00,1,0.4916957
2026-02-02 12:30:00+00:00,0,0.50505644
2026-02-02 12:35:00+00:00,0,0.48768255
2026-02-02 12:40:00+00:00,1,0.49575162
2026-02-02 12:45:00+00:00,1,0.49664992
2026-02-02 12:50:00+00:00,1,0.49692968
2026-02-02 12:55:00+00:00,0,0.4940015
2026-02-02 13:00:00+00:00,1,0.510772
2026-02-02 13:05:00+00:00,1,0.5038528
2026-02-02 13:10:00+00:00,1,0.5020135
2026-02-02 13:15:00+00:00,1,0.5026546
2026-02-02 13:20:00+00:00,1,0.4909098
2026-02-02 13:25:00+00:00,1,0.498063
2026-02-02 13:30:00+00:00,1,0.4939459
2026-02-02 13:35:00+00:00,1,0.48855633
2026-02-02 13:40:00+00:00,1,0.50204283
2026-02-02 13:45:00+00:00,0,0.49181902
2026-02-02 13:50:00+00:00,1,0.47930872
2026-02-02 13:55:00+00:00,1,0.4710401
2026-02-02 14:00:00+00:00,1,0.47767973
2026-02-02 14:05:00+00:00,1,0.49096164
2026-02-02 14:10:00+00:00,1,0.49336872
2026-02-02 14:15:00+00:00,1,0.49505314
2026-02-02 14:20:00+00:00,1,0.48260453
2026-02-02 14:25:00+00:00,1,0.4718046
2026-02-02 14:30:00+00:00,0,0.49172267
2026-02-02 14:35:00+00:00,0,0.49432456
2026-02-02 14:40:00+00:00,0,0.50781727
2026-02-02 14:45:00+00:00,1,0.4869137
2026-02-02 14:50:00+00:00,1,0.48288986
2026-02-02 14:55:00+00:00,1,0.4976185
2026-02-02 15:00:00+00:00,0,0.49213612
2026-02-02 15:05:00+00:00,1,0.49235034
2026-02-02 15:10:00+00:00,1,0.49387634
2026-02-02 15:15:00+00:00,1,0.49300578
2026-02-02 15:20:00+00:00,1,0.5186377
2026-02-02 15:25:00+00:00,1,0.5073744
2026-02-02 15:30:00+00:00,1,0.5107573
2026-02-02 15:35:00+00:00,0,0.50588316
2026-02-02 15:40:00+00:00,0,0.5162445
2026-02-02 15:45:00+00:00,1,0.5120469
2026-02-02 15:50:00+00:00,1,0.5081277
2026-02-02 15:55:00+00:00,1,0.50418395
2026-02-02 16:00:00+00:00,1,0.5219728
2026-02-02 16:05:00+00:00,0,0.51196027
2026-02-02 16:10:00+00:00,1,0.50526214
2026-02-02 16:15:00+00:00,0,0.50754803
2026-02-02 16:20:00+00:00,0,0.49842343
2026-02-02 16:25:00+00:00,0,0.49777868
2026-02-02 16:30:00+00:00,0,0.4990346
2026-02-02 16:35:00+00:00,1,0.49927983
2026-02-02 16:40:00+00:00,0,0.49323857
2026-02-02 16:45:00+00:00,1,0.51073897
2026-02-02 16:50:00+00:00,1,0.5140164
2026-02-02 16:55:00+00:00,1,0.51159006
2026-02-02 17:00:00+00:00,0,0.50064397
2026-02-02 17:05:00+00:00,0,0.49880564
2026-02-02 17:10:00+00:00,0,0.4980498
2026-02-02 17:15:00+00:00,0,0.48476982
2026-02-02 17:20:00+00:00,0,0.4875746
2026-02-02 17:25:00+00:00,0,0.51222247
2026-02-02 17:30:00+00:00,0,0.51003104
2026-02-02 17:35:00+00:00,1,0.5133907
2026-02-02 17:40:00+00:00,1,0.51248854
2026-02-02 17:45:00+00:00,1,0.5140906
2026-02-02 17:50:00+00:00,0,0.5037566
2026-02-02 17:55:00+00:00,0,0.5131885
2026-02-02 18:00:00+00:00,1,0.52071875
2026-02-02 18:05:00+00:00,1,0.5204453
2026-02-02 18:10:00+00:00,1,0.5219018
2026-02-02 18:15:00+00:00,1,0.52013737
2026-02-02 18:20:00+00:00,1,0.52013737
2026-02-02 18:25:00+00:00,1,0.5154573
2026-02-02 18:30:00+00:00,0,0.47291347
2026-02-02 18:35:00+00:00,1,0.48407435
2026-02-02 18:40:00+00:00,1,0.49052802
2026-02-02 18:45:00+00:00,0,0.4792557
2026-02-02 18:50:00+00:00,0,0.47606575
2026-02-02 18:55:00+00:00,0,0.49556985
2026-02-02 19:00:00+00:00,0,0.48754764
2026-02-02 19:05:00+00:00,0,0.48295698
2026-02-02 19:10:00+00:00,0,0.48875663
2026-02-02 19:15:00+00:00,0,0.4943121
2026-02-02 19:20:00+00:00,0,0.51434505
2026-02-02 19:25:00+00:00,0,0.50538933
2026-02-02 19:30:00+00:00,0,0.51736593
2026-02-02 19:35:00+00:00,0,0.5200325
2026-02-02 19:40:00+00:00,0,0.5228877
2026-02-02 19:45:00+00:00,0,0.5186644
2026-02-02 19:50:00+00:00,1,0.5186644
2026-02-02 19:55:00+00:00,1,0.52149826
2026-02-02 20:00:00+00:00,0,0.5148642
2026-02-02 20:05:00+00:00,0,0.52346146
2026-02-02 20:10:00+00:00,0,0.5267605
2026-02-02 20:15:00+00:00,0,0.51734376
2026-02-02 20:20:00+00:00,0,0.51439655
2026-02-02 20:25:00+00:00,0,0.51439655
2026-02-02 20:30:00+00:00,1,0.5294186
2026-02-02 20:35:00+00:00,1,0.530767
2026-02-02 20:40:00+00:00,1,0.5291878
2026-02-02 20:45:00+00:00,1,0.53358126
2026-02-02 20:50:00+00:00,1,0.530767
2026-02-02 20:55:00+00:00,1,0.5201481
2026-02-02 21:00:00+00:00,1,0.5164258
2026-02-02 21:05:00+00:00,1,0.5162632
2026-02-02 21:10:00+00:00,1,0.51791984
2026-02-02 21:15:00+00:00,1,0.5115994
2026-02-02 21:20:00+00:00,1,0.52314544
2026-02-02 21:25:00+00:00,1,0.5225011
2026-02-02 21:30:00+00:00,0,0.5087422
2026-02-02 21:35:00+00:00,0,0.49762124
2026-02-02 21:40:00+00:00,0,0.5075133
2026-02-02 21:45:00+00:00,0,0.505904
2026-02-02 21:50:00+00:00,0,0.49288952
2026-02-02 21:55:00+00:00,0,0.5058144
2026-02-02 22:00:00+00:00,0,0.5032773
2026-02-02 22:05:00+00:00,0,0.50624144
2026-02-02 22:10:00+00:00,1,0.50390434
2026-02-02 22:15:00+00:00,1,0.51991385
2026-02-02 22:20:00+00:00,1,0.520433
2026-02-02 22:25:00+00:00,1,0.5227433
2026-02-02 22:30:00+00:00,0,0.50256544
2026-02-02 22:35:00+00:00,0,0.5058814
2026-02-02 22:40:00+00:00,0,0.5054837
2026-02-02 22:45:00+00:00,0,0.50853753
2026-02-02 22:50:00+00:00,0,0.5030863
2026-02-02 22:55:00+00:00,0,0.5012912
2026-02-02 23:00:00+00:00,0,0.5222836
2026-02-02 23:05:00+00:00,1,0.52322
2026-02-02 23:10:00+00:00,0,0.52322
2026-02-02 23:15:00+00:00,0,0.52322
2026-02-02 23:20:00+00:00,0,0.52317363
2026-02-02 23:25:00+00:00,0,0.51553553
2026-02-02 23:30:00+00:00,0,0.5205235
2026-02-02 23:35:00+00:00,0,0.52210546
2026-02-02 23:40:00+00:00,0,0.5275786
2026-02-02 23:45:00+00:00,0,0.52320224
2026-02-02 23:50:00+00:00,0,0.5158665
2026-02-02 23:55:00+00:00,1,0.51496464
2026-02-03 00:00:00+00:00,1,0.51073146
2026-02-03 00:05:00+00:00,1,0.5296937
2026-02-03 00:10:00+00:00,1,0.52753997
2026-02-03 00:15:00+00:00,1,0.52128464
2026-02-03 00:20:00+00:00,1,0.52108866
2026-02-03 00:25:00+00:00,1,0.5065493
2026-02-03 00:30:00+00:00,1,0.513496
2026-02-03 00:35:00+00:00,0,0.5035158
2026-02-03 00:40:00+00:00,0,0.4909194
2026-02-03 00:45:00+00:00,0,0.5069412
2026-02-03 00:50:00+00:00,0,0.5172491
2026-02-03 00:55:00+00:00,0,0.49366474
2026-02-03 01:00:00+00:00,0,0.5069595
2026-02-03 01:05:00+00:00,0,0.5176021
2026-02-03 01:10:00+00:00,0,0.5052427
2026-02-03 01:15:00+00:00,1,0.5309915
2026-02-03 01:20:00+00:00,1,0.51873475
2026-02-03 01:25:00+00:00,1,0.5068422
2026-02-03 01:30:00+00:00,1,0.5139635
2026-02-03 01:35:00+00:00,0,0.5152735
2026-02-03 01:40:00+00:00,0,0.5077165
2026-02-03 01:45:00+00:00,0,0.5048546
2026-02-03 01:50:00+00:00,0,0.491296
2026-02-03 01:55:00+00:00,0,0.47508284
2026-02-03 02:00:00+00:00,0,0.5076633
2026-02-03 02:05:00+00:00,0,0.52732885
2026-02-03 02:10:00+00:00,0,0.5324729
2026-02-03 02:15:00+00:00,0,0.53411853
2026-02-03 02:20:00+00:00,0,0.5201
2026-02-03 02:25:00+00:00,0,0.52945733
2026-02-03 02:30:00+00:00,0,0.5324729
2026-02-03 02:35:00+00:00,0,0.5273
2026-02-03 02:40:00+00:00,0,0.5288799
2026-02-03 02:45:00+00:00,0,0.5311019
2026-02-03 02:50:00+00:00,1,0.527741
2026-02-03 02:55:00+00:00,1,0.5293208
2026-02-03 03:00:00+00:00,1,0.532287
2026-02-03 03:05:00+00:00,1,0.5294907
2026-02-03 03:10:00+00:00,1,0.5193975
2026-02-03 03:15:00+00:00,1,0.5277767
2026-02-03 03:20:00+00:00,1,0.52534026
2026-02-03 03:25:00+00:00,1,0.5246599
2026-02-03 03:30:00+00:00,1,0.5258597
2026-02-03 03:35:00+00:00,1,0.52314824
2026-02-03 03:40:00+00:00,1,0.47840905
2026-02-03 03:45:00+00:00,1,0.47203684
2026-02-03 03:50:00+00:00,1,0.49991217
2026-02-03 03:55:00+00:00,0,0.47818825
2026-02-03 04:00:00+00:00,1,0.48835382
2026-02-03 04:05:00+00:00,1,0.4776841
2026-02-03 04:10:00+00:00,1,0.47946203
2026-02-03 04:15:00+00:00,1,0.4811573
2026-02-03 04:20:00+00:00,1,0.49435842
2026-02-03 04:25:00+00:00,1,0.4880757
2026-02-03 04:30:00+00:00,1,0.4785192
2026-02-03 04:35:00+00:00,1,0.47938925
2026-02-03 04:40:00+00:00,0,0.4786249
2026-02-03 04:45:00+00:00,0,0.48561025
2026-02-03 04:50:00+00:00,0,0.47727388
2026-02-03 04:55:00+00:00,0,0.481614
2026-02-03 05:00:00+00:00,0,0.4845468
2026-02-03 05:05:00+00:00,0,0.49413642
2026-02-03 05:10:00+00:00,0,0.4926312
2026-02-03 05:15:00+00:00,1,0.49951333
2026-02-03 05:20:00+00:00,0,0.48968267
2026-02-03 05:25:00+00:00,0,0.49421635
2026-02-03 05:30:00+00:00,0,0.49924305
2026-02-03 05:35:00+00:00,0,0.49398586
2026-02-03 05:40:00+00:00,0,0.5031045
2026-02-03 05:45:00+00:00,0,0.5015884
2026-02-03 05:50:00+00:00,0,0.5229725
2026-02-03 05:55:00+00:00,1,0.5223622
2026-02-03 06:00:00+00:00,1,0.52241945
2026-02-03 06:05:00+00:00,1,0.52535313
2026-02-03 06:10:00+00:00,1,0.5336501
2026-02-03 06:15:00+00:00,1,0.52535313
2026-02-03 06:20:00+00:00,1,0.51694083
2026-02-03 06:25:00+00:00,0,0.51332533
2026-02-03 06:30:00+00:00,0,0.5109481
2026-02-03 06:35:00+00:00,1,0.51212496
2026-02-03 06:40:00+00:00,1,0.5038835
2026-02-03 06:45:00+00:00,0,0.51413757
2026-02-03 06:50:00+00:00,0,0.5186543
2026-02-03 06:55:00+00:00,1,0.5170226
2026-02-03 07:00:00+00:00,1,0.5094162
2026-02-03 07:05:00+00:00,1,0.505302
2026-02-03 07:10:00+00:00,1,0.50671357
2026-02-03 07:15:00+00:00,1,0.5094162
2026-02-03 07:20:00+00:00,1,0.5054163
2026-02-03 07:25:00+00:00,1,0.50122255
2026-02-03 07:30:00+00:00,0,0.4801513
2026-02-03 07:35:00+00:00,0,0.47774076
2026-02-03 07:40:00+00:00,0,0.47928205
2026-02-03 07:45:00+00:00,0,0.4817482
2026-02-03 07:50:00+00:00,1,0.48560798
2026-02-03 07:55:00+00:00,1,0.49405912
2026-02-03 08:00:00+00:00,1,0.4847722
2026-02-03 08:05:00+00:00,1,0.48604366
2026-02-03 08:10:00+00:00,1,0.49718648
2026-02-03 08:15:00+00:00,1,0.48626634
2026-02-03 08:20:00+00:00,0,0.480257
2026-02-03 08:25:00+00:00,0,0.4775581
2026-02-03 08:30:00+00:00,0,0.480257
2026-02-03 08:35:00+00:00,0,0.47697082
2026-02-03 08:40:00+00:00,0,0.47165602
2026-02-03 08:45:00+00:00,0,0.49303675
2026-02-03 08:50:00+00:00,0,0.49618265
2026-02-03 08:55:00+00:00,0,0.49420908
2026-02-03 09:00:00+00:00,0,0.49472123
2026-02-03 09:05:00+00:00,0,0.49858636
2026-02-03 09:10:00+00:00,1,0.5199704
2026-02-03 09:15:00+00:00,1,0.5204121
2026-02-03 09:20:00+00:00,1,0.51882964
2026-02-03 09:25:00+00:00,1,0.51882964
2026-02-03 09:30:00+00:00,1,0.51882964
2026-02-03 09:35:00+00:00,1,0.51711553
2026-02-03 09:40:00+00:00,1,0.5042871
2026-02-03 09:45:00+00:00,0,0.5114978
2026-02-03 09:50:00+00:00,1,0.51377
2026-02-03 09:55:00+00:00,1,0.5143254
2026-02-03 10:00:00+00:00,0,0.5021195
2026-02-03 10:05:00+00:00,0,0.5010207
2026-02-03 10:10:00+00:00,0,0.5121845
2026-02-03 10:15:00+00:00,0,0.5185423
2026-02-03 10:20:00+00:00,0,0.51702034
2026-02-03 10:25:00+00:00,0,0.5167829
2026-02-03 10:30:00+00:00,1,0.5218603
2026-02-03 10:35:00+00:00,1,0.519152
2026-02-03 10:40:00+00:00,1,0.519152
2026-02-03 10:45:00+00:00,1,0.521976
2026-02-03 10:50:00+00:00,1,0.51789564
2026-02-03 10:55:00+00:00,1,0.49275577
2026-02-03 11:00:00+00:00,1,0.49613056
2026-02-03 11:05:00+00:00,0,0.488557
2026-02-03 11:10:00+00:00,1,0.49206138
2026-02-03 11:15:00+00:00,1,0.4890088
2026-02-03 11:20:00+00:00,1,0.4878399
2026-02-03 11:25:00+00:00,1,0.4795592
2026-02-03 11:30:00+00:00,0,0.47048804
2026-02-03 11:35:00+00:00,1,0.48811308
2026-02-03 11:40:00+00:00,1,0.47467023
2026-02-03 11:45:00+00:00,1,0.4728439
2026-02-03 11:50:00+00:00,1,0.47371212
2026-02-03 11:55:00+00:00,1,0.48107296
2026-02-03 12:00:00+00:00,1,0.48992583
2026-02-03 12:05:00+00:00,1,0.48391554
2026-02-03 12:10:00+00:00,1,0.47423166
2026-02-03 12:15:00+00:00,1,0.47795287
2026-02-03 12:20:00+00:00,1,0.4848608
2026-02-03 12:25:00+00:00,1,0.48042387
2026-02-03 12:30:00+00:00,1,0.4848608
2026-02-03 12:35:00+00:00,1,0.47568247
2026-02-03 12:40:00+00:00,1,0.4839055
2026-02-03 12:45:00+00:00,0,0.4743635
2026-02-03 12:50:00+00:00,0,0.47568247
2026-02-03 12:55:00+00:00,1,0.4839055
2026-02-03 13:00:00+00:00,0,0.48890126
2026-02-03 13:05:00+00:00,0,0.47727814
2026-02-03 13:10:00+00:00,0,0.48803103
2026-02-03 13:15:00+00:00,0,0.4947696
2026-02-03 13:20:00+00:00,1,0.49392268
2026-02-03 13:25:00+00:00,1,0.48248434
2026-02-03 13:30:00+00:00,1,0.49392268
2026-02-03 13:35:00+00:00,1,0.48936948
2026-02-03 13:40:00+00:00,1,0.5034909
2026-02-03 13:45:00+00:00,0,0.48723704
2026-02-03 13:50:00+00:00,1,0.49802858
2026-02-03 13:55:00+00:00,1,0.48381895
2026-02-03 14:00:00+00:00,0,0.49358708
2026-02-03 14:05:00+00:00,0,0.48457098
2026-02-03 14:10:00+00:00,0,0.48509285
2026-02-03 14:15:00+00:00,0,0.50140285
2026-02-03 14:20:00+00:00,0,0.50482583
2026-02-03 14:25:00+00:00,0,0.4795902
2026-02-03 14:30:00+00:00,0,0.50365335
2026-02-03 14:35:00+00:00,0,0.50429565
2026-02-03 14:40:00+00:00,0,0.50405675
2026-02-03 14:45:00+00:00,0,0.50429565
2026-02-03 14:50:00+00:00,0,0.51362383
2026-02-03 14:55:00+00:00,1,0.5102719
2026-02-03 15:00:00+00:00,1,0.5113271
2026-02-03 15:05:00+00:00,1,0.51345706
2026-02-03 15:10:00+00:00,1,0.5173096
2026-02-03 15:15:00+00:00,1,0.51389915
2026-02-03 15:20:00+00:00,1,0.51510036
2026-02-03 15:25:00+00:00,1,0.49211732
2026-02-03 15:30:00+00:00,1,0.48620322
2026-02-03 15:35:00+00:00,1,0.494336
2026-02-03 15:40:00+00:00,1,0.49980208
2026-02-03 15:45:00+00:00,0,0.47983742
2026-02-03 15:50:00+00:00,0,0.48994392
2026-02-03 15:55:00+00:00,0,0.49248615
2026-02-03 16:00:00+00:00,0,0.49309808
2026-02-03 16:05:00+00:00,0,0.49583417
2026-02-03 16:10:00+00:00,0,0.494199
2026-02-03 16:15:00+00:00,0,0.5003326
2026-02-03 16:20:00+00:00,0,0.5334862
2026-02-03 16:25:00+00:00,0,0.5236615
2026-02-03 16:30:00+00:00,0,0.515133
2026-02-03 16:35:00+00:00,0,0.5217895
2026-02-03 16:40:00+00:00,0,0.5320535
2026-02-03 16:45:00+00:00,0,0.5226039
2026-02-03 16:50:00+00:00,0,0.51513034
2026-02-03 16:55:00+00:00,0,0.5274916
2026-02-03 17:00:00+00:00,0,0.527118
2026-02-03 17:05:00+00:00,0,0.52496463
2026-02-03 17:10:00+00:00,0,0.52823865
2026-02-03 17:15:00+00:00,0,0.5287409
2026-02-03 17:20:00+00:00,0,0.52496463
2026-02-03 17:25:00+00:00,0,0.5228087
2026-02-03 17:30:00+00:00,0,0.52337164
2026-02-03 17:35:00+00:00,0,0.51977473
2026-02-03 17:40:00+00:00,0,0.52439
2026-02-03 17:45:00+00:00,0,0.5228087
2026-02-03 17:50:00+00:00,0,0.5228087
2026-02-03 17:55:00+00:00,0,0.51794577
2026-02-03 18:00:00+00:00,0,0.5331905
2026-02-03 18:05:00+00:00,0,0.5309736
2026-02-03 18:10:00+00:00,0,0.52983135
2026-02-03 18:15:00+00:00,0,0.5314103
2026-02-03 18:20:00+00:00,0,0.5226165
2026-02-03 18:25:00+00:00,0,0.5226165
2026-02-03 18:30:00+00:00,0,0.5211691
2026-02-03 18:35:00+00:00,1,0.51924986
2026-02-03 18:40:00+00:00,1,0.5193844
2026-02-03 18:45:00+00:00,1,0.52445555
2026-02-03 18:50:00+00:00,1,0.5211691
2026-02-03 18:55:00+00:00,1,0.5210346
2026-02-03 19:00:00+00:00,1,0.5306506
2026-02-03 19:05:00+00:00,1,0.5247412
2026-02-03 19:10:00+00:00,1,0.48243928
2026-02-03 19:15:00+00:00,1,0.48927683
2026-02-03 19:20:00+00:00,1,0.48959735
2026-02-03 19:25:00+00:00,1,0.4917226
2026-02-03 19:30:00+00:00,0,0.50127536
2026-02-03 19:35:00+00:00,0,0.4965887
2026-02-03 19:40:00+00:00,0,0.5012524
2026-02-03 19:45:00+00:00,0,0.50135887
2026-02-03 19:50:00+00:00,1,0.50338465
2026-02-03 19:55:00+00:00,1,0.49741903
2026-02-03 20:00:00+00:00,1,0.5302529
2026-02-03 20:05:00+00:00,1,0.5251287
2026-02-03 20:10:00+00:00,1,0.52334523
2026-02-03 20:15:00+00:00,1,0.51868165
2026-02-03 20:20:00+00:00,1,0.51868165
2026-02-03 20:25:00+00:00,1,0.50245935
2026-02-03 20:30:00+00:00,1,0.520744
2026-02-03 20:35:00+00:00,1,0.52392465
2026-02-03 20:40:00+00:00,1,0.5166769
2026-02-03 20:45:00+00:00,0,0.5076769
2026-02-03 20:50:00+00:00,0,0.51065296
2026-02-03 20:55:00+00:00,0,0.5125627
2026-02-03 21:00:00+00:00,0,0.51560134
2026-02-03 21:05:00+00:00,0,0.51702756
2026-02-03 21:10:00+00:00,0,0.5186049
2026-02-03 21:15:00+00:00,0,0.5302116
2026-02-03 21:20:00+00:00,0,0.5345117
2026-02-03 21:25:00+00:00,0,0.5347431
2026-02-03 21:30:00+00:00,0,0.5424831
2026-02-03 21:35:00+00:00,0,0.54733914
2026-02-03 21:40:00+00:00,0,0.53570163
2026-02-03 21:45:00+00:00,0,0.54932004
2026-02-03 21:50:00+00:00,0,0.5343078
2026-02-03 21:55:00+00:00,0,0.52911335
2026-02-03 22:00:00+00:00,0,0.5249002
2026-02-03 22:05:00+00:00,1,0.5325017
2026-02-03 22:10:00+00:00,1,0.53231776
2026-02-03 22:15:00+00:00,0,0.5305371
2026-02-03 22:20:00+00:00,0,0.5325017
2026-02-03 22:25:00+00:00,0,0.52508366
2026-02-03 22:30:00+00:00,0,0.4986035
2026-02-03 22:35:00+00:00,0,0.49870753
2026-02-03 22:40:00+00:00,0,0.5008256
2026-02-03 22:45:00+00:00,1,0.5330785
2026-02-03 22:50:00+00:00,0,0.53700745
2026-02-03 22:55:00+00:00,0,0.5342764
2026-02-03 23:00:00+00:00,1,0.53363025
2026-02-03 23:05:00+00:00,0,0.53363025
2026-02-03 23:10:00+00:00,0,0.5285625
2026-02-03 23:15:00+00:00,0,0.53650457
2026-02-03 23:20:00+00:00,0,0.5273619
2026-02-03 23:25:00+00:00,1,0.5196031
2026-02-03 23:30:00+00:00,0,0.52389914
2026-02-03 23:35:00+00:00,0,0.5298638
2026-02-03 23:40:00+00:00,0,0.5260168
2026-02-03 23:45:00+00:00,1,0.53304946
2026-02-03 23:50:00+00:00,1,0.5312036
2026-02-03 23:55:00+00:00,1,0.51554334
2026-02-04 00:00:00+00:00,1,0.52257764
2026-02-04 00:05:00+00:00,1,0.52257764
2026-02-04 00:10:00+00:00,1,0.5130934
2026-02-04 00:15:00+00:00,1,0.5181005
2026-02-04 00:20:00+00:00,1,0.50822884
2026-02-04 00:25:00+00:00,1,0.49195626
2026-02-04 00:30:00+00:00,1,0.47561774
2026-02-04 00:35:00+00:00,1,0.48312435
2026-02-04 00:40:00+00:00,1,0.4837211
2026-02-04 00:45:00+00:00,1,0.48072055
2026-02-04 00:50:00+00:00,1,0.4891822
2026-02-04 00:55:00+00:00,1,0.49345985
2026-02-04 01:00:00+00:00,1,0.47448692
2026-02-04 01:05:00+00:00,1,0.4820198
2026-02-04 01:10:00+00:00,0,0.4831552
2026-02-04 01:15:00+00:00,0,0.48960933
2026-02-04 01:20:00+00:00,0,0.4875753
2026-02-04 01:25:00+00:00,0,0.49216592
2026-02-04 01:30:00+00:00,0,0.47882578
2026-02-04 01:35:00+00:00,0,0.4861844
2026-02-04 01:40:00+00:00,0,0.49736488
2026-02-04 01:45:00+00:00,0,0.5031403
2026-02-04 01:50:00+00:00,0,0.48997128
2026-02-04 01:55:00+00:00,0,0.5009481
2026-02-04 02:00:00+00:00,0,0.49514687
2026-02-04 02:05:00+00:00,0,0.49210322
2026-02-04 02:10:00+00:00,0,0.4771474
2026-02-04 02:15:00+00:00,0,0.50315183
2026-02-04 02:20:00+00:00,0,0.4863903
2026-02-04 02:25:00+00:00,0,0.50442046
2026-02-04 02:30:00+00:00,1,0.5060163
2026-02-04 02:35:00+00:00,1,0.50559604
2026-02-04 02:40:00+00:00,1,0.5235881
2026-02-04 02:45:00+00:00,1,0.5253983
2026-02-04 02:50:00+00:00,1,0.5299926
2026-02-04 02:55:00+00:00,1,0.52340853
2026-02-04 03:00:00+00:00,1,0.5183935
2026-02-04 03:05:00+00:00,1,0.48262557
2026-02-04 03:10:00+00:00,1,0.47511846
2026-02-04 03:15:00+00:00,1,0.4770253
2026-02-04 03:20:00+00:00,1,0.49469864
2026-02-04 03:25:00+00:00,1,0.49531585
2026-02-04 03:30:00+00:00,1,0.47823057
2026-02-04 03:35:00+00:00,1,0.47681987
2026-02-04 03:40:00+00:00,1,0.48551422
2026-02-04 03:45:00+00:00,1,0.4911034
2026-02-04 03:50:00+00:00,0,0.48168987
2026-02-04 03:55:00+00:00,0,0.4883213
2026-02-04 04:00:00+00:00,0,0.49549046
2026-02-04 04:05:00+00:00,0,0.49554625
2026-02-04 04:10:00+00:00,0,0.49150488
2026-02-04 04:15:00+00:00,0,0.51270616
2026-02-04 04:20:00+00:00,0,0.50183445
2026-02-04 04:25:00+00:00,0,0.5087471
2026-02-04 04:30:00+00:00,0,0.50087863
2026-02-04 04:35:00+00:00,0,0.50183445
2026-02-04 04:40:00+00:00,0,0.515546
2026-02-04 04:45:00+00:00,0,0.50112545
2026-02-04 04:50:00+00:00,0,0.5119244
2026-02-04 04:55:00+00:00,0,0.5036834
2026-02-04 05:00:00+00:00,0,0.503686
2026-02-04 05:05:00+00:00,0,0.50412995
2026-02-04 05:10:00+00:00,0,0.50074637
2026-02-04 05:15:00+00:00,0,0.5178965
2026-02-04 05:20:00+00:00,0,0.52063733
2026-02-04 05:25:00+00:00,0,0.51699483
2026-02-04 05:30:00+00:00,0,0.5198303
2026-02-04 05:35:00+00:00,1,0.5189289
2026-02-04 05:40:00+00:00,1,0.51895463
2026-02-04 05:45:00+00:00,1,0.5180531
2026-02-04 05:50:00+00:00,1,0.52490354
2026-02-04 05:55:00+00:00,1,0.5181087
2026-02-04 06:00:00+00:00,1,0.5182888
2026-02-04 06:05:00+00:00,1,0.51770407
2026-02-04 06:10:00+00:00,1,0.5206973
2026-02-04 06:15:00+00:00,1,0.5052441
2026-02-04 06:20:00+00:00,1,0.51618445
2026-02-04 06:25:00+00:00,1,0.51617545
2026-02-04 06:30:00+00:00,0,0.5246298
2026-02-04 06:35:00+00:00,0,0.494602
2026-02-04 06:40:00+00:00,0,0.49105695
2026-02-04 06:45:00+00:00,0,0.48817298
2026-02-04 06:50:00+00:00,0,0.50160444
2026-02-04 06:55:00+00:00,1,0.50359607
2026-02-04 07:00:00+00:00,1,0.5063488
2026-02-04 07:05:00+00:00,1,0.50843894
2026-02-04 07:10:00+00:00,1,0.4871853
2026-02-04 07:15:00+00:00,1,0.49315703
2026-02-04 07:20:00+00:00,1,0.4955171
2026-02-04 07:25:00+00:00,1,0.48502353
2026-02-04 07:30:00+00:00,0,0.47305858
2026-02-04 07:35:00+00:00,0,0.47024834
2026-02-04 07:40:00+00:00,0,0.47311082
2026-02-04 07:45:00+00:00,0,0.4763785
2026-02-04 07:50:00+00:00,0,0.48871368
2026-02-04 07:55:00+00:00,0,0.48561552
2026-02-04 08:00:00+00:00,1,0.49350467
2026-02-04 08:05:00+00:00,1,0.49269682
2026-02-04 08:10:00+00:00,1,0.4945349
2026-02-04 08:15:00+00:00,1,0.48385972
2026-02-04 08:20:00+00:00,1,0.5037622
2026-02-04 08:25:00+00:00,1,0.5023296
2026-02-04 08:30:00+00:00,1,0.49096578
2026-02-04 08:35:00+00:00,1,0.48162913
2026-02-04 08:40:00+00:00,1,0.47802138
2026-02-04 08:45:00+00:00,0,0.4703878
2026-02-04 08:50:00+00:00,0,0.4706553
2026-02-04 08:55:00+00:00,0,0.47430015
2026-02-04 09:00:00+00:00,0,0.48177293
2026-02-04 09:05:00+00:00,0,0.48167267
2026-02-04 09:10:00+00:00,0,0.4886364
2026-02-04 09:15:00+00:00,0,0.48539007
2026-02-04 09:20:00+00:00,0,0.49932525
2026-02-04 09:25:00+00:00,0,0.494217
2026-02-04 09:30:00+00:00,0,0.49808925
2026-02-04 09:35:00+00:00,0,0.49638984
2026-02-04 09:40:00+00:00,1,0.50131714
2026-02-04 09:45:00+00:00,1,0.5051181
2026-02-04 09:50:00+00:00,1,0.5003319
2026-02-04 09:55:00+00:00,1,0.4969418
2026-02-04 10:00:00+00:00,1,0.49833584
2026-02-04 10:05:00+00:00,0,0.49631402
2026-02-04 10:10:00+00:00,0,0.5010767
2026-02-04 10:15:00+00:00,0,0.5016379
2026-02-04 10:20:00+00:00,0,0.5036251
2026-02-04 10:25:00+00:00,0,0.50220114
2026-02-04 10:30:00+00:00,0,0.49342012
2026-02-04 10:35:00+00:00,0,0.5042801
2026-02-04 10:40:00+00:00,0,0.51183754
2026-02-04 10:45:00+00:00,0,0.5104674
2026-02-04 10:50:00+00:00,0,0.5098313
2026-02-04 10:55:00+00:00,0,0.5083874
2026-02-04 11:00:00+00:00,0,0.50442845
2026-02-04 11:05:00+00:00,1,0.5207275
2026-02-04 11:10:00+00:00,1,0.5207275
2026-02-04 11:15:00+00:00,1,0.5207275
2026-02-04 11:20:00+00:00,1,0.5015575
2026-02-04 11:25:00+00:00,1,0.5015575
2026-02-04 11:30:00+00:00,0,0.48570898
2026-02-04 11:35:00+00:00,0,0.5058696
2026-02-04 11:40:00+00:00,0,0.49844214
2026-02-04 11:45:00+00:00,0,0.4992045
2026-02-04 11:50:00+00:00,0,0.5166376
2026-02-04 11:55:00+00:00,0,0.50648934
2026-02-04 12:00:00+00:00,0,0.5054708
2026-02-04 12:05:00+00:00,0,0.50857073
2026-02-04 12:10:00+00:00,0,0.49870867
2026-02-04 12:15:00+00:00,0,0.50482386
2026-02-04 12:20:00+00:00,0,0.50521135
2026-02-04 12:25:00+00:00,1,0.5214392
2026-02-04 12:30:00+00:00,0,0.511929
2026-02-04 12:35:00+00:00,0,0.5224056
2026-02-04 12:40:00+00:00,0,0.52111036
2026-02-04 12:45:00+00:00,0,0.51818365
2026-02-04 12:50:00+00:00,0,0.5078508
2026-02-04 12:55:00+00:00,0,0.5017315
2026-02-04 13:00:00+00:00,0,0.51306903
2026-02-04 13:05:00+00:00,0,0.51377183
2026-02-04 13:10:00+00:00,0,0.5143532
2026-02-04 13:15:00+00:00,0,0.5230209
2026-02-04 13:20:00+00:00,0,0.5230209
2026-02-04 13:25:00+00:00,0,0.5214392
2026-02-04 13:30:00+00:00,0,0.5230209
2026-02-04 13:35:00+00:00,0,0.5230209
2026-02-04 13:40:00+00:00,0,0.5230209
2026-02-04 13:45:00+00:00,1,0.52342397
2026-02-04 13:50:00+00:00,0,0.5241215
2026-02-04 13:55:00+00:00,1,0.52294314
2026-02-04 14:00:00+00:00,0,0.5257101
2026-02-04 14:05:00+00:00,1,0.52667964
2026-02-04 14:10:00+00:00,0,0.51755714
2026-02-04 14:15:00+00:00,0,0.5156155
2026-02-04 14:20:00+00:00,0,0.5176406
2026-02-04 14:25:00+00:00,0,0.5160575
2026-02-04 14:30:00+00:00,0,0.51857
2026-02-04 14:35:00+00:00,0,0.52028584
2026-02-04 14:40:00+00:00,0,0.52028584
2026-02-04 14:45:00+00:00,0,0.5214794
2026-02-04 14:50:00+00:00,1,0.52751064
2026-02-04 14:55:00+00:00,1,0.52242434
2026-02-04 15:00:00+00:00,0,0.5207275
2026-02-04 15:05:00+00:00,0,0.52198285
2026-02-04 15:10:00+00:00,0,0.52198285
2026-02-04 15:15:00+00:00,0,0.5191452
2026-02-04 15:20:00+00:00,0,0.51959014
2026-02-04 15:25:00+00:00,0,0.5178992
2026-02-04 15:30:00+00:00,1,0.52084243
2026-02-04 15:35:00+00:00,1,0.5308946
2026-02-04 15:40:00+00:00,1,0.5259303
2026-02-04 15:45:00+00:00,1,0.5274866
2026-02-04 15:50:00+00:00,0,0.5191452
2026-02-04 15:55:00+00:00,0,0.50848895
2026-02-04 16:00:00+00:00,0,0.51505274
2026-02-04 16:05:00+00:00,0,0.51297104
2026-02-04 16:10:00+00:00,0,0.51102
2026-02-04 16:15:00+00:00,0,0.5235799
2026-02-04 16:20:00+00:00,0,0.5255273
2026-02-04 16:25:00+00:00,0,0.52210665
2026-02-04 16:30:00+00:00,1,0.52496463
2026-02-04 16:35:00+00:00,1,0.52496463
2026-02-04 16:40:00+00:00,1,0.52496463
2026-02-04 16:45:00+00:00,1,0.5224056
2026-02-04 16:50:00+00:00,0,0.5224056
2026-02-04 16:55:00+00:00,0,0.51671714
2026-02-04 17:00:00+00:00,0,0.5139057
2026-02-04 17:05:00+00:00,0,0.51891637
2026-02-04 17:10:00+00:00,0,0.51492846
2026-02-04 17:15:00+00:00,0,0.5191176
2026-02-04 17:20:00+00:00,0,0.5232969
2026-02-04 17:25:00+00:00,1,0.5271495
2026-02-04 17:30:00+00:00,0,0.5234668
2026-02-04 17:35:00+00:00,0,0.52335286
2026-02-04 17:40:00+00:00,0,0.52304065
2026-02-04 17:45:00+00:00,0,0.5221923
2026-02-04 17:50:00+00:00,0,0.5102905
2026-02-04 17:55:00+00:00,1,0.49229878
2026-02-04 18:00:00+00:00,1,0.5310953
2026-02-04 18:05:00+00:00,1,0.52727395
2026-02-04 18:10:00+00:00,1,0.5262984
2026-02-04 18:15:00+00:00,1,0.5396731
2026-02-04 18:20:00+00:00,1,0.5426755
2026-02-04 18:25:00+00:00,1,0.49530885
2026-02-04 18:30:00+00:00,1,0.48543063
2026-02-04 18:35:00+00:00,0,0.49066287
2026-02-04 18:40:00+00:00,0,0.49787828
2026-02-04 18:45:00+00:00,0,0.4874714
2026-02-04 18:50:00+00:00,0,0.48535404
2026-02-04 18:55:00+00:00,0,0.4852409
2026-02-04 19:00:00+00:00,0,0.49351847
2026-02-04 19:05:00+00:00,0,0.5068197
2026-02-04 19:10:00+00:00,1,0.50087416
2026-02-04 19:15:00+00:00,1,0.5049867
2026-02-04 19:20:00+00:00,1,0.49544686
2026-02-04 19:25:00+00:00,1,0.5115152
2026-02-04 19:30:00+00:00,1,0.49920553
2026-02-04 19:35:00+00:00,1,0.5010616
2026-02-04 19:40:00+00:00,1,0.4975427
2026-02-04 19:45:00+00:00,1,0.5037342
2026-02-04 19:50:00+00:00,0,0.50018907
2026-02-04 19:55:00+00:00,0,0.49921444
2026-02-04 20:00:00+00:00,0,0.5037436
2026-02-04 20:05:00+00:00,0,0.51268566
2026-02-04 20:10:00+00:00,0,0.5142698
2026-02-04 20:15:00+00:00,0,0.51189333
2026-02-04 20:20:00+00:00,0,0.5224946
2026-02-04 20:25:00+00:00,0,0.5014084
2026-02-04 20:30:00+00:00,0,0.49864042
2026-02-04 20:35:00+00:00,0,0.48243985
2026-02-04 20:40:00+00:00,0,0.5149902
2026-02-04 20:45:00+00:00,0,0.51189655
2026-02-04 20:50:00+00:00,0,0.515005
2026-02-04 20:55:00+00:00,0,0.51950127
2026-02-04 21:00:00+00:00,0,0.5224741
2026-02-04 21:05:00+00:00,0,0.52127296
2026-02-04 21:10:00+00:00,0,0.52392745
2026-02-04 21:15:00+00:00,0,0.53239965
2026-02-04 21:20:00+00:00,0,0.53120106
2026-02-04 21:25:00+00:00,0,0.52942
2026-02-04 21:30:00+00:00,0,0.52942
2026-02-04 21:35:00+00:00,0,0.52969366
2026-02-04 21:40:00+00:00,0,0.5329764
2026-02-04 21:45:00+00:00,1,0.53704536
2026-02-04 21:50:00+00:00,1,0.5345326
2026-02-04 21:55:00+00:00,1,0.53376716
2026-02-04 22:00:00+00:00,1,0.5387634
2026-02-04 22:05:00+00:00,1,0.5397758
2026-02-04 22:10:00+00:00,1,0.53702426
2026-02-04 22:15:00+00:00,1,0.53687274
2026-02-04 22:20:00+00:00,0,0.52834857
2026-02-04 22:25:00+00:00,0,0.49229845
2026-02-04 22:30:00+00:00,0,0.5313908
2026-02-04 22:35:00+00:00,0,0.54309887
2026-02-04 22:40:00+00:00,1,0.54503363
2026-02-04 22:45:00+00:00,1,0.5448923
2026-02-04 22:50:00+00:00,1,0.5427183
2026-02-04 22:55:00+00:00,1,0.5405055
2026-02-04 23:00:00+00:00,1,0.541625
2026-02-04 23:05:00+00:00,1,0.5407461
2026-02-04 23:10:00+00:00,1,0.5455281
2026-02-04 23:15:00+00:00,1,0.52781975
2026-02-04 23:20:00+00:00,1,0.5004304
2026-02-04 23:25:00+00:00,0,0.49088547
2026-02-04 23:30:00+00:00,0,0.49088547
2026-02-04 23:35:00+00:00,0,0.49575248
2026-02-04 23:40:00+00:00,0,0.5125482
2026-02-04 23:45:00+00:00,0,0.502226
2026-02-04 23:50:00+00:00,0,0.4785085
2026-02-04 23:55:00+00:00,1,0.50239575
2026-02-05 00:00:00+00:00,0,0.5172596
2026-02-05 00:05:00+00:00,1,0.52093804
2026-02-05 00:10:00+00:00,1,0.5070342
2026-02-05 00:15:00+00:00,1,0.513119
2026-02-05 00:20:00+00:00,1,0.48693657
2026-02-05 00:25:00+00:00,0,0.47795486
2026-02-05 00:30:00+00:00,1,0.52362424
2026-02-05 00:35:00+00:00,1,0.5093291
2026-02-05 00:40:00+00:00,1,0.5112121
2026-02-05 00:45:00+00:00,0,0.4978713
2026-02-05 00:50:00+00:00,0,0.507181
2026-02-05 00:55:00+00:00,1,0.51399213
2026-02-05 01:00:00+00:00,1,0.49747756
2026-02-05 01:05:00+00:00,1,0.48784626
2026-02-05 01:10:00+00:00,0,0.49137157
2026-02-05 01:15:00+00:00,1,0.5365843
2026-02-05 01:20:00+00:00,1,0.53755116
2026-02-05 01:25:00+00:00,0,0.5000889
2026-02-05 01:30:00+00:00,0,0.50110525
2026-02-05 01:35:00+00:00,0,0.5039768
2026-02-05 01:40:00+00:00,0,0.52206457
2026-02-05 01:45:00+00:00,0,0.5194009
2026-02-05 01:50:00+00:00,1,0.5354828
2026-02-05 01:55:00+00:00,1,0.5202654
2026-02-05 02:00:00+00:00,1,0.5322996
2026-02-05 02:05:00+00:00,1,0.5349989
2026-02-05 02:10:00+00:00,1,0.53570706
2026-02-05 02:15:00+00:00,0,0.53441477
2026-02-05 02:20:00+00:00,0,0.53112525
2026-02-05 02:25:00+00:00,0,0.5392221
2026-02-05 02:30:00+00:00,0,0.5272953
2026-02-05 02:35:00+00:00,0,0.50584924
2026-02-05 02:40:00+00:00,0,0.50628537
2026-02-05 02:45:00+00:00,0,0.5414665
2026-02-05 02:50:00+00:00,0,0.53244853
2026-02-05 02:55:00+00:00,1,0.5406946
2026-02-05 03:00:00+00:00,0,0.53547
2026-02-05 03:05:00+00:00,0,0.53415775
2026-02-05 03:10:00+00:00,0,0.5366739
2026-02-05 03:15:00+00:00,0,0.53415775
2026-02-05 03:20:00+00:00,0,0.53178775
2026-02-05 03:25:00+00:00,0,0.5258813
2026-02-05 03:30:00+00:00,0,0.5296285
2026-02-05 03:35:00+00:00,1,0.5305972
2026-02-05 03:40:00+00:00,0,0.5385383
2026-02-05 03:45:00+00:00,0,0.53328687
2026-02-05 03:50:00+00:00,1,0.53328687
2026-02-05 03:55:00+00:00,0,0.533681
2026-02-05 04:00:00+00:00,0,0.5209132
2026-02-05 04:05:00+00:00,0,0.5243458
2026-02-05 04:10:00+00:00,1,0.53349924
2026-02-05 04:15:00+00:00,1,0.5265651
2026-02-05 04:20:00+00:00,0,0.530834
2026-02-05 04:25:00+00:00,1,0.5258415
2026-02-05 04:30:00+00:00,1,0.5321758
2026-02-05 04:35:00+00:00,0,0.5295198
2026-02-05 04:40:00+00:00,0,0.5286063
2026-02-05 04:45:00+00:00,0,0.52892476
2026-02-05 04:50:00+00:00,0,0.52649105
2026-02-05 04:55:00+00:00,0,0.52432036
2026-02-05 05:00:00+00:00,0,0.5194473
2026-02-05 05:05:00+00:00,1,0.52715796
2026-02-05 05:10:00+00:00,1,0.5299052
2026-02-05 05:15:00+00:00,1,0.5277142
2026-02-05 05:20:00+00:00,1,0.529496
2026-02-05 05:25:00+00:00,1,0.52784854
2026-02-05 05:30:00+00:00,1,0.5249442
2026-02-05 05:35:00+00:00,0,0.49776945
2026-02-05 05:40:00+00:00,0,0.49205738
2026-02-05 05:45:00+00:00,0,0.50074476
2026-02-05 05:50:00+00:00,0,0.5000264
2026-02-05 05:55:00+00:00,0,0.49905705
2026-02-05 06:00:00+00:00,0,0.52990633
2026-02-05 06:05:00+00:00,0,0.52937806
2026-02-05 06:10:00+00:00,0,0.527036
2026-02-05 06:15:00+00:00,0,0.5354174
2026-02-05 06:20:00+00:00,0,0.53090376
2026-02-05 06:25:00+00:00,0,0.51984817
2026-02-05 06:30:00+00:00,1,0.5276388
2026-02-05 06:35:00+00:00,0,0.52620053
2026-02-05 06:40:00+00:00,0,0.5176825
2026-02-05 06:45:00+00:00,1,0.53167015
2026-02-05 06:50:00+00:00,1,0.5305982
2026-02-05 06:55:00+00:00,1,0.5316817
2026-02-05 07:00:00+00:00,0,0.500896
2026-02-05 07:05:00+00:00,0,0.52628845
2026-02-05 07:10:00+00:00,1,0.5242351
2026-02-05 07:15:00+00:00,0,0.5145336
2026-02-05 07:20:00+00:00,0,0.5165349
2026-02-05 07:25:00+00:00,0,0.50125563
2026-02-05 07:30:00+00:00,0,0.51198196
2026-02-05 07:35:00+00:00,0,0.5158709
2026-02-05 07:40:00+00:00,0,0.5141648
2026-02-05 07:45:00+00:00,0,0.5135044
2026-02-05 07:50:00+00:00,0,0.5110504
2026-02-05 07:55:00+00:00,1,0.5110504
2026-02-05 08:00:00+00:00,1,0.5169823
2026-02-05 08:05:00+00:00,1,0.49999565
2026-02-05 08:10:00+00:00,1,0.5080377
2026-02-05 08:15:00+00:00,1,0.5088022
2026-02-05 08:20:00+00:00,1,0.49477142
2026-02-05 08:25:00+00:00,0,0.49402827
2026-02-05 08:30:00+00:00,0,0.486917
2026-02-05 08:35:00+00:00,1,0.47299024
2026-02-05 08:40:00+00:00,1,0.47474492
2026-02-05 08:45:00+00:00,1,0.48822445
2026-02-05 08:50:00+00:00,0,0.48118696
2026-02-05 08:55:00+00:00,1,0.5038991
2026-02-05 09:00:00+00:00,0,0.50242984
2026-02-05 09:05:00+00:00,0,0.46994656
2026-02-05 09:10:00+00:00,0,0.47735223
2026-02-05 09:15:00+00:00,0,0.480361
2026-02-05 09:20:00+00:00,0,0.49218822
2026-02-05 09:25:00+00:00,0,0.48672715
2026-02-05 09:30:00+00:00,0,0.48961952
2026-02-05 09:35:00+00:00,0,0.51179373
2026-02-05 09:40:00+00:00,0,0.51663333
2026-02-05 09:45:00+00:00,1,0.51980543
2026-02-05 09:50:00+00:00,0,0.5117898
2026-02-05 09:55:00+00:00,0,0.5052963
2026-02-05 10:00:00+00:00,0,0.5144635
2026-02-05 10:05:00+00:00,0,0.52631915
2026-02-05 10:10:00+00:00,0,0.52307683
2026-02-05 10:15:00+00:00,0,0.5081985
2026-02-05 10:20:00+00:00,0,0.5052972
2026-02-05 10:25:00+00:00,0,0.5053642
2026-02-05 10:30:00+00:00,0,0.51836646
2026-02-05 10:35:00+00:00,0,0.5287139
2026-02-05 10:40:00+00:00,0,0.526116
2026-02-05 10:45:00+00:00,0,0.53058285
2026-02-05 10:50:00+00:00,0,0.53058285
2026-02-05 10:55:00+00:00,0,0.5315474
2026-02-05 11:00:00+00:00,0,0.53101164
2026-02-05 11:05:00+00:00,0,0.52294314
2026-02-05 11:10:00+00:00,1,0.52452445
2026-02-05 11:15:00+00:00,1,0.52443635
2026-02-05 11:20:00+00:00,1,0.5214364
2026-02-05 11:25:00+00:00,1,0.5217422
2026-02-05 11:30:00+00:00,1,0.51887596
2026-02-05 11:35:00+00:00,0,0.52241707
2026-02-05 11:40:00+00:00,0,0.5273953
2026-02-05 11:45:00+00:00,0,0.5251271
2026-02-05 11:50:00+00:00,0,0.5222254
2026-02-05 11:55:00+00:00,0,0.5223336
2026-02-05 12:00:00+00:00,0,0.5210652
2026-02-05 12:05:00+00:00,1,0.52001864
2026-02-05 12:10:00+00:00,0,0.5214585
2026-02-05 12:15:00+00:00,1,0.52157503
2026-02-05 12:20:00+00:00,1,0.51901066
2026-02-05 12:25:00+00:00,1,0.5252027
2026-02-05 12:30:00+00:00,1,0.5211415
2026-02-05 12:35:00+00:00,1,0.5214296
2026-02-05 12:40:00+00:00,1,0.51616246
2026-02-05 12:45:00+00:00,1,0.50681
2026-02-05 12:50:00+00:00,1,0.5149755
2026-02-05 12:55:00+00:00,0,0.5090118
2026-02-05 13:00:00+00:00,0,0.50407237
2026-02-05 13:05:00+00:00,0,0.48947278
2026-02-05 13:10:00+00:00,0,0.50514114
2026-02-05 13:15:00+00:00,0,0.5119726
2026-02-05 13:20:00+00:00,0,0.5207697
2026-02-05 13:25:00+00:00,0,0.5233065
2026-02-05 13:30:00+00:00,0,0.5073871
2026-02-05 13:35:00+00:00,1,0.5187182
2026-02-05 13:40:00+00:00,1,0.52201146
2026-02-05 13:45:00+00:00,1,0.52111036
2026-02-05 13:50:00+00:00,1,0.5154053
2026-02-05 13:55:00+00:00,1,0.5185829
2026-02-05 14:00:00+00:00,1,0.5132521
2026-02-05 14:05:00+00:00,1,0.51688015
2026-02-05 14:10:00+00:00,1,0.51407605
2026-02-05 14:15:00+00:00,1,0.5145398
2026-02-05 14:20:00+00:00,1,0.49197
2026-02-05 14:25:00+00:00,0,0.4810797
2026-02-05 14:30:00+00:00,0,0.50065935
2026-02-05 14:35:00+00:00,0,0.5081706
2026-02-05 14:40:00+00:00,0,0.51074976
2026-02-05 14:45:00+00:00,0,0.50708956
2026-02-05 14:50:00+00:00,0,0.50848675
2026-02-05 14:55:00+00:00,0,0.52115506
2026-02-05 15:00:00+00:00,0,0.5223018
2026-02-05 15:05:00+00:00,0,0.53105915
2026-02-05 15:10:00+00:00,0,0.53192675
2026-02-05 15:15:00+00:00,0,0.53192675
2026-02-05 15:20:00+00:00,1,0.5357185
2026-02-05 15:25:00+00:00,1,0.5378294
2026-02-05 15:30:00+00:00,1,0.54111475
2026-02-05 15:35:00+00:00,0,0.536512
2026-02-05 15:40:00+00:00,0,0.5312847
2026-02-05 15:45:00+00:00,0,0.5277042
2026-02-05 15:50:00+00:00,1,0.5225032
2026-02-05 15:55:00+00:00,1,0.5277042
2026-02-05 16:00:00+00:00,1,0.52279115
2026-02-05 16:05:00+00:00,1,0.52335405
2026-02-05 16:10:00+00:00,1,0.5234997
2026-02-05 16:15:00+00:00,1,0.5227367
2026-02-05 16:20:00+00:00,0,0.528198
2026-02-05 16:25:00+00:00,0,0.52641916
2026-02-05 16:30:00+00:00,0,0.5229881
2026-02-05 16:35:00+00:00,0,0.52104133
2026-02-05 16:40:00+00:00,0,0.5197819
2026-02-05 16:45:00+00:00,0,0.51612705
2026-02-05 16:50:00+00:00,0,0.50519794
2026-02-05 16:55:00+00:00,0,0.5247789
2026-02-05 17:00:00+00:00,0,0.52977246
2026-02-05 17:05:00+00:00,1,0.52752095
2026-02-05 17:10:00+00:00,1,0.5251835
2026-02-05 17:15:00+00:00,1,0.54319423
2026-02-05 17:20:00+00:00,0,0.5255193
2026-02-05 17:25:00+00:00,0,0.52242684
2026-02-05 17:30:00+00:00,0,0.5308608
2026-02-05 17:35:00+00:00,0,0.5285433
2026-02-05 17:40:00+00:00,0,0.5271136
2026-02-05 17:45:00+00:00,0,0.53288466
2026-02-05 17:50:00+00:00,0,0.52783096
2026-02-05 17:55:00+00:00,0,0.5226122
2026-02-05 18:00:00+00:00,0,0.51941526
2026-02-05 18:05:00+00:00,0,0.5196894
2026-02-05 18:10:00+00:00,0,0.5021089
2026-02-05 18:15:00+00:00,0,0.5237071
2026-02-05 18:20:00+00:00,0,0.5040479
2026-02-05 18:25:00+00:00,1,0.5248732
2026-02-05 18:30:00+00:00,1,0.52645385
2026-02-05 18:35:00+00:00,1,0.54317796
2026-02-05 18:40:00+00:00,1,0.52763164
2026-02-05 18:45:00+00:00,1,0.5334486
2026-02-05 18:50:00+00:00,0,0.5129137
2026-02-05 18:55:00+00:00,0,0.5258428
2026-02-05 19:00:00+00:00,0,0.531016
2026-02-05 19:05:00+00:00,0,0.531016
2026-02-05 19:10:00+00:00,0,0.531016
2026-02-05 19:15:00+00:00,0,0.52314734
2026-02-05 19:20:00+00:00,0,0.5414747
2026-02-05 19:25:00+00:00,0,0.5396988
2026-02-05 19:30:00+00:00,0,0.53094155
2026-02-05 19:35:00+00:00,1,0.5367112
2026-02-05 19:40:00+00:00,0,0.53848875
2026-02-05 19:45:00+00:00,0,0.527357
2026-02-05 19:50:00+00:00,0,0.52231777
2026-02-05 19:55:00+00:00,0,0.52231777
2026-02-05 20:00:00+00:00,0,0.5319943
2026-02-05 20:05:00+00:00,0,0.5240644
2026-02-05 20:10:00+00:00,0,0.535703
2026-02-05 20:15:00+00:00,0,0.55153316
2026-02-05 20:20:00+00:00,0,0.5690063
2026-02-05 20:25:00+00:00,1,0.5690063
2026-02-05 20:30:00+00:00,1,0.56997997
2026-02-05 20:35:00+00:00,0,0.5515534
2026-02-05 20:40:00+00:00,0,0.5498008
2026-02-05 20:45:00+00:00,0,0.54131836
2026-02-05 20:50:00+00:00,1,0.5497841
2026-02-05 20:55:00+00:00,1,0.5497841
2026-02-05 21:00:00+00:00,0,0.5382778
2026-02-05 21:05:00+00:00,0,0.54326934
2026-02-05 21:10:00+00:00,0,0.541589
2026-02-05 21:15:00+00:00,1,0.5398991
2026-02-05 21:20:00+00:00,0,0.54169667
2026-02-05 21:25:00+00:00,0,0.5443322
2026-02-05 21:30:00+00:00,0,0.5479967
2026-02-05 21:35:00+00:00,1,0.53574055
2026-02-05 21:40:00+00:00,1,0.5376796
2026-02-05 21:45:00+00:00,0,0.54279864
2026-02-05 21:50:00+00:00,0,0.5357861
2026-02-05 21:55:00+00:00,1,0.53942764
2026-02-05 22:00:00+00:00,1,0.53459364
2026-02-05 22:05:00+00:00,0,0.5243864
2026-02-05 22:10:00+00:00,1,0.53149205
2026-02-05 22:15:00+00:00,1,0.5478862
2026-02-05 22:20:00+00:00,1,0.5430502
2026-02-05 22:25:00+00:00,0,0.50923103
2026-02-05 22:30:00+00:00,1,0.53690773
2026-02-05 22:35:00+00:00,1,0.52268153
2026-02-05 22:40:00+00:00,1,0.4968121
2026-02-05 22:45:00+00:00,1,0.5025443
2026-02-05 22:50:00+00:00,0,0.5159839
2026-02-05 22:55:00+00:00,1,0.50868523
2026-02-05 23:00:00+00:00,0,0.50934374
2026-02-05 23:05:00+00:00,0,0.51493084
2026-02-05 23:10:00+00:00,0,0.5160711
2026-02-05 23:15:00+00:00,0,0.5191754
2026-02-05 23:20:00+00:00,0,0.52232224
2026-02-05 23:25:00+00:00,0,0.51895535
2026-02-05 23:30:00+00:00,0,0.5437774
2026-02-05 23:35:00+00:00,0,0.55649143
2026-02-05 23:40:00+00:00,0,0.56517005
2026-02-05 23:45:00+00:00,0,0.54431945
2026-02-05 23:50:00+00:00,0,0.5659323
2026-02-05 23:55:00+00:00,0,0.54766494
2026-02-06 00:00:00+00:00,0,0.5626496
2026-02-06 00:05:00+00:00,1,0.5626496
2026-02-06 00:10:00+00:00,1,0.57325774
2026-02-06 00:15:00+00:00,1,0.57578766
2026-02-06 00:20:00+00:00,1,0.57325774
2026-02-06 00:25:00+00:00,1,0.56826085
2026-02-06 00:30:00+00:00,1,0.55718935
2026-02-06 00:35:00+00:00,1,0.54269713
2026-02-06 00:40:00+00:00,1,0.5453557
2026-02-06 00:45:00+00:00,1,0.53939426
2026-02-06 00:50:00+00:00,1,0.4983281
2026-02-06 00:55:00+00:00,1,0.53435916
2026-02-06 01:00:00+00:00,1,0.49649042
2026-02-06 01:05:00+00:00,1,0.48632407
2026-02-06 01:10:00+00:00,1,0.4955471
2026-02-06 01:15:00+00:00,1,0.49949148
2026-02-06 01:20:00+00:00,1,0.49801663
2026-02-06 01:25:00+00:00,1,0.49354833
2026-02-06 01:30:00+00:00,1,0.50071675
2026-02-06 01:35:00+00:00,1,0.49392065
2026-02-06 01:40:00+00:00,1,0.48406234
2026-02-06 01:45:00+00:00,0,0.50198907
2026-02-06 01:50:00+00:00,0,0.49774572
2026-02-06 01:55:00+00:00,0,0.5131702
2026-02-06 02:00:00+00:00,0,0.5050816
2026-02-06 02:05:00+00:00,0,0.5045457
2026-02-06 02:10:00+00:00,0,0.51253045
2026-02-06 02:15:00+00:00,0,0.52090776
2026-02-06 02:20:00+00:00,1,0.5273889
2026-02-06 02:25:00+00:00,1,0.53039426
2026-02-06 02:30:00+00:00,0,0.52458394
2026-02-06 02:35:00+00:00,0,0.50670344
2026-02-06 02:40:00+00:00,0,0.50156945
2026-02-06 02:45:00+00:00,1,0.48940447
2026-02-06 02:50:00+00:00,1,0.54369956
2026-02-06 02:55:00+00:00,1,0.53940374
2026-02-06 03:00:00+00:00,1,0.54152626
2026-02-06 03:05:00+00:00,1,0.5380545
2026-02-06 03:10:00+00:00,1,0.5381608
2026-02-06 03:15:00+00:00,1,0.5417479
2026-02-06 03:20:00+00:00,1,0.5438138
2026-02-06 03:25:00+00:00,1,0.5091257
2026-02-06 03:30:00+00:00,1,0.5119753
2026-02-06 03:35:00+00:00,1,0.5171949
2026-02-06 03:40:00+00:00,1,0.50845504
2026-02-06 03:45:00+00:00,1,0.5189191
2026-02-06 03:50:00+00:00,1,0.49818605
2026-02-06 03:55:00+00:00,1,0.49229214
2026-02-06 04:00:00+00:00,1,0.500167
2026-02-06 04:05:00+00:00,1,0.5060027
2026-02-06 04:10:00+00:00,1,0.488915
2026-02-06 04:15:00+00:00,0,0.4952999
2026-02-06 04:20:00+00:00,0,0.50165355
2026-02-06 04:25:00+00:00,0,0.5017566
2026-02-06 04:30:00+00:00,1,0.49790218
2026-02-06 04:35:00+00:00,1,0.49961638
2026-02-06 04:40:00+00:00,1,0.5124323
2026-02-06 04:45:00+00:00,1,0.5099047
2026-02-06 04:50:00+00:00,1,0.5139678
2026-02-06 04:55:00+00:00,1,0.4958138
2026-02-06 05:00:00+00:00,1,0.5103698
2026-02-06 05:05:00+00:00,1,0.5238287
2026-02-06 05:10:00+00:00,1,0.5226964
2026-02-06 05:15:00+00:00,1,0.5270153
2026-02-06 05:20:00+00:00,1,0.53784573
2026-02-06 05:25:00+00:00,1,0.5438039
2026-02-06 05:30:00+00:00,1,0.5235644
2026-02-06 05:35:00+00:00,1,0.52235615
2026-02-06 05:40:00+00:00,1,0.52721184
2026-02-06 05:45:00+00:00,1,0.5217562
2026-02-06 05:50:00+00:00,0,0.525569
2026-02-06 05:55:00+00:00,0,0.52351135
2026-02-06 06:00:00+00:00,0,0.5237495
2026-02-06 06:05:00+00:00,0,0.5237363
2026-02-06 06:10:00+00:00,0,0.52145576
2026-02-06 06:15:00+00:00,0,0.5367188
2026-02-06 06:20:00+00:00,0,0.53943276
2026-02-06 06:25:00+00:00,0,0.5258878
2026-02-06 06:30:00+00:00,0,0.5348714
2026-02-06 06:35:00+00:00,0,0.53907925
2026-02-06 06:40:00+00:00,0,0.52801174
2026-02-06 06:45:00+00:00,0,0.532351
2026-02-06 06:50:00+00:00,0,0.5334634
2026-02-06 06:55:00+00:00,0,0.5326649
2026-02-06 07:00:00+00:00,0,0.51739454
2026-02-06 07:05:00+00:00,1,0.5242256
2026-02-06 07:10:00+00:00,1,0.5240261
2026-02-06 07:15:00+00:00,0,0.5277133
2026-02-06 07:20:00+00:00,0,0.52519155
2026-02-06 07:25:00+00:00,0,0.530449
2026-02-06 07:30:00+00:00,0,0.52216184
2026-02-06 07:35:00+00:00,0,0.518658
2026-02-06 07:40:00+00:00,0,0.5154629
2026-02-06 07:45:00+00:00,0,0.5277133
2026-02-06 07:50:00+00:00,0,0.5277133
2026-02-06 07:55:00+00:00,0,0.52434766
2026-02-06 08:00:00+00:00,0,0.5231306
2026-02-06 08:05:00+00:00,0,0.5158968
2026-02-06 08:10:00+00:00,0,0.5165401
2026-02-06 08:15:00+00:00,1,0.51633877
2026-02-06 08:20:00+00:00,1,0.5158968
2026-02-06 08:25:00+00:00,1,0.5178319
2026-02-06 08:30:00+00:00,1,0.52056676
2026-02-06 08:35:00+00:00,0,0.5158968
2026-02-06 08:40:00+00:00,1,0.5210084
2026-02-06 08:45:00+00:00,1,0.51815736
2026-02-06 08:50:00+00:00,1,0.51334363
2026-02-06 08:55:00+00:00,1,0.51777124
2026-02-06 09:00:00+00:00,1,0.5199504
2026-02-06 09:05:00+00:00,1,0.5179428
2026-02-06 09:10:00+00:00,1,0.5221055
2026-02-06 09:15:00+00:00,1,0.5149128
2026-02-06 09:20:00+00:00,1,0.48962396
2026-02-06 09:25:00+00:00,1,0.49797997
2026-02-06 09:30:00+00:00,1,0.5074193
2026-02-06 09:35:00+00:00,1,0.5087363
2026-02-06 09:40:00+00:00,1,0.5032456
2026-02-06 09:45:00+00:00,1,0.5068911
2026-02-06 09:50:00+00:00,1,0.51817733
2026-02-06 09:55:00+00:00,1,0.50433415
2026-02-06 10:00:00+00:00,1,0.5058588
2026-02-06 10:05:00+00:00,1,0.509791
2026-02-06 10:10:00+00:00,1,0.51101017
2026-02-06 10:15:00+00:00,1,0.52766514
2026-02-06 10:20:00+00:00,1,0.52040887
2026-02-06 10:25:00+00:00,1,0.52713835
2026-02-06 10:30:00+00:00,0,0.5255321
2026-02-06 10:35:00+00:00,0,0.5241528
2026-02-06 10:40:00+00:00,0,0.5317162
2026-02-06 10:45:00+00:00,0,0.52653885
2026-02-06 10:50:00+00:00,0,0.5094942
2026-02-06 10:55:00+00:00,0,0.49339512
2026-02-06 11:00:00+00:00,1,0.494792
2026-02-06 11:05:00+00:00,1,0.49360356
2026-02-06 11:10:00+00:00,1,0.48252854
2026-02-06 11:15:00+00:00,1,0.5007401
2026-02-06 11:20:00+00:00,1,0.48860937
2026-02-06 11:25:00+00:00,1,0.47833386
2026-02-06 11:30:00+00:00,0,0.47658852
2026-02-06 11:35:00+00:00,0,0.48583034
2026-02-06 11:40:00+00:00,0,0.48423147
2026-02-06 11:45:00+00:00,0,0.4833407
2026-02-06 11:50:00+00:00,0,0.47578517
2026-02-06 11:55:00+00:00,1,0.49628076
2026-02-06 12:00:00+00:00,1,0.5075765
2026-02-06 12:05:00+00:00,1,0.5180015
2026-02-06 12:10:00+00:00,1,0.51023334
2026-02-06 12:15:00+00:00,1,0.50987166
2026-02-06 12:20:00+00:00,0,0.4759586
2026-02-06 12:25:00+00:00,1,0.4935369
2026-02-06 12:30:00+00:00,1,0.5006968
2026-02-06 12:35:00+00:00,1,0.50303084
2026-02-06 12:40:00+00:00,1,0.49631265
2026-02-06 12:45:00+00:00,1,0.5129421
2026-02-06 12:50:00+00:00,1,0.50707555
2026-02-06 12:55:00+00:00,1,0.4944891
2026-02-06 13:00:00+00:00,0,0.48531276
2026-02-06 13:05:00+00:00,1,0.504065
2026-02-06 13:10:00+00:00,1,0.48373327
2026-02-06 13:15:00+00:00,1,0.49938124
2026-02-06 13:20:00+00:00,1,0.49938124
2026-02-06 13:25:00+00:00,1,0.503309
2026-02-06 13:30:00+00:00,1,0.4909648
2026-02-06 13:35:00+00:00,0,0.49051958
2026-02-06 13:40:00+00:00,0,0.48691955
2026-02-06 13:45:00+00:00,0,0.48582077
2026-02-06 13:50:00+00:00,0,0.48738685
2026-02-06 13:55:00+00:00,0,0.5182069
2026-02-06 14:00:00+00:00,1,0.5378216
2026-02-06 14:05:00+00:00,1,0.5322022
2026-02-06 14:10:00+00:00,1,0.5227123
2026-02-06 14:15:00+00:00,1,0.52494025
2026-02-06 14:20:00+00:00,1,0.5383505
2026-02-06 14:25:00+00:00,1,0.5262769
2026-02-06 14:30:00+00:00,1,0.5052164
2026-02-06 14:35:00+00:00,1,0.505108
2026-02-06 14:40:00+00:00,1,0.5148841
2026-02-06 14:45:00+00:00,1,0.52267474
2026-02-06 14:50:00+00:00,1,0.5205781
2026-02-06 14:55:00+00:00,0,0.52229565
2026-02-06 15:00:00+00:00,1,0.5165521
2026-02-06 15:05:00+00:00,1,0.51382333
2026-02-06 15:10:00+00:00,1,0.52275395
2026-02-06 15:15:00+00:00,1,0.5173102
2026-02-06 15:20:00+00:00,1,0.529649
2026-02-06 15:25:00+00:00,1,0.52689904
2026-02-06 15:30:00+00:00,1,0.5245568
2026-02-06 15:35:00+00:00,1,0.5245568
2026-02-06 15:40:00+00:00,1,0.5243044
2026-02-06 15:45:00+00:00,1,0.53299534
2026-02-06 15:50:00+00:00,1,0.53049713
2026-02-06 15:55:00+00:00,1,0.514977
2026-02-06 16:00:00+00:00,1,0.554237
2026-02-06 16:05:00+00:00,1,0.553678
2026-02-06 16:10:00+00:00,1,0.555995
2026-02-06 16:15:00+00:00,1,0.56192374
2026-02-06 16:20:00+00:00,1,0.53115755
2026-02-06 16:25:00+00:00,1,0.5623085
2026-02-06 16:30:00+00:00,0,0.5544681
2026-02-06 16:35:00+00:00,0,0.5369491
2026-02-06 16:40:00+00:00,0,0.54452264
2026-02-06 16:45:00+00:00,1,0.5580394
2026-02-06 16:50:00+00:00,1,0.54057306
2026-02-06 16:55:00+00:00,1,0.5638712
2026-02-06 17:00:00+00:00,1,0.53232765
2026-02-06 17:05:00+00:00,1,0.5358613
2026-02-06 17:10:00+00:00,1,0.53939563
2026-02-06 17:15:00+00:00,1,0.5288161
2026-02-06 17:20:00+00:00,0,0.52247864
2026-02-06 17:25:00+00:00,0,0.52849644
2026-02-06 17:30:00+00:00,0,0.5451617
2026-02-06 17:35:00+00:00,0,0.51917267
2026-02-06 17:40:00+00:00,0,0.52340233
2026-02-06 17:45:00+00:00,0,0.52471626
2026-02-06 17:50:00+00:00,0,0.530183
2026-02-06 17:55:00+00:00,0,0.51640576
2026-02-06 18:00:00+00:00,0,0.5652344
2026-02-06 18:05:00+00:00,1,0.5843234
2026-02-06 18:10:00+00:00,1,0.5781684
2026-02-06 18:15:00+00:00,1,0.56724626
2026-02-06 18:20:00+00:00,1,0.58482057
2026-02-06 18:25:00+00:00,1,0.5675415
2026-02-06 18:30:00+00:00,1,0.5620776
2026-02-06 18:35:00+00:00,0,0.55651283
2026-02-06 18:40:00+00:00,0,0.5479393
2026-02-06 18:45:00+00:00,0,0.5466778
2026-02-06 18:50:00+00:00,1,0.55149573
2026-02-06 18:55:00+00:00,0,0.5585372
2026-02-06 19:00:00+00:00,0,0.5554666
2026-02-06 19:05:00+00:00,1,0.56017166
2026-02-06 19:10:00+00:00,1,0.56263477
2026-02-06 19:15:00+00:00,1,0.5474594
2026-02-06 19:20:00+00:00,1,0.54695135
2026-02-06 19:25:00+00:00,1,0.5569463
2026-02-06 19:30:00+00:00,0,0.5379302
2026-02-06 19:35:00+00:00,0,0.5336686
2026-02-06 19:40:00+00:00,0,0.5312977
2026-02-06 19:45:00+00:00,0,0.5304111
2026-02-06 19:50:00+00:00,0,0.5293819
2026-02-06 19:55:00+00:00,0,0.50598997
2026-02-06 20:00:00+00:00,0,0.50142473
2026-02-06 20:05:00+00:00,1,0.52942175
2026-02-06 20:10:00+00:00,1,0.53473973
2026-02-06 20:15:00+00:00,1,0.53681743
2026-02-06 20:20:00+00:00,1,0.53562033
2026-02-06 20:25:00+00:00,0,0.53483444
2026-02-06 20:30:00+00:00,0,0.5034291
2026-02-06 20:35:00+00:00,0,0.52132976
2026-02-06 20:40:00+00:00,0,0.5258241
2026-02-06 20:45:00+00:00,0,0.5248978
2026-02-06 20:50:00+00:00,0,0.52397054
2026-02-06 20:55:00+00:00,1,0.53586316
2026-02-06 21:00:00+00:00,0,0.5339494
2026-02-06 21:05:00+00:00,1,0.5383778
2026-02-06 21:10:00+00:00,1,0.54180133
2026-02-06 21:15:00+00:00,1,0.53484786
2026-02-06 21:20:00+00:00,1,0.52645284
2026-02-06 21:25:00+00:00,0,0.52354616
2026-02-06 21:30:00+00:00,1,0.53406984
2026-02-06 21:35:00+00:00,1,0.53406984
2026-02-06 21:40:00+00:00,1,0.53406984
2026-02-06 21:45:00+00:00,1,0.5343685
2026-02-06 21:50:00+00:00,1,0.5393985
2026-02-06 21:55:00+00:00,1,0.513561
2026-02-06 22:00:00+00:00,1,0.50015324
2026-02-06 22:05:00+00:00,1,0.48347318
2026-02-06 22:10:00+00:00,1,0.51120806
2026-02-06 22:15:00+00:00,1,0.51291305
2026-02-06 22:20:00+00:00,1,0.5004635
2026-02-06 22:25:00+00:00,1,0.48802033
2026-02-06 22:30:00+00:00,1,0.48369598
2026-02-06 22:35:00+00:00,0,0.4802353
2026-02-06 22:40:00+00:00,0,0.49453124
2026-02-06 22:45:00+00:00,0,0.48525718
2026-02-06 22:50:00+00:00,0,0.4749783
2026-02-06 22:55:00+00:00,0,0.47404248
2026-02-06 23:00:00+00:00,0,0.47465095
2026-02-06 23:05:00+00:00,0,0.47628877
2026-02-06 23:10:00+00:00,0,0.49505237
2026-02-06 23:15:00+00:00,0,0.52436256
2026-02-06 23:20:00+00:00,1,0.52676016
2026-02-06 23:25:00+00:00,0,0.52807754
2026-02-06 23:30:00+00:00,0,0.50050527
2026-02-06 23:35:00+00:00,0,0.49422526
2026-02-06 23:40:00+00:00,0,0.53106385
2026-02-06 23:45:00+00:00,0,0.53302866
2026-02-06 23:50:00+00:00,0,0.52792406
2026-02-06 23:55:00+00:00,0,0.5291722
2026-02-07 00:00:00+00:00,0,0.56239474
2026-02-07 00:05:00+00:00,0,0.56239474
2026-02-07 00:10:00+00:00,0,0.53674525
2026-02-07 00:15:00+00:00,0,0.53674525
2026-02-07 00:20:00+00:00,0,0.5650081
2026-02-07 00:25:00+00:00,0,0.56405205
2026-02-07 00:30:00+00:00,0,0.5650081
2026-02-07 00:35:00+00:00,0,0.56335163
2026-02-07 00:40:00+00:00,0,0.56239474
2026-02-07 00:45:00+00:00,0,0.5658096
2026-02-07 00:50:00+00:00,0,0.5590868
2026-02-07 00:55:00+00:00,0,0.5590868
2026-02-07 01:00:00+00:00,1,0.5590868
2026-02-07 01:05:00+00:00,1,0.5594
2026-02-07 01:10:00+00:00,1,0.5650081
2026-02-07 01:15:00+00:00,1,0.56248504
2026-02-07 01:20:00+00:00,1,0.56337345
2026-02-07 01:25:00+00:00,1,0.5568699
2026-02-07 01:30:00+00:00,1,0.55071026
2026-02-07 01:35:00+00:00,0,0.53127486
2026-02-07 01:40:00+00:00,0,0.5271249
2026-02-07 01:45:00+00:00,0,0.49770898
2026-02-07 01:50:00+00:00,0,0.50511664
2026-02-07 01:55:00+00:00,0,0.5065628
2026-02-07 02:00:00+00:00,0,0.5056659
2026-02-07 02:05:00+00:00,1,0.5272608
2026-02-07 02:10:00+00:00,0,0.52554953
2026-02-07 02:15:00+00:00,0,0.51401585
2026-02-07 02:20:00+00:00,0,0.5358718
2026-02-07 02:25:00+00:00,0,0.5406687
2026-02-07 02:30:00+00:00,1,0.5123203
2026-02-07 02:35:00+00:00,1,0.5227478
2026-02-07 02:40:00+00:00,1,0.5360043
2026-02-07 02:45:00+00:00,1,0.5461148
2026-02-07 02:50:00+00:00,1,0.5476376
2026-02-07 02:55:00+00:00,1,0.53168344
2026-02-07 03:00:00+00:00,1,0.5228802
2026-02-07 03:05:00+00:00,1,0.5032552
2026-02-07 03:10:00+00:00,0,0.47671062
2026-02-07 03:15:00+00:00,1,0.48522553
2026-02-07 03:20:00+00:00,1,0.48157778
2026-02-07 03:25:00+00:00,0,0.48040977
2026-02-07 03:30:00+00:00,1,0.50726694
2026-02-07 03:35:00+00:00,1,0.5056381
2026-02-07 03:40:00+00:00,1,0.47979927
2026-02-07 03:45:00+00:00,1,0.50196826
2026-02-07 03:50:00+00:00,1,0.4990363
2026-02-07 03:55:00+00:00,0,0.4908682
2026-02-07 04:00:00+00:00,0,0.49319008
2026-02-07 04:05:00+00:00,0,0.47439235
2026-02-07 04:10:00+00:00,0,0.47312444
2026-02-07 04:15:00+00:00,0,0.47312444
2026-02-07 04:20:00+00:00,0,0.47312444
2026-02-07 04:25:00+00:00,0,0.49366242
2026-02-07 04:30:00+00:00,0,0.48814887
2026-02-07 04:35:00+00:00,1,0.54278165
2026-02-07 04:40:00+00:00,1,0.55007124
2026-02-07 04:45:00+00:00,1,0.5591215
2026-02-07 04:50:00+00:00,1,0.5553778
2026-02-07 04:55:00+00:00,1,0.5325814
2026-02-07 05:00:00+00:00,0,0.51882195
2026-02-07 05:05:00+00:00,0,0.49019024
2026-02-07 05:10:00+00:00,0,0.5049528
2026-02-07 05:15:00+00:00,0,0.49755636
2026-02-07 05:20:00+00:00,0,0.4808973
2026-02-07 05:25:00+00:00,0,0.5237897
2026-02-07 05:30:00+00:00,0,0.5252286
2026-02-07 05:35:00+00:00,1,0.5256699
2026-02-07 05:40:00+00:00,1,0.526129
2026-02-07 05:45:00+00:00,0,0.5292294
2026-02-07 05:50:00+00:00,1,0.52372366
2026-02-07 05:55:00+00:00,1,0.52736187
2026-02-07 06:00:00+00:00,1,0.51760775
2026-02-07 06:05:00+00:00,0,0.51133937
2026-02-07 06:10:00+00:00,0,0.5155241
2026-02-07 06:15:00+00:00,1,0.5188872
2026-02-07 06:20:00+00:00,0,0.50950533
2026-02-07 06:25:00+00:00,0,0.50912064
2026-02-07 06:30:00+00:00,0,0.5109214
2026-02-07 06:35:00+00:00,0,0.514985
2026-02-07 06:40:00+00:00,0,0.51969886
2026-02-07 06:45:00+00:00,0,0.5265205
2026-02-07 06:50:00+00:00,0,0.55384463
2026-02-07 06:55:00+00:00,0,0.5612091
2026-02-07 07:00:00+00:00,0,0.54175276
2026-02-07 07:05:00+00:00,0,0.54175276
2026-02-07 07:10:00+00:00,1,0.54597765
2026-02-07 07:15:00+00:00,1,0.54597765
2026-02-07 07:20:00+00:00,1,0.54175276
2026-02-07 07:25:00+00:00,0,0.54175276
2026-02-07 07:30:00+00:00,1,0.54188657
2026-02-07 07:35:00+00:00,0,0.53991586
2026-02-07 07:40:00+00:00,0,0.536679
2026-02-07 07:45:00+00:00,0,0.536679
2026-02-07 07:50:00+00:00,1,0.53991586
2026-02-07 07:55:00+00:00,1,0.5343456
2026-02-07 08:00:00+00:00,1,0.54080313
2026-02-07 08:05:00+00:00,1,0.5328251
2026-02-07 08:10:00+00:00,1,0.53972536
2026-02-07 08:15:00+00:00,1,0.5396174
2026-02-07 08:20:00+00:00,1,0.53632593
2026-02-07 08:25:00+00:00,1,0.524604
2026-02-07 08:30:00+00:00,0,0.5200917
2026-02-07 08:35:00+00:00,1,0.5288658
2026-02-07 08:40:00+00:00,1,0.52932715
2026-02-07 08:45:00+00:00,0,0.5091397
2026-02-07 08:50:00+00:00,0,0.5077475
2026-02-07 08:55:00+00:00,0,0.5203229
2026-02-07 09:00:00+00:00,0,0.53203565
2026-02-07 09:05:00+00:00,0,0.5194473
2026-02-07 09:10:00+00:00,0,0.49681172
2026-02-07 09:15:00+00:00,0,0.52104175
2026-02-07 09:20:00+00:00,0,0.5400383
2026-02-07 09:25:00+00:00,0,0.5400282
2026-02-07 09:30:00+00:00,1,0.5413173
2026-02-07 09:35:00+00:00,1,0.5283315
2026-02-07 09:40:00+00:00,1,0.53449315
2026-02-07 09:45:00+00:00,1,0.53449315
2026-02-07 09:50:00+00:00,1,0.5375546
2026-02-07 09:55:00+00:00,0,0.5182952
2026-02-07 10:00:00+00:00,0,0.514016
2026-02-07 10:05:00+00:00,0,0.5121356
2026-02-07 10:10:00+00:00,0,0.5289922
2026-02-07 10:15:00+00:00,0,0.5294507
2026-02-07 10:20:00+00:00,0,0.5288819
2026-02-07 10:25:00+00:00,0,0.53775173
2026-02-07 10:30:00+00:00,1,0.5376691
2026-02-07 10:35:00+00:00,1,0.53868186
2026-02-07 10:40:00+00:00,0,0.53892624
2026-02-07 10:45:00+00:00,1,0.5398234
2026-02-07 10:50:00+00:00,0,0.543717
2026-02-07 10:55:00+00:00,1,0.5360764
2026-02-07 11:00:00+00:00,0,0.53255683
2026-02-07 11:05:00+00:00,0,0.5378663
2026-02-07 11:10:00+00:00,0,0.5378663
2026-02-07 11:15:00+00:00,0,0.5329601
2026-02-07 11:20:00+00:00,1,0.53951406
2026-02-07 11:25:00+00:00,1,0.5386683
2026-02-07 11:30:00+00:00,1,0.53560525
2026-02-07 11:35:00+00:00,1,0.54041106
2026-02-07 11:40:00+00:00,1,0.5395715
2026-02-07 11:45:00+00:00,1,0.53876376
2026-02-07 11:50:00+00:00,1,0.53774357
2026-02-07 11:55:00+00:00,1,0.53096503
2026-02-07 12:00:00+00:00,1,0.462652
2026-02-07 12:05:00+00:00,1,0.46671715
2026-02-07 12:10:00+00:00,1,0.4684908
2026-02-07 12:15:00+00:00,0,0.47960594
2026-02-07 12:20:00+00:00,0,0.48263848
2026-02-07 12:25:00+00:00,0,0.47985828
2026-02-07 12:30:00+00:00,0,0.48621473
2026-02-07 12:35:00+00:00,0,0.47990933
2026-02-07 12:40:00+00:00,0,0.48487887
2026-02-07 12:45:00+00:00,0,0.4733814
2026-02-07 12:50:00+00:00,0,0.49355146
2026-02-07 12:55:00+00:00,0,0.48716223
2026-02-07 13:00:00+00:00,0,0.4962514
2026-02-07 13:05:00+00:00,0,0.50647014
2026-02-07 13:10:00+00:00,0,0.5117347
2026-02-07 13:15:00+00:00,0,0.48910862
2026-02-07 13:20:00+00:00,0,0.48579055
2026-02-07 13:25:00+00:00,0,0.47843853
2026-02-07 13:30:00+00:00,1,0.49317333
2026-02-07 13:35:00+00:00,1,0.5072879
2026-02-07 13:40:00+00:00,1,0.5046886
2026-02-07 13:45:00+00:00,1,0.4963302
2026-02-07 13:50:00+00:00,1,0.49816853
2026-02-07 13:55:00+00:00,1,0.49629498
2026-02-07 14:00:00+00:00,0,0.4822599
2026-02-07 14:05:00+00:00,0,0.4883801
2026-02-07 14:10:00+00:00,0,0.49659076
2026-02-07 14:15:00+00:00,0,0.49468732
2026-02-07 14:20:00+00:00,0,0.49034205
2026-02-07 14:25:00+00:00,0,0.4949016
2026-02-07 14:30:00+00:00,0,0.51723295
2026-02-07 14:35:00+00:00,1,0.5193717
2026-02-07 14:40:00+00:00,1,0.52153975
2026-02-07 14:45:00+00:00,1,0.51497245
2026-02-07 14:50:00+00:00,1,0.51244867
2026-02-07 14:55:00+00:00,1,0.51244867
2026-02-07 15:00:00+00:00,1,0.5056216
2026-02-07 15:05:00+00:00,1,0.5004688
2026-02-07 15:10:00+00:00,1,0.49256855
2026-02-07 15:15:00+00:00,1,0.49715126
2026-02-07 15:20:00+00:00,1,0.47130406
2026-02-07 15:25:00+00:00,1,0.47616184
2026-02-07 15:30:00+00:00,0,0.47224793
2026-02-07 15:35:00+00:00,1,0.4792914
2026-02-07 15:40:00+00:00,1,0.48258156
2026-02-07 15:45:00+00:00,1,0.4881206
2026-02-07 15:50:00+00:00,1,0.48595005
2026-02-07 15:55:00+00:00,1,0.49200878
2026-02-07 16:00:00+00:00,1,0.4959634
2026-02-07 16:05:00+00:00,0,0.4784566
2026-02-07 16:10:00+00:00,0,0.5219258
2026-02-07 16:15:00+00:00,0,0.49438366
2026-02-07 16:20:00+00:00,0,0.49265903
2026-02-07 16:25:00+00:00,0,0.49406248
2026-02-07 16:30:00+00:00,0,0.5047
2026-02-07 16:35:00+00:00,0,0.49706262
2026-02-07 16:40:00+00:00,0,0.5055098
2026-02-07 16:45:00+00:00,0,0.5055086
2026-02-07 16:50:00+00:00,0,0.5035349
2026-02-07 16:55:00+00:00,1,0.519705
2026-02-07 17:00:00+00:00,0,0.5136606
2026-02-07 17:05:00+00:00,1,0.5296696
2026-02-07 17:10:00+00:00,1,0.5304152
2026-02-07 17:15:00+00:00,1,0.5263984
2026-02-07 17:20:00+00:00,1,0.51997256
2026-02-07 17:25:00+00:00,1,0.49502638
2026-02-07 17:30:00+00:00,1,0.5106292
2026-02-07 17:35:00+00:00,0,0.47609726
2026-02-07 17:40:00+00:00,0,0.48217008
2026-02-07 17:45:00+00:00,1,0.4872784
2026-02-07 17:50:00+00:00,1,0.4986651
2026-02-07 17:55:00+00:00,1,0.49599072
2026-02-07 18:00:00+00:00,1,0.4830556
2026-02-07 18:05:00+00:00,1,0.5060399
2026-02-07 18:10:00+00:00,1,0.53688353
2026-02-07 18:15:00+00:00,1,0.46985447
2026-02-07 18:20:00+00:00,1,0.4712834
2026-02-07 18:25:00+00:00,1,0.47539312
2026-02-07 18:30:00+00:00,0,0.4723478
2026-02-07 18:35:00+00:00,0,0.48710752
2026-02-07 18:40:00+00:00,0,0.47896454
2026-02-07 18:45:00+00:00,0,0.48712206
2026-02-07 18:50:00+00:00,0,0.48382768
2026-02-07 18:55:00+00:00,0,0.50001544
2026-02-07 19:00:00+00:00,0,0.4974775
2026-02-07 19:05:00+00:00,0,0.50357336
2026-02-07 19:10:00+00:00,0,0.50209224
2026-02-07 19:15:00+00:00,0,0.5070418
2026-02-07 19:20:00+00:00,0,0.49846005
2026-02-07 19:25:00+00:00,0,0.51031625
2026-02-07 19:30:00+00:00,1,0.52528733
2026-02-07 19:35:00+00:00,0,0.5127641
2026-02-07 19:40:00+00:00,0,0.5247658
2026-02-07 19:45:00+00:00,0,0.5251496
2026-02-07 19:50:00+00:00,0,0.5241183
2026-02-07 19:55:00+00:00,1,0.52111495
2026-02-07 20:00:00+00:00,0,0.5161227
2026-02-07 20:05:00+00:00,1,0.53843164
2026-02-07 20:10:00+00:00,0,0.5265833
2026-02-07 20:15:00+00:00,1,0.53582865
2026-02-07 20:20:00+00:00,1,0.520496
2026-02-07 20:25:00+00:00,1,0.52349174
2026-02-07 20:30:00+00:00,1,0.5242806
2026-02-07 20:35:00+00:00,0,0.52349263
2026-02-07 20:40:00+00:00,0,0.5261699
2026-02-07 20:45:00+00:00,0,0.5224971
2026-02-07 20:50:00+00:00,0,0.5124358
2026-02-07 20:55:00+00:00,0,0.50894356
2026-02-07 21:00:00+00:00,0,0.52510446
2026-02-07 21:05:00+00:00,0,0.525105
2026-02-07 21:10:00+00:00,0,0.53355205
2026-02-07 21:15:00+00:00,0,0.5349811
2026-02-07 21:20:00+00:00,0,0.5349811
2026-02-07 21:25:00+00:00,0,0.5349811
2026-02-07 21:30:00+00:00,0,0.53587925
2026-02-07 21:35:00+00:00,1,0.5349811
2026-02-07 21:40:00+00:00,0,0.5316506
2026-02-07 21:45:00+00:00,0,0.5296956
2026-02-07 21:50:00+00:00,0,0.53259385
2026-02-07 21:55:00+00:00,0,0.5306801
2026-02-07 22:00:00+00:00,0,0.5122221
2026-02-07 22:05:00+00:00,0,0.5198417
2026-02-07 22:10:00+00:00,1,0.5182189
2026-02-07 22:15:00+00:00,0,0.52995694
2026-02-07 22:20:00+00:00,0,0.5308564
2026-02-07 22:25:00+00:00,0,0.5208716
2026-02-07 22:30:00+00:00,0,0.5308564
2026-02-07 22:35:00+00:00,0,0.5202533
2026-02-07 22:40:00+00:00,0,0.5239897
2026-02-07 22:45:00+00:00,0,0.53149027
2026-02-07 22:50:00+00:00,0,0.530591
2026-02-07 22:55:00+00:00,0,0.5296223
2026-02-07 23:00:00+00:00,0,0.5568402
2026-02-07 23:05:00+00:00,1,0.5558803
2026-02-07 23:10:00+00:00,1,0.5251453
2026-02-07 23:15:00+00:00,1,0.55601335
2026-02-07 23:20:00+00:00,1,0.55601335
2026-02-07 23:25:00+00:00,1,0.55692124
2026-02-07 23:30:00+00:00,1,0.55089617
2026-02-07 23:35:00+00:00,1,0.55089617
2026-02-07 23:40:00+00:00,1,0.5456099
2026-02-07 23:45:00+00:00,0,0.54217863
2026-02-07 23:50:00+00:00,0,0.54164934
2026-02-07 23:55:00+00:00,0,0.54785913
2026-02-08 00:00:00+00:00,0,0.5436145
2026-02-08 00:05:00+00:00,1,0.5489418
2026-02-08 00:10:00+00:00,0,0.553229
2026-02-08 00:15:00+00:00,0,0.5545016
2026-02-08 00:20:00+00:00,0,0.55539346
2026-02-08 00:25:00+00:00,1,0.5545016
2026-02-08 00:30:00+00:00,1,0.5538894
2026-02-08 00:35:00+00:00,1,0.54369265
2026-02-08 00:40:00+00:00,1,0.5555265
2026-02-08 00:45:00+00:00,1,0.53935504
2026-02-08 00:50:00+00:00,1,0.5556576
2026-02-08 00:55:00+00:00,0,0.54131424
2026-02-08 01:00:00+00:00,0,0.50180066
2026-02-08 01:05:00+00:00,0,0.478377
2026-02-08 01:10:00+00:00,0,0.475809
2026-02-08 01:15:00+00:00,0,0.49971247
2026-02-08 01:20:00+00:00,1,0.54038465
2026-02-08 01:25:00+00:00,1,0.5501241
2026-02-08 01:30:00+00:00,1,0.5524445
2026-02-08 01:35:00+00:00,1,0.5510242
2026-02-08 01:40:00+00:00,1,0.5447554
2026-02-08 01:45:00+00:00,1,0.54485196
2026-02-08 01:50:00+00:00,0,0.5242356
2026-02-08 01:55:00+00:00,0,0.5358461
2026-02-08 02:00:00+00:00,0,0.53027225
2026-02-08 02:05:00+00:00,0,0.49160084
2026-02-08 02:10:00+00:00,0,0.52563345
2026-02-08 02:15:00+00:00,0,0.51373
2026-02-08 02:20:00+00:00,0,0.50485116
2026-02-08 02:25:00+00:00,0,0.54756874
2026-02-08 02:30:00+00:00,0,0.55223554
2026-02-08 02:35:00+00:00,1,0.55491847
2026-02-08 02:40:00+00:00,0,0.5558787
2026-02-08 02:45:00+00:00,0,0.54950833
2026-02-08 02:50:00+00:00,1,0.5559932
2026-02-08 02:55:00+00:00,0,0.55024666
2026-02-08 03:00:00+00:00,1,0.54820454
2026-02-08 03:05:00+00:00,1,0.5489258
2026-02-08 03:10:00+00:00,1,0.5439495
2026-02-08 03:15:00+00:00,0,0.53400016
2026-02-08 03:20:00+00:00,0,0.52209485
2026-02-08 03:25:00+00:00,0,0.5458687
2026-02-08 03:30:00+00:00,0,0.5328935
2026-02-08 03:35:00+00:00,0,0.5486112
2026-02-08 03:40:00+00:00,0,0.54882604
2026-02-08 03:45:00+00:00,0,0.53948295
2026-02-08 03:50:00+00:00,1,0.5540657
2026-02-08 03:55:00+00:00,1,0.5540657
2026-02-08 04:00:00+00:00,0,0.52508974
2026-02-08 04:05:00+00:00,0,0.5223711
2026-02-08 04:10:00+00:00,1,0.5495841
2026-02-08 04:15:00+00:00,1,0.5205069
2026-02-08 04:20:00+00:00,0,0.51646525
2026-02-08 04:25:00+00:00,1,0.51638067
2026-02-08 04:30:00+00:00,1,0.51513755
2026-02-08 04:35:00+00:00,1,0.5227631
2026-02-08 04:40:00+00:00,1,0.523968
2026-02-08 04:45:00+00:00,1,0.54113173
2026-02-08 04:50:00+00:00,1,0.5407509
2026-02-08 04:55:00+00:00,0,0.49174702
2026-02-08 05:00:00+00:00,0,0.51692194
2026-02-08 05:05:00+00:00,1,0.5137564
2026-02-08 05:10:00+00:00,0,0.4816191
2026-02-08 05:15:00+00:00,0,0.48581797
2026-02-08 05:20:00+00:00,0,0.502494
2026-02-08 05:25:00+00:00,0,0.49398452
2026-02-08 05:30:00+00:00,0,0.50410485
2026-02-08 05:35:00+00:00,0,0.50860786
2026-02-08 05:40:00+00:00,1,0.5203825
2026-02-08 05:45:00+00:00,1,0.52041805
2026-02-08 05:50:00+00:00,1,0.51422083
2026-02-08 05:55:00+00:00,1,0.5032269
2026-02-08 06:00:00+00:00,1,0.55011874
2026-02-08 06:05:00+00:00,1,0.5293882
2026-02-08 06:10:00+00:00,0,0.5076497
2026-02-08 06:15:00+00:00,0,0.48835793
2026-02-08 06:20:00+00:00,0,0.48848033
2026-02-08 06:25:00+00:00,0,0.4961167
2026-02-08 06:30:00+00:00,1,0.5053808
2026-02-08 06:35:00+00:00,0,0.51832056
2026-02-08 06:40:00+00:00,1,0.5222599
2026-02-08 06:45:00+00:00,1,0.52264386
2026-02-08 06:50:00+00:00,0,0.55376554
2026-02-08 06:55:00+00:00,1,0.51665133
2026-02-08 07:00:00+00:00,1,0.505128
2026-02-08 07:05:00+00:00,1,0.5342914
2026-02-08 07:10:00+00:00,0,0.48726165
2026-02-08 07:15:00+00:00,1,0.4964919
2026-02-08 07:20:00+00:00,1,0.52396464
2026-02-08 07:25:00+00:00,1,0.496441
2026-02-08 07:30:00+00:00,1,0.4903138
2026-02-08 07:35:00+00:00,1,0.49231774
2026-02-08 07:40:00+00:00,1,0.49698466
2026-02-08 07:45:00+00:00,1,0.49403712
2026-02-08 07:50:00+00:00,1,0.48457596
2026-02-08 07:55:00+00:00,1,0.48417842
2026-02-08 08:00:00+00:00,1,0.474078
2026-02-08 08:05:00+00:00,1,0.48220378
2026-02-08 08:10:00+00:00,1,0.48351014
2026-02-08 08:15:00+00:00,1,0.49126965
2026-02-08 08:20:00+00:00,1,0.46772227
2026-02-08 08:25:00+00:00,1,0.46858945
2026-02-08 08:30:00+00:00,0,0.47695336
2026-02-08 08:35:00+00:00,0,0.4796645
2026-02-08 08:40:00+00:00,0,0.48011503
2026-02-08 08:45:00+00:00,0,0.47245082
2026-02-08 08:50:00+00:00,0,0.46974614
2026-02-08 08:55:00+00:00,0,0.47757187
2026-02-08 09:00:00+00:00,0,0.48672205
2026-02-08 09:05:00+00:00,0,0.4815462
2026-02-08 09:10:00+00:00,0,0.4884438
2026-02-08 09:15:00+00:00,0,0.48663893
2026-02-08 09:20:00+00:00,0,0.48542678
2026-02-08 09:25:00+00:00,0,0.4901701
2026-02-08 09:30:00+00:00,0,0.49205115
2026-02-08 09:35:00+00:00,0,0.49349698
2026-02-08 09:40:00+00:00,1,0.5022715
2026-02-08 09:45:00+00:00,0,0.50352293
2026-02-08 09:50:00+00:00,0,0.50314844
2026-02-08 09:55:00+00:00,0,0.50314844
2026-02-08 10:00:00+00:00,0,0.51119643
2026-02-08 10:05:00+00:00,0,0.50216645
2026-02-08 10:10:00+00:00,0,0.5058617
2026-02-08 10:15:00+00:00,0,0.5104727
2026-02-08 10:20:00+00:00,1,0.51591927
2026-02-08 10:25:00+00:00,1,0.51591927
2026-02-08 10:30:00+00:00,1,0.51693684
2026-02-08 10:35:00+00:00,1,0.51437455
2026-02-08 10:40:00+00:00,1,0.5171168
2026-02-08 10:45:00+00:00,1,0.49057725
2026-02-08 10:50:00+00:00,1,0.49965537
2026-02-08 10:55:00+00:00,1,0.49875262
2026-02-08 11:00:00+00:00,1,0.50108427
2026-02-08 11:05:00+00:00,1,0.5007795
2026-02-08 11:10:00+00:00,1,0.50534743
2026-02-08 11:15:00+00:00,1,0.5002815
2026-02-08 11:20:00+00:00,1,0.4992949
2026-02-08 11:25:00+00:00,1,0.50129575
2026-02-08 11:30:00+00:00,1,0.4746713
2026-02-08 11:35:00+00:00,0,0.47362772
2026-02-08 11:40:00+00:00,0,0.4763812
2026-02-08 11:45:00+00:00,0,0.4763812
2026-02-08 11:50:00+00:00,0,0.47522274
2026-02-08 11:55:00+00:00,0,0.47391114
2026-02-08 12:00:00+00:00,0,0.48351333
2026-02-08 12:05:00+00:00,1,0.49062866
2026-02-08 12:10:00+00:00,1,0.49490732
2026-02-08 12:15:00+00:00,1,0.49498922
2026-02-08 12:20:00+00:00,1,0.4880481
2026-02-08 12:25:00+00:00,1,0.4824959
2026-02-08 12:30:00+00:00,1,0.49290162
2026-02-08 12:35:00+00:00,0,0.48010385
2026-02-08 12:40:00+00:00,1,0.48785034
2026-02-08 12:45:00+00:00,1,0.47384143
2026-02-08 12:50:00+00:00,1,0.47775415
2026-02-08 12:55:00+00:00,0,0.4707971
2026-02-08 13:00:00+00:00,0,0.47711465
2026-02-08 13:05:00+00:00,1,0.48592016
2026-02-08 13:10:00+00:00,1,0.50169647
2026-02-08 13:15:00+00:00,0,0.47371522
2026-02-08 13:20:00+00:00,0,0.46803913
2026-02-08 13:25:00+00:00,0,0.47157997
2026-02-08 13:30:00+00:00,1,0.49207875
2026-02-08 13:35:00+00:00,0,0.49961907
2026-02-08 13:40:00+00:00,1,0.50885576
2026-02-08 13:45:00+00:00,0,0.50462556
2026-02-08 13:50:00+00:00,0,0.50415295
2026-02-08 13:55:00+00:00,0,0.49657413
2026-02-08 14:00:00+00:00,1,0.4939282
2026-02-08 14:05:00+00:00,1,0.506955
2026-02-08 14:10:00+00:00,0,0.5016186
2026-02-08 14:15:00+00:00,1,0.50907964
2026-02-08 14:20:00+00:00,1,0.512023
2026-02-08 14:25:00+00:00,1,0.5112672
2026-02-08 14:30:00+00:00,0,0.49611193
2026-02-08 14:35:00+00:00,1,0.5016154
2026-02-08 14:40:00+00:00,1,0.50802493
2026-02-08 14:45:00+00:00,0,0.49584416
2026-02-08 14:50:00+00:00,0,0.49611887
2026-02-08 14:55:00+00:00,0,0.49604565
2026-02-08 15:00:00+00:00,0,0.49981725
2026-02-08 15:05:00+00:00,0,0.4887342
2026-02-08 15:10:00+00:00,0,0.496775
2026-02-08 15:15:00+00:00,0,0.5157917
2026-02-08 15:20:00+00:00,0,0.51757956
2026-02-08 15:25:00+00:00,1,0.51419437
2026-02-08 15:30:00+00:00,1,0.5095208
2026-02-08 15:35:00+00:00,1,0.5095208
2026-02-08 15:40:00+00:00,0,0.5089951
2026-02-08 15:45:00+00:00,1,0.5101981
2026-02-08 15:50:00+00:00,1,0.50794506
2026-02-08 15:55:00+00:00,0,0.5086413
2026-02-08 16:00:00+00:00,0,0.50907606
2026-02-08 16:05:00+00:00,0,0.50492543
2026-02-08 16:10:00+00:00,0,0.5082262
2026-02-08 16:15:00+00:00,0,0.50798064
2026-02-08 16:20:00+00:00,0,0.509157
2026-02-08 16:25:00+00:00,0,0.5186483
2026-02-08 16:30:00+00:00,0,0.51857895
2026-02-08 16:35:00+00:00,0,0.5440566
2026-02-08 16:40:00+00:00,1,0.54432905
2026-02-08 16:45:00+00:00,1,0.55505216
2026-02-08 16:50:00+00:00,1,0.5571478
2026-02-08 16:55:00+00:00,1,0.54462916
2026-02-08 17:00:00+00:00,1,0.54134023
2026-02-08 17:05:00+00:00,1,0.5322078
2026-02-08 17:10:00+00:00,1,0.5329012
2026-02-08 17:15:00+00:00,0,0.53328264
2026-02-08 17:20:00+00:00,1,0.5329012
2026-02-08 17:25:00+00:00,1,0.5377455
2026-02-08 17:30:00+00:00,1,0.53533894
2026-02-08 17:35:00+00:00,1,0.53499717
2026-02-08 17:40:00+00:00,1,0.5399937
2026-02-08 17:45:00+00:00,1,0.5350347
2026-02-08 17:50:00+00:00,1,0.53730404
2026-02-08 17:55:00+00:00,1,0.53436524
2026-02-08 18:00:00+00:00,1,0.52311385
2026-02-08 18:05:00+00:00,1,0.52522206
2026-02-08 18:10:00+00:00,1,0.5147874
2026-02-08 18:15:00+00:00,1,0.5067967
2026-02-08 18:20:00+00:00,1,0.4981484
2026-02-08 18:25:00+00:00,1,0.4907823
2026-02-08 18:30:00+00:00,0,0.4757198
2026-02-08 18:35:00+00:00,0,0.48051578
2026-02-08 18:40:00+00:00,0,0.48099342
2026-02-08 18:45:00+00:00,0,0.4855077
2026-02-08 18:50:00+00:00,1,0.47979182
2026-02-08 18:55:00+00:00,1,0.49966228
2026-02-08 19:00:00+00:00,1,0.5038861
2026-02-08 19:05:00+00:00,1,0.49724874
2026-02-08 19:10:00+00:00,1,0.49724874
2026-02-08 19:15:00+00:00,1,0.4877338
2026-02-08 19:20:00+00:00,1,0.4781213
2026-02-08 19:25:00+00:00,1,0.4769967
2026-02-08 19:30:00+00:00,0,0.48127997
2026-02-08 19:35:00+00:00,0,0.4772699
2026-02-08 19:40:00+00:00,0,0.47363594
2026-02-08 19:45:00+00:00,0,0.4867472
2026-02-08 19:50:00+00:00,0,0.4820524
2026-02-08 19:55:00+00:00,0,0.47888115
2026-02-08 20:00:00+00:00,0,0.5337349
2026-02-08 20:05:00+00:00,0,0.55115634
2026-02-08 20:10:00+00:00,0,0.558716
2026-02-08 20:15:00+00:00,0,0.52547157
2026-02-08 20:20:00+00:00,0,0.52943754
2026-02-08 20:25:00+00:00,0,0.53279316
2026-02-08 20:30:00+00:00,0,0.52335286
2026-02-08 20:35:00+00:00,0,0.52335286
2026-02-08 20:40:00+00:00,0,0.5316895
2026-02-08 20:45:00+00:00,1,0.5316895
2026-02-08 20:50:00+00:00,1,0.53614414
2026-02-08 20:55:00+00:00,1,0.53359187
2026-02-08 21:00:00+00:00,0,0.53359187
2026-02-08 21:05:00+00:00,0,0.53359187
2026-02-08 21:10:00+00:00,0,0.5248727
2026-02-08 21:15:00+00:00,0,0.5156406
2026-02-08 21:20:00+00:00,0,0.5152587
2026-02-08 21:25:00+00:00,0,0.5132945
2026-02-08 21:30:00+00:00,0,0.5347897
2026-02-08 21:35:00+00:00,1,0.53359187
2026-02-08 21:40:00+00:00,1,0.5362692
2026-02-08 21:45:00+00:00,1,0.53359187
2026-02-08 21:50:00+00:00,1,0.53449047
2026-02-08 21:55:00+00:00,1,0.53331846
2026-02-08 22:00:00+00:00,0,0.52111113
2026-02-08 22:05:00+00:00,1,0.51841193
2026-02-08 22:10:00+00:00,0,0.5201744
2026-02-08 22:15:00+00:00,1,0.51867616
2026-02-08 22:20:00+00:00,0,0.5199069
2026-02-08 22:25:00+00:00,1,0.5238029
2026-02-08 22:30:00+00:00,1,0.52115214
2026-02-08 22:35:00+00:00,1,0.5282481
2026-02-08 22:40:00+00:00,1,0.5238029
2026-02-08 22:45:00+00:00,1,0.5209174
2026-02-08 22:50:00+00:00,0,0.52109265
2026-02-08 22:55:00+00:00,0,0.508011
2026-02-08 23:00:00+00:00,0,0.47149256
2026-02-08 23:05:00+00:00,0,0.4708098
2026-02-08 23:10:00+00:00,0,0.48390737
2026-02-08 23:15:00+00:00,0,0.48613414
2026-02-08 23:20:00+00:00,1,0.5240544
2026-02-08 23:25:00+00:00,0,0.524826
2026-02-08 23:30:00+00:00,1,0.5712711
2026-02-08 23:35:00+00:00,1,0.5574049
2026-02-08 23:40:00+00:00,1,0.55564004
2026-02-08 23:45:00+00:00,0,0.53542054
2026-02-08 23:50:00+00:00,0,0.55049247
2026-02-08 23:55:00+00:00,0,0.55298334
2026-02-09 00:00:00+00:00,0,0.52776825
2026-02-09 00:05:00+00:00,0,0.523175
2026-02-09 00:10:00+00:00,0,0.53019816
2026-02-09 00:15:00+00:00,0,0.53282523
2026-02-09 00:20:00+00:00,0,0.51598424
2026-02-09 00:25:00+00:00,1,0.5360367
2026-02-09 00:30:00+00:00,1,0.53302276
2026-02-09 00:35:00+00:00,1,0.534452
2026-02-09 00:40:00+00:00,1,0.534452
2026-02-09 00:45:00+00:00,1,0.534452
2026-02-09 00:50:00+00:00,1,0.519086
2026-02-09 00:55:00+00:00,1,0.5208699
2026-02-09 01:00:00+00:00,1,0.502647
2026-02-09 01:05:00+00:00,0,0.5098495
2026-02-09 01:10:00+00:00,0,0.5140401
2026-02-09 01:15:00+00:00,0,0.5180739
2026-02-09 01:20:00+00:00,0,0.48185346
2026-02-09 01:25:00+00:00,0,0.49526918
2026-02-09 01:30:00+00:00,0,0.49688527
2026-02-09 01:35:00+00:00,0,0.52048
2026-02-09 01:40:00+00:00,1,0.53519577
2026-02-09 01:45:00+00:00,1,0.5281769
2026-02-09 01:50:00+00:00,0,0.51615065
2026-02-09 01:55:00+00:00,1,0.5237378
2026-02-09 02:00:00+00:00,1,0.5224225
2026-02-09 02:05:00+00:00,1,0.51239955
2026-02-09 02:10:00+00:00,1,0.5269131
2026-02-09 02:15:00+00:00,1,0.51137984
2026-02-09 02:20:00+00:00,1,0.5005407
2026-02-09 02:25:00+00:00,1,0.501305
2026-02-09 02:30:00+00:00,1,0.50194496
2026-02-09 02:35:00+00:00,1,0.48976147
2026-02-09 02:40:00+00:00,0,0.4800749
2026-02-09 02:45:00+00:00,0,0.4847219
2026-02-09 02:50:00+00:00,1,0.48955026
2026-02-09 02:55:00+00:00,1,0.4905061
2026-02-09 03:00:00+00:00,1,0.47288612
2026-02-09 03:05:00+00:00,1,0.4965467
2026-02-09 03:10:00+00:00,1,0.4964612
2026-02-09 03:15:00+00:00,1,0.4833123
2026-02-09 03:20:00+00:00,1,0.49090084
2026-02-09 03:25:00+00:00,1,0.4833123
2026-02-09 03:30:00+00:00,0,0.47870237
2026-02-09 03:35:00+00:00,0,0.47715813
2026-02-09 03:40:00+00:00,0,0.47475126
2026-02-09 03:45:00+00:00,0,0.4785832
2026-02-09 03:50:00+00:00,0,0.4766622
2026-02-09 03:55:00+00:00,0,0.4829306
2026-02-09 04:00:00+00:00,0,0.4923827
2026-02-09 04:05:00+00:00,0,0.50021243
2026-02-09 04:10:00+00:00,0,0.501844
2026-02-09 04:15:00+00:00,0,0.49909338
2026-02-09 04:20:00+00:00,0,0.49000573
2026-02-09 04:25:00+00:00,0,0.47129446
2026-02-09 04:30:00+00:00,0,0.50167125
2026-02-09 04:35:00+00:00,1,0.5145765
2026-02-09 04:40:00+00:00,0,0.51589584
2026-02-09 04:45:00+00:00,0,0.51315325
2026-02-09 04:50:00+00:00,1,0.51349175
2026-02-09 04:55:00+00:00,1,0.5088369
2026-02-09 05:00:00+00:00,1,0.507698
2026-02-09 05:05:00+00:00,1,0.5043917
2026-02-09 05:10:00+00:00,1,0.51008487
2026-02-09 05:15:00+00:00,1,0.5020631
2026-02-09 05:20:00+00:00,1,0.51084894
2026-02-09 05:25:00+00:00,1,0.5049443
2026-02-09 05:30:00+00:00,0,0.5035184
2026-02-09 05:35:00+00:00,0,0.5046479
2026-02-09 05:40:00+00:00,0,0.507623
2026-02-09 05:45:00+00:00,0,0.50646317
2026-02-09 05:50:00+00:00,0,0.4984483
2026-02-09 05:55:00+00:00,0,0.5098279
2026-02-09 06:00:00+00:00,0,0.5209847
2026-02-09 06:05:00+00:00,0,0.5209847
2026-02-09 06:10:00+00:00,0,0.5209847
2026-02-09 06:15:00+00:00,1,0.52340394
2026-02-09 06:20:00+00:00,1,0.53122634
2026-02-09 06:25:00+00:00,1,0.5185055
2026-02-09 06:30:00+00:00,1,0.5185055
2026-02-09 06:35:00+00:00,1,0.5179666
2026-02-09 06:40:00+00:00,1,0.5075091
2026-02-09 06:45:00+00:00,1,0.49808463
2026-02-09 06:50:00+00:00,0,0.49808463
2026-02-09 06:55:00+00:00,0,0.50380296
2026-02-09 07:00:00+00:00,0,0.49841988
2026-02-09 07:05:00+00:00,0,0.4955346
2026-02-09 07:10:00+00:00,0,0.49476033
2026-02-09 07:15:00+00:00,0,0.5010044
2026-02-09 07:20:00+00:00,0,0.50936365
2026-02-09 07:25:00+00:00,0,0.5048175
2026-02-09 07:30:00+00:00,0,0.5071232
2026-02-09 07:35:00+00:00,0,0.5094162
2026-02-09 07:40:00+00:00,0,0.51716894
2026-02-09 07:45:00+00:00,0,0.5180448
2026-02-09 07:50:00+00:00,0,0.5180448
2026-02-09 07:55:00+00:00,0,0.5130622
2026-02-09 08:00:00+00:00,0,0.50750226
2026-02-09 08:05:00+00:00,0,0.51090115
2026-02-09 08:10:00+00:00,0,0.5122631
2026-02-09 08:15:00+00:00,0,0.5202628
2026-02-09 08:20:00+00:00,0,0.520666
2026-02-09 08:25:00+00:00,0,0.520666
2026-02-09 08:30:00+00:00,1,0.5196954
2026-02-09 08:35:00+00:00,0,0.517237
2026-02-09 08:40:00+00:00,0,0.5156539
2026-02-09 08:45:00+00:00,0,0.519395
2026-02-09 08:50:00+00:00,0,0.5138781
2026-02-09 08:55:00+00:00,0,0.5004499
2026-02-09 09:00:00+00:00,0,0.5120083
2026-02-09 09:05:00+00:00,0,0.51245046
2026-02-09 09:10:00+00:00,0,0.5066717
2026-02-09 09:15:00+00:00,0,0.5081138
2026-02-09 09:20:00+00:00,0,0.5112072
2026-02-09 09:25:00+00:00,0,0.51618886
2026-02-09 09:30:00+00:00,0,0.51895154
2026-02-09 09:35:00+00:00,1,0.51861316
2026-02-09 09:40:00+00:00,0,0.5181051
2026-02-09 09:45:00+00:00,0,0.51652217
2026-02-09 09:50:00+00:00,0,0.51652217
2026-02-09 09:55:00+00:00,0,0.51868033
2026-02-09 10:00:00+00:00,0,0.5209067
2026-02-09 10:05:00+00:00,0,0.5115386
2026-02-09 10:10:00+00:00,0,0.52157074
2026-02-09 10:15:00+00:00,0,0.5209564
2026-02-09 10:20:00+00:00,0,0.5198552
2026-02-09 10:25:00+00:00,0,0.5198552
2026-02-09 10:30:00+00:00,1,0.5198552
2026-02-09 10:35:00+00:00,1,0.5198552
2026-02-09 10:40:00+00:00,1,0.5198552
2026-02-09 10:45:00+00:00,1,0.5198552
2026-02-09 10:50:00+00:00,1,0.51937413
2026-02-09 10:55:00+00:00,1,0.51182973
2026-02-09 11:00:00+00:00,0,0.51446116
2026-02-09 11:05:00+00:00,0,0.5154509
2026-02-09 11:10:00+00:00,1,0.51763934
2026-02-09 11:15:00+00:00,0,0.51763934
2026-02-09 11:20:00+00:00,0,0.51763934
2026-02-09 11:25:00+00:00,0,0.5151688
2026-02-09 11:30:00+00:00,1,0.5258243
2026-02-09 11:35:00+00:00,1,0.5197141
2026-02-09 11:40:00+00:00,1,0.5197141
2026-02-09 11:45:00+00:00,1,0.5214266
2026-02-09 11:50:00+00:00,1,0.51187253
2026-02-09 11:55:00+00:00,1,0.51264757
2026-02-09 12:00:00+00:00,1,0.49973527
2026-02-09 12:05:00+00:00,1,0.48550108
2026-02-09 12:10:00+00:00,1,0.4854948
2026-02-09 12:15:00+00:00,1,0.48637113
2026-02-09 12:20:00+00:00,1,0.48012877
2026-02-09 12:25:00+00:00,1,0.4769551
2026-02-09 12:30:00+00:00,1,0.47656944
2026-02-09 12:35:00+00:00,1,0.4764759
2026-02-09 12:40:00+00:00,1,0.48298693
2026-02-09 12:45:00+00:00,1,0.48291937
2026-02-09 12:50:00+00:00,1,0.48145247
2026-02-09 12:55:00+00:00,1,0.48308942
2026-02-09 13:00:00+00:00,0,0.48823628
2026-02-09 13:05:00+00:00,0,0.49081895
2026-02-09 13:10:00+00:00,0,0.49785134
2026-02-09 13:15:00+00:00,0,0.48633176
2026-02-09 13:20:00+00:00,0,0.49046287
2026-02-09 13:25:00+00:00,0,0.5002381
2026-02-09 13:30:00+00:00,0,0.49538478
2026-02-09 13:35:00+00:00,0,0.49452654
2026-02-09 13:40:00+00:00,0,0.5133808
2026-02-09 13:45:00+00:00,0,0.5169611
2026-02-09 13:50:00+00:00,0,0.5209793
2026-02-09 13:55:00+00:00,1,0.51965237
2026-02-09 14:00:00+00:00,0,0.5212346
2026-02-09 14:05:00+00:00,1,0.5239217
2026-02-09 14:10:00+00:00,1,0.5230209
2026-02-09 14:15:00+00:00,1,0.5220675
2026-02-09 14:20:00+00:00,1,0.5131426
2026-02-09 14:25:00+00:00,1,0.5038489
2026-02-09 14:30:00+00:00,1,0.5126396
2026-02-09 14:35:00+00:00,1,0.4723494
2026-02-09 14:40:00+00:00,1,0.4790304
2026-02-09 14:45:00+00:00,0,0.4735493
2026-02-09 14:50:00+00:00,0,0.4744135
2026-02-09 14:55:00+00:00,0,0.47648716
2026-02-09 15:00:00+00:00,0,0.47443518
2026-02-09 15:05:00+00:00,0,0.4952064
2026-02-09 15:10:00+00:00,1,0.4940249
2026-02-09 15:15:00+00:00,1,0.5012654
2026-02-09 15:20:00+00:00,1,0.5119267
2026-02-09 15:25:00+00:00,1,0.513986
2026-02-09 15:30:00+00:00,1,0.50618476
2026-02-09 15:35:00+00:00,0,0.49407458
2026-02-09 15:40:00+00:00,0,0.49647486
2026-02-09 15:45:00+00:00,0,0.4900764
2026-02-09 15:50:00+00:00,0,0.47454554
2026-02-09 15:55:00+00:00,0,0.47334534
2026-02-09 16:00:00+00:00,0,0.48247558
2026-02-09 16:05:00+00:00,1,0.49327785
2026-02-09 16:10:00+00:00,1,0.49266866
2026-02-09 16:15:00+00:00,1,0.49420342
2026-02-09 16:20:00+00:00,1,0.48831004
2026-02-09 16:25:00+00:00,1,0.47723973
2026-02-09 16:30:00+00:00,1,0.48461577
2026-02-09 16:35:00+00:00,1,0.48096296
2026-02-09 16:40:00+00:00,0,0.48294458
2026-02-09 16:45:00+00:00,0,0.5018069
2026-02-09 16:50:00+00:00,0,0.5037445
2026-02-09 16:55:00+00:00,0,0.49796236
2026-02-09 17:00:00+00:00,1,0.50012124
2026-02-09 17:05:00+00:00,1,0.49134606
2026-02-09 17:10:00+00:00,1,0.49283051
2026-02-09 17:15:00+00:00,1,0.4832409
2026-02-09 17:20:00+00:00,1,0.48892993
2026-02-09 17:25:00+00:00,1,0.4849577
2026-02-09 17:30:00+00:00,1,0.47656578
2026-02-09 17:35:00+00:00,0,0.48861364
2026-02-09 17:40:00+00:00,0,0.50295734
2026-02-09 17:45:00+00:00,0,0.5157637
2026-02-09 17:50:00+00:00,0,0.49950328
2026-02-09 17:55:00+00:00,0,0.48803574
2026-02-09 18:00:00+00:00,0,0.49911
2026-02-09 18:05:00+00:00,0,0.50564873
2026-02-09 18:10:00+00:00,0,0.5029089
2026-02-09 18:15:00+00:00,0,0.501103
2026-02-09 18:20:00+00:00,1,0.51571095
2026-02-09 18:25:00+00:00,1,0.5201349
2026-02-09 18:30:00+00:00,0,0.50352985
2026-02-09 18:35:00+00:00,0,0.5083942
2026-02-09 18:40:00+00:00,0,0.49095848
2026-02-09 18:45:00+00:00,0,0.4916096
2026-02-09 18:50:00+00:00,1,0.5127333
2026-02-09 18:55:00+00:00,0,0.5126986
2026-02-09 19:00:00+00:00,1,0.50995463
2026-02-09 19:05:00+00:00,1,0.5199447
2026-02-09 19:10:00+00:00,1,0.5143719
2026-02-09 19:15:00+00:00,1,0.51351136
2026-02-09 19:20:00+00:00,1,0.50625694
2026-02-09 19:25:00+00:00,1,0.51250046
2026-02-09 19:30:00+00:00,1,0.50704896
2026-02-09 19:35:00+00:00,0,0.49412245
2026-02-09 19:40:00+00:00,1,0.49528393
2026-02-09 19:45:00+00:00,0,0.49740654
2026-02-09 19:50:00+00:00,0,0.50886524
2026-02-09 19:55:00+00:00,0,0.50466543
2026-02-09 20:00:00+00:00,0,0.5085162
2026-02-09 20:05:00+00:00,0,0.5065566
2026-02-09 20:10:00+00:00,0,0.49668193
2026-02-09 20:15:00+00:00,1,0.5256826
2026-02-09 20:20:00+00:00,1,0.5256826
2026-02-09 20:25:00+00:00,1,0.5234659
2026-02-09 20:30:00+00:00,1,0.52039814
2026-02-09 20:35:00+00:00,0,0.5130866
2026-02-09 20:40:00+00:00,0,0.505989
2026-02-09 20:45:00+00:00,0,0.49865952
2026-02-09 20:50:00+00:00,0,0.5107746
2026-02-09 20:55:00+00:00,0,0.50368196
2026-02-09 21:00:00+00:00,0,0.5108093
2026-02-09 21:05:00+00:00,0,0.5256727
2026-02-09 21:10:00+00:00,0,0.526854
2026-02-09 21:15:00+00:00,0,0.5247754
2026-02-09 21:20:00+00:00,1,0.52656037
2026-02-09 21:25:00+00:00,1,0.5260435
2026-02-09 21:30:00+00:00,1,0.5246665
2026-02-09 21:35:00+00:00,1,0.5246665
2026-02-09 21:40:00+00:00,1,0.52339655
2026-02-09 21:45:00+00:00,1,0.5338131
2026-02-09 21:50:00+00:00,0,0.5043566
2026-02-09 21:55:00+00:00,1,0.5043419
2026-02-09 22:00:00+00:00,0,0.50371635
2026-02-09 22:05:00+00:00,0,0.49410182
2026-02-09 22:10:00+00:00,0,0.48673573
2026-02-09 22:15:00+00:00,0,0.51020634
2026-02-09 22:20:00+00:00,0,0.5161211
2026-02-09 22:25:00+00:00,1,0.5179129
2026-02-09 22:30:00+00:00,1,0.519705
2026-02-09 22:35:00+00:00,1,0.5181709
2026-02-09 22:40:00+00:00,1,0.51358914
2026-02-09 22:45:00+00:00,0,0.49515378
2026-02-09 22:50:00+00:00,0,0.50317323
2026-02-09 22:55:00+00:00,0,0.49925303
2026-02-09 23:00:00+00:00,0,0.48740384
2026-02-09 23:05:00+00:00,0,0.48072004
2026-02-09 23:10:00+00:00,0,0.49932346
2026-02-09 23:15:00+00:00,0,0.4944146
2026-02-09 23:20:00+00:00,0,0.5027081
2026-02-09 23:25:00+00:00,0,0.5102481
2026-02-09 23:30:00+00:00,0,0.51791364
2026-02-09 23:35:00+00:00,0,0.4960806
2026-02-09 23:40:00+00:00,0,0.49855128
2026-02-09 23:45:00+00:00,0,0.5264387
2026-02-09 23:50:00+00:00,0,0.51615566
2026-02-09 23:55:00+00:00,0,0.5216064
2026-02-10 00:00:00+00:00,1,0.51710635
2026-02-10 00:05:00+00:00,0,0.521528
2026-02-10 00:10:00+00:00,0,0.49483645
2026-02-10 00:15:00+00:00,0,0.49996805
2026-02-10 00:20:00+00:00,0,0.52062684
2026-02-10 00:25:00+00:00,0,0.5139032
2026-02-10 00:30:00+00:00,0,0.51247513
2026-02-10 00:35:00+00:00,1,0.5097893
2026-02-10 00:40:00+00:00,0,0.5190961
2026-02-10 00:45:00+00:00,1,0.52767426
2026-02-10 00:50:00+00:00,1,0.52062994
2026-02-10 00:55:00+00:00,1,0.529014
2026-02-10 01:00:00+00:00,1,0.5185056
2026-02-10 01:05:00+00:00,1,0.5091486
2026-02-10 01:10:00+00:00,1,0.52229255
2026-02-10 01:15:00+00:00,1,0.51272494
2026-02-10 01:20:00+00:00,1,0.51450473
2026-02-10 01:25:00+00:00,1,0.51301837
2026-02-10 01:30:00+00:00,0,0.51169395
2026-02-10 01:35:00+00:00,0,0.49573737
2026-02-10 01:40:00+00:00,0,0.5010565
2026-02-10 01:45:00+00:00,0,0.5025928
2026-02-10 01:50:00+00:00,0,0.5081873
2026-02-10 01:55:00+00:00,0,0.5022196
2026-02-10 02:00:00+00:00,0,0.50952715
2026-02-10 02:05:00+00:00,0,0.5162915
2026-02-10 02:10:00+00:00,0,0.51818895
2026-02-10 02:15:00+00:00,0,0.5195948
2026-02-10 02:20:00+00:00,0,0.5139318
2026-02-10 02:25:00+00:00,1,0.5152963
2026-02-10 02:30:00+00:00,1,0.5066323
2026-02-10 02:35:00+00:00,0,0.5152963
2026-02-10 02:40:00+00:00,0,0.514915
2026-02-10 02:45:00+00:00,0,0.5151845
2026-02-10 02:50:00+00:00,0,0.48171133
2026-02-10 02:55:00+00:00,0,0.5112707
2026-02-10 03:00:00+00:00,0,0.51083976
2026-02-10 03:05:00+00:00,0,0.52984065
2026-02-10 03:10:00+00:00,0,0.52984065
2026-02-10 03:15:00+00:00,0,0.5292006
2026-02-10 03:20:00+00:00,0,0.529394
2026-02-10 03:25:00+00:00,1,0.52768105
2026-02-10 03:30:00+00:00,1,0.52768105
2026-02-10 03:35:00+00:00,1,0.52768105
2026-02-10 03:40:00+00:00,1,0.52321714
2026-02-10 03:45:00+00:00,1,0.5253729
2026-02-10 03:50:00+00:00,1,0.5189557
2026-02-10 03:55:00+00:00,1,0.5174214
2026-02-10 04:00:00+00:00,1,0.52359444
2026-02-10 04:05:00+00:00,0,0.5124626
2026-02-10 04:10:00+00:00,0,0.5090605
2026-02-10 04:15:00+00:00,1,0.52277476
2026-02-10 04:20:00+00:00,1,0.52277476
2026-02-10 04:25:00+00:00,1,0.5246865
2026-02-10 04:30:00+00:00,1,0.5292348
2026-02-10 04:35:00+00:00,1,0.5304859
2026-02-10 04:40:00+00:00,1,0.52125657
2026-02-10 04:45:00+00:00,0,0.51155365
2026-02-10 04:50:00+00:00,0,0.5070552
2026-02-10 04:55:00+00:00,0,0.50171685
2026-02-10 05:00:00+00:00,0,0.49811137
2026-02-10 05:05:00+00:00,0,0.49256745
2026-02-10 05:10:00+00:00,0,0.48969257
2026-02-10 05:15:00+00:00,0,0.5140013
2026-02-10 05:20:00+00:00,0,0.5159011
2026-02-10 05:25:00+00:00,0,0.51629114
2026-02-10 05:30:00+00:00,0,0.5171018
2026-02-10 05:35:00+00:00,0,0.5171018
2026-02-10 05:40:00+00:00,0,0.5265921
2026-02-10 05:45:00+00:00,1,0.52706754
2026-02-10 05:50:00+00:00,0,0.52770203
2026-02-10 05:55:00+00:00,0,0.52548707
2026-02-10 06:00:00+00:00,0,0.5300099
2026-02-10 06:05:00+00:00,0,0.5225023
2026-02-10 06:10:00+00:00,0,0.51820993
2026-02-10 06:15:00+00:00,0,0.5190857
2026-02-10 06:20:00+00:00,0,0.53068954
2026-02-10 06:25:00+00:00,0,0.53068954
2026-02-10 06:30:00+00:00,0,0.5291104
2026-02-10 06:35:00+00:00,0,0.5300099
2026-02-10 06:40:00+00:00,0,0.52853626
2026-02-10 06:45:00+00:00,0,0.52951425
2026-02-10 06:50:00+00:00,1,0.52951425
2026-02-10 06:55:00+00:00,0,0.52793455
2026-02-10 07:00:00+00:00,0,0.51895326
2026-02-10 07:05:00+00:00,0,0.51895326
2026-02-10 07:10:00+00:00,0,0.51653993
2026-02-10 07:15:00+00:00,1,0.5127974
2026-02-10 07:20:00+00:00,1,0.5178292
2026-02-10 07:25:00+00:00,1,0.51671064
2026-02-10 07:30:00+00:00,1,0.51898134
2026-02-10 07:35:00+00:00,1,0.5173409
2026-02-10 07:40:00+00:00,1,0.5007899
2026-02-10 07:45:00+00:00,1,0.5074551
2026-02-10 07:50:00+00:00,1,0.50570965
2026-02-10 07:55:00+00:00,1,0.51954865
2026-02-10 08:00:00+00:00,1,0.51354456
2026-02-10 08:05:00+00:00,1,0.49980706
2026-02-10 08:10:00+00:00,1,0.51495975
2026-02-10 08:15:00+00:00,1,0.51840895
2026-02-10 08:20:00+00:00,1,0.48946786
2026-02-10 08:25:00+00:00,1,0.50003326
2026-02-10 08:30:00+00:00,1,0.48836482
2026-02-10 08:35:00+00:00,1,0.48739964
2026-02-10 08:40:00+00:00,1,0.48482898
2026-02-10 08:45:00+00:00,1,0.4802507
2026-02-10 08:50:00+00:00,1,0.47161296
2026-02-10 08:55:00+00:00,1,0.44779137
2026-02-10 09:00:00+00:00,0,0.4750441
2026-02-10 09:05:00+00:00,1,0.47495076
2026-02-10 09:10:00+00:00,1,0.47444093
2026-02-10 09:15:00+00:00,0,0.4729815
2026-02-10 09:20:00+00:00,0,0.47942233
2026-02-10 09:25:00+00:00,0,0.49608314
2026-02-10 09:30:00+00:00,0,0.48116282
2026-02-10 09:35:00+00:00,0,0.47475728
2026-02-10 09:40:00+00:00,0,0.47914204
2026-02-10 09:45:00+00:00,0,0.49601185
2026-02-10 09:50:00+00:00,0,0.49491644
2026-02-10 09:55:00+00:00,1,0.4857645
2026-02-10 10:00:00+00:00,0,0.50897104
2026-02-10 10:05:00+00:00,0,0.5027212
2026-02-10 10:10:00+00:00,0,0.5032275
2026-02-10 10:15:00+00:00,0,0.51443326
2026-02-10 10:20:00+00:00,0,0.5083042
2026-02-10 10:25:00+00:00,0,0.49505448
2026-02-10 10:30:00+00:00,0,0.51726
2026-02-10 10:35:00+00:00,1,0.5188428
2026-02-10 10:40:00+00:00,1,0.5212251
2026-02-10 10:45:00+00:00,1,0.50892884
2026-02-10 10:50:00+00:00,1,0.5098313
2026-02-10 10:55:00+00:00,1,0.4955572
2026-02-10 11:00:00+00:00,1,0.5119866
2026-02-10 11:05:00+00:00,1,0.50119483
2026-02-10 11:10:00+00:00,0,0.5020976
2026-02-10 11:15:00+00:00,0,0.5004324
2026-02-10 11:20:00+00:00,0,0.49066633
2026-02-10 11:25:00+00:00,0,0.48637962
2026-02-10 11:30:00+00:00,0,0.49614516
2026-02-10 11:35:00+00:00,0,0.50317186
2026-02-10 11:40:00+00:00,0,0.5009118
2026-02-10 11:45:00+00:00,0,0.50269294
2026-02-10 11:50:00+00:00,1,0.50940955
2026-02-10 11:55:00+00:00,0,0.5104278
2026-02-10 12:00:00+00:00,0,0.50707495
2026-02-10 12:05:00+00:00,0,0.5066927
2026-02-10 12:10:00+00:00,0,0.5066927
2026-02-10 12:15:00+00:00,0,0.50538194
2026-02-10 12:20:00+00:00,0,0.5026982
2026-02-10 12:25:00+00:00,0,0.51004565
2026-02-10 12:30:00+00:00,0,0.50538194
2026-02-10 12:35:00+00:00,1,0.51231813
2026-02-10 12:40:00+00:00,1,0.51226556
2026-02-10 12:45:00+00:00,1,0.5114416
2026-02-10 12:50:00+00:00,1,0.51068527
2026-02-10 12:55:00+00:00,1,0.49125907
2026-02-10 13:00:00+00:00,1,0.4893702
2026-02-10 13:05:00+00:00,1,0.50049037
2026-02-10 13:10:00+00:00,1,0.49777997
2026-02-10 13:15:00+00:00,0,0.4994589
2026-02-10 13:20:00+00:00,1,0.5005894
2026-02-10 13:25:00+00:00,1,0.5018867
2026-02-10 13:30:00+00:00,0,0.4781804
2026-02-10 13:35:00+00:00,0,0.4939965
2026-02-10 13:40:00+00:00,0,0.49479735
2026-02-10 13:45:00+00:00,1,0.49715373
2026-02-10 13:50:00+00:00,1,0.48999634
2026-02-10 13:55:00+00:00,1,0.4882964
2026-02-10 14:00:00+00:00,1,0.5216185
2026-02-10 14:05:00+00:00,1,0.5108157
2026-02-10 14:10:00+00:00,0,0.50162494
2026-02-10 14:15:00+00:00,0,0.4695955
2026-02-10 14:20:00+00:00,0,0.47459918
2026-02-10 14:25:00+00:00,0,0.47350708
2026-02-10 14:30:00+00:00,0,0.47321337
2026-02-10 14:35:00+00:00,0,0.485666
2026-02-10 14:40:00+00:00,0,0.515075
2026-02-10 14:45:00+00:00,1,0.51899016
2026-02-10 14:50:00+00:00,1,0.5014955
2026-02-10 14:55:00+00:00,1,0.5044443
2026-02-10 15:00:00+00:00,1,0.5184987
2026-02-10 15:05:00+00:00,1,0.48576823
2026-02-10 15:10:00+00:00,1,0.5137649
2026-02-10 15:15:00+00:00,1,0.5141488
2026-02-10 15:20:00+00:00,1,0.50933063
2026-02-10 15:25:00+00:00,0,0.4975203
2026-02-10 15:30:00+00:00,0,0.509296
2026-02-10 15:35:00+00:00,0,0.49671197
2026-02-10 15:40:00+00:00,0,0.50969553
2026-02-10 15:45:00+00:00,0,0.51206964
2026-02-10 15:50:00+00:00,0,0.50140214
2026-02-10 15:55:00+00:00,0,0.5183321
2026-02-10 16:00:00+00:00,1,0.5189759
2026-02-10 16:05:00+00:00,1,0.5233669
2026-02-10 16:10:00+00:00,0,0.5241895
2026-02-10 16:15:00+00:00,1,0.51242036
2026-02-10 16:20:00+00:00,1,0.5107257
2026-02-10 16:25:00+00:00,1,0.5036941
2026-02-10 16:30:00+00:00,0,0.5073665
2026-02-10 16:35:00+00:00,0,0.50323516
2026-02-10 16:40:00+00:00,0,0.5067292
2026-02-10 16:45:00+00:00,1,0.50931025
2026-02-10 16:50:00+00:00,1,0.51308095
2026-02-10 16:55:00+00:00,1,0.50810295
2026-02-10 17:00:00+00:00,1,0.5199688
2026-02-10 17:05:00+00:00,1,0.5137344
2026-02-10 17:10:00+00:00,1,0.5062777
2026-02-10 17:15:00+00:00,1,0.48950136
2026-02-10 17:20:00+00:00,0,0.47853908
2026-02-10 17:25:00+00:00,1,0.49403864
2026-02-10 17:30:00+00:00,0,0.4819977
2026-02-10 17:35:00+00:00,0,0.48478633
2026-02-10 17:40:00+00:00,0,0.48864752
2026-02-10 17:45:00+00:00,0,0.49591872
2026-02-10 17:50:00+00:00,0,0.494534
2026-02-10 17:55:00+00:00,0,0.47965777
2026-02-10 18:00:00+00:00,0,0.51857686
2026-02-10 18:05:00+00:00,0,0.52251357
2026-02-10 18:10:00+00:00,0,0.5279052
2026-02-10 18:15:00+00:00,0,0.52473885
2026-02-10 18:20:00+00:00,0,0.5315501
2026-02-10 18:25:00+00:00,0,0.534375
2026-02-10 18:30:00+00:00,1,0.5420314
2026-02-10 18:35:00+00:00,0,0.527781
2026-02-10 18:40:00+00:00,1,0.5285624
2026-02-10 18:45:00+00:00,1,0.54011685
2026-02-10 18:50:00+00:00,1,0.53759193
2026-02-10 18:55:00+00:00,1,0.52653205
2026-02-10 19:00:00+00:00,1,0.53005385
2026-02-10 19:05:00+00:00,1,0.52273566
2026-02-10 19:10:00+00:00,1,0.51326495
2026-02-10 19:15:00+00:00,1,0.52115256
2026-02-10 19:20:00+00:00,1,0.5237027
2026-02-10 19:25:00+00:00,1,0.5198333
2026-02-10 19:30:00+00:00,1,0.52012116
2026-02-10 19:35:00+00:00,0,0.49533966
2026-02-10 19:40:00+00:00,0,0.4941788
2026-02-10 19:45:00+00:00,0,0.5069258
2026-02-10 19:50:00+00:00,0,0.51238775
2026-02-10 19:55:00+00:00,0,0.50827295
2026-02-10 20:00:00+00:00,0,0.51695526
2026-02-10 20:05:00+00:00,1,0.5228308
2026-02-10 20:10:00+00:00,1,0.5254198
2026-02-10 20:15:00+00:00,1,0.5108503
2026-02-10 20:20:00+00:00,1,0.52430546
2026-02-10 20:25:00+00:00,0,0.5205172
2026-02-10 20:30:00+00:00,1,0.5194077
2026-02-10 20:35:00+00:00,0,0.49733305
2026-02-10 20:40:00+00:00,0,0.4988206
2026-02-10 20:45:00+00:00,0,0.5110385
2026-02-10 20:50:00+00:00,0,0.51002705
2026-02-10 20:55:00+00:00,0,0.5130122
2026-02-10 21:00:00+00:00,0,0.5054558
2026-02-10 21:05:00+00:00,0,0.52424204
2026-02-10 21:10:00+00:00,0,0.512354
2026-02-10 21:15:00+00:00,0,0.51351976
2026-02-10 21:20:00+00:00,0,0.5178623
2026-02-10 21:25:00+00:00,0,0.52724504
2026-02-10 21:30:00+00:00,1,0.5260451
2026-02-10 21:35:00+00:00,1,0.5275587
2026-02-10 21:40:00+00:00,1,0.5255716
2026-02-10 21:45:00+00:00,0,0.5305046
2026-02-10 21:50:00+00:00,1,0.5138334
2026-02-10 21:55:00+00:00,1,0.51821226
2026-02-10 22:00:00+00:00,1,0.5111205
2026-02-10 22:05:00+00:00,1,0.5175382
2026-02-10 22:10:00+00:00,1,0.5149018
2026-02-10 22:15:00+00:00,1,0.51573914
2026-02-10 22:20:00+00:00,0,0.51291966
2026-02-10 22:25:00+00:00,0,0.500973
2026-02-10 22:30:00+00:00,0,0.49515682
2026-02-10 22:35:00+00:00,0,0.4852782
2026-02-10 22:40:00+00:00,0,0.4961465
2026-02-10 22:45:00+00:00,0,0.5126556
2026-02-10 22:50:00+00:00,0,0.52194315
2026-02-10 22:55:00+00:00,0,0.52481604
2026-02-10 23:00:00+00:00,0,0.5209689
2026-02-10 23:05:00+00:00,1,0.51628125
2026-02-10 23:10:00+00:00,1,0.51357853
2026-02-10 23:15:00+00:00,1,0.5113813
2026-02-10 23:20:00+00:00,1,0.5094981
2026-02-10 23:25:00+00:00,1,0.5103096
2026-02-10 23:30:00+00:00,1,0.51321256
2026-02-10 23:35:00+00:00,1,0.5070138
2026-02-10 23:40:00+00:00,0,0.50375324
2026-02-10 23:45:00+00:00,1,0.50565374
2026-02-10 23:50:00+00:00,1,0.5074708
2026-02-10 23:55:00+00:00,1,0.5002777
2026-02-11 00:00:00+00:00,1,0.50557876
2026-02-11 00:05:00+00:00,1,0.5009845
2026-02-11 00:10:00+00:00,1,0.51374245
2026-02-11 00:15:00+00:00,1,0.5104707
2026-02-11 00:20:00+00:00,1,0.5061277
2026-02-11 00:25:00+00:00,1,0.48525825
2026-02-11 00:30:00+00:00,1,0.49752006
2026-02-11 00:35:00+00:00,1,0.5018534
2026-02-11 00:40:00+00:00,1,0.50506043
2026-02-11 00:45:00+00:00,1,0.49777004
2026-02-11 00:50:00+00:00,0,0.48993093
2026-02-11 00:55:00+00:00,0,0.48814648
2026-02-11 01:00:00+00:00,0,0.48400337
2026-02-11 01:05:00+00:00,0,0.49596387
2026-02-11 01:10:00+00:00,1,0.49072665
2026-02-11 01:15:00+00:00,1,0.4946513
2026-02-11 01:20:00+00:00,1,0.5100926
2026-02-11 01:25:00+00:00,1,0.49439293
2026-02-11 01:30:00+00:00,1,0.49358666
2026-02-11 01:35:00+00:00,1,0.49662235
2026-02-11 01:40:00+00:00,1,0.4773345
2026-02-11 01:45:00+00:00,1,0.48810637
2026-02-11 01:50:00+00:00,1,0.48418373
2026-02-11 01:55:00+00:00,1,0.4898836
2026-02-11 02:00:00+00:00,1,0.47238863
2026-02-11 02:05:00+00:00,1,0.4823647
2026-02-11 02:10:00+00:00,1,0.48414388
2026-02-11 02:15:00+00:00,0,0.48416865
2026-02-11 02:20:00+00:00,0,0.4801172
2026-02-11 02:25:00+00:00,0,0.47807544
2026-02-11 02:30:00+00:00,0,0.47462597
2026-02-11 02:35:00+00:00,0,0.48421493
2026-02-11 02:40:00+00:00,0,0.4891502
2026-02-11 02:45:00+00:00,0,0.5074842
2026-02-11 02:50:00+00:00,0,0.51318073
2026-02-11 02:55:00+00:00,0,0.514524
2026-02-11 03:00:00+00:00,0,0.5115256
2026-02-11 03:05:00+00:00,0,0.5124278
2026-02-11 03:10:00+00:00,1,0.5212493
2026-02-11 03:15:00+00:00,1,0.5255922
2026-02-11 03:20:00+00:00,1,0.51674193
2026-02-11 03:25:00+00:00,1,0.51674193
2026-02-11 03:30:00+00:00,1,0.51674193
2026-02-11 03:35:00+00:00,0,0.5156802
2026-02-11 03:40:00+00:00,0,0.51148635
2026-02-11 03:45:00+00:00,0,0.519377
2026-02-11 03:50:00+00:00,0,0.52014905
2026-02-11 03:55:00+00:00,0,0.5183343
2026-02-11 04:00:00+00:00,0,0.5188572
2026-02-11 04:05:00+00:00,0,0.5229011
2026-02-11 04:10:00+00:00,0,0.5229011
2026-02-11 04:15:00+00:00,0,0.5218845
2026-02-11 04:20:00+00:00,0,0.52366847
2026-02-11 04:25:00+00:00,0,0.52366847
2026-02-11 04:30:00+00:00,0,0.5255743
2026-02-11 04:35:00+00:00,1,0.532091
2026-02-11 04:40:00+00:00,1,0.532091
2026-02-11 04:45:00+00:00,0,0.5265412
2026-02-11 04:50:00+00:00,1,0.53286093
2026-02-11 04:55:00+00:00,1,0.52930224
2026-02-11 05:00:00+00:00,0,0.523469
2026-02-11 05:05:00+00:00,0,0.52034074
2026-02-11 05:10:00+00:00,0,0.5154951
2026-02-11 05:15:00+00:00,0,0.52282023
2026-02-11 05:20:00+00:00,0,0.5222389
2026-02-11 05:25:00+00:00,0,0.5164963
2026-02-11 05:30:00+00:00,0,0.51418
2026-02-11 05:35:00+00:00,0,0.51418
2026-02-11 05:40:00+00:00,0,0.5278305
2026-02-11 05:45:00+00:00,0,0.5284047
2026-02-11 05:50:00+00:00,0,0.5270381
2026-02-11 05:55:00+00:00,0,0.5261378
2026-02-11 06:00:00+00:00,0,0.52912647
2026-02-11 06:05:00+00:00,1,0.53070563
2026-02-11 06:10:00+00:00,1,0.5319202
2026-02-11 06:15:00+00:00,1,0.5328883
2026-02-11 06:20:00+00:00,0,0.52983963
2026-02-11 06:25:00+00:00,0,0.5259572
2026-02-11 06:30:00+00:00,0,0.52333456
2026-02-11 06:35:00+00:00,0,0.51578087
2026-02-11 06:40:00+00:00,0,0.515481
2026-02-11 06:45:00+00:00,1,0.53086394
2026-02-11 06:50:00+00:00,1,0.53156906
2026-02-11 06:55:00+00:00,1,0.53132254
2026-02-11 07:00:00+00:00,1,0.52088106
2026-02-11 07:05:00+00:00,1,0.5176407
2026-02-11 07:10:00+00:00,1,0.5037884
2026-02-11 07:15:00+00:00,1,0.49870116
2026-02-11 07:20:00+00:00,1,0.5071014
2026-02-11 07:25:00+00:00,0,0.5024176
2026-02-11 07:30:00+00:00,0,0.5066046
2026-02-11 07:35:00+00:00,0,0.5086685
2026-02-11 07:40:00+00:00,0,0.5040273
2026-02-11 07:45:00+00:00,0,0.50598
2026-02-11 07:50:00+00:00,0,0.5008879
2026-02-11 07:55:00+00:00,1,0.51179373
2026-02-11 08:00:00+00:00,1,0.51868033
2026-02-11 08:05:00+00:00,0,0.5202628
2026-02-11 08:10:00+00:00,0,0.5202628
2026-02-11 08:15:00+00:00,0,0.5202628
2026-02-11 08:20:00+00:00,0,0.51296926
2026-02-11 08:25:00+00:00,0,0.513882
2026-02-11 08:30:00+00:00,0,0.50918263
2026-02-11 08:35:00+00:00,0,0.51018447
2026-02-11 08:40:00+00:00,0,0.5008726
2026-02-11 08:45:00+00:00,0,0.5149948
2026-02-11 08:50:00+00:00,0,0.5145253
2026-02-11 08:55:00+00:00,0,0.5126175
2026-02-11 09:00:00+00:00,0,0.5103328
2026-02-11 09:05:00+00:00,1,0.52163994
2026-02-11 09:10:00+00:00,0,0.52369857
2026-02-11 09:15:00+00:00,0,0.5209591
2026-02-11 09:20:00+00:00,0,0.52005786
2026-02-11 09:25:00+00:00,0,0.5135471
2026-02-11 09:30:00+00:00,0,0.5144492
2026-02-11 09:35:00+00:00,0,0.5144492
2026-02-11 09:40:00+00:00,0,0.5144492
2026-02-11 09:45:00+00:00,0,0.519557
2026-02-11 09:50:00+00:00,0,0.5194224
2026-02-11 09:55:00+00:00,0,0.5203238
2026-02-11 10:00:00+00:00,0,0.52190596
2026-02-11 10:05:00+00:00,0,0.52190596
2026-02-11 10:10:00+00:00,0,0.52185345
2026-02-11 10:15:00+00:00,0,0.5212251
2026-02-11 10:20:00+00:00,0,0.52032393
2026-02-11 10:25:00+00:00,0,0.4991466
2026-02-11 10:30:00+00:00,1,0.52093554
2026-02-11 10:35:00+00:00,1,0.52367496
2026-02-11 10:40:00+00:00,1,0.5195046
2026-02-11 10:45:00+00:00,1,0.5220404
2026-02-11 10:50:00+00:00,1,0.5220404
2026-02-11 10:55:00+00:00,1,0.5144492
2026-02-11 11:00:00+00:00,1,0.5123025
2026-02-11 11:05:00+00:00,1,0.5137108
2026-02-11 11:10:00+00:00,1,0.5035545
2026-02-11 11:15:00+00:00,1,0.5005542
2026-02-11 11:20:00+00:00,1,0.47648
2026-02-11 11:25:00+00:00,1,0.4837828
2026-02-11 11:30:00+00:00,0,0.4841403
2026-02-11 11:35:00+00:00,1,0.486629
2026-02-11 11:40:00+00:00,1,0.47985065
2026-02-11 11:45:00+00:00,1,0.48022887
2026-02-11 11:50:00+00:00,1,0.47707596
2026-02-11 11:55:00+00:00,0,0.46635914
2026-02-11 12:00:00+00:00,1,0.48951235
2026-02-11 12:05:00+00:00,0,0.46634933
2026-02-11 12:10:00+00:00,0,0.48020592
2026-02-11 12:15:00+00:00,0,0.47956058
2026-02-11 12:20:00+00:00,0,0.46916455
2026-02-11 12:25:00+00:00,0,0.4794424
2026-02-11 12:30:00+00:00,0,0.48575127
2026-02-11 12:35:00+00:00,0,0.48430443
2026-02-11 12:40:00+00:00,0,0.4966637
2026-02-11 12:45:00+00:00,0,0.50200444
2026-02-11 12:50:00+00:00,0,0.5105459
2026-02-11 12:55:00+00:00,0,0.5051538
2026-02-11 13:00:00+00:00,1,0.5100293
2026-02-11 13:05:00+00:00,1,0.5127411
2026-02-11 13:10:00+00:00,1,0.5051168
2026-02-11 13:15:00+00:00,1,0.5135206
2026-02-11 13:20:00+00:00,1,0.5060509
2026-02-11 13:25:00+00:00,1,0.50377727
2026-02-11 13:30:00+00:00,1,0.46778396
2026-02-11 13:35:00+00:00,1,0.4789837
2026-02-11 13:40:00+00:00,1,0.49122086
2026-02-11 13:45:00+00:00,1,0.49919757
2026-02-11 13:50:00+00:00,1,0.49356082
2026-02-11 13:55:00+00:00,1,0.4712338
2026-02-11 14:00:00+00:00,0,0.4692052
2026-02-11 14:05:00+00:00,0,0.48608342
2026-02-11 14:10:00+00:00,0,0.5078567
2026-02-11 14:15:00+00:00,0,0.51568776
2026-02-11 14:20:00+00:00,0,0.5012513
2026-02-11 14:25:00+00:00,0,0.49843588
2026-02-11 14:30:00+00:00,0,0.4926704
2026-02-11 14:35:00+00:00,0,0.5147471
2026-02-11 14:40:00+00:00,0,0.5045567
2026-02-11 14:45:00+00:00,0,0.52310413
2026-02-11 14:50:00+00:00,0,0.51264954
2026-02-11 14:55:00+00:00,0,0.51492226
2026-02-11 15:00:00+00:00,0,0.5223168
2026-02-11 15:05:00+00:00,1,0.53192675
2026-02-11 15:10:00+00:00,1,0.5223041
2026-02-11 15:15:00+00:00,0,0.5223041
2026-02-11 15:20:00+00:00,1,0.5223041
2026-02-11 15:25:00+00:00,1,0.5234331
2026-02-11 15:30:00+00:00,1,0.52074194
2026-02-11 15:35:00+00:00,1,0.525373
2026-02-11 15:40:00+00:00,1,0.51601386
2026-02-11 15:45:00+00:00,1,0.5258725
2026-02-11 15:50:00+00:00,1,0.51192284
2026-02-11 15:55:00+00:00,1,0.5130577
2026-02-11 16:00:00+00:00,1,0.51625144
2026-02-11 16:05:00+00:00,0,0.51873434
2026-02-11 16:10:00+00:00,0,0.48626882
2026-02-11 16:15:00+00:00,0,0.49932542
2026-02-11 16:20:00+00:00,0,0.4975545
2026-02-11 16:25:00+00:00,0,0.51007354
2026-02-11 16:30:00+00:00,0,0.51548463
2026-02-11 16:35:00+00:00,0,0.515764
2026-02-11 16:40:00+00:00,0,0.5270767
2026-02-11 16:45:00+00:00,1,0.5238353
2026-02-11 16:50:00+00:00,1,0.5258551
2026-02-11 16:55:00+00:00,1,0.52459747
2026-02-11 17:00:00+00:00,1,0.51549584
2026-02-11 17:05:00+00:00,1,0.5125634
2026-02-11 17:10:00+00:00,1,0.5027494
2026-02-11 17:15:00+00:00,1,0.49501088
2026-02-11 17:20:00+00:00,1,0.47433507
2026-02-11 17:25:00+00:00,0,0.48406354
2026-02-11 17:30:00+00:00,0,0.4828614
2026-02-11 17:35:00+00:00,0,0.47424346
2026-02-11 17:40:00+00:00,1,0.48630017
2026-02-11 17:45:00+00:00,1,0.4794751
2026-02-11 17:50:00+00:00,1,0.4791056
2026-02-11 17:55:00+00:00,1,0.48270673
2026-02-11 18:00:00+00:00,1,0.50643295
2026-02-11 18:05:00+00:00,1,0.51518923
2026-02-11 18:10:00+00:00,1,0.48973384
2026-02-11 18:15:00+00:00,1,0.47791976
2026-02-11 18:20:00+00:00,0,0.4826538
2026-02-11 18:25:00+00:00,0,0.486035
2026-02-11 18:30:00+00:00,1,0.4852263
2026-02-11 18:35:00+00:00,1,0.47739646
2026-02-11 18:40:00+00:00,1,0.48816258
2026-02-11 18:45:00+00:00,0,0.4788786
2026-02-11 18:50:00+00:00,1,0.4899423
2026-02-11 18:55:00+00:00,0,0.47607493
2026-02-11 19:00:00+00:00,0,0.47826374
2026-02-11 19:05:00+00:00,0,0.48031282
2026-02-11 19:10:00+00:00,0,0.48316097
2026-02-11 19:15:00+00:00,0,0.49499178
2026-02-11 19:20:00+00:00,0,0.484438
2026-02-11 19:25:00+00:00,0,0.5068118
2026-02-11 19:30:00+00:00,1,0.5194577
2026-02-11 19:35:00+00:00,0,0.5066112
2026-02-11 19:40:00+00:00,0,0.490801
2026-02-11 19:45:00+00:00,0,0.5128754
2026-02-11 19:50:00+00:00,0,0.5090887
2026-02-11 19:55:00+00:00,0,0.5158567
2026-02-11 20:00:00+00:00,0,0.53107166
2026-02-11 20:05:00+00:00,1,0.5234352
2026-02-11 20:10:00+00:00,0,0.5203829
2026-02-11 20:15:00+00:00,1,0.53189427
2026-02-11 20:20:00+00:00,1,0.53069556
2026-02-11 20:25:00+00:00,1,0.53189427
2026-02-11 20:30:00+00:00,1,0.5209572
2026-02-11 20:35:00+00:00,1,0.5315948
2026-02-11 20:40:00+00:00,1,0.5213867
2026-02-11 20:45:00+00:00,0,0.5001894
2026-02-11 20:50:00+00:00,1,0.51998585
2026-02-11 20:55:00+00:00,1,0.51555955
2026-02-11 21:00:00+00:00,1,0.52267945
2026-02-11 21:05:00+00:00,1,0.50917554
2026-02-11 21:10:00+00:00,1,0.50679106
2026-02-11 21:15:00+00:00,1,0.50447553
2026-02-11 21:20:00+00:00,0,0.48138797
2026-02-11 21:25:00+00:00,0,0.48138797
2026-02-11 21:30:00+00:00,0,0.48224658
2026-02-11 21:35:00+00:00,0,0.48331386
2026-02-11 21:40:00+00:00,0,0.49030015
2026-02-11 21:45:00+00:00,0,0.4944779
2026-02-11 21:50:00+00:00,0,0.50382173
2026-02-11 21:55:00+00:00,0,0.513398
2026-02-11 22:00:00+00:00,0,0.51637244
2026-02-11 22:05:00+00:00,0,0.49589258
2026-02-11 22:10:00+00:00,0,0.49665135
2026-02-11 22:15:00+00:00,0,0.50749445
2026-02-11 22:20:00+00:00,0,0.52016705
2026-02-11 22:25:00+00:00,0,0.51611406
2026-02-11 22:30:00+00:00,0,0.5198347
2026-02-11 22:35:00+00:00,0,0.5225747
2026-02-11 22:40:00+00:00,0,0.52021694
2026-02-11 22:45:00+00:00,0,0.50711334
2026-02-11 22:50:00+00:00,0,0.526599
2026-02-11 22:55:00+00:00,0,0.5249695
2026-02-11 23:00:00+00:00,0,0.5235711
2026-02-11 23:05:00+00:00,0,0.525201
2026-02-11 23:10:00+00:00,0,0.5235711
2026-02-11 23:15:00+00:00,0,0.5210844
2026-02-11 23:20:00+00:00,1,0.53225464
2026-02-11 23:25:00+00:00,1,0.5341334
2026-02-11 23:30:00+00:00,1,0.530676
2026-02-11 23:35:00+00:00,1,0.53377753
2026-02-11 23:40:00+00:00,1,0.53188795
2026-02-11 23:45:00+00:00,1,0.51434547
2026-02-11 23:50:00+00:00,1,0.52224666
2026-02-11 23:55:00+00:00,1,0.5213457
2026-02-12 00:00:00+00:00,1,0.51844776
2026-02-12 00:05:00+00:00,1,0.5006022
2026-02-12 00:10:00+00:00,1,0.49691495
2026-02-12 00:15:00+00:00,1,0.48565578
2026-02-12 00:20:00+00:00,1,0.4993848
2026-02-12 00:25:00+00:00,1,0.5074261
2026-02-12 00:30:00+00:00,1,0.5006299
2026-02-12 00:35:00+00:00,1,0.4967337
2026-02-12 00:40:00+00:00,1,0.48345727
2026-02-12 00:45:00+00:00,1,0.4859724
2026-02-12 00:50:00+00:00,1,0.4859724
2026-02-12 00:55:00+00:00,1,0.4976044
2026-02-12 01:00:00+00:00,1,0.4863137
2026-02-12 01:05:00+00:00,1,0.4882802
2026-02-12 01:10:00+00:00,0,0.4838068
2026-02-12 01:15:00+00:00,0,0.48887408
2026-02-12 01:20:00+00:00,0,0.48296657
2026-02-12 01:25:00+00:00,0,0.47656086
2026-02-12 01:30:00+00:00,0,0.48971462
2026-02-12 01:35:00+00:00,0,0.4795382
2026-02-12 01:40:00+00:00,0,0.49849546
2026-02-12 01:45:00+00:00,0,0.49661675
2026-02-12 01:50:00+00:00,0,0.52129394
2026-02-12 01:55:00+00:00,1,0.51969016
2026-02-12 02:00:00+00:00,1,0.514592
2026-02-12 02:05:00+00:00,1,0.5002227
2026-02-12 02:10:00+00:00,1,0.52103454
2026-02-12 02:15:00+00:00,1,0.51386917
2026-02-12 02:20:00+00:00,1,0.5180105
2026-02-12 02:25:00+00:00,1,0.51330346
2026-02-12 02:30:00+00:00,0,0.48237237
2026-02-12 02:35:00+00:00,0,0.48752388
2026-02-12 02:40:00+00:00,0,0.488774
2026-02-12 02:45:00+00:00,0,0.4891264
2026-02-12 02:50:00+00:00,0,0.49857807
2026-02-12 02:55:00+00:00,1,0.5100415
2026-02-12 03:00:00+00:00,0,0.48865154
2026-02-12 03:05:00+00:00,1,0.50345165
2026-02-12 03:10:00+00:00,0,0.48952186
2026-02-12 03:15:00+00:00,1,0.50419575
2026-02-12 03:20:00+00:00,1,0.50595
2026-02-12 03:25:00+00:00,1,0.5117513
2026-02-12 03:30:00+00:00,0,0.4935754
2026-02-12 03:35:00+00:00,1,0.49020538
2026-02-12 03:40:00+00:00,0,0.48798633
2026-02-12 03:45:00+00:00,0,0.4998509
2026-02-12 03:50:00+00:00,0,0.48726663
2026-02-12 03:55:00+00:00,0,0.49335268
2026-02-12 04:00:00+00:00,0,0.4980791
2026-02-12 04:05:00+00:00,0,0.49292606
2026-02-12 04:10:00+00:00,0,0.50670934
2026-02-12 04:15:00+00:00,1,0.52212524
2026-02-12 04:20:00+00:00,0,0.5234009
2026-02-12 04:25:00+00:00,0,0.5230261
2026-02-12 04:30:00+00:00,0,0.5143581
2026-02-12 04:35:00+00:00,0,0.4998154
2026-02-12 04:40:00+00:00,0,0.49947816
2026-02-12 04:45:00+00:00,0,0.505271
2026-02-12 04:50:00+00:00,1,0.51500106
2026-02-12 04:55:00+00:00,1,0.5231561
2026-02-12 05:00:00+00:00,1,0.5100314
2026-02-12 05:05:00+00:00,1,0.51136893
2026-02-12 05:10:00+00:00,1,0.5162971
2026-02-12 05:15:00+00:00,1,0.5176178
2026-02-12 05:20:00+00:00,1,0.5113469
2026-02-12 05:25:00+00:00,1,0.5141739
2026-02-12 05:30:00+00:00,1,0.4912693
2026-02-12 05:35:00+00:00,1,0.50510424
2026-02-12 05:40:00+00:00,1,0.48357666
2026-02-12 05:45:00+00:00,1,0.50636464
2026-02-12 05:50:00+00:00,1,0.4945849
2026-02-12 05:55:00+00:00,1,0.49121362
2026-02-12 06:00:00+00:00,1,0.4923048
2026-02-12 06:05:00+00:00,1,0.48716465
2026-02-12 06:10:00+00:00,1,0.47876754
2026-02-12 06:15:00+00:00,1,0.48028666
2026-02-12 06:20:00+00:00,0,0.4755498
2026-02-12 06:25:00+00:00,0,0.47337252
2026-02-12 06:30:00+00:00,0,0.47641852
2026-02-12 06:35:00+00:00,0,0.47830093
2026-02-12 06:40:00+00:00,0,0.48159233
2026-02-12 06:45:00+00:00,0,0.48215577
2026-02-12 06:50:00+00:00,1,0.49406412
2026-02-12 06:55:00+00:00,1,0.49167708
2026-02-12 07:00:00+00:00,1,0.4828643
2026-02-12 07:05:00+00:00,1,0.4895225
2026-02-12 07:10:00+00:00,1,0.4853414
2026-02-12 07:15:00+00:00,1,0.48489293
2026-02-12 07:20:00+00:00,1,0.4777185
2026-02-12 07:25:00+00:00,0,0.4684739
2026-02-12 07:30:00+00:00,1,0.48257396
2026-02-12 07:35:00+00:00,1,0.4723845
2026-02-12 07:40:00+00:00,1,0.48315787
2026-02-12 07:45:00+00:00,1,0.48171672
2026-02-12 07:50:00+00:00,1,0.48629656
2026-02-12 07:55:00+00:00,0,0.4786636
2026-02-12 08:00:00+00:00,0,0.4734882
2026-02-12 08:05:00+00:00,0,0.4706553
2026-02-12 08:10:00+00:00,0,0.47255737
2026-02-12 08:15:00+00:00,0,0.47687125
2026-02-12 08:20:00+00:00,0,0.480491
2026-02-12 08:25:00+00:00,1,0.49748087
2026-02-12 08:30:00+00:00,1,0.4945523
2026-02-12 08:35:00+00:00,1,0.49806347
2026-02-12 08:40:00+00:00,1,0.49801946
2026-02-12 08:45:00+00:00,1,0.50166714
2026-02-12 08:50:00+00:00,1,0.483551
2026-02-12 08:55:00+00:00,1,0.49434292
2026-02-12 09:00:00+00:00,1,0.48749515
2026-02-12 09:05:00+00:00,1,0.5021624
2026-02-12 09:10:00+00:00,1,0.47772706
2026-02-12 09:15:00+00:00,1,0.47165602
2026-02-12 09:20:00+00:00,1,0.4789395
2026-02-12 09:25:00+00:00,1,0.47165602
2026-02-12 09:30:00+00:00,0,0.4867869
2026-02-12 09:35:00+00:00,1,0.47616196
2026-02-12 09:40:00+00:00,1,0.46861747
2026-02-12 09:45:00+00:00,1,0.47920948
2026-02-12 09:50:00+00:00,0,0.47406048
2026-02-12 09:55:00+00:00,0,0.4915718
2026-02-12 10:00:00+00:00,1,0.47987136
2026-02-12 10:05:00+00:00,0,0.4852658
2026-02-12 10:10:00+00:00,0,0.48929235
2026-02-12 10:15:00+00:00,1,0.50605375
2026-02-12 10:20:00+00:00,1,0.4890407
2026-02-12 10:25:00+00:00,1,0.48712692
2026-02-12 10:30:00+00:00,1,0.4802773
2026-02-12 10:35:00+00:00,1,0.48119053
2026-02-12 10:40:00+00:00,1,0.4877608
2026-02-12 10:45:00+00:00,1,0.479431
2026-02-12 10:50:00+00:00,0,0.49602228
2026-02-12 10:55:00+00:00,0,0.4859718
2026-02-12 11:00:00+00:00,0,0.50125164
2026-02-12 11:05:00+00:00,1,0.5084769
2026-02-12 11:10:00+00:00,1,0.47939232
2026-02-12 11:15:00+00:00,1,0.48203543
2026-02-12 11:20:00+00:00,0,0.48203543
2026-02-12 11:25:00+00:00,0,0.47682452
2026-02-12 11:30:00+00:00,0,0.48152763
2026-02-12 11:35:00+00:00,0,0.4717912
2026-02-12 11:40:00+00:00,0,0.4865513
2026-02-12 11:45:00+00:00,0,0.48863852
2026-02-12 11:50:00+00:00,0,0.4971232
2026-02-12 11:55:00+00:00,0,0.4897876
2026-02-12 12:00:00+00:00,0,0.5058246
2026-02-12 12:05:00+00:00,0,0.50485647
2026-02-12 12:10:00+00:00,0,0.5081786
2026-02-12 12:15:00+00:00,0,0.50768846
2026-02-12 12:20:00+00:00,0,0.50915885
2026-02-12 12:25:00+00:00,0,0.4948228
2026-02-12 12:30:00+00:00,0,0.51094806
2026-02-12 12:35:00+00:00,0,0.51094806
2026-02-12 12:40:00+00:00,0,0.5126091
2026-02-12 12:45:00+00:00,0,0.5044792
2026-02-12 12:50:00+00:00,1,0.5126091
2026-02-12 12:55:00+00:00,0,0.5030454
2026-02-12 13:00:00+00:00,1,0.51357675
2026-02-12 13:05:00+00:00,1,0.5030454
2026-02-12 13:10:00+00:00,1,0.50635004
2026-02-12 13:15:00+00:00,1,0.5030454
2026-02-12 13:20:00+00:00,1,0.5048264
2026-02-12 13:25:00+00:00,1,0.5014546
2026-02-12 13:30:00+00:00,0,0.49921754
2026-02-12 13:35:00+00:00,0,0.4911145
2026-02-12 13:40:00+00:00,0,0.48769322
2026-02-12 13:45:00+00:00,0,0.50172967
2026-02-12 13:50:00+00:00,0,0.49490955
2026-02-12 13:55:00+00:00,0,0.4722001
2026-02-12 14:00:00+00:00,1,0.5087718
2026-02-12 14:05:00+00:00,1,0.5076054
2026-02-12 14:10:00+00:00,0,0.5096448
2026-02-12 14:15:00+00:00,1,0.50813234
2026-02-12 14:20:00+00:00,1,0.51054007
2026-02-12 14:25:00+00:00,0,0.49162182
2026-02-12 14:30:00+00:00,0,0.47670415
2026-02-12 14:35:00+00:00,0,0.4880907
2026-02-12 14:40:00+00:00,0,0.50173974
2026-02-12 14:45:00+00:00,0,0.4930903
2026-02-12 14:50:00+00:00,1,0.4914588
2026-02-12 14:55:00+00:00,1,0.4990527
2026-02-12 15:00:00+00:00,1,0.5142621
2026-02-12 15:05:00+00:00,0,0.5206687
2026-02-12 15:10:00+00:00,0,0.51749593
2026-02-12 15:15:00+00:00,0,0.51484805
2026-02-12 15:20:00+00:00,0,0.49364033
2026-02-12 15:25:00+00:00,0,0.4891903
2026-02-12 15:30:00+00:00,0,0.5163354
2026-02-12 15:35:00+00:00,0,0.51465636
2026-02-12 15:40:00+00:00,0,0.512936
2026-02-12 15:45:00+00:00,0,0.51961476
2026-02-12 15:50:00+00:00,0,0.51901066
2026-02-12 15:55:00+00:00,0,0.5200091
2026-02-12 16:00:00+00:00,0,0.5243303
2026-02-12 16:05:00+00:00,0,0.5207275
2026-02-12 16:10:00+00:00,1,0.5235929
2026-02-12 16:15:00+00:00,0,0.5235929
2026-02-12 16:20:00+00:00,0,0.5235929
2026-02-12 16:25:00+00:00,1,0.52218264
2026-02-12 16:30:00+00:00,1,0.5261966
2026-02-12 16:35:00+00:00,0,0.5178824
2026-02-12 16:40:00+00:00,0,0.51649463
2026-02-12 16:45:00+00:00,0,0.5171396
2026-02-12 16:50:00+00:00,1,0.5186978
2026-02-12 16:55:00+00:00,1,0.5191846
2026-02-12 17:00:00+00:00,1,0.52399474
2026-02-12 17:05:00+00:00,1,0.5218768
2026-02-12 17:10:00+00:00,1,0.52399474
2026-02-12 17:15:00+00:00,1,0.5116494
2026-02-12 17:20:00+00:00,0,0.5131055
2026-02-12 17:25:00+00:00,0,0.51470345
2026-02-12 17:30:00+00:00,0,0.5131055
2026-02-12 17:35:00+00:00,1,0.5084088
2026-02-12 17:40:00+00:00,0,0.51148427
2026-02-12 17:45:00+00:00,0,0.52167827
2026-02-12 17:50:00+00:00,0,0.52610147
2026-02-12 17:55:00+00:00,0,0.5214001
2026-02-12 18:00:00+00:00,0,0.53665
2026-02-12 18:05:00+00:00,0,0.50341535
2026-02-12 18:10:00+00:00,0,0.5113305
2026-02-12 18:15:00+00:00,1,0.53648496
2026-02-12 18:20:00+00:00,1,0.5282103
2026-02-12 18:25:00+00:00,1,0.5372455
2026-02-12 18:30:00+00:00,1,0.5345776
2026-02-12 18:35:00+00:00,0,0.53012955
2026-02-12 18:40:00+00:00,1,0.50815845
2026-02-12 18:45:00+00:00,1,0.49812356
2026-02-12 18:50:00+00:00,1,0.49834976
2026-02-12 18:55:00+00:00,1,0.5071594
2026-02-12 19:00:00+00:00,1,0.5195113
2026-02-12 19:05:00+00:00,1,0.5130623
2026-02-12 19:10:00+00:00,1,0.5139972
2026-02-12 19:15:00+00:00,1,0.48093998
2026-02-12 19:20:00+00:00,0,0.4771285
2026-02-12 19:25:00+00:00,0,0.48485553
2026-02-12 19:30:00+00:00,0,0.484498
2026-02-12 19:35:00+00:00,0,0.49171934
2026-02-12 19:40:00+00:00,0,0.48814377
2026-02-12 19:45:00+00:00,0,0.48692796
2026-02-12 19:50:00+00:00,0,0.50147825
2026-02-12 19:55:00+00:00,0,0.5020854
2026-02-12 20:00:00+00:00,0,0.5074862
2026-02-12 20:05:00+00:00,0,0.51729155
2026-02-12 20:10:00+00:00,0,0.52265173
2026-02-12 20:15:00+00:00,0,0.523731
2026-02-12 20:20:00+00:00,0,0.5318796
2026-02-12 20:25:00+00:00,0,0.53178483
2026-02-12 20:30:00+00:00,0,0.53169185
2026-02-12 20:35:00+00:00,0,0.53178483
2026-02-12 20:40:00+00:00,0,0.5277738
2026-02-12 20:45:00+00:00,1,0.534475
2026-02-12 20:50:00+00:00,1,0.53397655
2026-02-12 20:55:00+00:00,1,0.5326689
2026-02-12 21:00:00+00:00,1,0.53863335
2026-02-12 21:05:00+00:00,1,0.5315948
2026-02-12 21:10:00+00:00,1,0.52137476
2026-02-12 21:15:00+00:00,0,0.5184888
2026-02-12 21:20:00+00:00,1,0.52330536
2026-02-12 21:25:00+00:00,1,0.53189427
2026-02-12 21:30:00+00:00,0,0.51887727
2026-02-12 21:35:00+00:00,0,0.52005947
2026-02-12 21:40:00+00:00,0,0.52106345
2026-02-12 21:45:00+00:00,0,0.522954
2026-02-12 21:50:00+00:00,0,0.52104604
2026-02-12 21:55:00+00:00,0,0.5115053
2026-02-12 22:00:00+00:00,1,0.517902
2026-02-12 22:05:00+00:00,1,0.5174917
2026-02-12 22:10:00+00:00,1,0.51136196
2026-02-12 22:15:00+00:00,1,0.5180865
2026-02-12 22:20:00+00:00,1,0.50770116
2026-02-12 22:25:00+00:00,1,0.5020379
2026-02-12 22:30:00+00:00,1,0.49977347
2026-02-12 22:35:00+00:00,1,0.49289107
2026-02-12 22:40:00+00:00,1,0.4780809
2026-02-12 22:45:00+00:00,1,0.48235574
2026-02-12 22:50:00+00:00,1,0.47949928
2026-02-12 22:55:00+00:00,1,0.4803686
2026-02-12 23:00:00+00:00,1,0.48478505
2026-02-12 23:05:00+00:00,1,0.4765256
2026-02-12 23:10:00+00:00,1,0.48595142
2026-02-12 23:15:00+00:00,1,0.477682
2026-02-12 23:20:00+00:00,1,0.47656086
2026-02-12 23:25:00+00:00,1,0.4869265
2026-02-12 23:30:00+00:00,1,0.48060805
2026-02-12 23:35:00+00:00,1,0.47869974
2026-02-12 23:40:00+00:00,0,0.493691
2026-02-12 23:45:00+00:00,0,0.49373484
2026-02-12 23:50:00+00:00,0,0.49460548
2026-02-12 23:55:00+00:00,0,0.49627984
2026-02-13 00:00:00+00:00,0,0.48978344
2026-02-13 00:05:00+00:00,0,0.49450344
2026-02-13 00:10:00+00:00,0,0.49251518
2026-02-13 00:15:00+00:00,0,0.49783894
2026-02-13 00:20:00+00:00,0,0.49454302
2026-02-13 00:25:00+00:00,0,0.51483285
2026-02-13 00:30:00+00:00,0,0.51861924
2026-02-13 00:35:00+00:00,1,0.518295
2026-02-13 00:40:00+00:00,1,0.5294068
2026-02-13 00:45:00+00:00,1,0.5312068
2026-02-13 00:50:00+00:00,0,0.5104957
2026-02-13 00:55:00+00:00,1,0.5219539
2026-02-13 01:00:00+00:00,1,0.521101
2026-02-13 01:05:00+00:00,1,0.52171594
2026-02-13 01:10:00+00:00,1,0.52202696
2026-02-13 01:15:00+00:00,1,0.51942015
2026-02-13 01:20:00+00:00,1,0.5191711
2026-02-13 01:25:00+00:00,0,0.5213933
2026-02-13 01:30:00+00:00,0,0.51527226
2026-02-13 01:35:00+00:00,0,0.5173251
2026-02-13 01:40:00+00:00,0,0.5119169
2026-02-13 01:45:00+00:00,0,0.5029365
2026-02-13 01:50:00+00:00,0,0.51921654
2026-02-13 01:55:00+00:00,0,0.5203847
2026-02-13 02:00:00+00:00,0,0.5307959
2026-02-13 02:05:00+00:00,0,0.52929306
2026-02-13 02:10:00+00:00,1,0.5194437
2026-02-13 02:15:00+00:00,1,0.5250245
2026-02-13 02:20:00+00:00,1,0.5090471
2026-02-13 02:25:00+00:00,1,0.5089368
2026-02-13 02:30:00+00:00,1,0.52266467
2026-02-13 02:35:00+00:00,1,0.5190541
2026-02-13 02:40:00+00:00,0,0.5066586
2026-02-13 02:45:00+00:00,1,0.5164837
2026-02-13 02:50:00+00:00,0,0.48108324
2026-02-13 02:55:00+00:00,0,0.4807569
2026-02-13 03:00:00+00:00,1,0.4902009
2026-02-13 03:05:00+00:00,1,0.509342
2026-02-13 03:10:00+00:00,1,0.5005756
2026-02-13 03:15:00+00:00,1,0.5253964
2026-02-13 03:20:00+00:00,1,0.5220974
2026-02-13 03:25:00+00:00,0,0.51330644
2026-02-13 03:30:00+00:00,0,0.4766643
2026-02-13 03:35:00+00:00,0,0.47999072
2026-02-13 03:40:00+00:00,0,0.5027136
2026-02-13 03:45:00+00:00,1,0.5018119
2026-02-13 03:50:00+00:00,0,0.5007277
2026-02-13 03:55:00+00:00,0,0.5073504
2026-02-13 04:00:00+00:00,0,0.5130223
2026-02-13 04:05:00+00:00,0,0.50508535
2026-02-13 04:10:00+00:00,0,0.505988
2026-02-13 04:15:00+00:00,0,0.50154334
2026-02-13 04:20:00+00:00,0,0.5081749
2026-02-13 04:25:00+00:00,0,0.51036304
2026-02-13 04:30:00+00:00,0,0.5273174
2026-02-13 04:35:00+00:00,0,0.5273174
2026-02-13 04:40:00+00:00,0,0.51571065
2026-02-13 04:45:00+00:00,0,0.51571065
2026-02-13 04:50:00+00:00,0,0.52476984
2026-02-13 04:55:00+00:00,0,0.5151541
2026-02-13 05:00:00+00:00,0,0.51419455
2026-02-13 05:05:00+00:00,0,0.53276616
2026-02-13 05:10:00+00:00,1,0.5290347
2026-02-13 05:15:00+00:00,0,0.52472353
2026-02-13 05:20:00+00:00,0,0.5214339
2026-02-13 05:25:00+00:00,0,0.5224506
2026-02-13 05:30:00+00:00,0,0.5167563
2026-02-13 05:35:00+00:00,0,0.51777375
2026-02-13 05:40:00+00:00,0,0.51777375
2026-02-13 05:45:00+00:00,0,0.5261458
2026-02-13 05:50:00+00:00,0,0.531355
2026-02-13 05:55:00+00:00,0,0.53377014
2026-02-13 06:00:00+00:00,0,0.5334913
2026-02-13 06:05:00+00:00,0,0.53517634
2026-02-13 06:10:00+00:00,0,0.536753
2026-02-13 06:15:00+00:00,0,0.53795177
2026-02-13 06:20:00+00:00,1,0.537935
2026-02-13 06:25:00+00:00,1,0.537935
2026-02-13 06:30:00+00:00,1,0.5372568
2026-02-13 06:35:00+00:00,1,0.5372568
2026-02-13 06:40:00+00:00,1,0.5372568
2026-02-13 06:45:00+00:00,1,0.526006
2026-02-13 06:50:00+00:00,1,0.51210016
2026-02-13 06:55:00+00:00,1,0.47773695
2026-02-13 07:00:00+00:00,1,0.47307017
2026-02-13 07:05:00+00:00,0,0.48082766
2026-02-13 07:10:00+00:00,0,0.46626213
2026-02-13 07:15:00+00:00,0,0.47855294
2026-02-13 07:20:00+00:00,0,0.47855294
2026-02-13 07:25:00+00:00,0,0.47176445
2026-02-13 07:30:00+00:00,1,0.47950143
2026-02-13 07:35:00+00:00,1,0.48545972
2026-02-13 07:40:00+00:00,1,0.48686156
2026-02-13 07:45:00+00:00,1,0.48636383
2026-02-13 07:50:00+00:00,1,0.4769474
2026-02-13 07:55:00+00:00,1,0.48233664
2026-02-13 08:00:00+00:00,1,0.47252926
2026-02-13 08:05:00+00:00,1,0.48046613
2026-02-13 08:10:00+00:00,1,0.4843244
2026-02-13 08:15:00+00:00,1,0.48325226
2026-02-13 08:20:00+00:00,1,0.47075388
2026-02-13 08:25:00+00:00,1,0.47546348
2026-02-13 08:30:00+00:00,0,0.4769665
2026-02-13 08:35:00+00:00,0,0.4808848
2026-02-13 08:40:00+00:00,0,0.4812042
2026-02-13 08:45:00+00:00,0,0.47126704
2026-02-13 08:50:00+00:00,0,0.47717333
2026-02-13 08:55:00+00:00,0,0.4707541
2026-02-13 09:00:00+00:00,1,0.4777488
2026-02-13 09:05:00+00:00,1,0.48060817
2026-02-13 09:10:00+00:00,1,0.49777454
2026-02-13 09:15:00+00:00,1,0.49580076
2026-02-13 09:20:00+00:00,1,0.49611124
2026-02-13 09:25:00+00:00,1,0.47801048
2026-02-13 09:30:00+00:00,0,0.48065785
2026-02-13 09:35:00+00:00,0,0.48205677
2026-02-13 09:40:00+00:00,1,0.49092418
2026-02-13 09:45:00+00:00,1,0.4830617
2026-02-13 09:50:00+00:00,0,0.48489198
2026-02-13 09:55:00+00:00,1,0.4871586
2026-02-13 10:00:00+00:00,1,0.4961475
2026-02-13 10:05:00+00:00,1,0.50332874
2026-02-13 10:10:00+00:00,1,0.49889576
2026-02-13 10:15:00+00:00,0,0.47395703
2026-02-13 10:20:00+00:00,1,0.48882157
2026-02-13 10:25:00+00:00,1,0.48751596
2026-02-13 10:30:00+00:00,1,0.48124772
2026-02-13 10:35:00+00:00,1,0.4969962
2026-02-13 10:40:00+00:00,0,0.48410824
2026-02-13 10:45:00+00:00,0,0.48129082
2026-02-13 10:50:00+00:00,1,0.48933002
2026-02-13 10:55:00+00:00,0,0.48505214
2026-02-13 11:00:00+00:00,0,0.48383352
2026-02-13 11:05:00+00:00,0,0.48964477
2026-02-13 11:10:00+00:00,0,0.4863436
2026-02-13 11:15:00+00:00,0,0.4851888
2026-02-13 11:20:00+00:00,1,0.4930997
2026-02-13 11:25:00+00:00,1,0.49300736
2026-02-13 11:30:00+00:00,1,0.51189035
2026-02-13 11:35:00+00:00,0,0.5151102
2026-02-13 11:40:00+00:00,0,0.500383
2026-02-13 11:45:00+00:00,0,0.49582344
2026-02-13 11:50:00+00:00,0,0.48851332
2026-02-13 11:55:00+00:00,0,0.49829945
2026-02-13 12:00:00+00:00,0,0.5052094
2026-02-13 12:05:00+00:00,1,0.5150408
2026-02-13 12:10:00+00:00,1,0.5163372
2026-02-13 12:15:00+00:00,0,0.5109186
2026-02-13 12:20:00+00:00,1,0.5131872
2026-02-13 12:25:00+00:00,1,0.5112144
2026-02-13 12:30:00+00:00,1,0.507831
2026-02-13 12:35:00+00:00,0,0.50585127
2026-02-13 12:40:00+00:00,0,0.50587696
2026-02-13 12:45:00+00:00,1,0.50497437
2026-02-13 12:50:00+00:00,1,0.50327784
2026-02-13 12:55:00+00:00,1,0.50585127
2026-02-13 13:00:00+00:00,1,0.50327784
2026-02-13 13:05:00+00:00,1,0.5046913
2026-02-13 13:10:00+00:00,1,0.5035782
2026-02-13 13:15:00+00:00,1,0.49769586
2026-02-13 13:20:00+00:00,1,0.47216117
2026-02-13 13:25:00+00:00,1,0.46979868
2026-02-13 13:30:00+00:00,0,0.46893126
2026-02-13 13:35:00+00:00,0,0.47967377
2026-02-13 13:40:00+00:00,0,0.48374492
2026-02-13 13:45:00+00:00,0,0.46993038
2026-02-13 13:50:00+00:00,0,0.4681561
2026-02-13 13:55:00+00:00,0,0.47847614
2026-02-13 14:00:00+00:00,1,0.48143113
2026-02-13 14:05:00+00:00,1,0.48989162
2026-02-13 14:10:00+00:00,1,0.5033665
2026-02-13 14:15:00+00:00,1,0.4870158
2026-02-13 14:20:00+00:00,1,0.49984175
2026-02-13 14:25:00+00:00,1,0.48475972
2026-02-13 14:30:00+00:00,0,0.46956742
2026-02-13 14:35:00+00:00,1,0.47897646
2026-02-13 14:40:00+00:00,1,0.47830003
2026-02-13 14:45:00+00:00,1,0.47145328
2026-02-13 14:50:00+00:00,1,0.47897777
2026-02-13 14:55:00+00:00,1,0.47762227
2026-02-13 15:00:00+00:00,1,0.47918233
2026-02-13 15:05:00+00:00,1,0.48880515
2026-02-13 15:10:00+00:00,1,0.48881564
2026-02-13 15:15:00+00:00,1,0.49821398
2026-02-13 15:20:00+00:00,1,0.49611592
2026-02-13 15:25:00+00:00,0,0.50851816
2026-02-13 15:30:00+00:00,0,0.5220773
2026-02-13 15:35:00+00:00,0,0.5267617
2026-02-13 15:40:00+00:00,1,0.50067765
2026-02-13 15:45:00+00:00,1,0.49370915
2026-02-13 15:50:00+00:00,1,0.49406242
2026-02-13 15:55:00+00:00,1,0.49635476
2026-02-13 16:00:00+00:00,1,0.49755818
2026-02-13 16:05:00+00:00,1,0.4976237
2026-02-13 16:10:00+00:00,1,0.5110433
2026-02-13 16:15:00+00:00,1,0.5093634
2026-02-13 16:20:00+00:00,1,0.50281453
2026-02-13 16:25:00+00:00,1,0.51369554
2026-02-13 16:30:00+00:00,0,0.52160144
2026-02-13 16:35:00+00:00,0,0.5081923
2026-02-13 16:40:00+00:00,0,0.51381
2026-02-13 16:45:00+00:00,1,0.5010394
2026-02-13 16:50:00+00:00,0,0.49979064
2026-02-13 16:55:00+00:00,0,0.5179491
2026-02-13 17:00:00+00:00,1,0.5086361
2026-02-13 17:05:00+00:00,1,0.5170678
2026-02-13 17:10:00+00:00,1,0.5139976
2026-02-13 17:15:00+00:00,0,0.5058053
2026-02-13 17:20:00+00:00,0,0.52303624
2026-02-13 17:25:00+00:00,0,0.50337905
2026-02-13 17:30:00+00:00,0,0.51372176
2026-02-13 17:35:00+00:00,0,0.491254
2026-02-13 17:40:00+00:00,0,0.5076686
2026-02-13 17:45:00+00:00,0,0.51580036
2026-02-13 17:50:00+00:00,0,0.52571267
2026-02-13 17:55:00+00:00,0,0.52368927
2026-02-13 18:00:00+00:00,1,0.53243124
2026-02-13 18:05:00+00:00,1,0.5407418
2026-02-13 18:10:00+00:00,1,0.5442174
2026-02-13 18:15:00+00:00,1,0.5346032
2026-02-13 18:20:00+00:00,1,0.5219188
2026-02-13 18:25:00+00:00,1,0.5197505
2026-02-13 18:30:00+00:00,1,0.5222892
2026-02-13 18:35:00+00:00,1,0.5068651
2026-02-13 18:40:00+00:00,1,0.52240074
2026-02-13 18:45:00+00:00,1,0.5188794
2026-02-13 18:50:00+00:00,1,0.52120554
2026-02-13 18:55:00+00:00,1,0.5245577
2026-02-13 19:00:00+00:00,0,0.5208983
2026-02-13 19:05:00+00:00,0,0.5032654
2026-02-13 19:10:00+00:00,0,0.4977398
2026-02-13 19:15:00+00:00,0,0.49969763
2026-02-13 19:20:00+00:00,0,0.51107115
2026-02-13 19:25:00+00:00,0,0.51747656
2026-02-13 19:30:00+00:00,1,0.51986897
2026-02-13 19:35:00+00:00,0,0.52204597
2026-02-13 19:40:00+00:00,0,0.51991713
2026-02-13 19:45:00+00:00,0,0.51661867
2026-02-13 19:50:00+00:00,0,0.4933708
2026-02-13 19:55:00+00:00,0,0.5133314
2026-02-13 20:00:00+00:00,0,0.51368326
2026-02-13 20:05:00+00:00,0,0.51695645
2026-02-13 20:10:00+00:00,1,0.52908546
2026-02-13 20:15:00+00:00,1,0.5305152
2026-02-13 20:20:00+00:00,1,0.51791257
2026-02-13 20:25:00+00:00,1,0.51850605
2026-02-13 20:30:00+00:00,1,0.51866716
2026-02-13 20:35:00+00:00,1,0.52296656
2026-02-13 20:40:00+00:00,1,0.5198166
2026-02-13 20:45:00+00:00,1,0.49209607
2026-02-13 20:50:00+00:00,1,0.50273794
2026-02-13 20:55:00+00:00,1,0.49822107
2026-02-13 21:00:00+00:00,0,0.47818705
2026-02-13 21:05:00+00:00,0,0.48671043
2026-02-13 21:10:00+00:00,0,0.48750082
2026-02-13 21:15:00+00:00,1,0.48326942
2026-02-13 21:20:00+00:00,0,0.49535483
2026-02-13 21:25:00+00:00,1,0.50014037
2026-02-13 21:30:00+00:00,1,0.5175678
2026-02-13 21:35:00+00:00,1,0.5223372
2026-02-13 21:40:00+00:00,0,0.5145973
2026-02-13 21:45:00+00:00,0,0.4884454
2026-02-13 21:50:00+00:00,0,0.50255233
2026-02-13 21:55:00+00:00,0,0.49094832
2026-02-13 22:00:00+00:00,0,0.49582773
2026-02-13 22:05:00+00:00,0,0.49449453
2026-02-13 22:10:00+00:00,0,0.5153268
2026-02-13 22:15:00+00:00,0,0.5224475
2026-02-13 22:20:00+00:00,0,0.5188916
2026-02-13 22:25:00+00:00,0,0.5280902
2026-02-13 22:30:00+00:00,0,0.5270194
2026-02-13 22:35:00+00:00,1,0.5301232
2026-02-13 22:40:00+00:00,1,0.5298236
2026-02-13 22:45:00+00:00,0,0.530054
2026-02-13 22:50:00+00:00,0,0.530054
2026-02-13 22:55:00+00:00,0,0.5220114
2026-02-13 23:00:00+00:00,0,0.5125612
2026-02-13 23:05:00+00:00,1,0.5190183
2026-02-13 23:10:00+00:00,0,0.5219968
2026-02-13 23:15:00+00:00,1,0.52109575
2026-02-13 23:20:00+00:00,1,0.52911013
2026-02-13 23:25:00+00:00,1,0.52627945
2026-02-13 23:30:00+00:00,1,0.5202798
2026-02-13 23:35:00+00:00,1,0.5216977
2026-02-13 23:40:00+00:00,1,0.5200788
2026-02-13 23:45:00+00:00,1,0.5207966
2026-02-13 23:50:00+00:00,1,0.51702386
2026-02-13 23:55:00+00:00,1,0.5085568
2026-02-14 00:00:00+00:00,1,0.50736654
2026-02-14 00:05:00+00:00,1,0.49217305
2026-02-14 00:10:00+00:00,1,0.4865738
2026-02-14 00:15:00+00:00,1,0.48747647
2026-02-14 00:20:00+00:00,1,0.5040582
2026-02-14 00:25:00+00:00,1,0.49644864
2026-02-14 00:30:00+00:00,1,0.4985066
2026-02-14 00:35:00+00:00,1,0.49923345
2026-02-14 00:40:00+00:00,1,0.47974175
2026-02-14 00:45:00+00:00,1,0.4778011
2026-02-14 00:50:00+00:00,1,0.46995276
2026-02-14 00:55:00+00:00,1,0.471626
2026-02-14 01:00:00+00:00,1,0.47299644
2026-02-14 01:05:00+00:00,1,0.4770648
2026-02-14 01:10:00+00:00,1,0.47315603
2026-02-14 01:15:00+00:00,0,0.46989343
2026-02-14 01:20:00+00:00,0,0.47975186
2026-02-14 01:25:00+00:00,0,0.4704751
2026-02-14 01:30:00+00:00,1,0.47018903
2026-02-14 01:35:00+00:00,1,0.48132378
2026-02-14 01:40:00+00:00,0,0.4792988
2026-02-14 01:45:00+00:00,0,0.4842334
2026-02-14 01:50:00+00:00,0,0.48647287
2026-02-14 01:55:00+00:00,0,0.4874285
2026-02-14 02:00:00+00:00,0,0.47388145
2026-02-14 02:05:00+00:00,0,0.4859109
2026-02-14 02:10:00+00:00,0,0.48670116
2026-02-14 02:15:00+00:00,1,0.4890786
2026-02-14 02:20:00+00:00,1,0.5004423
2026-02-14 02:25:00+00:00,1,0.50569534
2026-02-14 02:30:00+00:00,1,0.49350077
2026-02-14 02:35:00+00:00,1,0.49350077
2026-02-14 02:40:00+00:00,1,0.4931832
2026-02-14 02:45:00+00:00,0,0.49670961
2026-02-14 02:50:00+00:00,0,0.49670961
2026-02-14 02:55:00+00:00,1,0.49915677
2026-02-14 03:00:00+00:00,1,0.4888146
2026-02-14 03:05:00+00:00,1,0.4988168
2026-02-14 03:10:00+00:00,1,0.48456907
2026-02-14 03:15:00+00:00,1,0.5146162
2026-02-14 03:20:00+00:00,1,0.5194119
2026-02-14 03:25:00+00:00,1,0.5058849
2026-02-14 03:30:00+00:00,0,0.47364366
2026-02-14 03:35:00+00:00,0,0.4733498
2026-02-14 03:40:00+00:00,0,0.48349458
2026-02-14 03:45:00+00:00,0,0.48429838
2026-02-14 03:50:00+00:00,0,0.4818313
2026-02-14 03:55:00+00:00,0,0.4839617
2026-02-14 04:00:00+00:00,0,0.49265134
2026-02-14 04:05:00+00:00,0,0.4976892
2026-02-14 04:10:00+00:00,1,0.51306516
2026-02-14 04:15:00+00:00,1,0.51109254
2026-02-14 04:20:00+00:00,1,0.509329
2026-02-14 04:25:00+00:00,0,0.51756954
2026-02-14 04:30:00+00:00,0,0.51915723
2026-02-14 04:35:00+00:00,0,0.50237846
2026-02-14 04:40:00+00:00,0,0.5050261
2026-02-14 04:45:00+00:00,0,0.5050261
2026-02-14 04:50:00+00:00,1,0.51888746
2026-02-14 04:55:00+00:00,1,0.51268595
2026-02-14 05:00:00+00:00,1,0.5151074
2026-02-14 05:05:00+00:00,1,0.5271332
2026-02-14 05:10:00+00:00,1,0.5144374
2026-02-14 05:15:00+00:00,0,0.5103771
2026-02-14 05:20:00+00:00,0,0.48188683
2026-02-14 05:25:00+00:00,0,0.50362897
2026-02-14 05:30:00+00:00,0,0.5164581
2026-02-14 05:35:00+00:00,0,0.51774216
2026-02-14 05:40:00+00:00,0,0.5183649
2026-02-14 05:45:00+00:00,0,0.52353776
2026-02-14 05:50:00+00:00,0,0.523806
2026-02-14 05:55:00+00:00,0,0.5252449
2026-02-14 06:00:00+00:00,0,0.5291344
2026-02-14 06:05:00+00:00,1,0.52822495
2026-02-14 06:10:00+00:00,1,0.52538437
2026-02-14 06:15:00+00:00,0,0.5275256
2026-02-14 06:20:00+00:00,1,0.5275256
2026-02-14 06:25:00+00:00,0,0.5284554
2026-02-14 06:30:00+00:00,1,0.5037834
2026-02-14 06:35:00+00:00,1,0.5178795
2026-02-14 06:40:00+00:00,1,0.52376163
2026-02-14 06:45:00+00:00,1,0.5192742
2026-02-14 06:50:00+00:00,1,0.50794184
2026-02-14 06:55:00+00:00,1,0.5097823
2026-02-14 07:00:00+00:00,1,0.5018226
2026-02-14 07:05:00+00:00,1,0.50049305
2026-02-14 07:10:00+00:00,1,0.4953317
2026-02-14 07:15:00+00:00,1,0.49489263
2026-02-14 07:20:00+00:00,1,0.48437378
2026-02-14 07:25:00+00:00,1,0.48088413
2026-02-14 07:30:00+00:00,1,0.4754804
2026-02-14 07:35:00+00:00,1,0.48565432
2026-02-14 07:40:00+00:00,1,0.48056203
2026-02-14 07:45:00+00:00,1,0.49807766
2026-02-14 07:50:00+00:00,1,0.48333603
2026-02-14 07:55:00+00:00,1,0.48761714
2026-02-14 08:00:00+00:00,1,0.47297165
2026-02-14 08:05:00+00:00,1,0.4672786
2026-02-14 08:10:00+00:00,1,0.46830955
2026-02-14 08:15:00+00:00,1,0.46899575
2026-02-14 08:20:00+00:00,1,0.4681491
2026-02-14 08:25:00+00:00,1,0.47586527
2026-02-14 08:30:00+00:00,0,0.46711093
2026-02-14 08:35:00+00:00,0,0.46737927
2026-02-14 08:40:00+00:00,0,0.46637553
2026-02-14 08:45:00+00:00,0,0.47368783
2026-02-14 08:50:00+00:00,0,0.4665567
2026-02-14 08:55:00+00:00,0,0.4740703
2026-02-14 09:00:00+00:00,0,0.4797462
2026-02-14 09:05:00+00:00,1,0.48751476
2026-02-14 09:10:00+00:00,0,0.48114693
2026-02-14 09:15:00+00:00,0,0.47662985
2026-02-14 09:20:00+00:00,0,0.4846925
2026-02-14 09:25:00+00:00,0,0.47501472
2026-02-14 09:30:00+00:00,0,0.48069894
2026-02-14 09:35:00+00:00,0,0.47873658
2026-02-14 09:40:00+00:00,1,0.4862908
2026-02-14 09:45:00+00:00,1,0.48732126
2026-02-14 09:50:00+00:00,0,0.49158064
2026-02-14 09:55:00+00:00,0,0.4867877
2026-02-14 10:00:00+00:00,1,0.509658
2026-02-14 10:05:00+00:00,0,0.4951969
2026-02-14 10:10:00+00:00,0,0.4925525
2026-02-14 10:15:00+00:00,0,0.49022993
2026-02-14 10:20:00+00:00,0,0.49972245
2026-02-14 10:25:00+00:00,1,0.49251032
2026-02-14 10:30:00+00:00,1,0.5042284
2026-02-14 10:35:00+00:00,1,0.50658166
2026-02-14 10:40:00+00:00,1,0.5108765
2026-02-14 10:45:00+00:00,1,0.5137278
2026-02-14 10:50:00+00:00,1,0.5035932
2026-02-14 10:55:00+00:00,1,0.49792996
2026-02-14 11:00:00+00:00,1,0.48748302
2026-02-14 11:05:00+00:00,1,0.47491688
2026-02-14 11:10:00+00:00,1,0.46490076
2026-02-14 11:15:00+00:00,1,0.47119346
2026-02-14 11:20:00+00:00,0,0.48420167
2026-02-14 11:25:00+00:00,1,0.49389815
2026-02-14 11:30:00+00:00,1,0.47710863
2026-02-14 11:35:00+00:00,1,0.47156566
2026-02-14 11:40:00+00:00,1,0.47447008
2026-02-14 11:45:00+00:00,1,0.48192543
2026-02-14 11:50:00+00:00,1,0.47337946
2026-02-14 11:55:00+00:00,1,0.48098046
2026-02-14 12:00:00+00:00,0,0.4807061
2026-02-14 12:05:00+00:00,0,0.48461008
2026-02-14 12:10:00+00:00,0,0.48880225
2026-02-14 12:15:00+00:00,0,0.49654174
2026-02-14 12:20:00+00:00,0,0.48885375
2026-02-14 12:25:00+00:00,0,0.51069754
2026-02-14 12:30:00+00:00,0,0.48308197
2026-02-14 12:35:00+00:00,0,0.4951693
2026-02-14 12:40:00+00:00,0,0.49328783
2026-02-14 12:45:00+00:00,0,0.49612814
2026-02-14 12:50:00+00:00,0,0.5004609
2026-02-14 12:55:00+00:00,0,0.5004609
2026-02-14 13:00:00+00:00,1,0.5147431
2026-02-14 13:05:00+00:00,1,0.50914323
2026-02-14 13:10:00+00:00,1,0.5061136
2026-02-14 13:15:00+00:00,1,0.51254034
2026-02-14 13:20:00+00:00,0,0.51383716
2026-02-14 13:25:00+00:00,1,0.50752145
2026-02-14 13:30:00+00:00,0,0.50261223
2026-02-14 13:35:00+00:00,0,0.50157654
2026-02-14 13:40:00+00:00,1,0.5023738
2026-02-14 13:45:00+00:00,1,0.49811304
2026-02-14 13:50:00+00:00,1,0.5028215
2026-02-14 13:55:00+00:00,1,0.50822544
2026-02-14 14:00:00+00:00,1,0.50789243
2026-02-14 14:05:00+00:00,1,0.50789243
2026-02-14 14:10:00+00:00,1,0.49122334
2026-02-14 14:15:00+00:00,1,0.48059848
2026-02-14 14:20:00+00:00,1,0.50650424
2026-02-14 14:25:00+00:00,1,0.49207747
2026-02-14 14:30:00+00:00,1,0.47445527
2026-02-14 14:35:00+00:00,1,0.46896204
2026-02-14 14:40:00+00:00,1,0.48228884
2026-02-14 14:45:00+00:00,1,0.47616184
2026-02-14 14:50:00+00:00,0,0.46922514
2026-02-14 14:55:00+00:00,0,0.47378287
2026-02-14 15:00:00+00:00,1,0.47975653
2026-02-14 15:05:00+00:00,0,0.4796027
2026-02-14 15:10:00+00:00,1,0.4713005
2026-02-14 15:15:00+00:00,0,0.47840834
2026-02-14 15:20:00+00:00,1,0.48245826
2026-02-14 15:25:00+00:00,1,0.47900066
2026-02-14 15:30:00+00:00,1,0.47908852
2026-02-14 15:35:00+00:00,1,0.47593015
2026-02-14 15:40:00+00:00,1,0.4826709
2026-02-14 15:45:00+00:00,1,0.49344683
2026-02-14 15:50:00+00:00,1,0.4798047
2026-02-14 15:55:00+00:00,0,0.4759137
2026-02-14 16:00:00+00:00,0,0.47763684
2026-02-14 16:05:00+00:00,1,0.48761132
2026-02-14 16:10:00+00:00,1,0.48219958
2026-02-14 16:15:00+00:00,1,0.47616184
2026-02-14 16:20:00+00:00,1,0.49980196
2026-02-14 16:25:00+00:00,1,0.4881451
2026-02-14 16:30:00+00:00,1,0.4846025
2026-02-14 16:35:00+00:00,1,0.46682763
2026-02-14 16:40:00+00:00,1,0.46889326
2026-02-14 16:45:00+00:00,1,0.4743487
2026-02-14 16:50:00+00:00,1,0.47130534
2026-02-14 16:55:00+00:00,1,0.47787455
2026-02-14 17:00:00+00:00,1,0.47031987
2026-02-14 17:05:00+00:00,1,0.48315963
2026-02-14 17:10:00+00:00,1,0.47707033
2026-02-14 17:15:00+00:00,0,0.47936058
2026-02-14 17:20:00+00:00,0,0.49603415
2026-02-14 17:25:00+00:00,0,0.49417076
2026-02-14 17:30:00+00:00,0,0.4931642
2026-02-14 17:35:00+00:00,0,0.48550928
2026-02-14 17:40:00+00:00,0,0.48861092
2026-02-14 17:45:00+00:00,1,0.49970698
2026-02-14 17:50:00+00:00,1,0.49342552
2026-02-14 17:55:00+00:00,1,0.49717748
2026-02-14 18:00:00+00:00,1,0.51233417
2026-02-14 18:05:00+00:00,1,0.50305516
2026-02-14 18:10:00+00:00,1,0.4804974
2026-02-14 18:15:00+00:00,1,0.4833561
2026-02-14 18:20:00+00:00,1,0.48185152
2026-02-14 18:25:00+00:00,1,0.48052007
2026-02-14 18:30:00+00:00,1,0.49380317
2026-02-14 18:35:00+00:00,1,0.48463145
2026-02-14 18:40:00+00:00,1,0.4783091
2026-02-14 18:45:00+00:00,1,0.49258637
2026-02-14 18:50:00+00:00,1,0.48211703
2026-02-14 18:55:00+00:00,1,0.48709184
2026-02-14 19:00:00+00:00,1,0.48955864
2026-02-14 19:05:00+00:00,1,0.5094357
2026-02-14 19:10:00+00:00,1,0.50812495
2026-02-14 19:15:00+00:00,1,0.4847371
2026-02-14 19:20:00+00:00,1,0.4957512
2026-02-14 19:25:00+00:00,1,0.492074
2026-02-14 19:30:00+00:00,1,0.48851344
2026-02-14 19:35:00+00:00,1,0.49785784
2026-02-14 19:40:00+00:00,1,0.49426183
2026-02-14 19:45:00+00:00,0,0.4931238
2026-02-14 19:50:00+00:00,0,0.493142
2026-02-14 19:55:00+00:00,0,0.49462834
2026-02-14 20:00:00+00:00,0,0.4951859
2026-02-14 20:05:00+00:00,1,0.5036252
2026-02-14 20:10:00+00:00,1,0.5128802
2026-02-14 20:15:00+00:00,1,0.5213553
2026-02-14 20:20:00+00:00,1,0.5250197
2026-02-14 20:25:00+00:00,1,0.530998
2026-02-14 20:30:00+00:00,1,0.48256573
2026-02-14 20:35:00+00:00,1,0.5101157
2026-02-14 20:40:00+00:00,1,0.49612638
2026-02-14 20:45:00+00:00,1,0.48542035
2026-02-14 20:50:00+00:00,1,0.5009909
2026-02-14 20:55:00+00:00,0,0.49707824
2026-02-14 21:00:00+00:00,0,0.48083848
2026-02-14 21:05:00+00:00,0,0.48833746
2026-02-14 21:10:00+00:00,0,0.4883238
2026-02-14 21:15:00+00:00,0,0.5036306
2026-02-14 21:20:00+00:00,0,0.50891197
2026-02-14 21:25:00+00:00,0,0.53571254
2026-02-14 21:30:00+00:00,0,0.547883
2026-02-14 21:35:00+00:00,1,0.5366828
2026-02-14 21:40:00+00:00,1,0.53526145
2026-02-14 21:45:00+00:00,1,0.53175324
2026-02-14 21:50:00+00:00,1,0.53684103
2026-02-14 21:55:00+00:00,1,0.5233996
2026-02-14 22:00:00+00:00,1,0.5146208
2026-02-14 22:05:00+00:00,1,0.51246923
2026-02-14 22:10:00+00:00,0,0.49287567
2026-02-14 22:15:00+00:00,1,0.52339065
2026-02-14 22:20:00+00:00,1,0.52961415
2026-02-14 22:25:00+00:00,1,0.5313609
2026-02-14 22:30:00+00:00,0,0.5279576
2026-02-14 22:35:00+00:00,0,0.4997638
2026-02-14 22:40:00+00:00,0,0.52343094
2026-02-14 22:45:00+00:00,0,0.5061441
2026-02-14 22:50:00+00:00,0,0.506698
2026-02-14 22:55:00+00:00,0,0.5262156
2026-02-14 23:00:00+00:00,0,0.5336532
2026-02-14 23:05:00+00:00,0,0.5322237
2026-02-14 23:10:00+00:00,0,0.5228418
2026-02-14 23:15:00+00:00,0,0.5241599
2026-02-14 23:20:00+00:00,0,0.5312091
2026-02-14 23:25:00+00:00,0,0.5348409
2026-02-14 23:30:00+00:00,1,0.5335378
2026-02-14 23:35:00+00:00,0,0.5339424
2026-02-14 23:40:00+00:00,1,0.5320523
2026-02-14 23:45:00+00:00,1,0.5157058
2026-02-14 23:50:00+00:00,1,0.51178217
2026-02-14 23:55:00+00:00,1,0.5172505
2026-02-15 00:00:00+00:00,1,0.5234366
2026-02-15 00:05:00+00:00,1,0.5163148
2026-02-15 00:10:00+00:00,1,0.51709914
2026-02-15 00:15:00+00:00,0,0.49906334
2026-02-15 00:20:00+00:00,1,0.516151
2026-02-15 00:25:00+00:00,1,0.5226264
2026-02-15 00:30:00+00:00,1,0.51098883
2026-02-15 00:35:00+00:00,1,0.5234172
2026-02-15 00:40:00+00:00,1,0.52660215
2026-02-15 00:45:00+00:00,1,0.5346462
2026-02-15 00:50:00+00:00,0,0.4868581
2026-02-15 00:55:00+00:00,0,0.49868038
2026-02-15 01:00:00+00:00,0,0.48919767
2026-02-15 01:05:00+00:00,0,0.4782382
2026-02-15 01:10:00+00:00,0,0.48661026
2026-02-15 01:15:00+00:00,0,0.49863327
2026-02-15 01:20:00+00:00,1,0.5267137
2026-02-15 01:25:00+00:00,1,0.5276493
2026-02-15 01:30:00+00:00,1,0.52519643
2026-02-15 01:35:00+00:00,0,0.5174954
2026-02-15 01:40:00+00:00,1,0.5289673
2026-02-15 01:45:00+00:00,0,0.5057831
2026-02-15 01:50:00+00:00,0,0.49958822
2026-02-15 01:55:00+00:00,0,0.49960312
2026-02-15 02:00:00+00:00,0,0.51378596
2026-02-15 02:05:00+00:00,0,0.5505717
2026-02-15 02:10:00+00:00,0,0.554703
2026-02-15 02:15:00+00:00,0,0.54987067
2026-02-15 02:20:00+00:00,0,0.5572132
2026-02-15 02:25:00+00:00,1,0.5544805
2026-02-15 02:30:00+00:00,1,0.5572132
2026-02-15 02:35:00+00:00,1,0.53727245
2026-02-15 02:40:00+00:00,1,0.52580124
2026-02-15 02:45:00+00:00,1,0.52511495
2026-02-15 02:50:00+00:00,1,0.5247981
2026-02-15 02:55:00+00:00,1,0.5215956
2026-02-15 03:00:00+00:00,0,0.49502018
2026-02-15 03:05:00+00:00,0,0.47505498
2026-02-15 03:10:00+00:00,0,0.49944672
2026-02-15 03:15:00+00:00,0,0.49524656
2026-02-15 03:20:00+00:00,1,0.49383354
2026-02-15 03:25:00+00:00,1,0.5171392
2026-02-15 03:30:00+00:00,1,0.5411917
2026-02-15 03:35:00+00:00,1,0.5557649
2026-02-15 03:40:00+00:00,1,0.556721
2026-02-15 03:45:00+00:00,1,0.49157804
2026-02-15 03:50:00+00:00,0,0.4783289
2026-02-15 03:55:00+00:00,0,0.47234088
2026-02-15 04:00:00+00:00,0,0.47043896
2026-02-15 04:05:00+00:00,0,0.47142917
2026-02-15 04:10:00+00:00,0,0.48120752
2026-02-15 04:15:00+00:00,1,0.49396706
2026-02-15 04:20:00+00:00,1,0.5189853
2026-02-15 04:25:00+00:00,1,0.5166836
2026-02-15 04:30:00+00:00,0,0.4971978
2026-02-15 04:35:00+00:00,1,0.5109236
2026-02-15 04:40:00+00:00,0,0.4838131
2026-02-15 04:45:00+00:00,0,0.47108337
2026-02-15 04:50:00+00:00,1,0.49004012
2026-02-15 04:55:00+00:00,1,0.49188876
2026-02-15 05:00:00+00:00,1,0.4893887
2026-02-15 05:05:00+00:00,0,0.4836698
2026-02-15 05:10:00+00:00,1,0.49730262
2026-02-15 05:15:00+00:00,0,0.47579056
2026-02-15 05:20:00+00:00,0,0.47393966
2026-02-15 05:25:00+00:00,1,0.4768406
2026-02-15 05:30:00+00:00,1,0.47014588
2026-02-15 05:35:00+00:00,1,0.49729583
2026-02-15 05:40:00+00:00,0,0.4771755
2026-02-15 05:45:00+00:00,0,0.5012389
2026-02-15 05:50:00+00:00,1,0.50887334
2026-02-15 05:55:00+00:00,0,0.49301785
2026-02-15 06:00:00+00:00,0,0.49084398
2026-02-15 06:05:00+00:00,0,0.5117576
2026-02-15 06:10:00+00:00,0,0.5099769
2026-02-15 06:15:00+00:00,0,0.5167798
2026-02-15 06:20:00+00:00,0,0.5059488
2026-02-15 06:25:00+00:00,0,0.52409095
2026-02-15 06:30:00+00:00,0,0.49932867
2026-02-15 06:35:00+00:00,0,0.5000841
2026-02-15 06:40:00+00:00,1,0.49527538
2026-02-15 06:45:00+00:00,1,0.5279715
2026-02-15 06:50:00+00:00,1,0.5233515
2026-02-15 06:55:00+00:00,1,0.5224464
2026-02-15 07:00:00+00:00,1,0.508259
2026-02-15 07:05:00+00:00,1,0.5030017
2026-02-15 07:10:00+00:00,1,0.486975
2026-02-15 07:15:00+00:00,1,0.48494187
2026-02-15 07:20:00+00:00,1,0.48135787
2026-02-15 07:25:00+00:00,1,0.49395695
2026-02-15 07:30:00+00:00,1,0.4716184
2026-02-15 07:35:00+00:00,0,0.4716184
2026-02-15 07:40:00+00:00,1,0.47853646
2026-02-15 07:45:00+00:00,1,0.4771274
2026-02-15 07:50:00+00:00,1,0.48290586
2026-02-15 07:55:00+00:00,0,0.47553185
2026-02-15 08:00:00+00:00,0,0.47346017
2026-02-15 08:05:00+00:00,0,0.47923487
2026-02-15 08:10:00+00:00,0,0.47922647
2026-02-15 08:15:00+00:00,0,0.46804518
2026-02-15 08:20:00+00:00,0,0.47824487
2026-02-15 08:25:00+00:00,0,0.49623463
2026-02-15 08:30:00+00:00,1,0.5037414
2026-02-15 08:35:00+00:00,1,0.5069145
2026-02-15 08:40:00+00:00,1,0.5059677
2026-02-15 08:45:00+00:00,0,0.50891376
2026-02-15 08:50:00+00:00,1,0.508011
2026-02-15 08:55:00+00:00,1,0.47822785
2026-02-15 09:00:00+00:00,1,0.5018923
2026-02-15 09:05:00+00:00,0,0.50945455
2026-02-15 09:10:00+00:00,0,0.5325804
2026-02-15 09:15:00+00:00,0,0.5088363
2026-02-15 09:20:00+00:00,0,0.50967026
2026-02-15 09:25:00+00:00,0,0.51132727
2026-02-15 09:30:00+00:00,0,0.51562136
2026-02-15 09:35:00+00:00,0,0.51287866
2026-02-15 09:40:00+00:00,0,0.52507603
2026-02-15 09:45:00+00:00,0,0.5249639
2026-02-15 09:50:00+00:00,0,0.51107955
2026-02-15 09:55:00+00:00,0,0.51110524
2026-02-15 10:00:00+00:00,0,0.527977
2026-02-15 10:05:00+00:00,0,0.54358333
2026-02-15 10:10:00+00:00,0,0.5427128
2026-02-15 10:15:00+00:00,0,0.54525775
2026-02-15 10:20:00+00:00,1,0.54060334
2026-02-15 10:25:00+00:00,1,0.54060334
2026-02-15 10:30:00+00:00,1,0.5285858
2026-02-15 10:35:00+00:00,1,0.5285858
2026-02-15 10:40:00+00:00,1,0.53760666
2026-02-15 10:45:00+00:00,0,0.53595793
2026-02-15 10:50:00+00:00,0,0.53034407
2026-02-15 10:55:00+00:00,0,0.53378093
2026-02-15 11:00:00+00:00,0,0.53470474
2026-02-15 11:05:00+00:00,0,0.53407973
2026-02-15 11:10:00+00:00,0,0.54001087
2026-02-15 11:15:00+00:00,0,0.5472104
2026-02-15 11:20:00+00:00,0,0.5449561
2026-02-15 11:25:00+00:00,0,0.53526825
2026-02-15 11:30:00+00:00,0,0.5431901
2026-02-15 11:35:00+00:00,0,0.54463685
2026-02-15 11:40:00+00:00,0,0.54040676
2026-02-15 11:45:00+00:00,0,0.53904456
2026-02-15 11:50:00+00:00,0,0.5381472
2026-02-15 11:55:00+00:00,0,0.53940415
2026-02-15 12:00:00+00:00,0,0.53940415
2026-02-15 12:05:00+00:00,0,0.54673773
2026-02-15 12:10:00+00:00,1,0.54673773
2026-02-15 12:15:00+00:00,0,0.54673773
2026-02-15 12:20:00+00:00,0,0.5451547
2026-02-15 12:25:00+00:00,0,0.5348479
2026-02-15 12:30:00+00:00,0,0.53154236
2026-02-15 12:35:00+00:00,0,0.54462916
2026-02-15 12:40:00+00:00,0,0.5387582
2026-02-15 12:45:00+00:00,0,0.542791
2026-02-15 12:50:00+00:00,1,0.55308324
2026-02-15 12:55:00+00:00,1,0.55207586
2026-02-15 13:00:00+00:00,0,0.5417796
2026-02-15 13:05:00+00:00,0,0.5417796
2026-02-15 13:10:00+00:00,0,0.5417796
2026-02-15 13:15:00+00:00,0,0.5219084
2026-02-15 13:20:00+00:00,0,0.53199047
2026-02-15 13:25:00+00:00,0,0.54068404
2026-02-15 13:30:00+00:00,1,0.54164577
2026-02-15 13:35:00+00:00,1,0.54164577
2026-02-15 13:40:00+00:00,1,0.54164577
2026-02-15 13:45:00+00:00,1,0.5430778
2026-02-15 13:50:00+00:00,1,0.54756385
2026-02-15 13:55:00+00:00,1,0.5364652
2026-02-15 14:00:00+00:00,1,0.5398551
2026-02-15 14:05:00+00:00,1,0.53156793
2026-02-15 14:10:00+00:00,1,0.53156793
2026-02-15 14:15:00+00:00,1,0.5340229
2026-02-15 14:20:00+00:00,1,0.53374946
2026-02-15 14:25:00+00:00,1,0.5329882
2026-02-15 14:30:00+00:00,1,0.521104
2026-02-15 14:35:00+00:00,1,0.507575
2026-02-15 14:40:00+00:00,1,0.48157236
2026-02-15 14:45:00+00:00,1,0.50113106
2026-02-15 14:50:00+00:00,1,0.50933826
2026-02-15 14:55:00+00:00,0,0.51213884
2026-02-15 15:00:00+00:00,0,0.5037682
2026-02-15 15:05:00+00:00,0,0.48656708
2026-02-15 15:10:00+00:00,0,0.47061568
2026-02-15 15:15:00+00:00,0,0.5061208
2026-02-15 15:20:00+00:00,0,0.49775976
2026-02-15 15:25:00+00:00,0,0.53688645
2026-02-15 15:30:00+00:00,0,0.5315104
2026-02-15 15:35:00+00:00,0,0.5291333
2026-02-15 15:40:00+00:00,0,0.53521186
2026-02-15 15:45:00+00:00,0,0.5373465
2026-02-15 15:50:00+00:00,0,0.53175634
2026-02-15 15:55:00+00:00,0,0.521653
2026-02-15 16:00:00+00:00,0,0.5404334
2026-02-15 16:05:00+00:00,1,0.54529345
2026-02-15 16:10:00+00:00,0,0.5451547
2026-02-15 16:15:00+00:00,0,0.5451547
2026-02-15 16:20:00+00:00,1,0.5451547
2026-02-15 16:25:00+00:00,0,0.53661996
2026-02-15 16:30:00+00:00,1,0.5225338
2026-02-15 16:35:00+00:00,1,0.54529345
2026-02-15 16:40:00+00:00,1,0.5382684
2026-02-15 16:45:00+00:00,1,0.5363838
2026-02-15 16:50:00+00:00,0,0.5368931
2026-02-15 16:55:00+00:00,0,0.5405976
2026-02-15 17:00:00+00:00,0,0.5274219
2026-02-15 17:05:00+00:00,0,0.53079873
2026-02-15 17:10:00+00:00,0,0.5337744
2026-02-15 17:15:00+00:00,0,0.53973687
2026-02-15 17:20:00+00:00,0,0.53571314
2026-02-15 17:25:00+00:00,0,0.54618865
2026-02-15 17:30:00+00:00,0,0.5420959
2026-02-15 17:35:00+00:00,0,0.5450167
2026-02-15 17:40:00+00:00,0,0.5441903
2026-02-15 17:45:00+00:00,1,0.5555963
2026-02-15 17:50:00+00:00,1,0.5431489
2026-02-15 17:55:00+00:00,0,0.5421376
2026-02-15 18:00:00+00:00,0,0.5618362
2026-02-15 18:05:00+00:00,0,0.55963904
2026-02-15 18:10:00+00:00,0,0.5433296
2026-02-15 18:15:00+00:00,0,0.5499205
2026-02-15 18:20:00+00:00,0,0.5477417
2026-02-15 18:25:00+00:00,0,0.54807264
2026-02-15 18:30:00+00:00,0,0.55839664
2026-02-15 18:35:00+00:00,0,0.5605724
2026-02-15 18:40:00+00:00,0,0.56154394
2026-02-15 18:45:00+00:00,1,0.56582576
2026-02-15 18:50:00+00:00,1,0.56406826
2026-02-15 18:55:00+00:00,1,0.54874545
2026-02-15 19:00:00+00:00,1,0.5551828
2026-02-15 19:05:00+00:00,1,0.5551828
2026-02-15 19:10:00+00:00,0,0.54655784
2026-02-15 19:15:00+00:00,0,0.547117
2026-02-15 19:20:00+00:00,0,0.53832287
2026-02-15 19:25:00+00:00,0,0.5387557
2026-02-15 19:30:00+00:00,0,0.54684037
2026-02-15 19:35:00+00:00,1,0.5551142
2026-02-15 19:40:00+00:00,1,0.54859227
2026-02-15 19:45:00+00:00,1,0.5542222
2026-02-15 19:50:00+00:00,1,0.5551828
2026-02-15 19:55:00+00:00,1,0.54903674
2026-02-15 20:00:00+00:00,1,0.5549622
2026-02-15 20:05:00+00:00,1,0.5415667
2026-02-15 20:10:00+00:00,0,0.5111245
2026-02-15 20:15:00+00:00,0,0.5419893
2026-02-15 20:20:00+00:00,0,0.5466939
2026-02-15 20:25:00+00:00,0,0.5227502
2026-02-15 20:30:00+00:00,0,0.5047459
2026-02-15 20:35:00+00:00,1,0.53804064
2026-02-15 20:40:00+00:00,1,0.54134804
2026-02-15 20:45:00+00:00,1,0.54756385
2026-02-15 20:50:00+00:00,1,0.5484513
2026-02-15 20:55:00+00:00,1,0.5396497
2026-02-15 21:00:00+00:00,1,0.517788
2026-02-15 21:05:00+00:00,0,0.4814927
2026-02-15 21:10:00+00:00,0,0.49179232
2026-02-15 21:15:00+00:00,0,0.49372077
2026-02-15 21:20:00+00:00,1,0.49427822
2026-02-15 21:25:00+00:00,0,0.50277495
2026-02-15 21:30:00+00:00,0,0.47298124
2026-02-15 21:35:00+00:00,1,0.4834241
2026-02-15 21:40:00+00:00,1,0.5278817
2026-02-15 21:45:00+00:00,1,0.52100384
2026-02-15 21:50:00+00:00,1,0.5061299
2026-02-15 21:55:00+00:00,1,0.50621873
2026-02-15 22:00:00+00:00,1,0.5061641
2026-02-15 22:05:00+00:00,1,0.4885197
2026-02-15 22:10:00+00:00,1,0.5058267
2026-02-15 22:15:00+00:00,1,0.5246832
2026-02-15 22:20:00+00:00,1,0.4900284
2026-02-15 22:25:00+00:00,1,0.4886028
2026-02-15 22:30:00+00:00,0,0.47642347
2026-02-15 22:35:00+00:00,0,0.47947118
2026-02-15 22:40:00+00:00,0,0.48248428
2026-02-15 22:45:00+00:00,0,0.484818
2026-02-15 22:50:00+00:00,0,0.47860196
2026-02-15 22:55:00+00:00,0,0.48963562
2026-02-15 23:00:00+00:00,1,0.5153025
2026-02-15 23:05:00+00:00,1,0.5286952
2026-02-15 23:10:00+00:00,1,0.5295949
2026-02-15 23:15:00+00:00,1,0.52726394
2026-02-15 23:20:00+00:00,1,0.5184518
2026-02-15 23:25:00+00:00,1,0.50578374
2026-02-15 23:30:00+00:00,1,0.4875007
2026-02-15 23:35:00+00:00,1,0.50535434
2026-02-15 23:40:00+00:00,1,0.49666923
2026-02-15 23:45:00+00:00,1,0.48919505
2026-02-15 23:50:00+00:00,0,0.4961116
2026-02-15 23:55:00+00:00,1,0.4994262
2026-02-16 00:00:00+00:00,1,0.5029499
2026-02-16 00:05:00+00:00,0,0.48357782
2026-02-16 00:10:00+00:00,0,0.49195522
2026-02-16 00:15:00+00:00,0,0.4915384
2026-02-16 00:20:00+00:00,1,0.5100898
2026-02-16 00:25:00+00:00,0,0.50426185
2026-02-16 00:30:00+00:00,1,0.50962037
2026-02-16 00:35:00+00:00,1,0.5194909
2026-02-16 00:40:00+00:00,1,0.5173073
2026-02-16 00:45:00+00:00,1,0.5092284
2026-02-16 00:50:00+00:00,0,0.48869842
2026-02-16 00:55:00+00:00,0,0.5002471
2026-02-16 01:00:00+00:00,0,0.47712263
2026-02-16 01:05:00+00:00,0,0.47688746
2026-02-16 01:10:00+00:00,0,0.49910846
2026-02-16 01:15:00+00:00,0,0.5018379
2026-02-16 01:20:00+00:00,0,0.5214858
2026-02-16 01:25:00+00:00,0,0.5229187
2026-02-16 01:30:00+00:00,1,0.52381945
2026-02-16 01:35:00+00:00,1,0.523855
2026-02-16 01:40:00+00:00,1,0.523855
2026-02-16 01:45:00+00:00,1,0.5189397
2026-02-16 01:50:00+00:00,1,0.52482486
2026-02-16 01:55:00+00:00,0,0.5179224
2026-02-16 02:00:00+00:00,0,0.49578694
2026-02-16 02:05:00+00:00,0,0.51598775
2026-02-16 02:10:00+00:00,0,0.51597464
2026-02-16 02:15:00+00:00,0,0.5175475
2026-02-16 02:20:00+00:00,0,0.51106954
2026-02-16 02:25:00+00:00,0,0.5226966
2026-02-16 02:30:00+00:00,0,0.5242295
2026-02-16 02:35:00+00:00,0,0.5242295
2026-02-16 02:40:00+00:00,0,0.51615036
2026-02-16 02:45:00+00:00,0,0.5233288
2026-02-16 02:50:00+00:00,0,0.5233288
2026-02-16 02:55:00+00:00,0,0.52169836
2026-02-16 03:00:00+00:00,0,0.5216687
2026-02-16 03:05:00+00:00,0,0.5216687
2026-02-16 03:10:00+00:00,0,0.5086371
2026-02-16 03:15:00+00:00,0,0.5003774
2026-02-16 03:20:00+00:00,0,0.5046582
2026-02-16 03:25:00+00:00,1,0.50458646
2026-02-16 03:30:00+00:00,1,0.5128765
2026-02-16 03:35:00+00:00,1,0.51527584
2026-02-16 03:40:00+00:00,1,0.50702804
2026-02-16 03:45:00+00:00,1,0.5103494
2026-02-16 03:50:00+00:00,1,0.5102846
2026-02-16 03:55:00+00:00,1,0.51347274
2026-02-16 04:00:00+00:00,0,0.5084782
2026-02-16 04:05:00+00:00,0,0.48654372
2026-02-16 04:10:00+00:00,0,0.50349486
2026-02-16 04:15:00+00:00,0,0.48654372
2026-02-16 04:20:00+00:00,1,0.4874138
2026-02-16 04:25:00+00:00,1,0.4947437
2026-02-16 04:30:00+00:00,1,0.51389587
2026-02-16 04:35:00+00:00,0,0.48493207
2026-02-16 04:40:00+00:00,0,0.51331365
2026-02-16 04:45:00+00:00,0,0.5078189
2026-02-16 04:50:00+00:00,0,0.48086795
2026-02-16 04:55:00+00:00,0,0.48123536
2026-02-16 05:00:00+00:00,0,0.48391566
2026-02-16 05:05:00+00:00,0,0.51527464
2026-02-16 05:10:00+00:00,0,0.5231147
2026-02-16 05:15:00+00:00,0,0.5257012
2026-02-16 05:20:00+00:00,0,0.52482647
2026-02-16 05:25:00+00:00,0,0.52685815
2026-02-16 05:30:00+00:00,1,0.52233654
2026-02-16 05:35:00+00:00,1,0.52435935
2026-02-16 05:40:00+00:00,1,0.5239103
2026-02-16 05:45:00+00:00,1,0.51970583
2026-02-16 05:50:00+00:00,1,0.5237758
2026-02-16 05:55:00+00:00,1,0.5219755
2026-02-16 06:00:00+00:00,1,0.5185923
2026-02-16 06:05:00+00:00,1,0.518618
2026-02-16 06:10:00+00:00,1,0.5239151
2026-02-16 06:15:00+00:00,1,0.5168081
2026-02-16 06:20:00+00:00,1,0.5156017
2026-02-16 06:25:00+00:00,1,0.5198975
2026-02-16 06:30:00+00:00,0,0.4997458
2026-02-16 06:35:00+00:00,0,0.49422574
2026-02-16 06:40:00+00:00,1,0.49422574
2026-02-16 06:45:00+00:00,0,0.49184367
2026-02-16 06:50:00+00:00,1,0.4962129
2026-02-16 06:55:00+00:00,0,0.48629454
2026-02-16 07:00:00+00:00,1,0.50511307
2026-02-16 07:05:00+00:00,0,0.48165286
2026-02-16 07:10:00+00:00,0,0.47770408
2026-02-16 07:15:00+00:00,1,0.48686433
2026-02-16 07:20:00+00:00,0,0.48175213
2026-02-16 07:25:00+00:00,0,0.48854774
2026-02-16 07:30:00+00:00,1,0.48127472
2026-02-16 07:35:00+00:00,1,0.49385214
2026-02-16 07:40:00+00:00,1,0.49692014
2026-02-16 07:45:00+00:00,1,0.4846814
2026-02-16 07:50:00+00:00,1,0.48716617
2026-02-16 07:55:00+00:00,1,0.4913383
2026-02-16 08:00:00+00:00,1,0.47935116
2026-02-16 08:05:00+00:00,1,0.47335586
2026-02-16 08:10:00+00:00,1,0.4782949
2026-02-16 08:15:00+00:00,1,0.47562352
2026-02-16 08:20:00+00:00,0,0.47031188
2026-02-16 08:25:00+00:00,0,0.4756932
2026-02-16 08:30:00+00:00,1,0.47589538
2026-02-16 08:35:00+00:00,1,0.48254618
2026-02-16 08:40:00+00:00,1,0.47962168
2026-02-16 08:45:00+00:00,1,0.48285115
2026-02-16 08:50:00+00:00,1,0.48594376
2026-02-16 08:55:00+00:00,1,0.48498887
2026-02-16 09:00:00+00:00,1,0.46503323
2026-02-16 09:05:00+00:00,1,0.47743165
2026-02-16 09:10:00+00:00,1,0.46904725
2026-02-16 09:15:00+00:00,1,0.48033452
2026-02-16 09:20:00+00:00,1,0.4810979
2026-02-16 09:25:00+00:00,1,0.47108412
2026-02-16 09:30:00+00:00,0,0.46804956
2026-02-16 09:35:00+00:00,0,0.47079626
2026-02-16 09:40:00+00:00,0,0.47652614
2026-02-16 09:45:00+00:00,0,0.48044324
2026-02-16 09:50:00+00:00,0,0.4718517
2026-02-16 09:55:00+00:00,0,0.47124627
2026-02-16 10:00:00+00:00,0,0.4891261
2026-02-16 10:05:00+00:00,0,0.4850684
2026-02-16 10:10:00+00:00,0,0.4890407
2026-02-16 10:15:00+00:00,0,0.4864759
2026-02-16 10:20:00+00:00,0,0.50166225
2026-02-16 10:25:00+00:00,0,0.50232404
2026-02-16 10:30:00+00:00,0,0.49889535
2026-02-16 10:35:00+00:00,0,0.50400007
2026-02-16 10:40:00+00:00,0,0.50846875
2026-02-16 10:45:00+00:00,0,0.49745882
2026-02-16 10:50:00+00:00,0,0.5031307
2026-02-16 10:55:00+00:00,0,0.4997302
2026-02-16 11:00:00+00:00,0,0.5014916
2026-02-16 11:05:00+00:00,0,0.51004565
2026-02-16 11:10:00+00:00,1,0.5126052
2026-02-16 11:15:00+00:00,1,0.5126052
2026-02-16 11:20:00+00:00,1,0.5061929
2026-02-16 11:25:00+00:00,1,0.5024603
2026-02-16 11:30:00+00:00,1,0.5024603
2026-02-16 11:35:00+00:00,1,0.48976633
2026-02-16 11:40:00+00:00,1,0.5029884
2026-02-16 11:45:00+00:00,0,0.5052133
2026-02-16 11:50:00+00:00,0,0.500333
2026-02-16 11:55:00+00:00,1,0.501683
2026-02-16 12:00:00+00:00,1,0.50091606
2026-02-16 12:05:00+00:00,1,0.4941743
2026-02-16 12:10:00+00:00,1,0.5064739
2026-02-16 12:15:00+00:00,1,0.5114315
2026-02-16 12:20:00+00:00,1,0.5055734
2026-02-16 12:25:00+00:00,1,0.46145493
2026-02-16 12:30:00+00:00,1,0.46763223
2026-02-16 12:35:00+00:00,1,0.47308517
2026-02-16 12:40:00+00:00,1,0.4778984
2026-02-16 12:45:00+00:00,1,0.46933597
2026-02-16 12:50:00+00:00,0,0.46768183
2026-02-16 12:55:00+00:00,0,0.47603247
2026-02-16 13:00:00+00:00,0,0.48037004
2026-02-16 13:05:00+00:00,0,0.4747631
2026-02-16 13:10:00+00:00,0,0.47913185
2026-02-16 13:15:00+00:00,0,0.47923118
2026-02-16 13:20:00+00:00,0,0.49504307
2026-02-16 13:25:00+00:00,0,0.5365166
2026-02-16 13:30:00+00:00,0,0.5124467
2026-02-16 13:35:00+00:00,0,0.52102345
2026-02-16 13:40:00+00:00,0,0.5213213
2026-02-16 13:45:00+00:00,0,0.5239887
2026-02-16 13:50:00+00:00,1,0.5231289
2026-02-16 13:55:00+00:00,0,0.5239887
2026-02-16 14:00:00+00:00,1,0.529218
2026-02-16 14:05:00+00:00,1,0.5240645
2026-02-16 14:10:00+00:00,1,0.525265
2026-02-16 14:15:00+00:00,1,0.51053935
2026-02-16 14:20:00+00:00,1,0.51189476
2026-02-16 14:25:00+00:00,1,0.5265453
2026-02-16 14:30:00+00:00,1,0.51765347
2026-02-16 14:35:00+00:00,1,0.51485175
2026-02-16 14:40:00+00:00,0,0.51764566
2026-02-16 14:45:00+00:00,0,0.48124325
2026-02-16 14:50:00+00:00,0,0.51456827
2026-02-16 14:55:00+00:00,0,0.5060721
2026-02-16 15:00:00+00:00,0,0.48125193
2026-02-16 15:05:00+00:00,0,0.5081072
2026-02-16 15:10:00+00:00,0,0.521711
2026-02-16 15:15:00+00:00,0,0.52364844
2026-02-16 15:20:00+00:00,0,0.5259476
2026-02-16 15:25:00+00:00,0,0.518086
2026-02-16 15:30:00+00:00,1,0.5301934
2026-02-16 15:35:00+00:00,1,0.54144007
2026-02-16 15:40:00+00:00,1,0.52315146
2026-02-16 15:45:00+00:00,1,0.5241292
2026-02-16 15:50:00+00:00,1,0.5228343
2026-02-16 15:55:00+00:00,1,0.49601245
2026-02-16 16:00:00+00:00,0,0.5092614
2026-02-16 16:05:00+00:00,0,0.50090885
2026-02-16 16:10:00+00:00,0,0.5052304
2026-02-16 16:15:00+00:00,1,0.50644356
2026-02-16 16:20:00+00:00,0,0.5088918
2026-02-16 16:25:00+00:00,1,0.51123494
2026-02-16 16:30:00+00:00,1,0.5244031
2026-02-16 16:35:00+00:00,1,0.5224056
2026-02-16 16:40:00+00:00,1,0.50813526
2026-02-16 16:45:00+00:00,0,0.5014232
2026-02-16 16:50:00+00:00,1,0.51344156
2026-02-16 16:55:00+00:00,1,0.4879924
2026-02-16 17:00:00+00:00,1,0.5022136
2026-02-16 17:05:00+00:00,1,0.518042
2026-02-16 17:10:00+00:00,1,0.5023897
2026-02-16 17:15:00+00:00,1,0.5141543
2026-02-16 17:20:00+00:00,1,0.5048917
2026-02-16 17:25:00+00:00,1,0.49914744
2026-02-16 17:30:00+00:00,0,0.47713524
2026-02-16 17:35:00+00:00,0,0.47713524
2026-02-16 17:40:00+00:00,0,0.47615817
2026-02-16 17:45:00+00:00,1,0.48279646
2026-02-16 17:50:00+00:00,1,0.4838371
2026-02-16 17:55:00+00:00,1,0.4952321
2026-02-16 18:00:00+00:00,1,0.4908592
2026-02-16 18:05:00+00:00,0,0.49537513
2026-02-16 18:10:00+00:00,0,0.4603892
2026-02-16 18:15:00+00:00,0,0.46775085
2026-02-16 18:20:00+00:00,0,0.461867
2026-02-16 18:25:00+00:00,0,0.4842522
2026-02-16 18:30:00+00:00,0,0.48149982
2026-02-16 18:35:00+00:00,0,0.5112844
2026-02-16 18:40:00+00:00,0,0.5120609
2026-02-16 18:45:00+00:00,1,0.5272992
2026-02-16 18:50:00+00:00,1,0.51762944
2026-02-16 18:55:00+00:00,1,0.5244554
2026-02-16 19:00:00+00:00,1,0.5124813
2026-02-16 19:05:00+00:00,1,0.50643355
2026-02-16 19:10:00+00:00,1,0.5013768
2026-02-16 19:15:00+00:00,1,0.51183265
2026-02-16 19:20:00+00:00,0,0.4967478
2026-02-16 19:25:00+00:00,0,0.5051827
2026-02-16 19:30:00+00:00,0,0.49490458
2026-02-16 19:35:00+00:00,0,0.48972848
2026-02-16 19:40:00+00:00,0,0.49172074
2026-02-16 19:45:00+00:00,0,0.5072188
2026-02-16 19:50:00+00:00,0,0.49337208
2026-02-16 19:55:00+00:00,1,0.5237927
2026-02-16 20:00:00+00:00,1,0.53301704
2026-02-16 20:05:00+00:00,1,0.5340848
2026-02-16 20:10:00+00:00,1,0.52420825
2026-02-16 20:15:00+00:00,1,0.52411336
2026-02-16 20:20:00+00:00,1,0.5171683
2026-02-16 20:25:00+00:00,1,0.4859655
2026-02-16 20:30:00+00:00,1,0.48294902
2026-02-16 20:35:00+00:00,1,0.49950293
2026-02-16 20:40:00+00:00,1,0.47573292
2026-02-16 20:45:00+00:00,1,0.48121196
2026-02-16 20:50:00+00:00,1,0.47323984
2026-02-16 20:55:00+00:00,1,0.47570938
2026-02-16 21:00:00+00:00,1,0.4818521
2026-02-16 21:05:00+00:00,1,0.47409815
2026-02-16 21:10:00+00:00,0,0.47409815
2026-02-16 21:15:00+00:00,1,0.48825854
2026-02-16 21:20:00+00:00,0,0.47726288
2026-02-16 21:25:00+00:00,1,0.4762858
2026-02-16 21:30:00+00:00,1,0.48774475
2026-02-16 21:35:00+00:00,1,0.48056665
2026-02-16 21:40:00+00:00,1,0.4897501
2026-02-16 21:45:00+00:00,0,0.48288634
2026-02-16 21:50:00+00:00,0,0.5052629
2026-02-16 21:55:00+00:00,0,0.47512117
2026-02-16 22:00:00+00:00,0,0.4850141
2026-02-16 22:05:00+00:00,0,0.48242852
2026-02-16 22:10:00+00:00,0,0.4837583
2026-02-16 22:15:00+00:00,0,0.49143922
2026-02-16 22:20:00+00:00,0,0.5024305
2026-02-16 22:25:00+00:00,0,0.5074931
2026-02-16 22:30:00+00:00,1,0.5154701
2026-02-16 22:35:00+00:00,0,0.49599215
2026-02-16 22:40:00+00:00,0,0.50193036
2026-02-16 22:45:00+00:00,1,0.51460385
2026-02-16 22:50:00+00:00,1,0.514331
2026-02-16 22:55:00+00:00,1,0.51553833
2026-02-16 23:00:00+00:00,0,0.51440567
2026-02-16 23:05:00+00:00,1,0.51643187
2026-02-16 23:10:00+00:00,0,0.5150801
2026-02-16 23:15:00+00:00,0,0.5108748
2026-02-16 23:20:00+00:00,1,0.51358706
2026-02-16 23:25:00+00:00,1,0.5064287
2026-02-16 23:30:00+00:00,1,0.51163137
2026-02-16 23:35:00+00:00,1,0.51268375
2026-02-16 23:40:00+00:00,1,0.52317363
2026-02-16 23:45:00+00:00,0,0.5119972
2026-02-16 23:50:00+00:00,0,0.5031192
2026-02-16 23:55:00+00:00,0,0.50864714
2026-02-17 00:00:00+00:00,1,0.5059638
2026-02-17 00:05:00+00:00,1,0.50833684
2026-02-17 00:10:00+00:00,0,0.5032961
2026-02-17 00:15:00+00:00,1,0.5104708
2026-02-17 00:20:00+00:00,0,0.49640247
2026-02-17 00:25:00+00:00,0,0.49421653
2026-02-17 00:30:00+00:00,0,0.49069375
2026-02-17 00:35:00+00:00,0,0.50239885
2026-02-17 00:40:00+00:00,0,0.5107204
2026-02-17 00:45:00+00:00,0,0.48945925
2026-02-17 00:50:00+00:00,0,0.51182586
2026-02-17 00:55:00+00:00,1,0.5190717
2026-02-17 01:00:00+00:00,1,0.5181347
2026-02-17 01:05:00+00:00,1,0.5077443
2026-02-17 01:10:00+00:00,1,0.51502633
2026-02-17 01:15:00+00:00,0,0.51285285
2026-02-17 01:20:00+00:00,0,0.5066014
2026-02-17 01:25:00+00:00,0,0.5168453
2026-02-17 01:30:00+00:00,0,0.5066842
2026-02-17 01:35:00+00:00,0,0.50866574
2026-02-17 01:40:00+00:00,1,0.515125
2026-02-17 01:45:00+00:00,1,0.5172043
2026-02-17 01:50:00+00:00,1,0.52482486
2026-02-17 01:55:00+00:00,1,0.5170785
2026-02-17 02:00:00+00:00,1,0.51787966
2026-02-17 02:05:00+00:00,1,0.51505905
2026-02-17 02:10:00+00:00,1,0.4888852
2026-02-17 02:15:00+00:00,1,0.48159724
2026-02-17 02:20:00+00:00,1,0.47522968
2026-02-17 02:25:00+00:00,1,0.4760187
2026-02-17 02:30:00+00:00,1,0.47171697
2026-02-17 02:35:00+00:00,1,0.47637245
2026-02-17 02:40:00+00:00,0,0.47229886
2026-02-17 02:45:00+00:00,0,0.47012323
2026-02-17 02:50:00+00:00,0,0.48549804
2026-02-17 02:55:00+00:00,0,0.4850417
2026-02-17 03:00:00+00:00,0,0.48472062
2026-02-17 03:05:00+00:00,0,0.4945025
2026-02-17 03:10:00+00:00,0,0.49252102
2026-02-17 03:15:00+00:00,0,0.49457866
2026-02-17 03:20:00+00:00,0,0.50039065
2026-02-17 03:25:00+00:00,0,0.4946427
2026-02-17 03:30:00+00:00,0,0.5097232
2026-02-17 03:35:00+00:00,0,0.51023793
2026-02-17 03:40:00+00:00,0,0.50103486
2026-02-17 03:45:00+00:00,0,0.5007801
2026-02-17 03:50:00+00:00,1,0.5051996
2026-02-17 03:55:00+00:00,1,0.50524855
2026-02-17 04:00:00+00:00,0,0.5096565
2026-02-17 04:05:00+00:00,1,0.52368057
2026-02-17 04:10:00+00:00,1,0.52290905
2026-02-17 04:15:00+00:00,0,0.5128993
2026-02-17 04:20:00+00:00,0,0.49920437
2026-02-17 04:25:00+00:00,0,0.50178486
2026-02-17 04:30:00+00:00,1,0.513229
2026-02-17 04:35:00+00:00,0,0.513229
2026-02-17 04:40:00+00:00,0,0.51519233
2026-02-17 04:45:00+00:00,0,0.514077
2026-02-17 04:50:00+00:00,0,0.51769024
2026-02-17 04:55:00+00:00,0,0.515417
2026-02-17 05:00:00+00:00,0,0.5050561
2026-02-17 05:05:00+00:00,0,0.5091193
2026-02-17 05:10:00+00:00,0,0.5130203
2026-02-17 05:15:00+00:00,1,0.51789415
2026-02-17 05:20:00+00:00,1,0.519802
2026-02-17 05:25:00+00:00,1,0.52070326
2026-02-17 05:30:00+00:00,1,0.519802
2026-02-17 05:35:00+00:00,1,0.519802
2026-02-17 05:40:00+00:00,1,0.5125479
2026-02-17 05:45:00+00:00,1,0.5103896
2026-02-17 05:50:00+00:00,1,0.514439
2026-02-17 05:55:00+00:00,1,0.51340675
2026-02-17 06:00:00+00:00,1,0.5129339
2026-02-17 06:05:00+00:00,1,0.5120989
2026-02-17 06:10:00+00:00,1,0.50745755
2026-02-17 06:15:00+00:00,1,0.51641756
2026-02-17 06:20:00+00:00,1,0.5141169
2026-02-17 06:25:00+00:00,1,0.50426096
2026-02-17 06:30:00+00:00,1,0.4951563
2026-02-17 06:35:00+00:00,0,0.49817562
2026-02-17 06:40:00+00:00,0,0.47993338
2026-02-17 06:45:00+00:00,0,0.4801024
2026-02-17 06:50:00+00:00,0,0.4771512
2026-02-17 06:55:00+00:00,0,0.4831572
2026-02-17 07:00:00+00:00,0,0.49142995
2026-02-17 07:05:00+00:00,1,0.5003577
2026-02-17 07:10:00+00:00,1,0.5018431
2026-02-17 07:15:00+00:00,1,0.5015584
2026-02-17 07:20:00+00:00,1,0.5045879
2026-02-17 07:25:00+00:00,1,0.4943392
2026-02-17 07:30:00+00:00,1,0.48831904
2026-02-17 07:35:00+00:00,0,0.46715704
2026-02-17 07:40:00+00:00,0,0.47122708
2026-02-17 07:45:00+00:00,0,0.46990934
2026-02-17 07:50:00+00:00,0,0.48194277
2026-02-17 07:55:00+00:00,0,0.4994428
2026-02-17 08:00:00+00:00,0,0.49264514
2026-02-17 08:05:00+00:00,0,0.48570758
2026-02-17 08:10:00+00:00,0,0.49847698
2026-02-17 08:15:00+00:00,0,0.48802993
2026-02-17 08:20:00+00:00,0,0.50634575
2026-02-17 08:25:00+00:00,0,0.5077685
2026-02-17 08:30:00+00:00,0,0.5057479
2026-02-17 08:35:00+00:00,0,0.5225786
2026-02-17 08:40:00+00:00,0,0.5196975
2026-02-17 08:45:00+00:00,0,0.5228681
2026-02-17 08:50:00+00:00,0,0.52351004
2026-02-17 08:55:00+00:00,0,0.521241
2026-02-17 09:00:00+00:00,0,0.50838834
2026-02-17 09:05:00+00:00,0,0.5197302
2026-02-17 09:10:00+00:00,0,0.51045847
2026-02-17 09:15:00+00:00,0,0.50893456
2026-02-17 09:20:00+00:00,1,0.5190837
2026-02-17 09:25:00+00:00,1,0.50633
2026-02-17 09:30:00+00:00,1,0.51699764
2026-02-17 09:35:00+00:00,1,0.5126343
2026-02-17 09:40:00+00:00,1,0.51115304
2026-02-17 09:45:00+00:00,0,0.50526303
2026-02-17 09:50:00+00:00,0,0.51233554
2026-02-17 09:55:00+00:00,0,0.51036435
2026-02-17 10:00:00+00:00,0,0.50946194
2026-02-17 10:05:00+00:00,0,0.51224947
2026-02-17 10:10:00+00:00,0,0.512964
2026-02-17 10:15:00+00:00,1,0.5231131
2026-02-17 10:20:00+00:00,0,0.5210898
2026-02-17 10:25:00+00:00,1,0.5210898
2026-02-17 10:30:00+00:00,1,0.5219909
2026-02-17 10:35:00+00:00,1,0.5219909
2026-02-17 10:40:00+00:00,1,0.50377923
2026-02-17 10:45:00+00:00,1,0.52228385
2026-02-17 10:50:00+00:00,1,0.50605655
2026-02-17 10:55:00+00:00,1,0.5149426
2026-02-17 11:00:00+00:00,0,0.51598895
2026-02-17 11:05:00+00:00,0,0.5061561
2026-02-17 11:10:00+00:00,0,0.5035205
2026-02-17 11:15:00+00:00,0,0.5017394
2026-02-17 11:20:00+00:00,1,0.50339967
2026-02-17 11:25:00+00:00,1,0.5040646
2026-02-17 11:30:00+00:00,1,0.49956217
2026-02-17 11:35:00+00:00,1,0.49452
2026-02-17 11:40:00+00:00,1,0.4883183
2026-02-17 11:45:00+00:00,1,0.4906367
2026-02-17 11:50:00+00:00,1,0.5089357
2026-02-17 11:55:00+00:00,1,0.49491456
2026-02-17 12:00:00+00:00,1,0.5024116
2026-02-17 12:05:00+00:00,1,0.4916561
2026-02-17 12:10:00+00:00,1,0.5000864
2026-02-17 12:15:00+00:00,1,0.49587563
2026-02-17 12:20:00+00:00,1,0.48008937
2026-02-17 12:25:00+00:00,0,0.48573527
2026-02-17 12:30:00+00:00,0,0.48605722
2026-02-17 12:35:00+00:00,1,0.48166
2026-02-17 12:40:00+00:00,1,0.479693
2026-02-17 12:45:00+00:00,1,0.4908757
2026-02-17 12:50:00+00:00,1,0.49105498
2026-02-17 12:55:00+00:00,1,0.49385777
2026-02-17 13:00:00+00:00,1,0.503742
2026-02-17 13:05:00+00:00,0,0.48976707
2026-02-17 13:10:00+00:00,0,0.48764098
2026-02-17 13:15:00+00:00,0,0.4918083
2026-02-17 13:20:00+00:00,0,0.46691698
2026-02-17 13:25:00+00:00,1,0.4819675
2026-02-17 13:30:00+00:00,1,0.48812512
2026-02-17 13:35:00+00:00,1,0.46775696
2026-02-17 13:40:00+00:00,1,0.48155957
2026-02-17 13:45:00+00:00,1,0.49580288
2026-02-17 13:50:00+00:00,0,0.4667329
2026-02-17 13:55:00+00:00,0,0.48066142
2026-02-17 14:00:00+00:00,1,0.47722784
2026-02-17 14:05:00+00:00,0,0.48257318
2026-02-17 14:10:00+00:00,0,0.48682624
2026-02-17 14:15:00+00:00,0,0.48369148
2026-02-17 14:20:00+00:00,0,0.5062764
2026-02-17 14:25:00+00:00,0,0.49697864
2026-02-17 14:30:00+00:00,0,0.47550035
2026-02-17 14:35:00+00:00,0,0.4992222
2026-02-17 14:40:00+00:00,0,0.5108995
2026-02-17 14:45:00+00:00,1,0.5102726
2026-02-17 14:50:00+00:00,1,0.5217444
2026-02-17 14:55:00+00:00,1,0.5368533
2026-02-17 15:00:00+00:00,0,0.5213028
2026-02-17 15:05:00+00:00,0,0.5190948
2026-02-17 15:10:00+00:00,1,0.5189977
2026-02-17 15:15:00+00:00,0,0.51607144
2026-02-17 15:20:00+00:00,1,0.51521176
2026-02-17 15:25:00+00:00,1,0.5187149
2026-02-17 15:30:00+00:00,1,0.5223041
2026-02-17 15:35:00+00:00,1,0.5235439
2026-02-17 15:40:00+00:00,1,0.52230054
2026-02-17 15:45:00+00:00,1,0.5255235
2026-02-17 15:50:00+00:00,1,0.5117723
2026-02-17 15:55:00+00:00,1,0.4907564
2026-02-17 16:00:00+00:00,1,0.48715436
2026-02-17 16:05:00+00:00,1,0.50545007
2026-02-17 16:10:00+00:00,1,0.5036206
2026-02-17 16:15:00+00:00,0,0.4939987
2026-02-17 16:20:00+00:00,0,0.5064599
2026-02-17 16:25:00+00:00,1,0.5115398
2026-02-17 16:30:00+00:00,0,0.49078223
2026-02-17 16:35:00+00:00,0,0.49829352
2026-02-17 16:40:00+00:00,0,0.4999419
2026-02-17 16:45:00+00:00,0,0.49813598
2026-02-17 16:50:00+00:00,0,0.48920685
2026-02-17 16:55:00+00:00,0,0.51576513
2026-02-17 17:00:00+00:00,0,0.51716644
2026-02-17 17:05:00+00:00,0,0.5148148
2026-02-17 17:10:00+00:00,0,0.5243417
2026-02-17 17:15:00+00:00,0,0.5252743
2026-02-17 17:20:00+00:00,0,0.53013545
2026-02-17 17:25:00+00:00,0,0.5276152
2026-02-17 17:30:00+00:00,1,0.5270457
2026-02-17 17:35:00+00:00,1,0.5014771
2026-02-17 17:40:00+00:00,1,0.5233065
2026-02-17 17:45:00+00:00,1,0.5265453
2026-02-17 17:50:00+00:00,1,0.52035266
2026-02-17 17:55:00+00:00,1,0.5128236
2026-02-17 18:00:00+00:00,1,0.5237025
2026-02-17 18:05:00+00:00,1,0.5196405
2026-02-17 18:10:00+00:00,1,0.51588506
2026-02-17 18:15:00+00:00,1,0.5217352
2026-02-17 18:20:00+00:00,1,0.4697074
2026-02-17 18:25:00+00:00,0,0.4715049
2026-02-17 18:30:00+00:00,1,0.48540527
2026-02-17 18:35:00+00:00,1,0.47691268
2026-02-17 18:40:00+00:00,0,0.47318327
2026-02-17 18:45:00+00:00,0,0.48759988
2026-02-17 18:50:00+00:00,0,0.49047846
2026-02-17 18:55:00+00:00,0,0.4856907
2026-02-17 19:00:00+00:00,0,0.49073258
2026-02-17 19:05:00+00:00,0,0.49178767
2026-02-17 19:10:00+00:00,0,0.47359008
2026-02-17 19:15:00+00:00,0,0.485261
2026-02-17 19:20:00+00:00,0,0.4795515
2026-02-17 19:25:00+00:00,0,0.509056
2026-02-17 19:30:00+00:00,0,0.49949434
2026-02-17 19:35:00+00:00,0,0.5128939
2026-02-17 19:40:00+00:00,0,0.5156653
2026-02-17 19:45:00+00:00,0,0.5161075
2026-02-17 19:50:00+00:00,0,0.5189811
2026-02-17 19:55:00+00:00,0,0.51929104
2026-02-17 20:00:00+00:00,0,0.50189894
2026-02-17 20:05:00+00:00,0,0.52565044
2026-02-17 20:10:00+00:00,1,0.5297756
2026-02-17 20:15:00+00:00,1,0.52443516
2026-02-17 20:20:00+00:00,1,0.52554065
2026-02-17 20:25:00+00:00,0,0.5266456
2026-02-17 20:30:00+00:00,1,0.51809
2026-02-17 20:35:00+00:00,1,0.5173719
2026-02-17 20:40:00+00:00,1,0.52043766
2026-02-17 20:45:00+00:00,0,0.5210121
2026-02-17 20:50:00+00:00,0,0.51909024
2026-02-17 20:55:00+00:00,0,0.51817673
2026-02-17 21:00:00+00:00,0,0.5190855
2026-02-17 21:05:00+00:00,0,0.51677626
2026-02-17 21:10:00+00:00,0,0.51632166
2026-02-17 21:15:00+00:00,0,0.5274801
2026-02-17 21:20:00+00:00,0,0.5246665
2026-02-17 21:25:00+00:00,1,0.5227578
2026-02-17 21:30:00+00:00,1,0.5339
2026-02-17 21:35:00+00:00,1,0.53796756
2026-02-17 21:40:00+00:00,1,0.53677046
2026-02-17 21:45:00+00:00,1,0.5198741
2026-02-17 21:50:00+00:00,1,0.5204249
2026-02-17 21:55:00+00:00,0,0.50991064
2026-02-17 22:00:00+00:00,0,0.50729
2026-02-17 22:05:00+00:00,1,0.51190907
2026-02-17 22:10:00+00:00,1,0.5121883
2026-02-17 22:15:00+00:00,0,0.5048167
2026-02-17 22:20:00+00:00,0,0.5010193
2026-02-17 22:25:00+00:00,0,0.5061326
2026-02-17 22:30:00+00:00,0,0.51144594
2026-02-17 22:35:00+00:00,0,0.5103246
2026-02-17 22:40:00+00:00,0,0.50937283
2026-02-17 22:45:00+00:00,0,0.5061326
2026-02-17 22:50:00+00:00,0,0.52174103
2026-02-17 22:55:00+00:00,0,0.5229421
2026-02-17 23:00:00+00:00,0,0.52154315
2026-02-17 23:05:00+00:00,0,0.5180757
2026-02-17 23:10:00+00:00,1,0.5196098
2026-02-17 23:15:00+00:00,0,0.50956947
2026-02-17 23:20:00+00:00,0,0.5131059
2026-02-17 23:25:00+00:00,1,0.5133021
2026-02-17 23:30:00+00:00,1,0.5148372
2026-02-17 23:35:00+00:00,1,0.52200234
2026-02-17 23:40:00+00:00,1,0.5229032
2026-02-17 23:45:00+00:00,1,0.52108866
2026-02-17 23:50:00+00:00,0,0.52022433
2026-02-17 23:55:00+00:00,1,0.52086145
2026-02-18 00:00:00+00:00,1,0.52439946
2026-02-18 00:05:00+00:00,0,0.52323276
2026-02-18 00:10:00+00:00,0,0.52158666
2026-02-18 00:15:00+00:00,0,0.5247244
2026-02-18 00:20:00+00:00,0,0.52549577
2026-02-18 00:25:00+00:00,0,0.5193786
2026-02-18 00:30:00+00:00,0,0.5225745
2026-02-18 00:35:00+00:00,0,0.50824004
2026-02-18 00:40:00+00:00,0,0.51822656
2026-02-18 00:45:00+00:00,0,0.52978814
2026-02-18 00:50:00+00:00,0,0.52957034
2026-02-18 00:55:00+00:00,0,0.5304048
2026-02-18 01:00:00+00:00,0,0.5310843
2026-02-18 01:05:00+00:00,0,0.5310843
2026-02-18 01:10:00+00:00,1,0.5310843
2026-02-18 01:15:00+00:00,0,0.5166713
2026-02-18 01:20:00+00:00,0,0.51841474
2026-02-18 01:25:00+00:00,1,0.51928216
2026-02-18 01:30:00+00:00,1,0.52357846
2026-02-18 01:35:00+00:00,1,0.52357846
2026-02-18 01:40:00+00:00,1,0.52425903
2026-02-18 01:45:00+00:00,1,0.5285363
2026-02-18 01:50:00+00:00,1,0.5208999
2026-02-18 01:55:00+00:00,1,0.5209637
2026-02-18 02:00:00+00:00,1,0.50979567
2026-02-18 02:05:00+00:00,1,0.47499946
2026-02-18 02:10:00+00:00,1,0.48414388
2026-02-18 02:15:00+00:00,1,0.4960305
2026-02-18 02:20:00+00:00,1,0.4738834
2026-02-18 02:25:00+00:00,1,0.48776114
2026-02-18 02:30:00+00:00,1,0.4754006
2026-02-18 02:35:00+00:00,1,0.48206723
2026-02-18 02:40:00+00:00,1,0.47229886
2026-02-18 02:45:00+00:00,1,0.486073
2026-02-18 02:50:00+00:00,1,0.47229886
2026-02-18 02:55:00+00:00,1,0.46395653
2026-02-18 03:00:00+00:00,1,0.47547555
2026-02-18 03:05:00+00:00,1,0.48621625
2026-02-18 03:10:00+00:00,1,0.47364494
2026-02-18 03:15:00+00:00,0,0.47761402
2026-02-18 03:20:00+00:00,0,0.4785591
2026-02-18 03:25:00+00:00,0,0.4826348
2026-02-18 03:30:00+00:00,0,0.4696137
2026-02-18 03:35:00+00:00,0,0.47899407
2026-02-18 03:40:00+00:00,0,0.48704377
2026-02-18 03:45:00+00:00,0,0.4878341
2026-02-18 03:50:00+00:00,0,0.48498046
2026-02-18 03:55:00+00:00,0,0.4920447
2026-02-18 04:00:00+00:00,1,0.51161504
2026-02-18 04:05:00+00:00,0,0.5062704
2026-02-18 04:10:00+00:00,0,0.51161504
2026-02-18 04:15:00+00:00,0,0.5017232
2026-02-18 04:20:00+00:00,0,0.4977668
2026-02-18 04:25:00+00:00,0,0.50056815
2026-02-18 04:30:00+00:00,0,0.50441384
2026-02-18 04:35:00+00:00,0,0.50441384
2026-02-18 04:40:00+00:00,0,0.51575744
2026-02-18 04:45:00+00:00,1,0.51357824
2026-02-18 04:50:00+00:00,0,0.5135893
2026-02-18 04:55:00+00:00,0,0.52554864
2026-02-18 05:00:00+00:00,0,0.5228381
2026-02-18 05:05:00+00:00,1,0.5212075
2026-02-18 05:10:00+00:00,0,0.51526976
2026-02-18 05:15:00+00:00,0,0.5103732
2026-02-18 05:20:00+00:00,0,0.5146251
2026-02-18 05:25:00+00:00,1,0.5096762
2026-02-18 05:30:00+00:00,1,0.5108358
2026-02-18 05:35:00+00:00,1,0.5123588
2026-02-18 05:40:00+00:00,1,0.5192277
2026-02-18 05:45:00+00:00,0,0.5015658
2026-02-18 05:50:00+00:00,1,0.50593036
2026-02-18 05:55:00+00:00,1,0.51450926
2026-02-18 06:00:00+00:00,1,0.5100701
2026-02-18 06:05:00+00:00,1,0.50654083
2026-02-18 06:10:00+00:00,1,0.50625753
2026-02-18 06:15:00+00:00,1,0.5162149
2026-02-18 06:20:00+00:00,0,0.49904802
2026-02-18 06:25:00+00:00,0,0.49488327
2026-02-18 06:30:00+00:00,0,0.49989
2026-02-18 06:35:00+00:00,0,0.4827922
2026-02-18 06:40:00+00:00,0,0.4950736
2026-02-18 06:45:00+00:00,0,0.49401268
2026-02-18 06:50:00+00:00,0,0.5067164
2026-02-18 06:55:00+00:00,1,0.5211226
2026-02-18 07:00:00+00:00,0,0.4981056
2026-02-18 07:05:00+00:00,1,0.49068296
2026-02-18 07:10:00+00:00,1,0.49960074
2026-02-18 07:15:00+00:00,1,0.4951532
2026-02-18 07:20:00+00:00,1,0.5016369
2026-02-18 07:25:00+00:00,1,0.5035724
2026-02-18 07:30:00+00:00,1,0.50286204
2026-02-18 07:35:00+00:00,1,0.4715562
2026-02-18 07:40:00+00:00,1,0.47401872
2026-02-18 07:45:00+00:00,1,0.4703593
2026-02-18 07:50:00+00:00,1,0.4711774
2026-02-18 07:55:00+00:00,1,0.4831435
2026-02-18 08:00:00+00:00,1,0.47895956
2026-02-18 08:05:00+00:00,1,0.4773521
2026-02-18 08:10:00+00:00,1,0.4770581
2026-02-18 08:15:00+00:00,1,0.47031426
2026-02-18 08:20:00+00:00,0,0.4702579
2026-02-18 08:25:00+00:00,0,0.47698188
2026-02-18 08:30:00+00:00,0,0.46966407
2026-02-18 08:35:00+00:00,1,0.48245093
2026-02-18 08:40:00+00:00,1,0.4812973
2026-02-18 08:45:00+00:00,0,0.46828038
2026-02-18 08:50:00+00:00,1,0.48156816
2026-02-18 08:55:00+00:00,1,0.48271796
2026-02-18 09:00:00+00:00,1,0.47576275
2026-02-18 09:05:00+00:00,1,0.47566095
2026-02-18 09:10:00+00:00,1,0.4786482
2026-02-18 09:15:00+00:00,0,0.4731579
2026-02-18 09:20:00+00:00,0,0.47223336
2026-02-18 09:25:00+00:00,0,0.48198867
2026-02-18 09:30:00+00:00,0,0.46939033
2026-02-18 09:35:00+00:00,0,0.48308957
2026-02-18 09:40:00+00:00,0,0.48536095
2026-02-18 09:45:00+00:00,0,0.49385977
2026-02-18 09:50:00+00:00,0,0.49607608
2026-02-18 09:55:00+00:00,0,0.49675122
2026-02-18 10:00:00+00:00,0,0.49214733
2026-02-18 10:05:00+00:00,0,0.49214733
2026-02-18 10:10:00+00:00,0,0.49821836
2026-02-18 10:15:00+00:00,0,0.4989052
2026-02-18 10:20:00+00:00,0,0.5034224
2026-02-18 10:25:00+00:00,0,0.50892884
2026-02-18 10:30:00+00:00,0,0.50892884
2026-02-18 10:35:00+00:00,0,0.50892884
2026-02-18 10:40:00+00:00,0,0.5080521
2026-02-18 10:45:00+00:00,0,0.5080521
2026-02-18 10:50:00+00:00,0,0.50892884
2026-02-18 10:55:00+00:00,0,0.5013351
2026-02-18 11:00:00+00:00,0,0.4968174
2026-02-18 11:05:00+00:00,0,0.50280595
2026-02-18 11:10:00+00:00,0,0.5015575
2026-02-18 11:15:00+00:00,0,0.502
2026-02-18 11:20:00+00:00,0,0.502
2026-02-18 11:25:00+00:00,0,0.502
2026-02-18 11:30:00+00:00,1,0.5001526
2026-02-18 11:35:00+00:00,1,0.5054204
2026-02-18 11:40:00+00:00,0,0.5003313
2026-02-18 11:45:00+00:00,1,0.5052653
2026-02-18 11:50:00+00:00,0,0.5021124
2026-02-18 11:55:00+00:00,1,0.5090738
2026-02-18 12:00:00+00:00,0,0.50188696
2026-02-18 12:05:00+00:00,1,0.49294809
2026-02-18 12:10:00+00:00,1,0.5003588
2026-02-18 12:15:00+00:00,1,0.50506103
2026-02-18 12:20:00+00:00,1,0.5022658
2026-02-18 12:25:00+00:00,1,0.49786565
2026-02-18 12:30:00+00:00,1,0.51231813
2026-02-18 12:35:00+00:00,1,0.5073343
2026-02-18 12:40:00+00:00,0,0.48976794
2026-02-18 12:45:00+00:00,0,0.48388293
2026-02-18 12:50:00+00:00,0,0.48753715
2026-02-18 12:55:00+00:00,0,0.4960487
2026-02-18 13:00:00+00:00,1,0.5190052
2026-02-18 13:05:00+00:00,0,0.51152563
2026-02-18 13:10:00+00:00,0,0.5085749
2026-02-18 13:15:00+00:00,0,0.5151371
2026-02-18 13:20:00+00:00,0,0.5179093
2026-02-18 13:25:00+00:00,0,0.49912867
2026-02-18 13:30:00+00:00,0,0.5091903
2026-02-18 13:35:00+00:00,0,0.51005894
2026-02-18 13:40:00+00:00,1,0.52595705
2026-02-18 13:45:00+00:00,1,0.52725106
2026-02-18 13:50:00+00:00,1,0.52725106
2026-02-18 13:55:00+00:00,0,0.5269226
2026-02-18 14:00:00+00:00,0,0.5213806
2026-02-18 14:05:00+00:00,0,0.5144137
2026-02-18 14:10:00+00:00,0,0.509945
2026-02-18 14:15:00+00:00,0,0.5166287
2026-02-18 14:20:00+00:00,1,0.51053023
2026-02-18 14:25:00+00:00,1,0.52234024
2026-02-18 14:30:00+00:00,1,0.5230209
2026-02-18 14:35:00+00:00,1,0.5162315
2026-02-18 14:40:00+00:00,1,0.514452
2026-02-18 14:45:00+00:00,1,0.5241215
2026-02-18 14:50:00+00:00,1,0.5050704
2026-02-18 14:55:00+00:00,1,0.5045977
2026-02-18 15:00:00+00:00,1,0.48779473
2026-02-18 15:05:00+00:00,1,0.49430937
2026-02-18 15:10:00+00:00,1,0.48248968
2026-02-18 15:15:00+00:00,1,0.4799271
2026-02-18 15:20:00+00:00,1,0.4799271
2026-02-18 15:25:00+00:00,1,0.48324096
2026-02-18 15:30:00+00:00,0,0.47885835
2026-02-18 15:35:00+00:00,0,0.47462007
2026-02-18 15:40:00+00:00,0,0.48143235
2026-02-18 15:45:00+00:00,0,0.48007968
2026-02-18 15:50:00+00:00,0,0.47169486
2026-02-18 15:55:00+00:00,0,0.48007968
2026-02-18 16:00:00+00:00,0,0.49892294
2026-02-18 16:05:00+00:00,0,0.5109874
2026-02-18 16:10:00+00:00,1,0.5078113
2026-02-18 16:15:00+00:00,0,0.5075367
2026-02-18 16:20:00+00:00,0,0.50843924
2026-02-18 16:25:00+00:00,0,0.5155266
2026-02-18 16:30:00+00:00,1,0.5149707
2026-02-18 16:35:00+00:00,1,0.5116961
2026-02-18 16:40:00+00:00,0,0.5116961
2026-02-18 16:45:00+00:00,1,0.5123524
2026-02-18 16:50:00+00:00,1,0.51607376
2026-02-18 16:55:00+00:00,0,0.5093995
2026-02-18 17:00:00+00:00,0,0.5092323
2026-02-18 17:05:00+00:00,0,0.5028105
2026-02-18 17:10:00+00:00,0,0.50686467
2026-02-18 17:15:00+00:00,0,0.5052658
2026-02-18 17:20:00+00:00,0,0.50800246
2026-02-18 17:25:00+00:00,0,0.51424617
2026-02-18 17:30:00+00:00,0,0.511267
2026-02-18 17:35:00+00:00,0,0.50661206
2026-02-18 17:40:00+00:00,0,0.52338046
2026-02-18 17:45:00+00:00,0,0.5211843
2026-02-18 17:50:00+00:00,0,0.523102
2026-02-18 17:55:00+00:00,0,0.5144912
2026-02-18 18:00:00+00:00,0,0.5296362
2026-02-18 18:05:00+00:00,0,0.5175257
2026-02-18 18:10:00+00:00,0,0.52573013
2026-02-18 18:15:00+00:00,0,0.53806293
2026-02-18 18:20:00+00:00,0,0.54442775
2026-02-18 18:25:00+00:00,0,0.53983355
2026-02-18 18:30:00+00:00,0,0.5430649
2026-02-18 18:35:00+00:00,0,0.5318342
2026-02-18 18:40:00+00:00,1,0.5433242
2026-02-18 18:45:00+00:00,0,0.53944093
2026-02-18 18:50:00+00:00,0,0.53944093
2026-02-18 18:55:00+00:00,0,0.5378655
2026-02-18 19:00:00+00:00,0,0.5296197
2026-02-18 19:05:00+00:00,0,0.5139721
2026-02-18 19:10:00+00:00,0,0.52148354
2026-02-18 19:15:00+00:00,0,0.5288414
2026-02-18 19:20:00+00:00,0,0.5296034
2026-02-18 19:25:00+00:00,0,0.5281196
2026-02-18 19:30:00+00:00,1,0.5338923
2026-02-18 19:35:00+00:00,1,0.5338923
2026-02-18 19:40:00+00:00,0,0.53254676
2026-02-18 19:45:00+00:00,0,0.53157854
2026-02-18 19:50:00+00:00,1,0.53254676
2026-02-18 19:55:00+00:00,1,0.51985824
2026-02-18 20:00:00+00:00,1,0.52542555
2026-02-18 20:05:00+00:00,1,0.530668
2026-02-18 20:10:00+00:00,1,0.5303132
2026-02-18 20:15:00+00:00,1,0.52263564
2026-02-18 20:20:00+00:00,1,0.52595526
2026-02-18 20:25:00+00:00,1,0.51718485
2026-02-18 20:30:00+00:00,0,0.5232919
2026-02-18 20:35:00+00:00,0,0.51368135
2026-02-18 20:40:00+00:00,0,0.51508486
2026-02-18 20:45:00+00:00,0,0.50743717
2026-02-18 20:50:00+00:00,0,0.5257067
2026-02-18 20:55:00+00:00,1,0.53550196
2026-02-18 21:00:00+00:00,1,0.53760916
2026-02-18 21:05:00+00:00,1,0.5362335
2026-02-18 21:10:00+00:00,1,0.5309787
2026-02-18 21:15:00+00:00,1,0.51890326
2026-02-18 21:20:00+00:00,0,0.51845914
2026-02-18 21:25:00+00:00,0,0.50828445
2026-02-18 21:30:00+00:00,0,0.49478903
2026-02-18 21:35:00+00:00,0,0.5060487
2026-02-18 21:40:00+00:00,0,0.49774265
2026-02-18 21:45:00+00:00,0,0.5072906
2026-02-18 21:50:00+00:00,0,0.53165805
2026-02-18 21:55:00+00:00,0,0.5293087
2026-02-18 22:00:00+00:00,1,0.52870864
2026-02-18 22:05:00+00:00,1,0.52752644
2026-02-18 22:10:00+00:00,1,0.52963734
2026-02-18 22:15:00+00:00,1,0.5233095
2026-02-18 22:20:00+00:00,1,0.53171813
2026-02-18 22:25:00+00:00,1,0.5301394
2026-02-18 22:30:00+00:00,0,0.52478784
2026-02-18 22:35:00+00:00,0,0.51730216
2026-02-18 22:40:00+00:00,0,0.52374506
2026-02-18 22:45:00+00:00,0,0.5132667
2026-02-18 22:50:00+00:00,0,0.51894933
2026-02-18 22:55:00+00:00,0,0.51664716
2026-02-18 23:00:00+00:00,1,0.52955365
2026-02-18 23:05:00+00:00,1,0.53223974
2026-02-18 23:10:00+00:00,1,0.5307095
2026-02-18 23:15:00+00:00,1,0.521534
2026-02-18 23:20:00+00:00,1,0.5182891
2026-02-18 23:25:00+00:00,1,0.4956922
2026-02-18 23:30:00+00:00,0,0.51212376
2026-02-18 23:35:00+00:00,1,0.5134448
2026-02-18 23:40:00+00:00,0,0.5140119
2026-02-18 23:45:00+00:00,0,0.51343346
2026-02-18 23:50:00+00:00,0,0.4996043
2026-02-18 23:55:00+00:00,0,0.5120758
2026-02-19 00:00:00+00:00,0,0.517457
2026-02-19 00:05:00+00:00,0,0.517457
2026-02-19 00:10:00+00:00,0,0.53069526
2026-02-19 00:15:00+00:00,0,0.5237947
2026-02-19 00:20:00+00:00,0,0.53067803
2026-02-19 00:25:00+00:00,0,0.5273037
2026-02-19 00:30:00+00:00,1,0.52558225
2026-02-19 00:35:00+00:00,1,0.5255298
2026-02-19 00:40:00+00:00,1,0.50857925
2026-02-19 00:45:00+00:00,1,0.51307017
2026-02-19 00:50:00+00:00,1,0.5178315
2026-02-19 00:55:00+00:00,1,0.5146052
2026-02-19 01:00:00+00:00,1,0.49687964
2026-02-19 01:05:00+00:00,1,0.5032434
2026-02-19 01:10:00+00:00,1,0.47023228
2026-02-19 01:15:00+00:00,1,0.48776114
2026-02-19 01:20:00+00:00,1,0.47556818
2026-02-19 01:25:00+00:00,1,0.4805531
2026-02-19 01:30:00+00:00,1,0.4757396
2026-02-19 01:35:00+00:00,1,0.49694732
2026-02-19 01:40:00+00:00,1,0.47229886
2026-02-19 01:45:00+00:00,1,0.47229886
2026-02-19 01:50:00+00:00,1,0.47139135
2026-02-19 01:55:00+00:00,1,0.4757304
2026-02-19 02:00:00+00:00,0,0.47859487
2026-02-19 02:05:00+00:00,0,0.47462648
2026-02-19 02:10:00+00:00,0,0.4700739
2026-02-19 02:15:00+00:00,0,0.47544467
2026-02-19 02:20:00+00:00,0,0.47490048
2026-02-19 02:25:00+00:00,0,0.46451908
2026-02-19 02:30:00+00:00,0,0.50365067
2026-02-19 02:35:00+00:00,0,0.5139318
2026-02-19 02:40:00+00:00,1,0.5154256
2026-02-19 02:45:00+00:00,1,0.5148338
2026-02-19 02:50:00+00:00,1,0.5233149
2026-02-19 02:55:00+00:00,1,0.48854718
2026-02-19 03:00:00+00:00,0,0.49713162
2026-02-19 03:05:00+00:00,1,0.5116796
2026-02-19 03:10:00+00:00,1,0.5145117
2026-02-19 03:15:00+00:00,1,0.5075561
2026-02-19 03:20:00+00:00,1,0.5126687
2026-02-19 03:25:00+00:00,0,0.50060385
2026-02-19 03:30:00+00:00,1,0.50984776
2026-02-19 03:35:00+00:00,1,0.5157889
2026-02-19 03:40:00+00:00,1,0.5154137
2026-02-19 03:45:00+00:00,1,0.5176279
2026-02-19 03:50:00+00:00,0,0.5072328
2026-02-19 03:55:00+00:00,0,0.50708115
2026-02-19 04:00:00+00:00,0,0.48683935
2026-02-19 04:05:00+00:00,0,0.51179606
2026-02-19 04:10:00+00:00,0,0.50547224
2026-02-19 04:15:00+00:00,1,0.50345004
2026-02-19 04:20:00+00:00,1,0.5139682
2026-02-19 04:25:00+00:00,1,0.5148702
2026-02-19 04:30:00+00:00,0,0.5061337
2026-02-19 04:35:00+00:00,0,0.5012491
2026-02-19 04:40:00+00:00,0,0.5044114
2026-02-19 04:45:00+00:00,0,0.49592188
2026-02-19 04:50:00+00:00,0,0.5052427
2026-02-19 04:55:00+00:00,0,0.5058233
2026-02-19 05:00:00+00:00,0,0.51189476
2026-02-19 05:05:00+00:00,0,0.5155149
2026-02-19 05:10:00+00:00,0,0.5030467
2026-02-19 05:15:00+00:00,0,0.49868715
2026-02-19 05:20:00+00:00,1,0.5153597
2026-02-19 05:25:00+00:00,1,0.51637733
2026-02-19 05:30:00+00:00,1,0.5153597
2026-02-19 05:35:00+00:00,1,0.5159873
2026-02-19 05:40:00+00:00,1,0.5162616
2026-02-19 05:45:00+00:00,1,0.51174957
2026-02-19 05:50:00+00:00,1,0.50902945
2026-02-19 05:55:00+00:00,1,0.508712
2026-02-19 06:00:00+00:00,1,0.4858349
2026-02-19 06:05:00+00:00,1,0.48199466
2026-02-19 06:10:00+00:00,1,0.48579898
2026-02-19 06:15:00+00:00,1,0.48148793
2026-02-19 06:20:00+00:00,0,0.48148793
2026-02-19 06:25:00+00:00,0,0.47895327
2026-02-19 06:30:00+00:00,0,0.48254687
2026-02-19 06:35:00+00:00,0,0.47950587
2026-02-19 06:40:00+00:00,1,0.4948639
2026-02-19 06:45:00+00:00,0,0.4845946
2026-02-19 06:50:00+00:00,0,0.48796806
2026-02-19 06:55:00+00:00,1,0.4866237
2026-02-19 07:00:00+00:00,1,0.4904352
2026-02-19 07:05:00+00:00,1,0.4929172
2026-02-19 07:10:00+00:00,1,0.48352242
2026-02-19 07:15:00+00:00,0,0.48532012
2026-02-19 07:20:00+00:00,0,0.4885378
2026-02-19 07:25:00+00:00,0,0.47951597
2026-02-19 07:30:00+00:00,0,0.47998205
2026-02-19 07:35:00+00:00,0,0.48303145
2026-02-19 07:40:00+00:00,0,0.48888126
2026-02-19 07:45:00+00:00,0,0.48791707
2026-02-19 07:50:00+00:00,0,0.4964502
2026-02-19 07:55:00+00:00,0,0.49193376
2026-02-19 08:00:00+00:00,0,0.48674884
2026-02-19 08:05:00+00:00,0,0.50084645
2026-02-19 08:10:00+00:00,0,0.49837926
2026-02-19 08:15:00+00:00,0,0.49667367
2026-02-19 08:20:00+00:00,0,0.50144017
2026-02-19 08:25:00+00:00,0,0.50144017
2026-02-19 08:30:00+00:00,0,0.5002229
2026-02-19 08:35:00+00:00,1,0.5016025
2026-02-19 08:40:00+00:00,0,0.5002229
2026-02-19 08:45:00+00:00,1,0.5016025
2026-02-19 08:50:00+00:00,1,0.5002229
2026-02-19 08:55:00+00:00,1,0.50035584
2026-02-19 09:00:00+00:00,1,0.519395
2026-02-19 09:05:00+00:00,1,0.4987131
2026-02-19 09:10:00+00:00,1,0.501397
2026-02-19 09:15:00+00:00,0,0.49933416
2026-02-19 09:20:00+00:00,0,0.50197667
2026-02-19 09:25:00+00:00,0,0.4930862
2026-02-19 09:30:00+00:00,0,0.49754897
2026-02-19 09:35:00+00:00,0,0.50382936
2026-02-19 09:40:00+00:00,0,0.501457
2026-02-19 09:45:00+00:00,1,0.50682014
2026-02-19 09:50:00+00:00,1,0.5059175
2026-02-19 09:55:00+00:00,1,0.50724375
2026-02-19 10:00:00+00:00,1,0.50862306
2026-02-19 10:05:00+00:00,1,0.50862306
2026-02-19 10:10:00+00:00,1,0.50128967
2026-02-19 10:15:00+00:00,0,0.49263445
2026-02-19 10:20:00+00:00,0,0.49540433
2026-02-19 10:25:00+00:00,0,0.49591193
2026-02-19 10:30:00+00:00,0,0.49758664
2026-02-19 10:35:00+00:00,0,0.49887174
2026-02-19 10:40:00+00:00,1,0.49502078
2026-02-19 10:45:00+00:00,1,0.49627143
2026-02-19 10:50:00+00:00,1,0.50562066
2026-02-19 10:55:00+00:00,1,0.5068774
2026-02-19 11:00:00+00:00,1,0.51042545
2026-02-19 11:05:00+00:00,0,0.49996603
2026-02-19 11:10:00+00:00,0,0.49608883
2026-02-19 11:15:00+00:00,0,0.49150082
2026-02-19 11:20:00+00:00,0,0.49414566
2026-02-19 11:25:00+00:00,0,0.4968561
2026-02-19 11:30:00+00:00,0,0.503313
2026-02-19 11:35:00+00:00,0,0.51950836
2026-02-19 11:40:00+00:00,0,0.51658094
2026-02-19 11:45:00+00:00,0,0.5205993
2026-02-19 11:50:00+00:00,0,0.52238584
2026-02-19 11:55:00+00:00,1,0.5208039
2026-02-19 12:00:00+00:00,1,0.52238584
2026-02-19 12:05:00+00:00,1,0.52238584
2026-02-19 12:10:00+00:00,1,0.5217051
2026-02-19 12:15:00+00:00,1,0.5202289
2026-02-19 12:20:00+00:00,1,0.5137652
2026-02-19 12:25:00+00:00,0,0.5131446
2026-02-19 12:30:00+00:00,0,0.5074196
2026-02-19 12:35:00+00:00,0,0.5105848
2026-02-19 12:40:00+00:00,0,0.51316005
2026-02-19 12:45:00+00:00,0,0.51166445
2026-02-19 12:50:00+00:00,0,0.51564854
2026-02-19 12:55:00+00:00,0,0.5226159
2026-02-19 13:00:00+00:00,0,0.52151054
2026-02-19 13:05:00+00:00,0,0.52218515
2026-02-19 13:10:00+00:00,0,0.5215698
2026-02-19 13:15:00+00:00,0,0.52316827
2026-02-19 13:20:00+00:00,0,0.5215698
2026-02-19 13:25:00+00:00,0,0.5215698
2026-02-19 13:30:00+00:00,0,0.5098116
2026-02-19 13:35:00+00:00,1,0.5185034
2026-02-19 13:40:00+00:00,1,0.5193191
2026-02-19 13:45:00+00:00,1,0.5207275
2026-02-19 13:50:00+00:00,1,0.52028584
2026-02-19 13:55:00+00:00,1,0.51870346
2026-02-19 14:00:00+00:00,0,0.5141882
2026-02-19 14:05:00+00:00,1,0.5124877
2026-02-19 14:10:00+00:00,1,0.5152733
2026-02-19 14:15:00+00:00,1,0.5153246
2026-02-19 14:20:00+00:00,1,0.51470405
2026-02-19 14:25:00+00:00,1,0.51420164
2026-02-19 14:30:00+00:00,1,0.523017
2026-02-19 14:35:00+00:00,1,0.502973
2026-02-19 14:40:00+00:00,0,0.4810187
2026-02-19 14:45:00+00:00,0,0.48919213
2026-02-19 14:50:00+00:00,0,0.47516787
2026-02-19 14:55:00+00:00,0,0.4843554
2026-02-19 15:00:00+00:00,0,0.4731229
2026-02-19 15:05:00+00:00,0,0.48613632
2026-02-19 15:10:00+00:00,1,0.5200073
2026-02-19 15:15:00+00:00,0,0.5136031
2026-02-19 15:20:00+00:00,0,0.5185319
2026-02-19 15:25:00+00:00,1,0.52021164
2026-02-19 15:30:00+00:00,0,0.5191211
2026-02-19 15:35:00+00:00,0,0.5175893
2026-02-19 15:40:00+00:00,0,0.5062491
2026-02-19 15:45:00+00:00,1,0.5156158
2026-02-19 15:50:00+00:00,0,0.51515937
2026-02-19 15:55:00+00:00,0,0.51099783
2026-02-19 16:00:00+00:00,1,0.51937634
2026-02-19 16:05:00+00:00,1,0.52681917
2026-02-19 16:10:00+00:00,1,0.5252386
2026-02-19 16:15:00+00:00,0,0.5164109
2026-02-19 16:20:00+00:00,1,0.5224708
2026-02-19 16:25:00+00:00,1,0.5165174
2026-02-19 16:30:00+00:00,0,0.5099732
2026-02-19 16:35:00+00:00,0,0.5125607
2026-02-19 16:40:00+00:00,1,0.514992
2026-02-19 16:45:00+00:00,1,0.5144696
2026-02-19 16:50:00+00:00,1,0.5133613
2026-02-19 16:55:00+00:00,1,0.5186323
2026-02-19 17:00:00+00:00,1,0.51733625
2026-02-19 17:05:00+00:00,1,0.5207704
2026-02-19 17:10:00+00:00,0,0.49234492
2026-02-19 17:15:00+00:00,0,0.46893534
2026-02-19 17:20:00+00:00,0,0.481233
2026-02-19 17:25:00+00:00,0,0.49296305
2026-02-19 17:30:00+00:00,0,0.4947594
2026-02-19 17:35:00+00:00,1,0.51516765
2026-02-19 17:40:00+00:00,1,0.49476227
2026-02-19 17:45:00+00:00,1,0.518969
2026-02-19 17:50:00+00:00,1,0.52082556
2026-02-19 17:55:00+00:00,1,0.5191233
2026-02-19 18:00:00+00:00,1,0.5185568
2026-02-19 18:05:00+00:00,1,0.50369775
2026-02-19 18:10:00+00:00,1,0.4809283
2026-02-19 18:15:00+00:00,1,0.48327053
2026-02-19 18:20:00+00:00,1,0.47834468
2026-02-19 18:25:00+00:00,1,0.48257372
2026-02-19 18:30:00+00:00,1,0.48842207
2026-02-19 18:35:00+00:00,1,0.4832183
2026-02-19 18:40:00+00:00,0,0.47778156
2026-02-19 18:45:00+00:00,0,0.4780558
2026-02-19 18:50:00+00:00,0,0.47691268
2026-02-19 18:55:00+00:00,0,0.47701856
2026-02-19 19:00:00+00:00,0,0.47826374
2026-02-19 19:05:00+00:00,0,0.47818026
2026-02-19 19:10:00+00:00,0,0.49208254
2026-02-19 19:15:00+00:00,0,0.50321585
2026-02-19 19:20:00+00:00,1,0.49447295
2026-02-19 19:25:00+00:00,1,0.49768984
2026-02-19 19:30:00+00:00,1,0.47824016
2026-02-19 19:35:00+00:00,1,0.5166367
2026-02-19 19:40:00+00:00,1,0.5086737
2026-02-19 19:45:00+00:00,1,0.5140709
2026-02-19 19:50:00+00:00,0,0.4846375
2026-02-19 19:55:00+00:00,0,0.490405
2026-02-19 20:00:00+00:00,0,0.49868295
2026-02-19 20:05:00+00:00,0,0.50204134
2026-02-19 20:10:00+00:00,0,0.50294
2026-02-19 20:15:00+00:00,1,0.5194643
2026-02-19 20:20:00+00:00,1,0.52305096
2026-02-19 20:25:00+00:00,1,0.5232985
2026-02-19 20:30:00+00:00,1,0.5147151
2026-02-19 20:35:00+00:00,1,0.53189254
2026-02-19 20:40:00+00:00,1,0.509919
2026-02-19 20:45:00+00:00,1,0.507572
2026-02-19 20:50:00+00:00,1,0.5068642
2026-02-19 20:55:00+00:00,1,0.50182587
2026-02-19 21:00:00+00:00,1,0.49469802
2026-02-19 21:05:00+00:00,1,0.50245893
2026-02-19 21:10:00+00:00,0,0.50474083
2026-02-19 21:15:00+00:00,0,0.5072879
2026-02-19 21:20:00+00:00,0,0.500893
2026-02-19 21:25:00+00:00,0,0.48790368
2026-02-19 21:30:00+00:00,0,0.50108576
2026-02-19 21:35:00+00:00,0,0.5001113
2026-02-19 21:40:00+00:00,1,0.51106423
2026-02-19 21:45:00+00:00,0,0.50250703
2026-02-19 21:50:00+00:00,0,0.5245975
2026-02-19 21:55:00+00:00,0,0.52781075
2026-02-19 22:00:00+00:00,0,0.524764
2026-02-19 22:05:00+00:00,0,0.52566445
2026-02-19 22:10:00+00:00,0,0.5086892
2026-02-19 22:15:00+00:00,0,0.51090246
2026-02-19 22:20:00+00:00,1,0.52009726
2026-02-19 22:25:00+00:00,1,0.51141965
2026-02-19 22:30:00+00:00,1,0.52009726
2026-02-19 22:35:00+00:00,1,0.52443194
2026-02-19 22:40:00+00:00,1,0.52653205
2026-02-19 22:45:00+00:00,1,0.5182141
2026-02-19 22:50:00+00:00,1,0.514845
2026-02-19 22:55:00+00:00,1,0.51157105
2026-02-19 23:00:00+00:00,1,0.51319623
2026-02-19 23:05:00+00:00,1,0.5147015
2026-02-19 23:10:00+00:00,0,0.51208615
2026-02-19 23:15:00+00:00,0,0.4972347
2026-02-19 23:20:00+00:00,0,0.488985
2026-02-19 23:25:00+00:00,1,0.49959168
2026-02-19 23:30:00+00:00,0,0.49891827
2026-02-19 23:35:00+00:00,0,0.4991264
2026-02-19 23:40:00+00:00,1,0.47823668
2026-02-19 23:45:00+00:00,1,0.48300898
2026-02-19 23:50:00+00:00,1,0.47804192
2026-02-19 23:55:00+00:00,1,0.4814365
2026-02-20 00:00:00+00:00,1,0.50941086
2026-02-20 00:05:00+00:00,1,0.50841606
2026-02-20 00:10:00+00:00,1,0.48959723
2026-02-20 00:15:00+00:00,1,0.4929957
2026-02-20 00:20:00+00:00,1,0.4781918
2026-02-20 00:25:00+00:00,0,0.47337312
2026-02-20 00:30:00+00:00,0,0.4816803
2026-02-20 00:35:00+00:00,0,0.48473048
2026-02-20 00:40:00+00:00,0,0.47624078
2026-02-20 00:45:00+00:00,0,0.47087532
2026-02-20 00:50:00+00:00,0,0.4905563
2026-02-20 00:55:00+00:00,0,0.4818667
2026-02-20 01:00:00+00:00,0,0.48699197
2026-02-20 01:05:00+00:00,1,0.4864985
2026-02-20 01:10:00+00:00,0,0.47901526
2026-02-20 01:15:00+00:00,0,0.491346
2026-02-20 01:20:00+00:00,1,0.51331675
2026-02-20 01:25:00+00:00,1,0.50161433
2026-02-20 01:30:00+00:00,1,0.5007436
2026-02-20 01:35:00+00:00,1,0.4957179
2026-02-20 01:40:00+00:00,1,0.49482688
2026-02-20 01:45:00+00:00,1,0.50752515
2026-02-20 01:50:00+00:00,1,0.50841606
2026-02-20 01:55:00+00:00,1,0.5017282
2026-02-20 02:00:00+00:00,0,0.4883179
2026-02-20 02:05:00+00:00,1,0.5038712
2026-02-20 02:10:00+00:00,1,0.49151286
2026-02-20 02:15:00+00:00,0,0.5070771
2026-02-20 02:20:00+00:00,0,0.5059659
2026-02-20 02:25:00+00:00,0,0.5173635
2026-02-20 02:30:00+00:00,0,0.519452
2026-02-20 02:35:00+00:00,0,0.49690446
2026-02-20 02:40:00+00:00,0,0.4967418
2026-02-20 02:45:00+00:00,0,0.5070174
2026-02-20 02:50:00+00:00,1,0.5152569
2026-02-20 02:55:00+00:00,1,0.5168882
2026-02-20 03:00:00+00:00,1,0.51587707
2026-02-20 03:05:00+00:00,1,0.5194078
2026-02-20 03:10:00+00:00,1,0.5210947
2026-02-20 03:15:00+00:00,1,0.52774036
2026-02-20 03:20:00+00:00,0,0.51579237
2026-02-20 03:25:00+00:00,0,0.4975386
2026-02-20 03:30:00+00:00,0,0.50804543
2026-02-20 03:35:00+00:00,0,0.498833
2026-02-20 03:40:00+00:00,0,0.5203066
2026-02-20 03:45:00+00:00,0,0.51909477
2026-02-20 03:50:00+00:00,0,0.52612674
2026-02-20 03:55:00+00:00,0,0.52740914
2026-02-20 04:00:00+00:00,0,0.5271611
2026-02-20 04:05:00+00:00,0,0.5271611
2026-02-20 04:10:00+00:00,0,0.52806115
2026-02-20 04:15:00+00:00,1,0.52616185
2026-02-20 04:20:00+00:00,1,0.5217125
2026-02-20 04:25:00+00:00,1,0.5230893
2026-02-20 04:30:00+00:00,1,0.5230893
2026-02-20 04:35:00+00:00,0,0.5180677
2026-02-20 04:40:00+00:00,0,0.51058847
2026-02-20 04:45:00+00:00,0,0.51869094
2026-02-20 04:50:00+00:00,0,0.5195924
2026-02-20 04:55:00+00:00,1,0.51981443
2026-02-20 05:00:00+00:00,1,0.51837265
2026-02-20 05:05:00+00:00,1,0.5205052
2026-02-20 05:10:00+00:00,1,0.51992977
2026-02-20 05:15:00+00:00,1,0.5260995
2026-02-20 05:20:00+00:00,1,0.51853526
2026-02-20 05:25:00+00:00,1,0.5121662
2026-02-20 05:30:00+00:00,0,0.4698375
2026-02-20 05:35:00+00:00,0,0.4793653
2026-02-20 05:40:00+00:00,0,0.47197342
2026-02-20 05:45:00+00:00,0,0.47268388
2026-02-20 05:50:00+00:00,0,0.48063162
2026-02-20 05:55:00+00:00,0,0.48233816
2026-02-20 06:00:00+00:00,0,0.4914246
2026-02-20 06:05:00+00:00,0,0.48739466
2026-02-20 06:10:00+00:00,0,0.49054787
2026-02-20 06:15:00+00:00,0,0.48880732
2026-02-20 06:20:00+00:00,1,0.50809526
2026-02-20 06:25:00+00:00,1,0.5051671
2026-02-20 06:30:00+00:00,1,0.4966
2026-02-20 06:35:00+00:00,1,0.49432656
2026-02-20 06:40:00+00:00,1,0.50216216
2026-02-20 06:45:00+00:00,0,0.4809734
2026-02-20 06:50:00+00:00,0,0.4809734
2026-02-20 06:55:00+00:00,0,0.492284
2026-02-20 07:00:00+00:00,1,0.49181044
2026-02-20 07:05:00+00:00,1,0.49274585
2026-02-20 07:10:00+00:00,0,0.48757663
2026-02-20 07:15:00+00:00,0,0.491448
2026-02-20 07:20:00+00:00,0,0.48399556
2026-02-20 07:25:00+00:00,0,0.49598545
2026-02-20 07:30:00+00:00,0,0.49802727
2026-02-20 07:35:00+00:00,0,0.49391344
2026-02-20 07:40:00+00:00,0,0.4953007
2026-02-20 07:45:00+00:00,1,0.50652
2026-02-20 07:50:00+00:00,0,0.49846697
2026-02-20 07:55:00+00:00,1,0.50412005
2026-02-20 08:00:00+00:00,0,0.50557786
2026-02-20 08:05:00+00:00,1,0.5064547
2026-02-20 08:10:00+00:00,0,0.4988684
2026-02-20 08:15:00+00:00,0,0.48944297
2026-02-20 08:20:00+00:00,1,0.49708727
2026-02-20 08:25:00+00:00,1,0.5066772
2026-02-20 08:30:00+00:00,1,0.5058755
2026-02-20 08:35:00+00:00,1,0.49921957
2026-02-20 08:40:00+00:00,1,0.49044427
2026-02-20 08:45:00+00:00,1,0.49763432
2026-02-20 08:50:00+00:00,1,0.48293918
2026-02-20 08:55:00+00:00,1,0.4921807
2026-02-20 09:00:00+00:00,1,0.46413887
2026-02-20 09:05:00+00:00,1,0.4671781
2026-02-20 09:10:00+00:00,0,0.47273564
2026-02-20 09:15:00+00:00,0,0.47273564
2026-02-20 09:20:00+00:00,1,0.48030317
2026-02-20 09:25:00+00:00,1,0.47703087
2026-02-20 09:30:00+00:00,1,0.47789982
2026-02-20 09:35:00+00:00,1,0.47789982
2026-02-20 09:40:00+00:00,1,0.47665253
2026-02-20 09:45:00+00:00,1,0.47562113
2026-02-20 09:50:00+00:00,1,0.47145107
2026-02-20 09:55:00+00:00,1,0.47063354
2026-02-20 10:00:00+00:00,1,0.47647867
2026-02-20 10:05:00+00:00,0,0.49119037
2026-02-20 10:10:00+00:00,0,0.48705336
2026-02-20 10:15:00+00:00,0,0.49350825
2026-02-20 10:20:00+00:00,0,0.47706696
2026-02-20 10:25:00+00:00,0,0.47550112
2026-02-20 10:30:00+00:00,0,0.48296815
2026-02-20 10:35:00+00:00,0,0.4743727
2026-02-20 10:40:00+00:00,0,0.48296815
2026-02-20 10:45:00+00:00,0,0.47419927
2026-02-20 10:50:00+00:00,0,0.48034936
2026-02-20 10:55:00+00:00,0,0.47316617
2026-02-20 11:00:00+00:00,1,0.48771006
2026-02-20 11:05:00+00:00,0,0.4875533
2026-02-20 11:10:00+00:00,0,0.50182194
2026-02-20 11:15:00+00:00,0,0.50310874
2026-02-20 11:20:00+00:00,0,0.5041101
2026-02-20 11:25:00+00:00,0,0.49414676
2026-02-20 11:30:00+00:00,0,0.49257502
2026-02-20 11:35:00+00:00,0,0.49616206
2026-02-20 11:40:00+00:00,1,0.5071891
2026-02-20 11:45:00+00:00,0,0.50435704
2026-02-20 11:50:00+00:00,0,0.5108958
2026-02-20 11:55:00+00:00,0,0.5108958
2026-02-20 12:00:00+00:00,0,0.5108958
2026-02-20 12:05:00+00:00,0,0.5057115
2026-02-20 12:10:00+00:00,0,0.50658333
2026-02-20 12:15:00+00:00,1,0.51370734
2026-02-20 12:20:00+00:00,1,0.50814235
2026-02-20 12:25:00+00:00,1,0.5063254
2026-02-20 12:30:00+00:00,0,0.51370734
2026-02-20 12:35:00+00:00,0,0.51370734
2026-02-20 12:40:00+00:00,0,0.4996546
2026-02-20 12:45:00+00:00,0,0.5059552
2026-02-20 12:50:00+00:00,0,0.504838
2026-02-20 12:55:00+00:00,0,0.5070011
2026-02-20 13:00:00+00:00,0,0.50909907
2026-02-20 13:05:00+00:00,0,0.50257605
2026-02-20 13:10:00+00:00,0,0.5071891
2026-02-20 13:15:00+00:00,0,0.4882316
2026-02-20 13:20:00+00:00,0,0.5043184
2026-02-20 13:25:00+00:00,0,0.5043184
2026-02-20 13:30:00+00:00,1,0.5047608
2026-02-20 13:35:00+00:00,1,0.5278429
2026-02-20 13:40:00+00:00,1,0.5278429
2026-02-20 13:45:00+00:00,1,0.5234294
2026-02-20 13:50:00+00:00,1,0.5250105
2026-02-20 13:55:00+00:00,1,0.51958656
2026-02-20 14:00:00+00:00,1,0.51316667
2026-02-20 14:05:00+00:00,1,0.51818496
2026-02-20 14:10:00+00:00,1,0.51742125
2026-02-20 14:15:00+00:00,1,0.5157825
2026-02-20 14:20:00+00:00,1,0.5063527
2026-02-20 14:25:00+00:00,1,0.50263625
2026-02-20 14:30:00+00:00,1,0.47859526
2026-02-20 14:35:00+00:00,1,0.47042578
2026-02-20 14:40:00+00:00,1,0.47915924
2026-02-20 14:45:00+00:00,1,0.47526446
2026-02-20 14:50:00+00:00,1,0.4869066
2026-02-20 14:55:00+00:00,1,0.47994444
2026-02-20 15:00:00+00:00,0,0.49588284
2026-02-20 15:05:00+00:00,0,0.49209362
2026-02-20 15:10:00+00:00,1,0.4951871
2026-02-20 15:15:00+00:00,1,0.5043273
2026-02-20 15:20:00+00:00,1,0.5042189
2026-02-20 15:25:00+00:00,1,0.5024349
2026-02-20 15:30:00+00:00,1,0.50531584
2026-02-20 15:35:00+00:00,1,0.5000058
2026-02-20 15:40:00+00:00,1,0.50442773
2026-02-20 15:45:00+00:00,1,0.50442773
2026-02-20 15:50:00+00:00,1,0.5069562
2026-02-20 15:55:00+00:00,1,0.52432305
2026-02-20 16:00:00+00:00,0,0.5336794
2026-02-20 16:05:00+00:00,0,0.55462295
2026-02-20 16:10:00+00:00,0,0.5386435
2026-02-20 16:15:00+00:00,0,0.5381432
2026-02-20 16:20:00+00:00,0,0.54270506
2026-02-20 16:25:00+00:00,0,0.54935515
2026-02-20 16:30:00+00:00,0,0.53877777
2026-02-20 16:35:00+00:00,0,0.5249404
2026-02-20 16:40:00+00:00,0,0.5372326
2026-02-20 16:45:00+00:00,0,0.54220986
2026-02-20 16:50:00+00:00,0,0.5437572
2026-02-20 16:55:00+00:00,0,0.5499144
2026-02-20 17:00:00+00:00,0,0.5460932
2026-02-20 17:05:00+00:00,0,0.5282897
2026-02-20 17:10:00+00:00,1,0.53518844
2026-02-20 17:15:00+00:00,1,0.5533722
2026-02-20 17:20:00+00:00,1,0.54615
2026-02-20 17:25:00+00:00,1,0.55163866
2026-02-20 17:30:00+00:00,1,0.53822494
2026-02-20 17:35:00+00:00,1,0.53044116
2026-02-20 17:40:00+00:00,1,0.52613795
2026-02-20 17:45:00+00:00,0,0.52253157
2026-02-20 17:50:00+00:00,0,0.52567106
2026-02-20 17:55:00+00:00,0,0.53143764
2026-02-20 18:00:00+00:00,0,0.5527054
2026-02-20 18:05:00+00:00,0,0.5444974
2026-02-20 18:10:00+00:00,0,0.55431443
2026-02-20 18:15:00+00:00,0,0.55236876
2026-02-20 18:20:00+00:00,0,0.56142855
2026-02-20 18:25:00+00:00,0,0.53266275
2026-02-20 18:30:00+00:00,0,0.5482978
2026-02-20 18:35:00+00:00,1,0.5633785
2026-02-20 18:40:00+00:00,0,0.56016487
2026-02-20 18:45:00+00:00,0,0.5618042
2026-02-20 18:50:00+00:00,1,0.5592485
2026-02-20 18:55:00+00:00,0,0.56167537
2026-02-20 19:00:00+00:00,1,0.5452834
2026-02-20 19:05:00+00:00,1,0.5290644
2026-02-20 19:10:00+00:00,0,0.5248172
2026-02-20 19:15:00+00:00,0,0.5347604
2026-02-20 19:20:00+00:00,0,0.525795
2026-02-20 19:25:00+00:00,1,0.5216101
2026-02-20 19:30:00+00:00,1,0.5080258
2026-02-20 19:35:00+00:00,1,0.5101382
2026-02-20 19:40:00+00:00,1,0.52123183
2026-02-20 19:45:00+00:00,1,0.5281363
2026-02-20 19:50:00+00:00,1,0.51846087
2026-02-20 19:55:00+00:00,1,0.51946175
2026-02-20 20:00:00+00:00,0,0.5000788
2026-02-20 20:05:00+00:00,0,0.49282715
2026-02-20 20:10:00+00:00,0,0.48535287
2026-02-20 20:15:00+00:00,0,0.49501294
2026-02-20 20:20:00+00:00,1,0.51847917
2026-02-20 20:25:00+00:00,1,0.5280561
2026-02-20 20:30:00+00:00,1,0.53370476
2026-02-20 20:35:00+00:00,1,0.5230748
2026-02-20 20:40:00+00:00,0,0.492059
2026-02-20 20:45:00+00:00,0,0.49663046
2026-02-20 20:50:00+00:00,0,0.5014672
2026-02-20 20:55:00+00:00,0,0.5011188
2026-02-20 21:00:00+00:00,1,0.5152677
2026-02-20 21:05:00+00:00,1,0.5127267
2026-02-20 21:10:00+00:00,1,0.5239368
2026-02-20 21:15:00+00:00,1,0.5320604
2026-02-20 21:20:00+00:00,1,0.52946013
2026-02-20 21:25:00+00:00,1,0.5045942
2026-02-20 21:30:00+00:00,1,0.4932021
2026-02-20 21:35:00+00:00,1,0.4979756
2026-02-20 21:40:00+00:00,0,0.49776366
2026-02-20 21:45:00+00:00,0,0.4817912
2026-02-20 21:50:00+00:00,1,0.4927766
2026-02-20 21:55:00+00:00,1,0.4929533
2026-02-20 22:00:00+00:00,1,0.50219595
2026-02-20 22:05:00+00:00,1,0.5001204
2026-02-20 22:10:00+00:00,1,0.51649594
2026-02-20 22:15:00+00:00,1,0.5168606
2026-02-20 22:20:00+00:00,0,0.47864163
2026-02-20 22:25:00+00:00,1,0.48192477
2026-02-20 22:30:00+00:00,1,0.49393985
2026-02-20 22:35:00+00:00,1,0.5026878
2026-02-20 22:40:00+00:00,1,0.50728625
2026-02-20 22:45:00+00:00,1,0.50522935
2026-02-20 22:50:00+00:00,1,0.49851882
2026-02-20 22:55:00+00:00,0,0.4792769
2026-02-20 23:00:00+00:00,0,0.48042497
2026-02-20 23:05:00+00:00,0,0.4840717
2026-02-20 23:10:00+00:00,0,0.49661222
2026-02-20 23:15:00+00:00,0,0.4946477
2026-02-20 23:20:00+00:00,0,0.50840384
2026-02-20 23:25:00+00:00,0,0.49824014
2026-02-20 23:30:00+00:00,0,0.49636444
2026-02-20 23:35:00+00:00,1,0.52601117
2026-02-20 23:40:00+00:00,1,0.5199146
2026-02-20 23:45:00+00:00,0,0.50931853
2026-02-20 23:50:00+00:00,0,0.50703585
2026-02-20 23:55:00+00:00,0,0.50931853
2026-02-21 00:00:00+00:00,0,0.5050083
2026-02-21 00:05:00+00:00,0,0.49521878
2026-02-21 00:10:00+00:00,0,0.505211
2026-02-21 00:15:00+00:00,0,0.52975935
2026-02-21 00:20:00+00:00,0,0.52980566
2026-02-21 00:25:00+00:00,0,0.53077435
2026-02-21 00:30:00+00:00,0,0.53077435
2026-02-21 00:35:00+00:00,0,0.53077435
2026-02-21 00:40:00+00:00,0,0.5220202
2026-02-21 00:45:00+00:00,0,0.5220202
2026-02-21 00:50:00+00:00,0,0.5292435
2026-02-21 00:55:00+00:00,0,0.53186274
2026-02-21 01:00:00+00:00,1,0.52975935
2026-02-21 01:05:00+00:00,1,0.52975935
2026-02-21 01:10:00+00:00,1,0.5256515
2026-02-21 01:15:00+00:00,1,0.52111363
2026-02-21 01:20:00+00:00,1,0.53065884
2026-02-21 01:25:00+00:00,1,0.50964624
2026-02-21 01:30:00+00:00,1,0.5211074
2026-02-21 01:35:00+00:00,0,0.51494575
2026-02-21 01:40:00+00:00,0,0.51660085
2026-02-21 01:45:00+00:00,0,0.515699
2026-02-21 01:50:00+00:00,1,0.51694727
2026-02-21 01:55:00+00:00,1,0.5158637
2026-02-21 02:00:00+00:00,1,0.5283913
2026-02-21 02:05:00+00:00,1,0.52929103
2026-02-21 02:10:00+00:00,1,0.53022605
2026-02-21 02:15:00+00:00,1,0.5156916
2026-02-21 02:20:00+00:00,0,0.50139135
2026-02-21 02:25:00+00:00,0,0.48650002
2026-02-21 02:30:00+00:00,0,0.4777598
2026-02-21 02:35:00+00:00,0,0.48746547
2026-02-21 02:40:00+00:00,0,0.48650002
2026-02-21 02:45:00+00:00,0,0.49578133
2026-02-21 02:50:00+00:00,0,0.50816673
2026-02-21 02:55:00+00:00,0,0.5008963
2026-02-21 03:00:00+00:00,1,0.51160836
2026-02-21 03:05:00+00:00,1,0.5125693
2026-02-21 03:10:00+00:00,1,0.5134714
2026-02-21 03:15:00+00:00,1,0.5250745
2026-02-21 03:20:00+00:00,0,0.5191469
2026-02-21 03:25:00+00:00,0,0.5094372
2026-02-21 03:30:00+00:00,0,0.4930478
2026-02-21 03:35:00+00:00,0,0.51350254
2026-02-21 03:40:00+00:00,0,0.5065367
2026-02-21 03:45:00+00:00,0,0.5104564
2026-02-21 03:50:00+00:00,0,0.5254883
2026-02-21 03:55:00+00:00,0,0.5534192
2026-02-21 04:00:00+00:00,0,0.55466115
2026-02-21 04:05:00+00:00,0,0.54701656
2026-02-21 04:10:00+00:00,1,0.5508776
2026-02-21 04:15:00+00:00,1,0.5445053
2026-02-21 04:20:00+00:00,1,0.54175866
2026-02-21 04:25:00+00:00,1,0.53347194
2026-02-21 04:30:00+00:00,1,0.5441713
2026-02-21 04:35:00+00:00,1,0.50645113
2026-02-21 04:40:00+00:00,1,0.49868965
2026-02-21 04:45:00+00:00,1,0.50051165
2026-02-21 04:50:00+00:00,1,0.49922407
2026-02-21 04:55:00+00:00,1,0.5039284
2026-02-21 05:00:00+00:00,1,0.49277574
2026-02-21 05:05:00+00:00,1,0.49038452
2026-02-21 05:10:00+00:00,1,0.49558333
2026-02-21 05:15:00+00:00,0,0.48345134
2026-02-21 05:20:00+00:00,0,0.47861558
2026-02-21 05:25:00+00:00,0,0.4782225
2026-02-21 05:30:00+00:00,0,0.48513135
2026-02-21 05:35:00+00:00,0,0.4890339
2026-02-21 05:40:00+00:00,0,0.49801096
2026-02-21 05:45:00+00:00,0,0.5092192
2026-02-21 05:50:00+00:00,0,0.50550723
2026-02-21 05:55:00+00:00,0,0.5122284
2026-02-21 06:00:00+00:00,0,0.5062972
2026-02-21 06:05:00+00:00,0,0.5204225
2026-02-21 06:10:00+00:00,0,0.50114936
2026-02-21 06:15:00+00:00,0,0.50936586
2026-02-21 06:20:00+00:00,0,0.5192177
2026-02-21 06:25:00+00:00,0,0.52192724
2026-02-21 06:30:00+00:00,0,0.5279655
2026-02-21 06:35:00+00:00,0,0.5410185
2026-02-21 06:40:00+00:00,0,0.5281992
2026-02-21 06:45:00+00:00,1,0.5281992
2026-02-21 06:50:00+00:00,1,0.5161596
2026-02-21 06:55:00+00:00,1,0.5120399
2026-02-21 07:00:00+00:00,1,0.509161
2026-02-21 07:05:00+00:00,1,0.509161
2026-02-21 07:10:00+00:00,0,0.508223
2026-02-21 07:15:00+00:00,0,0.5047847
2026-02-21 07:20:00+00:00,0,0.50750375
2026-02-21 07:25:00+00:00,0,0.49709156
2026-02-21 07:30:00+00:00,1,0.53566307
2026-02-21 07:35:00+00:00,0,0.5304991
2026-02-21 07:40:00+00:00,1,0.5350502
2026-02-21 07:45:00+00:00,0,0.5274084
2026-02-21 07:50:00+00:00,1,0.50838935
2026-02-21 07:55:00+00:00,1,0.5356113
2026-02-21 08:00:00+00:00,1,0.50729245
2026-02-21 08:05:00+00:00,1,0.50673133
2026-02-21 08:10:00+00:00,1,0.5038904
2026-02-21 08:15:00+00:00,1,0.49808937
2026-02-21 08:20:00+00:00,1,0.49039462
2026-02-21 08:25:00+00:00,1,0.4963462
2026-02-21 08:30:00+00:00,1,0.4870129
2026-02-21 08:35:00+00:00,1,0.4860779
2026-02-21 08:40:00+00:00,1,0.47412953
2026-02-21 08:45:00+00:00,1,0.47412953
2026-02-21 08:50:00+00:00,1,0.46988833
2026-02-21 08:55:00+00:00,1,0.46988833
2026-02-21 09:00:00+00:00,1,0.47805282
2026-02-21 09:05:00+00:00,1,0.47350773
2026-02-21 09:10:00+00:00,1,0.48013085
2026-02-21 09:15:00+00:00,1,0.462652
2026-02-21 09:20:00+00:00,0,0.47666207
2026-02-21 09:25:00+00:00,0,0.48320273
2026-02-21 09:30:00+00:00,0,0.48118204
2026-02-21 09:35:00+00:00,0,0.47013167
2026-02-21 09:40:00+00:00,0,0.48073328
2026-02-21 09:45:00+00:00,0,0.48993397
2026-02-21 09:50:00+00:00,1,0.4833215
2026-02-21 09:55:00+00:00,1,0.48686445
2026-02-21 10:00:00+00:00,0,0.47994483
2026-02-21 10:05:00+00:00,0,0.47637844
2026-02-21 10:10:00+00:00,0,0.48578644
2026-02-21 10:15:00+00:00,0,0.4880798
2026-02-21 10:20:00+00:00,0,0.488835
2026-02-21 10:25:00+00:00,0,0.49007437
2026-02-21 10:30:00+00:00,0,0.4997117
2026-02-21 10:35:00+00:00,1,0.48982948
2026-02-21 10:40:00+00:00,1,0.49609956
2026-02-21 10:45:00+00:00,1,0.509658
2026-02-21 10:50:00+00:00,0,0.5004343
2026-02-21 10:55:00+00:00,1,0.5070279
2026-02-21 11:00:00+00:00,0,0.51320523
2026-02-21 11:05:00+00:00,0,0.48624447
2026-02-21 11:10:00+00:00,0,0.50598395
2026-02-21 11:15:00+00:00,0,0.5018935
2026-02-21 11:20:00+00:00,0,0.5049131
2026-02-21 11:25:00+00:00,0,0.50395805
2026-02-21 11:30:00+00:00,0,0.51040906
2026-02-21 11:35:00+00:00,0,0.51090103
2026-02-21 11:40:00+00:00,0,0.5123139
2026-02-21 11:45:00+00:00,0,0.505552
2026-02-21 11:50:00+00:00,0,0.5121981
2026-02-21 11:55:00+00:00,0,0.5078865
2026-02-21 12:00:00+00:00,0,0.50182754
2026-02-21 12:05:00+00:00,0,0.49695358
2026-02-21 12:10:00+00:00,0,0.49839228
2026-02-21 12:15:00+00:00,0,0.4981341
2026-02-21 12:20:00+00:00,0,0.49555615
2026-02-21 12:25:00+00:00,1,0.5093314
2026-02-21 12:30:00+00:00,1,0.51320523
2026-02-21 12:35:00+00:00,1,0.51194143
2026-02-21 12:40:00+00:00,1,0.5128436
2026-02-21 12:45:00+00:00,0,0.5159478
2026-02-21 12:50:00+00:00,0,0.50739276
2026-02-21 12:55:00+00:00,0,0.50368184
2026-02-21 13:00:00+00:00,0,0.50084484
2026-02-21 13:05:00+00:00,0,0.49364185
2026-02-21 13:10:00+00:00,0,0.50485843
2026-02-21 13:15:00+00:00,1,0.50470924
2026-02-21 13:20:00+00:00,1,0.4996655
2026-02-21 13:25:00+00:00,1,0.5005415
2026-02-21 13:30:00+00:00,1,0.51320523
2026-02-21 13:35:00+00:00,1,0.505912
2026-02-21 13:40:00+00:00,1,0.50739276
2026-02-21 13:45:00+00:00,1,0.49396393
2026-02-21 13:50:00+00:00,1,0.4989795
2026-02-21 13:55:00+00:00,1,0.4830244
2026-02-21 14:00:00+00:00,1,0.48457468
2026-02-21 14:05:00+00:00,1,0.48633727
2026-02-21 14:10:00+00:00,1,0.4984946
2026-02-21 14:15:00+00:00,1,0.5005788
2026-02-21 14:20:00+00:00,0,0.46551138
2026-02-21 14:25:00+00:00,0,0.4769605
2026-02-21 14:30:00+00:00,0,0.47047687
2026-02-21 14:35:00+00:00,0,0.47598448
2026-02-21 14:40:00+00:00,0,0.4827059
2026-02-21 14:45:00+00:00,0,0.48517668
2026-02-21 14:50:00+00:00,1,0.50224674
2026-02-21 14:55:00+00:00,0,0.50466025
2026-02-21 15:00:00+00:00,0,0.50151587
2026-02-21 15:05:00+00:00,1,0.5024186
2026-02-21 15:10:00+00:00,1,0.51069295
2026-02-21 15:15:00+00:00,0,0.4998415
2026-02-21 15:20:00+00:00,0,0.4982496
2026-02-21 15:25:00+00:00,0,0.49869153
2026-02-21 15:30:00+00:00,0,0.505788
2026-02-21 15:35:00+00:00,0,0.5064116
2026-02-21 15:40:00+00:00,0,0.4946424
2026-02-21 15:45:00+00:00,0,0.5080689
2026-02-21 15:50:00+00:00,0,0.50679487
2026-02-21 15:55:00+00:00,0,0.510809
2026-02-21 16:00:00+00:00,0,0.540981
2026-02-21 16:05:00+00:00,0,0.5407082
2026-02-21 16:10:00+00:00,0,0.5407082
2026-02-21 16:15:00+00:00,0,0.5421406
2026-02-21 16:20:00+00:00,1,0.5427724
2026-02-21 16:25:00+00:00,1,0.5429113
2026-02-21 16:30:00+00:00,1,0.5453275
2026-02-21 16:35:00+00:00,0,0.5371209
2026-02-21 16:40:00+00:00,0,0.5093504
2026-02-21 16:45:00+00:00,0,0.53637004
2026-02-21 16:50:00+00:00,0,0.51499844
2026-02-21 16:55:00+00:00,0,0.53633565
2026-02-21 17:00:00+00:00,0,0.5408007
2026-02-21 17:05:00+00:00,0,0.53894806
2026-02-21 17:10:00+00:00,1,0.5399228
2026-02-21 17:15:00+00:00,1,0.5445933
2026-02-21 17:20:00+00:00,1,0.5367651
2026-02-21 17:25:00+00:00,1,0.54466224
2026-02-21 17:30:00+00:00,1,0.52213717
2026-02-21 17:35:00+00:00,1,0.5094866
2026-02-21 17:40:00+00:00,1,0.5063228
2026-02-21 17:45:00+00:00,1,0.50228256
2026-02-21 17:50:00+00:00,1,0.50741595
2026-02-21 17:55:00+00:00,1,0.5054448
2026-02-21 18:00:00+00:00,0,0.49068493
2026-02-21 18:05:00+00:00,0,0.50264114
2026-02-21 18:10:00+00:00,0,0.50040466
2026-02-21 18:15:00+00:00,1,0.5037151
2026-02-21 18:20:00+00:00,1,0.4865922
2026-02-21 18:25:00+00:00,1,0.5275566
2026-02-21 18:30:00+00:00,1,0.51630074
2026-02-21 18:35:00+00:00,1,0.5032658
2026-02-21 18:40:00+00:00,1,0.5135259
2026-02-21 18:45:00+00:00,0,0.48842564
2026-02-21 18:50:00+00:00,0,0.47587454
2026-02-21 18:55:00+00:00,0,0.48723024
2026-02-21 19:00:00+00:00,0,0.5050992
2026-02-21 19:05:00+00:00,0,0.5004667
2026-02-21 19:10:00+00:00,0,0.5210646
2026-02-21 19:15:00+00:00,0,0.51677525
2026-02-21 19:20:00+00:00,0,0.54709405
2026-02-21 19:25:00+00:00,0,0.5409334
2026-02-21 19:30:00+00:00,0,0.5559385
2026-02-21 19:35:00+00:00,0,0.5383891
2026-02-21 19:40:00+00:00,0,0.5564813
2026-02-21 19:45:00+00:00,1,0.54694134
2026-02-21 19:50:00+00:00,1,0.55620396
2026-02-21 19:55:00+00:00,1,0.55722815
2026-02-21 20:00:00+00:00,1,0.56069356
2026-02-21 20:05:00+00:00,0,0.55024576
2026-02-21 20:10:00+00:00,0,0.5615828
2026-02-21 20:15:00+00:00,0,0.52854997
2026-02-21 20:20:00+00:00,0,0.5213622
2026-02-21 20:25:00+00:00,0,0.519838
2026-02-21 20:30:00+00:00,0,0.52638316
2026-02-21 20:35:00+00:00,0,0.5516941
2026-02-21 20:40:00+00:00,0,0.5605608
2026-02-21 20:45:00+00:00,0,0.5631953
2026-02-21 20:50:00+00:00,1,0.5596026
2026-02-21 20:55:00+00:00,1,0.5596026
2026-02-21 21:00:00+00:00,1,0.52612376
2026-02-21 21:05:00+00:00,1,0.521874
2026-02-21 21:10:00+00:00,1,0.53000414
2026-02-21 21:15:00+00:00,1,0.5197675
2026-02-21 21:20:00+00:00,1,0.50862
2026-02-21 21:25:00+00:00,1,0.5102114
2026-02-21 21:30:00+00:00,1,0.51087403
2026-02-21 21:35:00+00:00,1,0.5136085
2026-02-21 21:40:00+00:00,1,0.5191661
2026-02-21 21:45:00+00:00,0,0.5053044
2026-02-21 21:50:00+00:00,0,0.4970856
2026-02-21 21:55:00+00:00,0,0.50764215
2026-02-21 22:00:00+00:00,0,0.49084535
2026-02-21 22:05:00+00:00,0,0.5029746
2026-02-21 22:10:00+00:00,0,0.51547945
2026-02-21 22:15:00+00:00,0,0.5086716
2026-02-21 22:20:00+00:00,0,0.50317556
2026-02-21 22:25:00+00:00,0,0.51322234
2026-02-21 22:30:00+00:00,0,0.5253394
2026-02-21 22:35:00+00:00,0,0.5157848
2026-02-21 22:40:00+00:00,0,0.52452284
2026-02-21 22:45:00+00:00,0,0.52315575
2026-02-21 22:50:00+00:00,1,0.51419944
2026-02-21 22:55:00+00:00,1,0.50841373
2026-02-21 23:00:00+00:00,1,0.51349443
2026-02-21 23:05:00+00:00,1,0.5151451
2026-02-21 23:10:00+00:00,1,0.5218873
2026-02-21 23:15:00+00:00,0,0.5156097
2026-02-21 23:20:00+00:00,0,0.4989039
2026-02-21 23:25:00+00:00,0,0.5141336
2026-02-21 23:30:00+00:00,0,0.5132315
2026-02-21 23:35:00+00:00,0,0.51455116
2026-02-21 23:40:00+00:00,0,0.5191284
2026-02-21 23:45:00+00:00,0,0.5282282
2026-02-21 23:50:00+00:00,0,0.52164716
2026-02-21 23:55:00+00:00,0,0.5238329
2026-02-22 00:00:00+00:00,0,0.52836835
2026-02-22 00:05:00+00:00,0,0.51933604
2026-02-22 00:10:00+00:00,0,0.5179416
2026-02-22 00:15:00+00:00,0,0.52836835
2026-02-22 00:20:00+00:00,0,0.55496657
2026-02-22 00:25:00+00:00,0,0.55212945
2026-02-22 00:30:00+00:00,1,0.55212945
2026-02-22 00:35:00+00:00,0,0.55400586
2026-02-22 00:40:00+00:00,1,0.55400586
2026-02-22 00:45:00+00:00,1,0.5538727
2026-02-22 00:50:00+00:00,1,0.5155954
2026-02-22 00:55:00+00:00,0,0.5152781
2026-02-22 01:00:00+00:00,1,0.51773375
2026-02-22 01:05:00+00:00,1,0.5208747
2026-02-22 01:10:00+00:00,1,0.51362455
2026-02-22 01:15:00+00:00,1,0.5318332
2026-02-22 01:20:00+00:00,1,0.52410114
2026-02-22 01:25:00+00:00,1,0.5459984
2026-02-22 01:30:00+00:00,1,0.5208893
2026-02-22 01:35:00+00:00,1,0.5199716
2026-02-22 01:40:00+00:00,1,0.51668715
2026-02-22 01:45:00+00:00,1,0.5168918
2026-02-22 01:50:00+00:00,0,0.50956535
2026-02-22 01:55:00+00:00,0,0.5034978
2026-02-22 02:00:00+00:00,0,0.5060031
2026-02-22 02:05:00+00:00,0,0.49777514
2026-02-22 02:10:00+00:00,0,0.48710406
2026-02-22 02:15:00+00:00,0,0.49822298
2026-02-22 02:20:00+00:00,0,0.5103908
2026-02-22 02:25:00+00:00,0,0.5103908
2026-02-22 02:30:00+00:00,0,0.5169485
2026-02-22 02:35:00+00:00,0,0.55339736
2026-02-22 02:40:00+00:00,0,0.54182684
2026-02-22 02:45:00+00:00,0,0.55210435
2026-02-22 02:50:00+00:00,0,0.55210435
2026-02-22 02:55:00+00:00,0,0.5535306
2026-02-22 03:00:00+00:00,0,0.55397254
2026-02-22 03:05:00+00:00,0,0.5538393
2026-02-22 03:10:00+00:00,0,0.5375281
2026-02-22 03:15:00+00:00,1,0.55276906
2026-02-22 03:20:00+00:00,1,0.5545701
2026-02-22 03:25:00+00:00,1,0.55366164
2026-02-22 03:30:00+00:00,1,0.55366164
2026-02-22 03:35:00+00:00,1,0.554195
2026-02-22 03:40:00+00:00,1,0.5320471
2026-02-22 03:45:00+00:00,0,0.5454981
2026-02-22 03:50:00+00:00,0,0.5452583
2026-02-22 03:55:00+00:00,0,0.5506909
2026-02-22 04:00:00+00:00,1,0.5458811
2026-02-22 04:05:00+00:00,0,0.54916996
2026-02-22 04:10:00+00:00,0,0.52162254
2026-02-22 04:15:00+00:00,0,0.53993833
2026-02-22 04:20:00+00:00,0,0.55100524
2026-02-22 04:25:00+00:00,0,0.54137206
2026-02-22 04:30:00+00:00,0,0.5324571
2026-02-22 04:35:00+00:00,0,0.54726696
2026-02-22 04:40:00+00:00,0,0.5534367
2026-02-22 04:45:00+00:00,0,0.5534367
2026-02-22 04:50:00+00:00,0,0.55614865
2026-02-22 04:55:00+00:00,1,0.54470813
2026-02-22 05:00:00+00:00,1,0.53595555
2026-02-22 05:05:00+00:00,0,0.5452651
2026-02-22 05:10:00+00:00,1,0.5397044
2026-02-22 05:15:00+00:00,0,0.54025805
2026-02-22 05:20:00+00:00,0,0.5181766
2026-02-22 05:25:00+00:00,0,0.51216966
2026-02-22 05:30:00+00:00,0,0.5160262
2026-02-22 05:35:00+00:00,0,0.5413074
2026-02-22 05:40:00+00:00,0,0.5266416
2026-02-22 05:45:00+00:00,0,0.5257414
2026-02-22 05:50:00+00:00,0,0.5531217
2026-02-22 05:55:00+00:00,1,0.555834
2026-02-22 06:00:00+00:00,1,0.5413074
2026-02-22 06:05:00+00:00,1,0.5448993
2026-02-22 06:10:00+00:00,1,0.5397261
2026-02-22 06:15:00+00:00,1,0.5397261
2026-02-22 06:20:00+00:00,1,0.5508607
2026-02-22 06:25:00+00:00,1,0.54002833
2026-02-22 06:30:00+00:00,1,0.52879745
2026-02-22 06:35:00+00:00,1,0.533962
2026-02-22 06:40:00+00:00,1,0.52066284
2026-02-22 06:45:00+00:00,0,0.5211808
2026-02-22 06:50:00+00:00,0,0.53236085
2026-02-22 06:55:00+00:00,0,0.5248803
2026-02-22 07:00:00+00:00,0,0.50424325
2026-02-22 07:05:00+00:00,0,0.52246875
2026-02-22 07:10:00+00:00,0,0.50478005
2026-02-22 07:15:00+00:00,1,0.5253577
2026-02-22 07:20:00+00:00,0,0.51245594
2026-02-22 07:25:00+00:00,0,0.5109572
2026-02-22 07:30:00+00:00,0,0.50773877
2026-02-22 07:35:00+00:00,0,0.5019983
2026-02-22 07:40:00+00:00,0,0.49134958
2026-02-22 07:45:00+00:00,0,0.4983422
2026-02-22 07:50:00+00:00,0,0.49803182
2026-02-22 07:55:00+00:00,0,0.50387675
2026-02-22 08:00:00+00:00,0,0.4926889
2026-02-22 08:05:00+00:00,0,0.5081033
2026-02-22 08:10:00+00:00,0,0.5013369
2026-02-22 08:15:00+00:00,0,0.5057406
2026-02-22 08:20:00+00:00,0,0.5084686
2026-02-22 08:25:00+00:00,0,0.51605994
2026-02-22 08:30:00+00:00,1,0.5093349
2026-02-22 08:35:00+00:00,1,0.51374245
2026-02-22 08:40:00+00:00,1,0.5102749
2026-02-22 08:45:00+00:00,1,0.4961325
2026-02-22 08:50:00+00:00,1,0.5051325
2026-02-22 08:55:00+00:00,1,0.509185
2026-02-22 09:00:00+00:00,1,0.5030644
2026-02-22 09:05:00+00:00,1,0.50230193
2026-02-22 09:10:00+00:00,1,0.50730485
2026-02-22 09:15:00+00:00,1,0.49477655
2026-02-22 09:20:00+00:00,1,0.50521785
2026-02-22 09:25:00+00:00,1,0.51016456
2026-02-22 09:30:00+00:00,1,0.5054514
2026-02-22 09:35:00+00:00,1,0.49575388
2026-02-22 09:40:00+00:00,1,0.49792498
2026-02-22 09:45:00+00:00,1,0.50370765
2026-02-22 09:50:00+00:00,1,0.49588367
2026-02-22 09:55:00+00:00,1,0.5050823
2026-02-22 10:00:00+00:00,0,0.5163356
2026-02-22 10:05:00+00:00,0,0.47395703
2026-02-22 10:10:00+00:00,0,0.48245737
2026-02-22 10:15:00+00:00,0,0.48135808
2026-02-22 10:20:00+00:00,0,0.48521772
2026-02-22 10:25:00+00:00,0,0.48271835
2026-02-22 10:30:00+00:00,0,0.49680158
2026-02-22 10:35:00+00:00,0,0.49948794
2026-02-22 10:40:00+00:00,1,0.49911454
2026-02-22 10:45:00+00:00,1,0.50113934
2026-02-22 10:50:00+00:00,0,0.5034129
2026-02-22 10:55:00+00:00,1,0.50167567
2026-02-22 11:00:00+00:00,1,0.50072443
2026-02-22 11:05:00+00:00,0,0.49475467
2026-02-22 11:10:00+00:00,0,0.49475467
2026-02-22 11:15:00+00:00,0,0.5002549
2026-02-22 11:20:00+00:00,0,0.50018036
2026-02-22 11:25:00+00:00,0,0.5053611
2026-02-22 11:30:00+00:00,0,0.5013702
2026-02-22 11:35:00+00:00,0,0.50228983
2026-02-22 11:40:00+00:00,0,0.50202245
2026-02-22 11:45:00+00:00,0,0.49723995
2026-02-22 11:50:00+00:00,0,0.5005087
2026-02-22 11:55:00+00:00,0,0.50794315
2026-02-22 12:00:00+00:00,0,0.49720877
2026-02-22 12:05:00+00:00,0,0.5332393
2026-02-22 12:10:00+00:00,0,0.5332393
2026-02-22 12:15:00+00:00,1,0.5397461
2026-02-22 12:20:00+00:00,0,0.53882235
2026-02-22 12:25:00+00:00,0,0.53785974
2026-02-22 12:30:00+00:00,0,0.51802444
2026-02-22 12:35:00+00:00,0,0.5397461
2026-02-22 12:40:00+00:00,0,0.5356916
2026-02-22 12:45:00+00:00,1,0.5400518
2026-02-22 12:50:00+00:00,0,0.53961223
2026-02-22 12:55:00+00:00,1,0.54336
2026-02-22 13:00:00+00:00,0,0.52436364
2026-02-22 13:05:00+00:00,1,0.53956574
2026-02-22 13:10:00+00:00,0,0.5386875
2026-02-22 13:15:00+00:00,0,0.5219815
2026-02-22 13:20:00+00:00,0,0.5348704
2026-02-22 13:25:00+00:00,0,0.50603545
2026-02-22 13:30:00+00:00,0,0.50336313
2026-02-22 13:35:00+00:00,0,0.5323215
2026-02-22 13:40:00+00:00,1,0.54246396
2026-02-22 13:45:00+00:00,0,0.54246396
2026-02-22 13:50:00+00:00,0,0.54246396
2026-02-22 13:55:00+00:00,0,0.54430777
2026-02-22 14:00:00+00:00,1,0.54336
2026-02-22 14:05:00+00:00,0,0.53420335
2026-02-22 14:10:00+00:00,0,0.52978826
2026-02-22 14:15:00+00:00,0,0.53495324
2026-02-22 14:20:00+00:00,0,0.54207176
2026-02-22 14:25:00+00:00,0,0.53762305
2026-02-22 14:30:00+00:00,0,0.5333047
2026-02-22 14:35:00+00:00,0,0.5425977
2026-02-22 14:40:00+00:00,0,0.54248065
2026-02-22 14:45:00+00:00,0,0.54246396
2026-02-22 14:50:00+00:00,0,0.54246396
2026-02-22 14:55:00+00:00,0,0.54336
2026-02-22 15:00:00+00:00,1,0.5436976
2026-02-22 15:05:00+00:00,1,0.54529345
2026-02-22 15:10:00+00:00,1,0.5385414
2026-02-22 15:15:00+00:00,1,0.54529345
2026-02-22 15:20:00+00:00,1,0.5458529
2026-02-22 15:25:00+00:00,1,0.5369992
2026-02-22 15:30:00+00:00,0,0.5315822
2026-02-22 15:35:00+00:00,0,0.5297234
2026-02-22 15:40:00+00:00,0,0.5302167
2026-02-22 15:45:00+00:00,0,0.5327087
2026-02-22 15:50:00+00:00,0,0.5296099
2026-02-22 15:55:00+00:00,0,0.53527856
2026-02-22 16:00:00+00:00,0,0.5447083
2026-02-22 16:05:00+00:00,0,0.5447083
2026-02-22 16:10:00+00:00,1,0.5447083
2026-02-22 16:15:00+00:00,1,0.5456726
2026-02-22 16:20:00+00:00,1,0.54886603
2026-02-22 16:25:00+00:00,1,0.5515833
2026-02-22 16:30:00+00:00,1,0.54304844
2026-02-22 16:35:00+00:00,1,0.54304844
2026-02-22 16:40:00+00:00,0,0.53775495
2026-02-22 16:45:00+00:00,0,0.52106553
2026-02-22 16:50:00+00:00,0,0.52661353
2026-02-22 16:55:00+00:00,0,0.5220581
2026-02-22 17:00:00+00:00,0,0.52448606
2026-02-22 17:05:00+00:00,0,0.5430711
2026-02-22 17:10:00+00:00,1,0.5494247
2026-02-22 17:15:00+00:00,0,0.54976
2026-02-22 17:20:00+00:00,0,0.54886603
2026-02-22 17:25:00+00:00,0,0.5405154
2026-02-22 17:30:00+00:00,0,0.5489995
2026-02-22 17:35:00+00:00,0,0.5361294
2026-02-22 17:40:00+00:00,0,0.53867555
2026-02-22 17:45:00+00:00,0,0.53495705
2026-02-22 17:50:00+00:00,0,0.54165184
2026-02-22 17:55:00+00:00,0,0.51543164
2026-02-22 18:00:00+00:00,1,0.56132036
2026-02-22 18:05:00+00:00,1,0.56132036
2026-02-22 18:10:00+00:00,1,0.55991274
2026-02-22 18:15:00+00:00,1,0.56132036
2026-02-22 18:20:00+00:00,1,0.56220937
2026-02-22 18:25:00+00:00,0,0.53908205
2026-02-22 18:30:00+00:00,1,0.5498381
2026-02-22 18:35:00+00:00,1,0.5535386
2026-02-22 18:40:00+00:00,0,0.55345494
2026-02-22 18:45:00+00:00,1,0.55356956
2026-02-22 18:50:00+00:00,0,0.5134425
2026-02-22 18:55:00+00:00,0,0.548371
2026-02-22 19:00:00+00:00,1,0.5442123
2026-02-22 19:05:00+00:00,1,0.5420397
2026-02-22 19:10:00+00:00,1,0.5454433
2026-02-22 19:15:00+00:00,1,0.51517767
2026-02-22 19:20:00+00:00,1,0.5425867
2026-02-22 19:25:00+00:00,0,0.5469761
2026-02-22 19:30:00+00:00,0,0.54332036
2026-02-22 19:35:00+00:00,0,0.5014182
2026-02-22 19:40:00+00:00,0,0.5039128
2026-02-22 19:45:00+00:00,0,0.5118513
2026-02-22 19:50:00+00:00,0,0.5115146
2026-02-22 19:55:00+00:00,0,0.5209931
2026-02-22 20:00:00+00:00,1,0.53397244
2026-02-22 20:05:00+00:00,1,0.52997947
2026-02-22 20:10:00+00:00,1,0.52660084
2026-02-22 20:15:00+00:00,1,0.5290274
2026-02-22 20:20:00+00:00,0,0.52042234
2026-02-22 20:25:00+00:00,0,0.52021885
2026-02-22 20:30:00+00:00,1,0.5163307
2026-02-22 20:35:00+00:00,0,0.51509553
2026-02-22 20:40:00+00:00,0,0.52052194
2026-02-22 20:45:00+00:00,0,0.5259793
2026-02-22 20:50:00+00:00,1,0.56032205
2026-02-22 20:55:00+00:00,0,0.56032205
2026-02-22 21:00:00+00:00,0,0.51661175
2026-02-22 21:05:00+00:00,1,0.5181611
2026-02-22 21:10:00+00:00,1,0.52950996
2026-02-22 21:15:00+00:00,1,0.5111829
2026-02-22 21:20:00+00:00,1,0.5186553
2026-02-22 21:25:00+00:00,1,0.5320703
2026-02-22 21:30:00+00:00,1,0.51952344
2026-02-22 21:35:00+00:00,1,0.4928806
2026-02-22 21:40:00+00:00,1,0.49572167
2026-02-22 21:45:00+00:00,1,0.49574357
2026-02-22 21:50:00+00:00,1,0.5010977
2026-02-22 21:55:00+00:00,1,0.49919295
2026-02-22 22:00:00+00:00,1,0.4911466
2026-02-22 22:05:00+00:00,1,0.4967814
2026-02-22 22:10:00+00:00,1,0.49201155
2026-02-22 22:15:00+00:00,1,0.49743527
2026-02-22 22:20:00+00:00,1,0.47458258
2026-02-22 22:25:00+00:00,1,0.48249772
2026-02-22 22:30:00+00:00,1,0.47555476
2026-02-22 22:35:00+00:00,0,0.47555864
2026-02-22 22:40:00+00:00,0,0.47054383
2026-02-22 22:45:00+00:00,0,0.4890249
2026-02-22 22:50:00+00:00,0,0.4811202
2026-02-22 22:55:00+00:00,0,0.49269366
2026-02-22 23:00:00+00:00,0,0.47448725
2026-02-22 23:05:00+00:00,0,0.4916967
2026-02-22 23:10:00+00:00,0,0.5060467
2026-02-22 23:15:00+00:00,0,0.50788474
2026-02-22 23:20:00+00:00,1,0.5138978
2026-02-22 23:25:00+00:00,1,0.50865567
2026-02-22 23:30:00+00:00,1,0.5017282
2026-02-22 23:35:00+00:00,1,0.5100445
2026-02-22 23:40:00+00:00,1,0.52841467
2026-02-22 23:45:00+00:00,1,0.50647956
2026-02-22 23:50:00+00:00,0,0.49628776
2026-02-22 23:55:00+00:00,0,0.49123824
2026-02-23 00:00:00+00:00,0,0.49751982
2026-02-23 00:05:00+00:00,0,0.49333945
2026-02-23 00:10:00+00:00,0,0.5071796
2026-02-23 00:15:00+00:00,0,0.51329285
2026-02-23 00:20:00+00:00,0,0.5222836
2026-02-23 00:25:00+00:00,0,0.5222836
2026-02-23 00:30:00+00:00,0,0.5145342
2026-02-23 00:35:00+00:00,0,0.51777077
2026-02-23 00:40:00+00:00,0,0.5240744
2026-02-23 00:45:00+00:00,0,0.52317363
2026-02-23 00:50:00+00:00,0,0.5231211
2026-02-23 00:55:00+00:00,0,0.5207
2026-02-23 01:00:00+00:00,0,0.53231347
2026-02-23 01:05:00+00:00,0,0.5461186
2026-02-23 01:10:00+00:00,0,0.5461186
2026-02-23 01:15:00+00:00,1,0.5557817
2026-02-23 01:20:00+00:00,0,0.55936444
2026-02-23 01:25:00+00:00,0,0.55671763
2026-02-23 01:30:00+00:00,0,0.5371734
2026-02-23 01:35:00+00:00,0,0.53266394
2026-02-23 01:40:00+00:00,0,0.5174682
2026-02-23 01:45:00+00:00,1,0.5304168
2026-02-23 01:50:00+00:00,1,0.5325298
2026-02-23 01:55:00+00:00,1,0.5353875
2026-02-23 02:00:00+00:00,1,0.534909
2026-02-23 02:05:00+00:00,0,0.53419465
2026-02-23 02:10:00+00:00,1,0.5253281
2026-02-23 02:15:00+00:00,1,0.5286374
2026-02-23 02:20:00+00:00,1,0.53181756
2026-02-23 02:25:00+00:00,1,0.5287072
2026-02-23 02:30:00+00:00,1,0.52515703
2026-02-23 02:35:00+00:00,1,0.5260458
2026-02-23 02:40:00+00:00,1,0.521296
2026-02-23 02:45:00+00:00,1,0.5143932
2026-02-23 02:50:00+00:00,1,0.50136375
2026-02-23 02:55:00+00:00,1,0.49810055
2026-02-23 03:00:00+00:00,0,0.48917142
2026-02-23 03:05:00+00:00,0,0.49555403
2026-02-23 03:10:00+00:00,1,0.49431533
2026-02-23 03:15:00+00:00,1,0.49705157
2026-02-23 03:20:00+00:00,1,0.5052204
2026-02-23 03:25:00+00:00,1,0.5076131
2026-02-23 03:30:00+00:00,0,0.48157284
2026-02-23 03:35:00+00:00,0,0.48870182
2026-02-23 03:40:00+00:00,0,0.47254577
2026-02-23 03:45:00+00:00,0,0.47790536
2026-02-23 03:50:00+00:00,0,0.4884272
2026-02-23 03:55:00+00:00,0,0.48210955
2026-02-23 04:00:00+00:00,0,0.50314075
2026-02-23 04:05:00+00:00,0,0.49885786
2026-02-23 04:10:00+00:00,0,0.49550462
2026-02-23 04:15:00+00:00,0,0.50851035
2026-02-23 04:20:00+00:00,1,0.51686186
2026-02-23 04:25:00+00:00,1,0.5136734
2026-02-23 04:30:00+00:00,1,0.49787107
2026-02-23 04:35:00+00:00,1,0.50904965
2026-02-23 04:40:00+00:00,1,0.5123958
2026-02-23 04:45:00+00:00,1,0.50585586
2026-02-23 04:50:00+00:00,1,0.50650287
2026-02-23 04:55:00+00:00,1,0.50896496
2026-02-23 05:00:00+00:00,1,0.4865424
2026-02-23 05:05:00+00:00,1,0.4879081
2026-02-23 05:10:00+00:00,1,0.47515097
2026-02-23 05:15:00+00:00,0,0.47147214
2026-02-23 05:20:00+00:00,0,0.47748476
2026-02-23 05:25:00+00:00,0,0.4778175
2026-02-23 05:30:00+00:00,1,0.4876943
2026-02-23 05:35:00+00:00,1,0.48174995
2026-02-23 05:40:00+00:00,1,0.4939781
2026-02-23 05:45:00+00:00,1,0.50181335
2026-02-23 05:50:00+00:00,1,0.4999873
2026-02-23 05:55:00+00:00,1,0.49109977
2026-02-23 06:00:00+00:00,1,0.48417312
2026-02-23 06:05:00+00:00,1,0.47836244
2026-02-23 06:10:00+00:00,1,0.49206045
2026-02-23 06:15:00+00:00,1,0.49703005
2026-02-23 06:20:00+00:00,1,0.49615937
2026-02-23 06:25:00+00:00,1,0.48945656
2026-02-23 06:30:00+00:00,1,0.4773675
2026-02-23 06:35:00+00:00,1,0.47431174
2026-02-23 06:40:00+00:00,1,0.48312503
2026-02-23 06:45:00+00:00,1,0.48359254
2026-02-23 06:50:00+00:00,1,0.48754588
2026-02-23 06:55:00+00:00,1,0.48395222
2026-02-23 07:00:00+00:00,0,0.47059804
2026-02-23 07:05:00+00:00,1,0.479528
2026-02-23 07:10:00+00:00,1,0.48030117
2026-02-23 07:15:00+00:00,1,0.48427704
2026-02-23 07:20:00+00:00,1,0.48581228
2026-02-23 07:25:00+00:00,1,0.49003997
2026-02-23 07:30:00+00:00,0,0.4860178
2026-02-23 07:35:00+00:00,0,0.4932371
2026-02-23 07:40:00+00:00,0,0.48885584
2026-02-23 07:45:00+00:00,0,0.48249424
2026-02-23 07:50:00+00:00,0,0.4754322
2026-02-23 07:55:00+00:00,0,0.48257396
2026-02-23 08:00:00+00:00,0,0.49240243
2026-02-23 08:05:00+00:00,1,0.49720263
2026-02-23 08:10:00+00:00,0,0.49501154
2026-02-23 08:15:00+00:00,0,0.49180812
2026-02-23 08:20:00+00:00,0,0.5043417
2026-02-23 08:25:00+00:00,0,0.50625205
2026-02-23 08:30:00+00:00,1,0.50350577
2026-02-23 08:35:00+00:00,1,0.50538826
2026-02-23 08:40:00+00:00,1,0.50892
2026-02-23 08:45:00+00:00,1,0.50298756
2026-02-23 08:50:00+00:00,1,0.5013351
2026-02-23 08:55:00+00:00,1,0.49387684
2026-02-23 09:00:00+00:00,1,0.4999401
2026-02-23 09:05:00+00:00,1,0.4985523
2026-02-23 09:10:00+00:00,1,0.49136087
2026-02-23 09:15:00+00:00,1,0.49847686
2026-02-23 09:20:00+00:00,1,0.48787853
2026-02-23 09:25:00+00:00,1,0.47717562
2026-02-23 09:30:00+00:00,1,0.49109524
2026-02-23 09:35:00+00:00,0,0.49670923
2026-02-23 09:40:00+00:00,0,0.4957472
2026-02-23 09:45:00+00:00,0,0.49396625
2026-02-23 09:50:00+00:00,0,0.5090114
2026-02-23 09:55:00+00:00,0,0.50425464
2026-02-23 10:00:00+00:00,0,0.5173636
2026-02-23 10:05:00+00:00,0,0.51602036
2026-02-23 10:10:00+00:00,1,0.50628084
2026-02-23 10:15:00+00:00,1,0.49732673
2026-02-23 10:20:00+00:00,0,0.5058552
2026-02-23 10:25:00+00:00,0,0.50760067
2026-02-23 10:30:00+00:00,0,0.49734673
2026-02-23 10:35:00+00:00,1,0.50062066
2026-02-23 10:40:00+00:00,0,0.4936421
2026-02-23 10:45:00+00:00,1,0.49500468
2026-02-23 10:50:00+00:00,1,0.4975184
2026-02-23 10:55:00+00:00,1,0.4889712
2026-02-23 11:00:00+00:00,1,0.48667952
2026-02-23 11:05:00+00:00,1,0.4827177
2026-02-23 11:10:00+00:00,1,0.48695928
2026-02-23 11:15:00+00:00,0,0.47176898
2026-02-23 11:20:00+00:00,0,0.48210168
2026-02-23 11:25:00+00:00,0,0.47543848
2026-02-23 11:30:00+00:00,0,0.47568247
2026-02-23 11:35:00+00:00,0,0.48360744
2026-02-23 11:40:00+00:00,1,0.4882166
2026-02-23 11:45:00+00:00,1,0.4951859
2026-02-23 11:50:00+00:00,1,0.49111065
2026-02-23 11:55:00+00:00,0,0.48923266
2026-02-23 12:00:00+00:00,1,0.50381595
2026-02-23 12:05:00+00:00,1,0.49035886
2026-02-23 12:10:00+00:00,1,0.48209858
2026-02-23 12:15:00+00:00,1,0.48730677
2026-02-23 12:20:00+00:00,1,0.48948854
2026-02-23 12:25:00+00:00,1,0.49425426
2026-02-23 12:30:00+00:00,1,0.49580088
2026-02-23 12:35:00+00:00,0,0.46948487
2026-02-23 12:40:00+00:00,0,0.47144604
2026-02-23 12:45:00+00:00,0,0.47920948
2026-02-23 12:50:00+00:00,0,0.47406048
2026-02-23 12:55:00+00:00,0,0.47406048
2026-02-23 13:00:00+00:00,0,0.50093764
2026-02-23 13:05:00+00:00,0,0.49589843
2026-02-23 13:10:00+00:00,1,0.50019175
2026-02-23 13:15:00+00:00,1,0.48858872
2026-02-23 13:20:00+00:00,0,0.49409416
2026-02-23 13:25:00+00:00,0,0.5014841
2026-02-23 13:30:00+00:00,0,0.5000533
2026-02-23 13:35:00+00:00,0,0.4905246
2026-02-23 13:40:00+00:00,0,0.4967003
2026-02-23 13:45:00+00:00,0,0.495578
2026-02-23 13:50:00+00:00,0,0.49674422
2026-02-23 13:55:00+00:00,0,0.5051883
2026-02-23 14:00:00+00:00,0,0.5096689
2026-02-23 14:05:00+00:00,0,0.49991536
2026-02-23 14:10:00+00:00,0,0.5081088
2026-02-23 14:15:00+00:00,0,0.5107048
2026-02-23 14:20:00+00:00,0,0.51134086
2026-02-23 14:25:00+00:00,0,0.5143151
2026-02-23 14:30:00+00:00,0,0.51134086
2026-02-23 14:35:00+00:00,0,0.51510644
2026-02-23 14:40:00+00:00,0,0.5125436
2026-02-23 14:45:00+00:00,0,0.51390404
2026-02-23 14:50:00+00:00,0,0.5113538
2026-02-23 14:55:00+00:00,0,0.51051015
2026-02-23 15:00:00+00:00,0,0.51834726
2026-02-23 15:05:00+00:00,0,0.51367587
2026-02-23 15:10:00+00:00,0,0.51584965
2026-02-23 15:15:00+00:00,0,0.5195923
2026-02-23 15:20:00+00:00,0,0.52347535
2026-02-23 15:25:00+00:00,0,0.5221125
2026-02-23 15:30:00+00:00,0,0.5221125
2026-02-23 15:35:00+00:00,0,0.5182725
2026-02-23 15:40:00+00:00,0,0.5249481
2026-02-23 15:45:00+00:00,0,0.52369297
2026-02-23 15:50:00+00:00,1,0.52279216
2026-02-23 15:55:00+00:00,1,0.525351
2026-02-23 16:00:00+00:00,1,0.525351
2026-02-23 16:05:00+00:00,1,0.52496463
2026-02-23 16:10:00+00:00,1,0.52496463
2026-02-23 16:15:00+00:00,0,0.51333266
2026-02-23 16:20:00+00:00,0,0.515897
2026-02-23 16:25:00+00:00,0,0.5138531
2026-02-23 16:30:00+00:00,0,0.51454896
2026-02-23 16:35:00+00:00,0,0.5164685
2026-02-23 16:40:00+00:00,0,0.5100636
2026-02-23 16:45:00+00:00,0,0.51870346
2026-02-23 16:50:00+00:00,0,0.5220142
2026-02-23 16:55:00+00:00,0,0.5244153
2026-02-23 17:00:00+00:00,0,0.51898104
2026-02-23 17:05:00+00:00,0,0.52286386
2026-02-23 17:10:00+00:00,0,0.52430737
2026-02-23 17:15:00+00:00,0,0.52398705
2026-02-23 17:20:00+00:00,0,0.52398705
2026-02-23 17:25:00+00:00,1,0.52426106
2026-02-23 17:30:00+00:00,1,0.5278348
2026-02-23 17:35:00+00:00,1,0.5278348
2026-02-23 17:40:00+00:00,1,0.52659166
2026-02-23 17:45:00+00:00,1,0.52399474
2026-02-23 17:50:00+00:00,1,0.52681917
2026-02-23 17:55:00+00:00,1,0.5130128
2026-02-23 18:00:00+00:00,1,0.5231987
2026-02-23 18:05:00+00:00,1,0.5262041
2026-02-23 18:10:00+00:00,1,0.52998215
2026-02-23 18:15:00+00:00,1,0.52585894
2026-02-23 18:20:00+00:00,0,0.52767986
2026-02-23 18:25:00+00:00,0,0.5298748
2026-02-23 18:30:00+00:00,0,0.5297664
2026-02-23 18:35:00+00:00,0,0.49682605
2026-02-23 18:40:00+00:00,0,0.5133785
2026-02-23 18:45:00+00:00,0,0.5215618
2026-02-23 18:50:00+00:00,0,0.52720517
2026-02-23 18:55:00+00:00,0,0.531572
2026-02-23 19:00:00+00:00,0,0.5331905
2026-02-23 19:05:00+00:00,0,0.5210939
2026-02-23 19:10:00+00:00,0,0.52884287
2026-02-23 19:15:00+00:00,0,0.52713877
2026-02-23 19:20:00+00:00,0,0.5288891
2026-02-23 19:25:00+00:00,1,0.51956964
2026-02-23 19:30:00+00:00,0,0.5201345
2026-02-23 19:35:00+00:00,0,0.52230144
2026-02-23 19:40:00+00:00,0,0.5303198
2026-02-23 19:45:00+00:00,0,0.53287435
2026-02-23 19:50:00+00:00,0,0.52398616
2026-02-23 19:55:00+00:00,0,0.52170783
2026-02-23 20:00:00+00:00,1,0.52388704
2026-02-23 20:05:00+00:00,1,0.5331406
2026-02-23 20:10:00+00:00,1,0.5254585
2026-02-23 20:15:00+00:00,1,0.5325671
2026-02-23 20:20:00+00:00,1,0.53098863
2026-02-23 20:25:00+00:00,1,0.5331406
2026-02-23 20:30:00+00:00,1,0.5264226
2026-02-23 20:35:00+00:00,1,0.5290103
2026-02-23 20:40:00+00:00,1,0.5239717
2026-02-23 20:45:00+00:00,1,0.52823955
2026-02-23 20:50:00+00:00,1,0.50878626
2026-02-23 20:55:00+00:00,0,0.4981134
2026-02-23 21:00:00+00:00,0,0.49979934
2026-02-23 21:05:00+00:00,0,0.5168876
2026-02-23 21:10:00+00:00,0,0.4910705
2026-02-23 21:15:00+00:00,0,0.49320227
2026-02-23 21:20:00+00:00,0,0.49572584
2026-02-23 21:25:00+00:00,1,0.5062435
2026-02-23 21:30:00+00:00,1,0.49691743
2026-02-23 21:35:00+00:00,1,0.5214517
2026-02-23 21:40:00+00:00,1,0.5069049
2026-02-23 21:45:00+00:00,1,0.49405888
2026-02-23 21:50:00+00:00,1,0.50715816
2026-02-23 21:55:00+00:00,1,0.49492946
2026-02-23 22:00:00+00:00,1,0.4845318
2026-02-23 22:05:00+00:00,1,0.47826985
2026-02-23 22:10:00+00:00,0,0.47645155
2026-02-23 22:15:00+00:00,0,0.47698823
2026-02-23 22:20:00+00:00,0,0.4815703
2026-02-23 22:25:00+00:00,0,0.49049556
2026-02-23 22:30:00+00:00,0,0.47858626
2026-02-23 22:35:00+00:00,0,0.4893718
2026-02-23 22:40:00+00:00,0,0.50514627
2026-02-23 22:45:00+00:00,0,0.50516236
2026-02-23 22:50:00+00:00,1,0.5222649
2026-02-23 22:55:00+00:00,1,0.52399826
2026-02-23 23:00:00+00:00,0,0.5092487
2026-02-23 23:05:00+00:00,0,0.49395585
2026-02-23 23:10:00+00:00,0,0.5063378
2026-02-23 23:15:00+00:00,0,0.50703746
2026-02-23 23:20:00+00:00,0,0.5092393
2026-02-23 23:25:00+00:00,0,0.5217408
2026-02-23 23:30:00+00:00,0,0.51839006
2026-02-23 23:35:00+00:00,1,0.52668273
2026-02-23 23:40:00+00:00,1,0.5296937
2026-02-23 23:45:00+00:00,1,0.5281142
2026-02-23 23:50:00+00:00,1,0.5240744
2026-02-23 23:55:00+00:00,1,0.52154315
2026-02-24 00:00:00+00:00,1,0.51360387
2026-02-24 00:05:00+00:00,1,0.5129549
2026-02-24 00:10:00+00:00,1,0.51269585
2026-02-24 00:15:00+00:00,1,0.50701827
2026-02-24 00:20:00+00:00,1,0.5119784
2026-02-24 00:25:00+00:00,1,0.5112823
2026-02-24 00:30:00+00:00,0,0.505687
2026-02-24 00:35:00+00:00,0,0.48985258
2026-02-24 00:40:00+00:00,0,0.5008811
2026-02-24 00:45:00+00:00,0,0.4999625
2026-02-24 00:50:00+00:00,0,0.49078116
2026-02-24 00:55:00+00:00,0,0.49135378
2026-02-24 01:00:00+00:00,0,0.5206898
2026-02-24 01:05:00+00:00,0,0.52419
2026-02-24 01:10:00+00:00,0,0.5250035
2026-02-24 01:15:00+00:00,1,0.523277
2026-02-24 01:20:00+00:00,0,0.5206354
2026-02-24 01:25:00+00:00,0,0.5093997
2026-02-24 01:30:00+00:00,0,0.5067788
2026-02-24 01:35:00+00:00,0,0.52452743
2026-02-24 01:40:00+00:00,0,0.51371187
2026-02-24 01:45:00+00:00,0,0.5161775
2026-02-24 01:50:00+00:00,0,0.5268622
2026-02-24 01:55:00+00:00,1,0.5299178
2026-02-24 02:00:00+00:00,1,0.5295659
2026-02-24 02:05:00+00:00,1,0.5311857
2026-02-24 02:10:00+00:00,0,0.53100294
2026-02-24 02:15:00+00:00,1,0.5305622
2026-02-24 02:20:00+00:00,0,0.53057903
2026-02-24 02:25:00+00:00,0,0.5206208
2026-02-24 02:30:00+00:00,0,0.5117764
2026-02-24 02:35:00+00:00,0,0.5246862
2026-02-24 02:40:00+00:00,0,0.52842635
2026-02-24 02:45:00+00:00,0,0.5293145
2026-02-24 02:50:00+00:00,0,0.5349872
2026-02-24 02:55:00+00:00,0,0.52498895
2026-02-24 03:00:00+00:00,0,0.5298672
2026-02-24 03:05:00+00:00,0,0.52925664
2026-02-24 03:10:00+00:00,0,0.52772534
2026-02-24 03:15:00+00:00,0,0.531735
2026-02-24 03:20:00+00:00,1,0.53015625
2026-02-24 03:25:00+00:00,1,0.5125039
2026-02-24 03:30:00+00:00,1,0.5119744
2026-02-24 03:35:00+00:00,0,0.5110721
2026-02-24 03:40:00+00:00,0,0.5068621
2026-02-24 03:45:00+00:00,0,0.5075686
2026-02-24 03:50:00+00:00,0,0.5004777
2026-02-24 03:55:00+00:00,0,0.51388997
2026-02-24 04:00:00+00:00,0,0.5150919
2026-02-24 04:05:00+00:00,0,0.51718056
2026-02-24 04:10:00+00:00,1,0.5304211
2026-02-24 04:15:00+00:00,1,0.5285475
2026-02-24 04:20:00+00:00,0,0.5290667
2026-02-24 04:25:00+00:00,0,0.52747005
2026-02-24 04:30:00+00:00,1,0.52836996
2026-02-24 04:35:00+00:00,1,0.51806027
2026-02-24 04:40:00+00:00,1,0.5250622
2026-02-24 04:45:00+00:00,0,0.5206756
2026-02-24 04:50:00+00:00,0,0.5272704
2026-02-24 04:55:00+00:00,0,0.5225006
2026-02-24 05:00:00+00:00,0,0.5195063
2026-02-24 05:05:00+00:00,0,0.5075333
2026-02-24 05:10:00+00:00,0,0.507829
2026-02-24 05:15:00+00:00,0,0.52535665
2026-02-24 05:20:00+00:00,1,0.5292545
2026-02-24 05:25:00+00:00,1,0.5258923
2026-02-24 05:30:00+00:00,0,0.52857476
2026-02-24 05:35:00+00:00,0,0.5258923
2026-02-24 05:40:00+00:00,0,0.5259091
2026-02-24 05:45:00+00:00,0,0.51089305
2026-02-24 05:50:00+00:00,0,0.51007605
2026-02-24 05:55:00+00:00,1,0.51580894
2026-02-24 06:00:00+00:00,1,0.53061163
2026-02-24 06:05:00+00:00,0,0.52287364
2026-02-24 06:10:00+00:00,1,0.52660537
2026-02-24 06:15:00+00:00,1,0.5250416
2026-02-24 06:20:00+00:00,0,0.5177713
2026-02-24 06:25:00+00:00,0,0.5182633
2026-02-24 06:30:00+00:00,0,0.51770586
2026-02-24 06:35:00+00:00,0,0.50073886
2026-02-24 06:40:00+00:00,1,0.50856227
2026-02-24 06:45:00+00:00,0,0.50559866
2026-02-24 06:50:00+00:00,1,0.5262262
2026-02-24 06:55:00+00:00,1,0.52780646
2026-02-24 07:00:00+00:00,1,0.51719886
2026-02-24 07:05:00+00:00,1,0.50976235
2026-02-24 07:10:00+00:00,0,0.5042376
2026-02-24 07:15:00+00:00,0,0.50739306
2026-02-24 07:20:00+00:00,0,0.5049222
2026-02-24 07:25:00+00:00,0,0.49500418
2026-02-24 07:30:00+00:00,0,0.4952623
2026-02-24 07:35:00+00:00,0,0.50179285
2026-02-24 07:40:00+00:00,0,0.50506556
2026-02-24 07:45:00+00:00,0,0.5096608
2026-02-24 07:50:00+00:00,1,0.5081629
2026-02-24 07:55:00+00:00,1,0.4896138
2026-02-24 08:00:00+00:00,1,0.50903463
2026-02-24 08:05:00+00:00,1,0.48355305
2026-02-24 08:10:00+00:00,1,0.48793858
2026-02-24 08:15:00+00:00,1,0.50374067
2026-02-24 08:20:00+00:00,1,0.48709813
2026-02-24 08:25:00+00:00,0,0.4833787
2026-02-24 08:30:00+00:00,0,0.48080993
2026-02-24 08:35:00+00:00,0,0.47738636
2026-02-24 08:40:00+00:00,0,0.486756
2026-02-24 08:45:00+00:00,0,0.48448446
2026-02-24 08:50:00+00:00,0,0.4787462
2026-02-24 08:55:00+00:00,0,0.48954958
2026-02-24 09:00:00+00:00,0,0.49137795
2026-02-24 09:05:00+00:00,0,0.50557715
2026-02-24 09:10:00+00:00,0,0.49237508
2026-02-24 09:15:00+00:00,1,0.5062876
2026-02-24 09:20:00+00:00,1,0.5076654
2026-02-24 09:25:00+00:00,1,0.5053494
2026-02-24 09:30:00+00:00,1,0.5053494
2026-02-24 09:35:00+00:00,0,0.50337523
2026-02-24 09:40:00+00:00,0,0.4926705
2026-02-24 09:45:00+00:00,0,0.49839383
2026-02-24 09:50:00+00:00,1,0.49803934
2026-02-24 09:55:00+00:00,1,0.49360782
2026-02-24 10:00:00+00:00,1,0.5006764
2026-02-24 10:05:00+00:00,1,0.5144404
2026-02-24 10:10:00+00:00,0,0.49776828
2026-02-24 10:15:00+00:00,0,0.5014833
2026-02-24 10:20:00+00:00,1,0.4959335
2026-02-24 10:25:00+00:00,1,0.4992097
2026-02-24 10:30:00+00:00,1,0.49588156
2026-02-24 10:35:00+00:00,0,0.49747032
2026-02-24 10:40:00+00:00,1,0.49596235
2026-02-24 10:45:00+00:00,1,0.4963825
2026-02-24 10:50:00+00:00,0,0.49803028
2026-02-24 10:55:00+00:00,0,0.49556926
2026-02-24 11:00:00+00:00,0,0.4980164
2026-02-24 11:05:00+00:00,1,0.4958872
2026-02-24 11:10:00+00:00,0,0.49449295
2026-02-24 11:15:00+00:00,0,0.49743462
2026-02-24 11:20:00+00:00,0,0.49777502
2026-02-24 11:25:00+00:00,1,0.49929884
2026-02-24 11:30:00+00:00,0,0.4974059
2026-02-24 11:35:00+00:00,0,0.49563217
2026-02-24 11:40:00+00:00,1,0.49743462
2026-02-24 11:45:00+00:00,0,0.49743462
2026-02-24 11:50:00+00:00,1,0.4980269
2026-02-24 11:55:00+00:00,1,0.49543312
2026-02-24 12:00:00+00:00,1,0.5028224
2026-02-24 12:05:00+00:00,0,0.4986778
2026-02-24 12:10:00+00:00,0,0.49416196
2026-02-24 12:15:00+00:00,0,0.4968136
2026-02-24 12:20:00+00:00,0,0.49415445
2026-02-24 12:25:00+00:00,0,0.49166724
2026-02-24 12:30:00+00:00,0,0.49945158
2026-02-24 12:35:00+00:00,1,0.50384253
2026-02-24 12:40:00+00:00,1,0.50384253
2026-02-24 12:45:00+00:00,1,0.508518
2026-02-24 12:50:00+00:00,0,0.5041461
2026-02-24 12:55:00+00:00,0,0.5041461
2026-02-24 13:00:00+00:00,0,0.50221354
2026-02-24 13:05:00+00:00,0,0.4982412
2026-02-24 13:10:00+00:00,0,0.50002235
2026-02-24 13:15:00+00:00,0,0.49501914
2026-02-24 13:20:00+00:00,1,0.50105345
2026-02-24 13:25:00+00:00,0,0.50656146
2026-02-24 13:30:00+00:00,0,0.5083917
2026-02-24 13:35:00+00:00,0,0.5037168
2026-02-24 13:40:00+00:00,0,0.5044792
2026-02-24 13:45:00+00:00,0,0.50575054
2026-02-24 13:50:00+00:00,0,0.50637865
2026-02-24 13:55:00+00:00,0,0.48614383
2026-02-24 14:00:00+00:00,0,0.5113873
2026-02-24 14:05:00+00:00,1,0.51259005
2026-02-24 14:10:00+00:00,1,0.52148557
2026-02-24 14:15:00+00:00,1,0.51051074
2026-02-24 14:20:00+00:00,1,0.5106954
2026-02-24 14:25:00+00:00,1,0.51043355
2026-02-24 14:30:00+00:00,1,0.5200281
2026-02-24 14:35:00+00:00,1,0.50161994
2026-02-24 14:40:00+00:00,1,0.49037984
2026-02-24 14:45:00+00:00,1,0.4723494
2026-02-24 14:50:00+00:00,1,0.47448236
2026-02-24 14:55:00+00:00,1,0.4822445
2026-02-24 15:00:00+00:00,1,0.47350708
2026-02-24 15:05:00+00:00,1,0.47459918
2026-02-24 15:10:00+00:00,1,0.47482586
2026-02-24 15:15:00+00:00,0,0.47218147
2026-02-24 15:20:00+00:00,0,0.4817307
2026-02-24 15:25:00+00:00,0,0.4774822
2026-02-24 15:30:00+00:00,1,0.48956957
2026-02-24 15:35:00+00:00,1,0.49246526
2026-02-24 15:40:00+00:00,1,0.49676722
2026-02-24 15:45:00+00:00,1,0.492407
2026-02-24 15:50:00+00:00,1,0.49681652
2026-02-24 15:55:00+00:00,1,0.48465788
2026-02-24 16:00:00+00:00,0,0.47301623
2026-02-24 16:05:00+00:00,0,0.47479254
2026-02-24 16:10:00+00:00,0,0.47953317
2026-02-24 16:15:00+00:00,0,0.4729398
2026-02-24 16:20:00+00:00,0,0.4798119
2026-02-24 16:25:00+00:00,1,0.48226932
2026-02-24 16:30:00+00:00,1,0.49441752
2026-02-24 16:35:00+00:00,1,0.48966125
2026-02-24 16:40:00+00:00,1,0.48423868
2026-02-24 16:45:00+00:00,1,0.49157745
2026-02-24 16:50:00+00:00,1,0.5047871
2026-02-24 16:55:00+00:00,0,0.47094554
2026-02-24 17:00:00+00:00,0,0.47564152
2026-02-24 17:05:00+00:00,0,0.472304
2026-02-24 17:10:00+00:00,0,0.47357273
2026-02-24 17:15:00+00:00,0,0.47590196
2026-02-24 17:20:00+00:00,0,0.4884615
2026-02-24 17:25:00+00:00,1,0.49360025
2026-02-24 17:30:00+00:00,1,0.49510807
2026-02-24 17:35:00+00:00,0,0.49627796
2026-02-24 17:40:00+00:00,0,0.50566936
2026-02-24 17:45:00+00:00,0,0.5043061
2026-02-24 17:50:00+00:00,0,0.5001751
2026-02-24 17:55:00+00:00,0,0.48900667
2026-02-24 18:00:00+00:00,0,0.49078345
2026-02-24 18:05:00+00:00,0,0.49794903
2026-02-24 18:10:00+00:00,1,0.5280604
2026-02-24 18:15:00+00:00,1,0.52710795
2026-02-24 18:20:00+00:00,1,0.51456165
2026-02-24 18:25:00+00:00,1,0.5253343
2026-02-24 18:30:00+00:00,0,0.51098675
2026-02-24 18:35:00+00:00,0,0.5209403
2026-02-24 18:40:00+00:00,0,0.52125853
2026-02-24 18:45:00+00:00,0,0.51098144
2026-02-24 18:50:00+00:00,0,0.51286584
2026-02-24 18:55:00+00:00,0,0.52335715
2026-02-24 19:00:00+00:00,0,0.5131719
2026-02-24 19:05:00+00:00,0,0.51039475
2026-02-24 19:10:00+00:00,1,0.520704
2026-02-24 19:15:00+00:00,1,0.5221995
2026-02-24 19:20:00+00:00,1,0.52235305
2026-02-24 19:25:00+00:00,1,0.5217179
2026-02-24 19:30:00+00:00,1,0.5217179
2026-02-24 19:35:00+00:00,0,0.51074743
2026-02-24 19:40:00+00:00,0,0.5103545
2026-02-24 19:45:00+00:00,0,0.5164419
2026-02-24 19:50:00+00:00,1,0.511841
2026-02-24 19:55:00+00:00,0,0.5153977
2026-02-24 20:00:00+00:00,1,0.50714886
2026-02-24 20:05:00+00:00,1,0.52632976
2026-02-24 20:10:00+00:00,1,0.5264247
2026-02-24 20:15:00+00:00,1,0.5135971
2026-02-24 20:20:00+00:00,1,0.51321846
2026-02-24 20:25:00+00:00,1,0.5119058
2026-02-24 20:30:00+00:00,0,0.49865288
2026-02-24 20:35:00+00:00,0,0.5140385
2026-02-24 20:40:00+00:00,0,0.5059986
2026-02-24 20:45:00+00:00,0,0.5174274
2026-02-24 20:50:00+00:00,0,0.5082161
2026-02-24 20:55:00+00:00,0,0.50968444
2026-02-24 21:00:00+00:00,0,0.5339918
2026-02-24 21:05:00+00:00,0,0.521944
2026-02-24 21:10:00+00:00,0,0.5206348
2026-02-24 21:15:00+00:00,1,0.529173
2026-02-24 21:20:00+00:00,0,0.51805735
2026-02-24 21:25:00+00:00,1,0.5179691
2026-02-24 21:30:00+00:00,1,0.5250905
2026-02-24 21:35:00+00:00,1,0.5273987
2026-02-24 21:40:00+00:00,1,0.5137577
2026-02-24 21:45:00+00:00,1,0.51627386
2026-02-24 21:50:00+00:00,1,0.51278055
2026-02-24 21:55:00+00:00,1,0.5174776
2026-02-24 22:00:00+00:00,0,0.511085
2026-02-24 22:05:00+00:00,0,0.51301265
2026-02-24 22:10:00+00:00,0,0.50752044
2026-02-24 22:15:00+00:00,0,0.51628554
2026-02-24 22:20:00+00:00,0,0.5173904
2026-02-24 22:25:00+00:00,0,0.5131187
2026-02-24 22:30:00+00:00,0,0.52291256
2026-02-24 22:35:00+00:00,0,0.5236022
2026-02-24 22:40:00+00:00,0,0.51534724
2026-02-24 22:45:00+00:00,0,0.5185293
2026-02-24 22:50:00+00:00,0,0.5268768
2026-02-24 22:55:00+00:00,0,0.5134653
2026-02-24 23:00:00+00:00,1,0.5296937
2026-02-24 23:05:00+00:00,1,0.5296937
2026-02-24 23:10:00+00:00,1,0.5200646
2026-02-24 23:15:00+00:00,1,0.53175414
2026-02-24 23:20:00+00:00,0,0.53190976
2026-02-24 23:25:00+00:00,0,0.51357776
2026-02-24 23:30:00+00:00,0,0.5099086
2026-02-24 23:35:00+00:00,0,0.5033471
2026-02-24 23:40:00+00:00,0,0.5159112
2026-02-24 23:45:00+00:00,1,0.5224625
2026-02-24 23:50:00+00:00,0,0.52827066
2026-02-24 23:55:00+00:00,0,0.52816045
2026-02-25 00:00:00+00:00,0,0.52950525
2026-02-25 00:05:00+00:00,1,0.53052026
2026-02-25 00:10:00+00:00,1,0.5301623
2026-02-25 00:15:00+00:00,1,0.51603967
2026-02-25 00:20:00+00:00,1,0.5255298
2026-02-25 00:25:00+00:00,1,0.5300615
2026-02-25 00:30:00+00:00,1,0.52388895
2026-02-25 00:35:00+00:00,1,0.5143531
2026-02-25 00:40:00+00:00,1,0.49919626
2026-02-25 00:45:00+00:00,1,0.50424385
2026-02-25 00:50:00+00:00,1,0.49494937
2026-02-25 00:55:00+00:00,1,0.50657016
2026-02-25 01:00:00+00:00,1,0.48167184
2026-02-25 01:05:00+00:00,1,0.47283888
2026-02-25 01:10:00+00:00,1,0.4745884
2026-02-25 01:15:00+00:00,1,0.4761212
2026-02-25 01:20:00+00:00,0,0.4846108
2026-02-25 01:25:00+00:00,1,0.4925073
2026-02-25 01:30:00+00:00,1,0.5044815
2026-02-25 01:35:00+00:00,1,0.5187256
2026-02-25 01:40:00+00:00,1,0.5155125
2026-02-25 01:45:00+00:00,1,0.51899517
2026-02-25 01:50:00+00:00,1,0.5155125
2026-02-25 01:55:00+00:00,1,0.51701653
2026-02-25 02:00:00+00:00,1,0.5282757
2026-02-25 02:05:00+00:00,1,0.5222844
2026-02-25 02:10:00+00:00,1,0.5297715
2026-02-25 02:15:00+00:00,1,0.5402874
2026-02-25 02:20:00+00:00,0,0.50127524
2026-02-25 02:25:00+00:00,0,0.4933582
2026-02-25 02:30:00+00:00,0,0.49985805
2026-02-25 02:35:00+00:00,0,0.5129989
2026-02-25 02:40:00+00:00,0,0.5071069
2026-02-25 02:45:00+00:00,0,0.50340044
2026-02-25 02:50:00+00:00,0,0.51487386
2026-02-25 02:55:00+00:00,0,0.49724331
2026-02-25 03:00:00+00:00,0,0.4821551
2026-02-25 03:05:00+00:00,0,0.4956898
2026-02-25 03:10:00+00:00,0,0.4847587
2026-02-25 03:15:00+00:00,0,0.5047114
2026-02-25 03:20:00+00:00,0,0.5023246
2026-02-25 03:25:00+00:00,0,0.5116308
2026-02-25 03:30:00+00:00,0,0.50883675
2026-02-25 03:35:00+00:00,0,0.5097137
2026-02-25 03:40:00+00:00,0,0.5030923
2026-02-25 03:45:00+00:00,0,0.51994306
2026-02-25 03:50:00+00:00,1,0.51994306
2026-02-25 03:55:00+00:00,1,0.5149259
2026-02-25 04:00:00+00:00,1,0.5227877
2026-02-25 04:05:00+00:00,1,0.52147675
2026-02-25 04:10:00+00:00,1,0.5206753
2026-02-25 04:15:00+00:00,1,0.5120583
2026-02-25 04:20:00+00:00,0,0.51215476
2026-02-25 04:25:00+00:00,0,0.50820744
2026-02-25 04:30:00+00:00,0,0.51503795
2026-02-25 04:35:00+00:00,0,0.51322836
2026-02-25 04:40:00+00:00,0,0.5135029
2026-02-25 04:45:00+00:00,0,0.50150967
2026-02-25 04:50:00+00:00,0,0.5141463
2026-02-25 04:55:00+00:00,0,0.51342785
2026-02-25 05:00:00+00:00,0,0.52086806
2026-02-25 05:05:00+00:00,0,0.5152306
2026-02-25 05:10:00+00:00,0,0.5128163
2026-02-25 05:15:00+00:00,0,0.51859796
2026-02-25 05:20:00+00:00,0,0.5205601
2026-02-25 05:25:00+00:00,0,0.5219372
2026-02-25 05:30:00+00:00,1,0.52297956
2026-02-25 05:35:00+00:00,1,0.52390856
2026-02-25 05:40:00+00:00,1,0.52553827
2026-02-25 05:45:00+00:00,1,0.5155715
2026-02-25 05:50:00+00:00,1,0.5135234
2026-02-25 05:55:00+00:00,1,0.51733625
2026-02-25 06:00:00+00:00,1,0.5097812
2026-02-25 06:05:00+00:00,1,0.5170726
2026-02-25 06:10:00+00:00,1,0.50538343
2026-02-25 06:15:00+00:00,1,0.507017
2026-02-25 06:20:00+00:00,0,0.51875174
2026-02-25 06:25:00+00:00,0,0.5237766
2026-02-25 06:30:00+00:00,0,0.5243018
2026-02-25 06:35:00+00:00,0,0.50312966
2026-02-25 06:40:00+00:00,1,0.5069735
2026-02-25 06:45:00+00:00,1,0.52923745
2026-02-25 06:50:00+00:00,1,0.52933604
2026-02-25 06:55:00+00:00,1,0.526532
2026-02-25 07:00:00+00:00,1,0.50917387
2026-02-25 07:05:00+00:00,1,0.4997
2026-02-25 07:10:00+00:00,0,0.4892807
2026-02-25 07:15:00+00:00,0,0.48553205
2026-02-25 07:20:00+00:00,1,0.5034638
2026-02-25 07:25:00+00:00,1,0.4892807
2026-02-25 07:30:00+00:00,1,0.4775924
2026-02-25 07:35:00+00:00,1,0.49412256
2026-02-25 07:40:00+00:00,1,0.49632826
2026-02-25 07:45:00+00:00,1,0.4983993
2026-02-25 07:50:00+00:00,1,0.48703596
2026-02-25 07:55:00+00:00,1,0.48897144
2026-02-25 08:00:00+00:00,1,0.4702579
2026-02-25 08:05:00+00:00,1,0.4767687
2026-02-25 08:10:00+00:00,1,0.4724295
2026-02-25 08:15:00+00:00,1,0.47585505
2026-02-25 08:20:00+00:00,1,0.46721613
2026-02-25 08:25:00+00:00,1,0.47747666
2026-02-25 08:30:00+00:00,1,0.47343183
2026-02-25 08:35:00+00:00,1,0.47284976
2026-02-25 08:40:00+00:00,1,0.47430015
2026-02-25 08:45:00+00:00,1,0.48252133
2026-02-25 08:50:00+00:00,1,0.47125554
2026-02-25 08:55:00+00:00,1,0.47430015
2026-02-25 09:00:00+00:00,1,0.4761818
2026-02-25 09:05:00+00:00,1,0.47430015
2026-02-25 09:10:00+00:00,0,0.47284976
2026-02-25 09:15:00+00:00,1,0.47885868
2026-02-25 09:20:00+00:00,1,0.49476466
2026-02-25 09:25:00+00:00,1,0.49229515
2026-02-25 09:30:00+00:00,1,0.49316567
2026-02-25 09:35:00+00:00,1,0.4827607
2026-02-25 09:40:00+00:00,1,0.47652793
2026-02-25 09:45:00+00:00,0,0.48111424
2026-02-25 09:50:00+00:00,0,0.48214582
2026-02-25 09:55:00+00:00,0,0.48441687
2026-02-25 10:00:00+00:00,0,0.4851809
2026-02-25 10:05:00+00:00,0,0.48363563
2026-02-25 10:10:00+00:00,0,0.47700858
2026-02-25 10:15:00+00:00,1,0.48873246
2026-02-25 10:20:00+00:00,1,0.49320835
2026-02-25 10:25:00+00:00,0,0.49224958
2026-02-25 10:30:00+00:00,0,0.484739
2026-02-25 10:35:00+00:00,0,0.49660525
2026-02-25 10:40:00+00:00,0,0.4911861
2026-02-25 10:45:00+00:00,0,0.48561534
2026-02-25 10:50:00+00:00,1,0.4964242
2026-02-25 10:55:00+00:00,1,0.49387312
2026-02-25 11:00:00+00:00,1,0.50248766
2026-02-25 11:05:00+00:00,1,0.50901914
2026-02-25 11:10:00+00:00,1,0.51170784
2026-02-25 11:15:00+00:00,1,0.50560194
2026-02-25 11:20:00+00:00,1,0.48096988
2026-02-25 11:25:00+00:00,1,0.4856175
2026-02-25 11:30:00+00:00,1,0.49895233
2026-02-25 11:35:00+00:00,1,0.47534811
2026-02-25 11:40:00+00:00,1,0.47270343
2026-02-25 11:45:00+00:00,1,0.48290643
2026-02-25 11:50:00+00:00,1,0.474922
2026-02-25 11:55:00+00:00,1,0.4772296
2026-02-25 12:00:00+00:00,1,0.47716302
2026-02-25 12:05:00+00:00,1,0.47349593
2026-02-25 12:10:00+00:00,1,0.47595656
2026-02-25 12:15:00+00:00,1,0.47518837
2026-02-25 12:20:00+00:00,1,0.5001274
2026-02-25 12:25:00+00:00,1,0.50676036
2026-02-25 12:30:00+00:00,1,0.51986897
2026-02-25 12:35:00+00:00,1,0.5178913
2026-02-25 12:40:00+00:00,1,0.5155969
2026-02-25 12:45:00+00:00,1,0.5176895
2026-02-25 12:50:00+00:00,1,0.5192997
2026-02-25 12:55:00+00:00,1,0.5171503
2026-02-25 13:00:00+00:00,1,0.5171503
2026-02-25 13:05:00+00:00,1,0.52019966
2026-02-25 13:10:00+00:00,1,0.5278322
2026-02-25 13:15:00+00:00,1,0.53636646
2026-02-25 13:20:00+00:00,1,0.52272093
2026-02-25 13:25:00+00:00,1,0.5283617
2026-02-25 13:30:00+00:00,1,0.52626926
2026-02-25 13:35:00+00:00,1,0.51662487
2026-02-25 13:40:00+00:00,1,0.5205263
2026-02-25 13:45:00+00:00,1,0.51616764
2026-02-25 13:50:00+00:00,1,0.5079224
2026-02-25 13:55:00+00:00,1,0.4902244
2026-02-25 14:00:00+00:00,1,0.49559402
2026-02-25 14:05:00+00:00,1,0.49457562
2026-02-25 14:10:00+00:00,1,0.50258875
2026-02-25 14:15:00+00:00,1,0.5267425
2026-02-25 14:20:00+00:00,1,0.5184196
2026-02-25 14:25:00+00:00,1,0.51653564
2026-02-25 14:30:00+00:00,1,0.5000512
2026-02-25 14:35:00+00:00,1,0.5222606
2026-02-25 14:40:00+00:00,1,0.5289249
2026-02-25 14:45:00+00:00,1,0.53809893
2026-02-25 14:50:00+00:00,1,0.5279331
2026-02-25 14:55:00+00:00,1,0.53879327
2026-02-25 15:00:00+00:00,1,0.5537014
2026-02-25 15:05:00+00:00,1,0.5383742
2026-02-25 15:10:00+00:00,1,0.54520404
2026-02-25 15:15:00+00:00,1,0.5372916
2026-02-25 15:20:00+00:00,1,0.5507601
2026-02-25 15:25:00+00:00,1,0.54681516
2026-02-25 15:30:00+00:00,1,0.5523174
2026-02-25 15:35:00+00:00,1,0.5553093
2026-02-25 15:40:00+00:00,1,0.5590117
2026-02-25 15:45:00+00:00,1,0.55611634
2026-02-25 15:50:00+00:00,1,0.57078344
2026-02-25 15:55:00+00:00,1,0.5443977
2026-02-25 16:00:00+00:00,1,0.5464439
2026-02-25 16:05:00+00:00,0,0.5735073
2026-02-25 16:10:00+00:00,0,0.5572398
2026-02-25 16:15:00+00:00,0,0.560877
2026-02-25 16:20:00+00:00,1,0.54978514
2026-02-25 16:25:00+00:00,1,0.53124136
2026-02-25 16:30:00+00:00,1,0.5642754
2026-02-25 16:35:00+00:00,1,0.55616456
2026-02-25 16:40:00+00:00,1,0.52905786
2026-02-25 16:45:00+00:00,1,0.52882135
2026-02-25 16:50:00+00:00,1,0.54113173
2026-02-25 16:55:00+00:00,1,0.5244778
2026-02-25 17:00:00+00:00,1,0.5299177
2026-02-25 17:05:00+00:00,1,0.52244395
2026-02-25 17:10:00+00:00,0,0.5115835
2026-02-25 17:15:00+00:00,0,0.5133458
2026-02-25 17:20:00+00:00,0,0.51310235
2026-02-25 17:25:00+00:00,1,0.50676346
2026-02-25 17:30:00+00:00,0,0.50003195
2026-02-25 17:35:00+00:00,0,0.51250523
2026-02-25 17:40:00+00:00,1,0.51824844
2026-02-25 17:45:00+00:00,1,0.5192043
2026-02-25 17:50:00+00:00,0,0.5160909
2026-02-25 17:55:00+00:00,1,0.51048607
2026-02-25 18:00:00+00:00,1,0.55589736
2026-02-25 18:05:00+00:00,1,0.54236007
2026-02-25 18:10:00+00:00,1,0.49421093
2026-02-25 18:15:00+00:00,1,0.526923
2026-02-25 18:20:00+00:00,1,0.5422887
2026-02-25 18:25:00+00:00,1,0.49061495
2026-02-25 18:30:00+00:00,0,0.5083553
2026-02-25 18:35:00+00:00,0,0.48801845
2026-02-25 18:40:00+00:00,0,0.491756
2026-02-25 18:45:00+00:00,0,0.50955576
2026-02-25 18:50:00+00:00,0,0.50303286
2026-02-25 18:55:00+00:00,0,0.49688858
2026-02-25 19:00:00+00:00,0,0.5355101
2026-02-25 19:05:00+00:00,1,0.5422816
2026-02-25 19:10:00+00:00,1,0.5423504
2026-02-25 19:15:00+00:00,1,0.5264395
2026-02-25 19:20:00+00:00,1,0.5171779
2026-02-25 19:25:00+00:00,1,0.5269088
2026-02-25 19:30:00+00:00,1,0.5301382
2026-02-25 19:35:00+00:00,1,0.5276395
2026-02-25 19:40:00+00:00,1,0.51793754
2026-02-25 19:45:00+00:00,1,0.49538308
2026-02-25 19:50:00+00:00,1,0.4908633
2026-02-25 19:55:00+00:00,1,0.50238544
2026-02-25 20:00:00+00:00,1,0.53517896
2026-02-25 20:05:00+00:00,0,0.5250799
2026-02-25 20:10:00+00:00,1,0.5318408
2026-02-25 20:15:00+00:00,0,0.5203738
2026-02-25 20:20:00+00:00,0,0.5304081
2026-02-25 20:25:00+00:00,1,0.5454484
2026-02-25 20:30:00+00:00,0,0.52182615
2026-02-25 20:35:00+00:00,0,0.5199331
2026-02-25 20:40:00+00:00,0,0.5347137
2026-02-25 20:45:00+00:00,0,0.5372295
2026-02-25 20:50:00+00:00,0,0.53370905
2026-02-25 20:55:00+00:00,0,0.5516564
2026-02-25 21:00:00+00:00,1,0.54154307
2026-02-25 21:05:00+00:00,1,0.53772116
2026-02-25 21:10:00+00:00,1,0.55975074
2026-02-25 21:15:00+00:00,1,0.5479211
2026-02-25 21:20:00+00:00,1,0.5478447
2026-02-25 21:25:00+00:00,1,0.5332602
2026-02-25 21:30:00+00:00,1,0.52500886
2026-02-25 21:35:00+00:00,0,0.5193778
2026-02-25 21:40:00+00:00,0,0.5336226
2026-02-25 21:45:00+00:00,1,0.5366971
2026-02-25 21:50:00+00:00,0,0.52865547
2026-02-25 21:55:00+00:00,0,0.5504495
2026-02-25 22:00:00+00:00,0,0.5473669
2026-02-25 22:05:00+00:00,0,0.5652369
2026-02-25 22:10:00+00:00,0,0.5399433
2026-02-25 22:15:00+00:00,0,0.5326807
2026-02-25 22:20:00+00:00,0,0.5565702
2026-02-25 22:25:00+00:00,0,0.56568086
2026-02-25 22:30:00+00:00,0,0.55830747
2026-02-25 22:35:00+00:00,0,0.5603904
2026-02-25 22:40:00+00:00,0,0.56507444
2026-02-25 22:45:00+00:00,0,0.567969
2026-02-25 22:50:00+00:00,0,0.5810494
2026-02-25 22:55:00+00:00,0,0.57930577
2026-02-25 23:00:00+00:00,0,0.5753532
2026-02-25 23:05:00+00:00,0,0.53801054
2026-02-25 23:10:00+00:00,0,0.54262245
2026-02-25 23:15:00+00:00,0,0.5403108
2026-02-25 23:20:00+00:00,0,0.5480537
2026-02-25 23:25:00+00:00,0,0.5480537
2026-02-25 23:30:00+00:00,0,0.5446831
2026-02-25 23:35:00+00:00,1,0.5657827
2026-02-25 23:40:00+00:00,1,0.56074095
2026-02-25 23:45:00+00:00,1,0.5432017
2026-02-25 23:50:00+00:00,1,0.54719067
2026-02-25 23:55:00+00:00,1,0.5481393
2026-02-26 00:00:00+00:00,1,0.54128516
2026-02-26 00:05:00+00:00,0,0.5329418
2026-02-26 00:10:00+00:00,0,0.5360826
2026-02-26 00:15:00+00:00,0,0.5365929
2026-02-26 00:20:00+00:00,0,0.5415929
2026-02-26 00:25:00+00:00,0,0.53859174
2026-02-26 00:30:00+00:00,0,0.5418912
2026-02-26 00:35:00+00:00,1,0.53781915
2026-02-26 00:40:00+00:00,1,0.54428566
2026-02-26 00:45:00+00:00,1,0.53856254
2026-02-26 00:50:00+00:00,1,0.53856254
2026-02-26 00:55:00+00:00,1,0.5380932
2026-02-26 01:00:00+00:00,1,0.51138455
2026-02-26 01:05:00+00:00,1,0.49958098
2026-02-26 01:10:00+00:00,0,0.5119252
2026-02-26 01:15:00+00:00,0,0.5112207
2026-02-26 01:20:00+00:00,0,0.5145514
2026-02-26 01:25:00+00:00,0,0.48708844
2026-02-26 01:30:00+00:00,0,0.48606867
2026-02-26 01:35:00+00:00,0,0.4873919
2026-02-26 01:40:00+00:00,0,0.5245271
2026-02-26 01:45:00+00:00,0,0.51161194
2026-02-26 01:50:00+00:00,0,0.5223884
2026-02-26 01:55:00+00:00,0,0.52537054
2026-02-26 02:00:00+00:00,1,0.5300704
2026-02-26 02:05:00+00:00,1,0.5232455
2026-02-26 02:10:00+00:00,1,0.52613676
2026-02-26 02:15:00+00:00,0,0.51514703
2026-02-26 02:20:00+00:00,1,0.52191824
2026-02-26 02:25:00+00:00,1,0.52060926
2026-02-26 02:30:00+00:00,1,0.5151985
2026-02-26 02:35:00+00:00,0,0.5165041
2026-02-26 02:40:00+00:00,0,0.509949
2026-02-26 02:45:00+00:00,0,0.5258005
2026-02-26 02:50:00+00:00,0,0.51549095
2026-02-26 02:55:00+00:00,0,0.51498723
2026-02-26 03:00:00+00:00,0,0.517604
2026-02-26 03:05:00+00:00,0,0.5222768
2026-02-26 03:10:00+00:00,0,0.5180207
2026-02-26 03:15:00+00:00,0,0.5184405
2026-02-26 03:20:00+00:00,1,0.5213758
2026-02-26 03:25:00+00:00,1,0.519842
2026-02-26 03:30:00+00:00,1,0.51553065
2026-02-26 03:35:00+00:00,1,0.5222768
2026-02-26 03:40:00+00:00,1,0.5011138
2026-02-26 03:45:00+00:00,1,0.5002226
2026-02-26 03:50:00+00:00,1,0.50657815
2026-02-26 03:55:00+00:00,1,0.51135886
2026-02-26 04:00:00+00:00,1,0.51304877
2026-02-26 04:05:00+00:00,1,0.49980208
2026-02-26 04:10:00+00:00,1,0.51107013
2026-02-26 04:15:00+00:00,1,0.50386643
2026-02-26 04:20:00+00:00,1,0.49631423
2026-02-26 04:25:00+00:00,1,0.48396936
2026-02-26 04:30:00+00:00,0,0.47623867
2026-02-26 04:35:00+00:00,0,0.4785591
2026-02-26 04:40:00+00:00,0,0.48319772
2026-02-26 04:45:00+00:00,0,0.48366955
2026-02-26 04:50:00+00:00,0,0.47851112
2026-02-26 04:55:00+00:00,0,0.50028914
2026-02-26 05:00:00+00:00,0,0.5119427
2026-02-26 05:05:00+00:00,0,0.5252602
2026-02-26 05:10:00+00:00,1,0.5295462
2026-02-26 05:15:00+00:00,1,0.5295462
2026-02-26 05:20:00+00:00,1,0.5290661
2026-02-26 05:25:00+00:00,1,0.5271536
2026-02-26 05:30:00+00:00,1,0.52030796
2026-02-26 05:35:00+00:00,1,0.5124327
2026-02-26 05:40:00+00:00,1,0.5154557
2026-02-26 05:45:00+00:00,1,0.51050156
2026-02-26 05:50:00+00:00,1,0.5157821
2026-02-26 05:55:00+00:00,0,0.518094
2026-02-26 06:00:00+00:00,0,0.5141216
2026-02-26 06:05:00+00:00,0,0.51392335
2026-02-26 06:10:00+00:00,0,0.5156289
2026-02-26 06:15:00+00:00,0,0.51686305
2026-02-26 06:20:00+00:00,0,0.51673377
2026-02-26 06:25:00+00:00,0,0.52912647
2026-02-26 06:30:00+00:00,1,0.5283518
2026-02-26 06:35:00+00:00,1,0.5300339
2026-02-26 06:40:00+00:00,1,0.52825236
2026-02-26 06:45:00+00:00,1,0.5300261
2026-02-26 06:50:00+00:00,1,0.52924424
2026-02-26 06:55:00+00:00,1,0.4930124
2026-02-26 07:00:00+00:00,0,0.4975276
2026-02-26 07:05:00+00:00,0,0.49996632
2026-02-26 07:10:00+00:00,0,0.496249
2026-02-26 07:15:00+00:00,0,0.49994683
2026-02-26 07:20:00+00:00,0,0.496249
2026-02-26 07:25:00+00:00,0,0.50331116
2026-02-26 07:30:00+00:00,0,0.5202628
2026-02-26 07:35:00+00:00,0,0.5202628
2026-02-26 07:40:00+00:00,1,0.51868033
2026-02-26 07:45:00+00:00,1,0.51215994
2026-02-26 07:50:00+00:00,1,0.5188149
2026-02-26 07:55:00+00:00,1,0.51870215
2026-02-26 08:00:00+00:00,0,0.5144492
2026-02-26 08:05:00+00:00,1,0.51397157
2026-02-26 08:10:00+00:00,0,0.49774265
2026-02-26 08:15:00+00:00,0,0.4959796
2026-02-26 08:20:00+00:00,0,0.4932236
2026-02-26 08:25:00+00:00,0,0.4940185
2026-02-26 08:30:00+00:00,0,0.50131804
2026-02-26 08:35:00+00:00,0,0.5009568
2026-02-26 08:40:00+00:00,1,0.5008526
2026-02-26 08:45:00+00:00,1,0.5123565
2026-02-26 08:50:00+00:00,1,0.5094057
2026-02-26 08:55:00+00:00,1,0.5231866
2026-02-26 09:00:00+00:00,1,0.52352524
2026-02-26 09:05:00+00:00,1,0.5209533
2026-02-26 09:10:00+00:00,0,0.47491887
2026-02-26 09:15:00+00:00,0,0.47436032
2026-02-26 09:20:00+00:00,0,0.48407325
2026-02-26 09:25:00+00:00,1,0.50129193
2026-02-26 09:30:00+00:00,1,0.4942474
2026-02-26 09:35:00+00:00,0,0.48438308
2026-02-26 09:40:00+00:00,0,0.49905628
2026-02-26 09:45:00+00:00,0,0.5004766
2026-02-26 09:50:00+00:00,1,0.5164732
2026-02-26 09:55:00+00:00,0,0.4884466
2026-02-26 10:00:00+00:00,0,0.49237937
2026-02-26 10:05:00+00:00,0,0.49327993
2026-02-26 10:10:00+00:00,0,0.50905675
2026-02-26 10:15:00+00:00,0,0.49133593
2026-02-26 10:20:00+00:00,0,0.50004673
2026-02-26 10:25:00+00:00,0,0.5126072
2026-02-26 10:30:00+00:00,0,0.50425375
2026-02-26 10:35:00+00:00,0,0.49225062
2026-02-26 10:40:00+00:00,0,0.50181895
2026-02-26 10:45:00+00:00,0,0.5238926
2026-02-26 10:50:00+00:00,0,0.52562845
2026-02-26 10:55:00+00:00,0,0.52532154
2026-02-26 11:00:00+00:00,0,0.52335286
2026-02-26 11:05:00+00:00,0,0.52335286
2026-02-26 11:10:00+00:00,0,0.51731664
2026-02-26 11:15:00+00:00,0,0.5244748
2026-02-26 11:20:00+00:00,0,0.52563196
2026-02-26 11:25:00+00:00,0,0.522452
2026-02-26 11:30:00+00:00,0,0.5160128
2026-02-26 11:35:00+00:00,0,0.52245593
2026-02-26 11:40:00+00:00,0,0.4895481
2026-02-26 11:45:00+00:00,1,0.52659553
2026-02-26 11:50:00+00:00,1,0.5239987
2026-02-26 11:55:00+00:00,1,0.5239987
2026-02-26 12:00:00+00:00,1,0.5234222
2026-02-26 12:05:00+00:00,1,0.5224056
2026-02-26 12:10:00+00:00,1,0.49779475
2026-02-26 12:15:00+00:00,1,0.515423
2026-02-26 12:20:00+00:00,1,0.5123995
2026-02-26 12:25:00+00:00,1,0.5046868
2026-02-26 12:30:00+00:00,1,0.51001006
2026-02-26 12:35:00+00:00,0,0.48388293
2026-02-26 12:40:00+00:00,1,0.4913638
2026-02-26 12:45:00+00:00,0,0.4794047
2026-02-26 12:50:00+00:00,0,0.47853553
2026-02-26 12:55:00+00:00,1,0.47790036
2026-02-26 13:00:00+00:00,1,0.49142674
2026-02-26 13:05:00+00:00,1,0.48339787
2026-02-26 13:10:00+00:00,1,0.49296397
2026-02-26 13:15:00+00:00,1,0.4918651
2026-02-26 13:20:00+00:00,0,0.486629
2026-02-26 13:25:00+00:00,0,0.4748076
2026-02-26 13:30:00+00:00,0,0.4842073
2026-02-26 13:35:00+00:00,0,0.48426765
2026-02-26 13:40:00+00:00,1,0.4848608
2026-02-26 13:45:00+00:00,0,0.4744132
2026-02-26 13:50:00+00:00,1,0.4922502
2026-02-26 13:55:00+00:00,1,0.49190077
2026-02-26 14:00:00+00:00,1,0.5033529
2026-02-26 14:05:00+00:00,0,0.49988654
2026-02-26 14:10:00+00:00,0,0.48067835
2026-02-26 14:15:00+00:00,0,0.4857628
2026-02-26 14:20:00+00:00,0,0.4841651
2026-02-26 14:25:00+00:00,0,0.49531123
2026-02-26 14:30:00+00:00,0,0.49472076
2026-02-26 14:35:00+00:00,0,0.5220507
2026-02-26 14:40:00+00:00,1,0.52172583
2026-02-26 14:45:00+00:00,1,0.5220507
2026-02-26 14:50:00+00:00,1,0.5220507
2026-02-26 14:55:00+00:00,0,0.5127275
2026-02-26 15:00:00+00:00,0,0.5124893
2026-02-26 15:05:00+00:00,1,0.5141882
2026-02-26 15:10:00+00:00,1,0.5084124
2026-02-26 15:15:00+00:00,1,0.51763576
2026-02-26 15:20:00+00:00,0,0.5192732
2026-02-26 15:25:00+00:00,1,0.5172573
2026-02-26 15:30:00+00:00,1,0.5197206
2026-02-26 15:35:00+00:00,0,0.49662295
2026-02-26 15:40:00+00:00,0,0.49599215
2026-02-26 15:45:00+00:00,0,0.5118021
2026-02-26 15:50:00+00:00,0,0.51219726
2026-02-26 15:55:00+00:00,0,0.5117669
2026-02-26 16:00:00+00:00,0,0.5165187
2026-02-26 16:05:00+00:00,0,0.51854104
2026-02-26 16:10:00+00:00,0,0.51231647
2026-02-26 16:15:00+00:00,0,0.51963764
2026-02-26 16:20:00+00:00,0,0.5190109
2026-02-26 16:25:00+00:00,0,0.5293476
2026-02-26 16:30:00+00:00,0,0.520347
2026-02-26 16:35:00+00:00,0,0.52496463
2026-02-26 16:40:00+00:00,0,0.52496463
2026-02-26 16:45:00+00:00,0,0.5234254
2026-02-26 16:50:00+00:00,1,0.5310501
2026-02-26 16:55:00+00:00,1,0.52201134
2026-02-26 17:00:00+00:00,0,0.5205853
2026-02-26 17:05:00+00:00,0,0.5191452
2026-02-26 17:10:00+00:00,0,0.5099217
2026-02-26 17:15:00+00:00,0,0.4988687
2026-02-26 17:20:00+00:00,0,0.50926673
2026-02-26 17:25:00+00:00,0,0.5161315
2026-02-26 17:30:00+00:00,0,0.52002466
2026-02-26 17:35:00+00:00,0,0.5178037
2026-02-26 17:40:00+00:00,0,0.5244758
2026-02-26 17:45:00+00:00,1,0.5244758
2026-02-26 17:50:00+00:00,1,0.5221503
2026-02-26 17:55:00+00:00,0,0.518521
2026-02-26 18:00:00+00:00,1,0.51265293
2026-02-26 18:05:00+00:00,1,0.5326715
2026-02-26 18:10:00+00:00,1,0.5264402
2026-02-26 18:15:00+00:00,1,0.5259869
2026-02-26 18:20:00+00:00,1,0.53140837
2026-02-26 18:25:00+00:00,1,0.54043555
2026-02-26 18:30:00+00:00,1,0.5171586
2026-02-26 18:35:00+00:00,1,0.50489336
2026-02-26 18:40:00+00:00,1,0.49878073
2026-02-26 18:45:00+00:00,1,0.51160145
2026-02-26 18:50:00+00:00,1,0.49269208
2026-02-26 18:55:00+00:00,1,0.4769756
2026-02-26 19:00:00+00:00,0,0.48077834
2026-02-26 19:05:00+00:00,0,0.48450372
2026-02-26 19:10:00+00:00,0,0.4843034
2026-02-26 19:15:00+00:00,0,0.47611234
2026-02-26 19:20:00+00:00,0,0.47872794
2026-02-26 19:25:00+00:00,1,0.4990384
2026-02-26 19:30:00+00:00,1,0.48358557
2026-02-26 19:35:00+00:00,1,0.49779657
2026-02-26 19:40:00+00:00,1,0.49635142
2026-02-26 19:45:00+00:00,1,0.48921534
2026-02-26 19:50:00+00:00,0,0.4855474
2026-02-26 19:55:00+00:00,0,0.47941905
2026-02-26 20:00:00+00:00,0,0.48415104
2026-02-26 20:05:00+00:00,0,0.49597543
2026-02-26 20:10:00+00:00,0,0.5005448
2026-02-26 20:15:00+00:00,0,0.4999714
2026-02-26 20:20:00+00:00,0,0.53005373
2026-02-26 20:25:00+00:00,0,0.532666
2026-02-26 20:30:00+00:00,0,0.53568554
2026-02-26 20:35:00+00:00,0,0.5412377
2026-02-26 20:40:00+00:00,1,0.5381059
2026-02-26 20:45:00+00:00,0,0.53406113
2026-02-26 20:50:00+00:00,1,0.52787566
2026-02-26 20:55:00+00:00,1,0.52990067
2026-02-26 21:00:00+00:00,0,0.5070235
2026-02-26 21:05:00+00:00,1,0.5304091
2026-02-26 21:10:00+00:00,1,0.52856976
2026-02-26 21:15:00+00:00,1,0.5246897
2026-02-26 21:20:00+00:00,1,0.5230315
2026-02-26 21:25:00+00:00,0,0.5151016
2026-02-26 21:30:00+00:00,1,0.51557046
2026-02-26 21:35:00+00:00,1,0.5175609
2026-02-26 21:40:00+00:00,1,0.5142951
2026-02-26 21:45:00+00:00,1,0.5172559
2026-02-26 21:50:00+00:00,1,0.5122844
2026-02-26 21:55:00+00:00,1,0.50959384
2026-02-26 22:00:00+00:00,1,0.50745565
2026-02-26 22:05:00+00:00,1,0.49857453
2026-02-26 22:10:00+00:00,1,0.49441904
2026-02-26 22:15:00+00:00,1,0.4964262
2026-02-26 22:20:00+00:00,1,0.4990619
2026-02-26 22:25:00+00:00,1,0.49157032
2026-02-26 22:30:00+00:00,1,0.4903503
2026-02-26 22:35:00+00:00,0,0.48339328
2026-02-26 22:40:00+00:00,0,0.47528833
2026-02-26 22:45:00+00:00,0,0.47615698
2026-02-26 22:50:00+00:00,0,0.47863454
2026-02-26 22:55:00+00:00,0,0.47863454
2026-02-26 23:00:00+00:00,1,0.5103467
2026-02-26 23:05:00+00:00,1,0.49306068
2026-02-26 23:10:00+00:00,0,0.4875897
2026-02-26 23:15:00+00:00,0,0.49306068
2026-02-26 23:20:00+00:00,0,0.4951184
2026-02-26 23:25:00+00:00,0,0.48434773
2026-02-26 23:30:00+00:00,0,0.4808139
2026-02-26 23:35:00+00:00,0,0.49762395
2026-02-26 23:40:00+00:00,0,0.5017243
2026-02-26 23:45:00+00:00,0,0.5026154
2026-02-26 23:50:00+00:00,0,0.49376646
2026-02-26 23:55:00+00:00,0,0.5035954
2026-02-27 00:00:00+00:00,0,0.5193478
2026-02-27 00:05:00+00:00,0,0.49743342
2026-02-27 00:10:00+00:00,0,0.5141735
2026-02-27 00:15:00+00:00,0,0.516582
2026-02-27 00:20:00+00:00,1,0.51647663
2026-02-27 00:25:00+00:00,1,0.516463
2026-02-27 00:30:00+00:00,1,0.5148933
2026-02-27 00:35:00+00:00,1,0.5159528
2026-02-27 00:40:00+00:00,1,0.5300898
2026-02-27 00:45:00+00:00,1,0.52712846
2026-02-27 00:50:00+00:00,1,0.5229258
2026-02-27 00:55:00+00:00,1,0.5188501
2026-02-27 01:00:00+00:00,1,0.52642804
2026-02-27 01:05:00+00:00,1,0.53168154
2026-02-27 01:10:00+00:00,1,0.52371114
2026-02-27 01:15:00+00:00,1,0.52148986
2026-02-27 01:20:00+00:00,1,0.50339854
2026-02-27 01:25:00+00:00,1,0.4857316
2026-02-27 01:30:00+00:00,0,0.47128844
2026-02-27 01:35:00+00:00,1,0.4826667
2026-02-27 01:40:00+00:00,1,0.49467877
2026-02-27 01:45:00+00:00,1,0.48328558
2026-02-27 01:50:00+00:00,0,0.48010552
2026-02-27 01:55:00+00:00,0,0.48546416
2026-02-27 02:00:00+00:00,1,0.47822538
2026-02-27 02:05:00+00:00,0,0.47968882
2026-02-27 02:10:00+00:00,1,0.49743384
2026-02-27 02:15:00+00:00,1,0.48016027
2026-02-27 02:20:00+00:00,1,0.50401235
2026-02-27 02:25:00+00:00,0,0.50566167
2026-02-27 02:30:00+00:00,0,0.4724673
2026-02-27 02:35:00+00:00,0,0.4826667
2026-02-27 02:40:00+00:00,0,0.4873941
2026-02-27 02:45:00+00:00,0,0.48797083
2026-02-27 02:50:00+00:00,0,0.48786247
2026-02-27 02:55:00+00:00,1,0.51317304
2026-02-27 03:00:00+00:00,1,0.51210964
2026-02-27 03:05:00+00:00,1,0.5169389
2026-02-27 03:10:00+00:00,1,0.52246565
2026-02-27 03:15:00+00:00,1,0.51784056
2026-02-27 03:20:00+00:00,1,0.5035193
2026-02-27 03:25:00+00:00,1,0.4987512
2026-02-27 03:30:00+00:00,1,0.4912762
2026-02-27 03:35:00+00:00,1,0.48032868
2026-02-27 03:40:00+00:00,1,0.4843408
2026-02-27 03:45:00+00:00,1,0.4832945
2026-02-27 03:50:00+00:00,1,0.47289395
2026-02-27 03:55:00+00:00,1,0.47402087
2026-02-27 04:00:00+00:00,1,0.4697051
2026-02-27 04:05:00+00:00,1,0.48280385
2026-02-27 04:10:00+00:00,0,0.48845044
2026-02-27 04:15:00+00:00,0,0.5041847
2026-02-27 04:20:00+00:00,0,0.4969624
2026-02-27 04:25:00+00:00,0,0.49579808
2026-02-27 04:30:00+00:00,1,0.47986224
2026-02-27 04:35:00+00:00,1,0.49936292
2026-02-27 04:40:00+00:00,1,0.49326873
2026-02-27 04:45:00+00:00,1,0.49587145
2026-02-27 04:50:00+00:00,1,0.49767187
2026-02-27 04:55:00+00:00,1,0.4967808
2026-02-27 05:00:00+00:00,1,0.4931252
2026-02-27 05:05:00+00:00,1,0.49292898
2026-02-27 05:10:00+00:00,1,0.49155658
2026-02-27 05:15:00+00:00,1,0.48584104
2026-02-27 05:20:00+00:00,1,0.4774298
2026-02-27 05:25:00+00:00,1,0.48377812
2026-02-27 05:30:00+00:00,0,0.4960616
2026-02-27 05:35:00+00:00,0,0.4913911
2026-02-27 05:40:00+00:00,0,0.4891198
2026-02-27 05:45:00+00:00,0,0.48574162
2026-02-27 05:50:00+00:00,0,0.50020593
2026-02-27 05:55:00+00:00,0,0.48783854
2026-02-27 06:00:00+00:00,0,0.4965789
2026-02-27 06:05:00+00:00,0,0.50571394
2026-02-27 06:10:00+00:00,0,0.5083533
2026-02-27 06:15:00+00:00,1,0.52822495
2026-02-27 06:20:00+00:00,1,0.52822495
2026-02-27 06:25:00+00:00,1,0.53109354
2026-02-27 06:30:00+00:00,0,0.52997845
2026-02-27 06:35:00+00:00,0,0.52536803
2026-02-27 06:40:00+00:00,0,0.507188
2026-02-27 06:45:00+00:00,0,0.5189686
2026-02-27 06:50:00+00:00,0,0.5212385
2026-02-27 06:55:00+00:00,0,0.521933
2026-02-27 07:00:00+00:00,0,0.5107086
2026-02-27 07:05:00+00:00,0,0.51319396
2026-02-27 07:10:00+00:00,0,0.514096
2026-02-27 07:15:00+00:00,0,0.51319396
2026-02-27 07:20:00+00:00,0,0.5121759
2026-02-27 07:25:00+00:00,0,0.5135716
2026-02-27 07:30:00+00:00,0,0.5140426
2026-02-27 07:35:00+00:00,1,0.5074976
2026-02-27 07:40:00+00:00,1,0.50655955
2026-02-27 07:45:00+00:00,1,0.50655955
2026-02-27 07:50:00+00:00,1,0.50655955
2026-02-27 07:55:00+00:00,1,0.5074621
2026-02-27 08:00:00+00:00,1,0.49811178
2026-02-27 08:05:00+00:00,0,0.50403774
2026-02-27 08:10:00+00:00,1,0.504575
2026-02-27 08:15:00+00:00,1,0.5054882
2026-02-27 08:20:00+00:00,1,0.50660956
2026-02-27 08:25:00+00:00,1,0.5056702
2026-02-27 08:30:00+00:00,1,0.50757706
2026-02-27 08:35:00+00:00,1,0.50629115
2026-02-27 08:40:00+00:00,1,0.489601
2026-02-27 08:45:00+00:00,1,0.4970948
2026-02-27 08:50:00+00:00,1,0.4881869
2026-02-27 08:55:00+00:00,1,0.48008984
2026-02-27 09:00:00+00:00,1,0.48036417
2026-02-27 09:05:00+00:00,0,0.46962783
2026-02-27 09:10:00+00:00,0,0.46948445
2026-02-27 09:15:00+00:00,0,0.48887077
2026-02-27 09:20:00+00:00,0,0.48581812
2026-02-27 09:25:00+00:00,0,0.4614999
2026-02-27 09:30:00+00:00,0,0.48576963
2026-02-27 09:35:00+00:00,0,0.4900351
2026-02-27 09:40:00+00:00,0,0.49799907
2026-02-27 09:45:00+00:00,0,0.5100433
2026-02-27 09:50:00+00:00,0,0.5236712
2026-02-27 09:55:00+00:00,0,0.5208035
2026-02-27 10:00:00+00:00,0,0.52682257
2026-02-27 10:05:00+00:00,0,0.52682257
2026-02-27 10:10:00+00:00,1,0.5273941
2026-02-27 10:15:00+00:00,1,0.5269717
2026-02-27 10:20:00+00:00,0,0.52595586
2026-02-27 10:25:00+00:00,0,0.52437496
2026-02-27 10:30:00+00:00,0,0.5269717
2026-02-27 10:35:00+00:00,0,0.50752544
2026-02-27 10:40:00+00:00,0,0.5192939
2026-02-27 10:45:00+00:00,0,0.52156377
2026-02-27 10:50:00+00:00,0,0.5248166
2026-02-27 10:55:00+00:00,0,0.5253911
2026-02-27 11:00:00+00:00,0,0.5244457
2026-02-27 11:05:00+00:00,0,0.52588445
2026-02-27 11:10:00+00:00,0,0.52588445
2026-02-27 11:15:00+00:00,0,0.5241133
2026-02-27 11:20:00+00:00,0,0.5225319
2026-02-27 11:25:00+00:00,0,0.52375424
2026-02-27 11:30:00+00:00,0,0.5248761
2026-02-27 11:35:00+00:00,0,0.5248761
2026-02-27 11:40:00+00:00,1,0.52985454
2026-02-27 11:45:00+00:00,1,0.52615887
2026-02-27 11:50:00+00:00,1,0.528275
2026-02-27 11:55:00+00:00,1,0.528275
2026-02-27 12:00:00+00:00,1,0.52888954
2026-02-27 12:05:00+00:00,0,0.5142722
2026-02-27 12:10:00+00:00,0,0.5200004
2026-02-27 12:15:00+00:00,1,0.5200004
2026-02-27 12:20:00+00:00,0,0.518232
2026-02-27 12:25:00+00:00,1,0.52041954
2026-02-27 12:30:00+00:00,1,0.48783344
2026-02-27 12:35:00+00:00,1,0.5163748
2026-02-27 12:40:00+00:00,1,0.5157544
2026-02-27 12:45:00+00:00,1,0.5051198
2026-02-27 12:50:00+00:00,1,0.50002927
2026-02-27 12:55:00+00:00,0,0.5050641
2026-02-27 13:00:00+00:00,0,0.49980697
2026-02-27 13:05:00+00:00,0,0.5083506
2026-02-27 13:10:00+00:00,0,0.5050974
2026-02-27 13:15:00+00:00,0,0.49978235
2026-02-27 13:20:00+00:00,1,0.5190002
2026-02-27 13:25:00+00:00,1,0.51689225
2026-02-27 13:30:00+00:00,1,0.52464235
2026-02-27 13:35:00+00:00,1,0.52464235
2026-02-27 13:40:00+00:00,1,0.52148944
2026-02-27 13:45:00+00:00,0,0.51493555
2026-02-27 13:50:00+00:00,0,0.5004215
2026-02-27 13:55:00+00:00,0,0.48652086
2026-02-27 14:00:00+00:00,0,0.491506
2026-02-27 14:05:00+00:00,0,0.4972169
2026-02-27 14:10:00+00:00,0,0.5100879
2026-02-27 14:15:00+00:00,1,0.52721983
2026-02-27 14:20:00+00:00,0,0.52721983
2026-02-27 14:25:00+00:00,0,0.53043133
2026-02-27 14:30:00+00:00,0,0.5227278
2026-02-27 14:35:00+00:00,0,0.5080079
2026-02-27 14:40:00+00:00,0,0.5214999
2026-02-27 14:45:00+00:00,0,0.5218811
2026-02-27 14:50:00+00:00,1,0.5209191
2026-02-27 14:55:00+00:00,1,0.52668726
2026-02-27 15:00:00+00:00,0,0.52858734
2026-02-27 15:05:00+00:00,0,0.5223214
2026-02-27 15:10:00+00:00,0,0.52517605
2026-02-27 15:15:00+00:00,0,0.5187289
2026-02-27 15:20:00+00:00,0,0.5199662
2026-02-27 15:25:00+00:00,0,0.5195562
2026-02-27 15:30:00+00:00,0,0.5269611
2026-02-27 15:35:00+00:00,0,0.528541
2026-02-27 15:40:00+00:00,0,0.528541
2026-02-27 15:45:00+00:00,0,0.5269611
2026-02-27 15:50:00+00:00,0,0.5269611
2026-02-27 15:55:00+00:00,0,0.5201194
2026-02-27 16:00:00+00:00,1,0.5224458
2026-02-27 16:05:00+00:00,0,0.528541
2026-02-27 16:10:00+00:00,0,0.5269611
2026-02-27 16:15:00+00:00,0,0.52894366
2026-02-27 16:20:00+00:00,0,0.5258521
2026-02-27 16:25:00+00:00,0,0.5208034
2026-02-27 16:30:00+00:00,0,0.50536835
2026-02-27 16:35:00+00:00,0,0.51785535
2026-02-27 16:40:00+00:00,0,0.5203438
2026-02-27 16:45:00+00:00,0,0.5257177
2026-02-27 16:50:00+00:00,0,0.5258521
2026-02-27 16:55:00+00:00,0,0.5270074
2026-02-27 17:00:00+00:00,0,0.52790743
2026-02-27 17:05:00+00:00,0,0.52790743
2026-02-27 17:10:00+00:00,1,0.5288889
2026-02-27 17:15:00+00:00,1,0.5290283
2026-02-27 17:20:00+00:00,1,0.52776796
2026-02-27 17:25:00+00:00,1,0.52770287
2026-02-27 17:30:00+00:00,1,0.5282673
2026-02-27 17:35:00+00:00,1,0.5204575
2026-02-27 17:40:00+00:00,1,0.5180514
2026-02-27 17:45:00+00:00,1,0.52121043
2026-02-27 17:50:00+00:00,0,0.51853067
2026-02-27 17:55:00+00:00,0,0.51894116
2026-02-27 18:00:00+00:00,1,0.53442156
2026-02-27 18:05:00+00:00,1,0.535717
2026-02-27 18:10:00+00:00,1,0.53502405
2026-02-27 18:15:00+00:00,1,0.5416919
2026-02-27 18:20:00+00:00,0,0.54349244
2026-02-27 18:25:00+00:00,0,0.52134424
2026-02-27 18:30:00+00:00,0,0.49747497
2026-02-27 18:35:00+00:00,0,0.52304643
2026-02-27 18:40:00+00:00,0,0.48579258
2026-02-27 18:45:00+00:00,0,0.4982944
2026-02-27 18:50:00+00:00,0,0.53850794
2026-02-27 18:55:00+00:00,0,0.5375616
2026-02-27 19:00:00+00:00,0,0.52697223
2026-02-27 19:05:00+00:00,1,0.536769
2026-02-27 19:10:00+00:00,0,0.52951974
2026-02-27 19:15:00+00:00,0,0.5343117
2026-02-27 19:20:00+00:00,0,0.52801174
2026-02-27 19:25:00+00:00,0,0.5203821
2026-02-27 19:30:00+00:00,0,0.525939
2026-02-27 19:35:00+00:00,1,0.5294073
2026-02-27 19:40:00+00:00,1,0.53670746
2026-02-27 19:45:00+00:00,1,0.5377205
2026-02-27 19:50:00+00:00,1,0.5383987
2026-02-27 19:55:00+00:00,1,0.5368228
2026-02-27 20:00:00+00:00,1,0.5319537
2026-02-27 20:05:00+00:00,0,0.531092
2026-02-27 20:10:00+00:00,1,0.5319912
2026-02-27 20:15:00+00:00,1,0.52924496
2026-02-27 20:20:00+00:00,1,0.52415425
2026-02-27 20:25:00+00:00,1,0.5212426
2026-02-27 20:30:00+00:00,1,0.51537085
2026-02-27 20:35:00+00:00,1,0.5183897
2026-02-27 20:40:00+00:00,1,0.5128228
2026-02-27 20:45:00+00:00,0,0.49265197
2026-02-27 20:50:00+00:00,0,0.48647526
2026-02-27 20:55:00+00:00,0,0.50015616
2026-02-27 21:00:00+00:00,0,0.47872007
2026-02-27 21:05:00+00:00,0,0.48487067
2026-02-27 21:10:00+00:00,0,0.49514103
2026-02-27 21:15:00+00:00,0,0.5006707
2026-02-27 21:20:00+00:00,0,0.49406865
2026-02-27 21:25:00+00:00,0,0.5184604
2026-02-27 21:30:00+00:00,0,0.53309596
2026-02-27 21:35:00+00:00,0,0.5347122
2026-02-27 21:40:00+00:00,0,0.53443277
2026-02-27 21:45:00+00:00,1,0.53461665
2026-02-27 21:50:00+00:00,1,0.534493
2026-02-27 21:55:00+00:00,0,0.5242312
2026-02-27 22:00:00+00:00,0,0.52195543
2026-02-27 22:05:00+00:00,0,0.5216792
2026-02-27 22:10:00+00:00,1,0.519872
2026-02-27 22:15:00+00:00,0,0.5127669
2026-02-27 22:20:00+00:00,1,0.5212937
2026-02-27 22:25:00+00:00,1,0.53102255
2026-02-27 22:30:00+00:00,1,0.5393756
2026-02-27 22:35:00+00:00,1,0.5258383
2026-02-27 22:40:00+00:00,1,0.52174443
2026-02-27 22:45:00+00:00,1,0.5226327
2026-02-27 22:50:00+00:00,1,0.52439237
2026-02-27 22:55:00+00:00,1,0.5205145
2026-02-27 23:00:00+00:00,1,0.49584955
2026-02-27 23:05:00+00:00,1,0.47454897
2026-02-27 23:10:00+00:00,1,0.4974215
2026-02-27 23:15:00+00:00,1,0.48589635
2026-02-27 23:20:00+00:00,0,0.47737134
2026-02-27 23:25:00+00:00,0,0.48367295
2026-02-27 23:30:00+00:00,0,0.480363
2026-02-27 23:35:00+00:00,0,0.46914703
2026-02-27 23:40:00+00:00,1,0.49742377
2026-02-27 23:45:00+00:00,0,0.48224398
2026-02-27 23:50:00+00:00,1,0.47462448
2026-02-27 23:55:00+00:00,0,0.4685522
2026-02-28 00:00:00+00:00,0,0.47342306
2026-02-28 00:05:00+00:00,1,0.47639376
2026-02-28 00:10:00+00:00,1,0.47707158
2026-02-28 00:15:00+00:00,1,0.49355483
2026-02-28 00:20:00+00:00,0,0.4865931
2026-02-28 00:25:00+00:00,1,0.5004592
2026-02-28 00:30:00+00:00,1,0.49558648
2026-02-28 00:35:00+00:00,1,0.49751416
2026-02-28 00:40:00+00:00,1,0.48478627
2026-02-28 00:45:00+00:00,0,0.48702517
2026-02-28 00:50:00+00:00,1,0.48768425
2026-02-28 00:55:00+00:00,0,0.49405032
2026-02-28 01:00:00+00:00,0,0.4784241
2026-02-28 01:05:00+00:00,0,0.4922104
2026-02-28 01:10:00+00:00,0,0.4952597
2026-02-28 01:15:00+00:00,1,0.496277
2026-02-28 01:20:00+00:00,0,0.4942425
2026-02-28 01:25:00+00:00,1,0.52806044
2026-02-28 01:30:00+00:00,1,0.5293438
2026-02-28 01:35:00+00:00,1,0.5243335
2026-02-28 01:40:00+00:00,1,0.50529575
2026-02-28 01:45:00+00:00,0,0.50057024
2026-02-28 01:50:00+00:00,1,0.51233685
2026-02-28 01:55:00+00:00,1,0.50907856
2026-02-28 02:00:00+00:00,1,0.5216505
2026-02-28 02:05:00+00:00,1,0.5051742
2026-02-28 02:10:00+00:00,1,0.50441813
2026-02-28 02:15:00+00:00,1,0.50076336
2026-02-28 02:20:00+00:00,1,0.5064136
2026-02-28 02:25:00+00:00,1,0.49645865
2026-02-28 02:30:00+00:00,0,0.4810099
2026-02-28 02:35:00+00:00,0,0.47116557
2026-02-28 02:40:00+00:00,0,0.47076073
2026-02-28 02:45:00+00:00,0,0.4766465
2026-02-28 02:50:00+00:00,0,0.48116636
2026-02-28 02:55:00+00:00,0,0.47927356
2026-02-28 03:00:00+00:00,0,0.5049839
2026-02-28 03:05:00+00:00,0,0.509977
2026-02-28 03:10:00+00:00,0,0.5065439
2026-02-28 03:15:00+00:00,0,0.4914997
2026-02-28 03:20:00+00:00,0,0.5065763
2026-02-28 03:25:00+00:00,0,0.5043823
2026-02-28 03:30:00+00:00,0,0.51954144
2026-02-28 03:35:00+00:00,0,0.5270204
2026-02-28 03:40:00+00:00,0,0.52071047
2026-02-28 03:45:00+00:00,1,0.53062516
2026-02-28 03:50:00+00:00,1,0.53062516
2026-02-28 03:55:00+00:00,0,0.52972573
2026-02-28 04:00:00+00:00,0,0.5108325
2026-02-28 04:05:00+00:00,0,0.5151334
2026-02-28 04:10:00+00:00,0,0.51711535
2026-02-28 04:15:00+00:00,0,0.5171348
2026-02-28 04:20:00+00:00,0,0.51781934
2026-02-28 04:25:00+00:00,0,0.5210683
2026-02-28 04:30:00+00:00,1,0.5263824
2026-02-28 04:35:00+00:00,0,0.51907295
2026-02-28 04:40:00+00:00,1,0.51997435
2026-02-28 04:45:00+00:00,0,0.5212944
2026-02-28 04:50:00+00:00,0,0.52389854
2026-02-28 04:55:00+00:00,0,0.50902134
2026-02-28 05:00:00+00:00,0,0.5212022
2026-02-28 05:05:00+00:00,0,0.5177916
2026-02-28 05:10:00+00:00,0,0.52148855
2026-02-28 05:15:00+00:00,0,0.5237575
2026-02-28 05:20:00+00:00,0,0.52285665
2026-02-28 05:25:00+00:00,0,0.52904856
2026-02-28 05:30:00+00:00,0,0.53158355
2026-02-28 05:35:00+00:00,0,0.553609
2026-02-28 05:40:00+00:00,0,0.553609
2026-02-28 05:45:00+00:00,0,0.553609
2026-02-28 05:50:00+00:00,0,0.55450124
2026-02-28 05:55:00+00:00,0,0.52059555
2026-02-28 06:00:00+00:00,0,0.5444609
2026-02-28 06:05:00+00:00,0,0.5444609
2026-02-28 06:10:00+00:00,0,0.5547195
2026-02-28 06:15:00+00:00,0,0.5557199
2026-02-28 06:20:00+00:00,0,0.5557199
2026-02-28 06:25:00+00:00,0,0.55782765
2026-02-28 06:30:00+00:00,0,0.55782765
2026-02-28 06:35:00+00:00,0,0.55782765
2026-02-28 06:40:00+00:00,0,0.5491822
2026-02-28 06:45:00+00:00,1,0.5614069
2026-02-28 06:50:00+00:00,0,0.56430703
2026-02-28 06:55:00+00:00,1,0.5622059
2026-02-28 07:00:00+00:00,1,0.540454
2026-02-28 07:05:00+00:00,1,0.540454
2026-02-28 07:10:00+00:00,1,0.53961563
2026-02-28 07:15:00+00:00,1,0.53536147
2026-02-28 07:20:00+00:00,1,0.53991586
2026-02-28 07:25:00+00:00,1,0.52803653
2026-02-28 07:30:00+00:00,0,0.539156
2026-02-28 07:35:00+00:00,0,0.5179995
2026-02-28 07:40:00+00:00,0,0.5233314
2026-02-28 07:45:00+00:00,0,0.5381212
2026-02-28 07:50:00+00:00,0,0.5440824
2026-02-28 07:55:00+00:00,0,0.5351733
2026-02-28 08:00:00+00:00,0,0.5328731
2026-02-28 08:05:00+00:00,0,0.54438066
2026-02-28 08:10:00+00:00,0,0.52613777
2026-02-28 08:15:00+00:00,0,0.529455
2026-02-28 08:20:00+00:00,0,0.52613777
2026-02-28 08:25:00+00:00,0,0.5305679
2026-02-28 08:30:00+00:00,0,0.53091913
2026-02-28 08:35:00+00:00,0,0.5223259
2026-02-28 08:40:00+00:00,0,0.5245837
2026-02-28 08:45:00+00:00,0,0.5285715
2026-02-28 08:50:00+00:00,1,0.52646154
2026-02-28 08:55:00+00:00,1,0.5242374
2026-02-28 09:00:00+00:00,0,0.5230109
2026-02-28 09:05:00+00:00,1,0.5367845
2026-02-28 09:10:00+00:00,0,0.5336862
2026-02-28 09:15:00+00:00,0,0.5441859
2026-02-28 09:20:00+00:00,0,0.53570116
2026-02-28 09:25:00+00:00,0,0.5437274
2026-02-28 09:30:00+00:00,0,0.5400756
2026-02-28 09:35:00+00:00,0,0.53398764
2026-02-28 09:40:00+00:00,0,0.5252224
2026-02-28 09:45:00+00:00,1,0.53070337
2026-02-28 09:50:00+00:00,1,0.54445314
2026-02-28 09:55:00+00:00,1,0.54029167
2026-02-28 10:00:00+00:00,1,0.5445441
2026-02-28 10:05:00+00:00,1,0.54467773
2026-02-28 10:10:00+00:00,1,0.5392482
2026-02-28 10:15:00+00:00,1,0.54052806
2026-02-28 10:20:00+00:00,1,0.52749795
2026-02-28 10:25:00+00:00,1,0.52958924
2026-02-28 10:30:00+00:00,0,0.46275225
2026-02-28 10:35:00+00:00,0,0.4740833
2026-02-28 10:40:00+00:00,1,0.47219625
2026-02-28 10:45:00+00:00,1,0.46579033
2026-02-28 10:50:00+00:00,1,0.49560165
2026-02-28 10:55:00+00:00,1,0.49787274
2026-02-28 11:00:00+00:00,1,0.5025239
2026-02-28 11:05:00+00:00,1,0.5005738
2026-02-28 11:10:00+00:00,1,0.49170032
2026-02-28 11:15:00+00:00,1,0.49439216
2026-02-28 11:20:00+00:00,0,0.47852966
2026-02-28 11:25:00+00:00,0,0.4760522
2026-02-28 11:30:00+00:00,0,0.47554678
2026-02-28 11:35:00+00:00,0,0.47032186
2026-02-28 11:40:00+00:00,0,0.49006552
2026-02-28 11:45:00+00:00,0,0.48430857
2026-02-28 11:50:00+00:00,0,0.4819682
2026-02-28 11:55:00+00:00,1,0.5008218
2026-02-28 12:00:00+00:00,1,0.49914744
2026-02-28 12:05:00+00:00,1,0.49961454
2026-02-28 12:10:00+00:00,1,0.4980403
2026-02-28 12:15:00+00:00,0,0.4947241
2026-02-28 12:20:00+00:00,0,0.49516425
2026-02-28 12:25:00+00:00,1,0.48985693
2026-02-28 12:30:00+00:00,1,0.48969555
2026-02-28 12:35:00+00:00,1,0.5095219
2026-02-28 12:40:00+00:00,1,0.5121239
2026-02-28 12:45:00+00:00,1,0.5350579
2026-02-28 12:50:00+00:00,1,0.5263347
2026-02-28 12:55:00+00:00,1,0.49812925
2026-02-28 13:00:00+00:00,0,0.49847865
2026-02-28 13:05:00+00:00,0,0.49732915
2026-02-28 13:10:00+00:00,0,0.48081115
2026-02-28 13:15:00+00:00,1,0.4895618
2026-02-28 13:20:00+00:00,1,0.49379662
2026-02-28 13:25:00+00:00,1,0.49457645
2026-02-28 13:30:00+00:00,1,0.4972247
2026-02-28 13:35:00+00:00,1,0.5023216
2026-02-28 13:40:00+00:00,1,0.49952814
2026-02-28 13:45:00+00:00,1,0.47212237
2026-02-28 13:50:00+00:00,0,0.4756844
2026-02-28 13:55:00+00:00,0,0.48685092
2026-02-28 14:00:00+00:00,0,0.4972103
2026-02-28 14:05:00+00:00,1,0.49880445
2026-02-28 14:10:00+00:00,1,0.50392824
2026-02-28 14:15:00+00:00,0,0.49479827
2026-02-28 14:20:00+00:00,0,0.49687722
2026-02-28 14:25:00+00:00,0,0.48378778
2026-02-28 14:30:00+00:00,0,0.50616646
2026-02-28 14:35:00+00:00,0,0.5086859
2026-02-28 14:40:00+00:00,0,0.51222247
2026-02-28 14:45:00+00:00,0,0.49904007
2026-02-28 14:50:00+00:00,1,0.5040365
2026-02-28 14:55:00+00:00,1,0.5112115
2026-02-28 15:00:00+00:00,1,0.5211666
2026-02-28 15:05:00+00:00,1,0.51086277
2026-02-28 15:10:00+00:00,1,0.5132004
2026-02-28 15:15:00+00:00,1,0.49827838
2026-02-28 15:20:00+00:00,1,0.48092204
2026-02-28 15:25:00+00:00,0,0.4768886
2026-02-28 15:30:00+00:00,0,0.4657753
2026-02-28 15:35:00+00:00,1,0.48946568
2026-02-28 15:40:00+00:00,1,0.48743826
2026-02-28 15:45:00+00:00,0,0.49266025
2026-02-28 15:50:00+00:00,1,0.49992472
2026-02-28 15:55:00+00:00,0,0.4867007
2026-02-28 16:00:00+00:00,1,0.49846134
2026-02-28 16:05:00+00:00,0,0.49567118
2026-02-28 16:10:00+00:00,1,0.48303756
2026-02-28 16:15:00+00:00,1,0.509477
2026-02-28 16:20:00+00:00,1,0.4869521
2026-02-28 16:25:00+00:00,1,0.48768118
2026-02-28 16:30:00+00:00,1,0.4882782
2026-02-28 16:35:00+00:00,1,0.50526285
2026-02-28 16:40:00+00:00,0,0.47857314
2026-02-28 16:45:00+00:00,0,0.48641613
2026-02-28 16:50:00+00:00,0,0.48585078
2026-02-28 16:55:00+00:00,0,0.47770408
2026-02-28 17:00:00+00:00,0,0.4823899
2026-02-28 17:05:00+00:00,0,0.49396387
2026-02-28 17:10:00+00:00,0,0.49874845
2026-02-28 17:15:00+00:00,1,0.5126308
2026-02-28 17:20:00+00:00,1,0.52296984
2026-02-28 17:25:00+00:00,1,0.50396746
2026-02-28 17:30:00+00:00,1,0.49557483
2026-02-28 17:35:00+00:00,1,0.5139825
2026-02-28 17:40:00+00:00,1,0.51605517
2026-02-28 17:45:00+00:00,1,0.50215644
2026-02-28 17:50:00+00:00,1,0.51095986
2026-02-28 17:55:00+00:00,0,0.4843782
2026-02-28 18:00:00+00:00,1,0.49588355
2026-02-28 18:05:00+00:00,1,0.4941101
2026-02-28 18:10:00+00:00,1,0.51090604
2026-02-28 18:15:00+00:00,1,0.49998647
2026-02-28 18:20:00+00:00,1,0.53716934
2026-02-28 18:25:00+00:00,1,0.52702254
2026-02-28 18:30:00+00:00,1,0.4708105
2026-02-28 18:35:00+00:00,0,0.4801041
2026-02-28 18:40:00+00:00,1,0.4839103
2026-02-28 18:45:00+00:00,0,0.4671156
2026-02-28 18:50:00+00:00,0,0.48123217
2026-02-28 18:55:00+00:00,0,0.48282927
2026-02-28 19:00:00+00:00,1,0.4844371
2026-02-28 19:05:00+00:00,1,0.48183164
2026-02-28 19:10:00+00:00,1,0.4748163
2026-02-28 19:15:00+00:00,1,0.49183765
2026-02-28 19:20:00+00:00,1,0.4844341
2026-02-28 19:25:00+00:00,1,0.4857787
2026-02-28 19:30:00+00:00,0,0.48573485
2026-02-28 19:35:00+00:00,0,0.48606625
2026-02-28 19:40:00+00:00,1,0.49827042
2026-02-28 19:45:00+00:00,1,0.49454373
2026-02-28 19:50:00+00:00,1,0.5024626
2026-02-28 19:55:00+00:00,1,0.4999268
2026-02-28 20:00:00+00:00,1,0.51459205
2026-02-28 20:05:00+00:00,1,0.48530722
2026-02-28 20:10:00+00:00,1,0.48676816
2026-02-28 20:15:00+00:00,1,0.4839727
2026-02-28 20:20:00+00:00,1,0.5084155
2026-02-28 20:25:00+00:00,1,0.5159367
2026-02-28 20:30:00+00:00,0,0.5321367
2026-02-28 20:35:00+00:00,0,0.5119245
2026-02-28 20:40:00+00:00,0,0.5119245
2026-02-28 20:45:00+00:00,0,0.5149966
2026-02-28 20:50:00+00:00,0,0.51203483
2026-02-28 20:55:00+00:00,0,0.4892542
2026-02-28 21:00:00+00:00,0,0.53410167
2026-02-28 21:05:00+00:00,1,0.53136474
2026-02-28 21:10:00+00:00,0,0.5284026
2026-02-28 21:15:00+00:00,1,0.5560707
2026-02-28 21:20:00+00:00,1,0.53477293
2026-02-28 21:25:00+00:00,1,0.56110376
2026-02-28 21:30:00+00:00,1,0.53510094
2026-02-28 21:35:00+00:00,1,0.5132048
2026-02-28 21:40:00+00:00,1,0.49708685
2026-02-28 21:45:00+00:00,1,0.4769005
2026-02-28 21:50:00+00:00,1,0.50506616
2026-02-28 21:55:00+00:00,1,0.50718176
2026-02-28 22:00:00+00:00,1,0.4779584
2026-02-28 22:05:00+00:00,1,0.48674443
2026-02-28 22:10:00+00:00,1,0.4983449
2026-02-28 22:15:00+00:00,1,0.4816536
2026-02-28 22:20:00+00:00,1,0.48098212
2026-02-28 22:25:00+00:00,0,0.5029025
2026-02-28 22:30:00+00:00,0,0.48249745
2026-02-28 22:35:00+00:00,0,0.48966706
2026-02-28 22:40:00+00:00,0,0.5152605
2026-02-28 22:45:00+00:00,0,0.4925107
2026-02-28 22:50:00+00:00,1,0.5151816
2026-02-28 22:55:00+00:00,1,0.5216872
2026-02-28 23:00:00+00:00,0,0.5004083
2026-02-28 23:05:00+00:00,0,0.49359295
2026-02-28 23:10:00+00:00,1,0.5293662
2026-02-28 23:15:00+00:00,1,0.50829005
2026-02-28 23:20:00+00:00,1,0.4760211
2026-02-28 23:25:00+00:00,1,0.52230394
2026-02-28 23:30:00+00:00,1,0.48961276
2026-02-28 23:35:00+00:00,1,0.5014343
2026-02-28 23:40:00+00:00,0,0.48643142
2026-02-28 23:45:00+00:00,0,0.4804243
2026-02-28 23:50:00+00:00,0,0.48220557
2026-02-28 23:55:00+00:00,0,0.4990905
2026-03-01 00:00:00+00:00,0,0.4914907
2026-03-01 00:05:00+00:00,0,0.51065165
2026-03-01 00:10:00+00:00,0,0.53052527
2026-03-01 00:15:00+00:00,0,0.53470576
2026-03-01 00:20:00+00:00,0,0.5313665
2026-03-01 00:25:00+00:00,0,0.5330292
2026-03-01 00:30:00+00:00,0,0.53061783
2026-03-01 00:35:00+00:00,0,0.53061783
2026-03-01 00:40:00+00:00,0,0.52971834
2026-03-01 00:45:00+00:00,0,0.52580833
2026-03-01 00:50:00+00:00,0,0.5026443
2026-03-01 00:55:00+00:00,0,0.5013308
2026-03-01 01:00:00+00:00,1,0.52256584
2026-03-01 01:05:00+00:00,1,0.5242298
2026-03-01 01:10:00+00:00,1,0.5257623
2026-03-01 01:15:00+00:00,1,0.53105485
2026-03-01 01:20:00+00:00,1,0.5258685
2026-03-01 01:25:00+00:00,1,0.52208763
2026-03-01 01:30:00+00:00,1,0.52090865
2026-03-01 01:35:00+00:00,1,0.48196208
2026-03-01 01:40:00+00:00,1,0.47844824
2026-03-01 01:45:00+00:00,1,0.47191307
2026-03-01 01:50:00+00:00,1,0.48125586
2026-03-01 01:55:00+00:00,1,0.4817991
2026-03-01 02:00:00+00:00,0,0.5135034
2026-03-01 02:05:00+00:00,0,0.53112525
2026-03-01 02:10:00+00:00,0,0.51598746
2026-03-01 02:15:00+00:00,0,0.52896327
2026-03-01 02:20:00+00:00,1,0.534722
2026-03-01 02:25:00+00:00,1,0.5388998
2026-03-01 02:30:00+00:00,0,0.51924425
2026-03-01 02:35:00+00:00,0,0.5370244
2026-03-01 02:40:00+00:00,0,0.51582843
2026-03-01 02:45:00+00:00,0,0.53847903
2026-03-01 02:50:00+00:00,0,0.5512755
2026-03-01 02:55:00+00:00,0,0.54835767
2026-03-01 03:00:00+00:00,0,0.54646647
2026-03-01 03:05:00+00:00,0,0.5336083
2026-03-01 03:10:00+00:00,0,0.50712156
2026-03-01 03:15:00+00:00,0,0.49090913
2026-03-01 03:20:00+00:00,0,0.504699
2026-03-01 03:25:00+00:00,0,0.5035716
2026-03-01 03:30:00+00:00,0,0.4979114
2026-03-01 03:35:00+00:00,0,0.5009933
2026-03-01 03:40:00+00:00,0,0.5067353
2026-03-01 03:45:00+00:00,0,0.50919026
2026-03-01 03:50:00+00:00,0,0.52696395
2026-03-01 03:55:00+00:00,0,0.5295205
2026-03-01 04:00:00+00:00,0,0.52696395
2026-03-01 04:05:00+00:00,0,0.5295205
2026-03-01 04:10:00+00:00,1,0.5295205
2026-03-01 04:15:00+00:00,1,0.5295205
2026-03-01 04:20:00+00:00,1,0.5295205
2026-03-01 04:25:00+00:00,1,0.5310512
2026-03-01 04:30:00+00:00,1,0.5310512
2026-03-01 04:35:00+00:00,1,0.5211791
2026-03-01 04:40:00+00:00,0,0.49541396
2026-03-01 04:45:00+00:00,0,0.5086105
2026-03-01 04:50:00+00:00,1,0.5183291
2026-03-01 04:55:00+00:00,1,0.5183291
2026-03-01 05:00:00+00:00,1,0.50651777
2026-03-01 05:05:00+00:00,0,0.5066537
2026-03-01 05:10:00+00:00,1,0.510516
2026-03-01 05:15:00+00:00,1,0.5148007
2026-03-01 05:20:00+00:00,0,0.5097614
2026-03-01 05:25:00+00:00,0,0.5142177
2026-03-01 05:30:00+00:00,0,0.5083381
2026-03-01 05:35:00+00:00,0,0.51244694
2026-03-01 05:40:00+00:00,0,0.5142177
2026-03-01 05:45:00+00:00,0,0.5002275
2026-03-01 05:50:00+00:00,0,0.5123183
2026-03-01 05:55:00+00:00,0,0.5027108
2026-03-01 06:00:00+00:00,0,0.5202666
2026-03-01 06:05:00+00:00,0,0.52946943
2026-03-01 06:10:00+00:00,0,0.52539396
2026-03-01 06:15:00+00:00,0,0.5276876
2026-03-01 06:20:00+00:00,0,0.5276876
2026-03-01 06:25:00+00:00,0,0.52264047
2026-03-01 06:30:00+00:00,0,0.5250506
2026-03-01 06:35:00+00:00,0,0.5285436
2026-03-01 06:40:00+00:00,1,0.5285436
2026-03-01 06:45:00+00:00,1,0.5285436
2026-03-01 06:50:00+00:00,0,0.5526052
2026-03-01 06:55:00+00:00,0,0.54932994
2026-03-01 07:00:00+00:00,1,0.53846824
2026-03-01 07:05:00+00:00,1,0.5393773
2026-03-01 07:10:00+00:00,1,0.53283596
2026-03-01 07:15:00+00:00,1,0.53833747
2026-03-01 07:20:00+00:00,1,0.5364007
2026-03-01 07:25:00+00:00,1,0.5364007
2026-03-01 07:30:00+00:00,0,0.53505874
2026-03-01 07:35:00+00:00,0,0.53244144
2026-03-01 07:40:00+00:00,1,0.5372729
2026-03-01 07:45:00+00:00,1,0.5376908
2026-03-01 07:50:00+00:00,1,0.5351032
2026-03-01 07:55:00+00:00,1,0.5372729
2026-03-01 08:00:00+00:00,1,0.5413173
2026-03-01 08:05:00+00:00,1,0.5413173
2026-03-01 08:10:00+00:00,0,0.5249392
2026-03-01 08:15:00+00:00,0,0.51884615
2026-03-01 08:20:00+00:00,0,0.5051321
2026-03-01 08:25:00+00:00,0,0.52536315
2026-03-01 08:30:00+00:00,0,0.5389861
2026-03-01 08:35:00+00:00,0,0.53602123
2026-03-01 08:40:00+00:00,0,0.5335645
2026-03-01 08:45:00+00:00,0,0.5376282
2026-03-01 08:50:00+00:00,1,0.540454
2026-03-01 08:55:00+00:00,1,0.540454
2026-03-01 09:00:00+00:00,0,0.54001445
2026-03-01 09:05:00+00:00,0,0.54001445
2026-03-01 09:10:00+00:00,0,0.5424587
2026-03-01 09:15:00+00:00,0,0.5312658
2026-03-01 09:20:00+00:00,0,0.53615826
2026-03-01 09:25:00+00:00,0,0.53615826
2026-03-01 09:30:00+00:00,0,0.5398352
2026-03-01 09:35:00+00:00,0,0.54453045
2026-03-01 09:40:00+00:00,0,0.55032015
2026-03-01 09:45:00+00:00,0,0.54642135
2026-03-01 09:50:00+00:00,0,0.5480685
2026-03-01 09:55:00+00:00,0,0.5494519
2026-03-01 10:00:00+00:00,1,0.5384443
2026-03-01 10:05:00+00:00,1,0.5302561
2026-03-01 10:10:00+00:00,1,0.53618336
2026-03-01 10:15:00+00:00,1,0.53618336
2026-03-01 10:20:00+00:00,0,0.5364073
2026-03-01 10:25:00+00:00,0,0.5326423
2026-03-01 10:30:00+00:00,0,0.5204617
2026-03-01 10:35:00+00:00,1,0.5242815
2026-03-01 10:40:00+00:00,1,0.5171173
2026-03-01 10:45:00+00:00,1,0.51746535
2026-03-01 10:50:00+00:00,1,0.51409435
2026-03-01 10:55:00+00:00,1,0.50985616
2026-03-01 11:00:00+00:00,0,0.5148508
2026-03-01 11:05:00+00:00,0,0.519842
2026-03-01 11:10:00+00:00,0,0.52216554
2026-03-01 11:15:00+00:00,0,0.5163925
2026-03-01 11:20:00+00:00,0,0.5331971
2026-03-01 11:25:00+00:00,0,0.523063
2026-03-01 11:30:00+00:00,0,0.54172873
2026-03-01 11:35:00+00:00,1,0.5397841
2026-03-01 11:40:00+00:00,1,0.54068094
2026-03-01 11:45:00+00:00,1,0.5422253
2026-03-01 11:50:00+00:00,1,0.54261744
2026-03-01 11:55:00+00:00,1,0.5336309
2026-03-01 12:00:00+00:00,0,0.5356551
2026-03-01 12:05:00+00:00,0,0.52179116
2026-03-01 12:10:00+00:00,0,0.53276354
2026-03-01 12:15:00+00:00,0,0.50562614
2026-03-01 12:20:00+00:00,0,0.5242996
2026-03-01 12:25:00+00:00,0,0.5341332
2026-03-01 12:30:00+00:00,0,0.5441903
2026-03-01 12:35:00+00:00,0,0.5441903
2026-03-01 12:40:00+00:00,0,0.5427724
2026-03-01 12:45:00+00:00,0,0.54134023
2026-03-01 12:50:00+00:00,0,0.54134023
2026-03-01 12:55:00+00:00,0,0.5363473
2026-03-01 13:00:00+00:00,0,0.54037845
2026-03-01 13:05:00+00:00,0,0.5412752
2026-03-01 13:10:00+00:00,0,0.5342998
2026-03-01 13:15:00+00:00,0,0.52869296
2026-03-01 13:20:00+00:00,1,0.54309565
2026-03-01 13:25:00+00:00,1,0.5373056
2026-03-01 13:30:00+00:00,1,0.5435347
2026-03-01 13:35:00+00:00,1,0.54406047
2026-03-01 13:40:00+00:00,1,0.5449561
2026-03-01 13:45:00+00:00,1,0.5251633
2026-03-01 13:50:00+00:00,0,0.46998343
2026-03-01 13:55:00+00:00,0,0.46931723
2026-03-01 14:00:00+00:00,0,0.4663733
2026-03-01 14:05:00+00:00,0,0.4718721
2026-03-01 14:10:00+00:00,0,0.4794664
2026-03-01 14:15:00+00:00,0,0.4774671
2026-03-01 14:20:00+00:00,0,0.49649432
2026-03-01 14:25:00+00:00,0,0.5061645
2026-03-01 14:30:00+00:00,0,0.4938797
2026-03-01 14:35:00+00:00,0,0.5052875
2026-03-01 14:40:00+00:00,1,0.51374555
2026-03-01 14:45:00+00:00,1,0.5147579
2026-03-01 14:50:00+00:00,1,0.5154355
2026-03-01 14:55:00+00:00,1,0.5220471
2026-03-01 15:00:00+00:00,1,0.49212256
2026-03-01 15:05:00+00:00,1,0.48035133
2026-03-01 15:10:00+00:00,1,0.47214925
2026-03-01 15:15:00+00:00,1,0.47085047
2026-03-01 15:20:00+00:00,1,0.466399
2026-03-01 15:25:00+00:00,0,0.46449322
2026-03-01 15:30:00+00:00,1,0.46732306
2026-03-01 15:35:00+00:00,1,0.4568435
2026-03-01 15:40:00+00:00,0,0.45351717
2026-03-01 15:45:00+00:00,0,0.4614935
2026-03-01 15:50:00+00:00,0,0.45890585
2026-03-01 15:55:00+00:00,1,0.5075099
2026-03-01 16:00:00+00:00,0,0.48118418
2026-03-01 16:05:00+00:00,0,0.484688
2026-03-01 16:10:00+00:00,0,0.4945066
2026-03-01 16:15:00+00:00,0,0.5052979
2026-03-01 16:20:00+00:00,0,0.5024064
2026-03-01 16:25:00+00:00,0,0.5006872
2026-03-01 16:30:00+00:00,0,0.5034906
2026-03-01 16:35:00+00:00,0,0.4916836
2026-03-01 16:40:00+00:00,0,0.50793785
2026-03-01 16:45:00+00:00,0,0.511166
2026-03-01 16:50:00+00:00,0,0.5177346
2026-03-01 16:55:00+00:00,0,0.5165326
2026-03-01 17:00:00+00:00,0,0.53148293
2026-03-01 17:05:00+00:00,0,0.51544744
2026-03-01 17:10:00+00:00,0,0.50488126
2026-03-01 17:15:00+00:00,1,0.5466003
2026-03-01 17:20:00+00:00,1,0.54449546
2026-03-01 17:25:00+00:00,0,0.54449546
2026-03-01 17:30:00+00:00,1,0.5201177
2026-03-01 17:35:00+00:00,1,0.5241427
2026-03-01 17:40:00+00:00,1,0.49863183
2026-03-01 17:45:00+00:00,1,0.5154517
2026-03-01 17:50:00+00:00,1,0.5191413
2026-03-01 17:55:00+00:00,1,0.5230415
2026-03-01 18:00:00+00:00,0,0.5192615
2026-03-01 18:05:00+00:00,0,0.5190334
2026-03-01 18:10:00+00:00,0,0.52624667
2026-03-01 18:15:00+00:00,0,0.53192496
2026-03-01 18:20:00+00:00,0,0.5331233
2026-03-01 18:25:00+00:00,0,0.52118355
2026-03-01 18:30:00+00:00,0,0.52608246
2026-03-01 18:35:00+00:00,0,0.5276515
2026-03-01 18:40:00+00:00,0,0.5131996
2026-03-01 18:45:00+00:00,0,0.52473956
2026-03-01 18:50:00+00:00,0,0.558278
2026-03-01 18:55:00+00:00,0,0.5548014
2026-03-01 19:00:00+00:00,0,0.5483523
2026-03-01 19:05:00+00:00,0,0.5501766
2026-03-01 19:10:00+00:00,0,0.55554634
2026-03-01 19:15:00+00:00,0,0.55344605
2026-03-01 19:20:00+00:00,0,0.5524347
2026-03-01 19:25:00+00:00,0,0.5567693
2026-03-01 19:30:00+00:00,0,0.5548649
2026-03-01 19:35:00+00:00,0,0.54569364
2026-03-01 19:40:00+00:00,0,0.55771494
2026-03-01 19:45:00+00:00,0,0.5560744
2026-03-01 19:50:00+00:00,0,0.5594799
2026-03-01 19:55:00+00:00,0,0.5551828
2026-03-01 20:00:00+00:00,0,0.562959
2026-03-01 20:05:00+00:00,0,0.562959
2026-03-01 20:10:00+00:00,0,0.56498754
2026-03-01 20:15:00+00:00,0,0.56471753
2026-03-01 20:20:00+00:00,0,0.56471753
2026-03-01 20:25:00+00:00,0,0.56471753
2026-03-01 20:30:00+00:00,0,0.56233895
2026-03-01 20:35:00+00:00,1,0.55771756
2026-03-01 20:40:00+00:00,1,0.55862856
2026-03-01 20:45:00+00:00,1,0.5576236
2026-03-01 20:50:00+00:00,1,0.56334156
2026-03-01 20:55:00+00:00,1,0.5561915
2026-03-01 21:00:00+00:00,1,0.54622936
2026-03-01 21:05:00+00:00,1,0.52363753
2026-03-01 21:10:00+00:00,1,0.549573
2026-03-01 21:15:00+00:00,1,0.5449259
2026-03-01 21:20:00+00:00,1,0.51195997
2026-03-01 21:25:00+00:00,1,0.49931276
2026-03-01 21:30:00+00:00,1,0.53593296
2026-03-01 21:35:00+00:00,0,0.5157736
2026-03-01 21:40:00+00:00,1,0.50357425
2026-03-01 21:45:00+00:00,1,0.5125484
2026-03-01 21:50:00+00:00,1,0.5098959
2026-03-01 21:55:00+00:00,1,0.49525818
2026-03-01 22:00:00+00:00,0,0.48989356
2026-03-01 22:05:00+00:00,0,0.5437411
2026-03-01 22:10:00+00:00,0,0.4753388
2026-03-01 22:15:00+00:00,0,0.47667584
2026-03-01 22:20:00+00:00,0,0.48636863
2026-03-01 22:25:00+00:00,0,0.5116858
2026-03-01 22:30:00+00:00,1,0.54531175
2026-03-01 22:35:00+00:00,1,0.5439731
2026-03-01 22:40:00+00:00,1,0.53646654
2026-03-01 22:45:00+00:00,1,0.55347836
2026-03-01 22:50:00+00:00,1,0.54748946
2026-03-01 22:55:00+00:00,1,0.5479497
2026-03-01 23:00:00+00:00,0,0.50580853
2026-03-01 23:05:00+00:00,0,0.49236074
2026-03-01 23:10:00+00:00,0,0.5248835
2026-03-01 23:15:00+00:00,1,0.5272972
2026-03-01 23:20:00+00:00,0,0.4996268
2026-03-01 23:25:00+00:00,1,0.53212166
2026-03-01 23:30:00+00:00,0,0.53456086
2026-03-01 23:35:00+00:00,0,0.5131387
2026-03-01 23:40:00+00:00,0,0.5173072
2026-03-01 23:45:00+00:00,0,0.5037522
2026-03-01 23:50:00+00:00,1,0.53655326
2026-03-01 23:55:00+00:00,1,0.5366868
2026-03-02 00:00:00+00:00,1,0.52646637
2026-03-02 00:05:00+00:00,1,0.52961284
2026-03-02 00:10:00+00:00,1,0.51132965
2026-03-02 00:15:00+00:00,1,0.50581145
2026-03-02 00:20:00+00:00,1,0.5035899
2026-03-02 00:25:00+00:00,1,0.4909775
2026-03-02 00:30:00+00:00,1,0.48297203
2026-03-02 00:35:00+00:00,1,0.4667661
2026-03-02 00:40:00+00:00,1,0.47561774
2026-03-02 00:45:00+00:00,1,0.4837721
2026-03-02 00:50:00+00:00,1,0.47953415
2026-03-02 00:55:00+00:00,1,0.478665
2026-03-02 01:00:00+00:00,1,0.48084563
2026-03-02 01:05:00+00:00,0,0.47766274
2026-03-02 01:10:00+00:00,0,0.4928019
2026-03-02 01:15:00+00:00,0,0.48929766
2026-03-02 01:20:00+00:00,1,0.4828506
2026-03-02 01:25:00+00:00,0,0.47868484
2026-03-02 01:30:00+00:00,1,0.4946232
2026-03-02 01:35:00+00:00,0,0.49660254
2026-03-02 01:40:00+00:00,0,0.5165214
2026-03-02 01:45:00+00:00,0,0.482703
2026-03-02 01:50:00+00:00,0,0.48025092
2026-03-02 01:55:00+00:00,0,0.5037847
2026-03-02 02:00:00+00:00,0,0.48923254
2026-03-02 02:05:00+00:00,1,0.52028704
2026-03-02 02:10:00+00:00,1,0.526092
2026-03-02 02:15:00+00:00,1,0.52343434
2026-03-02 02:20:00+00:00,1,0.5264628
2026-03-02 02:25:00+00:00,1,0.5285014
2026-03-02 02:30:00+00:00,0,0.488749
2026-03-02 02:35:00+00:00,0,0.4977763
2026-03-02 02:40:00+00:00,0,0.5193629
2026-03-02 02:45:00+00:00,1,0.52166784
2026-03-02 02:50:00+00:00,1,0.523159
2026-03-02 02:55:00+00:00,1,0.5179558
2026-03-02 03:00:00+00:00,1,0.52508444
2026-03-02 03:05:00+00:00,1,0.52420163
2026-03-02 03:10:00+00:00,1,0.5189976
2026-03-02 03:15:00+00:00,1,0.50467026
2026-03-02 03:20:00+00:00,1,0.4923367
2026-03-02 03:25:00+00:00,0,0.49001065
2026-03-02 03:30:00+00:00,1,0.51299447
2026-03-02 03:35:00+00:00,1,0.50730246
2026-03-02 03:40:00+00:00,1,0.50683767
2026-03-02 03:45:00+00:00,1,0.49871555
2026-03-02 03:50:00+00:00,0,0.49029797
2026-03-02 03:55:00+00:00,1,0.49302283
2026-03-02 04:00:00+00:00,1,0.50027174
2026-03-02 04:05:00+00:00,1,0.4964075
2026-03-02 04:10:00+00:00,0,0.49221566
2026-03-02 04:15:00+00:00,0,0.4951643
2026-03-02 04:20:00+00:00,0,0.48694482
2026-03-02 04:25:00+00:00,0,0.47495556
2026-03-02 04:30:00+00:00,0,0.48032385
2026-03-02 04:35:00+00:00,0,0.4887384
2026-03-02 04:40:00+00:00,0,0.50177366
2026-03-02 04:45:00+00:00,0,0.5100475
2026-03-02 04:50:00+00:00,0,0.5121578
2026-03-02 04:55:00+00:00,0,0.51108104
2026-03-02 05:00:00+00:00,0,0.5153602
2026-03-02 05:05:00+00:00,1,0.51995564
2026-03-02 05:10:00+00:00,1,0.519802
2026-03-02 05:15:00+00:00,1,0.52070326
2026-03-02 05:20:00+00:00,1,0.519802
2026-03-02 05:25:00+00:00,0,0.50324297
2026-03-02 05:30:00+00:00,0,0.51859474
2026-03-02 05:35:00+00:00,0,0.5136057
2026-03-02 05:40:00+00:00,0,0.5069702
2026-03-02 05:45:00+00:00,0,0.5131494
2026-03-02 05:50:00+00:00,0,0.5152533
2026-03-02 05:55:00+00:00,0,0.5161266
2026-03-02 06:00:00+00:00,0,0.5304603
2026-03-02 06:05:00+00:00,0,0.5286893
2026-03-02 06:10:00+00:00,0,0.5267659
2026-03-02 06:15:00+00:00,1,0.52807665
2026-03-02 06:20:00+00:00,1,0.52763563
2026-03-02 06:25:00+00:00,0,0.5280077
2026-03-02 06:30:00+00:00,0,0.5278656
2026-03-02 06:35:00+00:00,0,0.5278656
2026-03-02 06:40:00+00:00,0,0.5131189
2026-03-02 06:45:00+00:00,0,0.51836056
2026-03-02 06:50:00+00:00,0,0.52586704
2026-03-02 06:55:00+00:00,0,0.52716136
2026-03-02 07:00:00+00:00,0,0.51671064
2026-03-02 07:05:00+00:00,1,0.51973385
2026-03-02 07:10:00+00:00,1,0.5207005
2026-03-02 07:15:00+00:00,1,0.5222075
2026-03-02 07:20:00+00:00,1,0.5170947
2026-03-02 07:25:00+00:00,0,0.51513517
2026-03-02 07:30:00+00:00,0,0.50603384
2026-03-02 07:35:00+00:00,0,0.5138531
2026-03-02 07:40:00+00:00,0,0.5127691
2026-03-02 07:45:00+00:00,0,0.51488703
2026-03-02 07:50:00+00:00,0,0.5155076
2026-03-02 07:55:00+00:00,0,0.51702034
2026-03-02 08:00:00+00:00,0,0.5103652
2026-03-02 08:05:00+00:00,0,0.5110427
2026-03-02 08:10:00+00:00,0,0.51531494
2026-03-02 08:15:00+00:00,1,0.5204042
2026-03-02 08:20:00+00:00,1,0.5212797
2026-03-02 08:25:00+00:00,1,0.51415074
2026-03-02 08:30:00+00:00,1,0.5132487
2026-03-02 08:35:00+00:00,1,0.5163872
2026-03-02 08:40:00+00:00,1,0.5128767
2026-03-02 08:45:00+00:00,1,0.5073246
2026-03-02 08:50:00+00:00,1,0.48980218
2026-03-02 08:55:00+00:00,1,0.48559573
2026-03-02 09:00:00+00:00,1,0.47919318
2026-03-02 09:05:00+00:00,0,0.48038524
2026-03-02 09:10:00+00:00,0,0.47229376
2026-03-02 09:15:00+00:00,0,0.46768856
2026-03-02 09:20:00+00:00,0,0.47397947
2026-03-02 09:25:00+00:00,0,0.49152768
2026-03-02 09:30:00+00:00,0,0.48395044
2026-03-02 09:35:00+00:00,0,0.49729478
2026-03-02 09:40:00+00:00,0,0.4896234
2026-03-02 09:45:00+00:00,0,0.5013743
2026-03-02 09:50:00+00:00,0,0.50052726
2026-03-02 09:55:00+00:00,1,0.51049656
2026-03-02 10:00:00+00:00,1,0.504743
2026-03-02 10:05:00+00:00,1,0.50777555
2026-03-02 10:10:00+00:00,1,0.5060931
2026-03-02 10:15:00+00:00,1,0.50637776
2026-03-02 10:20:00+00:00,0,0.49436647
2026-03-02 10:25:00+00:00,0,0.5005012
2026-03-02 10:30:00+00:00,0,0.49436122
2026-03-02 10:35:00+00:00,0,0.48861724
2026-03-02 10:40:00+00:00,0,0.5164198
2026-03-02 10:45:00+00:00,0,0.5160174
2026-03-02 10:50:00+00:00,1,0.51789784
2026-03-02 10:55:00+00:00,0,0.5130103
2026-03-02 11:00:00+00:00,0,0.5196983
2026-03-02 11:05:00+00:00,1,0.52403736
2026-03-02 11:10:00+00:00,1,0.5227217
2026-03-02 11:15:00+00:00,1,0.5080832
2026-03-02 11:20:00+00:00,0,0.502378
2026-03-02 11:25:00+00:00,1,0.5034876
2026-03-02 11:30:00+00:00,1,0.5038696
2026-03-02 11:35:00+00:00,1,0.4973584
2026-03-02 11:40:00+00:00,1,0.49740383
2026-03-02 11:45:00+00:00,0,0.502716
2026-03-02 11:50:00+00:00,0,0.4938953
2026-03-02 11:55:00+00:00,0,0.49664593
2026-03-02 12:00:00+00:00,0,0.49379957
2026-03-02 12:05:00+00:00,0,0.49563777
2026-03-02 12:10:00+00:00,0,0.4858457
2026-03-02 12:15:00+00:00,0,0.5058222
2026-03-02 12:20:00+00:00,0,0.510033
2026-03-02 12:25:00+00:00,0,0.51350266
2026-03-02 12:30:00+00:00,0,0.508768
2026-03-02 12:35:00+00:00,0,0.5091306
2026-03-02 12:40:00+00:00,0,0.5123513
2026-03-02 12:45:00+00:00,1,0.49252158
2026-03-02 12:50:00+00:00,1,0.48422632
2026-03-02 12:55:00+00:00,0,0.50021726
2026-03-02 13:00:00+00:00,1,0.5055859
2026-03-02 13:05:00+00:00,1,0.5087946
2026-03-02 13:10:00+00:00,1,0.5113301
2026-03-02 13:15:00+00:00,0,0.49932802
2026-03-02 13:20:00+00:00,0,0.4955547
2026-03-02 13:25:00+00:00,0,0.5021051
2026-03-02 13:30:00+00:00,0,0.5026772
2026-03-02 13:35:00+00:00,1,0.50336033
2026-03-02 13:40:00+00:00,1,0.50259304
2026-03-02 13:45:00+00:00,1,0.5016079
2026-03-02 13:50:00+00:00,1,0.5029302
2026-03-02 13:55:00+00:00,1,0.5071864
2026-03-02 14:00:00+00:00,1,0.51032346
2026-03-02 14:05:00+00:00,1,0.4980895
2026-03-02 14:10:00+00:00,1,0.5155092
2026-03-02 14:15:00+00:00,1,0.51618266
2026-03-02 14:20:00+00:00,1,0.5150095
2026-03-02 14:25:00+00:00,1,0.51484925
2026-03-02 14:30:00+00:00,1,0.4710401
2026-03-02 14:35:00+00:00,1,0.4710401
2026-03-02 14:40:00+00:00,1,0.47650805
2026-03-02 14:45:00+00:00,1,0.47940826
2026-03-02 14:50:00+00:00,1,0.48910463
2026-03-02 14:55:00+00:00,1,0.49419504
2026-03-02 15:00:00+00:00,1,0.50500447
2026-03-02 15:05:00+00:00,1,0.530452
2026-03-02 15:10:00+00:00,1,0.5260409
2026-03-02 15:15:00+00:00,1,0.5252524
2026-03-02 15:20:00+00:00,0,0.5416125
2026-03-02 15:25:00+00:00,0,0.55549634
2026-03-02 15:30:00+00:00,1,0.5447534
2026-03-02 15:35:00+00:00,1,0.543736
2026-03-02 15:40:00+00:00,1,0.5616386
2026-03-02 15:45:00+00:00,1,0.5433069
2026-03-02 15:50:00+00:00,1,0.54494333
2026-03-02 15:55:00+00:00,1,0.54401195
2026-03-02 16:00:00+00:00,0,0.53633845
2026-03-02 16:05:00+00:00,0,0.54877084
2026-03-02 16:10:00+00:00,0,0.5537128
2026-03-02 16:15:00+00:00,0,0.5394021
2026-03-02 16:20:00+00:00,0,0.5409974
2026-03-02 16:25:00+00:00,0,0.5205006
2026-03-02 16:30:00+00:00,1,0.52905816
2026-03-02 16:35:00+00:00,0,0.5312104
2026-03-02 16:40:00+00:00,0,0.5051556
2026-03-02 16:45:00+00:00,0,0.52519226
2026-03-02 16:50:00+00:00,0,0.5176148
2026-03-02 16:55:00+00:00,0,0.5432603
2026-03-02 17:00:00+00:00,0,0.49178103
2026-03-02 17:05:00+00:00,0,0.5109034
2026-03-02 17:10:00+00:00,0,0.531073
2026-03-02 17:15:00+00:00,0,0.52864224
2026-03-02 17:20:00+00:00,0,0.53215355
2026-03-02 17:25:00+00:00,0,0.5312284
2026-03-02 17:30:00+00:00,0,0.52630657
2026-03-02 17:35:00+00:00,1,0.53076065
2026-03-02 17:40:00+00:00,1,0.5237009
2026-03-02 17:45:00+00:00,1,0.53037643
2026-03-02 17:50:00+00:00,0,0.5225725
2026-03-02 17:55:00+00:00,0,0.51877284
2026-03-02 18:00:00+00:00,1,0.5428308
2026-03-02 18:05:00+00:00,1,0.532245
2026-03-02 18:10:00+00:00,0,0.5446049
2026-03-02 18:15:00+00:00,1,0.5329365
2026-03-02 18:20:00+00:00,0,0.53903955
2026-03-02 18:25:00+00:00,0,0.52550864
2026-03-02 18:30:00+00:00,0,0.52406
2026-03-02 18:35:00+00:00,0,0.53747034
2026-03-02 18:40:00+00:00,0,0.5276985
2026-03-02 18:45:00+00:00,0,0.53425366
2026-03-02 18:50:00+00:00,0,0.52983487
2026-03-02 18:55:00+00:00,0,0.53457296
2026-03-02 19:00:00+00:00,0,0.52191275
2026-03-02 19:05:00+00:00,1,0.5242351
2026-03-02 19:10:00+00:00,1,0.5225965
2026-03-02 19:15:00+00:00,0,0.52523154
2026-03-02 19:20:00+00:00,1,0.5205419
2026-03-02 19:25:00+00:00,1,0.50926316
2026-03-02 19:30:00+00:00,1,0.51058114
2026-03-02 19:35:00+00:00,0,0.509328
2026-03-02 19:40:00+00:00,1,0.524404
2026-03-02 19:45:00+00:00,0,0.5165671
2026-03-02 19:50:00+00:00,0,0.5095498
2026-03-02 19:55:00+00:00,0,0.510065
2026-03-02 20:00:00+00:00,0,0.49279755
2026-03-02 20:05:00+00:00,0,0.52164507
2026-03-02 20:10:00+00:00,1,0.5272862
2026-03-02 20:15:00+00:00,1,0.5283818
2026-03-02 20:20:00+00:00,1,0.5348003
2026-03-02 20:25:00+00:00,0,0.53103286
2026-03-02 20:30:00+00:00,0,0.5273616
2026-03-02 20:35:00+00:00,0,0.523363
2026-03-02 20:40:00+00:00,0,0.5253679
2026-03-02 20:45:00+00:00,0,0.5146113
2026-03-02 20:50:00+00:00,0,0.523734
2026-03-02 20:55:00+00:00,0,0.52707833
2026-03-02 21:00:00+00:00,1,0.53444487
2026-03-02 21:05:00+00:00,1,0.5340393
2026-03-02 21:10:00+00:00,1,0.5331406
2026-03-02 21:15:00+00:00,1,0.5356932
2026-03-02 21:20:00+00:00,1,0.52484876
2026-03-02 21:25:00+00:00,1,0.52403146
2026-03-02 21:30:00+00:00,1,0.5272715
2026-03-02 21:35:00+00:00,1,0.52459484
2026-03-02 21:40:00+00:00,1,0.50978535
2026-03-02 21:45:00+00:00,1,0.52136374
2026-03-02 21:50:00+00:00,1,0.50715196
2026-03-02 21:55:00+00:00,1,0.51351357
2026-03-02 22:00:00+00:00,1,0.5062682
2026-03-02 22:05:00+00:00,1,0.49396557
2026-03-02 22:10:00+00:00,1,0.5230908
2026-03-02 22:15:00+00:00,1,0.5150018
2026-03-02 22:20:00+00:00,1,0.50087225
2026-03-02 22:25:00+00:00,0,0.49227232
2026-03-02 22:30:00+00:00,0,0.49221975
2026-03-02 22:35:00+00:00,0,0.47491887
2026-03-02 22:40:00+00:00,0,0.48436815
2026-03-02 22:45:00+00:00,0,0.49630204
2026-03-02 22:50:00+00:00,0,0.49941763
2026-03-02 22:55:00+00:00,0,0.50516236
2026-03-02 23:00:00+00:00,0,0.5176893
2026-03-02 23:05:00+00:00,0,0.5169169
2026-03-02 23:10:00+00:00,0,0.52889717
2026-03-02 23:15:00+00:00,0,0.52889717
2026-03-02 23:20:00+00:00,0,0.5322427
2026-03-02 23:25:00+00:00,0,0.53032786
2026-03-02 23:30:00+00:00,0,0.53210855
2026-03-02 23:35:00+00:00,0,0.5330843
2026-03-02 23:40:00+00:00,0,0.5330843
2026-03-02 23:45:00+00:00,0,0.53561443
2026-03-02 23:50:00+00:00,0,0.53130406
2026-03-02 23:55:00+00:00,0,0.5263433
2026-03-03 00:00:00+00:00,0,0.52543044
2026-03-03 00:05:00+00:00,1,0.52327466
2026-03-03 00:10:00+00:00,1,0.529151
2026-03-03 00:15:00+00:00,1,0.5317449
2026-03-03 00:20:00+00:00,1,0.53467965
2026-03-03 00:25:00+00:00,1,0.53290015
2026-03-03 00:30:00+00:00,1,0.5335101
2026-03-03 00:35:00+00:00,0,0.5197563
2026-03-03 00:40:00+00:00,0,0.52205426
2026-03-03 00:45:00+00:00,0,0.527113
2026-03-03 00:50:00+00:00,0,0.5246178
2026-03-03 00:55:00+00:00,0,0.5198228
2026-03-03 01:00:00+00:00,0,0.5261843
2026-03-03 01:05:00+00:00,0,0.5297637
2026-03-03 01:10:00+00:00,1,0.51289773
2026-03-03 01:15:00+00:00,1,0.5303741
2026-03-03 01:20:00+00:00,0,0.5303741
2026-03-03 01:25:00+00:00,0,0.52969444
2026-03-03 01:30:00+00:00,0,0.52631634
2026-03-03 01:35:00+00:00,0,0.5259637
2026-03-03 01:40:00+00:00,0,0.51557064
2026-03-03 01:45:00+00:00,0,0.5083426
2026-03-03 01:50:00+00:00,0,0.5254695
2026-03-03 01:55:00+00:00,0,0.527248
2026-03-03 02:00:00+00:00,1,0.5288799
2026-03-03 02:05:00+00:00,0,0.52928454
2026-03-03 02:10:00+00:00,0,0.5301841
2026-03-03 02:15:00+00:00,1,0.53086364
2026-03-03 02:20:00+00:00,1,0.53086364
2026-03-03 02:25:00+00:00,1,0.5251762
2026-03-03 02:30:00+00:00,0,0.522715
2026-03-03 02:35:00+00:00,0,0.5245049
2026-03-03 02:40:00+00:00,0,0.5208536
2026-03-03 02:45:00+00:00,0,0.5214274
2026-03-03 02:50:00+00:00,0,0.5248159
2026-03-03 02:55:00+00:00,0,0.5301841
2026-03-03 03:00:00+00:00,1,0.52733964
2026-03-03 03:05:00+00:00,1,0.52733964
2026-03-03 03:10:00+00:00,1,0.5292549
2026-03-03 03:15:00+00:00,1,0.5275203
2026-03-03 03:20:00+00:00,1,0.5251847
2026-03-03 03:25:00+00:00,1,0.52490073
2026-03-03 03:30:00+00:00,0,0.52366734
2026-03-03 03:35:00+00:00,0,0.5153762
2026-03-03 03:40:00+00:00,0,0.517754
2026-03-03 03:45:00+00:00,0,0.52556866
2026-03-03 03:50:00+00:00,0,0.5268713
2026-03-03 03:55:00+00:00,0,0.52303076
2026-03-03 04:00:00+00:00,0,0.517289
2026-03-03 04:05:00+00:00,0,0.52637017
2026-03-03 04:10:00+00:00,0,0.5279504
2026-03-03 04:15:00+00:00,0,0.5309749
2026-03-03 04:20:00+00:00,0,0.5292549
2026-03-03 04:25:00+00:00,0,0.52772075
2026-03-03 04:30:00+00:00,0,0.5243162
2026-03-03 04:35:00+00:00,0,0.5252167
2026-03-03 04:40:00+00:00,1,0.5236287
2026-03-03 04:45:00+00:00,1,0.52675354
2026-03-03 04:50:00+00:00,1,0.5260733
2026-03-03 04:55:00+00:00,1,0.52862066
2026-03-03 05:00:00+00:00,1,0.5267077
2026-03-03 05:05:00+00:00,0,0.5205269
2026-03-03 05:10:00+00:00,0,0.5175579
2026-03-03 05:15:00+00:00,0,0.49842557
2026-03-03 05:20:00+00:00,0,0.51444745
2026-03-03 05:25:00+00:00,0,0.5216901
2026-03-03 05:30:00+00:00,0,0.5274726
2026-03-03 05:35:00+00:00,0,0.5247418
2026-03-03 05:40:00+00:00,0,0.5255591
2026-03-03 05:45:00+00:00,1,0.5257012
2026-03-03 05:50:00+00:00,0,0.5268012
2026-03-03 05:55:00+00:00,0,0.5250184
2026-03-03 06:00:00+00:00,0,0.528881
2026-03-03 06:05:00+00:00,0,0.52468073
2026-03-03 06:10:00+00:00,0,0.5164083
2026-03-03 06:15:00+00:00,0,0.52496666
2026-03-03 06:20:00+00:00,0,0.5290324
2026-03-03 06:25:00+00:00,0,0.527207
2026-03-03 06:30:00+00:00,1,0.52859926
2026-03-03 06:35:00+00:00,0,0.53528833
2026-03-03 06:40:00+00:00,1,0.5300012
2026-03-03 06:45:00+00:00,1,0.52773523
2026-03-03 06:50:00+00:00,1,0.527563
2026-03-03 06:55:00+00:00,1,0.5195277
2026-03-03 07:00:00+00:00,0,0.5189851
2026-03-03 07:05:00+00:00,0,0.5189851
2026-03-03 07:10:00+00:00,0,0.5162208
2026-03-03 07:15:00+00:00,0,0.51762205
2026-03-03 07:20:00+00:00,0,0.5130013
2026-03-03 07:25:00+00:00,0,0.51979876
2026-03-03 07:30:00+00:00,1,0.5178266
2026-03-03 07:35:00+00:00,1,0.5096903
2026-03-03 07:40:00+00:00,0,0.51435345
2026-03-03 07:45:00+00:00,0,0.51276976
2026-03-03 07:50:00+00:00,0,0.5116172
2026-03-03 07:55:00+00:00,0,0.5155394
2026-03-03 08:00:00+00:00,0,0.50437826
2026-03-03 08:05:00+00:00,0,0.5130851
2026-03-03 08:10:00+00:00,0,0.5179702
2026-03-03 08:15:00+00:00,0,0.51676875
2026-03-03 08:20:00+00:00,0,0.5214142
2026-03-03 08:25:00+00:00,0,0.52163994
2026-03-03 08:30:00+00:00,0,0.52163994
2026-03-03 08:35:00+00:00,0,0.5225409
2026-03-03 08:40:00+00:00,1,0.51948273
2026-03-03 08:45:00+00:00,0,0.51948273
2026-03-03 08:50:00+00:00,0,0.5188016
2026-03-03 08:55:00+00:00,0,0.51948273
2026-03-03 09:00:00+00:00,0,0.51948273
2026-03-03 09:05:00+00:00,0,0.5157512
2026-03-03 09:10:00+00:00,0,0.51168334
2026-03-03 09:15:00+00:00,0,0.51673007
2026-03-03 09:20:00+00:00,0,0.52186936
2026-03-03 09:25:00+00:00,1,0.5198299
2026-03-03 09:30:00+00:00,0,0.5203934
2026-03-03 09:35:00+00:00,0,0.5197124
2026-03-03 09:40:00+00:00,0,0.512136
2026-03-03 09:45:00+00:00,0,0.5172323
2026-03-03 09:50:00+00:00,0,0.5133078
2026-03-03 09:55:00+00:00,0,0.51622224
2026-03-03 10:00:00+00:00,0,0.5232747
2026-03-03 10:05:00+00:00,1,0.5211181
2026-03-03 10:10:00+00:00,1,0.52201915
2026-03-03 10:15:00+00:00,1,0.5241923
2026-03-03 10:20:00+00:00,1,0.5209592
2026-03-03 10:25:00+00:00,1,0.5231759
2026-03-03 10:30:00+00:00,1,0.5046911
2026-03-03 10:35:00+00:00,1,0.50355756
2026-03-03 10:40:00+00:00,0,0.5127408
2026-03-03 10:45:00+00:00,0,0.509834
2026-03-03 10:50:00+00:00,0,0.51495826
2026-03-03 10:55:00+00:00,0,0.5143674
2026-03-03 11:00:00+00:00,0,0.50851005
2026-03-03 11:05:00+00:00,0,0.5146845
2026-03-03 11:10:00+00:00,0,0.5213602
2026-03-03 11:15:00+00:00,1,0.52062464
2026-03-03 11:20:00+00:00,1,0.5163056
2026-03-03 11:25:00+00:00,1,0.5163056
2026-03-03 11:30:00+00:00,1,0.52062464
2026-03-03 11:35:00+00:00,1,0.52275735
2026-03-03 11:40:00+00:00,1,0.51162076
2026-03-03 11:45:00+00:00,1,0.51242983
2026-03-03 11:50:00+00:00,1,0.4970468
2026-03-03 11:55:00+00:00,1,0.5002729
2026-03-03 12:00:00+00:00,1,0.5144695
2026-03-03 12:05:00+00:00,0,0.49119794
2026-03-03 12:10:00+00:00,0,0.48277518
2026-03-03 12:15:00+00:00,0,0.4927967
2026-03-03 12:20:00+00:00,0,0.5006419
2026-03-03 12:25:00+00:00,1,0.5011884
2026-03-03 12:30:00+00:00,0,0.5147862
2026-03-03 12:35:00+00:00,0,0.51096344
2026-03-03 12:40:00+00:00,0,0.50799274
2026-03-03 12:45:00+00:00,0,0.5137218
2026-03-03 12:50:00+00:00,0,0.5113056
2026-03-03 12:55:00+00:00,0,0.4913788
2026-03-03 13:00:00+00:00,0,0.52233547
2026-03-03 13:05:00+00:00,0,0.5192197
2026-03-03 13:10:00+00:00,0,0.5183182
2026-03-03 13:15:00+00:00,0,0.51824886
2026-03-03 13:20:00+00:00,0,0.5217011
2026-03-03 13:25:00+00:00,0,0.5030002
2026-03-03 13:30:00+00:00,1,0.51724905
2026-03-03 13:35:00+00:00,1,0.512857
2026-03-03 13:40:00+00:00,1,0.52343196
2026-03-03 13:45:00+00:00,1,0.52540696
2026-03-03 13:50:00+00:00,1,0.52725106
2026-03-03 13:55:00+00:00,1,0.5123314
2026-03-03 14:00:00+00:00,0,0.50302595
2026-03-03 14:05:00+00:00,1,0.50463676
2026-03-03 14:10:00+00:00,0,0.51338524
2026-03-03 14:15:00+00:00,0,0.51627606
2026-03-03 14:20:00+00:00,0,0.48890167
2026-03-03 14:25:00+00:00,0,0.49810132
2026-03-03 14:30:00+00:00,0,0.50915223
2026-03-03 14:35:00+00:00,0,0.4993848
2026-03-03 14:40:00+00:00,1,0.5140164
2026-03-03 14:45:00+00:00,0,0.52028584
2026-03-03 14:50:00+00:00,0,0.5006099
2026-03-03 14:55:00+00:00,0,0.50811297
2026-03-03 15:00:00+00:00,1,0.5104297
2026-03-03 15:05:00+00:00,1,0.5137937
2026-03-03 15:10:00+00:00,1,0.51420987
2026-03-03 15:15:00+00:00,1,0.5201514
2026-03-03 15:20:00+00:00,1,0.51667655
2026-03-03 15:25:00+00:00,1,0.51485384
2026-03-03 15:30:00+00:00,1,0.50491565
2026-03-03 15:35:00+00:00,1,0.49010766
2026-03-03 15:40:00+00:00,1,0.5026329
2026-03-03 15:45:00+00:00,1,0.49400866
2026-03-03 15:50:00+00:00,1,0.5130352
2026-03-03 15:55:00+00:00,1,0.4924714
2026-03-03 16:00:00+00:00,1,0.49951637
2026-03-03 16:05:00+00:00,0,0.49587834
2026-03-03 16:10:00+00:00,0,0.49918997
2026-03-03 16:15:00+00:00,0,0.50529885
2026-03-03 16:20:00+00:00,0,0.5008515
2026-03-03 16:25:00+00:00,0,0.5076957
2026-03-03 16:30:00+00:00,0,0.49255282
2026-03-03 16:35:00+00:00,0,0.49045163
2026-03-03 16:40:00+00:00,0,0.48701435
2026-03-03 16:45:00+00:00,0,0.48564386
2026-03-03 16:50:00+00:00,0,0.48481956
2026-03-03 16:55:00+00:00,0,0.49520048
2026-03-03 17:00:00+00:00,0,0.491707
2026-03-03 17:05:00+00:00,0,0.50886047
2026-03-03 17:10:00+00:00,1,0.5118464
2026-03-03 17:15:00+00:00,1,0.51717675
2026-03-03 17:20:00+00:00,1,0.5161662
2026-03-03 17:25:00+00:00,1,0.5170332
2026-03-03 17:30:00+00:00,1,0.52824557
2026-03-03 17:35:00+00:00,1,0.5197948
2026-03-03 17:40:00+00:00,0,0.51604164
2026-03-03 17:45:00+00:00,0,0.4978822
2026-03-03 17:50:00+00:00,1,0.50466853
2026-03-03 17:55:00+00:00,1,0.48876926
2026-03-03 18:00:00+00:00,1,0.51645404
2026-03-03 18:05:00+00:00,1,0.5218185
2026-03-03 18:10:00+00:00,1,0.5380145
2026-03-03 18:15:00+00:00,1,0.4994768
2026-03-03 18:20:00+00:00,0,0.46967858
2026-03-03 18:25:00+00:00,0,0.48500726
2026-03-03 18:30:00+00:00,0,0.47214013
2026-03-03 18:35:00+00:00,0,0.49036252
2026-03-03 18:40:00+00:00,0,0.50396174
2026-03-03 18:45:00+00:00,0,0.5158127
2026-03-03 18:50:00+00:00,0,0.52945817
2026-03-03 18:55:00+00:00,0,0.5288964
2026-03-03 19:00:00+00:00,0,0.5264109
2026-03-03 19:05:00+00:00,0,0.52670795
2026-03-03 19:10:00+00:00,0,0.52466685
2026-03-03 19:15:00+00:00,0,0.5303686
2026-03-03 19:20:00+00:00,0,0.52299505
2026-03-03 19:25:00+00:00,0,0.52372444
2026-03-03 19:30:00+00:00,0,0.52748275
2026-03-03 19:35:00+00:00,0,0.5307201
2026-03-03 19:40:00+00:00,0,0.5262828
2026-03-03 19:45:00+00:00,0,0.5292647
2026-03-03 19:50:00+00:00,0,0.5262828
2026-03-03 19:55:00+00:00,0,0.524884
2026-03-03 20:00:00+00:00,0,0.5182564
2026-03-03 20:05:00+00:00,0,0.53143144
2026-03-03 20:10:00+00:00,0,0.53143144
2026-03-03 20:15:00+00:00,0,0.5317652
2026-03-03 20:20:00+00:00,0,0.51517284
2026-03-03 20:25:00+00:00,0,0.5235392
2026-03-03 20:30:00+00:00,0,0.528876
2026-03-03 20:35:00+00:00,0,0.515242
2026-03-03 20:40:00+00:00,0,0.51829
2026-03-03 20:45:00+00:00,0,0.5263571
2026-03-03 20:50:00+00:00,1,0.52828795
2026-03-03 20:55:00+00:00,0,0.52477646
2026-03-03 21:00:00+00:00,0,0.5325671
2026-03-03 21:05:00+00:00,0,0.5331406
2026-03-03 21:10:00+00:00,0,0.53677046
2026-03-03 21:15:00+00:00,0,0.52459484
2026-03-03 21:20:00+00:00,0,0.52662325
2026-03-03 21:25:00+00:00,1,0.5255857
2026-03-03 21:30:00+00:00,1,0.5256543
2026-03-03 21:35:00+00:00,1,0.5340393
2026-03-03 21:40:00+00:00,1,0.5339631
2026-03-03 21:45:00+00:00,1,0.5339631
2026-03-03 21:50:00+00:00,1,0.51962805
2026-03-03 21:55:00+00:00,1,0.5271004
2026-03-03 22:00:00+00:00,1,0.5142523
2026-03-03 22:05:00+00:00,1,0.49922022
2026-03-03 22:10:00+00:00,1,0.5061164
2026-03-03 22:15:00+00:00,1,0.49662206
2026-03-03 22:20:00+00:00,1,0.4943843
2026-03-03 22:25:00+00:00,0,0.49029586
2026-03-03 22:30:00+00:00,0,0.4773204
2026-03-03 22:35:00+00:00,0,0.47733137
2026-03-03 22:40:00+00:00,0,0.47832865
2026-03-03 22:45:00+00:00,0,0.49372005
2026-03-03 22:50:00+00:00,0,0.49409643
2026-03-03 22:55:00+00:00,0,0.5106054
2026-03-03 23:00:00+00:00,0,0.50645375
2026-03-03 23:05:00+00:00,0,0.50772595
2026-03-03 23:10:00+00:00,0,0.5093616
2026-03-03 23:15:00+00:00,1,0.51782775
2026-03-03 23:20:00+00:00,1,0.51974416
2026-03-03 23:25:00+00:00,0,0.5128065
2026-03-03 23:30:00+00:00,1,0.5241053
2026-03-03 23:35:00+00:00,0,0.51811767
2026-03-03 23:40:00+00:00,0,0.5024719
2026-03-03 23:45:00+00:00,0,0.50849104
2026-03-03 23:50:00+00:00,0,0.50169444
2026-03-03 23:55:00+00:00,1,0.5228635
2026-03-04 00:00:00+00:00,0,0.52353877
2026-03-04 00:05:00+00:00,0,0.53074974
2026-03-04 00:10:00+00:00,0,0.5300702
2026-03-04 00:15:00+00:00,1,0.5259868
2026-03-04 00:20:00+00:00,0,0.52478784
2026-03-04 00:25:00+00:00,0,0.52471566
2026-03-04 00:30:00+00:00,1,0.51772755
2026-03-04 00:35:00+00:00,1,0.5217852
2026-03-04 00:40:00+00:00,1,0.5300702
2026-03-04 00:45:00+00:00,0,0.48890236
2026-03-04 00:50:00+00:00,1,0.5156032
2026-03-04 00:55:00+00:00,1,0.51548547
2026-03-04 01:00:00+00:00,1,0.5059638
2026-03-04 01:05:00+00:00,1,0.5135034
2026-03-04 01:10:00+00:00,1,0.5135371
2026-03-04 01:15:00+00:00,1,0.504206
2026-03-04 01:20:00+00:00,1,0.5091603
2026-03-04 01:25:00+00:00,1,0.47474933
2026-03-04 01:30:00+00:00,0,0.4708491
2026-03-04 01:35:00+00:00,0,0.47441593
2026-03-04 01:40:00+00:00,0,0.47428927
2026-03-04 01:45:00+00:00,0,0.48874784
2026-03-04 01:50:00+00:00,0,0.4819117
2026-03-04 01:55:00+00:00,0,0.49112895
2026-03-04 02:00:00+00:00,0,0.5150384
2026-03-04 02:05:00+00:00,1,0.5139682
2026-03-04 02:10:00+00:00,1,0.5114861
2026-03-04 02:15:00+00:00,1,0.5068716
2026-03-04 02:20:00+00:00,1,0.5154774
2026-03-04 02:25:00+00:00,1,0.52454805
2026-03-04 02:30:00+00:00,1,0.51734734
2026-03-04 02:35:00+00:00,1,0.5049087
2026-03-04 02:40:00+00:00,1,0.4964819
2026-03-04 02:45:00+00:00,1,0.4977763
2026-03-04 02:50:00+00:00,0,0.4901332
2026-03-04 02:55:00+00:00,0,0.4958438
2026-03-04 03:00:00+00:00,0,0.50941616
2026-03-04 03:05:00+00:00,0,0.5026461
2026-03-04 03:10:00+00:00,0,0.4897471
2026-03-04 03:15:00+00:00,0,0.471853
2026-03-04 03:20:00+00:00,0,0.50523657
2026-03-04 03:25:00+00:00,0,0.51381147
2026-03-04 03:30:00+00:00,1,0.53312194
2026-03-04 03:35:00+00:00,1,0.5218874
2026-03-04 03:40:00+00:00,1,0.534136
2026-03-04 03:45:00+00:00,0,0.5201029
2026-03-04 03:50:00+00:00,0,0.5240639
2026-03-04 03:55:00+00:00,0,0.5141001
2026-03-04 04:00:00+00:00,0,0.5143029
2026-03-04 04:05:00+00:00,0,0.508285
2026-03-04 04:10:00+00:00,0,0.50901186
2026-03-04 04:15:00+00:00,0,0.5247865
2026-03-04 04:20:00+00:00,1,0.5355405
2026-03-04 04:25:00+00:00,1,0.5339633
2026-03-04 04:30:00+00:00,1,0.5339633
2026-03-04 04:35:00+00:00,0,0.53594446
2026-03-04 04:40:00+00:00,0,0.53064346
2026-03-04 04:45:00+00:00,0,0.4944448
2026-03-04 04:50:00+00:00,0,0.5020238
2026-03-04 04:55:00+00:00,0,0.5022986
2026-03-04 05:00:00+00:00,0,0.5066374
2026-03-04 05:05:00+00:00,1,0.5226525
2026-03-04 05:10:00+00:00,1,0.51502174
2026-03-04 05:15:00+00:00,1,0.50684845
2026-03-04 05:20:00+00:00,1,0.51944715
2026-03-04 05:25:00+00:00,1,0.52538717
2026-03-04 05:30:00+00:00,1,0.51688576
2026-03-04 05:35:00+00:00,0,0.5109434
2026-03-04 05:40:00+00:00,0,0.50514585
2026-03-04 05:45:00+00:00,0,0.5183605
2026-03-04 05:50:00+00:00,0,0.5048526
2026-03-04 05:55:00+00:00,0,0.51792127
2026-03-04 06:00:00+00:00,1,0.523783
2026-03-04 06:05:00+00:00,1,0.5171509
2026-03-04 06:10:00+00:00,1,0.51873374
2026-03-04 06:15:00+00:00,1,0.51851285
2026-03-04 06:20:00+00:00,1,0.51695067
2026-03-04 06:25:00+00:00,1,0.52146816
2026-03-04 06:30:00+00:00,0,0.4840958
2026-03-04 06:35:00+00:00,0,0.48104587
2026-03-04 06:40:00+00:00,0,0.4825127
2026-03-04 06:45:00+00:00,1,0.48507333
2026-03-04 06:50:00+00:00,1,0.4989527
2026-03-04 06:55:00+00:00,1,0.50069255
2026-03-04 07:00:00+00:00,1,0.5017318
2026-03-04 07:05:00+00:00,1,0.49908566
2026-03-04 07:10:00+00:00,1,0.48253402
2026-03-04 07:15:00+00:00,1,0.47681683
2026-03-04 07:20:00+00:00,1,0.47521198
2026-03-04 07:25:00+00:00,1,0.4755599
2026-03-04 07:30:00+00:00,1,0.47251448
2026-03-04 07:35:00+00:00,1,0.475834
2026-03-04 07:40:00+00:00,1,0.4764286
2026-03-04 07:45:00+00:00,0,0.47597834
2026-03-04 07:50:00+00:00,0,0.47802442
2026-03-04 07:55:00+00:00,0,0.47338268
2026-03-04 08:00:00+00:00,1,0.47739497
2026-03-04 08:05:00+00:00,1,0.47138855
2026-03-04 08:10:00+00:00,1,0.47144333
2026-03-04 08:15:00+00:00,1,0.47726566
2026-03-04 08:20:00+00:00,1,0.48232022
2026-03-04 08:25:00+00:00,1,0.47219083
2026-03-04 08:30:00+00:00,1,0.47412863
2026-03-04 08:35:00+00:00,1,0.478665
2026-03-04 08:40:00+00:00,1,0.47526386
2026-03-04 08:45:00+00:00,1,0.50076765
2026-03-04 08:50:00+00:00,1,0.5010655
2026-03-04 08:55:00+00:00,1,0.5151514
2026-03-04 09:00:00+00:00,1,0.51987314
2026-03-04 09:05:00+00:00,1,0.51957715
2026-03-04 09:10:00+00:00,1,0.53213906
2026-03-04 09:15:00+00:00,1,0.54400325
2026-03-04 09:20:00+00:00,0,0.5625526
2026-03-04 09:25:00+00:00,1,0.53695494
2026-03-04 09:30:00+00:00,1,0.5204142
2026-03-04 09:35:00+00:00,1,0.5199314
2026-03-04 09:40:00+00:00,1,0.5624924
2026-03-04 09:45:00+00:00,0,0.5257579
2026-03-04 09:50:00+00:00,0,0.5415712
2026-03-04 09:55:00+00:00,0,0.5324958
2026-03-04 10:00:00+00:00,0,0.5408807
2026-03-04 10:05:00+00:00,0,0.5309741
2026-03-04 10:10:00+00:00,0,0.5120605
2026-03-04 10:15:00+00:00,0,0.4994821
2026-03-04 10:20:00+00:00,0,0.5154385
2026-03-04 10:25:00+00:00,0,0.50715226
2026-03-04 10:30:00+00:00,0,0.5133257
2026-03-04 10:35:00+00:00,0,0.5226872
2026-03-04 10:40:00+00:00,1,0.5171356
2026-03-04 10:45:00+00:00,1,0.5194699
2026-03-04 10:50:00+00:00,1,0.5200166
2026-03-04 10:55:00+00:00,1,0.5115849
2026-03-04 11:00:00+00:00,1,0.51560634
2026-03-04 11:05:00+00:00,0,0.5077797
2026-03-04 11:10:00+00:00,0,0.50425947
2026-03-04 11:15:00+00:00,0,0.4978295
2026-03-04 11:20:00+00:00,0,0.5008861
2026-03-04 11:25:00+00:00,0,0.50086766
2026-03-04 11:30:00+00:00,0,0.500491
2026-03-04 11:35:00+00:00,1,0.5076608
2026-03-04 11:40:00+00:00,1,0.50856334
2026-03-04 11:45:00+00:00,0,0.5076608
2026-03-04 11:50:00+00:00,0,0.5063387
2026-03-04 11:55:00+00:00,0,0.5072413
2026-03-04 12:00:00+00:00,0,0.5010782
2026-03-04 12:05:00+00:00,0,0.50298125
2026-03-04 12:10:00+00:00,0,0.5040059
2026-03-04 12:15:00+00:00,1,0.509169
2026-03-04 12:20:00+00:00,1,0.51004565
2026-03-04 12:25:00+00:00,1,0.5097123
2026-03-04 12:30:00+00:00,1,0.5163193
2026-03-04 12:35:00+00:00,1,0.5076608
2026-03-04 12:40:00+00:00,1,0.5032357
2026-03-04 12:45:00+00:00,1,0.5009004
2026-03-04 12:50:00+00:00,1,0.5021033
2026-03-04 12:55:00+00:00,1,0.49015254
2026-03-04 13:00:00+00:00,1,0.48393953
2026-03-04 13:05:00+00:00,1,0.46357206
2026-03-04 13:10:00+00:00,1,0.48269424
2026-03-04 13:15:00+00:00,1,0.48753715
2026-03-04 13:20:00+00:00,1,0.4794047
2026-03-04 13:25:00+00:00,1,0.47934234
2026-03-04 13:30:00+00:00,1,0.47568247
2026-03-04 13:35:00+00:00,1,0.47568247
2026-03-04 13:40:00+00:00,1,0.47707596
2026-03-04 13:45:00+00:00,1,0.47382337
2026-03-04 13:50:00+00:00,1,0.47354943
2026-03-04 13:55:00+00:00,1,0.48042387
2026-03-04 14:00:00+00:00,1,0.4947219
2026-03-04 14:05:00+00:00,1,0.4959709
2026-03-04 14:10:00+00:00,0,0.49824652
2026-03-04 14:15:00+00:00,1,0.49880517
2026-03-04 14:20:00+00:00,1,0.4974253
2026-03-04 14:25:00+00:00,0,0.49722892
2026-03-04 14:30:00+00:00,0,0.48772934
2026-03-04 14:35:00+00:00,0,0.4755562
2026-03-04 14:40:00+00:00,1,0.48844603
2026-03-04 14:45:00+00:00,1,0.4904717
2026-03-04 14:50:00+00:00,1,0.49261016
2026-03-04 14:55:00+00:00,1,0.5004187
2026-03-04 15:00:00+00:00,1,0.4932892
2026-03-04 15:05:00+00:00,1,0.48879433
2026-03-04 15:10:00+00:00,1,0.50009847
2026-03-04 15:15:00+00:00,1,0.49142954
2026-03-04 15:20:00+00:00,1,0.4955979
2026-03-04 15:25:00+00:00,1,0.507468
2026-03-04 15:30:00+00:00,1,0.5167714
2026-03-04 15:35:00+00:00,1,0.49175456
2026-03-04 15:40:00+00:00,1,0.493284
2026-03-04 15:45:00+00:00,1,0.493475
2026-03-04 15:50:00+00:00,0,0.5126686
2026-03-04 15:55:00+00:00,0,0.5142753
2026-03-04 16:00:00+00:00,0,0.51454985
2026-03-04 16:05:00+00:00,0,0.5378144
2026-03-04 16:10:00+00:00,0,0.5307177
2026-03-04 16:15:00+00:00,1,0.5245266
2026-03-04 16:20:00+00:00,1,0.5156661
2026-03-04 16:25:00+00:00,1,0.5083534
2026-03-04 16:30:00+00:00,1,0.51648897
2026-03-04 16:35:00+00:00,1,0.5146226
2026-03-04 16:40:00+00:00,1,0.5314096
2026-03-04 16:45:00+00:00,1,0.5058503
2026-03-04 16:50:00+00:00,0,0.5020921
2026-03-04 16:55:00+00:00,0,0.5143715
2026-03-04 17:00:00+00:00,0,0.5063141
2026-03-04 17:05:00+00:00,1,0.5258253
2026-03-04 17:10:00+00:00,0,0.49039134
2026-03-04 17:15:00+00:00,1,0.5138939
2026-03-04 17:20:00+00:00,1,0.5446555
2026-03-04 17:25:00+00:00,1,0.52577436
2026-03-04 17:30:00+00:00,1,0.5073401
2026-03-04 17:35:00+00:00,0,0.49954432
2026-03-04 17:40:00+00:00,0,0.49070138
2026-03-04 17:45:00+00:00,0,0.49147263
2026-03-04 17:50:00+00:00,0,0.49888456
2026-03-04 17:55:00+00:00,0,0.50610113
2026-03-04 18:00:00+00:00,0,0.5276581
2026-03-04 18:05:00+00:00,0,0.5448572
2026-03-04 18:10:00+00:00,1,0.55374205
2026-03-04 18:15:00+00:00,1,0.54751354
2026-03-04 18:20:00+00:00,1,0.55023485
2026-03-04 18:25:00+00:00,1,0.53240705
2026-03-04 18:30:00+00:00,1,0.54084957
2026-03-04 18:35:00+00:00,1,0.5147445
2026-03-04 18:40:00+00:00,1,0.5133183
2026-03-04 18:45:00+00:00,1,0.5109354
2026-03-04 18:50:00+00:00,1,0.49237797
2026-03-04 18:55:00+00:00,1,0.49409637
2026-03-04 19:00:00+00:00,1,0.49788764
2026-03-04 19:05:00+00:00,1,0.49351847
2026-03-04 19:10:00+00:00,1,0.4870369
2026-03-04 19:15:00+00:00,0,0.49062166
2026-03-04 19:20:00+00:00,1,0.5133368
2026-03-04 19:25:00+00:00,0,0.4981131
2026-03-04 19:30:00+00:00,0,0.4798601
2026-03-04 19:35:00+00:00,0,0.48988965
2026-03-04 19:40:00+00:00,0,0.5038548
2026-03-04 19:45:00+00:00,0,0.5168687
2026-03-04 19:50:00+00:00,0,0.5143039
2026-03-04 19:55:00+00:00,0,0.52992135
2026-03-04 20:00:00+00:00,0,0.5186979
2026-03-04 20:05:00+00:00,1,0.53338337
2026-03-04 20:10:00+00:00,1,0.53218514
2026-03-04 20:15:00+00:00,1,0.52908653
2026-03-04 20:20:00+00:00,0,0.514875
2026-03-04 20:25:00+00:00,0,0.5238852
2026-03-04 20:30:00+00:00,0,0.50628227
2026-03-04 20:35:00+00:00,0,0.5125716
2026-03-04 20:40:00+00:00,0,0.5166229
2026-03-04 20:45:00+00:00,0,0.51321566
2026-03-04 20:50:00+00:00,0,0.5192226
2026-03-04 20:55:00+00:00,0,0.51991934
2026-03-04 21:00:00+00:00,0,0.5142802
2026-03-04 21:05:00+00:00,0,0.52366495
2026-03-04 21:10:00+00:00,0,0.52693254
2026-03-04 21:15:00+00:00,1,0.5257324
2026-03-04 21:20:00+00:00,1,0.52693254
2026-03-04 21:25:00+00:00,1,0.5257324
2026-03-04 21:30:00+00:00,1,0.5257324
2026-03-04 21:35:00+00:00,1,0.52330536
2026-03-04 21:40:00+00:00,1,0.52300525
2026-03-04 21:45:00+00:00,1,0.5223525
2026-03-04 21:50:00+00:00,1,0.5199421
2026-03-04 21:55:00+00:00,1,0.519312
2026-03-04 22:00:00+00:00,0,0.5051889
2026-03-04 22:05:00+00:00,0,0.50697327
2026-03-04 22:10:00+00:00,0,0.51553226
2026-03-04 22:15:00+00:00,0,0.5272154
2026-03-04 22:20:00+00:00,0,0.51183814
2026-03-04 22:25:00+00:00,0,0.52509785
2026-03-04 22:30:00+00:00,0,0.5265297
2026-03-04 22:35:00+00:00,0,0.53253025
2026-03-04 22:40:00+00:00,0,0.53253025
2026-03-04 22:45:00+00:00,0,0.52216446
2026-03-04 22:50:00+00:00,0,0.51827204
2026-03-04 22:55:00+00:00,0,0.52083284
2026-03-04 23:00:00+00:00,0,0.5360506
2026-03-04 23:05:00+00:00,0,0.53269404
2026-03-04 23:10:00+00:00,1,0.53269404
2026-03-04 23:15:00+00:00,1,0.53269404
2026-03-04 23:20:00+00:00,1,0.5327424
2026-03-04 23:25:00+00:00,1,0.5284603
2026-03-04 23:30:00+00:00,1,0.52871084
2026-03-04 23:35:00+00:00,0,0.5311309
2026-03-04 23:40:00+00:00,0,0.5280893
2026-03-04 23:45:00+00:00,0,0.52587456
2026-03-04 23:50:00+00:00,0,0.53134024
2026-03-04 23:55:00+00:00,0,0.53134024
2026-03-05 00:00:00+00:00,0,0.52941954
2026-03-05 00:05:00+00:00,0,0.5281841
2026-03-05 00:10:00+00:00,0,0.5301355
2026-03-05 00:15:00+00:00,1,0.53359336
2026-03-05 00:20:00+00:00,0,0.52855617
2026-03-05 00:25:00+00:00,1,0.53238505
2026-03-05 00:30:00+00:00,1,0.53171813
2026-03-05 00:35:00+00:00,1,0.53171813
2026-03-05 00:40:00+00:00,1,0.5254762
2026-03-05 00:45:00+00:00,1,0.52297014
2026-03-05 00:50:00+00:00,1,0.53075105
2026-03-05 00:55:00+00:00,1,0.5263907
2026-03-05 01:00:00+00:00,1,0.52569616
2026-03-05 01:05:00+00:00,0,0.5105691
2026-03-05 01:10:00+00:00,0,0.5046076
2026-03-05 01:15:00+00:00,0,0.52554595
2026-03-05 01:20:00+00:00,0,0.5279382
2026-03-05 01:25:00+00:00,0,0.49964383
2026-03-05 01:30:00+00:00,0,0.5320637
2026-03-05 01:35:00+00:00,1,0.53240097
2026-03-05 01:40:00+00:00,1,0.53429794
2026-03-05 01:45:00+00:00,1,0.5318543
2026-03-05 01:50:00+00:00,1,0.52459055
2026-03-05 01:55:00+00:00,1,0.5198331
2026-03-05 02:00:00+00:00,0,0.5235795
2026-03-05 02:05:00+00:00,0,0.51094097
2026-03-05 02:10:00+00:00,0,0.5053034
2026-03-05 02:15:00+00:00,0,0.5105784
2026-03-05 02:20:00+00:00,0,0.48843777
2026-03-05 02:25:00+00:00,0,0.5174861
2026-03-05 02:30:00+00:00,1,0.5305597
2026-03-05 02:35:00+00:00,1,0.5296603
2026-03-05 02:40:00+00:00,1,0.5296603
2026-03-05 02:45:00+00:00,1,0.52869135
2026-03-05 02:50:00+00:00,1,0.5305597
2026-03-05 02:55:00+00:00,0,0.52559817
2026-03-05 03:00:00+00:00,0,0.52328324
2026-03-05 03:05:00+00:00,0,0.5220242
2026-03-05 03:10:00+00:00,0,0.51629364
2026-03-05 03:15:00+00:00,1,0.5268343
2026-03-05 03:20:00+00:00,1,0.52176785
2026-03-05 03:25:00+00:00,1,0.5207551
2026-03-05 03:30:00+00:00,1,0.51243937
2026-03-05 03:35:00+00:00,1,0.51272386
2026-03-05 03:40:00+00:00,1,0.5071428
2026-03-05 03:45:00+00:00,1,0.5267382
2026-03-05 03:50:00+00:00,1,0.5255914
2026-03-05 03:55:00+00:00,1,0.51208043
2026-03-05 04:00:00+00:00,0,0.507076
2026-03-05 04:05:00+00:00,0,0.48319402
2026-03-05 04:10:00+00:00,1,0.5015107
2026-03-05 04:15:00+00:00,1,0.49142632
2026-03-05 04:20:00+00:00,0,0.48436898
2026-03-05 04:25:00+00:00,1,0.495728
2026-03-05 04:30:00+00:00,1,0.5096416
2026-03-05 04:35:00+00:00,1,0.50509423
2026-03-05 04:40:00+00:00,1,0.48063394
2026-03-05 04:45:00+00:00,0,0.4834683
2026-03-05 04:50:00+00:00,0,0.49284092
2026-03-05 04:55:00+00:00,0,0.47901598
2026-03-05 05:00:00+00:00,0,0.4741549
2026-03-05 05:05:00+00:00,0,0.4742316
2026-03-05 05:10:00+00:00,0,0.48343927
2026-03-05 05:15:00+00:00,0,0.49730346
2026-03-05 05:20:00+00:00,0,0.50644904
2026-03-05 05:25:00+00:00,0,0.5154913
2026-03-05 05:30:00+00:00,0,0.5193801
2026-03-05 05:35:00+00:00,0,0.52107275
2026-03-05 05:40:00+00:00,0,0.52621347
2026-03-05 05:45:00+00:00,0,0.5123908
2026-03-05 05:50:00+00:00,1,0.52349013
2026-03-05 05:55:00+00:00,1,0.51754755
2026-03-05 06:00:00+00:00,1,0.5187625
2026-03-05 06:05:00+00:00,1,0.53070563
2026-03-05 06:10:00+00:00,1,0.5316817
2026-03-05 06:15:00+00:00,1,0.5292736
2026-03-05 06:20:00+00:00,1,0.51892436
2026-03-05 06:25:00+00:00,1,0.5179907
2026-03-05 06:30:00+00:00,1,0.5066517
2026-03-05 06:35:00+00:00,0,0.51335984
2026-03-05 06:40:00+00:00,1,0.514965
2026-03-05 06:45:00+00:00,1,0.51161814
2026-03-05 06:50:00+00:00,1,0.51179135
2026-03-05 06:55:00+00:00,0,0.5108367
2026-03-05 07:00:00+00:00,0,0.50124806
2026-03-05 07:05:00+00:00,0,0.4977524
2026-03-05 07:10:00+00:00,0,0.48376027
2026-03-05 07:15:00+00:00,0,0.4877379
2026-03-05 07:20:00+00:00,0,0.48686773
2026-03-05 07:25:00+00:00,0,0.49352244
2026-03-05 07:30:00+00:00,0,0.498258
2026-03-05 07:35:00+00:00,0,0.5063488
2026-03-05 07:40:00+00:00,0,0.5099955
2026-03-05 07:45:00+00:00,0,0.50182915
2026-03-05 07:50:00+00:00,1,0.5190977
2026-03-05 07:55:00+00:00,0,0.49928826
2026-03-05 08:00:00+00:00,0,0.50166523
2026-03-05 08:05:00+00:00,0,0.5003676
2026-03-05 08:10:00+00:00,0,0.51982814
2026-03-05 08:15:00+00:00,0,0.49994266
2026-03-05 08:20:00+00:00,0,0.49923277
2026-03-05 08:25:00+00:00,1,0.51973385
2026-03-05 08:30:00+00:00,1,0.50393075
2026-03-05 08:35:00+00:00,1,0.51926047
2026-03-05 08:40:00+00:00,1,0.4987131
2026-03-05 08:45:00+00:00,1,0.51569057
2026-03-05 08:50:00+00:00,1,0.51039666
2026-03-05 08:55:00+00:00,1,0.5150091
2026-03-05 09:00:00+00:00,1,0.49818072
2026-03-05 09:05:00+00:00,0,0.48953333
2026-03-05 09:10:00+00:00,0,0.4785408
2026-03-05 09:15:00+00:00,1,0.49257404
2026-03-05 09:20:00+00:00,0,0.48004666
2026-03-05 09:25:00+00:00,1,0.48813057
2026-03-05 09:30:00+00:00,0,0.48900086
2026-03-05 09:35:00+00:00,1,0.49660388
2026-03-05 09:40:00+00:00,1,0.5037186
2026-03-05 09:45:00+00:00,0,0.49277434
2026-03-05 09:50:00+00:00,1,0.49080217
2026-03-05 09:55:00+00:00,1,0.48472953
2026-03-05 10:00:00+00:00,1,0.50598836
2026-03-05 10:05:00+00:00,1,0.5006663
2026-03-05 10:10:00+00:00,1,0.4914026
2026-03-05 10:15:00+00:00,1,0.49015743
2026-03-05 10:20:00+00:00,1,0.49015743
2026-03-05 10:25:00+00:00,1,0.46503323
2026-03-05 10:30:00+00:00,0,0.4741163
2026-03-05 10:35:00+00:00,0,0.47709507
2026-03-05 10:40:00+00:00,1,0.4800993
2026-03-05 10:45:00+00:00,0,0.47082612
2026-03-05 10:50:00+00:00,0,0.47198382
2026-03-05 10:55:00+00:00,0,0.4872171
2026-03-05 11:00:00+00:00,0,0.47916964
2026-03-05 11:05:00+00:00,0,0.47368783
2026-03-05 11:10:00+00:00,0,0.47604522
2026-03-05 11:15:00+00:00,0,0.4899225
2026-03-05 11:20:00+00:00,0,0.49531913
2026-03-05 11:25:00+00:00,0,0.49230897
2026-03-05 11:30:00+00:00,0,0.49413827
2026-03-05 11:35:00+00:00,1,0.5067859
2026-03-05 11:40:00+00:00,1,0.5058246
2026-03-05 11:45:00+00:00,1,0.5050356
2026-03-05 11:50:00+00:00,1,0.5067272
2026-03-05 11:55:00+00:00,1,0.5058246
2026-03-05 12:00:00+00:00,1,0.4990886
2026-03-05 12:05:00+00:00,1,0.5005592
2026-03-05 12:10:00+00:00,1,0.5029199
2026-03-05 12:15:00+00:00,1,0.4990061
2026-03-05 12:20:00+00:00,1,0.50163156
2026-03-05 12:25:00+00:00,1,0.49551237
2026-03-05 12:30:00+00:00,1,0.5020819
2026-03-05 12:35:00+00:00,1,0.47670174
2026-03-05 12:40:00+00:00,1,0.47694024
2026-03-05 12:45:00+00:00,0,0.47437218
2026-03-05 12:50:00+00:00,0,0.47437218
2026-03-05 12:55:00+00:00,0,0.4733115
2026-03-05 13:00:00+00:00,0,0.4766312
2026-03-05 13:05:00+00:00,0,0.47635707
2026-03-05 13:10:00+00:00,0,0.49392268
2026-03-05 13:15:00+00:00,0,0.49486682
2026-03-05 13:20:00+00:00,0,0.49962988
2026-03-05 13:25:00+00:00,0,0.5022121
2026-03-05 13:30:00+00:00,1,0.50581783
2026-03-05 13:35:00+00:00,1,0.5087484
2026-03-05 13:40:00+00:00,1,0.5058246
2026-03-05 13:45:00+00:00,0,0.4960874
2026-03-05 13:50:00+00:00,0,0.4937483
2026-03-05 13:55:00+00:00,0,0.50320804
2026-03-05 14:00:00+00:00,1,0.5026781
2026-03-05 14:05:00+00:00,0,0.5068996
2026-03-05 14:10:00+00:00,0,0.49735203
2026-03-05 14:15:00+00:00,0,0.5155093
2026-03-05 14:20:00+00:00,1,0.5155787
2026-03-05 14:25:00+00:00,1,0.5183205
2026-03-05 14:30:00+00:00,0,0.4934992
2026-03-05 14:35:00+00:00,0,0.5121894
2026-03-05 14:40:00+00:00,0,0.50535154
2026-03-05 14:45:00+00:00,0,0.51443
2026-03-05 14:50:00+00:00,0,0.50401306
2026-03-05 14:55:00+00:00,0,0.49323365
2026-03-05 15:00:00+00:00,0,0.51423115
2026-03-05 15:05:00+00:00,1,0.51415724
2026-03-05 15:10:00+00:00,0,0.5144357
2026-03-05 15:15:00+00:00,0,0.5128605
2026-03-05 15:20:00+00:00,1,0.518518
2026-03-05 15:25:00+00:00,1,0.5191452
2026-03-05 15:30:00+00:00,0,0.51763576
2026-03-05 15:35:00+00:00,0,0.51763576
2026-03-05 15:40:00+00:00,0,0.5151959
2026-03-05 15:45:00+00:00,0,0.5156379
2026-03-05 15:50:00+00:00,0,0.5097136
2026-03-05 15:55:00+00:00,0,0.5135811
2026-03-05 16:00:00+00:00,0,0.5218768
2026-03-05 16:05:00+00:00,1,0.5306379
2026-03-05 16:10:00+00:00,1,0.5207275
2026-03-05 16:15:00+00:00,1,0.53490025
2026-03-05 16:20:00+00:00,1,0.5191452
2026-03-05 16:25:00+00:00,1,0.5205853
2026-03-05 16:30:00+00:00,1,0.50627273
2026-03-05 16:35:00+00:00,0,0.50553423
2026-03-05 16:40:00+00:00,0,0.50610906
2026-03-05 16:45:00+00:00,0,0.51186925
2026-03-05 16:50:00+00:00,0,0.5158622
2026-03-05 16:55:00+00:00,0,0.48347804
2026-03-05 17:00:00+00:00,0,0.5123416
2026-03-05 17:05:00+00:00,0,0.52541745
2026-03-05 17:10:00+00:00,0,0.5190052
2026-03-05 17:15:00+00:00,0,0.5214353
2026-03-05 17:20:00+00:00,0,0.51782095
2026-03-05 17:25:00+00:00,0,0.5233065
2026-03-05 17:30:00+00:00,1,0.52324265
2026-03-05 17:35:00+00:00,0,0.5223363
2026-03-05 17:40:00+00:00,1,0.5223363
2026-03-05 17:45:00+00:00,1,0.5202061
2026-03-05 17:50:00+00:00,1,0.51932156
2026-03-05 17:55:00+00:00,1,0.5064643
2026-03-05 18:00:00+00:00,1,0.5179215
2026-03-05 18:05:00+00:00,1,0.51889354
2026-03-05 18:10:00+00:00,1,0.5134096
2026-03-05 18:15:00+00:00,1,0.5125732
2026-03-05 18:20:00+00:00,1,0.5101775
2026-03-05 18:25:00+00:00,1,0.51183754
2026-03-05 18:30:00+00:00,1,0.5061208
2026-03-05 18:35:00+00:00,1,0.5160985
2026-03-05 18:40:00+00:00,1,0.4994238
2026-03-05 18:45:00+00:00,1,0.4818778
2026-03-05 18:50:00+00:00,1,0.5127876
2026-03-05 18:55:00+00:00,1,0.4806181
2026-03-05 19:00:00+00:00,1,0.47623494
2026-03-05 19:05:00+00:00,0,0.47737792
2026-03-05 19:10:00+00:00,0,0.48333123
2026-03-05 19:15:00+00:00,0,0.4786803
2026-03-05 19:20:00+00:00,0,0.48747373
2026-03-05 19:25:00+00:00,0,0.49325544
2026-03-05 19:30:00+00:00,0,0.48959744
2026-03-05 19:35:00+00:00,1,0.50066775
2026-03-05 19:40:00+00:00,1,0.4999647
2026-03-05 19:45:00+00:00,1,0.49710894
2026-03-05 19:50:00+00:00,1,0.50618845
2026-03-05 19:55:00+00:00,1,0.50603
2026-03-05 20:00:00+00:00,1,0.49168053
2026-03-05 20:05:00+00:00,1,0.4896531
2026-03-05 20:10:00+00:00,1,0.4903862
2026-03-05 20:15:00+00:00,0,0.48138797
2026-03-05 20:20:00+00:00,0,0.48521283
2026-03-05 20:25:00+00:00,0,0.49123138
2026-03-05 20:30:00+00:00,1,0.4900284
2026-03-05 20:35:00+00:00,0,0.4892071
2026-03-05 20:40:00+00:00,0,0.49620262
2026-03-05 20:45:00+00:00,1,0.4868346
2026-03-05 20:50:00+00:00,1,0.49019527
2026-03-05 20:55:00+00:00,1,0.49640435
2026-03-05 21:00:00+00:00,0,0.4877838
2026-03-05 21:05:00+00:00,0,0.4884081
2026-03-05 21:10:00+00:00,0,0.5010421
2026-03-05 21:15:00+00:00,0,0.48437625
2026-03-05 21:20:00+00:00,0,0.49749917
2026-03-05 21:25:00+00:00,0,0.50076765
2026-03-05 21:30:00+00:00,0,0.5266679
2026-03-05 21:35:00+00:00,0,0.522536
2026-03-05 21:40:00+00:00,0,0.52412945
2026-03-05 21:45:00+00:00,0,0.52343684
2026-03-05 21:50:00+00:00,1,0.5247358
2026-03-05 21:55:00+00:00,0,0.524153
2026-03-05 22:00:00+00:00,1,0.51949567
2026-03-05 22:05:00+00:00,1,0.52450913
2026-03-05 22:10:00+00:00,1,0.52450913
2026-03-05 22:15:00+00:00,1,0.51708496
2026-03-05 22:20:00+00:00,1,0.5188765
2026-03-05 22:25:00+00:00,1,0.52101487
2026-03-05 22:30:00+00:00,0,0.5195409
2026-03-05 22:35:00+00:00,0,0.514798
2026-03-05 22:40:00+00:00,0,0.517712
2026-03-05 22:45:00+00:00,0,0.51774037
2026-03-05 22:50:00+00:00,0,0.5159055
2026-03-05 22:55:00+00:00,1,0.51902956
2026-03-05 23:00:00+00:00,0,0.5190327
2026-03-05 23:05:00+00:00,0,0.5213503
2026-03-05 23:10:00+00:00,0,0.5249504
2026-03-05 23:15:00+00:00,0,0.5110667
2026-03-05 23:20:00+00:00,0,0.50195503
2026-03-05 23:25:00+00:00,0,0.5057977
2026-03-05 23:30:00+00:00,0,0.510496
2026-03-05 23:35:00+00:00,0,0.5100123
2026-03-05 23:40:00+00:00,1,0.5062199
2026-03-05 23:45:00+00:00,1,0.51705366
2026-03-05 23:50:00+00:00,0,0.51628125
2026-03-05 23:55:00+00:00,0,0.5039072
2026-03-06 00:00:00+00:00,1,0.5140451
2026-03-06 00:05:00+00:00,1,0.5090082
2026-03-06 00:10:00+00:00,0,0.49994498
2026-03-06 00:15:00+00:00,0,0.51922226
2026-03-06 00:20:00+00:00,0,0.5264902
2026-03-06 00:25:00+00:00,0,0.51822686
2026-03-06 00:30:00+00:00,0,0.5176353
2026-03-06 00:35:00+00:00,0,0.50937724
2026-03-06 00:40:00+00:00,0,0.52739036
2026-03-06 00:45:00+00:00,0,0.52041245
2026-03-06 00:50:00+00:00,0,0.527774
2026-03-06 00:55:00+00:00,0,0.52962595
2026-03-06 01:00:00+00:00,1,0.5319139
2026-03-06 01:05:00+00:00,1,0.527774
2026-03-06 01:10:00+00:00,1,0.5394894
2026-03-06 01:15:00+00:00,1,0.529982
2026-03-06 01:20:00+00:00,1,0.5279329
2026-03-06 01:25:00+00:00,1,0.53689504
2026-03-06 01:30:00+00:00,1,0.4773982
2026-03-06 01:35:00+00:00,1,0.4769154
2026-03-06 01:40:00+00:00,1,0.4707219
2026-03-06 01:45:00+00:00,1,0.47950137
2026-03-06 01:50:00+00:00,1,0.48388165
2026-03-06 01:55:00+00:00,1,0.47310522
2026-03-06 02:00:00+00:00,0,0.47920182
2026-03-06 02:05:00+00:00,0,0.474504
2026-03-06 02:10:00+00:00,0,0.47157362
2026-03-06 02:15:00+00:00,0,0.4738856
2026-03-06 02:20:00+00:00,0,0.48921597
2026-03-06 02:25:00+00:00,0,0.4795538
2026-03-06 02:30:00+00:00,0,0.50158226
2026-03-06 02:35:00+00:00,1,0.5022692
2026-03-06 02:40:00+00:00,0,0.4956033
2026-03-06 02:45:00+00:00,0,0.48722884
2026-03-06 02:50:00+00:00,1,0.51692474
2026-03-06 02:55:00+00:00,1,0.5008601
2026-03-06 03:00:00+00:00,0,0.49898592
2026-03-06 03:05:00+00:00,0,0.4939231
2026-03-06 03:10:00+00:00,1,0.52739364
2026-03-06 03:15:00+00:00,1,0.5279454
2026-03-06 03:20:00+00:00,0,0.5031672
2026-03-06 03:25:00+00:00,1,0.514677
2026-03-06 03:30:00+00:00,1,0.52142876
2026-03-06 03:35:00+00:00,0,0.51687115
2026-03-06 03:40:00+00:00,0,0.5185678
2026-03-06 03:45:00+00:00,0,0.5080296
2026-03-06 03:50:00+00:00,0,0.5034307
2026-03-06 03:55:00+00:00,0,0.50656694
2026-03-06 04:00:00+00:00,0,0.50614357
2026-03-06 04:05:00+00:00,0,0.5218476
2026-03-06 04:10:00+00:00,0,0.5282174
2026-03-06 04:15:00+00:00,0,0.5273174
2026-03-06 04:20:00+00:00,0,0.5300533
2026-03-06 04:25:00+00:00,0,0.5282174
2026-03-06 04:30:00+00:00,0,0.512543
2026-03-06 04:35:00+00:00,0,0.5273174
2026-03-06 04:40:00+00:00,1,0.5273174
2026-03-06 04:45:00+00:00,1,0.5273174
2026-03-06 04:50:00+00:00,1,0.5283329
2026-03-06 04:55:00+00:00,0,0.5249886
2026-03-06 05:00:00+00:00,0,0.5195577
2026-03-06 05:05:00+00:00,0,0.50892925
2026-03-06 05:10:00+00:00,0,0.5186709
2026-03-06 05:15:00+00:00,0,0.5168951
2026-03-06 05:20:00+00:00,0,0.5263742
2026-03-06 05:25:00+00:00,1,0.5263742
2026-03-06 05:30:00+00:00,1,0.5263742
2026-03-06 05:35:00+00:00,1,0.5263742
2026-03-06 05:40:00+00:00,1,0.5277498
2026-03-06 05:45:00+00:00,1,0.5277754
2026-03-06 05:50:00+00:00,1,0.5179691
2026-03-06 05:55:00+00:00,0,0.51822317
2026-03-06 06:00:00+00:00,0,0.514231
2026-03-06 06:05:00+00:00,0,0.5211671
2026-03-06 06:10:00+00:00,1,0.5198209
2026-03-06 06:15:00+00:00,1,0.52089983
2026-03-06 06:20:00+00:00,1,0.5088478
2026-03-06 06:25:00+00:00,1,0.5124781
2026-03-06 06:30:00+00:00,1,0.5125569
2026-03-06 06:35:00+00:00,1,0.51971996
2026-03-06 06:40:00+00:00,0,0.5002873
2026-03-06 06:45:00+00:00,0,0.48347732
2026-03-06 06:50:00+00:00,1,0.4978715
2026-03-06 06:55:00+00:00,1,0.5154432
2026-03-06 07:00:00+00:00,1,0.47492015
2026-03-06 07:05:00+00:00,1,0.4874282
2026-03-06 07:10:00+00:00,1,0.50505286
2026-03-06 07:15:00+00:00,1,0.50329655
2026-03-06 07:20:00+00:00,1,0.47457287
2026-03-06 07:25:00+00:00,1,0.46712905
2026-03-06 07:30:00+00:00,0,0.4691715
2026-03-06 07:35:00+00:00,0,0.48167622
2026-03-06 07:40:00+00:00,0,0.46971345
2026-03-06 07:45:00+00:00,0,0.47062066
2026-03-06 07:50:00+00:00,0,0.48458052
2026-03-06 07:55:00+00:00,0,0.47598282
2026-03-06 08:00:00+00:00,0,0.4829331
2026-03-06 08:05:00+00:00,0,0.48450506
2026-03-06 08:10:00+00:00,0,0.48017758
2026-03-06 08:15:00+00:00,0,0.48841125
2026-03-06 08:20:00+00:00,0,0.48865914
2026-03-06 08:25:00+00:00,0,0.49968144
2026-03-06 08:30:00+00:00,1,0.5021011
2026-03-06 08:35:00+00:00,0,0.50211185
2026-03-06 08:40:00+00:00,0,0.50787854
2026-03-06 08:45:00+00:00,0,0.5002155
2026-03-06 08:50:00+00:00,0,0.50217056
2026-03-06 08:55:00+00:00,0,0.49862632
2026-03-06 09:00:00+00:00,0,0.50349087
2026-03-06 09:05:00+00:00,0,0.5126068
2026-03-06 09:10:00+00:00,0,0.524949
2026-03-06 09:15:00+00:00,0,0.52239
2026-03-06 09:20:00+00:00,1,0.5218249
2026-03-06 09:25:00+00:00,1,0.52509034
2026-03-06 09:30:00+00:00,1,0.52509034
2026-03-06 09:35:00+00:00,1,0.5142961
2026-03-06 09:40:00+00:00,1,0.5154911
2026-03-06 09:45:00+00:00,1,0.50834143
2026-03-06 09:50:00+00:00,1,0.50246924
2026-03-06 09:55:00+00:00,1,0.4998451
2026-03-06 10:00:00+00:00,1,0.5092667
2026-03-06 10:05:00+00:00,0,0.50662
2026-03-06 10:10:00+00:00,0,0.5066056
2026-03-06 10:15:00+00:00,0,0.50910693
2026-03-06 10:20:00+00:00,0,0.5014722
2026-03-06 10:25:00+00:00,0,0.5042989
2026-03-06 10:30:00+00:00,0,0.5068023
2026-03-06 10:35:00+00:00,0,0.50810295
2026-03-06 10:40:00+00:00,0,0.50460804
2026-03-06 10:45:00+00:00,0,0.50801337
2026-03-06 10:50:00+00:00,0,0.49598077
2026-03-06 10:55:00+00:00,0,0.4853773
2026-03-06 11:00:00+00:00,0,0.50176674
2026-03-06 11:05:00+00:00,1,0.49440244
2026-03-06 11:10:00+00:00,0,0.4955386
2026-03-06 11:15:00+00:00,0,0.5046599
2026-03-06 11:20:00+00:00,0,0.5056152
2026-03-06 11:25:00+00:00,0,0.49679318
2026-03-06 11:30:00+00:00,0,0.49455124
2026-03-06 11:35:00+00:00,0,0.50432914
2026-03-06 11:40:00+00:00,0,0.52671385
2026-03-06 11:45:00+00:00,1,0.5251332
2026-03-06 11:50:00+00:00,1,0.524117
2026-03-06 11:55:00+00:00,1,0.524117
2026-03-06 12:00:00+00:00,0,0.5245123
2026-03-06 12:05:00+00:00,1,0.5251471
2026-03-06 12:10:00+00:00,0,0.52646697
2026-03-06 12:15:00+00:00,0,0.5181855
2026-03-06 12:20:00+00:00,0,0.5197452
2026-03-06 12:25:00+00:00,0,0.51774603
2026-03-06 12:30:00+00:00,1,0.50606465
2026-03-06 12:35:00+00:00,1,0.51785535
2026-03-06 12:40:00+00:00,1,0.5094458
2026-03-06 12:45:00+00:00,1,0.5218871
2026-03-06 12:50:00+00:00,1,0.5218871
2026-03-06 12:55:00+00:00,1,0.51638985
2026-03-06 13:00:00+00:00,1,0.5165463
2026-03-06 13:05:00+00:00,1,0.51282406
2026-03-06 13:10:00+00:00,1,0.51309866
2026-03-06 13:15:00+00:00,1,0.5092055
2026-03-06 13:20:00+00:00,0,0.4991081
2026-03-06 13:25:00+00:00,0,0.48457524
2026-03-06 13:30:00+00:00,0,0.47362772
2026-03-06 13:35:00+00:00,0,0.4858342
2026-03-06 13:40:00+00:00,0,0.48039672
2026-03-06 13:45:00+00:00,0,0.48646745
2026-03-06 13:50:00+00:00,0,0.5083512
2026-03-06 13:55:00+00:00,0,0.5245692
2026-03-06 14:00:00+00:00,0,0.5245692
2026-03-06 14:05:00+00:00,0,0.5278429
2026-03-06 14:10:00+00:00,0,0.5278429
2026-03-06 14:15:00+00:00,0,0.5234294
2026-03-06 14:20:00+00:00,0,0.5234294
2026-03-06 14:25:00+00:00,0,0.5118671
2026-03-06 14:30:00+00:00,0,0.5241133
2026-03-06 14:35:00+00:00,0,0.5248761
2026-03-06 14:40:00+00:00,0,0.5223287
2026-03-06 14:45:00+00:00,0,0.5230373
2026-03-06 14:50:00+00:00,0,0.52400345
2026-03-06 14:55:00+00:00,0,0.5277047
2026-03-06 15:00:00+00:00,0,0.52894366
2026-03-06 15:05:00+00:00,1,0.5273638
2026-03-06 15:10:00+00:00,0,0.5273638
2026-03-06 15:15:00+00:00,0,0.5261373
2026-03-06 15:20:00+00:00,0,0.5182999
2026-03-06 15:25:00+00:00,0,0.5205795
2026-03-06 15:30:00+00:00,0,0.51840097
2026-03-06 15:35:00+00:00,0,0.5211962
2026-03-06 15:40:00+00:00,0,0.5284819
2026-03-06 15:45:00+00:00,0,0.5308232
2026-03-06 15:50:00+00:00,1,0.5286699
2026-03-06 15:55:00+00:00,1,0.52708995
2026-03-06 16:00:00+00:00,0,0.52668726
2026-03-06 16:05:00+00:00,1,0.5244627
2026-03-06 16:10:00+00:00,1,0.52661794
2026-03-06 16:15:00+00:00,1,0.5213842
2026-03-06 16:20:00+00:00,0,0.5213842
2026-03-06 16:25:00+00:00,0,0.52357054
2026-03-06 16:30:00+00:00,1,0.5098393
2026-03-06 16:35:00+00:00,0,0.49962834
2026-03-06 16:40:00+00:00,0,0.5166504
2026-03-06 16:45:00+00:00,0,0.50637597
2026-03-06 16:50:00+00:00,1,0.52764285
2026-03-06 16:55:00+00:00,0,0.5276596
2026-03-06 17:00:00+00:00,0,0.51490647
2026-03-06 17:05:00+00:00,0,0.5175611
2026-03-06 17:10:00+00:00,0,0.52400434
2026-03-06 17:15:00+00:00,0,0.51803255
2026-03-06 17:20:00+00:00,0,0.51782924
2026-03-06 17:25:00+00:00,1,0.5228701
2026-03-06 17:30:00+00:00,1,0.52574337
2026-03-06 17:35:00+00:00,1,0.52731913
2026-03-06 17:40:00+00:00,1,0.5204834
2026-03-06 17:45:00+00:00,1,0.52475464
2026-03-06 17:50:00+00:00,1,0.5132247
2026-03-06 17:55:00+00:00,1,0.50601953
2026-03-06 18:00:00+00:00,1,0.5017737
2026-03-06 18:05:00+00:00,1,0.48130217
2026-03-06 18:10:00+00:00,0,0.4643557
2026-03-06 18:15:00+00:00,1,0.48747656
2026-03-06 18:20:00+00:00,0,0.48293957
2026-03-06 18:25:00+00:00,1,0.4921658
2026-03-06 18:30:00+00:00,1,0.47899386
2026-03-06 18:35:00+00:00,1,0.48667067
2026-03-06 18:40:00+00:00,1,0.48913005
2026-03-06 18:45:00+00:00,1,0.4862031
2026-03-06 18:50:00+00:00,1,0.50201786
2026-03-06 18:55:00+00:00,1,0.49460992
2026-03-06 19:00:00+00:00,1,0.47923467
2026-03-06 19:05:00+00:00,0,0.4720083
2026-03-06 19:10:00+00:00,0,0.47791344
2026-03-06 19:15:00+00:00,0,0.48479557
2026-03-06 19:20:00+00:00,0,0.49003068
2026-03-06 19:25:00+00:00,0,0.4938352
2026-03-06 19:30:00+00:00,0,0.48395094
2026-03-06 19:35:00+00:00,0,0.5039287
2026-03-06 19:40:00+00:00,0,0.5049454
2026-03-06 19:45:00+00:00,0,0.51942414
2026-03-06 19:50:00+00:00,0,0.5311665
2026-03-06 19:55:00+00:00,0,0.5261498
2026-03-06 20:00:00+00:00,0,0.5286963
2026-03-06 20:05:00+00:00,0,0.5217442
2026-03-06 20:10:00+00:00,0,0.51960665
2026-03-06 20:15:00+00:00,0,0.50112027
2026-03-06 20:20:00+00:00,1,0.53098875
2026-03-06 20:25:00+00:00,1,0.5355274
2026-03-06 20:30:00+00:00,1,0.5309903
2026-03-06 20:35:00+00:00,1,0.53188944
2026-03-06 20:40:00+00:00,1,0.51919574
2026-03-06 20:45:00+00:00,1,0.51660085
2026-03-06 20:50:00+00:00,0,0.5191534
2026-03-06 20:55:00+00:00,0,0.52151537
2026-03-06 21:00:00+00:00,0,0.5174697
2026-03-06 21:05:00+00:00,0,0.52252567
2026-03-06 21:10:00+00:00,0,0.5227302
2026-03-06 21:15:00+00:00,1,0.5210328
2026-03-06 21:20:00+00:00,1,0.52388126
2026-03-06 21:25:00+00:00,1,0.5345138
2026-03-06 21:30:00+00:00,1,0.53331584
2026-03-06 21:35:00+00:00,1,0.51337564
2026-03-06 21:40:00+00:00,1,0.51202196
2026-03-06 21:45:00+00:00,1,0.49024892
2026-03-06 21:50:00+00:00,1,0.5022513
2026-03-06 21:55:00+00:00,1,0.4870242
2026-03-06 22:00:00+00:00,1,0.48566428
2026-03-06 22:05:00+00:00,1,0.47350216
2026-03-06 22:10:00+00:00,1,0.49879056
2026-03-06 22:15:00+00:00,1,0.49472794
2026-03-06 22:20:00+00:00,1,0.4915985
2026-03-06 22:25:00+00:00,1,0.48947003
2026-03-06 22:30:00+00:00,0,0.4879534
2026-03-06 22:35:00+00:00,0,0.48654246
2026-03-06 22:40:00+00:00,0,0.48107237
2026-03-06 22:45:00+00:00,0,0.47350517
2026-03-06 22:50:00+00:00,0,0.47350517
2026-03-06 22:55:00+00:00,0,0.49410796
2026-03-06 23:00:00+00:00,0,0.4988626
2026-03-06 23:05:00+00:00,0,0.4951769
2026-03-06 23:10:00+00:00,0,0.4937998
2026-03-06 23:15:00+00:00,0,0.50064373
2026-03-06 23:20:00+00:00,0,0.5004423
2026-03-06 23:25:00+00:00,0,0.5071373
2026-03-06 23:30:00+00:00,0,0.51518124
2026-03-06 23:35:00+00:00,1,0.5246747
2026-03-06 23:40:00+00:00,1,0.5265121
2026-03-06 23:45:00+00:00,1,0.5224741
2026-03-06 23:50:00+00:00,1,0.52852243
2026-03-06 23:55:00+00:00,1,0.51905006
2026-03-07 00:00:00+00:00,1,0.51644784
2026-03-07 00:05:00+00:00,0,0.4993445
2026-03-07 00:10:00+00:00,1,0.5138825
2026-03-07 00:15:00+00:00,0,0.50881225
2026-03-07 00:20:00+00:00,1,0.51353735
2026-03-07 00:25:00+00:00,1,0.51621884
2026-03-07 00:30:00+00:00,1,0.5130904
2026-03-07 00:35:00+00:00,1,0.5104426
2026-03-07 00:40:00+00:00,1,0.50823003
2026-03-07 00:45:00+00:00,1,0.5137702
2026-03-07 00:50:00+00:00,0,0.50305897
2026-03-07 00:55:00+00:00,1,0.5167651
2026-03-07 01:00:00+00:00,0,0.49633056
2026-03-07 01:05:00+00:00,0,0.48538297
2026-03-07 01:10:00+00:00,0,0.50142086
2026-03-07 01:15:00+00:00,0,0.4930657
2026-03-07 01:20:00+00:00,0,0.504356
2026-03-07 01:25:00+00:00,0,0.51606554
2026-03-07 01:30:00+00:00,0,0.5173633
2026-03-07 01:35:00+00:00,0,0.5032816
2026-03-07 01:40:00+00:00,0,0.50292915
2026-03-07 01:45:00+00:00,0,0.50146514
2026-03-07 01:50:00+00:00,0,0.50854295
2026-03-07 01:55:00+00:00,0,0.52072954
2026-03-07 02:00:00+00:00,0,0.51663756
2026-03-07 02:05:00+00:00,0,0.50924706
2026-03-07 02:10:00+00:00,0,0.5215348
2026-03-07 02:15:00+00:00,0,0.51896536
2026-03-07 02:20:00+00:00,1,0.5273926
2026-03-07 02:25:00+00:00,1,0.528328
2026-03-07 02:30:00+00:00,1,0.529211
2026-03-07 02:35:00+00:00,1,0.5215348
2026-03-07 02:40:00+00:00,1,0.5292802
2026-03-07 02:45:00+00:00,1,0.50524575
2026-03-07 02:50:00+00:00,1,0.5094854
2026-03-07 02:55:00+00:00,0,0.5106313
2026-03-07 03:00:00+00:00,0,0.49288762
2026-03-07 03:05:00+00:00,0,0.49951375
2026-03-07 03:10:00+00:00,0,0.47266632
2026-03-07 03:15:00+00:00,0,0.48124838
2026-03-07 03:20:00+00:00,0,0.50439554
2026-03-07 03:25:00+00:00,0,0.5174052
2026-03-07 03:30:00+00:00,0,0.5153371
2026-03-07 03:35:00+00:00,0,0.51162785
2026-03-07 03:40:00+00:00,0,0.51269794
2026-03-07 03:45:00+00:00,0,0.5223913
2026-03-07 03:50:00+00:00,0,0.5245768
2026-03-07 03:55:00+00:00,0,0.5263834
2026-03-07 04:00:00+00:00,1,0.55096185
2026-03-07 04:05:00+00:00,1,0.5500034
2026-03-07 04:10:00+00:00,1,0.5233821
2026-03-07 04:15:00+00:00,1,0.5192501
2026-03-07 04:20:00+00:00,1,0.5181765
2026-03-07 04:25:00+00:00,1,0.5063526
2026-03-07 04:30:00+00:00,1,0.51715666
2026-03-07 04:35:00+00:00,0,0.51403224
2026-03-07 04:40:00+00:00,1,0.5194421
2026-03-07 04:45:00+00:00,1,0.52282923
2026-03-07 04:50:00+00:00,1,0.5228647
2026-03-07 04:55:00+00:00,1,0.5215797
2026-03-07 05:00:00+00:00,0,0.5175118
2026-03-07 05:05:00+00:00,0,0.5097107
2026-03-07 05:10:00+00:00,1,0.50724447
2026-03-07 05:15:00+00:00,1,0.50438994
2026-03-07 05:20:00+00:00,1,0.5074608
2026-03-07 05:25:00+00:00,0,0.48497832
2026-03-07 05:30:00+00:00,1,0.5022444
2026-03-07 05:35:00+00:00,0,0.49931923
2026-03-07 05:40:00+00:00,0,0.4971023
2026-03-07 05:45:00+00:00,0,0.48937985
2026-03-07 05:50:00+00:00,0,0.49490756
2026-03-07 05:55:00+00:00,0,0.48330984
2026-03-07 06:00:00+00:00,0,0.49521136
2026-03-07 06:05:00+00:00,0,0.4999259
2026-03-07 06:10:00+00:00,0,0.5017071
2026-03-07 06:15:00+00:00,0,0.52693033
2026-03-07 06:20:00+00:00,0,0.5258994
2026-03-07 06:25:00+00:00,0,0.51228255
2026-03-07 06:30:00+00:00,0,0.525307
2026-03-07 06:35:00+00:00,0,0.525307
2026-03-07 06:40:00+00:00,0,0.51534414
2026-03-07 06:45:00+00:00,0,0.5175307
2026-03-07 06:50:00+00:00,1,0.52188087
2026-03-07 06:55:00+00:00,1,0.5142934
2026-03-07 07:00:00+00:00,1,0.511505
2026-03-07 07:05:00+00:00,1,0.5139546
2026-03-07 07:10:00+00:00,1,0.5083258
2026-03-07 07:15:00+00:00,1,0.5048947
2026-03-07 07:20:00+00:00,1,0.50318766
2026-03-07 07:25:00+00:00,1,0.50357246
2026-03-07 07:30:00+00:00,1,0.48804566
2026-03-07 07:35:00+00:00,1,0.5090451
2026-03-07 07:40:00+00:00,1,0.50450987
2026-03-07 07:45:00+00:00,1,0.50775796
2026-03-07 07:50:00+00:00,1,0.5062038
2026-03-07 07:55:00+00:00,1,0.49645135
2026-03-07 08:00:00+00:00,0,0.490237
2026-03-07 08:05:00+00:00,1,0.5034843
2026-03-07 08:10:00+00:00,1,0.52656704
2026-03-07 08:15:00+00:00,0,0.47560275
2026-03-07 08:20:00+00:00,0,0.4777253
2026-03-07 08:25:00+00:00,0,0.48627153
2026-03-07 08:30:00+00:00,0,0.48516503
2026-03-07 08:35:00+00:00,0,0.47841477
2026-03-07 08:40:00+00:00,0,0.48853666
2026-03-07 08:45:00+00:00,0,0.47560367
2026-03-07 08:50:00+00:00,0,0.4887172
2026-03-07 08:55:00+00:00,1,0.4995543
2026-03-07 09:00:00+00:00,1,0.5096338
2026-03-07 09:05:00+00:00,1,0.51341945
2026-03-07 09:10:00+00:00,1,0.49854204
2026-03-07 09:15:00+00:00,1,0.4885784
2026-03-07 09:20:00+00:00,0,0.48851162
2026-03-07 09:25:00+00:00,1,0.49438208
2026-03-07 09:30:00+00:00,1,0.5004618
2026-03-07 09:35:00+00:00,1,0.498001
2026-03-07 09:40:00+00:00,0,0.49572518
2026-03-07 09:45:00+00:00,0,0.48473865
2026-03-07 09:50:00+00:00,0,0.5001495
2026-03-07 09:55:00+00:00,0,0.4989182
2026-03-07 10:00:00+00:00,0,0.499754
2026-03-07 10:05:00+00:00,0,0.4984405
2026-03-07 10:10:00+00:00,0,0.5021748
2026-03-07 10:15:00+00:00,0,0.5060094
2026-03-07 10:20:00+00:00,0,0.504722
2026-03-07 10:25:00+00:00,0,0.51272464
2026-03-07 10:30:00+00:00,1,0.51272464
2026-03-07 10:35:00+00:00,0,0.50870293
2026-03-07 10:40:00+00:00,1,0.49807647
2026-03-07 10:45:00+00:00,1,0.49678892
2026-03-07 10:50:00+00:00,1,0.5043519
2026-03-07 10:55:00+00:00,1,0.50525457
2026-03-07 11:00:00+00:00,1,0.5065159
2026-03-07 11:05:00+00:00,1,0.5075087
2026-03-07 11:10:00+00:00,0,0.4692035
2026-03-07 11:15:00+00:00,0,0.47280678
2026-03-07 11:20:00+00:00,1,0.4886604
2026-03-07 11:25:00+00:00,1,0.48800358
2026-03-07 11:30:00+00:00,1,0.47568294
2026-03-07 11:35:00+00:00,0,0.47354257
2026-03-07 11:40:00+00:00,0,0.4825234
2026-03-07 11:45:00+00:00,0,0.47910625
2026-03-07 11:50:00+00:00,0,0.47910625
2026-03-07 11:55:00+00:00,0,0.48309436
2026-03-07 12:00:00+00:00,0,0.48194554
2026-03-07 12:05:00+00:00,0,0.49939576
2026-03-07 12:10:00+00:00,0,0.48968798
2026-03-07 12:15:00+00:00,0,0.49283132
2026-03-07 12:20:00+00:00,0,0.49283132
2026-03-07 12:25:00+00:00,0,0.4911393
2026-03-07 12:30:00+00:00,0,0.49638507
2026-03-07 12:35:00+00:00,0,0.4927645
2026-03-07 12:40:00+00:00,0,0.5079976
2026-03-07 12:45:00+00:00,1,0.5114164
2026-03-07 12:50:00+00:00,1,0.5141073
2026-03-07 12:55:00+00:00,1,0.51320523
2026-03-07 13:00:00+00:00,1,0.5149933
2026-03-07 13:05:00+00:00,1,0.5122504
2026-03-07 13:10:00+00:00,0,0.50479716
2026-03-07 13:15:00+00:00,1,0.50211334
2026-03-07 13:20:00+00:00,0,0.5030206
2026-03-07 13:25:00+00:00,1,0.503771
2026-03-07 13:30:00+00:00,0,0.49830523
2026-03-07 13:35:00+00:00,0,0.5048327
2026-03-07 13:40:00+00:00,0,0.5030517
2026-03-07 13:45:00+00:00,0,0.50444794
2026-03-07 13:50:00+00:00,0,0.50573534
2026-03-07 13:55:00+00:00,0,0.50622135
2026-03-07 14:00:00+00:00,1,0.54640526
2026-03-07 14:05:00+00:00,1,0.54640526
2026-03-07 14:10:00+00:00,1,0.54640526
2026-03-07 14:15:00+00:00,1,0.54539514
2026-03-07 14:20:00+00:00,1,0.54640526
2026-03-07 14:25:00+00:00,1,0.5237589
2026-03-07 14:30:00+00:00,1,0.5308328
2026-03-07 14:35:00+00:00,0,0.5118334
2026-03-07 14:40:00+00:00,1,0.5371213
2026-03-07 14:45:00+00:00,0,0.5352204
2026-03-07 14:50:00+00:00,1,0.5389055
2026-03-07 14:55:00+00:00,0,0.5404946
2026-03-07 15:00:00+00:00,1,0.53677577
2026-03-07 15:05:00+00:00,0,0.5293922
2026-03-07 15:10:00+00:00,0,0.5331133
2026-03-07 15:15:00+00:00,0,0.5310239
2026-03-07 15:20:00+00:00,0,0.52344376
2026-03-07 15:25:00+00:00,0,0.5194038
2026-03-07 15:30:00+00:00,0,0.51606244
2026-03-07 15:35:00+00:00,1,0.53636557
2026-03-07 15:40:00+00:00,1,0.53020126
2026-03-07 15:45:00+00:00,1,0.53110063
2026-03-07 15:50:00+00:00,1,0.53389055
2026-03-07 15:55:00+00:00,1,0.53753483
2026-03-07 16:00:00+00:00,1,0.5167017
2026-03-07 16:05:00+00:00,1,0.5154049
2026-03-07 16:10:00+00:00,1,0.50761896
2026-03-07 16:15:00+00:00,1,0.51308024
2026-03-07 16:20:00+00:00,1,0.5123371
2026-03-07 16:25:00+00:00,1,0.50418705
2026-03-07 16:30:00+00:00,1,0.5016582
2026-03-07 16:35:00+00:00,1,0.49606183
2026-03-07 16:40:00+00:00,1,0.5024017
2026-03-07 16:45:00+00:00,1,0.51202226
2026-03-07 16:50:00+00:00,1,0.5015406
2026-03-07 16:55:00+00:00,1,0.48558685
2026-03-07 17:00:00+00:00,1,0.4904919
2026-03-07 17:05:00+00:00,1,0.48453477
2026-03-07 17:10:00+00:00,1,0.48938859
2026-03-07 17:15:00+00:00,1,0.49534944
2026-03-07 17:20:00+00:00,1,0.48794374
2026-03-07 17:25:00+00:00,0,0.4843003
2026-03-07 17:30:00+00:00,0,0.48401123
2026-03-07 17:35:00+00:00,0,0.48568806
2026-03-07 17:40:00+00:00,0,0.4845748
2026-03-07 17:45:00+00:00,0,0.48777992
2026-03-07 17:50:00+00:00,0,0.48508668
2026-03-07 17:55:00+00:00,0,0.4893097
2026-03-07 18:00:00+00:00,0,0.5580111
2026-03-07 18:05:00+00:00,0,0.5244118
2026-03-07 18:10:00+00:00,1,0.5256123
2026-03-07 18:15:00+00:00,1,0.5513139
2026-03-07 18:20:00+00:00,0,0.5557806
2026-03-07 18:25:00+00:00,0,0.5348116
2026-03-07 18:30:00+00:00,0,0.5544875
2026-03-07 18:35:00+00:00,0,0.5524469
2026-03-07 18:40:00+00:00,0,0.5191468
2026-03-07 18:45:00+00:00,0,0.5481173
2026-03-07 18:50:00+00:00,0,0.55447507
2026-03-07 18:55:00+00:00,0,0.5550325
2026-03-07 19:00:00+00:00,0,0.5259215
2026-03-07 19:05:00+00:00,0,0.5350093
2026-03-07 19:10:00+00:00,0,0.53347504
2026-03-07 19:15:00+00:00,0,0.5321625
2026-03-07 19:20:00+00:00,0,0.5311479
2026-03-07 19:25:00+00:00,0,0.52899694
2026-03-07 19:30:00+00:00,0,0.53019613
2026-03-07 19:35:00+00:00,0,0.5225059
2026-03-07 19:40:00+00:00,0,0.518841
2026-03-07 19:45:00+00:00,1,0.5290602
2026-03-07 19:50:00+00:00,1,0.52924436
2026-03-07 19:55:00+00:00,1,0.531979
2026-03-07 20:00:00+00:00,1,0.52975553
2026-03-07 20:05:00+00:00,1,0.5240589
2026-03-07 20:10:00+00:00,0,0.5203962
2026-03-07 20:15:00+00:00,1,0.5098621
2026-03-07 20:20:00+00:00,1,0.52163905
2026-03-07 20:25:00+00:00,1,0.52086926
2026-03-07 20:30:00+00:00,1,0.52332664
2026-03-07 20:35:00+00:00,1,0.520747
2026-03-07 20:40:00+00:00,0,0.52109206
2026-03-07 20:45:00+00:00,0,0.52181715
2026-03-07 20:50:00+00:00,1,0.5185899
2026-03-07 20:55:00+00:00,1,0.51101696
2026-03-07 21:00:00+00:00,1,0.50605524
2026-03-07 21:05:00+00:00,0,0.49559644
2026-03-07 21:10:00+00:00,0,0.51331764
2026-03-07 21:15:00+00:00,0,0.5190083
2026-03-07 21:20:00+00:00,0,0.50637025
2026-03-07 21:25:00+00:00,0,0.4922915
2026-03-07 21:30:00+00:00,1,0.5085982
2026-03-07 21:35:00+00:00,0,0.5153109
2026-03-07 21:40:00+00:00,0,0.5087553
2026-03-07 21:45:00+00:00,0,0.5120227
2026-03-07 21:50:00+00:00,0,0.5313889
2026-03-07 21:55:00+00:00,0,0.5014527
2026-03-07 22:00:00+00:00,0,0.498217
2026-03-07 22:05:00+00:00,0,0.5157848
2026-03-07 22:10:00+00:00,0,0.52046645
2026-03-07 22:15:00+00:00,0,0.51835984
2026-03-07 22:20:00+00:00,0,0.5552518
2026-03-07 22:25:00+00:00,0,0.558852
2026-03-07 22:30:00+00:00,1,0.5552518
2026-03-07 22:35:00+00:00,1,0.5552518
2026-03-07 22:40:00+00:00,1,0.5552518
2026-03-07 22:45:00+00:00,1,0.5511946
2026-03-07 22:50:00+00:00,1,0.5571031
2026-03-07 22:55:00+00:00,1,0.54792035
2026-03-07 23:00:00+00:00,1,0.5207966
2026-03-07 23:05:00+00:00,1,0.52198285
2026-03-07 23:10:00+00:00,1,0.5210818
2026-03-07 23:15:00+00:00,1,0.513655
2026-03-07 23:20:00+00:00,0,0.51263905
2026-03-07 23:25:00+00:00,0,0.51502544
2026-03-07 23:30:00+00:00,0,0.5176429
2026-03-07 23:35:00+00:00,1,0.51883745
2026-03-07 23:40:00+00:00,0,0.5126359
2026-03-07 23:45:00+00:00,0,0.5134458
2026-03-07 23:50:00+00:00,0,0.5020511
2026-03-07 23:55:00+00:00,0,0.51898384
2026-03-08 00:00:00+00:00,0,0.5087277
2026-03-08 00:05:00+00:00,0,0.5125809
2026-03-08 00:10:00+00:00,0,0.51460534
2026-03-08 00:15:00+00:00,0,0.5177514
2026-03-08 00:20:00+00:00,0,0.5212811
2026-03-08 00:25:00+00:00,0,0.5222347
2026-03-08 00:30:00+00:00,0,0.52127504
2026-03-08 00:35:00+00:00,1,0.52313554
2026-03-08 00:40:00+00:00,1,0.526937
2026-03-08 00:45:00+00:00,1,0.5292681
2026-03-08 00:50:00+00:00,1,0.51972026
2026-03-08 00:55:00+00:00,1,0.51933604
2026-03-08 01:00:00+00:00,0,0.5181317
2026-03-08 01:05:00+00:00,0,0.5123929
2026-03-08 01:10:00+00:00,1,0.5143503
2026-03-08 01:15:00+00:00,1,0.51368946
2026-03-08 01:20:00+00:00,1,0.51313645
2026-03-08 01:25:00+00:00,1,0.5141227
2026-03-08 01:30:00+00:00,1,0.5250387
2026-03-08 01:35:00+00:00,1,0.520389
2026-03-08 01:40:00+00:00,0,0.5104323
2026-03-08 01:45:00+00:00,0,0.5116346
2026-03-08 01:50:00+00:00,0,0.48869807
2026-03-08 01:55:00+00:00,0,0.5088287
2026-03-08 02:00:00+00:00,0,0.5016161
2026-03-08 02:05:00+00:00,0,0.5140348
2026-03-08 02:10:00+00:00,1,0.50572836
2026-03-08 02:15:00+00:00,0,0.50897074
2026-03-08 02:20:00+00:00,0,0.51658326
2026-03-08 02:25:00+00:00,0,0.5517207
2026-03-08 02:30:00+00:00,0,0.5461655
2026-03-08 02:35:00+00:00,0,0.5269999
2026-03-08 02:40:00+00:00,0,0.49914625
2026-03-08 02:45:00+00:00,1,0.55717003
2026-03-08 02:50:00+00:00,1,0.55717003
2026-03-08 02:55:00+00:00,1,0.55717003
2026-03-08 03:00:00+00:00,1,0.55377626
2026-03-08 03:05:00+00:00,1,0.55597943
2026-03-08 03:10:00+00:00,0,0.5480253
2026-03-08 03:15:00+00:00,0,0.5384067
2026-03-08 03:20:00+00:00,0,0.5217401
2026-03-08 03:25:00+00:00,0,0.522641
2026-03-08 03:30:00+00:00,0,0.5200982
2026-03-08 03:35:00+00:00,0,0.5093699
2026-03-08 03:40:00+00:00,0,0.52508974
2026-03-08 03:45:00+00:00,1,0.5260095
2026-03-08 03:50:00+00:00,1,0.5176761
2026-03-08 03:55:00+00:00,0,0.51613873
2026-03-08 04:00:00+00:00,0,0.5113028
2026-03-08 04:05:00+00:00,0,0.51246315
2026-03-08 04:10:00+00:00,0,0.5427477
2026-03-08 04:15:00+00:00,0,0.5270216
2026-03-08 04:20:00+00:00,0,0.548357
2026-03-08 04:25:00+00:00,0,0.55075204
2026-03-08 04:30:00+00:00,0,0.554329
2026-03-08 04:35:00+00:00,1,0.5534367
2026-03-08 04:40:00+00:00,1,0.54356706
2026-03-08 04:45:00+00:00,1,0.54356706
2026-03-08 04:50:00+00:00,1,0.5534367
2026-03-08 04:55:00+00:00,1,0.5534367
2026-03-08 05:00:00+00:00,1,0.5505316
2026-03-08 05:05:00+00:00,1,0.5446422
2026-03-08 05:10:00+00:00,1,0.54193187
2026-03-08 05:15:00+00:00,1,0.5277942
2026-03-08 05:20:00+00:00,0,0.490215
2026-03-08 05:25:00+00:00,0,0.49218506
2026-03-08 05:30:00+00:00,0,0.49871454
2026-03-08 05:35:00+00:00,0,0.49966145
2026-03-08 05:40:00+00:00,0,0.50932115
2026-03-08 05:45:00+00:00,0,0.4945649
2026-03-08 05:50:00+00:00,0,0.49360362
2026-03-08 05:55:00+00:00,0,0.50094277
2026-03-08 06:00:00+00:00,0,0.49919057
2026-03-08 06:05:00+00:00,0,0.5281361
2026-03-08 06:10:00+00:00,1,0.5491867
2026-03-08 06:15:00+00:00,1,0.54684037
2026-03-08 06:20:00+00:00,1,0.54684037
2026-03-08 06:25:00+00:00,1,0.54078776
2026-03-08 06:30:00+00:00,1,0.54601794
2026-03-08 06:35:00+00:00,1,0.53124785
2026-03-08 06:40:00+00:00,1,0.5242921
2026-03-08 06:45:00+00:00,1,0.5396565
2026-03-08 06:50:00+00:00,1,0.52091396
2026-03-08 06:55:00+00:00,1,0.5348019
2026-03-08 07:00:00+00:00,1,0.4935683
2026-03-08 07:05:00+00:00,0,0.4716184
2026-03-08 07:10:00+00:00,0,0.4758577
2026-03-08 07:15:00+00:00,0,0.48227027
2026-03-08 07:20:00+00:00,0,0.4792212
2026-03-08 07:25:00+00:00,0,0.48319498
2026-03-08 07:30:00+00:00,0,0.48777318
2026-03-08 07:35:00+00:00,0,0.48362237
2026-03-08 07:40:00+00:00,0,0.48371017
2026-03-08 07:45:00+00:00,0,0.49370995
2026-03-08 07:50:00+00:00,0,0.4981858
2026-03-08 07:55:00+00:00,0,0.48881984
2026-03-08 08:00:00+00:00,0,0.48594162
2026-03-08 08:05:00+00:00,0,0.48591685
2026-03-08 08:10:00+00:00,1,0.5029889
2026-03-08 08:15:00+00:00,1,0.5087554
2026-03-08 08:20:00+00:00,1,0.5096578
2026-03-08 08:25:00+00:00,1,0.504853
2026-03-08 08:30:00+00:00,1,0.5000747
2026-03-08 08:35:00+00:00,1,0.49323052
2026-03-08 08:40:00+00:00,1,0.47596213
2026-03-08 08:45:00+00:00,1,0.49953237
2026-03-08 08:50:00+00:00,1,0.49484813
2026-03-08 08:55:00+00:00,1,0.50094575
2026-03-08 09:00:00+00:00,1,0.5050388
2026-03-08 09:05:00+00:00,1,0.50650597
2026-03-08 09:10:00+00:00,1,0.48121008
2026-03-08 09:15:00+00:00,1,0.4709954
2026-03-08 09:20:00+00:00,1,0.47078896
2026-03-08 09:25:00+00:00,0,0.4712481
2026-03-08 09:30:00+00:00,1,0.48288742
2026-03-08 09:35:00+00:00,1,0.48013964
2026-03-08 09:40:00+00:00,1,0.4809943
2026-03-08 09:45:00+00:00,1,0.48107398
2026-03-08 09:50:00+00:00,1,0.49299374
2026-03-08 09:55:00+00:00,1,0.49006185
2026-03-08 10:00:00+00:00,1,0.48931712
2026-03-08 10:05:00+00:00,1,0.4873712
2026-03-08 10:10:00+00:00,1,0.48795873
2026-03-08 10:15:00+00:00,1,0.48704892
2026-03-08 10:20:00+00:00,0,0.47421622
2026-03-08 10:25:00+00:00,0,0.4836865
2026-03-08 10:30:00+00:00,0,0.47626165
2026-03-08 10:35:00+00:00,0,0.47626165
2026-03-08 10:40:00+00:00,0,0.47466633
2026-03-08 10:45:00+00:00,0,0.49122655
2026-03-08 10:50:00+00:00,0,0.48062474
2026-03-08 10:55:00+00:00,0,0.47725266
2026-03-08 11:00:00+00:00,0,0.48806718
2026-03-08 11:05:00+00:00,1,0.4975894
2026-03-08 11:10:00+00:00,0,0.5000477
2026-03-08 11:15:00+00:00,1,0.4985526
2026-03-08 11:20:00+00:00,0,0.48322988
2026-03-08 11:25:00+00:00,0,0.49477527
2026-03-08 11:30:00+00:00,1,0.49699548
2026-03-08 11:35:00+00:00,0,0.49668387
2026-03-08 11:40:00+00:00,0,0.50774866
2026-03-08 11:45:00+00:00,0,0.50133145
2026-03-08 11:50:00+00:00,0,0.4968851
2026-03-08 11:55:00+00:00,1,0.49943292
2026-03-08 12:00:00+00:00,0,0.50494826
2026-03-08 12:05:00+00:00,1,0.50822544
2026-03-08 12:10:00+00:00,1,0.50998956
2026-03-08 12:15:00+00:00,1,0.50822544
2026-03-08 12:20:00+00:00,1,0.505355
2026-03-08 12:25:00+00:00,0,0.5019856
2026-03-08 12:30:00+00:00,0,0.5099816
2026-03-08 12:35:00+00:00,0,0.49008542
2026-03-08 12:40:00+00:00,0,0.50802416
2026-03-08 12:45:00+00:00,0,0.49797133
2026-03-08 12:50:00+00:00,0,0.50041413
2026-03-08 12:55:00+00:00,0,0.5070578
2026-03-08 13:00:00+00:00,0,0.5151671
2026-03-08 13:05:00+00:00,0,0.5152365
2026-03-08 13:10:00+00:00,0,0.51383716
2026-03-08 13:15:00+00:00,0,0.511457
2026-03-08 13:20:00+00:00,0,0.5113876
2026-03-08 13:25:00+00:00,0,0.51048523
2026-03-08 13:30:00+00:00,1,0.50822544
2026-03-08 13:35:00+00:00,1,0.5082407
2026-03-08 13:40:00+00:00,1,0.51449484
2026-03-08 13:45:00+00:00,1,0.5067602
2026-03-08 13:50:00+00:00,1,0.49403363
2026-03-08 13:55:00+00:00,0,0.50568074
2026-03-08 14:00:00+00:00,0,0.50511956
2026-03-08 14:05:00+00:00,0,0.5053943
2026-03-08 14:10:00+00:00,0,0.50639427
2026-03-08 14:15:00+00:00,0,0.51051307
2026-03-08 14:20:00+00:00,0,0.51051307
2026-03-08 14:25:00+00:00,0,0.54406047
2026-03-08 14:30:00+00:00,0,0.53850156
2026-03-08 14:35:00+00:00,0,0.5355258
2026-03-08 14:40:00+00:00,0,0.54507107
2026-03-08 14:45:00+00:00,1,0.5459663
2026-03-08 14:50:00+00:00,0,0.5374091
2026-03-08 14:55:00+00:00,0,0.5374091
2026-03-08 15:00:00+00:00,0,0.54529345
2026-03-08 15:05:00+00:00,0,0.54706776
2026-03-08 15:10:00+00:00,0,0.5385414
2026-03-08 15:15:00+00:00,0,0.5385414
2026-03-08 15:20:00+00:00,0,0.54529345
2026-03-08 15:25:00+00:00,1,0.5466003
2026-03-08 15:30:00+00:00,1,0.54687244
2026-03-08 15:35:00+00:00,1,0.5440566
2026-03-08 15:40:00+00:00,1,0.54542714
2026-03-08 15:45:00+00:00,1,0.54529345
2026-03-08 15:50:00+00:00,1,0.52819085
2026-03-08 15:55:00+00:00,0,0.533846
2026-03-08 16:00:00+00:00,0,0.5400507
2026-03-08 16:05:00+00:00,0,0.5358779
2026-03-08 16:10:00+00:00,1,0.5412456
2026-03-08 16:15:00+00:00,0,0.5310088
2026-03-08 16:20:00+00:00,0,0.53568697
2026-03-08 16:25:00+00:00,1,0.53707904
2026-03-08 16:30:00+00:00,1,0.54529345
2026-03-08 16:35:00+00:00,1,0.5374565
2026-03-08 16:40:00+00:00,1,0.5223854
2026-03-08 16:45:00+00:00,1,0.53910446
2026-03-08 16:50:00+00:00,1,0.5380893
2026-03-08 16:55:00+00:00,1,0.5273879
2026-03-08 17:00:00+00:00,0,0.49799109
2026-03-08 17:05:00+00:00,0,0.49529
2026-03-08 17:10:00+00:00,0,0.4852115
2026-03-08 17:15:00+00:00,0,0.47868773
2026-03-08 17:20:00+00:00,0,0.4990953
2026-03-08 17:25:00+00:00,0,0.5110464
2026-03-08 17:30:00+00:00,1,0.52532125
2026-03-08 17:35:00+00:00,0,0.5188886
2026-03-08 17:40:00+00:00,0,0.5211585
2026-03-08 17:45:00+00:00,0,0.52256155
2026-03-08 17:50:00+00:00,0,0.529121
2026-03-08 17:55:00+00:00,0,0.5128551
2026-03-08 18:00:00+00:00,0,0.5278344
2026-03-08 18:05:00+00:00,1,0.5568786
2026-03-08 18:10:00+00:00,0,0.5358922
2026-03-08 18:15:00+00:00,1,0.55814916
2026-03-08 18:20:00+00:00,1,0.5594621
2026-03-08 18:25:00+00:00,1,0.54580754
2026-03-08 18:30:00+00:00,1,0.5178134
2026-03-08 18:35:00+00:00,1,0.51842374
2026-03-08 18:40:00+00:00,1,0.5222307
2026-03-08 18:45:00+00:00,1,0.5473572
2026-03-08 18:50:00+00:00,1,0.5218335
2026-03-08 18:55:00+00:00,1,0.50787425
2026-03-08 19:00:00+00:00,1,0.5005971
2026-03-08 19:05:00+00:00,1,0.4781035
2026-03-08 19:10:00+00:00,1,0.47224012
2026-03-08 19:15:00+00:00,1,0.47664982
2026-03-08 19:20:00+00:00,0,0.47751868
2026-03-08 19:25:00+00:00,0,0.48784932
2026-03-08 19:30:00+00:00,0,0.47853228
2026-03-08 19:35:00+00:00,0,0.47950292
2026-03-08 19:40:00+00:00,0,0.47484457
2026-03-08 19:45:00+00:00,0,0.4885931
2026-03-08 19:50:00+00:00,0,0.49586573
2026-03-08 19:55:00+00:00,0,0.49186945
2026-03-08 20:00:00+00:00,1,0.4990624
2026-03-08 20:05:00+00:00,1,0.50452924
2026-03-08 20:10:00+00:00,1,0.51095164
2026-03-08 20:15:00+00:00,1,0.49075323
2026-03-08 20:20:00+00:00,1,0.5113452
2026-03-08 20:25:00+00:00,1,0.5198722
2026-03-08 20:30:00+00:00,0,0.475445
2026-03-08 20:35:00+00:00,0,0.48418584
2026-03-08 20:40:00+00:00,0,0.48723704
2026-03-08 20:45:00+00:00,0,0.48819262
2026-03-08 20:50:00+00:00,0,0.49725217
2026-03-08 20:55:00+00:00,0,0.5014125
2026-03-08 21:00:00+00:00,0,0.5095267
2026-03-08 21:05:00+00:00,1,0.5318091
2026-03-08 21:10:00+00:00,1,0.5318091
2026-03-08 21:15:00+00:00,1,0.52972865
2026-03-08 21:20:00+00:00,1,0.5342171
2026-03-08 21:25:00+00:00,1,0.5342171
2026-03-08 21:30:00+00:00,0,0.521809
2026-03-08 21:35:00+00:00,0,0.51970726
2026-03-08 21:40:00+00:00,0,0.5173006
2026-03-08 21:45:00+00:00,0,0.52096564
2026-03-08 21:50:00+00:00,0,0.5197908
2026-03-08 21:55:00+00:00,0,0.5133048
2026-03-08 22:00:00+00:00,1,0.57412285
2026-03-08 22:05:00+00:00,1,0.56044513
2026-03-08 22:10:00+00:00,1,0.53051144
2026-03-08 22:15:00+00:00,1,0.57412285
2026-03-08 22:20:00+00:00,1,0.57412285
2026-03-08 22:25:00+00:00,1,0.5308465
2026-03-08 22:30:00+00:00,1,0.5371934
2026-03-08 22:35:00+00:00,1,0.5350264
2026-03-08 22:40:00+00:00,1,0.5252039
2026-03-08 22:45:00+00:00,0,0.5335872
2026-03-08 22:50:00+00:00,0,0.5307255
2026-03-08 22:55:00+00:00,1,0.5181169
2026-03-08 23:00:00+00:00,0,0.5203771
2026-03-08 23:05:00+00:00,0,0.543871
2026-03-08 23:10:00+00:00,0,0.54276365
2026-03-08 23:15:00+00:00,0,0.53035223
2026-03-08 23:20:00+00:00,0,0.514048
2026-03-08 23:25:00+00:00,0,0.50708264
2026-03-08 23:30:00+00:00,0,0.49029046
2026-03-08 23:35:00+00:00,1,0.52531236
2026-03-08 23:40:00+00:00,1,0.5189922
2026-03-08 23:45:00+00:00,1,0.5188398
2026-03-08 23:50:00+00:00,1,0.51840293
2026-03-08 23:55:00+00:00,1,0.5155935
2026-03-09 00:00:00+00:00,1,0.4879677
2026-03-09 00:05:00+00:00,1,0.48254868
2026-03-09 00:10:00+00:00,1,0.48254868
2026-03-09 00:15:00+00:00,1,0.49789137
2026-03-09 00:20:00+00:00,1,0.53174144
2026-03-09 00:25:00+00:00,1,0.49390048
2026-03-09 00:30:00+00:00,0,0.48102474
2026-03-09 00:35:00+00:00,0,0.48562834
2026-03-09 00:40:00+00:00,0,0.4847219
2026-03-09 00:45:00+00:00,0,0.49919936
2026-03-09 00:50:00+00:00,1,0.5019775
2026-03-09 00:55:00+00:00,0,0.5044368
2026-03-09 01:00:00+00:00,1,0.51508564
2026-03-09 01:05:00+00:00,1,0.5204998
2026-03-09 01:10:00+00:00,1,0.5195985
2026-03-09 01:15:00+00:00,1,0.5055769
2026-03-09 01:20:00+00:00,0,0.48969382
2026-03-09 01:25:00+00:00,0,0.49075007
2026-03-09 01:30:00+00:00,0,0.47724697
2026-03-09 01:35:00+00:00,0,0.48164418
2026-03-09 01:40:00+00:00,0,0.4768371
2026-03-09 01:45:00+00:00,0,0.49104822
2026-03-09 01:50:00+00:00,0,0.49946162
2026-03-09 01:55:00+00:00,0,0.5279223
2026-03-09 02:00:00+00:00,1,0.5203303
2026-03-09 02:05:00+00:00,1,0.5247042
2026-03-09 02:10:00+00:00,1,0.530954
2026-03-09 02:15:00+00:00,1,0.53575236
2026-03-09 02:20:00+00:00,1,0.52483714
2026-03-09 02:25:00+00:00,1,0.5257376
2026-03-09 02:30:00+00:00,1,0.51811486
2026-03-09 02:35:00+00:00,1,0.4802872
2026-03-09 02:40:00+00:00,1,0.47682333
2026-03-09 02:45:00+00:00,1,0.49042645
2026-03-09 02:50:00+00:00,1,0.49082527
2026-03-09 02:55:00+00:00,1,0.50265396
2026-03-09 03:00:00+00:00,1,0.47595587
2026-03-09 03:05:00+00:00,0,0.47595587
2026-03-09 03:10:00+00:00,0,0.49236086
2026-03-09 03:15:00+00:00,0,0.49597585
2026-03-09 03:20:00+00:00,0,0.48324892
2026-03-09 03:25:00+00:00,0,0.47807685
2026-03-09 03:30:00+00:00,0,0.4743019
2026-03-09 03:35:00+00:00,0,0.49250078
2026-03-09 03:40:00+00:00,1,0.48982394
2026-03-09 03:45:00+00:00,1,0.48408866
2026-03-09 03:50:00+00:00,1,0.48998192
2026-03-09 03:55:00+00:00,1,0.4898892
2026-03-09 04:00:00+00:00,1,0.48509932
2026-03-09 04:05:00+00:00,1,0.47962683
2026-03-09 04:10:00+00:00,1,0.47061706
2026-03-09 04:15:00+00:00,1,0.470329
2026-03-09 04:20:00+00:00,0,0.47037694
2026-03-09 04:25:00+00:00,0,0.47949338
2026-03-09 04:30:00+00:00,0,0.47785565
2026-03-09 04:35:00+00:00,0,0.47290945
2026-03-09 04:40:00+00:00,0,0.47778714
2026-03-09 04:45:00+00:00,0,0.4836013
2026-03-09 04:50:00+00:00,0,0.49678412
2026-03-09 04:55:00+00:00,1,0.51785177
2026-03-09 05:00:00+00:00,1,0.5111008
2026-03-09 05:05:00+00:00,1,0.51892626
2026-03-09 05:10:00+00:00,1,0.5216667
2026-03-09 05:15:00+00:00,1,0.51313436
2026-03-09 05:20:00+00:00,1,0.49003682
2026-03-09 05:25:00+00:00,1,0.48209038
2026-03-09 05:30:00+00:00,1,0.4709133
2026-03-09 05:35:00+00:00,1,0.47063947
2026-03-09 05:40:00+00:00,0,0.4822727
2026-03-09 05:45:00+00:00,0,0.49726322
2026-03-09 05:50:00+00:00,0,0.48075438
2026-03-09 05:55:00+00:00,0,0.47361258
2026-03-09 06:00:00+00:00,0,0.48797327
2026-03-09 06:05:00+00:00,0,0.49033356
2026-03-09 06:10:00+00:00,0,0.4957369
2026-03-09 06:15:00+00:00,0,0.4913028
2026-03-09 06:20:00+00:00,0,0.47917652
2026-03-09 06:25:00+00:00,0,0.4912174
2026-03-09 06:30:00+00:00,0,0.49426988
2026-03-09 06:35:00+00:00,0,0.49221224
2026-03-09 06:40:00+00:00,0,0.50247115
2026-03-09 06:45:00+00:00,0,0.4968648
2026-03-09 06:50:00+00:00,0,0.49644348
2026-03-09 06:55:00+00:00,0,0.50221974
2026-03-09 07:00:00+00:00,0,0.49903876
2026-03-09 07:05:00+00:00,0,0.4942764
2026-03-09 07:10:00+00:00,1,0.503825
2026-03-09 07:15:00+00:00,1,0.50908285
2026-03-09 07:20:00+00:00,1,0.51294756
2026-03-09 07:25:00+00:00,1,0.51294756
2026-03-09 07:30:00+00:00,1,0.51038414
2026-03-09 07:35:00+00:00,1,0.506479
2026-03-09 07:40:00+00:00,1,0.4913371
2026-03-09 07:45:00+00:00,1,0.49534622
2026-03-09 07:50:00+00:00,1,0.4967545
2026-03-09 07:55:00+00:00,1,0.49647975
2026-03-09 08:00:00+00:00,1,0.49203947
2026-03-09 08:05:00+00:00,1,0.48991588
2026-03-09 08:10:00+00:00,1,0.49340278
2026-03-09 08:15:00+00:00,1,0.49306074
2026-03-09 08:20:00+00:00,0,0.47675154
2026-03-09 08:25:00+00:00,0,0.47882816
2026-03-09 08:30:00+00:00,0,0.4745742
2026-03-09 08:35:00+00:00,0,0.48766232
2026-03-09 08:40:00+00:00,0,0.482315
2026-03-09 08:45:00+00:00,0,0.4834868
2026-03-09 08:50:00+00:00,0,0.4834868
2026-03-09 08:55:00+00:00,0,0.49140018
2026-03-09 09:00:00+00:00,1,0.49538863
2026-03-09 09:05:00+00:00,1,0.49942917
2026-03-09 09:10:00+00:00,1,0.49615443
2026-03-09 09:15:00+00:00,1,0.4914402
2026-03-09 09:20:00+00:00,1,0.48150074
2026-03-09 09:25:00+00:00,0,0.48574117
2026-03-09 09:30:00+00:00,0,0.4703878
2026-03-09 09:35:00+00:00,0,0.47125554
2026-03-09 09:40:00+00:00,0,0.47589538
2026-03-09 09:45:00+00:00,0,0.47905448
2026-03-09 09:50:00+00:00,0,0.47804296
2026-03-09 09:55:00+00:00,0,0.49720263
2026-03-09 10:00:00+00:00,0,0.50424033
2026-03-09 10:05:00+00:00,0,0.50214136
2026-03-09 10:10:00+00:00,0,0.5075055
2026-03-09 10:15:00+00:00,0,0.5080085
2026-03-09 10:20:00+00:00,0,0.49361095
2026-03-09 10:25:00+00:00,0,0.50885963
2026-03-09 10:30:00+00:00,0,0.507329
2026-03-09 10:35:00+00:00,1,0.5082677
2026-03-09 10:40:00+00:00,1,0.51966363
2026-03-09 10:45:00+00:00,0,0.5099097
2026-03-09 10:50:00+00:00,0,0.5123475
2026-03-09 10:55:00+00:00,0,0.51144534
2026-03-09 11:00:00+00:00,0,0.50086886
2026-03-09 11:05:00+00:00,0,0.4935274
2026-03-09 11:10:00+00:00,0,0.49302804
2026-03-09 11:15:00+00:00,1,0.52188104
2026-03-09 11:20:00+00:00,1,0.52126557
2026-03-09 11:25:00+00:00,1,0.520299
2026-03-09 11:30:00+00:00,1,0.50770724
2026-03-09 11:35:00+00:00,0,0.50355315
2026-03-09 11:40:00+00:00,0,0.48652175
2026-03-09 11:45:00+00:00,1,0.5055325
2026-03-09 11:50:00+00:00,1,0.50436544
2026-03-09 11:55:00+00:00,1,0.508363
2026-03-09 12:00:00+00:00,1,0.508363
2026-03-09 12:05:00+00:00,1,0.5133294
2026-03-09 12:10:00+00:00,1,0.5077107
2026-03-09 12:15:00+00:00,0,0.4925091
2026-03-09 12:20:00+00:00,0,0.48001194
2026-03-09 12:25:00+00:00,0,0.4794047
2026-03-09 12:30:00+00:00,0,0.4832035
2026-03-09 12:35:00+00:00,0,0.470064
2026-03-09 12:40:00+00:00,1,0.48575112
2026-03-09 12:45:00+00:00,0,0.4904636
2026-03-09 12:50:00+00:00,1,0.5022057
2026-03-09 12:55:00+00:00,1,0.48828742
2026-03-09 13:00:00+00:00,1,0.49522212
2026-03-09 13:05:00+00:00,1,0.4925621
2026-03-09 13:10:00+00:00,1,0.4786851
2026-03-09 13:15:00+00:00,1,0.49240935
2026-03-09 13:20:00+00:00,1,0.49815813
2026-03-09 13:25:00+00:00,1,0.46503323
2026-03-09 13:30:00+00:00,0,0.46778396
2026-03-09 13:35:00+00:00,0,0.47485155
2026-03-09 13:40:00+00:00,0,0.46990147
2026-03-09 13:45:00+00:00,1,0.47485155
2026-03-09 13:50:00+00:00,1,0.47510168
2026-03-09 13:55:00+00:00,0,0.47297025
2026-03-09 14:00:00+00:00,0,0.47796538
2026-03-09 14:05:00+00:00,1,0.4895835
2026-03-09 14:10:00+00:00,1,0.4831888
2026-03-09 14:15:00+00:00,0,0.49114436
2026-03-09 14:20:00+00:00,0,0.49660012
2026-03-09 14:25:00+00:00,0,0.5036946
2026-03-09 14:30:00+00:00,0,0.5014274
2026-03-09 14:35:00+00:00,0,0.50655437
2026-03-09 14:40:00+00:00,0,0.5097222
2026-03-09 14:45:00+00:00,0,0.5110758
2026-03-09 14:50:00+00:00,0,0.49400127
2026-03-09 14:55:00+00:00,0,0.5068172
2026-03-09 15:00:00+00:00,0,0.5093097
2026-03-09 15:05:00+00:00,0,0.51453865
2026-03-09 15:10:00+00:00,0,0.5153989
2026-03-09 15:15:00+00:00,0,0.51840186
2026-03-09 15:20:00+00:00,0,0.51675665
2026-03-09 15:25:00+00:00,0,0.5144133
2026-03-09 15:30:00+00:00,1,0.5151459
2026-03-09 15:35:00+00:00,1,0.5163481
2026-03-09 15:40:00+00:00,1,0.5157095
2026-03-09 15:45:00+00:00,1,0.5157095
2026-03-09 15:50:00+00:00,1,0.5084841
2026-03-09 15:55:00+00:00,1,0.4980165
2026-03-09 16:00:00+00:00,0,0.49539948
2026-03-09 16:05:00+00:00,1,0.49553192
2026-03-09 16:10:00+00:00,1,0.49737433
2026-03-09 16:15:00+00:00,0,0.49943653
2026-03-09 16:20:00+00:00,0,0.4930183
2026-03-09 16:25:00+00:00,0,0.49291083
2026-03-09 16:30:00+00:00,1,0.5145291
2026-03-09 16:35:00+00:00,1,0.5079559
2026-03-09 16:40:00+00:00,1,0.50578463
2026-03-09 16:45:00+00:00,1,0.50291884
2026-03-09 16:50:00+00:00,1,0.5028052
2026-03-09 16:55:00+00:00,0,0.49352962
2026-03-09 17:00:00+00:00,1,0.48777136
2026-03-09 17:05:00+00:00,0,0.48748383
2026-03-09 17:10:00+00:00,0,0.46561018
2026-03-09 17:15:00+00:00,0,0.48021364
2026-03-09 17:20:00+00:00,0,0.4897534
2026-03-09 17:25:00+00:00,0,0.49788398
2026-03-09 17:30:00+00:00,0,0.48680633
2026-03-09 17:35:00+00:00,0,0.5080159
2026-03-09 17:40:00+00:00,0,0.50995106
2026-03-09 17:45:00+00:00,1,0.50910074
2026-03-09 17:50:00+00:00,0,0.49949804
2026-03-09 17:55:00+00:00,1,0.5110231
2026-03-09 18:00:00+00:00,1,0.5311687
2026-03-09 18:05:00+00:00,1,0.5302693
2026-03-09 18:10:00+00:00,1,0.5240367
2026-03-09 18:15:00+00:00,0,0.50137216
2026-03-09 18:20:00+00:00,0,0.5185633
2026-03-09 18:25:00+00:00,0,0.50982696
2026-03-09 18:30:00+00:00,0,0.48761564
2026-03-09 18:35:00+00:00,0,0.5094883
2026-03-09 18:40:00+00:00,0,0.52621514
2026-03-09 18:45:00+00:00,1,0.525861
2026-03-09 18:50:00+00:00,1,0.521343
2026-03-09 18:55:00+00:00,1,0.5285731
2026-03-09 19:00:00+00:00,1,0.5194155
2026-03-09 19:05:00+00:00,1,0.5262663
2026-03-09 19:10:00+00:00,1,0.5319052
2026-03-09 19:15:00+00:00,1,0.47631654
2026-03-09 19:20:00+00:00,0,0.47535226
2026-03-09 19:25:00+00:00,0,0.48512113
2026-03-09 19:30:00+00:00,0,0.48072523
2026-03-09 19:35:00+00:00,0,0.4849773
2026-03-09 19:40:00+00:00,0,0.4849773
2026-03-09 19:45:00+00:00,0,0.47896945
2026-03-09 19:50:00+00:00,0,0.49012437
2026-03-09 19:55:00+00:00,0,0.48570105
2026-03-09 20:00:00+00:00,0,0.49859965
2026-03-09 20:05:00+00:00,0,0.49853107
2026-03-09 20:10:00+00:00,0,0.48487574
2026-03-09 20:15:00+00:00,0,0.48520735
2026-03-09 20:20:00+00:00,0,0.50644714
2026-03-09 20:25:00+00:00,0,0.47953165
2026-03-09 20:30:00+00:00,1,0.52184284
2026-03-09 20:35:00+00:00,1,0.52228165
2026-03-09 20:40:00+00:00,1,0.52440214
2026-03-09 20:45:00+00:00,1,0.52378476
2026-03-09 20:50:00+00:00,1,0.5253419
2026-03-09 20:55:00+00:00,0,0.5083117
2026-03-09 21:00:00+00:00,0,0.49177572
2026-03-09 21:05:00+00:00,0,0.4769132
2026-03-09 21:10:00+00:00,0,0.4804089
2026-03-09 21:15:00+00:00,0,0.51359105
2026-03-09 21:20:00+00:00,0,0.52753437
2026-03-09 21:25:00+00:00,0,0.5226553
2026-03-09 21:30:00+00:00,0,0.52600765
2026-03-09 21:35:00+00:00,0,0.53040916
2026-03-09 21:40:00+00:00,0,0.51998013
2026-03-09 21:45:00+00:00,0,0.51410896
2026-03-09 21:50:00+00:00,0,0.51938146
2026-03-09 21:55:00+00:00,0,0.51487607
2026-03-09 22:00:00+00:00,0,0.52186054
2026-03-09 22:05:00+00:00,0,0.5240065
2026-03-09 22:10:00+00:00,0,0.51790535
2026-03-09 22:15:00+00:00,0,0.5228048
2026-03-09 22:20:00+00:00,0,0.5213719
2026-03-09 22:25:00+00:00,0,0.51286995
2026-03-09 22:30:00+00:00,0,0.51842076
2026-03-09 22:35:00+00:00,0,0.5253247
2026-03-09 22:40:00+00:00,0,0.5228048
2026-03-09 22:45:00+00:00,0,0.52065927
2026-03-09 22:50:00+00:00,1,0.529664
2026-03-09 22:55:00+00:00,0,0.5253636
2026-03-09 23:00:00+00:00,1,0.5152261
2026-03-09 23:05:00+00:00,0,0.52297306
2026-03-09 23:10:00+00:00,0,0.5172679
2026-03-09 23:15:00+00:00,0,0.50676906
2026-03-09 23:20:00+00:00,0,0.5179224
2026-03-09 23:25:00+00:00,0,0.5179224
2026-03-09 23:30:00+00:00,0,0.5181223
2026-03-09 23:35:00+00:00,0,0.522803
2026-03-09 23:40:00+00:00,0,0.5100354
2026-03-09 23:45:00+00:00,1,0.52068675
2026-03-09 23:50:00+00:00,1,0.5216404
2026-03-09 23:55:00+00:00,1,0.52375615
2026-03-10 00:00:00+00:00,1,0.5157196
2026-03-10 00:05:00+00:00,1,0.5139451
2026-03-10 00:10:00+00:00,1,0.5142885
2026-03-10 00:15:00+00:00,1,0.5041607
2026-03-10 00:20:00+00:00,1,0.51234645
2026-03-10 00:25:00+00:00,1,0.48508972
2026-03-10 00:30:00+00:00,0,0.4845528
2026-03-10 00:35:00+00:00,0,0.47677088
2026-03-10 00:40:00+00:00,0,0.47859487
2026-03-10 00:45:00+00:00,0,0.47714326
2026-03-10 00:50:00+00:00,0,0.4848207
2026-03-10 00:55:00+00:00,0,0.49306294
2026-03-10 01:00:00+00:00,0,0.49748003
2026-03-10 01:05:00+00:00,0,0.49663946
2026-03-10 01:10:00+00:00,0,0.4928287
2026-03-10 01:15:00+00:00,0,0.49189788
2026-03-10 01:20:00+00:00,1,0.49073836
2026-03-10 01:25:00+00:00,1,0.5003014
2026-03-10 01:30:00+00:00,1,0.50450987
2026-03-10 01:35:00+00:00,1,0.5163252
2026-03-10 01:40:00+00:00,1,0.5130902
2026-03-10 01:45:00+00:00,1,0.5093917
2026-03-10 01:50:00+00:00,0,0.48788235
2026-03-10 01:55:00+00:00,1,0.48770046
2026-03-10 02:00:00+00:00,1,0.49590042
2026-03-10 02:05:00+00:00,1,0.49735475
2026-03-10 02:10:00+00:00,1,0.4887298
2026-03-10 02:15:00+00:00,1,0.4899798
2026-03-10 02:20:00+00:00,1,0.50182706
2026-03-10 02:25:00+00:00,1,0.48687044
2026-03-10 02:30:00+00:00,1,0.47152066
2026-03-10 02:35:00+00:00,0,0.48032367
2026-03-10 02:40:00+00:00,0,0.48207948
2026-03-10 02:45:00+00:00,0,0.48667023
2026-03-10 02:50:00+00:00,0,0.48569593
2026-03-10 02:55:00+00:00,0,0.47851875
2026-03-10 03:00:00+00:00,0,0.48882452
2026-03-10 03:05:00+00:00,0,0.4847464
2026-03-10 03:10:00+00:00,0,0.48809782
2026-03-10 03:15:00+00:00,0,0.48372605
2026-03-10 03:20:00+00:00,0,0.494628
2026-03-10 03:25:00+00:00,0,0.49151644
2026-03-10 03:30:00+00:00,0,0.49107277
2026-03-10 03:35:00+00:00,0,0.49810055
2026-03-10 03:40:00+00:00,0,0.4949423
2026-03-10 03:45:00+00:00,1,0.5131383
2026-03-10 03:50:00+00:00,1,0.5137892
2026-03-10 03:55:00+00:00,1,0.5135148
2026-03-10 04:00:00+00:00,1,0.51943314
2026-03-10 04:05:00+00:00,1,0.5097988
2026-03-10 04:10:00+00:00,1,0.5169665
2026-03-10 04:15:00+00:00,1,0.5177389
2026-03-10 04:20:00+00:00,1,0.5169665
2026-03-10 04:25:00+00:00,1,0.5047873
2026-03-10 04:30:00+00:00,1,0.5036538
2026-03-10 04:35:00+00:00,0,0.49842125
2026-03-10 04:40:00+00:00,0,0.48286983
2026-03-10 04:45:00+00:00,1,0.5096138
2026-03-10 04:50:00+00:00,1,0.51701325
2026-03-10 04:55:00+00:00,0,0.51545274
2026-03-10 05:00:00+00:00,0,0.50124246
2026-03-10 05:05:00+00:00,0,0.5021484
2026-03-10 05:10:00+00:00,0,0.49745503
2026-03-10 05:15:00+00:00,0,0.48492596
2026-03-10 05:20:00+00:00,0,0.49872753
2026-03-10 05:25:00+00:00,0,0.51087415
2026-03-10 05:30:00+00:00,0,0.50263697
2026-03-10 05:35:00+00:00,0,0.5106261
2026-03-10 05:40:00+00:00,0,0.49605554
2026-03-10 05:45:00+00:00,0,0.51034445
2026-03-10 05:50:00+00:00,0,0.49254438
2026-03-10 05:55:00+00:00,0,0.5106226
2026-03-10 06:00:00+00:00,1,0.5243335
2026-03-10 06:05:00+00:00,0,0.5224794
2026-03-10 06:10:00+00:00,0,0.52279776
2026-03-10 06:15:00+00:00,1,0.5219055
2026-03-10 06:20:00+00:00,1,0.5219055
2026-03-10 06:25:00+00:00,0,0.51166475
2026-03-10 06:30:00+00:00,0,0.51259905
2026-03-10 06:35:00+00:00,0,0.5132546
2026-03-10 06:40:00+00:00,1,0.5132551
2026-03-10 06:45:00+00:00,1,0.51165694
2026-03-10 06:50:00+00:00,1,0.51418877
2026-03-10 06:55:00+00:00,1,0.50823367
2026-03-10 07:00:00+00:00,1,0.51015913
2026-03-10 07:05:00+00:00,1,0.5037298
2026-03-10 07:10:00+00:00,1,0.5045422
2026-03-10 07:15:00+00:00,1,0.49043638
2026-03-10 07:20:00+00:00,0,0.48347008
2026-03-10 07:25:00+00:00,0,0.49232832
2026-03-10 07:30:00+00:00,1,0.48385558
2026-03-10 07:35:00+00:00,1,0.48881847
2026-03-10 07:40:00+00:00,1,0.49928054
2026-03-10 07:45:00+00:00,1,0.49417692
2026-03-10 07:50:00+00:00,1,0.49486488
2026-03-10 07:55:00+00:00,1,0.4882635
2026-03-10 08:00:00+00:00,1,0.48214796
2026-03-10 08:05:00+00:00,0,0.4658998
2026-03-10 08:10:00+00:00,1,0.47053382
2026-03-10 08:15:00+00:00,1,0.46966618
2026-03-10 08:20:00+00:00,1,0.4819675
2026-03-10 08:25:00+00:00,1,0.4760604
2026-03-10 08:30:00+00:00,1,0.4732603
2026-03-10 08:35:00+00:00,1,0.47412863
2026-03-10 08:40:00+00:00,1,0.47007653
2026-03-10 08:45:00+00:00,1,0.4718517
2026-03-10 08:50:00+00:00,1,0.47378853
2026-03-10 08:55:00+00:00,1,0.48431647
2026-03-10 09:00:00+00:00,1,0.4724463
2026-03-10 09:05:00+00:00,1,0.47471353
2026-03-10 09:10:00+00:00,1,0.46634933
2026-03-10 09:15:00+00:00,1,0.46971184
2026-03-10 09:20:00+00:00,1,0.4689408
2026-03-10 09:25:00+00:00,1,0.4774596
2026-03-10 09:30:00+00:00,1,0.48133
2026-03-10 09:35:00+00:00,0,0.4999181
2026-03-10 09:40:00+00:00,0,0.4898693
2026-03-10 09:45:00+00:00,0,0.48126325
2026-03-10 09:50:00+00:00,0,0.48126325
2026-03-10 09:55:00+00:00,0,0.47918692
2026-03-10 10:00:00+00:00,0,0.49828327
2026-03-10 10:05:00+00:00,1,0.48594555
2026-03-10 10:10:00+00:00,1,0.48279715
2026-03-10 10:15:00+00:00,1,0.48865867
2026-03-10 10:20:00+00:00,1,0.480056
2026-03-10 10:25:00+00:00,1,0.4864615
2026-03-10 10:30:00+00:00,1,0.48397762
2026-03-10 10:35:00+00:00,0,0.47791088
2026-03-10 10:40:00+00:00,1,0.4813936
2026-03-10 10:45:00+00:00,0,0.47817442
2026-03-10 10:50:00+00:00,0,0.4839821
2026-03-10 10:55:00+00:00,0,0.48482293
2026-03-10 11:00:00+00:00,0,0.48775008
2026-03-10 11:05:00+00:00,0,0.48776716
2026-03-10 11:10:00+00:00,0,0.49810156
2026-03-10 11:15:00+00:00,0,0.49703896
2026-03-10 11:20:00+00:00,0,0.5008026
2026-03-10 11:25:00+00:00,0,0.50296074
2026-03-10 11:30:00+00:00,0,0.50811213
2026-03-10 11:35:00+00:00,0,0.5114416
2026-03-10 11:40:00+00:00,0,0.5072313
2026-03-10 11:45:00+00:00,0,0.499678
2026-03-10 11:50:00+00:00,0,0.5103236
2026-03-10 11:55:00+00:00,0,0.50942117
2026-03-10 12:00:00+00:00,0,0.51043946
2026-03-10 12:05:00+00:00,1,0.51097625
2026-03-10 12:10:00+00:00,1,0.5097123
2026-03-10 12:15:00+00:00,1,0.5136271
2026-03-10 12:20:00+00:00,1,0.51094806
2026-03-10 12:25:00+00:00,1,0.50931495
2026-03-10 12:30:00+00:00,1,0.50658053
2026-03-10 12:35:00+00:00,1,0.503889
2026-03-10 12:40:00+00:00,1,0.5041246
2026-03-10 12:45:00+00:00,1,0.50171304
2026-03-10 12:50:00+00:00,1,0.50182974
2026-03-10 12:55:00+00:00,1,0.50197953
2026-03-10 13:00:00+00:00,0,0.50612307
2026-03-10 13:05:00+00:00,0,0.46721613
2026-03-10 13:10:00+00:00,0,0.4782749
2026-03-10 13:15:00+00:00,0,0.4846429
2026-03-10 13:20:00+00:00,0,0.47082612
2026-03-10 13:25:00+00:00,0,0.47672772
2026-03-10 13:30:00+00:00,1,0.50078636
2026-03-10 13:35:00+00:00,1,0.50257623
2026-03-10 13:40:00+00:00,0,0.5012785
2026-03-10 13:45:00+00:00,0,0.48899525
2026-03-10 13:50:00+00:00,0,0.48188457
2026-03-10 13:55:00+00:00,0,0.5016619
2026-03-10 14:00:00+00:00,0,0.5162443
2026-03-10 14:05:00+00:00,1,0.51032186
2026-03-10 14:10:00+00:00,1,0.51517963
2026-03-10 14:15:00+00:00,1,0.51487064
2026-03-10 14:20:00+00:00,1,0.51682156
2026-03-10 14:25:00+00:00,1,0.51422936
2026-03-10 14:30:00+00:00,1,0.5148842
2026-03-10 14:35:00+00:00,1,0.5023244
2026-03-10 14:40:00+00:00,1,0.5009455
2026-03-10 14:45:00+00:00,1,0.49753007
2026-03-10 14:50:00+00:00,1,0.49834728
2026-03-10 14:55:00+00:00,0,0.507382
2026-03-10 15:00:00+00:00,0,0.50898075
2026-03-10 15:05:00+00:00,0,0.5034839
2026-03-10 15:10:00+00:00,0,0.51548576
2026-03-10 15:15:00+00:00,0,0.50381666
2026-03-10 15:20:00+00:00,0,0.50541806
2026-03-10 15:25:00+00:00,1,0.5094929
2026-03-10 15:30:00+00:00,1,0.50572383
2026-03-10 15:35:00+00:00,1,0.50682384
2026-03-10 15:40:00+00:00,0,0.5058995
2026-03-10 15:45:00+00:00,1,0.50540197
2026-03-10 15:50:00+00:00,1,0.50887483
2026-03-10 15:55:00+00:00,1,0.5066696
2026-03-10 16:00:00+00:00,1,0.51284355
2026-03-10 16:05:00+00:00,1,0.5156451
2026-03-10 16:10:00+00:00,1,0.5156451
2026-03-10 16:15:00+00:00,0,0.50799793
2026-03-10 16:20:00+00:00,0,0.50771254
2026-03-10 16:25:00+00:00,0,0.50797945
2026-03-10 16:30:00+00:00,0,0.50956845
2026-03-10 16:35:00+00:00,0,0.49341497
2026-03-10 16:40:00+00:00,0,0.501924
2026-03-10 16:45:00+00:00,1,0.50430167
2026-03-10 16:50:00+00:00,0,0.49935627
2026-03-10 16:55:00+00:00,0,0.5001148
2026-03-10 17:00:00+00:00,0,0.50428694
2026-03-10 17:05:00+00:00,0,0.50560063
2026-03-10 17:10:00+00:00,0,0.49343544
2026-03-10 17:15:00+00:00,0,0.50560063
2026-03-10 17:20:00+00:00,0,0.51012224
2026-03-10 17:25:00+00:00,0,0.51241404
2026-03-10 17:30:00+00:00,0,0.5112113
2026-03-10 17:35:00+00:00,0,0.51933235
2026-03-10 17:40:00+00:00,0,0.5171088
2026-03-10 17:45:00+00:00,0,0.51779157
2026-03-10 17:50:00+00:00,0,0.5146824
2026-03-10 17:55:00+00:00,0,0.5171088
2026-03-10 18:00:00+00:00,0,0.52278113
2026-03-10 18:05:00+00:00,0,0.53487504
2026-03-10 18:10:00+00:00,0,0.54107845
2026-03-10 18:15:00+00:00,0,0.55773544
2026-03-10 18:20:00+00:00,0,0.5398829
2026-03-10 18:25:00+00:00,0,0.54107845
2026-03-10 18:30:00+00:00,0,0.54107845
2026-03-10 18:35:00+00:00,1,0.53930235
2026-03-10 18:40:00+00:00,1,0.5353676
2026-03-10 18:45:00+00:00,0,0.53837913
2026-03-10 18:50:00+00:00,0,0.5395752
2026-03-10 18:55:00+00:00,0,0.5381061
2026-03-10 19:00:00+00:00,0,0.52306366
2026-03-10 19:05:00+00:00,0,0.5242644
2026-03-10 19:10:00+00:00,0,0.5312408
2026-03-10 19:15:00+00:00,0,0.52368337
2026-03-10 19:20:00+00:00,0,0.524884
2026-03-10 19:25:00+00:00,0,0.5265567
2026-03-10 19:30:00+00:00,1,0.5260994
2026-03-10 19:35:00+00:00,1,0.52914304
2026-03-10 19:40:00+00:00,1,0.52658623
2026-03-10 19:45:00+00:00,0,0.5319052
2026-03-10 19:50:00+00:00,1,0.52113825
2026-03-10 19:55:00+00:00,1,0.5236558
2026-03-10 20:00:00+00:00,1,0.5261336
2026-03-10 20:05:00+00:00,1,0.53065383
2026-03-10 20:10:00+00:00,1,0.52975434
2026-03-10 20:15:00+00:00,1,0.5245834
2026-03-10 20:20:00+00:00,1,0.51815695
2026-03-10 20:25:00+00:00,0,0.5323364
2026-03-10 20:30:00+00:00,1,0.5226034
2026-03-10 20:35:00+00:00,1,0.51959056
2026-03-10 20:40:00+00:00,1,0.51174694
2026-03-10 20:45:00+00:00,0,0.508785
2026-03-10 20:50:00+00:00,0,0.514506
2026-03-10 20:55:00+00:00,0,0.51746297
2026-03-10 21:00:00+00:00,0,0.50853693
2026-03-10 21:05:00+00:00,0,0.4863401
2026-03-10 21:10:00+00:00,0,0.5125205
2026-03-10 21:15:00+00:00,0,0.52342004
2026-03-10 21:20:00+00:00,0,0.52251667
2026-03-10 21:25:00+00:00,0,0.5293152
2026-03-10 21:30:00+00:00,0,0.527347
2026-03-10 21:35:00+00:00,0,0.5332891
2026-03-10 21:40:00+00:00,0,0.53471816
2026-03-10 21:45:00+00:00,0,0.53471816
2026-03-10 21:50:00+00:00,1,0.53471816
2026-03-10 21:55:00+00:00,1,0.53327477
2026-03-10 22:00:00+00:00,0,0.53032786
2026-03-10 22:05:00+00:00,1,0.5287485
2026-03-10 22:10:00+00:00,1,0.52306753
2026-03-10 22:15:00+00:00,1,0.5259624
2026-03-10 22:20:00+00:00,0,0.52476394
2026-03-10 22:25:00+00:00,0,0.526359
2026-03-10 22:30:00+00:00,0,0.5279228
2026-03-10 22:35:00+00:00,1,0.52844703
2026-03-10 22:40:00+00:00,0,0.52610815
2026-03-10 22:45:00+00:00,1,0.52426773
2026-03-10 22:50:00+00:00,1,0.5263549
2026-03-10 22:55:00+00:00,1,0.522977
2026-03-10 23:00:00+00:00,1,0.52208763
2026-03-10 23:05:00+00:00,1,0.5235133
2026-03-10 23:10:00+00:00,1,0.52440244
2026-03-10 23:15:00+00:00,0,0.5056865
2026-03-10 23:20:00+00:00,0,0.5096799
2026-03-10 23:25:00+00:00,1,0.51891303
2026-03-10 23:30:00+00:00,0,0.5123575
2026-03-10 23:35:00+00:00,0,0.50168157
2026-03-10 23:40:00+00:00,0,0.50364256
2026-03-10 23:45:00+00:00,0,0.517544
2026-03-10 23:50:00+00:00,0,0.5129776
2026-03-10 23:55:00+00:00,0,0.5037962
2026-03-11 00:00:00+00:00,0,0.5301158
2026-03-11 00:05:00+00:00,0,0.5315519
2026-03-11 00:10:00+00:00,0,0.53253984
2026-03-11 00:15:00+00:00,0,0.5247444
2026-03-11 00:20:00+00:00,1,0.514089
2026-03-11 00:25:00+00:00,1,0.5038131
2026-03-11 00:30:00+00:00,1,0.52186215
2026-03-11 00:35:00+00:00,1,0.52122694
2026-03-11 00:40:00+00:00,1,0.53045106
2026-03-11 00:45:00+00:00,0,0.52551025
2026-03-11 00:50:00+00:00,0,0.4870931
2026-03-11 00:55:00+00:00,0,0.5065596
2026-03-11 01:00:00+00:00,0,0.51628333
2026-03-11 01:05:00+00:00,0,0.49738058
2026-03-11 01:10:00+00:00,0,0.5198901
2026-03-11 01:15:00+00:00,0,0.5252119
2026-03-11 01:20:00+00:00,0,0.531085
2026-03-11 01:25:00+00:00,0,0.5245551
2026-03-11 01:30:00+00:00,0,0.5302897
2026-03-11 01:35:00+00:00,1,0.53176445
2026-03-11 01:40:00+00:00,0,0.5306233
2026-03-11 01:45:00+00:00,0,0.5263766
2026-03-11 01:50:00+00:00,0,0.5320534
2026-03-11 01:55:00+00:00,0,0.53020245
2026-03-11 02:00:00+00:00,0,0.51082444
2026-03-11 02:05:00+00:00,0,0.5172557
2026-03-11 02:10:00+00:00,0,0.52140665
2026-03-11 02:15:00+00:00,0,0.52796364
2026-03-11 02:20:00+00:00,0,0.52638346
2026-03-11 02:25:00+00:00,0,0.5241151
2026-03-11 02:30:00+00:00,1,0.5302707
2026-03-11 02:35:00+00:00,1,0.5302707
2026-03-11 02:40:00+00:00,1,0.5302707
2026-03-11 02:45:00+00:00,1,0.5262087
2026-03-11 02:50:00+00:00,0,0.5237514
2026-03-11 02:55:00+00:00,0,0.50454736
2026-03-11 03:00:00+00:00,0,0.5144479
2026-03-11 03:05:00+00:00,0,0.51830184
2026-03-11 03:10:00+00:00,0,0.5184469
2026-03-11 03:15:00+00:00,0,0.5213848
2026-03-11 03:20:00+00:00,1,0.528731
2026-03-11 03:25:00+00:00,1,0.5162173
2026-03-11 03:30:00+00:00,0,0.5237911
2026-03-11 03:35:00+00:00,0,0.51937586
2026-03-11 03:40:00+00:00,0,0.51971155
2026-03-11 03:45:00+00:00,1,0.52197784
2026-03-11 03:50:00+00:00,1,0.51290077
2026-03-11 03:55:00+00:00,1,0.5099225
2026-03-11 04:00:00+00:00,1,0.5064009
2026-03-11 04:05:00+00:00,1,0.5067665
2026-03-11 04:10:00+00:00,1,0.5071526
2026-03-11 04:15:00+00:00,1,0.5144783
2026-03-11 04:20:00+00:00,1,0.50734085
2026-03-11 04:25:00+00:00,1,0.4797112
2026-03-11 04:30:00+00:00,1,0.48284027
2026-03-11 04:35:00+00:00,1,0.48125497
2026-03-11 04:40:00+00:00,1,0.47628015
2026-03-11 04:45:00+00:00,0,0.47232652
2026-03-11 04:50:00+00:00,0,0.47674513
2026-03-11 04:55:00+00:00,0,0.47451332
2026-03-11 05:00:00+00:00,0,0.4816942
2026-03-11 05:05:00+00:00,0,0.48502848
2026-03-11 05:10:00+00:00,0,0.48329833
2026-03-11 05:15:00+00:00,0,0.5006097
2026-03-11 05:20:00+00:00,0,0.5059978
2026-03-11 05:25:00+00:00,0,0.51001453
2026-03-11 05:30:00+00:00,0,0.5136411
2026-03-11 05:35:00+00:00,0,0.5196815
2026-03-11 05:40:00+00:00,1,0.5276985
2026-03-11 05:45:00+00:00,1,0.5286949
2026-03-11 05:50:00+00:00,1,0.5271536
2026-03-11 05:55:00+00:00,1,0.5270381
2026-03-11 06:00:00+00:00,1,0.5300716
2026-03-11 06:05:00+00:00,1,0.51487297
2026-03-11 06:10:00+00:00,1,0.5197452
2026-03-11 06:15:00+00:00,0,0.51228184
2026-03-11 06:20:00+00:00,0,0.51489776
2026-03-11 06:25:00+00:00,0,0.510842
2026-03-11 06:30:00+00:00,0,0.5151394
2026-03-11 06:35:00+00:00,0,0.5163411
2026-03-11 06:40:00+00:00,1,0.52136445
2026-03-11 06:45:00+00:00,1,0.52635545
2026-03-11 06:50:00+00:00,1,0.51744807
2026-03-11 06:55:00+00:00,1,0.52966595
2026-03-11 07:00:00+00:00,0,0.5119174
2026-03-11 07:05:00+00:00,0,0.50546664
2026-03-11 07:10:00+00:00,0,0.50497866
2026-03-11 07:15:00+00:00,0,0.49822363
2026-03-11 07:20:00+00:00,0,0.48827124
2026-03-11 07:25:00+00:00,0,0.49526802
2026-03-11 07:30:00+00:00,0,0.50474036
2026-03-11 07:35:00+00:00,1,0.5075063
2026-03-11 07:40:00+00:00,1,0.5162099
2026-03-11 07:45:00+00:00,0,0.5037934
2026-03-11 07:50:00+00:00,0,0.5046715
2026-03-11 07:55:00+00:00,0,0.5177094
2026-03-11 08:00:00+00:00,1,0.49570006
2026-03-11 08:05:00+00:00,0,0.5099044
2026-03-11 08:10:00+00:00,1,0.5144492
2026-03-11 08:15:00+00:00,0,0.5141677
2026-03-11 08:20:00+00:00,0,0.504396
2026-03-11 08:25:00+00:00,1,0.50640637
2026-03-11 08:30:00+00:00,0,0.5024087
2026-03-11 08:35:00+00:00,0,0.5055988
2026-03-11 08:40:00+00:00,0,0.5037967
2026-03-11 08:45:00+00:00,1,0.5160329
2026-03-11 08:50:00+00:00,1,0.51720107
2026-03-11 08:55:00+00:00,0,0.5018695
2026-03-11 09:00:00+00:00,0,0.5073755
2026-03-11 09:05:00+00:00,0,0.5057129
2026-03-11 09:10:00+00:00,1,0.5192511
2026-03-11 09:15:00+00:00,1,0.49371547
2026-03-11 09:20:00+00:00,0,0.4966426
2026-03-11 09:25:00+00:00,0,0.5069082
2026-03-11 09:30:00+00:00,0,0.5069082
2026-03-11 09:35:00+00:00,0,0.50640154
2026-03-11 09:40:00+00:00,1,0.5044753
2026-03-11 09:45:00+00:00,1,0.51181185
2026-03-11 09:50:00+00:00,1,0.50662655
2026-03-11 09:55:00+00:00,1,0.51076734
2026-03-11 10:00:00+00:00,1,0.5082408
2026-03-11 10:05:00+00:00,1,0.507142
2026-03-11 10:10:00+00:00,1,0.5146885
2026-03-11 10:15:00+00:00,1,0.50290143
2026-03-11 10:20:00+00:00,1,0.4898553
2026-03-11 10:25:00+00:00,1,0.47410452
2026-03-11 10:30:00+00:00,0,0.47572213
2026-03-11 10:35:00+00:00,1,0.47572213
2026-03-11 10:40:00+00:00,1,0.47568247
2026-03-11 10:45:00+00:00,0,0.4812569
2026-03-11 10:50:00+00:00,0,0.48422503
2026-03-11 10:55:00+00:00,0,0.4871303
2026-03-11 11:00:00+00:00,1,0.4830242
2026-03-11 11:05:00+00:00,0,0.4807016
2026-03-11 11:10:00+00:00,0,0.47967324
2026-03-11 11:15:00+00:00,0,0.48923403
2026-03-11 11:20:00+00:00,0,0.48758402
2026-03-11 11:25:00+00:00,0,0.4893895
2026-03-11 11:30:00+00:00,0,0.4902739
2026-03-11 11:35:00+00:00,0,0.49814558
2026-03-11 11:40:00+00:00,1,0.49614674
2026-03-11 11:45:00+00:00,1,0.50189924
2026-03-11 11:50:00+00:00,1,0.49565354
2026-03-11 11:55:00+00:00,1,0.50197756
2026-03-11 12:00:00+00:00,1,0.5043045
2026-03-11 12:05:00+00:00,1,0.5051098
2026-03-11 12:10:00+00:00,1,0.49328795
2026-03-11 12:15:00+00:00,1,0.47811484
2026-03-11 12:20:00+00:00,1,0.46778396
2026-03-11 12:25:00+00:00,0,0.4721441
2026-03-11 12:30:00+00:00,1,0.47928396
2026-03-11 12:35:00+00:00,1,0.4721441
2026-03-11 12:40:00+00:00,1,0.47064474
2026-03-11 12:45:00+00:00,1,0.46934664
2026-03-11 12:50:00+00:00,1,0.48288056
2026-03-11 12:55:00+00:00,1,0.4751766
2026-03-11 13:00:00+00:00,1,0.47604522
2026-03-11 13:05:00+00:00,1,0.46939033
2026-03-11 13:10:00+00:00,0,0.47019216
2026-03-11 13:15:00+00:00,0,0.4674919
2026-03-11 13:20:00+00:00,0,0.4751851
2026-03-11 13:25:00+00:00,0,0.47053382
2026-03-11 13:30:00+00:00,0,0.5046567
2026-03-11 13:35:00+00:00,0,0.5196844
2026-03-11 13:40:00+00:00,1,0.4903361
2026-03-11 13:45:00+00:00,1,0.4834576
2026-03-11 13:50:00+00:00,1,0.49515605
2026-03-11 13:55:00+00:00,1,0.48994237
2026-03-11 14:00:00+00:00,0,0.48480988
2026-03-11 14:05:00+00:00,1,0.50446784
2026-03-11 14:10:00+00:00,1,0.49219775
2026-03-11 14:15:00+00:00,0,0.4908921
2026-03-11 14:20:00+00:00,1,0.50005823
2026-03-11 14:25:00+00:00,0,0.4963604
2026-03-11 14:30:00+00:00,0,0.51542926
2026-03-11 14:35:00+00:00,0,0.49750596
2026-03-11 14:40:00+00:00,0,0.5131042
2026-03-11 14:45:00+00:00,0,0.50761163
2026-03-11 14:50:00+00:00,0,0.514902
2026-03-11 14:55:00+00:00,0,0.5280155
2026-03-11 15:00:00+00:00,0,0.5262991
2026-03-11 15:05:00+00:00,0,0.5234717
2026-03-11 15:10:00+00:00,0,0.51373094
2026-03-11 15:15:00+00:00,0,0.5173267
2026-03-11 15:20:00+00:00,0,0.5132503
2026-03-11 15:25:00+00:00,1,0.51392674
2026-03-11 15:30:00+00:00,1,0.52186257
2026-03-11 15:35:00+00:00,1,0.5069327
2026-03-11 15:40:00+00:00,1,0.51568145
2026-03-11 15:45:00+00:00,1,0.51515937
2026-03-11 15:50:00+00:00,1,0.5069327
2026-03-11 15:55:00+00:00,0,0.5002432
2026-03-11 16:00:00+00:00,1,0.5099757
2026-03-11 16:05:00+00:00,1,0.5100836
2026-03-11 16:10:00+00:00,1,0.510183
2026-03-11 16:15:00+00:00,1,0.5088816
2026-03-11 16:20:00+00:00,1,0.5072549
2026-03-11 16:25:00+00:00,1,0.50528294
2026-03-11 16:30:00+00:00,1,0.49577418
2026-03-11 16:35:00+00:00,1,0.50012577
2026-03-11 16:40:00+00:00,1,0.47955516
2026-03-11 16:45:00+00:00,1,0.48039547
2026-03-11 16:50:00+00:00,1,0.48580056
2026-03-11 16:55:00+00:00,1,0.4783312
2026-03-11 17:00:00+00:00,0,0.4780665
2026-03-11 17:05:00+00:00,0,0.4803123
2026-03-11 17:10:00+00:00,1,0.48901555
2026-03-11 17:15:00+00:00,0,0.4811817
2026-03-11 17:20:00+00:00,0,0.47755066
2026-03-11 17:25:00+00:00,0,0.4888987
2026-03-11 17:30:00+00:00,1,0.4980773
2026-03-11 17:35:00+00:00,1,0.50219476
2026-03-11 17:40:00+00:00,1,0.48596516
2026-03-11 17:45:00+00:00,1,0.4905924
2026-03-11 17:50:00+00:00,1,0.49412745
2026-03-11 17:55:00+00:00,1,0.47957894
2026-03-11 18:00:00+00:00,1,0.47624257
2026-03-11 18:05:00+00:00,1,0.49179453
2026-03-11 18:10:00+00:00,1,0.48053652
2026-03-11 18:15:00+00:00,1,0.4849143
2026-03-11 18:20:00+00:00,1,0.48871875
2026-03-11 18:25:00+00:00,1,0.4857141
2026-03-11 18:30:00+00:00,1,0.46717805
2026-03-11 18:35:00+00:00,1,0.4937897
2026-03-11 18:40:00+00:00,1,0.48634815
2026-03-11 18:45:00+00:00,0,0.48285943
2026-03-11 18:50:00+00:00,0,0.48029414
2026-03-11 18:55:00+00:00,0,0.48772463
2026-03-11 19:00:00+00:00,0,0.4836926
2026-03-11 19:05:00+00:00,0,0.5003537
2026-03-11 19:10:00+00:00,0,0.49977136
2026-03-11 19:15:00+00:00,0,0.51748496
2026-03-11 19:20:00+00:00,0,0.49645182
2026-03-11 19:25:00+00:00,0,0.5139705
2026-03-11 19:30:00+00:00,0,0.49584627
2026-03-11 19:35:00+00:00,0,0.5011989
2026-03-11 19:40:00+00:00,0,0.5005722
2026-03-11 19:45:00+00:00,0,0.52096707
2026-03-11 19:50:00+00:00,0,0.5089499
2026-03-11 19:55:00+00:00,0,0.5210112
2026-03-11 20:00:00+00:00,0,0.53099334
2026-03-11 20:05:00+00:00,0,0.52979434
2026-03-11 20:10:00+00:00,0,0.5312587
2026-03-11 20:15:00+00:00,0,0.52581644
2026-03-11 20:20:00+00:00,0,0.52449745
2026-03-11 20:25:00+00:00,1,0.5303593
2026-03-11 20:30:00+00:00,1,0.5291602
2026-03-11 20:35:00+00:00,1,0.5312587
2026-03-11 20:40:00+00:00,1,0.5311639
2026-03-11 20:45:00+00:00,1,0.5291602
2026-03-11 20:50:00+00:00,1,0.51706845
2026-03-11 20:55:00+00:00,0,0.51851743
2026-03-11 21:00:00+00:00,0,0.5174707
2026-03-11 21:05:00+00:00,0,0.518672
2026-03-11 21:10:00+00:00,0,0.51771015
2026-03-11 21:15:00+00:00,1,0.5159316
2026-03-11 21:20:00+00:00,1,0.51789427
2026-03-11 21:25:00+00:00,1,0.5291602
2026-03-11 21:30:00+00:00,1,0.52819115
2026-03-11 21:35:00+00:00,1,0.520803
2026-03-11 21:40:00+00:00,1,0.51888585
2026-03-11 21:45:00+00:00,1,0.5141923
2026-03-11 21:50:00+00:00,0,0.491931
2026-03-11 21:55:00+00:00,0,0.4983591
2026-03-11 22:00:00+00:00,0,0.48635542
2026-03-11 22:05:00+00:00,0,0.4983314
2026-03-11 22:10:00+00:00,0,0.48040828
2026-03-11 22:15:00+00:00,0,0.49584767
2026-03-11 22:20:00+00:00,0,0.5158601
2026-03-11 22:25:00+00:00,0,0.5150402
2026-03-11 22:30:00+00:00,1,0.51999784
2026-03-11 22:35:00+00:00,1,0.52288395
2026-03-11 22:40:00+00:00,1,0.5240586
2026-03-11 22:45:00+00:00,0,0.5216942
2026-03-11 22:50:00+00:00,0,0.5189705
2026-03-11 22:55:00+00:00,0,0.5102865
2026-03-11 23:00:00+00:00,0,0.50760025
2026-03-11 23:05:00+00:00,0,0.5040803
2026-03-11 23:10:00+00:00,0,0.511986
2026-03-11 23:15:00+00:00,0,0.5214275
2026-03-11 23:20:00+00:00,0,0.5255062
2026-03-11 23:25:00+00:00,0,0.52824324
2026-03-11 23:30:00+00:00,0,0.5285363
2026-03-11 23:35:00+00:00,0,0.5254667
2026-03-11 23:40:00+00:00,0,0.5285532
2026-03-11 23:45:00+00:00,0,0.53171813
2026-03-11 23:50:00+00:00,0,0.5304048
2026-03-11 23:55:00+00:00,0,0.5295684
2026-03-12 00:00:00+00:00,0,0.52950525
2026-03-12 00:05:00+00:00,1,0.5132315
2026-03-12 00:10:00+00:00,0,0.507655
2026-03-12 00:15:00+00:00,1,0.52955365
2026-03-12 00:20:00+00:00,0,0.52446014
2026-03-12 00:25:00+00:00,0,0.530087
2026-03-12 00:30:00+00:00,0,0.5301394
2026-03-12 00:35:00+00:00,0,0.52863926
2026-03-12 00:40:00+00:00,0,0.52607775
2026-03-12 00:45:00+00:00,0,0.5261933
2026-03-12 00:50:00+00:00,0,0.5236994
2026-03-12 00:55:00+00:00,0,0.52340645
2026-03-12 01:00:00+00:00,0,0.53074974
2026-03-12 01:05:00+00:00,0,0.53047556
2026-03-12 01:10:00+00:00,0,0.52979594
2026-03-12 01:15:00+00:00,0,0.53047556
2026-03-12 01:20:00+00:00,0,0.5303199
2026-03-12 01:25:00+00:00,0,0.5131514
2026-03-12 01:30:00+00:00,1,0.5289202
2026-03-12 01:35:00+00:00,1,0.5321706
2026-03-12 01:40:00+00:00,0,0.52328724
2026-03-12 01:45:00+00:00,0,0.52955157
2026-03-12 01:50:00+00:00,0,0.5310843
2026-03-12 01:55:00+00:00,0,0.5216176
2026-03-12 02:00:00+00:00,0,0.5238161
2026-03-12 02:05:00+00:00,0,0.52309865
2026-03-12 02:10:00+00:00,0,0.52080476
2026-03-12 02:15:00+00:00,0,0.5237793
2026-03-12 02:20:00+00:00,0,0.5306053
2026-03-12 02:25:00+00:00,0,0.53023046
2026-03-12 02:30:00+00:00,0,0.5317609
2026-03-12 02:35:00+00:00,0,0.5306053
2026-03-12 02:40:00+00:00,0,0.5290261
2026-03-12 02:45:00+00:00,0,0.524017
2026-03-12 02:50:00+00:00,1,0.5306053
2026-03-12 02:55:00+00:00,1,0.5299257
2026-03-12 03:00:00+00:00,1,0.52354497
2026-03-12 03:05:00+00:00,1,0.52444565
2026-03-12 03:10:00+00:00,1,0.52444565
2026-03-12 03:15:00+00:00,0,0.5236302
2026-03-12 03:20:00+00:00,0,0.5236018
2026-03-12 03:25:00+00:00,0,0.5263626
2026-03-12 03:30:00+00:00,0,0.52148765
2026-03-12 03:35:00+00:00,0,0.52223986
2026-03-12 03:40:00+00:00,0,0.52383566
2026-03-12 03:45:00+00:00,1,0.52836907
2026-03-12 03:50:00+00:00,1,0.52872133
2026-03-12 03:55:00+00:00,1,0.5287045
2026-03-12 04:00:00+00:00,0,0.5265301
2026-03-12 04:05:00+00:00,0,0.51836425
2026-03-12 04:10:00+00:00,0,0.5189107
2026-03-12 04:15:00+00:00,0,0.51086485
2026-03-12 04:20:00+00:00,0,0.5159292
2026-03-12 04:25:00+00:00,0,0.52545345
2026-03-12 04:30:00+00:00,0,0.5194792
2026-03-12 04:35:00+00:00,0,0.513362
2026-03-12 04:40:00+00:00,0,0.52487403
2026-03-12 04:45:00+00:00,0,0.52200997
2026-03-12 04:50:00+00:00,0,0.505102
2026-03-12 04:55:00+00:00,0,0.509843
2026-03-12 05:00:00+00:00,0,0.50461835
2026-03-12 05:05:00+00:00,0,0.4984263
2026-03-12 05:10:00+00:00,1,0.5127213
2026-03-12 05:15:00+00:00,1,0.50355756
2026-03-12 05:20:00+00:00,1,0.5230362
2026-03-12 05:25:00+00:00,1,0.5204376
2026-03-12 05:30:00+00:00,1,0.5193157
2026-03-12 05:35:00+00:00,1,0.5202171
2026-03-12 05:40:00+00:00,1,0.5175441
2026-03-12 05:45:00+00:00,1,0.51764435
2026-03-12 05:50:00+00:00,0,0.5160019
2026-03-12 05:55:00+00:00,1,0.5168119
2026-03-12 06:00:00+00:00,1,0.5137936
2026-03-12 06:05:00+00:00,0,0.5075924
2026-03-12 06:10:00+00:00,1,0.5020763
2026-03-12 06:15:00+00:00,1,0.5182737
2026-03-12 06:20:00+00:00,1,0.5138657
2026-03-12 06:25:00+00:00,1,0.491895
2026-03-12 06:30:00+00:00,0,0.4967794
2026-03-12 06:35:00+00:00,0,0.49507558
2026-03-12 06:40:00+00:00,0,0.49581876
2026-03-12 06:45:00+00:00,0,0.49169698
2026-03-12 06:50:00+00:00,0,0.48895103
2026-03-12 06:55:00+00:00,1,0.49627054
2026-03-12 07:00:00+00:00,1,0.49435347
2026-03-12 07:05:00+00:00,1,0.4983512
2026-03-12 07:10:00+00:00,1,0.49504286
2026-03-12 07:15:00+00:00,1,0.49293625
2026-03-12 07:20:00+00:00,1,0.49138004
2026-03-12 07:25:00+00:00,1,0.49258256
2026-03-12 07:30:00+00:00,1,0.47251448
2026-03-12 07:35:00+00:00,0,0.4748106
2026-03-12 07:40:00+00:00,0,0.48365116
2026-03-12 07:45:00+00:00,1,0.47612876
2026-03-12 07:50:00+00:00,1,0.48273757
2026-03-12 07:55:00+00:00,1,0.48522973
2026-03-12 08:00:00+00:00,1,0.47339785
2026-03-12 08:05:00+00:00,1,0.48441854
2026-03-12 08:10:00+00:00,1,0.4744191
2026-03-12 08:15:00+00:00,0,0.46948487
2026-03-12 08:20:00+00:00,0,0.46861747
2026-03-12 08:25:00+00:00,0,0.4793745
2026-03-12 08:30:00+00:00,0,0.4782749
2026-03-12 08:35:00+00:00,0,0.48016414
2026-03-12 08:40:00+00:00,0,0.47892904
2026-03-12 08:45:00+00:00,0,0.48149353
2026-03-12 08:50:00+00:00,0,0.48283643
2026-03-12 08:55:00+00:00,0,0.48786747
2026-03-12 09:00:00+00:00,0,0.48892948
2026-03-12 09:05:00+00:00,1,0.49240422
2026-03-12 09:10:00+00:00,1,0.49590167
2026-03-12 09:15:00+00:00,1,0.4988293
2026-03-12 09:20:00+00:00,1,0.49925473
2026-03-12 09:25:00+00:00,1,0.49650988
2026-03-12 09:30:00+00:00,1,0.48513696
2026-03-12 09:35:00+00:00,1,0.48274747
2026-03-12 09:40:00+00:00,0,0.46861747
2026-03-12 09:45:00+00:00,1,0.48398042
2026-03-12 09:50:00+00:00,1,0.48176074
2026-03-12 09:55:00+00:00,1,0.48852476
2026-03-12 10:00:00+00:00,1,0.46289122
2026-03-12 10:05:00+00:00,1,0.48132393
2026-03-12 10:10:00+00:00,1,0.48295024
2026-03-12 10:15:00+00:00,1,0.48208064
2026-03-12 10:20:00+00:00,1,0.4708917
2026-03-12 10:25:00+00:00,1,0.47717974
2026-03-12 10:30:00+00:00,1,0.4768648
2026-03-12 10:35:00+00:00,0,0.472637
2026-03-12 10:40:00+00:00,0,0.47773063
2026-03-12 10:45:00+00:00,0,0.47595656
2026-03-12 10:50:00+00:00,0,0.47595656
2026-03-12 10:55:00+00:00,0,0.48269603
2026-03-12 11:00:00+00:00,0,0.4855488
2026-03-12 11:05:00+00:00,0,0.48829186
2026-03-12 11:10:00+00:00,1,0.49304584
2026-03-12 11:15:00+00:00,0,0.48575893
2026-03-12 11:20:00+00:00,0,0.49636763
2026-03-12 11:25:00+00:00,0,0.49835
2026-03-12 11:30:00+00:00,0,0.50059265
2026-03-12 11:35:00+00:00,0,0.49113882
2026-03-12 11:40:00+00:00,0,0.49069825
2026-03-12 11:45:00+00:00,1,0.49388033
2026-03-12 11:50:00+00:00,1,0.50762016
2026-03-12 11:55:00+00:00,1,0.50106335
2026-03-12 12:00:00+00:00,1,0.5110135
2026-03-12 12:05:00+00:00,1,0.5119026
2026-03-12 12:10:00+00:00,1,0.50547856
2026-03-12 12:15:00+00:00,1,0.49027103
2026-03-12 12:20:00+00:00,0,0.4900891
2026-03-12 12:25:00+00:00,0,0.4766819
2026-03-12 12:30:00+00:00,0,0.48592833
2026-03-12 12:35:00+00:00,0,0.49109784
2026-03-12 12:40:00+00:00,0,0.4933318
2026-03-12 12:45:00+00:00,0,0.47762683
2026-03-12 12:50:00+00:00,0,0.4912145
2026-03-12 12:55:00+00:00,0,0.48325518
2026-03-12 13:00:00+00:00,0,0.4837961
2026-03-12 13:05:00+00:00,0,0.49827126
2026-03-12 13:10:00+00:00,0,0.49734566
2026-03-12 13:15:00+00:00,0,0.51052916
2026-03-12 13:20:00+00:00,0,0.51004565
2026-03-12 13:25:00+00:00,0,0.5072844
2026-03-12 13:30:00+00:00,0,0.47931692
2026-03-12 13:35:00+00:00,0,0.48750696
2026-03-12 13:40:00+00:00,1,0.49957705
2026-03-12 13:45:00+00:00,0,0.49950767
2026-03-12 13:50:00+00:00,0,0.50263864
2026-03-12 13:55:00+00:00,0,0.50800973
2026-03-12 14:00:00+00:00,0,0.5043908
2026-03-12 14:05:00+00:00,0,0.5010992
2026-03-12 14:10:00+00:00,0,0.5046766
2026-03-12 14:15:00+00:00,0,0.50642574
2026-03-12 14:20:00+00:00,0,0.51578546
2026-03-12 14:25:00+00:00,0,0.51508296
2026-03-12 14:30:00+00:00,1,0.51508296
2026-03-12 14:35:00+00:00,1,0.51388055
2026-03-12 14:40:00+00:00,1,0.52273804
2026-03-12 14:45:00+00:00,1,0.52460986
2026-03-12 14:50:00+00:00,1,0.522362
2026-03-12 14:55:00+00:00,1,0.50132173
2026-03-12 15:00:00+00:00,1,0.5054774
2026-03-12 15:05:00+00:00,1,0.5061033
2026-03-12 15:10:00+00:00,1,0.50552285
2026-03-12 15:15:00+00:00,1,0.5061288
2026-03-12 15:20:00+00:00,1,0.5054325
2026-03-12 15:25:00+00:00,0,0.4891447
2026-03-12 15:30:00+00:00,1,0.4905703
2026-03-12 15:35:00+00:00,0,0.47975203
2026-03-12 15:40:00+00:00,0,0.4737972
2026-03-12 15:45:00+00:00,0,0.47804433
2026-03-12 15:50:00+00:00,1,0.49151686
2026-03-12 15:55:00+00:00,0,0.49036068
2026-03-12 16:00:00+00:00,1,0.49554735
2026-03-12 16:05:00+00:00,1,0.51802105
2026-03-12 16:10:00+00:00,1,0.49840057
2026-03-12 16:15:00+00:00,1,0.4817369
2026-03-12 16:20:00+00:00,1,0.4815755
2026-03-12 16:25:00+00:00,1,0.49376047
2026-03-12 16:30:00+00:00,1,0.4731229
2026-03-12 16:35:00+00:00,0,0.4731229
2026-03-12 16:40:00+00:00,0,0.4827119
2026-03-12 16:45:00+00:00,0,0.4731229
2026-03-12 16:50:00+00:00,0,0.47882947
2026-03-12 16:55:00+00:00,0,0.49288264
2026-03-12 17:00:00+00:00,0,0.49372077
2026-03-12 17:05:00+00:00,1,0.49598628
2026-03-12 17:10:00+00:00,0,0.49802312
2026-03-12 17:15:00+00:00,1,0.5102458
2026-03-12 17:20:00+00:00,0,0.49421337
2026-03-12 17:25:00+00:00,1,0.50153065
2026-03-12 17:30:00+00:00,0,0.5084265
2026-03-12 17:35:00+00:00,0,0.49610084
2026-03-12 17:40:00+00:00,0,0.49466068
2026-03-12 17:45:00+00:00,0,0.5044321
2026-03-12 17:50:00+00:00,0,0.5072899
2026-03-12 17:55:00+00:00,0,0.5070265
2026-03-12 18:00:00+00:00,0,0.53475755
2026-03-12 18:05:00+00:00,0,0.5273969
2026-03-12 18:10:00+00:00,0,0.5332808
2026-03-12 18:15:00+00:00,0,0.52858293
2026-03-12 18:20:00+00:00,0,0.5323583
2026-03-12 18:25:00+00:00,0,0.51786107
2026-03-12 18:30:00+00:00,0,0.5329562
2026-03-12 18:35:00+00:00,0,0.52802056
2026-03-12 18:40:00+00:00,0,0.53042936
2026-03-12 18:45:00+00:00,1,0.52922004
2026-03-12 18:50:00+00:00,1,0.5318905
2026-03-12 18:55:00+00:00,1,0.5237203
2026-03-12 19:00:00+00:00,1,0.52108335
2026-03-12 19:05:00+00:00,1,0.5250075
2026-03-12 19:10:00+00:00,1,0.5091245
2026-03-12 19:15:00+00:00,1,0.5132691
2026-03-12 19:20:00+00:00,1,0.51520365
2026-03-12 19:25:00+00:00,1,0.5067719
2026-03-12 19:30:00+00:00,1,0.48302683
2026-03-12 19:35:00+00:00,1,0.4879212
2026-03-12 19:40:00+00:00,1,0.50291467
2026-03-12 19:45:00+00:00,0,0.49044576
2026-03-12 19:50:00+00:00,0,0.48850238
2026-03-12 19:55:00+00:00,0,0.49544042
2026-03-12 20:00:00+00:00,0,0.48639002
2026-03-12 20:05:00+00:00,0,0.48951507
2026-03-12 20:10:00+00:00,0,0.50517803
2026-03-12 20:15:00+00:00,0,0.5228647
2026-03-12 20:20:00+00:00,0,0.5062186
2026-03-12 20:25:00+00:00,0,0.5207945
2026-03-12 20:30:00+00:00,1,0.5260333
2026-03-12 20:35:00+00:00,0,0.5192364
2026-03-12 20:40:00+00:00,1,0.49324512
2026-03-12 20:45:00+00:00,1,0.5231939
2026-03-12 20:50:00+00:00,1,0.52551466
2026-03-12 20:55:00+00:00,1,0.5167811
2026-03-12 21:00:00+00:00,0,0.51479197
2026-03-12 21:05:00+00:00,1,0.5148037
2026-03-12 21:10:00+00:00,0,0.5013846
2026-03-12 21:15:00+00:00,1,0.5189631
2026-03-12 21:20:00+00:00,1,0.5075983
2026-03-12 21:25:00+00:00,1,0.5188294
2026-03-12 21:30:00+00:00,1,0.51861036
2026-03-12 21:35:00+00:00,1,0.5173007
2026-03-12 21:40:00+00:00,1,0.51228744
2026-03-12 21:45:00+00:00,0,0.48731884
2026-03-12 21:50:00+00:00,0,0.49753994
2026-03-12 21:55:00+00:00,0,0.48997912
2026-03-12 22:00:00+00:00,0,0.4857785
2026-03-12 22:05:00+00:00,0,0.49232948
2026-03-12 22:10:00+00:00,0,0.49409345
2026-03-12 22:15:00+00:00,0,0.50547117
2026-03-12 22:20:00+00:00,0,0.51604825
2026-03-12 22:25:00+00:00,1,0.513416
2026-03-12 22:30:00+00:00,1,0.51453435
2026-03-12 22:35:00+00:00,1,0.50125086
2026-03-12 22:40:00+00:00,1,0.5053845
2026-03-12 22:45:00+00:00,1,0.5083251
2026-03-12 22:50:00+00:00,1,0.5133831
2026-03-12 22:55:00+00:00,1,0.49089947
2026-03-12 23:00:00+00:00,0,0.47322303
2026-03-12 23:05:00+00:00,0,0.48562858
2026-03-12 23:10:00+00:00,0,0.47702953
2026-03-12 23:15:00+00:00,0,0.48291075
2026-03-12 23:20:00+00:00,0,0.48213068
2026-03-12 23:25:00+00:00,0,0.4951015
2026-03-12 23:30:00+00:00,0,0.49421397
2026-03-12 23:35:00+00:00,1,0.49917036
2026-03-12 23:40:00+00:00,1,0.5002549
2026-03-12 23:45:00+00:00,1,0.5142373
2026-03-12 23:50:00+00:00,1,0.5103224
2026-03-12 23:55:00+00:00,1,0.50020343
2026-03-13 00:00:00+00:00,1,0.5167714
2026-03-13 00:05:00+00:00,1,0.49971062
2026-03-13 00:10:00+00:00,1,0.46836028
2026-03-13 00:15:00+00:00,1,0.47279987
2026-03-13 00:20:00+00:00,0,0.48725668
2026-03-13 00:25:00+00:00,0,0.49174032
2026-03-13 00:30:00+00:00,0,0.5131799
2026-03-13 00:35:00+00:00,0,0.52407235
2026-03-13 00:40:00+00:00,1,0.52951413
2026-03-13 00:45:00+00:00,1,0.5031049
2026-03-13 00:50:00+00:00,1,0.50024426
2026-03-13 00:55:00+00:00,1,0.5066532
2026-03-13 01:00:00+00:00,1,0.50146633
2026-03-13 01:05:00+00:00,0,0.52207047
2026-03-13 01:10:00+00:00,1,0.5235034
2026-03-13 01:15:00+00:00,1,0.5164186
2026-03-13 01:20:00+00:00,1,0.5226409
2026-03-13 01:25:00+00:00,1,0.53546333
2026-03-13 01:30:00+00:00,1,0.513695
2026-03-13 01:35:00+00:00,1,0.5114824
2026-03-13 01:40:00+00:00,0,0.49138042
2026-03-13 01:45:00+00:00,1,0.5025394
2026-03-13 01:50:00+00:00,0,0.48764303
2026-03-13 01:55:00+00:00,0,0.50106186
2026-03-13 02:00:00+00:00,0,0.4996399
2026-03-13 02:05:00+00:00,0,0.49891564
2026-03-13 02:10:00+00:00,0,0.4894256
2026-03-13 02:15:00+00:00,0,0.50703114
2026-03-13 02:20:00+00:00,0,0.5126557
2026-03-13 02:25:00+00:00,0,0.51105297
2026-03-13 02:30:00+00:00,0,0.5019615
2026-03-13 02:35:00+00:00,0,0.506451
2026-03-13 02:40:00+00:00,1,0.51405025
2026-03-13 02:45:00+00:00,1,0.51383346
2026-03-13 02:50:00+00:00,1,0.5233452
2026-03-13 02:55:00+00:00,0,0.5192477
2026-03-13 03:00:00+00:00,1,0.52511644
2026-03-13 03:05:00+00:00,0,0.5207382
2026-03-13 03:10:00+00:00,0,0.51782864
2026-03-13 03:15:00+00:00,0,0.5124884
2026-03-13 03:20:00+00:00,1,0.5217795
2026-03-13 03:25:00+00:00,1,0.52434766
2026-03-13 03:30:00+00:00,1,0.52434766
2026-03-13 03:35:00+00:00,1,0.52363026
2026-03-13 03:40:00+00:00,1,0.5288517
2026-03-13 03:45:00+00:00,1,0.5288517
2026-03-13 03:50:00+00:00,0,0.48665813
2026-03-13 03:55:00+00:00,0,0.4971102
2026-03-13 04:00:00+00:00,0,0.48455924
2026-03-13 04:05:00+00:00,0,0.48457983
2026-03-13 04:10:00+00:00,0,0.48766968
2026-03-13 04:15:00+00:00,0,0.48743635
2026-03-13 04:20:00+00:00,0,0.49324906
2026-03-13 04:25:00+00:00,1,0.49825907
2026-03-13 04:30:00+00:00,1,0.51734686
2026-03-13 04:35:00+00:00,1,0.51154
2026-03-13 04:40:00+00:00,1,0.50865716
2026-03-13 04:45:00+00:00,1,0.50055134
2026-03-13 04:50:00+00:00,1,0.503364
2026-03-13 04:55:00+00:00,1,0.48531508
2026-03-13 05:00:00+00:00,1,0.5129784
2026-03-13 05:05:00+00:00,1,0.4979225
2026-03-13 05:10:00+00:00,1,0.49267375
2026-03-13 05:15:00+00:00,1,0.47896415
2026-03-13 05:20:00+00:00,1,0.4854877
2026-03-13 05:25:00+00:00,1,0.47829357
2026-03-13 05:30:00+00:00,0,0.4731459
2026-03-13 05:35:00+00:00,0,0.47948536
2026-03-13 05:40:00+00:00,0,0.4763028
2026-03-13 05:45:00+00:00,0,0.4780542
2026-03-13 05:50:00+00:00,0,0.47339886
2026-03-13 05:55:00+00:00,0,0.49064335
2026-03-13 06:00:00+00:00,0,0.48682088
2026-03-13 06:05:00+00:00,0,0.48682088
2026-03-13 06:10:00+00:00,0,0.49655697
2026-03-13 06:15:00+00:00,0,0.48786667
2026-03-13 06:20:00+00:00,0,0.4919626
2026-03-13 06:25:00+00:00,0,0.51271814
2026-03-13 06:30:00+00:00,0,0.51403725
2026-03-13 06:35:00+00:00,1,0.51190186
2026-03-13 06:40:00+00:00,1,0.515531
2026-03-13 06:45:00+00:00,1,0.5172002
2026-03-13 06:50:00+00:00,1,0.5197614
2026-03-13 06:55:00+00:00,0,0.5265415
2026-03-13 07:00:00+00:00,0,0.49818924
2026-03-13 07:05:00+00:00,0,0.49797767
2026-03-13 07:10:00+00:00,0,0.49520943
2026-03-13 07:15:00+00:00,0,0.5065888
2026-03-13 07:20:00+00:00,0,0.50889224
2026-03-13 07:25:00+00:00,0,0.51220167
2026-03-13 07:30:00+00:00,0,0.5060208
2026-03-13 07:35:00+00:00,1,0.50793225
2026-03-13 07:40:00+00:00,0,0.51003546
2026-03-13 07:45:00+00:00,1,0.51321006
2026-03-13 07:50:00+00:00,1,0.5047408
2026-03-13 07:55:00+00:00,1,0.5074529
2026-03-13 08:00:00+00:00,1,0.48932093
2026-03-13 08:05:00+00:00,1,0.4931615
2026-03-13 08:10:00+00:00,1,0.5038368
2026-03-13 08:15:00+00:00,1,0.50613815
2026-03-13 08:20:00+00:00,1,0.50526184
2026-03-13 08:25:00+00:00,0,0.498715
2026-03-13 08:30:00+00:00,0,0.47625548
2026-03-13 08:35:00+00:00,0,0.47297227
2026-03-13 08:40:00+00:00,0,0.48134443
2026-03-13 08:45:00+00:00,0,0.49009213
2026-03-13 08:50:00+00:00,0,0.49220952
2026-03-13 08:55:00+00:00,1,0.49820173
2026-03-13 09:00:00+00:00,0,0.4850113
2026-03-13 09:05:00+00:00,1,0.48997563
2026-03-13 09:10:00+00:00,1,0.4887804
2026-03-13 09:15:00+00:00,1,0.4908479
2026-03-13 09:20:00+00:00,1,0.4957683
2026-03-13 09:25:00+00:00,1,0.4905801
2026-03-13 09:30:00+00:00,1,0.48069915
2026-03-13 09:35:00+00:00,1,0.48054808
2026-03-13 09:40:00+00:00,1,0.47939363
2026-03-13 09:45:00+00:00,1,0.4769665
2026-03-13 09:50:00+00:00,1,0.4749547
2026-03-13 09:55:00+00:00,1,0.4759985
2026-03-13 10:00:00+00:00,0,0.4717409
2026-03-13 10:05:00+00:00,0,0.48300764
2026-03-13 10:10:00+00:00,1,0.47796267
2026-03-13 10:15:00+00:00,1,0.47702008
2026-03-13 10:20:00+00:00,1,0.48082286
2026-03-13 10:25:00+00:00,1,0.48737302
2026-03-13 10:30:00+00:00,0,0.4769763
2026-03-13 10:35:00+00:00,0,0.48161265
2026-03-13 10:40:00+00:00,0,0.48721337
2026-03-13 10:45:00+00:00,0,0.47865725
2026-03-13 10:50:00+00:00,0,0.4854724
2026-03-13 10:55:00+00:00,0,0.4839732
2026-03-13 11:00:00+00:00,0,0.4990375
2026-03-13 11:05:00+00:00,0,0.4888457
2026-03-13 11:10:00+00:00,0,0.4980653
2026-03-13 11:15:00+00:00,0,0.49712968
2026-03-13 11:20:00+00:00,0,0.5043732
2026-03-13 11:25:00+00:00,1,0.5050771
2026-03-13 11:30:00+00:00,1,0.5128309
2026-03-13 11:35:00+00:00,1,0.51192874
2026-03-13 11:40:00+00:00,1,0.5130714
2026-03-13 11:45:00+00:00,1,0.5066036
2026-03-13 11:50:00+00:00,1,0.50469524
2026-03-13 11:55:00+00:00,1,0.49777997
2026-03-13 12:00:00+00:00,1,0.47806388
2026-03-13 12:05:00+00:00,1,0.48053503
2026-03-13 12:10:00+00:00,1,0.4963123
2026-03-13 12:15:00+00:00,1,0.4846262
2026-03-13 12:20:00+00:00,1,0.47975838
2026-03-13 12:25:00+00:00,1,0.49857736
2026-03-13 12:30:00+00:00,1,0.46848145
2026-03-13 12:35:00+00:00,1,0.4712449
2026-03-13 12:40:00+00:00,1,0.48011503
2026-03-13 12:45:00+00:00,1,0.49472508
2026-03-13 12:50:00+00:00,1,0.47702605
2026-03-13 12:55:00+00:00,1,0.47691497
2026-03-13 13:00:00+00:00,1,0.46741885
2026-03-13 13:05:00+00:00,1,0.4718545
2026-03-13 13:10:00+00:00,1,0.4853367
2026-03-13 13:15:00+00:00,0,0.49073327
2026-03-13 13:20:00+00:00,0,0.49122614
2026-03-13 13:25:00+00:00,0,0.49408892
2026-03-13 13:30:00+00:00,0,0.49569777
2026-03-13 13:35:00+00:00,0,0.48497665
2026-03-13 13:40:00+00:00,0,0.4901152
2026-03-13 13:45:00+00:00,0,0.5015165
2026-03-13 13:50:00+00:00,0,0.49321473
2026-03-13 13:55:00+00:00,0,0.47383842
2026-03-13 14:00:00+00:00,0,0.49091098
2026-03-13 14:05:00+00:00,0,0.50671375
2026-03-13 14:10:00+00:00,0,0.49898812
2026-03-13 14:15:00+00:00,0,0.50847423
2026-03-13 14:20:00+00:00,0,0.49607897
2026-03-13 14:25:00+00:00,0,0.5118956
2026-03-13 14:30:00+00:00,0,0.51148427
2026-03-13 14:35:00+00:00,0,0.5126712
2026-03-13 14:40:00+00:00,0,0.52017134
2026-03-13 14:45:00+00:00,1,0.51910514
2026-03-13 14:50:00+00:00,1,0.51784235
2026-03-13 14:55:00+00:00,1,0.5166403
2026-03-13 15:00:00+00:00,0,0.52207434
2026-03-13 15:05:00+00:00,0,0.52207434
2026-03-13 15:10:00+00:00,0,0.521958
2026-03-13 15:15:00+00:00,0,0.51393974
2026-03-13 15:20:00+00:00,0,0.51485306
2026-03-13 15:25:00+00:00,0,0.5109479
2026-03-13 15:30:00+00:00,0,0.5221483
2026-03-13 15:35:00+00:00,0,0.52207434
2026-03-13 15:40:00+00:00,0,0.52730864
2026-03-13 15:45:00+00:00,0,0.5273638
2026-03-13 15:50:00+00:00,0,0.52708995
2026-03-13 15:55:00+00:00,0,0.5225536
2026-03-13 16:00:00+00:00,1,0.5227546
2026-03-13 16:05:00+00:00,1,0.51999354
2026-03-13 16:10:00+00:00,1,0.52089477
2026-03-13 16:15:00+00:00,1,0.51903963
2026-03-13 16:20:00+00:00,1,0.5162621
2026-03-13 16:25:00+00:00,1,0.5172999
2026-03-13 16:30:00+00:00,0,0.5100954
2026-03-13 16:35:00+00:00,0,0.5124254
2026-03-13 16:40:00+00:00,0,0.51044756
2026-03-13 16:45:00+00:00,0,0.5107803
2026-03-13 16:50:00+00:00,0,0.5098779
2026-03-13 16:55:00+00:00,0,0.5292704
2026-03-13 17:00:00+00:00,0,0.5306891
2026-03-13 17:05:00+00:00,0,0.5328611
2026-03-13 17:10:00+00:00,0,0.5301271
2026-03-13 17:15:00+00:00,0,0.5292275
2026-03-13 17:20:00+00:00,0,0.52650744
2026-03-13 17:25:00+00:00,0,0.5284016
2026-03-13 17:30:00+00:00,0,0.5278611
2026-03-13 17:35:00+00:00,0,0.528541
2026-03-13 17:40:00+00:00,0,0.5316586
2026-03-13 17:45:00+00:00,0,0.52894366
2026-03-13 17:50:00+00:00,0,0.52797455
2026-03-13 17:55:00+00:00,1,0.5310967
2026-03-13 18:00:00+00:00,1,0.54572886
2026-03-13 18:05:00+00:00,1,0.54085153
2026-03-13 18:10:00+00:00,0,0.52993816
2026-03-13 18:15:00+00:00,1,0.5185529
2026-03-13 18:20:00+00:00,1,0.525638
2026-03-13 18:25:00+00:00,0,0.5309821
2026-03-13 18:30:00+00:00,0,0.5321802
2026-03-13 18:35:00+00:00,0,0.5249075
2026-03-13 18:40:00+00:00,0,0.5180494
2026-03-13 18:45:00+00:00,1,0.5335335
2026-03-13 18:50:00+00:00,1,0.51934135
2026-03-13 18:55:00+00:00,1,0.522417
2026-03-13 19:00:00+00:00,1,0.5320994
2026-03-13 19:05:00+00:00,0,0.5297064
2026-03-13 19:10:00+00:00,0,0.53443295
2026-03-13 19:15:00+00:00,1,0.52652186
2026-03-13 19:20:00+00:00,0,0.52695477
2026-03-13 19:25:00+00:00,1,0.52985126
2026-03-13 19:30:00+00:00,0,0.53135806
2026-03-13 19:35:00+00:00,0,0.53682554
2026-03-13 19:40:00+00:00,1,0.52957827
2026-03-13 19:45:00+00:00,1,0.52043617
2026-03-13 19:50:00+00:00,1,0.52266854
2026-03-13 19:55:00+00:00,1,0.5118511
2026-03-13 20:00:00+00:00,1,0.52959156
2026-03-13 20:05:00+00:00,1,0.5396316
2026-03-13 20:10:00+00:00,0,0.5148779
2026-03-13 20:15:00+00:00,0,0.50743496
2026-03-13 20:20:00+00:00,1,0.49992907
2026-03-13 20:25:00+00:00,1,0.5126078
2026-03-13 20:30:00+00:00,1,0.5175641
2026-03-13 20:35:00+00:00,1,0.51948583
2026-03-13 20:40:00+00:00,1,0.521264
2026-03-13 20:45:00+00:00,1,0.52226603
2026-03-13 20:50:00+00:00,1,0.50126964
2026-03-13 20:55:00+00:00,0,0.5132603
2026-03-13 21:00:00+00:00,0,0.48726562
2026-03-13 21:05:00+00:00,0,0.49120244
2026-03-13 21:10:00+00:00,0,0.4927869
2026-03-13 21:15:00+00:00,0,0.4923694
2026-03-13 21:20:00+00:00,0,0.50047493
2026-03-13 21:25:00+00:00,0,0.5384834
2026-03-13 21:30:00+00:00,0,0.5356282
2026-03-13 21:35:00+00:00,0,0.5413232
2026-03-13 21:40:00+00:00,0,0.53191304
2026-03-13 21:45:00+00:00,0,0.5306306
2026-03-13 21:50:00+00:00,0,0.52166665
2026-03-13 21:55:00+00:00,0,0.53374285
2026-03-13 22:00:00+00:00,0,0.5371586
2026-03-13 22:05:00+00:00,0,0.5355822
2026-03-13 22:10:00+00:00,0,0.53659546
2026-03-13 22:15:00+00:00,0,0.5393756
2026-03-13 22:20:00+00:00,1,0.53923404
2026-03-13 22:25:00+00:00,1,0.5340104
2026-03-13 22:30:00+00:00,1,0.53516495
2026-03-13 22:35:00+00:00,1,0.5324325
2026-03-13 22:40:00+00:00,1,0.53199196
2026-03-13 22:45:00+00:00,1,0.52593625
2026-03-13 22:50:00+00:00,1,0.5218062
2026-03-13 22:55:00+00:00,1,0.5293121
2026-03-13 23:00:00+00:00,1,0.5285248
2026-03-13 23:05:00+00:00,1,0.52280873
2026-03-13 23:10:00+00:00,1,0.52787393
2026-03-13 23:15:00+00:00,0,0.5146726
2026-03-13 23:20:00+00:00,0,0.5118792
2026-03-13 23:25:00+00:00,1,0.52304256
2026-03-13 23:30:00+00:00,0,0.5198111
2026-03-13 23:35:00+00:00,0,0.5115332
2026-03-13 23:40:00+00:00,0,0.49731106
2026-03-13 23:45:00+00:00,0,0.5040569
2026-03-13 23:50:00+00:00,0,0.4917575
2026-03-13 23:55:00+00:00,0,0.49749097
2026-03-14 00:00:00+00:00,1,0.5222347
2026-03-14 00:05:00+00:00,0,0.54875
2026-03-14 00:10:00+00:00,0,0.55580014
2026-03-14 00:15:00+00:00,0,0.54875
2026-03-14 00:20:00+00:00,0,0.54875
2026-03-14 00:25:00+00:00,0,0.5310955
2026-03-14 00:30:00+00:00,0,0.523419
2026-03-14 00:35:00+00:00,1,0.55134404
2026-03-14 00:40:00+00:00,1,0.5486869
2026-03-14 00:45:00+00:00,1,0.5572175
2026-03-14 00:50:00+00:00,1,0.55735046
2026-03-14 00:55:00+00:00,1,0.55810827
2026-03-14 01:00:00+00:00,0,0.5219068
2026-03-14 01:05:00+00:00,0,0.513749
2026-03-14 01:10:00+00:00,0,0.5440626
2026-03-14 01:15:00+00:00,1,0.5443733
2026-03-14 01:20:00+00:00,0,0.53057754
2026-03-14 01:25:00+00:00,0,0.54511416
2026-03-14 01:30:00+00:00,1,0.5562745
2026-03-14 01:35:00+00:00,1,0.5510165
2026-03-14 01:40:00+00:00,1,0.54301775
2026-03-14 01:45:00+00:00,0,0.5467994
2026-03-14 01:50:00+00:00,0,0.53942174
2026-03-14 01:55:00+00:00,0,0.526825
2026-03-14 02:00:00+00:00,0,0.52181363
2026-03-14 02:05:00+00:00,0,0.52617764
2026-03-14 02:10:00+00:00,0,0.4926308
2026-03-14 02:15:00+00:00,0,0.53989774
2026-03-14 02:20:00+00:00,0,0.5379359
2026-03-14 02:25:00+00:00,1,0.54488933
2026-03-14 02:30:00+00:00,1,0.5385108
2026-03-14 02:35:00+00:00,1,0.5430856
2026-03-14 02:40:00+00:00,1,0.53884965
2026-03-14 02:45:00+00:00,1,0.53933287
2026-03-14 02:50:00+00:00,1,0.5350067
2026-03-14 02:55:00+00:00,1,0.5360724
2026-03-14 03:00:00+00:00,1,0.50640893
2026-03-14 03:05:00+00:00,1,0.49277028
2026-03-14 03:10:00+00:00,0,0.49277028
2026-03-14 03:15:00+00:00,0,0.48261642
2026-03-14 03:20:00+00:00,0,0.4877726
2026-03-14 03:25:00+00:00,0,0.4839506
2026-03-14 03:30:00+00:00,0,0.47024742
2026-03-14 03:35:00+00:00,0,0.46908885
2026-03-14 03:40:00+00:00,0,0.5056905
2026-03-14 03:45:00+00:00,0,0.49936107
2026-03-14 03:50:00+00:00,0,0.5139293
2026-03-14 03:55:00+00:00,1,0.5073646
2026-03-14 04:00:00+00:00,1,0.50331557
2026-03-14 04:05:00+00:00,1,0.48396534
2026-03-14 04:10:00+00:00,1,0.4972896
2026-03-14 04:15:00+00:00,1,0.49717033
2026-03-14 04:20:00+00:00,0,0.5090768
2026-03-14 04:25:00+00:00,0,0.4951566
2026-03-14 04:30:00+00:00,0,0.4894128
2026-03-14 04:35:00+00:00,0,0.47892895
2026-03-14 04:40:00+00:00,0,0.48889044
2026-03-14 04:45:00+00:00,0,0.48889044
2026-03-14 04:50:00+00:00,0,0.5161526
2026-03-14 04:55:00+00:00,0,0.5133217
2026-03-14 05:00:00+00:00,0,0.5211052
2026-03-14 05:05:00+00:00,0,0.5198198
2026-03-14 05:10:00+00:00,0,0.5209895
2026-03-14 05:15:00+00:00,0,0.5252447
2026-03-14 05:20:00+00:00,0,0.524353
2026-03-14 05:25:00+00:00,0,0.524353
2026-03-14 05:30:00+00:00,0,0.5181406
2026-03-14 05:35:00+00:00,0,0.52796507
2026-03-14 05:40:00+00:00,0,0.52986926
2026-03-14 05:45:00+00:00,0,0.5270807
2026-03-14 05:50:00+00:00,0,0.51957035
2026-03-14 05:55:00+00:00,0,0.5016627
2026-03-14 06:00:00+00:00,0,0.515913
2026-03-14 06:05:00+00:00,0,0.5184613
2026-03-14 06:10:00+00:00,0,0.5114644
2026-03-14 06:15:00+00:00,0,0.52908814
2026-03-14 06:20:00+00:00,0,0.55554676
2026-03-14 06:25:00+00:00,1,0.55554676
2026-03-14 06:30:00+00:00,1,0.54303825
2026-03-14 06:35:00+00:00,1,0.5546804
2026-03-14 06:40:00+00:00,1,0.5543624
2026-03-14 06:45:00+00:00,1,0.5462834
2026-03-14 06:50:00+00:00,0,0.5422496
2026-03-14 06:55:00+00:00,0,0.54336244
2026-03-14 07:00:00+00:00,0,0.53162664
2026-03-14 07:05:00+00:00,0,0.531399
2026-03-14 07:10:00+00:00,0,0.5207869
2026-03-14 07:15:00+00:00,0,0.50818026
2026-03-14 07:20:00+00:00,0,0.5385079
2026-03-14 07:25:00+00:00,0,0.5049387
2026-03-14 07:30:00+00:00,0,0.5385079
2026-03-14 07:35:00+00:00,0,0.54205537
2026-03-14 07:40:00+00:00,0,0.54205537
2026-03-14 07:45:00+00:00,0,0.5429515
2026-03-14 07:50:00+00:00,0,0.53327733
2026-03-14 07:55:00+00:00,0,0.54212016
2026-03-14 08:00:00+00:00,0,0.53528386
2026-03-14 08:05:00+00:00,0,0.53594846
2026-03-14 08:10:00+00:00,0,0.5342989
2026-03-14 08:15:00+00:00,0,0.54205537
2026-03-14 08:20:00+00:00,0,0.5203168
2026-03-14 08:25:00+00:00,0,0.52349734
2026-03-14 08:30:00+00:00,1,0.5219123
2026-03-14 08:35:00+00:00,1,0.54239637
2026-03-14 08:40:00+00:00,1,0.5400312
2026-03-14 08:45:00+00:00,1,0.5377903
2026-03-14 08:50:00+00:00,0,0.5377903
2026-03-14 08:55:00+00:00,1,0.5400312
2026-03-14 09:00:00+00:00,0,0.5200811
2026-03-14 09:05:00+00:00,0,0.51889664
2026-03-14 09:10:00+00:00,0,0.5341393
2026-03-14 09:15:00+00:00,0,0.53483063
2026-03-14 09:20:00+00:00,0,0.5361118
2026-03-14 09:25:00+00:00,0,0.5361775
2026-03-14 09:30:00+00:00,0,0.52790767
2026-03-14 09:35:00+00:00,0,0.52661383
2026-03-14 09:40:00+00:00,0,0.5228974
2026-03-14 09:45:00+00:00,0,0.5439539
2026-03-14 09:50:00+00:00,0,0.54489505
2026-03-14 09:55:00+00:00,0,0.54489505
2026-03-14 10:00:00+00:00,0,0.5471581
2026-03-14 10:05:00+00:00,0,0.5439627
2026-03-14 10:10:00+00:00,0,0.5367476
2026-03-14 10:15:00+00:00,0,0.5375076
2026-03-14 10:20:00+00:00,1,0.54628885
2026-03-14 10:25:00+00:00,1,0.53839594
2026-03-14 10:30:00+00:00,1,0.52455944
2026-03-14 10:35:00+00:00,1,0.5244399
2026-03-14 10:40:00+00:00,1,0.5140079
2026-03-14 10:45:00+00:00,1,0.5165302
2026-03-14 10:50:00+00:00,1,0.51262474
2026-03-14 10:55:00+00:00,1,0.51269406
2026-03-14 11:00:00+00:00,1,0.5057117
2026-03-14 11:05:00+00:00,1,0.5053402
2026-03-14 11:10:00+00:00,1,0.5230242
2026-03-14 11:15:00+00:00,1,0.5136937
2026-03-14 11:20:00+00:00,1,0.51922035
2026-03-14 11:25:00+00:00,1,0.48721135
2026-03-14 11:30:00+00:00,1,0.5019416
2026-03-14 11:35:00+00:00,0,0.52599674
2026-03-14 11:40:00+00:00,1,0.5110512
2026-03-14 11:45:00+00:00,0,0.5316773
2026-03-14 11:50:00+00:00,0,0.5121198
2026-03-14 11:55:00+00:00,0,0.5249062
2026-03-14 12:00:00+00:00,0,0.4865712
2026-03-14 12:05:00+00:00,0,0.49136156
2026-03-14 12:10:00+00:00,0,0.52424544
2026-03-14 12:15:00+00:00,0,0.48915318
2026-03-14 12:20:00+00:00,1,0.4978903
2026-03-14 12:25:00+00:00,1,0.49342605
2026-03-14 12:30:00+00:00,1,0.50350773
2026-03-14 12:35:00+00:00,1,0.50358605
2026-03-14 12:40:00+00:00,1,0.5092528
2026-03-14 12:45:00+00:00,1,0.4935654
2026-03-14 12:50:00+00:00,1,0.48251864
2026-03-14 12:55:00+00:00,1,0.48170188
2026-03-14 13:00:00+00:00,1,0.4871371
2026-03-14 13:05:00+00:00,1,0.48528773
2026-03-14 13:10:00+00:00,1,0.49119198
2026-03-14 13:15:00+00:00,0,0.47968283
2026-03-14 13:20:00+00:00,0,0.47810006
2026-03-14 13:25:00+00:00,0,0.48114863
2026-03-14 13:30:00+00:00,0,0.48023954
2026-03-14 13:35:00+00:00,0,0.47944164
2026-03-14 13:40:00+00:00,0,0.48796624
2026-03-14 13:45:00+00:00,0,0.49415144
2026-03-14 13:50:00+00:00,0,0.5030269
2026-03-14 13:55:00+00:00,1,0.50459576
2026-03-14 14:00:00+00:00,0,0.5064362
2026-03-14 14:05:00+00:00,0,0.5057014
2026-03-14 14:10:00+00:00,0,0.5078424
2026-03-14 14:15:00+00:00,0,0.49468797
2026-03-14 14:20:00+00:00,0,0.50190926
2026-03-14 14:25:00+00:00,0,0.48709556
2026-03-14 14:30:00+00:00,0,0.4989825
2026-03-14 14:35:00+00:00,0,0.50219375
2026-03-14 14:40:00+00:00,1,0.499708
2026-03-14 14:45:00+00:00,0,0.50340897
2026-03-14 14:50:00+00:00,0,0.49632993
2026-03-14 14:55:00+00:00,1,0.50103027
2026-03-14 15:00:00+00:00,0,0.50374913
2026-03-14 15:05:00+00:00,0,0.50500447
2026-03-14 15:10:00+00:00,0,0.5069256
2026-03-14 15:15:00+00:00,1,0.5136247
2026-03-14 15:20:00+00:00,1,0.5085386
2026-03-14 15:25:00+00:00,1,0.5051503
2026-03-14 15:30:00+00:00,1,0.51215345
2026-03-14 15:35:00+00:00,1,0.50959224
2026-03-14 15:40:00+00:00,1,0.50617975
2026-03-14 15:45:00+00:00,1,0.5088375
2026-03-14 15:50:00+00:00,1,0.50031817
2026-03-14 15:55:00+00:00,1,0.5081063
2026-03-14 16:00:00+00:00,1,0.5055084
2026-03-14 16:05:00+00:00,1,0.5030416
2026-03-14 16:10:00+00:00,1,0.48931867
2026-03-14 16:15:00+00:00,0,0.48864627
2026-03-14 16:20:00+00:00,0,0.48227233
2026-03-14 16:25:00+00:00,0,0.4699472
2026-03-14 16:30:00+00:00,0,0.48434412
2026-03-14 16:35:00+00:00,0,0.49026164
2026-03-14 16:40:00+00:00,0,0.48905876
2026-03-14 16:45:00+00:00,0,0.49064675
2026-03-14 16:50:00+00:00,0,0.49030325
2026-03-14 16:55:00+00:00,0,0.47999117
2026-03-14 17:00:00+00:00,0,0.51020914
2026-03-14 17:05:00+00:00,0,0.50900614
2026-03-14 17:10:00+00:00,0,0.5035871
2026-03-14 17:15:00+00:00,0,0.51358056
2026-03-14 17:20:00+00:00,0,0.5144826
2026-03-14 17:25:00+00:00,0,0.50517917
2026-03-14 17:30:00+00:00,0,0.51677686
2026-03-14 17:35:00+00:00,0,0.51677686
2026-03-14 17:40:00+00:00,0,0.51702464
2026-03-14 17:45:00+00:00,0,0.5167243
2026-03-14 17:50:00+00:00,0,0.51797885
2026-03-14 17:55:00+00:00,0,0.51797885
2026-03-14 18:00:00+00:00,1,0.5373365
2026-03-14 18:05:00+00:00,0,0.53853303
2026-03-14 18:10:00+00:00,1,0.5489935
2026-03-14 18:15:00+00:00,1,0.56351876
2026-03-14 18:20:00+00:00,0,0.5636514
2026-03-14 18:25:00+00:00,0,0.5424066
2026-03-14 18:30:00+00:00,0,0.55121964
2026-03-14 18:35:00+00:00,0,0.55211276
2026-03-14 18:40:00+00:00,0,0.55121964
2026-03-14 18:45:00+00:00,0,0.52488613
2026-03-14 18:50:00+00:00,0,0.5634504
2026-03-14 18:55:00+00:00,0,0.5480472
2026-03-14 19:00:00+00:00,1,0.5460481
2026-03-14 19:05:00+00:00,1,0.5340973
2026-03-14 19:10:00+00:00,1,0.5246588
2026-03-14 19:15:00+00:00,1,0.5465248
2026-03-14 19:20:00+00:00,1,0.52148914
2026-03-14 19:25:00+00:00,1,0.53266877
2026-03-14 19:30:00+00:00,0,0.522231
2026-03-14 19:35:00+00:00,0,0.5194828
2026-03-14 19:40:00+00:00,0,0.5093275
2026-03-14 19:45:00+00:00,0,0.5072267
2026-03-14 19:50:00+00:00,0,0.5176336
2026-03-14 19:55:00+00:00,0,0.51422316
2026-03-14 20:00:00+00:00,1,0.5351303
2026-03-14 20:05:00+00:00,0,0.52657586
2026-03-14 20:10:00+00:00,1,0.5318484
2026-03-14 20:15:00+00:00,1,0.53131753
2026-03-14 20:20:00+00:00,1,0.5209145
2026-03-14 20:25:00+00:00,1,0.5189898
2026-03-14 20:30:00+00:00,1,0.5202584
2026-03-14 20:35:00+00:00,0,0.5195347
2026-03-14 20:40:00+00:00,0,0.51426077
2026-03-14 20:45:00+00:00,0,0.5084251
2026-03-14 20:50:00+00:00,0,0.5157676
2026-03-14 20:55:00+00:00,0,0.5337187
2026-03-14 21:00:00+00:00,0,0.49901572
2026-03-14 21:05:00+00:00,1,0.52203745
2026-03-14 21:10:00+00:00,1,0.5306824
2026-03-14 21:15:00+00:00,1,0.55933756
2026-03-14 21:20:00+00:00,1,0.5589376
2026-03-14 21:25:00+00:00,1,0.553108
2026-03-14 21:30:00+00:00,1,0.5474859
2026-03-14 21:35:00+00:00,1,0.48026884
2026-03-14 21:40:00+00:00,1,0.48026884
2026-03-14 21:45:00+00:00,0,0.48331842
2026-03-14 21:50:00+00:00,1,0.48268607
2026-03-14 21:55:00+00:00,1,0.49382132
2026-03-14 22:00:00+00:00,1,0.48951516
2026-03-14 22:05:00+00:00,1,0.4805096
2026-03-14 22:10:00+00:00,1,0.48799694
2026-03-14 22:15:00+00:00,0,0.49262676
2026-03-14 22:20:00+00:00,0,0.48022434
2026-03-14 22:25:00+00:00,0,0.49314335
2026-03-14 22:30:00+00:00,1,0.49712873
2026-03-14 22:35:00+00:00,1,0.49395427
2026-03-14 22:40:00+00:00,1,0.4918734
2026-03-14 22:45:00+00:00,1,0.5041479
2026-03-14 22:50:00+00:00,1,0.4965461
2026-03-14 22:55:00+00:00,1,0.49582174
2026-03-14 23:00:00+00:00,1,0.47033668
2026-03-14 23:05:00+00:00,1,0.47358525
2026-03-14 23:10:00+00:00,1,0.46801442
2026-03-14 23:15:00+00:00,1,0.474681
2026-03-14 23:20:00+00:00,1,0.4835567
2026-03-14 23:25:00+00:00,1,0.4738811
2026-03-14 23:30:00+00:00,1,0.47334284
2026-03-14 23:35:00+00:00,0,0.47132057
2026-03-14 23:40:00+00:00,1,0.4759604
2026-03-14 23:45:00+00:00,0,0.4730229
2026-03-14 23:50:00+00:00,0,0.4743652
2026-03-14 23:55:00+00:00,0,0.47795802
2026-03-15 00:00:00+00:00,0,0.48626816
2026-03-15 00:05:00+00:00,0,0.4902758
2026-03-15 00:10:00+00:00,0,0.4853923
2026-03-15 00:15:00+00:00,0,0.4924167
2026-03-15 00:20:00+00:00,0,0.5029617
2026-03-15 00:25:00+00:00,0,0.49130175
2026-03-15 00:30:00+00:00,0,0.4977059
2026-03-15 00:35:00+00:00,0,0.48883796
2026-03-15 00:40:00+00:00,0,0.4967545
2026-03-15 00:45:00+00:00,0,0.51489246
2026-03-15 00:50:00+00:00,0,0.5104366
2026-03-15 00:55:00+00:00,0,0.50211966
2026-03-15 01:00:00+00:00,0,0.508819
2026-03-15 01:05:00+00:00,0,0.508819
2026-03-15 01:10:00+00:00,1,0.52836835
2026-03-15 01:15:00+00:00,0,0.5171501
2026-03-15 01:20:00+00:00,1,0.52836835
2026-03-15 01:25:00+00:00,0,0.5283159
2026-03-15 01:30:00+00:00,1,0.524071
2026-03-15 01:35:00+00:00,1,0.52030444
2026-03-15 01:40:00+00:00,1,0.52588403
2026-03-15 01:45:00+00:00,1,0.5046485
2026-03-15 01:50:00+00:00,1,0.51087165
2026-03-15 01:55:00+00:00,1,0.49741054
2026-03-15 02:00:00+00:00,1,0.48139304
2026-03-15 02:05:00+00:00,1,0.47457695
2026-03-15 02:10:00+00:00,1,0.47589603
2026-03-15 02:15:00+00:00,1,0.47498778
2026-03-15 02:20:00+00:00,1,0.488472
2026-03-15 02:25:00+00:00,1,0.48413828
2026-03-15 02:30:00+00:00,1,0.48984113
2026-03-15 02:35:00+00:00,1,0.4816478
2026-03-15 02:40:00+00:00,1,0.47232684
2026-03-15 02:45:00+00:00,0,0.47364527
2026-03-15 02:50:00+00:00,0,0.48295122
2026-03-15 02:55:00+00:00,0,0.48473048
2026-03-15 03:00:00+00:00,0,0.47661084
2026-03-15 03:05:00+00:00,0,0.4787934
2026-03-15 03:10:00+00:00,0,0.49594018
2026-03-15 03:15:00+00:00,0,0.49594018
2026-03-15 03:20:00+00:00,0,0.4958547
2026-03-15 03:25:00+00:00,1,0.49748623
2026-03-15 03:30:00+00:00,1,0.50236326
2026-03-15 03:35:00+00:00,1,0.49934104
2026-03-15 03:40:00+00:00,1,0.49986282
2026-03-15 03:45:00+00:00,1,0.49324432
2026-03-15 03:50:00+00:00,1,0.48883045
2026-03-15 03:55:00+00:00,1,0.48604873
2026-03-15 04:00:00+00:00,0,0.483479
2026-03-15 04:05:00+00:00,0,0.48323274
2026-03-15 04:10:00+00:00,0,0.4806763
2026-03-15 04:15:00+00:00,0,0.47971714
2026-03-15 04:20:00+00:00,0,0.48860425
2026-03-15 04:25:00+00:00,1,0.5155228
2026-03-15 04:30:00+00:00,1,0.5234664
2026-03-15 04:35:00+00:00,1,0.5207577
2026-03-15 04:40:00+00:00,1,0.52149045
2026-03-15 04:45:00+00:00,1,0.5223926
2026-03-15 04:50:00+00:00,1,0.5100002
2026-03-15 04:55:00+00:00,1,0.49642128
2026-03-15 05:00:00+00:00,1,0.5001609
2026-03-15 05:05:00+00:00,1,0.49734673
2026-03-15 05:10:00+00:00,1,0.50641847
2026-03-15 05:15:00+00:00,0,0.4773082
2026-03-15 05:20:00+00:00,0,0.4843484
2026-03-15 05:25:00+00:00,0,0.48881507
2026-03-15 05:30:00+00:00,1,0.49387658
2026-03-15 05:35:00+00:00,0,0.48952225
2026-03-15 05:40:00+00:00,0,0.495768
2026-03-15 05:45:00+00:00,0,0.5099375
2026-03-15 05:50:00+00:00,0,0.5140872
2026-03-15 05:55:00+00:00,0,0.52237976
2026-03-15 06:00:00+00:00,0,0.5003717
2026-03-15 06:05:00+00:00,0,0.5149392
2026-03-15 06:10:00+00:00,0,0.5085477
2026-03-15 06:15:00+00:00,0,0.507323
2026-03-15 06:20:00+00:00,0,0.51538724
2026-03-15 06:25:00+00:00,0,0.52590775
2026-03-15 06:30:00+00:00,1,0.52544665
2026-03-15 06:35:00+00:00,1,0.5272294
2026-03-15 06:40:00+00:00,1,0.5272294
2026-03-15 06:45:00+00:00,1,0.5272215
2026-03-15 06:50:00+00:00,1,0.52013487
2026-03-15 06:55:00+00:00,1,0.5089836
2026-03-15 07:00:00+00:00,0,0.50485134
2026-03-15 07:05:00+00:00,0,0.5073529
2026-03-15 07:10:00+00:00,0,0.4967591
2026-03-15 07:15:00+00:00,0,0.50310695
2026-03-15 07:20:00+00:00,0,0.5053901
2026-03-15 07:25:00+00:00,0,0.50515926
2026-03-15 07:30:00+00:00,1,0.5049689
2026-03-15 07:35:00+00:00,1,0.48757818
2026-03-15 07:40:00+00:00,1,0.504606
2026-03-15 07:45:00+00:00,1,0.5139328
2026-03-15 07:50:00+00:00,1,0.5045302
2026-03-15 07:55:00+00:00,1,0.5071802
2026-03-15 08:00:00+00:00,1,0.48589844
2026-03-15 08:05:00+00:00,1,0.4943946
2026-03-15 08:10:00+00:00,1,0.48260066
2026-03-15 08:15:00+00:00,0,0.47803926
2026-03-15 08:20:00+00:00,0,0.4839505
2026-03-15 08:25:00+00:00,1,0.49132156
2026-03-15 08:30:00+00:00,1,0.48426002
2026-03-15 08:35:00+00:00,1,0.48112738
2026-03-15 08:40:00+00:00,1,0.48693442
2026-03-15 08:45:00+00:00,1,0.4863745
2026-03-15 08:50:00+00:00,1,0.49073097
2026-03-15 08:55:00+00:00,0,0.47921595
2026-03-15 09:00:00+00:00,0,0.47265473
2026-03-15 09:05:00+00:00,0,0.47035974
2026-03-15 09:10:00+00:00,0,0.47902
2026-03-15 09:15:00+00:00,0,0.48449922
2026-03-15 09:20:00+00:00,0,0.4780056
2026-03-15 09:25:00+00:00,0,0.4956082
2026-03-15 09:30:00+00:00,0,0.48659265
2026-03-15 09:35:00+00:00,0,0.4948585
2026-03-15 09:40:00+00:00,0,0.4971032
2026-03-15 09:45:00+00:00,1,0.5008405
2026-03-15 09:50:00+00:00,1,0.51005626
2026-03-15 09:55:00+00:00,1,0.5088427
2026-03-15 10:00:00+00:00,1,0.5045236
2026-03-15 10:05:00+00:00,1,0.50563556
2026-03-15 10:10:00+00:00,1,0.4942213
2026-03-15 10:15:00+00:00,0,0.4931212
2026-03-15 10:20:00+00:00,1,0.4952341
2026-03-15 10:25:00+00:00,1,0.49743608
2026-03-15 10:30:00+00:00,1,0.49305496
2026-03-15 10:35:00+00:00,1,0.49894205
2026-03-15 10:40:00+00:00,1,0.48712364
2026-03-15 10:45:00+00:00,1,0.49489647
2026-03-15 10:50:00+00:00,1,0.49838653
2026-03-15 10:55:00+00:00,1,0.49928933
2026-03-15 11:00:00+00:00,0,0.48823678
2026-03-15 11:05:00+00:00,0,0.49411651
2026-03-15 11:10:00+00:00,0,0.4877186
2026-03-15 11:15:00+00:00,0,0.48853004
2026-03-15 11:20:00+00:00,1,0.4933556
2026-03-15 11:25:00+00:00,0,0.49917597
2026-03-15 11:30:00+00:00,0,0.5041806
2026-03-15 11:35:00+00:00,0,0.5071016
2026-03-15 11:40:00+00:00,0,0.49666968
2026-03-15 11:45:00+00:00,0,0.49236062
2026-03-15 11:50:00+00:00,0,0.48837292
2026-03-15 11:55:00+00:00,1,0.4993536
2026-03-15 12:00:00+00:00,1,0.49769586
2026-03-15 12:05:00+00:00,1,0.5068398
2026-03-15 12:10:00+00:00,1,0.51320523
2026-03-15 12:15:00+00:00,1,0.5141073
2026-03-15 12:20:00+00:00,1,0.5123186
2026-03-15 12:25:00+00:00,1,0.48730484
2026-03-15 12:30:00+00:00,1,0.48442557
2026-03-15 12:35:00+00:00,0,0.48931745
2026-03-15 12:40:00+00:00,0,0.4996938
2026-03-15 12:45:00+00:00,0,0.49881834
2026-03-15 12:50:00+00:00,0,0.49988082
2026-03-15 12:55:00+00:00,0,0.49124444
2026-03-15 13:00:00+00:00,0,0.47783732
2026-03-15 13:05:00+00:00,0,0.50471866
2026-03-15 13:10:00+00:00,0,0.50471866
2026-03-15 13:15:00+00:00,0,0.50471866
2026-03-15 13:20:00+00:00,1,0.50471866
2026-03-15 13:25:00+00:00,1,0.505355
2026-03-15 13:30:00+00:00,1,0.5090621
2026-03-15 13:35:00+00:00,1,0.54037845
2026-03-15 13:40:00+00:00,1,0.5039651
2026-03-15 13:45:00+00:00,1,0.5283772
2026-03-15 13:50:00+00:00,0,0.50627446
2026-03-15 13:55:00+00:00,0,0.503747
2026-03-15 14:00:00+00:00,0,0.5036658
2026-03-15 14:05:00+00:00,0,0.5067864
2026-03-15 14:10:00+00:00,0,0.5074143
2026-03-15 14:15:00+00:00,0,0.51112896
2026-03-15 14:20:00+00:00,1,0.54339874
2026-03-15 14:25:00+00:00,1,0.51853955
2026-03-15 14:30:00+00:00,1,0.53709143
2026-03-15 14:35:00+00:00,1,0.54657954
2026-03-15 14:40:00+00:00,1,0.51627105
2026-03-15 14:45:00+00:00,1,0.5082781
2026-03-15 14:50:00+00:00,1,0.50506556
2026-03-15 14:55:00+00:00,0,0.49425095
2026-03-15 15:00:00+00:00,0,0.48211643
2026-03-15 15:05:00+00:00,0,0.50042427
2026-03-15 15:10:00+00:00,0,0.49454483
2026-03-15 15:15:00+00:00,0,0.49306455
2026-03-15 15:20:00+00:00,0,0.50421923
2026-03-15 15:25:00+00:00,1,0.5131089
2026-03-15 15:30:00+00:00,0,0.5085097
2026-03-15 15:35:00+00:00,1,0.51307607
2026-03-15 15:40:00+00:00,1,0.5021974
2026-03-15 15:45:00+00:00,0,0.50791013
2026-03-15 15:50:00+00:00,0,0.49925196
2026-03-15 15:55:00+00:00,0,0.5060272
2026-03-15 16:00:00+00:00,0,0.50214183
2026-03-15 16:05:00+00:00,0,0.50032884
2026-03-15 16:10:00+00:00,0,0.48673686
2026-03-15 16:15:00+00:00,0,0.52201736
2026-03-15 16:20:00+00:00,0,0.54391575
2026-03-15 16:25:00+00:00,0,0.5388695
2026-03-15 16:30:00+00:00,1,0.5435083
2026-03-15 16:35:00+00:00,1,0.52020174
2026-03-15 16:40:00+00:00,0,0.52847767
2026-03-15 16:45:00+00:00,1,0.53567725
2026-03-15 16:50:00+00:00,1,0.54371434
2026-03-15 16:55:00+00:00,1,0.520692
2026-03-15 17:00:00+00:00,0,0.5367651
2026-03-15 17:05:00+00:00,0,0.5049193
2026-03-15 17:10:00+00:00,0,0.50802225
2026-03-15 17:15:00+00:00,0,0.50356513
2026-03-15 17:20:00+00:00,1,0.50723046
2026-03-15 17:25:00+00:00,1,0.54003793
2026-03-15 17:30:00+00:00,1,0.54472506
2026-03-15 17:35:00+00:00,1,0.54791963
2026-03-15 17:40:00+00:00,1,0.5456726
2026-03-15 17:45:00+00:00,1,0.5282097
2026-03-15 17:50:00+00:00,0,0.47059986
2026-03-15 17:55:00+00:00,0,0.481959
2026-03-15 18:00:00+00:00,0,0.47537193
2026-03-15 18:05:00+00:00,0,0.4761453
2026-03-15 18:10:00+00:00,0,0.49093854
2026-03-15 18:15:00+00:00,0,0.49701717
2026-03-15 18:20:00+00:00,0,0.50962543
2026-03-15 18:25:00+00:00,0,0.5050245
2026-03-15 18:30:00+00:00,0,0.4905556
2026-03-15 18:35:00+00:00,0,0.495501
2026-03-15 18:40:00+00:00,0,0.499942
2026-03-15 18:45:00+00:00,1,0.53320056
2026-03-15 18:50:00+00:00,1,0.5356142
2026-03-15 18:55:00+00:00,1,0.5383441
2026-03-15 19:00:00+00:00,1,0.5202809
2026-03-15 19:05:00+00:00,1,0.52118206
2026-03-15 19:10:00+00:00,0,0.5063344
2026-03-15 19:15:00+00:00,0,0.50852543
2026-03-15 19:20:00+00:00,0,0.5068029
2026-03-15 19:25:00+00:00,0,0.5112541
2026-03-15 19:30:00+00:00,0,0.50795513
2026-03-15 19:35:00+00:00,0,0.52307475
2026-03-15 19:40:00+00:00,0,0.52368927
2026-03-15 19:45:00+00:00,0,0.5323477
2026-03-15 19:50:00+00:00,0,0.525343
2026-03-15 19:55:00+00:00,0,0.52137643
2026-03-15 20:00:00+00:00,1,0.5153436
2026-03-15 20:05:00+00:00,1,0.5169372
2026-03-15 20:10:00+00:00,1,0.51450706
2026-03-15 20:15:00+00:00,1,0.52561367
2026-03-15 20:20:00+00:00,1,0.5328484
2026-03-15 20:25:00+00:00,1,0.53041977
2026-03-15 20:30:00+00:00,0,0.4867455
2026-03-15 20:35:00+00:00,0,0.47147572
2026-03-15 20:40:00+00:00,0,0.47875214
2026-03-15 20:45:00+00:00,0,0.49337393
2026-03-15 20:50:00+00:00,0,0.48998788
2026-03-15 20:55:00+00:00,1,0.49370867
2026-03-15 21:00:00+00:00,1,0.50327975
2026-03-15 21:05:00+00:00,1,0.5107304
2026-03-15 21:10:00+00:00,1,0.5250947
2026-03-15 21:15:00+00:00,1,0.4916051
2026-03-15 21:20:00+00:00,1,0.49539402
2026-03-15 21:25:00+00:00,1,0.49408635
2026-03-15 21:30:00+00:00,1,0.47690168
2026-03-15 21:35:00+00:00,1,0.4793669
2026-03-15 21:40:00+00:00,0,0.4793669
2026-03-15 21:45:00+00:00,0,0.48681244
2026-03-15 21:50:00+00:00,0,0.4807003
2026-03-15 21:55:00+00:00,0,0.48154643
2026-03-15 22:00:00+00:00,0,0.47547382
2026-03-15 22:05:00+00:00,1,0.48436657
2026-03-15 22:10:00+00:00,1,0.4978321
2026-03-15 22:15:00+00:00,1,0.49259737
2026-03-15 22:20:00+00:00,1,0.5029642
2026-03-15 22:25:00+00:00,1,0.4906625
2026-03-15 22:30:00+00:00,1,0.47232005
2026-03-15 22:35:00+00:00,1,0.47536567
2026-03-15 22:40:00+00:00,1,0.4768988
2026-03-15 22:45:00+00:00,0,0.47836885
2026-03-15 22:50:00+00:00,0,0.4847241
2026-03-15 22:55:00+00:00,0,0.47960895
2026-03-15 23:00:00+00:00,0,0.4803995
2026-03-15 23:05:00+00:00,0,0.47438303
2026-03-15 23:10:00+00:00,0,0.47222757
2026-03-15 23:15:00+00:00,1,0.49523982
2026-03-15 23:20:00+00:00,1,0.4972344
2026-03-15 23:25:00+00:00,1,0.4978279
2026-03-15 23:30:00+00:00,1,0.50027484
2026-03-15 23:35:00+00:00,1,0.50862354
2026-03-15 23:40:00+00:00,1,0.48429385
2026-03-15 23:45:00+00:00,1,0.48222685
2026-03-15 23:50:00+00:00,1,0.48919654
2026-03-15 23:55:00+00:00,1,0.48546916
2026-03-16 00:00:00+00:00,0,0.48309386
2026-03-16 00:05:00+00:00,0,0.49111295
2026-03-16 00:10:00+00:00,0,0.5057785
2026-03-16 00:15:00+00:00,0,0.4944997
2026-03-16 00:20:00+00:00,0,0.48790267
2026-03-16 00:25:00+00:00,1,0.5034327
2026-03-16 00:30:00+00:00,0,0.50026876
2026-03-16 00:35:00+00:00,0,0.5098746
2026-03-16 00:40:00+00:00,0,0.508824
2026-03-16 00:45:00+00:00,0,0.5036342
2026-03-16 00:50:00+00:00,1,0.50564164
2026-03-16 00:55:00+00:00,1,0.5076509
2026-03-16 01:00:00+00:00,1,0.51830924
2026-03-16 01:05:00+00:00,1,0.5050563
2026-03-16 01:10:00+00:00,1,0.51695913
2026-03-16 01:15:00+00:00,1,0.52643645
2026-03-16 01:20:00+00:00,1,0.49665627
2026-03-16 01:25:00+00:00,0,0.49664116
2026-03-16 01:30:00+00:00,1,0.5064752
2026-03-16 01:35:00+00:00,1,0.4977873
2026-03-16 01:40:00+00:00,0,0.5016322
2026-03-16 01:45:00+00:00,0,0.5171079
2026-03-16 01:50:00+00:00,0,0.494265
2026-03-16 01:55:00+00:00,0,0.49653405
2026-03-16 02:00:00+00:00,0,0.4953797
2026-03-16 02:05:00+00:00,0,0.5012353
2026-03-16 02:10:00+00:00,0,0.5143977
2026-03-16 02:15:00+00:00,0,0.5228702
2026-03-16 02:20:00+00:00,1,0.5228702
2026-03-16 02:25:00+00:00,1,0.51541156
2026-03-16 02:30:00+00:00,1,0.5244803
2026-03-16 02:35:00+00:00,1,0.5242295
2026-03-16 02:40:00+00:00,1,0.5100828
2026-03-16 02:45:00+00:00,1,0.5129149
2026-03-16 02:50:00+00:00,1,0.5083542
2026-03-16 02:55:00+00:00,1,0.501747
2026-03-16 03:00:00+00:00,1,0.5000407
2026-03-16 03:05:00+00:00,1,0.5012436
2026-03-16 03:10:00+00:00,1,0.49697465
2026-03-16 03:15:00+00:00,1,0.49147943
2026-03-16 03:20:00+00:00,1,0.48210907
2026-03-16 03:25:00+00:00,1,0.47776547
2026-03-16 03:30:00+00:00,0,0.49273834
2026-03-16 03:35:00+00:00,0,0.495771
2026-03-16 03:40:00+00:00,1,0.5247613
2026-03-16 03:45:00+00:00,1,0.5117198
2026-03-16 03:50:00+00:00,1,0.5065613
2026-03-16 03:55:00+00:00,1,0.5063759
2026-03-16 04:00:00+00:00,1,0.5048821
2026-03-16 04:05:00+00:00,1,0.5162105
2026-03-16 04:10:00+00:00,1,0.51088405
2026-03-16 04:15:00+00:00,1,0.5099666
2026-03-16 04:20:00+00:00,1,0.52811486
2026-03-16 04:25:00+00:00,1,0.52753633
2026-03-16 04:30:00+00:00,1,0.5271535
2026-03-16 04:35:00+00:00,1,0.5144808
2026-03-16 04:40:00+00:00,1,0.5214416
2026-03-16 04:45:00+00:00,1,0.51112074
2026-03-16 04:50:00+00:00,1,0.5106894
2026-03-16 04:55:00+00:00,1,0.5064305
2026-03-16 05:00:00+00:00,1,0.52061343
2026-03-16 05:05:00+00:00,1,0.51874536
2026-03-16 05:10:00+00:00,1,0.51289254
2026-03-16 05:15:00+00:00,1,0.5088849
2026-03-16 05:20:00+00:00,1,0.51234424
2026-03-16 05:25:00+00:00,1,0.5033154
2026-03-16 05:30:00+00:00,1,0.50593305
2026-03-16 05:35:00+00:00,0,0.49966514
2026-03-16 05:40:00+00:00,1,0.5021549
2026-03-16 05:45:00+00:00,1,0.49696368
2026-03-16 05:50:00+00:00,1,0.49857518
2026-03-16 05:55:00+00:00,1,0.4914779
2026-03-16 06:00:00+00:00,1,0.51381207
2026-03-16 06:05:00+00:00,1,0.52805996
2026-03-16 06:10:00+00:00,1,0.4944111
2026-03-16 06:15:00+00:00,0,0.5307361
2026-03-16 06:20:00+00:00,1,0.5192978
2026-03-16 06:25:00+00:00,1,0.5339692
2026-03-16 06:30:00+00:00,1,0.52909726
2026-03-16 06:35:00+00:00,1,0.5393199
2026-03-16 06:40:00+00:00,1,0.52071697
2026-03-16 06:45:00+00:00,1,0.52072966
2026-03-16 06:50:00+00:00,0,0.5007957
2026-03-16 06:55:00+00:00,0,0.53100616
2026-03-16 07:00:00+00:00,0,0.5188438
2026-03-16 07:05:00+00:00,0,0.51568294
2026-03-16 07:10:00+00:00,0,0.51597655
2026-03-16 07:15:00+00:00,0,0.50806564
2026-03-16 07:20:00+00:00,0,0.53318393
2026-03-16 07:25:00+00:00,0,0.5087215
2026-03-16 07:30:00+00:00,1,0.51677245
2026-03-16 07:35:00+00:00,1,0.5038558
2026-03-16 07:40:00+00:00,1,0.5021167
2026-03-16 07:45:00+00:00,1,0.5115018
2026-03-16 07:50:00+00:00,0,0.49882326
2026-03-16 07:55:00+00:00,0,0.5144438
2026-03-16 08:00:00+00:00,0,0.48467815
2026-03-16 08:05:00+00:00,0,0.48467815
2026-03-16 08:10:00+00:00,0,0.49853233
2026-03-16 08:15:00+00:00,0,0.50115395
2026-03-16 08:20:00+00:00,0,0.5176772
2026-03-16 08:25:00+00:00,0,0.5149653
2026-03-16 08:30:00+00:00,0,0.5260464
2026-03-16 08:35:00+00:00,0,0.51123375
2026-03-16 08:40:00+00:00,1,0.5294897
2026-03-16 08:45:00+00:00,1,0.51294965
2026-03-16 08:50:00+00:00,1,0.51551086
2026-03-16 08:55:00+00:00,1,0.5157182
2026-03-16 09:00:00+00:00,1,0.5135324
2026-03-16 09:05:00+00:00,1,0.510249
2026-03-16 09:10:00+00:00,1,0.510249
2026-03-16 09:15:00+00:00,1,0.5051774
2026-03-16 09:20:00+00:00,1,0.49005187
2026-03-16 09:25:00+00:00,1,0.48917434
2026-03-16 09:30:00+00:00,1,0.49222416
2026-03-16 09:35:00+00:00,1,0.49072608
2026-03-16 09:40:00+00:00,0,0.49569127
2026-03-16 09:45:00+00:00,0,0.48268813
2026-03-16 09:50:00+00:00,0,0.45288804
2026-03-16 09:55:00+00:00,0,0.49751922
2026-03-16 10:00:00+00:00,0,0.49989644
2026-03-16 10:05:00+00:00,0,0.49507123
2026-03-16 10:10:00+00:00,0,0.497951
2026-03-16 10:15:00+00:00,0,0.49564943
2026-03-16 10:20:00+00:00,0,0.4960399
2026-03-16 10:25:00+00:00,0,0.49321762
2026-03-16 10:30:00+00:00,1,0.49392018
2026-03-16 10:35:00+00:00,1,0.4926069
2026-03-16 10:40:00+00:00,1,0.4997883
2026-03-16 10:45:00+00:00,1,0.49888557
2026-03-16 10:50:00+00:00,1,0.4948048
2026-03-16 10:55:00+00:00,0,0.49066782
2026-03-16 11:00:00+00:00,0,0.4840748
2026-03-16 11:05:00+00:00,0,0.48992652
2026-03-16 11:10:00+00:00,0,0.4994118
2026-03-16 11:15:00+00:00,0,0.5112473
2026-03-16 11:20:00+00:00,0,0.5224056
2026-03-16 11:25:00+00:00,1,0.5214392
2026-03-16 11:30:00+00:00,1,0.5214392
2026-03-16 11:35:00+00:00,1,0.52234024
2026-03-16 11:40:00+00:00,1,0.52234024
2026-03-16 11:45:00+00:00,1,0.5159077
2026-03-16 11:50:00+00:00,1,0.5149296
2026-03-16 11:55:00+00:00,1,0.5105212
2026-03-16 12:00:00+00:00,1,0.5006479
2026-03-16 12:05:00+00:00,1,0.49009752
2026-03-16 12:10:00+00:00,0,0.50204295
2026-03-16 12:15:00+00:00,0,0.49980813
2026-03-16 12:20:00+00:00,0,0.5001074
2026-03-16 12:25:00+00:00,0,0.4986109
2026-03-16 12:30:00+00:00,0,0.4988753
2026-03-16 12:35:00+00:00,0,0.49021968
2026-03-16 12:40:00+00:00,1,0.48741052
2026-03-16 12:45:00+00:00,0,0.50100565
2026-03-16 12:50:00+00:00,1,0.5214392
2026-03-16 12:55:00+00:00,1,0.51732486
2026-03-16 13:00:00+00:00,1,0.5172632
2026-03-16 13:05:00+00:00,1,0.5159669
2026-03-16 13:10:00+00:00,1,0.49878845
2026-03-16 13:15:00+00:00,1,0.5117957
2026-03-16 13:20:00+00:00,0,0.49248064
2026-03-16 13:25:00+00:00,0,0.4955322
2026-03-16 13:30:00+00:00,0,0.4667329
2026-03-16 13:35:00+00:00,0,0.4667329
2026-03-16 13:40:00+00:00,1,0.48497596
2026-03-16 13:45:00+00:00,0,0.4839477
2026-03-16 13:50:00+00:00,1,0.5047115
2026-03-16 13:55:00+00:00,0,0.50512207
2026-03-16 14:00:00+00:00,0,0.49203065
2026-03-16 14:05:00+00:00,0,0.48316744
2026-03-16 14:10:00+00:00,0,0.48171797
2026-03-16 14:15:00+00:00,0,0.49771637
2026-03-16 14:20:00+00:00,0,0.49998885
2026-03-16 14:25:00+00:00,1,0.51899016
2026-03-16 14:30:00+00:00,1,0.5118281
2026-03-16 14:35:00+00:00,1,0.5188556
2026-03-16 14:40:00+00:00,1,0.52185637
2026-03-16 14:45:00+00:00,1,0.52071595
2026-03-16 14:50:00+00:00,1,0.51510876
2026-03-16 14:55:00+00:00,1,0.50121945
2026-03-16 15:00:00+00:00,1,0.5093816
2026-03-16 15:05:00+00:00,0,0.50355345
2026-03-16 15:10:00+00:00,0,0.5085896
2026-03-16 15:15:00+00:00,0,0.4943589
2026-03-16 15:20:00+00:00,0,0.50146204
2026-03-16 15:25:00+00:00,0,0.4927051
2026-03-16 15:30:00+00:00,0,0.51030505
2026-03-16 15:35:00+00:00,0,0.5118601
2026-03-16 15:40:00+00:00,0,0.508139
2026-03-16 15:45:00+00:00,1,0.50509197
2026-03-16 15:50:00+00:00,1,0.51526135
2026-03-16 15:55:00+00:00,1,0.520374
2026-03-16 16:00:00+00:00,1,0.5270479
2026-03-16 16:05:00+00:00,1,0.5115816
2026-03-16 16:10:00+00:00,1,0.5080126
2026-03-16 16:15:00+00:00,1,0.5009889
2026-03-16 16:20:00+00:00,1,0.5009892
2026-03-16 16:25:00+00:00,1,0.4987385
2026-03-16 16:30:00+00:00,1,0.49757436
2026-03-16 16:35:00+00:00,1,0.49140668
2026-03-16 16:40:00+00:00,0,0.4831297
2026-03-16 16:45:00+00:00,0,0.47965404
2026-03-16 16:50:00+00:00,0,0.4738875
2026-03-16 16:55:00+00:00,0,0.47262537
2026-03-16 17:00:00+00:00,0,0.48391253
2026-03-16 17:05:00+00:00,0,0.5019817
2026-03-16 17:10:00+00:00,1,0.50573194
2026-03-16 17:15:00+00:00,1,0.49960762
2026-03-16 17:20:00+00:00,1,0.4962844
2026-03-16 17:25:00+00:00,1,0.50897634
2026-03-16 17:30:00+00:00,1,0.51204956
2026-03-16 17:35:00+00:00,1,0.4984931
2026-03-16 17:40:00+00:00,1,0.4999205
2026-03-16 17:45:00+00:00,1,0.4999205
2026-03-16 17:50:00+00:00,1,0.48788008
2026-03-16 17:55:00+00:00,1,0.48547164
2026-03-16 18:00:00+00:00,1,0.48584166
2026-03-16 18:05:00+00:00,0,0.4762238
2026-03-16 18:10:00+00:00,1,0.48687595
2026-03-16 18:15:00+00:00,0,0.47899392
2026-03-16 18:20:00+00:00,0,0.4771114
2026-03-16 18:25:00+00:00,0,0.4847343
2026-03-16 18:30:00+00:00,0,0.489263
2026-03-16 18:35:00+00:00,1,0.5014685
2026-03-16 18:40:00+00:00,1,0.4889468
2026-03-16 18:45:00+00:00,1,0.50623506
2026-03-16 18:50:00+00:00,1,0.5205785
2026-03-16 18:55:00+00:00,1,0.5281725
2026-03-16 19:00:00+00:00,1,0.5122428
2026-03-16 19:05:00+00:00,0,0.4739387
2026-03-16 19:10:00+00:00,0,0.475133
2026-03-16 19:15:00+00:00,0,0.48415193
2026-03-16 19:20:00+00:00,0,0.48843175
2026-03-16 19:25:00+00:00,1,0.4804181
2026-03-16 19:30:00+00:00,0,0.48477596
2026-03-16 19:35:00+00:00,0,0.48508522
2026-03-16 19:40:00+00:00,0,0.49125963
2026-03-16 19:45:00+00:00,1,0.5050081
2026-03-16 19:50:00+00:00,1,0.51792926
2026-03-16 19:55:00+00:00,1,0.4995128
2026-03-16 20:00:00+00:00,1,0.52419364
2026-03-16 20:05:00+00:00,1,0.50552726
2026-03-16 20:10:00+00:00,0,0.50373614
2026-03-16 20:15:00+00:00,1,0.50859845
2026-03-16 20:20:00+00:00,1,0.51278114
2026-03-16 20:25:00+00:00,0,0.50137633
2026-03-16 20:30:00+00:00,0,0.49074587
2026-03-16 20:35:00+00:00,0,0.49171144
2026-03-16 20:40:00+00:00,1,0.51198566
2026-03-16 20:45:00+00:00,0,0.5160747
2026-03-16 20:50:00+00:00,0,0.5178304
2026-03-16 20:55:00+00:00,0,0.5231066
2026-03-16 21:00:00+00:00,1,0.52662605
2026-03-16 21:05:00+00:00,1,0.5306177
2026-03-16 21:10:00+00:00,1,0.51183856
2026-03-16 21:15:00+00:00,1,0.51837397
2026-03-16 21:20:00+00:00,1,0.51875615
2026-03-16 21:25:00+00:00,1,0.5219207
2026-03-16 21:30:00+00:00,1,0.49960074
2026-03-16 21:35:00+00:00,1,0.4896196
2026-03-16 21:40:00+00:00,1,0.5079607
2026-03-16 21:45:00+00:00,1,0.5001687
2026-03-16 21:50:00+00:00,1,0.5056986
2026-03-16 21:55:00+00:00,1,0.5281827
2026-03-16 22:00:00+00:00,1,0.4903829
2026-03-16 22:05:00+00:00,0,0.47282332
2026-03-16 22:10:00+00:00,1,0.48105365
2026-03-16 22:15:00+00:00,1,0.47858778
2026-03-16 22:20:00+00:00,1,0.49639
2026-03-16 22:25:00+00:00,1,0.48777476
2026-03-16 22:30:00+00:00,0,0.49407524
2026-03-16 22:35:00+00:00,0,0.47812983
2026-03-16 22:40:00+00:00,0,0.48742127
2026-03-16 22:45:00+00:00,0,0.47478685
2026-03-16 22:50:00+00:00,0,0.47328448
2026-03-16 22:55:00+00:00,0,0.48108572
2026-03-16 23:00:00+00:00,1,0.50457567
2026-03-16 23:05:00+00:00,1,0.51781493
2026-03-16 23:10:00+00:00,1,0.5100214
2026-03-16 23:15:00+00:00,1,0.4911646
2026-03-16 23:20:00+00:00,1,0.50597084
2026-03-16 23:25:00+00:00,1,0.48465195
2026-03-16 23:30:00+00:00,0,0.47353137
2026-03-16 23:35:00+00:00,0,0.47656763
2026-03-16 23:40:00+00:00,1,0.47257346
2026-03-16 23:45:00+00:00,0,0.4715788
2026-03-16 23:50:00+00:00,0,0.5028624
2026-03-16 23:55:00+00:00,0,0.5017333
2026-03-17 00:00:00+00:00,1,0.518577
2026-03-17 00:05:00+00:00,0,0.50690305
2026-03-17 00:10:00+00:00,0,0.47920564
2026-03-17 00:15:00+00:00,0,0.51300335
2026-03-17 00:20:00+00:00,1,0.5198391
2026-03-17 00:25:00+00:00,0,0.51079994
2026-03-17 00:30:00+00:00,0,0.49680236
2026-03-17 00:35:00+00:00,1,0.5290667
2026-03-17 00:40:00+00:00,1,0.50296956
2026-03-17 00:45:00+00:00,1,0.50530446
2026-03-17 00:50:00+00:00,1,0.5147023
2026-03-17 00:55:00+00:00,1,0.5049689
2026-03-17 01:00:00+00:00,1,0.51750505
2026-03-17 01:05:00+00:00,0,0.49215385
2026-03-17 01:10:00+00:00,0,0.48180607
2026-03-17 01:15:00+00:00,0,0.49079928
2026-03-17 01:20:00+00:00,0,0.5233849
2026-03-17 01:25:00+00:00,0,0.48814866
2026-03-17 01:30:00+00:00,0,0.48325878
2026-03-17 01:35:00+00:00,0,0.5102237
2026-03-17 01:40:00+00:00,0,0.52744603
2026-03-17 01:45:00+00:00,1,0.5260459
2026-03-17 01:50:00+00:00,1,0.5299101
2026-03-17 01:55:00+00:00,0,0.51922065
2026-03-17 02:00:00+00:00,0,0.50474596
2026-03-17 02:05:00+00:00,1,0.53077096
2026-03-17 02:10:00+00:00,1,0.5239922
2026-03-17 02:15:00+00:00,1,0.5104234
2026-03-17 02:20:00+00:00,1,0.52216154
2026-03-17 02:25:00+00:00,1,0.5222202
2026-03-17 02:30:00+00:00,1,0.50775903
2026-03-17 02:35:00+00:00,0,0.4859807
2026-03-17 02:40:00+00:00,0,0.48225468
2026-03-17 02:45:00+00:00,0,0.4930189
2026-03-17 02:50:00+00:00,0,0.48443654
2026-03-17 02:55:00+00:00,0,0.4968765
2026-03-17 03:00:00+00:00,0,0.514099
2026-03-17 03:05:00+00:00,0,0.5203007
2026-03-17 03:10:00+00:00,0,0.523297
2026-03-17 03:15:00+00:00,0,0.5216451
2026-03-17 03:20:00+00:00,0,0.5226618
2026-03-17 03:25:00+00:00,0,0.527066
2026-03-17 03:30:00+00:00,0,0.53613263
2026-03-17 03:35:00+00:00,0,0.5345557
2026-03-17 03:40:00+00:00,1,0.5351191
2026-03-17 03:45:00+00:00,1,0.5351191
2026-03-17 03:50:00+00:00,1,0.5351191
2026-03-17 03:55:00+00:00,0,0.5323718
2026-03-17 04:00:00+00:00,0,0.5323718
2026-03-17 04:05:00+00:00,0,0.52086115
2026-03-17 04:10:00+00:00,0,0.52562594
2026-03-17 04:15:00+00:00,0,0.5216927
2026-03-17 04:20:00+00:00,0,0.5058285
2026-03-17 04:25:00+00:00,0,0.5302233
2026-03-17 04:30:00+00:00,1,0.5329683
2026-03-17 04:35:00+00:00,1,0.5320001
2026-03-17 04:40:00+00:00,1,0.5320001
2026-03-17 04:45:00+00:00,1,0.5270524
2026-03-17 04:50:00+00:00,1,0.53010607
2026-03-17 04:55:00+00:00,1,0.52188027
2026-03-17 05:00:00+00:00,0,0.5182299
2026-03-17 05:05:00+00:00,0,0.5077628
2026-03-17 05:10:00+00:00,0,0.5091763
2026-03-17 05:15:00+00:00,0,0.50791097
2026-03-17 05:20:00+00:00,0,0.5062697
2026-03-17 05:25:00+00:00,0,0.49762648
2026-03-17 05:30:00+00:00,0,0.5144928
2026-03-17 05:35:00+00:00,0,0.5193191
2026-03-17 05:40:00+00:00,1,0.52844435
2026-03-17 05:45:00+00:00,1,0.5275444
2026-03-17 05:50:00+00:00,1,0.51757675
2026-03-17 05:55:00+00:00,1,0.52193433
2026-03-17 06:00:00+00:00,1,0.5222701
2026-03-17 06:05:00+00:00,1,0.5194418
2026-03-17 06:10:00+00:00,0,0.51247513
2026-03-17 06:15:00+00:00,0,0.5140732
2026-03-17 06:20:00+00:00,0,0.49105638
2026-03-17 06:25:00+00:00,0,0.508697
2026-03-17 06:30:00+00:00,1,0.506859
2026-03-17 06:35:00+00:00,1,0.4945877
2026-03-17 06:40:00+00:00,1,0.52880496
2026-03-17 06:45:00+00:00,1,0.5296551
2026-03-17 06:50:00+00:00,1,0.5202577
2026-03-17 06:55:00+00:00,1,0.5218032
2026-03-17 07:00:00+00:00,1,0.48767722
2026-03-17 07:05:00+00:00,1,0.4803915
2026-03-17 07:10:00+00:00,1,0.4803915
2026-03-17 07:15:00+00:00,0,0.47798005
2026-03-17 07:20:00+00:00,0,0.4732156
2026-03-17 07:25:00+00:00,0,0.47974598
2026-03-17 07:30:00+00:00,0,0.48862007
2026-03-17 07:35:00+00:00,0,0.48285806
2026-03-17 07:40:00+00:00,0,0.48941007
2026-03-17 07:45:00+00:00,0,0.49509925
2026-03-17 07:50:00+00:00,0,0.49521235
2026-03-17 07:55:00+00:00,0,0.4930692
2026-03-17 08:00:00+00:00,1,0.4967971
2026-03-17 08:05:00+00:00,1,0.4868675
2026-03-17 08:10:00+00:00,1,0.47441044
2026-03-17 08:15:00+00:00,1,0.45747522
2026-03-17 08:20:00+00:00,1,0.4842701
2026-03-17 08:25:00+00:00,0,0.47047243
2026-03-17 08:30:00+00:00,0,0.47968102
2026-03-17 08:35:00+00:00,0,0.47696587
2026-03-17 08:40:00+00:00,0,0.47556722
2026-03-17 08:45:00+00:00,0,0.47399908
2026-03-17 08:50:00+00:00,0,0.48090062
2026-03-17 08:55:00+00:00,1,0.505526
2026-03-17 09:00:00+00:00,1,0.50489795
2026-03-17 09:05:00+00:00,1,0.5072832
2026-03-17 09:10:00+00:00,1,0.5072832
2026-03-17 09:15:00+00:00,0,0.49990466
2026-03-17 09:20:00+00:00,0,0.5001956
2026-03-17 09:25:00+00:00,0,0.48471838
2026-03-17 09:30:00+00:00,0,0.5038185
2026-03-17 09:35:00+00:00,0,0.50342804
2026-03-17 09:40:00+00:00,0,0.50051636
2026-03-17 09:45:00+00:00,0,0.49762985
2026-03-17 09:50:00+00:00,0,0.50648874
2026-03-17 09:55:00+00:00,0,0.5013156
2026-03-17 10:00:00+00:00,0,0.5045272
2026-03-17 10:05:00+00:00,1,0.5025204
2026-03-17 10:10:00+00:00,0,0.5002413
2026-03-17 10:15:00+00:00,1,0.50299346
2026-03-17 10:20:00+00:00,1,0.500842
2026-03-17 10:25:00+00:00,1,0.500842
2026-03-17 10:30:00+00:00,1,0.50135314
2026-03-17 10:35:00+00:00,1,0.49642044
2026-03-17 10:40:00+00:00,1,0.49428618
2026-03-17 10:45:00+00:00,1,0.49442166
2026-03-17 10:50:00+00:00,1,0.49590993
2026-03-17 10:55:00+00:00,1,0.4956953
2026-03-17 11:00:00+00:00,1,0.49374646
2026-03-17 11:05:00+00:00,1,0.4796662
2026-03-17 11:10:00+00:00,0,0.46144405
2026-03-17 11:15:00+00:00,0,0.4636242
2026-03-17 11:20:00+00:00,0,0.4644262
2026-03-17 11:25:00+00:00,0,0.47874358
2026-03-17 11:30:00+00:00,0,0.49017465
2026-03-17 11:35:00+00:00,0,0.4851243
2026-03-17 11:40:00+00:00,0,0.48758402
2026-03-17 11:45:00+00:00,0,0.4899335
2026-03-17 11:50:00+00:00,0,0.4942653
2026-03-17 11:55:00+00:00,0,0.49565354
2026-03-17 12:00:00+00:00,0,0.50222635
2026-03-17 12:05:00+00:00,0,0.50077033
2026-03-17 12:10:00+00:00,0,0.5042201
2026-03-17 12:15:00+00:00,0,0.4818596
2026-03-17 12:20:00+00:00,0,0.50624293
2026-03-17 12:25:00+00:00,0,0.50414944
2026-03-17 12:30:00+00:00,1,0.52315146
2026-03-17 12:35:00+00:00,1,0.5235929
2026-03-17 12:40:00+00:00,1,0.5224922
2026-03-17 12:45:00+00:00,1,0.51504165
2026-03-17 12:50:00+00:00,1,0.51657194
2026-03-17 12:55:00+00:00,1,0.4979043
2026-03-17 13:00:00+00:00,1,0.5014913
2026-03-17 13:05:00+00:00,1,0.5029199
2026-03-17 13:10:00+00:00,1,0.5047609
2026-03-17 13:15:00+00:00,1,0.5047609
2026-03-17 13:20:00+00:00,1,0.5070342
2026-03-17 13:25:00+00:00,1,0.50136524
2026-03-17 13:30:00+00:00,0,0.48841342
2026-03-17 13:35:00+00:00,0,0.48074165
2026-03-17 13:40:00+00:00,1,0.5048747
2026-03-17 13:45:00+00:00,1,0.51646405
2026-03-17 13:50:00+00:00,1,0.5012196
2026-03-17 13:55:00+00:00,1,0.48636323
2026-03-17 14:00:00+00:00,1,0.5074635
2026-03-17 14:05:00+00:00,1,0.48821625
2026-03-17 14:10:00+00:00,1,0.48037687
2026-03-17 14:15:00+00:00,1,0.50017184
2026-03-17 14:20:00+00:00,1,0.48463655
2026-03-17 14:25:00+00:00,1,0.47506627
2026-03-17 14:30:00+00:00,1,0.4713472
2026-03-17 14:35:00+00:00,0,0.48273656
2026-03-17 14:40:00+00:00,0,0.4733969
2026-03-17 14:45:00+00:00,0,0.48584858
2026-03-17 14:50:00+00:00,0,0.4882267
2026-03-17 14:55:00+00:00,0,0.49410638
2026-03-17 15:00:00+00:00,0,0.46921158
2026-03-17 15:05:00+00:00,0,0.48495758
2026-03-17 15:10:00+00:00,0,0.48817444
2026-03-17 15:15:00+00:00,0,0.48245317
2026-03-17 15:20:00+00:00,0,0.49203944
2026-03-17 15:25:00+00:00,1,0.49238387
2026-03-17 15:30:00+00:00,0,0.5077701
2026-03-17 15:35:00+00:00,1,0.5065696
2026-03-17 15:40:00+00:00,1,0.5050183
2026-03-17 15:45:00+00:00,1,0.5070829
2026-03-17 15:50:00+00:00,1,0.49922597
2026-03-17 15:55:00+00:00,1,0.50482297
2026-03-17 16:00:00+00:00,1,0.49797383
2026-03-17 16:05:00+00:00,0,0.4964623
2026-03-17 16:10:00+00:00,0,0.50685245
2026-03-17 16:15:00+00:00,0,0.48899126
2026-03-17 16:20:00+00:00,0,0.4767689
2026-03-17 16:25:00+00:00,0,0.49546623
2026-03-17 16:30:00+00:00,1,0.51245856
2026-03-17 16:35:00+00:00,1,0.5100679
2026-03-17 16:40:00+00:00,1,0.51608646
2026-03-17 16:45:00+00:00,1,0.5169325
2026-03-17 16:50:00+00:00,1,0.497252
2026-03-17 16:55:00+00:00,1,0.49147826
2026-03-17 17:00:00+00:00,0,0.48236382
2026-03-17 17:05:00+00:00,1,0.492649
2026-03-17 17:10:00+00:00,1,0.4877902
2026-03-17 17:15:00+00:00,1,0.48451182
2026-03-17 17:20:00+00:00,1,0.48225823
2026-03-17 17:25:00+00:00,1,0.49601445
2026-03-17 17:30:00+00:00,1,0.50104755
2026-03-17 17:35:00+00:00,1,0.49134228
2026-03-17 17:40:00+00:00,1,0.48817506
2026-03-17 17:45:00+00:00,1,0.4778029
2026-03-17 17:50:00+00:00,1,0.48561913
2026-03-17 17:55:00+00:00,1,0.46696138
2026-03-17 18:00:00+00:00,1,0.4746277
2026-03-17 18:05:00+00:00,1,0.4776744
2026-03-17 18:10:00+00:00,1,0.48852265
2026-03-17 18:15:00+00:00,1,0.4791976
2026-03-17 18:20:00+00:00,1,0.48547107
2026-03-17 18:25:00+00:00,1,0.5027819
2026-03-17 18:30:00+00:00,0,0.4834635
2026-03-17 18:35:00+00:00,0,0.47721627
2026-03-17 18:40:00+00:00,0,0.48533624
2026-03-17 18:45:00+00:00,0,0.47624257
2026-03-17 18:50:00+00:00,0,0.48533624
2026-03-17 18:55:00+00:00,0,0.4876881
2026-03-17 19:00:00+00:00,0,0.51606786
2026-03-17 19:05:00+00:00,1,0.51573133
2026-03-17 19:10:00+00:00,1,0.5167021
2026-03-17 19:15:00+00:00,1,0.52136034
2026-03-17 19:20:00+00:00,1,0.52174246
2026-03-17 19:25:00+00:00,0,0.5121859
2026-03-17 19:30:00+00:00,0,0.51614594
2026-03-17 19:35:00+00:00,0,0.5128248
2026-03-17 19:40:00+00:00,0,0.5128819
2026-03-17 19:45:00+00:00,0,0.5140844
2026-03-17 19:50:00+00:00,1,0.51489896
2026-03-17 19:55:00+00:00,1,0.5260994
2026-03-17 20:00:00+00:00,0,0.5293031
2026-03-17 20:05:00+00:00,1,0.52840334
2026-03-17 20:10:00+00:00,1,0.5295079
2026-03-17 20:15:00+00:00,1,0.5181681
2026-03-17 20:20:00+00:00,0,0.51876247
2026-03-17 20:25:00+00:00,0,0.52074134
2026-03-17 20:30:00+00:00,1,0.5187282
2026-03-17 20:35:00+00:00,1,0.51700276
2026-03-17 20:40:00+00:00,1,0.5128868
2026-03-17 20:45:00+00:00,1,0.51816803
2026-03-17 20:50:00+00:00,1,0.5177857
2026-03-17 20:55:00+00:00,1,0.5149873
2026-03-17 21:00:00+00:00,1,0.51007485
2026-03-17 21:05:00+00:00,1,0.49853346
2026-03-17 21:10:00+00:00,0,0.4759574
2026-03-17 21:15:00+00:00,0,0.48947272
2026-03-17 21:20:00+00:00,0,0.48692322
2026-03-17 21:25:00+00:00,1,0.49267235
2026-03-17 21:30:00+00:00,1,0.49043643
2026-03-17 21:35:00+00:00,1,0.4978576
2026-03-17 21:40:00+00:00,1,0.49652693
2026-03-17 21:45:00+00:00,1,0.4928816
2026-03-17 21:50:00+00:00,1,0.4941114
2026-03-17 21:55:00+00:00,0,0.4883693
2026-03-17 22:00:00+00:00,0,0.48090938
2026-03-17 22:05:00+00:00,0,0.4946112
2026-03-17 22:10:00+00:00,0,0.48301342
2026-03-17 22:15:00+00:00,0,0.4819655
2026-03-17 22:20:00+00:00,1,0.5001083
2026-03-17 22:25:00+00:00,1,0.5154378
2026-03-17 22:30:00+00:00,1,0.51957566
2026-03-17 22:35:00+00:00,1,0.51738375
2026-03-17 22:40:00+00:00,1,0.5041773
2026-03-17 22:45:00+00:00,0,0.49565694
2026-03-17 22:50:00+00:00,0,0.501444
2026-03-17 22:55:00+00:00,0,0.49213567
2026-03-17 23:00:00+00:00,0,0.4908858
2026-03-17 23:05:00+00:00,0,0.49060374
2026-03-17 23:10:00+00:00,0,0.50064653
2026-03-17 23:15:00+00:00,0,0.5050523
2026-03-17 23:20:00+00:00,0,0.52419
2026-03-17 23:25:00+00:00,0,0.5274467
