open_time,target_6,prediction
2026-01-19 00:45:00+00:00,1,0.49833777143475044
2026-01-19 00:50:00+00:00,0,0.5996110470198946
2026-01-19 00:55:00+00:00,1,0.5775714716155049
2026-01-19 01:00:00+00:00,1,0.5309491611453623
2026-01-19 01:05:00+00:00,0,0.5029838464299383
2026-01-19 01:10:00+00:00,0,0.4204440922620114
2026-01-19 01:15:00+00:00,0,0.5065301190388738
2026-01-19 01:20:00+00:00,0,0.49716123548560454
2026-01-19 01:25:00+00:00,0,0.46061133220007255
2026-01-19 01:30:00+00:00,0,0.41689003716182466
2026-01-19 01:35:00+00:00,1,0.42901032892481483
2026-01-19 01:40:00+00:00,1,0.4577693833517257
2026-01-19 01:45:00+00:00,1,0.46432944576729857
2026-01-19 01:50:00+00:00,1,0.4736114409199077
2026-01-19 01:55:00+00:00,1,0.45206845596669626
2026-01-19 02:00:00+00:00,1,0.4496311151217499
2026-01-19 02:05:00+00:00,0,0.3629505089061598
2026-01-19 02:10:00+00:00,0,0.34067476472490776
2026-01-19 02:15:00+00:00,0,0.3378014674422212
2026-01-19 02:20:00+00:00,0,0.3440599505142013
2026-01-19 02:25:00+00:00,1,0.3720210575782395
2026-01-19 02:30:00+00:00,0,0.3579569517917439
2026-01-19 02:35:00+00:00,1,0.3925149912308786
2026-01-19 02:40:00+00:00,1,0.40650783533718804
2026-01-19 02:45:00+00:00,1,0.4032516309701001
2026-01-19 02:50:00+00:00,1,0.3817023524068233
2026-01-19 02:55:00+00:00,1,0.37794205291808014
2026-01-19 03:00:00+00:00,1,0.36732902318676497
2026-01-19 03:05:00+00:00,1,0.3678069734686879
2026-01-19 03:10:00+00:00,1,0.39518593427281345
2026-01-19 03:15:00+00:00,1,0.3613029785523686
2026-01-19 03:20:00+00:00,1,0.368314529282813
2026-01-19 03:25:00+00:00,1,0.3597377441755884
2026-01-19 03:30:00+00:00,1,0.3708281020111688
2026-01-19 03:35:00+00:00,0,0.37250688963138723
2026-01-19 03:40:00+00:00,0,0.363792069598667
2026-01-19 03:45:00+00:00,0,0.3638456493984998
2026-01-19 03:50:00+00:00,0,0.35997540968819747
2026-01-19 03:55:00+00:00,0,0.3658174175602635
2026-01-19 04:00:00+00:00,0,0.38342548200734416
2026-01-19 04:05:00+00:00,0,0.39665296038421827
2026-01-19 04:10:00+00:00,1,0.43853652379254515
2026-01-19 04:15:00+00:00,0,0.431377502269291
2026-01-19 04:20:00+00:00,1,0.459600290561687
2026-01-19 04:25:00+00:00,0,0.46771619418148674
2026-01-19 04:30:00+00:00,1,0.47110202882531427
2026-01-19 04:35:00+00:00,0,0.4520768005147128
2026-01-19 04:40:00+00:00,0,0.4633068656037796
2026-01-19 04:45:00+00:00,0,0.4780830919536452
2026-01-19 04:50:00+00:00,0,0.4557533158993571
2026-01-19 04:55:00+00:00,1,0.46692075103312297
2026-01-19 05:00:00+00:00,0,0.4394508062713901
2026-01-19 05:05:00+00:00,0,0.4718350053099871
2026-01-19 05:10:00+00:00,0,0.462876498059961
2026-01-19 05:15:00+00:00,1,0.4719273118449641
2026-01-19 05:20:00+00:00,1,0.4693240714688906
2026-01-19 05:25:00+00:00,1,0.45883517093055176
2026-01-19 05:30:00+00:00,1,0.4622546195752923
2026-01-19 05:35:00+00:00,1,0.4497824873178703
2026-01-19 05:40:00+00:00,1,0.4577720137362748
2026-01-19 05:45:00+00:00,1,0.4560825108729285
2026-01-19 05:50:00+00:00,0,0.45551933065743105
2026-01-19 05:55:00+00:00,0,0.4299099931445059
2026-01-19 06:00:00+00:00,0,0.432961480837817
2026-01-19 06:05:00+00:00,0,0.4404288664157138
2026-01-19 06:10:00+00:00,0,0.4422579497276567
2026-01-19 06:15:00+00:00,0,0.43361154460158174
2026-01-19 06:20:00+00:00,0,0.4456064874637719
2026-01-19 06:25:00+00:00,1,0.4560480178911654
2026-01-19 06:30:00+00:00,0,0.44341379134574804
2026-01-19 06:35:00+00:00,1,0.47569913252656526
2026-01-19 06:40:00+00:00,1,0.46029084858084146
2026-01-19 06:45:00+00:00,1,0.449234944317304
2026-01-19 06:50:00+00:00,1,0.469072219623321
2026-01-19 06:55:00+00:00,1,0.4317356779563368
2026-01-19 07:00:00+00:00,1,0.4544412535217518
2026-01-19 07:05:00+00:00,1,0.4596407541586855
2026-01-19 07:10:00+00:00,1,0.4537616458143913
2026-01-19 07:15:00+00:00,1,0.43568278070499145
2026-01-19 07:20:00+00:00,1,0.43534082607938823
2026-01-19 07:25:00+00:00,1,0.4581781178805314
2026-01-19 07:30:00+00:00,1,0.44279331232985614
2026-01-19 07:35:00+00:00,1,0.45065725118820193
2026-01-19 07:40:00+00:00,1,0.44977847066540394
2026-01-19 07:45:00+00:00,1,0.4518179248659947
2026-01-19 07:50:00+00:00,1,0.4587625887743992
2026-01-19 07:55:00+00:00,1,0.45346436974112375
2026-01-19 08:00:00+00:00,1,0.42275361940499645
2026-01-19 08:05:00+00:00,1,0.43962502566652467
2026-01-19 08:10:00+00:00,0,0.4408520286442226
2026-01-19 08:15:00+00:00,0,0.4103731687095643
2026-01-19 08:20:00+00:00,0,0.41283049433780594
2026-01-19 08:25:00+00:00,0,0.4105721618814043
2026-01-19 08:30:00+00:00,0,0.4205915164663369
2026-01-19 08:35:00+00:00,0,0.4370433998233925
2026-01-19 08:40:00+00:00,0,0.47135550392318365
2026-01-19 08:45:00+00:00,0,0.45271787737364794
2026-01-19 08:50:00+00:00,0,0.4488236467920803
2026-01-19 08:55:00+00:00,0,0.46358484329411725
2026-01-19 09:00:00+00:00,1,0.45807132530356637
2026-01-19 09:05:00+00:00,0,0.47040049553784186
2026-01-19 09:10:00+00:00,1,0.48998931757253894
2026-01-19 09:15:00+00:00,1,0.48030195914453855
2026-01-19 09:20:00+00:00,1,0.46225394023299715
2026-01-19 09:25:00+00:00,1,0.4652072763852957
2026-01-19 09:30:00+00:00,0,0.46625304557195224
2026-01-19 09:35:00+00:00,0,0.4415907954037562
2026-01-19 09:40:00+00:00,0,0.43490218480844406
2026-01-19 09:45:00+00:00,0,0.42876894284299505
2026-01-19 09:50:00+00:00,0,0.42156663565776564
2026-01-19 09:55:00+00:00,0,0.43135025002812893
2026-01-19 10:00:00+00:00,0,0.40277921588331617
2026-01-19 10:05:00+00:00,1,0.4201088084316585
2026-01-19 10:10:00+00:00,0,0.42804756911989833
2026-01-19 10:15:00+00:00,0,0.4221698928706961
2026-01-19 10:20:00+00:00,1,0.43854354131177714
2026-01-19 10:25:00+00:00,1,0.45236073840358226
2026-01-19 10:30:00+00:00,1,0.4528072181055774
2026-01-19 10:35:00+00:00,1,0.4608048935483439
2026-01-19 10:40:00+00:00,1,0.454981988902839
2026-01-19 10:45:00+00:00,0,0.47403918430605124
2026-01-19 10:50:00+00:00,1,0.45688556994950513
2026-01-19 10:55:00+00:00,1,0.4462525048056202
2026-01-19 11:00:00+00:00,1,0.4337998163376388
2026-01-19 11:05:00+00:00,1,0.4119401643478655
2026-01-19 11:10:00+00:00,1,0.47417490880515384
2026-01-19 11:15:00+00:00,1,0.49313241277463143
2026-01-19 11:20:00+00:00,1,0.47556902781460203
2026-01-19 11:25:00+00:00,0,0.46049765092815464
2026-01-19 11:30:00+00:00,0,0.44824263442066814
2026-01-19 11:35:00+00:00,0,0.42877060943710976
2026-01-19 11:40:00+00:00,0,0.42612127590205046
2026-01-19 11:45:00+00:00,0,0.44858173323319467
2026-01-19 11:50:00+00:00,0,0.4422632876957809
2026-01-19 11:55:00+00:00,1,0.4474652800238917
2026-01-19 12:00:00+00:00,1,0.4935128934104206
2026-01-19 12:05:00+00:00,1,0.47106732811696456
2026-01-19 12:10:00+00:00,1,0.47932844527986274
2026-01-19 12:15:00+00:00,1,0.46815255551505514
2026-01-19 12:20:00+00:00,1,0.4737024066927835
2026-01-19 12:25:00+00:00,0,0.45766383765481894
2026-01-19 12:30:00+00:00,0,0.4403215430509112
2026-01-19 12:35:00+00:00,0,0.4549004451355445
2026-01-19 12:40:00+00:00,0,0.4789226423471035
2026-01-19 12:45:00+00:00,0,0.48081294302482364
2026-01-19 12:50:00+00:00,0,0.48764718944611113
2026-01-19 12:55:00+00:00,0,0.4850199002420201
2026-01-19 13:00:00+00:00,0,0.49042745233797913
2026-01-19 13:05:00+00:00,0,0.4579827428630063
2026-01-19 13:10:00+00:00,0,0.46063845058366604
2026-01-19 13:15:00+00:00,0,0.4515332732644717
2026-01-19 13:20:00+00:00,1,0.4695098553901792
2026-01-19 13:25:00+00:00,1,0.48972449834859755
2026-01-19 13:30:00+00:00,1,0.4840390024623985
2026-01-19 13:35:00+00:00,1,0.4709647701903526
2026-01-19 13:40:00+00:00,1,0.4658696840712035
2026-01-19 13:45:00+00:00,1,0.4818963847972082
2026-01-19 13:50:00+00:00,1,0.4762425669446075
2026-01-19 13:55:00+00:00,1,0.48947709271222367
2026-01-19 14:00:00+00:00,1,0.497388146763102
2026-01-19 14:05:00+00:00,1,0.4900856713583711
2026-01-19 14:10:00+00:00,1,0.44775281198747774
2026-01-19 14:15:00+00:00,1,0.4404572376623833
2026-01-19 14:20:00+00:00,0,0.43885837988775256
2026-01-19 14:25:00+00:00,0,0.44793371991804964
2026-01-19 14:30:00+00:00,1,0.43474324239787765
2026-01-19 14:35:00+00:00,1,0.44577798208091307
2026-01-19 14:40:00+00:00,1,0.423594784932538
2026-01-19 14:45:00+00:00,1,0.42930143334189924
2026-01-19 14:50:00+00:00,1,0.4290668106886236
2026-01-19 14:55:00+00:00,1,0.43670868117744643
2026-01-19 15:00:00+00:00,0,0.4434436340762755
2026-01-19 15:05:00+00:00,0,0.4448543437479532
2026-01-19 15:10:00+00:00,0,0.43556611516719174
2026-01-19 15:15:00+00:00,0,0.44264956904061564
2026-01-19 15:20:00+00:00,1,0.44919932714726074
2026-01-19 15:25:00+00:00,0,0.4547225951797625
2026-01-19 15:30:00+00:00,0,0.4586361108297876
2026-01-19 15:35:00+00:00,0,0.4434328834883886
2026-01-19 15:40:00+00:00,0,0.44665723505974064
2026-01-19 15:45:00+00:00,0,0.4502377916434036
2026-01-19 15:50:00+00:00,0,0.44964557975619074
2026-01-19 15:55:00+00:00,0,0.47362898875153064
2026-01-19 16:00:00+00:00,0,0.47092812508618853
2026-01-19 16:05:00+00:00,1,0.47209714086411814
2026-01-19 16:10:00+00:00,1,0.491116602561571
2026-01-19 16:15:00+00:00,1,0.47301011280026956
2026-01-19 16:20:00+00:00,1,0.4851287444511692
2026-01-19 16:25:00+00:00,1,0.4581316232453947
2026-01-19 16:30:00+00:00,1,0.46674670938543383
2026-01-19 16:35:00+00:00,1,0.4785086139494855
2026-01-19 16:40:00+00:00,1,0.450986837315602
2026-01-19 16:45:00+00:00,1,0.448549119393554
2026-01-19 16:50:00+00:00,0,0.43755036189275415
2026-01-19 16:55:00+00:00,1,0.4556583720276715
2026-01-19 17:00:00+00:00,1,0.4694911432568036
2026-01-19 17:05:00+00:00,1,0.4659043113976297
2026-01-19 17:10:00+00:00,1,0.4662782657515272
2026-01-19 17:15:00+00:00,1,0.4633897031576217
2026-01-19 17:20:00+00:00,1,0.463693361017995
2026-01-19 17:25:00+00:00,1,0.45165492352471825
2026-01-19 17:30:00+00:00,0,0.44349946640611665
2026-01-19 17:35:00+00:00,0,0.44356636797085464
2026-01-19 17:40:00+00:00,0,0.43387604004716224
2026-01-19 17:45:00+00:00,0,0.44936546685514517
2026-01-19 17:50:00+00:00,0,0.47759353401550936
2026-01-19 17:55:00+00:00,0,0.47336013310986
2026-01-19 18:00:00+00:00,1,0.4843219551198804
2026-01-19 18:05:00+00:00,1,0.5018725687818676
2026-01-19 18:10:00+00:00,1,0.485595983832342
2026-01-19 18:15:00+00:00,1,0.45888538811374974
2026-01-19 18:20:00+00:00,1,0.47138549554184417
2026-01-19 18:25:00+00:00,1,0.49110248216818503
2026-01-19 18:30:00+00:00,1,0.4711985307807957
2026-01-19 18:35:00+00:00,0,0.46111590795280544
2026-01-19 18:40:00+00:00,0,0.46811739373173267
2026-01-19 18:45:00+00:00,1,0.463163218744536
2026-01-19 18:50:00+00:00,1,0.4581098853843744
2026-01-19 18:55:00+00:00,1,0.46942638076729537
2026-01-19 19:00:00+00:00,1,0.47248992120721073
2026-01-19 19:05:00+00:00,1,0.4784733462719836
2026-01-19 19:10:00+00:00,1,0.4824749916369992
2026-01-19 19:15:00+00:00,1,0.46700983648755756
2026-01-19 19:20:00+00:00,0,0.4703337735891927
2026-01-19 19:25:00+00:00,1,0.46309271502969773
2026-01-19 19:30:00+00:00,0,0.46197576830347425
2026-01-19 19:35:00+00:00,0,0.46011830898115064
2026-01-19 19:40:00+00:00,0,0.46578258288068797
2026-01-19 19:45:00+00:00,0,0.4880738208674309
2026-01-19 19:50:00+00:00,1,0.47338687059807505
2026-01-19 19:55:00+00:00,0,0.47340692033837567
2026-01-19 20:00:00+00:00,0,0.4656360588512921
2026-01-19 20:05:00+00:00,0,0.46981166459485046
2026-01-19 20:10:00+00:00,0,0.4733876075148889
2026-01-19 20:15:00+00:00,0,0.4710259572334384
2026-01-19 20:20:00+00:00,0,0.47677624858987055
2026-01-19 20:25:00+00:00,0,0.476899801985441
2026-01-19 20:30:00+00:00,0,0.5096977880707653
2026-01-19 20:35:00+00:00,0,0.5071414312075089
2026-01-19 20:40:00+00:00,0,0.49346504711615596
2026-01-19 20:45:00+00:00,0,0.5042066914202962
2026-01-19 20:50:00+00:00,0,0.5067083426820187
2026-01-19 20:55:00+00:00,0,0.5004149979521083
2026-01-19 21:00:00+00:00,0,0.5027220500683948
2026-01-19 21:05:00+00:00,0,0.5078031577320177
2026-01-19 21:10:00+00:00,1,0.5111508583411999
2026-01-19 21:15:00+00:00,0,0.5092318208400798
2026-01-19 21:20:00+00:00,0,0.517969043420753
2026-01-19 21:25:00+00:00,0,0.5055379541852905
2026-01-19 21:30:00+00:00,1,0.5044160528333933
2026-01-19 21:35:00+00:00,0,0.48767264887239437
2026-01-19 21:40:00+00:00,0,0.4866367667243922
2026-01-19 21:45:00+00:00,1,0.5012481808757157
2026-01-19 21:50:00+00:00,1,0.4891282861713185
2026-01-19 21:55:00+00:00,1,0.49839719839202773
2026-01-19 22:00:00+00:00,0,0.4410376412030638
2026-01-19 22:05:00+00:00,0,0.4431397749120941
2026-01-19 22:10:00+00:00,0,0.475681424292222
2026-01-19 22:15:00+00:00,0,0.4491954080483853
2026-01-19 22:20:00+00:00,0,0.4618352287268044
2026-01-19 22:25:00+00:00,0,0.4635438310385455
2026-01-19 22:30:00+00:00,0,0.4813250949013116
2026-01-19 22:35:00+00:00,0,0.4948291004135641
2026-01-19 22:40:00+00:00,0,0.4857495021213847
2026-01-19 22:45:00+00:00,0,0.48747840915146884
2026-01-19 22:50:00+00:00,0,0.4836302276094608
2026-01-19 22:55:00+00:00,0,0.48763241827030546
2026-01-19 23:00:00+00:00,1,0.4992793487186321
2026-01-19 23:05:00+00:00,1,0.47970561286842095
2026-01-19 23:10:00+00:00,1,0.46705022203160473
2026-01-19 23:15:00+00:00,1,0.4622271271204934
2026-01-19 23:20:00+00:00,1,0.46678080353167734
2026-01-19 23:25:00+00:00,1,0.4874282577614034
2026-01-19 23:30:00+00:00,1,0.4697637765180231
2026-01-19 23:35:00+00:00,1,0.4773045564711663
2026-01-19 23:40:00+00:00,1,0.4825839809657591
2026-01-19 23:45:00+00:00,0,0.4729934153714786
2026-01-19 23:50:00+00:00,1,0.4525925981943589
2026-01-19 23:55:00+00:00,1,0.48245458939842883
2026-01-20 00:00:00+00:00,0,0.5042118222986465
2026-01-20 00:05:00+00:00,1,0.4961597680281844
2026-01-20 00:10:00+00:00,1,0.5030557369698877
2026-01-20 00:15:00+00:00,1,0.4900024471783194
2026-01-20 00:20:00+00:00,1,0.4996464551796252
2026-01-20 00:25:00+00:00,0,0.5008273929814326
2026-01-20 00:30:00+00:00,0,0.5022147666965847
2026-01-20 00:35:00+00:00,0,0.5161291549966338
2026-01-20 00:40:00+00:00,0,0.46186755589738493
2026-01-20 00:45:00+00:00,0,0.47541655927380494
2026-01-20 00:50:00+00:00,1,0.47329218470523493
2026-01-20 00:55:00+00:00,1,0.48681059039840097
2026-01-20 01:00:00+00:00,1,0.4878376419917572
2026-01-20 01:05:00+00:00,0,0.5096340896678799
2026-01-20 01:10:00+00:00,0,0.49722395178693846
2026-01-20 01:15:00+00:00,0,0.5087313516811907
2026-01-20 01:20:00+00:00,0,0.49666427695260523
2026-01-20 01:25:00+00:00,0,0.47394476347851006
2026-01-20 01:30:00+00:00,0,0.49708474347040743
2026-01-20 01:35:00+00:00,0,0.47883711185149264
2026-01-20 01:40:00+00:00,0,0.47056984786885586
2026-01-20 01:45:00+00:00,0,0.46472231283528914
2026-01-20 01:50:00+00:00,0,0.4591523038014977
2026-01-20 01:55:00+00:00,0,0.47843490558301466
2026-01-20 02:00:00+00:00,0,0.4758266809124124
2026-01-20 02:05:00+00:00,1,0.4785538192416377
2026-01-20 02:10:00+00:00,1,0.47042693728594814
2026-01-20 02:15:00+00:00,1,0.46092800959762803
2026-01-20 02:20:00+00:00,1,0.45431108147364385
2026-01-20 02:25:00+00:00,0,0.46638453384855283
2026-01-20 02:30:00+00:00,0,0.43353903002415917
2026-01-20 02:35:00+00:00,0,0.468383934031429
2026-01-20 02:40:00+00:00,0,0.4708121329618653
2026-01-20 02:45:00+00:00,0,0.4825916127877537
2026-01-20 02:50:00+00:00,0,0.5014753760813153
2026-01-20 02:55:00+00:00,0,0.5053970849749289
2026-01-20 03:00:00+00:00,0,0.49585776907018503
2026-01-20 03:05:00+00:00,0,0.48461398650751225
2026-01-20 03:10:00+00:00,0,0.48192834346426666
2026-01-20 03:15:00+00:00,1,0.49799741292843064
2026-01-20 03:20:00+00:00,0,0.48591015654679764
2026-01-20 03:25:00+00:00,1,0.5185379635238285
2026-01-20 03:30:00+00:00,1,0.5216921788697936
2026-01-20 03:35:00+00:00,1,0.5131904583970059
2026-01-20 03:40:00+00:00,0,0.5160092246676938
2026-01-20 03:45:00+00:00,0,0.5035008251630442
2026-01-20 03:50:00+00:00,0,0.5293010667174206
2026-01-20 03:55:00+00:00,0,0.5227947428484581
2026-01-20 04:00:00+00:00,1,0.5269378518603167
2026-01-20 04:05:00+00:00,1,0.5488799416236871
2026-01-20 04:10:00+00:00,1,0.5479759226138898
2026-01-20 04:15:00+00:00,1,0.563839201276926
2026-01-20 04:20:00+00:00,1,0.5310582252715981
2026-01-20 04:25:00+00:00,1,0.537594303275011
2026-01-20 04:30:00+00:00,0,0.49149791422534117
2026-01-20 04:35:00+00:00,0,0.4975845512393204
2026-01-20 04:40:00+00:00,0,0.4940089570237594
2026-01-20 04:45:00+00:00,0,0.4830893837198971
2026-01-20 04:50:00+00:00,1,0.5002082424470424
2026-01-20 04:55:00+00:00,1,0.47711304954401235
2026-01-20 05:00:00+00:00,1,0.4851323805102099
2026-01-20 05:05:00+00:00,1,0.4898394849435039
2026-01-20 05:10:00+00:00,1,0.5038980284575476
2026-01-20 05:15:00+00:00,1,0.47937283555533766
2026-01-20 05:20:00+00:00,1,0.48799753734613704
2026-01-20 05:25:00+00:00,1,0.4739319980367157
2026-01-20 05:30:00+00:00,1,0.45758336576687414
2026-01-20 05:35:00+00:00,1,0.4727270015637462
2026-01-20 05:40:00+00:00,1,0.4769173334398741
2026-01-20 05:45:00+00:00,0,0.47388416269749284
2026-01-20 05:50:00+00:00,0,0.4740759380112457
2026-01-20 05:55:00+00:00,0,0.4756584579301309
2026-01-20 06:00:00+00:00,0,0.46338792794691697
2026-01-20 06:05:00+00:00,0,0.4683591304242641
2026-01-20 06:10:00+00:00,0,0.4699706703288997
2026-01-20 06:15:00+00:00,1,0.5173908572400508
2026-01-20 06:20:00+00:00,0,0.4790367081277849
2026-01-20 06:25:00+00:00,0,0.4619877875045026
2026-01-20 06:30:00+00:00,0,0.4831324620442604
2026-01-20 06:35:00+00:00,1,0.4898537851699993
2026-01-20 06:40:00+00:00,1,0.4950491077561035
2026-01-20 06:45:00+00:00,1,0.4918444557350076
2026-01-20 06:50:00+00:00,1,0.5181935758875758
2026-01-20 06:55:00+00:00,1,0.5065107965064445
2026-01-20 07:00:00+00:00,1,0.5148036088425366
2026-01-20 07:05:00+00:00,0,0.48175601907577864
2026-01-20 07:10:00+00:00,0,0.4927652673720422
2026-01-20 07:15:00+00:00,0,0.5004799750406231
2026-01-20 07:20:00+00:00,0,0.5038749950346441
2026-01-20 07:25:00+00:00,0,0.48435073431014636
2026-01-20 07:30:00+00:00,0,0.45037645774247476
2026-01-20 07:35:00+00:00,0,0.47366519700296855
2026-01-20 07:40:00+00:00,0,0.46896105754750583
2026-01-20 07:45:00+00:00,0,0.48740880483127724
2026-01-20 07:50:00+00:00,0,0.5128204228967186
2026-01-20 07:55:00+00:00,0,0.5305966410550567
2026-01-20 08:00:00+00:00,0,0.5541628925395772
2026-01-20 08:05:00+00:00,0,0.5413676180546602
2026-01-20 08:10:00+00:00,0,0.5577827073959116
2026-01-20 08:15:00+00:00,0,0.5281803154898924
2026-01-20 08:20:00+00:00,0,0.5064103915203377
2026-01-20 08:25:00+00:00,0,0.4958254779438437
2026-01-20 08:30:00+00:00,1,0.526415704826958
2026-01-20 08:35:00+00:00,1,0.5159715318970967
2026-01-20 08:40:00+00:00,1,0.5132614930928286
2026-01-20 08:45:00+00:00,1,0.48315691916769754
2026-01-20 08:50:00+00:00,1,0.47104795587677023
2026-01-20 08:55:00+00:00,1,0.462964774804925
2026-01-20 09:00:00+00:00,1,0.4637857508140474
2026-01-20 09:05:00+00:00,0,0.43556326306655524
2026-01-20 09:10:00+00:00,0,0.4754144588815411
2026-01-20 09:15:00+00:00,1,0.4471609343496605
2026-01-20 09:20:00+00:00,1,0.4131123969742295
2026-01-20 09:25:00+00:00,1,0.40453698729524473
2026-01-20 09:30:00+00:00,1,0.43454540553257887
2026-01-20 09:35:00+00:00,1,0.46332440929989155
2026-01-20 09:40:00+00:00,1,0.44393528557514705
2026-01-20 09:45:00+00:00,1,0.4100135600451829
2026-01-20 09:50:00+00:00,1,0.41185795183440427
2026-01-20 09:55:00+00:00,1,0.4033851823660842
2026-01-20 10:00:00+00:00,0,0.3952540036540889
2026-01-20 10:05:00+00:00,0,0.3930416192038357
2026-01-20 10:10:00+00:00,0,0.39199169712810955
2026-01-20 10:15:00+00:00,0,0.4114635758941963
2026-01-20 10:20:00+00:00,0,0.41998842699055516
2026-01-20 10:25:00+00:00,0,0.43121798953662893
2026-01-20 10:30:00+00:00,1,0.48215797673736094
2026-01-20 10:35:00+00:00,1,0.4886423691481295
2026-01-20 10:40:00+00:00,1,0.4860143027431791
2026-01-20 10:45:00+00:00,1,0.4984417895549805
2026-01-20 10:50:00+00:00,1,0.4884500764221227
2026-01-20 10:55:00+00:00,1,0.495901716288961
2026-01-20 11:00:00+00:00,1,0.49549322719076383
2026-01-20 11:05:00+00:00,0,0.49867196845699663
2026-01-20 11:10:00+00:00,0,0.4946627717257612
2026-01-20 11:15:00+00:00,0,0.504594181705749
2026-01-20 11:20:00+00:00,0,0.5037986165333067
2026-01-20 11:25:00+00:00,0,0.4879403181041242
2026-01-20 11:30:00+00:00,0,0.4915850088579964
2026-01-20 11:35:00+00:00,0,0.47984482065114153
2026-01-20 11:40:00+00:00,0,0.45710448421304495
2026-01-20 11:45:00+00:00,0,0.4911099396298542
2026-01-20 11:50:00+00:00,1,0.5129814477777027
2026-01-20 11:55:00+00:00,1,0.5097624618381579
2026-01-20 12:00:00+00:00,1,0.5207425488244948
2026-01-20 12:05:00+00:00,1,0.5111002124141428
2026-01-20 12:10:00+00:00,1,0.5179004456576011
2026-01-20 12:15:00+00:00,1,0.5299241042470477
2026-01-20 12:20:00+00:00,1,0.5275802144671723
2026-01-20 12:25:00+00:00,1,0.5162078260555348
2026-01-20 12:30:00+00:00,0,0.5129527154279857
2026-01-20 12:35:00+00:00,0,0.49730655115714695
2026-01-20 12:40:00+00:00,0,0.4937913857102903
2026-01-20 12:45:00+00:00,0,0.4890192993481962
2026-01-20 12:50:00+00:00,0,0.48457089992886376
2026-01-20 12:55:00+00:00,0,0.4855733861244084
2026-01-20 13:00:00+00:00,1,0.4877528736563325
2026-01-20 13:05:00+00:00,1,0.479994945830905
2026-01-20 13:10:00+00:00,1,0.4814257811217596
2026-01-20 13:15:00+00:00,0,0.45890578821743816
2026-01-20 13:20:00+00:00,0,0.48268110625435967
2026-01-20 13:25:00+00:00,0,0.46805536145261506
2026-01-20 13:30:00+00:00,0,0.48162263253285226
2026-01-20 13:35:00+00:00,0,0.4717400598806943
2026-01-20 13:40:00+00:00,1,0.4793675738499637
2026-01-20 13:45:00+00:00,1,0.4927212427825803
2026-01-20 13:50:00+00:00,1,0.5024168886734117
2026-01-20 13:55:00+00:00,1,0.4897970582486116
2026-01-20 14:00:00+00:00,1,0.48333741132620206
2026-01-20 14:05:00+00:00,1,0.458475407193958
2026-01-20 14:10:00+00:00,1,0.4352624178598794
2026-01-20 14:15:00+00:00,0,0.4488815832654335
2026-01-20 14:20:00+00:00,0,0.4297033484360948
2026-01-20 14:25:00+00:00,0,0.4412509647560215
2026-01-20 14:30:00+00:00,0,0.432826432420378
2026-01-20 14:35:00+00:00,0,0.4425565111840272
2026-01-20 14:40:00+00:00,0,0.44482402742294364
2026-01-20 14:45:00+00:00,0,0.4798128582666403
2026-01-20 14:50:00+00:00,0,0.4694541359939842
2026-01-20 14:55:00+00:00,0,0.49237512817937135
2026-01-20 15:00:00+00:00,0,0.5036422338608635
2026-01-20 15:05:00+00:00,1,0.5186216487985523
2026-01-20 15:10:00+00:00,0,0.5160707083451379
2026-01-20 15:15:00+00:00,0,0.5221118549978223
2026-01-20 15:20:00+00:00,0,0.5160096704052076
2026-01-20 15:25:00+00:00,0,0.5082961868477206
2026-01-20 15:30:00+00:00,0,0.49979183102724506
2026-01-20 15:35:00+00:00,0,0.5177357302921476
2026-01-20 15:40:00+00:00,1,0.5119543886234159
2026-01-20 15:45:00+00:00,1,0.5172540955120382
2026-01-20 15:50:00+00:00,1,0.4959558696113018
2026-01-20 15:55:00+00:00,1,0.48817995538562803
2026-01-20 16:00:00+00:00,0,0.4815345172501566
2026-01-20 16:05:00+00:00,0,0.5073705598242523
2026-01-20 16:10:00+00:00,0,0.5083836724866626
2026-01-20 16:15:00+00:00,0,0.4958204307156646
2026-01-20 16:20:00+00:00,0,0.5178308445578945
2026-01-20 16:25:00+00:00,0,0.51092377216093
2026-01-20 16:30:00+00:00,0,0.4977686305694007
2026-01-20 16:35:00+00:00,0,0.4868813190870436
2026-01-20 16:40:00+00:00,1,0.503379298565026
2026-01-20 16:45:00+00:00,1,0.49490087445613845
2026-01-20 16:50:00+00:00,1,0.5064969110382257
2026-01-20 16:55:00+00:00,1,0.5126216323700541
2026-01-20 17:00:00+00:00,0,0.5001234096403273
2026-01-20 17:05:00+00:00,0,0.5141467752997246
2026-01-20 17:10:00+00:00,0,0.5046062279498232
2026-01-20 17:15:00+00:00,0,0.5053068245005423
2026-01-20 17:20:00+00:00,0,0.49023301197758834
2026-01-20 17:25:00+00:00,0,0.4938176514050452
2026-01-20 17:30:00+00:00,0,0.5108717593942445
2026-01-20 17:35:00+00:00,0,0.49986628980189785
2026-01-20 17:40:00+00:00,0,0.5238811418473339
2026-01-20 17:45:00+00:00,0,0.4985568231556229
2026-01-20 17:50:00+00:00,0,0.5092661939732541
2026-01-20 17:55:00+00:00,0,0.48135994711700797
2026-01-20 18:00:00+00:00,0,0.4749856633433021
2026-01-20 18:05:00+00:00,0,0.48745452485139745
2026-01-20 18:10:00+00:00,0,0.48093415830744385
2026-01-20 18:15:00+00:00,0,0.5000259997062024
2026-01-20 18:20:00+00:00,0,0.5144308529509772
2026-01-20 18:25:00+00:00,1,0.5413863406908038
2026-01-20 18:30:00+00:00,1,0.5332543077341769
2026-01-20 18:35:00+00:00,1,0.5479653401358615
2026-01-20 18:40:00+00:00,1,0.554271558805661
2026-01-20 18:45:00+00:00,0,0.5369152764455172
2026-01-20 18:50:00+00:00,1,0.5403215421750235
2026-01-20 18:55:00+00:00,0,0.544660347240578
2026-01-20 19:00:00+00:00,0,0.5224242955766819
2026-01-20 19:05:00+00:00,0,0.5313876497688008
2026-01-20 19:10:00+00:00,0,0.5267645879434733
2026-01-20 19:15:00+00:00,0,0.5095771650535764
2026-01-20 19:20:00+00:00,1,0.5328607903820592
2026-01-20 19:25:00+00:00,0,0.5257731264653531
2026-01-20 19:30:00+00:00,0,0.5210448748007462
2026-01-20 19:35:00+00:00,0,0.52275452947201
2026-01-20 19:40:00+00:00,0,0.5102753520914155
2026-01-20 19:45:00+00:00,1,0.5282973738453783
2026-01-20 19:50:00+00:00,1,0.502433871569356
2026-01-20 19:55:00+00:00,1,0.5384393904992844
2026-01-20 20:00:00+00:00,1,0.5201438375265824
2026-01-20 20:05:00+00:00,1,0.5130407236537043
2026-01-20 20:10:00+00:00,1,0.5187456291872228
2026-01-20 20:15:00+00:00,0,0.47529952285022137
2026-01-20 20:20:00+00:00,0,0.4970033993955202
2026-01-20 20:25:00+00:00,0,0.4672781606250634
2026-01-20 20:30:00+00:00,0,0.48997360945298546
2026-01-20 20:35:00+00:00,0,0.48251250962612846
2026-01-20 20:40:00+00:00,0,0.4866488193242298
2026-01-20 20:45:00+00:00,0,0.4837345678131522
2026-01-20 20:50:00+00:00,0,0.4809112266427469
2026-01-20 20:55:00+00:00,0,0.4943321255502826
2026-01-20 21:00:00+00:00,0,0.4772283731194695
2026-01-20 21:05:00+00:00,0,0.48894122528565537
2026-01-20 21:10:00+00:00,0,0.4927251182802346
2026-01-20 21:15:00+00:00,0,0.49206562749567206
2026-01-20 21:20:00+00:00,0,0.4958378311081126
2026-01-20 21:25:00+00:00,0,0.5051104084902667
2026-01-20 21:30:00+00:00,1,0.5364248275621389
2026-01-20 21:35:00+00:00,1,0.5139443069133182
2026-01-20 21:40:00+00:00,1,0.5186202563732307
2026-01-20 21:45:00+00:00,1,0.5075010708647829
2026-01-20 21:50:00+00:00,1,0.5066169168399075
2026-01-20 21:55:00+00:00,1,0.4858931310238597
2026-01-20 22:00:00+00:00,0,0.508188599446509
2026-01-20 22:05:00+00:00,0,0.46098268163737477
2026-01-20 22:10:00+00:00,0,0.49755641373418374
2026-01-20 22:15:00+00:00,0,0.47568132691796816
2026-01-20 22:20:00+00:00,0,0.505872250103166
2026-01-20 22:25:00+00:00,0,0.4949426451497253
2026-01-20 22:30:00+00:00,1,0.5675613674252784
2026-01-20 22:35:00+00:00,1,0.5441428864109227
2026-01-20 22:40:00+00:00,1,0.5371273051566318
2026-01-20 22:45:00+00:00,0,0.5466204079223232
2026-01-20 22:50:00+00:00,1,0.5551021613111018
2026-01-20 22:55:00+00:00,0,0.5412050918080298
2026-01-20 23:00:00+00:00,1,0.5186728620007491
2026-01-20 23:05:00+00:00,1,0.5191041066096097
2026-01-20 23:10:00+00:00,1,0.5183159766926785
2026-01-20 23:15:00+00:00,1,0.5267989576117671
2026-01-20 23:20:00+00:00,1,0.4985023320677951
2026-01-20 23:25:00+00:00,1,0.4946029884908108
2026-01-20 23:30:00+00:00,1,0.4812639542781749
2026-01-20 23:35:00+00:00,1,0.4770285621019112
2026-01-20 23:40:00+00:00,0,0.47275071861900053
2026-01-20 23:45:00+00:00,1,0.49942991137754666
2026-01-20 23:50:00+00:00,1,0.45359422437576585
2026-01-20 23:55:00+00:00,1,0.45487394669774095
2026-01-21 00:00:00+00:00,1,0.46839115571574164
2026-01-21 00:05:00+00:00,1,0.4721932198589605
2026-01-21 00:10:00+00:00,1,0.5105175311984916
2026-01-21 00:15:00+00:00,1,0.5104182405852666
2026-01-21 00:20:00+00:00,1,0.5254596350320917
2026-01-21 00:25:00+00:00,1,0.5239924905758786
2026-01-21 00:30:00+00:00,1,0.5201573130017989
2026-01-21 00:35:00+00:00,1,0.4991864846119905
2026-01-21 00:40:00+00:00,1,0.4825590940406472
2026-01-21 00:45:00+00:00,1,0.495921626407692
2026-01-21 00:50:00+00:00,1,0.4696617921917756
2026-01-21 00:55:00+00:00,1,0.4732609012418025
2026-01-21 01:00:00+00:00,1,0.411989223983615
2026-01-21 01:05:00+00:00,1,0.4280680651581993
2026-01-21 01:10:00+00:00,0,0.43722619244848465
2026-01-21 01:15:00+00:00,0,0.41778159269608933
2026-01-21 01:20:00+00:00,1,0.42262418613100533
2026-01-21 01:25:00+00:00,1,0.40320577044596756
2026-01-21 01:30:00+00:00,1,0.4217369093857738
2026-01-21 01:35:00+00:00,1,0.4149333699737136
2026-01-21 01:40:00+00:00,1,0.43014672552407857
2026-01-21 01:45:00+00:00,1,0.4222937780066424
2026-01-21 01:50:00+00:00,1,0.41865295748154535
2026-01-21 01:55:00+00:00,1,0.395573928096793
2026-01-21 02:00:00+00:00,0,0.40434267394400386
2026-01-21 02:05:00+00:00,0,0.3929229668171565
2026-01-21 02:10:00+00:00,1,0.41255771881185066
2026-01-21 02:15:00+00:00,1,0.42895061110286403
2026-01-21 02:20:00+00:00,1,0.4175644622062038
2026-01-21 02:25:00+00:00,1,0.40977212970307164
2026-01-21 02:30:00+00:00,1,0.4435620316962667
2026-01-21 02:35:00+00:00,1,0.4330366839712081
2026-01-21 02:40:00+00:00,1,0.41828260920249766
2026-01-21 02:45:00+00:00,1,0.43969229922119174
2026-01-21 02:50:00+00:00,1,0.44462890260620064
2026-01-21 02:55:00+00:00,1,0.43538166983079085
2026-01-21 03:00:00+00:00,0,0.42437614432798554
2026-01-21 03:05:00+00:00,1,0.4582478611986907
2026-01-21 03:10:00+00:00,1,0.4435811251348251
2026-01-21 03:15:00+00:00,1,0.4470282849952901
2026-01-21 03:20:00+00:00,1,0.4701487445352726
2026-01-21 03:25:00+00:00,0,0.4726370697225851
2026-01-21 03:30:00+00:00,1,0.5060456837535412
2026-01-21 03:35:00+00:00,1,0.4832093156227355
2026-01-21 03:40:00+00:00,0,0.45559466750604327
2026-01-21 03:45:00+00:00,0,0.45794613657791283
2026-01-21 03:50:00+00:00,1,0.4683824896961556
2026-01-21 03:55:00+00:00,1,0.4799344025157144
2026-01-21 04:00:00+00:00,0,0.4688677326748897
2026-01-21 04:05:00+00:00,0,0.46375769101667874
2026-01-21 04:10:00+00:00,1,0.482059103992224
2026-01-21 04:15:00+00:00,0,0.47321792505729793
2026-01-21 04:20:00+00:00,0,0.4636332209132771
2026-01-21 04:25:00+00:00,0,0.4610154437354131
2026-01-21 04:30:00+00:00,1,0.4805418667318123
2026-01-21 04:35:00+00:00,1,0.4822967212266327
2026-01-21 04:40:00+00:00,1,0.47301878825754906
2026-01-21 04:45:00+00:00,1,0.4658321425919328
2026-01-21 04:50:00+00:00,1,0.4778501016540038
2026-01-21 04:55:00+00:00,1,0.4862042629537904
2026-01-21 05:00:00+00:00,1,0.4992123080789282
2026-01-21 05:05:00+00:00,1,0.47474666210341965
2026-01-21 05:10:00+00:00,1,0.46636889048215135
2026-01-21 05:15:00+00:00,1,0.4961422559139226
2026-01-21 05:20:00+00:00,1,0.5010490953165274
2026-01-21 05:25:00+00:00,1,0.5121462246235361
2026-01-21 05:30:00+00:00,1,0.5090809738888874
2026-01-21 05:35:00+00:00,0,0.461656215212402
2026-01-21 05:40:00+00:00,1,0.45852909412751724
2026-01-21 05:45:00+00:00,0,0.44298327842758645
2026-01-21 05:50:00+00:00,0,0.4556858878496972
2026-01-21 05:55:00+00:00,0,0.44819745889972423
2026-01-21 06:00:00+00:00,0,0.4878650110400872
2026-01-21 06:05:00+00:00,0,0.4841228717304167
2026-01-21 06:10:00+00:00,0,0.4699878285865288
2026-01-21 06:15:00+00:00,0,0.47928497402822967
2026-01-21 06:20:00+00:00,0,0.47113579870553896
2026-01-21 06:25:00+00:00,0,0.4640471909072214
2026-01-21 06:30:00+00:00,0,0.5012695702108869
2026-01-21 06:35:00+00:00,1,0.5049722136533492
2026-01-21 06:40:00+00:00,0,0.5159084873375321
2026-01-21 06:45:00+00:00,0,0.49369134216894683
2026-01-21 06:50:00+00:00,1,0.5147045840872905
2026-01-21 06:55:00+00:00,1,0.4861799917398772
2026-01-21 07:00:00+00:00,1,0.4936011138116649
2026-01-21 07:05:00+00:00,0,0.479214916792593
2026-01-21 07:10:00+00:00,1,0.5054278409354097
2026-01-21 07:15:00+00:00,0,0.4685722715476495
2026-01-21 07:20:00+00:00,0,0.4689000537531232
2026-01-21 07:25:00+00:00,0,0.4935259145379158
2026-01-21 07:30:00+00:00,0,0.4977662044326932
2026-01-21 07:35:00+00:00,0,0.5100780762447116
2026-01-21 07:40:00+00:00,0,0.5158276123779182
2026-01-21 07:45:00+00:00,0,0.4881988384114662
2026-01-21 07:50:00+00:00,0,0.4810636325196501
2026-01-21 07:55:00+00:00,0,0.46631288305356994
2026-01-21 08:00:00+00:00,0,0.4515142534166067
2026-01-21 08:05:00+00:00,0,0.46161668219784496
2026-01-21 08:10:00+00:00,0,0.47478504839705726
2026-01-21 08:15:00+00:00,0,0.47240326082084433
2026-01-21 08:20:00+00:00,0,0.47445380957465033
2026-01-21 08:25:00+00:00,0,0.49282515660724646
2026-01-21 08:30:00+00:00,0,0.48946393579840575
2026-01-21 08:35:00+00:00,0,0.5001157685521215
2026-01-21 08:40:00+00:00,0,0.5135884296689259
2026-01-21 08:45:00+00:00,0,0.4965444791326026
2026-01-21 08:50:00+00:00,0,0.5068100844226231
2026-01-21 08:55:00+00:00,0,0.5142077712682229
2026-01-21 09:00:00+00:00,1,0.4896654305052214
2026-01-21 09:05:00+00:00,1,0.5033579937229141
2026-01-21 09:10:00+00:00,1,0.4921591099563967
2026-01-21 09:15:00+00:00,1,0.5166456001160338
2026-01-21 09:20:00+00:00,1,0.5176744554134812
2026-01-21 09:25:00+00:00,1,0.5005398487641082
2026-01-21 09:30:00+00:00,1,0.5002748091415982
2026-01-21 09:35:00+00:00,1,0.502932284829986
2026-01-21 09:40:00+00:00,1,0.49170848672578044
2026-01-21 09:45:00+00:00,1,0.49769358770044125
2026-01-21 09:50:00+00:00,1,0.48658967116549245
2026-01-21 09:55:00+00:00,1,0.46634859723405275
2026-01-21 10:00:00+00:00,0,0.4432882994275452
2026-01-21 10:05:00+00:00,0,0.43330664369381294
2026-01-21 10:10:00+00:00,0,0.4428106651025397
2026-01-21 10:15:00+00:00,0,0.4285636636010945
2026-01-21 10:20:00+00:00,0,0.4298174797760847
2026-01-21 10:25:00+00:00,0,0.4273272791368075
2026-01-21 10:30:00+00:00,0,0.4385790962047664
2026-01-21 10:35:00+00:00,0,0.4639559037831705
2026-01-21 10:40:00+00:00,0,0.47930457293989875
2026-01-21 10:45:00+00:00,0,0.46522693883856964
2026-01-21 10:50:00+00:00,0,0.4895658604483518
2026-01-21 10:55:00+00:00,0,0.5128421884444918
2026-01-21 11:00:00+00:00,1,0.5071918129977951
2026-01-21 11:05:00+00:00,1,0.49575938999620833
2026-01-21 11:10:00+00:00,0,0.4966769929450511
2026-01-21 11:15:00+00:00,0,0.5100265336816965
2026-01-21 11:20:00+00:00,0,0.5284470349925602
2026-01-21 11:25:00+00:00,0,0.5079903177059024
2026-01-21 11:30:00+00:00,0,0.49934984738928834
2026-01-21 11:35:00+00:00,0,0.48987657357693715
2026-01-21 11:40:00+00:00,0,0.4497699956882135
2026-01-21 11:45:00+00:00,0,0.4217969496298816
2026-01-21 11:50:00+00:00,0,0.4389495005432484
2026-01-21 11:55:00+00:00,0,0.43755884462521094
2026-01-21 12:00:00+00:00,0,0.4658595804483526
2026-01-21 12:05:00+00:00,0,0.4831525319215031
2026-01-21 12:10:00+00:00,1,0.54426980501305
2026-01-21 12:15:00+00:00,1,0.563826033596289
2026-01-21 12:20:00+00:00,1,0.5507215342634709
2026-01-21 12:25:00+00:00,1,0.5837665441804393
2026-01-21 12:30:00+00:00,1,0.5706157869069248
2026-01-21 12:35:00+00:00,1,0.5209092475820606
2026-01-21 12:40:00+00:00,1,0.5415101951838355
2026-01-21 12:45:00+00:00,1,0.5457068145434004
2026-01-21 12:50:00+00:00,1,0.5589198342790596
2026-01-21 12:55:00+00:00,1,0.5587157197929278
2026-01-21 13:00:00+00:00,0,0.49311724501442533
2026-01-21 13:05:00+00:00,0,0.4967233394274662
2026-01-21 13:10:00+00:00,0,0.471526325488846
2026-01-21 13:15:00+00:00,0,0.4802344101975915
2026-01-21 13:20:00+00:00,0,0.4927049043632434
2026-01-21 13:25:00+00:00,0,0.4777583527077969
2026-01-21 13:30:00+00:00,0,0.48109251011373044
2026-01-21 13:35:00+00:00,1,0.4934215784712143
2026-01-21 13:40:00+00:00,1,0.5307932826554939
2026-01-21 13:45:00+00:00,1,0.5421662445011811
2026-01-21 13:50:00+00:00,1,0.527580548095159
2026-01-21 13:55:00+00:00,1,0.530648872304729
2026-01-21 14:00:00+00:00,1,0.5109547678666142
2026-01-21 14:05:00+00:00,1,0.4761340675022639
2026-01-21 14:10:00+00:00,0,0.4486228322674282
2026-01-21 14:15:00+00:00,0,0.4647967069747158
2026-01-21 14:20:00+00:00,0,0.4800986740848899
2026-01-21 14:25:00+00:00,1,0.45303698905722317
2026-01-21 14:30:00+00:00,0,0.45233070039190293
2026-01-21 14:35:00+00:00,1,0.4740678863809573
2026-01-21 14:40:00+00:00,1,0.46141041697183477
2026-01-21 14:45:00+00:00,1,0.463883261432059
2026-01-21 14:50:00+00:00,1,0.4472244835155754
2026-01-21 14:55:00+00:00,1,0.43529608953667864
2026-01-21 15:00:00+00:00,1,0.4752562503830745
2026-01-21 15:05:00+00:00,0,0.46665874070489194
2026-01-21 15:10:00+00:00,1,0.4674059915958315
2026-01-21 15:15:00+00:00,1,0.44028856917685916
2026-01-21 15:20:00+00:00,1,0.44469253288190147
2026-01-21 15:25:00+00:00,1,0.47600320061278806
2026-01-21 15:30:00+00:00,1,0.46582969998043994
2026-01-21 15:35:00+00:00,1,0.4741736433234186
2026-01-21 15:40:00+00:00,0,0.4313831114668858
2026-01-21 15:45:00+00:00,0,0.4302259669934727
2026-01-21 15:50:00+00:00,0,0.4433142038248336
2026-01-21 15:55:00+00:00,0,0.45382045523409964
2026-01-21 16:00:00+00:00,0,0.46635971547725863
2026-01-21 16:05:00+00:00,0,0.4870323090348489
2026-01-21 16:10:00+00:00,0,0.47645385443621097
2026-01-21 16:15:00+00:00,0,0.4743453346716482
2026-01-21 16:20:00+00:00,0,0.4802629917229138
2026-01-21 16:25:00+00:00,0,0.4674836613798369
2026-01-21 16:30:00+00:00,0,0.5050969403833829
2026-01-21 16:35:00+00:00,0,0.5300170239342435
2026-01-21 16:40:00+00:00,0,0.5036906991818453
2026-01-21 16:45:00+00:00,0,0.5142430757310139
2026-01-21 16:50:00+00:00,0,0.5326935754432539
2026-01-21 16:55:00+00:00,0,0.42923692294641974
2026-01-21 17:00:00+00:00,0,0.534544184343923
2026-01-21 17:05:00+00:00,0,0.4962713103765692
2026-01-21 17:10:00+00:00,1,0.4667603553358578
2026-01-21 17:15:00+00:00,0,0.5640083430960825
2026-01-21 17:20:00+00:00,0,0.5239844497304755
2026-01-21 17:25:00+00:00,1,0.5151433601915654
2026-01-21 17:30:00+00:00,1,0.5106439429474638
2026-01-21 17:35:00+00:00,1,0.48433496564123807
2026-01-21 17:40:00+00:00,1,0.4323387092528276
2026-01-21 17:45:00+00:00,1,0.42997306579194344
2026-01-21 17:50:00+00:00,1,0.41974341360497486
2026-01-21 17:55:00+00:00,1,0.43101406385851393
2026-01-21 18:00:00+00:00,1,0.42106483192621746
2026-01-21 18:05:00+00:00,1,0.4052714939090871
2026-01-21 18:10:00+00:00,0,0.408237622080842
2026-01-21 18:15:00+00:00,1,0.40849967611279253
2026-01-21 18:20:00+00:00,1,0.40739265964067994
2026-01-21 18:25:00+00:00,1,0.4108436652309464
2026-01-21 18:30:00+00:00,1,0.38526198213199514
2026-01-21 18:35:00+00:00,1,0.38925802188485703
2026-01-21 18:40:00+00:00,1,0.41033400516661717
2026-01-21 18:45:00+00:00,0,0.4901928698176635
2026-01-21 18:50:00+00:00,0,0.4733830608790373
2026-01-21 18:55:00+00:00,1,0.47361157996744574
2026-01-21 19:00:00+00:00,1,0.4480779651491447
2026-01-21 19:05:00+00:00,1,0.44921896413553564
2026-01-21 19:10:00+00:00,1,0.42612044391275355
2026-01-21 19:15:00+00:00,1,0.4402484899293769
2026-01-21 19:20:00+00:00,1,0.4330114470329926
2026-01-21 19:25:00+00:00,1,0.48827618252137356
2026-01-21 19:30:00+00:00,1,0.491368820523135
2026-01-21 19:35:00+00:00,1,0.5181751668400345
2026-01-21 19:40:00+00:00,1,0.5513221233052948
2026-01-21 19:45:00+00:00,0,0.6026618941468371
2026-01-21 19:50:00+00:00,0,0.5780255586236737
2026-01-21 19:55:00+00:00,0,0.5682929243995103
2026-01-21 20:00:00+00:00,0,0.5417707381404419
2026-01-21 20:05:00+00:00,0,0.5353396385730563
2026-01-21 20:10:00+00:00,0,0.5204669623924965
2026-01-21 20:15:00+00:00,1,0.49258119571336956
2026-01-21 20:20:00+00:00,1,0.4695408479837515
2026-01-21 20:25:00+00:00,1,0.4971895121885606
2026-01-21 20:30:00+00:00,1,0.48719046364927854
2026-01-21 20:35:00+00:00,1,0.4478999012092772
2026-01-21 20:40:00+00:00,1,0.4595498538009454
2026-01-21 20:45:00+00:00,1,0.4702020279511657
2026-01-21 20:50:00+00:00,1,0.46751079202634266
2026-01-21 20:55:00+00:00,1,0.45643060496639765
2026-01-21 21:00:00+00:00,1,0.46550821946660287
2026-01-21 21:05:00+00:00,1,0.46876367363472754
2026-01-21 21:10:00+00:00,1,0.48768994236701907
2026-01-21 21:15:00+00:00,0,0.4175387304392646
2026-01-21 21:20:00+00:00,1,0.4440519610651578
2026-01-21 21:25:00+00:00,1,0.457433917917606
2026-01-21 21:30:00+00:00,1,0.44889455327808686
2026-01-21 21:35:00+00:00,1,0.4629472329795812
2026-01-21 21:40:00+00:00,1,0.4930916215659613
2026-01-21 21:45:00+00:00,1,0.47730788212466274
2026-01-21 21:50:00+00:00,0,0.4862772302494459
2026-01-21 21:55:00+00:00,0,0.49580983432778514
2026-01-21 22:00:00+00:00,0,0.4523068940635183
2026-01-21 22:05:00+00:00,0,0.46690461953060836
2026-01-21 22:10:00+00:00,0,0.48381428295768325
2026-01-21 22:15:00+00:00,0,0.4734189474428902
2026-01-21 22:20:00+00:00,0,0.50898641143637
2026-01-21 22:25:00+00:00,0,0.5329497261762648
2026-01-21 22:30:00+00:00,0,0.5621315143880073
2026-01-21 22:35:00+00:00,1,0.5456963889099739
2026-01-21 22:40:00+00:00,1,0.5441552824636413
2026-01-21 22:45:00+00:00,1,0.5355562595349659
2026-01-21 22:50:00+00:00,0,0.5371882071970256
2026-01-21 22:55:00+00:00,0,0.5362708438751878
2026-01-21 23:00:00+00:00,0,0.5193899722186225
2026-01-21 23:05:00+00:00,0,0.5251430080630425
2026-01-21 23:10:00+00:00,0,0.4903740959396491
2026-01-21 23:15:00+00:00,0,0.5219035794843746
2026-01-21 23:20:00+00:00,0,0.5212197213202945
2026-01-21 23:25:00+00:00,0,0.5256985311883745
2026-01-21 23:30:00+00:00,0,0.5186444009873168
2026-01-21 23:35:00+00:00,0,0.524122923033638
2026-01-21 23:40:00+00:00,1,0.5146584148628573
2026-01-21 23:45:00+00:00,1,0.5273145275847886
2026-01-21 23:50:00+00:00,1,0.5114505481766062
2026-01-21 23:55:00+00:00,1,0.5058299510370972
2026-01-22 00:00:00+00:00,1,0.4782814237313938
2026-01-22 00:05:00+00:00,1,0.5012589731484054
2026-01-22 00:10:00+00:00,1,0.485481463381369
2026-01-22 00:15:00+00:00,1,0.48426271154802625
2026-01-22 00:20:00+00:00,1,0.4950952286794281
2026-01-22 00:25:00+00:00,1,0.4636363832356224
2026-01-22 00:30:00+00:00,1,0.4594998888404477
2026-01-22 00:35:00+00:00,1,0.4075763926523305
2026-01-22 00:40:00+00:00,1,0.421818931412119
2026-01-22 00:45:00+00:00,1,0.46083248476459565
2026-01-22 00:50:00+00:00,1,0.4393060149259131
2026-01-22 00:55:00+00:00,1,0.43133410682831397
2026-01-22 01:00:00+00:00,0,0.43792978705206315
2026-01-22 01:05:00+00:00,1,0.42994493297772224
2026-01-22 01:10:00+00:00,1,0.43886495900719136
2026-01-22 01:15:00+00:00,0,0.42350765937560764
2026-01-22 01:20:00+00:00,1,0.42293745737697613
2026-01-22 01:25:00+00:00,1,0.4168049067984261
2026-01-22 01:30:00+00:00,1,0.4417156103849269
2026-01-22 01:35:00+00:00,1,0.42502601919667576
2026-01-22 01:40:00+00:00,1,0.42773344126218765
2026-01-22 01:45:00+00:00,1,0.4383697997169952
2026-01-22 01:50:00+00:00,0,0.42291894466368063
2026-01-22 01:55:00+00:00,0,0.4282870372274533
2026-01-22 02:00:00+00:00,0,0.4185304525081433
2026-01-22 02:05:00+00:00,0,0.4444601396752333
2026-01-22 02:10:00+00:00,0,0.42654765031566966
2026-01-22 02:15:00+00:00,0,0.46222822237779004
2026-01-22 02:20:00+00:00,0,0.4837193157523314
2026-01-22 02:25:00+00:00,0,0.4791318875691662
2026-01-22 02:30:00+00:00,0,0.5117895289226303
2026-01-22 02:35:00+00:00,0,0.5023698161840303
2026-01-22 02:40:00+00:00,0,0.5012363288953242
2026-01-22 02:45:00+00:00,0,0.5036962205431432
2026-01-22 02:50:00+00:00,1,0.485071097105019
2026-01-22 02:55:00+00:00,0,0.4781939960205209
2026-01-22 03:00:00+00:00,0,0.47068042798432425
2026-01-22 03:05:00+00:00,0,0.4805296985000482
2026-01-22 03:10:00+00:00,0,0.49140429643466305
2026-01-22 03:15:00+00:00,0,0.5021287642413597
2026-01-22 03:20:00+00:00,0,0.49887746788502285
2026-01-22 03:25:00+00:00,0,0.499778138422027
2026-01-22 03:30:00+00:00,0,0.5044158297533168
2026-01-22 03:35:00+00:00,0,0.4929756055160683
2026-01-22 03:40:00+00:00,0,0.490636865753129
2026-01-22 03:45:00+00:00,0,0.49618444674022305
2026-01-22 03:50:00+00:00,1,0.49687498372254296
2026-01-22 03:55:00+00:00,1,0.5220785113908221
2026-01-22 04:00:00+00:00,1,0.5208178255243686
2026-01-22 04:05:00+00:00,1,0.485394738141224
2026-01-22 04:10:00+00:00,1,0.4823556010753407
2026-01-22 04:15:00+00:00,1,0.4852747035020705
2026-01-22 04:20:00+00:00,1,0.4755630881190051
2026-01-22 04:25:00+00:00,0,0.4774834349506566
2026-01-22 04:30:00+00:00,0,0.486166574328696
2026-01-22 04:35:00+00:00,0,0.44142236533516976
2026-01-22 04:40:00+00:00,0,0.4658721683453973
2026-01-22 04:45:00+00:00,0,0.4627944635102866
2026-01-22 04:50:00+00:00,0,0.4656561261038282
2026-01-22 04:55:00+00:00,0,0.47979838058586416
2026-01-22 05:00:00+00:00,0,0.5069101248058935
2026-01-22 05:05:00+00:00,1,0.5178946247038531
2026-01-22 05:10:00+00:00,0,0.5060420031829985
2026-01-22 05:15:00+00:00,1,0.5114429947104733
2026-01-22 05:20:00+00:00,0,0.5161903591439244
2026-01-22 05:25:00+00:00,1,0.5242325138032253
2026-01-22 05:30:00+00:00,1,0.541145457874733
2026-01-22 05:35:00+00:00,0,0.5292462894870145
2026-01-22 05:40:00+00:00,0,0.534193744418243
2026-01-22 05:45:00+00:00,0,0.5384485665880456
2026-01-22 05:50:00+00:00,0,0.5271741432339845
2026-01-22 05:55:00+00:00,0,0.5299644789955463
2026-01-22 06:00:00+00:00,0,0.4981122785037763
2026-01-22 06:05:00+00:00,1,0.5321475630033582
2026-01-22 06:10:00+00:00,1,0.5322784775381382
2026-01-22 06:15:00+00:00,1,0.5112423381854895
2026-01-22 06:20:00+00:00,1,0.5227258929154306
2026-01-22 06:25:00+00:00,1,0.5227377761305242
2026-01-22 06:30:00+00:00,1,0.519966092159212
2026-01-22 06:35:00+00:00,0,0.49683666824578787
2026-01-22 06:40:00+00:00,0,0.49081445993931216
2026-01-22 06:45:00+00:00,0,0.5061543160539691
2026-01-22 06:50:00+00:00,0,0.4945102745913707
2026-01-22 06:55:00+00:00,0,0.48441846193284266
2026-01-22 07:00:00+00:00,0,0.5059376364305698
2026-01-22 07:05:00+00:00,0,0.49307653748540586
2026-01-22 07:10:00+00:00,1,0.4911687491715462
2026-01-22 07:15:00+00:00,1,0.5042528971785898
2026-01-22 07:20:00+00:00,1,0.5096019197646429
2026-01-22 07:25:00+00:00,1,0.48779682545591985
2026-01-22 07:30:00+00:00,1,0.499080653063753
2026-01-22 07:35:00+00:00,1,0.50273691349496
2026-01-22 07:40:00+00:00,0,0.5077601382283976
2026-01-22 07:45:00+00:00,0,0.5211943896348409
2026-01-22 07:50:00+00:00,1,0.5369006045069572
2026-01-22 07:55:00+00:00,0,0.543065052535156
2026-01-22 08:00:00+00:00,0,0.4745841356232423
2026-01-22 08:05:00+00:00,0,0.5073096952195976
2026-01-22 08:10:00+00:00,0,0.4908615037624517
2026-01-22 08:15:00+00:00,0,0.4848153666979001
2026-01-22 08:20:00+00:00,1,0.4989853350228254
2026-01-22 08:25:00+00:00,1,0.4902838728325711
2026-01-22 08:30:00+00:00,1,0.49697409102734463
2026-01-22 08:35:00+00:00,1,0.48757161978100066
2026-01-22 08:40:00+00:00,1,0.498156088661046
2026-01-22 08:45:00+00:00,1,0.48366003497136156
2026-01-22 08:50:00+00:00,1,0.43785444532431594
2026-01-22 08:55:00+00:00,1,0.4306103305567214
2026-01-22 09:00:00+00:00,1,0.4391640912408635
2026-01-22 09:05:00+00:00,1,0.41939170145415783
2026-01-22 09:10:00+00:00,1,0.42237574758408064
2026-01-22 09:15:00+00:00,1,0.42586406112652253
2026-01-22 09:20:00+00:00,1,0.4280724211102062
2026-01-22 09:25:00+00:00,1,0.42513923456498187
2026-01-22 09:30:00+00:00,0,0.4289428100942356
2026-01-22 09:35:00+00:00,0,0.423927261967868
2026-01-22 09:40:00+00:00,0,0.43880499229606756
2026-01-22 09:45:00+00:00,0,0.44160161928695735
2026-01-22 09:50:00+00:00,0,0.45135977938153543
2026-01-22 09:55:00+00:00,0,0.4599976076033826
2026-01-22 10:00:00+00:00,0,0.43594749854547654
2026-01-22 10:05:00+00:00,0,0.4513912839214627
2026-01-22 10:10:00+00:00,0,0.4551671033152079
2026-01-22 10:15:00+00:00,0,0.4248105282752986
2026-01-22 10:20:00+00:00,0,0.47153855607447215
2026-01-22 10:25:00+00:00,0,0.477840694291392
2026-01-22 10:30:00+00:00,0,0.46555939908548644
2026-01-22 10:35:00+00:00,0,0.4605098031548438
2026-01-22 10:40:00+00:00,0,0.483346966013773
2026-01-22 10:45:00+00:00,0,0.5016964355678863
2026-01-22 10:50:00+00:00,0,0.5056687007717972
2026-01-22 10:55:00+00:00,0,0.48461716263682125
2026-01-22 11:00:00+00:00,0,0.49994295167005276
2026-01-22 11:05:00+00:00,0,0.49842226871757506
2026-01-22 11:10:00+00:00,0,0.502848626071574
2026-01-22 11:15:00+00:00,0,0.5054410857833568
2026-01-22 11:20:00+00:00,0,0.5002333966828466
2026-01-22 11:25:00+00:00,0,0.5218879369417946
2026-01-22 11:30:00+00:00,0,0.5278269534175574
2026-01-22 11:35:00+00:00,0,0.5617013880826524
2026-01-22 11:40:00+00:00,0,0.5549033901141489
2026-01-22 11:45:00+00:00,0,0.5391587606821099
2026-01-22 11:50:00+00:00,1,0.5394115217425874
2026-01-22 11:55:00+00:00,1,0.5482383707431614
2026-01-22 12:00:00+00:00,1,0.5677798855921214
2026-01-22 12:05:00+00:00,0,0.5715712853609544
2026-01-22 12:10:00+00:00,0,0.5466306364556391
2026-01-22 12:15:00+00:00,0,0.5780170424722281
2026-01-22 12:20:00+00:00,0,0.527225303805188
2026-01-22 12:25:00+00:00,0,0.5315955850901135
2026-01-22 12:30:00+00:00,0,0.5673094448502697
2026-01-22 12:35:00+00:00,0,0.5670834214286109
2026-01-22 12:40:00+00:00,1,0.5813297249947966
2026-01-22 12:45:00+00:00,1,0.5618626963504847
2026-01-22 12:50:00+00:00,1,0.5722049484056712
2026-01-22 12:55:00+00:00,1,0.5637640345574623
2026-01-22 13:00:00+00:00,1,0.5394780344477735
2026-01-22 13:05:00+00:00,1,0.5572024804873383
2026-01-22 13:10:00+00:00,1,0.5477278999421539
2026-01-22 13:15:00+00:00,1,0.5516678157845142
2026-01-22 13:20:00+00:00,0,0.5581725831021902
2026-01-22 13:25:00+00:00,0,0.4686983811679931
2026-01-22 13:30:00+00:00,0,0.4557823821224958
2026-01-22 13:35:00+00:00,1,0.46440885358071377
2026-01-22 13:40:00+00:00,1,0.48028156351880397
2026-01-22 13:45:00+00:00,1,0.46209054169189767
2026-01-22 13:50:00+00:00,0,0.5005577802023476
2026-01-22 13:55:00+00:00,0,0.5028430209290071
2026-01-22 14:00:00+00:00,0,0.5115585816791821
2026-01-22 14:05:00+00:00,0,0.5080856393495933
2026-01-22 14:10:00+00:00,0,0.4702687061210718
2026-01-22 14:15:00+00:00,0,0.49520032558009525
2026-01-22 14:20:00+00:00,0,0.5098173506542869
2026-01-22 14:25:00+00:00,0,0.4866155736934731
2026-01-22 14:30:00+00:00,0,0.496256140595136
2026-01-22 14:35:00+00:00,0,0.5143588243284442
2026-01-22 14:40:00+00:00,0,0.5177496563266131
2026-01-22 14:45:00+00:00,1,0.5268886623609298
2026-01-22 14:50:00+00:00,0,0.5105191200645777
2026-01-22 14:55:00+00:00,0,0.5408215084629314
2026-01-22 15:00:00+00:00,0,0.4953230739425712
2026-01-22 15:05:00+00:00,0,0.49741254739018786
2026-01-22 15:10:00+00:00,1,0.48757121566666856
2026-01-22 15:15:00+00:00,1,0.49795240375048916
2026-01-22 15:20:00+00:00,1,0.5098613953432406
2026-01-22 15:25:00+00:00,1,0.496316401476875
2026-01-22 15:30:00+00:00,1,0.5142560606042467
2026-01-22 15:35:00+00:00,1,0.5118198532674094
2026-01-22 15:40:00+00:00,0,0.49024332630292927
2026-01-22 15:45:00+00:00,0,0.49967635022804335
2026-01-22 15:50:00+00:00,1,0.5075986816379803
2026-01-22 15:55:00+00:00,0,0.48048754146392125
2026-01-22 16:00:00+00:00,0,0.4762018602613803
2026-01-22 16:05:00+00:00,0,0.4794777504599482
2026-01-22 16:10:00+00:00,1,0.5099972917541779
2026-01-22 16:15:00+00:00,1,0.5073826044659402
2026-01-22 16:20:00+00:00,1,0.49315996013613994
2026-01-22 16:25:00+00:00,1,0.5008486429565756
2026-01-22 16:30:00+00:00,1,0.520531524071139
2026-01-22 16:35:00+00:00,1,0.4939456344160263
2026-01-22 16:40:00+00:00,1,0.488312708646858
2026-01-22 16:45:00+00:00,0,0.4806669613885086
2026-01-22 16:50:00+00:00,0,0.47700763524409406
2026-01-22 16:55:00+00:00,0,0.47537439858640634
2026-01-22 17:00:00+00:00,0,0.48114771763030595
2026-01-22 17:05:00+00:00,0,0.471617193996201
2026-01-22 17:10:00+00:00,0,0.481625751678883
2026-01-22 17:15:00+00:00,1,0.4851520096836974
2026-01-22 17:20:00+00:00,1,0.4875821267593347
2026-01-22 17:25:00+00:00,1,0.5148299390900395
2026-01-22 17:30:00+00:00,1,0.5011659141600973
2026-01-22 17:35:00+00:00,1,0.4843701108708797
2026-01-22 17:40:00+00:00,1,0.5030793007541206
2026-01-22 17:45:00+00:00,1,0.506728752415555
2026-01-22 17:50:00+00:00,1,0.4847483880099174
2026-01-22 17:55:00+00:00,0,0.48266291779394443
2026-01-22 18:00:00+00:00,1,0.49653455177034544
2026-01-22 18:05:00+00:00,0,0.4897018774769943
2026-01-22 18:10:00+00:00,1,0.4999404697106368
2026-01-22 18:15:00+00:00,0,0.47003678905729396
2026-01-22 18:20:00+00:00,0,0.4880541716060924
2026-01-22 18:25:00+00:00,0,0.5055438655424305
2026-01-22 18:30:00+00:00,0,0.48019425984673253
2026-01-22 18:35:00+00:00,0,0.4794730454671814
2026-01-22 18:40:00+00:00,0,0.47736088412892824
2026-01-22 18:45:00+00:00,0,0.47855258054514294
2026-01-22 18:50:00+00:00,1,0.49423938488828245
2026-01-22 18:55:00+00:00,1,0.5013386462976848
2026-01-22 19:00:00+00:00,1,0.509344613453066
2026-01-22 19:05:00+00:00,1,0.4917609003066997
2026-01-22 19:10:00+00:00,1,0.4804086578756564
2026-01-22 19:15:00+00:00,1,0.4931977681209364
2026-01-22 19:20:00+00:00,1,0.50291206731157
2026-01-22 19:25:00+00:00,1,0.503570372324236
2026-01-22 19:30:00+00:00,1,0.4941888879592904
2026-01-22 19:35:00+00:00,0,0.46722826231026604
2026-01-22 19:40:00+00:00,1,0.46605215087367136
2026-01-22 19:45:00+00:00,1,0.4665928731351961
2026-01-22 19:50:00+00:00,0,0.47096543722586703
2026-01-22 19:55:00+00:00,0,0.48415130195787376
2026-01-22 20:00:00+00:00,0,0.48292161324865157
2026-01-22 20:05:00+00:00,0,0.48026324231649836
2026-01-22 20:10:00+00:00,0,0.4766174003901718
2026-01-22 20:15:00+00:00,0,0.47571215291696084
2026-01-22 20:20:00+00:00,0,0.5063566616744902
2026-01-22 20:25:00+00:00,1,0.5131856651382066
2026-01-22 20:30:00+00:00,1,0.5156967285839639
2026-01-22 20:35:00+00:00,1,0.5267879738052427
2026-01-22 20:40:00+00:00,1,0.5244531628165772
2026-01-22 20:45:00+00:00,1,0.5150732322357829
2026-01-22 20:50:00+00:00,1,0.5106933365408072
2026-01-22 20:55:00+00:00,1,0.5098473177852211
2026-01-22 21:00:00+00:00,1,0.502999434808178
2026-01-22 21:05:00+00:00,1,0.4930693439726836
2026-01-22 21:10:00+00:00,0,0.48697820263661484
2026-01-22 21:15:00+00:00,0,0.4682630977770441
2026-01-22 21:20:00+00:00,0,0.47862432795056986
2026-01-22 21:25:00+00:00,0,0.5004867516202033
2026-01-22 21:30:00+00:00,0,0.49128091869878665
2026-01-22 21:35:00+00:00,0,0.48154997354585094
2026-01-22 21:40:00+00:00,1,0.545264422846869
2026-01-22 21:45:00+00:00,0,0.5312563165766335
2026-01-22 21:50:00+00:00,0,0.4969972923218546
2026-01-22 21:55:00+00:00,0,0.5084794098471132
2026-01-22 22:00:00+00:00,0,0.5236521488817439
2026-01-22 22:05:00+00:00,0,0.5233932051280848
2026-01-22 22:10:00+00:00,0,0.5112137124891614
2026-01-22 22:15:00+00:00,1,0.5153940272149762
2026-01-22 22:20:00+00:00,1,0.5063950839664152
2026-01-22 22:25:00+00:00,1,0.49601409429850263
2026-01-22 22:30:00+00:00,0,0.5147496106812219
2026-01-22 22:35:00+00:00,1,0.4909372760201844
2026-01-22 22:40:00+00:00,1,0.492880222542965
2026-01-22 22:45:00+00:00,0,0.5000729338377756
2026-01-22 22:50:00+00:00,0,0.5364884883989373
2026-01-22 22:55:00+00:00,1,0.5040295919259006
2026-01-22 23:00:00+00:00,1,0.5180865464995046
2026-01-22 23:05:00+00:00,1,0.49702740940611617
2026-01-22 23:10:00+00:00,1,0.5020094649082565
2026-01-22 23:15:00+00:00,1,0.4872488073268378
2026-01-22 23:20:00+00:00,1,0.5044407310559855
2026-01-22 23:25:00+00:00,1,0.4908075044367274
2026-01-22 23:30:00+00:00,0,0.4736794356539311
2026-01-22 23:35:00+00:00,1,0.47846432757910806
2026-01-22 23:40:00+00:00,1,0.49031319910627624
2026-01-22 23:45:00+00:00,1,0.48877634055236907
2026-01-22 23:50:00+00:00,1,0.47014088059980286
2026-01-22 23:55:00+00:00,1,0.4682875119281148
2026-01-23 00:00:00+00:00,1,0.4910839291358736
2026-01-23 00:05:00+00:00,1,0.4843147115840075
2026-01-23 00:10:00+00:00,1,0.4511956057474804
2026-01-23 00:15:00+00:00,1,0.45178576581559804
2026-01-23 00:20:00+00:00,1,0.46761522042604553
2026-01-23 00:25:00+00:00,1,0.4486988376670296
2026-01-23 00:30:00+00:00,1,0.4830954840299095
2026-01-23 00:35:00+00:00,1,0.4348609401861861
2026-01-23 00:40:00+00:00,1,0.44095720706769814
2026-01-23 00:45:00+00:00,1,0.44484603805333633
2026-01-23 00:50:00+00:00,1,0.44445314374059536
2026-01-23 00:55:00+00:00,1,0.4807796809208552
2026-01-23 01:00:00+00:00,1,0.4406257411848259
2026-01-23 01:05:00+00:00,1,0.44239694760884823
2026-01-23 01:10:00+00:00,1,0.42599858245928246
2026-01-23 01:15:00+00:00,1,0.4198456799838686
2026-01-23 01:20:00+00:00,1,0.43033105358516816
2026-01-23 01:25:00+00:00,1,0.42687970517429036
2026-01-23 01:30:00+00:00,0,0.45228748163572835
2026-01-23 01:35:00+00:00,1,0.4426049315886708
2026-01-23 01:40:00+00:00,1,0.4473104961761157
2026-01-23 01:45:00+00:00,0,0.44374885720505924
2026-01-23 01:50:00+00:00,0,0.4288269467324985
2026-01-23 01:55:00+00:00,0,0.4444532263696161
2026-01-23 02:00:00+00:00,1,0.4445220436386134
2026-01-23 02:05:00+00:00,1,0.421020278229186
2026-01-23 02:10:00+00:00,0,0.4131121400462538
2026-01-23 02:15:00+00:00,0,0.43672472012463015
2026-01-23 02:20:00+00:00,0,0.44467741019745605
2026-01-23 02:25:00+00:00,0,0.4604544603270294
2026-01-23 02:30:00+00:00,0,0.4644174825608956
2026-01-23 02:35:00+00:00,0,0.45840007817268824
2026-01-23 02:40:00+00:00,1,0.45016010942350815
2026-01-23 02:45:00+00:00,1,0.48649223427643407
2026-01-23 02:50:00+00:00,1,0.4935739282786631
2026-01-23 02:55:00+00:00,1,0.4879668652290721
2026-01-23 03:00:00+00:00,1,0.48078064160711276
2026-01-23 03:05:00+00:00,1,0.4730439805431345
2026-01-23 03:10:00+00:00,1,0.47595729294835953
2026-01-23 03:15:00+00:00,0,0.44313041590927266
2026-01-23 03:20:00+00:00,0,0.4451149074916813
2026-01-23 03:25:00+00:00,0,0.42388461573861136
2026-01-23 03:30:00+00:00,0,0.44859072832938596
2026-01-23 03:35:00+00:00,0,0.4603798030949611
2026-01-23 03:40:00+00:00,1,0.4373650548803482
2026-01-23 03:45:00+00:00,0,0.46582033202542056
2026-01-23 03:50:00+00:00,1,0.4674975876805187
2026-01-23 03:55:00+00:00,0,0.4552290690688633
2026-01-23 04:00:00+00:00,1,0.4759915010755299
2026-01-23 04:05:00+00:00,0,0.47007994254970376
2026-01-23 04:10:00+00:00,0,0.455808889231141
2026-01-23 04:15:00+00:00,1,0.4791099647057304
2026-01-23 04:20:00+00:00,1,0.46391097548044957
2026-01-23 04:25:00+00:00,1,0.4902954834643174
2026-01-23 04:30:00+00:00,0,0.4778347242425026
2026-01-23 04:35:00+00:00,1,0.4888419819736864
2026-01-23 04:40:00+00:00,0,0.4614595252240771
2026-01-23 04:45:00+00:00,0,0.4634093276190287
2026-01-23 04:50:00+00:00,0,0.47721431932001024
2026-01-23 04:55:00+00:00,0,0.47187288119657894
2026-01-23 05:00:00+00:00,0,0.5060956502219706
2026-01-23 05:05:00+00:00,0,0.5140609511132725
2026-01-23 05:10:00+00:00,0,0.5263394231713687
2026-01-23 05:15:00+00:00,0,0.5146917949307257
2026-01-23 05:20:00+00:00,0,0.5176437620697816
2026-01-23 05:25:00+00:00,0,0.520046584933638
2026-01-23 05:30:00+00:00,1,0.5382354029361137
2026-01-23 05:35:00+00:00,0,0.5471959087939685
2026-01-23 05:40:00+00:00,1,0.5428121818587752
2026-01-23 05:45:00+00:00,1,0.5403462556725569
2026-01-23 05:50:00+00:00,0,0.5341912185521438
2026-01-23 05:55:00+00:00,0,0.5351022752837917
2026-01-23 06:00:00+00:00,0,0.5259156664379155
2026-01-23 06:05:00+00:00,0,0.5338894898819234
2026-01-23 06:10:00+00:00,0,0.5174821045541804
2026-01-23 06:15:00+00:00,0,0.5106279150719563
2026-01-23 06:20:00+00:00,0,0.5410721948804391
2026-01-23 06:25:00+00:00,0,0.5499658621609067
2026-01-23 06:30:00+00:00,0,0.5674772328334259
2026-01-23 06:35:00+00:00,0,0.5306513727200626
2026-01-23 06:40:00+00:00,0,0.5230424173174061
2026-01-23 06:45:00+00:00,0,0.5311483134474869
2026-01-23 06:50:00+00:00,0,0.5455333621943349
2026-01-23 06:55:00+00:00,0,0.5320959624639244
2026-01-23 07:00:00+00:00,0,0.5469088374337171
2026-01-23 07:05:00+00:00,1,0.5496522904200191
2026-01-23 07:10:00+00:00,1,0.5420600558397545
2026-01-23 07:15:00+00:00,1,0.5409615076100627
2026-01-23 07:20:00+00:00,1,0.5345891456624344
2026-01-23 07:25:00+00:00,1,0.5405875897044631
2026-01-23 07:30:00+00:00,0,0.5258445499478636
2026-01-23 07:35:00+00:00,0,0.5418085936221995
2026-01-23 07:40:00+00:00,0,0.5292052964259669
2026-01-23 07:45:00+00:00,0,0.527368188912142
2026-01-23 07:50:00+00:00,0,0.5358403686394804
2026-01-23 07:55:00+00:00,0,0.5290944603346454
2026-01-23 08:00:00+00:00,0,0.4991675771519013
2026-01-23 08:05:00+00:00,0,0.5096872506761282
2026-01-23 08:10:00+00:00,0,0.5323879768856775
2026-01-23 08:15:00+00:00,0,0.5141874857668781
2026-01-23 08:20:00+00:00,0,0.5125077294195873
2026-01-23 08:25:00+00:00,0,0.5532250013545378
2026-01-23 08:30:00+00:00,0,0.5380662537668223
2026-01-23 08:35:00+00:00,1,0.5390191514418815
2026-01-23 08:40:00+00:00,0,0.5364164225785782
2026-01-23 08:45:00+00:00,0,0.540221439400659
2026-01-23 08:50:00+00:00,1,0.5298133981802671
2026-01-23 08:55:00+00:00,0,0.5237261344568898
2026-01-23 09:00:00+00:00,0,0.4996546261207885
2026-01-23 09:05:00+00:00,0,0.5117653362765016
2026-01-23 09:10:00+00:00,0,0.5296665636220579
2026-01-23 09:15:00+00:00,1,0.5428047905606946
2026-01-23 09:20:00+00:00,0,0.5249623633454791
2026-01-23 09:25:00+00:00,0,0.531245649731069
2026-01-23 09:30:00+00:00,1,0.5421888662063534
2026-01-23 09:35:00+00:00,1,0.5359124187911554
2026-01-23 09:40:00+00:00,1,0.5165781040527595
2026-01-23 09:45:00+00:00,1,0.5040482751205396
2026-01-23 09:50:00+00:00,1,0.5079424196845047
2026-01-23 09:55:00+00:00,1,0.5176830060762314
2026-01-23 10:00:00+00:00,0,0.4836762340677499
2026-01-23 10:05:00+00:00,0,0.5013787477733266
2026-01-23 10:10:00+00:00,0,0.4949113868336255
2026-01-23 10:15:00+00:00,0,0.5001933785799273
2026-01-23 10:20:00+00:00,0,0.5023137083989873
2026-01-23 10:25:00+00:00,0,0.5096337272690672
2026-01-23 10:30:00+00:00,1,0.5137493577995833
2026-01-23 10:35:00+00:00,1,0.5171137658222034
2026-01-23 10:40:00+00:00,1,0.5089297071097021
2026-01-23 10:45:00+00:00,1,0.5115186406256128
2026-01-23 10:50:00+00:00,1,0.525347929202974
2026-01-23 10:55:00+00:00,1,0.5266753257277087
2026-01-23 11:00:00+00:00,1,0.5188991533635521
2026-01-23 11:05:00+00:00,1,0.49609763910517757
2026-01-23 11:10:00+00:00,0,0.4764668071477536
2026-01-23 11:15:00+00:00,0,0.49360998048600435
2026-01-23 11:20:00+00:00,1,0.49933802324327886
2026-01-23 11:25:00+00:00,1,0.4899583891821182
2026-01-23 11:30:00+00:00,1,0.4588312377943004
2026-01-23 11:35:00+00:00,1,0.48227711328766026
2026-01-23 11:40:00+00:00,0,0.4714444509382353
2026-01-23 11:45:00+00:00,0,0.4912190838656283
2026-01-23 11:50:00+00:00,0,0.5018626410825799
2026-01-23 11:55:00+00:00,0,0.47492546688186255
2026-01-23 12:00:00+00:00,0,0.4814285381436583
2026-01-23 12:05:00+00:00,0,0.4774425658211924
2026-01-23 12:10:00+00:00,1,0.5172564352456728
2026-01-23 12:15:00+00:00,0,0.5084143397340466
2026-01-23 12:20:00+00:00,0,0.5094609455195522
2026-01-23 12:25:00+00:00,0,0.5395519727547564
2026-01-23 12:30:00+00:00,0,0.5467812401352263
2026-01-23 12:35:00+00:00,0,0.5509552139981245
2026-01-23 12:40:00+00:00,0,0.5471257607980544
2026-01-23 12:45:00+00:00,0,0.540019727863287
2026-01-23 12:50:00+00:00,0,0.5378562537379704
2026-01-23 12:55:00+00:00,0,0.5380320402634929
2026-01-23 13:00:00+00:00,0,0.5405069439728765
2026-01-23 13:05:00+00:00,0,0.5514305352152615
2026-01-23 13:10:00+00:00,0,0.526111238308593
2026-01-23 13:15:00+00:00,0,0.5556085829892589
2026-01-23 13:20:00+00:00,0,0.5511993296836026
2026-01-23 13:25:00+00:00,0,0.5594476288048148
2026-01-23 13:30:00+00:00,0,0.5606685318549516
2026-01-23 13:35:00+00:00,0,0.5515119857947893
2026-01-23 13:40:00+00:00,0,0.5685331352291367
2026-01-23 13:45:00+00:00,0,0.5559861549301424
2026-01-23 13:50:00+00:00,0,0.5393744125856804
2026-01-23 13:55:00+00:00,0,0.5618198853001543
2026-01-23 14:00:00+00:00,0,0.530917435874553
2026-01-23 14:05:00+00:00,0,0.5625887781081682
2026-01-23 14:10:00+00:00,0,0.5642165541587764
2026-01-23 14:15:00+00:00,0,0.5546063990233702
2026-01-23 14:20:00+00:00,0,0.5535090497980321
2026-01-23 14:25:00+00:00,0,0.5101965759361686
2026-01-23 14:30:00+00:00,0,0.5031652735921197
2026-01-23 14:35:00+00:00,1,0.5053729095901823
2026-01-23 14:40:00+00:00,0,0.5181292414822524
2026-01-23 14:45:00+00:00,1,0.4972916040622476
2026-01-23 14:50:00+00:00,1,0.5420201544966263
2026-01-23 14:55:00+00:00,1,0.5424703354159384
2026-01-23 15:00:00+00:00,1,0.5219188601473015
2026-01-23 15:05:00+00:00,1,0.5480845908230176
2026-01-23 15:10:00+00:00,1,0.5428564185220894
2026-01-23 15:15:00+00:00,1,0.5387212037157021
2026-01-23 15:20:00+00:00,1,0.533477772104823
2026-01-23 15:25:00+00:00,1,0.5274877151587319
2026-01-23 15:30:00+00:00,1,0.5084069238418392
2026-01-23 15:35:00+00:00,1,0.4771424646165503
2026-01-23 15:40:00+00:00,1,0.46966565424112233
2026-01-23 15:45:00+00:00,0,0.44359647434290655
2026-01-23 15:50:00+00:00,0,0.4505407160805716
2026-01-23 15:55:00+00:00,0,0.44051344521946784
2026-01-23 16:00:00+00:00,0,0.4540010250641613
2026-01-23 16:05:00+00:00,1,0.44838880204666903
2026-01-23 16:10:00+00:00,1,0.45978950850726175
2026-01-23 16:15:00+00:00,1,0.44964889227987814
2026-01-23 16:20:00+00:00,1,0.46708043164492935
2026-01-23 16:25:00+00:00,1,0.5020281769042163
2026-01-23 16:30:00+00:00,1,0.48898608784175857
2026-01-23 16:35:00+00:00,0,0.42668359148373475
2026-01-23 16:40:00+00:00,0,0.41421912523060966
2026-01-23 16:45:00+00:00,0,0.4054359539948821
2026-01-23 16:50:00+00:00,1,0.4707006323026341
2026-01-23 16:55:00+00:00,1,0.47030955553469944
2026-01-23 17:00:00+00:00,1,0.49857149169387566
2026-01-23 17:05:00+00:00,1,0.5107701582154005
2026-01-23 17:10:00+00:00,1,0.49309956789811604
2026-01-23 17:15:00+00:00,1,0.487646144315038
2026-01-23 17:20:00+00:00,1,0.47264745440328015
2026-01-23 17:25:00+00:00,0,0.4287461434513261
2026-01-23 17:30:00+00:00,0,0.43166830076548784
2026-01-23 17:35:00+00:00,0,0.4222412838021877
2026-01-23 17:40:00+00:00,0,0.4250850521386487
2026-01-23 17:45:00+00:00,0,0.43357068460224274
2026-01-23 17:50:00+00:00,1,0.4715837678426211
2026-01-23 17:55:00+00:00,1,0.4910599259254109
2026-01-23 18:00:00+00:00,1,0.4734985217675652
2026-01-23 18:05:00+00:00,0,0.4525435577150897
2026-01-23 18:10:00+00:00,0,0.45912287156571846
2026-01-23 18:15:00+00:00,0,0.45994629154210387
2026-01-23 18:20:00+00:00,0,0.45571665498161634
2026-01-23 18:25:00+00:00,0,0.47308097674771377
2026-01-23 18:30:00+00:00,0,0.4767816470348201
2026-01-23 18:35:00+00:00,0,0.4901794054964882
2026-01-23 18:40:00+00:00,0,0.49090160613595507
2026-01-23 18:45:00+00:00,0,0.5098886026189499
2026-01-23 18:50:00+00:00,0,0.49995379978483523
2026-01-23 18:55:00+00:00,0,0.4994216288945769
2026-01-23 19:00:00+00:00,0,0.5045095232296702
2026-01-23 19:05:00+00:00,0,0.4956393166628645
2026-01-23 19:10:00+00:00,0,0.4956316203863262
2026-01-23 19:15:00+00:00,0,0.5292265016993102
2026-01-23 19:20:00+00:00,0,0.528989791521964
2026-01-23 19:25:00+00:00,0,0.5349504809712744
2026-01-23 19:30:00+00:00,1,0.5343659155243609
2026-01-23 19:35:00+00:00,1,0.543143995687564
2026-01-23 19:40:00+00:00,0,0.5105507022182518
2026-01-23 19:45:00+00:00,1,0.5095019249401185
2026-01-23 19:50:00+00:00,0,0.5043363852499221
2026-01-23 19:55:00+00:00,0,0.49464057606652284
2026-01-23 20:00:00+00:00,0,0.4583821739624631
2026-01-23 20:05:00+00:00,0,0.46868760336114434
2026-01-23 20:10:00+00:00,0,0.45752617988175887
2026-01-23 20:15:00+00:00,0,0.4563957064596629
2026-01-23 20:20:00+00:00,0,0.49250976462715307
2026-01-23 20:25:00+00:00,0,0.5120426843494931
2026-01-23 20:30:00+00:00,1,0.524830060726447
2026-01-23 20:35:00+00:00,1,0.5137279287456405
2026-01-23 20:40:00+00:00,1,0.5083683945980417
2026-01-23 20:45:00+00:00,1,0.5067722206120107
2026-01-23 20:50:00+00:00,1,0.5013812854878141
2026-01-23 20:55:00+00:00,1,0.5014452302916683
2026-01-23 21:00:00+00:00,1,0.5190719438539068
2026-01-23 21:05:00+00:00,0,0.5200442740175588
2026-01-23 21:10:00+00:00,0,0.5261417192111111
2026-01-23 21:15:00+00:00,0,0.5111660492873954
2026-01-23 21:20:00+00:00,0,0.46097722132046637
2026-01-23 21:25:00+00:00,0,0.49526802951314264
2026-01-23 21:30:00+00:00,0,0.4941141326462746
2026-01-23 21:35:00+00:00,1,0.49056081640807936
2026-01-23 21:40:00+00:00,1,0.5106248209926018
2026-01-23 21:45:00+00:00,1,0.485143623047543
2026-01-23 21:50:00+00:00,1,0.493368880888846
2026-01-23 21:55:00+00:00,1,0.523985590474006
2026-01-23 22:00:00+00:00,1,0.47878206399480006
2026-01-23 22:05:00+00:00,1,0.4911747569863458
2026-01-23 22:10:00+00:00,1,0.49041135340165926
2026-01-23 22:15:00+00:00,1,0.5001198679680637
2026-01-23 22:20:00+00:00,1,0.497647630617361
2026-01-23 22:25:00+00:00,1,0.49523704964400367
2026-01-23 22:30:00+00:00,1,0.44065586101653265
2026-01-23 22:35:00+00:00,0,0.42689502901791226
2026-01-23 22:40:00+00:00,1,0.4655060407408008
2026-01-23 22:45:00+00:00,0,0.44682758119148464
2026-01-23 22:50:00+00:00,0,0.47580200285622015
2026-01-23 22:55:00+00:00,0,0.4800949709663814
2026-01-23 23:00:00+00:00,1,0.5139006694421522
2026-01-23 23:05:00+00:00,1,0.5271357168209109
2026-01-23 23:10:00+00:00,1,0.5234908739860071
2026-01-23 23:15:00+00:00,1,0.5228407721913557
2026-01-23 23:20:00+00:00,1,0.5163003693816174
2026-01-23 23:25:00+00:00,1,0.5254863094290642
2026-01-23 23:30:00+00:00,1,0.5195693766290399
2026-01-23 23:35:00+00:00,1,0.5407995412523211
2026-01-23 23:40:00+00:00,1,0.5391497806416489
2026-01-23 23:45:00+00:00,1,0.5209524248091212
2026-01-23 23:50:00+00:00,1,0.5118940750783223
2026-01-23 23:55:00+00:00,1,0.5234572048671573
2026-01-24 00:00:00+00:00,1,0.4953770588629213
2026-01-24 00:05:00+00:00,0,0.4775789087486787
2026-01-24 00:10:00+00:00,0,0.4842260623836288
2026-01-24 00:15:00+00:00,0,0.47023298405211705
2026-01-24 00:20:00+00:00,0,0.4656203909285368
2026-01-24 00:25:00+00:00,0,0.4761881430428802
2026-01-24 00:30:00+00:00,0,0.48514241102606626
2026-01-24 00:35:00+00:00,0,0.5045042808648922
2026-01-24 00:40:00+00:00,0,0.5196879651052586
2026-01-24 00:45:00+00:00,0,0.519371427258257
2026-01-24 00:50:00+00:00,0,0.5202977735917147
2026-01-24 00:55:00+00:00,1,0.5352040043610435
2026-01-24 01:00:00+00:00,0,0.45908791336539334
2026-01-24 01:05:00+00:00,0,0.4997262403838552
2026-01-24 01:10:00+00:00,0,0.5131588841534496
2026-01-24 01:15:00+00:00,0,0.49443646623186677
2026-01-24 01:20:00+00:00,1,0.5092084872035667
2026-01-24 01:25:00+00:00,1,0.4747541168095709
2026-01-24 01:30:00+00:00,1,0.5006800653198399
2026-01-24 01:35:00+00:00,1,0.5128984832331323
2026-01-24 01:40:00+00:00,1,0.49294780750207756
2026-01-24 01:45:00+00:00,1,0.5039727057119534
2026-01-24 01:50:00+00:00,1,0.47715623994156237
2026-01-24 01:55:00+00:00,1,0.46369706432927466
2026-01-24 02:00:00+00:00,1,0.45238512554503674
2026-01-24 02:05:00+00:00,1,0.4412353573269054
2026-01-24 02:10:00+00:00,1,0.4465300178131987
2026-01-24 02:15:00+00:00,1,0.4595549514639393
2026-01-24 02:20:00+00:00,1,0.461152995556018
2026-01-24 02:25:00+00:00,1,0.45412202924711803
2026-01-24 02:30:00+00:00,1,0.46874504829737634
2026-01-24 02:35:00+00:00,1,0.4437765430412401
2026-01-24 02:40:00+00:00,1,0.4609790090881693
2026-01-24 02:45:00+00:00,1,0.46177114369400674
2026-01-24 02:50:00+00:00,1,0.4656854083937592
2026-01-24 02:55:00+00:00,1,0.4675275925741974
2026-01-24 03:00:00+00:00,1,0.4579178653174624
2026-01-24 03:05:00+00:00,1,0.451406808441326
2026-01-24 03:10:00+00:00,1,0.46863064535954674
2026-01-24 03:15:00+00:00,1,0.42760508708004824
2026-01-24 03:20:00+00:00,1,0.438163861624611
2026-01-24 03:25:00+00:00,1,0.4872239342332776
2026-01-24 03:30:00+00:00,1,0.5146218861078531
2026-01-24 03:35:00+00:00,1,0.4420931534103304
2026-01-24 03:40:00+00:00,1,0.43613341118754867
2026-01-24 03:45:00+00:00,1,0.44699250777268695
2026-01-24 03:50:00+00:00,1,0.4419533362300383
2026-01-24 03:55:00+00:00,0,0.4490175786815636
2026-01-24 04:00:00+00:00,0,0.47459490008963284
2026-01-24 04:05:00+00:00,0,0.5056185381179568
2026-01-24 04:10:00+00:00,0,0.47507032627845036
2026-01-24 04:15:00+00:00,0,0.43322389729614
2026-01-24 04:20:00+00:00,0,0.4415240103843393
2026-01-24 04:25:00+00:00,1,0.44817010570971544
2026-01-24 04:30:00+00:00,0,0.45102575308557424
2026-01-24 04:35:00+00:00,0,0.4323190940901476
2026-01-24 04:40:00+00:00,0,0.43259963981735783
2026-01-24 04:45:00+00:00,0,0.4371282068910652
2026-01-24 04:50:00+00:00,1,0.4508873824911666
2026-01-24 04:55:00+00:00,0,0.4604616795039294
2026-01-24 05:00:00+00:00,1,0.4828922266527748
2026-01-24 05:05:00+00:00,1,0.4772823483931412
2026-01-24 05:10:00+00:00,0,0.4767355656381165
2026-01-24 05:15:00+00:00,0,0.48397368785523043
2026-01-24 05:20:00+00:00,0,0.4656214039985506
2026-01-24 05:25:00+00:00,1,0.46819138382333464
2026-01-24 05:30:00+00:00,1,0.4629792243457274
2026-01-24 05:35:00+00:00,1,0.4775972633951216
2026-01-24 05:40:00+00:00,1,0.49437994597830004
2026-01-24 05:45:00+00:00,1,0.4953505961998844
2026-01-24 05:50:00+00:00,1,0.442696945746635
2026-01-24 05:55:00+00:00,0,0.4487336886480696
2026-01-24 06:00:00+00:00,1,0.44779560690635367
2026-01-24 06:05:00+00:00,1,0.43882961881215643
2026-01-24 06:10:00+00:00,1,0.45250582107860904
2026-01-24 06:15:00+00:00,1,0.47264003081386446
2026-01-24 06:20:00+00:00,1,0.4904618246788161
2026-01-24 06:25:00+00:00,1,0.48786875965777304
2026-01-24 06:30:00+00:00,1,0.4997008072796457
2026-01-24 06:35:00+00:00,1,0.4761007766128145
2026-01-24 06:40:00+00:00,1,0.4942616080356951
2026-01-24 06:45:00+00:00,0,0.5005792811940486
2026-01-24 06:50:00+00:00,0,0.49910971141517646
2026-01-24 06:55:00+00:00,0,0.5018014016469354
2026-01-24 07:00:00+00:00,0,0.5034156338891225
2026-01-24 07:05:00+00:00,0,0.46796319666890596
2026-01-24 07:10:00+00:00,0,0.4858642211478964
2026-01-24 07:15:00+00:00,0,0.5119933804205143
2026-01-24 07:20:00+00:00,0,0.5552930366953348
2026-01-24 07:25:00+00:00,0,0.5540686631479649
2026-01-24 07:30:00+00:00,0,0.5689371354857007
2026-01-24 07:35:00+00:00,0,0.5536616049394457
2026-01-24 07:40:00+00:00,0,0.5641339142707016
2026-01-24 07:45:00+00:00,0,0.5684983288192341
2026-01-24 07:50:00+00:00,0,0.5763753950483632
2026-01-24 07:55:00+00:00,1,0.5768261771104999
2026-01-24 08:00:00+00:00,1,0.5592981991356845
2026-01-24 08:05:00+00:00,1,0.55845233824259
2026-01-24 08:10:00+00:00,1,0.5689515799592479
2026-01-24 08:15:00+00:00,1,0.5528615572761797
2026-01-24 08:20:00+00:00,1,0.5746486565858148
2026-01-24 08:25:00+00:00,1,0.579997188463013
2026-01-24 08:30:00+00:00,1,0.5808637698716134
2026-01-24 08:35:00+00:00,0,0.5689792101594251
2026-01-24 08:40:00+00:00,0,0.5896453372101051
2026-01-24 08:45:00+00:00,0,0.5666631748491131
2026-01-24 08:50:00+00:00,0,0.5859195732191802
2026-01-24 08:55:00+00:00,0,0.5888473635636434
2026-01-24 09:00:00+00:00,0,0.5980029450542172
2026-01-24 09:05:00+00:00,0,0.5915097746030566
2026-01-24 09:10:00+00:00,0,0.596471885259538
2026-01-24 09:15:00+00:00,0,0.588036302775139
2026-01-24 09:20:00+00:00,0,0.5966007002046552
2026-01-24 09:25:00+00:00,1,0.5963724056745249
2026-01-24 09:30:00+00:00,0,0.5814612577768985
2026-01-24 09:35:00+00:00,0,0.6030356619022067
2026-01-24 09:40:00+00:00,0,0.6034504980681782
2026-01-24 09:45:00+00:00,0,0.593968143000256
2026-01-24 09:50:00+00:00,1,0.5939219779808623
2026-01-24 09:55:00+00:00,0,0.5979278584986668
2026-01-24 10:00:00+00:00,0,0.5824601473747165
2026-01-24 10:05:00+00:00,0,0.5772823571608062
2026-01-24 10:10:00+00:00,1,0.5865541013683195
2026-01-24 10:15:00+00:00,1,0.5879067501499554
2026-01-24 10:20:00+00:00,0,0.5499782860418877
2026-01-24 10:25:00+00:00,0,0.5609365759446945
2026-01-24 10:30:00+00:00,1,0.5695198273882464
2026-01-24 10:35:00+00:00,1,0.5412499341974069
2026-01-24 10:40:00+00:00,1,0.553007454580799
2026-01-24 10:45:00+00:00,1,0.5372718486276813
2026-01-24 10:50:00+00:00,1,0.5591832670747267
2026-01-24 10:55:00+00:00,1,0.5625903153192601
2026-01-24 11:00:00+00:00,1,0.5372280314286322
2026-01-24 11:05:00+00:00,0,0.5185571792031948
2026-01-24 11:10:00+00:00,0,0.5533323058993308
2026-01-24 11:15:00+00:00,0,0.5567926638562066
2026-01-24 11:20:00+00:00,0,0.5509710825409031
2026-01-24 11:25:00+00:00,1,0.5358251372066554
2026-01-24 11:30:00+00:00,0,0.5249675930659468
2026-01-24 11:35:00+00:00,1,0.5410384018988561
2026-01-24 11:40:00+00:00,0,0.5469542524032864
2026-01-24 11:45:00+00:00,0,0.5331434728902947
2026-01-24 11:50:00+00:00,1,0.5488297819956484
2026-01-24 11:55:00+00:00,1,0.5247182294690288
2026-01-24 12:00:00+00:00,1,0.5605554349772027
2026-01-24 12:05:00+00:00,1,0.5111691989672371
2026-01-24 12:10:00+00:00,1,0.5347173100868561
2026-01-24 12:15:00+00:00,1,0.5687626435516815
2026-01-24 12:20:00+00:00,1,0.5376700040232077
2026-01-24 12:25:00+00:00,0,0.5003218269184481
2026-01-24 12:30:00+00:00,0,0.4995282972585245
2026-01-24 12:35:00+00:00,0,0.5362716483476849
2026-01-24 12:40:00+00:00,0,0.556042275724036
2026-01-24 12:45:00+00:00,1,0.5458459942897057
2026-01-24 12:50:00+00:00,1,0.5118026007326424
2026-01-24 12:55:00+00:00,1,0.53246140051938
2026-01-24 13:00:00+00:00,1,0.5104672169960239
2026-01-24 13:05:00+00:00,1,0.4999019296221796
2026-01-24 13:10:00+00:00,1,0.5328888902095444
2026-01-24 13:15:00+00:00,1,0.544574281039329
2026-01-24 13:20:00+00:00,1,0.5213913614855566
2026-01-24 13:25:00+00:00,0,0.5220302212606557
2026-01-24 13:30:00+00:00,0,0.529309487507637
2026-01-24 13:35:00+00:00,0,0.48742629295799156
2026-01-24 13:40:00+00:00,0,0.4539857201915606
2026-01-24 13:45:00+00:00,0,0.43256403190302367
2026-01-24 13:50:00+00:00,0,0.45123387561095296
2026-01-24 13:55:00+00:00,0,0.5077071094923081
2026-01-24 14:00:00+00:00,1,0.5346449024673728
2026-01-24 14:05:00+00:00,1,0.5117261206604974
2026-01-24 14:10:00+00:00,1,0.4799015487213853
2026-01-24 14:15:00+00:00,1,0.4817227661890131
2026-01-24 14:20:00+00:00,1,0.5037285957798411
2026-01-24 14:25:00+00:00,1,0.5170652430970394
2026-01-24 14:30:00+00:00,1,0.4389830571672935
2026-01-24 14:35:00+00:00,1,0.4598347679349354
2026-01-24 14:40:00+00:00,1,0.44242713402945233
2026-01-24 14:45:00+00:00,1,0.4424962039205125
2026-01-24 14:50:00+00:00,1,0.43646562983101833
2026-01-24 14:55:00+00:00,0,0.4462314866322348
2026-01-24 15:00:00+00:00,0,0.47166329609831936
2026-01-24 15:05:00+00:00,0,0.4546473512511584
2026-01-24 15:10:00+00:00,0,0.4475402004437142
2026-01-24 15:15:00+00:00,0,0.43944257655986113
2026-01-24 15:20:00+00:00,0,0.4432572751195711
2026-01-24 15:25:00+00:00,0,0.45085454475593933
2026-01-24 15:30:00+00:00,0,0.43090770567891545
2026-01-24 15:35:00+00:00,0,0.47872753163245596
2026-01-24 15:40:00+00:00,0,0.503308747143429
2026-01-24 15:45:00+00:00,0,0.5067127759457146
2026-01-24 15:50:00+00:00,0,0.5483215561510829
2026-01-24 15:55:00+00:00,0,0.5427223500118663
2026-01-24 16:00:00+00:00,0,0.5509416359626499
2026-01-24 16:05:00+00:00,0,0.5540268250440944
2026-01-24 16:10:00+00:00,0,0.5424949204636984
2026-01-24 16:15:00+00:00,1,0.5337134931585579
2026-01-24 16:20:00+00:00,1,0.5561158253939947
2026-01-24 16:25:00+00:00,0,0.5494725286665573
2026-01-24 16:30:00+00:00,0,0.5221038948557825
2026-01-24 16:35:00+00:00,0,0.5171790008027205
2026-01-24 16:40:00+00:00,1,0.5082432435705224
2026-01-24 16:45:00+00:00,0,0.5375495752415498
2026-01-24 16:50:00+00:00,1,0.5503295523209801
2026-01-24 16:55:00+00:00,1,0.5552116363550312
2026-01-24 17:00:00+00:00,1,0.5594318752735579
2026-01-24 17:05:00+00:00,1,0.5633094879414139
2026-01-24 17:10:00+00:00,1,0.5481452916133277
2026-01-24 17:15:00+00:00,1,0.5319244926681399
2026-01-24 17:20:00+00:00,0,0.4920325058976632
2026-01-24 17:25:00+00:00,0,0.4803991351081955
2026-01-24 17:30:00+00:00,0,0.5182097290202289
2026-01-24 17:35:00+00:00,0,0.5282668238878481
2026-01-24 17:40:00+00:00,0,0.5300579812938921
2026-01-24 17:45:00+00:00,1,0.5147633470882991
2026-01-24 17:50:00+00:00,1,0.5238461396820688
2026-01-24 17:55:00+00:00,0,0.4984939102139644
2026-01-24 18:00:00+00:00,0,0.512763932573613
2026-01-24 18:05:00+00:00,1,0.520854182941207
2026-01-24 18:10:00+00:00,1,0.5144932122569692
2026-01-24 18:15:00+00:00,1,0.5148999855059992
2026-01-24 18:20:00+00:00,1,0.5138653078876256
2026-01-24 18:25:00+00:00,1,0.513169223127391
2026-01-24 18:30:00+00:00,0,0.5181182683677751
2026-01-24 18:35:00+00:00,0,0.5228921999220947
2026-01-24 18:40:00+00:00,0,0.5218325475226187
2026-01-24 18:45:00+00:00,0,0.5558469207304603
2026-01-24 18:50:00+00:00,0,0.5525116810548296
2026-01-24 18:55:00+00:00,0,0.5450338784283794
2026-01-24 19:00:00+00:00,0,0.5604457942454371
2026-01-24 19:05:00+00:00,0,0.5486025044780527
2026-01-24 19:10:00+00:00,1,0.5725098427947963
2026-01-24 19:15:00+00:00,0,0.5715758744061942
2026-01-24 19:20:00+00:00,0,0.5569173043217452
2026-01-24 19:25:00+00:00,0,0.5408287661950046
2026-01-24 19:30:00+00:00,1,0.5500088761319902
2026-01-24 19:35:00+00:00,0,0.5393190667514612
2026-01-24 19:40:00+00:00,0,0.5354566494049847
2026-01-24 19:45:00+00:00,1,0.5484978361907636
2026-01-24 19:50:00+00:00,1,0.5733343673210725
2026-01-24 19:55:00+00:00,1,0.5536608882240448
2026-01-24 20:00:00+00:00,1,0.5431632605880975
2026-01-24 20:05:00+00:00,1,0.5566434327286224
2026-01-24 20:10:00+00:00,1,0.4824955192725238
2026-01-24 20:15:00+00:00,0,0.46831567588142203
2026-01-24 20:20:00+00:00,0,0.4777502257689011
2026-01-24 20:25:00+00:00,0,0.48050305098853097
2026-01-24 20:30:00+00:00,0,0.5200370071553839
2026-01-24 20:35:00+00:00,0,0.5076388298602628
2026-01-24 20:40:00+00:00,0,0.48193777095116774
2026-01-24 20:45:00+00:00,0,0.49392712004861206
2026-01-24 20:50:00+00:00,0,0.5046824370499782
2026-01-24 20:55:00+00:00,1,0.5061391198351683
2026-01-24 21:00:00+00:00,1,0.5323099141391572
2026-01-24 21:05:00+00:00,1,0.5716987633633845
2026-01-24 21:10:00+00:00,1,0.5654821990974261
2026-01-24 21:15:00+00:00,1,0.5847655402588308
2026-01-24 21:20:00+00:00,1,0.590840198799736
2026-01-24 21:25:00+00:00,0,0.5566507555056188
2026-01-24 21:30:00+00:00,0,0.567275217271062
2026-01-24 21:35:00+00:00,0,0.5524847907992907
2026-01-24 21:40:00+00:00,0,0.5098097961385074
2026-01-24 21:45:00+00:00,0,0.500528889112989
2026-01-24 21:50:00+00:00,1,0.5075357546786999
2026-01-24 21:55:00+00:00,1,0.5298496336219956
2026-01-24 22:00:00+00:00,1,0.5427124946384744
2026-01-24 22:05:00+00:00,1,0.514499704509126
2026-01-24 22:10:00+00:00,0,0.5004197108830607
2026-01-24 22:15:00+00:00,1,0.5019254978950936
2026-01-24 22:20:00+00:00,1,0.534468081870494
2026-01-24 22:25:00+00:00,1,0.516640446702954
2026-01-24 22:30:00+00:00,1,0.5701077399124596
2026-01-24 22:35:00+00:00,1,0.568401047883973
2026-01-24 22:40:00+00:00,1,0.5839180773276139
2026-01-24 22:45:00+00:00,1,0.5157874392510925
2026-01-24 22:50:00+00:00,1,0.526953812614384
2026-01-24 22:55:00+00:00,1,0.5131532269742618
2026-01-24 23:00:00+00:00,1,0.517427707256866
2026-01-24 23:05:00+00:00,1,0.5076327797525028
2026-01-24 23:10:00+00:00,0,0.5132490084145124
2026-01-24 23:15:00+00:00,0,0.5077510770739471
2026-01-24 23:20:00+00:00,0,0.503793485587063
2026-01-24 23:25:00+00:00,0,0.5013479047762237
2026-01-24 23:30:00+00:00,1,0.5257635309404329
2026-01-24 23:35:00+00:00,1,0.5373175510168557
2026-01-24 23:40:00+00:00,1,0.5415453952906135
2026-01-24 23:45:00+00:00,1,0.5323281872398993
2026-01-24 23:50:00+00:00,1,0.5238843972037268
2026-01-24 23:55:00+00:00,1,0.5507452703253612
2026-01-25 00:00:00+00:00,1,0.5274455657643108
2026-01-25 00:05:00+00:00,1,0.5222345399599198
2026-01-25 00:10:00+00:00,1,0.5501026594565032
2026-01-25 00:15:00+00:00,1,0.573412488983663
2026-01-25 00:20:00+00:00,0,0.5537725553044153
2026-01-25 00:25:00+00:00,1,0.5728346624854717
2026-01-25 00:30:00+00:00,1,0.5633545989210689
2026-01-25 00:35:00+00:00,1,0.5698251694481054
2026-01-25 00:40:00+00:00,0,0.5145837411160997
2026-01-25 00:45:00+00:00,0,0.5367545472871574
2026-01-25 00:50:00+00:00,1,0.4853579446140076
2026-01-25 00:55:00+00:00,0,0.4626364320445897
2026-01-25 01:00:00+00:00,0,0.45960433551216867
2026-01-25 01:05:00+00:00,0,0.4528435218521536
2026-01-25 01:10:00+00:00,0,0.46957125735029465
2026-01-25 01:15:00+00:00,0,0.4859822576299004
2026-01-25 01:20:00+00:00,0,0.4865928758853322
2026-01-25 01:25:00+00:00,0,0.4766950360413683
2026-01-25 01:30:00+00:00,0,0.48003773996582993
2026-01-25 01:35:00+00:00,1,0.4916009558180487
2026-01-25 01:40:00+00:00,1,0.48003393943385303
2026-01-25 01:45:00+00:00,1,0.49029491199240166
2026-01-25 01:50:00+00:00,1,0.48578564249368256
2026-01-25 01:55:00+00:00,1,0.5151005925181431
2026-01-25 02:00:00+00:00,1,0.48012949636660684
2026-01-25 02:05:00+00:00,0,0.4312805480199719
2026-01-25 02:10:00+00:00,0,0.430723344724108
2026-01-25 02:15:00+00:00,0,0.44131852494844803
2026-01-25 02:20:00+00:00,0,0.4406836029915079
2026-01-25 02:25:00+00:00,1,0.4455070909979507
2026-01-25 02:30:00+00:00,0,0.4305545782865943
2026-01-25 02:35:00+00:00,0,0.4349219507461504
2026-01-25 02:40:00+00:00,1,0.4539842685143926
2026-01-25 02:45:00+00:00,0,0.44875334945927037
2026-01-25 02:50:00+00:00,0,0.4527383985253748
2026-01-25 02:55:00+00:00,0,0.4713595342955029
2026-01-25 03:00:00+00:00,0,0.44935208031470314
2026-01-25 03:05:00+00:00,0,0.471868266575816
2026-01-25 03:10:00+00:00,0,0.4790159687319981
2026-01-25 03:15:00+00:00,0,0.4925199411684423
2026-01-25 03:20:00+00:00,0,0.5215702616137959
2026-01-25 03:25:00+00:00,1,0.4984422078586914
2026-01-25 03:30:00+00:00,1,0.5055252391854425
2026-01-25 03:35:00+00:00,1,0.49600215934418135
2026-01-25 03:40:00+00:00,0,0.4942598513745336
2026-01-25 03:45:00+00:00,0,0.5057176922029424
2026-01-25 03:50:00+00:00,0,0.497942866493972
2026-01-25 03:55:00+00:00,1,0.486943311626309
2026-01-25 04:00:00+00:00,1,0.4313712227250645
2026-01-25 04:05:00+00:00,1,0.4557853012124809
2026-01-25 04:10:00+00:00,1,0.5051532665780462
2026-01-25 04:15:00+00:00,1,0.49985114706174594
2026-01-25 04:20:00+00:00,1,0.4752915526765052
2026-01-25 04:25:00+00:00,1,0.4606236372936322
2026-01-25 04:30:00+00:00,1,0.4213644504818016
2026-01-25 04:35:00+00:00,1,0.41957291251805967
2026-01-25 04:40:00+00:00,1,0.3962807476977754
2026-01-25 04:45:00+00:00,1,0.3995545829607434
2026-01-25 04:50:00+00:00,1,0.38833061076641506
2026-01-25 04:55:00+00:00,1,0.3973053348755367
2026-01-25 05:00:00+00:00,0,0.40835685849387593
2026-01-25 05:05:00+00:00,0,0.41419426498899925
2026-01-25 05:10:00+00:00,0,0.4146511838872459
2026-01-25 05:15:00+00:00,1,0.4146378903124858
2026-01-25 05:20:00+00:00,1,0.4591675394237378
2026-01-25 05:25:00+00:00,1,0.45583059591731884
2026-01-25 05:30:00+00:00,1,0.4734077962998592
2026-01-25 05:35:00+00:00,1,0.4667677544325202
2026-01-25 05:40:00+00:00,1,0.4958759781575474
2026-01-25 05:45:00+00:00,0,0.48145638691308
2026-01-25 05:50:00+00:00,0,0.4590973315413969
2026-01-25 05:55:00+00:00,0,0.4388167629914821
2026-01-25 06:00:00+00:00,0,0.4475978023936516
2026-01-25 06:05:00+00:00,0,0.45968777072846834
2026-01-25 06:10:00+00:00,0,0.442060371757234
2026-01-25 06:15:00+00:00,0,0.48316400840592455
2026-01-25 06:20:00+00:00,0,0.45088901196099634
2026-01-25 06:25:00+00:00,0,0.43861106730756444
2026-01-25 06:30:00+00:00,0,0.45748434671380583
2026-01-25 06:35:00+00:00,1,0.4807153013428556
2026-01-25 06:40:00+00:00,0,0.4692447956901016
2026-01-25 06:45:00+00:00,0,0.48049118912252187
2026-01-25 06:50:00+00:00,0,0.47419553203226295
2026-01-25 06:55:00+00:00,0,0.46669772041705554
2026-01-25 07:00:00+00:00,1,0.45629235570228766
2026-01-25 07:05:00+00:00,1,0.44332448583632644
2026-01-25 07:10:00+00:00,1,0.4814128454129065
2026-01-25 07:15:00+00:00,1,0.49671051187552046
2026-01-25 07:20:00+00:00,1,0.47198275784694743
2026-01-25 07:25:00+00:00,1,0.4738328932019313
2026-01-25 07:30:00+00:00,1,0.4565796272292505
2026-01-25 07:35:00+00:00,1,0.4474054198675667
2026-01-25 07:40:00+00:00,1,0.455360543409598
2026-01-25 07:45:00+00:00,1,0.4350177266341176
2026-01-25 07:50:00+00:00,1,0.4288396379054981
2026-01-25 07:55:00+00:00,1,0.41413738715838166
2026-01-25 08:00:00+00:00,1,0.425824500522542
2026-01-25 08:05:00+00:00,0,0.4235422748060896
2026-01-25 08:10:00+00:00,0,0.40782489885179424
2026-01-25 08:15:00+00:00,0,0.4224333628905555
2026-01-25 08:20:00+00:00,0,0.3984356659050766
2026-01-25 08:25:00+00:00,0,0.4026019708520654
2026-01-25 08:30:00+00:00,0,0.41312938137062105
2026-01-25 08:35:00+00:00,1,0.47227387109190894
2026-01-25 08:40:00+00:00,1,0.4539252757816046
2026-01-25 08:45:00+00:00,1,0.4466330840597637
2026-01-25 08:50:00+00:00,1,0.4297946255734469
2026-01-25 08:55:00+00:00,1,0.42192842325573005
2026-01-25 09:00:00+00:00,1,0.4308155364807314
2026-01-25 09:05:00+00:00,1,0.43819318982019345
2026-01-25 09:10:00+00:00,1,0.42409497029133153
2026-01-25 09:15:00+00:00,1,0.42993831677419614
2026-01-25 09:20:00+00:00,1,0.4092894535133099
2026-01-25 09:25:00+00:00,1,0.4056219365527911
2026-01-25 09:30:00+00:00,1,0.3997604519809823
2026-01-25 09:35:00+00:00,1,0.40049897531835094
2026-01-25 09:40:00+00:00,1,0.4058847946833346
2026-01-25 09:45:00+00:00,1,0.415310251141341
2026-01-25 09:50:00+00:00,1,0.40696946132733086
2026-01-25 09:55:00+00:00,1,0.4062122525993509
2026-01-25 10:00:00+00:00,1,0.41665637778811015
2026-01-25 10:05:00+00:00,1,0.41779495582309045
2026-01-25 10:10:00+00:00,1,0.3828132469995328
2026-01-25 10:15:00+00:00,1,0.3822155410548188
2026-01-25 10:20:00+00:00,0,0.3870684895543942
2026-01-25 10:25:00+00:00,0,0.4861374685073763
2026-01-25 10:30:00+00:00,0,0.4492222898814813
2026-01-25 10:35:00+00:00,0,0.4332400299494882
2026-01-25 10:40:00+00:00,0,0.4304064200962254
2026-01-25 10:45:00+00:00,0,0.46552378976191394
2026-01-25 10:50:00+00:00,1,0.46163359317587294
2026-01-25 10:55:00+00:00,1,0.4734381908742697
2026-01-25 11:00:00+00:00,1,0.4721456805150673
2026-01-25 11:05:00+00:00,1,0.4811560997449864
2026-01-25 11:10:00+00:00,1,0.46654338646486176
2026-01-25 11:15:00+00:00,1,0.44114819162765617
2026-01-25 11:20:00+00:00,1,0.4591869026247007
2026-01-25 11:25:00+00:00,1,0.42510398511405806
2026-01-25 11:30:00+00:00,0,0.42843296592781815
2026-01-25 11:35:00+00:00,0,0.46088520114583215
2026-01-25 11:40:00+00:00,1,0.47112298557582855
2026-01-25 11:45:00+00:00,0,0.42612603598000415
2026-01-25 11:50:00+00:00,0,0.44183798435381977
2026-01-25 11:55:00+00:00,0,0.43530219053548475
2026-01-25 12:00:00+00:00,0,0.46272374568733904
2026-01-25 12:05:00+00:00,0,0.45544768922247675
2026-01-25 12:10:00+00:00,0,0.4698235846029335
2026-01-25 12:15:00+00:00,0,0.4822053804480477
2026-01-25 12:20:00+00:00,1,0.4881828261608146
2026-01-25 12:25:00+00:00,1,0.4761734798490389
2026-01-25 12:30:00+00:00,1,0.47605602275139725
2026-01-25 12:35:00+00:00,1,0.4705612744870989
2026-01-25 12:40:00+00:00,1,0.5008112742318855
2026-01-25 12:45:00+00:00,1,0.49038053549335175
2026-01-25 12:50:00+00:00,1,0.4806637173895452
2026-01-25 12:55:00+00:00,1,0.4842183453253931
2026-01-25 13:00:00+00:00,1,0.47860663806208253
2026-01-25 13:05:00+00:00,1,0.46702514934666417
2026-01-25 13:10:00+00:00,1,0.4534067707175792
2026-01-25 13:15:00+00:00,1,0.43847158200752623
2026-01-25 13:20:00+00:00,1,0.4430579951087671
2026-01-25 13:25:00+00:00,1,0.4542149705555361
2026-01-25 13:30:00+00:00,1,0.4669170999210751
2026-01-25 13:35:00+00:00,0,0.4614105001350499
2026-01-25 13:40:00+00:00,0,0.4517432744919703
2026-01-25 13:45:00+00:00,0,0.471885905016645
2026-01-25 13:50:00+00:00,0,0.46094031592159646
2026-01-25 13:55:00+00:00,0,0.45879056337278534
2026-01-25 14:00:00+00:00,0,0.45885037725909283
2026-01-25 14:05:00+00:00,0,0.45628222700460047
2026-01-25 14:10:00+00:00,0,0.46761817795299526
2026-01-25 14:15:00+00:00,0,0.45630123909804715
2026-01-25 14:20:00+00:00,0,0.49109682286346723
2026-01-25 14:25:00+00:00,0,0.48701978218520375
2026-01-25 14:30:00+00:00,0,0.4772162812839072
2026-01-25 14:35:00+00:00,1,0.5031518325054322
2026-01-25 14:40:00+00:00,1,0.5002749485774802
2026-01-25 14:45:00+00:00,1,0.5164487093739615
2026-01-25 14:50:00+00:00,1,0.5158363601745485
2026-01-25 14:55:00+00:00,1,0.5120885599259982
2026-01-25 15:00:00+00:00,1,0.5004149700649427
2026-01-25 15:05:00+00:00,0,0.4821768741241203
2026-01-25 15:10:00+00:00,1,0.4811181993043201
2026-01-25 15:15:00+00:00,1,0.4703255897330003
2026-01-25 15:20:00+00:00,1,0.47570286058368855
2026-01-25 15:25:00+00:00,1,0.4615480134459163
2026-01-25 15:30:00+00:00,1,0.4861224349485895
2026-01-25 15:35:00+00:00,0,0.487720195602113
2026-01-25 15:40:00+00:00,0,0.4867164813748687
2026-01-25 15:45:00+00:00,0,0.4832912955055777
2026-01-25 15:50:00+00:00,0,0.4644635688896051
2026-01-25 15:55:00+00:00,0,0.4656998553357855
2026-01-25 16:00:00+00:00,0,0.47912651472027595
2026-01-25 16:05:00+00:00,0,0.4986325920381258
2026-01-25 16:10:00+00:00,0,0.5011003517253861
2026-01-25 16:15:00+00:00,0,0.5133098153300161
2026-01-25 16:20:00+00:00,0,0.491633184341906
2026-01-25 16:25:00+00:00,0,0.4887137516085594
2026-01-25 16:30:00+00:00,0,0.5122358564931283
2026-01-25 16:35:00+00:00,0,0.5138420120989269
2026-01-25 16:40:00+00:00,0,0.5216082288162964
2026-01-25 16:45:00+00:00,0,0.515312394806173
2026-01-25 16:50:00+00:00,0,0.5234941852349296
2026-01-25 16:55:00+00:00,0,0.5360013349898908
2026-01-25 17:00:00+00:00,0,0.5415840013825169
2026-01-25 17:05:00+00:00,0,0.5341158303574329
2026-01-25 17:10:00+00:00,1,0.5354153617024914
2026-01-25 17:15:00+00:00,1,0.5219242598617337
2026-01-25 17:20:00+00:00,1,0.5402269530340653
2026-01-25 17:25:00+00:00,1,0.5267983180490603
2026-01-25 17:30:00+00:00,1,0.503363738223431
2026-01-25 17:35:00+00:00,0,0.5057149874995817
2026-01-25 17:40:00+00:00,0,0.5094233391230705
2026-01-25 17:45:00+00:00,0,0.49504991640518453
2026-01-25 17:50:00+00:00,0,0.506057255239992
2026-01-25 17:55:00+00:00,0,0.4921334043157821
2026-01-25 18:00:00+00:00,0,0.5030434112927213
2026-01-25 18:05:00+00:00,0,0.5313805387765118
2026-01-25 18:10:00+00:00,0,0.4881592049998322
2026-01-25 18:15:00+00:00,0,0.48830289772563856
2026-01-25 18:20:00+00:00,0,0.48677680077578117
2026-01-25 18:25:00+00:00,1,0.5112014761661392
2026-01-25 18:30:00+00:00,1,0.5332827377868138
2026-01-25 18:35:00+00:00,1,0.5234452954087687
2026-01-25 18:40:00+00:00,0,0.5235242924622656
2026-01-25 18:45:00+00:00,0,0.522549534081269
2026-01-25 18:50:00+00:00,0,0.5565049009751217
2026-01-25 18:55:00+00:00,0,0.549080542574126
2026-01-25 19:00:00+00:00,0,0.5458788178756122
2026-01-25 19:05:00+00:00,0,0.5494796254971075
2026-01-25 19:10:00+00:00,0,0.5130264551171048
2026-01-25 19:15:00+00:00,0,0.5316530528586042
2026-01-25 19:20:00+00:00,0,0.5092115816307905
2026-01-25 19:25:00+00:00,0,0.515691351659924
2026-01-25 19:30:00+00:00,1,0.5183937606362814
2026-01-25 19:35:00+00:00,1,0.5020838666705933
2026-01-25 19:40:00+00:00,0,0.494593842561719
2026-01-25 19:45:00+00:00,0,0.5156719891313519
2026-01-25 19:50:00+00:00,1,0.5174996519811164
2026-01-25 19:55:00+00:00,0,0.5105596221404988
2026-01-25 20:00:00+00:00,0,0.49992649823128565
2026-01-25 20:05:00+00:00,0,0.5158061328743562
2026-01-25 20:10:00+00:00,0,0.48742680854466486
2026-01-25 20:15:00+00:00,0,0.5093431638258895
2026-01-25 20:20:00+00:00,0,0.5084462336041464
2026-01-25 20:25:00+00:00,1,0.5245447748446876
2026-01-25 20:30:00+00:00,1,0.5432072704367169
2026-01-25 20:35:00+00:00,1,0.510274599455398
2026-01-25 20:40:00+00:00,1,0.5191315074817849
2026-01-25 20:45:00+00:00,1,0.5014631058259418
2026-01-25 20:50:00+00:00,1,0.5115089410314206
2026-01-25 20:55:00+00:00,1,0.5054866758856837
2026-01-25 21:00:00+00:00,1,0.4510984766373349
2026-01-25 21:05:00+00:00,0,0.46317578309390045
2026-01-25 21:10:00+00:00,0,0.4800909337344093
2026-01-25 21:15:00+00:00,1,0.5025942188267953
2026-01-25 21:20:00+00:00,1,0.5006920567867392
2026-01-25 21:25:00+00:00,1,0.5042515865757006
2026-01-25 21:30:00+00:00,1,0.49353040362245093
2026-01-25 21:35:00+00:00,1,0.48707387488282505
2026-01-25 21:40:00+00:00,1,0.47229456930646185
2026-01-25 21:45:00+00:00,0,0.4428263116159869
2026-01-25 21:50:00+00:00,0,0.4507364401598998
2026-01-25 21:55:00+00:00,0,0.45136624323606706
2026-01-25 22:00:00+00:00,0,0.45853527019454926
2026-01-25 22:05:00+00:00,0,0.47001066932456476
2026-01-25 22:10:00+00:00,0,0.456242542783401
2026-01-25 22:15:00+00:00,0,0.47291960539680117
2026-01-25 22:20:00+00:00,1,0.48594580993681114
2026-01-25 22:25:00+00:00,1,0.47382671920712083
2026-01-25 22:30:00+00:00,1,0.482771366818982
2026-01-25 22:35:00+00:00,1,0.48349409023594897
2026-01-25 22:40:00+00:00,1,0.4751152662307181
2026-01-25 22:45:00+00:00,1,0.49658039612886573
2026-01-25 22:50:00+00:00,1,0.4794392475788832
2026-01-25 22:55:00+00:00,1,0.4809834470388238
2026-01-25 23:00:00+00:00,1,0.4547563802520896
2026-01-25 23:05:00+00:00,0,0.4563725563382659
2026-01-25 23:10:00+00:00,1,0.4568652668643671
2026-01-25 23:15:00+00:00,1,0.44778690442867497
2026-01-25 23:20:00+00:00,0,0.45239599965858474
2026-01-25 23:25:00+00:00,1,0.4768642661802493
2026-01-25 23:30:00+00:00,1,0.44833770581776583
2026-01-25 23:35:00+00:00,1,0.47042135157440595
2026-01-25 23:40:00+00:00,1,0.44736064640484335
2026-01-25 23:45:00+00:00,1,0.4512350495422668
2026-01-25 23:50:00+00:00,1,0.45941468570879795
2026-01-25 23:55:00+00:00,1,0.46198114713307337
2026-01-26 00:00:00+00:00,1,0.4534027760151266
2026-01-26 00:05:00+00:00,0,0.45858217271564267
2026-01-26 00:10:00+00:00,0,0.457297156868992
2026-01-26 00:15:00+00:00,0,0.44561983894252377
2026-01-26 00:20:00+00:00,1,0.4376614913258262
2026-01-26 00:25:00+00:00,1,0.42831745110023606
2026-01-26 00:30:00+00:00,1,0.46142424981615476
2026-01-26 00:35:00+00:00,1,0.46664837117050867
2026-01-26 00:40:00+00:00,1,0.45802375240948356
2026-01-26 00:45:00+00:00,1,0.4469647963127871
2026-01-26 00:50:00+00:00,1,0.46566813042629707
2026-01-26 00:55:00+00:00,1,0.4614101397611331
2026-01-26 01:00:00+00:00,1,0.44504901986151785
2026-01-26 01:05:00+00:00,0,0.43629122128847864
2026-01-26 01:10:00+00:00,1,0.4421546461640521
2026-01-26 01:15:00+00:00,1,0.44013503249934166
2026-01-26 01:20:00+00:00,1,0.4483545216539529
2026-01-26 01:25:00+00:00,1,0.44456443404233753
2026-01-26 01:30:00+00:00,0,0.45422854838378
2026-01-26 01:35:00+00:00,0,0.46181625121912073
2026-01-26 01:40:00+00:00,0,0.45205647799537324
2026-01-26 01:45:00+00:00,0,0.46932186278331467
2026-01-26 01:50:00+00:00,0,0.4592265435534997
2026-01-26 01:55:00+00:00,0,0.4764802050985849
2026-01-26 02:00:00+00:00,1,0.4869869950797718
2026-01-26 02:05:00+00:00,1,0.4724190108124721
2026-01-26 02:10:00+00:00,1,0.4618953225867886
2026-01-26 02:15:00+00:00,1,0.4590803926958369
2026-01-26 02:20:00+00:00,0,0.44407612580726485
2026-01-26 02:25:00+00:00,0,0.4635903495424811
2026-01-26 02:30:00+00:00,0,0.4613618084402582
2026-01-26 02:35:00+00:00,0,0.4784838959336189
2026-01-26 02:40:00+00:00,0,0.47560373413660867
2026-01-26 02:45:00+00:00,0,0.45778707619418396
2026-01-26 02:50:00+00:00,0,0.46106512801651217
2026-01-26 02:55:00+00:00,0,0.4711183300554773
2026-01-26 03:00:00+00:00,0,0.44285347654468576
2026-01-26 03:05:00+00:00,0,0.45876196558085963
2026-01-26 03:10:00+00:00,0,0.45495651313121543
2026-01-26 03:15:00+00:00,0,0.46007136899979956
2026-01-26 03:20:00+00:00,0,0.4606698926803562
2026-01-26 03:25:00+00:00,0,0.46424196608771534
2026-01-26 03:30:00+00:00,1,0.4622505435236236
2026-01-26 03:35:00+00:00,1,0.48457630489286047
2026-01-26 03:40:00+00:00,1,0.4846437000815616
2026-01-26 03:45:00+00:00,1,0.4771380537370011
2026-01-26 03:50:00+00:00,1,0.48001742872469727
2026-01-26 03:55:00+00:00,1,0.4660564534638099
2026-01-26 04:00:00+00:00,1,0.46054088369275226
2026-01-26 04:05:00+00:00,1,0.4416364018742888
2026-01-26 04:10:00+00:00,1,0.4587872396445241
2026-01-26 04:15:00+00:00,1,0.43672769742879125
2026-01-26 04:20:00+00:00,0,0.42932907748533694
2026-01-26 04:25:00+00:00,0,0.43169719985215693
2026-01-26 04:30:00+00:00,0,0.4296691788292832
2026-01-26 04:35:00+00:00,0,0.4278314950130924
2026-01-26 04:40:00+00:00,0,0.4308856579441508
2026-01-26 04:45:00+00:00,0,0.4328080168775765
2026-01-26 04:50:00+00:00,0,0.43854098698686267
2026-01-26 04:55:00+00:00,0,0.4532270565198677
2026-01-26 05:00:00+00:00,0,0.46262618528636346
2026-01-26 05:05:00+00:00,0,0.483780923120872
2026-01-26 05:10:00+00:00,1,0.48554908877798864
2026-01-26 05:15:00+00:00,1,0.49345910816139
2026-01-26 05:20:00+00:00,1,0.4921857914515115
2026-01-26 05:25:00+00:00,0,0.49565348227870415
2026-01-26 05:30:00+00:00,0,0.5032772081054568
2026-01-26 05:35:00+00:00,1,0.48898854072351144
2026-01-26 05:40:00+00:00,0,0.48577386968836866
2026-01-26 05:45:00+00:00,1,0.4864549903309707
2026-01-26 05:50:00+00:00,0,0.46754525405596165
2026-01-26 05:55:00+00:00,1,0.46276506689997793
2026-01-26 06:00:00+00:00,1,0.48782320498748627
2026-01-26 06:05:00+00:00,1,0.4835459179784028
2026-01-26 06:10:00+00:00,1,0.487538970182385
2026-01-26 06:15:00+00:00,1,0.48698989338292636
2026-01-26 06:20:00+00:00,1,0.4834374854427113
2026-01-26 06:25:00+00:00,1,0.48401565685016296
2026-01-26 06:30:00+00:00,1,0.47524517847751163
2026-01-26 06:35:00+00:00,1,0.48671733133371353
2026-01-26 06:40:00+00:00,1,0.4673403053512978
2026-01-26 06:45:00+00:00,1,0.46253227431758454
2026-01-26 06:50:00+00:00,1,0.4778111641813188
2026-01-26 06:55:00+00:00,1,0.4739550676344747
2026-01-26 07:00:00+00:00,1,0.4742490443630368
2026-01-26 07:05:00+00:00,1,0.46517568070065807
2026-01-26 07:10:00+00:00,1,0.45845320986031707
2026-01-26 07:15:00+00:00,1,0.4551215427738581
2026-01-26 07:20:00+00:00,1,0.44717138558015057
2026-01-26 07:25:00+00:00,1,0.45126459135716573
2026-01-26 07:30:00+00:00,1,0.4547286662283563
2026-01-26 07:35:00+00:00,1,0.4395070274949857
2026-01-26 07:40:00+00:00,1,0.436362908784404
2026-01-26 07:45:00+00:00,1,0.44805443401432105
2026-01-26 07:50:00+00:00,1,0.4390602408932974
2026-01-26 07:55:00+00:00,1,0.43107059658790436
2026-01-26 08:00:00+00:00,1,0.3872928666807277
2026-01-26 08:05:00+00:00,1,0.4088477694329106
2026-01-26 08:10:00+00:00,0,0.4147745953438881
2026-01-26 08:15:00+00:00,1,0.40832151358823965
2026-01-26 08:20:00+00:00,0,0.4139198434933666
2026-01-26 08:25:00+00:00,0,0.4109084544773945
2026-01-26 08:30:00+00:00,0,0.4085343923735213
2026-01-26 08:35:00+00:00,0,0.4070447771537582
2026-01-26 08:40:00+00:00,0,0.41849624792706047
2026-01-26 08:45:00+00:00,0,0.4184405857188067
2026-01-26 08:50:00+00:00,0,0.45712173010828944
2026-01-26 08:55:00+00:00,0,0.4587686129852648
2026-01-26 09:00:00+00:00,0,0.4597490983696409
2026-01-26 09:05:00+00:00,0,0.4567205752072008
2026-01-26 09:10:00+00:00,0,0.4515061593195209
2026-01-26 09:15:00+00:00,0,0.454205361033928
2026-01-26 09:20:00+00:00,0,0.4702510881975545
2026-01-26 09:25:00+00:00,0,0.45925218161979275
2026-01-26 09:30:00+00:00,1,0.46245816514597615
2026-01-26 09:35:00+00:00,1,0.4482892592127949
2026-01-26 09:40:00+00:00,1,0.46489441236190804
2026-01-26 09:45:00+00:00,1,0.47973142175400957
2026-01-26 09:50:00+00:00,1,0.4754676227200333
2026-01-26 09:55:00+00:00,1,0.44921704596877676
2026-01-26 10:00:00+00:00,1,0.42600950666176857
2026-01-26 10:05:00+00:00,1,0.4161173350374433
2026-01-26 10:10:00+00:00,1,0.407059571607114
2026-01-26 10:15:00+00:00,1,0.4101136875796052
2026-01-26 10:20:00+00:00,1,0.41451545177754734
2026-01-26 10:25:00+00:00,1,0.4259681832797617
2026-01-26 10:30:00+00:00,0,0.4431809687674963
2026-01-26 10:35:00+00:00,1,0.44794119540726235
2026-01-26 10:40:00+00:00,1,0.44575780881497923
2026-01-26 10:45:00+00:00,1,0.45328675257186907
2026-01-26 10:50:00+00:00,1,0.4462914819662007
2026-01-26 10:55:00+00:00,0,0.4468098250185741
2026-01-26 11:00:00+00:00,1,0.46726361035320707
2026-01-26 11:05:00+00:00,1,0.46307067945442565
2026-01-26 11:10:00+00:00,0,0.43653200084259064
2026-01-26 11:15:00+00:00,0,0.4529188395608985
2026-01-26 11:20:00+00:00,0,0.46536904732941786
2026-01-26 11:25:00+00:00,1,0.4708806828571439
2026-01-26 11:30:00+00:00,1,0.44465976719511563
2026-01-26 11:35:00+00:00,0,0.44882128741760713
2026-01-26 11:40:00+00:00,1,0.4517588978455285
2026-01-26 11:45:00+00:00,1,0.4846561678348524
2026-01-26 11:50:00+00:00,1,0.48858142544986616
2026-01-26 11:55:00+00:00,1,0.49918361223958385
2026-01-26 12:00:00+00:00,1,0.4821609568671831
2026-01-26 12:05:00+00:00,1,0.5129475318911765
2026-01-26 12:10:00+00:00,0,0.48997418091040407
2026-01-26 12:15:00+00:00,0,0.47480984665753534
2026-01-26 12:20:00+00:00,0,0.469170049789873
2026-01-26 12:25:00+00:00,0,0.4612424039482098
2026-01-26 12:30:00+00:00,0,0.48493825060346313
2026-01-26 12:35:00+00:00,0,0.4712975781572907
2026-01-26 12:40:00+00:00,1,0.4734681963242676
2026-01-26 12:45:00+00:00,1,0.47232460899343276
2026-01-26 12:50:00+00:00,1,0.49367109930622494
2026-01-26 12:55:00+00:00,1,0.49535466737712136
2026-01-26 13:00:00+00:00,1,0.4822163262387789
2026-01-26 13:05:00+00:00,0,0.495860446056307
2026-01-26 13:10:00+00:00,0,0.46663622483154066
2026-01-26 13:15:00+00:00,0,0.4565364654629189
2026-01-26 13:20:00+00:00,0,0.4688728579165469
2026-01-26 13:25:00+00:00,1,0.4680286158047006
2026-01-26 13:30:00+00:00,1,0.4587137584894987
2026-01-26 13:35:00+00:00,1,0.49268608453093254
2026-01-26 13:40:00+00:00,1,0.4594509358817092
2026-01-26 13:45:00+00:00,1,0.4855972377142857
2026-01-26 13:50:00+00:00,0,0.44985714855458964
2026-01-26 13:55:00+00:00,0,0.4748851879558971
2026-01-26 14:00:00+00:00,1,0.4630937412336961
2026-01-26 14:05:00+00:00,1,0.45724479348616487
2026-01-26 14:10:00+00:00,1,0.45315005764873595
2026-01-26 14:15:00+00:00,1,0.4549166679482153
2026-01-26 14:20:00+00:00,1,0.45161392617449303
2026-01-26 14:25:00+00:00,1,0.4489820888821378
2026-01-26 14:30:00+00:00,1,0.4398479052825936
2026-01-26 14:35:00+00:00,0,0.47149173257440546
2026-01-26 14:40:00+00:00,1,0.5023766762769424
2026-01-26 14:45:00+00:00,1,0.5140520899973582
2026-01-26 14:50:00+00:00,1,0.4767025074887708
2026-01-26 14:55:00+00:00,1,0.4861353925093498
2026-01-26 15:00:00+00:00,1,0.45572285271816415
2026-01-26 15:05:00+00:00,0,0.46222156765553385
2026-01-26 15:10:00+00:00,0,0.4596926054134991
2026-01-26 15:15:00+00:00,0,0.4692153750055101
2026-01-26 15:20:00+00:00,0,0.48394524434360475
2026-01-26 15:25:00+00:00,0,0.4674214310124857
2026-01-26 15:30:00+00:00,1,0.4917017677639362
2026-01-26 15:35:00+00:00,0,0.49185000380932603
2026-01-26 15:40:00+00:00,1,0.499754462207284
2026-01-26 15:45:00+00:00,0,0.4951959198112831
2026-01-26 15:50:00+00:00,1,0.48864029262505976
2026-01-26 15:55:00+00:00,1,0.48797227221087824
2026-01-26 16:00:00+00:00,0,0.44799655889531664
2026-01-26 16:05:00+00:00,0,0.4833937646592449
2026-01-26 16:10:00+00:00,0,0.48817400480070994
2026-01-26 16:15:00+00:00,1,0.5044031978411164
2026-01-26 16:20:00+00:00,1,0.48355477650463646
2026-01-26 16:25:00+00:00,1,0.48012526421055984
2026-01-26 16:30:00+00:00,1,0.48626721236375564
2026-01-26 16:35:00+00:00,1,0.49620427337997863
2026-01-26 16:40:00+00:00,1,0.5010203716391767
2026-01-26 16:45:00+00:00,0,0.47410824201058444
2026-01-26 16:50:00+00:00,0,0.4746245372631189
2026-01-26 16:55:00+00:00,0,0.4727061762556433
2026-01-26 17:00:00+00:00,0,0.4524841963389174
2026-01-26 17:05:00+00:00,0,0.4625468467742685
2026-01-26 17:10:00+00:00,0,0.47749016996723354
2026-01-26 17:15:00+00:00,1,0.4768757032854288
2026-01-26 17:20:00+00:00,1,0.46860599297870903
2026-01-26 17:25:00+00:00,1,0.4782503743551057
2026-01-26 17:30:00+00:00,1,0.4822760270539998
2026-01-26 17:35:00+00:00,1,0.47131757691287907
2026-01-26 17:40:00+00:00,1,0.47969777556375764
2026-01-26 17:45:00+00:00,1,0.48167132757851144
2026-01-26 17:50:00+00:00,1,0.4831929364678835
2026-01-26 17:55:00+00:00,1,0.4732578146181191
2026-01-26 18:00:00+00:00,1,0.4539298380982093
2026-01-26 18:05:00+00:00,1,0.4755478702887691
2026-01-26 18:10:00+00:00,1,0.46999453908229444
2026-01-26 18:15:00+00:00,1,0.45558242478392275
2026-01-26 18:20:00+00:00,1,0.4494803457061303
2026-01-26 18:25:00+00:00,1,0.428709451955775
2026-01-26 18:30:00+00:00,0,0.45738157975736055
2026-01-26 18:35:00+00:00,0,0.4877368481582223
2026-01-26 18:40:00+00:00,0,0.456559990551246
2026-01-26 18:45:00+00:00,0,0.4582266901831598
2026-01-26 18:50:00+00:00,0,0.4592872525168446
2026-01-26 18:55:00+00:00,0,0.4636224440735705
2026-01-26 19:00:00+00:00,0,0.4907541046949501
2026-01-26 19:05:00+00:00,0,0.495107944015202
2026-01-26 19:10:00+00:00,0,0.47913198500429427
2026-01-26 19:15:00+00:00,0,0.4819961603844568
2026-01-26 19:20:00+00:00,0,0.4621538011674649
2026-01-26 19:25:00+00:00,0,0.46075180434499413
2026-01-26 19:30:00+00:00,1,0.45222494835384186
2026-01-26 19:35:00+00:00,0,0.4694816135767042
2026-01-26 19:40:00+00:00,0,0.4678246967057269
2026-01-26 19:45:00+00:00,0,0.4830741051116936
2026-01-26 19:50:00+00:00,1,0.49552769297220994
2026-01-26 19:55:00+00:00,1,0.4964150890096048
2026-01-26 20:00:00+00:00,0,0.4777091320271725
2026-01-26 20:05:00+00:00,1,0.48330902589769514
2026-01-26 20:10:00+00:00,1,0.4967787210379912
2026-01-26 20:15:00+00:00,0,0.4855994250421103
2026-01-26 20:20:00+00:00,0,0.4704517257071253
2026-01-26 20:25:00+00:00,0,0.46670056617408173
2026-01-26 20:30:00+00:00,0,0.47528737981570524
2026-01-26 20:35:00+00:00,0,0.4681987440253585
2026-01-26 20:40:00+00:00,1,0.4600131660692658
2026-01-26 20:45:00+00:00,1,0.4905347093929312
2026-01-26 20:50:00+00:00,1,0.5172738996621077
2026-01-26 20:55:00+00:00,1,0.4991915042920533
2026-01-26 21:00:00+00:00,1,0.5056204063233303
2026-01-26 21:05:00+00:00,1,0.4866921530772474
2026-01-26 21:10:00+00:00,1,0.47458809928060036
2026-01-26 21:15:00+00:00,1,0.4711161343192644
2026-01-26 21:20:00+00:00,1,0.47713268276545606
2026-01-26 21:25:00+00:00,1,0.4742959098579411
2026-01-26 21:30:00+00:00,1,0.48077774562578246
2026-01-26 21:35:00+00:00,1,0.47528564112472377
2026-01-26 21:40:00+00:00,0,0.45958296105669616
2026-01-26 21:45:00+00:00,0,0.4557288014514097
2026-01-26 21:50:00+00:00,0,0.4452394421711611
2026-01-26 21:55:00+00:00,0,0.44033827072400883
2026-01-26 22:00:00+00:00,1,0.43276892725149846
2026-01-26 22:05:00+00:00,1,0.4508900200233677
2026-01-26 22:10:00+00:00,1,0.44483741559036244
2026-01-26 22:15:00+00:00,1,0.45146260909774333
2026-01-26 22:20:00+00:00,1,0.4636475068664056
2026-01-26 22:25:00+00:00,1,0.4574664203742838
2026-01-26 22:30:00+00:00,0,0.4399553551198654
2026-01-26 22:35:00+00:00,0,0.43473227756551674
2026-01-26 22:40:00+00:00,1,0.45395088015552076
2026-01-26 22:45:00+00:00,1,0.4562704517471398
2026-01-26 22:50:00+00:00,1,0.44243485268569277
2026-01-26 22:55:00+00:00,1,0.4680396695393104
2026-01-26 23:00:00+00:00,1,0.47964131385626085
2026-01-26 23:05:00+00:00,1,0.4608067643665684
2026-01-26 23:10:00+00:00,1,0.43335756429589856
2026-01-26 23:15:00+00:00,1,0.4267747754143112
2026-01-26 23:20:00+00:00,1,0.43832591354013223
2026-01-26 23:25:00+00:00,0,0.4307511891101246
2026-01-26 23:30:00+00:00,0,0.4181844659100162
2026-01-26 23:35:00+00:00,0,0.40984220964017726
2026-01-26 23:40:00+00:00,0,0.4212772444157972
2026-01-26 23:45:00+00:00,0,0.43082965081801233
2026-01-26 23:50:00+00:00,0,0.4365662435764685
2026-01-26 23:55:00+00:00,0,0.45417397477662125
2026-01-27 00:00:00+00:00,0,0.46902729882917565
2026-01-27 00:05:00+00:00,1,0.4736524462161436
2026-01-27 00:10:00+00:00,1,0.463629670239042
2026-01-27 00:15:00+00:00,1,0.470305262159246
2026-01-27 00:20:00+00:00,1,0.47131164259566893
2026-01-27 00:25:00+00:00,1,0.4883396469185909
2026-01-27 00:30:00+00:00,1,0.486128426076516
2026-01-27 00:35:00+00:00,1,0.4898784691282794
2026-01-27 00:40:00+00:00,1,0.469423560802392
2026-01-27 00:45:00+00:00,1,0.4710335170830189
2026-01-27 00:50:00+00:00,1,0.48000478817754016
2026-01-27 00:55:00+00:00,1,0.4672998334137165
2026-01-27 01:00:00+00:00,1,0.485253903800155
2026-01-27 01:05:00+00:00,1,0.4741330090204132
2026-01-27 01:10:00+00:00,1,0.4760373812190775
2026-01-27 01:15:00+00:00,1,0.46454013568789326
2026-01-27 01:20:00+00:00,0,0.4578447240342867
2026-01-27 01:25:00+00:00,0,0.4328786541583761
2026-01-27 01:30:00+00:00,1,0.44164872514267844
2026-01-27 01:35:00+00:00,1,0.45663885636347484
2026-01-27 01:40:00+00:00,0,0.4475607339915308
2026-01-27 01:45:00+00:00,0,0.4590987996714655
2026-01-27 01:50:00+00:00,0,0.45413369858442465
2026-01-27 01:55:00+00:00,0,0.44932776392066903
2026-01-27 02:00:00+00:00,0,0.4348711792954243
2026-01-27 02:05:00+00:00,0,0.44117012365584823
2026-01-27 02:10:00+00:00,0,0.47169166365556825
2026-01-27 02:15:00+00:00,0,0.47802617252177193
2026-01-27 02:20:00+00:00,0,0.4776282256916694
2026-01-27 02:25:00+00:00,1,0.4658955539144798
2026-01-27 02:30:00+00:00,1,0.4907938304029462
2026-01-27 02:35:00+00:00,0,0.4874002210289627
2026-01-27 02:40:00+00:00,0,0.49166340561604466
2026-01-27 02:45:00+00:00,0,0.49105315150761203
2026-01-27 02:50:00+00:00,1,0.5022788501531967
2026-01-27 02:55:00+00:00,0,0.46678664787699564
2026-01-27 03:00:00+00:00,0,0.4724845691782547
2026-01-27 03:05:00+00:00,0,0.48979272359783904
2026-01-27 03:10:00+00:00,1,0.5070117260111074
2026-01-27 03:15:00+00:00,0,0.4864004135229704
2026-01-27 03:20:00+00:00,0,0.4811953092461287
2026-01-27 03:25:00+00:00,0,0.4795854234030854
2026-01-27 03:30:00+00:00,1,0.4737855177305449
2026-01-27 03:35:00+00:00,1,0.4624471840963764
2026-01-27 03:40:00+00:00,1,0.42160898812950154
2026-01-27 03:45:00+00:00,1,0.4636251348128631
2026-01-27 03:50:00+00:00,1,0.5029129317849667
2026-01-27 03:55:00+00:00,1,0.49625887338613606
2026-01-27 04:00:00+00:00,1,0.48823536427137754
2026-01-27 04:05:00+00:00,0,0.4834296716746334
2026-01-27 04:10:00+00:00,0,0.48142624062533085
2026-01-27 04:15:00+00:00,0,0.4776555422335805
2026-01-27 04:20:00+00:00,0,0.479710833103535
2026-01-27 04:25:00+00:00,0,0.47367733600642004
2026-01-27 04:30:00+00:00,0,0.4982651540436064
2026-01-27 04:35:00+00:00,0,0.5141359637272558
2026-01-27 04:40:00+00:00,0,0.5371537350034038
2026-01-27 04:45:00+00:00,0,0.538434040079012
2026-01-27 04:50:00+00:00,0,0.5393102257396789
2026-01-27 04:55:00+00:00,0,0.5063025970887677
2026-01-27 05:00:00+00:00,1,0.5320698842121125
2026-01-27 05:05:00+00:00,1,0.5396718001060264
2026-01-27 05:10:00+00:00,1,0.5208250079412052
2026-01-27 05:15:00+00:00,1,0.5065757346367861
2026-01-27 05:20:00+00:00,1,0.512218214461409
2026-01-27 05:25:00+00:00,1,0.48506296131044896
2026-01-27 05:30:00+00:00,0,0.46733751464814566
2026-01-27 05:35:00+00:00,0,0.4658017766064333
2026-01-27 05:40:00+00:00,0,0.4515930962359988
2026-01-27 05:45:00+00:00,0,0.45649925470445135
2026-01-27 05:50:00+00:00,0,0.4690759838808498
2026-01-27 05:55:00+00:00,0,0.45013777295622365
2026-01-27 06:00:00+00:00,0,0.45758112316207694
2026-01-27 06:05:00+00:00,0,0.4698099141070529
2026-01-27 06:10:00+00:00,0,0.4820580038667511
2026-01-27 06:15:00+00:00,0,0.4766142977702195
2026-01-27 06:20:00+00:00,0,0.49760836634482664
2026-01-27 06:25:00+00:00,0,0.5067772951478475
2026-01-27 06:30:00+00:00,0,0.5213387509416113
2026-01-27 06:35:00+00:00,0,0.5197141940488166
2026-01-27 06:40:00+00:00,1,0.5328875296495802
2026-01-27 06:45:00+00:00,0,0.5138037801240198
2026-01-27 06:50:00+00:00,0,0.5385005731726769
2026-01-27 06:55:00+00:00,0,0.5498109173306297
2026-01-27 07:00:00+00:00,0,0.5309831363549944
2026-01-27 07:05:00+00:00,0,0.5234338033126639
2026-01-27 07:10:00+00:00,0,0.5335458998337727
2026-01-27 07:15:00+00:00,1,0.5100701594993393
2026-01-27 07:20:00+00:00,1,0.5327771838330895
2026-01-27 07:25:00+00:00,0,0.4609468571402041
2026-01-27 07:30:00+00:00,1,0.4888370484012296
2026-01-27 07:35:00+00:00,1,0.49858197719040903
2026-01-27 07:40:00+00:00,1,0.4865199757489506
2026-01-27 07:45:00+00:00,0,0.47048536538398533
2026-01-27 07:50:00+00:00,0,0.4995425475976684
2026-01-27 07:55:00+00:00,1,0.5435582455401997
2026-01-27 08:00:00+00:00,0,0.48709056815673407
2026-01-27 08:05:00+00:00,0,0.457989651588739
2026-01-27 08:10:00+00:00,0,0.4652872451029827
2026-01-27 08:15:00+00:00,1,0.4576410372928226
2026-01-27 08:20:00+00:00,1,0.48406945215438835
2026-01-27 08:25:00+00:00,1,0.4496634950416922
2026-01-27 08:30:00+00:00,1,0.48119039412195047
2026-01-27 08:35:00+00:00,1,0.466640347641591
2026-01-27 08:40:00+00:00,0,0.45883504628883137
2026-01-27 08:45:00+00:00,0,0.46968878493643285
2026-01-27 08:50:00+00:00,0,0.4234195173370775
2026-01-27 08:55:00+00:00,0,0.4429238950254542
2026-01-27 09:00:00+00:00,0,0.45513216520088096
2026-01-27 09:05:00+00:00,1,0.5006349160457036
2026-01-27 09:10:00+00:00,1,0.5119167902481168
2026-01-27 09:15:00+00:00,1,0.5021364051909984
2026-01-27 09:20:00+00:00,1,0.5023435470395303
2026-01-27 09:25:00+00:00,1,0.46093463394177436
2026-01-27 09:30:00+00:00,0,0.43990030338055763
2026-01-27 09:35:00+00:00,0,0.4474892741561869
2026-01-27 09:40:00+00:00,0,0.45293677793135523
2026-01-27 09:45:00+00:00,0,0.48207844673305505
2026-01-27 09:50:00+00:00,0,0.47688938053672236
2026-01-27 09:55:00+00:00,0,0.4873007553694698
2026-01-27 10:00:00+00:00,1,0.493504305605239
2026-01-27 10:05:00+00:00,1,0.48820640556707035
2026-01-27 10:10:00+00:00,1,0.472668835520519
2026-01-27 10:15:00+00:00,1,0.4723347983450918
2026-01-27 10:20:00+00:00,1,0.4876376996599299
2026-01-27 10:25:00+00:00,1,0.45363763046357125
2026-01-27 10:30:00+00:00,1,0.4379756414730977
2026-01-27 10:35:00+00:00,1,0.4786370630333027
2026-01-27 10:40:00+00:00,1,0.43954751817954035
2026-01-27 10:45:00+00:00,1,0.43754786374873245
2026-01-27 10:50:00+00:00,1,0.46457318242908724
2026-01-27 10:55:00+00:00,0,0.4554038808192841
2026-01-27 11:00:00+00:00,0,0.44865384670613095
2026-01-27 11:05:00+00:00,0,0.4495605322405027
2026-01-27 11:10:00+00:00,0,0.4281805588011791
2026-01-27 11:15:00+00:00,0,0.44844098919566555
2026-01-27 11:20:00+00:00,0,0.45797129296636135
2026-01-27 11:25:00+00:00,0,0.5003839595352165
2026-01-27 11:30:00+00:00,0,0.5084264114604324
2026-01-27 11:35:00+00:00,0,0.49497128237500826
2026-01-27 11:40:00+00:00,0,0.478133902421228
2026-01-27 11:45:00+00:00,0,0.4866360143082701
2026-01-27 11:50:00+00:00,0,0.47719792790443905
2026-01-27 11:55:00+00:00,0,0.48965676129903296
2026-01-27 12:00:00+00:00,0,0.5133146921279205
2026-01-27 12:05:00+00:00,1,0.5039386854759388
2026-01-27 12:10:00+00:00,0,0.5122432700392274
2026-01-27 12:15:00+00:00,0,0.5095221358318458
2026-01-27 12:20:00+00:00,0,0.4957492955631861
2026-01-27 12:25:00+00:00,0,0.5099277129751081
2026-01-27 12:30:00+00:00,0,0.5001844825692372
2026-01-27 12:35:00+00:00,0,0.513424684146065
2026-01-27 12:40:00+00:00,0,0.4877186627322089
2026-01-27 12:45:00+00:00,0,0.4892158248021364
2026-01-27 12:50:00+00:00,0,0.49755086431725204
2026-01-27 12:55:00+00:00,0,0.5202428982890364
2026-01-27 13:00:00+00:00,0,0.4817699301932027
2026-01-27 13:05:00+00:00,1,0.4950606240368345
2026-01-27 13:10:00+00:00,1,0.4993950524446547
2026-01-27 13:15:00+00:00,1,0.4821181628818072
2026-01-27 13:20:00+00:00,1,0.48900756451191923
2026-01-27 13:25:00+00:00,1,0.4848784313646831
2026-01-27 13:30:00+00:00,1,0.47505281496715146
2026-01-27 13:35:00+00:00,1,0.4839274567547602
2026-01-27 13:40:00+00:00,1,0.4912914707923714
2026-01-27 13:45:00+00:00,1,0.4808082231093785
2026-01-27 13:50:00+00:00,1,0.4704618689932491
2026-01-27 13:55:00+00:00,1,0.482907003499715
2026-01-27 14:00:00+00:00,1,0.4685072322178993
2026-01-27 14:05:00+00:00,0,0.468560355229183
2026-01-27 14:10:00+00:00,0,0.45791275658284764
2026-01-27 14:15:00+00:00,0,0.4566859222578222
2026-01-27 14:20:00+00:00,0,0.45202333508624504
2026-01-27 14:25:00+00:00,0,0.44885705081460253
2026-01-27 14:30:00+00:00,1,0.41594439208059014
2026-01-27 14:35:00+00:00,1,0.45825414745470194
2026-01-27 14:40:00+00:00,1,0.4554008099687781
2026-01-27 14:45:00+00:00,1,0.4657212552346129
2026-01-27 14:50:00+00:00,1,0.4495767630870613
2026-01-27 14:55:00+00:00,1,0.45690569325771735
2026-01-27 15:00:00+00:00,1,0.45284272031750095
2026-01-27 15:05:00+00:00,1,0.4505093878397537
2026-01-27 15:10:00+00:00,1,0.4504925295702171
2026-01-27 15:15:00+00:00,1,0.4460455151931553
2026-01-27 15:20:00+00:00,1,0.4570138549873944
2026-01-27 15:25:00+00:00,1,0.4750014775528253
2026-01-27 15:30:00+00:00,1,0.48915284319190494
2026-01-27 15:35:00+00:00,1,0.45131507150384603
2026-01-27 15:40:00+00:00,1,0.4587941225358641
2026-01-27 15:45:00+00:00,1,0.4531036603804644
2026-01-27 15:50:00+00:00,1,0.4482143565136205
2026-01-27 15:55:00+00:00,0,0.44483787012831627
2026-01-27 16:00:00+00:00,1,0.44756987692497263
2026-01-27 16:05:00+00:00,1,0.4377935754749904
2026-01-27 16:10:00+00:00,0,0.44324842487682264
2026-01-27 16:15:00+00:00,1,0.44814593915828677
2026-01-27 16:20:00+00:00,1,0.45387636270387166
2026-01-27 16:25:00+00:00,1,0.4599511820480674
2026-01-27 16:30:00+00:00,1,0.4466154947913638
2026-01-27 16:35:00+00:00,0,0.443399943796762
2026-01-27 16:40:00+00:00,0,0.46885924617807784
2026-01-27 16:45:00+00:00,0,0.4639221138720145
2026-01-27 16:50:00+00:00,0,0.4701787554499174
2026-01-27 16:55:00+00:00,0,0.46023577287126893
2026-01-27 17:00:00+00:00,0,0.4916298109377892
2026-01-27 17:05:00+00:00,0,0.5030792728679934
2026-01-27 17:10:00+00:00,0,0.49038349044114105
2026-01-27 17:15:00+00:00,0,0.4868307248906633
2026-01-27 17:20:00+00:00,0,0.5017865379687699
2026-01-27 17:25:00+00:00,0,0.5043401497364536
2026-01-27 17:30:00+00:00,0,0.5051721441893389
2026-01-27 17:35:00+00:00,0,0.5073985803316212
2026-01-27 17:40:00+00:00,1,0.5082248151404424
2026-01-27 17:45:00+00:00,1,0.5315125900432642
2026-01-27 17:50:00+00:00,0,0.5238433573059352
2026-01-27 17:55:00+00:00,0,0.5049847895267866
2026-01-27 18:00:00+00:00,0,0.48773623500922986
2026-01-27 18:05:00+00:00,0,0.5057453247716832
2026-01-27 18:10:00+00:00,1,0.5045882422362205
2026-01-27 18:15:00+00:00,1,0.5040627755026191
2026-01-27 18:20:00+00:00,1,0.5013373077223983
2026-01-27 18:25:00+00:00,1,0.4900155210457636
2026-01-27 18:30:00+00:00,1,0.5145443978202471
2026-01-27 18:35:00+00:00,1,0.5216471421562721
2026-01-27 18:40:00+00:00,1,0.5217140568988325
2026-01-27 18:45:00+00:00,1,0.4864365286479332
2026-01-27 18:50:00+00:00,1,0.4811537048539952
2026-01-27 18:55:00+00:00,0,0.4828419911679995
2026-01-27 19:00:00+00:00,0,0.48970665810130765
2026-01-27 19:05:00+00:00,0,0.4898965883837328
2026-01-27 19:10:00+00:00,1,0.4966373112548528
2026-01-27 19:15:00+00:00,1,0.4989724511971691
2026-01-27 19:20:00+00:00,1,0.46389772874781765
2026-01-27 19:25:00+00:00,1,0.4779528321882476
2026-01-27 19:30:00+00:00,1,0.5172766571976882
2026-01-27 19:35:00+00:00,1,0.4996437780112304
2026-01-27 19:40:00+00:00,1,0.4664309229953405
2026-01-27 19:45:00+00:00,1,0.48410178244629765
2026-01-27 19:50:00+00:00,1,0.4753182729769203
2026-01-27 19:55:00+00:00,1,0.475989303067903
2026-01-27 20:00:00+00:00,1,0.4700435690998605
2026-01-27 20:05:00+00:00,1,0.4683470480966595
2026-01-27 20:10:00+00:00,1,0.4629937987536104
2026-01-27 20:15:00+00:00,1,0.45129689577329724
2026-01-27 20:20:00+00:00,0,0.492961943497736
2026-01-27 20:25:00+00:00,0,0.46823255947093295
2026-01-27 20:30:00+00:00,0,0.466361991875745
2026-01-27 20:35:00+00:00,1,0.48331100368166857
2026-01-27 20:40:00+00:00,1,0.4827058404058546
2026-01-27 20:45:00+00:00,0,0.462972817727832
2026-01-27 20:50:00+00:00,0,0.4838688011809037
2026-01-27 20:55:00+00:00,0,0.47012975162812354
2026-01-27 21:00:00+00:00,0,0.4696558185254824
2026-01-27 21:05:00+00:00,0,0.4792310355915074
2026-01-27 21:10:00+00:00,0,0.4756237929680668
2026-01-27 21:15:00+00:00,0,0.4783727357553373
2026-01-27 21:20:00+00:00,1,0.48752835176988485
2026-01-27 21:25:00+00:00,1,0.4771102527549324
2026-01-27 21:30:00+00:00,1,0.4979954608568377
2026-01-27 21:35:00+00:00,1,0.5014489392561832
2026-01-27 21:40:00+00:00,1,0.4807977251386362
2026-01-27 21:45:00+00:00,0,0.4883885624220972
2026-01-27 21:50:00+00:00,0,0.483325447091744
2026-01-27 21:55:00+00:00,1,0.4877042258960847
2026-01-27 22:00:00+00:00,1,0.4806442951981023
2026-01-27 22:05:00+00:00,1,0.4603241300206322
2026-01-27 22:10:00+00:00,1,0.48699509082298564
2026-01-27 22:15:00+00:00,1,0.5005057148872062
2026-01-27 22:20:00+00:00,1,0.490353090750978
2026-01-27 22:25:00+00:00,1,0.4731630757316001
2026-01-27 22:30:00+00:00,0,0.46205814299845666
2026-01-27 22:35:00+00:00,0,0.4615003731039789
2026-01-27 22:40:00+00:00,0,0.45628538184098705
2026-01-27 22:45:00+00:00,1,0.4453877769057501
2026-01-27 22:50:00+00:00,1,0.45566939769158504
2026-01-27 22:55:00+00:00,1,0.4615877674023754
2026-01-27 23:00:00+00:00,1,0.48326052856994395
2026-01-27 23:05:00+00:00,1,0.4638206629038077
2026-01-27 23:10:00+00:00,0,0.4693918745329949
2026-01-27 23:15:00+00:00,0,0.46619906636188657
2026-01-27 23:20:00+00:00,0,0.46736065949677974
2026-01-27 23:25:00+00:00,0,0.46886162128420866
2026-01-27 23:30:00+00:00,0,0.5065659479254058
2026-01-27 23:35:00+00:00,0,0.5058545162926534
2026-01-27 23:40:00+00:00,0,0.5119808662713521
2026-01-27 23:45:00+00:00,0,0.5118120213447752
2026-01-27 23:50:00+00:00,0,0.5229538402043166
2026-01-27 23:55:00+00:00,0,0.511302766871706
2026-01-28 00:00:00+00:00,0,0.5240215933240869
2026-01-28 00:05:00+00:00,0,0.5278813870690644
2026-01-28 00:10:00+00:00,0,0.5258857125339212
2026-01-28 00:15:00+00:00,1,0.514887391682727
2026-01-28 00:20:00+00:00,1,0.530968440653597
2026-01-28 00:25:00+00:00,1,0.5354061218477411
2026-01-28 00:30:00+00:00,1,0.5354479923463222
2026-01-28 00:35:00+00:00,1,0.5471340802603102
2026-01-28 00:40:00+00:00,1,0.546891312519635
2026-01-28 00:45:00+00:00,0,0.47165380322315675
2026-01-28 00:50:00+00:00,0,0.4820931801166825
2026-01-28 00:55:00+00:00,0,0.49372282181333976
2026-01-28 01:00:00+00:00,0,0.4939000456045785
2026-01-28 01:05:00+00:00,0,0.5152034295914204
2026-01-28 01:10:00+00:00,0,0.4870562062403512
2026-01-28 01:15:00+00:00,0,0.48327199129302584
2026-01-28 01:20:00+00:00,1,0.501155372861033
2026-01-28 01:25:00+00:00,1,0.509771549591405
2026-01-28 01:30:00+00:00,1,0.5047134448618061
2026-01-28 01:35:00+00:00,1,0.5218652802292794
2026-01-28 01:40:00+00:00,1,0.5172535105785113
2026-01-28 01:45:00+00:00,1,0.5164309365844857
2026-01-28 01:50:00+00:00,0,0.5109869899317783
2026-01-28 01:55:00+00:00,0,0.515643098479678
2026-01-28 02:00:00+00:00,0,0.4875785454670778
2026-01-28 02:05:00+00:00,0,0.49571772956851007
2026-01-28 02:10:00+00:00,0,0.4993348441098078
2026-01-28 02:15:00+00:00,0,0.48847347524674356
2026-01-28 02:20:00+00:00,1,0.5176773799084207
2026-01-28 02:25:00+00:00,0,0.49924175687571887
2026-01-28 02:30:00+00:00,1,0.5003059312293611
2026-01-28 02:35:00+00:00,1,0.4970087535430311
2026-01-28 02:40:00+00:00,1,0.5055670648158358
2026-01-28 02:45:00+00:00,0,0.5039614121130775
2026-01-28 02:50:00+00:00,0,0.48338379206629595
2026-01-28 02:55:00+00:00,0,0.47263577685234864
2026-01-28 03:00:00+00:00,0,0.48397421716740097
2026-01-28 03:05:00+00:00,0,0.494133093312601
2026-01-28 03:10:00+00:00,0,0.5017733196106746
2026-01-28 03:15:00+00:00,0,0.5304647263855691
2026-01-28 03:20:00+00:00,0,0.5250158286336094
2026-01-28 03:25:00+00:00,0,0.5109932057694919
2026-01-28 03:30:00+00:00,0,0.5036690877842827
2026-01-28 03:35:00+00:00,0,0.5396107508042544
2026-01-28 03:40:00+00:00,0,0.528556275507662
2026-01-28 03:45:00+00:00,0,0.53382136848923
2026-01-28 03:50:00+00:00,0,0.5422552351253932
2026-01-28 03:55:00+00:00,0,0.5471448319515949
2026-01-28 04:00:00+00:00,0,0.5258837934752236
2026-01-28 04:05:00+00:00,0,0.5315451716402637
2026-01-28 04:10:00+00:00,0,0.5184421349488146
2026-01-28 04:15:00+00:00,0,0.5249526827846343
2026-01-28 04:20:00+00:00,0,0.5239286921077162
2026-01-28 04:25:00+00:00,0,0.5295579349775932
2026-01-28 04:30:00+00:00,0,0.5304511679387186
2026-01-28 04:35:00+00:00,0,0.5280607242951091
2026-01-28 04:40:00+00:00,0,0.5295809725990133
2026-01-28 04:45:00+00:00,1,0.550371952658859
2026-01-28 04:50:00+00:00,1,0.5614195204430212
2026-01-28 04:55:00+00:00,1,0.5570605163961257
2026-01-28 05:00:00+00:00,1,0.5533423688920229
2026-01-28 05:05:00+00:00,1,0.5676574890959755
2026-01-28 05:10:00+00:00,1,0.5713266004235307
2026-01-28 05:15:00+00:00,1,0.4989633600136517
2026-01-28 05:20:00+00:00,1,0.5327426688687673
2026-01-28 05:25:00+00:00,1,0.527548575301208
2026-01-28 05:30:00+00:00,1,0.5111435555303755
2026-01-28 05:35:00+00:00,1,0.5185876456895401
2026-01-28 05:40:00+00:00,1,0.4865887515504376
2026-01-28 05:45:00+00:00,1,0.5149648489682817
2026-01-28 05:50:00+00:00,1,0.5302352269571242
2026-01-28 05:55:00+00:00,1,0.4998966589444608
2026-01-28 06:00:00+00:00,1,0.4726356100304094
2026-01-28 06:05:00+00:00,0,0.4644467407889005
2026-01-28 06:10:00+00:00,0,0.4589192637178966
2026-01-28 06:15:00+00:00,0,0.44863203446356725
2026-01-28 06:20:00+00:00,1,0.4517587320800048
2026-01-28 06:25:00+00:00,1,0.4328562810549304
2026-01-28 06:30:00+00:00,0,0.4521771996958293
2026-01-28 06:35:00+00:00,1,0.4919474996929362
2026-01-28 06:40:00+00:00,1,0.4661857278309627
2026-01-28 06:45:00+00:00,1,0.46215046001629684
2026-01-28 06:50:00+00:00,0,0.4572923537385123
2026-01-28 06:55:00+00:00,0,0.4489142429939624
2026-01-28 07:00:00+00:00,0,0.49528356128840784
2026-01-28 07:05:00+00:00,0,0.4662824853251002
2026-01-28 07:10:00+00:00,0,0.4639772653920219
2026-01-28 07:15:00+00:00,0,0.5245170660663454
2026-01-28 07:20:00+00:00,0,0.5105622702411216
2026-01-28 07:25:00+00:00,0,0.5170187256014231
2026-01-28 07:30:00+00:00,0,0.4910224575817553
2026-01-28 07:35:00+00:00,0,0.49577210564051466
2026-01-28 07:40:00+00:00,0,0.5180197045090841
2026-01-28 07:45:00+00:00,0,0.5180425422617955
2026-01-28 07:50:00+00:00,1,0.5210616609591441
2026-01-28 07:55:00+00:00,0,0.5040332727949899
2026-01-28 08:00:00+00:00,0,0.4780075659754283
2026-01-28 08:05:00+00:00,0,0.48285522199398784
2026-01-28 08:10:00+00:00,0,0.48296328392261434
2026-01-28 08:15:00+00:00,0,0.49216083853675585
2026-01-28 08:20:00+00:00,0,0.4878696236516339
2026-01-28 08:25:00+00:00,0,0.5057455199562015
2026-01-28 08:30:00+00:00,0,0.5013199620159167
2026-01-28 08:35:00+00:00,0,0.4947724118971774
2026-01-28 08:40:00+00:00,0,0.4871816570867205
2026-01-28 08:45:00+00:00,0,0.464617689195078
2026-01-28 08:50:00+00:00,0,0.4927517449244233
2026-01-28 08:55:00+00:00,1,0.49482040054403925
2026-01-28 09:00:00+00:00,1,0.48957643903084563
2026-01-28 09:05:00+00:00,1,0.49192954501443487
2026-01-28 09:10:00+00:00,1,0.5124099619162299
2026-01-28 09:15:00+00:00,1,0.508728061996485
2026-01-28 09:20:00+00:00,1,0.5190847532820592
2026-01-28 09:25:00+00:00,1,0.49469191053143424
2026-01-28 09:30:00+00:00,1,0.4722133894815529
2026-01-28 09:35:00+00:00,0,0.46594941762619113
2026-01-28 09:40:00+00:00,1,0.46669892812830926
2026-01-28 09:45:00+00:00,1,0.4892871969410224
2026-01-28 09:50:00+00:00,0,0.45769119278579673
2026-01-28 09:55:00+00:00,0,0.4561136559207501
2026-01-28 10:00:00+00:00,0,0.4382860515568119
2026-01-28 10:05:00+00:00,0,0.44323181184347604
2026-01-28 10:10:00+00:00,0,0.4344525040913833
2026-01-28 10:15:00+00:00,0,0.4388832130857599
2026-01-28 10:20:00+00:00,0,0.45297059582347066
2026-01-28 10:25:00+00:00,0,0.4669732691317213
2026-01-28 10:30:00+00:00,0,0.46281709352989736
2026-01-28 10:35:00+00:00,0,0.4603241715880139
2026-01-28 10:40:00+00:00,0,0.46889513682107875
2026-01-28 10:45:00+00:00,0,0.4505616616238524
2026-01-28 10:50:00+00:00,0,0.5119728951128297
2026-01-28 10:55:00+00:00,0,0.4916310097507352
2026-01-28 11:00:00+00:00,0,0.49319868822773255
2026-01-28 11:05:00+00:00,0,0.4992241043292707
2026-01-28 11:10:00+00:00,1,0.5086121419481199
2026-01-28 11:15:00+00:00,1,0.5039501742810478
2026-01-28 11:20:00+00:00,1,0.5036589095084186
2026-01-28 11:25:00+00:00,1,0.5080558357162974
2026-01-28 11:30:00+00:00,1,0.5172703065081058
2026-01-28 11:35:00+00:00,1,0.5100176412438776
2026-01-28 11:40:00+00:00,1,0.47045795062503215
2026-01-28 11:45:00+00:00,1,0.46295792446854256
2026-01-28 11:50:00+00:00,1,0.4594575709426318
2026-01-28 11:55:00+00:00,0,0.4768055922645255
2026-01-28 12:00:00+00:00,0,0.531118062047473
2026-01-28 12:05:00+00:00,0,0.520923250288925
2026-01-28 12:10:00+00:00,0,0.5157733145317804
2026-01-28 12:15:00+00:00,0,0.5311718977134928
2026-01-28 12:20:00+00:00,0,0.5122175734391461
2026-01-28 12:25:00+00:00,0,0.5083676697343243
2026-01-28 12:30:00+00:00,1,0.49359088089376746
2026-01-28 12:35:00+00:00,1,0.4941304443949664
2026-01-28 12:40:00+00:00,1,0.5097369547662178
2026-01-28 12:45:00+00:00,1,0.5026700698672866
2026-01-28 12:50:00+00:00,1,0.48274844295211944
2026-01-28 12:55:00+00:00,1,0.4897707994873961
2026-01-28 13:00:00+00:00,1,0.4419838877825497
2026-01-28 13:05:00+00:00,1,0.4593396241449555
2026-01-28 13:10:00+00:00,1,0.45285152339252166
2026-01-28 13:15:00+00:00,0,0.47499797255219334
2026-01-28 13:20:00+00:00,1,0.4755142076081142
2026-01-28 13:25:00+00:00,0,0.4835975510746042
2026-01-28 13:30:00+00:00,0,0.4807071843264263
2026-01-28 13:35:00+00:00,0,0.4769872372010652
2026-01-28 13:40:00+00:00,0,0.4885321049235128
2026-01-28 13:45:00+00:00,0,0.48618350284141915
2026-01-28 13:50:00+00:00,0,0.49177528619361566
2026-01-28 13:55:00+00:00,0,0.4972897077893596
2026-01-28 14:00:00+00:00,0,0.5052185155706118
2026-01-28 14:05:00+00:00,0,0.5049858212500483
2026-01-28 14:10:00+00:00,0,0.5237846488247033
2026-01-28 14:15:00+00:00,1,0.574201030896121
2026-01-28 14:20:00+00:00,1,0.5876126037489928
2026-01-28 14:25:00+00:00,0,0.5486212608904418
2026-01-28 14:30:00+00:00,0,0.5191279431471968
2026-01-28 14:35:00+00:00,0,0.5045331696286697
2026-01-28 14:40:00+00:00,0,0.5204929096436027
2026-01-28 14:45:00+00:00,0,0.5280209154462993
2026-01-28 14:50:00+00:00,0,0.47900910665253593
2026-01-28 14:55:00+00:00,0,0.4754279514827564
2026-01-28 15:00:00+00:00,0,0.46358521777420325
2026-01-28 15:05:00+00:00,1,0.4724768956308901
2026-01-28 15:10:00+00:00,1,0.45426185721408086
2026-01-28 15:15:00+00:00,1,0.45806056733829875
2026-01-28 15:20:00+00:00,1,0.4671327298319132
2026-01-28 15:25:00+00:00,1,0.4827517297232272
2026-01-28 15:30:00+00:00,1,0.5081816016389166
2026-01-28 15:35:00+00:00,0,0.5050883520215066
2026-01-28 15:40:00+00:00,0,0.49894171965320105
2026-01-28 15:45:00+00:00,0,0.5346305817379258
2026-01-28 15:50:00+00:00,0,0.5134845145769148
2026-01-28 15:55:00+00:00,1,0.523513440523863
2026-01-28 16:00:00+00:00,1,0.5231113745569151
2026-01-28 16:05:00+00:00,1,0.5160490623573178
2026-01-28 16:10:00+00:00,1,0.5184722120673378
2026-01-28 16:15:00+00:00,1,0.5073501229473759
2026-01-28 16:20:00+00:00,1,0.510971157648177
2026-01-28 16:25:00+00:00,1,0.4973692118850503
2026-01-28 16:30:00+00:00,1,0.49522882367228455
2026-01-28 16:35:00+00:00,0,0.47550846271830355
2026-01-28 16:40:00+00:00,1,0.4810214441694687
2026-01-28 16:45:00+00:00,1,0.49378260260344115
2026-01-28 16:50:00+00:00,0,0.451596798095966
2026-01-28 16:55:00+00:00,0,0.45477282348549625
2026-01-28 17:00:00+00:00,0,0.47335797798875684
2026-01-28 17:05:00+00:00,1,0.49860275297843876
2026-01-28 17:10:00+00:00,1,0.49192346719319685
2026-01-28 17:15:00+00:00,1,0.5196727066040773
2026-01-28 17:20:00+00:00,1,0.5023876914649077
2026-01-28 17:25:00+00:00,1,0.5079348084022308
2026-01-28 17:30:00+00:00,1,0.5212903710923719
2026-01-28 17:35:00+00:00,1,0.5091896418477707
2026-01-28 17:40:00+00:00,1,0.48113798492242166
2026-01-28 17:45:00+00:00,1,0.48531169171147964
2026-01-28 17:50:00+00:00,0,0.47708456688854
2026-01-28 17:55:00+00:00,0,0.4720213855906021
2026-01-28 18:00:00+00:00,0,0.4768964070119535
2026-01-28 18:05:00+00:00,0,0.4742052387468374
2026-01-28 18:10:00+00:00,0,0.4913599550436787
2026-01-28 18:15:00+00:00,0,0.47866634686983794
2026-01-28 18:20:00+00:00,0,0.4712441281482575
2026-01-28 18:25:00+00:00,1,0.5030357983726227
2026-01-28 18:30:00+00:00,1,0.5064612493179494
2026-01-28 18:35:00+00:00,1,0.49210390700503454
2026-01-28 18:40:00+00:00,1,0.4979660682434156
2026-01-28 18:45:00+00:00,1,0.4947462844756131
2026-01-28 18:50:00+00:00,1,0.4946097085202812
2026-01-28 18:55:00+00:00,1,0.4950441443243811
2026-01-28 19:00:00+00:00,0,0.4659006612872012
2026-01-28 19:05:00+00:00,0,0.48314215574639524
2026-01-28 19:10:00+00:00,0,0.48986911681529083
2026-01-28 19:15:00+00:00,1,0.5000601893945354
2026-01-28 19:20:00+00:00,1,0.5199398364224331
2026-01-28 19:25:00+00:00,1,0.5048475699581297
2026-01-28 19:30:00+00:00,1,0.4924729060830464
2026-01-28 19:35:00+00:00,1,0.49867400420714936
2026-01-28 19:40:00+00:00,1,0.4964813177313381
2026-01-28 19:45:00+00:00,1,0.48310258713695736
2026-01-28 19:50:00+00:00,1,0.4994639337013958
2026-01-28 19:55:00+00:00,1,0.4969192947526802
2026-01-28 20:00:00+00:00,0,0.4839624190862357
2026-01-28 20:05:00+00:00,0,0.49140831100299853
2026-01-28 20:10:00+00:00,0,0.4845685317756725
2026-01-28 20:15:00+00:00,0,0.4788608152968365
2026-01-28 20:20:00+00:00,0,0.4852051298837968
2026-01-28 20:25:00+00:00,0,0.4669370214310233
2026-01-28 20:30:00+00:00,0,0.48403873780411266
2026-01-28 20:35:00+00:00,1,0.5136905044121085
2026-01-28 20:40:00+00:00,1,0.5071800470365635
2026-01-28 20:45:00+00:00,1,0.49775184282100776
2026-01-28 20:50:00+00:00,1,0.5041987720193645
2026-01-28 20:55:00+00:00,1,0.5084896414969061
2026-01-28 21:00:00+00:00,1,0.5438422654242998
2026-01-28 21:05:00+00:00,0,0.47055980159019867
2026-01-28 21:10:00+00:00,0,0.4839459268752325
2026-01-28 21:15:00+00:00,1,0.4798648389881966
2026-01-28 21:20:00+00:00,1,0.49026610147775446
2026-01-28 21:25:00+00:00,1,0.4934307517690412
2026-01-28 21:30:00+00:00,1,0.5084455366234534
2026-01-28 21:35:00+00:00,1,0.5077596363799768
2026-01-28 21:40:00+00:00,0,0.49149108384216683
2026-01-28 21:45:00+00:00,0,0.46981608249592804
2026-01-28 21:50:00+00:00,0,0.4663679604881834
2026-01-28 21:55:00+00:00,1,0.4766996274323916
2026-01-28 22:00:00+00:00,0,0.47360451635769335
2026-01-28 22:05:00+00:00,1,0.46743410748665304
2026-01-28 22:10:00+00:00,1,0.4682717496459688
2026-01-28 22:15:00+00:00,1,0.5171630960001331
2026-01-28 22:20:00+00:00,1,0.4823678700932567
2026-01-28 22:25:00+00:00,1,0.4734867169293824
2026-01-28 22:30:00+00:00,1,0.48458459344001836
2026-01-28 22:35:00+00:00,1,0.4896967205374271
2026-01-28 22:40:00+00:00,1,0.4811675172604512
2026-01-28 22:45:00+00:00,1,0.4621630344078714
2026-01-28 22:50:00+00:00,0,0.4878695261039363
2026-01-28 22:55:00+00:00,0,0.4852441099863278
2026-01-28 23:00:00+00:00,0,0.46237999528619783
2026-01-28 23:05:00+00:00,0,0.4868356714333671
2026-01-28 23:10:00+00:00,1,0.47490155818441643
2026-01-28 23:15:00+00:00,0,0.47987793864431755
2026-01-28 23:20:00+00:00,0,0.5004834888226498
2026-01-28 23:25:00+00:00,0,0.4940898462881159
2026-01-28 23:30:00+00:00,0,0.4772933411022461
2026-01-28 23:35:00+00:00,0,0.5024051205550504
2026-01-28 23:40:00+00:00,0,0.4899510717508264
2026-01-28 23:45:00+00:00,0,0.4948453569089171
2026-01-28 23:50:00+00:00,0,0.5128591605215765
2026-01-28 23:55:00+00:00,0,0.5241967628180356
2026-01-29 00:00:00+00:00,0,0.5297555153005843
2026-01-29 00:05:00+00:00,0,0.5213775825793898
2026-01-29 00:10:00+00:00,0,0.5193236166564125
2026-01-29 00:15:00+00:00,0,0.5198980441901045
2026-01-29 00:20:00+00:00,0,0.5203671813778774
2026-01-29 00:25:00+00:00,0,0.5087651684809286
2026-01-29 00:30:00+00:00,0,0.5184126982321074
2026-01-29 00:35:00+00:00,1,0.5217396368296833
2026-01-29 00:40:00+00:00,1,0.5408429214928369
2026-01-29 00:45:00+00:00,0,0.526503970868828
2026-01-29 00:50:00+00:00,0,0.5117163097659554
2026-01-29 00:55:00+00:00,0,0.5080344239032302
2026-01-29 01:00:00+00:00,0,0.4867725370216733
2026-01-29 01:05:00+00:00,0,0.48186332618373917
2026-01-29 01:10:00+00:00,0,0.4927244212482178
2026-01-29 01:15:00+00:00,0,0.49403901511455506
2026-01-29 01:20:00+00:00,0,0.5063577212162054
2026-01-29 01:25:00+00:00,0,0.5154306082977692
2026-01-29 01:30:00+00:00,0,0.5128396802532476
2026-01-29 01:35:00+00:00,0,0.5158612941275967
2026-01-29 01:40:00+00:00,0,0.5267080275975029
2026-01-29 01:45:00+00:00,0,0.536666898831473
2026-01-29 01:50:00+00:00,1,0.5425081819069135
2026-01-29 01:55:00+00:00,1,0.5332638307153269
2026-01-29 02:00:00+00:00,0,0.508669237846027
2026-01-29 02:05:00+00:00,0,0.49211904597713674
2026-01-29 02:10:00+00:00,0,0.5113587355816378
2026-01-29 02:15:00+00:00,0,0.5156949177032163
2026-01-29 02:20:00+00:00,0,0.4818010666905411
2026-01-29 02:25:00+00:00,0,0.47068035850609147
2026-01-29 02:30:00+00:00,0,0.5140125492498959
2026-01-29 02:35:00+00:00,1,0.5191750311914946
2026-01-29 02:40:00+00:00,1,0.5277668754682199
2026-01-29 02:45:00+00:00,1,0.5265590598307581
2026-01-29 02:50:00+00:00,1,0.5289263386340435
2026-01-29 02:55:00+00:00,0,0.5168135715814328
2026-01-29 03:00:00+00:00,0,0.4917474623393862
2026-01-29 03:05:00+00:00,0,0.4971262660970239
2026-01-29 03:10:00+00:00,0,0.5049302754402257
2026-01-29 03:15:00+00:00,0,0.4919696642703515
2026-01-29 03:20:00+00:00,0,0.5057549445780016
2026-01-29 03:25:00+00:00,0,0.524922055369504
2026-01-29 03:30:00+00:00,0,0.511983263191954
2026-01-29 03:35:00+00:00,0,0.5038228212036917
2026-01-29 03:40:00+00:00,0,0.4826399246375319
2026-01-29 03:45:00+00:00,0,0.5184541658122739
2026-01-29 03:50:00+00:00,0,0.5034468381793468
2026-01-29 03:55:00+00:00,0,0.4807774393201404
2026-01-29 04:00:00+00:00,1,0.47862815543153164
2026-01-29 04:05:00+00:00,1,0.4909593136149631
2026-01-29 04:10:00+00:00,1,0.5092370339648464
2026-01-29 04:15:00+00:00,1,0.5070163822545014
2026-01-29 04:20:00+00:00,1,0.48884729183799686
2026-01-29 04:25:00+00:00,1,0.5327987034630275
2026-01-29 04:30:00+00:00,1,0.5120560066824411
2026-01-29 04:35:00+00:00,0,0.4725015288761538
2026-01-29 04:40:00+00:00,0,0.45111464845176824
2026-01-29 04:45:00+00:00,0,0.4515520584383848
2026-01-29 04:50:00+00:00,0,0.4316340658017782
2026-01-29 04:55:00+00:00,0,0.4490458798229061
2026-01-29 05:00:00+00:00,0,0.45256081643188206
2026-01-29 05:05:00+00:00,1,0.4753500009091346
2026-01-29 05:10:00+00:00,1,0.48088189038021845
2026-01-29 05:15:00+00:00,0,0.45579522060730965
2026-01-29 05:20:00+00:00,0,0.4435987319933591
2026-01-29 05:25:00+00:00,0,0.4637294927466104
2026-01-29 05:30:00+00:00,0,0.4639722856285292
2026-01-29 05:35:00+00:00,0,0.46305322028102475
2026-01-29 05:40:00+00:00,0,0.47366890961584057
2026-01-29 05:45:00+00:00,1,0.49463720210509404
2026-01-29 05:50:00+00:00,1,0.48914917775360967
2026-01-29 05:55:00+00:00,1,0.5006012283779198
2026-01-29 06:00:00+00:00,1,0.4491816912519975
2026-01-29 06:05:00+00:00,1,0.4577329043140644
2026-01-29 06:10:00+00:00,1,0.4747705561453621
2026-01-29 06:15:00+00:00,1,0.47138785818972245
2026-01-29 06:20:00+00:00,1,0.4806458963084468
2026-01-29 06:25:00+00:00,0,0.4250849430940704
2026-01-29 06:30:00+00:00,1,0.4708570036285248
2026-01-29 06:35:00+00:00,1,0.4913522744204296
2026-01-29 06:40:00+00:00,1,0.48509571350422587
2026-01-29 06:45:00+00:00,1,0.5057587646158508
2026-01-29 06:50:00+00:00,1,0.49029248672162723
2026-01-29 06:55:00+00:00,0,0.48351976031508326
2026-01-29 07:00:00+00:00,0,0.47445768968321356
2026-01-29 07:05:00+00:00,0,0.42986646969670117
2026-01-29 07:10:00+00:00,0,0.4292264834472704
2026-01-29 07:15:00+00:00,0,0.4461665313551373
2026-01-29 07:20:00+00:00,0,0.4618560500494744
2026-01-29 07:25:00+00:00,1,0.46647103855446886
2026-01-29 07:30:00+00:00,0,0.4494984115999608
2026-01-29 07:35:00+00:00,0,0.44097774841392895
2026-01-29 07:40:00+00:00,0,0.452939127341779
2026-01-29 07:45:00+00:00,0,0.4361718440609728
2026-01-29 07:50:00+00:00,0,0.46374796792737283
2026-01-29 07:55:00+00:00,1,0.480072947201503
2026-01-29 08:00:00+00:00,1,0.45688707850074456
2026-01-29 08:05:00+00:00,1,0.46725518288342655
2026-01-29 08:10:00+00:00,1,0.47635577102254945
2026-01-29 08:15:00+00:00,0,0.4828372420036955
2026-01-29 08:20:00+00:00,0,0.47517374023523173
2026-01-29 08:25:00+00:00,0,0.47386419436626404
2026-01-29 08:30:00+00:00,0,0.4643255891794727
2026-01-29 08:35:00+00:00,0,0.480159330363297
2026-01-29 08:40:00+00:00,0,0.4810710537986328
2026-01-29 08:45:00+00:00,1,0.48639256909136186
2026-01-29 08:50:00+00:00,1,0.48896773305593905
2026-01-29 08:55:00+00:00,1,0.49778243445266424
2026-01-29 09:00:00+00:00,1,0.4691237944245752
2026-01-29 09:05:00+00:00,1,0.4901360856033853
2026-01-29 09:10:00+00:00,1,0.4990848919015821
2026-01-29 09:15:00+00:00,1,0.4806261400268842
2026-01-29 09:20:00+00:00,0,0.4824413593091164
2026-01-29 09:25:00+00:00,0,0.4873553652089756
2026-01-29 09:30:00+00:00,0,0.4907750547643306
2026-01-29 09:35:00+00:00,0,0.45944479950204403
2026-01-29 09:40:00+00:00,0,0.4507113783407564
2026-01-29 09:45:00+00:00,0,0.4686245621099279
2026-01-29 09:50:00+00:00,0,0.4720322970506481
2026-01-29 09:55:00+00:00,0,0.4945840274223285
2026-01-29 10:00:00+00:00,0,0.5053382219123852
2026-01-29 10:05:00+00:00,0,0.5026709343453551
2026-01-29 10:10:00+00:00,0,0.5543700512131294
2026-01-29 10:15:00+00:00,0,0.49628438874144126
2026-01-29 10:20:00+00:00,0,0.5246184416243596
2026-01-29 10:25:00+00:00,0,0.5387177387217966
2026-01-29 10:30:00+00:00,1,0.5359169409493977
2026-01-29 10:35:00+00:00,1,0.49526440450407094
2026-01-29 10:40:00+00:00,1,0.46791559455963877
2026-01-29 10:45:00+00:00,1,0.4718266101114886
2026-01-29 10:50:00+00:00,0,0.48593965174042103
2026-01-29 10:55:00+00:00,0,0.5064325024103333
2026-01-29 11:00:00+00:00,0,0.5254568813582258
2026-01-29 11:05:00+00:00,0,0.5362938128777373
2026-01-29 11:10:00+00:00,0,0.5254677847850661
2026-01-29 11:15:00+00:00,0,0.5415104167436321
2026-01-29 11:20:00+00:00,1,0.5210144480276764
2026-01-29 11:25:00+00:00,1,0.518941481187766
2026-01-29 11:30:00+00:00,1,0.5145021007898015
2026-01-29 11:35:00+00:00,1,0.5114588263235207
2026-01-29 11:40:00+00:00,0,0.4846847392610497
2026-01-29 11:45:00+00:00,1,0.5386952577504741
2026-01-29 11:50:00+00:00,0,0.5000024629222303
2026-01-29 11:55:00+00:00,0,0.520622783436636
2026-01-29 12:00:00+00:00,0,0.52225090517436
2026-01-29 12:05:00+00:00,0,0.5407187626055199
2026-01-29 12:10:00+00:00,0,0.5084051953250787
2026-01-29 12:15:00+00:00,0,0.5122376402039599
2026-01-29 12:20:00+00:00,0,0.5105912878101283
2026-01-29 12:25:00+00:00,0,0.5094411526926195
2026-01-29 12:30:00+00:00,0,0.5225936451912998
2026-01-29 12:35:00+00:00,1,0.5586492999237396
2026-01-29 12:40:00+00:00,1,0.5364717896800439
2026-01-29 12:45:00+00:00,1,0.5338264484899428
2026-01-29 12:50:00+00:00,1,0.5385207268850852
2026-01-29 12:55:00+00:00,1,0.5301914372328324
2026-01-29 13:00:00+00:00,1,0.49821096991638736
2026-01-29 13:05:00+00:00,1,0.47513083048646565
2026-01-29 13:10:00+00:00,1,0.4724568638411844
2026-01-29 13:15:00+00:00,1,0.4826830420886074
2026-01-29 13:20:00+00:00,0,0.49334007851581446
2026-01-29 13:25:00+00:00,0,0.49356121382703
2026-01-29 13:30:00+00:00,1,0.5128556490597835
2026-01-29 13:35:00+00:00,1,0.49940933066287535
2026-01-29 13:40:00+00:00,1,0.49994270068539276
2026-01-29 13:45:00+00:00,1,0.4676958103773009
2026-01-29 13:50:00+00:00,1,0.46360037731734544
2026-01-29 13:55:00+00:00,0,0.4540782143773224
2026-01-29 14:00:00+00:00,0,0.4606846369005011
2026-01-29 14:05:00+00:00,0,0.4233983165880473
2026-01-29 14:10:00+00:00,0,0.4634703514031502
2026-01-29 14:15:00+00:00,0,0.47557619162527853
2026-01-29 14:20:00+00:00,0,0.4660827687701494
2026-01-29 14:25:00+00:00,0,0.46530955840059735
2026-01-29 14:30:00+00:00,0,0.47864361848015935
2026-01-29 14:35:00+00:00,0,0.4717773094910414
2026-01-29 14:40:00+00:00,0,0.49332594222691556
2026-01-29 14:45:00+00:00,0,0.4961085702175993
2026-01-29 14:50:00+00:00,0,0.529773160910475
2026-01-29 14:55:00+00:00,0,0.5324259940634717
2026-01-29 15:00:00+00:00,0,0.4917002065118206
2026-01-29 15:05:00+00:00,0,0.4992256938949861
2026-01-29 15:10:00+00:00,0,0.5145823758064496
2026-01-29 15:15:00+00:00,0,0.5102858889907681
2026-01-29 15:20:00+00:00,0,0.5181749440373413
2026-01-29 15:25:00+00:00,0,0.49154608942605477
2026-01-29 15:30:00+00:00,0,0.500213345800959
2026-01-29 15:35:00+00:00,0,0.4638228267160396
2026-01-29 15:40:00+00:00,1,0.4394775702378994
2026-01-29 15:45:00+00:00,1,0.47305775850132425
2026-01-29 15:50:00+00:00,1,0.4694145313712561
2026-01-29 15:55:00+00:00,1,0.45831958623015645
2026-01-29 16:00:00+00:00,1,0.461250803004602
2026-01-29 16:05:00+00:00,1,0.48522014792917256
2026-01-29 16:10:00+00:00,1,0.4832408344550219
2026-01-29 16:15:00+00:00,1,0.47534052841049657
2026-01-29 16:20:00+00:00,1,0.46051261604867105
2026-01-29 16:25:00+00:00,1,0.4690287989589167
2026-01-29 16:30:00+00:00,1,0.4725861197917282
2026-01-29 16:35:00+00:00,1,0.48773517593378446
2026-01-29 16:40:00+00:00,1,0.48662185774956457
2026-01-29 16:45:00+00:00,1,0.4914139146731529
2026-01-29 16:50:00+00:00,1,0.4859159664094917
2026-01-29 16:55:00+00:00,1,0.4706824567492248
2026-01-29 17:00:00+00:00,0,0.461729654749793
2026-01-29 17:05:00+00:00,0,0.45477355644941647
2026-01-29 17:10:00+00:00,0,0.4483737241314085
2026-01-29 17:15:00+00:00,0,0.4516112878904114
2026-01-29 17:20:00+00:00,0,0.4584058385601517
2026-01-29 17:25:00+00:00,0,0.459971949466656
2026-01-29 17:30:00+00:00,0,0.4602121910655374
2026-01-29 17:35:00+00:00,0,0.4822322436214013
2026-01-29 17:40:00+00:00,0,0.49967144208560127
2026-01-29 17:45:00+00:00,0,0.5058922982139206
2026-01-29 17:50:00+00:00,0,0.4816250832903272
2026-01-29 17:55:00+00:00,0,0.4809599304199124
2026-01-29 18:00:00+00:00,0,0.48171617968583474
2026-01-29 18:05:00+00:00,0,0.4703461397179444
2026-01-29 18:10:00+00:00,0,0.4805977378678094
2026-01-29 18:15:00+00:00,0,0.5306900456145173
2026-01-29 18:20:00+00:00,0,0.520873502948807
2026-01-29 18:25:00+00:00,0,0.5009683064710584
2026-01-29 18:30:00+00:00,0,0.5031860208206745
2026-01-29 18:35:00+00:00,0,0.5142382551615926
2026-01-29 18:40:00+00:00,0,0.4860784769111236
2026-01-29 18:45:00+00:00,0,0.49377557612072476
2026-01-29 18:50:00+00:00,1,0.5448176995654458
2026-01-29 18:55:00+00:00,1,0.506502069295663
2026-01-29 19:00:00+00:00,1,0.49151015316476265
2026-01-29 19:05:00+00:00,1,0.47544835737150415
2026-01-29 19:10:00+00:00,1,0.4614518186579899
2026-01-29 19:15:00+00:00,1,0.4518656116212072
2026-01-29 19:20:00+00:00,1,0.4748800974795248
2026-01-29 19:25:00+00:00,1,0.462496543645739
2026-01-29 19:30:00+00:00,0,0.4753463843877372
2026-01-29 19:35:00+00:00,0,0.4772830997928098
2026-01-29 19:40:00+00:00,0,0.45939565350104994
2026-01-29 19:45:00+00:00,1,0.4717961429024861
2026-01-29 19:50:00+00:00,1,0.48139140198918573
2026-01-29 19:55:00+00:00,1,0.4858924901292001
2026-01-29 20:00:00+00:00,1,0.474567766447662
2026-01-29 20:05:00+00:00,1,0.5444088361229739
2026-01-29 20:10:00+00:00,1,0.5436761962515252
2026-01-29 20:15:00+00:00,1,0.5476111199118793
2026-01-29 20:20:00+00:00,1,0.5288556027096898
2026-01-29 20:25:00+00:00,1,0.5284571530582298
2026-01-29 20:30:00+00:00,1,0.5371264731538702
2026-01-29 20:35:00+00:00,1,0.520262220242364
2026-01-29 20:40:00+00:00,1,0.5176193354207056
2026-01-29 20:45:00+00:00,1,0.531616028046365
2026-01-29 20:50:00+00:00,1,0.5284484248381306
2026-01-29 20:55:00+00:00,1,0.5324535417028736
2026-01-29 21:00:00+00:00,0,0.4747377609764902
2026-01-29 21:05:00+00:00,0,0.46336756856551137
2026-01-29 21:10:00+00:00,1,0.43673398133917785
2026-01-29 21:15:00+00:00,1,0.4440269291498646
2026-01-29 21:20:00+00:00,1,0.46833006346211065
2026-01-29 21:25:00+00:00,1,0.464749062356478
2026-01-29 21:30:00+00:00,1,0.44281155957914203
2026-01-29 21:35:00+00:00,1,0.43015259058271177
2026-01-29 21:40:00+00:00,1,0.4361442606469219
2026-01-29 21:45:00+00:00,0,0.4343630193745728
2026-01-29 21:50:00+00:00,1,0.4709681192655442
2026-01-29 21:55:00+00:00,1,0.4435049313336513
2026-01-29 22:00:00+00:00,0,0.44387020388029386
2026-01-29 22:05:00+00:00,0,0.449899690872401
2026-01-29 22:10:00+00:00,1,0.5004731426865469
2026-01-29 22:15:00+00:00,1,0.5095131594120482
2026-01-29 22:20:00+00:00,1,0.49101187781099637
2026-01-29 22:25:00+00:00,0,0.4760325817308912
2026-01-29 22:30:00+00:00,0,0.48522921728119106
2026-01-29 22:35:00+00:00,0,0.4861984111052137
2026-01-29 22:40:00+00:00,0,0.4732199966921625
2026-01-29 22:45:00+00:00,0,0.4750307972577295
2026-01-29 22:50:00+00:00,0,0.4894285766649011
2026-01-29 22:55:00+00:00,0,0.4776570173028172
2026-01-29 23:00:00+00:00,1,0.516054634045913
2026-01-29 23:05:00+00:00,1,0.4998976071087048
2026-01-29 23:10:00+00:00,1,0.4576495787555593
2026-01-29 23:15:00+00:00,1,0.4832893177268176
2026-01-29 23:20:00+00:00,1,0.47287045964878033
2026-01-29 23:25:00+00:00,1,0.47648415631796315
2026-01-29 23:30:00+00:00,1,0.48922984553919485
2026-01-29 23:35:00+00:00,1,0.4830484087089323
2026-01-29 23:40:00+00:00,1,0.43934427598704473
2026-01-29 23:45:00+00:00,0,0.4405050187998049
2026-01-29 23:50:00+00:00,0,0.47361335977629354
2026-01-29 23:55:00+00:00,0,0.4732808809229053
2026-01-30 00:00:00+00:00,0,0.4887101559952629
2026-01-30 00:05:00+00:00,0,0.4907671235632581
2026-01-30 00:10:00+00:00,1,0.4864093726244593
2026-01-30 00:15:00+00:00,1,0.4882708450629205
2026-01-30 00:20:00+00:00,1,0.5384776471322437
2026-01-30 00:25:00+00:00,1,0.5061319539078699
2026-01-30 00:30:00+00:00,0,0.5140014309954206
2026-01-30 00:35:00+00:00,1,0.4996440847701079
2026-01-30 00:40:00+00:00,1,0.4964977424735264
2026-01-30 00:45:00+00:00,0,0.47820826103669084
2026-01-30 00:50:00+00:00,1,0.4810986922187601
2026-01-30 00:55:00+00:00,1,0.46222648937590627
2026-01-30 01:00:00+00:00,1,0.47996912192594965
2026-01-30 01:05:00+00:00,0,0.43554963337528013
2026-01-30 01:10:00+00:00,0,0.4038521475139993
2026-01-30 01:15:00+00:00,0,0.40822538778783635
2026-01-30 01:20:00+00:00,0,0.4212524147701286
2026-01-30 01:25:00+00:00,0,0.4215462622721602
2026-01-30 01:30:00+00:00,0,0.42926831014434846
2026-01-30 01:35:00+00:00,0,0.44708719797171176
2026-01-30 01:40:00+00:00,0,0.5941387723546083
2026-01-30 01:45:00+00:00,0,0.5970422425593948
2026-01-30 01:50:00+00:00,0,0.5968152369126086
2026-01-30 01:55:00+00:00,0,0.5775545976304698
2026-01-30 02:00:00+00:00,0,0.5956117498705588
2026-01-30 02:05:00+00:00,0,0.5745844994001236
2026-01-30 02:10:00+00:00,0,0.5899225306742638
2026-01-30 02:15:00+00:00,1,0.5922803529348294
2026-01-30 02:20:00+00:00,1,0.5938540994747711
2026-01-30 02:25:00+00:00,1,0.6079378516215056
2026-01-30 02:30:00+00:00,1,0.6211294429717114
2026-01-30 02:35:00+00:00,1,0.5829284225644061
2026-01-30 02:40:00+00:00,1,0.5778530771115812
2026-01-30 02:45:00+00:00,1,0.5942228816010139
2026-01-30 02:50:00+00:00,1,0.5646158522236006
2026-01-30 02:55:00+00:00,1,0.5118271834957916
2026-01-30 03:00:00+00:00,1,0.5204469172301951
2026-01-30 03:05:00+00:00,0,0.4910164080148817
2026-01-30 03:10:00+00:00,0,0.46615634436996334
2026-01-30 03:15:00+00:00,0,0.4489174441401981
2026-01-30 03:20:00+00:00,0,0.4568102264337083
2026-01-30 03:25:00+00:00,0,0.44360009484445495
2026-01-30 03:30:00+00:00,1,0.479715858454057
2026-01-30 03:35:00+00:00,1,0.44978745638152834
2026-01-30 03:40:00+00:00,1,0.4588538118502852
2026-01-30 03:45:00+00:00,1,0.480658510287322
2026-01-30 03:50:00+00:00,1,0.5123357438184626
2026-01-30 03:55:00+00:00,1,0.5110545277527688
2026-01-30 04:00:00+00:00,1,0.4750059978945785
2026-01-30 04:05:00+00:00,1,0.46898555933269875
2026-01-30 04:10:00+00:00,1,0.4166336578162446
2026-01-30 04:15:00+00:00,1,0.41334173080464515
2026-01-30 04:20:00+00:00,0,0.4432710804690529
2026-01-30 04:25:00+00:00,0,0.42409877090197545
2026-01-30 04:30:00+00:00,0,0.43550805930506
2026-01-30 04:35:00+00:00,1,0.44579121054899434
2026-01-30 04:40:00+00:00,0,0.4361811849287029
2026-01-30 04:45:00+00:00,0,0.42760686174707263
2026-01-30 04:50:00+00:00,0,0.42742550041934363
2026-01-30 04:55:00+00:00,1,0.45046276209259845
2026-01-30 05:00:00+00:00,1,0.46981961126308
2026-01-30 05:05:00+00:00,1,0.47734127791980124
2026-01-30 05:10:00+00:00,1,0.48193101713723613
2026-01-30 05:15:00+00:00,1,0.5000043313636137
2026-01-30 05:20:00+00:00,1,0.5037423155089733
2026-01-30 05:25:00+00:00,0,0.446780985312648
2026-01-30 05:30:00+00:00,0,0.4768082080194967
2026-01-30 05:35:00+00:00,0,0.494302847788337
2026-01-30 05:40:00+00:00,0,0.48375902688900535
2026-01-30 05:45:00+00:00,0,0.48437702013754946
2026-01-30 05:50:00+00:00,0,0.4508950879594788
2026-01-30 05:55:00+00:00,0,0.48501368698423586
2026-01-30 06:00:00+00:00,0,0.5198440841871943
2026-01-30 06:05:00+00:00,0,0.48122732029967236
2026-01-30 06:10:00+00:00,0,0.485157916555377
2026-01-30 06:15:00+00:00,0,0.4986169195588193
2026-01-30 06:20:00+00:00,0,0.4884383143161707
2026-01-30 06:25:00+00:00,0,0.502469649967181
2026-01-30 06:30:00+00:00,1,0.4892235041500552
2026-01-30 06:35:00+00:00,1,0.5374699062682047
2026-01-30 06:40:00+00:00,1,0.5454035145927475
2026-01-30 06:45:00+00:00,1,0.5295450683139492
2026-01-30 06:50:00+00:00,1,0.4852554780557814
2026-01-30 06:55:00+00:00,1,0.48767118568524226
2026-01-30 07:00:00+00:00,1,0.48554762592387507
2026-01-30 07:05:00+00:00,1,0.4901882283885696
2026-01-30 07:10:00+00:00,0,0.46115744443417905
2026-01-30 07:15:00+00:00,0,0.4652214300104853
2026-01-30 07:20:00+00:00,0,0.4801528011190678
2026-01-30 07:25:00+00:00,1,0.47778475142444243
2026-01-30 07:30:00+00:00,1,0.46917611997774833
2026-01-30 07:35:00+00:00,1,0.48150136291890355
2026-01-30 07:40:00+00:00,1,0.46820724299283484
2026-01-30 07:45:00+00:00,1,0.46214642568477
2026-01-30 07:50:00+00:00,0,0.44840066579783516
2026-01-30 07:55:00+00:00,0,0.457582396739899
2026-01-30 08:00:00+00:00,0,0.4288694741425953
2026-01-30 08:05:00+00:00,0,0.45264876995018777
2026-01-30 08:10:00+00:00,0,0.4317083518494511
2026-01-30 08:15:00+00:00,0,0.4191344277956306
2026-01-30 08:20:00+00:00,0,0.4423254319812028
2026-01-30 08:25:00+00:00,0,0.45070381151558503
2026-01-30 08:30:00+00:00,1,0.48970714592022113
2026-01-30 08:35:00+00:00,1,0.4804342608254032
2026-01-30 08:40:00+00:00,1,0.4521716180235819
2026-01-30 08:45:00+00:00,0,0.4694373411420348
2026-01-30 08:50:00+00:00,0,0.4724195251555782
2026-01-30 08:55:00+00:00,0,0.466560474214102
2026-01-30 09:00:00+00:00,0,0.4421047227168178
2026-01-30 09:05:00+00:00,0,0.45375758145927086
2026-01-30 09:10:00+00:00,1,0.4935869494471743
2026-01-30 09:15:00+00:00,0,0.48576142814914125
2026-01-30 09:20:00+00:00,1,0.4788431664511988
2026-01-30 09:25:00+00:00,1,0.4813308316498599
2026-01-30 09:30:00+00:00,0,0.46773823047248697
2026-01-30 09:35:00+00:00,0,0.46156337161104066
2026-01-30 09:40:00+00:00,0,0.479755936119307
2026-01-30 09:45:00+00:00,1,0.49068540040428044
2026-01-30 09:50:00+00:00,1,0.4575811646917798
2026-01-30 09:55:00+00:00,1,0.46269221434128976
2026-01-30 10:00:00+00:00,1,0.46464260657077006
2026-01-30 10:05:00+00:00,1,0.4829358052062227
2026-01-30 10:10:00+00:00,1,0.4469733854514452
2026-01-30 10:15:00+00:00,1,0.4637801055472075
2026-01-30 10:20:00+00:00,1,0.4515206762252114
2026-01-30 10:25:00+00:00,1,0.4641232630393829
2026-01-30 10:30:00+00:00,1,0.4711714449768577
2026-01-30 10:35:00+00:00,1,0.45887522273674186
2026-01-30 10:40:00+00:00,1,0.4559746750103695
2026-01-30 10:45:00+00:00,1,0.457757325145324
2026-01-30 10:50:00+00:00,1,0.44886752329833174
2026-01-30 10:55:00+00:00,0,0.4370046889530913
2026-01-30 11:00:00+00:00,1,0.4404708461018685
2026-01-30 11:05:00+00:00,1,0.43231468652521887
2026-01-30 11:10:00+00:00,1,0.4317910429898643
2026-01-30 11:15:00+00:00,1,0.43417566347880304
2026-01-30 11:20:00+00:00,1,0.44252391505588823
2026-01-30 11:25:00+00:00,1,0.44590094089435434
2026-01-30 11:30:00+00:00,1,0.43801247679500127
2026-01-30 11:35:00+00:00,1,0.4534782755236836
2026-01-30 11:40:00+00:00,1,0.4425480490770258
2026-01-30 11:45:00+00:00,1,0.4530357866669778
2026-01-30 11:50:00+00:00,0,0.4762041696546392
2026-01-30 11:55:00+00:00,0,0.4701916768823668
2026-01-30 12:00:00+00:00,0,0.4772332154270421
2026-01-30 12:05:00+00:00,0,0.47818923638401334
2026-01-30 12:10:00+00:00,0,0.46992219689809156
2026-01-30 12:15:00+00:00,0,0.4679887198603542
2026-01-30 12:20:00+00:00,0,0.46912118302637174
2026-01-30 12:25:00+00:00,0,0.4609980370965324
2026-01-30 12:30:00+00:00,0,0.4857300387674875
2026-01-30 12:35:00+00:00,0,0.48543448535928924
2026-01-30 12:40:00+00:00,0,0.4582231040025298
2026-01-30 12:45:00+00:00,0,0.46434194502550324
2026-01-30 12:50:00+00:00,0,0.4599190821823675
2026-01-30 12:55:00+00:00,0,0.48888850260264816
2026-01-30 13:00:00+00:00,1,0.47181542117137587
2026-01-30 13:05:00+00:00,1,0.48647217017940547
2026-01-30 13:10:00+00:00,1,0.4979519296762995
2026-01-30 13:15:00+00:00,0,0.4960762230590118
2026-01-30 13:20:00+00:00,0,0.4795778507383718
2026-01-30 13:25:00+00:00,0,0.45916881367923923
2026-01-30 13:30:00+00:00,1,0.46911661308358493
2026-01-30 13:35:00+00:00,1,0.4932140512298284
2026-01-30 13:40:00+00:00,1,0.46945912306425597
2026-01-30 13:45:00+00:00,1,0.5046905515078218
2026-01-30 13:50:00+00:00,1,0.5104340457437089
2026-01-30 13:55:00+00:00,1,0.4820263788152304
2026-01-30 14:00:00+00:00,1,0.4437443966654182
2026-01-30 14:05:00+00:00,1,0.45399686356806357
2026-01-30 14:10:00+00:00,1,0.4497441844552404
2026-01-30 14:15:00+00:00,1,0.4537035980075645
2026-01-30 14:20:00+00:00,1,0.48051080576492883
2026-01-30 14:25:00+00:00,1,0.4768756058890536
2026-01-30 14:30:00+00:00,1,0.4725142764941445
2026-01-30 14:35:00+00:00,1,0.45331811461572213
2026-01-30 14:40:00+00:00,1,0.4601875841538271
2026-01-30 14:45:00+00:00,0,0.4759494608631299
2026-01-30 14:50:00+00:00,1,0.46642884088474085
2026-01-30 14:55:00+00:00,0,0.47158460175603645
2026-01-30 15:00:00+00:00,0,0.49244365908166876
2026-01-30 15:05:00+00:00,0,0.4689009288009844
2026-01-30 15:10:00+00:00,0,0.44597208998601817
2026-01-30 15:15:00+00:00,1,0.4496259255408396
2026-01-30 15:20:00+00:00,1,0.47926051723712737
2026-01-30 15:25:00+00:00,1,0.4830587290420409
2026-01-30 15:30:00+00:00,0,0.4643344954067287
2026-01-30 15:35:00+00:00,0,0.4588194799633507
2026-01-30 15:40:00+00:00,0,0.45969759248910164
2026-01-30 15:45:00+00:00,0,0.4812998644054833
2026-01-30 15:50:00+00:00,0,0.4748068146706171
2026-01-30 15:55:00+00:00,1,0.5027549559593538
2026-01-30 16:00:00+00:00,1,0.5124050010540241
2026-01-30 16:05:00+00:00,1,0.48007692873607094
2026-01-30 16:10:00+00:00,1,0.4729425031848427
2026-01-30 16:15:00+00:00,1,0.4708616310731046
2026-01-30 16:20:00+00:00,1,0.4873118055116003
2026-01-30 16:25:00+00:00,1,0.4689119571983572
2026-01-30 16:30:00+00:00,0,0.4755035107119494
2026-01-30 16:35:00+00:00,0,0.46133120498542707
2026-01-30 16:40:00+00:00,0,0.4550180315750739
2026-01-30 16:45:00+00:00,1,0.4627512145304015
2026-01-30 16:50:00+00:00,1,0.4669219726987819
2026-01-30 16:55:00+00:00,1,0.4692061376769993
2026-01-30 17:00:00+00:00,1,0.5036964436284292
2026-01-30 17:05:00+00:00,1,0.4746035506210793
2026-01-30 17:10:00+00:00,1,0.470093238806091
2026-01-30 17:15:00+00:00,1,0.4782327273618032
2026-01-30 17:20:00+00:00,0,0.4725494195131477
2026-01-30 17:25:00+00:00,0,0.4701113562394407
2026-01-30 17:30:00+00:00,1,0.5034758394616522
2026-01-30 17:35:00+00:00,0,0.47584498782180407
2026-01-30 17:40:00+00:00,0,0.47715398579509094
2026-01-30 17:45:00+00:00,0,0.4875170505584478
2026-01-30 17:50:00+00:00,0,0.48547970797023077
2026-01-30 17:55:00+00:00,0,0.48338225996519996
2026-01-30 18:00:00+00:00,0,0.4731551368840986
2026-01-30 18:05:00+00:00,0,0.4917623500466237
2026-01-30 18:10:00+00:00,1,0.4889099233404854
2026-01-30 18:15:00+00:00,1,0.5688562935118266
2026-01-30 18:20:00+00:00,1,0.5697430828741693
2026-01-30 18:25:00+00:00,1,0.5268556558863349
2026-01-30 18:30:00+00:00,1,0.5385575964869432
2026-01-30 18:35:00+00:00,1,0.5227508559862314
2026-01-30 18:40:00+00:00,1,0.4902512711267614
2026-01-30 18:45:00+00:00,1,0.4673332522348381
2026-01-30 18:50:00+00:00,1,0.4595612542926574
2026-01-30 18:55:00+00:00,1,0.4501529031988775
2026-01-30 19:00:00+00:00,1,0.44505621051466265
2026-01-30 19:05:00+00:00,1,0.4549941183296902
2026-01-30 19:10:00+00:00,1,0.44681987488549124
2026-01-30 19:15:00+00:00,0,0.44158770091113664
2026-01-30 19:20:00+00:00,0,0.4619230201989548
2026-01-30 19:25:00+00:00,0,0.45568814280336756
2026-01-30 19:30:00+00:00,0,0.4448199228362164
2026-01-30 19:35:00+00:00,0,0.4805861542781382
2026-01-30 19:40:00+00:00,0,0.4623063609144215
2026-01-30 19:45:00+00:00,0,0.4724770068416286
2026-01-30 19:50:00+00:00,0,0.4596781429399043
2026-01-30 19:55:00+00:00,0,0.45474257852258826
2026-01-30 20:00:00+00:00,0,0.47625667384562154
2026-01-30 20:05:00+00:00,0,0.4550880989930311
2026-01-30 20:10:00+00:00,0,0.44713209029883416
2026-01-30 20:15:00+00:00,0,0.49277639203276297
2026-01-30 20:20:00+00:00,0,0.46470526150886265
2026-01-30 20:25:00+00:00,0,0.506608998264814
2026-01-30 20:30:00+00:00,0,0.4636520839319718
2026-01-30 20:35:00+00:00,0,0.4884709527980609
2026-01-30 20:40:00+00:00,1,0.5017628620471333
2026-01-30 20:45:00+00:00,1,0.5066179763673091
2026-01-30 20:50:00+00:00,1,0.4709459125834152
2026-01-30 20:55:00+00:00,1,0.4926014652455127
2026-01-30 21:00:00+00:00,1,0.4979022355671295
2026-01-30 21:05:00+00:00,1,0.4935594014606987
2026-01-30 21:10:00+00:00,1,0.48177323043241554
2026-01-30 21:15:00+00:00,1,0.4601407816784368
2026-01-30 21:20:00+00:00,1,0.4681929114112958
2026-01-30 21:25:00+00:00,1,0.4397856421995958
2026-01-30 21:30:00+00:00,1,0.4706865142819317
2026-01-30 21:35:00+00:00,1,0.4698463132918285
2026-01-30 21:40:00+00:00,1,0.4699613062571027
2026-01-30 21:45:00+00:00,0,0.47699765883829215
2026-01-30 21:50:00+00:00,0,0.47925062040796185
2026-01-30 21:55:00+00:00,0,0.4884534071629808
2026-01-30 22:00:00+00:00,0,0.4725559393515842
2026-01-30 22:05:00+00:00,0,0.48108099526236503
2026-01-30 22:10:00+00:00,1,0.48768052221641117
2026-01-30 22:15:00+00:00,1,0.48574196476875275
2026-01-30 22:20:00+00:00,1,0.4883266585659692
2026-01-30 22:25:00+00:00,1,0.4928373129204077
2026-01-30 22:30:00+00:00,1,0.4821282590636537
2026-01-30 22:35:00+00:00,0,0.47224360933394927
2026-01-30 22:40:00+00:00,0,0.48241514987857625
2026-01-30 22:45:00+00:00,0,0.47059855562363484
2026-01-30 22:50:00+00:00,0,0.4871203179274324
2026-01-30 22:55:00+00:00,0,0.4794498685589362
2026-01-30 23:00:00+00:00,0,0.48821490642972093
2026-01-30 23:05:00+00:00,1,0.4997059942941987
2026-01-30 23:10:00+00:00,1,0.4950560788697207
2026-01-30 23:15:00+00:00,1,0.4765768856027387
2026-01-30 23:20:00+00:00,1,0.5052283586724905
2026-01-30 23:25:00+00:00,1,0.47834725286073543
2026-01-30 23:30:00+00:00,1,0.4899052438220563
2026-01-30 23:35:00+00:00,1,0.47593735801934467
2026-01-30 23:40:00+00:00,1,0.47470143341872384
2026-01-30 23:45:00+00:00,1,0.47745137415759537
2026-01-30 23:50:00+00:00,0,0.4783790821409213
2026-01-30 23:55:00+00:00,0,0.4774273286847147
2026-01-31 00:00:00+00:00,0,0.5105621866169004
2026-01-31 00:05:00+00:00,1,0.4871338760499355
2026-01-31 00:10:00+00:00,0,0.5016945392611233
2026-01-31 00:15:00+00:00,0,0.49183954889708326
2026-01-31 00:20:00+00:00,0,0.5220673782561739
2026-01-31 00:25:00+00:00,0,0.5121067038554462
2026-01-31 00:30:00+00:00,0,0.503515186356274
2026-01-31 00:35:00+00:00,1,0.4962990287081495
2026-01-31 00:40:00+00:00,1,0.5092868512642015
2026-01-31 00:45:00+00:00,0,0.5120362182737768
2026-01-31 00:50:00+00:00,0,0.5307767804634665
2026-01-31 00:55:00+00:00,1,0.5279636201020258
2026-01-31 01:00:00+00:00,0,0.5141965418000439
2026-01-31 01:05:00+00:00,0,0.49153574624180163
2026-01-31 01:10:00+00:00,0,0.4881099282231468
2026-01-31 01:15:00+00:00,0,0.5198973202715663
2026-01-31 01:20:00+00:00,0,0.519767848884488
2026-01-31 01:25:00+00:00,0,0.5115739114233113
2026-01-31 01:30:00+00:00,0,0.5115572438095717
2026-01-31 01:35:00+00:00,0,0.4946831828279528
2026-01-31 01:40:00+00:00,0,0.4939686379830035
2026-01-31 01:45:00+00:00,0,0.5008638135406335
2026-01-31 01:50:00+00:00,0,0.5048926592578468
2026-01-31 01:55:00+00:00,0,0.523347013534617
2026-01-31 02:00:00+00:00,0,0.5207905155585437
2026-01-31 02:05:00+00:00,1,0.5093792371938722
2026-01-31 02:10:00+00:00,1,0.5105097819889217
2026-01-31 02:15:00+00:00,1,0.5224714969094353
2026-01-31 02:20:00+00:00,1,0.5337007511136203
2026-01-31 02:25:00+00:00,1,0.5317496823649018
2026-01-31 02:30:00+00:00,1,0.5103184195191562
2026-01-31 02:35:00+00:00,0,0.4982246065765104
2026-01-31 02:40:00+00:00,0,0.48374130937298193
2026-01-31 02:45:00+00:00,1,0.4856023647001193
2026-01-31 02:50:00+00:00,0,0.4891404113678948
2026-01-31 02:55:00+00:00,0,0.4884340498591175
2026-01-31 03:00:00+00:00,0,0.4921722694761052
2026-01-31 03:05:00+00:00,0,0.4987755686732987
2026-01-31 03:10:00+00:00,0,0.500220875339443
2026-01-31 03:15:00+00:00,0,0.473213434200993
2026-01-31 03:20:00+00:00,0,0.490238852114835
2026-01-31 03:25:00+00:00,0,0.5082653242015664
2026-01-31 03:30:00+00:00,1,0.53441276641047
2026-01-31 03:35:00+00:00,1,0.531870028459729
2026-01-31 03:40:00+00:00,1,0.5242380503149184
2026-01-31 03:45:00+00:00,1,0.515099979559651
2026-01-31 03:50:00+00:00,1,0.5162406147124591
2026-01-31 03:55:00+00:00,0,0.5209117530389832
2026-01-31 04:00:00+00:00,0,0.49453528639438715
2026-01-31 04:05:00+00:00,0,0.4852619840533755
2026-01-31 04:10:00+00:00,0,0.47495025193564455
2026-01-31 04:15:00+00:00,0,0.48563931252452197
2026-01-31 04:20:00+00:00,0,0.4938068328344865
2026-01-31 04:25:00+00:00,0,0.515433366499141
2026-01-31 04:30:00+00:00,0,0.5174801548374142
2026-01-31 04:35:00+00:00,0,0.5122722274101321
2026-01-31 04:40:00+00:00,0,0.531437315249974
2026-01-31 04:45:00+00:00,0,0.5157051979284486
2026-01-31 04:50:00+00:00,0,0.5105293501270932
2026-01-31 04:55:00+00:00,0,0.5249841167212183
2026-01-31 05:00:00+00:00,1,0.5363414425527859
2026-01-31 05:05:00+00:00,1,0.5483614212001319
2026-01-31 05:10:00+00:00,1,0.5267122821606619
2026-01-31 05:15:00+00:00,0,0.5418925274999945
2026-01-31 05:20:00+00:00,0,0.566407923518591
2026-01-31 05:25:00+00:00,0,0.5594202456265706
2026-01-31 05:30:00+00:00,0,0.5604777253134965
2026-01-31 05:35:00+00:00,0,0.5527885362674793
2026-01-31 05:40:00+00:00,0,0.5297956971638496
2026-01-31 05:45:00+00:00,0,0.5022070420974246
2026-01-31 05:50:00+00:00,0,0.5032639622594369
2026-01-31 05:55:00+00:00,0,0.5090513395578262
2026-01-31 06:00:00+00:00,0,0.5078060015318214
2026-01-31 06:05:00+00:00,0,0.5216947953305754
2026-01-31 06:10:00+00:00,0,0.5366700608721491
2026-01-31 06:15:00+00:00,0,0.5377895411171368
2026-01-31 06:20:00+00:00,0,0.5376247778874061
2026-01-31 06:25:00+00:00,1,0.5798849313291998
2026-01-31 06:30:00+00:00,1,0.5462366160414583
2026-01-31 06:35:00+00:00,1,0.5123022995108161
2026-01-31 06:40:00+00:00,1,0.5051145911306476
2026-01-31 06:45:00+00:00,1,0.5129276337724088
2026-01-31 06:50:00+00:00,0,0.4773614128991969
2026-01-31 06:55:00+00:00,0,0.46973443544743976
2026-01-31 07:00:00+00:00,0,0.47515561655914895
2026-01-31 07:05:00+00:00,0,0.4815788253922631
2026-01-31 07:10:00+00:00,0,0.4880274988380821
2026-01-31 07:15:00+00:00,0,0.5011633485530126
2026-01-31 07:20:00+00:00,0,0.5115630691156247
2026-01-31 07:25:00+00:00,0,0.4839583935348868
2026-01-31 07:30:00+00:00,0,0.5273253433124715
2026-01-31 07:35:00+00:00,1,0.5458231253889868
2026-01-31 07:40:00+00:00,0,0.5548526131692987
2026-01-31 07:45:00+00:00,0,0.5476721910509289
2026-01-31 07:50:00+00:00,0,0.5458849013944939
2026-01-31 07:55:00+00:00,0,0.5440280266358862
2026-01-31 08:00:00+00:00,0,0.5425913760158202
2026-01-31 08:05:00+00:00,0,0.5481148999536967
2026-01-31 08:10:00+00:00,0,0.5532810253127503
2026-01-31 08:15:00+00:00,0,0.5759670678824225
2026-01-31 08:20:00+00:00,0,0.5623045930388904
2026-01-31 08:25:00+00:00,0,0.5508551707979844
2026-01-31 08:30:00+00:00,0,0.5685085902132536
2026-01-31 08:35:00+00:00,1,0.5760926552207348
2026-01-31 08:40:00+00:00,1,0.5750008355100016
2026-01-31 08:45:00+00:00,1,0.557197581533103
2026-01-31 08:50:00+00:00,1,0.5290475181054864
2026-01-31 08:55:00+00:00,1,0.513380570451946
2026-01-31 09:00:00+00:00,1,0.5035770091351659
2026-01-31 09:05:00+00:00,1,0.5180136051453129
2026-01-31 09:10:00+00:00,1,0.5018860381018536
2026-01-31 09:15:00+00:00,1,0.5020097995490684
2026-01-31 09:20:00+00:00,1,0.5343011614948255
2026-01-31 09:25:00+00:00,1,0.5164676242562375
2026-01-31 09:30:00+00:00,0,0.5070765508467857
2026-01-31 09:35:00+00:00,0,0.49840751654506626
2026-01-31 09:40:00+00:00,0,0.48447879321168497
2026-01-31 09:45:00+00:00,0,0.4883888690156989
2026-01-31 09:50:00+00:00,0,0.4839277631968231
2026-01-31 09:55:00+00:00,1,0.4989223660352263
2026-01-31 10:00:00+00:00,1,0.4980782845188044
2026-01-31 10:05:00+00:00,1,0.5102155313207188
2026-01-31 10:10:00+00:00,1,0.502364601397358
2026-01-31 10:15:00+00:00,1,0.511296383967933
2026-01-31 10:20:00+00:00,1,0.4915147532243526
2026-01-31 10:25:00+00:00,1,0.48973499344380456
2026-01-31 10:30:00+00:00,0,0.4420498481695141
2026-01-31 10:35:00+00:00,0,0.4467739132979452
2026-01-31 10:40:00+00:00,0,0.44624752933868755
2026-01-31 10:45:00+00:00,0,0.4524428265700454
2026-01-31 10:50:00+00:00,0,0.44822872992502566
2026-01-31 10:55:00+00:00,1,0.4533101393054335
2026-01-31 11:00:00+00:00,1,0.4650146955274958
2026-01-31 11:05:00+00:00,1,0.47929718158149265
2026-01-31 11:10:00+00:00,1,0.48225192106550535
2026-01-31 11:15:00+00:00,0,0.4710128387024781
2026-01-31 11:20:00+00:00,0,0.4867570008097618
2026-01-31 11:25:00+00:00,0,0.4700072098616419
2026-01-31 11:30:00+00:00,0,0.46988153189235893
2026-01-31 11:35:00+00:00,0,0.47861901123572576
2026-01-31 11:40:00+00:00,0,0.5101770072584175
2026-01-31 11:45:00+00:00,0,0.5231526149064163
2026-01-31 11:50:00+00:00,0,0.5249583297807401
2026-01-31 11:55:00+00:00,0,0.5117236121940022
2026-01-31 12:00:00+00:00,0,0.5215313755916161
2026-01-31 12:05:00+00:00,0,0.5076071295012445
2026-01-31 12:10:00+00:00,1,0.5440384032234981
2026-01-31 12:15:00+00:00,0,0.5103707134843416
2026-01-31 12:20:00+00:00,0,0.5108717593942445
2026-01-31 12:25:00+00:00,0,0.5243120553760102
2026-01-31 12:30:00+00:00,0,0.5134586819230567
2026-01-31 12:35:00+00:00,0,0.5133161133656898
2026-01-31 12:40:00+00:00,0,0.5185416674199164
2026-01-31 12:45:00+00:00,0,0.5309402436470456
2026-01-31 12:50:00+00:00,0,0.514972288173395
2026-01-31 12:55:00+00:00,0,0.526917664486248
2026-01-31 13:00:00+00:00,0,0.5233920364300487
2026-01-31 13:05:00+00:00,0,0.5116362335767926
2026-01-31 13:10:00+00:00,0,0.5228798161243329
2026-01-31 13:15:00+00:00,0,0.5263306074577654
2026-01-31 13:20:00+00:00,0,0.5273060473690585
2026-01-31 13:25:00+00:00,0,0.48965727699118866
2026-01-31 13:30:00+00:00,1,0.5313634278990929
2026-01-31 13:35:00+00:00,0,0.5089826478820138
2026-01-31 13:40:00+00:00,0,0.49297251064977116
2026-01-31 13:45:00+00:00,0,0.5047139467865203
2026-01-31 13:50:00+00:00,0,0.515839814715768
2026-01-31 13:55:00+00:00,0,0.49505145005006423
2026-01-31 14:00:00+00:00,0,0.4814741962615335
2026-01-31 14:05:00+00:00,0,0.5118840692394723
2026-01-31 14:10:00+00:00,0,0.5204054625121458
2026-01-31 14:15:00+00:00,0,0.5149046942536465
2026-01-31 14:20:00+00:00,0,0.5518460090677262
2026-01-31 14:25:00+00:00,1,0.5297131099560436
2026-01-31 14:30:00+00:00,1,0.5253628382952402
2026-01-31 14:35:00+00:00,1,0.5400367962712876
2026-01-31 14:40:00+00:00,1,0.5390363361540645
2026-01-31 14:45:00+00:00,1,0.5673356216692874
2026-01-31 14:50:00+00:00,0,0.558449505116616
2026-01-31 14:55:00+00:00,1,0.5372152466817856
2026-01-31 15:00:00+00:00,1,0.48271544998082
2026-01-31 15:05:00+00:00,0,0.4798332662857728
2026-01-31 15:10:00+00:00,0,0.47729375854732925
2026-01-31 15:15:00+00:00,0,0.44785357367076073
2026-01-31 15:20:00+00:00,1,0.47213504678356594
2026-01-31 15:25:00+00:00,0,0.4878365689704711
2026-01-31 15:30:00+00:00,0,0.47674554155909277
2026-01-31 15:35:00+00:00,0,0.4598283260108371
2026-01-31 15:40:00+00:00,0,0.45842491992303014
2026-01-31 15:45:00+00:00,1,0.4455776904239312
2026-01-31 15:50:00+00:00,1,0.4549470531327235
2026-01-31 15:55:00+00:00,1,0.4539968773936213
2026-01-31 16:00:00+00:00,1,0.4584751163981285
2026-01-31 16:05:00+00:00,1,0.4711807283425731
2026-01-31 16:10:00+00:00,1,0.4681129638138681
2026-01-31 16:15:00+00:00,0,0.4550722209460988
2026-01-31 16:20:00+00:00,0,0.5126272062513823
2026-01-31 16:25:00+00:00,0,0.48851210641253706
2026-01-31 16:30:00+00:00,0,0.4811633122707598
2026-01-31 16:35:00+00:00,0,0.4875762461945111
2026-01-31 16:40:00+00:00,0,0.473706397435462
2026-01-31 16:45:00+00:00,0,0.49258261764674166
2026-01-31 16:50:00+00:00,0,0.5407281259465916
2026-01-31 16:55:00+00:00,0,0.5424437567532379
2026-01-31 17:00:00+00:00,0,0.5631807347884548
2026-01-31 17:05:00+00:00,0,0.5801838305696569
2026-01-31 17:10:00+00:00,0,0.6068081548532911
2026-01-31 17:15:00+00:00,0,0.6049757344693985
2026-01-31 17:20:00+00:00,0,0.6088053814055202
2026-01-31 17:25:00+00:00,0,0.5985295478352245
2026-01-31 17:30:00+00:00,1,0.588245631217462
2026-01-31 17:35:00+00:00,1,0.5757223759677528
2026-01-31 17:40:00+00:00,1,0.5713685902617999
2026-01-31 17:45:00+00:00,1,0.5725382625816235
2026-01-31 17:50:00+00:00,0,0.5515410943258118
2026-01-31 17:55:00+00:00,0,0.5080822101224916
2026-01-31 18:00:00+00:00,0,0.5816167474336472
2026-01-31 18:05:00+00:00,0,0.5744343350490588
2026-01-31 18:10:00+00:00,0,0.5672657703461114
2026-01-31 18:15:00+00:00,1,0.586931986893854
2026-01-31 18:20:00+00:00,1,0.5580783052704266
2026-01-31 18:25:00+00:00,0,0.5406097523639682
2026-01-31 18:30:00+00:00,0,0.57149933407832
2026-01-31 18:35:00+00:00,1,0.6181961850582247
2026-01-31 18:40:00+00:00,1,0.6611397450467033
2026-01-31 18:45:00+00:00,1,0.5799599333813608
2026-01-31 18:50:00+00:00,1,0.5946297931886697
2026-01-31 18:55:00+00:00,1,0.6138611976501174
2026-01-31 19:00:00+00:00,1,0.5749722943445067
2026-01-31 19:05:00+00:00,0,0.508431095176108
2026-01-31 19:10:00+00:00,0,0.47840505229146846
2026-01-31 19:15:00+00:00,0,0.4768007503384683
2026-01-31 19:20:00+00:00,0,0.4773815201220512
2026-01-31 19:25:00+00:00,0,0.4976980216686616
2026-01-31 19:30:00+00:00,0,0.498897574445745
2026-01-31 19:35:00+00:00,1,0.5468183645074456
2026-01-31 19:40:00+00:00,0,0.5419509004350965
2026-01-31 19:45:00+00:00,0,0.5037116691957175
2026-01-31 19:50:00+00:00,0,0.4810877064550353
2026-01-31 19:55:00+00:00,0,0.4709864211043519
2026-01-31 20:00:00+00:00,0,0.45447475855321334
2026-01-31 20:05:00+00:00,0,0.4555954975230449
2026-01-31 20:10:00+00:00,1,0.4778484734555041
2026-01-31 20:15:00+00:00,1,0.4636371738166657
2026-01-31 20:20:00+00:00,0,0.4842383066124018
2026-01-31 20:25:00+00:00,1,0.48664366387499935
2026-01-31 20:30:00+00:00,1,0.4758674959498227
2026-01-31 20:35:00+00:00,1,0.4634757742514723
2026-01-31 20:40:00+00:00,1,0.4899130908671848
2026-01-31 20:45:00+00:00,1,0.4535590576678195
2026-01-31 20:50:00+00:00,1,0.4517264908892175
2026-01-31 20:55:00+00:00,1,0.42251916380421933
2026-01-31 21:00:00+00:00,1,0.43923727047315436
2026-01-31 21:05:00+00:00,1,0.43200170841567226
2026-01-31 21:10:00+00:00,1,0.4386840616620604
2026-01-31 21:15:00+00:00,1,0.43956686386026284
2026-01-31 21:20:00+00:00,1,0.4783110537050607
2026-01-31 21:25:00+00:00,1,0.45329247483869173
2026-01-31 21:30:00+00:00,1,0.4556602396088404
2026-01-31 21:35:00+00:00,0,0.4448880489309669
2026-01-31 21:40:00+00:00,0,0.4665304908880437
2026-01-31 21:45:00+00:00,0,0.46585745702568343
2026-01-31 21:50:00+00:00,0,0.46260856204531453
2026-01-31 21:55:00+00:00,0,0.44905571837595476
2026-01-31 22:00:00+00:00,0,0.4471082790584677
2026-01-31 22:05:00+00:00,0,0.49673376878809766
2026-01-31 22:10:00+00:00,0,0.47808902051402136
2026-01-31 22:15:00+00:00,0,0.46445317790937235
2026-01-31 22:20:00+00:00,0,0.4589573638391847
2026-01-31 22:25:00+00:00,0,0.43434213565498375
2026-01-31 22:30:00+00:00,1,0.4579928636671266
2026-01-31 22:35:00+00:00,1,0.46015494150065334
2026-01-31 22:40:00+00:00,1,0.4708929810997827
2026-01-31 22:45:00+00:00,1,0.48010974168895354
2026-01-31 22:50:00+00:00,1,0.4620047142743044
2026-01-31 22:55:00+00:00,1,0.4689977130514774
2026-01-31 23:00:00+00:00,1,0.43248728764897787
2026-01-31 23:05:00+00:00,1,0.42717688719828245
2026-01-31 23:10:00+00:00,1,0.43479181737308653
2026-01-31 23:15:00+00:00,1,0.4658782610697212
2026-01-31 23:20:00+00:00,0,0.4680505566653681
2026-01-31 23:25:00+00:00,0,0.46324146239610076
2026-01-31 23:30:00+00:00,0,0.46792287092361395
2026-01-31 23:35:00+00:00,1,0.4549313556923592
2026-01-31 23:40:00+00:00,1,0.4522713300537725
2026-01-31 23:45:00+00:00,1,0.43593104089728224
2026-01-31 23:50:00+00:00,1,0.44831799322829896
2026-01-31 23:55:00+00:00,1,0.4683837118259678
2026-02-01 00:00:00+00:00,1,0.49931749831234906
2026-02-01 00:05:00+00:00,0,0.5055720002350937
2026-02-01 00:10:00+00:00,0,0.5382817850353457
2026-02-01 00:15:00+00:00,0,0.510575900981261
2026-02-01 00:20:00+00:00,1,0.540816328315326
2026-02-01 00:25:00+00:00,0,0.5219882767038804
2026-02-01 00:30:00+00:00,0,0.534779919712091
2026-02-01 00:35:00+00:00,0,0.5363361997147834
2026-02-01 00:40:00+00:00,0,0.5009324994551269
2026-02-01 00:45:00+00:00,0,0.49192597638516183
2026-02-01 00:50:00+00:00,0,0.5055163721418439
2026-02-01 00:55:00+00:00,0,0.5202883632498585
2026-02-01 01:00:00+00:00,0,0.5395353173883537
2026-02-01 01:05:00+00:00,1,0.4926115581990663
2026-02-01 01:10:00+00:00,0,0.525688963329291
2026-02-01 01:15:00+00:00,1,0.5082438848014232
2026-02-01 01:20:00+00:00,1,0.47849448736783906
2026-02-01 01:25:00+00:00,1,0.5030350175602253
2026-02-01 01:30:00+00:00,1,0.5125106278714795
2026-02-01 01:35:00+00:00,1,0.5237040696687244
2026-02-01 01:40:00+00:00,1,0.4922280860338701
2026-02-01 01:45:00+00:00,1,0.5038852011296365
2026-02-01 01:50:00+00:00,0,0.5284307459696065
2026-02-01 01:55:00+00:00,0,0.49383599837556214
2026-02-01 02:00:00+00:00,1,0.5042155031456123
2026-02-01 02:05:00+00:00,1,0.4762617796071022
2026-02-01 02:10:00+00:00,0,0.5193521304185077
2026-02-01 02:15:00+00:00,1,0.4764150799671001
2026-02-01 02:20:00+00:00,1,0.5209515061479727
2026-02-01 02:25:00+00:00,1,0.5065952243974225
2026-02-01 02:30:00+00:00,1,0.4827927448525154
2026-02-01 02:35:00+00:00,1,0.47454237138625754
2026-02-01 02:40:00+00:00,1,0.45862067016657665
2026-02-01 02:45:00+00:00,0,0.447981883445505
2026-02-01 02:50:00+00:00,0,0.4503002898344988
2026-02-01 02:55:00+00:00,0,0.439888650081621
2026-02-01 03:00:00+00:00,0,0.46730251301755615
2026-02-01 03:05:00+00:00,0,0.456420448100704
2026-02-01 03:10:00+00:00,0,0.4439518075725425
2026-02-01 03:15:00+00:00,1,0.4674422854315107
2026-02-01 03:20:00+00:00,1,0.45570836829725975
2026-02-01 03:25:00+00:00,1,0.4734614249200513
2026-02-01 03:30:00+00:00,1,0.478537368260266
2026-02-01 03:35:00+00:00,1,0.49114381188868
2026-02-01 03:40:00+00:00,1,0.4971513079689432
2026-02-01 03:45:00+00:00,1,0.49821866668128423
2026-02-01 03:50:00+00:00,1,0.4913851854318584
2026-02-01 03:55:00+00:00,1,0.4875940969244164
2026-02-01 04:00:00+00:00,0,0.48585209992683037
2026-02-01 04:05:00+00:00,1,0.45323042898615973
2026-02-01 04:10:00+00:00,0,0.4232227029959921
2026-02-01 04:15:00+00:00,0,0.42882223367271105
2026-02-01 04:20:00+00:00,0,0.4414437913899367
2026-02-01 04:25:00+00:00,0,0.46477421652588924
2026-02-01 04:30:00+00:00,0,0.5149583013478072
2026-02-01 04:35:00+00:00,0,0.47218624183009916
2026-02-01 04:40:00+00:00,0,0.481360058510717
2026-02-01 04:45:00+00:00,0,0.4828455147435184
2026-02-01 04:50:00+00:00,0,0.4936484585532216
2026-02-01 04:55:00+00:00,1,0.4969699917615173
2026-02-01 05:00:00+00:00,1,0.5250253978026457
2026-02-01 05:05:00+00:00,0,0.5255723118115768
2026-02-01 05:10:00+00:00,0,0.5175077015006222
2026-02-01 05:15:00+00:00,0,0.518347613949992
2026-02-01 05:20:00+00:00,0,0.4981273373706401
2026-02-01 05:25:00+00:00,0,0.5090715790043778
2026-02-01 05:30:00+00:00,0,0.511857563475507
2026-02-01 05:35:00+00:00,1,0.5047524276528993
2026-02-01 05:40:00+00:00,1,0.5282835582857279
2026-02-01 05:45:00+00:00,1,0.514215406183806
2026-02-01 05:50:00+00:00,1,0.5080971258608451
2026-02-01 05:55:00+00:00,1,0.5135751651635349
2026-02-01 06:00:00+00:00,1,0.5136118654394282
2026-02-01 06:05:00+00:00,0,0.500641943604823
2026-02-01 06:10:00+00:00,0,0.49598024142592534
2026-02-01 06:15:00+00:00,0,0.5198889116731936
2026-02-01 06:20:00+00:00,0,0.5081949281382617
2026-02-01 06:25:00+00:00,0,0.5151250550972196
2026-02-01 06:30:00+00:00,0,0.5181873374261632
2026-02-01 06:35:00+00:00,1,0.5216951571814409
2026-02-01 06:40:00+00:00,0,0.4949079012968243
2026-02-01 06:45:00+00:00,0,0.5063652495372724
2026-02-01 06:50:00+00:00,0,0.49177012846127394
2026-02-01 06:55:00+00:00,0,0.5124743692925923
2026-02-01 07:00:00+00:00,0,0.5278027944500381
2026-02-01 07:05:00+00:00,1,0.5146897609236595
2026-02-01 07:10:00+00:00,1,0.5311217011168807
2026-02-01 07:15:00+00:00,1,0.5197036133840165
2026-02-01 07:20:00+00:00,1,0.4943974848083309
2026-02-01 07:25:00+00:00,1,0.5105092523665005
2026-02-01 07:30:00+00:00,1,0.5087586448835867
2026-02-01 07:35:00+00:00,1,0.5094598861859037
2026-02-01 07:40:00+00:00,0,0.4757482651980934
2026-02-01 07:45:00+00:00,0,0.4748051874123489
2026-02-01 07:50:00+00:00,0,0.48356977752309876
2026-02-01 07:55:00+00:00,1,0.4855150531031358
2026-02-01 08:00:00+00:00,1,0.4784779391302304
2026-02-01 08:05:00+00:00,1,0.46592326982458443
2026-02-01 08:10:00+00:00,1,0.4714333046659187
2026-02-01 08:15:00+00:00,1,0.4702853793030469
2026-02-01 08:20:00+00:00,1,0.4763322869237629
2026-02-01 08:25:00+00:00,1,0.4745540675619343
2026-02-01 08:30:00+00:00,1,0.47783632460463726
2026-02-01 08:35:00+00:00,0,0.4500198402958788
2026-02-01 08:40:00+00:00,0,0.4553662423856194
2026-02-01 08:45:00+00:00,0,0.46293988346737
2026-02-01 08:50:00+00:00,0,0.4719183048886909
2026-02-01 08:55:00+00:00,0,0.47381731917633724
2026-02-01 09:00:00+00:00,0,0.48177208857731807
2026-02-01 09:05:00+00:00,0,0.484270275421741
2026-02-01 09:10:00+00:00,1,0.4941185382113542
2026-02-01 09:15:00+00:00,1,0.4874923300738679
2026-02-01 09:20:00+00:00,1,0.49361720208851523
2026-02-01 09:25:00+00:00,1,0.4971170357447459
2026-02-01 09:30:00+00:00,1,0.4913352265180823
2026-02-01 09:35:00+00:00,1,0.485352720252498
2026-02-01 09:40:00+00:00,1,0.49055899044858964
2026-02-01 09:45:00+00:00,0,0.49474815271078265
2026-02-01 09:50:00+00:00,0,0.47776533854482084
2026-02-01 09:55:00+00:00,0,0.4730133382888934
2026-02-01 10:00:00+00:00,0,0.48661039039540244
2026-02-01 10:05:00+00:00,0,0.47847594889121015
2026-02-01 10:10:00+00:00,0,0.4670187770795233
2026-02-01 10:15:00+00:00,0,0.4729557942421394
2026-02-01 10:20:00+00:00,0,0.48326416376940334
2026-02-01 10:25:00+00:00,0,0.4923395803260756
2026-02-01 10:30:00+00:00,0,0.4822724898327276
2026-02-01 10:35:00+00:00,0,0.4948424011816776
2026-02-01 10:40:00+00:00,1,0.49752085843518323
2026-02-01 10:45:00+00:00,0,0.5057828838173848
2026-02-01 10:50:00+00:00,0,0.5048433593886896
2026-02-01 10:55:00+00:00,1,0.5248198791775287
2026-02-01 11:00:00+00:00,1,0.5039668776577304
2026-02-01 11:05:00+00:00,1,0.5107337543936098
2026-02-01 11:10:00+00:00,1,0.48923419392232265
2026-02-01 11:15:00+00:00,1,0.5053340950791237
2026-02-01 11:20:00+00:00,1,0.5080543580791047
2026-02-01 11:25:00+00:00,1,0.503203170739224
2026-02-01 11:30:00+00:00,1,0.4906696078060565
2026-02-01 11:35:00+00:00,0,0.4933357567695565
2026-02-01 11:40:00+00:00,0,0.49391869936291594
2026-02-01 11:45:00+00:00,0,0.45354119802344994
2026-02-01 11:50:00+00:00,0,0.4557029729733809
2026-02-01 11:55:00+00:00,0,0.4468122926773438
2026-02-01 12:00:00+00:00,0,0.500113649126186
2026-02-01 12:05:00+00:00,1,0.49153014252505695
2026-02-01 12:10:00+00:00,0,0.47294382394718876
2026-02-01 12:15:00+00:00,0,0.49404013044342987
2026-02-01 12:20:00+00:00,1,0.503501494422663
2026-02-01 12:25:00+00:00,1,0.5015338270913536
2026-02-01 12:30:00+00:00,1,0.4968404328652279
2026-02-01 12:35:00+00:00,1,0.4955887053171645
2026-02-01 12:40:00+00:00,1,0.5037249148759471
2026-02-01 12:45:00+00:00,1,0.5064495107701351
2026-02-01 12:50:00+00:00,1,0.5073916100604926
2026-02-01 12:55:00+00:00,1,0.5105674270669488
2026-02-01 13:00:00+00:00,1,0.4589789693556632
2026-02-01 13:05:00+00:00,0,0.45747800672940453
2026-02-01 13:10:00+00:00,0,0.47193929334907353
2026-02-01 13:15:00+00:00,0,0.48455738753466593
2026-02-01 13:20:00+00:00,0,0.456989454232546
2026-02-01 13:25:00+00:00,0,0.48230346146824915
2026-02-01 13:30:00+00:00,0,0.47379444491861633
2026-02-01 13:35:00+00:00,0,0.4867379254419767
2026-02-01 13:40:00+00:00,0,0.4886476928533604
2026-02-01 13:45:00+00:00,0,0.5156713204964309
2026-02-01 13:50:00+00:00,0,0.5051164872607178
2026-02-01 13:55:00+00:00,0,0.5020591311622333
2026-02-01 14:00:00+00:00,0,0.49917736552696335
2026-02-01 14:05:00+00:00,0,0.5026808340124204
2026-02-01 14:10:00+00:00,0,0.4858639424989495
2026-02-01 14:15:00+00:00,0,0.48888924124810157
2026-02-01 14:20:00+00:00,1,0.4890018364667821
2026-02-01 14:25:00+00:00,1,0.5249176879571534
2026-02-01 14:30:00+00:00,1,0.5643051144863725
2026-02-01 14:35:00+00:00,1,0.5502251770207386
2026-02-01 14:40:00+00:00,0,0.5099365497244387
2026-02-01 14:45:00+00:00,0,0.48440677462834947
2026-02-01 14:50:00+00:00,0,0.4924657964640461
2026-02-01 14:55:00+00:00,0,0.5117127700375833
2026-02-01 15:00:00+00:00,0,0.5016452073814504
2026-02-01 15:05:00+00:00,0,0.5123125279066109
2026-02-01 15:10:00+00:00,0,0.5065048854248149
2026-02-01 15:15:00+00:00,0,0.5095980169980039
2026-02-01 15:20:00+00:00,0,0.5055717213978764
2026-02-01 15:25:00+00:00,1,0.49442324934675613
2026-02-01 15:30:00+00:00,1,0.5196036252302916
2026-02-01 15:35:00+00:00,1,0.49667771797983773
2026-02-01 15:40:00+00:00,1,0.5031380288950676
2026-02-01 15:45:00+00:00,0,0.51175374162471
2026-02-01 15:50:00+00:00,1,0.5146480218767848
2026-02-01 15:55:00+00:00,1,0.5176636208454881
2026-02-01 16:00:00+00:00,1,0.530453974096367
2026-02-01 16:05:00+00:00,1,0.5152310401933563
2026-02-01 16:10:00+00:00,0,0.4958214345841849
2026-02-01 16:15:00+00:00,1,0.511264079171418
2026-02-01 16:20:00+00:00,0,0.4952470323521291
2026-02-01 16:25:00+00:00,0,0.47210766330383186
2026-02-01 16:30:00+00:00,0,0.4504005497620178
2026-02-01 16:35:00+00:00,1,0.48504877941350183
2026-02-01 16:40:00+00:00,1,0.5132150098764027
2026-02-01 16:45:00+00:00,1,0.5052481285164189
2026-02-01 16:50:00+00:00,0,0.5045942374754098
2026-02-01 16:55:00+00:00,0,0.48619686454586486
2026-02-01 17:00:00+00:00,0,0.48615151285557856
2026-02-01 17:05:00+00:00,0,0.4650283627500424
2026-02-01 17:10:00+00:00,0,0.48887721387628597
2026-02-01 17:15:00+00:00,0,0.4958712934295831
2026-02-01 17:20:00+00:00,1,0.521916494291426
2026-02-01 17:25:00+00:00,1,0.5237633633598204
2026-02-01 17:30:00+00:00,1,0.5247691658548334
2026-02-01 17:35:00+00:00,1,0.4962829386879422
2026-02-01 17:40:00+00:00,1,0.49234130892578043
2026-02-01 17:45:00+00:00,1,0.5044540321907215
2026-02-01 17:50:00+00:00,1,0.4915927035428787
2026-02-01 17:55:00+00:00,1,0.5036055920249473
2026-02-01 18:00:00+00:00,1,0.4479236239072403
2026-02-01 18:05:00+00:00,1,0.47199986854773585
2026-02-01 18:10:00+00:00,0,0.5342804832606194
2026-02-01 18:15:00+00:00,0,0.5129123339305292
2026-02-01 18:20:00+00:00,0,0.500598718534899
2026-02-01 18:25:00+00:00,0,0.4860167827610908
2026-02-01 18:30:00+00:00,0,0.48972477710266926
2026-02-01 18:35:00+00:00,0,0.49533919132995036
2026-02-01 18:40:00+00:00,1,0.5030551513608755
2026-02-01 18:45:00+00:00,1,0.48938739183987107
2026-02-01 18:50:00+00:00,1,0.5039705306487811
2026-02-01 18:55:00+00:00,0,0.4857263327937676
2026-02-01 19:00:00+00:00,1,0.5234094833955207
2026-02-01 19:05:00+00:00,0,0.5146445946962939
2026-02-01 19:10:00+00:00,0,0.5180405369987212
2026-02-01 19:15:00+00:00,0,0.5063493285289506
2026-02-01 19:20:00+00:00,0,0.4989563882476147
2026-02-01 19:25:00+00:00,0,0.5050473620712719
2026-02-01 19:30:00+00:00,0,0.47796933715965856
2026-02-01 19:35:00+00:00,0,0.5171031532445284
2026-02-01 19:40:00+00:00,0,0.5246305431266548
2026-02-01 19:45:00+00:00,0,0.49916481632828075
2026-02-01 19:50:00+00:00,1,0.49617424062654225
2026-02-01 19:55:00+00:00,0,0.48535467068042065
2026-02-01 20:00:00+00:00,0,0.49622259420960657
2026-02-01 20:05:00+00:00,1,0.4937633634304272
2026-02-01 20:10:00+00:00,1,0.4904418786744074
2026-02-01 20:15:00+00:00,1,0.49336486584097716
2026-02-01 20:20:00+00:00,0,0.4999048856636611
2026-02-01 20:25:00+00:00,1,0.5172839827668974
2026-02-01 20:30:00+00:00,0,0.5096424248377764
2026-02-01 20:35:00+00:00,0,0.4859017831063049
2026-02-01 20:40:00+00:00,0,0.5268919991439375
2026-02-01 20:45:00+00:00,0,0.5373020766130263
2026-02-01 20:50:00+00:00,0,0.519570935918949
2026-02-01 20:55:00+00:00,0,0.5174320802243676
2026-02-01 21:00:00+00:00,1,0.5362535338005546
2026-02-01 21:05:00+00:00,1,0.535427986689949
2026-02-01 21:10:00+00:00,1,0.5295235589440644
2026-02-01 21:15:00+00:00,1,0.5351693457650084
2026-02-01 21:20:00+00:00,1,0.5322109657385417
2026-02-01 21:25:00+00:00,0,0.517369354346148
2026-02-01 21:30:00+00:00,1,0.5235793031004223
2026-02-01 21:35:00+00:00,0,0.5240876720937523
2026-02-01 21:40:00+00:00,1,0.5271415836819191
2026-02-01 21:45:00+00:00,1,0.53153156128717
2026-02-01 21:50:00+00:00,1,0.49823556610281905
2026-02-01 21:55:00+00:00,1,0.5001841479230648
2026-02-01 22:00:00+00:00,1,0.5072015714904038
2026-02-01 22:05:00+00:00,1,0.48952644520621025
2026-02-01 22:10:00+00:00,0,0.4988131324928348
2026-02-01 22:15:00+00:00,0,0.49899835828519357
2026-02-01 22:20:00+00:00,1,0.5309592453953466
2026-02-01 22:25:00+00:00,1,0.5028652462910903
2026-02-01 22:30:00+00:00,0,0.49823539878179385
2026-02-01 22:35:00+00:00,0,0.48894962916193707
2026-02-01 22:40:00+00:00,0,0.4930029295841854
2026-02-01 22:45:00+00:00,0,0.5070839394689054
2026-02-01 22:50:00+00:00,0,0.5128860538177985
2026-02-01 22:55:00+00:00,0,0.5299808177362231
2026-02-01 23:00:00+00:00,1,0.5213513051409101
2026-02-01 23:05:00+00:00,1,0.5613379161584935
2026-02-01 23:10:00+00:00,1,0.5543050698517048
2026-02-01 23:15:00+00:00,1,0.5736410208676447
2026-02-01 23:20:00+00:00,1,0.5570021096943639
2026-02-01 23:25:00+00:00,0,0.5157828981705134
2026-02-01 23:30:00+00:00,0,0.5182207855390873
2026-02-01 23:35:00+00:00,0,0.5017545238820307
2026-02-01 23:40:00+00:00,0,0.5030406505636178
2026-02-01 23:45:00+00:00,1,0.5021771197232573
2026-02-01 23:50:00+00:00,1,0.4874062547723464
2026-02-01 23:55:00+00:00,1,0.5002548698100423
2026-02-02 00:00:00+00:00,1,0.5453353386714899
2026-02-02 00:05:00+00:00,1,0.5191076431107531
2026-02-02 00:10:00+00:00,1,0.5364436069390726
2026-02-02 00:15:00+00:00,1,0.5175912042838089
2026-02-02 00:20:00+00:00,1,0.521113216159718
2026-02-02 00:25:00+00:00,0,0.515040689541987
2026-02-02 00:30:00+00:00,1,0.5115841962758079
2026-02-02 00:35:00+00:00,0,0.4935611301793494
2026-02-02 00:40:00+00:00,0,0.47339900888413966
2026-02-02 00:45:00+00:00,0,0.47134626187662226
2026-02-02 00:50:00+00:00,1,0.4855111382428817
2026-02-02 00:55:00+00:00,1,0.49831830639739916
2026-02-02 01:00:00+00:00,1,0.4681358633493935
2026-02-02 01:05:00+00:00,1,0.5144317445974868
2026-02-02 01:10:00+00:00,1,0.5258294476406812
2026-02-02 01:15:00+00:00,1,0.5150629512101891
2026-02-02 01:20:00+00:00,0,0.5286999518053576
2026-02-02 01:25:00+00:00,0,0.5246999245143708
2026-02-02 01:30:00+00:00,0,0.5123452754259302
2026-02-02 01:35:00+00:00,0,0.49384458632491546
2026-02-02 01:40:00+00:00,0,0.498255979270837
2026-02-02 01:45:00+00:00,0,0.5128173851915607
2026-02-02 01:50:00+00:00,0,0.5050232421028241
2026-02-02 01:55:00+00:00,0,0.5166381067736844
2026-02-02 02:00:00+00:00,0,0.5160074138587817
2026-02-02 02:05:00+00:00,0,0.5211563362278152
2026-02-02 02:10:00+00:00,0,0.4845627924896368
2026-02-02 02:15:00+00:00,0,0.48453103146581566
2026-02-02 02:20:00+00:00,0,0.4948411185077047
2026-02-02 02:25:00+00:00,0,0.49071216283734626
2026-02-02 02:30:00+00:00,0,0.4647480634080572
2026-02-02 02:35:00+00:00,0,0.42912056162026807
2026-02-02 02:40:00+00:00,0,0.4434274049761432
2026-02-02 02:45:00+00:00,0,0.4042889958661363
2026-02-02 02:50:00+00:00,0,0.42648837394442135
2026-02-02 02:55:00+00:00,0,0.41368108072850496
2026-02-02 03:00:00+00:00,0,0.4396015573910391
2026-02-02 03:05:00+00:00,0,0.42583850549509406
2026-02-02 03:10:00+00:00,0,0.5561918507529913
2026-02-02 03:15:00+00:00,1,0.5491728694455322
2026-02-02 03:20:00+00:00,1,0.5570274598278772
2026-02-02 03:25:00+00:00,1,0.5564250044607325
2026-02-02 03:30:00+00:00,1,0.5657839190789332
2026-02-02 03:35:00+00:00,1,0.5532851608859713
2026-02-02 03:40:00+00:00,1,0.5341046441264639
2026-02-02 03:45:00+00:00,0,0.5189212919633818
2026-02-02 03:50:00+00:00,1,0.5143591586986718
2026-02-02 03:55:00+00:00,1,0.5042477663073713
2026-02-02 04:00:00+00:00,1,0.4996080545474761
2026-02-02 04:05:00+00:00,1,0.49702308704547005
2026-02-02 04:10:00+00:00,1,0.41439769333239657
2026-02-02 04:15:00+00:00,1,0.42665971502442174
2026-02-02 04:20:00+00:00,0,0.41906199984398285
2026-02-02 04:25:00+00:00,0,0.4061020369518144
2026-02-02 04:30:00+00:00,0,0.432658029542106
2026-02-02 04:35:00+00:00,0,0.4946080912515999
2026-02-02 04:40:00+00:00,0,0.4846245318188196
2026-02-02 04:45:00+00:00,0,0.480257701416223
2026-02-02 04:50:00+00:00,0,0.5271435300322567
2026-02-02 04:55:00+00:00,0,0.5290012424033161
2026-02-02 05:00:00+00:00,0,0.512132790923891
2026-02-02 05:05:00+00:00,0,0.5182362145053518
2026-02-02 05:10:00+00:00,0,0.5246506287746541
2026-02-02 05:15:00+00:00,0,0.5116082499711158
2026-02-02 05:20:00+00:00,0,0.5191506657468249
2026-02-02 05:25:00+00:00,1,0.5185378242795751
2026-02-02 05:30:00+00:00,1,0.5214475345477758
2026-02-02 05:35:00+00:00,1,0.5106708418545497
2026-02-02 05:40:00+00:00,1,0.5278165559032019
2026-02-02 05:45:00+00:00,1,0.5274385315594515
2026-02-02 05:50:00+00:00,1,0.5003537298433217
2026-02-02 05:55:00+00:00,1,0.5136252413577197
2026-02-02 06:00:00+00:00,0,0.5138596790063984
2026-02-02 06:05:00+00:00,0,0.5135039099201718
2026-02-02 06:10:00+00:00,1,0.526276377943805
2026-02-02 06:15:00+00:00,1,0.501064405312609
2026-02-02 06:20:00+00:00,1,0.5013592268902882
2026-02-02 06:25:00+00:00,1,0.5246792270388818
2026-02-02 06:30:00+00:00,1,0.5633061951281472
2026-02-02 06:35:00+00:00,1,0.5854260615427987
2026-02-02 06:40:00+00:00,1,0.4773526742812687
2026-02-02 06:45:00+00:00,1,0.48761548718498593
2026-02-02 06:50:00+00:00,1,0.4726433255514942
2026-02-02 06:55:00+00:00,1,0.47011938684475785
2026-02-02 07:00:00+00:00,0,0.4706495241785278
2026-02-02 07:05:00+00:00,0,0.4850368125859865
2026-02-02 07:10:00+00:00,1,0.5028348502472691
2026-02-02 07:15:00+00:00,1,0.47916142440495163
2026-02-02 07:20:00+00:00,1,0.4686237287887885
2026-02-02 07:25:00+00:00,1,0.4668288773602899
2026-02-02 07:30:00+00:00,1,0.4923797284954398
2026-02-02 07:35:00+00:00,1,0.5068686923169535
2026-02-02 07:40:00+00:00,1,0.5159337832270532
2026-02-02 07:45:00+00:00,1,0.5024529180617372
2026-02-02 07:50:00+00:00,1,0.5137477694319088
2026-02-02 07:55:00+00:00,1,0.5221360136818041
2026-02-02 08:00:00+00:00,1,0.44726965424677595
2026-02-02 08:05:00+00:00,1,0.4535430918036023
2026-02-02 08:10:00+00:00,1,0.39264619588708255
2026-02-02 08:15:00+00:00,0,0.408407404837852
2026-02-02 08:20:00+00:00,1,0.46169677447956514
2026-02-02 08:25:00+00:00,1,0.48448886472072494
2026-02-02 08:30:00+00:00,0,0.45068118021654413
2026-02-02 08:35:00+00:00,0,0.45025457916325323
2026-02-02 08:40:00+00:00,0,0.4670591071869233
2026-02-02 08:45:00+00:00,0,0.46246823114010416
2026-02-02 08:50:00+00:00,0,0.47385711647505013
2026-02-02 08:55:00+00:00,1,0.468726714717019
2026-02-02 09:00:00+00:00,1,0.4622583906207854
2026-02-02 09:05:00+00:00,1,0.45933163190769083
2026-02-02 09:10:00+00:00,1,0.44959651352219
2026-02-02 09:15:00+00:00,1,0.45240605859950767
2026-02-02 09:20:00+00:00,1,0.43814481775146147
2026-02-02 09:25:00+00:00,1,0.44171489517065327
2026-02-02 09:30:00+00:00,1,0.4302413481278554
2026-02-02 09:35:00+00:00,1,0.43132537861664044
2026-02-02 09:40:00+00:00,1,0.4459602109791813
2026-02-02 09:45:00+00:00,0,0.4606111243441747
2026-02-02 09:50:00+00:00,0,0.46408919405875265
2026-02-02 09:55:00+00:00,1,0.4656051671571465
2026-02-02 10:00:00+00:00,1,0.4768577128133974
2026-02-02 10:05:00+00:00,0,0.484550937812199
2026-02-02 10:10:00+00:00,0,0.5016838028175031
2026-02-02 10:15:00+00:00,0,0.49474151629397983
2026-02-02 10:20:00+00:00,0,0.49052941272770695
2026-02-02 10:25:00+00:00,0,0.4915910586642536
2026-02-02 10:30:00+00:00,0,0.493714206033256
2026-02-02 10:35:00+00:00,1,0.49144336882559947
2026-02-02 10:40:00+00:00,1,0.4982885232269263
2026-02-02 10:45:00+00:00,1,0.49427421138659333
2026-02-02 10:50:00+00:00,1,0.5026526966433692
2026-02-02 10:55:00+00:00,1,0.49451258894880357
2026-02-02 11:00:00+00:00,1,0.5062381599403795
2026-02-02 11:05:00+00:00,1,0.501237388601863
2026-02-02 11:10:00+00:00,0,0.47693064903493937
2026-02-02 11:15:00+00:00,1,0.5026323395670687
2026-02-02 11:20:00+00:00,1,0.521738634788835
2026-02-02 11:25:00+00:00,0,0.49473000016333873
2026-02-02 11:30:00+00:00,0,0.49540586387751767
2026-02-02 11:35:00+00:00,1,0.4982436253993294
2026-02-02 11:40:00+00:00,1,0.49895700176300967
2026-02-02 11:45:00+00:00,1,0.5000375450006744
2026-02-02 11:50:00+00:00,1,0.4912189723512931
2026-02-02 11:55:00+00:00,1,0.49621634783732793
2026-02-02 12:00:00+00:00,1,0.48919193662719623
2026-02-02 12:05:00+00:00,1,0.48589494224814866
2026-02-02 12:10:00+00:00,1,0.49597064885586967
2026-02-02 12:15:00+00:00,1,0.4776327343730181
2026-02-02 12:20:00+00:00,1,0.5276204720662856
2026-02-02 12:25:00+00:00,1,0.5273300699720433
2026-02-02 12:30:00+00:00,1,0.5234637995791365
2026-02-02 12:35:00+00:00,0,0.4997802857348402
2026-02-02 12:40:00+00:00,1,0.5032506606368233
2026-02-02 12:45:00+00:00,0,0.501024805683018
2026-02-02 12:50:00+00:00,0,0.531041835283881
2026-02-02 12:55:00+00:00,0,0.519367974436918
2026-02-02 13:00:00+00:00,1,0.48125759100708454
2026-02-02 13:05:00+00:00,1,0.4944516907547317
2026-02-02 13:10:00+00:00,1,0.4913477580485919
2026-02-02 13:15:00+00:00,1,0.49175741535552603
2026-02-02 13:20:00+00:00,1,0.4880040173824418
2026-02-02 13:25:00+00:00,1,0.4974384538980317
2026-02-02 13:30:00+00:00,1,0.4965414953464689
2026-02-02 13:35:00+00:00,0,0.47813113295378024
2026-02-02 13:40:00+00:00,0,0.4792057299317424
2026-02-02 13:45:00+00:00,0,0.4855565980996688
2026-02-02 13:50:00+00:00,1,0.4793659313079538
2026-02-02 13:55:00+00:00,0,0.4879175336180608
2026-02-02 14:00:00+00:00,1,0.49633650705178134
2026-02-02 14:05:00+00:00,1,0.5200055451638994
2026-02-02 14:10:00+00:00,1,0.4968640244885246
2026-02-02 14:15:00+00:00,1,0.4851071788919896
2026-02-02 14:20:00+00:00,1,0.44326148691181827
2026-02-02 14:25:00+00:00,1,0.45814553832927957
2026-02-02 14:30:00+00:00,1,0.47273651061449923
2026-02-02 14:35:00+00:00,1,0.4900643600060084
2026-02-02 14:40:00+00:00,1,0.4931642260774195
2026-02-02 14:45:00+00:00,1,0.45595686879243386
2026-02-02 14:50:00+00:00,1,0.47173693259563154
2026-02-02 14:55:00+00:00,1,0.47006756331469146
2026-02-02 15:00:00+00:00,1,0.4877257836116282
2026-02-02 15:05:00+00:00,1,0.49629473431725624
2026-02-02 15:10:00+00:00,1,0.48980898899949504
2026-02-02 15:15:00+00:00,1,0.49634406407398796
2026-02-02 15:20:00+00:00,1,0.5215962318753098
2026-02-02 15:25:00+00:00,1,0.5176171907736054
2026-02-02 15:30:00+00:00,1,0.5236832290713465
2026-02-02 15:35:00+00:00,1,0.4952178092396216
2026-02-02 15:40:00+00:00,1,0.5089646385633785
2026-02-02 15:45:00+00:00,1,0.5025980392681167
2026-02-02 15:50:00+00:00,1,0.49485135201716024
2026-02-02 15:55:00+00:00,1,0.5053639867197928
2026-02-02 16:00:00+00:00,0,0.5056678084965694
2026-02-02 16:05:00+00:00,0,0.5168366638797147
2026-02-02 16:10:00+00:00,0,0.5477018418149258
2026-02-02 16:15:00+00:00,0,0.5420528841599624
2026-02-02 16:20:00+00:00,0,0.5445196687031394
2026-02-02 16:25:00+00:00,0,0.5430675991222448
2026-02-02 16:30:00+00:00,0,0.5409139462970292
2026-02-02 16:35:00+00:00,0,0.5459505195700733
2026-02-02 16:40:00+00:00,0,0.5192866098380554
2026-02-02 16:45:00+00:00,1,0.5267707611550201
2026-02-02 16:50:00+00:00,1,0.5443202720297363
2026-02-02 16:55:00+00:00,1,0.566106167614474
2026-02-02 17:00:00+00:00,0,0.5655091418260402
2026-02-02 17:05:00+00:00,0,0.5520087412337664
2026-02-02 17:10:00+00:00,0,0.5555954728438147
2026-02-02 17:15:00+00:00,0,0.5358420887606619
2026-02-02 17:20:00+00:00,0,0.5171864100333747
2026-02-02 17:25:00+00:00,0,0.5288063787164413
2026-02-02 17:30:00+00:00,0,0.5267702050101711
2026-02-02 17:35:00+00:00,0,0.5209809310724877
2026-02-02 17:40:00+00:00,0,0.5168891714312919
2026-02-02 17:45:00+00:00,0,0.5121426014282636
2026-02-02 17:50:00+00:00,0,0.5087524279483012
2026-02-02 17:55:00+00:00,0,0.5095624460139118
2026-02-02 18:00:00+00:00,1,0.508061523224179
2026-02-02 18:05:00+00:00,1,0.5211102653882232
2026-02-02 18:10:00+00:00,1,0.5376558899860235
2026-02-02 18:15:00+00:00,1,0.5313255392652639
2026-02-02 18:20:00+00:00,1,0.5071333455718485
2026-02-02 18:25:00+00:00,1,0.528026975754951
2026-02-02 18:30:00+00:00,0,0.4948369358756562
2026-02-02 18:35:00+00:00,0,0.4869711240986925
2026-02-02 18:40:00+00:00,0,0.4917862428956961
2026-02-02 18:45:00+00:00,0,0.49568789248478123
2026-02-02 18:50:00+00:00,0,0.4949322721804872
2026-02-02 18:55:00+00:00,0,0.49856033691170915
2026-02-02 19:00:00+00:00,0,0.48961999389890987
2026-02-02 19:05:00+00:00,0,0.495781809688534
2026-02-02 19:10:00+00:00,0,0.4950717778246212
2026-02-02 19:15:00+00:00,0,0.4797532633387963
2026-02-02 19:20:00+00:00,0,0.4934471466102126
2026-02-02 19:25:00+00:00,0,0.48000002709703127
2026-02-02 19:30:00+00:00,1,0.48996020111815053
2026-02-02 19:35:00+00:00,1,0.4924258711308978
2026-02-02 19:40:00+00:00,0,0.4825643443808296
2026-02-02 19:45:00+00:00,0,0.4890611657747205
2026-02-02 19:50:00+00:00,0,0.4930971700571685
2026-02-02 19:55:00+00:00,0,0.48809059941479993
2026-02-02 20:00:00+00:00,0,0.49413116936186535
2026-02-02 20:05:00+00:00,0,0.49846699932916394
2026-02-02 20:10:00+00:00,0,0.5000051679791585
2026-02-02 20:15:00+00:00,0,0.5255550947676769
2026-02-02 20:20:00+00:00,0,0.5144708654975749
2026-02-02 20:25:00+00:00,0,0.5016540475228142
2026-02-02 20:30:00+00:00,1,0.49889032381316994
2026-02-02 20:35:00+00:00,1,0.5042448383641556
2026-02-02 20:40:00+00:00,1,0.5202883910911278
2026-02-02 20:45:00+00:00,1,0.50551294243537
2026-02-02 20:50:00+00:00,1,0.5110970069680425
2026-02-02 20:55:00+00:00,1,0.50081819023536
2026-02-02 21:00:00+00:00,0,0.5147681952266491
2026-02-02 21:05:00+00:00,0,0.5040509521146675
2026-02-02 21:10:00+00:00,0,0.5057309089959923
2026-02-02 21:15:00+00:00,0,0.5099582931190548
2026-02-02 21:20:00+00:00,1,0.5315764474982669
2026-02-02 21:25:00+00:00,1,0.5417357899303392
2026-02-02 21:30:00+00:00,1,0.5149134430440243
2026-02-02 21:35:00+00:00,1,0.5154728727549251
2026-02-02 21:40:00+00:00,1,0.5081486477768435
2026-02-02 21:45:00+00:00,1,0.5221768716811904
2026-02-02 21:50:00+00:00,1,0.5320964068202638
2026-02-02 21:55:00+00:00,1,0.5332904838281439
2026-02-02 22:00:00+00:00,1,0.5080006333258016
2026-02-02 22:05:00+00:00,1,0.5050402515627792
2026-02-02 22:10:00+00:00,1,0.5037557284907461
2026-02-02 22:15:00+00:00,1,0.4949959600493653
2026-02-02 22:20:00+00:00,1,0.49942899110164557
2026-02-02 22:25:00+00:00,1,0.4948875457718027
2026-02-02 22:30:00+00:00,0,0.4985647709374494
2026-02-02 22:35:00+00:00,0,0.49958356961520145
2026-02-02 22:40:00+00:00,0,0.48976805374969845
2026-02-02 22:45:00+00:00,0,0.5010821414804357
2026-02-02 22:50:00+00:00,0,0.495084632571129
2026-02-02 22:55:00+00:00,0,0.5052986544744243
2026-02-02 23:00:00+00:00,0,0.5108433557528599
2026-02-02 23:05:00+00:00,1,0.5212895081570255
2026-02-02 23:10:00+00:00,1,0.5170702290865192
2026-02-02 23:15:00+00:00,1,0.5240027294198412
2026-02-02 23:20:00+00:00,1,0.551980962517698
2026-02-02 23:25:00+00:00,1,0.5457216924336283
2026-02-02 23:30:00+00:00,0,0.5175520433274224
2026-02-02 23:35:00+00:00,0,0.5175064481158292
2026-02-02 23:40:00+00:00,0,0.5097910910266579
2026-02-02 23:45:00+00:00,0,0.49586649716122794
2026-02-02 23:50:00+00:00,0,0.5105978941054964
2026-02-02 23:55:00+00:00,0,0.5061984826142332
2026-02-03 00:00:00+00:00,1,0.5182353790026538
2026-02-03 00:05:00+00:00,1,0.4926763539887228
2026-02-03 00:10:00+00:00,1,0.48003527588439476
2026-02-03 00:15:00+00:00,1,0.4821045156523129
2026-02-03 00:20:00+00:00,1,0.4741844207883733
2026-02-03 00:25:00+00:00,1,0.4870367819183694
2026-02-03 00:30:00+00:00,1,0.5004338775626308
2026-02-03 00:35:00+00:00,0,0.49731240729638804
2026-02-03 00:40:00+00:00,1,0.5025976209716365
2026-02-03 00:45:00+00:00,0,0.48157764179576007
2026-02-03 00:50:00+00:00,0,0.4787179836497183
2026-02-03 00:55:00+00:00,0,0.5050425938481551
2026-02-03 01:00:00+00:00,0,0.5007014268626466
2026-02-03 01:05:00+00:00,0,0.5052516697984377
2026-02-03 01:10:00+00:00,0,0.49188362685538034
2026-02-03 01:15:00+00:00,1,0.5022949407222269
2026-02-03 01:20:00+00:00,1,0.49826958805274973
2026-02-03 01:25:00+00:00,0,0.4624835936253801
2026-02-03 01:30:00+00:00,0,0.48731718427379667
2026-02-03 01:35:00+00:00,0,0.48416957759187756
2026-02-03 01:40:00+00:00,0,0.46686266684213623
2026-02-03 01:45:00+00:00,0,0.4931625810411218
2026-02-03 01:50:00+00:00,0,0.47897855448823345
2026-02-03 01:55:00+00:00,0,0.4733207015028315
2026-02-03 02:00:00+00:00,0,0.5055853565337386
2026-02-03 02:05:00+00:00,0,0.5119058646756538
2026-02-03 02:10:00+00:00,0,0.4985176977701826
2026-02-03 02:15:00+00:00,0,0.5038954072213911
2026-02-03 02:20:00+00:00,0,0.4666413332298537
2026-02-03 02:25:00+00:00,0,0.48097526007134217
2026-02-03 02:30:00+00:00,0,0.49338530355881893
2026-02-03 02:35:00+00:00,0,0.49449775475825497
2026-02-03 02:40:00+00:00,0,0.498737893319556
2026-02-03 02:45:00+00:00,0,0.5132491198849276
2026-02-03 02:50:00+00:00,1,0.4902458351941335
2026-02-03 02:55:00+00:00,1,0.5110046061087491
2026-02-03 03:00:00+00:00,1,0.5135813236862742
2026-02-03 03:05:00+00:00,1,0.49588018883627605
2026-02-03 03:10:00+00:00,1,0.4862362113270747
2026-02-03 03:15:00+00:00,1,0.49901773980236386
2026-02-03 03:20:00+00:00,1,0.5092605348178476
2026-02-03 03:25:00+00:00,1,0.5023161903052339
2026-02-03 03:30:00+00:00,1,0.49362757443346045
2026-02-03 03:35:00+00:00,1,0.4735424738459881
2026-02-03 03:40:00+00:00,1,0.47772821072991517
2026-02-03 03:45:00+00:00,1,0.46196184992983047
2026-02-03 03:50:00+00:00,1,0.47028593507692185
2026-02-03 03:55:00+00:00,0,0.4585807740765511
2026-02-03 04:00:00+00:00,1,0.47483517355657334
2026-02-03 04:05:00+00:00,1,0.4714530260823279
2026-02-03 04:10:00+00:00,1,0.4622857308297285
2026-02-03 04:15:00+00:00,1,0.4532145065600732
2026-02-03 04:20:00+00:00,1,0.4669163919111642
2026-02-03 04:25:00+00:00,1,0.4676529186511223
2026-02-03 04:30:00+00:00,1,0.4612879060301052
2026-02-03 04:35:00+00:00,1,0.4661789406053789
2026-02-03 04:40:00+00:00,0,0.4426803919895852
2026-02-03 04:45:00+00:00,0,0.4487070881704833
2026-02-03 04:50:00+00:00,0,0.44264619780736497
2026-02-03 04:55:00+00:00,0,0.44555977857388046
2026-02-03 05:00:00+00:00,0,0.4587757728101751
2026-02-03 05:05:00+00:00,0,0.46601333063561345
2026-02-03 05:10:00+00:00,1,0.4819797004466776
2026-02-03 05:15:00+00:00,1,0.49081611866690666
2026-02-03 05:20:00+00:00,0,0.463152124435197
2026-02-03 05:25:00+00:00,0,0.49940603997968364
2026-02-03 05:30:00+00:00,0,0.4896630750450468
2026-02-03 05:35:00+00:00,0,0.4978884874286037
2026-02-03 05:40:00+00:00,0,0.5070148487613025
2026-02-03 05:45:00+00:00,0,0.5115954009006976
2026-02-03 05:50:00+00:00,1,0.5032609784577006
2026-02-03 05:55:00+00:00,1,0.49684955161157746
2026-02-03 06:00:00+00:00,1,0.4853720016452609
2026-02-03 06:05:00+00:00,1,0.5097645525795074
2026-02-03 06:10:00+00:00,1,0.5074840635019723
2026-02-03 06:15:00+00:00,1,0.47665012409700314
2026-02-03 06:20:00+00:00,1,0.47101475645132757
2026-02-03 06:25:00+00:00,1,0.4351020880036236
2026-02-03 06:30:00+00:00,0,0.4778992400710469
2026-02-03 06:35:00+00:00,1,0.48077805193143897
2026-02-03 06:40:00+00:00,1,0.4843474329166377
2026-02-03 06:45:00+00:00,0,0.4925580823426592
2026-02-03 06:50:00+00:00,0,0.4749072745640937
2026-02-03 06:55:00+00:00,0,0.48855490466443036
2026-02-03 07:00:00+00:00,1,0.4684439855165891
2026-02-03 07:05:00+00:00,1,0.4681310584630109
2026-02-03 07:10:00+00:00,1,0.4748601250598206
2026-02-03 07:15:00+00:00,1,0.4739702944642611
2026-02-03 07:20:00+00:00,1,0.4760591250427304
2026-02-03 07:25:00+00:00,1,0.4719364161171784
2026-02-03 07:30:00+00:00,0,0.4626223306277052
2026-02-03 07:35:00+00:00,0,0.4457267638306743
2026-02-03 07:40:00+00:00,0,0.46339052141911824
2026-02-03 07:45:00+00:00,0,0.4649129492179441
2026-02-03 07:50:00+00:00,0,0.49785502341312343
2026-02-03 07:55:00+00:00,1,0.49949650589806405
2026-02-03 08:00:00+00:00,1,0.5006559708351609
2026-02-03 08:05:00+00:00,1,0.4842950287015545
2026-02-03 08:10:00+00:00,1,0.49663505249512013
2026-02-03 08:15:00+00:00,1,0.48600452200509614
2026-02-03 08:20:00+00:00,0,0.4818133347321217
2026-02-03 08:25:00+00:00,0,0.45954440983867095
2026-02-03 08:30:00+00:00,0,0.4871437555159771
2026-02-03 08:35:00+00:00,0,0.4781427814264297
2026-02-03 08:40:00+00:00,0,0.46916895243422846
2026-02-03 08:45:00+00:00,0,0.48565186534676086
2026-02-03 08:50:00+00:00,0,0.49130828167347296
2026-02-03 08:55:00+00:00,0,0.4839447986086965
2026-02-03 09:00:00+00:00,0,0.47623602825581035
2026-02-03 09:05:00+00:00,0,0.4798131366839106
2026-02-03 09:10:00+00:00,1,0.4902399253623039
2026-02-03 09:15:00+00:00,0,0.49682947364074515
2026-02-03 09:20:00+00:00,1,0.5247558684755462
2026-02-03 09:25:00+00:00,1,0.5210126664002652
2026-02-03 09:30:00+00:00,1,0.4986967599926568
2026-02-03 09:35:00+00:00,1,0.49590536926495526
2026-02-03 09:40:00+00:00,1,0.5106602216716649
2026-02-03 09:45:00+00:00,1,0.5084974755345837
2026-02-03 09:50:00+00:00,1,0.50158472070866
2026-02-03 09:55:00+00:00,1,0.49775100622238283
2026-02-03 10:00:00+00:00,0,0.4909430467721529
2026-02-03 10:05:00+00:00,0,0.4969228362908556
2026-02-03 10:10:00+00:00,0,0.4942162416096537
2026-02-03 10:15:00+00:00,0,0.4935337495246463
2026-02-03 10:20:00+00:00,0,0.5048883650422432
2026-02-03 10:25:00+00:00,0,0.47616720557276027
2026-02-03 10:30:00+00:00,1,0.5084054183595106
2026-02-03 10:35:00+00:00,1,0.5039008448919026
2026-02-03 10:40:00+00:00,1,0.5069849595584465
2026-02-03 10:45:00+00:00,1,0.5055739799792367
2026-02-03 10:50:00+00:00,1,0.49810204405362
2026-02-03 10:55:00+00:00,1,0.5164474558086691
2026-02-03 11:00:00+00:00,1,0.5038037474787502
2026-02-03 11:05:00+00:00,0,0.48951451473424124
2026-02-03 11:10:00+00:00,1,0.49319514721092106
2026-02-03 11:15:00+00:00,1,0.4973692397714631
2026-02-03 11:20:00+00:00,1,0.47604161033697384
2026-02-03 11:25:00+00:00,1,0.4673206316318682
2026-02-03 11:30:00+00:00,0,0.4767995259440641
2026-02-03 11:35:00+00:00,1,0.4702937992851486
2026-02-03 11:40:00+00:00,1,0.48213767289601156
2026-02-03 11:45:00+00:00,0,0.47080266974428325
2026-02-03 11:50:00+00:00,1,0.4743971241828907
2026-02-03 11:55:00+00:00,1,0.4847336215674724
2026-02-03 12:00:00+00:00,1,0.5214197542804475
2026-02-03 12:05:00+00:00,1,0.5381585785294016
2026-02-03 12:10:00+00:00,1,0.5106452251765594
2026-02-03 12:15:00+00:00,1,0.5172972411926569
2026-02-03 12:20:00+00:00,1,0.515773147375188
2026-02-03 12:25:00+00:00,0,0.5090676482050998
2026-02-03 12:30:00+00:00,1,0.5215751049511591
2026-02-03 12:35:00+00:00,1,0.5135362075351171
2026-02-03 12:40:00+00:00,1,0.5264189307101415
2026-02-03 12:45:00+00:00,0,0.529788138779213
2026-02-03 12:50:00+00:00,0,0.5215962597104685
2026-02-03 12:55:00+00:00,0,0.5330368551235216
2026-02-03 13:00:00+00:00,0,0.508278343952491
2026-02-03 13:05:00+00:00,0,0.5061704881642387
2026-02-03 13:10:00+00:00,0,0.508796727037846
2026-02-03 13:15:00+00:00,1,0.5189532326802424
2026-02-03 13:20:00+00:00,1,0.5176872953298673
2026-02-03 13:25:00+00:00,1,0.5044431291646
2026-02-03 13:30:00+00:00,1,0.49517849193564306
2026-02-03 13:35:00+00:00,1,0.5030184531794543
2026-02-03 13:40:00+00:00,1,0.5054662927991783
2026-02-03 13:45:00+00:00,0,0.4787136550504215
2026-02-03 13:50:00+00:00,1,0.4779759057620019
2026-02-03 13:55:00+00:00,0,0.4774340079722473
2026-02-03 14:00:00+00:00,0,0.4976685734337121
2026-02-03 14:05:00+00:00,0,0.5005026751871506
2026-02-03 14:10:00+00:00,0,0.4870011521842481
2026-02-03 14:15:00+00:00,0,0.4795255383588781
2026-02-03 14:20:00+00:00,0,0.4782701785770622
2026-02-03 14:25:00+00:00,0,0.488021799180191
2026-02-03 14:30:00+00:00,0,0.4853922443681865
2026-02-03 14:35:00+00:00,1,0.49067813831576057
2026-02-03 14:40:00+00:00,0,0.4659147065990446
2026-02-03 14:45:00+00:00,0,0.4504203758047196
2026-02-03 14:50:00+00:00,0,0.48699053435393436
2026-02-03 14:55:00+00:00,1,0.5100310217121677
2026-02-03 15:00:00+00:00,1,0.49400962622011546
2026-02-03 15:05:00+00:00,1,0.49379409035031424
2026-02-03 15:10:00+00:00,1,0.49433669846137773
2026-02-03 15:15:00+00:00,1,0.49606322843384665
2026-02-03 15:20:00+00:00,1,0.501732632708149
2026-02-03 15:25:00+00:00,1,0.45913084940475685
2026-02-03 15:30:00+00:00,1,0.4561144445825703
2026-02-03 15:35:00+00:00,1,0.4911753145562941
2026-02-03 15:40:00+00:00,1,0.4992443503779639
2026-02-03 15:45:00+00:00,0,0.42792914481665245
2026-02-03 15:50:00+00:00,0,0.45279902322956117
2026-02-03 15:55:00+00:00,0,0.4570276678714281
2026-02-03 16:00:00+00:00,0,0.4598621982135701
2026-02-03 16:05:00+00:00,0,0.47138135396218606
2026-02-03 16:10:00+00:00,0,0.4752018786585217
2026-02-03 16:15:00+00:00,0,0.5114837164714833
2026-02-03 16:20:00+00:00,0,0.5158329056318155
2026-02-03 16:25:00+00:00,0,0.5026571026943446
2026-02-03 16:30:00+00:00,0,0.5092506103819464
2026-02-03 16:35:00+00:00,0,0.499850672979646
2026-02-03 16:40:00+00:00,0,0.49484686265689465
2026-02-03 16:45:00+00:00,0,0.5073024739809026
2026-02-03 16:50:00+00:00,0,0.5065178786490188
2026-02-03 16:55:00+00:00,0,0.48835125562047255
2026-02-03 17:00:00+00:00,0,0.48425980022470577
2026-02-03 17:05:00+00:00,0,0.5004648601999402
2026-02-03 17:10:00+00:00,0,0.507774413021372
2026-02-03 17:15:00+00:00,0,0.5174049232174135
2026-02-03 17:20:00+00:00,0,0.47539383057196305
2026-02-03 17:25:00+00:00,0,0.4955103764213441
2026-02-03 17:30:00+00:00,0,0.4857265975061241
2026-02-03 17:35:00+00:00,0,0.5254043665544407
2026-02-03 17:40:00+00:00,0,0.4995755102244852
2026-02-03 17:45:00+00:00,0,0.5342095102241511
2026-02-03 17:50:00+00:00,0,0.5279123010847395
2026-02-03 17:55:00+00:00,0,0.5390079258943236
2026-02-03 18:00:00+00:00,0,0.5431477324240511
2026-02-03 18:05:00+00:00,0,0.5068512103434192
2026-02-03 18:10:00+00:00,0,0.5474243328193755
2026-02-03 18:15:00+00:00,0,0.5063300058167919
2026-02-03 18:20:00+00:00,0,0.5180960435798461
2026-02-03 18:25:00+00:00,0,0.5578862153412489
2026-02-03 18:30:00+00:00,0,0.5401396480650982
2026-02-03 18:35:00+00:00,1,0.5166656844651044
2026-02-03 18:40:00+00:00,1,0.5409832797501879
2026-02-03 18:45:00+00:00,1,0.5516385708435564
2026-02-03 18:50:00+00:00,1,0.5674869524531594
2026-02-03 18:55:00+00:00,1,0.535713687696455
2026-02-03 19:00:00+00:00,1,0.537720082025404
2026-02-03 19:05:00+00:00,1,0.4621086889818827
2026-02-03 19:10:00+00:00,1,0.42072075364860556
2026-02-03 19:15:00+00:00,1,0.4173710034253565
2026-02-03 19:20:00+00:00,1,0.416380522201338
2026-02-03 19:25:00+00:00,1,0.4119746045426257
2026-02-03 19:30:00+00:00,0,0.42590480913172646
2026-02-03 19:35:00+00:00,0,0.4552556400768837
2026-02-03 19:40:00+00:00,0,0.46241048380738986
2026-02-03 19:45:00+00:00,1,0.428856427555881
2026-02-03 19:50:00+00:00,1,0.45064684012998374
2026-02-03 19:55:00+00:00,1,0.45920519943928534
2026-02-03 20:00:00+00:00,1,0.500703880930065
2026-02-03 20:05:00+00:00,1,0.496511350754615
2026-02-03 20:10:00+00:00,1,0.462021585679119
2026-02-03 20:15:00+00:00,1,0.5023653543345029
2026-02-03 20:20:00+00:00,1,0.512461354075049
2026-02-03 20:25:00+00:00,1,0.5200179350821543
2026-02-03 20:30:00+00:00,1,0.5390061796944806
2026-02-03 20:35:00+00:00,1,0.5490956222164534
2026-02-03 20:40:00+00:00,1,0.5202460165334424
2026-02-03 20:45:00+00:00,0,0.5238759944847939
2026-02-03 20:50:00+00:00,0,0.5491933891370521
2026-02-03 20:55:00+00:00,0,0.5569413892750134
2026-02-03 21:00:00+00:00,0,0.5614287491264993
2026-02-03 21:05:00+00:00,0,0.5776161595849496
2026-02-03 21:10:00+00:00,0,0.5471305147797104
2026-02-03 21:15:00+00:00,0,0.48412739882982514
2026-02-03 21:20:00+00:00,0,0.5117901699712587
2026-02-03 21:25:00+00:00,0,0.49852411176656447
2026-02-03 21:30:00+00:00,0,0.47574708278117234
2026-02-03 21:35:00+00:00,0,0.4394238503119864
2026-02-03 21:40:00+00:00,0,0.4711962655172182
2026-02-03 21:45:00+00:00,0,0.4984042816645078
2026-02-03 21:50:00+00:00,0,0.49956237537019393
2026-02-03 21:55:00+00:00,0,0.4802179824919405
2026-02-03 22:00:00+00:00,0,0.521222839058657
2026-02-03 22:05:00+00:00,1,0.5289418753672198
2026-02-03 22:10:00+00:00,1,0.5074223071129671
2026-02-03 22:15:00+00:00,0,0.49378737057525496
2026-02-03 22:20:00+00:00,1,0.49176368826821515
2026-02-03 22:25:00+00:00,0,0.47133140515422545
2026-02-03 22:30:00+00:00,0,0.4806118693185485
2026-02-03 22:35:00+00:00,0,0.47212061830988267
2026-02-03 22:40:00+00:00,0,0.5139657354532358
2026-02-03 22:45:00+00:00,0,0.5158661137541105
2026-02-03 22:50:00+00:00,0,0.5173813313545793
2026-02-03 22:55:00+00:00,0,0.534888373861752
2026-02-03 23:00:00+00:00,1,0.5191429244779027
2026-02-03 23:05:00+00:00,1,0.5293014280057922
2026-02-03 23:10:00+00:00,0,0.5402381465107922
2026-02-03 23:15:00+00:00,0,0.5547398693814061
2026-02-03 23:20:00+00:00,0,0.521877499278292
2026-02-03 23:25:00+00:00,1,0.5276431585108856
2026-02-03 23:30:00+00:00,0,0.5185242897243897
2026-02-03 23:35:00+00:00,0,0.5273856773636098
2026-02-03 23:40:00+00:00,0,0.551573899630888
2026-02-03 23:45:00+00:00,1,0.5670255555972706
2026-02-03 23:50:00+00:00,1,0.5691137986535377
2026-02-03 23:55:00+00:00,1,0.554137427009793
2026-02-04 00:00:00+00:00,1,0.5650835495977026
2026-02-04 00:05:00+00:00,1,0.5607813751565217
2026-02-04 00:10:00+00:00,1,0.5197356059189966
2026-02-04 00:15:00+00:00,1,0.4875518460677476
2026-02-04 00:20:00+00:00,1,0.47674202146212463
2026-02-04 00:25:00+00:00,1,0.4714187950972514
2026-02-04 00:30:00+00:00,1,0.4564205034513725
2026-02-04 00:35:00+00:00,1,0.46494318281608493
2026-02-04 00:40:00+00:00,1,0.4635425827868913
2026-02-04 00:45:00+00:00,1,0.47047916821559216
2026-02-04 00:50:00+00:00,1,0.46494853858819385
2026-02-04 00:55:00+00:00,1,0.47776146989296375
2026-02-04 01:00:00+00:00,1,0.46143883119532175
2026-02-04 01:05:00+00:00,1,0.4774973085371276
2026-02-04 01:10:00+00:00,0,0.45168351707859883
2026-02-04 01:15:00+00:00,0,0.4457705962196484
2026-02-04 01:20:00+00:00,1,0.44089944764545835
2026-02-04 01:25:00+00:00,1,0.4439346246978299
2026-02-04 01:30:00+00:00,0,0.4664851970906548
2026-02-04 01:35:00+00:00,0,0.4615075530697975
2026-02-04 01:40:00+00:00,0,0.5037766426926964
2026-02-04 01:45:00+00:00,1,0.5122918481420732
2026-02-04 01:50:00+00:00,0,0.5015902144286928
2026-02-04 01:55:00+00:00,0,0.5046783379930161
2026-02-04 02:00:00+00:00,0,0.5118611031555234
2026-02-04 02:05:00+00:00,0,0.49165841519848935
2026-02-04 02:10:00+00:00,0,0.48695204830106625
2026-02-04 02:15:00+00:00,0,0.4682405724550199
2026-02-04 02:20:00+00:00,0,0.4778310921179548
2026-02-04 02:25:00+00:00,1,0.5044040065067459
2026-02-04 02:30:00+00:00,1,0.4955202476905686
2026-02-04 02:35:00+00:00,1,0.4916156482246943
2026-02-04 02:40:00+00:00,1,0.5053846208523736
2026-02-04 02:45:00+00:00,1,0.5052697665778433
2026-02-04 02:50:00+00:00,1,0.4987489644620081
2026-02-04 02:55:00+00:00,1,0.5047856382684176
2026-02-04 03:00:00+00:00,1,0.4836760251367956
2026-02-04 03:05:00+00:00,1,0.46926631265285834
2026-02-04 03:10:00+00:00,1,0.4569442102707887
2026-02-04 03:15:00+00:00,1,0.47773116090711193
2026-02-04 03:20:00+00:00,1,0.47666833648497753
2026-02-04 03:25:00+00:00,1,0.4723271806557283
2026-02-04 03:30:00+00:00,1,0.4759867294525598
2026-02-04 03:35:00+00:00,1,0.4748812518767143
2026-02-04 03:40:00+00:00,1,0.46446599669317146
2026-02-04 03:45:00+00:00,1,0.46490046180426803
2026-02-04 03:50:00+00:00,0,0.47145568062791776
2026-02-04 03:55:00+00:00,1,0.4592300478253559
2026-02-04 04:00:00+00:00,1,0.49658522038649533
2026-02-04 04:05:00+00:00,0,0.4816885665715048
2026-02-04 04:10:00+00:00,0,0.49121872144404194
2026-02-04 04:15:00+00:00,0,0.4787864344000069
2026-02-04 04:20:00+00:00,0,0.47104469012033356
2026-02-04 04:25:00+00:00,0,0.48039145007817236
2026-02-04 04:30:00+00:00,0,0.4801162848099729
2026-02-04 04:35:00+00:00,0,0.4857324769089485
2026-02-04 04:40:00+00:00,0,0.486491175336891
2026-02-04 04:45:00+00:00,0,0.5166172145157369
2026-02-04 04:50:00+00:00,0,0.5149798109583359
2026-02-04 04:55:00+00:00,0,0.5004238381834785
2026-02-04 05:00:00+00:00,0,0.5270236055080976
2026-02-04 05:05:00+00:00,0,0.545537399954532
2026-02-04 05:10:00+00:00,0,0.5115871507302675
2026-02-04 05:15:00+00:00,1,0.51896941183344
2026-02-04 05:20:00+00:00,0,0.5130816341055728
2026-02-04 05:25:00+00:00,0,0.5150531438242995
2026-02-04 05:30:00+00:00,0,0.517136662197033
2026-02-04 05:35:00+00:00,1,0.5052018129607214
2026-02-04 05:40:00+00:00,1,0.5157322774824935
2026-02-04 05:45:00+00:00,1,0.5091080155087725
2026-02-04 05:50:00+00:00,1,0.5347064865034439
2026-02-04 05:55:00+00:00,1,0.5186333730082879
2026-02-04 06:00:00+00:00,1,0.524944114916288
2026-02-04 06:05:00+00:00,1,0.47473306007530813
2026-02-04 06:10:00+00:00,1,0.46584957400333044
2026-02-04 06:15:00+00:00,1,0.48660191877464887
2026-02-04 06:20:00+00:00,1,0.5024900907708216
2026-02-04 06:25:00+00:00,1,0.48610560408031706
2026-02-04 06:30:00+00:00,1,0.508438288022299
2026-02-04 06:35:00+00:00,0,0.4598348233493944
2026-02-04 06:40:00+00:00,1,0.4785494211743787
2026-02-04 06:45:00+00:00,1,0.46548686245964255
2026-02-04 06:50:00+00:00,1,0.486346129636353
2026-02-04 06:55:00+00:00,1,0.500164264362698
2026-02-04 07:00:00+00:00,1,0.49099597332228007
2026-02-04 07:05:00+00:00,1,0.5214126839307315
2026-02-04 07:10:00+00:00,1,0.44433820974873256
2026-02-04 07:15:00+00:00,1,0.45939011285147374
2026-02-04 07:20:00+00:00,1,0.4642561852009523
2026-02-04 07:25:00+00:00,0,0.4613020016886622
2026-02-04 07:30:00+00:00,0,0.466442138651219
2026-02-04 07:35:00+00:00,0,0.473213434200993
2026-02-04 07:40:00+00:00,0,0.4845401000611987
2026-02-04 07:45:00+00:00,0,0.4601051468724628
2026-02-04 07:50:00+00:00,0,0.48913330349248896
2026-02-04 07:55:00+00:00,0,0.5034383051053206
2026-02-04 08:00:00+00:00,1,0.4896045231916917
2026-02-04 08:05:00+00:00,1,0.4787193754829686
2026-02-04 08:10:00+00:00,1,0.46892315230281906
2026-02-04 08:15:00+00:00,0,0.454947094623874
2026-02-04 08:20:00+00:00,1,0.4637007121641501
2026-02-04 08:25:00+00:00,1,0.4794052271598137
2026-02-04 08:30:00+00:00,1,0.46459163435528533
2026-02-04 08:35:00+00:00,0,0.4647032358889108
2026-02-04 08:40:00+00:00,0,0.46221792142800594
2026-02-04 08:45:00+00:00,0,0.46855171661513717
2026-02-04 08:50:00+00:00,0,0.486767325769267
2026-02-04 08:55:00+00:00,0,0.4798713261683211
2026-02-04 09:00:00+00:00,0,0.4949848341795958
2026-02-04 09:05:00+00:00,0,0.4961213417771301
2026-02-04 09:10:00+00:00,0,0.49798489178456107
2026-02-04 09:15:00+00:00,0,0.4932197670505777
2026-02-04 09:20:00+00:00,0,0.48137249284514055
2026-02-04 09:25:00+00:00,0,0.476549671859491
2026-02-04 09:30:00+00:00,0,0.48216434084791215
2026-02-04 09:35:00+00:00,0,0.49178641017365166
2026-02-04 09:40:00+00:00,0,0.5103215415532788
2026-02-04 09:45:00+00:00,0,0.5100112018883958
2026-02-04 09:50:00+00:00,0,0.5078725797589496
2026-02-04 09:55:00+00:00,0,0.5223316172672324
2026-02-04 10:00:00+00:00,1,0.5169319850050752
2026-02-04 10:05:00+00:00,0,0.5129885542137275
2026-02-04 10:10:00+00:00,0,0.5039746019207503
2026-02-04 10:15:00+00:00,0,0.49598581850289986
2026-02-04 10:20:00+00:00,0,0.5096275943645479
2026-02-04 10:25:00+00:00,0,0.5251216448168087
2026-02-04 10:30:00+00:00,0,0.4951216353158406
2026-02-04 10:35:00+00:00,0,0.5234057825288295
2026-02-04 10:40:00+00:00,0,0.5119251795192445
2026-02-04 10:45:00+00:00,0,0.5196788044401579
2026-02-04 10:50:00+00:00,0,0.5194972312099063
2026-02-04 10:55:00+00:00,0,0.5199880600239131
2026-02-04 11:00:00+00:00,1,0.5321761401860853
2026-02-04 11:05:00+00:00,1,0.537228225556732
2026-02-04 11:10:00+00:00,1,0.5085252710011156
2026-02-04 11:15:00+00:00,1,0.49733413079076283
2026-02-04 11:20:00+00:00,1,0.49998737595524045
2026-02-04 11:25:00+00:00,1,0.5090538207036975
2026-02-04 11:30:00+00:00,1,0.4902802349297022
2026-02-04 11:35:00+00:00,1,0.4914002679279686
2026-02-04 11:40:00+00:00,0,0.5053413728048589
2026-02-04 11:45:00+00:00,0,0.5052538447587867
2026-02-04 11:50:00+00:00,0,0.4958250875504735
2026-02-04 11:55:00+00:00,0,0.498309438373473
2026-02-04 12:00:00+00:00,0,0.5215390860119025
2026-02-04 12:05:00+00:00,0,0.5236310298301012
2026-02-04 12:10:00+00:00,0,0.5010818347228391
2026-02-04 12:15:00+00:00,0,0.495842599486651
2026-02-04 12:20:00+00:00,0,0.5162768575766434
2026-02-04 12:25:00+00:00,1,0.5538569015630916
2026-02-04 12:30:00+00:00,0,0.5280152443243006
2026-02-04 12:35:00+00:00,1,0.5360748243733522
2026-02-04 12:40:00+00:00,1,0.5272995412256527
2026-02-04 12:45:00+00:00,0,0.5400360758533674
2026-02-04 12:50:00+00:00,0,0.5425711106478961
2026-02-04 12:55:00+00:00,0,0.5373420936066771
2026-02-04 13:00:00+00:00,0,0.5386489370285834
2026-02-04 13:05:00+00:00,0,0.5310517804030636
2026-02-04 13:10:00+00:00,0,0.5223357919989743
2026-02-04 13:15:00+00:00,0,0.5328201952039016
2026-02-04 13:20:00+00:00,0,0.5332864303461522
2026-02-04 13:25:00+00:00,0,0.5247725319222627
2026-02-04 13:30:00+00:00,0,0.5260074182282647
2026-02-04 13:35:00+00:00,0,0.5381246986949658
2026-02-04 13:40:00+00:00,0,0.5303256390386357
2026-02-04 13:45:00+00:00,1,0.5736591361868247
2026-02-04 13:50:00+00:00,0,0.5364708742994005
2026-02-04 13:55:00+00:00,1,0.5499319032349581
2026-02-04 14:00:00+00:00,0,0.536048497099571
2026-02-04 14:05:00+00:00,0,0.5282122837649829
2026-02-04 14:10:00+00:00,0,0.5183967683756204
2026-02-04 14:15:00+00:00,0,0.5187220140525962
2026-02-04 14:20:00+00:00,0,0.5154379077781389
2026-02-04 14:25:00+00:00,0,0.5242064448214059
2026-02-04 14:30:00+00:00,0,0.5153393642386522
2026-02-04 14:35:00+00:00,0,0.5324414340954001
2026-02-04 14:40:00+00:00,0,0.5324876427404722
2026-02-04 14:45:00+00:00,0,0.5543964510827578
2026-02-04 14:50:00+00:00,0,0.5246190536550549
2026-02-04 14:55:00+00:00,1,0.5386896028327858
2026-02-04 15:00:00+00:00,0,0.503385154605868
2026-02-04 15:05:00+00:00,0,0.5314519814474906
2026-02-04 15:10:00+00:00,0,0.5319328802553152
2026-02-04 15:15:00+00:00,0,0.5230430851883496
2026-02-04 15:20:00+00:00,0,0.5458156314266147
2026-02-04 15:25:00+00:00,0,0.5133100940042503
2026-02-04 15:30:00+00:00,1,0.5326699726094248
2026-02-04 15:35:00+00:00,1,0.5267018264952332
2026-02-04 15:40:00+00:00,0,0.5160365817603879
2026-02-04 15:45:00+00:00,0,0.5329353988527983
2026-02-04 15:50:00+00:00,0,0.5075890906592458
2026-02-04 15:55:00+00:00,0,0.49486278455326077
2026-02-04 16:00:00+00:00,0,0.4745600616889472
2026-02-04 16:05:00+00:00,0,0.45701667845731364
2026-02-04 16:10:00+00:00,0,0.4851808614476609
2026-02-04 16:15:00+00:00,0,0.5073373254908178
2026-02-04 16:20:00+00:00,0,0.5262318536588655
2026-02-04 16:25:00+00:00,0,0.5464310623780212
2026-02-04 16:30:00+00:00,1,0.5066476152281297
2026-02-04 16:35:00+00:00,1,0.5314899244259946
2026-02-04 16:40:00+00:00,1,0.5108323454903025
2026-02-04 16:45:00+00:00,1,0.5090752589005578
2026-02-04 16:50:00+00:00,0,0.5156521250783259
2026-02-04 16:55:00+00:00,0,0.5144131871855754
2026-02-04 17:00:00+00:00,0,0.5194567726161249
2026-02-04 17:05:00+00:00,0,0.5061675325726355
2026-02-04 17:10:00+00:00,0,0.4934106207078839
2026-02-04 17:15:00+00:00,0,0.49808929979502303
2026-02-04 17:20:00+00:00,0,0.5482416860551277
2026-02-04 17:25:00+00:00,1,0.5586021584200457
2026-02-04 17:30:00+00:00,1,0.5298644444903515
2026-02-04 17:35:00+00:00,1,0.5425603965234906
2026-02-04 17:40:00+00:00,0,0.5133620944713325
2026-02-04 17:45:00+00:00,0,0.5401881357373252
2026-02-04 17:50:00+00:00,0,0.5173991297092847
2026-02-04 17:55:00+00:00,1,0.47672350272917763
2026-02-04 18:00:00+00:00,1,0.5177824659547695
2026-02-04 18:05:00+00:00,1,0.5607327436781164
2026-02-04 18:10:00+00:00,1,0.5682767778382202
2026-02-04 18:15:00+00:00,1,0.5543427416306105
2026-02-04 18:20:00+00:00,1,0.577760692783859
2026-02-04 18:25:00+00:00,1,0.4330612091854314
2026-02-04 18:30:00+00:00,1,0.41378914670680206
2026-02-04 18:35:00+00:00,1,0.440409581337913
2026-02-04 18:40:00+00:00,0,0.4763409821495657
2026-02-04 18:45:00+00:00,1,0.4406505821098393
2026-02-04 18:50:00+00:00,1,0.4573499918280608
2026-02-04 18:55:00+00:00,1,0.444913145640956
2026-02-04 19:00:00+00:00,0,0.4496101636362607
2026-02-04 19:05:00+00:00,0,0.4498541532275897
2026-02-04 19:10:00+00:00,1,0.44411458340387844
2026-02-04 19:15:00+00:00,1,0.47178213250462436
2026-02-04 19:20:00+00:00,1,0.4930544829651819
2026-02-04 19:25:00+00:00,1,0.4972433885597778
2026-02-04 19:30:00+00:00,1,0.5057364856995186
2026-02-04 19:35:00+00:00,1,0.4799992753478093
2026-02-04 19:40:00+00:00,1,0.4803484725542424
2026-02-04 19:45:00+00:00,1,0.4726902862479871
2026-02-04 19:50:00+00:00,0,0.4876052170672422
2026-02-04 19:55:00+00:00,0,0.4828582441965604
2026-02-04 20:00:00+00:00,0,0.43927702767229576
2026-02-04 20:05:00+00:00,1,0.44607360150886277
2026-02-04 20:10:00+00:00,0,0.45387716455042915
2026-02-04 20:15:00+00:00,0,0.43463459743519545
2026-02-04 20:20:00+00:00,0,0.44699111529843355
2026-02-04 20:25:00+00:00,0,0.46159978516950123
2026-02-04 20:30:00+00:00,0,0.46193190621943453
2026-02-04 20:35:00+00:00,0,0.46537963526868603
2026-02-04 20:40:00+00:00,1,0.4507611155946407
2026-02-04 20:45:00+00:00,0,0.4517689681211651
2026-02-04 20:50:00+00:00,0,0.4561749646562255
2026-02-04 20:55:00+00:00,0,0.4895036992699747
2026-02-04 21:00:00+00:00,0,0.5103501137031263
2026-02-04 21:05:00+00:00,1,0.4628438836775874
2026-02-04 21:10:00+00:00,0,0.4738952176243178
2026-02-04 21:15:00+00:00,0,0.48984646780056434
2026-02-04 21:20:00+00:00,0,0.4963239306089433
2026-02-04 21:25:00+00:00,0,0.49900984775976087
2026-02-04 21:30:00+00:00,0,0.5158886517371774
2026-02-04 21:35:00+00:00,0,0.5325462080648656
2026-02-04 21:40:00+00:00,0,0.5010483423658494
2026-02-04 21:45:00+00:00,1,0.5205853945460222
2026-02-04 21:50:00+00:00,1,0.5088145971790193
2026-02-04 21:55:00+00:00,1,0.5064937603181375
2026-02-04 22:00:00+00:00,1,0.5317569037903859
2026-02-04 22:05:00+00:00,1,0.5307601392959419
2026-02-04 22:10:00+00:00,1,0.5280832139130038
2026-02-04 22:15:00+00:00,1,0.5140714562612535
2026-02-04 22:20:00+00:00,0,0.506512831925641
2026-02-04 22:25:00+00:00,0,0.48129629983980665
2026-02-04 22:30:00+00:00,0,0.4889955648878276
2026-02-04 22:35:00+00:00,0,0.48023715279329243
2026-02-04 22:40:00+00:00,0,0.5204626749605424
2026-02-04 22:45:00+00:00,0,0.4976786126029107
2026-02-04 22:50:00+00:00,1,0.5062210398668862
2026-02-04 22:55:00+00:00,1,0.5368327078235713
2026-02-04 23:00:00+00:00,1,0.5258630731550914
2026-02-04 23:05:00+00:00,1,0.5220755054466283
2026-02-04 23:10:00+00:00,1,0.5242277284717367
2026-02-04 23:15:00+00:00,1,0.5194309602897539
2026-02-04 23:20:00+00:00,1,0.5280628926439481
2026-02-04 23:25:00+00:00,0,0.48659252754616567
2026-02-04 23:30:00+00:00,0,0.48209324974522355
2026-02-04 23:35:00+00:00,0,0.48510351498143683
2026-02-04 23:40:00+00:00,0,0.5201301114442143
2026-02-04 23:45:00+00:00,0,0.48283285494851536
2026-02-04 23:50:00+00:00,0,0.48762368099063136
2026-02-04 23:55:00+00:00,1,0.47415498098295444
2026-02-05 00:00:00+00:00,1,0.48329344042116285
2026-02-05 00:05:00+00:00,1,0.5008137561847812
2026-02-05 00:10:00+00:00,1,0.4893361583974337
2026-02-05 00:15:00+00:00,1,0.504048330891253
2026-02-05 00:20:00+00:00,1,0.4895176088508248
2026-02-05 00:25:00+00:00,0,0.4913766405496147
2026-02-05 00:30:00+00:00,1,0.5073154387508994
2026-02-05 00:35:00+00:00,1,0.47562678371597344
2026-02-05 00:40:00+00:00,1,0.49027761452520857
2026-02-05 00:45:00+00:00,0,0.4890073415222735
2026-02-05 00:50:00+00:00,0,0.49478707895745044
2026-02-05 00:55:00+00:00,1,0.5195826305811131
2026-02-05 01:00:00+00:00,1,0.48927592175853774
2026-02-05 01:05:00+00:00,1,0.48617182704077216
2026-02-05 01:10:00+00:00,0,0.4835308334363045
2026-02-05 01:15:00+00:00,1,0.5152779027780777
2026-02-05 01:20:00+00:00,1,0.5090093830349345
2026-02-05 01:25:00+00:00,0,0.4530306592388649
2026-02-05 01:30:00+00:00,0,0.46832485559622367
2026-02-05 01:35:00+00:00,0,0.4761351665364989
2026-02-05 01:40:00+00:00,0,0.4922252143480866
2026-02-05 01:45:00+00:00,0,0.49371808173969284
2026-02-05 01:50:00+00:00,0,0.5033336214147636
2026-02-05 01:55:00+00:00,0,0.4929352886514311
2026-02-05 02:00:00+00:00,1,0.5110403122316574
2026-02-05 02:05:00+00:00,1,0.5025062928207301
2026-02-05 02:10:00+00:00,1,0.5477764508131033
2026-02-05 02:15:00+00:00,0,0.4878363460050231
2026-02-05 02:20:00+00:00,0,0.48946807520721836
2026-02-05 02:25:00+00:00,0,0.4760318026839509
2026-02-05 02:30:00+00:00,0,0.49253711583848014
2026-02-05 02:35:00+00:00,0,0.4750331478487386
2026-02-05 02:40:00+00:00,0,0.47857547559598773
2026-02-05 02:45:00+00:00,0,0.4975878139639023
2026-02-05 02:50:00+00:00,0,0.4912273359288606
2026-02-05 02:55:00+00:00,1,0.5209670955300749
2026-02-05 03:00:00+00:00,0,0.515504967962837
2026-02-05 03:05:00+00:00,0,0.5089486364557794
2026-02-05 03:10:00+00:00,0,0.5102308349847566
2026-02-05 03:15:00+00:00,0,0.5218268693809434
2026-02-05 03:20:00+00:00,0,0.5195963021708642
2026-02-05 03:25:00+00:00,0,0.5242068621487284
2026-02-05 03:30:00+00:00,0,0.5330901921497537
2026-02-05 03:35:00+00:00,0,0.5336763217977571
2026-02-05 03:40:00+00:00,0,0.5349750127035365
2026-02-05 03:45:00+00:00,0,0.5093276639562617
2026-02-05 03:50:00+00:00,1,0.5032018322092665
2026-02-05 03:55:00+00:00,0,0.5172585242929215
2026-02-05 04:00:00+00:00,0,0.5015065815636448
2026-02-05 04:05:00+00:00,0,0.5316659406334757
2026-02-05 04:10:00+00:00,1,0.5145855243773559
2026-02-05 04:15:00+00:00,1,0.5067508629349087
2026-02-05 04:20:00+00:00,0,0.5044342617387045
2026-02-05 04:25:00+00:00,0,0.5319885655997552
2026-02-05 04:30:00+00:00,1,0.5342734609609924
2026-02-05 04:35:00+00:00,0,0.5256303597810641
2026-02-05 04:40:00+00:00,0,0.4771649504175361
2026-02-05 04:45:00+00:00,0,0.5083126636275146
2026-02-05 04:50:00+00:00,0,0.5176369660664136
2026-02-05 04:55:00+00:00,0,0.5185561766473672
2026-02-05 05:00:00+00:00,0,0.5058101817020194
2026-02-05 05:05:00+00:00,1,0.5324215231073779
2026-02-05 05:10:00+00:00,1,0.5071235033965091
2026-02-05 05:15:00+00:00,1,0.5188933332664946
2026-02-05 05:20:00+00:00,1,0.5468619566460569
2026-02-05 05:25:00+00:00,1,0.5186324540092159
2026-02-05 05:30:00+00:00,0,0.512949928580585
2026-02-05 05:35:00+00:00,0,0.47260815400286293
2026-02-05 05:40:00+00:00,0,0.45661474940423974
2026-02-05 05:45:00+00:00,0,0.4939734059982663
2026-02-05 05:50:00+00:00,0,0.5018067559167154
2026-02-05 05:55:00+00:00,0,0.5012767371709191
2026-02-05 06:00:00+00:00,1,0.5200806917277644
2026-02-05 06:05:00+00:00,1,0.5302358938021208
2026-02-05 06:10:00+00:00,0,0.5079597053668297
2026-02-05 06:15:00+00:00,0,0.5124014894309855
2026-02-05 06:20:00+00:00,0,0.5170734602287248
2026-02-05 06:25:00+00:00,1,0.534750890740091
2026-02-05 06:30:00+00:00,1,0.523067045003921
2026-02-05 06:35:00+00:00,1,0.5443711531497933
2026-02-05 06:40:00+00:00,1,0.5396913090282894
2026-02-05 06:45:00+00:00,1,0.5305663577362351
2026-02-05 06:50:00+00:00,1,0.5299462228776983
2026-02-05 06:55:00+00:00,1,0.5046246319234946
2026-02-05 07:00:00+00:00,0,0.4870128150901208
2026-02-05 07:05:00+00:00,1,0.523115826971506
2026-02-05 07:10:00+00:00,1,0.5381266117228238
2026-02-05 07:15:00+00:00,0,0.4905782954528777
2026-02-05 07:20:00+00:00,0,0.4827741382999033
2026-02-05 07:25:00+00:00,0,0.4998937865645496
2026-02-05 07:30:00+00:00,0,0.5146496658084013
2026-02-05 07:35:00+00:00,0,0.5196669985786908
2026-02-05 07:40:00+00:00,0,0.5238097460853629
2026-02-05 07:45:00+00:00,0,0.5153578081586058
2026-02-05 07:50:00+00:00,0,0.5288984335199678
2026-02-05 07:55:00+00:00,1,0.524166325597055
2026-02-05 08:00:00+00:00,1,0.5165124180748774
2026-02-05 08:05:00+00:00,1,0.5311092838206257
2026-02-05 08:10:00+00:00,1,0.5208619220871906
2026-02-05 08:15:00+00:00,1,0.47327344240950014
2026-02-05 08:20:00+00:00,1,0.5008190268486623
2026-02-05 08:25:00+00:00,0,0.47123130080005887
2026-02-05 08:30:00+00:00,0,0.45638792976905507
2026-02-05 08:35:00+00:00,1,0.4478301137173599
2026-02-05 08:40:00+00:00,1,0.46851353750009755
2026-02-05 08:45:00+00:00,1,0.4712940342595506
2026-02-05 08:50:00+00:00,1,0.4582826850086523
2026-02-05 08:55:00+00:00,1,0.468413529133297
2026-02-05 09:00:00+00:00,1,0.47003210694419006
2026-02-05 09:05:00+00:00,0,0.4441358709973479
2026-02-05 09:10:00+00:00,0,0.43773780034933485
2026-02-05 09:15:00+00:00,0,0.4405234250038935
2026-02-05 09:20:00+00:00,0,0.45061882438027107
2026-02-05 09:25:00+00:00,0,0.4459290667763951
2026-02-05 09:30:00+00:00,0,0.4841800387398508
2026-02-05 09:35:00+00:00,0,0.49224146865399093
2026-02-05 09:40:00+00:00,0,0.4806361782709071
2026-02-05 09:45:00+00:00,1,0.4686753533635736
2026-02-05 09:50:00+00:00,0,0.46943399329313745
2026-02-05 09:55:00+00:00,0,0.4502613577087196
2026-02-05 10:00:00+00:00,0,0.4678618970819851
2026-02-05 10:05:00+00:00,1,0.5043575500233541
2026-02-05 10:10:00+00:00,0,0.48702726485094056
2026-02-05 10:15:00+00:00,0,0.4740594314883653
2026-02-05 10:20:00+00:00,0,0.46922901573069564
2026-02-05 10:25:00+00:00,0,0.4734624677434733
2026-02-05 10:30:00+00:00,0,0.4744733214062985
2026-02-05 10:35:00+00:00,0,0.48879238155194854
2026-02-05 10:40:00+00:00,0,0.5014535127159669
2026-02-05 10:45:00+00:00,0,0.5403037826894248
2026-02-05 10:50:00+00:00,0,0.5500809325207973
2026-02-05 10:55:00+00:00,0,0.5503264329964044
2026-02-05 11:00:00+00:00,0,0.531011916438713
2026-02-05 11:05:00+00:00,0,0.5100520122928306
2026-02-05 11:10:00+00:00,1,0.5091947434777339
2026-02-05 11:15:00+00:00,1,0.5056320059233286
2026-02-05 11:20:00+00:00,1,0.5008504835054607
2026-02-05 11:25:00+00:00,1,0.5170987243689668
2026-02-05 11:30:00+00:00,1,0.5336794032317302
2026-02-05 11:35:00+00:00,0,0.4619440361616281
2026-02-05 11:40:00+00:00,0,0.4565603918632576
2026-02-05 11:45:00+00:00,0,0.46356811655884106
2026-02-05 11:50:00+00:00,0,0.4599160481596035
2026-02-05 11:55:00+00:00,0,0.47313620049355776
2026-02-05 12:00:00+00:00,0,0.47498239480141513
2026-02-05 12:05:00+00:00,0,0.4990415274814233
2026-02-05 12:10:00+00:00,0,0.4822672954125836
2026-02-05 12:15:00+00:00,0,0.5310588364223868
2026-02-05 12:20:00+00:00,1,0.521609230879845
2026-02-05 12:25:00+00:00,0,0.5085835660358565
2026-02-05 12:30:00+00:00,0,0.49892992342745507
2026-02-05 12:35:00+00:00,1,0.46188980527271484
2026-02-05 12:40:00+00:00,1,0.4944092517258764
2026-02-05 12:45:00+00:00,1,0.49342648576676573
2026-02-05 12:50:00+00:00,1,0.519173945190759
2026-02-05 12:55:00+00:00,0,0.4930714351098072
2026-02-05 13:00:00+00:00,0,0.5081875400176772
2026-02-05 13:05:00+00:00,0,0.4818781008856538
2026-02-05 13:10:00+00:00,0,0.49998575849852156
2026-02-05 13:15:00+00:00,0,0.512447809312511
2026-02-05 13:20:00+00:00,0,0.533610694972546
2026-02-05 13:25:00+00:00,1,0.5215377777463673
2026-02-05 13:30:00+00:00,1,0.5234824149877879
2026-02-05 13:35:00+00:00,1,0.5341298755516998
2026-02-05 13:40:00+00:00,1,0.5334841018731278
2026-02-05 13:45:00+00:00,1,0.5329541132140563
2026-02-05 13:50:00+00:00,1,0.5150821201581967
2026-02-05 13:55:00+00:00,1,0.5245569321625968
2026-02-05 14:00:00+00:00,1,0.4846815631053578
2026-02-05 14:05:00+00:00,1,0.49049340939918384
2026-02-05 14:10:00+00:00,1,0.49417854321372506
2026-02-05 14:15:00+00:00,1,0.5049722136533492
2026-02-05 14:20:00+00:00,1,0.4743397023869523
2026-02-05 14:25:00+00:00,0,0.47836971565763153
2026-02-05 14:30:00+00:00,0,0.4841954588594107
2026-02-05 14:35:00+00:00,0,0.5087605127515065
2026-02-05 14:40:00+00:00,0,0.5026905105863655
2026-02-05 14:45:00+00:00,0,0.4915052464361178
2026-02-05 14:50:00+00:00,0,0.48270909930375766
2026-02-05 14:55:00+00:00,0,0.5260904355371004
2026-02-05 15:00:00+00:00,0,0.5365743384932693
2026-02-05 15:05:00+00:00,0,0.5444294757738382
2026-02-05 15:10:00+00:00,0,0.5461988199841298
2026-02-05 15:15:00+00:00,0,0.5432382983585703
2026-02-05 15:20:00+00:00,1,0.5592236589938491
2026-02-05 15:25:00+00:00,1,0.5611073956743512
2026-02-05 15:30:00+00:00,1,0.5851560083514047
2026-02-05 15:35:00+00:00,0,0.5535711040737022
2026-02-05 15:40:00+00:00,0,0.543064637330526
2026-02-05 15:45:00+00:00,0,0.5756692968127537
2026-02-05 15:50:00+00:00,1,0.5215956751721068
2026-02-05 15:55:00+00:00,1,0.5275524676534271
2026-02-05 16:00:00+00:00,1,0.5437367195045445
2026-02-05 16:05:00+00:00,1,0.5456873459540994
2026-02-05 16:10:00+00:00,1,0.5256626238058468
2026-02-05 16:15:00+00:00,1,0.4618328166780549
2026-02-05 16:20:00+00:00,1,0.41290578808409634
2026-02-05 16:25:00+00:00,0,0.4213116203983742
2026-02-05 16:30:00+00:00,0,0.44220627668480034
2026-02-05 16:35:00+00:00,0,0.49175326129477365
2026-02-05 16:40:00+00:00,0,0.4962420025881301
2026-02-05 16:45:00+00:00,0,0.49058062320619683
2026-02-05 16:50:00+00:00,0,0.47821240833586676
2026-02-05 16:55:00+00:00,0,0.4893719911216373
2026-02-05 17:00:00+00:00,0,0.5136196123278159
2026-02-05 17:05:00+00:00,1,0.5713902267844824
2026-02-05 17:10:00+00:00,1,0.618233044713483
2026-02-05 17:15:00+00:00,1,0.6212387439170273
2026-02-05 17:20:00+00:00,0,0.46017999151979533
2026-02-05 17:25:00+00:00,0,0.4746860513099308
2026-02-05 17:30:00+00:00,0,0.5228711891924137
2026-02-05 17:35:00+00:00,0,0.5153481961511579
2026-02-05 17:40:00+00:00,0,0.5286500311533038
2026-02-05 17:45:00+00:00,0,0.5061148895105468
2026-02-05 17:50:00+00:00,0,0.5321084044221821
2026-02-05 17:55:00+00:00,0,0.5357392961523881
2026-02-05 18:00:00+00:00,0,0.524861829251818
2026-02-05 18:05:00+00:00,0,0.5435312617598301
2026-02-05 18:10:00+00:00,0,0.5341723994066793
2026-02-05 18:15:00+00:00,0,0.5620722622230981
2026-02-05 18:20:00+00:00,0,0.5508798439035542
2026-02-05 18:25:00+00:00,1,0.5654091530296439
2026-02-05 18:30:00+00:00,1,0.5908910030757512
2026-02-05 18:35:00+00:00,1,0.5849309971458247
2026-02-05 18:40:00+00:00,1,0.5556691750923678
2026-02-05 18:45:00+00:00,1,0.5621921924789607
2026-02-05 18:50:00+00:00,0,0.5605560120180606
2026-02-05 18:55:00+00:00,0,0.5387388335467365
2026-02-05 19:00:00+00:00,0,0.5401964755402929
2026-02-05 19:05:00+00:00,0,0.5478492339667576
2026-02-05 19:10:00+00:00,0,0.5378639341979506
2026-02-05 19:15:00+00:00,0,0.5331776787828406
2026-02-05 19:20:00+00:00,0,0.5266187921087198
2026-02-05 19:25:00+00:00,0,0.5276166909810927
2026-02-05 19:30:00+00:00,0,0.48432269340371437
2026-02-05 19:35:00+00:00,0,0.4902083273219389
2026-02-05 19:40:00+00:00,0,0.5354393907604699
2026-02-05 19:45:00+00:00,0,0.5425469968913069
2026-02-05 19:50:00+00:00,0,0.5422073898476363
2026-02-05 19:55:00+00:00,0,0.5379198318777285
2026-02-05 20:00:00+00:00,0,0.5371507952826001
2026-02-05 20:05:00+00:00,0,0.5445964687238388
2026-02-05 20:10:00+00:00,0,0.5305079853097314
2026-02-05 20:15:00+00:00,0,0.573903428128791
2026-02-05 20:20:00+00:00,0,0.5752550397010487
2026-02-05 20:25:00+00:00,0,0.5691420828239189
2026-02-05 20:30:00+00:00,1,0.5360043311901408
2026-02-05 20:35:00+00:00,0,0.5560542266800013
2026-02-05 20:40:00+00:00,0,0.5513538002856787
2026-02-05 20:45:00+00:00,0,0.5626064010632205
2026-02-05 20:50:00+00:00,1,0.5779134301166172
2026-02-05 20:55:00+00:00,1,0.5692870799781634
2026-02-05 21:00:00+00:00,0,0.45780705345179207
2026-02-05 21:05:00+00:00,0,0.4652935866168462
2026-02-05 21:10:00+00:00,1,0.5080784742156776
2026-02-05 21:15:00+00:00,1,0.5913305514756784
2026-02-05 21:20:00+00:00,0,0.4538792106427289
2026-02-05 21:25:00+00:00,0,0.4588625368374257
2026-02-05 21:30:00+00:00,0,0.47235581656210385
2026-02-05 21:35:00+00:00,1,0.4302381078243493
2026-02-05 21:40:00+00:00,1,0.45475303353374097
2026-02-05 21:45:00+00:00,0,0.430815618540507
2026-02-05 21:50:00+00:00,0,0.45695778753684213
2026-02-05 21:55:00+00:00,1,0.44705723806260905
2026-02-05 22:00:00+00:00,1,0.44974835288203463
2026-02-05 22:05:00+00:00,0,0.4765316824829512
2026-02-05 22:10:00+00:00,1,0.4738706187088364
2026-02-05 22:15:00+00:00,1,0.5682153922140717
2026-02-05 22:20:00+00:00,1,0.5833685147882093
2026-02-05 22:25:00+00:00,0,0.44198729923935526
2026-02-05 22:30:00+00:00,1,0.5506691761103826
2026-02-05 22:35:00+00:00,1,0.5472153940158289
2026-02-05 22:40:00+00:00,1,0.536708504393887
2026-02-05 22:45:00+00:00,1,0.5252722982427682
2026-02-05 22:50:00+00:00,0,0.5144085060303459
2026-02-05 22:55:00+00:00,1,0.5274461774337836
2026-02-05 23:00:00+00:00,0,0.5659756033926269
2026-02-05 23:05:00+00:00,0,0.5948422467088571
2026-02-05 23:10:00+00:00,0,0.5981567776819798
2026-02-05 23:15:00+00:00,0,0.5406743278968816
2026-02-05 23:20:00+00:00,0,0.5193115873752645
2026-02-05 23:25:00+00:00,0,0.5092623747405556
2026-02-05 23:30:00+00:00,0,0.5616894143915168
2026-02-05 23:35:00+00:00,0,0.5676182032976945
2026-02-05 23:40:00+00:00,0,0.5970026041074304
2026-02-05 23:45:00+00:00,0,0.6077764798289172
2026-02-05 23:50:00+00:00,0,0.6275792974898277
2026-02-05 23:55:00+00:00,0,0.6217724720080156
2026-02-06 00:00:00+00:00,0,0.6364721107616317
2026-02-06 00:05:00+00:00,0,0.633448256286199
2026-02-06 00:10:00+00:00,1,0.5727910438201368
2026-02-06 00:15:00+00:00,1,0.5701480916809324
2026-02-06 00:20:00+00:00,1,0.5706151036333635
2026-02-06 00:25:00+00:00,1,0.559789832983783
2026-02-06 00:30:00+00:00,1,0.5460053798958987
2026-02-06 00:35:00+00:00,1,0.475594261165202
2026-02-06 00:40:00+00:00,1,0.48606723316241046
2026-02-06 00:45:00+00:00,1,0.5113632231003491
2026-02-06 00:50:00+00:00,1,0.5094674687827778
2026-02-06 00:55:00+00:00,1,0.46516663359077065
2026-02-06 01:00:00+00:00,1,0.46118860061410055
2026-02-06 01:05:00+00:00,0,0.5019645114762803
2026-02-06 01:10:00+00:00,1,0.4770199909854963
2026-02-06 01:15:00+00:00,1,0.4917299260887763
2026-02-06 01:20:00+00:00,1,0.4524234545794755
2026-02-06 01:25:00+00:00,1,0.484681451661321
2026-02-06 01:30:00+00:00,1,0.4645653438582078
2026-02-06 01:35:00+00:00,1,0.45649443906720544
2026-02-06 01:40:00+00:00,1,0.40749504006760284
2026-02-06 01:45:00+00:00,0,0.491352971391518
2026-02-06 01:50:00+00:00,0,0.4337991861762373
2026-02-06 01:55:00+00:00,0,0.4721843235690894
2026-02-06 02:00:00+00:00,0,0.4948410348550567
2026-02-06 02:05:00+00:00,0,0.48475285973972354
2026-02-06 02:10:00+00:00,0,0.5024019693759842
2026-02-06 02:15:00+00:00,0,0.4952568756406673
2026-02-06 02:20:00+00:00,1,0.5997751726503695
2026-02-06 02:25:00+00:00,0,0.5717231270499227
2026-02-06 02:30:00+00:00,0,0.5375701507666447
2026-02-06 02:35:00+00:00,0,0.5318953859343326
2026-02-06 02:40:00+00:00,0,0.4888026667575703
2026-02-06 02:45:00+00:00,0,0.5199410058213257
2026-02-06 02:50:00+00:00,0,0.5181846359478098
2026-02-06 02:55:00+00:00,1,0.5108836058382675
2026-02-06 03:00:00+00:00,1,0.5076338670992235
2026-02-06 03:05:00+00:00,1,0.5549014339969638
2026-02-06 03:10:00+00:00,1,0.5454230128698648
2026-02-06 03:15:00+00:00,1,0.5257580517481029
2026-02-06 03:20:00+00:00,1,0.4900525683903264
2026-02-06 03:25:00+00:00,0,0.47698449613291954
2026-02-06 03:30:00+00:00,0,0.4593810400594736
2026-02-06 03:35:00+00:00,1,0.5127979884464018
2026-02-06 03:40:00+00:00,1,0.5004409051278298
2026-02-06 03:45:00+00:00,1,0.5042427190907891
2026-02-06 03:50:00+00:00,1,0.5049282119891143
2026-02-06 03:55:00+00:00,1,0.45373161949957264
2026-02-06 04:00:00+00:00,1,0.44512280091240086
2026-02-06 04:05:00+00:00,1,0.42621506150637123
2026-02-06 04:10:00+00:00,1,0.42205201719445534
2026-02-06 04:15:00+00:00,1,0.41610488158677345
2026-02-06 04:20:00+00:00,1,0.4071312577645576
2026-02-06 04:25:00+00:00,1,0.396488405972619
2026-02-06 04:30:00+00:00,1,0.4085731797098138
2026-02-06 04:35:00+00:00,1,0.46270865941243683
2026-02-06 04:40:00+00:00,1,0.4611150625378685
2026-02-06 04:45:00+00:00,1,0.4709324051959647
2026-02-06 04:50:00+00:00,1,0.42571217867656874
2026-02-06 04:55:00+00:00,1,0.4562036062945906
2026-02-06 05:00:00+00:00,1,0.46807258097001353
2026-02-06 05:05:00+00:00,1,0.4847159436634157
2026-02-06 05:10:00+00:00,1,0.482564971079517
2026-02-06 05:15:00+00:00,1,0.4777988345016991
2026-02-06 05:20:00+00:00,1,0.47163483143305923
2026-02-06 05:25:00+00:00,1,0.44296930976339904
2026-02-06 05:30:00+00:00,1,0.44551851296526607
2026-02-06 05:35:00+00:00,1,0.4590732598496687
2026-02-06 05:40:00+00:00,1,0.452607977942574
2026-02-06 05:45:00+00:00,0,0.4522415970366151
2026-02-06 05:50:00+00:00,0,0.48386575071319166
2026-02-06 05:55:00+00:00,0,0.45794548586515077
2026-02-06 06:00:00+00:00,0,0.46037394199550324
2026-02-06 06:05:00+00:00,0,0.4658834516902743
2026-02-06 06:10:00+00:00,0,0.4298108093798025
2026-02-06 06:15:00+00:00,0,0.4337812266662871
2026-02-06 06:20:00+00:00,0,0.4325411972057865
2026-02-06 06:25:00+00:00,0,0.4636705032153055
2026-02-06 06:30:00+00:00,0,0.46562903672694966
2026-02-06 06:35:00+00:00,0,0.4633025663719482
2026-02-06 06:40:00+00:00,0,0.5214519047781595
2026-02-06 06:45:00+00:00,0,0.5499372593891527
2026-02-06 06:50:00+00:00,0,0.5508806166589697
2026-02-06 06:55:00+00:00,0,0.5439681460612306
2026-02-06 07:00:00+00:00,1,0.5471046718106699
2026-02-06 07:05:00+00:00,1,0.5394231061397471
2026-02-06 07:10:00+00:00,1,0.5294677007661446
2026-02-06 07:15:00+00:00,1,0.52694282917455
2026-02-06 07:20:00+00:00,0,0.5152373089850888
2026-02-06 07:25:00+00:00,1,0.4989611011614114
2026-02-06 07:30:00+00:00,0,0.4938355243654764
2026-02-06 07:35:00+00:00,0,0.483550611881739
2026-02-06 07:40:00+00:00,0,0.4815333475859745
2026-02-06 07:45:00+00:00,0,0.4874956883773725
2026-02-06 07:50:00+00:00,1,0.4907531289772736
2026-02-06 07:55:00+00:00,0,0.48846033343490985
2026-02-06 08:00:00+00:00,0,0.49667191770193564
2026-02-06 08:05:00+00:00,0,0.4885482709940636
2026-02-06 08:10:00+00:00,0,0.504512283836256
2026-02-06 08:15:00+00:00,1,0.5101261062498482
2026-02-06 08:20:00+00:00,0,0.4925023761832563
2026-02-06 08:25:00+00:00,0,0.47370130819625966
2026-02-06 08:30:00+00:00,1,0.4622591808771897
2026-02-06 08:35:00+00:00,0,0.45827260475453685
2026-02-06 08:40:00+00:00,1,0.473516611453406
2026-02-06 08:45:00+00:00,1,0.5089360076018165
2026-02-06 08:50:00+00:00,1,0.510568291183489
2026-02-06 08:55:00+00:00,1,0.5167057137213918
2026-02-06 09:00:00+00:00,1,0.5141602340170558
2026-02-06 09:05:00+00:00,1,0.5037869324752098
2026-02-06 09:10:00+00:00,1,0.4873928495553089
2026-02-06 09:15:00+00:00,1,0.4747404034968722
2026-02-06 09:20:00+00:00,1,0.4630821340526503
2026-02-06 09:25:00+00:00,1,0.46109309568720097
2026-02-06 09:30:00+00:00,0,0.455869292064023
2026-02-06 09:35:00+00:00,1,0.43816825533426335
2026-02-06 09:40:00+00:00,0,0.45028042332969626
2026-02-06 09:45:00+00:00,1,0.4437618258625604
2026-02-06 09:50:00+00:00,1,0.4458695770170054
2026-02-06 09:55:00+00:00,1,0.4552615463168199
2026-02-06 10:00:00+00:00,1,0.4353638322873106
2026-02-06 10:05:00+00:00,1,0.44547646277383857
2026-02-06 10:10:00+00:00,1,0.43051169522678523
2026-02-06 10:15:00+00:00,1,0.44050062002991225
2026-02-06 10:20:00+00:00,1,0.42930092774377765
2026-02-06 10:25:00+00:00,1,0.4379953427249779
2026-02-06 10:30:00+00:00,1,0.4314117733732422
2026-02-06 10:35:00+00:00,1,0.4325517246774829
2026-02-06 10:40:00+00:00,1,0.44917777218151056
2026-02-06 10:45:00+00:00,1,0.45059415034450223
2026-02-06 10:50:00+00:00,1,0.45016089631137235
2026-02-06 10:55:00+00:00,1,0.450164816949359
2026-02-06 11:00:00+00:00,1,0.44456798727073094
2026-02-06 11:05:00+00:00,1,0.4284238970896578
2026-02-06 11:10:00+00:00,0,0.4186216414047164
2026-02-06 11:15:00+00:00,1,0.4184765399290285
2026-02-06 11:20:00+00:00,1,0.4173727801519266
2026-02-06 11:25:00+00:00,1,0.4281246797482647
2026-02-06 11:30:00+00:00,0,0.43040814295331603
2026-02-06 11:35:00+00:00,0,0.4458031713549908
2026-02-06 11:40:00+00:00,0,0.431616072867283
2026-02-06 11:45:00+00:00,0,0.4358517855837172
2026-02-06 11:50:00+00:00,0,0.45966923553066874
2026-02-06 11:55:00+00:00,0,0.4599955848700003
2026-02-06 12:00:00+00:00,0,0.5393246651223051
2026-02-06 12:05:00+00:00,1,0.540215925757407
2026-02-06 12:10:00+00:00,1,0.5324637331685295
2026-02-06 12:15:00+00:00,1,0.5484265907923369
2026-02-06 12:20:00+00:00,0,0.5348344524687623
2026-02-06 12:25:00+00:00,1,0.5489267582216877
2026-02-06 12:30:00+00:00,1,0.5408537249047618
2026-02-06 12:35:00+00:00,1,0.5209673182352377
2026-02-06 12:40:00+00:00,1,0.5520622012454847
2026-02-06 12:45:00+00:00,1,0.5425399648282979
2026-02-06 12:50:00+00:00,1,0.5478641827211671
2026-02-06 12:55:00+00:00,1,0.5324518477509164
2026-02-06 13:00:00+00:00,1,0.491230988025939
2026-02-06 13:05:00+00:00,1,0.4971548774128777
2026-02-06 13:10:00+00:00,1,0.4461466165152337
2026-02-06 13:15:00+00:00,1,0.4434458365079885
2026-02-06 13:20:00+00:00,1,0.4613284606681168
2026-02-06 13:25:00+00:00,1,0.45626695100434744
2026-02-06 13:30:00+00:00,0,0.44840334204749566
2026-02-06 13:35:00+00:00,0,0.45243413540951977
2026-02-06 13:40:00+00:00,0,0.4416378872644367
2026-02-06 13:45:00+00:00,0,0.43270134730165993
2026-02-06 13:50:00+00:00,0,0.4751599979483681
2026-02-06 13:55:00+00:00,0,0.4541539817823259
2026-02-06 14:00:00+00:00,1,0.5426156001436163
2026-02-06 14:05:00+00:00,1,0.5733966903119955
2026-02-06 14:10:00+00:00,1,0.5093822758270602
2026-02-06 14:15:00+00:00,1,0.5446605132287471
2026-02-06 14:20:00+00:00,1,0.5256319173595927
2026-02-06 14:25:00+00:00,1,0.5086399093172489
2026-02-06 14:30:00+00:00,1,0.41830403819643047
2026-02-06 14:35:00+00:00,1,0.4543718248877975
2026-02-06 14:40:00+00:00,0,0.44834109932400523
2026-02-06 14:45:00+00:00,0,0.44256823435321563
2026-02-06 14:50:00+00:00,1,0.4312662385822962
2026-02-06 14:55:00+00:00,0,0.4239073212072979
2026-02-06 15:00:00+00:00,1,0.4142941957973277
2026-02-06 15:05:00+00:00,1,0.4060215167660425
2026-02-06 15:10:00+00:00,1,0.4163933304153746
2026-02-06 15:15:00+00:00,1,0.4074515715049486
2026-02-06 15:20:00+00:00,0,0.42072269745446994
2026-02-06 15:25:00+00:00,1,0.4514910209406018
2026-02-06 15:30:00+00:00,1,0.4557736663742676
2026-02-06 15:35:00+00:00,1,0.4611388173968137
2026-02-06 15:40:00+00:00,1,0.4614706692838745
2026-02-06 15:45:00+00:00,1,0.47071003971056724
2026-02-06 15:50:00+00:00,1,0.5135138583778763
2026-02-06 15:55:00+00:00,1,0.4626181570634763
2026-02-06 16:00:00+00:00,1,0.4812597353034468
2026-02-06 16:05:00+00:00,1,0.48681686065092045
2026-02-06 16:10:00+00:00,1,0.5034575742336836
2026-02-06 16:15:00+00:00,1,0.4981952138604606
2026-02-06 16:20:00+00:00,1,0.49870309034081456
2026-02-06 16:25:00+00:00,1,0.5077865967701928
2026-02-06 16:30:00+00:00,1,0.5727510544997121
2026-02-06 16:35:00+00:00,1,0.5201244595191107
2026-02-06 16:40:00+00:00,1,0.4611712900478597
2026-02-06 16:45:00+00:00,1,0.5175013510154016
2026-02-06 16:50:00+00:00,1,0.5364433295487324
2026-02-06 16:55:00+00:00,1,0.48453044639549553
2026-02-06 17:00:00+00:00,1,0.4917265805424807
2026-02-06 17:05:00+00:00,1,0.48556147428607027
2026-02-06 17:10:00+00:00,1,0.5058972893261718
2026-02-06 17:15:00+00:00,1,0.550093963183699
2026-02-06 17:20:00+00:00,0,0.551657580095815
2026-02-06 17:25:00+00:00,0,0.5658463453835129
2026-02-06 17:30:00+00:00,0,0.5656987714968348
2026-02-06 17:35:00+00:00,0,0.4827700576776087
2026-02-06 17:40:00+00:00,0,0.490963523203797
2026-02-06 17:45:00+00:00,0,0.48423448986556594
2026-02-06 17:50:00+00:00,0,0.4849712112721336
2026-02-06 17:55:00+00:00,0,0.5261483938353019
2026-02-06 18:00:00+00:00,0,0.516694710572079
2026-02-06 18:05:00+00:00,1,0.5481371687867235
2026-02-06 18:10:00+00:00,0,0.4892457896186271
2026-02-06 18:15:00+00:00,1,0.5254873385738965
2026-02-06 18:20:00+00:00,1,0.5044932663186494
2026-02-06 18:25:00+00:00,1,0.510727817159186
2026-02-06 18:30:00+00:00,1,0.5080242477056922
2026-02-06 18:35:00+00:00,0,0.5030325635783083
2026-02-06 18:40:00+00:00,0,0.4930161734077618
2026-02-06 18:45:00+00:00,0,0.48582991952862414
2026-02-06 18:50:00+00:00,0,0.48771947097267504
2026-02-06 18:55:00+00:00,0,0.5267949533916331
2026-02-06 19:00:00+00:00,0,0.5099327864407823
2026-02-06 19:05:00+00:00,1,0.5076178356979513
2026-02-06 19:10:00+00:00,1,0.4949096858916048
2026-02-06 19:15:00+00:00,1,0.5099561187812874
2026-02-06 19:20:00+00:00,1,0.5182249073601923
2026-02-06 19:25:00+00:00,1,0.5151800259812768
2026-02-06 19:30:00+00:00,1,0.4800104959104222
2026-02-06 19:35:00+00:00,1,0.49899548591671655
2026-02-06 19:40:00+00:00,0,0.496856188498618
2026-02-06 19:45:00+00:00,0,0.49209088694300335
2026-02-06 19:50:00+00:00,0,0.4798211551066772
2026-02-06 19:55:00+00:00,0,0.46769585203346653
2026-02-06 20:00:00+00:00,1,0.47248797501413137
2026-02-06 20:05:00+00:00,1,0.5040135299465862
2026-02-06 20:10:00+00:00,1,0.4945790362024779
2026-02-06 20:15:00+00:00,1,0.5072349176122589
2026-02-06 20:20:00+00:00,1,0.4994236925435027
2026-02-06 20:25:00+00:00,1,0.49593941725302093
2026-02-06 20:30:00+00:00,0,0.49778276909230057
2026-02-06 20:35:00+00:00,0,0.5003056244704427
2026-02-06 20:40:00+00:00,0,0.49953440454663645
2026-02-06 20:45:00+00:00,0,0.5082194064895477
2026-02-06 20:50:00+00:00,0,0.5204653476457507
2026-02-06 20:55:00+00:00,1,0.5221013342482641
2026-02-06 21:00:00+00:00,0,0.5005252080086817
2026-02-06 21:05:00+00:00,1,0.46351316578852836
2026-02-06 21:10:00+00:00,1,0.45813084787945724
2026-02-06 21:15:00+00:00,1,0.46453256078603355
2026-02-06 21:20:00+00:00,0,0.5059264552435021
2026-02-06 21:25:00+00:00,0,0.4877064694571097
2026-02-06 21:30:00+00:00,1,0.5203432659878584
2026-02-06 21:35:00+00:00,1,0.5140335875130129
2026-02-06 21:40:00+00:00,1,0.5197954139835009
2026-02-06 21:45:00+00:00,1,0.5202015257185272
2026-02-06 21:50:00+00:00,1,0.5058020676255192
2026-02-06 21:55:00+00:00,1,0.5146242823543923
2026-02-06 22:00:00+00:00,1,0.49323128234361435
2026-02-06 22:05:00+00:00,1,0.477524986237112
2026-02-06 22:10:00+00:00,1,0.5116637711573928
2026-02-06 22:15:00+00:00,1,0.5102245072425692
2026-02-06 22:20:00+00:00,1,0.49695208885023673
2026-02-06 22:25:00+00:00,1,0.4830578516042507
2026-02-06 22:30:00+00:00,1,0.4781703231307198
2026-02-06 22:35:00+00:00,0,0.5045885768542564
2026-02-06 22:40:00+00:00,0,0.4798135125472455
2026-02-06 22:45:00+00:00,0,0.48460752280959934
2026-02-06 22:50:00+00:00,0,0.46642276112848385
2026-02-06 22:55:00+00:00,0,0.47651472271659395
2026-02-06 23:00:00+00:00,0,0.47296883508665954
2026-02-06 23:05:00+00:00,0,0.4834127349074758
2026-02-06 23:10:00+00:00,0,0.49317454241011704
2026-02-06 23:15:00+00:00,1,0.48627334291836216
2026-02-06 23:20:00+00:00,1,0.4914321057068005
2026-02-06 23:25:00+00:00,0,0.49131785802995565
2026-02-06 23:30:00+00:00,0,0.49526289873121826
2026-02-06 23:35:00+00:00,0,0.5005620190491263
2026-02-06 23:40:00+00:00,0,0.48434308678043075
2026-02-06 23:45:00+00:00,0,0.47828161857337076
2026-02-06 23:50:00+00:00,0,0.4835102750505281
2026-02-06 23:55:00+00:00,0,0.48915466894297405
2026-02-07 00:00:00+00:00,0,0.5404481828988102
2026-02-07 00:05:00+00:00,0,0.5479266847105544
2026-02-07 00:10:00+00:00,0,0.5313062059228844
2026-02-07 00:15:00+00:00,0,0.5328114763469596
2026-02-07 00:20:00+00:00,1,0.5156787869165297
2026-02-07 00:25:00+00:00,1,0.5249868150233651
2026-02-07 00:30:00+00:00,1,0.5265227139803621
2026-02-07 00:35:00+00:00,1,0.5439831716669107
2026-02-07 00:40:00+00:00,0,0.5434682432594303
2026-02-07 00:45:00+00:00,0,0.5185596855921097
2026-02-07 00:50:00+00:00,0,0.5144418313422265
2026-02-07 00:55:00+00:00,0,0.5274363351058998
2026-02-07 01:00:00+00:00,1,0.5350881506390792
2026-02-07 01:05:00+00:00,1,0.5253509054619442
2026-02-07 01:10:00+00:00,1,0.544211728083179
2026-02-07 01:15:00+00:00,1,0.534589617475761
2026-02-07 01:20:00+00:00,1,0.5247947034010558
2026-02-07 01:25:00+00:00,1,0.5288668593882302
2026-02-07 01:30:00+00:00,1,0.5242874891525316
2026-02-07 01:35:00+00:00,1,0.5172185537509969
2026-02-07 01:40:00+00:00,1,0.5213302886723297
2026-02-07 01:45:00+00:00,0,0.5062792592101137
2026-02-07 01:50:00+00:00,1,0.5054101625370196
2026-02-07 01:55:00+00:00,0,0.5032269296383133
2026-02-07 02:00:00+00:00,0,0.497476574693962
2026-02-07 02:05:00+00:00,1,0.5045641776117029
2026-02-07 02:10:00+00:00,0,0.49751093084243436
2026-02-07 02:15:00+00:00,0,0.5018027123275969
2026-02-07 02:20:00+00:00,0,0.49658530404414764
2026-02-07 02:25:00+00:00,0,0.5002642120144425
2026-02-07 02:30:00+00:00,1,0.49207474431140114
2026-02-07 02:35:00+00:00,1,0.5086699069372429
2026-02-07 02:40:00+00:00,1,0.49481033435276633
2026-02-07 02:45:00+00:00,1,0.5053843420128662
2026-02-07 02:50:00+00:00,1,0.49973151106023816
2026-02-07 02:55:00+00:00,1,0.48136589275882097
2026-02-07 03:00:00+00:00,1,0.45909875812060474
2026-02-07 03:05:00+00:00,1,0.46004564098109035
2026-02-07 03:10:00+00:00,0,0.4443840807255
2026-02-07 03:15:00+00:00,1,0.47344087439373145
2026-02-07 03:20:00+00:00,1,0.48104441799000724
2026-02-07 03:25:00+00:00,0,0.4644302179757121
2026-02-07 03:30:00+00:00,1,0.484583047172594
2026-02-07 03:35:00+00:00,0,0.4727490642600411
2026-02-07 03:40:00+00:00,1,0.48288963618127495
2026-02-07 03:45:00+00:00,1,0.47534691295608783
2026-02-07 03:50:00+00:00,1,0.4789670156935028
2026-02-07 03:55:00+00:00,1,0.49443496051038544
2026-02-07 04:00:00+00:00,1,0.4824293129860487
2026-02-07 04:05:00+00:00,0,0.47353941484591144
2026-02-07 04:10:00+00:00,0,0.466020075917374
2026-02-07 04:15:00+00:00,0,0.4685210510763743
2026-02-07 04:20:00+00:00,0,0.45578604827865243
2026-02-07 04:25:00+00:00,0,0.4662824853251002
2026-02-07 04:30:00+00:00,0,0.4641775022131753
2026-02-07 04:35:00+00:00,1,0.4672471580613651
2026-02-07 04:40:00+00:00,1,0.4713793387654551
2026-02-07 04:45:00+00:00,1,0.47574491269905994
2026-02-07 04:50:00+00:00,1,0.47856211433956725
2026-02-07 04:55:00+00:00,0,0.4750132304499029
2026-02-07 05:00:00+00:00,0,0.47454277470219536
2026-02-07 05:05:00+00:00,0,0.45543916817811436
2026-02-07 05:10:00+00:00,0,0.44856088736505223
2026-02-07 05:15:00+00:00,0,0.48081331894743995
2026-02-07 05:20:00+00:00,0,0.46962640876498013
2026-02-07 05:25:00+00:00,0,0.5079584786416141
2026-02-07 05:30:00+00:00,1,0.4933743458164861
2026-02-07 05:35:00+00:00,1,0.48093956055708703
2026-02-07 05:40:00+00:00,1,0.4782735465541438
2026-02-07 05:45:00+00:00,0,0.46920413741616096
2026-02-07 05:50:00+00:00,1,0.49376729491210863
2026-02-07 05:55:00+00:00,1,0.48691512301560874
2026-02-07 06:00:00+00:00,1,0.49153953781254694
2026-02-07 06:05:00+00:00,0,0.49335892691757405
2026-02-07 06:10:00+00:00,0,0.4872092194245158
2026-02-07 06:15:00+00:00,0,0.49152565397735876
2026-02-07 06:20:00+00:00,0,0.48735705130477386
2026-02-07 06:25:00+00:00,0,0.4833833463641267
2026-02-07 06:30:00+00:00,0,0.4857839706150436
2026-02-07 06:35:00+00:00,0,0.48177945493855
2026-02-07 06:40:00+00:00,0,0.5202152238008465
2026-02-07 06:45:00+00:00,0,0.5167848523503422
2026-02-07 06:50:00+00:00,0,0.5264149261651696
2026-02-07 06:55:00+00:00,0,0.544900328085484
2026-02-07 07:00:00+00:00,0,0.5457443686148274
2026-02-07 07:05:00+00:00,0,0.5778286413742639
2026-02-07 07:10:00+00:00,1,0.5767860141302824
2026-02-07 07:15:00+00:00,1,0.5656322292643275
2026-02-07 07:20:00+00:00,1,0.584818139693389
2026-02-07 07:25:00+00:00,1,0.5533518804476718
2026-02-07 07:30:00+00:00,1,0.5595360717993232
2026-02-07 07:35:00+00:00,1,0.48811394170763867
2026-02-07 07:40:00+00:00,0,0.4634362056871844
2026-02-07 07:45:00+00:00,0,0.472301464098882
2026-02-07 07:50:00+00:00,1,0.5027566849122892
2026-02-07 07:55:00+00:00,1,0.5238160899415285
2026-02-07 08:00:00+00:00,1,0.5341753138824769
2026-02-07 08:05:00+00:00,1,0.5222872535919694
2026-02-07 08:10:00+00:00,1,0.524661867800513
2026-02-07 08:15:00+00:00,1,0.5415050716089592
2026-02-07 08:20:00+00:00,0,0.5132563097239287
2026-02-07 08:25:00+00:00,0,0.5165996928306138
2026-02-07 08:30:00+00:00,0,0.5251599205677121
2026-02-07 08:35:00+00:00,1,0.5406420818554262
2026-02-07 08:40:00+00:00,1,0.5295693009609636
2026-02-07 08:45:00+00:00,0,0.5032294393803256
2026-02-07 08:50:00+00:00,0,0.4907196758424557
2026-02-07 08:55:00+00:00,0,0.48711654172196917
2026-02-07 09:00:00+00:00,0,0.4692323773013984
2026-02-07 09:05:00+00:00,0,0.46530085786318
2026-02-07 09:10:00+00:00,0,0.4311600568392365
2026-02-07 09:15:00+00:00,0,0.4552121804971457
2026-02-07 09:20:00+00:00,0,0.45984091894595464
2026-02-07 09:25:00+00:00,0,0.496906578681152
2026-02-07 09:30:00+00:00,0,0.5100231049368311
2026-02-07 09:35:00+00:00,0,0.5506523395652835
2026-02-07 09:40:00+00:00,0,0.5088923222729854
2026-02-07 09:45:00+00:00,0,0.5301996339488403
2026-02-07 09:50:00+00:00,1,0.5508672313965228
2026-02-07 09:55:00+00:00,1,0.5600700308333835
2026-02-07 10:00:00+00:00,0,0.5231501660955535
2026-02-07 10:05:00+00:00,0,0.5394634572001052
2026-02-07 10:10:00+00:00,0,0.5502940249122839
2026-02-07 10:15:00+00:00,0,0.5461088759455538
2026-02-07 10:20:00+00:00,0,0.5369174675234842
2026-02-07 10:25:00+00:00,1,0.5340816886517865
2026-02-07 10:30:00+00:00,1,0.5446326270771744
2026-02-07 10:35:00+00:00,1,0.5447023972594761
2026-02-07 10:40:00+00:00,1,0.5381214271374765
2026-02-07 10:45:00+00:00,1,0.5577873023527616
2026-02-07 10:50:00+00:00,0,0.556209142644191
2026-02-07 10:55:00+00:00,0,0.5565904382142792
2026-02-07 11:00:00+00:00,0,0.5228231285833586
2026-02-07 11:05:00+00:00,0,0.5176523963269408
2026-02-07 11:10:00+00:00,0,0.5401849217208706
2026-02-07 11:15:00+00:00,0,0.5416078737663133
2026-02-07 11:20:00+00:00,0,0.5626834241485429
2026-02-07 11:25:00+00:00,1,0.5479466341874137
2026-02-07 11:30:00+00:00,1,0.5366182751506272
2026-02-07 11:35:00+00:00,1,0.5644709517905514
2026-02-07 11:40:00+00:00,1,0.5537390640191155
2026-02-07 11:45:00+00:00,1,0.5415862169250144
2026-02-07 11:50:00+00:00,1,0.5619392267022387
2026-02-07 11:55:00+00:00,1,0.5245874226991204
2026-02-07 12:00:00+00:00,1,0.49741274259525436
2026-02-07 12:05:00+00:00,1,0.47621081959994804
2026-02-07 12:10:00+00:00,1,0.48206626177486356
2026-02-07 12:15:00+00:00,0,0.5486650437306949
2026-02-07 12:20:00+00:00,0,0.4873617054880573
2026-02-07 12:25:00+00:00,0,0.49826978326070576
2026-02-07 12:30:00+00:00,0,0.49479220964225107
2026-02-07 12:35:00+00:00,1,0.4719411837053431
2026-02-07 12:40:00+00:00,1,0.4887631286951825
2026-02-07 12:45:00+00:00,1,0.47518974976865963
2026-02-07 12:50:00+00:00,1,0.4690344105603182
2026-02-07 12:55:00+00:00,1,0.49007355914648776
2026-02-07 13:00:00+00:00,0,0.4335542751081006
2026-02-07 13:05:00+00:00,0,0.4533950492547479
2026-02-07 13:10:00+00:00,0,0.5103603996605266
2026-02-07 13:15:00+00:00,0,0.47500327178029245
2026-02-07 13:20:00+00:00,0,0.503452052834708
2026-02-07 13:25:00+00:00,0,0.471967551479234
2026-02-07 13:30:00+00:00,1,0.47722933323183764
2026-02-07 13:35:00+00:00,1,0.48177285445571605
2026-02-07 13:40:00+00:00,1,0.47713721887061067
2026-02-07 13:45:00+00:00,1,0.483576978579622
2026-02-07 13:50:00+00:00,1,0.4757057122710026
2026-02-07 13:55:00+00:00,1,0.4827832744455196
2026-02-07 14:00:00+00:00,0,0.46510582983676724
2026-02-07 14:05:00+00:00,0,0.4421496936618157
2026-02-07 14:10:00+00:00,0,0.46442873356222825
2026-02-07 14:15:00+00:00,0,0.48525437746995875
2026-02-07 14:20:00+00:00,0,0.43539564109042994
2026-02-07 14:25:00+00:00,0,0.44263557501715145
2026-02-07 14:30:00+00:00,0,0.49051912605237336
2026-02-07 14:35:00+00:00,1,0.48796405025512285
2026-02-07 14:40:00+00:00,1,0.4771021128545848
2026-02-07 14:45:00+00:00,1,0.5060622741959535
2026-02-07 14:50:00+00:00,1,0.5012636860526491
2026-02-07 14:55:00+00:00,1,0.4911443137005339
2026-02-07 15:00:00+00:00,1,0.48323554184460854
2026-02-07 15:05:00+00:00,1,0.47412801667073523
2026-02-07 15:10:00+00:00,1,0.4703005519562795
2026-02-07 15:15:00+00:00,1,0.461909947673022
2026-02-07 15:20:00+00:00,0,0.47401601696178924
2026-02-07 15:25:00+00:00,1,0.49810483273197953
2026-02-07 15:30:00+00:00,0,0.5169676117257431
2026-02-07 15:35:00+00:00,1,0.4780580139332384
2026-02-07 15:40:00+00:00,1,0.5004202965135288
2026-02-07 15:45:00+00:00,1,0.510919340214129
2026-02-07 15:50:00+00:00,1,0.4882993997999395
2026-02-07 15:55:00+00:00,1,0.48601074990973026
2026-02-07 16:00:00+00:00,1,0.4893697193431884
2026-02-07 16:05:00+00:00,1,0.46902635430332956
2026-02-07 16:10:00+00:00,0,0.46991165202222235
2026-02-07 16:15:00+00:00,1,0.45803039816943597
2026-02-07 16:20:00+00:00,0,0.45009160972030554
2026-02-07 16:25:00+00:00,0,0.441903761390518
2026-02-07 16:30:00+00:00,0,0.46077006881519256
2026-02-07 16:35:00+00:00,0,0.4314546508010446
2026-02-07 16:40:00+00:00,0,0.43654652923632475
2026-02-07 16:45:00+00:00,0,0.4532812652889502
2026-02-07 16:50:00+00:00,1,0.4567462745700045
2026-02-07 16:55:00+00:00,1,0.47530902309117645
2026-02-07 17:00:00+00:00,0,0.4840277753871924
2026-02-07 17:05:00+00:00,1,0.5069221976465472
2026-02-07 17:10:00+00:00,1,0.5383624877532905
2026-02-07 17:15:00+00:00,1,0.4928083162241353
2026-02-07 17:20:00+00:00,1,0.49172278892424137
2026-02-07 17:25:00+00:00,1,0.48123844553445955
2026-02-07 17:30:00+00:00,1,0.4951279929895015
2026-02-07 17:35:00+00:00,1,0.4360013434703255
2026-02-07 17:40:00+00:00,1,0.4559263342270427
2026-02-07 17:45:00+00:00,1,0.474325225359216
2026-02-07 17:50:00+00:00,1,0.4724171341556895
2026-02-07 17:55:00+00:00,1,0.46013554450021715
2026-02-07 18:00:00+00:00,1,0.46507936901062935
2026-02-07 18:05:00+00:00,1,0.4774562444918015
2026-02-07 18:10:00+00:00,1,0.49023715164500375
2026-02-07 18:15:00+00:00,1,0.4931387140904944
2026-02-07 18:20:00+00:00,1,0.48174773368894835
2026-02-07 18:25:00+00:00,1,0.4628039342657799
2026-02-07 18:30:00+00:00,0,0.4289810367400299
2026-02-07 18:35:00+00:00,0,0.4660555235487393
2026-02-07 18:40:00+00:00,0,0.4819073440271465
2026-02-07 18:45:00+00:00,0,0.45434390736114183
2026-02-07 18:50:00+00:00,0,0.4995433563253527
2026-02-07 18:55:00+00:00,0,0.5059740798094773
2026-02-07 19:00:00+00:00,0,0.5260736375111321
2026-02-07 19:05:00+00:00,1,0.5348463857345298
2026-02-07 19:10:00+00:00,0,0.5253370533254431
2026-02-07 19:15:00+00:00,1,0.5302286696422427
2026-02-07 19:20:00+00:00,0,0.5294778720117568
2026-02-07 19:25:00+00:00,0,0.5354219932949695
2026-02-07 19:30:00+00:00,1,0.5433265641792536
2026-02-07 19:35:00+00:00,0,0.5475085669155564
2026-02-07 19:40:00+00:00,0,0.5385156260949439
2026-02-07 19:45:00+00:00,0,0.5411552353723935
2026-02-07 19:50:00+00:00,1,0.5504159808809521
2026-02-07 19:55:00+00:00,1,0.5333994542120216
2026-02-07 20:00:00+00:00,1,0.5438861541002578
2026-02-07 20:05:00+00:00,1,0.542452090297447
2026-02-07 20:10:00+00:00,1,0.5479318516951037
2026-02-07 20:15:00+00:00,1,0.5350171658165433
2026-02-07 20:20:00+00:00,1,0.5147917114444791
2026-02-07 20:25:00+00:00,1,0.5185551183938315
2026-02-07 20:30:00+00:00,1,0.5018060866330156
2026-02-07 20:35:00+00:00,0,0.4864031862455148
2026-02-07 20:40:00+00:00,1,0.5213721545165128
2026-02-07 20:45:00+00:00,0,0.49291504660877994
2026-02-07 20:50:00+00:00,0,0.5025836219806702
2026-02-07 20:55:00+00:00,0,0.4977138054829963
2026-02-07 21:00:00+00:00,0,0.5349884440327809
2026-02-07 21:05:00+00:00,0,0.5186382464861081
2026-02-07 21:10:00+00:00,0,0.5100900907324312
2026-02-07 21:15:00+00:00,0,0.5196979610742616
2026-02-07 21:20:00+00:00,0,0.5038594349163945
2026-02-07 21:25:00+00:00,0,0.5085753417385098
2026-02-07 21:30:00+00:00,0,0.49183818278907726
2026-02-07 21:35:00+00:00,1,0.49548893291354534
2026-02-07 21:40:00+00:00,1,0.5102362428323098
2026-02-07 21:45:00+00:00,0,0.5134070163997693
2026-02-07 21:50:00+00:00,0,0.5379826324491205
2026-02-07 21:55:00+00:00,0,0.5332388154856615
2026-02-07 22:00:00+00:00,0,0.5224530450210739
2026-02-07 22:05:00+00:00,0,0.4921436363825045
2026-02-07 22:10:00+00:00,0,0.5233050790132093
2026-02-07 22:15:00+00:00,0,0.5234290450767458
2026-02-07 22:20:00+00:00,0,0.5225944244380273
2026-02-07 22:25:00+00:00,0,0.5129701610744071
2026-02-07 22:30:00+00:00,0,0.5222021433742663
2026-02-07 22:35:00+00:00,0,0.5023807756003287
2026-02-07 22:40:00+00:00,0,0.505746189160251
2026-02-07 22:45:00+00:00,0,0.5053409824288232
2026-02-07 22:50:00+00:00,0,0.49733527413285156
2026-02-07 22:55:00+00:00,0,0.49472913575666383
2026-02-07 23:00:00+00:00,0,0.502536884284406
2026-02-07 23:05:00+00:00,1,0.5228958176554553
2026-02-07 23:10:00+00:00,0,0.5047977680796931
2026-02-07 23:15:00+00:00,1,0.5074895560456281
2026-02-07 23:20:00+00:00,1,0.5174981757706711
2026-02-07 23:25:00+00:00,1,0.5149997602366349
2026-02-07 23:30:00+00:00,0,0.5050823290126846
2026-02-07 23:35:00+00:00,0,0.5097970565943708
2026-02-07 23:40:00+00:00,0,0.5118604899826923
2026-02-07 23:45:00+00:00,0,0.5022179457731885
2026-02-07 23:50:00+00:00,0,0.5093201370346838
2026-02-07 23:55:00+00:00,0,0.5294030044018243
2026-02-08 00:00:00+00:00,0,0.5172806960105283
2026-02-08 00:05:00+00:00,0,0.5246374701804689
2026-02-08 00:10:00+00:00,0,0.5224094337533578
2026-02-08 00:15:00+00:00,1,0.5057289013823736
2026-02-08 00:20:00+00:00,1,0.49878937274793633
2026-02-08 00:25:00+00:00,1,0.4962779471581065
2026-02-08 00:30:00+00:00,1,0.4932352694806501
2026-02-08 00:35:00+00:00,1,0.5054077087519458
2026-02-08 00:40:00+00:00,1,0.5031439965171064
2026-02-08 00:45:00+00:00,1,0.5018352283547532
2026-02-08 00:50:00+00:00,1,0.5070639204780432
2026-02-08 00:55:00+00:00,1,0.527340357390645
2026-02-08 01:00:00+00:00,1,0.5001765068354157
2026-02-08 01:05:00+00:00,0,0.4794087349847043
2026-02-08 01:10:00+00:00,0,0.47149182986225024
2026-02-08 01:15:00+00:00,0,0.4992371833879882
2026-02-08 01:20:00+00:00,1,0.5093031875069235
2026-02-08 01:25:00+00:00,1,0.5080422302968293
2026-02-08 01:30:00+00:00,1,0.4995720243289148
2026-02-08 01:35:00+00:00,1,0.4903888149242314
2026-02-08 01:40:00+00:00,1,0.49876948930364506
2026-02-08 01:45:00+00:00,1,0.4955494432445329
2026-02-08 01:50:00+00:00,1,0.46670620216756326
2026-02-08 01:55:00+00:00,0,0.4828076468414899
2026-02-08 02:00:00+00:00,0,0.48226288085477675
2026-02-08 02:05:00+00:00,0,0.5017609378552733
2026-02-08 02:10:00+00:00,0,0.4902344754962184
2026-02-08 02:15:00+00:00,0,0.4963233171240457
2026-02-08 02:20:00+00:00,0,0.4704938969266597
2026-02-08 02:25:00+00:00,0,0.48070927275163583
2026-02-08 02:30:00+00:00,0,0.4830144255280746
2026-02-08 02:35:00+00:00,1,0.48261455008265536
2026-02-08 02:40:00+00:00,1,0.49593107953582355
2026-02-08 02:45:00+00:00,1,0.4816941643799
2026-02-08 02:50:00+00:00,1,0.4936358277010997
2026-02-08 02:55:00+00:00,0,0.49798466869070646
2026-02-08 03:00:00+00:00,1,0.4947668908387957
2026-02-08 03:05:00+00:00,0,0.481413847964263
2026-02-08 03:10:00+00:00,0,0.4658926532630472
2026-02-08 03:15:00+00:00,0,0.4960462740811151
2026-02-08 03:20:00+00:00,0,0.46130487072409043
2026-02-08 03:25:00+00:00,0,0.483099578761374
2026-02-08 03:30:00+00:00,0,0.48814897614770275
2026-02-08 03:35:00+00:00,1,0.49487421709473356
2026-02-08 03:40:00+00:00,1,0.4847827967102131
2026-02-08 03:45:00+00:00,1,0.49164503308141017
2026-02-08 03:50:00+00:00,1,0.49360797293674497
2026-02-08 03:55:00+00:00,1,0.49188543904485943
2026-02-08 04:00:00+00:00,1,0.46846366493718206
2026-02-08 04:05:00+00:00,1,0.4808687190399086
2026-02-08 04:10:00+00:00,1,0.505487456632821
2026-02-08 04:15:00+00:00,1,0.5061202709315039
2026-02-08 04:20:00+00:00,0,0.4370656441692264
2026-02-08 04:25:00+00:00,1,0.4651932477003248
2026-02-08 04:30:00+00:00,0,0.4786273481807927
2026-02-08 04:35:00+00:00,0,0.48825925038432344
2026-02-08 04:40:00+00:00,1,0.4915064452389879
2026-02-08 04:45:00+00:00,1,0.4828219499942482
2026-02-08 04:50:00+00:00,0,0.4792576358801205
2026-02-08 04:55:00+00:00,0,0.4480070414149263
2026-02-08 05:00:00+00:00,0,0.5039160982498956
2026-02-08 05:05:00+00:00,1,0.484678150132419
2026-02-08 05:10:00+00:00,0,0.5089103038064411
2026-02-08 05:15:00+00:00,0,0.5237105527749768
2026-02-08 05:20:00+00:00,0,0.5162615915793738
2026-02-08 05:25:00+00:00,0,0.499140693982671
2026-02-08 05:30:00+00:00,0,0.49229499924547054
2026-02-08 05:35:00+00:00,0,0.4673530509767459
2026-02-08 05:40:00+00:00,1,0.46001033977047107
2026-02-08 05:45:00+00:00,1,0.4813432380816333
2026-02-08 05:50:00+00:00,1,0.4842612210617909
2026-02-08 05:55:00+00:00,1,0.4814085706469968
2026-02-08 06:00:00+00:00,1,0.5033238334467276
2026-02-08 06:05:00+00:00,1,0.5064698650171574
2026-02-08 06:10:00+00:00,0,0.5147670249866122
2026-02-08 06:15:00+00:00,0,0.5243117215209869
2026-02-08 06:20:00+00:00,0,0.5236107176190188
2026-02-08 06:25:00+00:00,0,0.5211266616375912
2026-02-08 06:30:00+00:00,0,0.5290414036269043
2026-02-08 06:35:00+00:00,0,0.5173746743686365
2026-02-08 06:40:00+00:00,0,0.5152723584077941
2026-02-08 06:45:00+00:00,0,0.5170802010552812
2026-02-08 06:50:00+00:00,0,0.5303853199247595
2026-02-08 06:55:00+00:00,0,0.5244861299828683
2026-02-08 07:00:00+00:00,0,0.5234740672789694
2026-02-08 07:05:00+00:00,1,0.5348044803696099
2026-02-08 07:10:00+00:00,0,0.5001410343399049
2026-02-08 07:15:00+00:00,0,0.4989646707057118
2026-02-08 07:20:00+00:00,1,0.51458605378297
2026-02-08 07:25:00+00:00,1,0.49240663340008267
2026-02-08 07:30:00+00:00,1,0.5038887147025736
2026-02-08 07:35:00+00:00,1,0.5019699772798937
2026-02-08 07:40:00+00:00,1,0.5065009261144043
2026-02-08 07:45:00+00:00,0,0.5294117028966586
2026-02-08 07:50:00+00:00,1,0.5099475329310388
2026-02-08 07:55:00+00:00,1,0.5125963269093686
2026-02-08 08:00:00+00:00,1,0.5114437193974877
2026-02-08 08:05:00+00:00,1,0.4904183923280815
2026-02-08 08:10:00+00:00,1,0.49494897489384615
2026-02-08 08:15:00+00:00,1,0.5055846315573986
2026-02-08 08:20:00+00:00,1,0.4216786940498074
2026-02-08 08:25:00+00:00,1,0.43849961012365585
2026-02-08 08:30:00+00:00,0,0.45507767037003016
2026-02-08 08:35:00+00:00,0,0.4506056933998243
2026-02-08 08:40:00+00:00,1,0.447713631111331
2026-02-08 08:45:00+00:00,0,0.43868222132022017
2026-02-08 08:50:00+00:00,0,0.4373129700235315
2026-02-08 08:55:00+00:00,0,0.4427632996561407
2026-02-08 09:00:00+00:00,0,0.44671327131181227
2026-02-08 09:05:00+00:00,0,0.4478469535545765
2026-02-08 09:10:00+00:00,0,0.4522436004122864
2026-02-08 09:15:00+00:00,0,0.4622967667998352
2026-02-08 09:20:00+00:00,0,0.4930766768945955
2026-02-08 09:25:00+00:00,0,0.4834536701360366
2026-02-08 09:30:00+00:00,0,0.5030769583193755
2026-02-08 09:35:00+00:00,1,0.4761506086875259
2026-02-08 09:40:00+00:00,1,0.47605803993613466
2026-02-08 09:45:00+00:00,1,0.48001584169424405
2026-02-08 09:50:00+00:00,0,0.48241363190708164
2026-02-08 09:55:00+00:00,0,0.47508486113066084
2026-02-08 10:00:00+00:00,0,0.48108936336879893
2026-02-08 10:05:00+00:00,0,0.48345974288706794
2026-02-08 10:10:00+00:00,0,0.4865962617427081
2026-02-08 10:15:00+00:00,0,0.4997970459299266
2026-02-08 10:20:00+00:00,0,0.4853486522185525
2026-02-08 10:25:00+00:00,1,0.5010698154018233
2026-02-08 10:30:00+00:00,1,0.495688478072111
2026-02-08 10:35:00+00:00,1,0.4732670466878341
2026-02-08 10:40:00+00:00,1,0.48090138289877754
2026-02-08 10:45:00+00:00,1,0.4912958198741526
2026-02-08 10:50:00+00:00,1,0.5142278059413258
2026-02-08 10:55:00+00:00,1,0.4962001463147399
2026-02-08 11:00:00+00:00,1,0.5070851104955234
2026-02-08 11:05:00+00:00,1,0.4957972023229426
2026-02-08 11:10:00+00:00,1,0.502836885946274
2026-02-08 11:15:00+00:00,1,0.4981063386183427
2026-02-08 11:20:00+00:00,1,0.506413821079952
2026-02-08 11:25:00+00:00,1,0.5011950003317408
2026-02-08 11:30:00+00:00,1,0.48905914492170816
2026-02-08 11:35:00+00:00,0,0.48090427893506815
2026-02-08 11:40:00+00:00,0,0.47461709666074997
2026-02-08 11:45:00+00:00,0,0.4690155478322388
2026-02-08 11:50:00+00:00,0,0.46747813530447346
2026-02-08 11:55:00+00:00,0,0.4443798530094975
2026-02-08 12:00:00+00:00,0,0.47395697272376996
2026-02-08 12:05:00+00:00,0,0.49175925540964593
2026-02-08 12:10:00+00:00,0,0.5047696046011926
2026-02-08 12:15:00+00:00,1,0.5178559667634592
2026-02-08 12:20:00+00:00,1,0.5140458481997128
2026-02-08 12:25:00+00:00,1,0.5154993958872972
2026-02-08 12:30:00+00:00,1,0.5139494062974295
2026-02-08 12:35:00+00:00,1,0.5188246334563139
2026-02-08 12:40:00+00:00,1,0.5239027607145869
2026-02-08 12:45:00+00:00,1,0.5048931332945898
2026-02-08 12:50:00+00:00,1,0.5202530047361585
2026-02-08 12:55:00+00:00,1,0.5199560409304753
2026-02-08 13:00:00+00:00,0,0.48242436912526615
2026-02-08 13:05:00+00:00,0,0.4897837058566171
2026-02-08 13:10:00+00:00,0,0.4939257258951131
2026-02-08 13:15:00+00:00,0,0.4789351971309767
2026-02-08 13:20:00+00:00,0,0.47203254725004534
2026-02-08 13:25:00+00:00,0,0.5098223405349445
2026-02-08 13:30:00+00:00,1,0.5190902112046941
2026-02-08 13:35:00+00:00,1,0.5128824030223736
2026-02-08 13:40:00+00:00,1,0.4998104038894004
2026-02-08 13:45:00+00:00,1,0.5151880500836884
2026-02-08 13:50:00+00:00,1,0.4983061198364909
2026-02-08 13:55:00+00:00,0,0.4938247894341516
2026-02-08 14:00:00+00:00,0,0.5085205036780983
2026-02-08 14:05:00+00:00,1,0.5365852394972376
2026-02-08 14:10:00+00:00,1,0.5341303751821197
2026-02-08 14:15:00+00:00,1,0.5393427350436656
2026-02-08 14:20:00+00:00,1,0.5332923717497632
2026-02-08 14:25:00+00:00,1,0.5245022935535388
2026-02-08 14:30:00+00:00,1,0.525960722098142
2026-02-08 14:35:00+00:00,0,0.502062979528348
2026-02-08 14:40:00+00:00,0,0.5129038618765275
2026-02-08 14:45:00+00:00,0,0.47875399048213674
2026-02-08 14:50:00+00:00,0,0.496726044368319
2026-02-08 14:55:00+00:00,0,0.494281321687325
2026-02-08 15:00:00+00:00,0,0.5128746833969879
2026-02-08 15:05:00+00:00,0,0.5107956909962377
2026-02-08 15:10:00+00:00,0,0.5183359727931793
2026-02-08 15:15:00+00:00,0,0.5038683582826152
2026-02-08 15:20:00+00:00,0,0.5158709890958472
2026-02-08 15:25:00+00:00,1,0.5281111798301318
2026-02-08 15:30:00+00:00,1,0.48840175989094803
2026-02-08 15:35:00+00:00,0,0.4777262625005427
2026-02-08 15:40:00+00:00,0,0.49687752135731167
2026-02-08 15:45:00+00:00,1,0.49749840980831195
2026-02-08 15:50:00+00:00,0,0.4746004631306141
2026-02-08 15:55:00+00:00,0,0.4598231170669728
2026-02-08 16:00:00+00:00,0,0.46612139542927294
2026-02-08 16:05:00+00:00,0,0.4819890862270511
2026-02-08 16:10:00+00:00,0,0.48702458948375216
2026-02-08 16:15:00+00:00,0,0.5036834767937386
2026-02-08 16:20:00+00:00,0,0.5050730435378614
2026-02-08 16:25:00+00:00,0,0.47193741689327834
2026-02-08 16:30:00+00:00,0,0.48524640867561114
2026-02-08 16:35:00+00:00,0,0.49330213082951624
2026-02-08 16:40:00+00:00,0,0.5132105231749379
2026-02-08 16:45:00+00:00,1,0.48656106560640894
2026-02-08 16:50:00+00:00,1,0.451509515742332
2026-02-08 16:55:00+00:00,1,0.507075602872403
2026-02-08 17:00:00+00:00,1,0.48028273295905016
2026-02-08 17:05:00+00:00,1,0.5102169250978358
2026-02-08 17:10:00+00:00,1,0.5072864143812256
2026-02-08 17:15:00+00:00,0,0.5170161350974806
2026-02-08 17:20:00+00:00,1,0.5116477168679862
2026-02-08 17:25:00+00:00,1,0.5162041766721697
2026-02-08 17:30:00+00:00,1,0.5157514448476352
2026-02-08 17:35:00+00:00,1,0.5402175327499241
2026-02-08 17:40:00+00:00,1,0.5328053675817483
2026-02-08 17:45:00+00:00,1,0.5248888406856029
2026-02-08 17:50:00+00:00,1,0.5273731101524956
2026-02-08 17:55:00+00:00,1,0.520598312252865
2026-02-08 18:00:00+00:00,1,0.4970845482667503
2026-02-08 18:05:00+00:00,1,0.48955026437342275
2026-02-08 18:10:00+00:00,1,0.47451732414088416
2026-02-08 18:15:00+00:00,1,0.5044489013554267
2026-02-08 18:20:00+00:00,1,0.514021661192472
2026-02-08 18:25:00+00:00,1,0.4904573225381978
2026-02-08 18:30:00+00:00,0,0.48256455328038594
2026-02-08 18:35:00+00:00,0,0.48450527448166314
2026-02-08 18:40:00+00:00,1,0.48081028372101
2026-02-08 18:45:00+00:00,1,0.4667120602781693
2026-02-08 18:50:00+00:00,1,0.4724596719007409
2026-02-08 18:55:00+00:00,1,0.48018553093813215
2026-02-08 19:00:00+00:00,0,0.50281789538068
2026-02-08 19:05:00+00:00,0,0.5071266540084797
2026-02-08 19:10:00+00:00,1,0.4988775515461556
2026-02-08 19:15:00+00:00,0,0.4709091564693277
2026-02-08 19:20:00+00:00,1,0.4340341964095719
2026-02-08 19:25:00+00:00,1,0.48825951516650634
2026-02-08 19:30:00+00:00,0,0.4934730772551098
2026-02-08 19:35:00+00:00,0,0.49066535649197424
2026-02-08 19:40:00+00:00,0,0.4971728361820667
2026-02-08 19:45:00+00:00,0,0.4781525650484687
2026-02-08 19:50:00+00:00,0,0.4773010220968529
2026-02-08 19:55:00+00:00,0,0.48176078143711953
2026-02-08 20:00:00+00:00,1,0.5028945547499877
2026-02-08 20:05:00+00:00,0,0.5002949715696811
2026-02-08 20:10:00+00:00,0,0.5052960333732953
2026-02-08 20:15:00+00:00,0,0.4988312590623886
2026-02-08 20:20:00+00:00,0,0.49984464934828227
2026-02-08 20:25:00+00:00,0,0.5059563182011908
2026-02-08 20:30:00+00:00,0,0.509549622594628
2026-02-08 20:35:00+00:00,0,0.5094921121925154
2026-02-08 20:40:00+00:00,0,0.5078742804554087
2026-02-08 20:45:00+00:00,0,0.4985774037290012
2026-02-08 20:50:00+00:00,1,0.49526504585179354
2026-02-08 20:55:00+00:00,0,0.5036062891683069
2026-02-08 21:00:00+00:00,0,0.5204150118777687
2026-02-08 21:05:00+00:00,0,0.5070607977364775
2026-02-08 21:10:00+00:00,0,0.5022886941240673
2026-02-08 21:15:00+00:00,0,0.4954961551074305
2026-02-08 21:20:00+00:00,0,0.49632588260641847
2026-02-08 21:25:00+00:00,0,0.4968281072236566
2026-02-08 21:30:00+00:00,1,0.49516669675605557
2026-02-08 21:35:00+00:00,1,0.48965067055821304
2026-02-08 21:40:00+00:00,1,0.5036347326053889
2026-02-08 21:45:00+00:00,1,0.5155047729402581
2026-02-08 21:50:00+00:00,1,0.5101851190645214
2026-02-08 21:55:00+00:00,1,0.5131584382675276
2026-02-08 22:00:00+00:00,1,0.506389925680515
2026-02-08 22:05:00+00:00,1,0.511954165653464
2026-02-08 22:10:00+00:00,1,0.5077958251870576
2026-02-08 22:15:00+00:00,1,0.5079553560679059
2026-02-08 22:20:00+00:00,1,0.5112339483833876
2026-02-08 22:25:00+00:00,1,0.5211601220935066
2026-02-08 22:30:00+00:00,1,0.5274666405104654
2026-02-08 22:35:00+00:00,1,0.5223100756018734
2026-02-08 22:40:00+00:00,1,0.5091604537969496
2026-02-08 22:45:00+00:00,1,0.48226554072996924
2026-02-08 22:50:00+00:00,0,0.4966150025227844
2026-02-08 22:55:00+00:00,0,0.48812772413653355
2026-02-08 23:00:00+00:00,0,0.4360040179264736
2026-02-08 23:05:00+00:00,0,0.4709069747363649
2026-02-08 23:10:00+00:00,0,0.4461753518238807
2026-02-08 23:15:00+00:00,0,0.4488829078592832
2026-02-08 23:20:00+00:00,1,0.5082557336284026
2026-02-08 23:25:00+00:00,1,0.49485129624870455
2026-02-08 23:30:00+00:00,1,0.4928225915147272
2026-02-08 23:35:00+00:00,1,0.48751263319567023
2026-02-08 23:40:00+00:00,1,0.4779602635943772
2026-02-08 23:45:00+00:00,0,0.49575264178369394
2026-02-08 23:50:00+00:00,1,0.4928594508152041
2026-02-08 23:55:00+00:00,0,0.5030786036009367
2026-02-09 00:00:00+00:00,0,0.5097131481199958
2026-02-09 00:05:00+00:00,0,0.5033474807269551
2026-02-09 00:10:00+00:00,0,0.5203480268005255
2026-02-09 00:15:00+00:00,0,0.5368439962966252
2026-02-09 00:20:00+00:00,0,0.5153527374778314
2026-02-09 00:25:00+00:00,1,0.5201359582578646
2026-02-09 00:30:00+00:00,1,0.5267090286715364
2026-02-09 00:35:00+00:00,1,0.48434665284073386
2026-02-09 00:40:00+00:00,1,0.47320559259232603
2026-02-09 00:45:00+00:00,1,0.4784738612286363
2026-02-09 00:50:00+00:00,1,0.4772120651495925
2026-02-09 00:55:00+00:00,1,0.497780733367877
2026-02-09 01:00:00+00:00,1,0.5062480583475352
2026-02-09 01:05:00+00:00,0,0.49479736821231407
2026-02-09 01:10:00+00:00,0,0.4952911459288311
2026-02-09 01:15:00+00:00,0,0.485592974516417
2026-02-09 01:20:00+00:00,0,0.5033426006880368
2026-02-09 01:25:00+00:00,0,0.49431759819876975
2026-02-09 01:30:00+00:00,0,0.4902869671415682
2026-02-09 01:35:00+00:00,0,0.5036251956908622
2026-02-09 01:40:00+00:00,0,0.4842069647676865
2026-02-09 01:45:00+00:00,1,0.4827188202985464
2026-02-09 01:50:00+00:00,0,0.4853647153912847
2026-02-09 01:55:00+00:00,0,0.47710362951885593
2026-02-09 02:00:00+00:00,1,0.47772389679435867
2026-02-09 02:05:00+00:00,1,0.4897837058566171
2026-02-09 02:10:00+00:00,1,0.5028801096699599
2026-02-09 02:15:00+00:00,1,0.4859915646335455
2026-02-09 02:20:00+00:00,1,0.5003800553316194
2026-02-09 02:25:00+00:00,1,0.5002476191438177
2026-02-09 02:30:00+00:00,1,0.47872142147844654
2026-02-09 02:35:00+00:00,1,0.46767357993449127
2026-02-09 02:40:00+00:00,0,0.450786302186304
2026-02-09 02:45:00+00:00,0,0.45158022264528636
2026-02-09 02:50:00+00:00,0,0.4564046732040455
2026-02-09 02:55:00+00:00,0,0.4574419742849407
2026-02-09 03:00:00+00:00,1,0.45362489885963875
2026-02-09 03:05:00+00:00,1,0.4578699072467348
2026-02-09 03:10:00+00:00,1,0.47256853420457956
2026-02-09 03:15:00+00:00,1,0.47500151927903816
2026-02-09 03:20:00+00:00,1,0.47867013262367114
2026-02-09 03:25:00+00:00,1,0.4742727134673134
2026-02-09 03:30:00+00:00,1,0.48622594269241926
2026-02-09 03:35:00+00:00,1,0.45677454828685177
2026-02-09 03:40:00+00:00,0,0.4621276404606476
2026-02-09 03:45:00+00:00,0,0.45988393480404144
2026-02-09 03:50:00+00:00,0,0.45907551742829256
2026-02-09 03:55:00+00:00,0,0.45034086548849134
2026-02-09 04:00:00+00:00,0,0.4850655385732833
2026-02-09 04:05:00+00:00,0,0.483281169840968
2026-02-09 04:10:00+00:00,0,0.5053272356114188
2026-02-09 04:15:00+00:00,0,0.49422650272290874
2026-02-09 04:20:00+00:00,0,0.47685150729714143
2026-02-09 04:25:00+00:00,0,0.49182616661982903
2026-02-09 04:30:00+00:00,0,0.5047372026211684
2026-02-09 04:35:00+00:00,0,0.4992932643955086
2026-02-09 04:40:00+00:00,0,0.4814171619545341
2026-02-09 04:45:00+00:00,0,0.47386130202438087
2026-02-09 04:50:00+00:00,1,0.48578619978663284
2026-02-09 04:55:00+00:00,1,0.48262920102218043
2026-02-09 05:00:00+00:00,1,0.5219053608388127
2026-02-09 05:05:00+00:00,1,0.5335379044682356
2026-02-09 05:10:00+00:00,1,0.5298222069783888
2026-02-09 05:15:00+00:00,1,0.5252191695117482
2026-02-09 05:20:00+00:00,0,0.4954801491667632
2026-02-09 05:25:00+00:00,0,0.5150028250656589
2026-02-09 05:30:00+00:00,0,0.5037892469786939
2026-02-09 05:35:00+00:00,0,0.5056370249791415
2026-02-09 05:40:00+00:00,0,0.5012901787054383
2026-02-09 05:45:00+00:00,0,0.5210829846008913
2026-02-09 05:50:00+00:00,0,0.5149414168219595
2026-02-09 05:55:00+00:00,0,0.5161703292556067
2026-02-09 06:00:00+00:00,0,0.4833536793729648
2026-02-09 06:05:00+00:00,0,0.4755637140819154
2026-02-09 06:10:00+00:00,0,0.4757909854081762
2026-02-09 06:15:00+00:00,1,0.49458151787031335
2026-02-09 06:20:00+00:00,1,0.48697262898427013
2026-02-09 06:25:00+00:00,1,0.49680719268230794
2026-02-09 06:30:00+00:00,1,0.4786878366226391
2026-02-09 06:35:00+00:00,1,0.4813972780374423
2026-02-09 06:40:00+00:00,1,0.48864843148282355
2026-02-09 06:45:00+00:00,1,0.48219105067912654
2026-02-09 06:50:00+00:00,0,0.49186879478951145
2026-02-09 06:55:00+00:00,0,0.48246804233552176
2026-02-09 07:00:00+00:00,0,0.49979166370416517
2026-02-09 07:05:00+00:00,0,0.47854179415423154
2026-02-09 07:10:00+00:00,0,0.4656032798025317
2026-02-09 07:15:00+00:00,0,0.4580081764681277
2026-02-09 07:20:00+00:00,0,0.5050195334813213
2026-02-09 07:25:00+00:00,0,0.5241964845992791
2026-02-09 07:30:00+00:00,0,0.5148737947903591
2026-02-09 07:35:00+00:00,0,0.5159340339568272
2026-02-09 07:40:00+00:00,0,0.518485217594736
2026-02-09 07:45:00+00:00,0,0.5183265317446866
2026-02-09 07:50:00+00:00,0,0.5244778673460301
2026-02-09 07:55:00+00:00,0,0.5199297573086368
2026-02-09 08:00:00+00:00,0,0.5091214805429302
2026-02-09 08:05:00+00:00,0,0.5013464825401225
2026-02-09 08:10:00+00:00,0,0.5018363717139178
2026-02-09 08:15:00+00:00,0,0.49103210344036446
2026-02-09 08:20:00+00:00,0,0.5102792825231947
2026-02-09 08:25:00+00:00,0,0.5352391898417418
2026-02-09 08:30:00+00:00,1,0.5396197295323946
2026-02-09 08:35:00+00:00,0,0.47598738328985063
2026-02-09 08:40:00+00:00,0,0.49728995876664916
2026-02-09 08:45:00+00:00,0,0.5038207576725818
2026-02-09 08:50:00+00:00,0,0.5159217481884685
2026-02-09 08:55:00+00:00,0,0.5035009367063149
2026-02-09 09:00:00+00:00,0,0.48874456522617216
2026-02-09 09:05:00+00:00,0,0.5127731014741117
2026-02-09 09:10:00+00:00,0,0.521397234908393
2026-02-09 09:15:00+00:00,0,0.5209051553334916
2026-02-09 09:20:00+00:00,0,0.5334621974974507
2026-02-09 09:25:00+00:00,0,0.5309168524828191
2026-02-09 09:30:00+00:00,0,0.5395824842700538
2026-02-09 09:35:00+00:00,1,0.5109857634880612
2026-02-09 09:40:00+00:00,1,0.5016302321238622
2026-02-09 09:45:00+00:00,0,0.530128836014045
2026-02-09 09:50:00+00:00,0,0.5289705862131416
2026-02-09 09:55:00+00:00,0,0.551893210540707
2026-02-09 10:00:00+00:00,0,0.5394108566084436
2026-02-09 10:05:00+00:00,0,0.54120719683939
2026-02-09 10:10:00+00:00,0,0.5590644789490784
2026-02-09 10:15:00+00:00,0,0.5372490803954242
2026-02-09 10:20:00+00:00,0,0.5360127649250368
2026-02-09 10:25:00+00:00,0,0.5077715970964171
2026-02-09 10:30:00+00:00,1,0.48942463239286327
2026-02-09 10:35:00+00:00,1,0.5304840915482669
2026-02-09 10:40:00+00:00,1,0.511613935888922
2026-02-09 10:45:00+00:00,1,0.5159450939177656
2026-02-09 10:50:00+00:00,1,0.493512614585517
2026-02-09 10:55:00+00:00,1,0.5133451511568605
2026-02-09 11:00:00+00:00,1,0.5035428211797222
2026-02-09 11:05:00+00:00,1,0.5458751677577076
2026-02-09 11:10:00+00:00,1,0.5545382280095029
2026-02-09 11:15:00+00:00,1,0.5589635037249516
2026-02-09 11:20:00+00:00,1,0.5297726051443693
2026-02-09 11:25:00+00:00,1,0.5181482076617225
2026-02-09 11:30:00+00:00,1,0.5010254749726404
2026-02-09 11:35:00+00:00,1,0.49792156104915825
2026-02-09 11:40:00+00:00,1,0.4936837580636823
2026-02-09 11:45:00+00:00,1,0.48852944309867813
2026-02-09 11:50:00+00:00,1,0.4879961995326927
2026-02-09 11:55:00+00:00,1,0.4873112620616972
2026-02-09 12:00:00+00:00,1,0.5028572987036865
2026-02-09 12:05:00+00:00,1,0.5117145259659778
2026-02-09 12:10:00+00:00,1,0.491017160725824
2026-02-09 12:15:00+00:00,1,0.49935553636545854
2026-02-09 12:20:00+00:00,1,0.5066523830931988
2026-02-09 12:25:00+00:00,1,0.5075006526511513
2026-02-09 12:30:00+00:00,1,0.5008087643918381
2026-02-09 12:35:00+00:00,1,0.49301999320712064
2026-02-09 12:40:00+00:00,1,0.49888522048359885
2026-02-09 12:45:00+00:00,1,0.5103250259654111
2026-02-09 12:50:00+00:00,1,0.5209770894160506
2026-02-09 12:55:00+00:00,1,0.5298339057004848
2026-02-09 13:00:00+00:00,1,0.5128833226885262
2026-02-09 13:05:00+00:00,1,0.5010249172312886
2026-02-09 13:10:00+00:00,0,0.47071312456673936
2026-02-09 13:15:00+00:00,0,0.49470434681738207
2026-02-09 13:20:00+00:00,0,0.47666833648497753
2026-02-09 13:25:00+00:00,0,0.503899394846523
2026-02-09 13:30:00+00:00,0,0.5250112109466303
2026-02-09 13:35:00+00:00,0,0.5404963609676829
2026-02-09 13:40:00+00:00,0,0.5336437306180978
2026-02-09 13:45:00+00:00,1,0.5385126598708814
2026-02-09 13:50:00+00:00,1,0.49696368948967956
2026-02-09 13:55:00+00:00,1,0.5083318446952856
2026-02-09 14:00:00+00:00,1,0.5188769032997712
2026-02-09 14:05:00+00:00,1,0.5188273625260066
2026-02-09 14:10:00+00:00,1,0.5069148647211996
2026-02-09 14:15:00+00:00,1,0.49601891847525414
2026-02-09 14:20:00+00:00,1,0.4820081084855961
2026-02-09 14:25:00+00:00,1,0.49960841708065634
2026-02-09 14:30:00+00:00,1,0.5054215949413123
2026-02-09 14:35:00+00:00,1,0.45605460376287144
2026-02-09 14:40:00+00:00,1,0.469500964685084
2026-02-09 14:45:00+00:00,0,0.4917958613811261
2026-02-09 14:50:00+00:00,0,0.4892617615942626
2026-02-09 14:55:00+00:00,0,0.4965743170074416
2026-02-09 15:00:00+00:00,0,0.46196225195373575
2026-02-09 15:05:00+00:00,0,0.4823207020329204
2026-02-09 15:10:00+00:00,1,0.4627709323350493
2026-02-09 15:15:00+00:00,1,0.4553020880832562
2026-02-09 15:20:00+00:00,1,0.48229438164013955
2026-02-09 15:25:00+00:00,1,0.5062172756793882
2026-02-09 15:30:00+00:00,1,0.5107852939208758
2026-02-09 15:35:00+00:00,1,0.49359007229830415
2026-02-09 15:40:00+00:00,0,0.49890616365724133
2026-02-09 15:45:00+00:00,0,0.5029583584430177
2026-02-09 15:50:00+00:00,0,0.5255938399844736
2026-02-09 15:55:00+00:00,0,0.5254109309356685
2026-02-09 16:00:00+00:00,0,0.5353265970487188
2026-02-09 16:05:00+00:00,0,0.5049487628393041
2026-02-09 16:10:00+00:00,1,0.5223872244378197
2026-02-09 16:15:00+00:00,1,0.5133056352155095
2026-02-09 16:20:00+00:00,1,0.5145166177782404
2026-02-09 16:25:00+00:00,1,0.544222934063744
2026-02-09 16:30:00+00:00,1,0.501749476363551
2026-02-09 16:35:00+00:00,1,0.49539482148689373
2026-02-09 16:40:00+00:00,0,0.4648858654609499
2026-02-09 16:45:00+00:00,0,0.4511212912167399
2026-02-09 16:50:00+00:00,0,0.4617894278305434
2026-02-09 16:55:00+00:00,0,0.4703326203453341
2026-02-09 17:00:00+00:00,1,0.4436164078249697
2026-02-09 17:05:00+00:00,1,0.4820006165503071
2026-02-09 17:10:00+00:00,1,0.49230261064082137
2026-02-09 17:15:00+00:00,1,0.4825196817957321
2026-02-09 17:20:00+00:00,1,0.49945559544286633
2026-02-09 17:25:00+00:00,1,0.5044597764943407
2026-02-09 17:30:00+00:00,1,0.5157564874171048
2026-02-09 17:35:00+00:00,0,0.4907016251229641
2026-02-09 17:40:00+00:00,0,0.48868260360194593
2026-02-09 17:45:00+00:00,0,0.47436007599088553
2026-02-09 17:50:00+00:00,0,0.45880621264262067
2026-02-09 17:55:00+00:00,0,0.4698102753187598
2026-02-09 18:00:00+00:00,0,0.478492357945214
2026-02-09 18:05:00+00:00,0,0.5058679839519851
2026-02-09 18:10:00+00:00,1,0.5015744583270672
2026-02-09 18:15:00+00:00,1,0.5177538898356263
2026-02-09 18:20:00+00:00,1,0.48023811339815964
2026-02-09 18:25:00+00:00,1,0.45287772549833283
2026-02-09 18:30:00+00:00,1,0.5050647618952016
2026-02-09 18:35:00+00:00,1,0.498862604091424
2026-02-09 18:40:00+00:00,0,0.5051188016545748
2026-02-09 18:45:00+00:00,0,0.5051850824550345
2026-02-09 18:50:00+00:00,1,0.5397445699835652
2026-02-09 18:55:00+00:00,1,0.5385474227366727
2026-02-09 19:00:00+00:00,1,0.5347358488665823
2026-02-09 19:05:00+00:00,1,0.533024582780484
2026-02-09 19:10:00+00:00,1,0.5394920019373184
2026-02-09 19:15:00+00:00,1,0.5314115103880421
2026-02-09 19:20:00+00:00,1,0.5452154389643177
2026-02-09 19:25:00+00:00,1,0.522764214104535
2026-02-09 19:30:00+00:00,1,0.5205093354213902
2026-02-09 19:35:00+00:00,1,0.48396209871356083
2026-02-09 19:40:00+00:00,1,0.4875874081226158
2026-02-09 19:45:00+00:00,0,0.4792618674387115
2026-02-09 19:50:00+00:00,0,0.49338851002406264
2026-02-09 19:55:00+00:00,0,0.48591373720513026
2026-02-09 20:00:00+00:00,0,0.5056038434224632
2026-02-09 20:05:00+00:00,0,0.5035935174997379
2026-02-09 20:10:00+00:00,0,0.5022998766497303
2026-02-09 20:15:00+00:00,1,0.5218128410067432
2026-02-09 20:20:00+00:00,1,0.5286182050486491
2026-02-09 20:25:00+00:00,1,0.5366979921033485
2026-02-09 20:30:00+00:00,0,0.5205207777590369
2026-02-09 20:35:00+00:00,0,0.5045579871718444
2026-02-09 20:40:00+00:00,0,0.5148534829982531
2026-02-09 20:45:00+00:00,0,0.5069988446607724
2026-02-09 20:50:00+00:00,0,0.5046064510283669
2026-02-09 20:55:00+00:00,0,0.4985568231556229
2026-02-09 21:00:00+00:00,0,0.5195479641987023
2026-02-09 21:05:00+00:00,0,0.5117417846268029
2026-02-09 21:10:00+00:00,0,0.5206718090257169
2026-02-09 21:15:00+00:00,0,0.514194925647116
2026-02-09 21:20:00+00:00,1,0.5170643238919039
2026-02-09 21:25:00+00:00,1,0.5141390288651246
2026-02-09 21:30:00+00:00,1,0.4760272396970722
2026-02-09 21:35:00+00:00,1,0.47758412708400366
2026-02-09 21:40:00+00:00,1,0.4871449678065783
2026-02-09 21:45:00+00:00,1,0.47737600976164196
2026-02-09 21:50:00+00:00,0,0.44348643047549835
2026-02-09 21:55:00+00:00,0,0.46037101837788436
2026-02-09 22:00:00+00:00,0,0.4693497978824578
2026-02-09 22:05:00+00:00,0,0.4724650239002656
2026-02-09 22:10:00+00:00,0,0.4634138766269732
2026-02-09 22:15:00+00:00,0,0.47054243256165806
2026-02-09 22:20:00+00:00,0,0.4667052026804146
2026-02-09 22:25:00+00:00,0,0.4679365627447213
2026-02-09 22:30:00+00:00,1,0.47302522534615643
2026-02-09 22:35:00+00:00,1,0.4672766333992574
2026-02-09 22:40:00+00:00,0,0.5008070353908928
2026-02-09 22:45:00+00:00,0,0.48678648479961234
2026-02-09 22:50:00+00:00,1,0.49142251533527287
2026-02-09 22:55:00+00:00,0,0.5048851025532832
2026-02-09 23:00:00+00:00,0,0.49687244608793535
2026-02-09 23:05:00+00:00,0,0.48306436971604266
2026-02-09 23:10:00+00:00,0,0.4864731873166091
2026-02-09 23:15:00+00:00,0,0.4883885066778069
2026-02-09 23:20:00+00:00,0,0.4671963854884527
2026-02-09 23:25:00+00:00,0,0.4703951043873051
2026-02-09 23:30:00+00:00,0,0.48590606038689915
2026-02-09 23:35:00+00:00,0,0.4944027827088281
2026-02-09 23:40:00+00:00,0,0.49248096365492705
2026-02-09 23:45:00+00:00,1,0.4992659907853657
2026-02-09 23:50:00+00:00,0,0.48363901659052
2026-02-09 23:55:00+00:00,0,0.47787796201234783
2026-02-10 00:00:00+00:00,0,0.5035721570130132
2026-02-10 00:05:00+00:00,0,0.4997564979712896
2026-02-10 00:10:00+00:00,0,0.5000376844365978
2026-02-10 00:15:00+00:00,0,0.5209756696728264
2026-02-10 00:20:00+00:00,0,0.5444389378683915
2026-02-10 00:25:00+00:00,0,0.5413705261640919
2026-02-10 00:30:00+00:00,0,0.5301537877010056
2026-02-10 00:35:00+00:00,1,0.5427587536994672
2026-02-10 00:40:00+00:00,1,0.5385784151510035
2026-02-10 00:45:00+00:00,1,0.5409176027552434
2026-02-10 00:50:00+00:00,1,0.532300360994236
2026-02-10 00:55:00+00:00,1,0.524231122718949
2026-02-10 01:00:00+00:00,1,0.489232828083857
2026-02-10 01:05:00+00:00,1,0.5082350190848249
2026-02-10 01:10:00+00:00,1,0.5034789069036086
2026-02-10 01:15:00+00:00,1,0.5021535833806983
2026-02-10 01:20:00+00:00,1,0.485756663309003
2026-02-10 01:25:00+00:00,0,0.4863726306106531
2026-02-10 01:30:00+00:00,0,0.49673700356363093
2026-02-10 01:35:00+00:00,0,0.464685407708745
2026-02-10 01:40:00+00:00,0,0.4799568991122908
2026-02-10 01:45:00+00:00,0,0.47371866169008203
2026-02-10 01:50:00+00:00,0,0.48468040687354924
2026-02-10 01:55:00+00:00,0,0.4906756990354706
2026-02-10 02:00:00+00:00,0,0.5127666079983545
2026-02-10 02:05:00+00:00,0,0.5230739463016097
2026-02-10 02:10:00+00:00,0,0.5160112026277174
2026-02-10 02:15:00+00:00,1,0.5167054630169042
2026-02-10 02:20:00+00:00,0,0.5350510488976277
2026-02-10 02:25:00+00:00,0,0.5159003803777099
2026-02-10 02:30:00+00:00,0,0.5267373645391091
2026-02-10 02:35:00+00:00,0,0.5260474113360444
2026-02-10 02:40:00+00:00,0,0.5162410047211313
2026-02-10 02:45:00+00:00,0,0.5169827927232091
2026-02-10 02:50:00+00:00,0,0.5118985066306453
2026-02-10 02:55:00+00:00,0,0.5150800305221231
2026-02-10 03:00:00+00:00,0,0.5187049988506778
2026-02-10 03:05:00+00:00,0,0.5150043574797478
2026-02-10 03:10:00+00:00,0,0.5059652687152549
2026-02-10 03:15:00+00:00,0,0.4772077377015774
2026-02-10 03:20:00+00:00,0,0.49365735313165704
2026-02-10 03:25:00+00:00,1,0.48840872793804746
2026-02-10 03:30:00+00:00,1,0.5397557374881475
2026-02-10 03:35:00+00:00,1,0.5247107183254542
2026-02-10 03:40:00+00:00,1,0.5180994692097229
2026-02-10 03:45:00+00:00,1,0.5225105712940358
2026-02-10 03:50:00+00:00,1,0.5201947880327448
2026-02-10 03:55:00+00:00,1,0.5044825585024248
2026-02-10 04:00:00+00:00,1,0.5001393332217641
2026-02-10 04:05:00+00:00,0,0.5089117813577781
2026-02-10 04:10:00+00:00,0,0.5077495436473052
2026-02-10 04:15:00+00:00,1,0.5141047271252911
2026-02-10 04:20:00+00:00,1,0.5139523043067777
2026-02-10 04:25:00+00:00,1,0.5111998595210909
2026-02-10 04:30:00+00:00,1,0.5034733297362205
2026-02-10 04:35:00+00:00,1,0.4934882174220862
2026-02-10 04:40:00+00:00,1,0.493171782093501
2026-02-10 04:45:00+00:00,0,0.5025018867560422
2026-02-10 04:50:00+00:00,0,0.5011891719432419
2026-02-10 04:55:00+00:00,0,0.4898059087461102
2026-02-10 05:00:00+00:00,0,0.5091198915023205
2026-02-10 05:05:00+00:00,0,0.5182337915472467
2026-02-10 05:10:00+00:00,0,0.5115450914863627
2026-02-10 05:15:00+00:00,0,0.5150294333065544
2026-02-10 05:20:00+00:00,0,0.5163444677500505
2026-02-10 05:25:00+00:00,0,0.5144854661299713
2026-02-10 05:30:00+00:00,0,0.5133871749791329
2026-02-10 05:35:00+00:00,0,0.5224273291649539
2026-02-10 05:40:00+00:00,0,0.5143147152100058
2026-02-10 05:45:00+00:00,1,0.5156121460840059
2026-02-10 05:50:00+00:00,0,0.5111854490712615
2026-02-10 05:55:00+00:00,0,0.4986044819704128
2026-02-10 06:00:00+00:00,0,0.5053452486808594
2026-02-10 06:05:00+00:00,0,0.5286387183200645
2026-02-10 06:10:00+00:00,0,0.5195466276597064
2026-02-10 06:15:00+00:00,0,0.5096255593546805
2026-02-10 06:20:00+00:00,0,0.5298132592400847
2026-02-10 06:25:00+00:00,0,0.5223567769365868
2026-02-10 06:30:00+00:00,0,0.5389574242998038
2026-02-10 06:35:00+00:00,0,0.5405573097114162
2026-02-10 06:40:00+00:00,0,0.5311697865245646
2026-02-10 06:45:00+00:00,1,0.5379313662009778
2026-02-10 06:50:00+00:00,1,0.5516871006963079
2026-02-10 06:55:00+00:00,1,0.5525474239343803
2026-02-10 07:00:00+00:00,0,0.4850350015425718
2026-02-10 07:05:00+00:00,0,0.5035461953595113
2026-02-10 07:10:00+00:00,0,0.49048547836560813
2026-02-10 07:15:00+00:00,0,0.4890547547939826
2026-02-10 07:20:00+00:00,0,0.4972742029727933
2026-02-10 07:25:00+00:00,0,0.49474700946237793
2026-02-10 07:30:00+00:00,1,0.5225235681971067
2026-02-10 07:35:00+00:00,1,0.532050110170619
2026-02-10 07:40:00+00:00,1,0.4966949793890711
2026-02-10 07:45:00+00:00,1,0.5186488288828772
2026-02-10 07:50:00+00:00,1,0.5258392933490694
2026-02-10 07:55:00+00:00,1,0.5147852472773806
2026-02-10 08:00:00+00:00,1,0.5189010191352074
2026-02-10 08:05:00+00:00,1,0.4794149432829396
2026-02-10 08:10:00+00:00,1,0.493482362107473
2026-02-10 08:15:00+00:00,1,0.4729758282199701
2026-02-10 08:20:00+00:00,1,0.4848449277650291
2026-02-10 08:25:00+00:00,1,0.4848135835643533
2026-02-10 08:30:00+00:00,1,0.4624379639250382
2026-02-10 08:35:00+00:00,1,0.4645736957520387
2026-02-10 08:40:00+00:00,1,0.4679413535048903
2026-02-10 08:45:00+00:00,1,0.4613859809401705
2026-02-10 08:50:00+00:00,1,0.4486030897434353
2026-02-10 08:55:00+00:00,0,0.44078578958460723
2026-02-10 09:00:00+00:00,0,0.44156496684446894
2026-02-10 09:05:00+00:00,0,0.441512320472805
2026-02-10 09:10:00+00:00,0,0.43221328811608606
2026-02-10 09:15:00+00:00,0,0.4434132682756992
2026-02-10 09:20:00+00:00,0,0.47251720970248445
2026-02-10 09:25:00+00:00,0,0.4802496963553064
2026-02-10 09:30:00+00:00,0,0.5042313698216159
2026-02-10 09:35:00+00:00,1,0.5330251936220329
2026-02-10 09:40:00+00:00,0,0.5208193009827933
2026-02-10 09:45:00+00:00,1,0.5305452148453318
2026-02-10 09:50:00+00:00,1,0.5446740688957201
2026-02-10 09:55:00+00:00,1,0.5480411848743884
2026-02-10 10:00:00+00:00,0,0.5285678109242073
2026-02-10 10:05:00+00:00,0,0.5281886272636613
2026-02-10 10:10:00+00:00,0,0.5259026224673539
2026-02-10 10:15:00+00:00,0,0.5355135024417903
2026-02-10 10:20:00+00:00,0,0.48881901440064673
2026-02-10 10:25:00+00:00,0,0.5021244418059045
2026-02-10 10:30:00+00:00,0,0.5298272921751558
2026-02-10 10:35:00+00:00,0,0.5214344238369292
2026-02-10 10:40:00+00:00,0,0.5098238458616859
2026-02-10 10:45:00+00:00,1,0.5165493839181864
2026-02-10 10:50:00+00:00,1,0.5192020140746457
2026-02-10 10:55:00+00:00,1,0.5199325137529721
2026-02-10 11:00:00+00:00,1,0.5257402512835178
2026-02-10 11:05:00+00:00,1,0.5375181571108215
2026-02-10 11:10:00+00:00,0,0.5389232756772447
2026-02-10 11:15:00+00:00,0,0.5246324904921388
2026-02-10 11:20:00+00:00,0,0.5104158712034572
2026-02-10 11:25:00+00:00,0,0.5171927607964926
2026-02-10 11:30:00+00:00,0,0.530758194580748
2026-02-10 11:35:00+00:00,0,0.5137391866684436
2026-02-10 11:40:00+00:00,0,0.5373082053729595
2026-02-10 11:45:00+00:00,0,0.5138447708138879
2026-02-10 11:50:00+00:00,1,0.4841838554604066
2026-02-10 11:55:00+00:00,1,0.4918370675989586
2026-02-10 12:00:00+00:00,0,0.4911800957195017
2026-02-10 12:05:00+00:00,0,0.5095871449990559
2026-02-10 12:10:00+00:00,0,0.508338926071667
2026-02-10 12:15:00+00:00,0,0.5185157401045315
2026-02-10 12:20:00+00:00,0,0.5160852782618058
2026-02-10 12:25:00+00:00,0,0.5252979166568503
2026-02-10 12:30:00+00:00,0,0.5261780401781155
2026-02-10 12:35:00+00:00,0,0.5291341482121961
2026-02-10 12:40:00+00:00,0,0.5288574371333797
2026-02-10 12:45:00+00:00,1,0.5235700373121742
2026-02-10 12:50:00+00:00,1,0.518973616735935
2026-02-10 12:55:00+00:00,1,0.516219498499117
2026-02-10 13:00:00+00:00,1,0.5113184035767239
2026-02-10 13:05:00+00:00,1,0.5319987860652505
2026-02-10 13:10:00+00:00,1,0.5323155793650728
2026-02-10 13:15:00+00:00,1,0.5331347270154619
2026-02-10 13:20:00+00:00,1,0.5205502047912485
2026-02-10 13:25:00+00:00,1,0.5229788857175288
2026-02-10 13:30:00+00:00,1,0.4724643010324277
2026-02-10 13:35:00+00:00,1,0.47282160637677173
2026-02-10 13:40:00+00:00,1,0.4672689417440661
2026-02-10 13:45:00+00:00,1,0.477087363664431
2026-02-10 13:50:00+00:00,1,0.4656452320421462
2026-02-10 13:55:00+00:00,1,0.4592592179285521
2026-02-10 14:00:00+00:00,1,0.4795507479141977
2026-02-10 14:05:00+00:00,1,0.4737725858523153
2026-02-10 14:10:00+00:00,0,0.492863075410221
2026-02-10 14:15:00+00:00,0,0.5008525750382565
2026-02-10 14:20:00+00:00,0,0.5048112363462848
2026-02-10 14:25:00+00:00,0,0.4938128555431547
2026-02-10 14:30:00+00:00,0,0.47940457292285643
2026-02-10 14:35:00+00:00,1,0.4718096946688814
2026-02-10 14:40:00+00:00,0,0.48764713370578455
2026-02-10 14:45:00+00:00,1,0.48154001745944053
2026-02-10 14:50:00+00:00,1,0.46261977934529513
2026-02-10 14:55:00+00:00,1,0.447582605381541
2026-02-10 15:00:00+00:00,1,0.46565791634130294
2026-02-10 15:05:00+00:00,1,0.4854018433086146
2026-02-10 15:10:00+00:00,1,0.49671636793130736
2026-02-10 15:15:00+00:00,1,0.4977824902259368
2026-02-10 15:20:00+00:00,0,0.5084354722185859
2026-02-10 15:25:00+00:00,0,0.501031916885068
2026-02-10 15:30:00+00:00,0,0.5209072153773396
2026-02-10 15:35:00+00:00,0,0.4950759326118262
2026-02-10 15:40:00+00:00,1,0.5003385592220467
2026-02-10 15:45:00+00:00,1,0.4958145469314042
2026-02-10 15:50:00+00:00,1,0.4958834514155603
2026-02-10 15:55:00+00:00,1,0.5108961769925553
2026-02-10 16:00:00+00:00,1,0.4875360020423249
2026-02-10 16:05:00+00:00,1,0.479642511017251
2026-02-10 16:10:00+00:00,0,0.471890616952437
2026-02-10 16:15:00+00:00,0,0.4921028754365597
2026-02-10 16:20:00+00:00,0,0.4762033627580836
2026-02-10 16:25:00+00:00,0,0.46162613570090616
2026-02-10 16:30:00+00:00,0,0.46769687955236194
2026-02-10 16:35:00+00:00,0,0.47512146967270313
2026-02-10 16:40:00+00:00,0,0.4739768719134722
2026-02-10 16:45:00+00:00,1,0.48820845413498704
2026-02-10 16:50:00+00:00,1,0.48666300379109456
2026-02-10 16:55:00+00:00,1,0.45962426943833645
2026-02-10 17:00:00+00:00,1,0.4599228504704846
2026-02-10 17:05:00+00:00,1,0.4543842558154155
2026-02-10 17:10:00+00:00,1,0.4723173388425645
2026-02-10 17:15:00+00:00,1,0.4670324517836755
2026-02-10 17:20:00+00:00,1,0.4699531509180339
2026-02-10 17:25:00+00:00,1,0.487794721227854
2026-02-10 17:30:00+00:00,0,0.48466749330774844
2026-02-10 17:35:00+00:00,0,0.49064699919388943
2026-02-10 17:40:00+00:00,0,0.49830179737257824
2026-02-10 17:45:00+00:00,0,0.49860275297843876
2026-02-10 17:50:00+00:00,0,0.4981670760633261
2026-02-10 17:55:00+00:00,0,0.4948412021603531
2026-02-10 18:00:00+00:00,0,0.491280179913133
2026-02-10 18:05:00+00:00,0,0.5076726490849621
2026-02-10 18:10:00+00:00,0,0.4893554336298793
2026-02-10 18:15:00+00:00,0,0.4888232093239978
2026-02-10 18:20:00+00:00,0,0.5095336490569449
2026-02-10 18:25:00+00:00,0,0.5007339990274019
2026-02-10 18:30:00+00:00,0,0.5198101710071901
2026-02-10 18:35:00+00:00,0,0.5118889188672914
2026-02-10 18:40:00+00:00,0,0.5144432524020042
2026-02-10 18:45:00+00:00,1,0.5321405644774729
2026-02-10 18:50:00+00:00,1,0.512661513421754
2026-02-10 18:55:00+00:00,0,0.521034658326183
2026-02-10 19:00:00+00:00,1,0.5149352313930614
2026-02-10 19:05:00+00:00,1,0.5160460536438173
2026-02-10 19:10:00+00:00,1,0.5080023340084283
2026-02-10 19:15:00+00:00,1,0.4839905980039252
2026-02-10 19:20:00+00:00,1,0.5045851470191921
2026-02-10 19:25:00+00:00,1,0.5031954463052957
2026-02-10 19:30:00+00:00,1,0.500176534722597
2026-02-10 19:35:00+00:00,0,0.5192299992995218
2026-02-10 19:40:00+00:00,0,0.488420071928361
2026-02-10 19:45:00+00:00,0,0.4952755862644217
2026-02-10 19:50:00+00:00,1,0.5024134307431751
2026-02-10 19:55:00+00:00,0,0.4949456566577395
2026-02-10 20:00:00+00:00,0,0.5022409801298745
2026-02-10 20:05:00+00:00,1,0.5012988236747881
2026-02-10 20:10:00+00:00,1,0.5240920123960785
2026-02-10 20:15:00+00:00,1,0.5216145752158335
2026-02-10 20:20:00+00:00,1,0.5171349073679303
2026-02-10 20:25:00+00:00,1,0.5049758943974462
2026-02-10 20:30:00+00:00,1,0.498379378666081
2026-02-10 20:35:00+00:00,0,0.5040648947886589
2026-02-10 20:40:00+00:00,0,0.49538439256654043
2026-02-10 20:45:00+00:00,0,0.48722911786436734
2026-02-10 20:50:00+00:00,0,0.4791936756780826
2026-02-10 20:55:00+00:00,0,0.478767045971096
2026-02-10 21:00:00+00:00,0,0.49117369760350454
2026-02-10 21:05:00+00:00,0,0.5026232764823424
2026-02-10 21:10:00+00:00,0,0.49688903831712766
2026-02-10 21:15:00+00:00,0,0.500990030504723
2026-02-10 21:20:00+00:00,0,0.5044130412522115
2026-02-10 21:25:00+00:00,1,0.499242732924946
2026-02-10 21:30:00+00:00,1,0.5054873729813433
2026-02-10 21:35:00+00:00,1,0.5120487880983032
2026-02-10 21:40:00+00:00,1,0.5014110687689733
2026-02-10 21:45:00+00:00,1,0.5066101972042137
2026-02-10 21:50:00+00:00,0,0.5110359082038458
2026-02-10 21:55:00+00:00,1,0.5023978142811717
2026-02-10 22:00:00+00:00,1,0.4918132583093261
2026-02-10 22:05:00+00:00,1,0.5091415247411
2026-02-10 22:10:00+00:00,1,0.5081483132195046
2026-02-10 22:15:00+00:00,1,0.4986482924071002
2026-02-10 22:20:00+00:00,0,0.4878253928333531
2026-02-10 22:25:00+00:00,0,0.48593077670019214
2026-02-10 22:30:00+00:00,0,0.4906209617027488
2026-02-10 22:35:00+00:00,0,0.5039029641888777
2026-02-10 22:40:00+00:00,0,0.5155177558616229
2026-02-10 22:45:00+00:00,1,0.5135102635582602
2026-02-10 22:50:00+00:00,1,0.5170047424402561
2026-02-10 22:55:00+00:00,1,0.5064761943471371
2026-02-10 23:00:00+00:00,1,0.5036159934024146
2026-02-10 23:05:00+00:00,1,0.5047247939349616
2026-02-10 23:10:00+00:00,1,0.516055692666295
2026-02-10 23:15:00+00:00,1,0.5099678825016352
2026-02-10 23:20:00+00:00,1,0.5129644759151445
2026-02-10 23:25:00+00:00,1,0.5018194723057801
2026-02-10 23:30:00+00:00,1,0.4937217901501557
2026-02-10 23:35:00+00:00,0,0.48878011736252786
2026-02-10 23:40:00+00:00,0,0.4791104379603457
2026-02-10 23:45:00+00:00,0,0.4900461847543029
2026-02-10 23:50:00+00:00,0,0.4807347655163417
2026-02-10 23:55:00+00:00,0,0.4823095471878029
2026-02-11 00:00:00+00:00,0,0.4953545558380108
2026-02-11 00:05:00+00:00,0,0.500797721095147
2026-02-11 00:10:00+00:00,1,0.5076787828197682
2026-02-11 00:15:00+00:00,1,0.49154583851314354
2026-02-11 00:20:00+00:00,1,0.5043662222777905
2026-02-11 00:25:00+00:00,1,0.5034017467165383
2026-02-11 00:30:00+00:00,1,0.5194916900961958
2026-02-11 00:35:00+00:00,1,0.5344679708518544
2026-02-11 00:40:00+00:00,1,0.5087766823441658
2026-02-11 00:45:00+00:00,1,0.4967184872660046
2026-02-11 00:50:00+00:00,0,0.49226419125319426
2026-02-11 00:55:00+00:00,0,0.4916879116570701
2026-02-11 01:00:00+00:00,0,0.4732230415799793
2026-02-11 01:05:00+00:00,0,0.5137679166012965
2026-02-11 01:10:00+00:00,1,0.5011415966644129
2026-02-11 01:15:00+00:00,1,0.5184983344931442
2026-02-11 01:20:00+00:00,1,0.48792086419118
2026-02-11 01:25:00+00:00,1,0.5093074527683918
2026-02-11 01:30:00+00:00,1,0.4822981138380089
2026-02-11 01:35:00+00:00,1,0.47996058822778115
2026-02-11 01:40:00+00:00,0,0.4740278370214204
2026-02-11 01:45:00+00:00,1,0.4754809902719257
2026-02-11 01:50:00+00:00,1,0.4856252271928378
2026-02-11 01:55:00+00:00,1,0.49658045190062666
2026-02-11 02:00:00+00:00,1,0.46745950221470284
2026-02-11 02:05:00+00:00,0,0.4693192790394491
2026-02-11 02:10:00+00:00,0,0.4828505285298061
2026-02-11 02:15:00+00:00,0,0.48309577651065305
2026-02-11 02:20:00+00:00,0,0.4911260533362386
2026-02-11 02:25:00+00:00,0,0.4597079129906348
2026-02-11 02:30:00+00:00,0,0.49451989451236283
2026-02-11 02:35:00+00:00,0,0.4867298995865777
2026-02-11 02:40:00+00:00,0,0.49199361320142915
2026-02-11 02:45:00+00:00,0,0.4709579052892103
2026-02-11 02:50:00+00:00,0,0.4864258557220151
2026-02-11 02:55:00+00:00,0,0.47215181056000666
2026-02-11 03:00:00+00:00,0,0.4927503787395833
2026-02-11 03:05:00+00:00,0,0.48693549460828883
2026-02-11 03:10:00+00:00,1,0.5050397496444556
2026-02-11 03:15:00+00:00,1,0.537684838948095
2026-02-11 03:20:00+00:00,1,0.506263867905985
2026-02-11 03:25:00+00:00,1,0.4944763957715933
2026-02-11 03:30:00+00:00,1,0.4995359662276373
2026-02-11 03:35:00+00:00,0,0.4885166635612826
2026-02-11 03:40:00+00:00,0,0.47485374113482753
2026-02-11 03:45:00+00:00,0,0.49203387202279936
2026-02-11 03:50:00+00:00,0,0.4983976445824012
2026-02-11 03:55:00+00:00,0,0.52642212878181
2026-02-11 04:00:00+00:00,0,0.5039353671066982
2026-02-11 04:05:00+00:00,0,0.5070827684422097
2026-02-11 04:10:00+00:00,0,0.5244205849264325
2026-02-11 04:15:00+00:00,0,0.5064455235658147
2026-02-11 04:20:00+00:00,0,0.5129166535604706
2026-02-11 04:25:00+00:00,0,0.5088706328888422
2026-02-11 04:30:00+00:00,0,0.5231437379617437
2026-02-11 04:35:00+00:00,1,0.5534673944820452
2026-02-11 04:40:00+00:00,1,0.5501615172342068
2026-02-11 04:45:00+00:00,0,0.5247335855499731
2026-02-11 04:50:00+00:00,1,0.5506261460865375
2026-02-11 04:55:00+00:00,1,0.5290330101012027
2026-02-11 05:00:00+00:00,0,0.5250773602948551
2026-02-11 05:05:00+00:00,0,0.5249011919003251
2026-02-11 05:10:00+00:00,0,0.5176552094213518
2026-02-11 05:15:00+00:00,0,0.5295565454909704
2026-02-11 05:20:00+00:00,0,0.5219775330581437
2026-02-11 05:25:00+00:00,0,0.5015631083545762
2026-02-11 05:30:00+00:00,0,0.5235663922078455
2026-02-11 05:35:00+00:00,0,0.5129346845110604
2026-02-11 05:40:00+00:00,0,0.5294051442887916
2026-02-11 05:45:00+00:00,0,0.5344775461969731
2026-02-11 05:50:00+00:00,0,0.5322484847823827
2026-02-11 05:55:00+00:00,0,0.5430936184699968
2026-02-11 06:00:00+00:00,0,0.5366851221306781
2026-02-11 06:05:00+00:00,0,0.5718319399862085
2026-02-11 06:10:00+00:00,1,0.570631338140412
2026-02-11 06:15:00+00:00,1,0.5758527503556855
2026-02-11 06:20:00+00:00,0,0.5184366764944516
2026-02-11 06:25:00+00:00,0,0.5121238165338635
2026-02-11 06:30:00+00:00,0,0.5291039376553845
2026-02-11 06:35:00+00:00,0,0.532548457355326
2026-02-11 06:40:00+00:00,0,0.540915774526687
2026-02-11 06:45:00+00:00,1,0.5470898292633743
2026-02-11 06:50:00+00:00,0,0.5450963638239551
2026-02-11 06:55:00+00:00,0,0.5461049772886323
2026-02-11 07:00:00+00:00,1,0.545473486486142
2026-02-11 07:05:00+00:00,1,0.5467915786202915
2026-02-11 07:10:00+00:00,1,0.5502855501554657
2026-02-11 07:15:00+00:00,1,0.551406281613109
2026-02-11 07:20:00+00:00,1,0.5424835692849275
2026-02-11 07:25:00+00:00,0,0.5639743293940362
2026-02-11 07:30:00+00:00,0,0.5412134011337907
2026-02-11 07:35:00+00:00,0,0.5333576988027725
2026-02-11 07:40:00+00:00,0,0.5276224182118409
2026-02-11 07:45:00+00:00,0,0.5301762385332746
2026-02-11 07:50:00+00:00,0,0.5058138065462024
2026-02-11 07:55:00+00:00,0,0.5635258409683042
2026-02-11 08:00:00+00:00,0,0.5427202460585562
2026-02-11 08:05:00+00:00,1,0.5501966876750898
2026-02-11 08:10:00+00:00,0,0.5407603710786074
2026-02-11 08:15:00+00:00,0,0.5387780568011036
2026-02-11 08:20:00+00:00,1,0.5366804623009347
2026-02-11 08:25:00+00:00,1,0.5372645273129434
2026-02-11 08:30:00+00:00,1,0.5413989423993362
2026-02-11 08:35:00+00:00,1,0.5327752678859298
2026-02-11 08:40:00+00:00,1,0.5362250718533284
2026-02-11 08:45:00+00:00,1,0.5211077321775573
2026-02-11 08:50:00+00:00,1,0.5387912235103202
2026-02-11 08:55:00+00:00,1,0.5224404932490196
2026-02-11 09:00:00+00:00,1,0.5264821408895728
2026-02-11 09:05:00+00:00,1,0.5338717240332663
2026-02-11 09:10:00+00:00,1,0.5128641211559143
2026-02-11 09:15:00+00:00,1,0.5085581125175006
2026-02-11 09:20:00+00:00,0,0.4873059947795763
2026-02-11 09:25:00+00:00,0,0.47601668084948984
2026-02-11 09:30:00+00:00,0,0.4732974820591441
2026-02-11 09:35:00+00:00,0,0.47640706633400015
2026-02-11 09:40:00+00:00,0,0.4842210894770083
2026-02-11 09:45:00+00:00,0,0.5110223895001821
2026-02-11 09:50:00+00:00,0,0.5055052186229563
2026-02-11 09:55:00+00:00,0,0.5025767061429994
2026-02-11 10:00:00+00:00,0,0.520957129465509
2026-02-11 10:05:00+00:00,0,0.5163406791446808
2026-02-11 10:10:00+00:00,0,0.5126412524183978
2026-02-11 10:15:00+00:00,0,0.5067098762010266
2026-02-11 10:20:00+00:00,0,0.50882680796456
2026-02-11 10:25:00+00:00,0,0.4960857877757723
2026-02-11 10:30:00+00:00,1,0.5294148710341093
2026-02-11 10:35:00+00:00,1,0.5431732804996927
2026-02-11 10:40:00+00:00,0,0.5237564351310561
2026-02-11 10:45:00+00:00,1,0.5351197575755033
2026-02-11 10:50:00+00:00,1,0.5329727719507636
2026-02-11 10:55:00+00:00,1,0.5311341183745972
2026-02-11 11:00:00+00:00,1,0.5114838000889056
2026-02-11 11:05:00+00:00,1,0.5206078334760526
2026-02-11 11:10:00+00:00,1,0.5067843214259315
2026-02-11 11:15:00+00:00,1,0.4780324489397174
2026-02-11 11:20:00+00:00,1,0.5004092531959365
2026-02-11 11:25:00+00:00,1,0.48877103072180395
2026-02-11 11:30:00+00:00,1,0.49534253750155594
2026-02-11 11:35:00+00:00,1,0.48335760710872216
2026-02-11 11:40:00+00:00,1,0.4884184135309979
2026-02-11 11:45:00+00:00,1,0.47089034079612363
2026-02-11 11:50:00+00:00,1,0.4647933077305128
2026-02-11 11:55:00+00:00,1,0.47439719371805084
2026-02-11 12:00:00+00:00,1,0.49334791342608414
2026-02-11 12:05:00+00:00,0,0.4722646549263033
2026-02-11 12:10:00+00:00,0,0.4670112664255326
2026-02-11 12:15:00+00:00,0,0.48469873943574926
2026-02-11 12:20:00+00:00,0,0.46610684966156096
2026-02-11 12:25:00+00:00,0,0.4716945963238036
2026-02-11 12:30:00+00:00,0,0.49322205337937375
2026-02-11 12:35:00+00:00,0,0.514543979866419
2026-02-11 12:40:00+00:00,0,0.5368176749580911
2026-02-11 12:45:00+00:00,0,0.5406766826202449
2026-02-11 12:50:00+00:00,0,0.5332615540864694
2026-02-11 12:55:00+00:00,0,0.5165558187978094
2026-02-11 13:00:00+00:00,1,0.48081938940454827
2026-02-11 13:05:00+00:00,1,0.4797593745417723
2026-02-11 13:10:00+00:00,1,0.4776273072570268
2026-02-11 13:15:00+00:00,1,0.47380993543736033
2026-02-11 13:20:00+00:00,1,0.5012221622910581
2026-02-11 13:25:00+00:00,1,0.505632479945315
2026-02-11 13:30:00+00:00,1,0.445127801470743
2026-02-11 13:35:00+00:00,1,0.4730921132054175
2026-02-11 13:40:00+00:00,1,0.47586984692805945
2026-02-11 13:45:00+00:00,1,0.4809692451629675
2026-02-11 13:50:00+00:00,1,0.4596170106483158
2026-02-11 13:55:00+00:00,1,0.45517902608232436
2026-02-11 14:00:00+00:00,0,0.47668016274416414
2026-02-11 14:05:00+00:00,0,0.4347111430313336
2026-02-11 14:10:00+00:00,0,0.48918928858283645
2026-02-11 14:15:00+00:00,0,0.4312188103203674
2026-02-11 14:20:00+00:00,0,0.4701489251558727
2026-02-11 14:25:00+00:00,0,0.47405502326901505
2026-02-11 14:30:00+00:00,0,0.5004544582887905
2026-02-11 14:35:00+00:00,0,0.5172940937114344
2026-02-11 14:40:00+00:00,0,0.5159971340279157
2026-02-11 14:45:00+00:00,0,0.5144693329870166
2026-02-11 14:50:00+00:00,0,0.5058252387430823
2026-02-11 14:55:00+00:00,0,0.5245360671826287
2026-02-11 15:00:00+00:00,0,0.48227450911236996
2026-02-11 15:05:00+00:00,1,0.5120856892245634
2026-02-11 15:10:00+00:00,1,0.4947104534265589
2026-02-11 15:15:00+00:00,0,0.4941832276261943
2026-02-11 15:20:00+00:00,0,0.48470342009652906
2026-02-11 15:25:00+00:00,0,0.4984831737459165
2026-02-11 15:30:00+00:00,0,0.48845637556469335
2026-02-11 15:35:00+00:00,1,0.4749085263269446
2026-02-11 15:40:00+00:00,1,0.4812502669870536
2026-02-11 15:45:00+00:00,1,0.4888449504801954
2026-02-11 15:50:00+00:00,1,0.49181928032755545
2026-02-11 15:55:00+00:00,1,0.5223351240421054
2026-02-11 16:00:00+00:00,1,0.49471424565953626
2026-02-11 16:05:00+00:00,0,0.507709981189619
2026-02-11 16:10:00+00:00,0,0.4620012900967677
2026-02-11 16:15:00+00:00,0,0.4719405026210063
2026-02-11 16:20:00+00:00,0,0.4698395474648797
2026-02-11 16:25:00+00:00,0,0.48384172309860807
2026-02-11 16:30:00+00:00,0,0.4826647561354838
2026-02-11 16:35:00+00:00,0,0.4650846139831006
2026-02-11 16:40:00+00:00,0,0.474978263923884
2026-02-11 16:45:00+00:00,1,0.46991697308270985
2026-02-11 16:50:00+00:00,1,0.47247994002584287
2026-02-11 16:55:00+00:00,1,0.47874828393424335
2026-02-11 17:00:00+00:00,1,0.5081777542373603
2026-02-11 17:05:00+00:00,1,0.5126627396709664
2026-02-11 17:10:00+00:00,1,0.5109036193323914
2026-02-11 17:15:00+00:00,1,0.5265648718036949
2026-02-11 17:20:00+00:00,1,0.5134225105134715
2026-02-11 17:25:00+00:00,0,0.46788040714478174
2026-02-11 17:30:00+00:00,0,0.4726971399365442
2026-02-11 17:35:00+00:00,0,0.4946902653730224
2026-02-11 17:40:00+00:00,0,0.47378405767801546
2026-02-11 17:45:00+00:00,1,0.4805681384962568
2026-02-11 17:50:00+00:00,1,0.47473589730507165
2026-02-11 17:55:00+00:00,1,0.4779023295015437
2026-02-11 18:00:00+00:00,1,0.4928141155595252
2026-02-11 18:05:00+00:00,1,0.5020150980283502
2026-02-11 18:10:00+00:00,1,0.49395653670942835
2026-02-11 18:15:00+00:00,1,0.48279649123751883
2026-02-11 18:20:00+00:00,1,0.4486935534965393
2026-02-11 18:25:00+00:00,1,0.4426585957156601
2026-02-11 18:30:00+00:00,1,0.4739248783279892
2026-02-11 18:35:00+00:00,1,0.4668649713125341
2026-02-11 18:40:00+00:00,1,0.476726118444151
2026-02-11 18:45:00+00:00,0,0.47387584718450143
2026-02-11 18:50:00+00:00,1,0.4774155703752368
2026-02-11 18:55:00+00:00,0,0.49053267435814624
2026-02-11 19:00:00+00:00,0,0.49588113693620284
2026-02-11 19:05:00+00:00,0,0.472958811150651
2026-02-11 19:10:00+00:00,0,0.4713415783206764
2026-02-11 19:15:00+00:00,1,0.4866389543049429
2026-02-11 19:20:00+00:00,0,0.478820799259783
2026-02-11 19:25:00+00:00,1,0.5132265192312898
2026-02-11 19:30:00+00:00,1,0.4900493208196295
2026-02-11 19:35:00+00:00,0,0.4835975510746042
2026-02-11 19:40:00+00:00,0,0.46046923125183625
2026-02-11 19:45:00+00:00,0,0.48416406146617513
2026-02-11 19:50:00+00:00,0,0.49811983582357233
2026-02-11 19:55:00+00:00,0,0.5180660483578142
2026-02-11 20:00:00+00:00,0,0.5198841505081911
2026-02-11 20:05:00+00:00,1,0.5273686893775057
2026-02-11 20:10:00+00:00,0,0.5205377324241351
2026-02-11 20:15:00+00:00,1,0.5121159848392851
2026-02-11 20:20:00+00:00,1,0.5136704964031086
2026-02-11 20:25:00+00:00,1,0.5108815710381633
2026-02-11 20:30:00+00:00,1,0.5088650014494488
2026-02-11 20:35:00+00:00,1,0.5065289479768571
2026-02-11 20:40:00+00:00,1,0.5061021748522962
2026-02-11 20:45:00+00:00,1,0.48395223681332106
2026-02-11 20:50:00+00:00,1,0.4771762768399734
2026-02-11 20:55:00+00:00,1,0.4832888720302678
2026-02-11 21:00:00+00:00,1,0.5043869966386556
2026-02-11 21:05:00+00:00,1,0.4883224777691216
2026-02-11 21:10:00+00:00,1,0.5121843517086393
2026-02-11 21:15:00+00:00,1,0.4903920207658873
2026-02-11 21:20:00+00:00,1,0.5008124176034492
2026-02-11 21:25:00+00:00,0,0.5003968155195848
2026-02-11 21:30:00+00:00,0,0.4983895852691741
2026-02-11 21:35:00+00:00,0,0.5126012876765779
2026-02-11 21:40:00+00:00,0,0.5222235741262545
2026-02-11 21:45:00+00:00,0,0.5193713437222788
2026-02-11 21:50:00+00:00,0,0.5291836741645197
2026-02-11 21:55:00+00:00,1,0.5474374047585511
2026-02-11 22:00:00+00:00,0,0.5284505374025529
2026-02-11 22:05:00+00:00,0,0.5159637593075973
2026-02-11 22:10:00+00:00,0,0.5136120883715595
2026-02-11 22:15:00+00:00,0,0.5259114111592946
2026-02-11 22:20:00+00:00,0,0.5148506131526124
2026-02-11 22:25:00+00:00,0,0.5079386001037504
2026-02-11 22:30:00+00:00,0,0.5055212518046313
2026-02-11 22:35:00+00:00,0,0.5088715249978465
2026-02-11 22:40:00+00:00,0,0.5052283307883548
2026-02-11 22:45:00+00:00,0,0.4867085670076758
2026-02-11 22:50:00+00:00,0,0.5046191665023164
2026-02-11 22:55:00+00:00,0,0.49634063413381246
2026-02-11 23:00:00+00:00,0,0.4975711657047299
2026-02-11 23:05:00+00:00,0,0.4984655213222754
2026-02-11 23:10:00+00:00,1,0.49729617742659216
2026-02-11 23:15:00+00:00,0,0.49803433497970573
2026-02-11 23:20:00+00:00,1,0.5350269061948345
2026-02-11 23:25:00+00:00,1,0.5159024976601205
2026-02-11 23:30:00+00:00,1,0.5121830975304609
2026-02-11 23:35:00+00:00,1,0.504473161274902
2026-02-11 23:40:00+00:00,1,0.49328685140081324
2026-02-11 23:45:00+00:00,1,0.5086897287504117
2026-02-11 23:50:00+00:00,1,0.5143217648819536
2026-02-11 23:55:00+00:00,1,0.5117783802446332
2026-02-12 00:00:00+00:00,1,0.504576837335703
2026-02-12 00:05:00+00:00,1,0.4966892069944745
2026-02-12 00:10:00+00:00,1,0.5013477932282949
2026-02-12 00:15:00+00:00,1,0.4889795654087693
2026-02-12 00:20:00+00:00,1,0.49200091777212596
2026-02-12 00:25:00+00:00,1,0.48877954596312273
2026-02-12 00:30:00+00:00,1,0.4779085779494725
2026-02-12 00:35:00+00:00,1,0.46514430730878087
2026-02-12 00:40:00+00:00,1,0.4630387981568642
2026-02-12 00:45:00+00:00,1,0.47778578121348
2026-02-12 00:50:00+00:00,0,0.4816615244872537
2026-02-12 00:55:00+00:00,1,0.4747498053177008
2026-02-12 01:00:00+00:00,1,0.43779427559116635
2026-02-12 01:05:00+00:00,1,0.4692335996914371
2026-02-12 01:10:00+00:00,1,0.461091335573843
2026-02-12 01:15:00+00:00,1,0.4590600468158326
2026-02-12 01:20:00+00:00,1,0.49481644098907585
2026-02-12 01:25:00+00:00,0,0.4612911076934303
2026-02-12 01:30:00+00:00,0,0.45546705532939813
2026-02-12 01:35:00+00:00,0,0.4594910927644841
2026-02-12 01:40:00+00:00,0,0.473996284480075
2026-02-12 01:45:00+00:00,0,0.48653910640596726
2026-02-12 01:50:00+00:00,0,0.4801842640640453
2026-02-12 01:55:00+00:00,0,0.48340284585874377
2026-02-12 02:00:00+00:00,1,0.49507319993291676
2026-02-12 02:05:00+00:00,1,0.48832210149748545
2026-02-12 02:10:00+00:00,1,0.472564252506707
2026-02-12 02:15:00+00:00,1,0.4812492923081892
2026-02-12 02:20:00+00:00,1,0.47941508248252446
2026-02-12 02:25:00+00:00,1,0.4960646505921359
2026-02-12 02:30:00+00:00,0,0.47250749258828667
2026-02-12 02:35:00+00:00,0,0.49247195813367034
2026-02-12 02:40:00+00:00,0,0.48386030444734424
2026-02-12 02:45:00+00:00,0,0.4867033975918575
2026-02-12 02:50:00+00:00,0,0.4816077052109676
2026-02-12 02:55:00+00:00,0,0.4831761952261786
2026-02-12 03:00:00+00:00,0,0.46896775246488753
2026-02-12 03:05:00+00:00,0,0.4654347124833238
2026-02-12 03:10:00+00:00,0,0.47696518346873973
2026-02-12 03:15:00+00:00,1,0.4874269757619701
2026-02-12 03:20:00+00:00,1,0.4912896865540733
2026-02-12 03:25:00+00:00,1,0.49391607835548923
2026-02-12 03:30:00+00:00,1,0.48002928970190367
2026-02-12 03:35:00+00:00,1,0.48781112306998925
2026-02-12 03:40:00+00:00,1,0.49062239738749924
2026-02-12 03:45:00+00:00,1,0.4977815699669463
2026-02-12 03:50:00+00:00,1,0.4983968637492493
2026-02-12 03:55:00+00:00,0,0.4664419998433894
2026-02-12 04:00:00+00:00,1,0.5059263994769682
2026-02-12 04:05:00+00:00,1,0.48963503256039054
2026-02-12 04:10:00+00:00,1,0.4940178238772184
2026-02-12 04:15:00+00:00,1,0.5103533751052025
2026-02-12 04:20:00+00:00,1,0.5029716601624074
2026-02-12 04:25:00+00:00,1,0.5024085784858412
2026-02-12 04:30:00+00:00,1,0.48937738485505033
2026-02-12 04:35:00+00:00,0,0.4960333352390933
2026-02-12 04:40:00+00:00,0,0.48124745434271904
2026-02-12 04:45:00+00:00,0,0.47882711829592395
2026-02-12 04:50:00+00:00,0,0.4886881224369868
2026-02-12 04:55:00+00:00,0,0.49512202569926544
2026-02-12 05:00:00+00:00,1,0.5028339857723209
2026-02-12 05:05:00+00:00,0,0.5077200181859309
2026-02-12 05:10:00+00:00,1,0.5032730809791894
2026-02-12 05:15:00+00:00,1,0.5054939256794999
2026-02-12 05:20:00+00:00,1,0.4617807501304825
2026-02-12 05:25:00+00:00,1,0.46426305201303236
2026-02-12 05:30:00+00:00,0,0.4662372917223186
2026-02-12 05:35:00+00:00,1,0.4709163131171041
2026-02-12 05:40:00+00:00,1,0.48288398171442165
2026-02-12 05:45:00+00:00,1,0.4815533711507205
2026-02-12 05:50:00+00:00,1,0.49912187018973697
2026-02-12 05:55:00+00:00,1,0.47832453963841415
2026-02-12 06:00:00+00:00,1,0.4746497380411872
2026-02-12 06:05:00+00:00,1,0.46782391909809357
2026-02-12 06:10:00+00:00,1,0.4928515324717787
2026-02-12 06:15:00+00:00,1,0.5042371141697037
2026-02-12 06:20:00+00:00,1,0.48645755406950125
2026-02-12 06:25:00+00:00,0,0.4919004941656946
2026-02-12 06:30:00+00:00,0,0.4684139318837527
2026-02-12 06:35:00+00:00,0,0.4884362238958363
2026-02-12 06:40:00+00:00,0,0.4911309738748231
2026-02-12 06:45:00+00:00,0,0.49274474671342705
2026-02-12 06:50:00+00:00,1,0.48444398182738024
2026-02-12 06:55:00+00:00,1,0.4762629204046236
2026-02-12 07:00:00+00:00,0,0.47140060261244165
2026-02-12 07:05:00+00:00,1,0.5025400075686026
2026-02-12 07:10:00+00:00,1,0.49641140809063417
2026-02-12 07:15:00+00:00,1,0.5043074126297511
2026-02-12 07:20:00+00:00,0,0.5125291612218538
2026-02-12 07:25:00+00:00,1,0.4952130967369375
2026-02-12 07:30:00+00:00,1,0.5141472490023394
2026-02-12 07:35:00+00:00,1,0.491373936297556
2026-02-12 07:40:00+00:00,1,0.49948783299252913
2026-02-12 07:45:00+00:00,1,0.5245862542695277
2026-02-12 07:50:00+00:00,1,0.5331881181814415
2026-02-12 07:55:00+00:00,0,0.5096154121774314
2026-02-12 08:00:00+00:00,0,0.46247017224441944
2026-02-12 08:05:00+00:00,0,0.45975281103762217
2026-02-12 08:10:00+00:00,0,0.4597279168530767
2026-02-12 08:15:00+00:00,0,0.4736085904462809
2026-02-12 08:20:00+00:00,0,0.4783103717546782
2026-02-12 08:25:00+00:00,1,0.4784471531318123
2026-02-12 08:30:00+00:00,1,0.4746526030384822
2026-02-12 08:35:00+00:00,0,0.4636325690314029
2026-02-12 08:40:00+00:00,1,0.4667052720892358
2026-02-12 08:45:00+00:00,1,0.4757473749076805
2026-02-12 08:50:00+00:00,1,0.46222795896144486
2026-02-12 08:55:00+00:00,1,0.4737745325844232
2026-02-12 09:00:00+00:00,1,0.4911954986031931
2026-02-12 09:05:00+00:00,1,0.49866580543282985
2026-02-12 09:10:00+00:00,1,0.4913396592495437
2026-02-12 09:15:00+00:00,1,0.46522004239769593
2026-02-12 09:20:00+00:00,1,0.475216622531925
2026-02-12 09:25:00+00:00,1,0.46772506700185257
2026-02-12 09:30:00+00:00,1,0.4632358318991483
2026-02-12 09:35:00+00:00,0,0.45873246790092187
2026-02-12 09:40:00+00:00,0,0.4474343224388299
2026-02-12 09:45:00+00:00,0,0.44657127408638253
2026-02-12 09:50:00+00:00,0,0.4576999697391728
2026-02-12 09:55:00+00:00,0,0.453791326853052
2026-02-12 10:00:00+00:00,0,0.45286908817193516
2026-02-12 10:05:00+00:00,1,0.480451148526052
2026-02-12 10:10:00+00:00,0,0.4717833695320117
2026-02-12 10:15:00+00:00,1,0.4934194315298092
2026-02-12 10:20:00+00:00,1,0.48205790638728724
2026-02-12 10:25:00+00:00,1,0.47969687072460854
2026-02-12 10:30:00+00:00,1,0.46212481228861585
2026-02-12 10:35:00+00:00,1,0.45186842975376107
2026-02-12 10:40:00+00:00,1,0.45620302515701966
2026-02-12 10:45:00+00:00,0,0.4508476817509696
2026-02-12 10:50:00+00:00,0,0.4481707678104606
2026-02-12 10:55:00+00:00,0,0.4366039304894545
2026-02-12 11:00:00+00:00,0,0.4468299110099547
2026-02-12 11:05:00+00:00,1,0.48004852903439543
2026-02-12 11:10:00+00:00,0,0.4805882844318845
2026-02-12 11:15:00+00:00,1,0.470143006361816
2026-02-12 11:20:00+00:00,0,0.4663260971213188
2026-02-12 11:25:00+00:00,0,0.4654057791474832
2026-02-12 11:30:00+00:00,0,0.4599733210355528
2026-02-12 11:35:00+00:00,0,0.47706589392415155
2026-02-12 11:40:00+00:00,0,0.5034407311755908
2026-02-12 11:45:00+00:00,0,0.4780775530694833
2026-02-12 11:50:00+00:00,0,0.48227333932271355
2026-02-12 11:55:00+00:00,0,0.5019536077544055
2026-02-12 12:00:00+00:00,0,0.5281596332826811
2026-02-12 12:05:00+00:00,0,0.5189870111425191
2026-02-12 12:10:00+00:00,0,0.5166755734105424
2026-02-12 12:15:00+00:00,0,0.5229279597193984
2026-02-12 12:20:00+00:00,0,0.5300066039172896
2026-02-12 12:25:00+00:00,0,0.5128880882299196
2026-02-12 12:30:00+00:00,0,0.5262777128315957
2026-02-12 12:35:00+00:00,0,0.5260867366391003
2026-02-12 12:40:00+00:00,0,0.5136904765458311
2026-02-12 12:45:00+00:00,0,0.48974108422697943
2026-02-12 12:50:00+00:00,1,0.5387771420592952
2026-02-12 12:55:00+00:00,0,0.5335361832414562
2026-02-12 13:00:00+00:00,1,0.515444371434647
2026-02-12 13:05:00+00:00,0,0.5051502271976007
2026-02-12 13:10:00+00:00,1,0.5175345238823649
2026-02-12 13:15:00+00:00,1,0.5029384476854198
2026-02-12 13:20:00+00:00,1,0.4776543315638378
2026-02-12 13:25:00+00:00,1,0.49595553498697814
2026-02-12 13:30:00+00:00,1,0.4914686969351065
2026-02-12 13:35:00+00:00,1,0.4782344809249533
2026-02-12 13:40:00+00:00,0,0.45777511482424055
2026-02-12 13:45:00+00:00,0,0.4843123852960002
2026-02-12 13:50:00+00:00,0,0.48601196205274805
2026-02-12 13:55:00+00:00,0,0.48116810206055344
2026-02-12 14:00:00+00:00,1,0.5016005046951313
2026-02-12 14:05:00+00:00,1,0.48540868377926566
2026-02-12 14:10:00+00:00,0,0.4616461239903178
2026-02-12 14:15:00+00:00,1,0.4530592541066388
2026-02-12 14:20:00+00:00,1,0.4933745409925025
2026-02-12 14:25:00+00:00,1,0.49117964966339067
2026-02-12 14:30:00+00:00,0,0.48193203369025134
2026-02-12 14:35:00+00:00,0,0.495749797496238
2026-02-12 14:40:00+00:00,0,0.5048344642099323
2026-02-12 14:45:00+00:00,0,0.5029042591639739
2026-02-12 14:50:00+00:00,0,0.4757712319618505
2026-02-12 14:55:00+00:00,1,0.4908310611632566
2026-02-12 15:00:00+00:00,1,0.5075856613253771
2026-02-12 15:05:00+00:00,1,0.514366988531161
2026-02-12 15:10:00+00:00,0,0.5074086732791169
2026-02-12 15:15:00+00:00,1,0.4943916850029135
2026-02-12 15:20:00+00:00,0,0.48926690440783943
2026-02-12 15:25:00+00:00,0,0.494239942557952
2026-02-12 15:30:00+00:00,0,0.5180932028123164
2026-02-12 15:35:00+00:00,0,0.5126714348882808
2026-02-12 15:40:00+00:00,0,0.49970705400685705
2026-02-12 15:45:00+00:00,0,0.5154851313563593
2026-02-12 15:50:00+00:00,0,0.5136241266986072
2026-02-12 15:55:00+00:00,0,0.4999672135206534
2026-02-12 16:00:00+00:00,0,0.5278651793656776
2026-02-12 16:05:00+00:00,0,0.5074321491170459
2026-02-12 16:10:00+00:00,1,0.5178125181027287
2026-02-12 16:15:00+00:00,0,0.5067308714576436
2026-02-12 16:20:00+00:00,0,0.5182219552453287
2026-02-12 16:25:00+00:00,0,0.5155141340187126
2026-02-12 16:30:00+00:00,0,0.5262504587981052
2026-02-12 16:35:00+00:00,0,0.4968210799365217
2026-02-12 16:40:00+00:00,0,0.48709888693587156
2026-02-12 16:45:00+00:00,0,0.49232544484826957
2026-02-12 16:50:00+00:00,1,0.49599410046404974
2026-02-12 16:55:00+00:00,1,0.5002021351545936
2026-02-12 17:00:00+00:00,1,0.49203127917315237
2026-02-12 17:05:00+00:00,1,0.4743640533733555
2026-02-12 17:10:00+00:00,1,0.4747293744606492
2026-02-12 17:15:00+00:00,1,0.5131152429696548
2026-02-12 17:20:00+00:00,0,0.472450900195729
2026-02-12 17:25:00+00:00,0,0.512089591148649
2026-02-12 17:30:00+00:00,0,0.5263934851061713
2026-02-12 17:35:00+00:00,0,0.49088628721057254
2026-02-12 17:40:00+00:00,0,0.5141473047320572
2026-02-12 17:45:00+00:00,0,0.5084502482122996
2026-02-12 17:50:00+00:00,1,0.4978408569856756
2026-02-12 17:55:00+00:00,1,0.5052363614180566
2026-02-12 18:00:00+00:00,0,0.5114652648778869
2026-02-12 18:05:00+00:00,0,0.5158066622013459
2026-02-12 18:10:00+00:00,0,0.5167397258855296
2026-02-12 18:15:00+00:00,1,0.4924487612717081
2026-02-12 18:20:00+00:00,1,0.5203498086241991
2026-02-12 18:25:00+00:00,1,0.5088802509360649
2026-02-12 18:30:00+00:00,1,0.513620141791172
2026-02-12 18:35:00+00:00,0,0.5089532642448806
2026-02-12 18:40:00+00:00,1,0.5098402650621613
2026-02-12 18:45:00+00:00,1,0.4854601894943413
2026-02-12 18:50:00+00:00,1,0.48339824954474353
2026-02-12 18:55:00+00:00,1,0.46937945569418177
2026-02-12 19:00:00+00:00,1,0.5121963081995667
2026-02-12 19:05:00+00:00,1,0.4978775279614362
2026-02-12 19:10:00+00:00,1,0.49099345035072234
2026-02-12 19:15:00+00:00,1,0.4794524716066857
2026-02-12 19:20:00+00:00,0,0.4442215742238693
2026-02-12 19:25:00+00:00,0,0.47315414974288866
2026-02-12 19:30:00+00:00,0,0.4531135009007373
2026-02-12 19:35:00+00:00,0,0.45845297445591554
2026-02-12 19:40:00+00:00,0,0.46863858970870353
2026-02-12 19:45:00+00:00,0,0.45575258267630175
2026-02-12 19:50:00+00:00,0,0.47283331220731956
2026-02-12 19:55:00+00:00,0,0.4865537923121875
2026-02-12 20:00:00+00:00,0,0.4950326838200364
2026-02-12 20:05:00+00:00,0,0.5246861818452148
2026-02-12 20:10:00+00:00,0,0.5114641778494946
2026-02-12 20:15:00+00:00,0,0.5230018161749636
2026-02-12 20:20:00+00:00,0,0.5077033456164217
2026-02-12 20:25:00+00:00,0,0.5106157617465683
2026-02-12 20:30:00+00:00,0,0.5017930634864036
2026-02-12 20:35:00+00:00,0,0.504871773747914
2026-02-12 20:40:00+00:00,0,0.5068734322430893
2026-02-12 20:45:00+00:00,1,0.5067091791469478
2026-02-12 20:50:00+00:00,1,0.5068715920366186
2026-02-12 20:55:00+00:00,1,0.51201269510229
2026-02-12 21:00:00+00:00,1,0.5073096394571482
2026-02-12 21:05:00+00:00,1,0.5139857985390004
2026-02-12 21:10:00+00:00,1,0.5083716007256003
2026-02-12 21:15:00+00:00,1,0.5055199133829429
2026-02-12 21:20:00+00:00,1,0.5142884948386828
2026-02-12 21:25:00+00:00,1,0.4964273587423116
2026-02-12 21:30:00+00:00,1,0.5001360425342037
2026-02-12 21:35:00+00:00,1,0.4997161452260863
2026-02-12 21:40:00+00:00,1,0.507157212127033
2026-02-12 21:45:00+00:00,1,0.5063786610946862
2026-02-12 21:50:00+00:00,1,0.5087579479178822
2026-02-12 21:55:00+00:00,1,0.5015632756760497
2026-02-12 22:00:00+00:00,1,0.503802604170324
2026-02-12 22:05:00+00:00,1,0.4960478356658556
2026-02-12 22:10:00+00:00,1,0.49637889332333257
2026-02-12 22:15:00+00:00,1,0.5009726568555023
2026-02-12 22:20:00+00:00,1,0.4743337085306573
2026-02-12 22:25:00+00:00,1,0.4544057715486517
2026-02-12 22:30:00+00:00,1,0.4680048003901745
2026-02-12 22:35:00+00:00,1,0.4816856423450662
2026-02-12 22:40:00+00:00,1,0.47776723112367936
2026-02-12 22:45:00+00:00,1,0.4867961688333638
2026-02-12 22:50:00+00:00,1,0.48215684874462855
2026-02-12 22:55:00+00:00,1,0.5045014923725853
2026-02-12 23:00:00+00:00,1,0.48415248597251254
2026-02-12 23:05:00+00:00,1,0.45106609188828445
2026-02-12 23:10:00+00:00,1,0.4650446524828725
2026-02-12 23:15:00+00:00,1,0.48669594304844926
2026-02-12 23:20:00+00:00,0,0.46181640370413235
2026-02-12 23:25:00+00:00,0,0.46724731078273407
2026-02-12 23:30:00+00:00,1,0.47412761338923215
2026-02-12 23:35:00+00:00,1,0.4623975063942797
2026-02-12 23:40:00+00:00,0,0.4740291859006643
2026-02-12 23:45:00+00:00,0,0.46949283804189207
2026-02-12 23:50:00+00:00,0,0.45280549068439024
2026-02-12 23:55:00+00:00,0,0.4694149897880467
2026-02-13 00:00:00+00:00,0,0.5029690667457489
2026-02-13 00:05:00+00:00,0,0.49789637936168896
2026-02-13 00:10:00+00:00,0,0.5318153690720134
2026-02-13 00:15:00+00:00,0,0.531832311341993
2026-02-13 00:20:00+00:00,1,0.5256446004804707
2026-02-13 00:25:00+00:00,0,0.533514889934471
2026-02-13 00:30:00+00:00,1,0.503256293609646
2026-02-13 00:35:00+00:00,1,0.5084377583166908
2026-02-13 00:40:00+00:00,1,0.5160266084118537
2026-02-13 00:45:00+00:00,1,0.5195060301544853
2026-02-13 00:50:00+00:00,1,0.5165027517695259
2026-02-13 00:55:00+00:00,1,0.5057276187402426
2026-02-13 01:00:00+00:00,1,0.5072400198978082
2026-02-13 01:05:00+00:00,1,0.486614904880657
2026-02-13 01:10:00+00:00,1,0.4922096291885639
2026-02-13 01:15:00+00:00,1,0.4903830722881113
2026-02-13 01:20:00+00:00,1,0.5147136117156248
2026-02-13 01:25:00+00:00,1,0.5124343202715684
2026-02-13 01:30:00+00:00,1,0.49209958556998135
2026-02-13 01:35:00+00:00,1,0.48436107032734627
2026-02-13 01:40:00+00:00,0,0.4957851280275231
2026-02-13 01:45:00+00:00,0,0.4955612943615473
2026-02-13 01:50:00+00:00,0,0.49443883634921787
2026-02-13 01:55:00+00:00,1,0.52319733333618
2026-02-13 02:00:00+00:00,0,0.46706374413565327
2026-02-13 02:05:00+00:00,0,0.4818917476695807
2026-02-13 02:10:00+00:00,0,0.4718974277239378
2026-02-13 02:15:00+00:00,0,0.4886826314748433
2026-02-13 02:20:00+00:00,0,0.4681006045084719
2026-02-13 02:25:00+00:00,1,0.4788640583475563
2026-02-13 02:30:00+00:00,1,0.4940126933703553
2026-02-13 02:35:00+00:00,1,0.5082402325728862
2026-02-13 02:40:00+00:00,0,0.5126365982343155
2026-02-13 02:45:00+00:00,1,0.4982131172021612
2026-02-13 02:50:00+00:00,0,0.47998596661732185
2026-02-13 02:55:00+00:00,0,0.48703176560054395
2026-02-13 03:00:00+00:00,0,0.5071056592118477
2026-02-13 03:05:00+00:00,1,0.4886580615431909
2026-02-13 03:10:00+00:00,1,0.4892544863984512
2026-02-13 03:15:00+00:00,1,0.49619139024561076
2026-02-13 03:20:00+00:00,1,0.5010212082512345
2026-02-13 03:25:00+00:00,0,0.5018505382112378
2026-02-13 03:30:00+00:00,0,0.4792586659302929
2026-02-13 03:35:00+00:00,0,0.47135522596660967
2026-02-13 03:40:00+00:00,0,0.5073401693708844
2026-02-13 03:45:00+00:00,0,0.5036061218539019
2026-02-13 03:50:00+00:00,0,0.4905029712491893
2026-02-13 03:55:00+00:00,0,0.4937917760706836
2026-02-13 04:00:00+00:00,0,0.5190040256196368
2026-02-13 04:05:00+00:00,0,0.5064785643600316
2026-02-13 04:10:00+00:00,0,0.5075347509680608
2026-02-13 04:15:00+00:00,0,0.4956563823269027
2026-02-13 04:20:00+00:00,1,0.5263267696971874
2026-02-13 04:25:00+00:00,1,0.5239877884913223
2026-02-13 04:30:00+00:00,1,0.5188627567872397
2026-02-13 04:35:00+00:00,0,0.5340749990606577
2026-02-13 04:40:00+00:00,0,0.5362089821491044
2026-02-13 04:45:00+00:00,0,0.5483821960871379
2026-02-13 04:50:00+00:00,0,0.5210276153511834
2026-02-13 04:55:00+00:00,0,0.5201185013264782
2026-02-13 05:00:00+00:00,0,0.5481656814528053
2026-02-13 05:05:00+00:00,1,0.541933925881475
2026-02-13 05:10:00+00:00,1,0.5289627206277486
2026-02-13 05:15:00+00:00,1,0.5167107278093774
2026-02-13 05:20:00+00:00,1,0.5192280500837861
2026-02-13 05:25:00+00:00,0,0.5155811935685584
2026-02-13 05:30:00+00:00,0,0.5301535098434059
2026-02-13 05:35:00+00:00,0,0.5246597257108775
2026-02-13 05:40:00+00:00,0,0.5141624353373986
2026-02-13 05:45:00+00:00,0,0.5170524856336293
2026-02-13 05:50:00+00:00,0,0.5257492071504423
2026-02-13 05:55:00+00:00,0,0.5149769690181558
2026-02-13 06:00:00+00:00,0,0.5354184416486727
2026-02-13 06:05:00+00:00,0,0.5207147095694968
2026-02-13 06:10:00+00:00,0,0.5212394298528433
2026-02-13 06:15:00+00:00,0,0.5221434449612397
2026-02-13 06:20:00+00:00,1,0.5390193454633433
2026-02-13 06:25:00+00:00,1,0.5339155277985231
2026-02-13 06:30:00+00:00,1,0.47385993928698616
2026-02-13 06:35:00+00:00,1,0.48060206779670867
2026-02-13 06:40:00+00:00,1,0.5250906011857513
2026-02-13 06:45:00+00:00,1,0.5131903747936756
2026-02-13 06:50:00+00:00,1,0.5123359389099335
2026-02-13 06:55:00+00:00,1,0.49000894229625813
2026-02-13 07:00:00+00:00,0,0.46211015851472576
2026-02-13 07:05:00+00:00,0,0.5049070197788061
2026-02-13 07:10:00+00:00,0,0.4851822267194816
2026-02-13 07:15:00+00:00,0,0.4834087932146631
2026-02-13 07:20:00+00:00,0,0.5074337383352949
2026-02-13 07:25:00+00:00,0,0.49249437436280585
2026-02-13 07:30:00+00:00,1,0.4740663567117878
2026-02-13 07:35:00+00:00,1,0.47209520874115785
2026-02-13 07:40:00+00:00,1,0.4925883611435444
2026-02-13 07:45:00+00:00,1,0.4992231561672726
2026-02-13 07:50:00+00:00,1,0.49666330094459116
2026-02-13 07:55:00+00:00,1,0.49893419014726886
2026-02-13 08:00:00+00:00,1,0.46694947416361926
2026-02-13 08:05:00+00:00,1,0.4678162680027509
2026-02-13 08:10:00+00:00,1,0.4854531539375296
2026-02-13 08:15:00+00:00,1,0.48091970591923466
2026-02-13 08:20:00+00:00,1,0.46515074570019804
2026-02-13 08:25:00+00:00,1,0.4732332607385805
2026-02-13 08:30:00+00:00,1,0.46480906915161263
2026-02-13 08:35:00+00:00,0,0.44741245242614586
2026-02-13 08:40:00+00:00,0,0.46590435303389155
2026-02-13 08:45:00+00:00,0,0.4639638658219207
2026-02-13 08:50:00+00:00,0,0.44756514686599014
2026-02-13 08:55:00+00:00,0,0.43608111243912984
2026-02-13 09:00:00+00:00,1,0.47363435600939696
2026-02-13 09:05:00+00:00,1,0.4764180989952195
2026-02-13 09:10:00+00:00,1,0.4746496406869395
2026-02-13 09:15:00+00:00,1,0.4657589759860196
2026-02-13 09:20:00+00:00,1,0.45997986024105286
2026-02-13 09:25:00+00:00,1,0.471742520013169
2026-02-13 09:30:00+00:00,0,0.46818077404703917
2026-02-13 09:35:00+00:00,0,0.4876107492731938
2026-02-13 09:40:00+00:00,1,0.4900975745100439
2026-02-13 09:45:00+00:00,1,0.47646453937749567
2026-02-13 09:50:00+00:00,1,0.458157501199859
2026-02-13 09:55:00+00:00,1,0.488403892112882
2026-02-13 10:00:00+00:00,1,0.5169606479549574
2026-02-13 10:05:00+00:00,1,0.4997056596480966
2026-02-13 10:10:00+00:00,1,0.48186647329006654
2026-02-13 10:15:00+00:00,1,0.4895753519033604
2026-02-13 10:20:00+00:00,1,0.47619422257646543
2026-02-13 10:25:00+00:00,1,0.48623807835280597
2026-02-13 10:30:00+00:00,0,0.4676496695077817
2026-02-13 10:35:00+00:00,0,0.4812622277007354
2026-02-13 10:40:00+00:00,0,0.4414705673887513
2026-02-13 10:45:00+00:00,0,0.4498619935382166
2026-02-13 10:50:00+00:00,0,0.4723543430595679
2026-02-13 10:55:00+00:00,0,0.4829789383413357
2026-02-13 11:00:00+00:00,0,0.4906177558053209
2026-02-13 11:05:00+00:00,1,0.4975008080462311
2026-02-13 11:10:00+00:00,1,0.504371185817733
2026-02-13 11:15:00+00:00,1,0.5174782329732236
2026-02-13 11:20:00+00:00,1,0.5165152316081193
2026-02-13 11:25:00+00:00,1,0.48482786257430466
2026-02-13 11:30:00+00:00,1,0.49578429147144054
2026-02-13 11:35:00+00:00,1,0.49155325438542796
2026-02-13 11:40:00+00:00,0,0.5038173835200811
2026-02-13 11:45:00+00:00,0,0.49089388394577205
2026-02-13 11:50:00+00:00,0,0.4806222973745042
2026-02-13 11:55:00+00:00,0,0.4726835854914384
2026-02-13 12:00:00+00:00,0,0.5162490556100154
2026-02-13 12:05:00+00:00,1,0.5166625645697502
2026-02-13 12:10:00+00:00,1,0.5104528335063223
2026-02-13 12:15:00+00:00,1,0.5004954803006333
2026-02-13 12:20:00+00:00,1,0.5000874072863288
2026-02-13 12:25:00+00:00,1,0.4888124223814201
2026-02-13 12:30:00+00:00,1,0.5183749622352204
2026-02-13 12:35:00+00:00,0,0.5093570467873929
2026-02-13 12:40:00+00:00,0,0.49585392090305075
2026-02-13 12:45:00+00:00,0,0.5114298945907694
2026-02-13 12:50:00+00:00,0,0.5075037753126801
2026-02-13 12:55:00+00:00,1,0.5173136749218745
2026-02-13 13:00:00+00:00,1,0.48290491440549566
2026-02-13 13:05:00+00:00,1,0.5209969936236051
2026-02-13 13:10:00+00:00,1,0.5235060111070763
2026-02-13 13:15:00+00:00,1,0.49871126123134174
2026-02-13 13:20:00+00:00,1,0.480236150423152
2026-02-13 13:25:00+00:00,1,0.4822073857824768
2026-02-13 13:30:00+00:00,0,0.49124552672701904
2026-02-13 13:35:00+00:00,0,0.4955489413149813
2026-02-13 13:40:00+00:00,0,0.5132806938269565
2026-02-13 13:45:00+00:00,0,0.48489403391903413
2026-02-13 13:50:00+00:00,0,0.4817684819874679
2026-02-13 13:55:00+00:00,0,0.4881755656095445
2026-02-13 14:00:00+00:00,1,0.5181595149332682
2026-02-13 14:05:00+00:00,1,0.5047463209104598
2026-02-13 14:10:00+00:00,1,0.5150640378232529
2026-02-13 14:15:00+00:00,1,0.4941554278838435
2026-02-13 14:20:00+00:00,1,0.5069631281408391
2026-02-13 14:25:00+00:00,1,0.4893581932102181
2026-02-13 14:30:00+00:00,1,0.4758349579644666
2026-02-13 14:35:00+00:00,1,0.49004888873947133
2026-02-13 14:40:00+00:00,1,0.49894880296662747
2026-02-13 14:45:00+00:00,1,0.5108933617241668
2026-02-13 14:50:00+00:00,1,0.50502901416677
2026-02-13 14:55:00+00:00,1,0.4802866171728467
2026-02-13 15:00:00+00:00,1,0.4955544904255214
2026-02-13 15:05:00+00:00,1,0.4626777244428313
2026-02-13 15:10:00+00:00,1,0.4486779493948929
2026-02-13 15:15:00+00:00,1,0.46446521979584704
2026-02-13 15:20:00+00:00,1,0.45908759480995126
2026-02-13 15:25:00+00:00,0,0.4895345010690319
2026-02-13 15:30:00+00:00,0,0.47037798614067555
2026-02-13 15:35:00+00:00,1,0.4825915849343741
2026-02-13 15:40:00+00:00,1,0.4759464003712278
2026-02-13 15:45:00+00:00,1,0.5076055960610406
2026-02-13 15:50:00+00:00,1,0.485992149804758
2026-02-13 15:55:00+00:00,1,0.49184978077112385
2026-02-13 16:00:00+00:00,1,0.4985935223928217
2026-02-13 16:05:00+00:00,1,0.49016293053903165
2026-02-13 16:10:00+00:00,1,0.48005504424868356
2026-02-13 16:15:00+00:00,1,0.49096396925302
2026-02-13 16:20:00+00:00,1,0.5051787806282129
2026-02-13 16:25:00+00:00,0,0.5255903632188049
2026-02-13 16:30:00+00:00,0,0.5555278276705069
2026-02-13 16:35:00+00:00,0,0.5110637538951393
2026-02-13 16:40:00+00:00,0,0.5158186416974154
2026-02-13 16:45:00+00:00,0,0.5109223227193979
2026-02-13 16:50:00+00:00,0,0.49349348720676534
2026-02-13 16:55:00+00:00,0,0.4939201492820615
2026-02-13 17:00:00+00:00,1,0.5173970128493784
2026-02-13 17:05:00+00:00,1,0.5332319022573035
2026-02-13 17:10:00+00:00,0,0.5176327046347438
2026-02-13 17:15:00+00:00,0,0.5480119248186762
2026-02-13 17:20:00+00:00,0,0.5147494435037165
2026-02-13 17:25:00+00:00,0,0.5125479453643732
2026-02-13 17:30:00+00:00,0,0.5155677649873088
2026-02-13 17:35:00+00:00,0,0.563732046663133
2026-02-13 17:40:00+00:00,0,0.5751486036872245
2026-02-13 17:45:00+00:00,0,0.571426177776697
2026-02-13 17:50:00+00:00,0,0.5574152990183587
2026-02-13 17:55:00+00:00,0,0.565564478728989
2026-02-13 18:00:00+00:00,1,0.5478459181500135
2026-02-13 18:05:00+00:00,1,0.5624285172627539
2026-02-13 18:10:00+00:00,1,0.548706477901395
2026-02-13 18:15:00+00:00,1,0.5434316271278168
2026-02-13 18:20:00+00:00,1,0.5606006909701449
2026-02-13 18:25:00+00:00,1,0.5488186506220305
2026-02-13 18:30:00+00:00,0,0.5646140149858581
2026-02-13 18:35:00+00:00,0,0.5325226320889753
2026-02-13 18:40:00+00:00,1,0.5356294808832276
2026-02-13 18:45:00+00:00,1,0.5470893870260435
2026-02-13 18:50:00+00:00,1,0.5282972070581964
2026-02-13 18:55:00+00:00,1,0.5433112583224049
2026-02-13 19:00:00+00:00,1,0.55863838101139
2026-02-13 19:05:00+00:00,0,0.5423979356789719
2026-02-13 19:10:00+00:00,0,0.547617199456068
2026-02-13 19:15:00+00:00,0,0.5394598821613755
2026-02-13 19:20:00+00:00,1,0.532475063158496
2026-02-13 19:25:00+00:00,1,0.5670470535285531
2026-02-13 19:30:00+00:00,1,0.5524177430921804
2026-02-13 19:35:00+00:00,1,0.5465134206353682
2026-02-13 19:40:00+00:00,1,0.5841677972980331
2026-02-13 19:45:00+00:00,1,0.5355759869988024
2026-02-13 19:50:00+00:00,0,0.5417585533911778
2026-02-13 19:55:00+00:00,0,0.5550673121938005
2026-02-13 20:00:00+00:00,1,0.5577059398877962
2026-02-13 20:05:00+00:00,1,0.5343547023076342
2026-02-13 20:10:00+00:00,1,0.5431005384697134
2026-02-13 20:15:00+00:00,1,0.5355601439951535
2026-02-13 20:20:00+00:00,1,0.5360055518635716
2026-02-13 20:25:00+00:00,1,0.5299259382083306
2026-02-13 20:30:00+00:00,1,0.5355767916327988
2026-02-13 20:35:00+00:00,1,0.5434576708493936
2026-02-13 20:40:00+00:00,1,0.5336432864433073
2026-02-13 20:45:00+00:00,1,0.5489531629533838
2026-02-13 20:50:00+00:00,1,0.5274037496196343
2026-02-13 20:55:00+00:00,1,0.5308519565704116
2026-02-13 21:00:00+00:00,0,0.5334271335705139
2026-02-13 21:05:00+00:00,0,0.5194234978071313
2026-02-13 21:10:00+00:00,0,0.5004289973089194
2026-02-13 21:15:00+00:00,1,0.49281258208122913
2026-02-13 21:20:00+00:00,0,0.4818347516381833
2026-02-13 21:25:00+00:00,0,0.45662359228934146
2026-02-13 21:30:00+00:00,0,0.49897716411159165
2026-02-13 21:35:00+00:00,1,0.5063557136634337
2026-02-13 21:40:00+00:00,0,0.49043963457658357
2026-02-13 21:45:00+00:00,0,0.5192693733319619
2026-02-13 21:50:00+00:00,0,0.4913173004544399
2026-02-13 21:55:00+00:00,0,0.5067195791910942
2026-02-13 22:00:00+00:00,1,0.5086512281291397
2026-02-13 22:05:00+00:00,0,0.48679689339456106
2026-02-13 22:10:00+00:00,0,0.488839124961123
2026-02-13 22:15:00+00:00,0,0.48991716073979535
2026-02-13 22:20:00+00:00,0,0.49011095511549324
2026-02-13 22:25:00+00:00,0,0.48635684426919684
2026-02-13 22:30:00+00:00,0,0.4884267752009716
2026-02-13 22:35:00+00:00,0,0.48258321499867174
2026-02-13 22:40:00+00:00,0,0.4999900810121675
2026-02-13 22:45:00+00:00,0,0.4751126513292226
2026-02-13 22:50:00+00:00,0,0.48641353867929316
2026-02-13 22:55:00+00:00,0,0.5007363694329876
2026-02-13 23:00:00+00:00,1,0.4979556664964821
2026-02-13 23:05:00+00:00,1,0.5076286255297507
2026-02-13 23:10:00+00:00,1,0.5136567304216096
2026-02-13 23:15:00+00:00,1,0.525053270684443
2026-02-13 23:20:00+00:00,0,0.5120980360221601
2026-02-13 23:25:00+00:00,0,0.5042844631709025
2026-02-13 23:30:00+00:00,0,0.5104232580981413
2026-02-13 23:35:00+00:00,0,0.510568012436225
2026-02-13 23:40:00+00:00,0,0.5064422891896799
2026-02-13 23:45:00+00:00,0,0.4979378189991691
2026-02-13 23:50:00+00:00,0,0.5173096639812478
2026-02-13 23:55:00+00:00,0,0.5252030916994086
2026-02-14 00:00:00+00:00,1,0.5172217569732861
2026-02-14 00:05:00+00:00,1,0.5213124176555352
2026-02-14 00:10:00+00:00,1,0.5198168534216426
2026-02-14 00:15:00+00:00,1,0.5209383943325024
2026-02-14 00:20:00+00:00,1,0.5312801224284287
2026-02-14 00:25:00+00:00,1,0.5257450629780548
2026-02-14 00:30:00+00:00,1,0.5262070745038165
2026-02-14 00:35:00+00:00,1,0.5009963608707009
2026-02-14 00:40:00+00:00,1,0.4780742408749972
2026-02-14 00:45:00+00:00,1,0.4630725099687169
2026-02-14 00:50:00+00:00,0,0.4472333493748958
2026-02-14 00:55:00+00:00,0,0.4441774966836848
2026-02-14 01:00:00+00:00,1,0.46767555164878055
2026-02-14 01:05:00+00:00,1,0.4679930663182488
2026-02-14 01:10:00+00:00,0,0.4606459888982743
2026-02-14 01:15:00+00:00,0,0.4519966856776034
2026-02-14 01:20:00+00:00,1,0.45928650455511466
2026-02-14 01:25:00+00:00,0,0.445599708414823
2026-02-14 01:30:00+00:00,1,0.4616199812177719
2026-02-14 01:35:00+00:00,1,0.48639539754461514
2026-02-14 01:40:00+00:00,1,0.4888292020743728
2026-02-14 01:45:00+00:00,0,0.507251507005108
2026-02-14 01:50:00+00:00,0,0.4982306022459087
2026-02-14 01:55:00+00:00,0,0.5038699477569648
2026-02-14 02:00:00+00:00,0,0.5032504096627675
2026-02-14 02:05:00+00:00,0,0.5069932961974823
2026-02-14 02:10:00+00:00,0,0.491160246236167
2026-02-14 02:15:00+00:00,0,0.5082919491620157
2026-02-14 02:20:00+00:00,1,0.5058001436687871
2026-02-14 02:25:00+00:00,0,0.5109857634880612
2026-02-14 02:30:00+00:00,0,0.5003940268028462
2026-02-14 02:35:00+00:00,0,0.5013899025617508
2026-02-14 02:40:00+00:00,0,0.4941598613408378
2026-02-14 02:45:00+00:00,0,0.4915141956412955
2026-02-14 02:50:00+00:00,0,0.47673962835404265
2026-02-14 02:55:00+00:00,1,0.4424387739388191
2026-02-14 03:00:00+00:00,1,0.4761548378972044
2026-02-14 03:05:00+00:00,1,0.4798830476569154
2026-02-14 03:10:00+00:00,1,0.4901147044751876
2026-02-14 03:15:00+00:00,1,0.5028173655409944
2026-02-14 03:20:00+00:00,1,0.5018022661384383
2026-02-14 03:25:00+00:00,1,0.4799711683447033
2026-02-14 03:30:00+00:00,0,0.4524083246300265
2026-02-14 03:35:00+00:00,0,0.439644399563407
2026-02-14 03:40:00+00:00,0,0.4705787408601779
2026-02-14 03:45:00+00:00,0,0.4834597986004027
2026-02-14 03:50:00+00:00,0,0.46029762399929625
2026-02-14 03:55:00+00:00,0,0.4417224324409206
2026-02-14 04:00:00+00:00,0,0.4527038926808516
2026-02-14 04:05:00+00:00,1,0.46104762409360395
2026-02-14 04:10:00+00:00,1,0.46817517754050486
2026-02-14 04:15:00+00:00,1,0.4950246252203496
2026-02-14 04:20:00+00:00,1,0.507509964872194
2026-02-14 04:25:00+00:00,1,0.4627440457090637
2026-02-14 04:30:00+00:00,0,0.4580443543139447
2026-02-14 04:35:00+00:00,0,0.45415597277927966
2026-02-14 04:40:00+00:00,1,0.4683147037494914
2026-02-14 04:45:00+00:00,1,0.4754554097324898
2026-02-14 04:50:00+00:00,1,0.4876628385549584
2026-02-14 04:55:00+00:00,1,0.4829180478544153
2026-02-14 05:00:00+00:00,0,0.5088338891002097
2026-02-14 05:05:00+00:00,0,0.5254589118451658
2026-02-14 05:10:00+00:00,0,0.469408391369521
2026-02-14 05:15:00+00:00,0,0.4498174504146231
2026-02-14 05:20:00+00:00,0,0.4566760966176214
2026-02-14 05:25:00+00:00,0,0.45541512680076285
2026-02-14 05:30:00+00:00,0,0.4702929656228001
2026-02-14 05:35:00+00:00,0,0.483382928518367
2026-02-14 05:40:00+00:00,0,0.4784395123284416
2026-02-14 05:45:00+00:00,0,0.4657473599512888
2026-02-14 05:50:00+00:00,0,0.4917985099506445
2026-02-14 05:55:00+00:00,0,0.48229438164013955
2026-02-14 06:00:00+00:00,0,0.5216805996248118
2026-02-14 06:05:00+00:00,1,0.5271275977402348
2026-02-14 06:10:00+00:00,1,0.5275583339779433
2026-02-14 06:15:00+00:00,0,0.5344750482833045
2026-02-14 06:20:00+00:00,1,0.5236876810082902
2026-02-14 06:25:00+00:00,1,0.5220849129333129
2026-02-14 06:30:00+00:00,1,0.5267108083581766
2026-02-14 06:35:00+00:00,0,0.5223701916696833
2026-02-14 06:40:00+00:00,1,0.5281805378786916
2026-02-14 06:45:00+00:00,1,0.509479037810055
2026-02-14 06:50:00+00:00,1,0.48441071682807874
2026-02-14 06:55:00+00:00,1,0.4914500876704063
2026-02-14 07:00:00+00:00,1,0.480927321961837
2026-02-14 07:05:00+00:00,1,0.5082689485444924
2026-02-14 07:10:00+00:00,1,0.49338597273412915
2026-02-14 07:15:00+00:00,1,0.5011732205625447
2026-02-14 07:20:00+00:00,1,0.4777950493233149
2026-02-14 07:25:00+00:00,1,0.48429423470094884
2026-02-14 07:30:00+00:00,1,0.48657141821700317
2026-02-14 07:35:00+00:00,1,0.5000018215169791
2026-02-14 07:40:00+00:00,1,0.5051399379160209
2026-02-14 07:45:00+00:00,1,0.48972795489953835
2026-02-14 07:50:00+00:00,1,0.4687184229663526
2026-02-14 07:55:00+00:00,1,0.4779412536872859
2026-02-14 08:00:00+00:00,1,0.46441627561222526
2026-02-14 08:05:00+00:00,1,0.47451087112342205
2026-02-14 08:10:00+00:00,1,0.47071707096258175
2026-02-14 08:15:00+00:00,1,0.4616843959481378
2026-02-14 08:20:00+00:00,1,0.45405981206754764
2026-02-14 08:25:00+00:00,1,0.42012174388818585
2026-02-14 08:30:00+00:00,1,0.43350411610554057
2026-02-14 08:35:00+00:00,0,0.4531975614444049
2026-02-14 08:40:00+00:00,0,0.4439256891052493
2026-02-14 08:45:00+00:00,0,0.4265890836377143
2026-02-14 08:50:00+00:00,0,0.4353627902837939
2026-02-14 08:55:00+00:00,0,0.45462640059008863
2026-02-14 09:00:00+00:00,1,0.44411344054405455
2026-02-14 09:05:00+00:00,1,0.4418311344158428
2026-02-14 09:10:00+00:00,1,0.46210967329154445
2026-02-14 09:15:00+00:00,0,0.4212599343305308
2026-02-14 09:20:00+00:00,1,0.43453013862787004
2026-02-14 09:25:00+00:00,0,0.4563167505146112
2026-02-14 09:30:00+00:00,0,0.44754002117242564
2026-02-14 09:35:00+00:00,0,0.42979556871344987
2026-02-14 09:40:00+00:00,0,0.4680853706769132
2026-02-14 09:45:00+00:00,0,0.43746501500921664
2026-02-14 09:50:00+00:00,0,0.4403017091819204
2026-02-14 09:55:00+00:00,0,0.4550737285267697
2026-02-14 10:00:00+00:00,0,0.47946064267825866
2026-02-14 10:05:00+00:00,0,0.4829540082774743
2026-02-14 10:10:00+00:00,0,0.4658081051455832
2026-02-14 10:15:00+00:00,0,0.48199476783321565
2026-02-14 10:20:00+00:00,0,0.4732928520880736
2026-02-14 10:25:00+00:00,0,0.4443381408947822
2026-02-14 10:30:00+00:00,1,0.4449574443613238
2026-02-14 10:35:00+00:00,1,0.46737464088612574
2026-02-14 10:40:00+00:00,1,0.4217810075905835
2026-02-14 10:45:00+00:00,1,0.42767073734858757
2026-02-14 10:50:00+00:00,1,0.47980830614604847
2026-02-14 10:55:00+00:00,1,0.4429627176862067
2026-02-14 11:00:00+00:00,1,0.4944818052258418
2026-02-14 11:05:00+00:00,1,0.4904562213956816
2026-02-14 11:10:00+00:00,1,0.4577605508145191
2026-02-14 11:15:00+00:00,1,0.4591383840497513
2026-02-14 11:20:00+00:00,0,0.4750405334407053
2026-02-14 11:25:00+00:00,0,0.4937597665436071
2026-02-14 11:30:00+00:00,1,0.46919341381242907
2026-02-14 11:35:00+00:00,1,0.4562152429077156
2026-02-14 11:40:00+00:00,1,0.4570508924887185
2026-02-14 11:45:00+00:00,0,0.44157057813398476
2026-02-14 11:50:00+00:00,0,0.43679465367561654
2026-02-14 11:55:00+00:00,0,0.4437836882739552
2026-02-14 12:00:00+00:00,0,0.4684077517519791
2026-02-14 12:05:00+00:00,0,0.46244382878293133
2026-02-14 12:10:00+00:00,0,0.48690371104116464
2026-02-14 12:15:00+00:00,0,0.5124588736569402
2026-02-14 12:20:00+00:00,0,0.4976709716795168
2026-02-14 12:25:00+00:00,0,0.4976489970591889
2026-02-14 12:30:00+00:00,0,0.5218420110795386
2026-02-14 12:35:00+00:00,0,0.4935099657491329
2026-02-14 12:40:00+00:00,0,0.49818154931928366
2026-02-14 12:45:00+00:00,0,0.49513858911577013
2026-02-14 12:50:00+00:00,0,0.5074554576362937
2026-02-14 12:55:00+00:00,0,0.5046452945517259
2026-02-14 13:00:00+00:00,1,0.5587291410269094
2026-02-14 13:05:00+00:00,0,0.5220347023794185
2026-02-14 13:10:00+00:00,1,0.5122493457985557
2026-02-14 13:15:00+00:00,1,0.5100835956627903
2026-02-14 13:20:00+00:00,1,0.5024295770444738
2026-02-14 13:25:00+00:00,1,0.4606862027850659
2026-02-14 13:30:00+00:00,1,0.4565383751393299
2026-02-14 13:35:00+00:00,1,0.47091652156333513
2026-02-14 13:40:00+00:00,1,0.4547092776419595
2026-02-14 13:45:00+00:00,1,0.4882236302729055
2026-02-14 13:50:00+00:00,1,0.45251944544757244
2026-02-14 13:55:00+00:00,1,0.480454851853025
2026-02-14 14:00:00+00:00,1,0.4779073950579085
2026-02-14 14:05:00+00:00,1,0.4767497434169965
2026-02-14 14:10:00+00:00,1,0.4887750026420667
2026-02-14 14:15:00+00:00,1,0.4728861973530621
2026-02-14 14:20:00+00:00,1,0.47428011182445134
2026-02-14 14:25:00+00:00,1,0.4548693136463944
2026-02-14 14:30:00+00:00,1,0.4408120347383193
2026-02-14 14:35:00+00:00,1,0.43965923926838774
2026-02-14 14:40:00+00:00,1,0.4336178318891337
2026-02-14 14:45:00+00:00,1,0.4353713045661002
2026-02-14 14:50:00+00:00,1,0.4232003203956438
2026-02-14 14:55:00+00:00,0,0.4611050007313679
2026-02-14 15:00:00+00:00,1,0.4831373367492074
2026-02-14 15:05:00+00:00,0,0.4673569801923128
2026-02-14 15:10:00+00:00,1,0.46198012127313687
2026-02-14 15:15:00+00:00,1,0.4682640421213602
2026-02-14 15:20:00+00:00,1,0.44315023502183915
2026-02-14 15:25:00+00:00,1,0.4682369756369129
2026-02-14 15:30:00+00:00,0,0.43294105109531056
2026-02-14 15:35:00+00:00,1,0.4509165888262377
2026-02-14 15:40:00+00:00,1,0.44998832535463673
2026-02-14 15:45:00+00:00,0,0.46763845026469203
2026-02-14 15:50:00+00:00,0,0.47827002548724173
2026-02-14 15:55:00+00:00,0,0.47692878457137755
2026-02-14 16:00:00+00:00,0,0.4872159776435916
2026-02-14 16:05:00+00:00,1,0.4668922502412155
2026-02-14 16:10:00+00:00,1,0.48802744309569157
2026-02-14 16:15:00+00:00,1,0.4775050315616923
2026-02-14 16:20:00+00:00,1,0.516660865340484
2026-02-14 16:25:00+00:00,1,0.5036951887736761
2026-02-14 16:30:00+00:00,1,0.494255947683571
2026-02-14 16:35:00+00:00,1,0.4937359824943197
2026-02-14 16:40:00+00:00,1,0.4829705122488135
2026-02-14 16:45:00+00:00,1,0.45850558087682786
2026-02-14 16:50:00+00:00,1,0.4503704658379297
2026-02-14 16:55:00+00:00,0,0.45101032756495574
2026-02-14 17:00:00+00:00,1,0.47493881908404656
2026-02-14 17:05:00+00:00,0,0.47547389614531693
2026-02-14 17:10:00+00:00,0,0.4714165158207382
2026-02-14 17:15:00+00:00,0,0.46863745083249864
2026-02-14 17:20:00+00:00,0,0.4703821823278028
2026-02-14 17:25:00+00:00,0,0.46523065764922655
2026-02-14 17:30:00+00:00,0,0.46811503295983126
2026-02-14 17:35:00+00:00,0,0.48383218171875136
2026-02-14 17:40:00+00:00,0,0.4893955591067672
2026-02-14 17:45:00+00:00,1,0.4722527976550739
2026-02-14 17:50:00+00:00,1,0.5032096960721095
2026-02-14 17:55:00+00:00,1,0.5213066276570831
2026-02-14 18:00:00+00:00,1,0.554209854199399
2026-02-14 18:05:00+00:00,1,0.5562205970703901
2026-02-14 18:10:00+00:00,1,0.5388581649943984
2026-02-14 18:15:00+00:00,0,0.5044424041550405
2026-02-14 18:20:00+00:00,0,0.49520146884933913
2026-02-14 18:25:00+00:00,1,0.521156781623905
2026-02-14 18:30:00+00:00,1,0.5180288674701353
2026-02-14 18:35:00+00:00,0,0.5051347793314759
2026-02-14 18:40:00+00:00,0,0.5176333730947832
2026-02-14 18:45:00+00:00,1,0.5124413992333309
2026-02-14 18:50:00+00:00,1,0.5026421834694421
2026-02-14 18:55:00+00:00,1,0.5085329098663429
2026-02-14 19:00:00+00:00,1,0.48944949665978815
2026-02-14 19:05:00+00:00,1,0.5060326344550267
2026-02-14 19:10:00+00:00,1,0.5283406549054623
2026-02-14 19:15:00+00:00,1,0.5254877001652727
2026-02-14 19:20:00+00:00,1,0.5213757453894425
2026-02-14 19:25:00+00:00,1,0.5074941285171403
2026-02-14 19:30:00+00:00,1,0.4962625821742792
2026-02-14 19:35:00+00:00,0,0.4956772403744675
2026-02-14 19:40:00+00:00,0,0.4704183364048366
2026-02-14 19:45:00+00:00,0,0.48048218135868304
2026-02-14 19:50:00+00:00,0,0.4821736711736221
2026-02-14 19:55:00+00:00,0,0.5017062517432901
2026-02-14 20:00:00+00:00,0,0.4819134851026131
2026-02-14 20:05:00+00:00,0,0.48866592168553424
2026-02-14 20:10:00+00:00,0,0.49720515640769564
2026-02-14 20:15:00+00:00,1,0.49098034763288634
2026-02-14 20:20:00+00:00,0,0.4858857468055935
2026-02-14 20:25:00+00:00,1,0.4997792817963811
2026-02-14 20:30:00+00:00,1,0.5099442435452974
2026-02-14 20:35:00+00:00,1,0.5169166924818509
2026-02-14 20:40:00+00:00,1,0.5150272879332192
2026-02-14 20:45:00+00:00,1,0.5134703860469902
2026-02-14 20:50:00+00:00,1,0.5259214513858205
2026-02-14 20:55:00+00:00,0,0.5166054312566294
2026-02-14 21:00:00+00:00,0,0.5121891733255401
2026-02-14 21:05:00+00:00,0,0.5042663657112734
2026-02-14 21:10:00+00:00,0,0.49603860558574203
2026-02-14 21:15:00+00:00,0,0.4860420566907381
2026-02-14 21:20:00+00:00,0,0.4937268090526343
2026-02-14 21:25:00+00:00,0,0.49776737567109064
2026-02-14 21:30:00+00:00,1,0.48164056764208074
2026-02-14 21:35:00+00:00,1,0.4895951989642544
2026-02-14 21:40:00+00:00,1,0.4718648612111673
2026-02-14 21:45:00+00:00,1,0.48276287133130547
2026-02-14 21:50:00+00:00,0,0.4697022188594976
2026-02-14 21:55:00+00:00,1,0.47654562320099464
2026-02-14 22:00:00+00:00,1,0.490739204099827
2026-02-14 22:05:00+00:00,1,0.48276613025490855
2026-02-14 22:10:00+00:00,1,0.4629927032440642
2026-02-14 22:15:00+00:00,1,0.48639793339999676
2026-02-14 22:20:00+00:00,1,0.49781322130748307
2026-02-14 22:25:00+00:00,1,0.49578220008133705
2026-02-14 22:30:00+00:00,1,0.5130485824870527
2026-02-14 22:35:00+00:00,0,0.4738802135222924
2026-02-14 22:40:00+00:00,0,0.48438100411257795
2026-02-14 22:45:00+00:00,0,0.49050159133163107
2026-02-14 22:50:00+00:00,0,0.4816196944099994
2026-02-14 22:55:00+00:00,0,0.4923836039142202
2026-02-14 23:00:00+00:00,0,0.49989939188846033
2026-02-14 23:05:00+00:00,0,0.4882170246785245
2026-02-14 23:10:00+00:00,0,0.46676127154590835
2026-02-14 23:15:00+00:00,0,0.516929088063219
2026-02-14 23:20:00+00:00,0,0.5111471233164109
2026-02-14 23:25:00+00:00,0,0.5017288400964552
2026-02-14 23:30:00+00:00,0,0.48823751039601637
2026-02-14 23:35:00+00:00,0,0.49912655522241434
2026-02-14 23:40:00+00:00,0,0.48853150566446185
2026-02-14 23:45:00+00:00,0,0.49142226442447445
2026-02-14 23:50:00+00:00,0,0.5356860259133003
2026-02-14 23:55:00+00:00,0,0.5233164600803957
2026-02-15 00:00:00+00:00,0,0.5181890641437288
2026-02-15 00:05:00+00:00,0,0.5291222807971983
2026-02-15 00:10:00+00:00,0,0.5180426815161541
2026-02-15 00:15:00+00:00,0,0.50921724080668
2026-02-15 00:20:00+00:00,0,0.5200051553683189
2026-02-15 00:25:00+00:00,1,0.531352650230651
2026-02-15 00:30:00+00:00,1,0.5199001881022085
2026-02-15 00:35:00+00:00,1,0.5196836492920422
2026-02-15 00:40:00+00:00,1,0.5171001170974203
2026-02-15 00:45:00+00:00,1,0.5255754270052707
2026-02-15 00:50:00+00:00,0,0.514822248994511
2026-02-15 00:55:00+00:00,0,0.512672633266989
2026-02-15 01:00:00+00:00,0,0.5018050827074536
2026-02-15 01:05:00+00:00,0,0.49747682567223345
2026-02-15 01:10:00+00:00,0,0.512476710357765
2026-02-15 01:15:00+00:00,0,0.5145919329694296
2026-02-15 01:20:00+00:00,1,0.5261253663423644
2026-02-15 01:25:00+00:00,1,0.5198079435341306
2026-02-15 01:30:00+00:00,1,0.5247897516865376
2026-02-15 01:35:00+00:00,1,0.5144138559218303
2026-02-15 01:40:00+00:00,1,0.5176110353542974
2026-02-15 01:45:00+00:00,1,0.5020379651442543
2026-02-15 01:50:00+00:00,0,0.50532651062691
2026-02-15 01:55:00+00:00,0,0.5066668539745042
2026-02-15 02:00:00+00:00,0,0.4964745693674768
2026-02-15 02:05:00+00:00,0,0.4940041611171694
2026-02-15 02:10:00+00:00,1,0.49610960198095383
2026-02-15 02:15:00+00:00,0,0.4937045028290885
2026-02-15 02:20:00+00:00,1,0.5052528688150649
2026-02-15 02:25:00+00:00,1,0.5091349455638531
2026-02-15 02:30:00+00:00,1,0.5129199699202132
2026-02-15 02:35:00+00:00,1,0.49575556972695034
2026-02-15 02:40:00+00:00,1,0.4934793229210691
2026-02-15 02:45:00+00:00,1,0.5140258409795264
2026-02-15 02:50:00+00:00,0,0.5046318819702906
2026-02-15 02:55:00+00:00,0,0.5051050268252576
2026-02-15 03:00:00+00:00,0,0.4942462999931975
2026-02-15 03:05:00+00:00,0,0.4795335842464924
2026-02-15 03:10:00+00:00,0,0.5007413054539244
2026-02-15 03:15:00+00:00,0,0.4972368910436806
2026-02-15 03:20:00+00:00,1,0.49161882647016325
2026-02-15 03:25:00+00:00,1,0.5080374070612469
2026-02-15 03:30:00+00:00,1,0.5067822581540735
2026-02-15 03:35:00+00:00,1,0.5263569711202268
2026-02-15 03:40:00+00:00,1,0.49622616356572397
2026-02-15 03:45:00+00:00,1,0.4733135131956518
2026-02-15 03:50:00+00:00,1,0.49132712772606957
2026-02-15 03:55:00+00:00,1,0.49257179980371285
2026-02-15 04:00:00+00:00,1,0.48230145610643393
2026-02-15 04:05:00+00:00,0,0.4685681605526129
2026-02-15 04:10:00+00:00,0,0.47158190543656614
2026-02-15 04:15:00+00:00,1,0.466673857788555
2026-02-15 04:20:00+00:00,1,0.5049530849291449
2026-02-15 04:25:00+00:00,1,0.5007509822855101
2026-02-15 04:30:00+00:00,0,0.4927225532025525
2026-02-15 04:35:00+00:00,0,0.4836680857647606
2026-02-15 04:40:00+00:00,0,0.4737419527371048
2026-02-15 04:45:00+00:00,1,0.4563436085736154
2026-02-15 04:50:00+00:00,1,0.48200597787864047
2026-02-15 04:55:00+00:00,1,0.4893061794113064
2026-02-15 05:00:00+00:00,1,0.48444079183612365
2026-02-15 05:05:00+00:00,1,0.4773793076281951
2026-02-15 05:10:00+00:00,1,0.45572510770160535
2026-02-15 05:15:00+00:00,1,0.44913975476544454
2026-02-15 05:20:00+00:00,1,0.44577450962076864
2026-02-15 05:25:00+00:00,1,0.466159869817699
2026-02-15 05:30:00+00:00,1,0.4566865173328889
2026-02-15 05:35:00+00:00,1,0.47455465167607724
2026-02-15 05:40:00+00:00,0,0.439207693491204
2026-02-15 05:45:00+00:00,0,0.43282117472974635
2026-02-15 05:50:00+00:00,1,0.44991838101271486
2026-02-15 05:55:00+00:00,1,0.4443425888643763
2026-02-15 06:00:00+00:00,0,0.44529636672936257
2026-02-15 06:05:00+00:00,1,0.4834065089837306
2026-02-15 06:10:00+00:00,1,0.48191338762518215
2026-02-15 06:15:00+00:00,0,0.46800486982265815
2026-02-15 06:20:00+00:00,0,0.45016380917914456
2026-02-15 06:25:00+00:00,0,0.4356638433249081
2026-02-15 06:30:00+00:00,0,0.4663769828275888
2026-02-15 06:35:00+00:00,0,0.4834788107999159
2026-02-15 06:40:00+00:00,1,0.49611411943170697
2026-02-15 06:45:00+00:00,1,0.50676502703684
2026-02-15 06:50:00+00:00,1,0.4982889694166571
2026-02-15 06:55:00+00:00,1,0.5060502286995949
2026-02-15 07:00:00+00:00,1,0.48474209137271107
2026-02-15 07:05:00+00:00,1,0.4898391643733149
2026-02-15 07:10:00+00:00,1,0.4907408349405873
2026-02-15 07:15:00+00:00,1,0.4864763919962023
2026-02-15 07:20:00+00:00,1,0.4647684586610321
2026-02-15 07:25:00+00:00,1,0.4816168537616253
2026-02-15 07:30:00+00:00,1,0.47457451159835523
2026-02-15 07:35:00+00:00,0,0.4747067323298887
2026-02-15 07:40:00+00:00,0,0.46640492445821347
2026-02-15 07:45:00+00:00,0,0.4595250582239709
2026-02-15 07:50:00+00:00,0,0.46957835614313465
2026-02-15 07:55:00+00:00,0,0.46376977209755715
2026-02-15 08:00:00+00:00,0,0.46351593965777843
2026-02-15 08:05:00+00:00,0,0.48832426157557673
2026-02-15 08:10:00+00:00,0,0.47396644255845194
2026-02-15 08:15:00+00:00,0,0.4546998046664457
2026-02-15 08:20:00+00:00,0,0.45053258367890586
2026-02-15 08:25:00+00:00,0,0.44561796504603424
2026-02-15 08:30:00+00:00,1,0.543406690249444
2026-02-15 08:35:00+00:00,1,0.5316443035908213
2026-02-15 08:40:00+00:00,1,0.5124080388856649
2026-02-15 08:45:00+00:00,1,0.5249226395453892
2026-02-15 08:50:00+00:00,1,0.50884278233248
2026-02-15 08:55:00+00:00,1,0.4979267200894249
2026-02-15 09:00:00+00:00,1,0.49747587753210387
2026-02-15 09:05:00+00:00,1,0.4984457216099489
2026-02-15 09:10:00+00:00,1,0.5172436781173883
2026-02-15 09:15:00+00:00,1,0.5004952014290588
2026-02-15 09:20:00+00:00,1,0.5001654635115154
2026-02-15 09:25:00+00:00,0,0.4776146300912808
2026-02-15 09:30:00+00:00,0,0.4850452548397045
2026-02-15 09:35:00+00:00,0,0.4937623596479938
2026-02-15 09:40:00+00:00,0,0.4882955534765894
2026-02-15 09:45:00+00:00,0,0.4629437523595269
2026-02-15 09:50:00+00:00,0,0.4634330296814749
2026-02-15 09:55:00+00:00,0,0.44366844498019475
2026-02-15 10:00:00+00:00,0,0.4552944665732269
2026-02-15 10:05:00+00:00,0,0.4982388009760489
2026-02-15 10:10:00+00:00,1,0.477963311308701
2026-02-15 10:15:00+00:00,1,0.47376119748546225
2026-02-15 10:20:00+00:00,1,0.4969065229089173
2026-02-15 10:25:00+00:00,1,0.49285883742227554
2026-02-15 10:30:00+00:00,1,0.5364942302983227
2026-02-15 10:35:00+00:00,1,0.5370456847017601
2026-02-15 10:40:00+00:00,1,0.5390330378052108
2026-02-15 10:45:00+00:00,1,0.4661885176757842
2026-02-15 10:50:00+00:00,1,0.4980720657687497
2026-02-15 10:55:00+00:00,1,0.44322582457592224
2026-02-15 11:00:00+00:00,0,0.46129378267865717
2026-02-15 11:05:00+00:00,0,0.44912592788886224
2026-02-15 11:10:00+00:00,0,0.45459151083585064
2026-02-15 11:15:00+00:00,0,0.4672483104136642
2026-02-15 11:20:00+00:00,0,0.4461439428405461
2026-02-15 11:25:00+00:00,0,0.45133306781488597
2026-02-15 11:30:00+00:00,0,0.4622060400226223
2026-02-15 11:35:00+00:00,0,0.4740722667999082
2026-02-15 11:40:00+00:00,0,0.47867032747871424
2026-02-15 11:45:00+00:00,0,0.456047824189289
2026-02-15 11:50:00+00:00,0,0.5069719108982463
2026-02-15 11:55:00+00:00,0,0.503571933926921
2026-02-15 12:00:00+00:00,0,0.511289415728167
2026-02-15 12:05:00+00:00,1,0.5302456186127176
2026-02-15 12:10:00+00:00,1,0.5258170709448656
2026-02-15 12:15:00+00:00,0,0.5276028177075507
2026-02-15 12:20:00+00:00,0,0.517829479823524
2026-02-15 12:25:00+00:00,0,0.5068908026677131
2026-02-15 12:30:00+00:00,0,0.5197716634558737
2026-02-15 12:35:00+00:00,0,0.511050820569574
2026-02-15 12:40:00+00:00,0,0.5071609203622381
2026-02-15 12:45:00+00:00,0,0.49330996572390645
2026-02-15 12:50:00+00:00,1,0.5435017868769949
2026-02-15 12:55:00+00:00,1,0.5494659288722217
2026-02-15 13:00:00+00:00,0,0.5045134271176908
2026-02-15 13:05:00+00:00,0,0.4990452085763456
2026-02-15 13:10:00+00:00,0,0.5008727652999674
2026-02-15 13:15:00+00:00,0,0.48393478350921326
2026-02-15 13:20:00+00:00,0,0.49944569550420326
2026-02-15 13:25:00+00:00,0,0.515723028097871
2026-02-15 13:30:00+00:00,1,0.49695164267186215
2026-02-15 13:35:00+00:00,1,0.4876405563493997
2026-02-15 13:40:00+00:00,1,0.4829575179796598
2026-02-15 13:45:00+00:00,1,0.4835229360010243
2026-02-15 13:50:00+00:00,1,0.48704211872603403
2026-02-15 13:55:00+00:00,1,0.49153875719496093
2026-02-15 14:00:00+00:00,1,0.4627317880308953
2026-02-15 14:05:00+00:00,1,0.49433031311626957
2026-02-15 14:10:00+00:00,1,0.4986977081505042
2026-02-15 14:15:00+00:00,1,0.4836265225903684
2026-02-15 14:20:00+00:00,1,0.49657696616573593
2026-02-15 14:25:00+00:00,1,0.48669177686695414
2026-02-15 14:30:00+00:00,1,0.4779699077371023
2026-02-15 14:35:00+00:00,1,0.4894839081108138
2026-02-15 14:40:00+00:00,1,0.4633224954377211
2026-02-15 14:45:00+00:00,1,0.46357510682630093
2026-02-15 14:50:00+00:00,1,0.44769628195501737
2026-02-15 14:55:00+00:00,0,0.4628233334519571
2026-02-15 15:00:00+00:00,0,0.45082346115454347
2026-02-15 15:05:00+00:00,0,0.42692256589453664
2026-02-15 15:10:00+00:00,0,0.4514041427474694
2026-02-15 15:15:00+00:00,1,0.4294105639979246
2026-02-15 15:20:00+00:00,0,0.4506794266100657
2026-02-15 15:25:00+00:00,1,0.4523009805114253
2026-02-15 15:30:00+00:00,0,0.4354168518249672
2026-02-15 15:35:00+00:00,0,0.45799062074995356
2026-02-15 15:40:00+00:00,0,0.45983275916146465
2026-02-15 15:45:00+00:00,0,0.4641350957075177
2026-02-15 15:50:00+00:00,1,0.47537232603114404
2026-02-15 15:55:00+00:00,1,0.496962155751104
2026-02-15 16:00:00+00:00,1,0.49640937243106736
2026-02-15 16:05:00+00:00,1,0.502464435190576
2026-02-15 16:10:00+00:00,1,0.5127694506363409
2026-02-15 16:15:00+00:00,1,0.521554200632718
2026-02-15 16:20:00+00:00,1,0.5404614534141939
2026-02-15 16:25:00+00:00,0,0.5148842710864264
2026-02-15 16:30:00+00:00,0,0.5074397885156748
2026-02-15 16:35:00+00:00,1,0.5252580286449823
2026-02-15 16:40:00+00:00,1,0.5237086607104584
2026-02-15 16:45:00+00:00,0,0.5160992631274192
2026-02-15 16:50:00+00:00,0,0.5104419343775981
2026-02-15 16:55:00+00:00,0,0.5113158392701102
2026-02-15 17:00:00+00:00,0,0.4936124062749675
2026-02-15 17:05:00+00:00,0,0.5074001137908836
2026-02-15 17:10:00+00:00,0,0.517034268605864
2026-02-15 17:15:00+00:00,0,0.5253021446559306
2026-02-15 17:20:00+00:00,0,0.522634165875207
2026-02-15 17:25:00+00:00,0,0.5260236046306094
2026-02-15 17:30:00+00:00,0,0.5241490202597219
2026-02-15 17:35:00+00:00,0,0.5243246862084292
2026-02-15 17:40:00+00:00,0,0.5087296789602483
2026-02-15 17:45:00+00:00,1,0.527003196061869
2026-02-15 17:50:00+00:00,1,0.5355663591224794
2026-02-15 17:55:00+00:00,0,0.5250450089782638
2026-02-15 18:00:00+00:00,0,0.5489389386813279
2026-02-15 18:05:00+00:00,0,0.5266257163319149
2026-02-15 18:10:00+00:00,0,0.5069704610465263
2026-02-15 18:15:00+00:00,0,0.5232911378685914
2026-02-15 18:20:00+00:00,0,0.5315733643652019
2026-02-15 18:25:00+00:00,0,0.5206875940114449
2026-02-15 18:30:00+00:00,0,0.510005097041819
2026-02-15 18:35:00+00:00,0,0.4807065577989949
2026-02-15 18:40:00+00:00,0,0.4992014599913255
2026-02-15 18:45:00+00:00,1,0.5115664974043219
2026-02-15 18:50:00+00:00,1,0.4812945732539915
2026-02-15 18:55:00+00:00,1,0.5003473994554776
2026-02-15 19:00:00+00:00,1,0.48794670055630446
2026-02-15 19:05:00+00:00,1,0.46043860868011516
2026-02-15 19:10:00+00:00,1,0.4811084805635588
2026-02-15 19:15:00+00:00,1,0.44214386072949274
2026-02-15 19:20:00+00:00,0,0.4569959730753831
2026-02-15 19:25:00+00:00,0,0.4505458385406874
2026-02-15 19:30:00+00:00,0,0.4674788017654007
2026-02-15 19:35:00+00:00,0,0.48181993525391786
2026-02-15 19:40:00+00:00,1,0.4914322729807784
2026-02-15 19:45:00+00:00,0,0.4918351160164466
2026-02-15 19:50:00+00:00,0,0.49835874236888
2026-02-15 19:55:00+00:00,1,0.5065576668579996
2026-02-15 20:00:00+00:00,1,0.5216998612406203
2026-02-15 20:05:00+00:00,1,0.5072973159513976
2026-02-15 20:10:00+00:00,0,0.5116429786182546
2026-02-15 20:15:00+00:00,1,0.5056470630873581
2026-02-15 20:20:00+00:00,1,0.5124349612801224
2026-02-15 20:25:00+00:00,1,0.5042350227809662
2026-02-15 20:30:00+00:00,1,0.5164786555943707
2026-02-15 20:35:00+00:00,1,0.5118596538378651
2026-02-15 20:40:00+00:00,1,0.4965057178179625
2026-02-15 20:45:00+00:00,1,0.5049533358891773
2026-02-15 20:50:00+00:00,1,0.5064540277418704
2026-02-15 20:55:00+00:00,1,0.48812677650687064
2026-02-15 21:00:00+00:00,1,0.4857524975590737
2026-02-15 21:05:00+00:00,1,0.4832952371366397
2026-02-15 21:10:00+00:00,0,0.4884711479045679
2026-02-15 21:15:00+00:00,0,0.48144531701342896
2026-02-15 21:20:00+00:00,0,0.4817786890594139
2026-02-15 21:25:00+00:00,0,0.49275679144487267
2026-02-15 21:30:00+00:00,0,0.45818296399818936
2026-02-15 21:35:00+00:00,1,0.47802291602384217
2026-02-15 21:40:00+00:00,1,0.49845291643443085
2026-02-15 21:45:00+00:00,1,0.49607574900606904
2026-02-15 21:50:00+00:00,1,0.49783151495372246
2026-02-15 21:55:00+00:00,1,0.4852879105730372
2026-02-15 22:00:00+00:00,1,0.4843622543732975
2026-02-15 22:05:00+00:00,1,0.4798524214863829
2026-02-15 22:10:00+00:00,1,0.48485260362968846
2026-02-15 22:15:00+00:00,1,0.5156678101621754
2026-02-15 22:20:00+00:00,1,0.5008295124016611
2026-02-15 22:25:00+00:00,1,0.4929158272931902
2026-02-15 22:30:00+00:00,0,0.4882484361281727
2026-02-15 22:35:00+00:00,0,0.47039382607427344
2026-02-15 22:40:00+00:00,0,0.462733604493935
2026-02-15 22:45:00+00:00,0,0.4630105781216735
2026-02-15 22:50:00+00:00,0,0.4824562605693554
2026-02-15 22:55:00+00:00,0,0.47679835720421104
2026-02-15 23:00:00+00:00,1,0.5090938535124185
2026-02-15 23:05:00+00:00,1,0.47642953514501246
2026-02-15 23:10:00+00:00,1,0.5039775298899913
2026-02-15 23:15:00+00:00,1,0.5138269088162174
2026-02-15 23:20:00+00:00,1,0.5085318504619142
2026-02-15 23:25:00+00:00,1,0.5021299075952012
2026-02-15 23:30:00+00:00,1,0.49336430819550764
2026-02-15 23:35:00+00:00,1,0.4790198382245172
2026-02-15 23:40:00+00:00,1,0.4843676034771949
2026-02-15 23:45:00+00:00,1,0.46834182632058263
2026-02-15 23:50:00+00:00,0,0.4701672373465176
2026-02-15 23:55:00+00:00,0,0.49346122722485064
2026-02-16 00:00:00+00:00,1,0.4740999817335534
2026-02-16 00:05:00+00:00,0,0.47420076086175994
2026-02-16 00:10:00+00:00,0,0.46364657758414474
2026-02-16 00:15:00+00:00,0,0.45851276776953576
2026-02-16 00:20:00+00:00,1,0.4843906158087548
2026-02-16 00:25:00+00:00,1,0.47091934253665824
2026-02-16 00:30:00+00:00,1,0.4663295810903308
2026-02-16 00:35:00+00:00,1,0.4735089222855919
2026-02-16 00:40:00+00:00,1,0.48566526804709065
2026-02-16 00:45:00+00:00,1,0.47339162579917793
2026-02-16 00:50:00+00:00,0,0.43776981285525235
2026-02-16 00:55:00+00:00,0,0.4493667641114162
2026-02-16 01:00:00+00:00,0,0.4411037507550076
2026-02-16 01:05:00+00:00,0,0.4344816389352109
2026-02-16 01:10:00+00:00,0,0.44941067802240897
2026-02-16 01:15:00+00:00,0,0.44863120667836687
2026-02-16 01:20:00+00:00,1,0.48028490477722335
2026-02-16 01:25:00+00:00,1,0.480309337782994
2026-02-16 01:30:00+00:00,1,0.48663420293637294
2026-02-16 01:35:00+00:00,1,0.48248969799674357
2026-02-16 01:40:00+00:00,0,0.49414003626670044
2026-02-16 01:45:00+00:00,0,0.48023353312409084
2026-02-16 01:50:00+00:00,0,0.48252930504820385
2026-02-16 01:55:00+00:00,0,0.4833945585673526
2026-02-16 02:00:00+00:00,0,0.45301881505623404
2026-02-16 02:05:00+00:00,0,0.473056535028099
2026-02-16 02:10:00+00:00,0,0.4880479563155079
2026-02-16 02:15:00+00:00,0,0.4808279521002339
2026-02-16 02:20:00+00:00,0,0.49756915787484124
2026-02-16 02:25:00+00:00,0,0.4960215675899707
2026-02-16 02:30:00+00:00,0,0.49873499307085567
2026-02-16 02:35:00+00:00,0,0.5084195252805331
2026-02-16 02:40:00+00:00,0,0.5030516655927723
2026-02-16 02:45:00+00:00,1,0.5075892579438066
2026-02-16 02:50:00+00:00,1,0.4957606448292844
2026-02-16 02:55:00+00:00,1,0.47505473439303786
2026-02-16 03:00:00+00:00,0,0.4818919565491366
2026-02-16 03:05:00+00:00,0,0.48526234627180376
2026-02-16 03:10:00+00:00,0,0.48070143419916617
2026-02-16 03:15:00+00:00,0,0.47658534470873676
2026-02-16 03:20:00+00:00,0,0.4652007130075309
2026-02-16 03:25:00+00:00,0,0.47871403084508907
2026-02-16 03:30:00+00:00,1,0.46970628933296155
2026-02-16 03:35:00+00:00,1,0.474856341992166
2026-02-16 03:40:00+00:00,1,0.4690052969906306
2026-02-16 03:45:00+00:00,1,0.46294493105515677
2026-02-16 03:50:00+00:00,1,0.5075594255036461
2026-02-16 03:55:00+00:00,1,0.48921883521741116
2026-02-16 04:00:00+00:00,0,0.49921389764452645
2026-02-16 04:05:00+00:00,0,0.49253719948139685
2026-02-16 04:10:00+00:00,0,0.4982658791016866
2026-02-16 04:15:00+00:00,0,0.4901467204283123
2026-02-16 04:20:00+00:00,0,0.4586118350963744
2026-02-16 04:25:00+00:00,1,0.4705037068325429
2026-02-16 04:30:00+00:00,0,0.4658482971773712
2026-02-16 04:35:00+00:00,0,0.45088591873103123
2026-02-16 04:40:00+00:00,0,0.4809002133460239
2026-02-16 04:45:00+00:00,0,0.47427771987316386
2026-02-16 04:50:00+00:00,0,0.47393299924660554
2026-02-16 04:55:00+00:00,0,0.45128674449097994
2026-02-16 05:00:00+00:00,0,0.4310405176146081
2026-02-16 05:05:00+00:00,0,0.47742621547091074
2026-02-16 05:10:00+00:00,0,0.4860181899625716
2026-02-16 05:15:00+00:00,0,0.5107020612339872
2026-02-16 05:20:00+00:00,0,0.5028382523743203
2026-02-16 05:25:00+00:00,0,0.5072621297844137
2026-02-16 05:30:00+00:00,0,0.520632109743433
2026-02-16 05:35:00+00:00,1,0.523719345301161
2026-02-16 05:40:00+00:00,1,0.5316198333131925
2026-02-16 05:45:00+00:00,1,0.5303126080407253
2026-02-16 05:50:00+00:00,1,0.508360950803578
2026-02-16 05:55:00+00:00,1,0.5080984362147409
2026-02-16 06:00:00+00:00,1,0.4701462297415756
2026-02-16 06:05:00+00:00,1,0.4955652540299915
2026-02-16 06:10:00+00:00,1,0.48964534638912066
2026-02-16 06:15:00+00:00,1,0.5028986261423284
2026-02-16 06:20:00+00:00,1,0.5199751688781996
2026-02-16 06:25:00+00:00,1,0.5022929607737805
2026-02-16 06:30:00+00:00,0,0.49489839275494885
2026-02-16 06:35:00+00:00,1,0.48592900726623084
2026-02-16 06:40:00+00:00,1,0.4995496588239393
2026-02-16 06:45:00+00:00,1,0.513312518469739
2026-02-16 06:50:00+00:00,1,0.5067570806424072
2026-02-16 06:55:00+00:00,1,0.48943303662073456
2026-02-16 07:00:00+00:00,1,0.4945622222128371
2026-02-16 07:05:00+00:00,0,0.4965376192134482
2026-02-16 07:10:00+00:00,0,0.4907972454253837
2026-02-16 07:15:00+00:00,1,0.5059833370310551
2026-02-16 07:20:00+00:00,1,0.5014834075202348
2026-02-16 07:25:00+00:00,1,0.4979737928662726
2026-02-16 07:30:00+00:00,0,0.48340596578257433
2026-02-16 07:35:00+00:00,1,0.5046725100810144
2026-02-16 07:40:00+00:00,1,0.5116519534189148
2026-02-16 07:45:00+00:00,1,0.49792356889180406
2026-02-16 07:50:00+00:00,1,0.5018295115586427
2026-02-16 07:55:00+00:00,1,0.5034695093760607
2026-02-16 08:00:00+00:00,1,0.4695622970520584
2026-02-16 08:05:00+00:00,1,0.46128848815047224
2026-02-16 08:10:00+00:00,1,0.48701267574827056
2026-02-16 08:15:00+00:00,1,0.47822009058925474
2026-02-16 08:20:00+00:00,1,0.4676172615359506
2026-02-16 08:25:00+00:00,1,0.47369827690337507
2026-02-16 08:30:00+00:00,1,0.47544585357705976
2026-02-16 08:35:00+00:00,1,0.4816798635203177
2026-02-16 08:40:00+00:00,1,0.46735055183114216
2026-02-16 08:45:00+00:00,1,0.46399514543768483
2026-02-16 08:50:00+00:00,1,0.44733246176168256
2026-02-16 08:55:00+00:00,1,0.4621347524922631
2026-02-16 09:00:00+00:00,0,0.46276750736343675
2026-02-16 09:05:00+00:00,0,0.47546543884652953
2026-02-16 09:10:00+00:00,0,0.46114491552210046
2026-02-16 09:15:00+00:00,0,0.4598069361484045
2026-02-16 09:20:00+00:00,0,0.46181004092653727
2026-02-16 09:25:00+00:00,0,0.4523283100774595
2026-02-16 09:30:00+00:00,0,0.4423703525416766
2026-02-16 09:35:00+00:00,0,0.450608565364433
2026-02-16 09:40:00+00:00,0,0.4526586778610709
2026-02-16 09:45:00+00:00,0,0.47461644300089356
2026-02-16 09:50:00+00:00,0,0.4763127261962478
2026-02-16 09:55:00+00:00,0,0.47377646541209045
2026-02-16 10:00:00+00:00,0,0.4905682875121253
2026-02-16 10:05:00+00:00,0,0.4651751534144836
2026-02-16 10:10:00+00:00,0,0.4639071748420023
2026-02-16 10:15:00+00:00,0,0.5061589725077305
2026-02-16 10:20:00+00:00,0,0.4713591173602622
2026-02-16 10:25:00+00:00,0,0.4544781325866639
2026-02-16 10:30:00+00:00,0,0.4643708141826199
2026-02-16 10:35:00+00:00,0,0.4609545209155558
2026-02-16 10:40:00+00:00,0,0.48115863387476876
2026-02-16 10:45:00+00:00,0,0.4835330202055527
2026-02-16 10:50:00+00:00,0,0.48631383254855787
2026-02-16 10:55:00+00:00,0,0.49521326404471044
2026-02-16 11:00:00+00:00,0,0.5051884564412839
2026-02-16 11:05:00+00:00,0,0.5072234583752876
2026-02-16 11:10:00+00:00,1,0.5237877094726809
2026-02-16 11:15:00+00:00,1,0.49937452750769695
2026-02-16 11:20:00+00:00,1,0.5104291118605073
2026-02-16 11:25:00+00:00,1,0.47781435097649894
2026-02-16 11:30:00+00:00,1,0.485178325943438
2026-02-16 11:35:00+00:00,1,0.49142379776830925
2026-02-16 11:40:00+00:00,1,0.49178376160623827
2026-02-16 11:45:00+00:00,0,0.497628305229567
2026-02-16 11:50:00+00:00,0,0.4775402653885467
2026-02-16 11:55:00+00:00,1,0.4979969388538953
2026-02-16 12:00:00+00:00,1,0.5203151464926801
2026-02-16 12:05:00+00:00,1,0.5185572905982774
2026-02-16 12:10:00+00:00,1,0.5068571770794934
2026-02-16 12:15:00+00:00,1,0.5234139633886021
2026-02-16 12:20:00+00:00,1,0.49243760894579336
2026-02-16 12:25:00+00:00,1,0.44551053549349273
2026-02-16 12:30:00+00:00,1,0.4437672363760857
2026-02-16 12:35:00+00:00,1,0.45715204216359245
2026-02-16 12:40:00+00:00,1,0.4583345130080096
2026-02-16 12:45:00+00:00,1,0.4634968277444672
2026-02-16 12:50:00+00:00,0,0.457477134636558
2026-02-16 12:55:00+00:00,0,0.43900454029285196
2026-02-16 13:00:00+00:00,0,0.4267534082108131
2026-02-16 13:05:00+00:00,0,0.43986149595347984
2026-02-16 13:10:00+00:00,0,0.4364139393916532
2026-02-16 13:15:00+00:00,0,0.4442281425547961
2026-02-16 13:20:00+00:00,0,0.4995246440405886
2026-02-16 13:25:00+00:00,0,0.5015939791604734
2026-02-16 13:30:00+00:00,1,0.4968531768018404
2026-02-16 13:35:00+00:00,1,0.505000098064874
2026-02-16 13:40:00+00:00,1,0.4940327413907399
2026-02-16 13:45:00+00:00,0,0.4919572576790979
2026-02-16 13:50:00+00:00,1,0.514717735443892
2026-02-16 13:55:00+00:00,1,0.45915303787972755
2026-02-16 14:00:00+00:00,1,0.4608962461978102
2026-02-16 14:05:00+00:00,1,0.46177343093821205
2026-02-16 14:10:00+00:00,1,0.4625055421372199
2026-02-16 14:15:00+00:00,1,0.4526166558638038
2026-02-16 14:20:00+00:00,1,0.47172634154003246
2026-02-16 14:25:00+00:00,1,0.46791206747208786
2026-02-16 14:30:00+00:00,1,0.5061960289189724
2026-02-16 14:35:00+00:00,0,0.48304014966734676
2026-02-16 14:40:00+00:00,0,0.4578523938848705
2026-02-16 14:45:00+00:00,0,0.4582580382938256
2026-02-16 14:50:00+00:00,0,0.4833020340176995
2026-02-16 14:55:00+00:00,0,0.48113909882245576
2026-02-16 15:00:00+00:00,0,0.48468418204066344
2026-02-16 15:05:00+00:00,0,0.47621196038639263
2026-02-16 15:10:00+00:00,0,0.4850196912758758
2026-02-16 15:15:00+00:00,0,0.4842289179756772
2026-02-16 15:20:00+00:00,0,0.47791336518374355
2026-02-16 15:25:00+00:00,0,0.4771100301250176
2026-02-16 15:30:00+00:00,1,0.5197492493355274
2026-02-16 15:35:00+00:00,1,0.5072606520753489
2026-02-16 15:40:00+00:00,1,0.5038880733361137
2026-02-16 15:45:00+00:00,0,0.5002438822619534
2026-02-16 15:50:00+00:00,1,0.4882518225499857
2026-02-16 15:55:00+00:00,1,0.4986518619407391
2026-02-16 16:00:00+00:00,0,0.4905719673111893
2026-02-16 16:05:00+00:00,0,0.4855847685630228
2026-02-16 16:10:00+00:00,0,0.49312000532278527
2026-02-16 16:15:00+00:00,0,0.4803026134762808
2026-02-16 16:20:00+00:00,0,0.47749612573251354
2026-02-16 16:25:00+00:00,0,0.49154678640638605
2026-02-16 16:30:00+00:00,1,0.4899370362327647
2026-02-16 16:35:00+00:00,1,0.48309569294472515
2026-02-16 16:40:00+00:00,1,0.4714960827330131
2026-02-16 16:45:00+00:00,1,0.43461202496002305
2026-02-16 16:50:00+00:00,1,0.43902665551384024
2026-02-16 16:55:00+00:00,1,0.4754953732962399
2026-02-16 17:00:00+00:00,1,0.47846992250729475
2026-02-16 17:05:00+00:00,1,0.4847096888428484
2026-02-16 17:10:00+00:00,1,0.4927293283542168
2026-02-16 17:15:00+00:00,1,0.4959939889224709
2026-02-16 17:20:00+00:00,1,0.4644182039557021
2026-02-16 17:25:00+00:00,0,0.45654598618119696
2026-02-16 17:30:00+00:00,1,0.5008666580249681
2026-02-16 17:35:00+00:00,1,0.5103736403786813
2026-02-16 17:40:00+00:00,1,0.44422322663233016
2026-02-16 17:45:00+00:00,1,0.47136056273593424
2026-02-16 17:50:00+00:00,1,0.4580701761239441
2026-02-16 17:55:00+00:00,1,0.44943917694412
2026-02-16 18:00:00+00:00,1,0.4565731646853642
2026-02-16 18:05:00+00:00,1,0.46286027402900554
2026-02-16 18:10:00+00:00,1,0.45783677731486594
2026-02-16 18:15:00+00:00,0,0.471585227191202
2026-02-16 18:20:00+00:00,0,0.47684748623773304
2026-02-16 18:25:00+00:00,0,0.4716478962467629
2026-02-16 18:30:00+00:00,0,0.4691983866717628
2026-02-16 18:35:00+00:00,0,0.4656103851426771
2026-02-16 18:40:00+00:00,0,0.4553128080284435
2026-02-16 18:45:00+00:00,0,0.46795399003108146
2026-02-16 18:50:00+00:00,1,0.4833318818697178
2026-02-16 18:55:00+00:00,1,0.4923078521898778
2026-02-16 19:00:00+00:00,1,0.5072608193631739
2026-02-16 19:05:00+00:00,1,0.4785593585842454
2026-02-16 19:10:00+00:00,1,0.5011536717518282
2026-02-16 19:15:00+00:00,1,0.5297360077838695
2026-02-16 19:20:00+00:00,1,0.4963556087532027
2026-02-16 19:25:00+00:00,1,0.4968899027863998
2026-02-16 19:30:00+00:00,1,0.5040949272869328
2026-02-16 19:35:00+00:00,1,0.496642553808835
2026-02-16 19:40:00+00:00,0,0.47320874869918955
2026-02-16 19:45:00+00:00,1,0.4896547542811237
2026-02-16 19:50:00+00:00,1,0.4859296202984295
2026-02-16 19:55:00+00:00,1,0.5033222718333579
2026-02-16 20:00:00+00:00,1,0.5113381933142371
2026-02-16 20:05:00+00:00,1,0.5032644642073698
2026-02-16 20:10:00+00:00,1,0.4902505742121931
2026-02-16 20:15:00+00:00,1,0.48546378389984757
2026-02-16 20:20:00+00:00,1,0.4659211324860209
2026-02-16 20:25:00+00:00,1,0.4868162754271764
2026-02-16 20:30:00+00:00,0,0.5018771422158746
2026-02-16 20:35:00+00:00,1,0.49539568591630084
2026-02-16 20:40:00+00:00,1,0.4645763039887352
2026-02-16 20:45:00+00:00,1,0.4641902922390622
2026-02-16 20:50:00+00:00,1,0.46186909463434195
2026-02-16 20:55:00+00:00,1,0.45776794356328526
2026-02-16 21:00:00+00:00,1,0.4646600876858004
2026-02-16 21:05:00+00:00,1,0.4685672578008958
2026-02-16 21:10:00+00:00,1,0.4685873406030915
2026-02-16 21:15:00+00:00,1,0.4789937539963446
2026-02-16 21:20:00+00:00,1,0.47047024764388606
2026-02-16 21:25:00+00:00,1,0.4650258651826092
2026-02-16 21:30:00+00:00,1,0.4596711610804045
2026-02-16 21:35:00+00:00,0,0.45078744829269235
2026-02-16 21:40:00+00:00,0,0.4461922486289649
2026-02-16 21:45:00+00:00,0,0.4543042785171483
2026-02-16 21:50:00+00:00,0,0.4657567415965257
2026-02-16 21:55:00+00:00,0,0.4660174943883187
2026-02-16 22:00:00+00:00,0,0.4504301922392999
2026-02-16 22:05:00+00:00,0,0.46793342445285857
2026-02-16 22:10:00+00:00,0,0.46622102438173757
2026-02-16 22:15:00+00:00,0,0.46810181266356576
2026-02-16 22:20:00+00:00,0,0.48411040480859363
2026-02-16 22:25:00+00:00,0,0.5155016247179756
2026-02-16 22:30:00+00:00,0,0.5027012468404011
2026-02-16 22:35:00+00:00,0,0.49688033785323227
2026-02-16 22:40:00+00:00,1,0.500047500725586
2026-02-16 22:45:00+00:00,1,0.5239181470610461
2026-02-16 22:50:00+00:00,1,0.5168924583637736
2026-02-16 22:55:00+00:00,1,0.5126742775538166
2026-02-16 23:00:00+00:00,0,0.4899300254486502
2026-02-16 23:05:00+00:00,0,0.47810084981960116
2026-02-16 23:10:00+00:00,0,0.4579404739971954
2026-02-16 23:15:00+00:00,0,0.471993029819461
2026-02-16 23:20:00+00:00,0,0.4700360804879099
2026-02-16 23:25:00+00:00,1,0.486684015791308
2026-02-16 23:30:00+00:00,1,0.4910867587853463
2026-02-16 23:35:00+00:00,1,0.4425998542060233
2026-02-16 23:40:00+00:00,1,0.45790821549284216
2026-02-16 23:45:00+00:00,1,0.4782144959037025
2026-02-16 23:50:00+00:00,0,0.47686333395985026
2026-02-16 23:55:00+00:00,0,0.48243314273972354
2026-02-17 00:00:00+00:00,0,0.47955688675597585
2026-02-17 00:05:00+00:00,1,0.4990684106315559
2026-02-17 00:10:00+00:00,0,0.5023092465447742
2026-02-17 00:15:00+00:00,1,0.5163718236536236
2026-02-17 00:20:00+00:00,1,0.5128025310783962
2026-02-17 00:25:00+00:00,1,0.48940308526216164
2026-02-17 00:30:00+00:00,0,0.5097589772684833
2026-02-17 00:35:00+00:00,0,0.4732654755662453
2026-02-17 00:40:00+00:00,1,0.4806719735789529
2026-02-17 00:45:00+00:00,0,0.46258895612611306
2026-02-17 00:50:00+00:00,0,0.4734778876528256
2026-02-17 00:55:00+00:00,0,0.46995367886113365
2026-02-17 01:00:00+00:00,1,0.48428803592701675
2026-02-17 01:05:00+00:00,0,0.46896273822073614
2026-02-17 01:10:00+00:00,0,0.45004512984238365
2026-02-17 01:15:00+00:00,0,0.4621799204912425
2026-02-17 01:20:00+00:00,0,0.4553875306542852
2026-02-17 01:25:00+00:00,0,0.46878441022380946
2026-02-17 01:30:00+00:00,0,0.4469893919403607
2026-02-17 01:35:00+00:00,0,0.4718473896467889
2026-02-17 01:40:00+00:00,1,0.5001903388772285
2026-02-17 01:45:00+00:00,1,0.5021069847407772
2026-02-17 01:50:00+00:00,1,0.49503890204924067
2026-02-17 01:55:00+00:00,1,0.5033689807765256
2026-02-17 02:00:00+00:00,1,0.4845158196512777
2026-02-17 02:05:00+00:00,1,0.48121136348728183
2026-02-17 02:10:00+00:00,1,0.46116361189233157
2026-02-17 02:15:00+00:00,1,0.46102459057420747
2026-02-17 02:20:00+00:00,1,0.4507106603198706
2026-02-17 02:25:00+00:00,1,0.4771582714570808
2026-02-17 02:30:00+00:00,1,0.4609425055653106
2026-02-17 02:35:00+00:00,1,0.4674856746504822
2026-02-17 02:40:00+00:00,0,0.45805692597667347
2026-02-17 02:45:00+00:00,0,0.4652016288269608
2026-02-17 02:50:00+00:00,0,0.4598370399285716
2026-02-17 02:55:00+00:00,0,0.4803576054277907
2026-02-17 03:00:00+00:00,0,0.4865299242430126
2026-02-17 03:05:00+00:00,0,0.48481705231668676
2026-02-17 03:10:00+00:00,0,0.4711553381067163
2026-02-17 03:15:00+00:00,0,0.4570600273714768
2026-02-17 03:20:00+00:00,1,0.45270744412244396
2026-02-17 03:25:00+00:00,0,0.4634660519643294
2026-02-17 03:30:00+00:00,0,0.465812324177798
2026-02-17 03:35:00+00:00,0,0.46626017993657476
2026-02-17 03:40:00+00:00,1,0.4656116063744202
2026-02-17 03:45:00+00:00,1,0.47012975162812354
2026-02-17 03:50:00+00:00,1,0.4911634104426699
2026-02-17 03:55:00+00:00,1,0.4933916328429098
2026-02-17 04:00:00+00:00,1,0.5061354950473558
2026-02-17 04:05:00+00:00,1,0.4953116411996293
2026-02-17 04:10:00+00:00,1,0.46308515718555743
2026-02-17 04:15:00+00:00,1,0.472721454626611
2026-02-17 04:20:00+00:00,0,0.42751383075334404
2026-02-17 04:25:00+00:00,0,0.439126039634806
2026-02-17 04:30:00+00:00,1,0.47859138388188877
2026-02-17 04:35:00+00:00,0,0.4611878660565454
2026-02-17 04:40:00+00:00,0,0.4699371181517235
2026-02-17 04:45:00+00:00,0,0.4728702233055756
2026-02-17 04:50:00+00:00,0,0.4497142189193815
2026-02-17 04:55:00+00:00,0,0.45469544849163157
2026-02-17 05:00:00+00:00,0,0.4627894716148274
2026-02-17 05:05:00+00:00,0,0.46432323083650157
2026-02-17 05:10:00+00:00,0,0.4886581172888615
2026-02-17 05:15:00+00:00,0,0.48577463596515746
2026-02-17 05:20:00+00:00,1,0.49482042842823143
2026-02-17 05:25:00+00:00,1,0.5055303419165041
2026-02-17 05:30:00+00:00,1,0.5014207176575486
2026-02-17 05:35:00+00:00,1,0.5144070292368025
2026-02-17 05:40:00+00:00,1,0.49779509498695323
2026-02-17 05:45:00+00:00,1,0.509307703666083
2026-02-17 05:50:00+00:00,1,0.5095912707843403
2026-02-17 05:55:00+00:00,1,0.5021080723216624
2026-02-17 06:00:00+00:00,1,0.487136565381727
2026-02-17 06:05:00+00:00,1,0.4857912432894407
2026-02-17 06:10:00+00:00,1,0.501296927358997
2026-02-17 06:15:00+00:00,1,0.4979913615066913
2026-02-17 06:20:00+00:00,1,0.48279806499833877
2026-02-17 06:25:00+00:00,1,0.48353928801899354
2026-02-17 06:30:00+00:00,0,0.4446050623794819
2026-02-17 06:35:00+00:00,0,0.4428988485175616
2026-02-17 06:40:00+00:00,0,0.44613604587113237
2026-02-17 06:45:00+00:00,0,0.4499631330161558
2026-02-17 06:50:00+00:00,0,0.43545152715474916
2026-02-17 06:55:00+00:00,0,0.42604302982133097
2026-02-17 07:00:00+00:00,1,0.44668472229184913
2026-02-17 07:05:00+00:00,1,0.4718942447294238
2026-02-17 07:10:00+00:00,1,0.47483556298821206
2026-02-17 07:15:00+00:00,1,0.4979535749926204
2026-02-17 07:20:00+00:00,1,0.4985936618276427
2026-02-17 07:25:00+00:00,1,0.489408144513766
2026-02-17 07:30:00+00:00,1,0.4772503444286838
2026-02-17 07:35:00+00:00,1,0.4719228639630383
2026-02-17 07:40:00+00:00,1,0.49232753589450956
2026-02-17 07:45:00+00:00,1,0.4677425349926712
2026-02-17 07:50:00+00:00,1,0.4613179823872218
2026-02-17 07:55:00+00:00,1,0.46472726592115776
2026-02-17 08:00:00+00:00,0,0.43768889030497665
2026-02-17 08:05:00+00:00,0,0.4272722062022003
2026-02-17 08:10:00+00:00,0,0.4315657072934166
2026-02-17 08:15:00+00:00,0,0.4419242294414693
2026-02-17 08:20:00+00:00,0,0.43150218109689953
2026-02-17 08:25:00+00:00,0,0.44417901136121435
2026-02-17 08:30:00+00:00,0,0.43978304508279814
2026-02-17 08:35:00+00:00,1,0.4455100394858121
2026-02-17 08:40:00+00:00,0,0.44774779194457376
2026-02-17 08:45:00+00:00,0,0.4441279673002819
2026-02-17 08:50:00+00:00,0,0.46241989800967415
2026-02-17 08:55:00+00:00,0,0.4648791639280315
2026-02-17 09:00:00+00:00,0,0.4668325839155474
2026-02-17 09:05:00+00:00,0,0.46239448388443827
2026-02-17 09:10:00+00:00,0,0.4936449174525808
2026-02-17 09:15:00+00:00,0,0.49101904250335815
2026-02-17 09:20:00+00:00,0,0.48796600122708583
2026-02-17 09:25:00+00:00,1,0.4992992601283692
2026-02-17 09:30:00+00:00,1,0.5043396478049446
2026-02-17 09:35:00+00:00,1,0.49970206220251556
2026-02-17 09:40:00+00:00,1,0.5004374750067423
2026-02-17 09:45:00+00:00,0,0.4899565772463498
2026-02-17 09:50:00+00:00,0,0.477144329153457
2026-02-17 09:55:00+00:00,0,0.46384782162016436
2026-02-17 10:00:00+00:00,0,0.47690119336863457
2026-02-17 10:05:00+00:00,0,0.4704139734443973
2026-02-17 10:10:00+00:00,0,0.5013204918687343
2026-02-17 10:15:00+00:00,1,0.49942271649333275
2026-02-17 10:20:00+00:00,1,0.4750473348712138
2026-02-17 10:25:00+00:00,1,0.47335233296657303
2026-02-17 10:30:00+00:00,1,0.48490637667485603
2026-02-17 10:35:00+00:00,1,0.47675379223020925
2026-02-17 10:40:00+00:00,1,0.4694321179432974
2026-02-17 10:45:00+00:00,1,0.4762768325894432
2026-02-17 10:50:00+00:00,1,0.4702080718756736
2026-02-17 10:55:00+00:00,0,0.46757474557942197
2026-02-17 11:00:00+00:00,0,0.457402689322715
2026-02-17 11:05:00+00:00,0,0.3991125609893449
2026-02-17 11:10:00+00:00,0,0.4031196640656937
2026-02-17 11:15:00+00:00,0,0.4048580917110729
2026-02-17 11:20:00+00:00,1,0.4594855103860584
2026-02-17 11:25:00+00:00,1,0.4515881097838394
2026-02-17 11:30:00+00:00,1,0.44510380440225233
2026-02-17 11:35:00+00:00,1,0.45303082508544035
2026-02-17 11:40:00+00:00,1,0.46014727967105584
2026-02-17 11:45:00+00:00,0,0.47267688474473124
2026-02-17 11:50:00+00:00,0,0.46067790221998023
2026-02-17 11:55:00+00:00,0,0.4493941446597463
2026-02-17 12:00:00+00:00,0,0.48337480838705166
2026-02-17 12:05:00+00:00,0,0.4615953079569235
2026-02-17 12:10:00+00:00,0,0.480873411152806
2026-02-17 12:15:00+00:00,1,0.4905188472807957
2026-02-17 12:20:00+00:00,0,0.4989065819630126
2026-02-17 12:25:00+00:00,0,0.48584684740286926
2026-02-17 12:30:00+00:00,0,0.4853640606039471
2026-02-17 12:35:00+00:00,0,0.48320444087049524
2026-02-17 12:40:00+00:00,1,0.47545154275622
2026-02-17 12:45:00+00:00,0,0.5202746653300673
2026-02-17 12:50:00+00:00,1,0.51756521769886
2026-02-17 12:55:00+00:00,1,0.5129760413091333
2026-02-17 13:00:00+00:00,1,0.5107789107252122
2026-02-17 13:05:00+00:00,0,0.4845815984177976
2026-02-17 13:10:00+00:00,0,0.48430675763201575
2026-02-17 13:15:00+00:00,0,0.4811118083256202
2026-02-17 13:20:00+00:00,0,0.4726854900623195
2026-02-17 13:25:00+00:00,1,0.5008185806549016
2026-02-17 13:30:00+00:00,1,0.49666402597911335
2026-02-17 13:35:00+00:00,1,0.48262960489831286
2026-02-17 13:40:00+00:00,1,0.5013393713592903
2026-02-17 13:45:00+00:00,1,0.4907387859355613
2026-02-17 13:50:00+00:00,0,0.4673433598546027
2026-02-17 13:55:00+00:00,0,0.464694647828214
2026-02-17 14:00:00+00:00,1,0.47729584577322065
2026-02-17 14:05:00+00:00,0,0.4853923558217145
2026-02-17 14:10:00+00:00,0,0.4818806074357775
2026-02-17 14:15:00+00:00,0,0.4947384490431424
2026-02-17 14:20:00+00:00,0,0.4955097908376864
2026-02-17 14:25:00+00:00,0,0.509058532091821
2026-02-17 14:30:00+00:00,0,0.44584537917068184
2026-02-17 14:35:00+00:00,0,0.4823931323605337
2026-02-17 14:40:00+00:00,0,0.5113214138489449
2026-02-17 14:45:00+00:00,0,0.5189085100638599
2026-02-17 14:50:00+00:00,0,0.5241706101892986
2026-02-17 14:55:00+00:00,0,0.5155765409298834
2026-02-17 15:00:00+00:00,0,0.5150581032424772
2026-02-17 15:05:00+00:00,0,0.5049299129420697
2026-02-17 15:10:00+00:00,0,0.5015569453467249
2026-02-17 15:15:00+00:00,0,0.5063458431926601
2026-02-17 15:20:00+00:00,0,0.5039525724291612
2026-02-17 15:25:00+00:00,1,0.4882593479356532
2026-02-17 15:30:00+00:00,1,0.49373196737038794
2026-02-17 15:35:00+00:00,1,0.4973098975223372
2026-02-17 15:40:00+00:00,1,0.46755173828390967
2026-02-17 15:45:00+00:00,1,0.4556735617240169
2026-02-17 15:50:00+00:00,1,0.4694936020845802
2026-02-17 15:55:00+00:00,1,0.5224622570574666
2026-02-17 16:00:00+00:00,1,0.5129137552283357
2026-02-17 16:05:00+00:00,1,0.5082174549140102
2026-02-17 16:10:00+00:00,1,0.5042220561674883
2026-02-17 16:15:00+00:00,0,0.47683087331130497
2026-02-17 16:20:00+00:00,1,0.49649894156366003
2026-02-17 16:25:00+00:00,1,0.48946120406812893
2026-02-17 16:30:00+00:00,0,0.4514758412146624
2026-02-17 16:35:00+00:00,0,0.4261730373698902
2026-02-17 16:40:00+00:00,0,0.4494734864979207
2026-02-17 16:45:00+00:00,0,0.4772238369386726
2026-02-17 16:50:00+00:00,0,0.47537459332318605
2026-02-17 16:55:00+00:00,1,0.48324700452927644
2026-02-17 17:00:00+00:00,0,0.48389224385643265
2026-02-17 17:05:00+00:00,0,0.44734327226974163
2026-02-17 17:10:00+00:00,0,0.5014716671179459
2026-02-17 17:15:00+00:00,0,0.4641674172693729
2026-02-17 17:20:00+00:00,0,0.5066108663796597
2026-02-17 17:25:00+00:00,0,0.5007146732488761
2026-02-17 17:30:00+00:00,0,0.49891043037617944
2026-02-17 17:35:00+00:00,0,0.4903956726386494
2026-02-17 17:40:00+00:00,1,0.47594342334902
2026-02-17 17:45:00+00:00,1,0.4639418662265099
2026-02-17 17:50:00+00:00,1,0.45156921384282905
2026-02-17 17:55:00+00:00,1,0.4689505429384044
2026-02-17 18:00:00+00:00,1,0.44606097778362735
2026-02-17 18:05:00+00:00,1,0.481911591255628
2026-02-17 18:10:00+00:00,1,0.4714218804612592
2026-02-17 18:15:00+00:00,1,0.43499828868478857
2026-02-17 18:20:00+00:00,1,0.48597396771717455
2026-02-17 18:25:00+00:00,1,0.4878099664396493
2026-02-17 18:30:00+00:00,1,0.46636915421182656
2026-02-17 18:35:00+00:00,0,0.45944474409460867
2026-02-17 18:40:00+00:00,0,0.46743134448377094
2026-02-17 18:45:00+00:00,0,0.46934836708951905
2026-02-17 18:50:00+00:00,0,0.45974735286310403
2026-02-17 18:55:00+00:00,0,0.47224034268876103
2026-02-17 19:00:00+00:00,0,0.4806634667802512
2026-02-17 19:05:00+00:00,0,0.4735701996008736
2026-02-17 19:10:00+00:00,0,0.43825041949025956
2026-02-17 19:15:00+00:00,0,0.4675389086871908
2026-02-17 19:20:00+00:00,0,0.4687713265763474
2026-02-17 19:25:00+00:00,0,0.49193436824124387
2026-02-17 19:30:00+00:00,0,0.47628331568014587
2026-02-17 19:35:00+00:00,0,0.4813148049690441
2026-02-17 19:40:00+00:00,0,0.5109143507876889
2026-02-17 19:45:00+00:00,0,0.5033223554912185
2026-02-17 19:50:00+00:00,0,0.4952135428910013
2026-02-17 19:55:00+00:00,0,0.5050758040847964
2026-02-17 20:00:00+00:00,0,0.4971347156357209
2026-02-17 20:05:00+00:00,1,0.48165042640239986
2026-02-17 20:10:00+00:00,1,0.5122346859327258
2026-02-17 20:15:00+00:00,1,0.5008777292036563
2026-02-17 20:20:00+00:00,1,0.512920248605854
2026-02-17 20:25:00+00:00,1,0.49196723871128323
2026-02-17 20:30:00+00:00,1,0.5071003895976001
2026-02-17 20:35:00+00:00,1,0.5010750302813958
2026-02-17 20:40:00+00:00,1,0.5091387927102546
2026-02-17 20:45:00+00:00,1,0.5076371012582739
2026-02-17 20:50:00+00:00,1,0.4987987427875309
2026-02-17 20:55:00+00:00,1,0.5112313283110023
2026-02-17 21:00:00+00:00,1,0.5205632896131398
2026-02-17 21:05:00+00:00,1,0.5129475040226914
2026-02-17 21:10:00+00:00,0,0.4903435708259853
2026-02-17 21:15:00+00:00,1,0.5066724025368218
2026-02-17 21:20:00+00:00,1,0.49739534146100034
2026-02-17 21:25:00+00:00,1,0.5009706210986975
2026-02-17 21:30:00+00:00,1,0.5037141789039511
2026-02-17 21:35:00+00:00,1,0.5014551859329002
2026-02-17 21:40:00+00:00,1,0.49115078149935854
2026-02-17 21:45:00+00:00,1,0.49931615972997634
2026-02-17 21:50:00+00:00,0,0.49220463859506436
2026-02-17 21:55:00+00:00,0,0.4883005564844064
2026-02-17 22:00:00+00:00,0,0.46037632523084027
2026-02-17 22:05:00+00:00,0,0.4687280341764231
2026-02-17 22:10:00+00:00,0,0.48990213566878926
2026-02-17 22:15:00+00:00,0,0.49697099566331493
2026-02-17 22:20:00+00:00,0,0.5095077791326449
2026-02-17 22:25:00+00:00,0,0.5079785523149017
2026-02-17 22:30:00+00:00,0,0.5085582519125742
2026-02-17 22:35:00+00:00,0,0.5035199827146638
2026-02-17 22:40:00+00:00,0,0.5144011499241637
2026-02-17 22:45:00+00:00,0,0.5034284056215063
2026-02-17 22:50:00+00:00,0,0.47320688562263225
2026-02-17 22:55:00+00:00,0,0.4928760681954441
2026-02-17 23:00:00+00:00,0,0.47396040744872175
2026-02-17 23:05:00+00:00,1,0.49516376887543073
2026-02-17 23:10:00+00:00,1,0.48931339889048175
2026-02-17 23:15:00+00:00,0,0.49383407445234184
2026-02-17 23:20:00+00:00,0,0.5036112528286214
2026-02-17 23:25:00+00:00,0,0.5011909845999868
2026-02-17 23:30:00+00:00,0,0.5237052939469118
2026-02-17 23:35:00+00:00,1,0.511837830434419
2026-02-17 23:40:00+00:00,0,0.49677732673664987
2026-02-17 23:45:00+00:00,0,0.5034242785119668
2026-02-17 23:50:00+00:00,1,0.5045886605087648
2026-02-17 23:55:00+00:00,0,0.4814047693102167
2026-02-18 00:00:00+00:00,1,0.526447852322881
2026-02-18 00:05:00+00:00,1,0.5399945961241573
2026-02-18 00:10:00+00:00,1,0.5317142138628748
2026-02-18 00:15:00+00:00,1,0.5325836960664241
2026-02-18 00:20:00+00:00,0,0.5359605253740941
2026-02-18 00:25:00+00:00,0,0.5366583002848988
2026-02-18 00:30:00+00:00,0,0.5375596134517154
2026-02-18 00:35:00+00:00,0,0.5347716495318224
2026-02-18 00:40:00+00:00,0,0.5314977851878825
2026-02-18 00:45:00+00:00,0,0.5283986402949107
2026-02-18 00:50:00+00:00,0,0.5288573259562087
2026-02-18 00:55:00+00:00,0,0.5382896308359921
2026-02-18 01:00:00+00:00,0,0.5376043968083278
2026-02-18 01:05:00+00:00,1,0.524736645632979
2026-02-18 01:10:00+00:00,1,0.5185052967430889
2026-02-18 01:15:00+00:00,1,0.5194547399339953
2026-02-18 01:20:00+00:00,0,0.5179755048885486
2026-02-18 01:25:00+00:00,1,0.5172026768892013
2026-02-18 01:30:00+00:00,1,0.5224310863591443
2026-02-18 01:35:00+00:00,1,0.5209959914553074
2026-02-18 01:40:00+00:00,1,0.5127572718775901
2026-02-18 01:45:00+00:00,1,0.517868694941811
2026-02-18 01:50:00+00:00,1,0.5155677928474592
2026-02-18 01:55:00+00:00,1,0.5163796515468828
2026-02-18 02:00:00+00:00,1,0.48393463028804184
2026-02-18 02:05:00+00:00,0,0.4630964315537703
2026-02-18 02:10:00+00:00,0,0.47021105910595556
2026-02-18 02:15:00+00:00,0,0.4720063041898367
2026-02-18 02:20:00+00:00,1,0.4997432794489891
2026-02-18 02:25:00+00:00,1,0.48685751985563736
2026-02-18 02:30:00+00:00,1,0.49022004939131797
2026-02-18 02:35:00+00:00,0,0.49160859475252217
2026-02-18 02:40:00+00:00,0,0.4754487468507507
2026-02-18 02:45:00+00:00,1,0.5037685000983042
2026-02-18 02:50:00+00:00,1,0.494710843803455
2026-02-18 02:55:00+00:00,1,0.5166299448718316
2026-02-18 03:00:00+00:00,1,0.4927827489849587
2026-02-18 03:05:00+00:00,1,0.4886995503364936
2026-02-18 03:10:00+00:00,1,0.4852089888780646
2026-02-18 03:15:00+00:00,1,0.4871584702259089
2026-02-18 03:20:00+00:00,1,0.48175550384975036
2026-02-18 03:25:00+00:00,0,0.4675619853302934
2026-02-18 03:30:00+00:00,0,0.42954867481176584
2026-02-18 03:35:00+00:00,0,0.4545809734709745
2026-02-18 03:40:00+00:00,0,0.4146142410524529
2026-02-18 03:45:00+00:00,0,0.41758216407770804
2026-02-18 03:50:00+00:00,0,0.4362263399527105
2026-02-18 03:55:00+00:00,0,0.44726089855777157
2026-02-18 04:00:00+00:00,0,0.4599675299710017
2026-02-18 04:05:00+00:00,0,0.44884282541856235
2026-02-18 04:10:00+00:00,0,0.5099274620893898
2026-02-18 04:15:00+00:00,0,0.49720144752815326
2026-02-18 04:20:00+00:00,1,0.5069607860714712
2026-02-18 04:25:00+00:00,1,0.5105466882510484
2026-02-18 04:30:00+00:00,1,0.48744888125326813
2026-02-18 04:35:00+00:00,0,0.4885329689715046
2026-02-18 04:40:00+00:00,1,0.5038880175651166
2026-02-18 04:45:00+00:00,1,0.4952236928980116
2026-02-18 04:50:00+00:00,1,0.48109253796103735
2026-02-18 04:55:00+00:00,1,0.486177010091226
2026-02-18 05:00:00+00:00,1,0.4964374255034965
2026-02-18 05:05:00+00:00,1,0.5133172837966324
2026-02-18 05:10:00+00:00,0,0.4907582863429333
2026-02-18 05:15:00+00:00,0,0.4977786418702581
2026-02-18 05:20:00+00:00,0,0.4915718219616561
2026-02-18 05:25:00+00:00,1,0.5023096648436223
2026-02-18 05:30:00+00:00,0,0.49982484944921896
2026-02-18 05:35:00+00:00,0,0.48647441345475695
2026-02-18 05:40:00+00:00,1,0.4793704552594825
2026-02-18 05:45:00+00:00,0,0.4987449766196227
2026-02-18 05:50:00+00:00,1,0.4848322507628277
2026-02-18 05:55:00+00:00,1,0.5024507150271104
2026-02-18 06:00:00+00:00,1,0.48946762921023984
2026-02-18 06:05:00+00:00,1,0.4929329465957233
2026-02-18 06:10:00+00:00,1,0.4700561010928872
2026-02-18 06:15:00+00:00,1,0.5218200778707476
2026-02-18 06:20:00+00:00,1,0.5067423310100099
2026-02-18 06:25:00+00:00,0,0.49209847036112697
2026-02-18 06:30:00+00:00,0,0.4747457302659419
2026-02-18 06:35:00+00:00,0,0.44799137282375484
2026-02-18 06:40:00+00:00,0,0.4623428243501782
2026-02-18 06:45:00+00:00,0,0.4546947155486141
2026-02-18 06:50:00+00:00,0,0.47788077310510274
2026-02-18 06:55:00+00:00,0,0.48878964998131813
2026-02-18 07:00:00+00:00,0,0.4723553439291625
2026-02-18 07:05:00+00:00,1,0.4904428404307357
2026-02-18 07:10:00+00:00,1,0.518253648638378
2026-02-18 07:15:00+00:00,1,0.5097459867843815
2026-02-18 07:20:00+00:00,1,0.49814560322296697
2026-02-18 07:25:00+00:00,1,0.49693750439713336
2026-02-18 07:30:00+00:00,1,0.5058305087049594
2026-02-18 07:35:00+00:00,0,0.4570828923864279
2026-02-18 07:40:00+00:00,1,0.4913536404837944
2026-02-18 07:45:00+00:00,1,0.4875851924579994
2026-02-18 07:50:00+00:00,1,0.4817758622698896
2026-02-18 07:55:00+00:00,1,0.4889994532663713
2026-02-18 08:00:00+00:00,1,0.45090464387762674
2026-02-18 08:05:00+00:00,1,0.455098195708005
2026-02-18 08:10:00+00:00,1,0.4502260846242547
2026-02-18 08:15:00+00:00,0,0.4436438028927618
2026-02-18 08:20:00+00:00,0,0.4557059473173102
2026-02-18 08:25:00+00:00,0,0.4551502289530816
2026-02-18 08:30:00+00:00,0,0.4546996663750753
2026-02-18 08:35:00+00:00,0,0.4741695270334761
2026-02-18 08:40:00+00:00,0,0.46355474632525107
2026-02-18 08:45:00+00:00,0,0.4698391306791878
2026-02-18 08:50:00+00:00,0,0.46989386889320545
2026-02-18 08:55:00+00:00,0,0.4628197697617101
2026-02-18 09:00:00+00:00,1,0.49769082692795896
2026-02-18 09:05:00+00:00,1,0.5059681964526704
2026-02-18 09:10:00+00:00,1,0.4787149772910252
2026-02-18 09:15:00+00:00,0,0.49170647940076606
2026-02-18 09:20:00+00:00,0,0.502017858814744
2026-02-18 09:25:00+00:00,0,0.5053403410967505
2026-02-18 09:30:00+00:00,0,0.5070420612755225
2026-02-18 09:35:00+00:00,0,0.49481211894038624
2026-02-18 09:40:00+00:00,0,0.47640368558617946
2026-02-18 09:45:00+00:00,0,0.4860048424564589
2026-02-18 09:50:00+00:00,0,0.4945964357668564
2026-02-18 09:55:00+00:00,0,0.47830358008997437
2026-02-18 10:00:00+00:00,0,0.46079142368972836
2026-02-18 10:05:00+00:00,0,0.47810654181186335
2026-02-18 10:10:00+00:00,0,0.46250136871979747
2026-02-18 10:15:00+00:00,0,0.4832509879207863
2026-02-18 10:20:00+00:00,0,0.4951439150650969
2026-02-18 10:25:00+00:00,0,0.48775960437304855
2026-02-18 10:30:00+00:00,1,0.5151496011885713
2026-02-18 10:35:00+00:00,0,0.5312157601888259
2026-02-18 10:40:00+00:00,0,0.5336230209117631
2026-02-18 10:45:00+00:00,0,0.5117666462483841
2026-02-18 10:50:00+00:00,0,0.5083232299454951
2026-02-18 10:55:00+00:00,0,0.5080594879887551
2026-02-18 11:00:00+00:00,0,0.498071424373038
2026-02-18 11:05:00+00:00,1,0.5183430744581966
2026-02-18 11:10:00+00:00,1,0.47695913088282754
2026-02-18 11:15:00+00:00,1,0.47531070615183313
2026-02-18 11:20:00+00:00,1,0.4743327767717582
2026-02-18 11:25:00+00:00,0,0.45787141630808437
2026-02-18 11:30:00+00:00,0,0.4702132126919015
2026-02-18 11:35:00+00:00,0,0.504233656406911
2026-02-18 11:40:00+00:00,0,0.4887939006399866
2026-02-18 11:45:00+00:00,0,0.4929055111091292
2026-02-18 11:50:00+00:00,0,0.48757361248294445
2026-02-18 11:55:00+00:00,1,0.5129302812835731
2026-02-18 12:00:00+00:00,0,0.5112907815035069
2026-02-18 12:05:00+00:00,0,0.5174156746191368
2026-02-18 12:10:00+00:00,0,0.5163087544984039
2026-02-18 12:15:00+00:00,1,0.5153880650121899
2026-02-18 12:20:00+00:00,1,0.5234189998980644
2026-02-18 12:25:00+00:00,0,0.5062977733717723
2026-02-18 12:30:00+00:00,1,0.5205699712134377
2026-02-18 12:35:00+00:00,1,0.519156429923108
2026-02-18 12:40:00+00:00,1,0.5180949574041641
2026-02-18 12:45:00+00:00,0,0.5335728007808449
2026-02-18 12:50:00+00:00,1,0.5384006621278129
2026-02-18 12:55:00+00:00,1,0.5299280500415339
2026-02-18 13:00:00+00:00,0,0.5209422360139093
2026-02-18 13:05:00+00:00,0,0.48984182649992075
2026-02-18 13:10:00+00:00,0,0.49785329443950993
2026-02-18 13:15:00+00:00,0,0.5068285144229654
2026-02-18 13:20:00+00:00,0,0.5276389604151597
2026-02-18 13:25:00+00:00,0,0.5254943756935696
2026-02-18 13:30:00+00:00,0,0.5281519608263875
2026-02-18 13:35:00+00:00,0,0.5185296645612886
2026-02-18 13:40:00+00:00,0,0.5299300785118913
2026-02-18 13:45:00+00:00,0,0.5240415700683093
2026-02-18 13:50:00+00:00,0,0.5262999052860694
2026-02-18 13:55:00+00:00,0,0.5237482269767114
2026-02-18 14:00:00+00:00,0,0.523210746009911
2026-02-18 14:05:00+00:00,0,0.5257749899418988
2026-02-18 14:10:00+00:00,0,0.5323214945185342
2026-02-18 14:15:00+00:00,0,0.5335702189646708
2026-02-18 14:20:00+00:00,1,0.5353103089494171
2026-02-18 14:25:00+00:00,1,0.5410203141888532
2026-02-18 14:30:00+00:00,1,0.5255993749902983
2026-02-18 14:35:00+00:00,1,0.5250971659841231
2026-02-18 14:40:00+00:00,1,0.5301054679835557
2026-02-18 14:45:00+00:00,1,0.5288199980592121
2026-02-18 14:50:00+00:00,1,0.5137707032048834
2026-02-18 14:55:00+00:00,1,0.5152951766714279
2026-02-18 15:00:00+00:00,1,0.496639430585097
2026-02-18 15:05:00+00:00,1,0.49104103841072744
2026-02-18 15:10:00+00:00,1,0.4937018818494656
2026-02-18 15:15:00+00:00,1,0.46513238798981105
2026-02-18 15:20:00+00:00,1,0.48390356824024355
2026-02-18 15:25:00+00:00,1,0.48809564413279627
2026-02-18 15:30:00+00:00,0,0.4732784199554749
2026-02-18 15:35:00+00:00,0,0.4627092972498832
2026-02-18 15:40:00+00:00,0,0.46631300797625796
2026-02-18 15:45:00+00:00,0,0.4541146184145225
2026-02-18 15:50:00+00:00,0,0.45649117329485045
2026-02-18 15:55:00+00:00,0,0.4669288862232799
2026-02-18 16:00:00+00:00,0,0.5008863463169521
2026-02-18 16:05:00+00:00,1,0.47511048151837937
2026-02-18 16:10:00+00:00,1,0.48324176762619514
2026-02-18 16:15:00+00:00,1,0.47715824362809617
2026-02-18 16:20:00+00:00,1,0.47618039408238466
2026-02-18 16:25:00+00:00,0,0.47986888999473154
2026-02-18 16:30:00+00:00,1,0.4948079641975381
2026-02-18 16:35:00+00:00,1,0.48732325977038005
2026-02-18 16:40:00+00:00,0,0.4842334172764576
2026-02-18 16:45:00+00:00,1,0.5113237830440971
2026-02-18 16:50:00+00:00,1,0.5037865978481866
2026-02-18 16:55:00+00:00,0,0.501339036715473
2026-02-18 17:00:00+00:00,0,0.4984533905120356
2026-02-18 17:05:00+00:00,0,0.5101382321937635
2026-02-18 17:10:00+00:00,0,0.5007438431821464
2026-02-18 17:15:00+00:00,0,0.48458423125122585
2026-02-18 17:20:00+00:00,0,0.4957158054939642
2026-02-18 17:25:00+00:00,0,0.5076372685423453
2026-02-18 17:30:00+00:00,0,0.4961594612872483
2026-02-18 17:35:00+00:00,0,0.5118768505364488
2026-02-18 17:40:00+00:00,0,0.514189742809862
2026-02-18 17:45:00+00:00,0,0.5148981744485073
2026-02-18 17:50:00+00:00,0,0.5287738032981681
2026-02-18 17:55:00+00:00,0,0.516185706865738
2026-02-18 18:00:00+00:00,0,0.5187346292233701
2026-02-18 18:05:00+00:00,0,0.5392304060817023
2026-02-18 18:10:00+00:00,0,0.5369267587876299
2026-02-18 18:15:00+00:00,0,0.5747598418769684
2026-02-18 18:20:00+00:00,0,0.5686438982912553
2026-02-18 18:25:00+00:00,0,0.5360960192084671
2026-02-18 18:30:00+00:00,0,0.5276937021642979
2026-02-18 18:35:00+00:00,0,0.5261580998346369
2026-02-18 18:40:00+00:00,1,0.5473382995884499
2026-02-18 18:45:00+00:00,0,0.48316623685156096
2026-02-18 18:50:00+00:00,0,0.5403987019330077
2026-02-18 18:55:00+00:00,1,0.5415433735805167
2026-02-18 19:00:00+00:00,0,0.5220109885926628
2026-02-18 19:05:00+00:00,0,0.526239612761666
2026-02-18 19:10:00+00:00,0,0.5292757486635563
2026-02-18 19:15:00+00:00,0,0.5364758672817419
2026-02-18 19:20:00+00:00,0,0.5338110696684463
2026-02-18 19:25:00+00:00,0,0.5285894362734832
2026-02-18 19:30:00+00:00,1,0.5386309740555427
2026-02-18 19:35:00+00:00,1,0.5069321514605992
2026-02-18 19:40:00+00:00,0,0.538205128070748
2026-02-18 19:45:00+00:00,0,0.535347518960085
2026-02-18 19:50:00+00:00,1,0.5302444516366585
2026-02-18 19:55:00+00:00,0,0.5323416281887421
2026-02-18 20:00:00+00:00,1,0.5317465438181413
2026-02-18 20:05:00+00:00,1,0.5361744999946441
2026-02-18 20:10:00+00:00,1,0.5434733910679413
2026-02-18 20:15:00+00:00,1,0.5479741266350352
2026-02-18 20:20:00+00:00,1,0.5499510086391854
2026-02-18 20:25:00+00:00,0,0.5589011892379171
2026-02-18 20:30:00+00:00,0,0.5361519740560836
2026-02-18 20:35:00+00:00,0,0.5185983395605794
2026-02-18 20:40:00+00:00,0,0.5183840968721621
2026-02-18 20:45:00+00:00,0,0.5168898678154144
2026-02-18 20:50:00+00:00,0,0.5334651125358787
2026-02-18 20:55:00+00:00,1,0.5410656302078346
2026-02-18 21:00:00+00:00,1,0.5440038974630663
2026-02-18 21:05:00+00:00,1,0.5378148288534959
2026-02-18 21:10:00+00:00,1,0.5213561486607032
2026-02-18 21:15:00+00:00,1,0.5401172326500191
2026-02-18 21:20:00+00:00,0,0.5440885423560051
2026-02-18 21:25:00+00:00,0,0.5268398616351498
2026-02-18 21:30:00+00:00,0,0.5110034632879704
2026-02-18 21:35:00+00:00,0,0.5256329742875959
2026-02-18 21:40:00+00:00,0,0.5198825634523878
2026-02-18 21:45:00+00:00,0,0.5145019336074504
2026-02-18 21:50:00+00:00,0,0.5346311923128273
2026-02-18 21:55:00+00:00,0,0.5300867123344617
2026-02-18 22:00:00+00:00,1,0.5387397760192522
2026-02-18 22:05:00+00:00,1,0.5127571325324366
2026-02-18 22:10:00+00:00,1,0.5229914919154671
2026-02-18 22:15:00+00:00,1,0.5214056970806553
2026-02-18 22:20:00+00:00,1,0.5349864182363712
2026-02-18 22:25:00+00:00,1,0.5269530618484412
2026-02-18 22:30:00+00:00,0,0.5440404508656039
2026-02-18 22:35:00+00:00,0,0.5419096407472552
2026-02-18 22:40:00+00:00,0,0.5410356873642811
2026-02-18 22:45:00+00:00,0,0.5391574580234956
2026-02-18 22:50:00+00:00,0,0.5408412317249353
2026-02-18 22:55:00+00:00,0,0.5354795683096831
2026-02-18 23:00:00+00:00,1,0.5313911219283729
2026-02-18 23:05:00+00:00,1,0.5100318579909588
2026-02-18 23:10:00+00:00,1,0.5091226792927419
2026-02-18 23:15:00+00:00,1,0.510980328110905
2026-02-18 23:20:00+00:00,1,0.522141580184175
2026-02-18 23:25:00+00:00,1,0.5250643419055626
2026-02-18 23:30:00+00:00,1,0.5281538789417078
2026-02-18 23:35:00+00:00,1,0.5258606812734746
2026-02-18 23:40:00+00:00,0,0.5235096284274106
2026-02-18 23:45:00+00:00,1,0.5136182747360437
2026-02-18 23:50:00+00:00,1,0.4957285490045489
2026-02-18 23:55:00+00:00,1,0.4971271026849406
2026-02-19 00:00:00+00:00,1,0.5184019762174342
2026-02-19 00:05:00+00:00,1,0.5153740231715025
2026-02-19 00:10:00+00:00,1,0.52581734907321
2026-02-19 00:15:00+00:00,0,0.5164274544500153
2026-02-19 00:20:00+00:00,0,0.516516178737886
2026-02-19 00:25:00+00:00,0,0.5228210970601682
2026-02-19 00:30:00+00:00,0,0.4924974970239878
2026-02-19 00:35:00+00:00,1,0.4963103224010904
2026-02-19 00:40:00+00:00,1,0.5148953882054482
2026-02-19 00:45:00+00:00,1,0.5228614490915887
2026-02-19 00:50:00+00:00,1,0.5130106816710787
2026-02-19 00:55:00+00:00,1,0.48648327509439143
2026-02-19 01:00:00+00:00,1,0.4658489217117519
2026-02-19 01:05:00+00:00,1,0.44577511592295216
2026-02-19 01:10:00+00:00,1,0.4422717349200166
2026-02-19 01:15:00+00:00,1,0.4549716851557432
2026-02-19 01:20:00+00:00,1,0.451142655903269
2026-02-19 01:25:00+00:00,1,0.45103703573277565
2026-02-19 01:30:00+00:00,1,0.4534900526448165
2026-02-19 01:35:00+00:00,1,0.48190759468318095
2026-02-19 01:40:00+00:00,1,0.45262620437411
2026-02-19 01:45:00+00:00,1,0.456007216268152
2026-02-19 01:50:00+00:00,0,0.4454239286871939
2026-02-19 01:55:00+00:00,0,0.44497098484750736
2026-02-19 02:00:00+00:00,0,0.44867138218161334
2026-02-19 02:05:00+00:00,0,0.4423433725758393
2026-02-19 02:10:00+00:00,0,0.45047685879917015
2026-02-19 02:15:00+00:00,0,0.45186032072381915
2026-02-19 02:20:00+00:00,0,0.4496799198018338
2026-02-19 02:25:00+00:00,0,0.4582754155911927
2026-02-19 02:30:00+00:00,1,0.47345284596815373
2026-02-19 02:35:00+00:00,1,0.4858408007345942
2026-02-19 02:40:00+00:00,1,0.49171080072578127
2026-02-19 02:45:00+00:00,1,0.4717247987505924
2026-02-19 02:50:00+00:00,1,0.45155884047259687
2026-02-19 02:55:00+00:00,1,0.44861230566040755
2026-02-19 03:00:00+00:00,1,0.44706085032763454
2026-02-19 03:05:00+00:00,1,0.45843000184503
2026-02-19 03:10:00+00:00,1,0.46100762736670015
2026-02-19 03:15:00+00:00,1,0.46773420366762986
2026-02-19 03:20:00+00:00,1,0.45234982298660176
2026-02-19 03:25:00+00:00,0,0.4526362089288252
2026-02-19 03:30:00+00:00,1,0.47760179988264384
2026-02-19 03:35:00+00:00,1,0.4692517272234025
2026-02-19 03:40:00+00:00,1,0.46873904820724177
2026-02-19 03:45:00+00:00,1,0.4564680223972415
2026-02-19 03:50:00+00:00,0,0.45873282796475534
2026-02-19 03:55:00+00:00,1,0.4555613010269027
2026-02-19 04:00:00+00:00,1,0.44914568847910075
2026-02-19 04:05:00+00:00,1,0.44769651640222696
2026-02-19 04:10:00+00:00,0,0.4543209679144057
2026-02-19 04:15:00+00:00,0,0.4851259024750842
2026-02-19 04:20:00+00:00,1,0.48222677071149594
2026-02-19 04:25:00+00:00,0,0.5029377226436504
2026-02-19 04:30:00+00:00,0,0.45939268925227794
2026-02-19 04:35:00+00:00,0,0.44012552187577664
2026-02-19 04:40:00+00:00,0,0.4890180450302016
2026-02-19 04:45:00+00:00,0,0.48707993629364177
2026-02-19 04:50:00+00:00,0,0.48227967568567703
2026-02-19 04:55:00+00:00,0,0.49178077848349344
2026-02-19 05:00:00+00:00,0,0.5352886653619232
2026-02-19 05:05:00+00:00,0,0.5218637772009417
2026-02-19 05:10:00+00:00,0,0.513818409725359
2026-02-19 05:15:00+00:00,0,0.4882299710899463
2026-02-19 05:20:00+00:00,1,0.5297662971938952
2026-02-19 05:25:00+00:00,1,0.5377340294176853
2026-02-19 05:30:00+00:00,1,0.512959320253109
2026-02-19 05:35:00+00:00,1,0.5115684484624442
2026-02-19 05:40:00+00:00,1,0.49381332955270946
2026-02-19 05:45:00+00:00,1,0.47312851195176125
2026-02-19 05:50:00+00:00,0,0.4912342358840508
2026-02-19 05:55:00+00:00,0,0.503699287965697
2026-02-19 06:00:00+00:00,0,0.4750928727036117
2026-02-19 06:05:00+00:00,0,0.4794707625725947
2026-02-19 06:10:00+00:00,0,0.5108769160831443
2026-02-19 06:15:00+00:00,0,0.49243083391147446
2026-02-19 06:20:00+00:00,0,0.49318984962798956
2026-02-19 06:25:00+00:00,1,0.49924663712191264
2026-02-19 06:30:00+00:00,0,0.4844512254803554
2026-02-19 06:35:00+00:00,0,0.47042303284501125
2026-02-19 06:40:00+00:00,1,0.48381263933812524
2026-02-19 06:45:00+00:00,1,0.4940116059261278
2026-02-19 06:50:00+00:00,1,0.4815514774035335
2026-02-19 06:55:00+00:00,1,0.4615658111818919
2026-02-19 07:00:00+00:00,1,0.4654678091742682
2026-02-19 07:05:00+00:00,1,0.4825139022798568
2026-02-19 07:10:00+00:00,1,0.4777676764364448
2026-02-19 07:15:00+00:00,1,0.5039128635347317
2026-02-19 07:20:00+00:00,1,0.5032972023527303
2026-02-19 07:25:00+00:00,1,0.47976178283071375
2026-02-19 07:30:00+00:00,0,0.4993838139259277
2026-02-19 07:35:00+00:00,0,0.49465393249713185
2026-02-19 07:40:00+00:00,0,0.49094937508747266
2026-02-19 07:45:00+00:00,0,0.4926076548461486
2026-02-19 07:50:00+00:00,0,0.48878011736252786
2026-02-19 07:55:00+00:00,0,0.47365703482685606
2026-02-19 08:00:00+00:00,0,0.45234406132295574
2026-02-19 08:05:00+00:00,0,0.5020429847539247
2026-02-19 08:10:00+00:00,0,0.5034654101570445
2026-02-19 08:15:00+00:00,0,0.5049661069630904
2026-02-19 08:20:00+00:00,0,0.5057354261259583
2026-02-19 08:25:00+00:00,0,0.5233406412894529
2026-02-19 08:30:00+00:00,0,0.5454696698836953
2026-02-19 08:35:00+00:00,1,0.516680141820363
2026-02-19 08:40:00+00:00,1,0.5220247659808542
2026-02-19 08:45:00+00:00,1,0.4711939446655807
2026-02-19 08:50:00+00:00,1,0.4700699946991338
2026-02-19 08:55:00+00:00,1,0.4860337667224787
2026-02-19 09:00:00+00:00,1,0.48563704159413185
2026-02-19 09:05:00+00:00,1,0.4763073004027675
2026-02-19 09:10:00+00:00,1,0.48186959254731493
2026-02-19 09:15:00+00:00,0,0.5043161964397009
2026-02-19 09:20:00+00:00,0,0.49014366796781994
2026-02-19 09:25:00+00:00,0,0.48113627230148515
2026-02-19 09:30:00+00:00,0,0.4859643542146021
2026-02-19 09:35:00+00:00,0,0.49636994200768214
2026-02-19 09:40:00+00:00,0,0.49273908680780826
2026-02-19 09:45:00+00:00,1,0.5143278392982706
2026-02-19 09:50:00+00:00,1,0.5171178325801612
2026-02-19 09:55:00+00:00,1,0.5185712985152252
2026-02-19 10:00:00+00:00,1,0.5226417356402895
2026-02-19 10:05:00+00:00,1,0.5194573016702722
2026-02-19 10:10:00+00:00,1,0.5164272594504377
2026-02-19 10:15:00+00:00,0,0.49981497738707054
2026-02-19 10:20:00+00:00,0,0.5031123736873555
2026-02-19 10:25:00+00:00,0,0.5009973090312164
2026-02-19 10:30:00+00:00,0,0.4899083798519285
2026-02-19 10:35:00+00:00,0,0.48601664343422357
2026-02-19 10:40:00+00:00,0,0.49422165100027377
2026-02-19 10:45:00+00:00,1,0.5155065281432972
2026-02-19 10:50:00+00:00,1,0.49629375831940215
2026-02-19 10:55:00+00:00,1,0.49522634193895093
2026-02-19 11:00:00+00:00,1,0.5148552383402496
2026-02-19 11:05:00+00:00,0,0.516391045156514
2026-02-19 11:10:00+00:00,0,0.5153381662182366
2026-02-19 11:15:00+00:00,0,0.4927723492354324
2026-02-19 11:20:00+00:00,0,0.4959563994331549
2026-02-19 11:25:00+00:00,0,0.5167830974373774
2026-02-19 11:30:00+00:00,0,0.5018551395335482
2026-02-19 11:35:00+00:00,1,0.5119159541077692
2026-02-19 11:40:00+00:00,0,0.5088701031990942
2026-02-19 11:45:00+00:00,0,0.5135384368745177
2026-02-19 11:50:00+00:00,0,0.5230651805389214
2026-02-19 11:55:00+00:00,1,0.5192386872253952
2026-02-19 12:00:00+00:00,1,0.5471273915252888
2026-02-19 12:05:00+00:00,0,0.5107044026840826
2026-02-19 12:10:00+00:00,1,0.5199675678230121
2026-02-19 12:15:00+00:00,0,0.5205501491110951
2026-02-19 12:20:00+00:00,0,0.5068683019700402
2026-02-19 12:25:00+00:00,0,0.5161821410458275
2026-02-19 12:30:00+00:00,0,0.5241111263764724
2026-02-19 12:35:00+00:00,0,0.5223015591066275
2026-02-19 12:40:00+00:00,0,0.4960595196684117
2026-02-19 12:45:00+00:00,0,0.519395067896575
2026-02-19 12:50:00+00:00,0,0.5197423997872354
2026-02-19 12:55:00+00:00,0,0.5162028673509992
2026-02-19 13:00:00+00:00,0,0.5255845500610644
2026-02-19 13:05:00+00:00,0,0.5275110973385368
2026-02-19 13:10:00+00:00,0,0.5121900373144561
2026-02-19 13:15:00+00:00,0,0.5147192679099671
2026-02-19 13:20:00+00:00,0,0.520237636248025
2026-02-19 13:25:00+00:00,0,0.5191479089650612
2026-02-19 13:30:00+00:00,0,0.4992785957662075
2026-02-19 13:35:00+00:00,0,0.5325827519286769
2026-02-19 13:40:00+00:00,1,0.5494009517253963
2026-02-19 13:45:00+00:00,1,0.550654602845312
2026-02-19 13:50:00+00:00,0,0.5001886098720174
2026-02-19 13:55:00+00:00,0,0.4986901786619755
2026-02-19 14:00:00+00:00,0,0.5060483605317061
2026-02-19 14:05:00+00:00,0,0.5161159223567325
2026-02-19 14:10:00+00:00,1,0.5193302717352005
2026-02-19 14:15:00+00:00,1,0.512366735444958
2026-02-19 14:20:00+00:00,1,0.5190552358664674
2026-02-19 14:25:00+00:00,1,0.5313624834653988
2026-02-19 14:30:00+00:00,1,0.5225891923507473
2026-02-19 14:35:00+00:00,0,0.5161873783432536
2026-02-19 14:40:00+00:00,0,0.4915034900506939
2026-02-19 14:45:00+00:00,0,0.5011218526387098
2026-02-19 14:50:00+00:00,0,0.48858779435011385
2026-02-19 14:55:00+00:00,0,0.5049506310975841
2026-02-19 15:00:00+00:00,0,0.4947707109649137
2026-02-19 15:05:00+00:00,0,0.5027829259479162
2026-02-19 15:10:00+00:00,1,0.5298376848531121
2026-02-19 15:15:00+00:00,0,0.5207229500023891
2026-02-19 15:20:00+00:00,0,0.5232553248217918
2026-02-19 15:25:00+00:00,1,0.5266622560388472
2026-02-19 15:30:00+00:00,0,0.5130075046841138
2026-02-19 15:35:00+00:00,0,0.5237671474487778
2026-02-19 15:40:00+00:00,0,0.5156274412072028
2026-02-19 15:45:00+00:00,1,0.5208425742034644
2026-02-19 15:50:00+00:00,1,0.5215569284974647
2026-02-19 15:55:00+00:00,0,0.5341592981152339
2026-02-19 16:00:00+00:00,1,0.5345865368111583
2026-02-19 16:05:00+00:00,1,0.5252773051094038
2026-02-19 16:10:00+00:00,1,0.5266351710779704
2026-02-19 16:15:00+00:00,0,0.49623717837804066
2026-02-19 16:20:00+00:00,1,0.5127144928224364
2026-02-19 16:25:00+00:00,1,0.5107369599414531
2026-02-19 16:30:00+00:00,0,0.46354172288046197
2026-02-19 16:35:00+00:00,0,0.4618239032030643
2026-02-19 16:40:00+00:00,1,0.47293628865551857
2026-02-19 16:45:00+00:00,1,0.49899450986919086
2026-02-19 16:50:00+00:00,1,0.4913546720011146
2026-02-19 16:55:00+00:00,1,0.5009208426519086
2026-02-19 17:00:00+00:00,1,0.5036221840330949
2026-02-19 17:05:00+00:00,1,0.5045948509416709
2026-02-19 17:10:00+00:00,0,0.4765766212558928
2026-02-19 17:15:00+00:00,0,0.4504242692382892
2026-02-19 17:20:00+00:00,0,0.4545967657049249
2026-02-19 17:25:00+00:00,0,0.4733590764051951
2026-02-19 17:30:00+00:00,0,0.4777589232638809
2026-02-19 17:35:00+00:00,1,0.4868927310346854
2026-02-19 17:40:00+00:00,1,0.49953998197882366
2026-02-19 17:45:00+00:00,1,0.5116974683636298
2026-02-19 17:50:00+00:00,1,0.502644247063448
2026-02-19 17:55:00+00:00,1,0.5084673102847855
2026-02-19 18:00:00+00:00,1,0.5009651831180338
2026-02-19 18:05:00+00:00,1,0.4939559232810024
2026-02-19 18:10:00+00:00,1,0.4747908898157024
2026-02-19 18:15:00+00:00,1,0.48516465931019237
2026-02-19 18:20:00+00:00,1,0.4717229084867897
2026-02-19 18:25:00+00:00,1,0.4716863542801322
2026-02-19 18:30:00+00:00,1,0.4708400502707634
2026-02-19 18:35:00+00:00,1,0.47938018524669507
2026-02-19 18:40:00+00:00,0,0.458804993935503
2026-02-19 18:45:00+00:00,0,0.4884369625109749
2026-02-19 18:50:00+00:00,0,0.4818047289980466
2026-02-19 18:55:00+00:00,0,0.49065755080406015
2026-02-19 19:00:00+00:00,0,0.49190066144489747
2026-02-19 19:05:00+00:00,0,0.4861869582125221
2026-02-19 19:10:00+00:00,0,0.48806526437604447
2026-02-19 19:15:00+00:00,0,0.4939566761249823
2026-02-19 19:20:00+00:00,0,0.49977281197079887
2026-02-19 19:25:00+00:00,1,0.5055599265804136
2026-02-19 19:30:00+00:00,1,0.5174651977068084
2026-02-19 19:35:00+00:00,1,0.517382696175203
2026-02-19 19:40:00+00:00,1,0.5174470095710024
2026-02-19 19:45:00+00:00,1,0.5155570388222352
2026-02-19 19:50:00+00:00,0,0.48881495884501736
2026-02-19 19:55:00+00:00,0,0.5040808730852777
2026-02-19 20:00:00+00:00,0,0.5077527777833245
2026-02-19 20:05:00+00:00,0,0.5171104232797187
2026-02-19 20:10:00+00:00,0,0.5142263012525827
2026-02-19 20:15:00+00:00,1,0.5233852190197327
2026-02-19 20:20:00+00:00,1,0.5211152761313976
2026-02-19 20:25:00+00:00,1,0.5112375161405369
2026-02-19 20:30:00+00:00,1,0.49594557991500987
2026-02-19 20:35:00+00:00,1,0.5146742132919315
2026-02-19 20:40:00+00:00,0,0.515172029732546
2026-02-19 20:45:00+00:00,0,0.5010561507430188
2026-02-19 20:50:00+00:00,0,0.5035298542874492
2026-02-19 20:55:00+00:00,0,0.5126204618545763
2026-02-19 21:00:00+00:00,0,0.5099320059077348
2026-02-19 21:05:00+00:00,0,0.5147536786661686
2026-02-19 21:10:00+00:00,1,0.5191618320933529
2026-02-19 21:15:00+00:00,0,0.5141182973664573
2026-02-19 21:20:00+00:00,0,0.5084775698221459
2026-02-19 21:25:00+00:00,0,0.5030455306401902
2026-02-19 21:30:00+00:00,0,0.5134384226069879
2026-02-19 21:35:00+00:00,0,0.5204142601789747
2026-02-19 21:40:00+00:00,1,0.5488614633299692
2026-02-19 21:45:00+00:00,1,0.551844519350855
2026-02-19 21:50:00+00:00,1,0.5527300185434647
2026-02-19 21:55:00+00:00,1,0.5344714679373644
2026-02-19 22:00:00+00:00,0,0.5143484867092321
2026-02-19 22:05:00+00:00,0,0.4827684003606777
2026-02-19 22:10:00+00:00,0,0.47154747886418097
2026-02-19 22:15:00+00:00,0,0.494476869795883
2026-02-19 22:20:00+00:00,0,0.4909255114994994
2026-02-19 22:25:00+00:00,1,0.5108989643863182
2026-02-19 22:30:00+00:00,1,0.5192330066597943
2026-02-19 22:35:00+00:00,1,0.5038664899530165
2026-02-19 22:40:00+00:00,1,0.4783066001530021
2026-02-19 22:45:00+00:00,1,0.4821184831742486
2026-02-19 22:50:00+00:00,1,0.454027210838209
2026-02-19 22:55:00+00:00,1,0.45909442298392394
2026-02-19 23:00:00+00:00,1,0.48190401587288473
2026-02-19 23:05:00+00:00,1,0.48371207277516454
2026-02-19 23:10:00+00:00,1,0.47591665804859284
2026-02-19 23:15:00+00:00,1,0.4821216303964095
2026-02-19 23:20:00+00:00,0,0.4664445677890783
2026-02-19 23:25:00+00:00,0,0.4698796285520367
2026-02-19 23:30:00+00:00,0,0.46623429364049923
2026-02-19 23:35:00+00:00,1,0.47784449341670865
2026-02-19 23:40:00+00:00,1,0.4909440503814372
2026-02-19 23:45:00+00:00,1,0.48930740588621857
2026-02-19 23:50:00+00:00,1,0.4818627830991646
2026-02-19 23:55:00+00:00,1,0.466554810678445
2026-02-20 00:00:00+00:00,1,0.504300134613778
2026-02-20 00:05:00+00:00,1,0.4877909865724846
2026-02-20 00:10:00+00:00,1,0.469980103888482
2026-02-20 00:15:00+00:00,1,0.47690095683346645
2026-02-20 00:20:00+00:00,0,0.45128080566434
2026-02-20 00:25:00+00:00,0,0.4455680868990542
2026-02-20 00:30:00+00:00,0,0.45323269572821107
2026-02-20 00:35:00+00:00,0,0.4564677318013953
2026-02-20 00:40:00+00:00,1,0.45558022524970476
2026-02-20 00:45:00+00:00,1,0.45897578391725663
2026-02-20 00:50:00+00:00,1,0.4653659389495032
2026-02-20 00:55:00+00:00,1,0.4741069765463489
2026-02-20 01:00:00+00:00,1,0.45802311552493896
2026-02-20 01:05:00+00:00,1,0.4424192227796332
2026-02-20 01:10:00+00:00,1,0.44322835711926556
2026-02-20 01:15:00+00:00,1,0.49209908372598715
2026-02-20 01:20:00+00:00,1,0.48910678140012864
2026-02-20 01:25:00+00:00,1,0.4848943821906727
2026-02-20 01:30:00+00:00,1,0.46043683507424904
2026-02-20 01:35:00+00:00,1,0.4436850751042303
2026-02-20 01:40:00+00:00,0,0.46156818144851613
2026-02-20 01:45:00+00:00,1,0.48777721852640876
2026-02-20 01:50:00+00:00,1,0.49099775752343755
2026-02-20 01:55:00+00:00,0,0.4574068697269201
2026-02-20 02:00:00+00:00,0,0.45325639988472655
2026-02-20 02:05:00+00:00,1,0.44829043174147776
2026-02-20 02:10:00+00:00,1,0.4681140886514704
2026-02-20 02:15:00+00:00,1,0.46766731766552183
2026-02-20 02:20:00+00:00,1,0.4613695286512785
2026-02-20 02:25:00+00:00,0,0.47362064587575503
2026-02-20 02:30:00+00:00,0,0.466341185090487
2026-02-20 02:35:00+00:00,0,0.4535984958352842
2026-02-20 02:40:00+00:00,0,0.44961549120389854
2026-02-20 02:45:00+00:00,0,0.45703241520053867
2026-02-20 02:50:00+00:00,1,0.4611342992478526
2026-02-20 02:55:00+00:00,1,0.48610645398267827
2026-02-20 03:00:00+00:00,1,0.4573432783990985
2026-02-20 03:05:00+00:00,1,0.4757277746468717
2026-02-20 03:10:00+00:00,1,0.4886121272066064
2026-02-20 03:15:00+00:00,1,0.4643044196402846
2026-02-20 03:20:00+00:00,1,0.4200436029014325
2026-02-20 03:25:00+00:00,0,0.4481893756752878
2026-02-20 03:30:00+00:00,0,0.4355593140111749
2026-02-20 03:35:00+00:00,0,0.44395558011266545
2026-02-20 03:40:00+00:00,0,0.46152042992108294
2026-02-20 03:45:00+00:00,0,0.4743594084584821
2026-02-20 03:50:00+00:00,0,0.47151934851099375
2026-02-20 03:55:00+00:00,0,0.4861788492388758
2026-02-20 04:00:00+00:00,0,0.43451292582143564
2026-02-20 04:05:00+00:00,0,0.4614667189597638
2026-02-20 04:10:00+00:00,0,0.4697225573746515
2026-02-20 04:15:00+00:00,1,0.48582519644852257
2026-02-20 04:20:00+00:00,1,0.4651160978557663
2026-02-20 04:25:00+00:00,1,0.46753829775508426
2026-02-20 04:30:00+00:00,1,0.45829536845382945
2026-02-20 04:35:00+00:00,0,0.44761778482080633
2026-02-20 04:40:00+00:00,0,0.447199802684286
2026-02-20 04:45:00+00:00,0,0.46248176343386543
2026-02-20 04:50:00+00:00,0,0.42923535155181575
2026-02-20 04:55:00+00:00,1,0.4627713483237435
2026-02-20 05:00:00+00:00,1,0.47364118328144617
2026-02-20 05:05:00+00:00,1,0.5057838876217214
2026-02-20 05:10:00+00:00,1,0.4921102358184996
2026-02-20 05:15:00+00:00,1,0.5035559553818754
2026-02-20 05:20:00+00:00,1,0.4918390470614751
2026-02-20 05:25:00+00:00,1,0.5053782354268153
2026-02-20 05:30:00+00:00,0,0.4745445548556965
2026-02-20 05:35:00+00:00,0,0.48097874092361514
2026-02-20 05:40:00+00:00,0,0.47406905449228737
2026-02-20 05:45:00+00:00,0,0.49861343368745575
2026-02-20 05:50:00+00:00,0,0.4799444118206089
2026-02-20 05:55:00+00:00,0,0.4639375523248234
2026-02-20 06:00:00+00:00,1,0.45337927788689136
2026-02-20 06:05:00+00:00,0,0.43964592475033315
2026-02-20 06:10:00+00:00,0,0.4530802892917256
2026-02-20 06:15:00+00:00,0,0.4554265526538519
2026-02-20 06:20:00+00:00,1,0.4636762037816674
2026-02-20 06:25:00+00:00,1,0.47110184816411477
2026-02-20 06:30:00+00:00,1,0.4766416788014191
2026-02-20 06:35:00+00:00,1,0.4829564873526531
2026-02-20 06:40:00+00:00,1,0.47963546725943546
2026-02-20 06:45:00+00:00,1,0.4950795854789912
2026-02-20 06:50:00+00:00,1,0.4751915301543296
2026-02-20 06:55:00+00:00,1,0.47850452210850564
2026-02-20 07:00:00+00:00,1,0.47950510352251874
2026-02-20 07:05:00+00:00,1,0.4990354480976123
2026-02-20 07:10:00+00:00,1,0.4643760719740885
2026-02-20 07:15:00+00:00,1,0.4754432941440147
2026-02-20 07:20:00+00:00,0,0.4745872370110078
2026-02-20 07:25:00+00:00,0,0.4674774827282612
2026-02-20 07:30:00+00:00,0,0.4527112166707325
2026-02-20 07:35:00+00:00,0,0.47946101851997536
2026-02-20 07:40:00+00:00,0,0.5035359333902254
2026-02-20 07:45:00+00:00,0,0.46905680148346085
2026-02-20 07:50:00+00:00,0,0.49210217843087156
2026-02-20 07:55:00+00:00,0,0.5151004253476498
2026-02-20 08:00:00+00:00,0,0.4983902824415656
2026-02-20 08:05:00+00:00,1,0.4995261499472125
2026-02-20 08:10:00+00:00,1,0.50118220018624
2026-02-20 08:15:00+00:00,1,0.49104758979669
2026-02-20 08:20:00+00:00,1,0.4765519118402583
2026-02-20 08:25:00+00:00,1,0.4670302582744957
2026-02-20 08:30:00+00:00,1,0.4853145755447428
2026-02-20 08:35:00+00:00,1,0.48071030304165435
2026-02-20 08:40:00+00:00,1,0.4675116528790704
2026-02-20 08:45:00+00:00,1,0.4713382289558687
2026-02-20 08:50:00+00:00,1,0.5083514439296026
2026-02-20 08:55:00+00:00,1,0.5004148027419489
2026-02-20 09:00:00+00:00,1,0.4588262936831206
2026-02-20 09:05:00+00:00,1,0.4648255659959848
2026-02-20 09:10:00+00:00,1,0.4615613062939749
2026-02-20 09:15:00+00:00,1,0.46501316924194436
2026-02-20 09:20:00+00:00,1,0.4623285578096392
2026-02-20 09:25:00+00:00,1,0.4524127323413818
2026-02-20 09:30:00+00:00,1,0.45709860180840645
2026-02-20 09:35:00+00:00,1,0.4491953390502222
2026-02-20 09:40:00+00:00,1,0.44871073054219457
2026-02-20 09:45:00+00:00,1,0.43624558465404967
2026-02-20 09:50:00+00:00,1,0.4372763810665387
2026-02-20 09:55:00+00:00,1,0.44514077817810066
2026-02-20 10:00:00+00:00,1,0.4157521641842901
2026-02-20 10:05:00+00:00,0,0.44599368457993205
2026-02-20 10:10:00+00:00,0,0.4361341107083699
2026-02-20 10:15:00+00:00,0,0.4536359163244382
2026-02-20 10:20:00+00:00,0,0.42217163440609495
2026-02-20 10:25:00+00:00,0,0.43316907746167155
2026-02-20 10:30:00+00:00,0,0.4395347814573478
2026-02-20 10:35:00+00:00,0,0.43988697355114104
2026-02-20 10:40:00+00:00,0,0.4413024907227404
2026-02-20 10:45:00+00:00,0,0.46349244505667336
2026-02-20 10:50:00+00:00,0,0.45462800472743614
2026-02-20 10:55:00+00:00,0,0.4619970757293363
2026-02-20 11:00:00+00:00,1,0.46373201712729933
2026-02-20 11:05:00+00:00,0,0.46821206186004005
2026-02-20 11:10:00+00:00,0,0.5180946788975513
2026-02-20 11:15:00+00:00,0,0.5105153569603453
2026-02-20 11:20:00+00:00,1,0.5069773199593974
2026-02-20 11:25:00+00:00,0,0.4895543480622125
2026-02-20 11:30:00+00:00,0,0.4816938719569596
2026-02-20 11:35:00+00:00,0,0.47322562765064813
2026-02-20 11:40:00+00:00,1,0.48414535402820374
2026-02-20 11:45:00+00:00,1,0.46741633544271566
2026-02-20 11:50:00+00:00,0,0.47875032993980154
2026-02-20 11:55:00+00:00,0,0.49382473366828933
2026-02-20 12:00:00+00:00,1,0.5221494567756332
2026-02-20 12:05:00+00:00,0,0.5067029335412376
2026-02-20 12:10:00+00:00,0,0.4852453498853182
2026-02-20 12:15:00+00:00,1,0.5029062948597338
2026-02-20 12:20:00+00:00,0,0.49930637134667444
2026-02-20 12:25:00+00:00,0,0.4998285026699926
2026-02-20 12:30:00+00:00,0,0.5101376189279208
2026-02-20 12:35:00+00:00,0,0.518453023995133
2026-02-20 12:40:00+00:00,0,0.49872509318410796
2026-02-20 12:45:00+00:00,0,0.5018033258376853
2026-02-20 12:50:00+00:00,0,0.5437620132478345
2026-02-20 12:55:00+00:00,0,0.5241626530865865
2026-02-20 13:00:00+00:00,0,0.5087597879072682
2026-02-20 13:05:00+00:00,0,0.49363683147713033
2026-02-20 13:10:00+00:00,0,0.5114040566490934
2026-02-20 13:15:00+00:00,0,0.4749188186112274
2026-02-20 13:20:00+00:00,0,0.5063373389695234
2026-02-20 13:25:00+00:00,0,0.48752549511227505
2026-02-20 13:30:00+00:00,1,0.5091435040692284
2026-02-20 13:35:00+00:00,1,0.5191713554959659
2026-02-20 13:40:00+00:00,1,0.5112127369285931
2026-02-20 13:45:00+00:00,1,0.5174611868508207
2026-02-20 13:50:00+00:00,1,0.48905655265560893
2026-02-20 13:55:00+00:00,1,0.5122595463771773
2026-02-20 14:00:00+00:00,1,0.5060205610582685
2026-02-20 14:05:00+00:00,1,0.4934014474197854
2026-02-20 14:10:00+00:00,1,0.511657527825481
2026-02-20 14:15:00+00:00,1,0.516177544478668
2026-02-20 14:20:00+00:00,1,0.495496266647119
2026-02-20 14:25:00+00:00,1,0.4898695070756018
2026-02-20 14:30:00+00:00,1,0.49999872603946316
2026-02-20 14:35:00+00:00,1,0.492923885073586
2026-02-20 14:40:00+00:00,1,0.4837423540367083
2026-02-20 14:45:00+00:00,1,0.47936982886599216
2026-02-20 14:50:00+00:00,1,0.4812848681791345
2026-02-20 14:55:00+00:00,1,0.4664226639635104
2026-02-20 15:00:00+00:00,1,0.453045930988077
2026-02-20 15:05:00+00:00,0,0.4961265842528142
2026-02-20 15:10:00+00:00,1,0.5298570807443646
2026-02-20 15:15:00+00:00,1,0.494985838017266
2026-02-20 15:20:00+00:00,0,0.5354823984788054
2026-02-20 15:25:00+00:00,1,0.4835030740573238
2026-02-20 15:30:00+00:00,1,0.4683729765395635
2026-02-20 15:35:00+00:00,1,0.4517176087471709
2026-02-20 15:40:00+00:00,1,0.4655191408699137
2026-02-20 15:45:00+00:00,1,0.4614298079196315
2026-02-20 15:50:00+00:00,1,0.46885185696802684
2026-02-20 15:55:00+00:00,1,0.47202362348022886
2026-02-20 16:00:00+00:00,0,0.43834224029362595
2026-02-20 16:05:00+00:00,0,0.49367271650386246
2026-02-20 16:10:00+00:00,0,0.503032368375195
2026-02-20 16:15:00+00:00,0,0.43785062889175824
2026-02-20 16:20:00+00:00,0,0.4728705152589479
2026-02-20 16:25:00+00:00,1,0.45331641450424004
2026-02-20 16:30:00+00:00,0,0.4611558921769216
2026-02-20 16:35:00+00:00,0,0.45131084522056064
2026-02-20 16:40:00+00:00,0,0.4536599558437862
2026-02-20 16:45:00+00:00,0,0.4836887420779432
2026-02-20 16:50:00+00:00,0,0.4933568357478078
2026-02-20 16:55:00+00:00,0,0.4869889319264944
2026-02-20 17:00:00+00:00,0,0.5164405194103101
2026-02-20 17:05:00+00:00,1,0.5150820644345749
2026-02-20 17:10:00+00:00,1,0.5393559271295395
2026-02-20 17:15:00+00:00,1,0.5265580587246452
2026-02-20 17:20:00+00:00,1,0.5249228342706692
2026-02-20 17:25:00+00:00,1,0.5042733091139038
2026-02-20 17:30:00+00:00,1,0.5221140537763364
2026-02-20 17:35:00+00:00,1,0.5322434859670936
2026-02-20 17:40:00+00:00,1,0.5648886760129985
2026-02-20 17:45:00+00:00,0,0.5233350203507297
2026-02-20 17:50:00+00:00,0,0.5200528494608627
2026-02-20 17:55:00+00:00,0,0.5391150243196609
2026-02-20 18:00:00+00:00,1,0.5243078543653826
2026-02-20 18:05:00+00:00,0,0.516769587379267
2026-02-20 18:10:00+00:00,0,0.5202944604848339
2026-02-20 18:15:00+00:00,1,0.5348097255051116
2026-02-20 18:20:00+00:00,1,0.5253737141157407
2026-02-20 18:25:00+00:00,1,0.5231292955032751
2026-02-20 18:30:00+00:00,0,0.502032750327106
2026-02-20 18:35:00+00:00,1,0.5235237637786017
2026-02-20 18:40:00+00:00,0,0.5059950200849606
2026-02-20 18:45:00+00:00,0,0.5051185785804776
2026-02-20 18:50:00+00:00,0,0.48192860804644155
2026-02-20 18:55:00+00:00,0,0.4822759852757853
2026-02-20 19:00:00+00:00,1,0.5206410184409737
2026-02-20 19:05:00+00:00,0,0.5248879505067888
2026-02-20 19:10:00+00:00,0,0.536717546601862
2026-02-20 19:15:00+00:00,0,0.5355125313142057
2026-02-20 19:20:00+00:00,1,0.5386033086631954
2026-02-20 19:25:00+00:00,1,0.5364899862866663
2026-02-20 19:30:00+00:00,0,0.5153956431383411
2026-02-20 19:35:00+00:00,0,0.5289410693484519
2026-02-20 19:40:00+00:00,1,0.5131011417525481
2026-02-20 19:45:00+00:00,1,0.5381735775907004
2026-02-20 19:50:00+00:00,1,0.5465353989949063
2026-02-20 19:55:00+00:00,1,0.5413303940051077
2026-02-20 20:00:00+00:00,1,0.513397430100689
2026-02-20 20:05:00+00:00,1,0.5061319260248793
2026-02-20 20:10:00+00:00,0,0.5034577136629398
2026-02-20 20:15:00+00:00,1,0.49572882785604605
2026-02-20 20:20:00+00:00,1,0.5124911469142304
2026-02-20 20:25:00+00:00,1,0.4936867693992483
2026-02-20 20:30:00+00:00,1,0.48961616106418643
2026-02-20 20:35:00+00:00,1,0.488140656502813
2026-02-20 20:40:00+00:00,0,0.481116723391479
2026-02-20 20:45:00+00:00,0,0.48449276517021106
2026-02-20 20:50:00+00:00,0,0.5016789783890845
2026-02-20 20:55:00+00:00,1,0.49771656625664396
2026-02-20 21:00:00+00:00,0,0.49795120462166365
2026-02-20 21:05:00+00:00,0,0.49225348514111594
2026-02-20 21:10:00+00:00,1,0.503294330097493
2026-02-20 21:15:00+00:00,1,0.5044717112573173
2026-02-20 21:20:00+00:00,1,0.4885816205583526
2026-02-20 21:25:00+00:00,1,0.48369080353370114
2026-02-20 21:30:00+00:00,1,0.505183297867075
2026-02-20 21:35:00+00:00,1,0.505208282086466
2026-02-20 21:40:00+00:00,0,0.4718856687250115
2026-02-20 21:45:00+00:00,0,0.48441489584051056
2026-02-20 21:50:00+00:00,1,0.47930274945892265
2026-02-20 21:55:00+00:00,1,0.494763516859302
2026-02-20 22:00:00+00:00,1,0.489056956826091
2026-02-20 22:05:00+00:00,1,0.5107481096662027
2026-02-20 22:10:00+00:00,1,0.5139035674672486
2026-02-20 22:15:00+00:00,1,0.5253537148262356
2026-02-20 22:20:00+00:00,0,0.4951862159686835
2026-02-20 22:25:00+00:00,1,0.49645376656796497
2026-02-20 22:30:00+00:00,0,0.49267855660380905
2026-02-20 22:35:00+00:00,0,0.5061917070686396
2026-02-20 22:40:00+00:00,1,0.501861971799429
2026-02-20 22:45:00+00:00,1,0.4898064523201807
2026-02-20 22:50:00+00:00,1,0.4804024903506616
2026-02-20 22:55:00+00:00,0,0.4844362784882149
2026-02-20 23:00:00+00:00,0,0.49453233070609254
2026-02-20 23:05:00+00:00,0,0.4878428259403282
2026-02-20 23:10:00+00:00,0,0.4927306945373862
2026-02-20 23:15:00+00:00,0,0.4721358669005205
2026-02-20 23:20:00+00:00,0,0.49317047164030375
2026-02-20 23:25:00+00:00,0,0.4978844996324271
2026-02-20 23:30:00+00:00,0,0.5255129836805865
2026-02-20 23:35:00+00:00,1,0.5310305567110607
2026-02-20 23:40:00+00:00,1,0.531469536370041
2026-02-20 23:45:00+00:00,1,0.5141950649706559
2026-02-20 23:50:00+00:00,0,0.4972874489938153
2026-02-20 23:55:00+00:00,0,0.5232178140859198
2026-02-21 00:00:00+00:00,0,0.4881084371025631
2026-02-21 00:05:00+00:00,0,0.507509295730736
2026-02-21 00:10:00+00:00,0,0.49647657714502047
2026-02-21 00:15:00+00:00,0,0.48783472950567014
2026-02-21 00:20:00+00:00,0,0.5097866586637941
2026-02-21 00:25:00+00:00,0,0.4967305618988304
2026-02-21 00:30:00+00:00,0,0.5202509166286073
2026-02-21 00:35:00+00:00,1,0.5139553973734127
2026-02-21 00:40:00+00:00,1,0.5328486007675454
2026-02-21 00:45:00+00:00,1,0.5199749739794641
2026-02-21 00:50:00+00:00,1,0.5168627644969886
2026-02-21 00:55:00+00:00,1,0.5096617155783045
2026-02-21 01:00:00+00:00,1,0.5048869987007636
2026-02-21 01:05:00+00:00,1,0.47324097726095704
2026-02-21 01:10:00+00:00,1,0.4865607869360274
2026-02-21 01:15:00+00:00,1,0.5034527499810898
2026-02-21 01:20:00+00:00,1,0.49903380275984094
2026-02-21 01:25:00+00:00,1,0.49892526628901246
2026-02-21 01:30:00+00:00,1,0.49951532972944046
2026-02-21 01:35:00+00:00,0,0.4831713483512685
2026-02-21 01:40:00+00:00,0,0.45802126025335205
2026-02-21 01:45:00+00:00,0,0.4411938297551414
2026-02-21 01:50:00+00:00,0,0.4246327571683274
2026-02-21 01:55:00+00:00,1,0.4432492507144355
2026-02-21 02:00:00+00:00,1,0.4530699237065123
2026-02-21 02:05:00+00:00,1,0.4460014156870448
2026-02-21 02:10:00+00:00,1,0.4399726295223273
2026-02-21 02:15:00+00:00,1,0.43761642659766603
2026-02-21 02:20:00+00:00,1,0.4382503233737929
2026-02-21 02:25:00+00:00,1,0.45971791490563135
2026-02-21 02:30:00+00:00,0,0.43543529315343893
2026-02-21 02:35:00+00:00,0,0.4367697506219911
2026-02-21 02:40:00+00:00,0,0.4300547874832184
2026-02-21 02:45:00+00:00,0,0.44397097324481233
2026-02-21 02:50:00+00:00,0,0.4506689326126522
2026-02-21 02:55:00+00:00,0,0.4495942224083587
2026-02-21 03:00:00+00:00,1,0.49270440250077996
2026-02-21 03:05:00+00:00,1,0.4969405997586383
2026-02-21 03:10:00+00:00,0,0.4826501608307384
2026-02-21 03:15:00+00:00,0,0.48434617922325807
2026-02-21 03:20:00+00:00,0,0.48844512908926846
2026-02-21 03:25:00+00:00,0,0.4854520254626171
2026-02-21 03:30:00+00:00,0,0.4818483426352998
2026-02-21 03:35:00+00:00,0,0.48646581655776583
2026-02-21 03:40:00+00:00,0,0.49945224898467855
2026-02-21 03:45:00+00:00,0,0.5000601893945354
2026-02-21 03:50:00+00:00,0,0.4913580314026271
2026-02-21 03:55:00+00:00,0,0.48453469512140324
2026-02-21 04:00:00+00:00,1,0.4982933197666744
2026-02-21 04:05:00+00:00,1,0.4977056347092804
2026-02-21 04:10:00+00:00,1,0.5068727909590374
2026-02-21 04:15:00+00:00,0,0.48912439774891786
2026-02-21 04:20:00+00:00,0,0.4816504821016513
2026-02-21 04:25:00+00:00,0,0.4657114573404965
2026-02-21 04:30:00+00:00,1,0.4715678540253423
2026-02-21 04:35:00+00:00,1,0.4945755785982986
2026-02-21 04:40:00+00:00,1,0.4968329315127725
2026-02-21 04:45:00+00:00,1,0.4978409964189997
2026-02-21 04:50:00+00:00,1,0.50164939041377
2026-02-21 04:55:00+00:00,1,0.49547426545222467
2026-02-21 05:00:00+00:00,1,0.5014285817798247
2026-02-21 05:05:00+00:00,1,0.5004447814434803
2026-02-21 05:10:00+00:00,1,0.5052963679819663
2026-02-21 05:15:00+00:00,1,0.5118498709384581
2026-02-21 05:20:00+00:00,1,0.49566639307244775
2026-02-21 05:25:00+00:00,1,0.4783339617179284
2026-02-21 05:30:00+00:00,0,0.48975438082142425
2026-02-21 05:35:00+00:00,0,0.4988643330879499
2026-02-21 05:40:00+00:00,0,0.4819957008425163
2026-02-21 05:45:00+00:00,1,0.4698472580077669
2026-02-21 05:50:00+00:00,0,0.46200902569322394
2026-02-21 05:55:00+00:00,1,0.4684091127689308
2026-02-21 06:00:00+00:00,0,0.456267103210466
2026-02-21 06:05:00+00:00,1,0.5102032381996713
2026-02-21 06:10:00+00:00,1,0.45741282196842353
2026-02-21 06:15:00+00:00,0,0.4604608896891418
2026-02-21 06:20:00+00:00,0,0.4785848424117365
2026-02-21 06:25:00+00:00,0,0.4792597655786447
2026-02-21 06:30:00+00:00,0,0.5423587864708234
2026-02-21 06:35:00+00:00,0,0.549783776141338
2026-02-21 06:40:00+00:00,0,0.520223214334831
2026-02-21 06:45:00+00:00,0,0.5614957382064603
2026-02-21 06:50:00+00:00,0,0.5471019354814318
2026-02-21 06:55:00+00:00,0,0.5122095188516342
2026-02-21 07:00:00+00:00,0,0.5388751011064176
2026-02-21 07:05:00+00:00,0,0.524713333317449
2026-02-21 07:10:00+00:00,0,0.5107444302582169
2026-02-21 07:15:00+00:00,0,0.5292268907859091
2026-02-21 07:20:00+00:00,1,0.5394200576183074
2026-02-21 07:25:00+00:00,1,0.543964161356794
2026-02-21 07:30:00+00:00,1,0.528425492329835
2026-02-21 07:35:00+00:00,1,0.47167590233464163
2026-02-21 07:40:00+00:00,1,0.4961986126081952
2026-02-21 07:45:00+00:00,1,0.5052176511620382
2026-02-21 07:50:00+00:00,1,0.47604383618987833
2026-02-21 07:55:00+00:00,1,0.48369804649076453
2026-02-21 08:00:00+00:00,1,0.4856389920864556
2026-02-21 08:05:00+00:00,1,0.45757674870334586
2026-02-21 08:10:00+00:00,1,0.4622629103354113
2026-02-21 08:15:00+00:00,1,0.45947028702857545
2026-02-21 08:20:00+00:00,1,0.4838567664659577
2026-02-21 08:25:00+00:00,1,0.4921384506475932
2026-02-21 08:30:00+00:00,1,0.4622576696852837
2026-02-21 08:35:00+00:00,1,0.48685289378244223
2026-02-21 08:40:00+00:00,0,0.40977270975296337
2026-02-21 08:45:00+00:00,1,0.4089676136319266
2026-02-21 08:50:00+00:00,1,0.4256304614080386
2026-02-21 08:55:00+00:00,0,0.4403501877274205
2026-02-21 09:00:00+00:00,0,0.45693720713919644
2026-02-21 09:05:00+00:00,0,0.4138648303032299
2026-02-21 09:10:00+00:00,0,0.4227800517736371
2026-02-21 09:15:00+00:00,0,0.39452015957499176
2026-02-21 09:20:00+00:00,0,0.3990571325295874
2026-02-21 09:25:00+00:00,0,0.390101874491308
2026-02-21 09:30:00+00:00,0,0.4103291199250057
2026-02-21 09:35:00+00:00,0,0.42166080823295743
2026-02-21 09:40:00+00:00,0,0.42312339962922163
2026-02-21 09:45:00+00:00,0,0.43200217372969163
2026-02-21 09:50:00+00:00,1,0.43679989502006294
2026-02-21 09:55:00+00:00,1,0.4427835282348902
2026-02-21 10:00:00+00:00,0,0.480265066081219
2026-02-21 10:05:00+00:00,1,0.47954566701807705
2026-02-21 10:10:00+00:00,1,0.47619711626998656
2026-02-21 10:15:00+00:00,0,0.4912875259533062
2026-02-21 10:20:00+00:00,0,0.4653662442366971
2026-02-21 10:25:00+00:00,0,0.4848353016000362
2026-02-21 10:30:00+00:00,0,0.44148022168445206
2026-02-21 10:35:00+00:00,0,0.45235530832333043
2026-02-21 10:40:00+00:00,0,0.45577849461874925
2026-02-21 10:45:00+00:00,1,0.47348700892148887
2026-02-21 10:50:00+00:00,1,0.4706617939629902
2026-02-21 10:55:00+00:00,1,0.4708654386438723
2026-02-21 11:00:00+00:00,0,0.46921837540547506
2026-02-21 11:05:00+00:00,0,0.4324424144326662
2026-02-21 11:10:00+00:00,0,0.44683873401230967
2026-02-21 11:15:00+00:00,0,0.4661749015875078
2026-02-21 11:20:00+00:00,0,0.48186299197784205
2026-02-21 11:25:00+00:00,0,0.48282509752726166
2026-02-21 11:30:00+00:00,1,0.5113274901366672
2026-02-21 11:35:00+00:00,1,0.5165370155627217
2026-02-21 11:40:00+00:00,1,0.5149601402545017
2026-02-21 11:45:00+00:00,1,0.4898321257690968
2026-02-21 11:50:00+00:00,0,0.479446583430749
2026-02-21 11:55:00+00:00,0,0.5019548905453108
2026-02-21 12:00:00+00:00,0,0.4836957482440313
2026-02-21 12:05:00+00:00,0,0.5051121373150442
2026-02-21 12:10:00+00:00,1,0.49376364225888986
2026-02-21 12:15:00+00:00,1,0.5038505952043082
2026-02-21 12:20:00+00:00,1,0.48669570617520425
2026-02-21 12:25:00+00:00,1,0.5236227658303635
2026-02-21 12:30:00+00:00,1,0.534812361945975
2026-02-21 12:35:00+00:00,1,0.5071576861120279
2026-02-21 12:40:00+00:00,1,0.49455815116578383
2026-02-21 12:45:00+00:00,0,0.478004031156019
2026-02-21 12:50:00+00:00,1,0.45379962156627807
2026-02-21 12:55:00+00:00,1,0.4721006020073383
2026-02-21 13:00:00+00:00,1,0.4574052916928399
2026-02-21 13:05:00+00:00,1,0.479804812012945
2026-02-21 13:10:00+00:00,1,0.4638155307904999
2026-02-21 13:15:00+00:00,1,0.4651801071324024
2026-02-21 13:20:00+00:00,1,0.4581550781608335
2026-02-21 13:25:00+00:00,1,0.47098639331106745
2026-02-21 13:30:00+00:00,1,0.4681176298090012
2026-02-21 13:35:00+00:00,1,0.4326725964614278
2026-02-21 13:40:00+00:00,1,0.4264339015717805
2026-02-21 13:45:00+00:00,1,0.43371233554487637
2026-02-21 13:50:00+00:00,1,0.44582747899281133
2026-02-21 13:55:00+00:00,0,0.44937325040310255
2026-02-21 14:00:00+00:00,1,0.5064410902397688
2026-02-21 14:05:00+00:00,1,0.49144113850435517
2026-02-21 14:10:00+00:00,1,0.4845588084245403
2026-02-21 14:15:00+00:00,0,0.5038374053455221
2026-02-21 14:20:00+00:00,0,0.5372585648667204
2026-02-21 14:25:00+00:00,1,0.49928576275793685
2026-02-21 14:30:00+00:00,1,0.4676466286453458
2026-02-21 14:35:00+00:00,1,0.4557309319310396
2026-02-21 14:40:00+00:00,1,0.4582068208584444
2026-02-21 14:45:00+00:00,0,0.47314290190927727
2026-02-21 14:50:00+00:00,1,0.46866653394425206
2026-02-21 14:55:00+00:00,0,0.45173995920371307
2026-02-21 15:00:00+00:00,1,0.47215479913371394
2026-02-21 15:05:00+00:00,1,0.4680313098024551
2026-02-21 15:10:00+00:00,1,0.5011744475919143
2026-02-21 15:15:00+00:00,1,0.536011988134526
2026-02-21 15:20:00+00:00,1,0.5279148309092834
2026-02-21 15:25:00+00:00,1,0.51269177943728
2026-02-21 15:30:00+00:00,0,0.4530221457953321
2026-02-21 15:35:00+00:00,0,0.4511916558774346
2026-02-21 15:40:00+00:00,0,0.43611076605278054
2026-02-21 15:45:00+00:00,0,0.4392066494439944
2026-02-21 15:50:00+00:00,1,0.4445108470878083
2026-02-21 15:55:00+00:00,1,0.44507183166800474
2026-02-21 16:00:00+00:00,0,0.46562644159748784
2026-02-21 16:05:00+00:00,0,0.45568514081023165
2026-02-21 16:10:00+00:00,0,0.44503433557235306
2026-02-21 16:15:00+00:00,0,0.4428776830685607
2026-02-21 16:20:00+00:00,0,0.443273736942167
2026-02-21 16:25:00+00:00,0,0.449897151011958
2026-02-21 16:30:00+00:00,1,0.4514986453683994
2026-02-21 16:35:00+00:00,1,0.4518262547887422
2026-02-21 16:40:00+00:00,1,0.4489154158272213
2026-02-21 16:45:00+00:00,0,0.45552173764243087
2026-02-21 16:50:00+00:00,0,0.4650677690460325
2026-02-21 16:55:00+00:00,0,0.45968653781573476
2026-02-21 17:00:00+00:00,0,0.45430586863756567
2026-02-21 17:05:00+00:00,0,0.4549885860873293
2026-02-21 17:10:00+00:00,0,0.4688902615639127
2026-02-21 17:15:00+00:00,1,0.4835062497362679
2026-02-21 17:20:00+00:00,0,0.5148240322056936
2026-02-21 17:25:00+00:00,0,0.5232945883748314
2026-02-21 17:30:00+00:00,1,0.5188458533359575
2026-02-21 17:35:00+00:00,0,0.5112908372494356
2026-02-21 17:40:00+00:00,0,0.4724826646915544
2026-02-21 17:45:00+00:00,1,0.49676132016084723
2026-02-21 17:50:00+00:00,1,0.48998655784823925
2026-02-21 17:55:00+00:00,1,0.48908130463978283
2026-02-21 18:00:00+00:00,1,0.4759046387487049
2026-02-21 18:05:00+00:00,0,0.4754273394464605
2026-02-21 18:10:00+00:00,1,0.5122061743843681
2026-02-21 18:15:00+00:00,1,0.5043096434388793
2026-02-21 18:20:00+00:00,1,0.4894174546573745
2026-02-21 18:25:00+00:00,1,0.4850953234305559
2026-02-21 18:30:00+00:00,0,0.48537576319372455
2026-02-21 18:35:00+00:00,1,0.4918489164981205
2026-02-21 18:40:00+00:00,0,0.45939367271767345
2026-02-21 18:45:00+00:00,0,0.47449927240223305
2026-02-21 18:50:00+00:00,0,0.47379202539869864
2026-02-21 18:55:00+00:00,0,0.4450914064763352
2026-02-21 19:00:00+00:00,0,0.5012035616482287
2026-02-21 19:05:00+00:00,0,0.5083158140080594
2026-02-21 19:10:00+00:00,0,0.5240885624124749
2026-02-21 19:15:00+00:00,0,0.5186339021289085
2026-02-21 19:20:00+00:00,0,0.5240526434950611
2026-02-21 19:25:00+00:00,0,0.5250702391288659
2026-02-21 19:30:00+00:00,1,0.548792465461192
2026-02-21 19:35:00+00:00,0,0.5384999355703677
2026-02-21 19:40:00+00:00,0,0.5440211642316147
2026-02-21 19:45:00+00:00,1,0.5704992438790029
2026-02-21 19:50:00+00:00,1,0.5656366143277746
2026-02-21 19:55:00+00:00,1,0.5637711124246646
2026-02-21 20:00:00+00:00,1,0.532077132817264
2026-02-21 20:05:00+00:00,0,0.5542712281020897
2026-02-21 20:10:00+00:00,0,0.5696029635574721
2026-02-21 20:15:00+00:00,0,0.5176171907736054
2026-02-21 20:20:00+00:00,0,0.5146605046038347
2026-02-21 20:25:00+00:00,0,0.514535760103666
2026-02-21 20:30:00+00:00,0,0.5268511511934111
2026-02-21 20:35:00+00:00,0,0.5327758232330321
2026-02-21 20:40:00+00:00,0,0.5277602309810854
2026-02-21 20:45:00+00:00,0,0.5250876247700728
2026-02-21 20:50:00+00:00,0,0.5438442578631867
2026-02-21 20:55:00+00:00,0,0.5372151357510131
2026-02-21 21:00:00+00:00,1,0.5352190997521679
2026-02-21 21:05:00+00:00,1,0.5232205967904587
2026-02-21 21:10:00+00:00,1,0.5328462128202446
2026-02-21 21:15:00+00:00,0,0.5333091964208972
2026-02-21 21:20:00+00:00,0,0.5340787741011417
2026-02-21 21:25:00+00:00,0,0.5164923611739209
2026-02-21 21:30:00+00:00,0,0.5170727917166614
2026-02-21 21:35:00+00:00,0,0.5085408275180665
2026-02-21 21:40:00+00:00,0,0.5056443862589451
2026-02-21 21:45:00+00:00,0,0.5183455809264335
2026-02-21 21:50:00+00:00,0,0.5278201978160569
2026-02-21 21:55:00+00:00,0,0.5137197918224662
2026-02-21 22:00:00+00:00,0,0.5120549754564434
2026-02-21 22:05:00+00:00,0,0.49359983121130746
2026-02-21 22:10:00+00:00,0,0.5209694617720037
2026-02-21 22:15:00+00:00,0,0.5083262409265666
2026-02-21 22:20:00+00:00,1,0.5184727968988718
2026-02-21 22:25:00+00:00,0,0.5085622943691301
2026-02-21 22:30:00+00:00,0,0.5101071507274455
2026-02-21 22:35:00+00:00,0,0.5146823493321508
2026-02-21 22:40:00+00:00,0,0.5202479654353951
2026-02-21 22:45:00+00:00,0,0.5090382926261345
2026-02-21 22:50:00+00:00,0,0.5061086994805434
2026-02-21 22:55:00+00:00,1,0.52195927438041
2026-02-21 23:00:00+00:00,1,0.5332598604958109
2026-02-21 23:05:00+00:00,1,0.5748007369680197
2026-02-21 23:10:00+00:00,1,0.5728284391156179
2026-02-21 23:15:00+00:00,0,0.5564316121398846
2026-02-21 23:20:00+00:00,0,0.5190895707344166
2026-02-21 23:25:00+00:00,0,0.5188481089884589
2026-02-21 23:30:00+00:00,0,0.504190517993616
2026-02-21 23:35:00+00:00,0,0.5164664264079487
2026-02-21 23:40:00+00:00,0,0.5461087100453744
2026-02-21 23:45:00+00:00,0,0.5579025307283856
2026-02-21 23:50:00+00:00,0,0.5495500956552907
2026-02-21 23:55:00+00:00,0,0.5607260121103795
2026-02-22 00:00:00+00:00,0,0.5759384892624043
2026-02-22 00:05:00+00:00,0,0.5665913530291172
2026-02-22 00:10:00+00:00,0,0.5668378967063282
2026-02-22 00:15:00+00:00,0,0.560905174090731
2026-02-22 00:20:00+00:00,0,0.5577095719611044
2026-02-22 00:25:00+00:00,0,0.5511042638173611
2026-02-22 00:30:00+00:00,0,0.5619418353275363
2026-02-22 00:35:00+00:00,1,0.5512196117574587
2026-02-22 00:40:00+00:00,1,0.5630159940752104
2026-02-22 00:45:00+00:00,1,0.5722216320570073
2026-02-22 00:50:00+00:00,1,0.577227696541238
2026-02-22 00:55:00+00:00,0,0.555507858730264
2026-02-22 01:00:00+00:00,1,0.5540369401235832
2026-02-22 01:05:00+00:00,1,0.5674891975410362
2026-02-22 01:10:00+00:00,1,0.5396194524115403
2026-02-22 01:15:00+00:00,1,0.5486375586918356
2026-02-22 01:20:00+00:00,1,0.5297111091690282
2026-02-22 01:25:00+00:00,1,0.517716762988893
2026-02-22 01:30:00+00:00,0,0.4978465458655741
2026-02-22 01:35:00+00:00,1,0.5198486504798993
2026-02-22 01:40:00+00:00,1,0.5205757062478245
2026-02-22 01:45:00+00:00,0,0.5190218754574204
2026-02-22 01:50:00+00:00,0,0.5238026787979556
2026-02-22 01:55:00+00:00,0,0.508563437408367
2026-02-22 02:00:00+00:00,0,0.5113376916030207
2026-02-22 02:05:00+00:00,0,0.4840257417003559
2026-02-22 02:10:00+00:00,0,0.4815164571007713
2026-02-22 02:15:00+00:00,0,0.4707099285446209
2026-02-22 02:20:00+00:00,0,0.4883625159339428
2026-02-22 02:25:00+00:00,0,0.4770912318443992
2026-02-22 02:30:00+00:00,0,0.49562395199690673
2026-02-22 02:35:00+00:00,1,0.4843482965721916
2026-02-22 02:40:00+00:00,1,0.47466204641516696
2026-02-22 02:45:00+00:00,0,0.5036442695172709
2026-02-22 02:50:00+00:00,0,0.4927337614795906
2026-02-22 02:55:00+00:00,0,0.5101016313198681
2026-02-22 03:00:00+00:00,0,0.5138250418035009
2026-02-22 03:05:00+00:00,0,0.4932236426568747
2026-02-22 03:10:00+00:00,0,0.5189461873567007
2026-02-22 03:15:00+00:00,1,0.5053505187558295
2026-02-22 03:20:00+00:00,1,0.5201489325960722
2026-02-22 03:25:00+00:00,1,0.5203554881837033
2026-02-22 03:30:00+00:00,1,0.5286136187349061
2026-02-22 03:35:00+00:00,1,0.5331244262923192
2026-02-22 03:40:00+00:00,1,0.5129697151796844
2026-02-22 03:45:00+00:00,0,0.5161350887836036
2026-02-22 03:50:00+00:00,0,0.5200005056620176
2026-02-22 03:55:00+00:00,0,0.4995376115701301
2026-02-22 04:00:00+00:00,0,0.47118949752819805
2026-02-22 04:05:00+00:00,0,0.5102921330749609
2026-02-22 04:10:00+00:00,0,0.48977945483717206
2026-02-22 04:15:00+00:00,0,0.4996781071199555
2026-02-22 04:20:00+00:00,1,0.5218149563987071
2026-02-22 04:25:00+00:00,1,0.4915309510213714
2026-02-22 04:30:00+00:00,1,0.5005181525586007
2026-02-22 04:35:00+00:00,1,0.49641600923940826
2026-02-22 04:40:00+00:00,1,0.4824274050731701
2026-02-22 04:45:00+00:00,1,0.48945502980252664
2026-02-22 04:50:00+00:00,0,0.4899413569963179
2026-02-22 04:55:00+00:00,0,0.49986207883729944
2026-02-22 05:00:00+00:00,0,0.5161759008570194
2026-02-22 05:05:00+00:00,0,0.518349897619566
2026-02-22 05:10:00+00:00,0,0.521881034169138
2026-02-22 05:15:00+00:00,0,0.5342951384508525
2026-02-22 05:20:00+00:00,0,0.5418017259480958
2026-02-22 05:25:00+00:00,0,0.5413866176519999
2026-02-22 05:30:00+00:00,0,0.5610593489363432
2026-02-22 05:35:00+00:00,0,0.5627838296048095
2026-02-22 05:40:00+00:00,0,0.5816382182826313
2026-02-22 05:45:00+00:00,1,0.5629422500555457
2026-02-22 05:50:00+00:00,1,0.5692600563190514
2026-02-22 05:55:00+00:00,1,0.5537176734449578
2026-02-22 06:00:00+00:00,1,0.5578185037740944
2026-02-22 06:05:00+00:00,1,0.55446272497684
2026-02-22 06:10:00+00:00,1,0.5429701905636372
2026-02-22 06:15:00+00:00,1,0.5482882657354277
2026-02-22 06:20:00+00:00,1,0.556042275724036
2026-02-22 06:25:00+00:00,0,0.4616754690186239
2026-02-22 06:30:00+00:00,0,0.4555937129867961
2026-02-22 06:35:00+00:00,0,0.482437237096844
2026-02-22 06:40:00+00:00,0,0.4788965446277053
2026-02-22 06:45:00+00:00,1,0.4753408066040362
2026-02-22 06:50:00+00:00,1,0.47669720651663394
2026-02-22 06:55:00+00:00,1,0.4653309559843203
2026-02-22 07:00:00+00:00,1,0.4683390765583077
2026-02-22 07:05:00+00:00,1,0.4704553383815771
2026-02-22 07:10:00+00:00,1,0.47569502888472875
2026-02-22 07:15:00+00:00,1,0.4623124057755193
2026-02-22 07:20:00+00:00,1,0.4779394027993053
2026-02-22 07:25:00+00:00,1,0.46659770384680693
2026-02-22 07:30:00+00:00,0,0.4597822631814157
2026-02-22 07:35:00+00:00,1,0.456041182990143
2026-02-22 07:40:00+00:00,1,0.44144087589341485
2026-02-22 07:45:00+00:00,0,0.4323477708999745
2026-02-22 07:50:00+00:00,1,0.46678824431495036
2026-02-22 07:55:00+00:00,1,0.4546950751055415
2026-02-22 08:00:00+00:00,0,0.4550133706196986
2026-02-22 08:05:00+00:00,0,0.4562858384623336
2026-02-22 08:10:00+00:00,0,0.40937679650704667
2026-02-22 08:15:00+00:00,0,0.41152495032514247
2026-02-22 08:20:00+00:00,0,0.41541458097013056
2026-02-22 08:25:00+00:00,0,0.41935963661107634
2026-02-22 08:30:00+00:00,1,0.4586441981684984
2026-02-22 08:35:00+00:00,1,0.46640621535831533
2026-02-22 08:40:00+00:00,1,0.4655083166072744
2026-02-22 08:45:00+00:00,1,0.46786121666875885
2026-02-22 08:50:00+00:00,1,0.4707934566759645
2026-02-22 08:55:00+00:00,1,0.4762253576896734
2026-02-22 09:00:00+00:00,0,0.47009787930681984
2026-02-22 09:05:00+00:00,0,0.5015550490365215
2026-02-22 09:10:00+00:00,1,0.5254130170719317
2026-02-22 09:15:00+00:00,1,0.49079320315402064
2026-02-22 09:20:00+00:00,1,0.47866448183024735
2026-02-22 09:25:00+00:00,1,0.48842846147186797
2026-02-22 09:30:00+00:00,1,0.4869225777315566
2026-02-22 09:35:00+00:00,1,0.4855535052057191
2026-02-22 09:40:00+00:00,1,0.48506326779571735
2026-02-22 09:45:00+00:00,1,0.458488423798151
2026-02-22 09:50:00+00:00,1,0.4752444551880452
2026-02-22 09:55:00+00:00,1,0.47686255479068507
2026-02-22 10:00:00+00:00,1,0.4628927499031109
2026-02-22 10:05:00+00:00,1,0.45951502923187043
2026-02-22 10:10:00+00:00,0,0.5179062944579089
2026-02-22 10:15:00+00:00,0,0.5065065862550928
2026-02-22 10:20:00+00:00,0,0.47354590827116816
2026-02-22 10:25:00+00:00,0,0.4515636887402626
2026-02-22 10:30:00+00:00,0,0.449663053368985
2026-02-22 10:35:00+00:00,0,0.46627939004533014
2026-02-22 10:40:00+00:00,0,0.5096414491492696
2026-02-22 10:45:00+00:00,1,0.5317522098653342
2026-02-22 10:50:00+00:00,1,0.5377759544240952
2026-02-22 10:55:00+00:00,1,0.5381800374239077
2026-02-22 11:00:00+00:00,0,0.5507985652221694
2026-02-22 11:05:00+00:00,0,0.5503958853389671
2026-02-22 11:10:00+00:00,0,0.5673382229016908
2026-02-22 11:15:00+00:00,0,0.5833780852527577
2026-02-22 11:20:00+00:00,0,0.5665615223203074
2026-02-22 11:25:00+00:00,0,0.5768168103774073
2026-02-22 11:30:00+00:00,0,0.5844422361686566
2026-02-22 11:35:00+00:00,0,0.5790872363494124
2026-02-22 11:40:00+00:00,0,0.5727624372222194
2026-02-22 11:45:00+00:00,0,0.5665190079329162
2026-02-22 11:50:00+00:00,0,0.5742440398880458
2026-02-22 11:55:00+00:00,0,0.555678263765086
2026-02-22 12:00:00+00:00,0,0.5335023415399168
2026-02-22 12:05:00+00:00,0,0.5376376165162089
2026-02-22 12:10:00+00:00,0,0.5329851555256949
2026-02-22 12:15:00+00:00,0,0.5373026312523982
2026-02-22 12:20:00+00:00,0,0.5339846745026635
2026-02-22 12:25:00+00:00,0,0.5296206837156349
2026-02-22 12:30:00+00:00,0,0.5214502902985276
2026-02-22 12:35:00+00:00,0,0.5266196819693022
2026-02-22 12:40:00+00:00,0,0.5606083297086729
2026-02-22 12:45:00+00:00,0,0.5772520871709481
2026-02-22 12:50:00+00:00,0,0.6041100366704151
2026-02-22 12:55:00+00:00,0,0.6025136357879228
2026-02-22 13:00:00+00:00,0,0.5840097050424041
2026-02-22 13:05:00+00:00,0,0.5209114746549327
2026-02-22 13:10:00+00:00,0,0.5378843136707068
2026-02-22 13:15:00+00:00,0,0.5092925940412093
2026-02-22 13:20:00+00:00,0,0.5295071350490378
2026-02-22 13:25:00+00:00,0,0.5322295725637961
2026-02-22 13:30:00+00:00,0,0.5411905504328098
2026-02-22 13:35:00+00:00,0,0.5343293059087242
2026-02-22 13:40:00+00:00,0,0.531978289561191
2026-02-22 13:45:00+00:00,0,0.5205548262422018
2026-02-22 13:50:00+00:00,0,0.5238788603142935
2026-02-22 13:55:00+00:00,0,0.5389411815752365
2026-02-22 14:00:00+00:00,0,0.5393642137267173
2026-02-22 14:05:00+00:00,0,0.5069412688148667
2026-02-22 14:10:00+00:00,0,0.5262526001921152
2026-02-22 14:15:00+00:00,0,0.5191182247562811
2026-02-22 14:20:00+00:00,0,0.5534276406610029
2026-02-22 14:25:00+00:00,0,0.5443724811927302
2026-02-22 14:30:00+00:00,0,0.5620531243289699
2026-02-22 14:35:00+00:00,0,0.5587435797586301
2026-02-22 14:40:00+00:00,0,0.5529776195856738
2026-02-22 14:45:00+00:00,0,0.5555264780512306
2026-02-22 14:50:00+00:00,0,0.5440220497040729
2026-02-22 14:55:00+00:00,0,0.5434044484106492
2026-02-22 15:00:00+00:00,0,0.56573850934501
2026-02-22 15:05:00+00:00,1,0.5626063187133307
2026-02-22 15:10:00+00:00,1,0.5654393859495271
2026-02-22 15:15:00+00:00,1,0.5554536249384304
2026-02-22 15:20:00+00:00,1,0.5574413322721894
2026-02-22 15:25:00+00:00,1,0.5602209710893132
2026-02-22 15:30:00+00:00,1,0.5434763524374469
2026-02-22 15:35:00+00:00,0,0.4877928817705615
2026-02-22 15:40:00+00:00,0,0.5051194708768539
2026-02-22 15:45:00+00:00,0,0.5037933182735852
2026-02-22 15:50:00+00:00,0,0.5020470562147994
2026-02-22 15:55:00+00:00,0,0.5123410112868567
2026-02-22 16:00:00+00:00,0,0.5280710934408785
2026-02-22 16:05:00+00:00,0,0.5261144922098413
2026-02-22 16:10:00+00:00,1,0.5315393941899884
2026-02-22 16:15:00+00:00,1,0.532227739656631
2026-02-22 16:20:00+00:00,1,0.5362747830145802
2026-02-22 16:25:00+00:00,1,0.520405323308455
2026-02-22 16:30:00+00:00,1,0.5032155800251842
2026-02-22 16:35:00+00:00,1,0.506548828138987
2026-02-22 16:40:00+00:00,1,0.5052834018924983
2026-02-22 16:45:00+00:00,0,0.5120261289579324
2026-02-22 16:50:00+00:00,0,0.4881026955935068
2026-02-22 16:55:00+00:00,0,0.492789440516107
2026-02-22 17:00:00+00:00,0,0.4948093305222882
2026-02-22 17:05:00+00:00,0,0.5031891161723829
2026-02-22 17:10:00+00:00,0,0.5215257249882852
2026-02-22 17:15:00+00:00,0,0.5158551372593769
2026-02-22 17:20:00+00:00,0,0.5041549643093568
2026-02-22 17:25:00+00:00,0,0.5024598618031655
2026-02-22 17:30:00+00:00,1,0.5208519280082997
2026-02-22 17:35:00+00:00,1,0.5200148724080221
2026-02-22 17:40:00+00:00,1,0.5170073329482198
2026-02-22 17:45:00+00:00,1,0.5152211215619806
2026-02-22 17:50:00+00:00,1,0.5122789999113718
2026-02-22 17:55:00+00:00,1,0.513169696880644
2026-02-22 18:00:00+00:00,1,0.5195916800073471
2026-02-22 18:05:00+00:00,1,0.5494091809685487
2026-02-22 18:10:00+00:00,1,0.5444760665960755
2026-02-22 18:15:00+00:00,1,0.5340798288911676
2026-02-22 18:20:00+00:00,1,0.5280935830062276
2026-02-22 18:25:00+00:00,0,0.527133937297607
2026-02-22 18:30:00+00:00,0,0.5163755843862635
2026-02-22 18:35:00+00:00,0,0.49761079247445267
2026-02-22 18:40:00+00:00,0,0.5147612573726361
2026-02-22 18:45:00+00:00,0,0.4983219874642456
2026-02-22 18:50:00+00:00,0,0.5222594217466525
2026-02-22 18:55:00+00:00,0,0.5205296030996447
2026-02-22 19:00:00+00:00,0,0.5302411174175244
2026-02-22 19:05:00+00:00,0,0.5326477858122937
2026-02-22 19:10:00+00:00,1,0.5524538459407071
2026-02-22 19:15:00+00:00,0,0.5606478418617125
2026-02-22 19:20:00+00:00,0,0.5417709319883219
2026-02-22 19:25:00+00:00,1,0.5418497162576658
2026-02-22 19:30:00+00:00,0,0.5509312592014292
2026-02-22 19:35:00+00:00,1,0.5289647217674461
2026-02-22 19:40:00+00:00,0,0.5276506094261231
2026-02-22 19:45:00+00:00,1,0.5104512446313978
2026-02-22 19:50:00+00:00,1,0.5219933701868497
2026-02-22 19:55:00+00:00,1,0.5289228921954741
2026-02-22 20:00:00+00:00,0,0.5614557482748889
2026-02-22 20:05:00+00:00,0,0.5331053240679234
2026-02-22 20:10:00+00:00,0,0.5061383948776574
2026-02-22 20:15:00+00:00,0,0.47762935286166486
2026-02-22 20:20:00+00:00,0,0.48171560876302544
2026-02-22 20:25:00+00:00,0,0.49918801840310334
2026-02-22 20:30:00+00:00,1,0.48828607703367066
2026-02-22 20:35:00+00:00,1,0.5240314425919911
2026-02-22 20:40:00+00:00,0,0.5224862472436556
2026-02-22 20:45:00+00:00,0,0.4807416991201671
2026-02-22 20:50:00+00:00,1,0.5254430295207537
2026-02-22 20:55:00+00:00,0,0.5265353669288256
2026-02-22 21:00:00+00:00,0,0.5314862023636768
2026-02-22 21:05:00+00:00,1,0.5325460136816773
2026-02-22 21:10:00+00:00,1,0.5297160277687294
2026-02-22 21:15:00+00:00,1,0.5308230920000064
2026-02-22 21:20:00+00:00,1,0.5336681323886724
2026-02-22 21:25:00+00:00,1,0.519834088449519
2026-02-22 21:30:00+00:00,1,0.5217760441951119
2026-02-22 21:35:00+00:00,1,0.4908297787841955
2026-02-22 21:40:00+00:00,1,0.5084861844825124
2026-02-22 21:45:00+00:00,1,0.5115044814449751
2026-02-22 21:50:00+00:00,1,0.5068605507938859
2026-02-22 21:55:00+00:00,1,0.5158346329033712
2026-02-22 22:00:00+00:00,1,0.48472211490532724
2026-02-22 22:05:00+00:00,1,0.47095058181366617
2026-02-22 22:10:00+00:00,1,0.4923379911297344
2026-02-22 22:15:00+00:00,1,0.48123646833242434
2026-02-22 22:20:00+00:00,1,0.4662034801632
2026-02-22 22:25:00+00:00,1,0.48795437901380795
2026-02-22 22:30:00+00:00,0,0.475725256804734
2026-02-22 22:35:00+00:00,0,0.4772208452877489
2026-02-22 22:40:00+00:00,0,0.4799207598173219
2026-02-22 22:45:00+00:00,0,0.4641636995808382
2026-02-22 22:50:00+00:00,0,0.470532150130378
2026-02-22 22:55:00+00:00,0,0.473692812238073
2026-02-22 23:00:00+00:00,0,0.4764887892655608
2026-02-22 23:05:00+00:00,0,0.4929084107926878
2026-02-22 23:10:00+00:00,0,0.5053828083955159
2026-02-22 23:15:00+00:00,1,0.5115461785066553
2026-02-22 23:20:00+00:00,1,0.5011712684703367
2026-02-22 23:25:00+00:00,1,0.506558531212005
2026-02-22 23:30:00+00:00,1,0.5103876337113104
2026-02-22 23:35:00+00:00,1,0.5189720294551765
2026-02-22 23:40:00+00:00,1,0.5099846360274307
2026-02-22 23:45:00+00:00,0,0.47819253472818946
2026-02-22 23:50:00+00:00,0,0.47270403534150157
2026-02-22 23:55:00+00:00,0,0.4810574782946359
2026-02-23 00:00:00+00:00,0,0.4962628610305471
2026-02-23 00:05:00+00:00,0,0.4977721721714499
2026-02-23 00:10:00+00:00,0,0.49196673687152315
2026-02-23 00:15:00+00:00,0,0.48272333262722045
2026-02-23 00:20:00+00:00,1,0.49104114992365416
2026-02-23 00:25:00+00:00,0,0.5146150874512229
2026-02-23 00:30:00+00:00,0,0.49823813169192027
2026-02-23 00:35:00+00:00,0,0.5360045808733777
2026-02-23 00:40:00+00:00,0,0.5085101605333597
2026-02-23 00:45:00+00:00,0,0.5157550108639458
2026-02-23 00:50:00+00:00,0,0.5172838156437282
2026-02-23 00:55:00+00:00,0,0.4974927488518202
2026-02-23 01:00:00+00:00,0,0.5128582965906182
2026-02-23 01:05:00+00:00,0,0.5726571509251014
2026-02-23 01:10:00+00:00,0,0.587740643382319
2026-02-23 01:15:00+00:00,0,0.5642451330711028
2026-02-23 01:20:00+00:00,0,0.5263138937096268
2026-02-23 01:25:00+00:00,0,0.5603000096516277
2026-02-23 01:30:00+00:00,0,0.5701891806336942
2026-02-23 01:35:00+00:00,0,0.5414773487624301
2026-02-23 01:40:00+00:00,0,0.5446755627815004
2026-02-23 01:45:00+00:00,0,0.5483245674619635
2026-02-23 01:50:00+00:00,0,0.5583216529112442
2026-02-23 01:55:00+00:00,1,0.5973766632851301
2026-02-23 02:00:00+00:00,1,0.5963448023767869
2026-02-23 02:05:00+00:00,0,0.5275814933743206
2026-02-23 02:10:00+00:00,1,0.5152931428116889
2026-02-23 02:15:00+00:00,1,0.5165535624120731
2026-02-23 02:20:00+00:00,1,0.5637743495800754
2026-02-23 02:25:00+00:00,0,0.5655230926900856
2026-02-23 02:30:00+00:00,1,0.5547780298725292
2026-02-23 02:35:00+00:00,1,0.5344975016896251
2026-02-23 02:40:00+00:00,1,0.5271383026894828
2026-02-23 02:45:00+00:00,1,0.5186281374967365
2026-02-23 02:50:00+00:00,1,0.512830957316442
2026-02-23 02:55:00+00:00,0,0.5092105780328492
2026-02-23 03:00:00+00:00,0,0.44913170977679184
2026-02-23 03:05:00+00:00,0,0.4150504550735591
2026-02-23 03:10:00+00:00,1,0.44226821294624274
2026-02-23 03:15:00+00:00,1,0.4475397453704698
2026-02-23 03:20:00+00:00,1,0.4512108528559717
2026-02-23 03:25:00+00:00,1,0.4693096664154251
2026-02-23 03:30:00+00:00,1,0.47335462712501325
2026-02-23 03:35:00+00:00,1,0.45024553652952015
2026-02-23 03:40:00+00:00,0,0.42198836203479984
2026-02-23 03:45:00+00:00,0,0.43897815344242797
2026-02-23 03:50:00+00:00,0,0.42813645079423573
2026-02-23 03:55:00+00:00,0,0.4505355936309408
2026-02-23 04:00:00+00:00,0,0.4576470038549328
2026-02-23 04:05:00+00:00,0,0.42441746833083044
2026-02-23 04:10:00+00:00,0,0.4526008200610762
2026-02-23 04:15:00+00:00,0,0.4394419170852531
2026-02-23 04:20:00+00:00,0,0.4570030455521045
2026-02-23 04:25:00+00:00,0,0.4527654701086578
2026-02-23 04:30:00+00:00,1,0.4551051666122153
2026-02-23 04:35:00+00:00,1,0.4511258900642334
2026-02-23 04:40:00+00:00,1,0.47482721803122613
2026-02-23 04:45:00+00:00,1,0.499743781418184
2026-02-23 04:50:00+00:00,1,0.5125411730440759
2026-02-23 04:55:00+00:00,1,0.5445988756066528
2026-02-23 05:00:00+00:00,1,0.5359081740605607
2026-02-23 05:05:00+00:00,1,0.5320802433256683
2026-02-23 05:10:00+00:00,1,0.4579851657609728
2026-02-23 05:15:00+00:00,0,0.46821495040576044
2026-02-23 05:20:00+00:00,0,0.46309163335555154
2026-02-23 05:25:00+00:00,0,0.47200191182834494
2026-02-23 05:30:00+00:00,1,0.48588371266353086
2026-02-23 05:35:00+00:00,1,0.47326960497544784
2026-02-23 05:40:00+00:00,1,0.4775170683691689
2026-02-23 05:45:00+00:00,1,0.4820521551013355
2026-02-23 05:50:00+00:00,1,0.4759048752392901
2026-02-23 05:55:00+00:00,1,0.4966467645841106
2026-02-23 06:00:00+00:00,1,0.460637813153477
2026-02-23 06:05:00+00:00,1,0.4613070467575014
2026-02-23 06:10:00+00:00,1,0.4352718639662844
2026-02-23 06:15:00+00:00,1,0.41536697268789247
2026-02-23 06:20:00+00:00,1,0.42481200012960396
2026-02-23 06:25:00+00:00,1,0.42398451130637504
2026-02-23 06:30:00+00:00,1,0.43899889476903897
2026-02-23 06:35:00+00:00,1,0.4556884056508462
2026-02-23 06:40:00+00:00,1,0.4674356764288772
2026-02-23 06:45:00+00:00,1,0.4455458074290023
2026-02-23 06:50:00+00:00,0,0.4281050569673332
2026-02-23 06:55:00+00:00,0,0.4442646060963842
2026-02-23 07:00:00+00:00,0,0.44926611839315567
2026-02-23 07:05:00+00:00,1,0.45106020881844255
2026-02-23 07:10:00+00:00,1,0.4477755126441069
2026-02-23 07:15:00+00:00,0,0.4590889105826456
2026-02-23 07:20:00+00:00,1,0.4604552224274544
2026-02-23 07:25:00+00:00,1,0.45493692931071045
2026-02-23 07:30:00+00:00,0,0.4665165265140734
2026-02-23 07:35:00+00:00,0,0.4303804954025454
2026-02-23 07:40:00+00:00,0,0.4449188069025261
2026-02-23 07:45:00+00:00,0,0.46628362350037705
2026-02-23 07:50:00+00:00,0,0.47310024659032196
2026-02-23 07:55:00+00:00,0,0.49290665425355207
2026-02-23 08:00:00+00:00,0,0.4733478141729362
2026-02-23 08:05:00+00:00,0,0.4848063813804464
2026-02-23 08:10:00+00:00,0,0.47983500639965954
2026-02-23 08:15:00+00:00,0,0.48271285957239646
2026-02-23 08:20:00+00:00,0,0.4841434456770131
2026-02-23 08:25:00+00:00,1,0.5123398407385615
2026-02-23 08:30:00+00:00,1,0.5103696263519772
2026-02-23 08:35:00+00:00,1,0.5254282597473034
2026-02-23 08:40:00+00:00,1,0.5156538523892489
2026-02-23 08:45:00+00:00,1,0.506646165350793
2026-02-23 08:50:00+00:00,1,0.5576452668417071
2026-02-23 08:55:00+00:00,1,0.4892562564169366
2026-02-23 09:00:00+00:00,1,0.47380912892795884
2026-02-23 09:05:00+00:00,1,0.44519643284549504
2026-02-23 09:10:00+00:00,1,0.45824099340996005
2026-02-23 09:15:00+00:00,1,0.46040532602458145
2026-02-23 09:20:00+00:00,1,0.46016663517923534
2026-02-23 09:25:00+00:00,1,0.4434304195326862
2026-02-23 09:30:00+00:00,1,0.43779729570299963
2026-02-23 09:35:00+00:00,0,0.4419842867026193
2026-02-23 09:40:00+00:00,0,0.44236817872254813
2026-02-23 09:45:00+00:00,0,0.44326410208104394
2026-02-23 09:50:00+00:00,0,0.4641540585787557
2026-02-23 09:55:00+00:00,0,0.45688119653937254
2026-02-23 10:00:00+00:00,1,0.47091470113326067
2026-02-23 10:05:00+00:00,1,0.45331045721162416
2026-02-23 10:10:00+00:00,1,0.4644280399112837
2026-02-23 10:15:00+00:00,0,0.4611470360093002
2026-02-23 10:20:00+00:00,0,0.4852911566178875
2026-02-23 10:25:00+00:00,0,0.508203487201784
2026-02-23 10:30:00+00:00,0,0.5051047479824788
2026-02-23 10:35:00+00:00,0,0.5075124183906436
2026-02-23 10:40:00+00:00,0,0.5029182859423896
2026-02-23 10:45:00+00:00,1,0.51027574234711
2026-02-23 10:50:00+00:00,1,0.511877547322671
2026-02-23 10:55:00+00:00,1,0.5139595493260438
2026-02-23 11:00:00+00:00,1,0.5165907509056215
2026-02-23 11:05:00+00:00,0,0.5395334052025336
2026-02-23 11:10:00+00:00,0,0.5063704635949863
2026-02-23 11:15:00+00:00,0,0.45480124326778326
2026-02-23 11:20:00+00:00,0,0.4866909129767083
2026-02-23 11:25:00+00:00,0,0.4784161446153642
2026-02-23 11:30:00+00:00,0,0.4788794106676271
2026-02-23 11:35:00+00:00,0,0.5188242992844375
2026-02-23 11:40:00+00:00,1,0.514245388488813
2026-02-23 11:45:00+00:00,1,0.4979866765354262
2026-02-23 11:50:00+00:00,1,0.49759258256173766
2026-02-23 11:55:00+00:00,1,0.48964655896145604
2026-02-23 12:00:00+00:00,0,0.5190711084555476
2026-02-23 12:05:00+00:00,1,0.49912669465791315
2026-02-23 12:10:00+00:00,1,0.5032741406467872
2026-02-23 12:15:00+00:00,1,0.5084402674483511
2026-02-23 12:20:00+00:00,1,0.5133617321968377
2026-02-23 12:25:00+00:00,1,0.5119381675470062
2026-02-23 12:30:00+00:00,1,0.5329846835067675
2026-02-23 12:35:00+00:00,0,0.4462074090003663
2026-02-23 12:40:00+00:00,0,0.48273182806848025
2026-02-23 12:45:00+00:00,0,0.4803996641504586
2026-02-23 12:50:00+00:00,0,0.4799378688795642
2026-02-23 12:55:00+00:00,0,0.4784405839887798
2026-02-23 13:00:00+00:00,0,0.4626814959701421
2026-02-23 13:05:00+00:00,0,0.48383332389790884
2026-02-23 13:10:00+00:00,1,0.4974024246142485
2026-02-23 13:15:00+00:00,1,0.5032603091937279
2026-02-23 13:20:00+00:00,1,0.49870384328974204
2026-02-23 13:25:00+00:00,0,0.5055540431112325
2026-02-23 13:30:00+00:00,0,0.5031974819865873
2026-02-23 13:35:00+00:00,0,0.4965985498415143
2026-02-23 13:40:00+00:00,0,0.4610203220461702
2026-02-23 13:45:00+00:00,0,0.48869415692391227
2026-02-23 13:50:00+00:00,0,0.4721407737051024
2026-02-23 13:55:00+00:00,0,0.5088730583100656
2026-02-23 14:00:00+00:00,0,0.5114260202970392
2026-02-23 14:05:00+00:00,0,0.5021839798402488
2026-02-23 14:10:00+00:00,0,0.4911986349390259
2026-02-23 14:15:00+00:00,0,0.47655586311297954
2026-02-23 14:20:00+00:00,1,0.4950210838988132
2026-02-23 14:25:00+00:00,1,0.512676534964099
2026-02-23 14:30:00+00:00,0,0.47540968779506126
2026-02-23 14:35:00+00:00,0,0.47545778834165725
2026-02-23 14:40:00+00:00,0,0.48387068160680435
2026-02-23 14:45:00+00:00,1,0.49937293794065546
2026-02-23 14:50:00+00:00,0,0.4624228096240538
2026-02-23 14:55:00+00:00,0,0.4806770414643577
2026-02-23 15:00:00+00:00,0,0.49630984834476777
2026-02-23 15:05:00+00:00,0,0.4967503888445997
2026-02-23 15:10:00+00:00,0,0.49195929291698426
2026-02-23 15:15:00+00:00,0,0.4841556758481307
2026-02-23 15:20:00+00:00,0,0.49275210738164393
2026-02-23 15:25:00+00:00,0,0.5162659095196372
2026-02-23 15:30:00+00:00,0,0.5147981477438712
2026-02-23 15:35:00+00:00,0,0.5099067221860625
2026-02-23 15:40:00+00:00,0,0.5127921917104798
2026-02-23 15:45:00+00:00,0,0.5186400009372554
2026-02-23 15:50:00+00:00,0,0.5253870654737205
2026-02-23 15:55:00+00:00,1,0.5187044697356834
2026-02-23 16:00:00+00:00,1,0.5153123669451428
2026-02-23 16:05:00+00:00,1,0.5039138674118866
2026-02-23 16:10:00+00:00,1,0.5091943810669253
2026-02-23 16:15:00+00:00,0,0.5044610870877199
2026-02-23 16:20:00+00:00,0,0.5178710344731651
2026-02-23 16:25:00+00:00,0,0.5164580136076604
2026-02-23 16:30:00+00:00,0,0.5271660242212742
2026-02-23 16:35:00+00:00,0,0.5362500384864203
2026-02-23 16:40:00+00:00,0,0.5372480820284564
2026-02-23 16:45:00+00:00,0,0.5375056230514165
2026-02-23 16:50:00+00:00,0,0.5444627866310229
2026-02-23 16:55:00+00:00,0,0.5317064924080419
2026-02-23 17:00:00+00:00,0,0.5514152767204809
2026-02-23 17:05:00+00:00,0,0.5508677005719164
2026-02-23 17:10:00+00:00,0,0.5540281479998135
2026-02-23 17:15:00+00:00,0,0.5544434630341866
2026-02-23 17:20:00+00:00,0,0.5398542204020692
2026-02-23 17:25:00+00:00,1,0.5526082903812767
2026-02-23 17:30:00+00:00,1,0.5682524756215748
2026-02-23 17:35:00+00:00,1,0.5453778209057384
2026-02-23 17:40:00+00:00,1,0.4984092176461031
2026-02-23 17:45:00+00:00,1,0.4960019920317699
2026-02-23 17:50:00+00:00,1,0.5034104192285479
2026-02-23 17:55:00+00:00,1,0.5215281466761016
2026-02-23 18:00:00+00:00,1,0.5535014962094587
2026-02-23 18:05:00+00:00,1,0.5411025528434161
2026-02-23 18:10:00+00:00,1,0.5306682088099043
2026-02-23 18:15:00+00:00,1,0.5343648053064319
2026-02-23 18:20:00+00:00,0,0.537107170631773
2026-02-23 18:25:00+00:00,0,0.5234806619700241
2026-02-23 18:30:00+00:00,0,0.49102743384034797
2026-02-23 18:35:00+00:00,0,0.4736653360520874
2026-02-23 18:40:00+00:00,0,0.48531431084503046
2026-02-23 18:45:00+00:00,0,0.47769983622766177
2026-02-23 18:50:00+00:00,0,0.5138854826607435
2026-02-23 18:55:00+00:00,0,0.5497815672827795
2026-02-23 19:00:00+00:00,0,0.5455954490090937
2026-02-23 19:05:00+00:00,0,0.5376807073588947
2026-02-23 19:10:00+00:00,0,0.5153535733045502
2026-02-23 19:15:00+00:00,0,0.5104599695033779
2026-02-23 19:20:00+00:00,0,0.5166469093609549
2026-02-23 19:25:00+00:00,0,0.48475709465119887
2026-02-23 19:30:00+00:00,1,0.4924880732804187
2026-02-23 19:35:00+00:00,0,0.49469032114110234
2026-02-23 19:40:00+00:00,0,0.47568665468343546
2026-02-23 19:45:00+00:00,1,0.48455724823175056
2026-02-23 19:50:00+00:00,0,0.4904238701486984
2026-02-23 19:55:00+00:00,0,0.49787571532711367
2026-02-23 20:00:00+00:00,1,0.5156138734035737
2026-02-23 20:05:00+00:00,1,0.5132751203232622
2026-02-23 20:10:00+00:00,1,0.5055710521885408
2026-02-23 20:15:00+00:00,1,0.48564762998628974
2026-02-23 20:20:00+00:00,1,0.48509854153887577
2026-02-23 20:25:00+00:00,1,0.4932119879583839
2026-02-23 20:30:00+00:00,1,0.5027120388646743
2026-02-23 20:35:00+00:00,1,0.4828372420036955
2026-02-23 20:40:00+00:00,1,0.47654931012355495
2026-02-23 20:45:00+00:00,1,0.484788341121579
2026-02-23 20:50:00+00:00,1,0.4797787383251374
2026-02-23 20:55:00+00:00,1,0.4670682561421252
2026-02-23 21:00:00+00:00,1,0.46467669482550633
2026-02-23 21:05:00+00:00,1,0.48757097877206773
2026-02-23 21:10:00+00:00,1,0.49657080338726384
2026-02-23 21:15:00+00:00,1,0.4826797971293356
2026-02-23 21:20:00+00:00,1,0.4541064748178223
2026-02-23 21:25:00+00:00,1,0.4829061817892508
2026-02-23 21:30:00+00:00,1,0.5038844761066017
2026-02-23 21:35:00+00:00,1,0.5193495964857661
2026-02-23 21:40:00+00:00,1,0.5111349426672215
2026-02-23 21:45:00+00:00,1,0.48864022294308435
2026-02-23 21:50:00+00:00,1,0.5228860497698692
2026-02-23 21:55:00+00:00,1,0.5127933343365829
2026-02-23 22:00:00+00:00,1,0.49488079777957383
2026-02-23 22:05:00+00:00,1,0.4976224490528441
2026-02-23 22:10:00+00:00,1,0.4651410326141543
2026-02-23 22:15:00+00:00,0,0.42802886209194707
2026-02-23 22:20:00+00:00,0,0.42948015101503983
2026-02-23 22:25:00+00:00,0,0.45258990363862595
2026-02-23 22:30:00+00:00,0,0.44303059364671354
2026-02-23 22:35:00+00:00,0,0.48254961001416424
2026-02-23 22:40:00+00:00,0,0.4860408584763636
2026-02-23 22:45:00+00:00,0,0.4830874059949018
2026-02-23 22:50:00+00:00,0,0.49735727650187544
2026-02-23 22:55:00+00:00,0,0.4804720180545945
2026-02-23 23:00:00+00:00,0,0.4780138702060623
2026-02-23 23:05:00+00:00,0,0.46837843444995075
2026-02-23 23:10:00+00:00,0,0.47669260121439344
2026-02-23 23:15:00+00:00,0,0.4785051484105095
2026-02-23 23:20:00+00:00,0,0.4999586800421429
2026-02-23 23:25:00+00:00,0,0.4989995016551882
2026-02-23 23:30:00+00:00,1,0.5166194151696457
2026-02-23 23:35:00+00:00,1,0.5218356092633375
2026-02-23 23:40:00+00:00,1,0.5305184318405768
2026-02-23 23:45:00+00:00,1,0.48146281999520363
2026-02-23 23:50:00+00:00,1,0.4960333910099526
2026-02-23 23:55:00+00:00,1,0.5002603078096407
2026-02-24 00:00:00+00:00,1,0.4953426211558515
2026-02-24 00:05:00+00:00,1,0.49854552894059884
2026-02-24 00:10:00+00:00,1,0.507490141545099
2026-02-24 00:15:00+00:00,1,0.50081819023536
2026-02-24 00:20:00+00:00,1,0.5126519542465339
2026-02-24 00:25:00+00:00,1,0.4811903105787948
2026-02-24 00:30:00+00:00,1,0.4770185300010938
2026-02-24 00:35:00+00:00,0,0.4912021197574302
2026-02-24 00:40:00+00:00,0,0.467756462231196
2026-02-24 00:45:00+00:00,0,0.45912018458992576
2026-02-24 00:50:00+00:00,0,0.4448974980434519
2026-02-24 00:55:00+00:00,0,0.42334845440974034
2026-02-24 01:00:00+00:00,1,0.4679870951473086
2026-02-24 01:05:00+00:00,0,0.5015331020313681
2026-02-24 01:10:00+00:00,1,0.4877110262564925
2026-02-24 01:15:00+00:00,1,0.5140376279684511
2026-02-24 01:20:00+00:00,1,0.45966447014657175
2026-02-24 01:25:00+00:00,0,0.4482694228735152
2026-02-24 01:30:00+00:00,0,0.46290303908006364
2026-02-24 01:35:00+00:00,0,0.4957593342258506
2026-02-24 01:40:00+00:00,0,0.4870523603887036
2026-02-24 01:45:00+00:00,0,0.47777293669615994
2026-02-24 01:50:00+00:00,0,0.4831951649222044
2026-02-24 01:55:00+00:00,1,0.5049863789382802
2026-02-24 02:00:00+00:00,1,0.5160388661568579
2026-02-24 02:05:00+00:00,1,0.5211556959708772
2026-02-24 02:10:00+00:00,0,0.5190806319905206
2026-02-24 02:15:00+00:00,0,0.5222210970694907
2026-02-24 02:20:00+00:00,0,0.5128640932871891
2026-02-24 02:25:00+00:00,0,0.5086932414739479
2026-02-24 02:30:00+00:00,0,0.5088657541667257
2026-02-24 02:35:00+00:00,0,0.5035908962396695
2026-02-24 02:40:00+00:00,0,0.516776161348751
2026-02-24 02:45:00+00:00,0,0.4986294965838139
2026-02-24 02:50:00+00:00,0,0.505586165161167
2026-02-24 02:55:00+00:00,0,0.5057616087311851
2026-02-24 03:00:00+00:00,0,0.5121915423272326
2026-02-24 03:05:00+00:00,0,0.5230905316422789
2026-02-24 03:10:00+00:00,0,0.5130697622894748
2026-02-24 03:15:00+00:00,0,0.49914721956479274
2026-02-24 03:20:00+00:00,0,0.5092742227216771
2026-02-24 03:25:00+00:00,0,0.5217059013583016
2026-02-24 03:30:00+00:00,0,0.5114007676726386
2026-02-24 03:35:00+00:00,0,0.5151860719202793
2026-02-24 03:40:00+00:00,0,0.5061750051996292
2026-02-24 03:45:00+00:00,0,0.5078689274429871
2026-02-24 03:50:00+00:00,0,0.5169732384477242
2026-02-24 03:55:00+00:00,0,0.5133759166261851
2026-02-24 04:00:00+00:00,0,0.5167240429822495
2026-02-24 04:05:00+00:00,0,0.539842000265733
2026-02-24 04:10:00+00:00,1,0.5215464067263585
2026-02-24 04:15:00+00:00,1,0.5352073064833641
2026-02-24 04:20:00+00:00,0,0.5260925213805748
2026-02-24 04:25:00+00:00,0,0.527332572319245
2026-02-24 04:30:00+00:00,1,0.5246244228302579
2026-02-24 04:35:00+00:00,1,0.5187996819099208
2026-02-24 04:40:00+00:00,1,0.5280887737515262
2026-02-24 04:45:00+00:00,0,0.5373260924132698
2026-02-24 04:50:00+00:00,0,0.5372124179459365
2026-02-24 04:55:00+00:00,0,0.5129256272371485
2026-02-24 05:00:00+00:00,0,0.5070909656274469
2026-02-24 05:05:00+00:00,0,0.506417613112644
2026-02-24 05:10:00+00:00,0,0.4999003121655227
2026-02-24 05:15:00+00:00,0,0.5232979275723014
2026-02-24 05:20:00+00:00,1,0.5473611001903489
2026-02-24 05:25:00+00:00,0,0.5379583164325796
2026-02-24 05:30:00+00:00,0,0.5122483703328524
2026-02-24 05:35:00+00:00,1,0.490715131798048
2026-02-24 05:40:00+00:00,0,0.4902629653588689
2026-02-24 05:45:00+00:00,1,0.4921917578525437
2026-02-24 05:50:00+00:00,1,0.5044274856849602
2026-02-24 05:55:00+00:00,1,0.4871290408283291
2026-02-24 06:00:00+00:00,1,0.47761677310080897
2026-02-24 06:05:00+00:00,1,0.49742002095615473
2026-02-24 06:10:00+00:00,1,0.5144832091636012
2026-02-24 06:15:00+00:00,1,0.506349495825077
2026-02-24 06:20:00+00:00,0,0.48508356550417403
2026-02-24 06:25:00+00:00,0,0.47875987797516506
2026-02-24 06:30:00+00:00,0,0.49083482466771977
2026-02-24 06:35:00+00:00,1,0.492333362944781
2026-02-24 06:40:00+00:00,1,0.4665024927875281
2026-02-24 06:45:00+00:00,1,0.48328511146668807
2026-02-24 06:50:00+00:00,1,0.5041525940622414
2026-02-24 06:55:00+00:00,1,0.5102228625865743
2026-02-24 07:00:00+00:00,1,0.5025259527881604
2026-02-24 07:05:00+00:00,1,0.47807183327265224
2026-02-24 07:10:00+00:00,0,0.4707461687970179
2026-02-24 07:15:00+00:00,0,0.47864999299816924
2026-02-24 07:20:00+00:00,0,0.44499155056418527
2026-02-24 07:25:00+00:00,0,0.44933492632939676
2026-02-24 07:30:00+00:00,0,0.46521195262585285
2026-02-24 07:35:00+00:00,0,0.472360668003102
2026-02-24 07:40:00+00:00,1,0.4871566866235191
2026-02-24 07:45:00+00:00,1,0.4817566317770519
2026-02-24 07:50:00+00:00,1,0.4883086950870885
2026-02-24 07:55:00+00:00,1,0.4570594183783943
2026-02-24 08:00:00+00:00,1,0.45381039090721703
2026-02-24 08:05:00+00:00,1,0.416441907778815
2026-02-24 08:10:00+00:00,1,0.4433708449595788
2026-02-24 08:15:00+00:00,1,0.4475512463394151
2026-02-24 08:20:00+00:00,1,0.45784099987216603
2026-02-24 08:25:00+00:00,1,0.46378984259802564
2026-02-24 08:30:00+00:00,0,0.43931024627529863
2026-02-24 08:35:00+00:00,0,0.42859767476736643
2026-02-24 08:40:00+00:00,0,0.435390595520647
2026-02-24 08:45:00+00:00,0,0.41875899176940035
2026-02-24 08:50:00+00:00,0,0.4250059285837378
2026-02-24 08:55:00+00:00,0,0.42187996784857773
2026-02-24 09:00:00+00:00,0,0.44827556136147995
2026-02-24 09:05:00+00:00,0,0.47040879069790376
2026-02-24 09:10:00+00:00,0,0.45264669717023
2026-02-24 09:15:00+00:00,1,0.46273421460388015
2026-02-24 09:20:00+00:00,1,0.4720153808239926
2026-02-24 09:25:00+00:00,1,0.473884955314036
2026-02-24 09:30:00+00:00,1,0.4719868026939152
2026-02-24 09:35:00+00:00,1,0.4670931763979636
2026-02-24 09:40:00+00:00,0,0.46331346701553305
2026-02-24 09:45:00+00:00,0,0.46291477044435225
2026-02-24 09:50:00+00:00,1,0.4628149442261067
2026-02-24 09:55:00+00:00,0,0.44757540683103286
2026-02-24 10:00:00+00:00,0,0.4563882065192457
2026-02-24 10:05:00+00:00,0,0.44626474367314917
2026-02-24 10:10:00+00:00,0,0.45866095453892763
2026-02-24 10:15:00+00:00,0,0.4343408201528918
2026-02-24 10:20:00+00:00,0,0.44751263419578624
2026-02-24 10:25:00+00:00,0,0.43876253870308585
2026-02-24 10:30:00+00:00,0,0.46333761220458997
2026-02-24 10:35:00+00:00,0,0.47874654413415957
2026-02-24 10:40:00+00:00,0,0.46997092040825833
2026-02-24 10:45:00+00:00,0,0.49417472318764666
2026-02-24 10:50:00+00:00,0,0.5053562907413371
2026-02-24 10:55:00+00:00,0,0.5046116376039879
2026-02-24 11:00:00+00:00,1,0.5184869442367473
2026-02-24 11:05:00+00:00,1,0.5342255812834221
2026-02-24 11:10:00+00:00,1,0.4914345869376705
2026-02-24 11:15:00+00:00,1,0.45848784220398836
2026-02-24 11:20:00+00:00,1,0.501278270956072
2026-02-24 11:25:00+00:00,1,0.49519946115704155
2026-02-24 11:30:00+00:00,1,0.506926630858526
2026-02-24 11:35:00+00:00,1,0.5020435146015881
2026-02-24 11:40:00+00:00,1,0.5183659668337898
2026-02-24 11:45:00+00:00,1,0.5055387349306619
2026-02-24 11:50:00+00:00,1,0.47402651595448714
2026-02-24 11:55:00+00:00,1,0.4817175582557417
2026-02-24 12:00:00+00:00,1,0.5022186150524507
2026-02-24 12:05:00+00:00,0,0.5214527398536554
2026-02-24 12:10:00+00:00,0,0.5014020333925914
2026-02-24 12:15:00+00:00,0,0.5199508064891679
2026-02-24 12:20:00+00:00,0,0.5202711851626617
2026-02-24 12:25:00+00:00,0,0.5129898918952156
2026-02-24 12:30:00+00:00,0,0.5241079546291537
2026-02-24 12:35:00+00:00,1,0.5245484749010447
2026-02-24 12:40:00+00:00,1,0.5205615913718914
2026-02-24 12:45:00+00:00,1,0.5103285661271101
2026-02-24 12:50:00+00:00,1,0.5035699540377907
2026-02-24 12:55:00+00:00,0,0.5020522989174435
2026-02-24 13:00:00+00:00,0,0.49079702240348405
2026-02-24 13:05:00+00:00,0,0.4431949800865505
2026-02-24 13:10:00+00:00,0,0.48284137837243124
2026-02-24 13:15:00+00:00,0,0.47078152001523443
2026-02-24 13:20:00+00:00,1,0.48942269510071906
2026-02-24 13:25:00+00:00,1,0.5195655897805306
2026-02-24 13:30:00+00:00,1,0.509024130558141
2026-02-24 13:35:00+00:00,1,0.4965359181767863
2026-02-24 13:40:00+00:00,1,0.48986524208858906
2026-02-24 13:45:00+00:00,1,0.49395597904722216
2026-02-24 13:50:00+00:00,0,0.47417767617845585
2026-02-24 13:55:00+00:00,0,0.504506149154581
2026-02-24 14:00:00+00:00,0,0.5068393883932852
2026-02-24 14:05:00+00:00,1,0.4960582927085136
2026-02-24 14:10:00+00:00,1,0.5030808066049567
2026-02-24 14:15:00+00:00,1,0.5018604659123149
2026-02-24 14:20:00+00:00,1,0.5140605331363054
2026-02-24 14:25:00+00:00,1,0.5125855692820652
2026-02-24 14:30:00+00:00,1,0.5180981323787539
2026-02-24 14:35:00+00:00,1,0.48250998892357105
2026-02-24 14:40:00+00:00,1,0.4613498470009017
2026-02-24 14:45:00+00:00,1,0.4688793999012105
2026-02-24 14:50:00+00:00,1,0.48662322324346524
2026-02-24 14:55:00+00:00,1,0.46501042192960285
2026-02-24 15:00:00+00:00,1,0.45426498209837335
2026-02-24 15:05:00+00:00,1,0.4706901132611022
2026-02-24 15:10:00+00:00,1,0.48258604211396433
2026-02-24 15:15:00+00:00,1,0.4668067630449232
2026-02-24 15:20:00+00:00,0,0.4614911001601769
2026-02-24 15:25:00+00:00,0,0.4515790623677617
2026-02-24 15:30:00+00:00,1,0.4738128833694391
2026-02-24 15:35:00+00:00,1,0.4800745899322417
2026-02-24 15:40:00+00:00,1,0.48489613747995436
2026-02-24 15:45:00+00:00,1,0.4951163651401857
2026-02-24 15:50:00+00:00,1,0.4906460931775525
2026-02-24 15:55:00+00:00,1,0.4908226560070422
2026-02-24 16:00:00+00:00,0,0.45765297042919223
2026-02-24 16:05:00+00:00,0,0.45747645634230183
2026-02-24 16:10:00+00:00,0,0.44075268459295625
2026-02-24 16:15:00+00:00,0,0.4553698250003164
2026-02-24 16:20:00+00:00,0,0.46123961812743436
2026-02-24 16:25:00+00:00,1,0.4697269890726519
2026-02-24 16:30:00+00:00,1,0.4771904975166123
2026-02-24 16:35:00+00:00,1,0.47649575956371326
2026-02-24 16:40:00+00:00,1,0.4775681659511
2026-02-24 16:45:00+00:00,1,0.4851951550187016
2026-02-24 16:50:00+00:00,1,0.4926077384894159
2026-02-24 16:55:00+00:00,0,0.46214176749370944
2026-02-24 17:00:00+00:00,1,0.4591364588353745
2026-02-24 17:05:00+00:00,1,0.48289914850855115
2026-02-24 17:10:00+00:00,0,0.46445077786091504
2026-02-24 17:15:00+00:00,1,0.47624393033180845
2026-02-24 17:20:00+00:00,0,0.4914884353270967
2026-02-24 17:25:00+00:00,1,0.4858756178973538
2026-02-24 17:30:00+00:00,1,0.4839260499072623
2026-02-24 17:35:00+00:00,1,0.48172578790612747
2026-02-24 17:40:00+00:00,0,0.47603582312387666
2026-02-24 17:45:00+00:00,1,0.46085683341546785
2026-02-24 17:50:00+00:00,1,0.46090167865904436
2026-02-24 17:55:00+00:00,1,0.4534862098695225
2026-02-24 18:00:00+00:00,1,0.4390002409022374
2026-02-24 18:05:00+00:00,1,0.4677153888247803
2026-02-24 18:10:00+00:00,1,0.5026374427801691
2026-02-24 18:15:00+00:00,1,0.48442532945106137
2026-02-24 18:20:00+00:00,0,0.4950399058890768
2026-02-24 18:25:00+00:00,0,0.4926537702302049
2026-02-24 18:30:00+00:00,0,0.4881237106467812
2026-02-24 18:35:00+00:00,0,0.4863952164121147
2026-02-24 18:40:00+00:00,0,0.4821137762694166
2026-02-24 18:45:00+00:00,0,0.49418793992310145
2026-02-24 18:50:00+00:00,0,0.4890674373897939
2026-02-24 18:55:00+00:00,1,0.48974954442742674
2026-02-24 19:00:00+00:00,0,0.48593452455754277
2026-02-24 19:05:00+00:00,0,0.4657837486572365
2026-02-24 19:10:00+00:00,1,0.49129845441471853
2026-02-24 19:15:00+00:00,1,0.5031156921336265
2026-02-24 19:20:00+00:00,1,0.48083785142586755
2026-02-24 19:25:00+00:00,1,0.5049517185911462
2026-02-24 19:30:00+00:00,1,0.5248974642846767
2026-02-24 19:35:00+00:00,0,0.5044898643566493
2026-02-24 19:40:00+00:00,0,0.4865442896643335
2026-02-24 19:45:00+00:00,0,0.47494235186020334
2026-02-24 19:50:00+00:00,0,0.4721166428426583
2026-02-24 19:55:00+00:00,0,0.4712677539160404
2026-02-24 20:00:00+00:00,0,0.4833380938034817
2026-02-24 20:05:00+00:00,1,0.4980839734207205
2026-02-24 20:10:00+00:00,1,0.47167326155447103
2026-02-24 20:15:00+00:00,0,0.4676273282503154
2026-02-24 20:20:00+00:00,0,0.4595295047903509
2026-02-24 20:25:00+00:00,0,0.4689531264461445
2026-02-24 20:30:00+00:00,0,0.4811762474959115
2026-02-24 20:35:00+00:00,0,0.4834469427592923
2026-02-24 20:40:00+00:00,0,0.4864880263858085
2026-02-24 20:45:00+00:00,0,0.5068225755595237
2026-02-24 20:50:00+00:00,0,0.49516990348283463
2026-02-24 20:55:00+00:00,0,0.5060655086335926
2026-02-24 21:00:00+00:00,0,0.5170144080943442
2026-02-24 21:05:00+00:00,1,0.5118767669220989
2026-02-24 21:10:00+00:00,0,0.506810363242736
2026-02-24 21:15:00+00:00,1,0.5145338375139549
2026-02-24 21:20:00+00:00,1,0.5168831268143539
2026-02-24 21:25:00+00:00,1,0.5320456387793009
2026-02-24 21:30:00+00:00,1,0.5186838063699493
2026-02-24 21:35:00+00:00,1,0.5199709924753949
2026-02-24 21:40:00+00:00,1,0.5191762564228762
2026-02-24 21:45:00+00:00,1,0.5171635973779786
2026-02-24 21:50:00+00:00,1,0.5045149886727448
2026-02-24 21:55:00+00:00,1,0.508859732427385
2026-02-24 22:00:00+00:00,0,0.49450400073204365
2026-02-24 22:05:00+00:00,0,0.501642474466877
2026-02-24 22:10:00+00:00,0,0.49717556903888827
2026-02-24 22:15:00+00:00,0,0.5103780446564422
2026-02-24 22:20:00+00:00,0,0.5185717719433199
2026-02-24 22:25:00+00:00,0,0.517245126526098
2026-02-24 22:30:00+00:00,0,0.509655610563819
2026-02-24 22:35:00+00:00,0,0.510876442225342
2026-02-24 22:40:00+00:00,0,0.5096437908015627
2026-02-24 22:45:00+00:00,0,0.5097294559561838
2026-02-24 22:50:00+00:00,1,0.5090406065059443
2026-02-24 22:55:00+00:00,0,0.51252289054325
2026-02-24 23:00:00+00:00,1,0.513909279917826
2026-02-24 23:05:00+00:00,1,0.4978010348421215
2026-02-24 23:10:00+00:00,1,0.513658318805148
2026-02-24 23:15:00+00:00,0,0.49131657560630154
2026-02-24 23:20:00+00:00,0,0.5068385240522914
2026-02-24 23:25:00+00:00,0,0.5097464049332165
2026-02-24 23:30:00+00:00,0,0.5063934110089752
2026-02-24 23:35:00+00:00,0,0.5170114554751373
2026-02-24 23:40:00+00:00,0,0.5090226808968201
2026-02-24 23:45:00+00:00,0,0.5244207240297359
2026-02-24 23:50:00+00:00,0,0.5304845916516833
2026-02-24 23:55:00+00:00,0,0.5202874166466261
2026-02-25 00:00:00+00:00,0,0.5310348903536292
2026-02-25 00:05:00+00:00,1,0.5539561836099062
2026-02-25 00:10:00+00:00,1,0.5256992265262354
2026-02-25 00:15:00+00:00,1,0.5110464444194263
2026-02-25 00:20:00+00:00,1,0.530410742384762
2026-02-25 00:25:00+00:00,1,0.5369711623554949
2026-02-25 00:30:00+00:00,1,0.5267994581390415
2026-02-25 00:35:00+00:00,1,0.5254863928732478
2026-02-25 00:40:00+00:00,1,0.5104562063804616
2026-02-25 00:45:00+00:00,1,0.519590287788763
2026-02-25 00:50:00+00:00,1,0.4914967154231665
2026-02-25 00:55:00+00:00,1,0.503223388113197
2026-02-25 01:00:00+00:00,1,0.48924158060252404
2026-02-25 01:05:00+00:00,1,0.45459080557787623
2026-02-25 01:10:00+00:00,0,0.5528174085172274
2026-02-25 01:15:00+00:00,0,0.5567351858958564
2026-02-25 01:20:00+00:00,0,0.5580054275906738
2026-02-25 01:25:00+00:00,0,0.5832216423041215
2026-02-25 01:30:00+00:00,1,0.5811958727505085
2026-02-25 01:35:00+00:00,1,0.5790286419261834
2026-02-25 01:40:00+00:00,1,0.5351907958409021
2026-02-25 01:45:00+00:00,1,0.5603876740208571
2026-02-25 01:50:00+00:00,1,0.519703752603405
2026-02-25 01:55:00+00:00,1,0.5268521522366608
2026-02-25 02:00:00+00:00,1,0.48059794670675693
2026-02-25 02:05:00+00:00,1,0.4747906116527534
2026-02-25 02:10:00+00:00,0,0.5519695419782537
2026-02-25 02:15:00+00:00,0,0.5430840965231988
2026-02-25 02:20:00+00:00,0,0.4693703152307808
2026-02-25 02:25:00+00:00,0,0.4191618302054404
2026-02-25 02:30:00+00:00,0,0.4072891966541961
2026-02-25 02:35:00+00:00,0,0.44199486498970847
2026-02-25 02:40:00+00:00,0,0.4381216550454142
2026-02-25 02:45:00+00:00,0,0.44403447449376154
2026-02-25 02:50:00+00:00,0,0.44676026561117005
2026-02-25 02:55:00+00:00,0,0.47254340013970564
2026-02-25 03:00:00+00:00,0,0.5072285049015078
2026-02-25 03:05:00+00:00,0,0.48173762413810906
2026-02-25 03:10:00+00:00,0,0.4963726469221351
2026-02-25 03:15:00+00:00,0,0.476943255051708
2026-02-25 03:20:00+00:00,0,0.5206159348559238
2026-02-25 03:25:00+00:00,0,0.5248495335767123
2026-02-25 03:30:00+00:00,0,0.5225713531222851
2026-02-25 03:35:00+00:00,0,0.5272114293371745
2026-02-25 03:40:00+00:00,1,0.5224584998843477
2026-02-25 03:45:00+00:00,1,0.5174075692892811
2026-02-25 03:50:00+00:00,1,0.5019441541423753
2026-02-25 03:55:00+00:00,1,0.49271563864723167
2026-02-25 04:00:00+00:00,1,0.5143929578894814
2026-02-25 04:05:00+00:00,1,0.5059993977430917
2026-02-25 04:10:00+00:00,1,0.48524508518776577
2026-02-25 04:15:00+00:00,1,0.48160663300720763
2026-02-25 04:20:00+00:00,1,0.47544734194360844
2026-02-25 04:25:00+00:00,1,0.4677224565298914
2026-02-25 04:30:00+00:00,1,0.45514462724088195
2026-02-25 04:35:00+00:00,0,0.44602305190105784
2026-02-25 04:40:00+00:00,0,0.45614480131178237
2026-02-25 04:45:00+00:00,0,0.45178247810030964
2026-02-25 04:50:00+00:00,0,0.4800818151683174
2026-02-25 04:55:00+00:00,0,0.47221373699479796
2026-02-25 05:00:00+00:00,0,0.46000320476289763
2026-02-25 05:05:00+00:00,0,0.5073411730931476
2026-02-25 05:10:00+00:00,0,0.523462213509914
2026-02-25 05:15:00+00:00,0,0.518183271283083
2026-02-25 05:20:00+00:00,0,0.5255727846536048
2026-02-25 05:25:00+00:00,0,0.5352275353838123
2026-02-25 05:30:00+00:00,1,0.527152733477677
2026-02-25 05:35:00+00:00,1,0.5288259460852472
2026-02-25 05:40:00+00:00,1,0.525209406002183
2026-02-25 05:45:00+00:00,1,0.49057437869522097
2026-02-25 05:50:00+00:00,1,0.4893888273829596
2026-02-25 05:55:00+00:00,1,0.4920175064090988
2026-02-25 06:00:00+00:00,1,0.49175945056691417
2026-02-25 06:05:00+00:00,1,0.47981825956392316
2026-02-25 06:10:00+00:00,1,0.47778420869786337
2026-02-25 06:15:00+00:00,1,0.4834291424000833
2026-02-25 06:20:00+00:00,0,0.47269355321792234
2026-02-25 06:25:00+00:00,0,0.4652482804239228
2026-02-25 06:30:00+00:00,0,0.4814529197350045
2026-02-25 06:35:00+00:00,0,0.45770246162346606
2026-02-25 06:40:00+00:00,0,0.4706361566847537
2026-02-25 06:45:00+00:00,1,0.4829860274084921
2026-02-25 06:50:00+00:00,1,0.49984648990230535
2026-02-25 06:55:00+00:00,1,0.4928092920737049
2026-02-25 07:00:00+00:00,1,0.48551299118363445
2026-02-25 07:05:00+00:00,1,0.5130613182422886
2026-02-25 07:10:00+00:00,1,0.5193316918557276
2026-02-25 07:15:00+00:00,0,0.5047671228674749
2026-02-25 07:20:00+00:00,1,0.5273314045573884
2026-02-25 07:25:00+00:00,1,0.49981467062807944
2026-02-25 07:30:00+00:00,1,0.48396967622731646
2026-02-25 07:35:00+00:00,1,0.49492189921561175
2026-02-25 07:40:00+00:00,1,0.47987358136986846
2026-02-25 07:45:00+00:00,1,0.483462138560837
2026-02-25 07:50:00+00:00,1,0.48512611144388124
2026-02-25 07:55:00+00:00,0,0.4582445657658277
2026-02-25 08:00:00+00:00,1,0.4412436079357612
2026-02-25 08:05:00+00:00,1,0.44634162399469174
2026-02-25 08:10:00+00:00,1,0.4453895817256491
2026-02-25 08:15:00+00:00,1,0.4380885384736285
2026-02-25 08:20:00+00:00,1,0.4355366071014078
2026-02-25 08:25:00+00:00,1,0.4437007692111985
2026-02-25 08:30:00+00:00,1,0.43934211906064785
2026-02-25 08:35:00+00:00,1,0.4441444356626697
2026-02-25 08:40:00+00:00,1,0.4479163691500243
2026-02-25 08:45:00+00:00,1,0.4538041698449186
2026-02-25 08:50:00+00:00,1,0.43413672299781725
2026-02-25 08:55:00+00:00,1,0.44016665701305974
2026-02-25 09:00:00+00:00,0,0.4424608431604145
2026-02-25 09:05:00+00:00,0,0.4495457644717225
2026-02-25 09:10:00+00:00,0,0.4558184766760423
2026-02-25 09:15:00+00:00,0,0.43410253770741114
2026-02-25 09:20:00+00:00,1,0.44501350773957915
2026-02-25 09:25:00+00:00,1,0.4423854730282205
2026-02-25 09:30:00+00:00,1,0.47099920603423684
2026-02-25 09:35:00+00:00,1,0.5032470633418661
2026-02-25 09:40:00+00:00,1,0.47112231851588776
2026-02-25 09:45:00+00:00,1,0.47334558953767275
2026-02-25 09:50:00+00:00,1,0.4585001664854391
2026-02-25 09:55:00+00:00,1,0.43190214766240337
2026-02-25 10:00:00+00:00,1,0.4384844768147474
2026-02-25 10:05:00+00:00,0,0.44264570244292434
2026-02-25 10:10:00+00:00,0,0.42600366950089263
2026-02-25 10:15:00+00:00,0,0.40763259232334553
2026-02-25 10:20:00+00:00,1,0.4194746847880014
2026-02-25 10:25:00+00:00,1,0.4156810674888093
2026-02-25 10:30:00+00:00,1,0.41051946848841897
2026-02-25 10:35:00+00:00,1,0.40491273474073264
2026-02-25 10:40:00+00:00,1,0.4161112234829813
2026-02-25 10:45:00+00:00,0,0.42360031384815633
2026-02-25 10:50:00+00:00,1,0.4301382629215833
2026-02-25 10:55:00+00:00,1,0.4252365084589586
2026-02-25 11:00:00+00:00,1,0.44990762795311834
2026-02-25 11:05:00+00:00,1,0.44362451617866505
2026-02-25 11:10:00+00:00,1,0.4599224209962398
2026-02-25 11:15:00+00:00,1,0.4548000815774785
2026-02-25 11:20:00+00:00,0,0.4475388490143366
2026-02-25 11:25:00+00:00,0,0.4552107973263026
2026-02-25 11:30:00+00:00,0,0.4404218561385473
2026-02-25 11:35:00+00:00,0,0.441841574390394
2026-02-25 11:40:00+00:00,0,0.43770054459521585
2026-02-25 11:45:00+00:00,1,0.44783149289690904
2026-02-25 11:50:00+00:00,1,0.4417282229532875
2026-02-25 11:55:00+00:00,1,0.43670213666644925
2026-02-25 12:00:00+00:00,1,0.49127672295435426
2026-02-25 12:05:00+00:00,1,0.46901204754192016
2026-02-25 12:10:00+00:00,1,0.48234515641169917
2026-02-25 12:15:00+00:00,1,0.4546184214036567
2026-02-25 12:20:00+00:00,1,0.4828593026641174
2026-02-25 12:25:00+00:00,1,0.4688268282039086
2026-02-25 12:30:00+00:00,1,0.45672986127240633
2026-02-25 12:35:00+00:00,1,0.4564902323102898
2026-02-25 12:40:00+00:00,1,0.4531445982913137
2026-02-25 12:45:00+00:00,1,0.4765670073874144
2026-02-25 12:50:00+00:00,1,0.47960922724478566
2026-02-25 12:55:00+00:00,1,0.4431924751093178
2026-02-25 13:00:00+00:00,1,0.4267446349107686
2026-02-25 13:05:00+00:00,1,0.43720708899714317
2026-02-25 13:10:00+00:00,1,0.4396330912310336
2026-02-25 13:15:00+00:00,1,0.45049094177836985
2026-02-25 13:20:00+00:00,1,0.45038331945729587
2026-02-25 13:25:00+00:00,1,0.4594692342787155
2026-02-25 13:30:00+00:00,1,0.44155532591375124
2026-02-25 13:35:00+00:00,1,0.5050649849697878
2026-02-25 13:40:00+00:00,1,0.5049769818899171
2026-02-25 13:45:00+00:00,1,0.5133648811977467
2026-02-25 13:50:00+00:00,1,0.4166250633607217
2026-02-25 13:55:00+00:00,1,0.4318159345477958
2026-02-25 14:00:00+00:00,1,0.4979054146503242
2026-02-25 14:05:00+00:00,1,0.5058291703020656
2026-02-25 14:10:00+00:00,1,0.4842080094938434
2026-02-25 14:15:00+00:00,1,0.4472933843966608
2026-02-25 14:20:00+00:00,1,0.483145052717312
2026-02-25 14:25:00+00:00,1,0.48566235623206366
2026-02-25 14:30:00+00:00,1,0.47560278822971735
2026-02-25 14:35:00+00:00,1,0.48332976479929807
2026-02-25 14:40:00+00:00,1,0.4929168589119283
2026-02-25 14:45:00+00:00,1,0.4402978331466236
2026-02-25 14:50:00+00:00,1,0.4440380681794008
2026-02-25 14:55:00+00:00,1,0.42916883504361236
2026-02-25 15:00:00+00:00,1,0.44369372061592194
2026-02-25 15:05:00+00:00,1,0.44988102848049905
2026-02-25 15:10:00+00:00,1,0.48375424928435723
2026-02-25 15:15:00+00:00,1,0.4458635550916291
2026-02-25 15:20:00+00:00,1,0.4733433927113886
2026-02-25 15:25:00+00:00,1,0.4721331424447767
2026-02-25 15:30:00+00:00,1,0.4761125320426412
2026-02-25 15:35:00+00:00,1,0.5238385159679347
2026-02-25 15:40:00+00:00,0,0.4890983495338955
2026-02-25 15:45:00+00:00,0,0.4821448864625236
2026-02-25 15:50:00+00:00,1,0.46326279180206614
2026-02-25 15:55:00+00:00,1,0.4505898286161804
2026-02-25 16:00:00+00:00,1,0.4556950045140549
2026-02-25 16:05:00+00:00,1,0.47482937381043416
2026-02-25 16:10:00+00:00,1,0.5058977633423581
2026-02-25 16:15:00+00:00,1,0.5134982250823933
2026-02-25 16:20:00+00:00,1,0.5356815034544445
2026-02-25 16:25:00+00:00,0,0.5331551895541762
2026-02-25 16:30:00+00:00,0,0.5270950934687992
2026-02-25 16:35:00+00:00,1,0.534576850740399
2026-02-25 16:40:00+00:00,1,0.4917850719500589
2026-02-25 16:45:00+00:00,1,0.5081479786621583
2026-02-25 16:50:00+00:00,1,0.5077327595861725
2026-02-25 16:55:00+00:00,1,0.498484902735482
2026-02-25 17:00:00+00:00,1,0.5526556145401189
2026-02-25 17:05:00+00:00,1,0.532117235966538
2026-02-25 17:10:00+00:00,1,0.5289366779332029
2026-02-25 17:15:00+00:00,1,0.5515636911315577
2026-02-25 17:20:00+00:00,0,0.48184327385864334
2026-02-25 17:25:00+00:00,1,0.5147602264460522
2026-02-25 17:30:00+00:00,0,0.5118978377172069
2026-02-25 17:35:00+00:00,1,0.4925180731453299
2026-02-25 17:40:00+00:00,1,0.5055018725662209
2026-02-25 17:45:00+00:00,0,0.5122243459766767
2026-02-25 17:50:00+00:00,0,0.4949854755203249
2026-02-25 17:55:00+00:00,0,0.5185043498775186
2026-02-25 18:00:00+00:00,1,0.5633405498718798
2026-02-25 18:05:00+00:00,0,0.4939929520839788
2026-02-25 18:10:00+00:00,0,0.5164673735438206
2026-02-25 18:15:00+00:00,0,0.5252542734808133
2026-02-25 18:20:00+00:00,1,0.5526079594397459
2026-02-25 18:25:00+00:00,0,0.5347153396420534
2026-02-25 18:30:00+00:00,0,0.5314385096582429
2026-02-25 18:35:00+00:00,0,0.5299893760985535
2026-02-25 18:40:00+00:00,0,0.5272611992777485
2026-02-25 18:45:00+00:00,0,0.5515151587797678
2026-02-25 18:50:00+00:00,0,0.5540418460588268
2026-02-25 18:55:00+00:00,0,0.554742211379601
2026-02-25 19:00:00+00:00,1,0.566581683439906
2026-02-25 19:05:00+00:00,1,0.587078342375654
2026-02-25 19:10:00+00:00,1,0.5887659901421389
2026-02-25 19:15:00+00:00,1,0.561764523398247
2026-02-25 19:20:00+00:00,1,0.5587203677299819
2026-02-25 19:25:00+00:00,1,0.5451934775267027
2026-02-25 19:30:00+00:00,1,0.5288454021879857
2026-02-25 19:35:00+00:00,1,0.5247853563403533
2026-02-25 19:40:00+00:00,0,0.531820951696948
2026-02-25 19:45:00+00:00,0,0.4881265814066565
2026-02-25 19:50:00+00:00,0,0.49091932258506854
2026-02-25 19:55:00+00:00,0,0.47617875247283603
2026-02-25 20:00:00+00:00,0,0.47647221919235155
2026-02-25 20:05:00+00:00,0,0.48635026779605545
2026-02-25 20:10:00+00:00,1,0.5123319813393606
2026-02-25 20:15:00+00:00,1,0.48991787157384736
2026-02-25 20:20:00+00:00,1,0.4950723355141394
2026-02-25 20:25:00+00:00,1,0.4914601101853078
2026-02-25 20:30:00+00:00,0,0.4566921636326954
2026-02-25 20:35:00+00:00,1,0.4858620755512317
2026-02-25 20:40:00+00:00,1,0.5077590230096632
2026-02-25 20:45:00+00:00,0,0.4836271772364681
2026-02-25 20:50:00+00:00,0,0.4636139835153701
2026-02-25 20:55:00+00:00,0,0.491493537203921
2026-02-25 21:00:00+00:00,1,0.5066393063141846
2026-02-25 21:05:00+00:00,1,0.4926972649028909
2026-02-25 21:10:00+00:00,1,0.4987357739070359
2026-02-25 21:15:00+00:00,1,0.5045777296508298
2026-02-25 21:20:00+00:00,1,0.5044019987851406
2026-02-25 21:25:00+00:00,1,0.5190325686287202
2026-02-25 21:30:00+00:00,1,0.4658031366862869
2026-02-25 21:35:00+00:00,0,0.4806959346875623
2026-02-25 21:40:00+00:00,0,0.4837515470836262
2026-02-25 21:45:00+00:00,0,0.48362986546465814
2026-02-25 21:50:00+00:00,0,0.48678096699488926
2026-02-25 21:55:00+00:00,0,0.47741914656848905
2026-02-25 22:00:00+00:00,0,0.47088329536222784
2026-02-25 22:05:00+00:00,0,0.48638923904160447
2026-02-25 22:10:00+00:00,0,0.4719099234319145
2026-02-25 22:15:00+00:00,0,0.508352586985151
2026-02-25 22:20:00+00:00,0,0.5355837281250878
2026-02-25 22:25:00+00:00,0,0.528014326936239
2026-02-25 22:30:00+00:00,0,0.5224796513443314
2026-02-25 22:35:00+00:00,0,0.546005407546991
2026-02-25 22:40:00+00:00,0,0.5752174267464485
2026-02-25 22:45:00+00:00,0,0.548797547834223
2026-02-25 22:50:00+00:00,0,0.5412696269689292
2026-02-25 22:55:00+00:00,0,0.5415316310181184
2026-02-25 23:00:00+00:00,0,0.5328451021465687
2026-02-25 23:05:00+00:00,0,0.5281860419979092
2026-02-25 23:10:00+00:00,0,0.5315085624614574
2026-02-25 23:15:00+00:00,0,0.5370116547919247
2026-02-25 23:20:00+00:00,0,0.5183490064315306
2026-02-25 23:25:00+00:00,0,0.5281197697235387
2026-02-25 23:30:00+00:00,1,0.499396167930418
2026-02-25 23:35:00+00:00,1,0.5025210447686516
2026-02-25 23:40:00+00:00,1,0.5290556058796738
2026-02-25 23:45:00+00:00,1,0.5239567101095697
2026-02-25 23:50:00+00:00,1,0.5384257233459845
2026-02-25 23:55:00+00:00,1,0.5515237672048465
2026-02-26 00:00:00+00:00,1,0.5265099775714617
2026-02-26 00:05:00+00:00,0,0.5209556262029252
2026-02-26 00:10:00+00:00,0,0.486101452099445
2026-02-26 00:15:00+00:00,0,0.5121140617532296
2026-02-26 00:20:00+00:00,0,0.526435977797576
2026-02-26 00:25:00+00:00,0,0.5084399328974877
2026-02-26 00:30:00+00:00,0,0.5038973034348023
2026-02-26 00:35:00+00:00,1,0.47783953924647415
2026-02-26 00:40:00+00:00,1,0.5043212715286802
2026-02-26 00:45:00+00:00,1,0.5173085776844442
2026-02-26 00:50:00+00:00,1,0.5460469391672489
2026-02-26 00:55:00+00:00,1,0.5780569564296649
2026-02-26 01:00:00+00:00,0,0.5696702353481963
2026-02-26 01:05:00+00:00,0,0.5484323645337122
2026-02-26 01:10:00+00:00,0,0.5499112239537165
2026-02-26 01:15:00+00:00,0,0.5600650286170887
2026-02-26 01:20:00+00:00,0,0.5553175250836309
2026-02-26 01:25:00+00:00,0,0.5227209114194826
2026-02-26 01:30:00+00:00,0,0.549238432449043
2026-02-26 01:35:00+00:00,0,0.5427165087693132
2026-02-26 01:40:00+00:00,0,0.4872516360355973
2026-02-26 01:45:00+00:00,0,0.4891591148570928
2026-02-26 01:50:00+00:00,0,0.49706723091727606
2026-02-26 01:55:00+00:00,0,0.48800077039600437
2026-02-26 02:00:00+00:00,1,0.5400262670696552
2026-02-26 02:05:00+00:00,1,0.5330815572113664
2026-02-26 02:10:00+00:00,1,0.5468997985729902
2026-02-26 02:15:00+00:00,1,0.5037136211910265
2026-02-26 02:20:00+00:00,1,0.5203851387397622
2026-02-26 02:25:00+00:00,1,0.5324843104048965
2026-02-26 02:30:00+00:00,1,0.5022599151447767
2026-02-26 02:35:00+00:00,1,0.5160229589431378
2026-02-26 02:40:00+00:00,0,0.5290321485131981
2026-02-26 02:45:00+00:00,0,0.5156667236298308
2026-02-26 02:50:00+00:00,0,0.486186108302572
2026-02-26 02:55:00+00:00,0,0.49523200252206656
2026-02-26 03:00:00+00:00,0,0.5088141232442086
2026-02-26 03:05:00+00:00,1,0.53190296814831
2026-02-26 03:10:00+00:00,1,0.5176949547048765
2026-02-26 03:15:00+00:00,1,0.5031477053658662
2026-02-26 03:20:00+00:00,1,0.501296341732054
2026-02-26 03:25:00+00:00,1,0.48859265812982244
2026-02-26 03:30:00+00:00,1,0.49321764801438583
2026-02-26 03:35:00+00:00,1,0.4810937353953485
2026-02-26 03:40:00+00:00,1,0.46078941430214726
2026-02-26 03:45:00+00:00,1,0.4633638656121268
2026-02-26 03:50:00+00:00,1,0.47572695391366365
2026-02-26 03:55:00+00:00,1,0.43523902900913813
2026-02-26 04:00:00+00:00,1,0.4335851902780488
2026-02-26 04:05:00+00:00,1,0.4409322524912985
2026-02-26 04:10:00+00:00,1,0.44938033014112577
2026-02-26 04:15:00+00:00,1,0.44022394246215013
2026-02-26 04:20:00+00:00,1,0.4635195872992789
2026-02-26 04:25:00+00:00,1,0.45811636518868654
2026-02-26 04:30:00+00:00,1,0.45708613115014257
2026-02-26 04:35:00+00:00,0,0.44910427697959404
2026-02-26 04:40:00+00:00,0,0.4420632193252089
2026-02-26 04:45:00+00:00,0,0.4455125608593151
2026-02-26 04:50:00+00:00,0,0.4416603745484104
2026-02-26 04:55:00+00:00,0,0.4312452260787533
2026-02-26 05:00:00+00:00,0,0.46684706311592616
2026-02-26 05:05:00+00:00,1,0.5192569819543281
2026-02-26 05:10:00+00:00,1,0.512954053114452
2026-02-26 05:15:00+00:00,1,0.510862226482186
2026-02-26 05:20:00+00:00,1,0.5198308864689108
2026-02-26 05:25:00+00:00,0,0.5140309403170761
2026-02-26 05:30:00+00:00,0,0.5088723334715829
2026-02-26 05:35:00+00:00,1,0.4954672384583047
2026-02-26 05:40:00+00:00,1,0.5061437762924113
2026-02-26 05:45:00+00:00,1,0.49548282611786815
2026-02-26 05:50:00+00:00,1,0.49883248609182385
2026-02-26 05:55:00+00:00,1,0.4927494028933353
2026-02-26 06:00:00+00:00,1,0.49843699300591837
2026-02-26 06:05:00+00:00,1,0.496357254009736
2026-02-26 06:10:00+00:00,0,0.5122667369428568
2026-02-26 06:15:00+00:00,0,0.5031203769984831
2026-02-26 06:20:00+00:00,0,0.48362081185018024
2026-02-26 06:25:00+00:00,0,0.4883318288203292
2026-02-26 06:30:00+00:00,0,0.47874331506657053
2026-02-26 06:35:00+00:00,0,0.48559336461286684
2026-02-26 06:40:00+00:00,0,0.4860090919212712
2026-02-26 06:45:00+00:00,0,0.49841002636628107
2026-02-26 06:50:00+00:00,1,0.5022003493030766
2026-02-26 06:55:00+00:00,0,0.5094449161197396
2026-02-26 07:00:00+00:00,0,0.49154678640638605
2026-02-26 07:05:00+00:00,0,0.4860961854955955
2026-02-26 07:10:00+00:00,0,0.5136613283732012
2026-02-26 07:15:00+00:00,0,0.5051772748817376
2026-02-26 07:20:00+00:00,0,0.49352407429238315
2026-02-26 07:25:00+00:00,0,0.4991844209657899
2026-02-26 07:30:00+00:00,0,0.5026109785707739
2026-02-26 07:35:00+00:00,0,0.5087646387872387
2026-02-26 07:40:00+00:00,1,0.5113874445206337
2026-02-26 07:45:00+00:00,1,0.4891721320575066
2026-02-26 07:50:00+00:00,1,0.48536022940244705
2026-02-26 07:55:00+00:00,0,0.488398443102112
2026-02-26 08:00:00+00:00,0,0.4621261986471504
2026-02-26 08:05:00+00:00,1,0.481858897956919
2026-02-26 08:10:00+00:00,0,0.4607143472673567
2026-02-26 08:15:00+00:00,0,0.4773291162609353
2026-02-26 08:20:00+00:00,1,0.48296207223857346
2026-02-26 08:25:00+00:00,0,0.49163951296160197
2026-02-26 08:30:00+00:00,0,0.48493843170568046
2026-02-26 08:35:00+00:00,0,0.46108063632296736
2026-02-26 08:40:00+00:00,1,0.46756485950675436
2026-02-26 08:45:00+00:00,1,0.45944072705821976
2026-02-26 08:50:00+00:00,0,0.48358163071647625
2026-02-26 08:55:00+00:00,1,0.5002216004061066
2026-02-26 09:00:00+00:00,1,0.4888028618699638
2026-02-26 09:05:00+00:00,1,0.4869982538776961
2026-02-26 09:10:00+00:00,0,0.48241613864917393
2026-02-26 09:15:00+00:00,1,0.4828704165827504
2026-02-26 09:20:00+00:00,1,0.49070876177518813
2026-02-26 09:25:00+00:00,1,0.4925004245193775
2026-02-26 09:30:00+00:00,1,0.5023768993693798
2026-02-26 09:35:00+00:00,1,0.4754741604361307
2026-02-26 09:40:00+00:00,0,0.4804826686407918
2026-02-26 09:45:00+00:00,0,0.4952003813493254
2026-02-26 09:50:00+00:00,0,0.4909218176651012
2026-02-26 09:55:00+00:00,0,0.5023247793731604
2026-02-26 10:00:00+00:00,0,0.5015805655597515
2026-02-26 10:05:00+00:00,0,0.4763491487187007
2026-02-26 10:10:00+00:00,0,0.5055000601186168
2026-02-26 10:15:00+00:00,0,0.5020633141688682
2026-02-26 10:20:00+00:00,0,0.5033674470509628
2026-02-26 10:25:00+00:00,0,0.5020630353017681
2026-02-26 10:30:00+00:00,0,0.5000131994883863
2026-02-26 10:35:00+00:00,0,0.494186908236708
2026-02-26 10:40:00+00:00,0,0.5005504458817455
2026-02-26 10:45:00+00:00,0,0.5134532757274936
2026-02-26 10:50:00+00:00,0,0.5125707984276556
2026-02-26 10:55:00+00:00,0,0.5003898437276921
2026-02-26 11:00:00+00:00,1,0.5184506011142198
2026-02-26 11:05:00+00:00,1,0.5195339862145357
2026-02-26 11:10:00+00:00,0,0.5178031041907121
2026-02-26 11:15:00+00:00,0,0.5234489127704449
2026-02-26 11:20:00+00:00,0,0.5081430439404537
2026-02-26 11:25:00+00:00,0,0.5256982530532024
2026-02-26 11:30:00+00:00,0,0.5022011580157688
2026-02-26 11:35:00+00:00,1,0.49027680610265334
2026-02-26 11:40:00+00:00,1,0.4974826539457807
2026-02-26 11:45:00+00:00,1,0.4948417319604659
2026-02-26 11:50:00+00:00,1,0.47900260647503656
2026-02-26 11:55:00+00:00,1,0.4696652652575704
2026-02-26 12:00:00+00:00,1,0.5111884036330907
2026-02-26 12:05:00+00:00,1,0.5136142898260657
2026-02-26 12:10:00+00:00,1,0.48795846211603006
2026-02-26 12:15:00+00:00,1,0.4916289745567212
2026-02-26 12:20:00+00:00,1,0.5100232721927
2026-02-26 12:25:00+00:00,1,0.5280238066037506
2026-02-26 12:30:00+00:00,1,0.5295845296632256
2026-02-26 12:35:00+00:00,0,0.5126291571091053
2026-02-26 12:40:00+00:00,0,0.525305482547379
2026-02-26 12:45:00+00:00,0,0.5023440489978273
2026-02-26 12:50:00+00:00,0,0.5019567868448631
2026-02-26 12:55:00+00:00,1,0.5065540979120146
2026-02-26 13:00:00+00:00,1,0.5070398307431379
2026-02-26 13:05:00+00:00,1,0.511506906345332
2026-02-26 13:10:00+00:00,1,0.5057787012988135
2026-02-26 13:15:00+00:00,1,0.5077158918659778
2026-02-26 13:20:00+00:00,1,0.5035731330146497
2026-02-26 13:25:00+00:00,0,0.49406896171539877
2026-02-26 13:30:00+00:00,0,0.4935740955741348
2026-02-26 13:35:00+00:00,0,0.4947973403281485
2026-02-26 13:40:00+00:00,1,0.5041501401591489
2026-02-26 13:45:00+00:00,1,0.5086974790440555
2026-02-26 13:50:00+00:00,1,0.5169499515902016
2026-02-26 13:55:00+00:00,1,0.49016705624549384
2026-02-26 14:00:00+00:00,1,0.4971643866360244
2026-02-26 14:05:00+00:00,0,0.5274179015361387
2026-02-26 14:10:00+00:00,0,0.4664816990943392
2026-02-26 14:15:00+00:00,0,0.50057850035392
2026-02-26 14:20:00+00:00,0,0.44062224945715844
2026-02-26 14:25:00+00:00,0,0.47944503830751267
2026-02-26 14:30:00+00:00,0,0.4723547322866062
2026-02-26 14:35:00+00:00,0,0.4812683403438436
2026-02-26 14:40:00+00:00,0,0.48251182722590075
2026-02-26 14:45:00+00:00,0,0.47307120282500775
2026-02-26 14:50:00+00:00,0,0.430844462787005
2026-02-26 14:55:00+00:00,0,0.4481553050472762
2026-02-26 15:00:00+00:00,0,0.42752083349500336
2026-02-26 15:05:00+00:00,1,0.4364278770174514
2026-02-26 15:10:00+00:00,0,0.4416241061848395
2026-02-26 15:15:00+00:00,1,0.4579939989715298
2026-02-26 15:20:00+00:00,1,0.5043975371810648
2026-02-26 15:25:00+00:00,1,0.49438103344112755
2026-02-26 15:30:00+00:00,1,0.4882100288847433
2026-02-26 15:35:00+00:00,0,0.5367919358743635
2026-02-26 15:40:00+00:00,0,0.5325870005467015
2026-02-26 15:45:00+00:00,0,0.5291528247330229
2026-02-26 15:50:00+00:00,0,0.5235878732444733
2026-02-26 15:55:00+00:00,0,0.5351262509761625
2026-02-26 16:00:00+00:00,0,0.531602695695625
2026-02-26 16:05:00+00:00,0,0.5327526929574858
2026-02-26 16:10:00+00:00,0,0.5247355328757372
2026-02-26 16:15:00+00:00,0,0.5173784902985716
2026-02-26 16:20:00+00:00,0,0.5193287959233414
2026-02-26 16:25:00+00:00,0,0.49627379219808293
2026-02-26 16:30:00+00:00,0,0.5099564254186877
2026-02-26 16:35:00+00:00,0,0.4905753683385054
2026-02-26 16:40:00+00:00,0,0.5026051503077243
2026-02-26 16:45:00+00:00,0,0.4964368120165825
2026-02-26 16:50:00+00:00,1,0.531085476950291
2026-02-26 16:55:00+00:00,1,0.5217352668169238
2026-02-26 17:00:00+00:00,1,0.5319826777107076
2026-02-26 17:05:00+00:00,0,0.531128951466673
2026-02-26 17:10:00+00:00,0,0.525292047520536
2026-02-26 17:15:00+00:00,0,0.5218633318591359
2026-02-26 17:20:00+00:00,0,0.5071417936669511
2026-02-26 17:25:00+00:00,0,0.5049229975916386
2026-02-26 17:30:00+00:00,0,0.5172479676346482
2026-02-26 17:35:00+00:00,0,0.508825525553788
2026-02-26 17:40:00+00:00,0,0.49788795758154375
2026-02-26 17:45:00+00:00,1,0.513833903144008
2026-02-26 17:50:00+00:00,0,0.5460743961382541
2026-02-26 17:55:00+00:00,1,0.550968267606971
2026-02-26 18:00:00+00:00,1,0.5282290461680723
2026-02-26 18:05:00+00:00,1,0.5083776226676747
2026-02-26 18:10:00+00:00,1,0.5149626757160979
2026-02-26 18:15:00+00:00,1,0.5158751400987162
2026-02-26 18:20:00+00:00,1,0.5260017168192309
2026-02-26 18:25:00+00:00,1,0.5163889837222929
2026-02-26 18:30:00+00:00,1,0.5157371807663563
2026-02-26 18:35:00+00:00,1,0.4736704391575709
2026-02-26 18:40:00+00:00,1,0.4712102184479185
2026-02-26 18:45:00+00:00,1,0.4852184343660594
2026-02-26 18:50:00+00:00,1,0.5185020662600079
2026-02-26 18:55:00+00:00,1,0.5038044725035853
2026-02-26 19:00:00+00:00,0,0.5044199567344482
2026-02-26 19:05:00+00:00,1,0.46658879202164816
2026-02-26 19:10:00+00:00,1,0.46552874396087657
2026-02-26 19:15:00+00:00,1,0.4735340059824555
2026-02-26 19:20:00+00:00,1,0.47121380396924956
2026-02-26 19:25:00+00:00,1,0.5542118935922825
2026-02-26 19:30:00+00:00,1,0.5681952765402525
2026-02-26 19:35:00+00:00,1,0.4769863327875644
2026-02-26 19:40:00+00:00,1,0.4766526145573938
2026-02-26 19:45:00+00:00,1,0.47444716194062625
2026-02-26 19:50:00+00:00,0,0.4738188904819665
2026-02-26 19:55:00+00:00,0,0.47200264852158375
2026-02-26 20:00:00+00:00,0,0.4817665324802317
2026-02-26 20:05:00+00:00,0,0.4773323166948734
2026-02-26 20:10:00+00:00,0,0.4838645110257437
2026-02-26 20:15:00+00:00,0,0.48113848617741384
2026-02-26 20:20:00+00:00,0,0.49170031802982345
2026-02-26 20:25:00+00:00,0,0.5020983956397529
2026-02-26 20:30:00+00:00,0,0.4994506036427542
2026-02-26 20:35:00+00:00,0,0.5107016431178494
2026-02-26 20:40:00+00:00,0,0.503561002706664
2026-02-26 20:45:00+00:00,0,0.4998757993312918
2026-02-26 20:50:00+00:00,0,0.5177689856167507
2026-02-26 20:55:00+00:00,0,0.5158596504392671
2026-02-26 21:00:00+00:00,0,0.5093715430370132
2026-02-26 21:05:00+00:00,0,0.5042249004573833
2026-02-26 21:10:00+00:00,0,0.5263002111963702
2026-02-26 21:15:00+00:00,1,0.5530338700896479
2026-02-26 21:20:00+00:00,0,0.5096297966351406
2026-02-26 21:25:00+00:00,0,0.5006952359196912
2026-02-26 21:30:00+00:00,1,0.49084564126410696
2026-02-26 21:35:00+00:00,1,0.518694388694621
2026-02-26 21:40:00+00:00,1,0.5204252850853528
2026-02-26 21:45:00+00:00,0,0.5117173967689205
2026-02-26 21:50:00+00:00,1,0.5300951315474584
2026-02-26 21:55:00+00:00,1,0.5348815192574229
2026-02-26 22:00:00+00:00,1,0.5151556471499151
2026-02-26 22:05:00+00:00,1,0.5146380189640161
2026-02-26 22:10:00+00:00,1,0.504046155833357
2026-02-26 22:15:00+00:00,1,0.5072177705760154
2026-02-26 22:20:00+00:00,1,0.5269967172950772
2026-02-26 22:25:00+00:00,1,0.5228247426697386
2026-02-26 22:30:00+00:00,1,0.5243602137353384
2026-02-26 22:35:00+00:00,1,0.49981712470001166
2026-02-26 22:40:00+00:00,1,0.4835114450384654
2026-02-26 22:45:00+00:00,1,0.4898637646751314
2026-02-26 22:50:00+00:00,1,0.5107707993230313
2026-02-26 22:55:00+00:00,1,0.50775668105007
2026-02-26 23:00:00+00:00,1,0.4806337696478225
2026-02-26 23:05:00+00:00,1,0.46375504178419347
2026-02-26 23:10:00+00:00,1,0.4958523314428562
2026-02-26 23:15:00+00:00,1,0.47938199483116395
2026-02-26 23:20:00+00:00,1,0.47632107358175035
2026-02-26 23:25:00+00:00,0,0.47511977276628514
2026-02-26 23:30:00+00:00,0,0.4814211443147537
2026-02-26 23:35:00+00:00,0,0.4777213362664386
2026-02-26 23:40:00+00:00,0,0.4358493719069369
2026-02-26 23:45:00+00:00,0,0.4265087009316867
2026-02-26 23:50:00+00:00,0,0.4480135792202891
2026-02-26 23:55:00+00:00,0,0.4574657697678934
2026-02-27 00:00:00+00:00,0,0.4698345599321939
2026-02-27 00:05:00+00:00,0,0.4571041658708407
2026-02-27 00:10:00+00:00,0,0.47253422512856963
2026-02-27 00:15:00+00:00,0,0.49299609856323084
2026-02-27 00:20:00+00:00,0,0.4994440780494768
2026-02-27 00:25:00+00:00,0,0.5053444121609136
2026-02-27 00:30:00+00:00,0,0.5185090006571312
2026-02-27 00:35:00+00:00,0,0.5120294734836079
2026-02-27 00:40:00+00:00,1,0.5138687911044453
2026-02-27 00:45:00+00:00,1,0.5177468154178201
2026-02-27 00:50:00+00:00,1,0.49901818599559994
2026-02-27 00:55:00+00:00,1,0.516325496846968
2026-02-27 01:00:00+00:00,1,0.5104598580034566
2026-02-27 01:05:00+00:00,1,0.49278868771872375
2026-02-27 01:10:00+00:00,1,0.4776036506592893
2026-02-27 01:15:00+00:00,1,0.47268689416252935
2026-02-27 01:20:00+00:00,1,0.4674213754749038
2026-02-27 01:25:00+00:00,1,0.45645937372402945
2026-02-27 01:30:00+00:00,1,0.4470090382978949
2026-02-27 01:35:00+00:00,1,0.4559698325934163
2026-02-27 01:40:00+00:00,1,0.46614464379403164
2026-02-27 01:45:00+00:00,1,0.4563806235737629
2026-02-27 01:50:00+00:00,1,0.447876633886453
2026-02-27 01:55:00+00:00,1,0.46533441124813474
2026-02-27 02:00:00+00:00,1,0.4427260905758489
2026-02-27 02:05:00+00:00,1,0.4549769407534716
2026-02-27 02:10:00+00:00,1,0.44329446580233595
2026-02-27 02:15:00+00:00,1,0.42856228404593916
2026-02-27 02:20:00+00:00,1,0.4667244845004718
2026-02-27 02:25:00+00:00,0,0.4341910645125836
2026-02-27 02:30:00+00:00,0,0.4702477119004858
2026-02-27 02:35:00+00:00,0,0.4749492922427123
2026-02-27 02:40:00+00:00,0,0.4691963447427486
2026-02-27 02:45:00+00:00,0,0.472669405499659
2026-02-27 02:50:00+00:00,0,0.47841468326658193
2026-02-27 02:55:00+00:00,0,0.4724874606632429
2026-02-27 03:00:00+00:00,1,0.4670485560673092
2026-02-27 03:05:00+00:00,1,0.478162460023227
2026-02-27 03:10:00+00:00,1,0.4698917988308096
2026-02-27 03:15:00+00:00,1,0.48660299166040416
2026-02-27 03:20:00+00:00,1,0.47921767285358974
2026-02-27 03:25:00+00:00,1,0.48934124549474833
2026-02-27 03:30:00+00:00,1,0.48879001233248576
2026-02-27 03:35:00+00:00,1,0.4509900825751432
2026-02-27 03:40:00+00:00,1,0.4621213048041391
2026-02-27 03:45:00+00:00,1,0.46522731349469204
2026-02-27 03:50:00+00:00,1,0.46871896463797935
2026-02-27 03:55:00+00:00,1,0.46369108632690953
2026-02-27 04:00:00+00:00,0,0.4585646136108257
2026-02-27 04:05:00+00:00,0,0.4683424929299084
2026-02-27 04:10:00+00:00,0,0.46762714774348096
2026-02-27 04:15:00+00:00,0,0.45668181209155234
2026-02-27 04:20:00+00:00,0,0.4827093082075195
2026-02-27 04:25:00+00:00,0,0.4482622636231946
2026-02-27 04:30:00+00:00,0,0.47088696398908114
2026-02-27 04:35:00+00:00,0,0.4605649391035105
2026-02-27 04:40:00+00:00,0,0.4464439513007885
2026-02-27 04:45:00+00:00,0,0.46299317472914164
2026-02-27 04:50:00+00:00,0,0.47944240742290734
2026-02-27 04:55:00+00:00,0,0.4825172028702778
2026-02-27 05:00:00+00:00,1,0.49448819061422034
2026-02-27 05:05:00+00:00,1,0.5023116726780482
2026-02-27 05:10:00+00:00,0,0.49893625378958745
2026-02-27 05:15:00+00:00,1,0.49995798286252696
2026-02-27 05:20:00+00:00,1,0.4968680958575543
2026-02-27 05:25:00+00:00,1,0.5045852306737111
2026-02-27 05:30:00+00:00,1,0.5033594995629412
2026-02-27 05:35:00+00:00,0,0.502465829515924
2026-02-27 05:40:00+00:00,0,0.5043682578869721
2026-02-27 05:45:00+00:00,0,0.503617304031525
2026-02-27 05:50:00+00:00,0,0.5221090717326515
2026-02-27 05:55:00+00:00,0,0.4908761954073863
2026-02-27 06:00:00+00:00,0,0.48134103806175027
2026-02-27 06:05:00+00:00,0,0.47327048091120333
2026-02-27 06:10:00+00:00,1,0.5104244009757802
2026-02-27 06:15:00+00:00,1,0.4995018044578651
2026-02-27 06:20:00+00:00,1,0.5127137403553024
2026-02-27 06:25:00+00:00,1,0.5053891380519261
2026-02-27 06:30:00+00:00,1,0.5106732111853756
2026-02-27 06:35:00+00:00,0,0.4929362923896865
2026-02-27 06:40:00+00:00,0,0.48934272284397123
2026-02-27 06:45:00+00:00,0,0.46738867786381616
2026-02-27 06:50:00+00:00,0,0.47267937319516024
2026-02-27 06:55:00+00:00,0,0.49168646192429255
2026-02-27 07:00:00+00:00,0,0.5015693550226829
2026-02-27 07:05:00+00:00,0,0.4904211800227645
2026-02-27 07:10:00+00:00,0,0.5035191740263759
2026-02-27 07:15:00+00:00,0,0.5060745148667563
2026-02-27 07:20:00+00:00,1,0.5105672876933074
2026-02-27 07:25:00+00:00,1,0.5082613374233443
2026-02-27 07:30:00+00:00,1,0.5097830625946798
2026-02-27 07:35:00+00:00,1,0.5158665316406635
2026-02-27 07:40:00+00:00,1,0.5162759382747475
2026-02-27 07:45:00+00:00,1,0.5057271447203057
2026-02-27 07:50:00+00:00,1,0.48209127229493004
2026-02-27 07:55:00+00:00,1,0.49755981588958537
2026-02-27 08:00:00+00:00,0,0.46304875496289793
2026-02-27 08:05:00+00:00,0,0.4351532495081965
2026-02-27 08:10:00+00:00,0,0.4479728768468293
2026-02-27 08:15:00+00:00,0,0.44221352679402415
2026-02-27 08:20:00+00:00,0,0.4376326102484952
2026-02-27 08:25:00+00:00,0,0.4517162412039272
2026-02-27 08:30:00+00:00,1,0.47386355471358116
2026-02-27 08:35:00+00:00,1,0.501898224627102
2026-02-27 08:40:00+00:00,1,0.45901434179695644
2026-02-27 08:45:00+00:00,1,0.4666498287338421
2026-02-27 08:50:00+00:00,0,0.47048485126877243
2026-02-27 08:55:00+00:00,0,0.4917258277946663
2026-02-27 09:00:00+00:00,0,0.48191317874497736
2026-02-27 09:05:00+00:00,0,0.4630007462338587
2026-02-27 09:10:00+00:00,0,0.466682006324603
2026-02-27 09:15:00+00:00,0,0.4635691567763064
2026-02-27 09:20:00+00:00,0,0.499367472061101
2026-02-27 09:25:00+00:00,0,0.4826969689690171
2026-02-27 09:30:00+00:00,0,0.47935263786997
2026-02-27 09:35:00+00:00,0,0.487047218654657
2026-02-27 09:40:00+00:00,0,0.4982307137932513
2026-02-27 09:45:00+00:00,0,0.5048078623091391
2026-02-27 09:50:00+00:00,0,0.5037354277594821
2026-02-27 09:55:00+00:00,0,0.4837381893114984
2026-02-27 10:00:00+00:00,0,0.5079953361164335
2026-02-27 10:05:00+00:00,0,0.4938332658469849
2026-02-27 10:10:00+00:00,1,0.4985198729515097
2026-02-27 10:15:00+00:00,0,0.4768553613949619
2026-02-27 10:20:00+00:00,0,0.49205182682135357
2026-02-27 10:25:00+00:00,0,0.48519958519476053
2026-02-27 10:30:00+00:00,0,0.4836224972145226
2026-02-27 10:35:00+00:00,0,0.4912581975725404
2026-02-27 10:40:00+00:00,0,0.4968169806862727
2026-02-27 10:45:00+00:00,0,0.47858308874226313
2026-02-27 10:50:00+00:00,0,0.5018344196372838
2026-02-27 10:55:00+00:00,0,0.5001777896457568
2026-02-27 11:00:00+00:00,0,0.5100950805046484
2026-02-27 11:05:00+00:00,0,0.5124679592303905
2026-02-27 11:10:00+00:00,0,0.5234015807898467
2026-02-27 11:15:00+00:00,0,0.5324891978294157
2026-02-27 11:20:00+00:00,0,0.5153003309712373
2026-02-27 11:25:00+00:00,0,0.5059907539586364
2026-02-27 11:30:00+00:00,0,0.4964341349829018
2026-02-27 11:35:00+00:00,1,0.5167003653571661
2026-02-27 11:40:00+00:00,1,0.49410175245562965
2026-02-27 11:45:00+00:00,1,0.5060259703870155
2026-02-27 11:50:00+00:00,0,0.4944937394902978
2026-02-27 11:55:00+00:00,1,0.47919712770205974
2026-02-27 12:00:00+00:00,1,0.5023308307611034
2026-02-27 12:05:00+00:00,0,0.5048937188693781
2026-02-27 12:10:00+00:00,1,0.508637009915733
2026-02-27 12:15:00+00:00,1,0.5195630280876171
2026-02-27 12:20:00+00:00,1,0.5064642606307305
2026-02-27 12:25:00+00:00,1,0.509317544427384
2026-02-27 12:30:00+00:00,1,0.4981426472221008
2026-02-27 12:35:00+00:00,1,0.5121870551588572
2026-02-27 12:40:00+00:00,1,0.4962185507988451
2026-02-27 12:45:00+00:00,1,0.5159345632752128
2026-02-27 12:50:00+00:00,1,0.4993289599243147
2026-02-27 12:55:00+00:00,0,0.4753622414622779
2026-02-27 13:00:00+00:00,0,0.47528708771557854
2026-02-27 13:05:00+00:00,0,0.461272549178559
2026-02-27 13:10:00+00:00,0,0.45965000780511533
2026-02-27 13:15:00+00:00,0,0.4534695256540206
2026-02-27 13:20:00+00:00,1,0.46714578019563024
2026-02-27 13:25:00+00:00,1,0.482632028155584
2026-02-27 13:30:00+00:00,1,0.5137086732067823
2026-02-27 13:35:00+00:00,1,0.5156831608981873
2026-02-27 13:40:00+00:00,0,0.521507297859354
2026-02-27 13:45:00+00:00,0,0.5115989685400084
2026-02-27 13:50:00+00:00,0,0.5121626404691967
2026-02-27 13:55:00+00:00,0,0.4891043284929485
2026-02-27 14:00:00+00:00,0,0.49083832333391164
2026-02-27 14:05:00+00:00,1,0.5120801150447435
2026-02-27 14:10:00+00:00,0,0.5235519787172873
2026-02-27 14:15:00+00:00,1,0.5236907973619112
2026-02-27 14:20:00+00:00,0,0.5113874723933536
2026-02-27 14:25:00+00:00,0,0.5216494524536069
2026-02-27 14:30:00+00:00,0,0.52030573617742
2026-02-27 14:35:00+00:00,0,0.507428468821577
2026-02-27 14:40:00+00:00,0,0.5196090827139689
2026-02-27 14:45:00+00:00,1,0.5011712963573685
2026-02-27 14:50:00+00:00,1,0.49745825328359705
2026-02-27 14:55:00+00:00,1,0.49852623117417144
2026-02-27 15:00:00+00:00,0,0.49650560627467144
2026-02-27 15:05:00+00:00,0,0.5034144347961149
2026-02-27 15:10:00+00:00,0,0.5152112029186143
2026-02-27 15:15:00+00:00,0,0.5042466230152932
2026-02-27 15:20:00+00:00,0,0.515615071383055
2026-02-27 15:25:00+00:00,0,0.5043774599540678
2026-02-27 15:30:00+00:00,0,0.5164355887136485
2026-02-27 15:35:00+00:00,0,0.4968399588020195
2026-02-27 15:40:00+00:00,0,0.49384664966393793
2026-02-27 15:45:00+00:00,0,0.5023454433264049
2026-02-27 15:50:00+00:00,0,0.5198111176830018
2026-02-27 15:55:00+00:00,0,0.4905768318956108
2026-02-27 16:00:00+00:00,0,0.5243547329974585
2026-02-27 16:05:00+00:00,0,0.5237754946941815
2026-02-27 16:10:00+00:00,0,0.508282944075937
2026-02-27 16:15:00+00:00,0,0.4827444180522451
2026-02-27 16:20:00+00:00,0,0.5007037414944172
2026-02-27 16:25:00+00:00,0,0.4983880514899348
2026-02-27 16:30:00+00:00,0,0.5021107494437566
2026-02-27 16:35:00+00:00,0,0.5137477136997046
2026-02-27 16:40:00+00:00,0,0.5087096341724278
2026-02-27 16:45:00+00:00,0,0.4998020098480281
2026-02-27 16:50:00+00:00,0,0.5090138992913452
2026-02-27 16:55:00+00:00,0,0.5163229339607106
2026-02-27 17:00:00+00:00,0,0.5076287649332158
2026-02-27 17:05:00+00:00,0,0.5235147204972399
2026-02-27 17:10:00+00:00,0,0.533808376980092
2026-02-27 17:15:00+00:00,1,0.5462208562286179
2026-02-27 17:20:00+00:00,1,0.5464166307599383
2026-02-27 17:25:00+00:00,1,0.5388563909938404
2026-02-27 17:30:00+00:00,1,0.5389498295890554
2026-02-27 17:35:00+00:00,1,0.5189019380971723
2026-02-27 17:40:00+00:00,1,0.5180569411476311
2026-02-27 17:45:00+00:00,1,0.5269680771441352
2026-02-27 17:50:00+00:00,1,0.5273788098874996
2026-02-27 17:55:00+00:00,1,0.5114122512132527
2026-02-27 18:00:00+00:00,1,0.5111621470279547
2026-02-27 18:05:00+00:00,1,0.5021388313317336
2026-02-27 18:10:00+00:00,1,0.4973888439237038
2026-02-27 18:15:00+00:00,1,0.5038529933598758
2026-02-27 18:20:00+00:00,0,0.49681352281564706
2026-02-27 18:25:00+00:00,0,0.505317615622845
2026-02-27 18:30:00+00:00,0,0.4763299774742009
2026-02-27 18:35:00+00:00,0,0.47374234208095173
2026-02-27 18:40:00+00:00,0,0.4664890559951751
2026-02-27 18:45:00+00:00,0,0.48039259169436443
2026-02-27 18:50:00+00:00,0,0.512451822577392
2026-02-27 18:55:00+00:00,0,0.5027660547205974
2026-02-27 19:00:00+00:00,0,0.5162570507750582
2026-02-27 19:05:00+00:00,0,0.5217649661374407
2026-02-27 19:10:00+00:00,0,0.5130716573221418
2026-02-27 19:15:00+00:00,0,0.5206037967019674
2026-02-27 19:20:00+00:00,0,0.5098797100834284
2026-02-27 19:25:00+00:00,0,0.5011915981145703
2026-02-27 19:30:00+00:00,0,0.5198675560101327
2026-02-27 19:35:00+00:00,1,0.5196561393942698
2026-02-27 19:40:00+00:00,1,0.5414761024745854
2026-02-27 19:45:00+00:00,1,0.5160220396110543
2026-02-27 19:50:00+00:00,1,0.4939407827578975
2026-02-27 19:55:00+00:00,0,0.5023225205599748
2026-02-27 20:00:00+00:00,0,0.5161731150568155
2026-02-27 20:05:00+00:00,0,0.5015440058173913
2026-02-27 20:10:00+00:00,0,0.5086556608633998
2026-02-27 20:15:00+00:00,0,0.5035656038584632
2026-02-27 20:20:00+00:00,0,0.5145165063235281
2026-02-27 20:25:00+00:00,0,0.5189192869611724
2026-02-27 20:30:00+00:00,1,0.5309612733544112
2026-02-27 20:35:00+00:00,1,0.5282460308930066
2026-02-27 20:40:00+00:00,1,0.5235586567872896
2026-02-27 20:45:00+00:00,1,0.5277997641445733
2026-02-27 20:50:00+00:00,1,0.5132798299341002
2026-02-27 20:55:00+00:00,1,0.495370840553046
2026-02-27 21:00:00+00:00,0,0.5042516981163743
2026-02-27 21:05:00+00:00,0,0.5091787695152351
2026-02-27 21:10:00+00:00,0,0.508858477898032
2026-02-27 21:15:00+00:00,0,0.5155372580646487
2026-02-27 21:20:00+00:00,0,0.5185372116048251
2026-02-27 21:25:00+00:00,0,0.5178154703920586
2026-02-27 21:30:00+00:00,0,0.5139779405024419
2026-02-27 21:35:00+00:00,0,0.5192117044945174
2026-02-27 21:40:00+00:00,0,0.5246984779193788
2026-02-27 21:45:00+00:00,1,0.5305737757810278
2026-02-27 21:50:00+00:00,0,0.5273699127370519
2026-02-27 21:55:00+00:00,0,0.5106713157207533
2026-02-27 22:00:00+00:00,0,0.5012418505240097
2026-02-27 22:05:00+00:00,0,0.5011718262109712
2026-02-27 22:10:00+00:00,0,0.5009782900453965
2026-02-27 22:15:00+00:00,0,0.48720627925231574
2026-02-27 22:20:00+00:00,1,0.5041756830497078
2026-02-27 22:25:00+00:00,1,0.49524363042323566
2026-02-27 22:30:00+00:00,1,0.47701631765403274
2026-02-27 22:35:00+00:00,1,0.5031137401064415
2026-02-27 22:40:00+00:00,1,0.5165550109560801
2026-02-27 22:45:00+00:00,1,0.5057424248872047
2026-02-27 22:50:00+00:00,1,0.5191804611924546
2026-02-27 22:55:00+00:00,1,0.4952982286464774
2026-02-27 23:00:00+00:00,1,0.49869656478368934
2026-02-27 23:05:00+00:00,1,0.5066882675124652
2026-02-27 23:10:00+00:00,1,0.5011535880907191
2026-02-27 23:15:00+00:00,1,0.501001659414666
2026-02-27 23:20:00+00:00,1,0.48278505710942116
2026-02-27 23:25:00+00:00,1,0.49706909929441756
2026-02-27 23:30:00+00:00,1,0.47557950228292906
2026-02-27 23:35:00+00:00,1,0.4411729150213606
2026-02-27 23:40:00+00:00,1,0.46349595398031146
2026-02-27 23:45:00+00:00,1,0.4606114569136177
2026-02-27 23:50:00+00:00,1,0.44535697119434786
2026-02-27 23:55:00+00:00,1,0.4251737486860204
2026-02-28 00:00:00+00:00,1,0.411810058725961
2026-02-28 00:05:00+00:00,1,0.41823825935766495
2026-02-28 00:10:00+00:00,1,0.42569242053332723
2026-02-28 00:15:00+00:00,1,0.4464705676197923
2026-02-28 00:20:00+00:00,1,0.44134349787988963
2026-02-28 00:25:00+00:00,1,0.5014618509133607
2026-02-28 00:30:00+00:00,1,0.4905620987614591
2026-02-28 00:35:00+00:00,1,0.49016336262309157
2026-02-28 00:40:00+00:00,0,0.4741300191724918
2026-02-28 00:45:00+00:00,0,0.48125667202314054
2026-02-28 00:50:00+00:00,1,0.4686392424793587
2026-02-28 00:55:00+00:00,0,0.45308204453485035
2026-02-28 01:00:00+00:00,0,0.4395171535255478
2026-02-28 01:05:00+00:00,0,0.4764309264057978
2026-02-28 01:10:00+00:00,0,0.4699694616122122
2026-02-28 01:15:00+00:00,0,0.48184260544881363
2026-02-28 01:20:00+00:00,0,0.46743549593106637
2026-02-28 01:25:00+00:00,0,0.4718238580465745
2026-02-28 01:30:00+00:00,1,0.500741612212283
2026-02-28 01:35:00+00:00,1,0.5007834150050958
2026-02-28 01:40:00+00:00,1,0.5066718448924419
2026-02-28 01:45:00+00:00,1,0.4992310203346021
2026-02-28 01:50:00+00:00,0,0.49103238222250456
2026-02-28 01:55:00+00:00,1,0.49030215993077186
2026-02-28 02:00:00+00:00,1,0.48014073108415495
2026-02-28 02:05:00+00:00,1,0.45850757492625344
2026-02-28 02:10:00+00:00,1,0.4873413748053565
2026-02-28 02:15:00+00:00,1,0.4724872243398814
2026-02-28 02:20:00+00:00,1,0.47519278198838155
2026-02-28 02:25:00+00:00,1,0.4715656719605781
2026-02-28 02:30:00+00:00,0,0.4673859843151324
2026-02-28 02:35:00+00:00,0,0.4693259606600223
2026-02-28 02:40:00+00:00,0,0.42901103937577323
2026-02-28 02:45:00+00:00,0,0.43440077235926344
2026-02-28 02:50:00+00:00,0,0.4306880475344134
2026-02-28 02:55:00+00:00,0,0.4296146318579928
2026-02-28 03:00:00+00:00,0,0.4610488575418748
2026-02-28 03:05:00+00:00,0,0.46651123783345444
2026-02-28 03:10:00+00:00,0,0.4552530120116377
2026-02-28 03:15:00+00:00,0,0.4393318839952856
2026-02-28 03:20:00+00:00,0,0.4764450338108176
2026-02-28 03:25:00+00:00,0,0.46807465009456156
2026-02-28 03:30:00+00:00,0,0.535341109210003
2026-02-28 03:35:00+00:00,0,0.49502543386864445
2026-02-28 03:40:00+00:00,0,0.5005987743091886
2026-02-28 03:45:00+00:00,0,0.5081428209021471
2026-02-28 03:50:00+00:00,1,0.5115983274799067
2026-02-28 03:55:00+00:00,0,0.5075289517498455
2026-02-28 04:00:00+00:00,0,0.504147574714793
2026-02-28 04:05:00+00:00,0,0.4764775060278852
2026-02-28 04:10:00+00:00,0,0.48187097114806704
2026-02-28 04:15:00+00:00,1,0.4920863424699158
2026-02-28 04:20:00+00:00,0,0.4776144074409875
2026-02-28 04:25:00+00:00,1,0.4893283953518165
2026-02-28 04:30:00+00:00,1,0.4964442296318062
2026-02-28 04:35:00+00:00,1,0.47972358441646673
2026-02-28 04:40:00+00:00,1,0.46347582972822604
2026-02-28 04:45:00+00:00,1,0.45389465315985883
2026-02-28 04:50:00+00:00,1,0.4554685077928474
2026-02-28 04:55:00+00:00,0,0.4387450960437114
2026-02-28 05:00:00+00:00,0,0.4807935900009687
2026-02-28 05:05:00+00:00,0,0.4843647199754302
2026-02-28 05:10:00+00:00,0,0.46529088071787333
2026-02-28 05:15:00+00:00,0,0.49764470252784804
2026-02-28 05:20:00+00:00,0,0.5012542044699191
2026-02-28 05:25:00+00:00,0,0.5127661063562712
2026-02-28 05:30:00+00:00,1,0.5187847833414083
2026-02-28 05:35:00+00:00,1,0.5223950728526766
2026-02-28 05:40:00+00:00,0,0.5172936201964417
2026-02-28 05:45:00+00:00,0,0.5172722841357231
2026-02-28 05:50:00+00:00,0,0.5260602880444316
2026-02-28 05:55:00+00:00,0,0.5195562897165642
2026-02-28 06:00:00+00:00,0,0.5251899623744491
2026-02-28 06:05:00+00:00,0,0.5324407676204846
2026-02-28 06:10:00+00:00,0,0.5379498043977933
2026-02-28 06:15:00+00:00,0,0.5678655938022549
2026-02-28 06:20:00+00:00,0,0.5790415029810633
2026-02-28 06:25:00+00:00,0,0.5804564840672942
2026-02-28 06:30:00+00:00,0,0.5687858171083406
2026-02-28 06:35:00+00:00,0,0.49436750986872346
2026-02-28 06:40:00+00:00,0,0.5543596620362589
2026-02-28 06:45:00+00:00,0,0.5600046162726248
2026-02-28 06:50:00+00:00,0,0.5465563819387108
2026-02-28 06:55:00+00:00,1,0.5380713829888546
2026-02-28 07:00:00+00:00,1,0.5823463110017779
2026-02-28 07:05:00+00:00,1,0.5987074615358942
2026-02-28 07:10:00+00:00,1,0.5931034578521243
2026-02-28 07:15:00+00:00,1,0.5777603662316622
2026-02-28 07:20:00+00:00,1,0.6174980437778846
2026-02-28 07:25:00+00:00,1,0.5717050455131347
2026-02-28 07:30:00+00:00,0,0.5486891308774142
2026-02-28 07:35:00+00:00,0,0.5331580215385364
2026-02-28 07:40:00+00:00,0,0.5232186767244811
2026-02-28 07:45:00+00:00,0,0.5326210726261654
2026-02-28 07:50:00+00:00,0,0.5221094057245445
2026-02-28 07:55:00+00:00,0,0.5481514804163808
2026-02-28 08:00:00+00:00,0,0.5505894361022742
2026-02-28 08:05:00+00:00,0,0.5610419595260082
2026-02-28 08:10:00+00:00,0,0.580506684343789
2026-02-28 08:15:00+00:00,0,0.5883470550007125
2026-02-28 08:20:00+00:00,0,0.590787963293944
2026-02-28 08:25:00+00:00,0,0.6006657029384703
2026-02-28 08:30:00+00:00,0,0.5779501088044662
2026-02-28 08:35:00+00:00,0,0.5477491220624254
2026-02-28 08:40:00+00:00,1,0.5731983346686415
2026-02-28 08:45:00+00:00,0,0.5346959126634715
2026-02-28 08:50:00+00:00,1,0.518151995321257
2026-02-28 08:55:00+00:00,1,0.5028196243311888
2026-02-28 09:00:00+00:00,1,0.530185824556883
2026-02-28 09:05:00+00:00,1,0.5474036055089985
2026-02-28 09:10:00+00:00,0,0.5540285889848832
2026-02-28 09:15:00+00:00,0,0.5720551158550126
2026-02-28 09:20:00+00:00,0,0.4945901897678791
2026-02-28 09:25:00+00:00,0,0.4828272283800311
2026-02-28 09:30:00+00:00,0,0.49782920036096484
2026-02-28 09:35:00+00:00,0,0.5462891204333499
2026-02-28 09:40:00+00:00,0,0.550833008947305
2026-02-28 09:45:00+00:00,1,0.5727493075043063
2026-02-28 09:50:00+00:00,0,0.5598932143280431
2026-02-28 09:55:00+00:00,0,0.5531305681496571
2026-02-28 10:00:00+00:00,1,0.5859036326024012
2026-02-28 10:05:00+00:00,1,0.5579451757536384
2026-02-28 10:10:00+00:00,1,0.5611586277835175
2026-02-28 10:15:00+00:00,1,0.563178511992963
2026-02-28 10:20:00+00:00,1,0.5396663131997356
2026-02-28 10:25:00+00:00,1,0.5093585242904787
2026-02-28 10:30:00+00:00,1,0.46376619354103804
2026-02-28 10:35:00+00:00,0,0.4743718690784544
2026-02-28 10:40:00+00:00,1,0.49315968131648313
2026-02-28 10:45:00+00:00,1,0.46864327021556174
2026-02-28 10:50:00+00:00,1,0.4569504798872259
2026-02-28 10:55:00+00:00,1,0.44843649192372126
2026-02-28 11:00:00+00:00,0,0.44208778835492973
2026-02-28 11:05:00+00:00,0,0.45388826600235427
2026-02-28 11:10:00+00:00,0,0.4411451527879437
2026-02-28 11:15:00+00:00,0,0.4565415025831683
2026-02-28 11:20:00+00:00,0,0.4336682816387789
2026-02-28 11:25:00+00:00,0,0.4478517807208023
2026-02-28 11:30:00+00:00,0,0.446299434600958
2026-02-28 11:35:00+00:00,0,0.48440483835428155
2026-02-28 11:40:00+00:00,0,0.48405680423501496
2026-02-28 11:45:00+00:00,0,0.4879110536357775
2026-02-28 11:50:00+00:00,1,0.4817654324013934
2026-02-28 11:55:00+00:00,1,0.49267855660380905
2026-02-28 12:00:00+00:00,1,0.48441075861819227
2026-02-28 12:05:00+00:00,1,0.4877120574590828
2026-02-28 12:10:00+00:00,1,0.47820369622764825
2026-02-28 12:15:00+00:00,0,0.5000312424969331
2026-02-28 12:20:00+00:00,0,0.466655062084979
2026-02-28 12:25:00+00:00,1,0.490592512874729
2026-02-28 12:30:00+00:00,1,0.5004831262895858
2026-02-28 12:35:00+00:00,1,0.506698277217762
2026-02-28 12:40:00+00:00,1,0.490814097528268
2026-02-28 12:45:00+00:00,1,0.451671264632623
2026-02-28 12:50:00+00:00,1,0.4430366904764447
2026-02-28 12:55:00+00:00,1,0.46056518852693473
2026-02-28 13:00:00+00:00,1,0.4613290843763906
2026-02-28 13:05:00+00:00,0,0.4691883715059994
2026-02-28 13:10:00+00:00,0,0.44495011627877307
2026-02-28 13:15:00+00:00,1,0.46599775824247625
2026-02-28 13:20:00+00:00,1,0.4752751255344392
2026-02-28 13:25:00+00:00,1,0.4824627642132797
2026-02-28 13:30:00+00:00,1,0.5002861313350757
2026-02-28 13:35:00+00:00,1,0.49599700054524176
2026-02-28 13:40:00+00:00,1,0.46056060191045833
2026-02-28 13:45:00+00:00,1,0.4328177106866344
2026-02-28 13:50:00+00:00,0,0.47251138499204587
2026-02-28 13:55:00+00:00,0,0.5307166885795497
2026-02-28 14:00:00+00:00,0,0.4945107207325444
2026-02-28 14:05:00+00:00,1,0.47310487636964443
2026-02-28 14:10:00+00:00,1,0.46525073651830917
2026-02-28 14:15:00+00:00,0,0.4536022973017664
2026-02-28 14:20:00+00:00,0,0.4649895257749293
2026-02-28 14:25:00+00:00,0,0.4709939530910476
2026-02-28 14:30:00+00:00,0,0.4730151039668098
2026-02-28 14:35:00+00:00,0,0.4387410856268931
2026-02-28 14:40:00+00:00,0,0.45285898599099034
2026-02-28 14:45:00+00:00,0,0.4978177668318423
2026-02-28 14:50:00+00:00,1,0.48866663244336306
2026-02-28 14:55:00+00:00,1,0.5079064821326142
2026-02-28 15:00:00+00:00,1,0.5104066724225859
2026-02-28 15:05:00+00:00,1,0.5145223298303173
2026-02-28 15:10:00+00:00,1,0.5335740778075351
2026-02-28 15:15:00+00:00,1,0.5136383943250085
2026-02-28 15:20:00+00:00,1,0.5132159573783031
2026-02-28 15:25:00+00:00,0,0.48468334621015535
2026-02-28 15:30:00+00:00,0,0.4887654421627126
2026-02-28 15:35:00+00:00,0,0.4870779854943434
2026-02-28 15:40:00+00:00,1,0.5212472798431613
2026-02-28 15:45:00+00:00,0,0.5121458344333373
2026-02-28 15:50:00+00:00,1,0.5041648635747007
2026-02-28 15:55:00+00:00,0,0.5056135190579677
2026-02-28 16:00:00+00:00,1,0.4847638928031442
2026-02-28 16:05:00+00:00,0,0.4921458389263387
2026-02-28 16:10:00+00:00,1,0.47492283817128106
2026-02-28 16:15:00+00:00,1,0.468639853583899
2026-02-28 16:20:00+00:00,1,0.467974736241237
2026-02-28 16:25:00+00:00,1,0.47288056680779417
2026-02-28 16:30:00+00:00,1,0.4922537360655364
2026-02-28 16:35:00+00:00,1,0.4988922201324139
2026-02-28 16:40:00+00:00,0,0.46024818733642303
2026-02-28 16:45:00+00:00,1,0.4634667315526848
2026-02-28 16:50:00+00:00,0,0.4607656759094746
2026-02-28 16:55:00+00:00,1,0.45364761119874325
2026-02-28 17:00:00+00:00,1,0.4606806598343427
2026-02-28 17:05:00+00:00,1,0.4836215639962043
2026-02-28 17:10:00+00:00,0,0.4825014380386548
2026-02-28 17:15:00+00:00,1,0.4851007426699533
2026-02-28 17:20:00+00:00,1,0.48674784630046275
2026-02-28 17:25:00+00:00,1,0.47419913380516654
2026-02-28 17:30:00+00:00,1,0.44267258988888836
2026-02-28 17:35:00+00:00,1,0.44644288996248066
2026-02-28 17:40:00+00:00,1,0.5109236885393081
2026-02-28 17:45:00+00:00,1,0.47987896879910763
2026-02-28 17:50:00+00:00,1,0.4668389975141925
2026-02-28 17:55:00+00:00,0,0.5189455468723688
2026-02-28 18:00:00+00:00,1,0.5098319857735714
2026-02-28 18:05:00+00:00,1,0.5020145960671745
2026-02-28 18:10:00+00:00,1,0.45862728956224147
2026-02-28 18:15:00+00:00,1,0.468448096382507
2026-02-28 18:20:00+00:00,1,0.49294630189373645
2026-02-28 18:25:00+00:00,1,0.4953760828949089
2026-02-28 18:30:00+00:00,1,0.4981544712263426
2026-02-28 18:35:00+00:00,1,0.47894006872833816
2026-02-28 18:40:00+00:00,1,0.4809235209010754
2026-02-28 18:45:00+00:00,0,0.4599519717338896
2026-02-28 18:50:00+00:00,0,0.50303220105824
2026-02-28 18:55:00+00:00,0,0.4321827519916669
2026-02-28 19:00:00+00:00,1,0.43568254758621033
2026-02-28 19:05:00+00:00,1,0.43313566322632446
2026-02-28 19:10:00+00:00,1,0.43661612710264813
2026-02-28 19:15:00+00:00,1,0.4517736510199979
2026-02-28 19:20:00+00:00,1,0.4655049860714585
2026-02-28 19:25:00+00:00,1,0.48392448983904773
2026-02-28 19:30:00+00:00,1,0.44578148210562074
2026-02-28 19:35:00+00:00,0,0.5220841336154846
2026-02-28 19:40:00+00:00,1,0.4718138088543893
2026-02-28 19:45:00+00:00,1,0.4705775180727634
2026-02-28 19:50:00+00:00,1,0.46992526728201606
2026-02-28 19:55:00+00:00,1,0.45036814639487394
2026-02-28 20:00:00+00:00,1,0.46459614329935844
2026-02-28 20:05:00+00:00,1,0.4530826802924904
2026-02-28 20:10:00+00:00,1,0.458156185835571
2026-02-28 20:15:00+00:00,1,0.4604830600042206
2026-02-28 20:20:00+00:00,1,0.4966602334909984
2026-02-28 20:25:00+00:00,1,0.48900753663821317
2026-02-28 20:30:00+00:00,0,0.4766716060951953
2026-02-28 20:35:00+00:00,0,0.5190876771697515
2026-02-28 20:40:00+00:00,0,0.5099743218794258
2026-02-28 20:45:00+00:00,0,0.501837264091789
2026-02-28 20:50:00+00:00,0,0.46632706874581253
2026-02-28 20:55:00+00:00,0,0.45082390303334946
2026-02-28 21:00:00+00:00,0,0.4992235186998006
2026-02-28 21:05:00+00:00,1,0.5266182359457698
2026-02-28 21:10:00+00:00,0,0.5197504744572036
2026-02-28 21:15:00+00:00,1,0.5270224932790216
2026-02-28 21:20:00+00:00,0,0.5265155115175596
2026-02-28 21:25:00+00:00,1,0.5467924631946793
2026-02-28 21:30:00+00:00,1,0.5311918706166827
2026-02-28 21:35:00+00:00,1,0.5551366517615794
2026-02-28 21:40:00+00:00,1,0.5441231577588832
2026-02-28 21:45:00+00:00,1,0.5353772922348372
2026-02-28 21:50:00+00:00,1,0.5393708374459377
2026-02-28 21:55:00+00:00,1,0.5345565071315351
2026-02-28 22:00:00+00:00,1,0.5177647799688101
2026-02-28 22:05:00+00:00,1,0.5325078866167982
2026-02-28 22:10:00+00:00,1,0.5238550432757482
2026-02-28 22:15:00+00:00,1,0.4879328626245705
2026-02-28 22:20:00+00:00,1,0.4934199055298388
2026-02-28 22:25:00+00:00,1,0.4987269337263575
2026-02-28 22:30:00+00:00,0,0.5181454783175298
2026-02-28 22:35:00+00:00,0,0.5209742777673757
2026-02-28 22:40:00+00:00,0,0.4984830621982039
2026-02-28 22:45:00+00:00,0,0.49464489808394196
2026-02-28 22:50:00+00:00,0,0.5036599691646776
2026-02-28 22:55:00+00:00,0,0.5194750110365451
2026-02-28 23:00:00+00:00,0,0.4921813305923808
2026-02-28 23:05:00+00:00,0,0.49734079563894035
2026-02-28 23:10:00+00:00,0,0.5039136443280772
2026-02-28 23:15:00+00:00,1,0.5231791065163883
2026-02-28 23:20:00+00:00,0,0.5157855448128855
2026-02-28 23:25:00+00:00,1,0.5045009625590154
2026-02-28 23:30:00+00:00,1,0.48057876139708255
2026-02-28 23:35:00+00:00,1,0.45513775305648524
2026-02-28 23:40:00+00:00,0,0.4655219024498125
2026-02-28 23:45:00+00:00,0,0.49228830791184863
2026-02-28 23:50:00+00:00,0,0.4928076749515907
2026-02-28 23:55:00+00:00,0,0.5004884806240183
2026-03-01 00:00:00+00:00,0,0.48043602895025184
2026-03-01 00:05:00+00:00,0,0.4801387959826743
2026-03-01 00:10:00+00:00,0,0.49095359861230664
2026-03-01 00:15:00+00:00,0,0.48259452346653003
2026-03-01 00:20:00+00:00,0,0.4797773880090133
2026-03-01 00:25:00+00:00,0,0.4602633175325167
2026-03-01 00:30:00+00:00,0,0.45989611234877326
2026-03-01 00:35:00+00:00,0,0.4713061391143561
2026-03-01 00:40:00+00:00,0,0.4646447431468368
2026-03-01 00:45:00+00:00,0,0.4633308859284401
2026-03-01 00:50:00+00:00,0,0.48024046618461114
2026-03-01 00:55:00+00:00,0,0.4632651494169597
2026-03-01 01:00:00+00:00,1,0.48778914711586335
2026-03-01 01:05:00+00:00,1,0.49506076345915145
2026-03-01 01:10:00+00:00,1,0.5126632413183275
2026-03-01 01:15:00+00:00,1,0.515062282525156
2026-03-01 01:20:00+00:00,1,0.5170341850414121
2026-03-01 01:25:00+00:00,1,0.5185291911302313
2026-03-01 01:30:00+00:00,1,0.49998154753361695
2026-03-01 01:35:00+00:00,1,0.4933002627235102
2026-03-01 01:40:00+00:00,1,0.49399939309485097
2026-03-01 01:45:00+00:00,1,0.5087978143013682
2026-03-01 01:50:00+00:00,1,0.49008038881573784
2026-03-01 01:55:00+00:00,1,0.4726918571736641
2026-03-01 02:00:00+00:00,1,0.5525143011145912
2026-03-01 02:05:00+00:00,1,0.5211491263739323
2026-03-01 02:10:00+00:00,1,0.5012693750018514
2026-03-01 02:15:00+00:00,1,0.4824729165943651
2026-03-01 02:20:00+00:00,1,0.4795242994601717
2026-03-01 02:25:00+00:00,1,0.5101040843902066
2026-03-01 02:30:00+00:00,0,0.5180120733407827
2026-03-01 02:35:00+00:00,1,0.4947867443476103
2026-03-01 02:40:00+00:00,0,0.4943074764604875
2026-03-01 02:45:00+00:00,1,0.49360353959952785
2026-03-01 02:50:00+00:00,0,0.49736475005921277
2026-03-01 02:55:00+00:00,0,0.5020140941059947
2026-03-01 03:00:00+00:00,0,0.4860833115880751
2026-03-01 03:05:00+00:00,0,0.4598214407863727
2026-03-01 03:10:00+00:00,0,0.47327641781343865
2026-03-01 03:15:00+00:00,0,0.45993441858946676
2026-03-01 03:20:00+00:00,0,0.47731436645902275
2026-03-01 03:25:00+00:00,0,0.46815490242259894
2026-03-01 03:30:00+00:00,0,0.47037869476800914
2026-03-01 03:35:00+00:00,0,0.467733884300528
2026-03-01 03:40:00+00:00,0,0.4759042492348236
2026-03-01 03:45:00+00:00,0,0.4842082741578252
2026-03-01 03:50:00+00:00,0,0.5046233492227051
2026-03-01 03:55:00+00:00,0,0.49510267384236895
2026-03-01 04:00:00+00:00,0,0.4802110216126161
2026-03-01 04:05:00+00:00,1,0.48919221536874313
2026-03-01 04:10:00+00:00,1,0.46976222054690897
2026-03-01 04:15:00+00:00,1,0.5171248519104796
2026-03-01 04:20:00+00:00,1,0.48159149685012953
2026-03-01 04:25:00+00:00,1,0.4901228025383963
2026-03-01 04:30:00+00:00,1,0.4874174722495913
2026-03-01 04:35:00+00:00,1,0.4974280522522102
2026-03-01 04:40:00+00:00,0,0.4755805316475098
2026-03-01 04:45:00+00:00,0,0.46284974925097727
2026-03-01 04:50:00+00:00,0,0.4745485741109031
2026-03-01 04:55:00+00:00,1,0.4818210074911801
2026-03-01 05:00:00+00:00,1,0.4915284140158438
2026-03-01 05:05:00+00:00,0,0.4481958863931671
2026-03-01 05:10:00+00:00,1,0.4829251090079698
2026-03-01 05:15:00+00:00,1,0.4785053432600356
2026-03-01 05:20:00+00:00,0,0.4623009399589628
2026-03-01 05:25:00+00:00,0,0.4554329849041414
2026-03-01 05:30:00+00:00,0,0.48100966489623537
2026-03-01 05:35:00+00:00,0,0.5030084978161038
2026-03-01 05:40:00+00:00,0,0.526968855713693
2026-03-01 05:45:00+00:00,0,0.523328815050126
2026-03-01 05:50:00+00:00,0,0.5354939133590224
2026-03-01 05:55:00+00:00,0,0.533073394261033
2026-03-01 06:00:00+00:00,0,0.5102969833881446
2026-03-01 06:05:00+00:00,0,0.5371588379088544
2026-03-01 06:10:00+00:00,0,0.5458224340649139
2026-03-01 06:15:00+00:00,0,0.5342394595157788
2026-03-01 06:20:00+00:00,0,0.5379429282102142
2026-03-01 06:25:00+00:00,0,0.5428819138139295
2026-03-01 06:30:00+00:00,0,0.5259245941671018
2026-03-01 06:35:00+00:00,1,0.5175521547386998
2026-03-01 06:40:00+00:00,1,0.5001079322535769
2026-03-01 06:45:00+00:00,1,0.511816759519304
2026-03-01 06:50:00+00:00,1,0.4971052398593484
2026-03-01 06:55:00+00:00,1,0.5045669103279521
2026-03-01 07:00:00+00:00,1,0.5290693911915771
2026-03-01 07:05:00+00:00,1,0.516962737086885
2026-03-01 07:10:00+00:00,1,0.5003748404310283
2026-03-01 07:15:00+00:00,1,0.5146369322959059
2026-03-01 07:20:00+00:00,1,0.5173776546936497
2026-03-01 07:25:00+00:00,1,0.5094671900109111
2026-03-01 07:30:00+00:00,0,0.5177781767591156
2026-03-01 07:35:00+00:00,0,0.5084859056909936
2026-03-01 07:40:00+00:00,1,0.5169649097834607
2026-03-01 07:45:00+00:00,0,0.5046205049729111
2026-03-01 07:50:00+00:00,1,0.5011006305958835
2026-03-01 07:55:00+00:00,1,0.5282524800676706
2026-03-01 08:00:00+00:00,0,0.5201675866398533
2026-03-01 08:05:00+00:00,0,0.5103363433290937
2026-03-01 08:10:00+00:00,0,0.49754238681717505
2026-03-01 08:15:00+00:00,0,0.5024103353376869
2026-03-01 08:20:00+00:00,0,0.49888268276242304
2026-03-01 08:25:00+00:00,0,0.5063971193977743
2026-03-01 08:30:00+00:00,0,0.5236052639161644
2026-03-01 08:35:00+00:00,0,0.4982429282283148
2026-03-01 08:40:00+00:00,0,0.4969435556896637
2026-03-01 08:45:00+00:00,0,0.526063236054867
2026-03-01 08:50:00+00:00,1,0.5032279335351377
2026-03-01 08:55:00+00:00,1,0.507036819523974
2026-03-01 09:00:00+00:00,0,0.45333369211064495
2026-03-01 09:05:00+00:00,0,0.4634211716951087
2026-03-01 09:10:00+00:00,0,0.462115662336979
2026-03-01 09:15:00+00:00,0,0.4487031974613237
2026-03-01 09:20:00+00:00,0,0.4637372045967473
2026-03-01 09:25:00+00:00,0,0.47012072064921545
2026-03-01 09:30:00+00:00,0,0.47651324795686106
2026-03-01 09:35:00+00:00,0,0.4651533959896944
2026-03-01 09:40:00+00:00,1,0.47681399607757186
2026-03-01 09:45:00+00:00,0,0.4968976551245734
2026-03-01 09:50:00+00:00,1,0.5077704539980273
2026-03-01 09:55:00+00:00,1,0.4992681938682338
2026-03-01 10:00:00+00:00,1,0.5089634397998566
2026-03-01 10:05:00+00:00,1,0.4900838315279677
2026-03-01 10:10:00+00:00,0,0.4982600228635545
2026-03-01 10:15:00+00:00,1,0.497012267202708
2026-03-01 10:20:00+00:00,1,0.49213582990048593
2026-03-01 10:25:00+00:00,1,0.46106487855375344
2026-03-01 10:30:00+00:00,1,0.4574421403958416
2026-03-01 10:35:00+00:00,1,0.471842886247578
2026-03-01 10:40:00+00:00,1,0.47063391950955635
2026-03-01 10:45:00+00:00,1,0.46226518405922457
2026-03-01 10:50:00+00:00,1,0.466517609237018
2026-03-01 10:55:00+00:00,1,0.4642968313767519
2026-03-01 11:00:00+00:00,0,0.4597783426775773
2026-03-01 11:05:00+00:00,0,0.44707052901948746
2026-03-01 11:10:00+00:00,0,0.4487152145300759
2026-03-01 11:15:00+00:00,0,0.4391116983487517
2026-03-01 11:20:00+00:00,0,0.4875749084361688
2026-03-01 11:25:00+00:00,0,0.494710843803455
2026-03-01 11:30:00+00:00,0,0.5317305732979324
2026-03-01 11:35:00+00:00,0,0.5337782020800191
2026-03-01 11:40:00+00:00,0,0.5442524844347775
2026-03-01 11:45:00+00:00,1,0.5421115861999724
2026-03-01 11:50:00+00:00,1,0.5454937862963106
2026-03-01 11:55:00+00:00,1,0.5360331833557859
2026-03-01 12:00:00+00:00,0,0.5703093527500854
2026-03-01 12:05:00+00:00,0,0.5489247419494694
2026-03-01 12:10:00+00:00,1,0.567493660329438
2026-03-01 12:15:00+00:00,0,0.5264315005097787
2026-03-01 12:20:00+00:00,0,0.5270334487237274
2026-03-01 12:25:00+00:00,0,0.5280574439704939
2026-03-01 12:30:00+00:00,0,0.5344269492308341
2026-03-01 12:35:00+00:00,0,0.5218203283774145
2026-03-01 12:40:00+00:00,0,0.5243449678103534
2026-03-01 12:45:00+00:00,0,0.5286060304597414
2026-03-01 12:50:00+00:00,0,0.5380411897767958
2026-03-01 12:55:00+00:00,0,0.517113041604795
2026-03-01 13:00:00+00:00,0,0.4849805311129903
2026-03-01 13:05:00+00:00,0,0.4979246843599695
2026-03-01 13:10:00+00:00,0,0.504782738266726
2026-03-01 13:15:00+00:00,0,0.49318767483122894
2026-03-01 13:20:00+00:00,1,0.5107321376821887
2026-03-01 13:25:00+00:00,1,0.507701338215592
2026-03-01 13:30:00+00:00,1,0.49779046580448355
2026-03-01 13:35:00+00:00,1,0.5012979034038941
2026-03-01 13:40:00+00:00,1,0.5122585151716056
2026-03-01 13:45:00+00:00,1,0.49702545737222087
2026-03-01 13:50:00+00:00,0,0.5060813462174558
2026-03-01 13:55:00+00:00,0,0.5170870532940874
2026-03-01 14:00:00+00:00,0,0.5243289706687462
2026-03-01 14:05:00+00:00,0,0.5277950935780102
2026-03-01 14:10:00+00:00,0,0.530992414898714
2026-03-01 14:15:00+00:00,0,0.5025872472177642
2026-03-01 14:20:00+00:00,1,0.4942771949242656
2026-03-01 14:25:00+00:00,1,0.48469398912502404
2026-03-01 14:30:00+00:00,1,0.4854361850341345
2026-03-01 14:35:00+00:00,1,0.4751726135888409
2026-03-01 14:40:00+00:00,1,0.5050742704476485
2026-03-01 14:45:00+00:00,1,0.5014228928403763
2026-03-01 14:50:00+00:00,1,0.4974063844877789
2026-03-01 14:55:00+00:00,1,0.49468532989847697
2026-03-01 15:00:00+00:00,1,0.4962574791049856
2026-03-01 15:05:00+00:00,1,0.4759299015687369
2026-03-01 15:10:00+00:00,1,0.4804016410982521
2026-03-01 15:15:00+00:00,1,0.49490299366184765
2026-03-01 15:20:00+00:00,1,0.48191046330289106
2026-03-01 15:25:00+00:00,0,0.48238320291397585
2026-03-01 15:30:00+00:00,1,0.4576992913932596
2026-03-01 15:35:00+00:00,0,0.4330328361030498
2026-03-01 15:40:00+00:00,0,0.43607806755185496
2026-03-01 15:45:00+00:00,0,0.4416684342692964
2026-03-01 15:50:00+00:00,0,0.4410207841517255
2026-03-01 15:55:00+00:00,1,0.4994713237969974
2026-03-01 16:00:00+00:00,0,0.48044322675489026
2026-03-01 16:05:00+00:00,0,0.4858086865866497
2026-03-01 16:10:00+00:00,0,0.49293032572422757
2026-03-01 16:15:00+00:00,0,0.5030579399751444
2026-03-01 16:20:00+00:00,0,0.5098652980298244
2026-03-01 16:25:00+00:00,0,0.5086097164826278
2026-03-01 16:30:00+00:00,0,0.5125383860796531
2026-03-01 16:35:00+00:00,0,0.5190984537730983
2026-03-01 16:40:00+00:00,0,0.5173597727250332
2026-03-01 16:45:00+00:00,0,0.5173659005074506
2026-03-01 16:50:00+00:00,0,0.5290754222515921
2026-03-01 16:55:00+00:00,0,0.5167495590212132
2026-03-01 17:00:00+00:00,0,0.5416165696916067
2026-03-01 17:05:00+00:00,0,0.5294424114975038
2026-03-01 17:10:00+00:00,0,0.5275081780480065
2026-03-01 17:15:00+00:00,1,0.5388000382454027
2026-03-01 17:20:00+00:00,1,0.537578608324085
2026-03-01 17:25:00+00:00,0,0.5333579209072501
2026-03-01 17:30:00+00:00,1,0.5260242721099444
2026-03-01 17:35:00+00:00,1,0.5044845941032219
2026-03-01 17:40:00+00:00,1,0.5198433602624366
2026-03-01 17:45:00+00:00,1,0.49684099058665676
2026-03-01 17:50:00+00:00,1,0.49887317328028835
2026-03-01 17:55:00+00:00,1,0.5181203014588326
2026-03-01 18:00:00+00:00,0,0.4906171703806566
2026-03-01 18:05:00+00:00,0,0.4772641339400469
2026-03-01 18:10:00+00:00,0,0.4857896271390545
2026-03-01 18:15:00+00:00,0,0.5035903942962296
2026-03-01 18:20:00+00:00,0,0.49911364349582577
2026-03-01 18:25:00+00:00,0,0.4893978030155578
2026-03-01 18:30:00+00:00,0,0.49956273790331907
2026-03-01 18:35:00+00:00,0,0.4987265990823095
2026-03-01 18:40:00+00:00,0,0.5124881369775355
2026-03-01 18:45:00+00:00,0,0.5155143569014004
2026-03-01 18:50:00+00:00,0,0.5144419149339846
2026-03-01 18:55:00+00:00,0,0.4946015664101354
2026-03-01 19:00:00+00:00,0,0.4958536420503791
2026-03-01 19:05:00+00:00,0,0.49793832095995944
2026-03-01 19:10:00+00:00,0,0.5138043931744557
2026-03-01 19:15:00+00:00,0,0.5167891142801045
2026-03-01 19:20:00+00:00,0,0.5080949512307298
2026-03-01 19:25:00+00:00,0,0.5117308588733767
2026-03-01 19:30:00+00:00,0,0.49703189908441925
2026-03-01 19:35:00+00:00,0,0.5060439828839022
2026-03-01 19:40:00+00:00,0,0.5160157992934403
2026-03-01 19:45:00+00:00,0,0.5068735716526629
2026-03-01 19:50:00+00:00,0,0.5203366119803375
2026-03-01 19:55:00+00:00,0,0.5327482501513436
2026-03-01 20:00:00+00:00,0,0.5117452964737365
2026-03-01 20:05:00+00:00,0,0.5198618481609011
2026-03-01 20:10:00+00:00,0,0.5571344170538254
2026-03-01 20:15:00+00:00,0,0.5475746976178882
2026-03-01 20:20:00+00:00,0,0.5307694461342928
2026-03-01 20:25:00+00:00,0,0.5663048323074312
2026-03-01 20:30:00+00:00,0,0.5470859596842095
2026-03-01 20:35:00+00:00,1,0.5553646830676646
2026-03-01 20:40:00+00:00,1,0.5499813781981331
2026-03-01 20:45:00+00:00,1,0.5413760377161396
2026-03-01 20:50:00+00:00,1,0.5462528457869548
2026-03-01 20:55:00+00:00,1,0.5504852098669418
2026-03-01 21:00:00+00:00,1,0.5523402952400317
2026-03-01 21:05:00+00:00,1,0.5429402116499539
2026-03-01 21:10:00+00:00,1,0.5523583611165334
2026-03-01 21:15:00+00:00,1,0.53173415625508
2026-03-01 21:20:00+00:00,1,0.5117564730582425
2026-03-01 21:25:00+00:00,0,0.49117174610900455
2026-03-01 21:30:00+00:00,1,0.4866971692159302
2026-03-01 21:35:00+00:00,1,0.4900350621822635
2026-03-01 21:40:00+00:00,1,0.4834287384800569
2026-03-01 21:45:00+00:00,1,0.49001419693276727
2026-03-01 21:50:00+00:00,1,0.481349253329563
2026-03-01 21:55:00+00:00,1,0.49798204733797585
2026-03-01 22:00:00+00:00,1,0.48083751727117036
2026-03-01 22:05:00+00:00,1,0.48643726711454444
2026-03-01 22:10:00+00:00,0,0.48751472343018
2026-03-01 22:15:00+00:00,0,0.49634088510503316
2026-03-01 22:20:00+00:00,0,0.49315215318735817
2026-03-01 22:25:00+00:00,0,0.4900760680041491
2026-03-01 22:30:00+00:00,1,0.4988681257255858
2026-03-01 22:35:00+00:00,1,0.4966430557555316
2026-03-01 22:40:00+00:00,1,0.49439441760335495
2026-03-01 22:45:00+00:00,1,0.519493444318643
2026-03-01 22:50:00+00:00,1,0.5034615897960454
2026-03-01 22:55:00+00:00,1,0.5130946484973405
2026-03-01 23:00:00+00:00,0,0.5021012679691297
2026-03-01 23:05:00+00:00,0,0.48754397282419343
2026-03-01 23:10:00+00:00,0,0.530085017375319
2026-03-01 23:15:00+00:00,1,0.5338486283015668
2026-03-01 23:20:00+00:00,0,0.5201100094999854
2026-03-01 23:25:00+00:00,1,0.5203503932849791
2026-03-01 23:30:00+00:00,1,0.5151240242155086
2026-03-01 23:35:00+00:00,1,0.5079603187294015
2026-03-01 23:40:00+00:00,1,0.5091418313975894
2026-03-01 23:45:00+00:00,1,0.5054375724139079
2026-03-01 23:50:00+00:00,1,0.5051492512496706
2026-03-01 23:55:00+00:00,1,0.5238042369408805
2026-03-02 00:00:00+00:00,1,0.5168629873407103
2026-03-02 00:05:00+00:00,1,0.5151663459830804
2026-03-02 00:10:00+00:00,1,0.5023887232672061
2026-03-02 00:15:00+00:00,1,0.4941044013696869
2026-03-02 00:20:00+00:00,1,0.4920281566021034
2026-03-02 00:25:00+00:00,1,0.49145263860192
2026-03-02 00:30:00+00:00,1,0.47364578578608824
2026-03-02 00:35:00+00:00,1,0.47440787433042253
2026-03-02 00:40:00+00:00,1,0.4798913445909706
2026-03-02 00:45:00+00:00,1,0.47854404885622626
2026-03-02 00:50:00+00:00,1,0.4719824798507273
2026-03-02 00:55:00+00:00,1,0.46897553080616394
2026-03-02 01:00:00+00:00,1,0.4624647510202162
2026-03-02 01:05:00+00:00,0,0.4644271520382754
2026-03-02 01:10:00+00:00,0,0.4771752889078434
2026-03-02 01:15:00+00:00,0,0.4771912767328395
2026-03-02 01:20:00+00:00,1,0.46799542701626534
2026-03-02 01:25:00+00:00,1,0.4699293796550014
2026-03-02 01:30:00+00:00,0,0.5003150503352833
2026-03-02 01:35:00+00:00,0,0.4936123226270671
2026-03-02 01:40:00+00:00,0,0.5118934061646017
2026-03-02 01:45:00+00:00,0,0.5293497847875326
2026-03-02 01:50:00+00:00,0,0.5351409304576947
2026-03-02 01:55:00+00:00,0,0.515780780855978
2026-03-02 02:00:00+00:00,1,0.49762724554039744
2026-03-02 02:05:00+00:00,1,0.47580745594527957
2026-03-02 02:10:00+00:00,1,0.49017781654027043
2026-03-02 02:15:00+00:00,1,0.4805810864642192
2026-03-02 02:20:00+00:00,0,0.48151324053335565
2026-03-02 02:25:00+00:00,0,0.4875841194633605
2026-03-02 02:30:00+00:00,0,0.4762292669819192
2026-03-02 02:35:00+00:00,0,0.4596583887514164
2026-03-02 02:40:00+00:00,1,0.48016864394515163
2026-03-02 02:45:00+00:00,1,0.494912334899721
2026-03-02 02:50:00+00:00,1,0.4891739020634083
2026-03-02 02:55:00+00:00,1,0.49281230326700803
2026-03-02 03:00:00+00:00,1,0.4791591555476469
2026-03-02 03:05:00+00:00,1,0.4866451547748902
2026-03-02 03:10:00+00:00,1,0.45428671811888083
2026-03-02 03:15:00+00:00,1,0.46185123978534404
2026-03-02 03:20:00+00:00,0,0.4660743717241419
2026-03-02 03:25:00+00:00,0,0.45917374449903625
2026-03-02 03:30:00+00:00,0,0.4642233217970855
2026-03-02 03:35:00+00:00,0,0.4506526946189428
2026-03-02 03:40:00+00:00,0,0.4561907244397447
2026-03-02 03:45:00+00:00,0,0.455077476735493
2026-03-02 03:50:00+00:00,0,0.4568436214699543
2026-03-02 03:55:00+00:00,0,0.47554311298735275
2026-03-02 04:00:00+00:00,0,0.470367926424351
2026-03-02 04:05:00+00:00,0,0.4777126109980263
2026-03-02 04:10:00+00:00,1,0.4823720340440111
2026-03-02 04:15:00+00:00,0,0.4782107104479215
2026-03-02 04:20:00+00:00,0,0.4759468594448979
2026-03-02 04:25:00+00:00,0,0.4813053783467638
2026-03-02 04:30:00+00:00,0,0.49342562141348006
2026-03-02 04:35:00+00:00,0,0.5209643395529954
2026-03-02 04:40:00+00:00,0,0.5103399392379969
2026-03-02 04:45:00+00:00,0,0.5123361340014005
2026-03-02 04:50:00+00:00,0,0.4990481088330241
2026-03-02 04:55:00+00:00,0,0.4872346498607918
2026-03-02 05:00:00+00:00,0,0.48523970764980684
2026-03-02 05:05:00+00:00,1,0.5126189569059015
2026-03-02 05:10:00+00:00,1,0.4994186449698135
2026-03-02 05:15:00+00:00,1,0.4997457614077909
2026-03-02 05:20:00+00:00,1,0.5073476694052522
2026-03-02 05:25:00+00:00,1,0.5066170283691105
2026-03-02 05:30:00+00:00,0,0.5038695852452779
2026-03-02 05:35:00+00:00,0,0.5062831627998496
2026-03-02 05:40:00+00:00,0,0.47635010867399535
2026-03-02 05:45:00+00:00,0,0.5000897498097809
2026-03-02 05:50:00+00:00,0,0.5067234826914181
2026-03-02 05:55:00+00:00,0,0.5027193729779197
2026-03-02 06:00:00+00:00,0,0.5204934386100187
2026-03-02 06:05:00+00:00,0,0.5188099855732639
2026-03-02 06:10:00+00:00,0,0.5108012937058983
2026-03-02 06:15:00+00:00,1,0.4911703521845264
2026-03-02 06:20:00+00:00,1,0.4872713812815438
2026-03-02 06:25:00+00:00,0,0.48430596363023937
2026-03-02 06:30:00+00:00,0,0.4786945730639828
2026-03-02 06:35:00+00:00,0,0.4819122039707722
2026-03-02 06:40:00+00:00,0,0.4790989963445661
2026-03-02 06:45:00+00:00,0,0.497278107062803
2026-03-02 06:50:00+00:00,0,0.5055334648988806
2026-03-02 06:55:00+00:00,0,0.49363223083741126
2026-03-02 07:00:00+00:00,0,0.5143939331321111
2026-03-02 07:05:00+00:00,1,0.5529164869854135
2026-03-02 07:10:00+00:00,1,0.5002867727401162
2026-03-02 07:15:00+00:00,1,0.5003641317579022
2026-03-02 07:20:00+00:00,1,0.4895811638552924
2026-03-02 07:25:00+00:00,1,0.4943414386750984
2026-03-02 07:30:00+00:00,1,0.48793525952582284
2026-03-02 07:35:00+00:00,0,0.4893625973902838
2026-03-02 07:40:00+00:00,0,0.4803382398532918
2026-03-02 07:45:00+00:00,0,0.4834112306569716
2026-03-02 07:50:00+00:00,0,0.46783729119397904
2026-03-02 07:55:00+00:00,0,0.4744583850434971
2026-03-02 08:00:00+00:00,0,0.48094575644167487
2026-03-02 08:05:00+00:00,1,0.4660755375938433
2026-03-02 08:10:00+00:00,0,0.4821519190007473
2026-03-02 08:15:00+00:00,1,0.47505957468767634
2026-03-02 08:20:00+00:00,1,0.524283371586016
2026-03-02 08:25:00+00:00,1,0.520691909123812
2026-03-02 08:30:00+00:00,1,0.5175549957256806
2026-03-02 08:35:00+00:00,1,0.49004469338128914
2026-03-02 08:40:00+00:00,1,0.4857392619119025
2026-03-02 08:45:00+00:00,1,0.4932586904428319
2026-03-02 08:50:00+00:00,1,0.47625535219155085
2026-03-02 08:55:00+00:00,1,0.46438805810350126
2026-03-02 09:00:00+00:00,1,0.4661871713324968
2026-03-02 09:05:00+00:00,0,0.4601676881666629
2026-03-02 09:10:00+00:00,0,0.4466738459107743
2026-03-02 09:15:00+00:00,0,0.4374363838666828
2026-03-02 09:20:00+00:00,0,0.44961667817650103
2026-03-02 09:25:00+00:00,0,0.46138607796318526
2026-03-02 09:30:00+00:00,1,0.46823111519131494
2026-03-02 09:35:00+00:00,1,0.4425071012061234
2026-03-02 09:40:00+00:00,0,0.44286776097564273
2026-03-02 09:45:00+00:00,0,0.454760805671058
2026-03-02 09:50:00+00:00,0,0.46479576351069085
2026-03-02 09:55:00+00:00,0,0.5065244867875657
2026-03-02 10:00:00+00:00,0,0.4684766642412863
2026-03-02 10:05:00+00:00,0,0.48347964650209124
2026-03-02 10:10:00+00:00,0,0.4893093431593536
2026-03-02 10:15:00+00:00,0,0.5032035332577464
2026-03-02 10:20:00+00:00,0,0.5003967597452503
2026-03-02 10:25:00+00:00,0,0.48427051222821677
2026-03-02 10:30:00+00:00,0,0.49819114238464335
2026-03-02 10:35:00+00:00,0,0.49855381136480537
2026-03-02 10:40:00+00:00,0,0.4947514430357661
2026-03-02 10:45:00+00:00,0,0.4999636160738277
2026-03-02 10:50:00+00:00,0,0.49448314364771095
2026-03-02 10:55:00+00:00,0,0.4877835451363724
2026-03-02 11:00:00+00:00,0,0.4914125207251517
2026-03-02 11:05:00+00:00,1,0.5186683784244774
2026-03-02 11:10:00+00:00,1,0.5221340097396047
2026-03-02 11:15:00+00:00,1,0.49804942171530875
2026-03-02 11:20:00+00:00,0,0.485751327248413
2026-03-02 11:25:00+00:00,1,0.4897466593172237
2026-03-02 11:30:00+00:00,1,0.49576956808825307
2026-03-02 11:35:00+00:00,1,0.47428300441828286
2026-03-02 11:40:00+00:00,0,0.48615177758060585
2026-03-02 11:45:00+00:00,0,0.4967186824678907
2026-03-02 11:50:00+00:00,0,0.49861672435001936
2026-03-02 11:55:00+00:00,0,0.49604298359923615
2026-03-02 12:00:00+00:00,0,0.5084722449001131
2026-03-02 12:05:00+00:00,0,0.5066391390205776
2026-03-02 12:10:00+00:00,0,0.5065560775618232
2026-03-02 12:15:00+00:00,0,0.5100845713172455
2026-03-02 12:20:00+00:00,1,0.5015434201920923
2026-03-02 12:25:00+00:00,0,0.49856789427647114
2026-03-02 12:30:00+00:00,0,0.48986147886597964
2026-03-02 12:35:00+00:00,0,0.4976313727509675
2026-03-02 12:40:00+00:00,0,0.5064175852300534
2026-03-02 12:45:00+00:00,1,0.4935191112068215
2026-03-02 12:50:00+00:00,1,0.4981381853342469
2026-03-02 12:55:00+00:00,1,0.5123310894922575
2026-03-02 13:00:00+00:00,1,0.5034865476215246
2026-03-02 13:05:00+00:00,1,0.5087853804622784
2026-03-02 13:10:00+00:00,1,0.4992390239379132
2026-03-02 13:15:00+00:00,0,0.4830262778409496
2026-03-02 13:20:00+00:00,0,0.46920599876996466
2026-03-02 13:25:00+00:00,0,0.47974513363853477
2026-03-02 13:30:00+00:00,0,0.46125009615247353
2026-03-02 13:35:00+00:00,0,0.47842807201876
2026-03-02 13:40:00+00:00,1,0.4845195947417705
2026-03-02 13:45:00+00:00,1,0.4927352391883026
2026-03-02 13:50:00+00:00,1,0.5015547143935398
2026-03-02 13:55:00+00:00,1,0.5013595057600753
2026-03-02 14:00:00+00:00,1,0.5006760774597436
2026-03-02 14:05:00+00:00,1,0.4939104459789593
2026-03-02 14:10:00+00:00,1,0.5092784043595862
2026-03-02 14:15:00+00:00,1,0.5021657140797797
2026-03-02 14:20:00+00:00,1,0.5046147328179985
2026-03-02 14:25:00+00:00,1,0.5032413745956664
2026-03-02 14:30:00+00:00,1,0.4767632951268283
2026-03-02 14:35:00+00:00,1,0.4901145929700505
2026-03-02 14:40:00+00:00,1,0.496758698875546
2026-03-02 14:45:00+00:00,1,0.5041531238822011
2026-03-02 14:50:00+00:00,1,0.48725966232696577
2026-03-02 14:55:00+00:00,1,0.4661674203943001
2026-03-02 15:00:00+00:00,1,0.48254922006914464
2026-03-02 15:05:00+00:00,1,0.5278877533721578
2026-03-02 15:10:00+00:00,1,0.5172309209666266
2026-03-02 15:15:00+00:00,1,0.5222972730224156
2026-03-02 15:20:00+00:00,0,0.5180115998738594
2026-03-02 15:25:00+00:00,1,0.4922745628060365
2026-03-02 15:30:00+00:00,0,0.49654821583707975
2026-03-02 15:35:00+00:00,0,0.4795111170367267
2026-03-02 15:40:00+00:00,0,0.49107295902238407
2026-03-02 15:45:00+00:00,0,0.4851195219636527
2026-03-02 15:50:00+00:00,1,0.46265198942931895
2026-03-02 15:55:00+00:00,1,0.4768241251941874
2026-03-02 16:00:00+00:00,1,0.46127886931794965
2026-03-02 16:05:00+00:00,0,0.4293424966007193
2026-03-02 16:10:00+00:00,1,0.44607704686080313
2026-03-02 16:15:00+00:00,1,0.42458047205063654
2026-03-02 16:20:00+00:00,0,0.42183510508709987
2026-03-02 16:25:00+00:00,0,0.43972090764215493
2026-03-02 16:30:00+00:00,1,0.44744230656097794
2026-03-02 16:35:00+00:00,0,0.4487463405341668
2026-03-02 16:40:00+00:00,0,0.40998915331813307
2026-03-02 16:45:00+00:00,0,0.40639766165473046
2026-03-02 16:50:00+00:00,0,0.404661095356304
2026-03-02 16:55:00+00:00,0,0.4316165243987928
2026-03-02 17:00:00+00:00,0,0.4475884662865912
2026-03-02 17:05:00+00:00,0,0.457126616002594
2026-03-02 17:10:00+00:00,0,0.46265377811725167
2026-03-02 17:15:00+00:00,0,0.4819478250946472
2026-03-02 17:20:00+00:00,0,0.49288036195061696
2026-03-02 17:25:00+00:00,0,0.49517113040449
2026-03-02 17:30:00+00:00,0,0.4882246893981256
2026-03-02 17:35:00+00:00,0,0.5048424391979258
2026-03-02 17:40:00+00:00,1,0.4906153722907769
2026-03-02 17:45:00+00:00,1,0.4958861005186559
2026-03-02 17:50:00+00:00,0,0.5038210922992571
2026-03-02 17:55:00+00:00,0,0.5126503935639861
2026-03-02 18:00:00+00:00,1,0.5069561576953933
2026-03-02 18:05:00+00:00,1,0.5273228131573937
2026-03-02 18:10:00+00:00,1,0.5128807030331953
2026-03-02 18:15:00+00:00,1,0.5318544472792203
2026-03-02 18:20:00+00:00,1,0.4960333910099526
2026-03-02 18:25:00+00:00,0,0.5124092094260525
2026-03-02 18:30:00+00:00,0,0.5193760495807016
2026-03-02 18:35:00+00:00,0,0.5324266327710601
2026-03-02 18:40:00+00:00,0,0.5046321608182055
2026-03-02 18:45:00+00:00,0,0.502204588072922
2026-03-02 18:50:00+00:00,0,0.4803693835127528
2026-03-02 18:55:00+00:00,1,0.4845083112662147
2026-03-02 19:00:00+00:00,1,0.4773559164738826
2026-03-02 19:05:00+00:00,1,0.46739064943158354
2026-03-02 19:10:00+00:00,1,0.5086225965361165
2026-03-02 19:15:00+00:00,1,0.5318850818763444
2026-03-02 19:20:00+00:00,1,0.5169813164073999
2026-03-02 19:25:00+00:00,1,0.49885928553365205
2026-03-02 19:30:00+00:00,1,0.4838817134479537
2026-03-02 19:35:00+00:00,0,0.4663700425645551
2026-03-02 19:40:00+00:00,0,0.47750409923202974
2026-03-02 19:45:00+00:00,0,0.4803236217376933
2026-03-02 19:50:00+00:00,0,0.4804731318405555
2026-03-02 19:55:00+00:00,0,0.45254097375370095
2026-03-02 20:00:00+00:00,0,0.4469832292223145
2026-03-02 20:05:00+00:00,1,0.49748296069703907
2026-03-02 20:10:00+00:00,1,0.5166411709666275
2026-03-02 20:15:00+00:00,1,0.5079092143931191
2026-03-02 20:20:00+00:00,1,0.510165048606656
2026-03-02 20:25:00+00:00,1,0.5071756417694107
2026-03-02 20:30:00+00:00,0,0.5225202285247103
2026-03-02 20:35:00+00:00,1,0.5357305843044504
2026-03-02 20:40:00+00:00,0,0.5200782137710642
2026-03-02 20:45:00+00:00,0,0.5213897191529945
2026-03-02 20:50:00+00:00,1,0.5271904368257123
2026-03-02 20:55:00+00:00,1,0.5372706561419067
2026-03-02 21:00:00+00:00,1,0.5144859676779732
2026-03-02 21:05:00+00:00,1,0.5128135671571293
2026-03-02 21:10:00+00:00,1,0.5010453305630902
2026-03-02 21:15:00+00:00,1,0.5098771454638714
2026-03-02 21:20:00+00:00,1,0.5262647810903186
2026-03-02 21:25:00+00:00,1,0.5158678410183856
2026-03-02 21:30:00+00:00,1,0.49911367138292295
2026-03-02 21:35:00+00:00,1,0.491957675878642
2026-03-02 21:40:00+00:00,0,0.4847812921972222
2026-03-02 21:45:00+00:00,0,0.47934477317958774
2026-03-02 21:50:00+00:00,1,0.5008103818443178
2026-03-02 21:55:00+00:00,1,0.5026833716732172
2026-03-02 22:00:00+00:00,1,0.5010222121856963
2026-03-02 22:05:00+00:00,1,0.4840267864024318
2026-03-02 22:10:00+00:00,1,0.4890809840900957
2026-03-02 22:15:00+00:00,1,0.4892806882744008
2026-03-02 22:20:00+00:00,0,0.48203015264693017
2026-03-02 22:25:00+00:00,0,0.4844722878314957
2026-03-02 22:30:00+00:00,0,0.46182630138289377
2026-03-02 22:35:00+00:00,0,0.4789028219886285
2026-03-02 22:40:00+00:00,0,0.4920727648188528
2026-03-02 22:45:00+00:00,0,0.49080761594776284
2026-03-02 22:50:00+00:00,0,0.47982389752101634
2026-03-02 22:55:00+00:00,0,0.4779940390406287
2026-03-02 23:00:00+00:00,0,0.48746825065278704
2026-03-02 23:05:00+00:00,0,0.487941182103971
2026-03-02 23:10:00+00:00,0,0.4701733923724881
2026-03-02 23:15:00+00:00,0,0.4801155330467855
2026-03-02 23:20:00+00:00,0,0.497638316504614
2026-03-02 23:25:00+00:00,1,0.5261255888307508
2026-03-02 23:30:00+00:00,1,0.5249685945011562
2026-03-02 23:35:00+00:00,1,0.5298740590221453
2026-03-02 23:40:00+00:00,1,0.49426024174366834
2026-03-02 23:45:00+00:00,0,0.49072023339402243
2026-03-02 23:50:00+00:00,0,0.4915569344437313
2026-03-02 23:55:00+00:00,0,0.4922528996508164
2026-03-03 00:00:00+00:00,0,0.5003022222351505
2026-03-03 00:05:00+00:00,0,0.4992123917402751
2026-03-03 00:10:00+00:00,1,0.5046623879150476
2026-03-03 00:15:00+00:00,1,0.5081592420888003
2026-03-03 00:20:00+00:00,1,0.5196874639141972
2026-03-03 00:25:00+00:00,1,0.5165022782038167
2026-03-03 00:30:00+00:00,1,0.5051104084902667
2026-03-03 00:35:00+00:00,1,0.5013667006002871
2026-03-03 00:40:00+00:00,1,0.49811846937085186
2026-03-03 00:45:00+00:00,1,0.5002873583708046
2026-03-03 00:50:00+00:00,1,0.5085229570375055
2026-03-03 00:55:00+00:00,0,0.5182078909070523
2026-03-03 01:00:00+00:00,1,0.5001878290309528
2026-03-03 01:05:00+00:00,1,0.49193877327050817
2026-03-03 01:10:00+00:00,0,0.46450939223174
2026-03-03 01:15:00+00:00,1,0.5010764804082942
2026-03-03 01:20:00+00:00,0,0.49716092873646067
2026-03-03 01:25:00+00:00,0,0.5055903756000633
2026-03-03 01:30:00+00:00,0,0.5106022425510603
2026-03-03 01:35:00+00:00,0,0.4969284414030868
2026-03-03 01:40:00+00:00,0,0.4982316619456693
2026-03-03 01:45:00+00:00,0,0.4980872919470675
2026-03-03 01:50:00+00:00,0,0.49518657846848557
2026-03-03 01:55:00+00:00,0,0.5152218459568129
2026-03-03 02:00:00+00:00,1,0.5285279510663535
2026-03-03 02:05:00+00:00,1,0.5202957690230589
2026-03-03 02:10:00+00:00,1,0.5113206334080775
2026-03-03 02:15:00+00:00,1,0.5265668462043464
2026-03-03 02:20:00+00:00,1,0.5130909420449615
2026-03-03 02:25:00+00:00,1,0.5043091415068404
2026-03-03 02:30:00+00:00,0,0.5052061628902933
2026-03-03 02:35:00+00:00,0,0.5090148192693226
2026-03-03 02:40:00+00:00,0,0.5193365648159456
2026-03-03 02:45:00+00:00,0,0.4934512732051099
2026-03-03 02:50:00+00:00,0,0.5034673063944705
2026-03-03 02:55:00+00:00,0,0.4962346965592501
2026-03-03 03:00:00+00:00,0,0.5136564796241836
2026-03-03 03:05:00+00:00,1,0.5171721207960637
2026-03-03 03:10:00+00:00,0,0.5148595848998063
2026-03-03 03:15:00+00:00,0,0.5196800017314851
2026-03-03 03:20:00+00:00,1,0.5156302550609241
2026-03-03 03:25:00+00:00,1,0.5110598794737322
2026-03-03 03:30:00+00:00,0,0.506712803827873
2026-03-03 03:35:00+00:00,0,0.5198664144407013
2026-03-03 03:40:00+00:00,0,0.5096540494637621
2026-03-03 03:45:00+00:00,0,0.5197860585694593
2026-03-03 03:50:00+00:00,0,0.5148424772742107
2026-03-03 03:55:00+00:00,0,0.5137833265084063
2026-03-03 04:00:00+00:00,0,0.5079171323698721
2026-03-03 04:05:00+00:00,0,0.5212568278668863
2026-03-03 04:10:00+00:00,0,0.5205465577401216
2026-03-03 04:15:00+00:00,0,0.5095142466184993
2026-03-03 04:20:00+00:00,0,0.5043272947100493
2026-03-03 04:25:00+00:00,0,0.5132216981230798
2026-03-03 04:30:00+00:00,0,0.4999040490481467
2026-03-03 04:35:00+00:00,1,0.5024878040783299
2026-03-03 04:40:00+00:00,1,0.5003421008928791
2026-03-03 04:45:00+00:00,1,0.5047631911315539
2026-03-03 04:50:00+00:00,1,0.4938051040943674
2026-03-03 04:55:00+00:00,1,0.5031255080403163
2026-03-03 05:00:00+00:00,1,0.5133543473675368
2026-03-03 05:05:00+00:00,1,0.5251819234273568
2026-03-03 05:10:00+00:00,0,0.5181636646415599
2026-03-03 05:15:00+00:00,0,0.47667228784396076
2026-03-03 05:20:00+00:00,0,0.4675743845707024
2026-03-03 05:25:00+00:00,0,0.48688758938625354
2026-03-03 05:30:00+00:00,0,0.49844421571653397
2026-03-03 05:35:00+00:00,0,0.4888866490208749
2026-03-03 05:40:00+00:00,0,0.5063178489492308
2026-03-03 05:45:00+00:00,1,0.5071013933337689
2026-03-03 05:50:00+00:00,1,0.4869472828411191
2026-03-03 05:55:00+00:00,0,0.47847825923866816
2026-03-03 06:00:00+00:00,1,0.4780693839210231
2026-03-03 06:05:00+00:00,1,0.4781572550695295
2026-03-03 06:10:00+00:00,1,0.48245566173306154
2026-03-03 06:15:00+00:00,1,0.4792287667078699
2026-03-03 06:20:00+00:00,1,0.4924170329242418
2026-03-03 06:25:00+00:00,1,0.495333447069668
2026-03-03 06:30:00+00:00,1,0.5288678599804575
2026-03-03 06:35:00+00:00,0,0.48460033473779535
2026-03-03 06:40:00+00:00,1,0.48826507559386706
2026-03-03 06:45:00+00:00,1,0.5124806678714549
2026-03-03 06:50:00+00:00,1,0.5006921962223961
2026-03-03 06:55:00+00:00,1,0.4943427492049537
2026-03-03 07:00:00+00:00,0,0.4862021033425657
2026-03-03 07:05:00+00:00,1,0.5108531116729172
2026-03-03 07:10:00+00:00,0,0.4853274622512215
2026-03-03 07:15:00+00:00,0,0.49223723082308213
2026-03-03 07:20:00+00:00,0,0.4889737398200838
2026-03-03 07:25:00+00:00,0,0.4994155773836513
2026-03-03 07:30:00+00:00,0,0.49966421930791843
2026-03-03 07:35:00+00:00,0,0.499332111170551
2026-03-03 07:40:00+00:00,0,0.5129556137484281
2026-03-03 07:45:00+00:00,0,0.5137381277555064
2026-03-03 07:50:00+00:00,0,0.49844569372303354
2026-03-03 07:55:00+00:00,0,0.47985779497626574
2026-03-03 08:00:00+00:00,0,0.4548856330858432
2026-03-03 08:05:00+00:00,0,0.47619886918126225
2026-03-03 08:10:00+00:00,0,0.5075020188156422
2026-03-03 08:15:00+00:00,0,0.4939996719265355
2026-03-03 08:20:00+00:00,0,0.4979955445170474
2026-03-03 08:25:00+00:00,0,0.5017077297468593
2026-03-03 08:30:00+00:00,0,0.5121591566331755
2026-03-03 08:35:00+00:00,1,0.5160163564648589
2026-03-03 08:40:00+00:00,1,0.5402098302609475
2026-03-03 08:45:00+00:00,1,0.5450897529970987
2026-03-03 08:50:00+00:00,1,0.5248834439741148
2026-03-03 08:55:00+00:00,0,0.5176990768378036
2026-03-03 09:00:00+00:00,0,0.5110516010292949
2026-03-03 09:05:00+00:00,0,0.4963248787219886
2026-03-03 09:10:00+00:00,0,0.507050537296027
2026-03-03 09:15:00+00:00,0,0.5017157890488146
2026-03-03 09:20:00+00:00,0,0.5186505833312512
2026-03-03 09:25:00+00:00,0,0.5189396711218961
2026-03-03 09:30:00+00:00,0,0.48570480752632855
2026-03-03 09:35:00+00:00,0,0.4906411309968584
2026-03-03 09:40:00+00:00,0,0.4948536942924109
2026-03-03 09:45:00+00:00,0,0.4936509958776949
2026-03-03 09:50:00+00:00,0,0.503777981201172
2026-03-03 09:55:00+00:00,0,0.5164908569042065
2026-03-03 10:00:00+00:00,0,0.4992065633332152
2026-03-03 10:05:00+00:00,1,0.5084068123246349
2026-03-03 10:10:00+00:00,1,0.52388506496889
2026-03-03 10:15:00+00:00,1,0.525274467885601
2026-03-03 10:20:00+00:00,1,0.5194030037804325
2026-03-03 10:25:00+00:00,1,0.5290790909106746
2026-03-03 10:30:00+00:00,1,0.5219829048835543
2026-03-03 10:35:00+00:00,1,0.526652829155475
2026-03-03 10:40:00+00:00,1,0.49332435294066485
2026-03-03 10:45:00+00:00,0,0.4772744865324052
2026-03-03 10:50:00+00:00,1,0.5100573644670922
2026-03-03 10:55:00+00:00,1,0.49208586850654024
2026-03-03 11:00:00+00:00,0,0.49226940490930204
2026-03-03 11:05:00+00:00,1,0.5102231134663165
2026-03-03 11:10:00+00:00,1,0.5081471701485415
2026-03-03 11:15:00+00:00,1,0.5055591179520392
2026-03-03 11:20:00+00:00,1,0.46585445925461005
2026-03-03 11:25:00+00:00,1,0.5125274054322421
2026-03-03 11:30:00+00:00,1,0.5052177626986302
2026-03-03 11:35:00+00:00,1,0.48775557709067047
2026-03-03 11:40:00+00:00,1,0.5070467175109721
2026-03-03 11:45:00+00:00,1,0.5170014834128102
2026-03-03 11:50:00+00:00,1,0.50538674003252
2026-03-03 11:55:00+00:00,1,0.5091372036716547
2026-03-03 12:00:00+00:00,1,0.5407926989740036
2026-03-03 12:05:00+00:00,1,0.5189618095856853
2026-03-03 12:10:00+00:00,0,0.4660732197342057
2026-03-03 12:15:00+00:00,0,0.48225192106550535
2026-03-03 12:20:00+00:00,0,0.49514073622609905
2026-03-03 12:25:00+00:00,0,0.48297242030528037
2026-03-03 12:30:00+00:00,0,0.49345160779392455
2026-03-03 12:35:00+00:00,0,0.5289555498695212
2026-03-03 12:40:00+00:00,0,0.5152092247607791
2026-03-03 12:45:00+00:00,0,0.5261645519493316
2026-03-03 12:50:00+00:00,0,0.5327413637915599
2026-03-03 12:55:00+00:00,0,0.518561523610054
2026-03-03 13:00:00+00:00,0,0.5099337899832008
2026-03-03 13:05:00+00:00,0,0.49588515241857406
2026-03-03 13:10:00+00:00,1,0.4831189243090759
2026-03-03 13:15:00+00:00,0,0.4843760311090913
2026-03-03 13:20:00+00:00,0,0.484612718842214
2026-03-03 13:25:00+00:00,1,0.5031872756930182
2026-03-03 13:30:00+00:00,1,0.5012006056237228
2026-03-03 13:35:00+00:00,1,0.48145326784517245
2026-03-03 13:40:00+00:00,1,0.4804489209619901
2026-03-03 13:45:00+00:00,1,0.47024597512321875
2026-03-03 13:50:00+00:00,1,0.4736800752818347
2026-03-03 13:55:00+00:00,1,0.47875876450085375
2026-03-03 14:00:00+00:00,0,0.459619684208296
2026-03-03 14:05:00+00:00,0,0.4750333982076095
2026-03-03 14:10:00+00:00,0,0.49231275917350587
2026-03-03 14:15:00+00:00,0,0.492137948802369
2026-03-03 14:20:00+00:00,0,0.4648468635497529
2026-03-03 14:25:00+00:00,0,0.47888254237879735
2026-03-03 14:30:00+00:00,0,0.46847760863684146
2026-03-03 14:35:00+00:00,0,0.44650309756155654
2026-03-03 14:40:00+00:00,1,0.51310624160225
2026-03-03 14:45:00+00:00,1,0.5101908056882829
2026-03-03 14:50:00+00:00,1,0.5074055227188062
2026-03-03 14:55:00+00:00,1,0.493974186726016
2026-03-03 15:00:00+00:00,1,0.5005044878523258
2026-03-03 15:05:00+00:00,1,0.5125005947651928
2026-03-03 15:10:00+00:00,1,0.5159561260042996
2026-03-03 15:15:00+00:00,1,0.5070263638979143
2026-03-03 15:20:00+00:00,1,0.4992552821298078
2026-03-03 15:25:00+00:00,1,0.48872317267839344
2026-03-03 15:30:00+00:00,1,0.47624291474743125
2026-03-03 15:35:00+00:00,1,0.43232842940279864
2026-03-03 15:40:00+00:00,1,0.45708329377147766
2026-03-03 15:45:00+00:00,1,0.4494763433489048
2026-03-03 15:50:00+00:00,1,0.47946732431224376
2026-03-03 15:55:00+00:00,1,0.49474483450214973
2026-03-03 16:00:00+00:00,1,0.4870130519712707
2026-03-03 16:05:00+00:00,0,0.4663064287204341
2026-03-03 16:10:00+00:00,0,0.4477892489916217
2026-03-03 16:15:00+00:00,1,0.4701483971879866
2026-03-03 16:20:00+00:00,1,0.4367073503212236
2026-03-03 16:25:00+00:00,1,0.4395033865329403
2026-03-03 16:30:00+00:00,1,0.454072255388743
2026-03-03 16:35:00+00:00,1,0.46701384864499634
2026-03-03 16:40:00+00:00,1,0.47023105276263727
2026-03-03 16:45:00+00:00,0,0.454949321316533
2026-03-03 16:50:00+00:00,0,0.48833777949353196
2026-03-03 16:55:00+00:00,0,0.49282721983411226
2026-03-03 17:00:00+00:00,0,0.4730736497795381
2026-03-03 17:05:00+00:00,0,0.4921115461898856
2026-03-03 17:10:00+00:00,0,0.49510978439327286
2026-03-03 17:15:00+00:00,1,0.4943911830967463
2026-03-03 17:20:00+00:00,1,0.5193759660447832
2026-03-03 17:25:00+00:00,1,0.524589425720653
2026-03-03 17:30:00+00:00,1,0.520895634581067
2026-03-03 17:35:00+00:00,1,0.5106145910127258
2026-03-03 17:40:00+00:00,1,0.5110475036151587
2026-03-03 17:45:00+00:00,1,0.49128825079997884
2026-03-03 17:50:00+00:00,1,0.48321155800983917
2026-03-03 17:55:00+00:00,1,0.4770009147344027
2026-03-03 18:00:00+00:00,1,0.485524680044629
2026-03-03 18:05:00+00:00,1,0.478381768222887
2026-03-03 18:10:00+00:00,1,0.49472813192959697
2026-03-03 18:15:00+00:00,1,0.46600770957697346
2026-03-03 18:20:00+00:00,0,0.4829879633238963
2026-03-03 18:25:00+00:00,0,0.4804509953809979
2026-03-03 18:30:00+00:00,0,0.49239707030457774
2026-03-03 18:35:00+00:00,0,0.48017032846591295
2026-03-03 18:40:00+00:00,0,0.489619060080883
2026-03-03 18:45:00+00:00,0,0.4876419637918255
2026-03-03 18:50:00+00:00,0,0.5027071587506513
2026-03-03 18:55:00+00:00,0,0.5032290489760233
2026-03-03 19:00:00+00:00,0,0.5054269765345419
2026-03-03 19:05:00+00:00,1,0.5029905670015921
2026-03-03 19:10:00+00:00,1,0.5020818030547262
2026-03-03 19:15:00+00:00,0,0.49341064859022526
2026-03-03 19:20:00+00:00,0,0.4980056952900106
2026-03-03 19:25:00+00:00,0,0.5064363223219472
2026-03-03 19:30:00+00:00,1,0.5013565776272696
2026-03-03 19:35:00+00:00,1,0.5041328512907919
2026-03-03 19:40:00+00:00,0,0.5341231582916265
2026-03-03 19:45:00+00:00,0,0.5438618300064909
2026-03-03 19:50:00+00:00,1,0.5135262312347025
2026-03-03 19:55:00+00:00,1,0.5241948431083099
2026-03-03 20:00:00+00:00,0,0.5397959180056349
2026-03-03 20:05:00+00:00,1,0.5236859280585678
2026-03-03 20:10:00+00:00,1,0.5159603048208962
2026-03-03 20:15:00+00:00,1,0.5417920613314257
2026-03-03 20:20:00+00:00,0,0.5209962141593881
2026-03-03 20:25:00+00:00,0,0.50819643364164
2026-03-03 20:30:00+00:00,0,0.49489097553716205
2026-03-03 20:35:00+00:00,0,0.4948561481048207
2026-03-03 20:40:00+00:00,0,0.4954707798399375
2026-03-03 20:45:00+00:00,0,0.49008792933241496
2026-03-03 20:50:00+00:00,0,0.5266222125094093
2026-03-03 20:55:00+00:00,0,0.5247101063058556
2026-03-03 21:00:00+00:00,0,0.5352590578289133
2026-03-03 21:05:00+00:00,0,0.5211517709159551
2026-03-03 21:10:00+00:00,0,0.522003417973176
2026-03-03 21:15:00+00:00,0,0.511763245895503
2026-03-03 21:20:00+00:00,0,0.5154852149376687
2026-03-03 21:25:00+00:00,1,0.5385771954194026
2026-03-03 21:30:00+00:00,1,0.5468422200280351
2026-03-03 21:35:00+00:00,1,0.5441829796962362
2026-03-03 21:40:00+00:00,1,0.5343379101731044
2026-03-03 21:45:00+00:00,1,0.5278959266912153
2026-03-03 21:50:00+00:00,1,0.5231624101387352
2026-03-03 21:55:00+00:00,1,0.522054630790079
2026-03-03 22:00:00+00:00,1,0.5119863290198277
2026-03-03 22:05:00+00:00,1,0.5088964203919386
2026-03-03 22:10:00+00:00,1,0.52202459898241
2026-03-03 22:15:00+00:00,1,0.4880312893213375
2026-03-03 22:20:00+00:00,1,0.4983677777199435
2026-03-03 22:25:00+00:00,1,0.47504601352918385
2026-03-03 22:30:00+00:00,1,0.4759314457208736
2026-03-03 22:35:00+00:00,1,0.4779904346467804
2026-03-03 22:40:00+00:00,1,0.46450769968467437
2026-03-03 22:45:00+00:00,1,0.47613790716718024
2026-03-03 22:50:00+00:00,1,0.47395883609651496
2026-03-03 22:55:00+00:00,1,0.48905805784230455
2026-03-03 23:00:00+00:00,0,0.48152660809629666
2026-03-03 23:05:00+00:00,0,0.4706474537427444
2026-03-03 23:10:00+00:00,0,0.4516015497449686
2026-03-03 23:15:00+00:00,0,0.4565735936760471
2026-03-03 23:20:00+00:00,0,0.48150996826937514
2026-03-03 23:25:00+00:00,0,0.4904879454880176
2026-03-03 23:30:00+00:00,0,0.5079822324855491
2026-03-03 23:35:00+00:00,0,0.4887839359836954
2026-03-03 23:40:00+00:00,0,0.5030824797724869
2026-03-03 23:45:00+00:00,1,0.49451716189671163
2026-03-03 23:50:00+00:00,1,0.49137909389212525
2026-03-03 23:55:00+00:00,1,0.49132064590785873
2026-03-04 00:00:00+00:00,0,0.5229369483318853
2026-03-04 00:05:00+00:00,0,0.5102472536485295
2026-03-04 00:10:00+00:00,0,0.5136639756776142
2026-03-04 00:15:00+00:00,0,0.5013564103053921
2026-03-04 00:20:00+00:00,0,0.515418878966288
2026-03-04 00:25:00+00:00,0,0.5154791692207156
2026-03-04 00:30:00+00:00,1,0.5310468911855416
2026-03-04 00:35:00+00:00,1,0.5294030599833176
2026-03-04 00:40:00+00:00,1,0.5282275450599424
2026-03-04 00:45:00+00:00,0,0.4656964552337804
2026-03-04 00:50:00+00:00,0,0.4652302413642594
2026-03-04 00:55:00+00:00,1,0.4647490484821924
2026-03-04 01:00:00+00:00,1,0.46439495292112004
2026-03-04 01:05:00+00:00,1,0.4901266634068459
2026-03-04 01:10:00+00:00,1,0.5075301785077139
2026-03-04 01:15:00+00:00,1,0.48757754214807497
2026-03-04 01:20:00+00:00,1,0.5033328127223445
2026-03-04 01:25:00+00:00,1,0.4670837774855219
2026-03-04 01:30:00+00:00,0,0.4623380688298122
2026-03-04 01:35:00+00:00,0,0.44415677324533537
2026-03-04 01:40:00+00:00,0,0.4468629422969852
2026-03-04 01:45:00+00:00,0,0.449055663180595
2026-03-04 01:50:00+00:00,0,0.4399944804067427
2026-03-04 01:55:00+00:00,0,0.46409080317244855
2026-03-04 02:00:00+00:00,0,0.4717162786708915
2026-03-04 02:05:00+00:00,1,0.47882072966691175
2026-03-04 02:10:00+00:00,1,0.4859526369015978
2026-03-04 02:15:00+00:00,1,0.46895191803102665
2026-03-04 02:20:00+00:00,1,0.48690071522595973
2026-03-04 02:25:00+00:00,1,0.49366878504087064
2026-03-04 02:30:00+00:00,1,0.4854503536482045
2026-03-04 02:35:00+00:00,1,0.4899297188140478
2026-03-04 02:40:00+00:00,1,0.47981220398610425
2026-03-04 02:45:00+00:00,1,0.4847510487585109
2026-03-04 02:50:00+00:00,0,0.4742490860828603
2026-03-04 02:55:00+00:00,0,0.4632172346839692
2026-03-04 03:00:00+00:00,0,0.4753458558194418
2026-03-04 03:05:00+00:00,0,0.4797284009673095
2026-03-04 03:10:00+00:00,0,0.4701024642377671
2026-03-04 03:15:00+00:00,0,0.5101988338585147
2026-03-04 03:20:00+00:00,0,0.49442397432337476
2026-03-04 03:25:00+00:00,0,0.48946204031202445
2026-03-04 03:30:00+00:00,1,0.5043132685033468
2026-03-04 03:35:00+00:00,1,0.49271558288469997
2026-03-04 03:40:00+00:00,1,0.512579772421067
2026-03-04 03:45:00+00:00,1,0.496084588700336
2026-03-04 03:50:00+00:00,0,0.505785950997156
2026-03-04 03:55:00+00:00,0,0.5007275292143416
2026-03-04 04:00:00+00:00,0,0.5225208686287423
2026-03-04 04:05:00+00:00,0,0.5238287776308023
2026-03-04 04:10:00+00:00,0,0.52472596315332
2026-03-04 04:15:00+00:00,1,0.5236482812356595
2026-03-04 04:20:00+00:00,1,0.5167737100387748
2026-03-04 04:25:00+00:00,1,0.51272580769165
2026-03-04 04:30:00+00:00,1,0.5044949394145625
2026-03-04 04:35:00+00:00,1,0.4954113014200029
2026-03-04 04:40:00+00:00,1,0.4972201313605504
2026-03-04 04:45:00+00:00,0,0.47927431157891476
2026-03-04 04:50:00+00:00,0,0.4808276040229539
2026-03-04 04:55:00+00:00,0,0.4659341647191719
2026-03-04 05:00:00+00:00,0,0.49992326331791853
2026-03-04 05:05:00+00:00,1,0.491740659721474
2026-03-04 05:10:00+00:00,1,0.4548483612878856
2026-03-04 05:15:00+00:00,1,0.4735625659640283
2026-03-04 05:20:00+00:00,1,0.48295859038899625
2026-03-04 05:25:00+00:00,1,0.5057037225459056
2026-03-04 05:30:00+00:00,1,0.49013432939462287
2026-03-04 05:35:00+00:00,1,0.4945281760128151
2026-03-04 05:40:00+00:00,0,0.47221619738934284
2026-03-04 05:45:00+00:00,0,0.4892805489025642
2026-03-04 05:50:00+00:00,0,0.45622488708109454
2026-03-04 05:55:00+00:00,0,0.4753058377960973
2026-03-04 06:00:00+00:00,1,0.49679185535908266
2026-03-04 06:05:00+00:00,1,0.5038032734240417
2026-03-04 06:10:00+00:00,1,0.5159240047596103
2026-03-04 06:15:00+00:00,1,0.5219590517132461
2026-03-04 06:20:00+00:00,1,0.5135383532743
2026-03-04 06:25:00+00:00,1,0.5149409431631516
2026-03-04 06:30:00+00:00,0,0.503977055837847
2026-03-04 06:35:00+00:00,0,0.4900587429583877
2026-03-04 06:40:00+00:00,0,0.4910454571111348
2026-03-04 06:45:00+00:00,0,0.4982479478597717
2026-03-04 06:50:00+00:00,0,0.5183661896302539
2026-03-04 06:55:00+00:00,0,0.5118673463677706
2026-03-04 07:00:00+00:00,1,0.505719337331627
2026-03-04 07:05:00+00:00,1,0.48820184855006427
2026-03-04 07:10:00+00:00,1,0.4931237972622262
2026-03-04 07:15:00+00:00,1,0.4981494516016474
2026-03-04 07:20:00+00:00,1,0.4905157529166808
2026-03-04 07:25:00+00:00,1,0.48523051290370234
2026-03-04 07:30:00+00:00,1,0.4893395590869007
2026-03-04 07:35:00+00:00,1,0.49219164633100865
2026-03-04 07:40:00+00:00,1,0.48126661376526747
2026-03-04 07:45:00+00:00,1,0.43488426953608966
2026-03-04 07:50:00+00:00,1,0.4654040306655803
2026-03-04 07:55:00+00:00,0,0.44935343276597334
2026-03-04 08:00:00+00:00,1,0.44106618575328066
2026-03-04 08:05:00+00:00,0,0.4271838066519252
2026-03-04 08:10:00+00:00,1,0.44618012040391053
2026-03-04 08:15:00+00:00,1,0.4496818245290172
2026-03-04 08:20:00+00:00,1,0.45456755982388397
2026-03-04 08:25:00+00:00,1,0.45883655583890354
2026-03-04 08:30:00+00:00,1,0.45849365815070453
2026-03-04 08:35:00+00:00,1,0.47246352255950047
2026-03-04 08:40:00+00:00,1,0.4622941048539155
2026-03-04 08:45:00+00:00,1,0.45120256637259903
2026-03-04 08:50:00+00:00,1,0.43102273583239553
2026-03-04 08:55:00+00:00,1,0.43643008564650526
2026-03-04 09:00:00+00:00,1,0.4433960345642592
2026-03-04 09:05:00+00:00,1,0.42706511535887276
2026-03-04 09:10:00+00:00,1,0.4570467125974519
2026-03-04 09:15:00+00:00,1,0.44015927654202125
2026-03-04 09:20:00+00:00,0,0.44176009168613156
2026-03-04 09:25:00+00:00,0,0.4496128136166462
2026-03-04 09:30:00+00:00,0,0.4385617238047319
2026-03-04 09:35:00+00:00,0,0.45939867315929517
2026-03-04 09:40:00+00:00,0,0.44710593517415226
2026-03-04 09:45:00+00:00,0,0.4553914729441547
2026-03-04 09:50:00+00:00,1,0.5155481514174589
2026-03-04 09:55:00+00:00,0,0.5002818924843494
2026-03-04 10:00:00+00:00,0,0.5078911480087773
2026-03-04 10:05:00+00:00,0,0.4350227986283785
2026-03-04 10:10:00+00:00,0,0.45152673992385556
2026-03-04 10:15:00+00:00,0,0.49057326360428477
2026-03-04 10:20:00+00:00,0,0.48594430521874715
2026-03-04 10:25:00+00:00,0,0.50106490727966
2026-03-04 10:30:00+00:00,1,0.49293592992864327
2026-03-04 10:35:00+00:00,0,0.5126081156948
2026-03-04 10:40:00+00:00,1,0.4853478023897885
2026-03-04 10:45:00+00:00,1,0.48930634665787764
2026-03-04 10:50:00+00:00,1,0.4923524054250183
2026-03-04 10:55:00+00:00,0,0.4982361238395723
2026-03-04 11:00:00+00:00,0,0.5037901672029256
2026-03-04 11:05:00+00:00,0,0.5176212015416803
2026-03-04 11:10:00+00:00,0,0.5180770494060954
2026-03-04 11:15:00+00:00,0,0.5088340284926082
2026-03-04 11:20:00+00:00,0,0.49872682217834147
2026-03-04 11:25:00+00:00,0,0.5165094095431237
2026-03-04 11:30:00+00:00,0,0.4955058311770865
2026-03-04 11:35:00+00:00,1,0.5250052858359884
2026-03-04 11:40:00+00:00,1,0.5291158329138869
2026-03-04 11:45:00+00:00,0,0.5130219125902542
2026-03-04 11:50:00+00:00,0,0.5011321987317148
2026-03-04 11:55:00+00:00,0,0.511888333567501
2026-03-04 12:00:00+00:00,0,0.5371932823169979
2026-03-04 12:05:00+00:00,0,0.546317542602526
2026-03-04 12:10:00+00:00,0,0.5391153292013323
2026-03-04 12:15:00+00:00,1,0.5530878031214377
2026-03-04 12:20:00+00:00,1,0.5505533328133752
2026-03-04 12:25:00+00:00,1,0.5513434804789282
2026-03-04 12:30:00+00:00,1,0.5496180510840135
2026-03-04 12:35:00+00:00,1,0.5527129207233898
2026-03-04 12:40:00+00:00,1,0.5481136013929713
2026-03-04 12:45:00+00:00,1,0.5182369664576928
2026-03-04 12:50:00+00:00,1,0.5026248102352636
2026-03-04 12:55:00+00:00,1,0.5026240573020175
2026-03-04 13:00:00+00:00,1,0.4824860631834154
2026-03-04 13:05:00+00:00,0,0.4837703510774766
2026-03-04 13:10:00+00:00,1,0.49115717960498995
2026-03-04 13:15:00+00:00,1,0.496223124035881
2026-03-04 13:20:00+00:00,1,0.5002539774203589
2026-03-04 13:25:00+00:00,1,0.49715694099778485
2026-03-04 13:30:00+00:00,1,0.4948300763606614
2026-03-04 13:35:00+00:00,1,0.4817128237743965
2026-03-04 13:40:00+00:00,1,0.48302389623483116
2026-03-04 13:45:00+00:00,1,0.49116235106067824
2026-03-04 13:50:00+00:00,0,0.4789733209669746
2026-03-04 13:55:00+00:00,0,0.48124833155344826
2026-03-04 14:00:00+00:00,1,0.4810486089804619
2026-03-04 14:05:00+00:00,0,0.48860624606452013
2026-03-04 14:10:00+00:00,0,0.4688719689852739
2026-03-04 14:15:00+00:00,0,0.5026845150148499
2026-03-04 14:20:00+00:00,0,0.5143365608152135
2026-03-04 14:25:00+00:00,0,0.5110581234405704
2026-03-04 14:30:00+00:00,0,0.48100564101222526
2026-03-04 14:35:00+00:00,1,0.49192882013654726
2026-03-04 14:40:00+00:00,1,0.4635475619267687
2026-03-04 14:45:00+00:00,1,0.467590532801624
2026-03-04 14:50:00+00:00,1,0.47325579858123124
2026-03-04 14:55:00+00:00,1,0.4754770537259383
2026-03-04 15:00:00+00:00,1,0.49256421616532375
2026-03-04 15:05:00+00:00,1,0.4975873398927965
2026-03-04 15:10:00+00:00,1,0.49817853754322544
2026-03-04 15:15:00+00:00,1,0.48614343177953534
2026-03-04 15:20:00+00:00,1,0.49006518235314106
2026-03-04 15:25:00+00:00,1,0.46167259965364216
2026-03-04 15:30:00+00:00,1,0.4604574394479239
2026-03-04 15:35:00+00:00,1,0.4731059330166245
2026-03-04 15:40:00+00:00,1,0.4976860025481007
2026-03-04 15:45:00+00:00,1,0.4950535134996859
2026-03-04 15:50:00+00:00,0,0.47736288789021436
2026-03-04 15:55:00+00:00,0,0.4374079864673343
2026-03-04 16:00:00+00:00,0,0.44351613654268723
2026-03-04 16:05:00+00:00,1,0.45573054457098644
2026-03-04 16:10:00+00:00,1,0.4585422909857745
2026-03-04 16:15:00+00:00,1,0.45565909139212224
2026-03-04 16:20:00+00:00,1,0.47643952440556636
2026-03-04 16:25:00+00:00,1,0.4685769103106851
2026-03-04 16:30:00+00:00,1,0.4629438216945525
2026-03-04 16:35:00+00:00,1,0.5052866643285826
2026-03-04 16:40:00+00:00,1,0.46352814470929915
2026-03-04 16:45:00+00:00,0,0.48238757576810926
2026-03-04 16:50:00+00:00,0,0.49821236425779136
2026-03-04 16:55:00+00:00,0,0.49387773918940586
2026-03-04 17:00:00+00:00,0,0.4805981555457112
2026-03-04 17:05:00+00:00,0,0.502261225815672
2026-03-04 17:10:00+00:00,0,0.4754608624522308
2026-03-04 17:15:00+00:00,1,0.5350418358396137
2026-03-04 17:20:00+00:00,1,0.5279696526887684
2026-03-04 17:25:00+00:00,1,0.5355756817927552
2026-03-04 17:30:00+00:00,1,0.5311088393529314
2026-03-04 17:35:00+00:00,1,0.5194610885828945
2026-03-04 17:40:00+00:00,0,0.531488452267437
2026-03-04 17:45:00+00:00,1,0.5189331548806486
2026-03-04 17:50:00+00:00,0,0.5252723538746475
2026-03-04 17:55:00+00:00,1,0.5212687698338824
2026-03-04 18:00:00+00:00,1,0.5109336952557153
2026-03-04 18:05:00+00:00,1,0.5035043387759031
2026-03-04 18:10:00+00:00,1,0.511158634993295
2026-03-04 18:15:00+00:00,1,0.49365141411802405
2026-03-04 18:20:00+00:00,1,0.5004301406826535
2026-03-04 18:25:00+00:00,1,0.49301148927535454
2026-03-04 18:30:00+00:00,1,0.4931690496592811
2026-03-04 18:35:00+00:00,1,0.4915192138895696
2026-03-04 18:40:00+00:00,1,0.4887004143976685
2026-03-04 18:45:00+00:00,1,0.48156357790019777
2026-03-04 18:50:00+00:00,1,0.49927310200231995
2026-03-04 18:55:00+00:00,1,0.5052567447056091
2026-03-04 19:00:00+00:00,1,0.5047815671121054
2026-03-04 19:05:00+00:00,1,0.4993957217361119
2026-03-04 19:10:00+00:00,1,0.528152989381083
2026-03-04 19:15:00+00:00,0,0.4965141951091029
2026-03-04 19:20:00+00:00,1,0.4932103429178033
2026-03-04 19:25:00+00:00,1,0.4973416880036216
2026-03-04 19:30:00+00:00,1,0.481468431541555
2026-03-04 19:35:00+00:00,0,0.4883072318104642
2026-03-04 19:40:00+00:00,0,0.47360427997723475
2026-03-04 19:45:00+00:00,0,0.4872615156208719
2026-03-04 19:50:00+00:00,0,0.46684377301467506
2026-03-04 19:55:00+00:00,0,0.46684273184399366
2026-03-04 20:00:00+00:00,0,0.4907741905559039
2026-03-04 20:05:00+00:00,1,0.5143482359312549
2026-03-04 20:10:00+00:00,1,0.5034511326014635
2026-03-04 20:15:00+00:00,1,0.5056057116290694
2026-03-04 20:20:00+00:00,0,0.5041989114454555
2026-03-04 20:25:00+00:00,0,0.49776494953443745
2026-03-04 20:30:00+00:00,0,0.5251894060463511
2026-03-04 20:35:00+00:00,0,0.5011330353429667
2026-03-04 20:40:00+00:00,0,0.5241644058759997
2026-03-04 20:45:00+00:00,0,0.520737760481804
2026-03-04 20:50:00+00:00,0,0.5229289615469127
2026-03-04 20:55:00+00:00,0,0.5159111339377234
2026-03-04 21:00:00+00:00,0,0.5098821631973004
2026-03-04 21:05:00+00:00,1,0.5189554047547551
2026-03-04 21:10:00+00:00,1,0.5166962148010418
2026-03-04 21:15:00+00:00,1,0.5079465180657426
2026-03-04 21:20:00+00:00,1,0.5061767339413021
2026-03-04 21:25:00+00:00,1,0.5039970217925477
2026-03-04 21:30:00+00:00,1,0.48783783708654854
2026-03-04 21:35:00+00:00,1,0.5076239415726326
2026-03-04 21:40:00+00:00,1,0.5162413390142632
2026-03-04 21:45:00+00:00,1,0.5245330904385026
2026-03-04 21:50:00+00:00,1,0.5208441888493904
2026-03-04 21:55:00+00:00,1,0.5112256143212129
2026-03-04 22:00:00+00:00,0,0.49493798846675946
2026-03-04 22:05:00+00:00,0,0.5002255046112022
2026-03-04 22:10:00+00:00,0,0.5078358892795616
2026-03-04 22:15:00+00:00,0,0.5129371369406893
2026-03-04 22:20:00+00:00,0,0.5108014052025804
2026-03-04 22:25:00+00:00,0,0.5147829346646741
2026-03-04 22:30:00+00:00,0,0.5134739808820907
2026-03-04 22:35:00+00:00,0,0.5177249515225553
2026-03-04 22:40:00+00:00,0,0.5113206334080775
2026-03-04 22:45:00+00:00,0,0.505796602472614
2026-03-04 22:50:00+00:00,0,0.5261247266881961
2026-03-04 22:55:00+00:00,0,0.5373330253487975
2026-03-04 23:00:00+00:00,0,0.5267372533093474
2026-03-04 23:05:00+00:00,1,0.5378355690885331
2026-03-04 23:10:00+00:00,1,0.5471119133955231
2026-03-04 23:15:00+00:00,1,0.5101325455456879
2026-03-04 23:20:00+00:00,1,0.5252461790061135
2026-03-04 23:25:00+00:00,1,0.5213619386101294
2026-03-04 23:30:00+00:00,1,0.5397437940760569
2026-03-04 23:35:00+00:00,0,0.4910387663350376
2026-03-04 23:40:00+00:00,0,0.512088587796882
2026-03-04 23:45:00+00:00,0,0.5193917264688648
2026-03-04 23:50:00+00:00,0,0.504736338196026
2026-03-04 23:55:00+00:00,0,0.5018449887372467
2026-03-05 00:00:00+00:00,0,0.5024332580658234
2026-03-05 00:05:00+00:00,1,0.5174389321298603
2026-03-05 00:10:00+00:00,1,0.5137377097635236
2026-03-05 00:15:00+00:00,1,0.5140934417959564
2026-03-05 00:20:00+00:00,1,0.5014538752463052
2026-03-05 00:25:00+00:00,1,0.514971006513062
2026-03-05 00:30:00+00:00,1,0.5175497593958538
2026-03-05 00:35:00+00:00,1,0.5119532180311155
2026-03-05 00:40:00+00:00,1,0.521776628715148
2026-03-05 00:45:00+00:00,1,0.5206625941384216
2026-03-05 00:50:00+00:00,1,0.5149913737441753
2026-03-05 00:55:00+00:00,1,0.5080484196489672
2026-03-05 01:00:00+00:00,0,0.4887053479095412
2026-03-05 01:05:00+00:00,0,0.4736636535580248
2026-03-05 01:10:00+00:00,0,0.4704833645035093
2026-03-05 01:15:00+00:00,0,0.48804491834970587
2026-03-05 01:20:00+00:00,0,0.49023552086677114
2026-03-05 01:25:00+00:00,0,0.49986804669441814
2026-03-05 01:30:00+00:00,0,0.5030308904087357
2026-03-05 01:35:00+00:00,1,0.5038580964112493
2026-03-05 01:40:00+00:00,1,0.5141123342650988
2026-03-05 01:45:00+00:00,1,0.5133802081781675
2026-03-05 01:50:00+00:00,1,0.495931637242589
2026-03-05 01:55:00+00:00,1,0.5039664872617152
2026-03-05 02:00:00+00:00,0,0.5015759363331938
2026-03-05 02:05:00+00:00,0,0.5051413321278723
2026-03-05 02:10:00+00:00,0,0.5002736378801876
2026-03-05 02:15:00+00:00,0,0.49076260738054117
2026-03-05 02:20:00+00:00,0,0.4902343639900313
2026-03-05 02:25:00+00:00,0,0.5152035967598245
2026-03-05 02:30:00+00:00,0,0.5202539791861069
2026-03-05 02:35:00+00:00,1,0.5184013913797827
2026-03-05 02:40:00+00:00,1,0.5248791878006458
2026-03-05 02:45:00+00:00,0,0.4929712002110509
2026-03-05 02:50:00+00:00,0,0.5024639332334413
2026-03-05 02:55:00+00:00,0,0.4934363003616673
2026-03-05 03:00:00+00:00,0,0.5102546127707892
2026-03-05 03:05:00+00:00,0,0.5154893940020379
2026-03-05 03:10:00+00:00,0,0.5166838188311204
2026-03-05 03:15:00+00:00,0,0.507258198520395
2026-03-05 03:20:00+00:00,0,0.5034749192290142
2026-03-05 03:25:00+00:00,0,0.5072186906613185
2026-03-05 03:30:00+00:00,1,0.4986429381069002
2026-03-05 03:35:00+00:00,1,0.5238474473983402
2026-03-05 03:40:00+00:00,1,0.5221876427801249
2026-03-05 03:45:00+00:00,1,0.5070834097187431
2026-03-05 03:50:00+00:00,1,0.5033325896347776
2026-03-05 03:55:00+00:00,1,0.5000971399135024
2026-03-05 04:00:00+00:00,1,0.47988354881369116
2026-03-05 04:05:00+00:00,1,0.5095025103594885
2026-03-05 04:10:00+00:00,1,0.48792312173507574
2026-03-05 04:15:00+00:00,1,0.4886873559319551
2026-03-05 04:20:00+00:00,0,0.47912494184055604
2026-03-05 04:25:00+00:00,0,0.46656398616578765
2026-03-05 04:30:00+00:00,1,0.498709755333377
2026-03-05 04:35:00+00:00,1,0.48664176889978017
2026-03-05 04:40:00+00:00,0,0.4555386695956271
2026-03-05 04:45:00+00:00,0,0.44858109861111406
2026-03-05 04:50:00+00:00,0,0.4891301955405058
2026-03-05 04:55:00+00:00,0,0.46157597145983587
2026-03-05 05:00:00+00:00,0,0.4873316205516187
2026-03-05 05:05:00+00:00,0,0.4782974842993864
2026-03-05 05:10:00+00:00,0,0.49597561245279603
2026-03-05 05:15:00+00:00,0,0.5034291864259612
2026-03-05 05:20:00+00:00,0,0.5174898198567341
2026-03-05 05:25:00+00:00,0,0.524367502829417
2026-03-05 05:30:00+00:00,0,0.5262763501336387
2026-03-05 05:35:00+00:00,0,0.5411852047286635
2026-03-05 05:40:00+00:00,0,0.5289046037898357
2026-03-05 05:45:00+00:00,0,0.5485889412131004
2026-03-05 05:50:00+00:00,0,0.534500943237696
2026-03-05 05:55:00+00:00,0,0.5009111658312513
2026-03-05 06:00:00+00:00,0,0.504614370315475
2026-03-05 06:05:00+00:00,1,0.5564098342551561
2026-03-05 06:10:00+00:00,1,0.5485487205977613
2026-03-05 06:15:00+00:00,1,0.5354851731521971
2026-03-05 06:20:00+00:00,1,0.518735603904445
2026-03-05 06:25:00+00:00,1,0.5143140743304555
2026-03-05 06:30:00+00:00,1,0.5096709985400125
2026-03-05 06:35:00+00:00,1,0.5196047946914734
2026-03-05 06:40:00+00:00,1,0.5136215072491596
2026-03-05 06:45:00+00:00,1,0.4953940964816058
2026-03-05 06:50:00+00:00,1,0.5190005726032942
2026-03-05 06:55:00+00:00,0,0.5016138904055413
2026-03-05 07:00:00+00:00,0,0.514287881821621
2026-03-05 07:05:00+00:00,0,0.5127507783913317
2026-03-05 07:10:00+00:00,0,0.5012252856370499
2026-03-05 07:15:00+00:00,0,0.5133624567458134
2026-03-05 07:20:00+00:00,0,0.5192345660312389
2026-03-05 07:25:00+00:00,0,0.5096947495107617
2026-03-05 07:30:00+00:00,0,0.5332236563417292
2026-03-05 07:35:00+00:00,1,0.5335144735061286
2026-03-05 07:40:00+00:00,0,0.5306180059398563
2026-03-05 07:45:00+00:00,0,0.5224532120067639
2026-03-05 07:50:00+00:00,1,0.5296842929731425
2026-03-05 07:55:00+00:00,1,0.4791739240145938
2026-03-05 08:00:00+00:00,1,0.4912038342883991
2026-03-05 08:05:00+00:00,1,0.48309916093152866
2026-03-05 08:10:00+00:00,1,0.490772908182211
2026-03-05 08:15:00+00:00,1,0.49354587842495795
2026-03-05 08:20:00+00:00,1,0.5019957725201621
2026-03-05 08:25:00+00:00,1,0.49992845033418254
2026-03-05 08:30:00+00:00,1,0.4797746734568745
2026-03-05 08:35:00+00:00,1,0.4613797853337194
2026-03-05 08:40:00+00:00,1,0.47092260819775134
2026-03-05 08:45:00+00:00,1,0.46209927566919395
2026-03-05 08:50:00+00:00,1,0.45993124601122154
2026-03-05 08:55:00+00:00,1,0.4636763979617107
2026-03-05 09:00:00+00:00,1,0.46140928040810947
2026-03-05 09:05:00+00:00,1,0.43062144840161076
2026-03-05 09:10:00+00:00,0,0.42942715420795746
2026-03-05 09:15:00+00:00,1,0.44126635228216254
2026-03-05 09:20:00+00:00,0,0.441343387866325
2026-03-05 09:25:00+00:00,0,0.4466492260529588
2026-03-05 09:30:00+00:00,0,0.42182083578902463
2026-03-05 09:35:00+00:00,0,0.4265183461057947
2026-03-05 09:40:00+00:00,0,0.4520580391349705
2026-03-05 09:45:00+00:00,0,0.44586563589242234
2026-03-05 09:50:00+00:00,0,0.46909997242383816
2026-03-05 09:55:00+00:00,1,0.46348965733730857
2026-03-05 10:00:00+00:00,1,0.4769265444331724
2026-03-05 10:05:00+00:00,1,0.48456282035023884
2026-03-05 10:10:00+00:00,1,0.4974699934864122
2026-03-05 10:15:00+00:00,1,0.5036081853981739
2026-03-05 10:20:00+00:00,1,0.5093755295028968
2026-03-05 10:25:00+00:00,1,0.43839811477719476
2026-03-05 10:30:00+00:00,0,0.41881709593289096
2026-03-05 10:35:00+00:00,0,0.4271475037215101
2026-03-05 10:40:00+00:00,1,0.4387577453902724
2026-03-05 10:45:00+00:00,0,0.42021775775349524
2026-03-05 10:50:00+00:00,0,0.41517659599229856
2026-03-05 10:55:00+00:00,0,0.43887653776019125
2026-03-05 11:00:00+00:00,0,0.45576886580705045
2026-03-05 11:05:00+00:00,0,0.4655274256159506
2026-03-05 11:10:00+00:00,0,0.44621070294884096
2026-03-05 11:15:00+00:00,0,0.46056121161135727
2026-03-05 11:20:00+00:00,0,0.49089605842487877
2026-03-05 11:25:00+00:00,0,0.4843877601586846
2026-03-05 11:30:00+00:00,0,0.47566082272341254
2026-03-05 11:35:00+00:00,0,0.5128438884404118
2026-03-05 11:40:00+00:00,0,0.5137673314144344
2026-03-05 11:45:00+00:00,0,0.5119261828867702
2026-03-05 11:50:00+00:00,0,0.4990771392903893
2026-03-05 11:55:00+00:00,0,0.510885640638011
2026-03-05 12:00:00+00:00,1,0.513364240250745
2026-03-05 12:05:00+00:00,0,0.4906842853040601
2026-03-05 12:10:00+00:00,0,0.5159134183708548
2026-03-05 12:15:00+00:00,1,0.47911749502626183
2026-03-05 12:20:00+00:00,1,0.49564430808969545
2026-03-05 12:25:00+00:00,1,0.5113256505269761
2026-03-05 12:30:00+00:00,0,0.5092803279125884
2026-03-05 12:35:00+00:00,1,0.5010582143854705
2026-03-05 12:40:00+00:00,0,0.4853214716717279
2026-03-05 12:45:00+00:00,0,0.4633867490965711
2026-03-05 12:50:00+00:00,0,0.46344989444442547
2026-03-05 12:55:00+00:00,0,0.5212909278247859
2026-03-05 13:00:00+00:00,0,0.46186974617183096
2026-03-05 13:05:00+00:00,0,0.5246140461290109
2026-03-05 13:10:00+00:00,1,0.5184641636663235
2026-03-05 13:15:00+00:00,1,0.5272030323441317
2026-03-05 13:20:00+00:00,1,0.5162206128126149
2026-03-05 13:25:00+00:00,1,0.49359620647162217
2026-03-05 13:30:00+00:00,1,0.4981157643522839
2026-03-05 13:35:00+00:00,1,0.5347160334607696
2026-03-05 13:40:00+00:00,1,0.518045466602737
2026-03-05 13:45:00+00:00,1,0.5084522833951832
2026-03-05 13:50:00+00:00,1,0.5099417625673467
2026-03-05 13:55:00+00:00,1,0.49588978137807743
2026-03-05 14:00:00+00:00,1,0.5022046438462073
2026-03-05 14:05:00+00:00,1,0.49675853155946914
2026-03-05 14:10:00+00:00,1,0.49438758610287964
2026-03-05 14:15:00+00:00,0,0.47622978172880204
2026-03-05 14:20:00+00:00,1,0.4962327166814717
2026-03-05 14:25:00+00:00,1,0.4890510057656107
2026-03-05 14:30:00+00:00,0,0.4954859213429061
2026-03-05 14:35:00+00:00,0,0.4847436655315586
2026-03-05 14:40:00+00:00,0,0.47899277966773457
2026-03-05 14:45:00+00:00,0,0.49239408706601023
2026-03-05 14:50:00+00:00,0,0.484426332415675
2026-03-05 14:55:00+00:00,0,0.4668756329771142
2026-03-05 15:00:00+00:00,0,0.49397862014486676
2026-03-05 15:05:00+00:00,0,0.5053456390568238
2026-03-05 15:10:00+00:00,0,0.5097407738610938
2026-03-05 15:15:00+00:00,0,0.4812132989101287
2026-03-05 15:20:00+00:00,1,0.489129150265364
2026-03-05 15:25:00+00:00,1,0.5114376153015172
2026-03-05 15:30:00+00:00,0,0.49781007011596135
2026-03-05 15:35:00+00:00,0,0.498769517190661
2026-03-05 15:40:00+00:00,0,0.5039210060929661
2026-03-05 15:45:00+00:00,0,0.48267375287432907
2026-03-05 15:50:00+00:00,0,0.4917084309667486
2026-03-05 15:55:00+00:00,0,0.4972133549846167
2026-03-05 16:00:00+00:00,1,0.5185978939829596
2026-03-05 16:05:00+00:00,1,0.5350961703362062
2026-03-05 16:10:00+00:00,1,0.49716569729157517
2026-03-05 16:15:00+00:00,1,0.47020294495983905
2026-03-05 16:20:00+00:00,1,0.5056346548695937
2026-03-05 16:25:00+00:00,0,0.48918325383137845
2026-03-05 16:30:00+00:00,1,0.5111501336349948
2026-03-05 16:35:00+00:00,0,0.49642044307425587
2026-03-05 16:40:00+00:00,0,0.5127305454408958
2026-03-05 16:45:00+00:00,0,0.5254335167904123
2026-03-05 16:50:00+00:00,0,0.5160809880788577
2026-03-05 16:55:00+00:00,0,0.5135403596793181
2026-03-05 17:00:00+00:00,0,0.5113682680726137
2026-03-05 17:05:00+00:00,0,0.5167650468800056
2026-03-05 17:10:00+00:00,0,0.5160558319584398
2026-03-05 17:15:00+00:00,0,0.5101110533373768
2026-03-05 17:20:00+00:00,0,0.5052314259272055
2026-03-05 17:25:00+00:00,0,0.5055470164066881
2026-03-05 17:30:00+00:00,1,0.4927121534893557
2026-03-05 17:35:00+00:00,0,0.5168560513267291
2026-03-05 17:40:00+00:00,0,0.5078211405752103
2026-03-05 17:45:00+00:00,0,0.5189641487397758
2026-03-05 17:50:00+00:00,0,0.5100354818650714
2026-03-05 17:55:00+00:00,0,0.5082662999862858
2026-03-05 18:00:00+00:00,1,0.5194242217797057
2026-03-05 18:05:00+00:00,1,0.5202131356805048
2026-03-05 18:10:00+00:00,1,0.5160971458983877
2026-03-05 18:15:00+00:00,1,0.5082604173974515
2026-03-05 18:20:00+00:00,1,0.5177288229688297
2026-03-05 18:25:00+00:00,1,0.5210918647893557
2026-03-05 18:30:00+00:00,1,0.5012323968262279
2026-03-05 18:35:00+00:00,1,0.4999683568952267
2026-03-05 18:40:00+00:00,1,0.48992439452352216
2026-03-05 18:45:00+00:00,1,0.4858912222725101
2026-03-05 18:50:00+00:00,1,0.4855541042796861
2026-03-05 18:55:00+00:00,1,0.4854164019543441
2026-03-05 19:00:00+00:00,1,0.4808956465229903
2026-03-05 19:05:00+00:00,0,0.4848028569097703
2026-03-05 19:10:00+00:00,0,0.4593652770131313
2026-03-05 19:15:00+00:00,0,0.4637058995862141
2026-03-05 19:20:00+00:00,0,0.47248219204534403
2026-03-05 19:25:00+00:00,0,0.4891488153909518
2026-03-05 19:30:00+00:00,0,0.4960240215069599
2026-03-05 19:35:00+00:00,1,0.5124593753145847
2026-03-05 19:40:00+00:00,1,0.5141732190126563
2026-03-05 19:45:00+00:00,1,0.5320863810179729
2026-03-05 19:50:00+00:00,1,0.523629276861541
2026-03-05 19:55:00+00:00,1,0.5046758562507401
2026-03-05 20:00:00+00:00,1,0.48390178531033035
2026-03-05 20:05:00+00:00,1,0.4917234580332733
2026-03-05 20:10:00+00:00,1,0.49674818585011954
2026-03-05 20:15:00+00:00,1,0.4671416151810479
2026-03-05 20:20:00+00:00,0,0.46959391518419424
2026-03-05 20:25:00+00:00,1,0.4773254148918326
2026-03-05 20:30:00+00:00,1,0.49333503183157196
2026-03-05 20:35:00+00:00,1,0.4850181170644242
2026-03-05 20:40:00+00:00,0,0.48172435363470384
2026-03-05 20:45:00+00:00,0,0.5114026908878041
2026-03-05 20:50:00+00:00,0,0.5065182968857032
2026-03-05 20:55:00+00:00,1,0.5166216436792763
2026-03-05 21:00:00+00:00,0,0.49274689357466545
2026-03-05 21:05:00+00:00,0,0.5138461362381523
2026-03-05 21:10:00+00:00,0,0.5280224444240317
2026-03-05 21:15:00+00:00,0,0.49000687946873606
2026-03-05 21:20:00+00:00,0,0.4992103280937317
2026-03-05 21:25:00+00:00,0,0.49029303031676114
2026-03-05 21:30:00+00:00,0,0.5083349950718052
2026-03-05 21:35:00+00:00,1,0.46567168315826135
2026-03-05 21:40:00+00:00,0,0.4645598915528568
2026-03-05 21:45:00+00:00,0,0.46230925856434485
2026-03-05 21:50:00+00:00,1,0.4610881895468721
2026-03-05 21:55:00+00:00,0,0.4647047342925988
2026-03-05 22:00:00+00:00,1,0.47221226353882406
2026-03-05 22:05:00+00:00,1,0.46234737190959013
2026-03-05 22:10:00+00:00,1,0.4868365074690085
2026-03-05 22:15:00+00:00,1,0.4875744764517421
2026-03-05 22:20:00+00:00,0,0.48594363645524496
2026-03-05 22:25:00+00:00,0,0.5029854917152148
2026-03-05 22:30:00+00:00,0,0.5073454946744376
2026-03-05 22:35:00+00:00,0,0.5136597678565565
2026-03-05 22:40:00+00:00,0,0.5156065183628264
2026-03-05 22:45:00+00:00,0,0.49419446464360056
2026-03-05 22:50:00+00:00,0,0.5050802655741378
2026-03-05 22:55:00+00:00,1,0.5058439206126724
2026-03-05 23:00:00+00:00,0,0.5100593157800516
2026-03-05 23:05:00+00:00,0,0.5142931760584633
2026-03-05 23:10:00+00:00,0,0.5211623212349614
2026-03-05 23:15:00+00:00,0,0.526744955964081
2026-03-05 23:20:00+00:00,0,0.5157678540812674
2026-03-05 23:25:00+00:00,0,0.5063487987578742
2026-03-05 23:30:00+00:00,0,0.49879706956611275
2026-03-05 23:35:00+00:00,0,0.5028936066174697
2026-03-05 23:40:00+00:00,1,0.49646405642302976
2026-03-05 23:45:00+00:00,1,0.506918740298085
2026-03-05 23:50:00+00:00,1,0.5011455287369052
2026-03-05 23:55:00+00:00,0,0.5148333940582084
2026-03-06 00:00:00+00:00,0,0.5184328054450679
2026-03-06 00:05:00+00:00,0,0.5320237261101807
2026-03-06 00:10:00+00:00,0,0.511976685594565
2026-03-06 00:15:00+00:00,0,0.5137773910499986
2026-03-06 00:20:00+00:00,0,0.5157174283145963
2026-03-06 00:25:00+00:00,0,0.5266768829647956
2026-03-06 00:30:00+00:00,0,0.5308865159962487
2026-03-06 00:35:00+00:00,0,0.5129869378483478
2026-03-06 00:40:00+00:00,0,0.521885070065456
2026-03-06 00:45:00+00:00,0,0.5183763547111576
2026-03-06 00:50:00+00:00,1,0.5192393276810089
2026-03-06 00:55:00+00:00,0,0.5178554654342971
2026-03-06 01:00:00+00:00,1,0.5303624812524557
2026-03-06 01:05:00+00:00,1,0.520014454770524
2026-03-06 01:10:00+00:00,1,0.5351969006252547
2026-03-06 01:15:00+00:00,1,0.5244674903454283
2026-03-06 01:20:00+00:00,1,0.5084320151915132
2026-03-06 01:25:00+00:00,1,0.5347801694823386
2026-03-06 01:30:00+00:00,1,0.4711996147723753
2026-03-06 01:35:00+00:00,0,0.4765940542628298
2026-03-06 01:40:00+00:00,0,0.46568321568328586
2026-03-06 01:45:00+00:00,0,0.46368725819166484
2026-03-06 01:50:00+00:00,0,0.461288280250329
2026-03-06 01:55:00+00:00,1,0.47161245455519063
2026-03-06 02:00:00+00:00,0,0.47819918709058273
2026-03-06 02:05:00+00:00,0,0.4698892841926484
2026-03-06 02:10:00+00:00,0,0.4828732577376022
2026-03-06 02:15:00+00:00,1,0.4790408142583416
2026-03-06 02:20:00+00:00,0,0.48265645574862165
2026-03-06 02:25:00+00:00,0,0.48458572179751425
2026-03-06 02:30:00+00:00,0,0.49663296105104576
2026-03-06 02:35:00+00:00,0,0.4910259284173928
2026-03-06 02:40:00+00:00,0,0.5016089823119918
2026-03-06 02:45:00+00:00,0,0.4813661155464389
2026-03-06 02:50:00+00:00,1,0.48578635304220036
2026-03-06 02:55:00+00:00,1,0.4932061606119044
2026-03-06 03:00:00+00:00,1,0.49029131590141695
2026-03-06 03:05:00+00:00,0,0.4812529543166616
2026-03-06 03:10:00+00:00,1,0.4749552033977712
2026-03-06 03:15:00+00:00,1,0.47961151019119613
2026-03-06 03:20:00+00:00,0,0.476010253735371
2026-03-06 03:25:00+00:00,0,0.47594332596981775
2026-03-06 03:30:00+00:00,0,0.4662627338759035
2026-03-06 03:35:00+00:00,0,0.47091086572586494
2026-03-06 03:40:00+00:00,0,0.4714285932202247
2026-03-06 03:45:00+00:00,0,0.46098830826814713
2026-03-06 03:50:00+00:00,0,0.4661210484398685
2026-03-06 03:55:00+00:00,0,0.46595242935421344
2026-03-06 04:00:00+00:00,0,0.465588458552001
2026-03-06 04:05:00+00:00,0,0.5123492608614789
2026-03-06 04:10:00+00:00,0,0.5152894372851087
2026-03-06 04:15:00+00:00,0,0.500780765729019
2026-03-06 04:20:00+00:00,0,0.4914420585118271
2026-03-06 04:25:00+00:00,0,0.4957458099172289
2026-03-06 04:30:00+00:00,0,0.49600149009454114
2026-03-06 04:35:00+00:00,0,0.5216568286979343
2026-03-06 04:40:00+00:00,1,0.5037796822222816
2026-03-06 04:45:00+00:00,1,0.5166346247347302
2026-03-06 04:50:00+00:00,0,0.5193081902131077
2026-03-06 04:55:00+00:00,0,0.5042403488506592
2026-03-06 05:00:00+00:00,0,0.5239639719503956
2026-03-06 05:05:00+00:00,0,0.5306123382830408
2026-03-06 05:10:00+00:00,0,0.5449469939880547
2026-03-06 05:15:00+00:00,0,0.519624285679534
2026-03-06 05:20:00+00:00,0,0.5148436196411734
2026-03-06 05:25:00+00:00,1,0.5071920639305308
2026-03-06 05:30:00+00:00,1,0.5107947432739374
2026-03-06 05:35:00+00:00,1,0.520697282130379
2026-03-06 05:40:00+00:00,1,0.5095033466728288
2026-03-06 05:45:00+00:00,1,0.5095151665623493
2026-03-06 05:50:00+00:00,1,0.5251950527736423
2026-03-06 05:55:00+00:00,0,0.5072279472743735
2026-03-06 06:00:00+00:00,0,0.48782484935567383
2026-03-06 06:05:00+00:00,1,0.484954856300145
2026-03-06 06:10:00+00:00,1,0.4719963935828681
2026-03-06 06:15:00+00:00,1,0.48862740146712685
2026-03-06 06:20:00+00:00,1,0.5042997999923101
2026-03-06 06:25:00+00:00,1,0.49207343394306674
2026-03-06 06:30:00+00:00,1,0.4791456120185555
2026-03-06 06:35:00+00:00,1,0.4663814940055403
2026-03-06 06:40:00+00:00,0,0.46658755658339457
2026-03-06 06:45:00+00:00,0,0.45567018622881234
2026-03-06 06:50:00+00:00,0,0.4893367158874427
2026-03-06 06:55:00+00:00,1,0.4957904819870109
2026-03-06 07:00:00+00:00,1,0.5057730130722586
2026-03-06 07:05:00+00:00,1,0.47601715384088583
2026-03-06 07:10:00+00:00,1,0.49292391295518534
2026-03-06 07:15:00+00:00,1,0.4712259919845092
2026-03-06 07:20:00+00:00,1,0.494086388760632
2026-03-06 07:25:00+00:00,0,0.47554446227999364
2026-03-06 07:30:00+00:00,0,0.48202866260981486
2026-03-06 07:35:00+00:00,0,0.4894391830001241
2026-03-06 07:40:00+00:00,0,0.47809369656599643
2026-03-06 07:45:00+00:00,0,0.48110593252930584
2026-03-06 07:50:00+00:00,0,0.4672367591389547
2026-03-06 07:55:00+00:00,0,0.5118571732744875
2026-03-06 08:00:00+00:00,0,0.4630867658261923
2026-03-06 08:05:00+00:00,0,0.44887999651333876
2026-03-06 08:10:00+00:00,0,0.43803201365942024
2026-03-06 08:15:00+00:00,0,0.4775344348148689
2026-03-06 08:20:00+00:00,0,0.47296654111879816
2026-03-06 08:25:00+00:00,0,0.4871122499478039
2026-03-06 08:30:00+00:00,0,0.4926653130363741
2026-03-06 08:35:00+00:00,0,0.48059693035727596
2026-03-06 08:40:00+00:00,0,0.5081129894994617
2026-03-06 08:45:00+00:00,0,0.5183216023424855
2026-03-06 08:50:00+00:00,0,0.5062949572127531
2026-03-06 08:55:00+00:00,0,0.4950233983057451
2026-03-06 09:00:00+00:00,0,0.507069998669867
2026-03-06 09:05:00+00:00,0,0.5225886079151582
2026-03-06 09:10:00+00:00,0,0.5187362722570996
2026-03-06 09:15:00+00:00,0,0.5074568516854618
2026-03-06 09:20:00+00:00,1,0.5271523720134013
2026-03-06 09:25:00+00:00,1,0.5141455492457803
2026-03-06 09:30:00+00:00,1,0.5304160769137182
2026-03-06 09:35:00+00:00,1,0.5082467842799404
2026-03-06 09:40:00+00:00,1,0.5091686498748419
2026-03-06 09:45:00+00:00,1,0.5090913723737588
2026-03-06 09:50:00+00:00,1,0.5100258089064377
2026-03-06 09:55:00+00:00,1,0.5173116137443311
2026-03-06 10:00:00+00:00,0,0.5141186038809045
2026-03-06 10:05:00+00:00,0,0.511839697828307
2026-03-06 10:10:00+00:00,0,0.5043683136570848
2026-03-06 10:15:00+00:00,0,0.5035584651014742
2026-03-06 10:20:00+00:00,0,0.48910321353531283
2026-03-06 10:25:00+00:00,0,0.4807581977855962
2026-03-06 10:30:00+00:00,0,0.4934749174957612
2026-03-06 10:35:00+00:00,0,0.49909454083555155
2026-03-06 10:40:00+00:00,0,0.48936407474219495
2026-03-06 10:45:00+00:00,0,0.48627211680711036
2026-03-06 10:50:00+00:00,0,0.48776243322632656
2026-03-06 10:55:00+00:00,0,0.4937747396348508
2026-03-06 11:00:00+00:00,0,0.5163975637421365
2026-03-06 11:05:00+00:00,0,0.50261251232409
2026-03-06 11:10:00+00:00,0,0.502323580250123
2026-03-06 11:15:00+00:00,0,0.5165568216356978
2026-03-06 11:20:00+00:00,0,0.5156905715877408
2026-03-06 11:25:00+00:00,0,0.5117839824567922
2026-03-06 11:30:00+00:00,0,0.5031339296401585
2026-03-06 11:35:00+00:00,0,0.5110494547649326
2026-03-06 11:40:00+00:00,0,0.5346187865206006
2026-03-06 11:45:00+00:00,0,0.5199312608238792
2026-03-06 11:50:00+00:00,0,0.5047558016972007
2026-03-06 11:55:00+00:00,0,0.5123896167916481
2026-03-06 12:00:00+00:00,0,0.5358101276601124
2026-03-06 12:05:00+00:00,0,0.5445411928419733
2026-03-06 12:10:00+00:00,0,0.5071311708140338
2026-03-06 12:15:00+00:00,0,0.5056755880199959
2026-03-06 12:20:00+00:00,0,0.5099244514603803
2026-03-06 12:25:00+00:00,0,0.5068644821462327
2026-03-06 12:30:00+00:00,0,0.5344479319314636
2026-03-06 12:35:00+00:00,1,0.545061400944377
2026-03-06 12:40:00+00:00,1,0.5377635599837495
2026-03-06 12:45:00+00:00,1,0.5427897864444641
2026-03-06 12:50:00+00:00,1,0.543596077753513
2026-03-06 12:55:00+00:00,1,0.5622089129472361
2026-03-06 13:00:00+00:00,1,0.5450447768244109
2026-03-06 13:05:00+00:00,1,0.5453348684868181
2026-03-06 13:10:00+00:00,1,0.5402411942325731
2026-03-06 13:15:00+00:00,1,0.5186317021007905
2026-03-06 13:20:00+00:00,0,0.5187574088751993
2026-03-06 13:25:00+00:00,0,0.4871447169878208
2026-03-06 13:30:00+00:00,0,0.4844727893167192
2026-03-06 13:35:00+00:00,0,0.4940646955769198
2026-03-06 13:40:00+00:00,0,0.502331583698726
2026-03-06 13:45:00+00:00,0,0.5089732808089739
2026-03-06 13:50:00+00:00,0,0.49809705231965173
2026-03-06 13:55:00+00:00,0,0.533543040382105
2026-03-06 14:00:00+00:00,0,0.49605299447313533
2026-03-06 14:05:00+00:00,0,0.5389486654347145
2026-03-06 14:10:00+00:00,0,0.5432966443357443
2026-03-06 14:15:00+00:00,0,0.532302971448979
2026-03-06 14:20:00+00:00,0,0.5208769270934978
2026-03-06 14:25:00+00:00,0,0.529025394768976
2026-03-06 14:30:00+00:00,0,0.5263353351295628
2026-03-06 14:35:00+00:00,0,0.5419443100000658
2026-03-06 14:40:00+00:00,0,0.5391060995886757
2026-03-06 14:45:00+00:00,1,0.5249466185157001
2026-03-06 14:50:00+00:00,1,0.5363841894135376
2026-03-06 14:55:00+00:00,1,0.5106415457361703
2026-03-06 15:00:00+00:00,1,0.5080364312619586
2026-03-06 15:05:00+00:00,1,0.5077260403807314
2026-03-06 15:10:00+00:00,0,0.5519132936425596
2026-03-06 15:15:00+00:00,0,0.5181263728778711
2026-03-06 15:20:00+00:00,0,0.48274788587241857
2026-03-06 15:25:00+00:00,0,0.5156805978009469
2026-03-06 15:30:00+00:00,0,0.5235941338928735
2026-03-06 15:35:00+00:00,0,0.5163924658743687
2026-03-06 15:40:00+00:00,0,0.5258511137351408
2026-03-06 15:45:00+00:00,0,0.5101286708182909
2026-03-06 15:50:00+00:00,0,0.5070944508240971
2026-03-06 15:55:00+00:00,0,0.5172382744361843
2026-03-06 16:00:00+00:00,0,0.48868795519952085
2026-03-06 16:05:00+00:00,1,0.4810309817761372
2026-03-06 16:10:00+00:00,1,0.4815427188296892
2026-03-06 16:15:00+00:00,1,0.5181606846499529
2026-03-06 16:20:00+00:00,1,0.5193256215344261
2026-03-06 16:25:00+00:00,1,0.5258789262939384
2026-03-06 16:30:00+00:00,1,0.5192219796653169
2026-03-06 16:35:00+00:00,0,0.5047034342502488
2026-03-06 16:40:00+00:00,0,0.5209738045194483
2026-03-06 16:45:00+00:00,0,0.5042002499358955
2026-03-06 16:50:00+00:00,0,0.5305033454855953
2026-03-06 16:55:00+00:00,0,0.4940597881245751
2026-03-06 17:00:00+00:00,0,0.49834181503196884
2026-03-06 17:05:00+00:00,0,0.4989313735544331
2026-03-06 17:10:00+00:00,0,0.5007534921264638
2026-03-06 17:15:00+00:00,0,0.49948479329259127
2026-03-06 17:20:00+00:00,0,0.5032608947997046
2026-03-06 17:25:00+00:00,0,0.5148156455373148
2026-03-06 17:30:00+00:00,1,0.511486838188152
2026-03-06 17:35:00+00:00,1,0.5104349934950515
2026-03-06 17:40:00+00:00,1,0.534022842035863
2026-03-06 17:45:00+00:00,1,0.5141638564426444
2026-03-06 17:50:00+00:00,1,0.523958323852851
2026-03-06 17:55:00+00:00,1,0.5261342936807206
2026-03-06 18:00:00+00:00,1,0.5276069602325725
2026-03-06 18:05:00+00:00,0,0.5157170382797933
2026-03-06 18:10:00+00:00,0,0.49960928158285695
2026-03-06 18:15:00+00:00,0,0.49045521782283596
2026-03-06 18:20:00+00:00,0,0.48686461224331157
2026-03-06 18:25:00+00:00,0,0.4816151688678078
2026-03-06 18:30:00+00:00,0,0.47575497020271734
2026-03-06 18:35:00+00:00,1,0.5001655471730606
2026-03-06 18:40:00+00:00,1,0.5102135521569399
2026-03-06 18:45:00+00:00,1,0.5030590554207985
2026-03-06 18:50:00+00:00,1,0.4937759107150841
2026-03-06 18:55:00+00:00,1,0.48285114132614476
2026-03-06 19:00:00+00:00,1,0.4961264169397473
2026-03-06 19:05:00+00:00,0,0.5208550459399961
2026-03-06 19:10:00+00:00,0,0.5243393757717477
2026-03-06 19:15:00+00:00,0,0.4987657245565648
2026-03-06 19:20:00+00:00,0,0.5092988943665615
2026-03-06 19:25:00+00:00,0,0.523812194592162
2026-03-06 19:30:00+00:00,1,0.5151501026970543
2026-03-06 19:35:00+00:00,1,0.517645516774509
2026-03-06 19:40:00+00:00,1,0.5120515473260382
2026-03-06 19:45:00+00:00,1,0.4626924223307216
2026-03-06 19:50:00+00:00,1,0.49848626919500283
2026-03-06 19:55:00+00:00,0,0.4618273826437415
2026-03-06 20:00:00+00:00,0,0.5049238341260651
2026-03-06 20:05:00+00:00,0,0.4901119029089169
2026-03-06 20:10:00+00:00,0,0.49151558959897784
2026-03-06 20:15:00+00:00,1,0.49263846347758344
2026-03-06 20:20:00+00:00,1,0.5006809298209683
2026-03-06 20:25:00+00:00,1,0.48738099110920013
2026-03-06 20:30:00+00:00,1,0.482931766275357
2026-03-06 20:35:00+00:00,1,0.49434461740722213
2026-03-06 20:40:00+00:00,1,0.5085749235537748
2026-03-06 20:45:00+00:00,1,0.49641341586456994
2026-03-06 20:50:00+00:00,0,0.49541230527411884
2026-03-06 20:55:00+00:00,1,0.5095188463371045
2026-03-06 21:00:00+00:00,1,0.49281135529868964
2026-03-06 21:05:00+00:00,1,0.4869728379961745
2026-03-06 21:10:00+00:00,1,0.48563679081657896
2026-03-06 21:15:00+00:00,1,0.5023345675625337
2026-03-06 21:20:00+00:00,1,0.5079027183035945
2026-03-06 21:25:00+00:00,1,0.4938202445168901
2026-03-06 21:30:00+00:00,1,0.5025680613445247
2026-03-06 21:35:00+00:00,1,0.5013505261525097
2026-03-06 21:40:00+00:00,0,0.509636487075155
2026-03-06 21:45:00+00:00,0,0.5200030114921913
2026-03-06 21:50:00+00:00,1,0.5102644528023198
2026-03-06 21:55:00+00:00,1,0.49814836401634593
2026-03-06 22:00:00+00:00,0,0.4774114932394509
2026-03-06 22:05:00+00:00,0,0.47436460965088334
2026-03-06 22:10:00+00:00,1,0.48013957559183224
2026-03-06 22:15:00+00:00,1,0.48801858005938425
2026-03-06 22:20:00+00:00,1,0.47884988915194787
2026-03-06 22:25:00+00:00,0,0.476225677667221
2026-03-06 22:30:00+00:00,0,0.49993508748404814
2026-03-06 22:35:00+00:00,0,0.493036164629487
2026-03-06 22:40:00+00:00,0,0.47830863208570107
2026-03-06 22:45:00+00:00,0,0.47151149594962904
2026-03-06 22:50:00+00:00,0,0.492981962540421
2026-03-06 22:55:00+00:00,0,0.5023530005866603
2026-03-06 23:00:00+00:00,0,0.5098148417750049
2026-03-06 23:05:00+00:00,0,0.5132369417342675
2026-03-06 23:10:00+00:00,0,0.5129264354250117
2026-03-06 23:15:00+00:00,0,0.5136393696502205
2026-03-06 23:20:00+00:00,0,0.5162954107368067
2026-03-06 23:25:00+00:00,0,0.51796600764286
2026-03-06 23:30:00+00:00,0,0.5178970199294285
2026-03-06 23:35:00+00:00,0,0.5256026014229522
2026-03-06 23:40:00+00:00,1,0.512036915049371
2026-03-06 23:45:00+00:00,1,0.4921088139262673
2026-03-06 23:50:00+00:00,1,0.5128536146408628
2026-03-06 23:55:00+00:00,1,0.5060870343607956
2026-03-07 00:00:00+00:00,1,0.5149183468206211
2026-03-07 00:05:00+00:00,1,0.5199086245284352
2026-03-07 00:10:00+00:00,1,0.5114043075031892
2026-03-07 00:15:00+00:00,1,0.5227122007481089
2026-03-07 00:20:00+00:00,1,0.5159657372791346
2026-03-07 00:25:00+00:00,1,0.5121549760283907
2026-03-07 00:30:00+00:00,1,0.470170446851027
2026-03-07 00:35:00+00:00,0,0.4936617585983253
2026-03-07 00:40:00+00:00,0,0.4932023407733476
2026-03-07 00:45:00+00:00,0,0.5076105309499133
2026-03-07 00:50:00+00:00,0,0.514839078035014
2026-03-07 00:55:00+00:00,0,0.5298957888938128
2026-03-07 01:00:00+00:00,0,0.532098795234716
2026-03-07 01:05:00+00:00,0,0.5251687662297339
2026-03-07 01:10:00+00:00,0,0.5177467318616618
2026-03-07 01:15:00+00:00,0,0.503772655052542
2026-03-07 01:20:00+00:00,0,0.5162037866616316
2026-03-07 01:25:00+00:00,0,0.5227150950302258
2026-03-07 01:30:00+00:00,1,0.5349921903655656
2026-03-07 01:35:00+00:00,1,0.5215673110729546
2026-03-07 01:40:00+00:00,1,0.5302284751454555
2026-03-07 01:45:00+00:00,1,0.5258420746189861
2026-03-07 01:50:00+00:00,0,0.5093764773337706
2026-03-07 01:55:00+00:00,0,0.4969963163055983
2026-03-07 02:00:00+00:00,0,0.5009052258804805
2026-03-07 02:05:00+00:00,0,0.4765159331329072
2026-03-07 02:10:00+00:00,0,0.49384252298610276
2026-03-07 02:15:00+00:00,1,0.48560186314702364
2026-03-07 02:20:00+00:00,1,0.504651484971673
2026-03-07 02:25:00+00:00,1,0.49157410806123897
2026-03-07 02:30:00+00:00,1,0.5054319119842221
2026-03-07 02:35:00+00:00,1,0.5078452013089347
2026-03-07 02:40:00+00:00,1,0.4984923764327293
2026-03-07 02:45:00+00:00,1,0.4779166216186769
2026-03-07 02:50:00+00:00,1,0.4857038880015214
2026-03-07 02:55:00+00:00,0,0.47439349444891504
2026-03-07 03:00:00+00:00,0,0.46426919747452505
2026-03-07 03:05:00+00:00,0,0.4637867633567473
2026-03-07 03:10:00+00:00,0,0.42781483830905276
2026-03-07 03:15:00+00:00,0,0.41163271341091784
2026-03-07 03:20:00+00:00,0,0.43140207342127457
2026-03-07 03:25:00+00:00,0,0.44624678508694215
2026-03-07 03:30:00+00:00,0,0.44651504829507543
2026-03-07 03:35:00+00:00,0,0.4586124167146158
2026-03-07 03:40:00+00:00,0,0.45279302564680346
2026-03-07 03:45:00+00:00,0,0.46548238014091164
2026-03-07 03:50:00+00:00,0,0.4712798447999437
2026-03-07 03:55:00+00:00,0,0.46417019166639684
2026-03-07 04:00:00+00:00,1,0.5269465552051639
2026-03-07 04:05:00+00:00,1,0.5151584333057234
2026-03-07 04:10:00+00:00,1,0.5042437508423154
2026-03-07 04:15:00+00:00,1,0.48271999016126543
2026-03-07 04:20:00+00:00,1,0.4875856523128797
2026-03-07 04:25:00+00:00,1,0.488394582807148
2026-03-07 04:30:00+00:00,1,0.5029770979710104
2026-03-07 04:35:00+00:00,0,0.46443503191910274
2026-03-07 04:40:00+00:00,0,0.48212034922615504
2026-03-07 04:45:00+00:00,0,0.46971055430436176
2026-03-07 04:50:00+00:00,0,0.5076045365931797
2026-03-07 04:55:00+00:00,0,0.4879457250720923
2026-03-07 05:00:00+00:00,0,0.47991180855291055
2026-03-07 05:05:00+00:00,0,0.4763111541067922
2026-03-07 05:10:00+00:00,0,0.47598998472839665
2026-03-07 05:15:00+00:00,1,0.48503044607356627
2026-03-07 05:20:00+00:00,1,0.49393994626523197
2026-03-07 05:25:00+00:00,0,0.48860823896302547
2026-03-07 05:30:00+00:00,1,0.5067108520766932
2026-03-07 05:35:00+00:00,0,0.5120825676842344
2026-03-07 05:40:00+00:00,0,0.5434289701566855
2026-03-07 05:45:00+00:00,0,0.5082066376050621
2026-03-07 05:50:00+00:00,0,0.5153325104450575
2026-03-07 05:55:00+00:00,0,0.526636172167611
2026-03-07 06:00:00+00:00,0,0.5115154910456907
2026-03-07 06:05:00+00:00,0,0.5442798486859056
2026-03-07 06:10:00+00:00,0,0.543584537182851
2026-03-07 06:15:00+00:00,0,0.5384408875064799
2026-03-07 06:20:00+00:00,0,0.5408122008117218
2026-03-07 06:25:00+00:00,0,0.5376252492850265
2026-03-07 06:30:00+00:00,0,0.5352221521212079
2026-03-07 06:35:00+00:00,0,0.5314055660795658
2026-03-07 06:40:00+00:00,0,0.5432968380822671
2026-03-07 06:45:00+00:00,0,0.5513895605572863
2026-03-07 06:50:00+00:00,1,0.5171803099530472
2026-03-07 06:55:00+00:00,1,0.5390800181659423
2026-03-07 07:00:00+00:00,1,0.5350317069982378
2026-03-07 07:05:00+00:00,1,0.5340397744139669
2026-03-07 07:10:00+00:00,1,0.5395129253423092
2026-03-07 07:15:00+00:00,1,0.5452645611400465
2026-03-07 07:20:00+00:00,1,0.5367250910023078
2026-03-07 07:25:00+00:00,1,0.5377510823120923
2026-03-07 07:30:00+00:00,1,0.5294841803949591
2026-03-07 07:35:00+00:00,1,0.5514574373888377
2026-03-07 07:40:00+00:00,1,0.533586126255081
2026-03-07 07:45:00+00:00,1,0.5176563792226586
2026-03-07 07:50:00+00:00,1,0.5181541955048816
2026-03-07 07:55:00+00:00,1,0.5001650452037886
2026-03-07 08:00:00+00:00,1,0.4295603189324041
2026-03-07 08:05:00+00:00,1,0.4366293664827081
2026-03-07 08:10:00+00:00,1,0.4494493207082232
2026-03-07 08:15:00+00:00,1,0.44392103545198347
2026-03-07 08:20:00+00:00,1,0.4218078724693322
2026-03-07 08:25:00+00:00,0,0.40656245472435665
2026-03-07 08:30:00+00:00,0,0.40652913648867195
2026-03-07 08:35:00+00:00,0,0.4172785759151457
2026-03-07 08:40:00+00:00,0,0.40546539853014435
2026-03-07 08:45:00+00:00,0,0.411424948153108
2026-03-07 08:50:00+00:00,0,0.4484607027970121
2026-03-07 08:55:00+00:00,1,0.4739413426705049
2026-03-07 09:00:00+00:00,1,0.49839382407741106
2026-03-07 09:05:00+00:00,1,0.4787623693747009
2026-03-07 09:10:00+00:00,1,0.4615719101170732
2026-03-07 09:15:00+00:00,1,0.4545229910350879
2026-03-07 09:20:00+00:00,0,0.43640553022309336
2026-03-07 09:25:00+00:00,0,0.43597540829640474
2026-03-07 09:30:00+00:00,0,0.4399650573518757
2026-03-07 09:35:00+00:00,0,0.4399356759459918
2026-03-07 09:40:00+00:00,0,0.4460195928492838
2026-03-07 09:45:00+00:00,0,0.4531202455481575
2026-03-07 09:50:00+00:00,1,0.46159084461185135
2026-03-07 09:55:00+00:00,1,0.4754518348658354
2026-03-07 10:00:00+00:00,0,0.47012488879089603
2026-03-07 10:05:00+00:00,0,0.4673804861494931
2026-03-07 10:10:00+00:00,0,0.4582242809339196
2026-03-07 10:15:00+00:00,0,0.4568691973754589
2026-03-07 10:20:00+00:00,0,0.4457984035607448
2026-03-07 10:25:00+00:00,0,0.4602740001601318
2026-03-07 10:30:00+00:00,0,0.4612256474806604
2026-03-07 10:35:00+00:00,0,0.4661848117629751
2026-03-07 10:40:00+00:00,1,0.4896735003988836
2026-03-07 10:45:00+00:00,1,0.4863401383646799
2026-03-07 10:50:00+00:00,1,0.49274820399659186
2026-03-07 10:55:00+00:00,1,0.49723047718750424
2026-03-07 11:00:00+00:00,1,0.5058523692737134
2026-03-07 11:05:00+00:00,1,0.5259839450665981
2026-03-07 11:10:00+00:00,1,0.4608174349805122
2026-03-07 11:15:00+00:00,0,0.4602183982450766
2026-03-07 11:20:00+00:00,1,0.4912818108173625
2026-03-07 11:25:00+00:00,0,0.4551458858962147
2026-03-07 11:30:00+00:00,0,0.45813658005385777
2026-03-07 11:35:00+00:00,0,0.45734687734878077
2026-03-07 11:40:00+00:00,0,0.46101009423276945
2026-03-07 11:45:00+00:00,0,0.4574627935915743
2026-03-07 11:50:00+00:00,0,0.4817355632397724
2026-03-07 11:55:00+00:00,1,0.4942829946995982
2026-03-07 12:00:00+00:00,0,0.5126398032116131
2026-03-07 12:05:00+00:00,1,0.5207346981676204
2026-03-07 12:10:00+00:00,1,0.5116371812275018
2026-03-07 12:15:00+00:00,0,0.5114668814840134
2026-03-07 12:20:00+00:00,0,0.5153177998442131
2026-03-07 12:25:00+00:00,0,0.5445119775180765
2026-03-07 12:30:00+00:00,1,0.5552858471400084
2026-03-07 12:35:00+00:00,0,0.53386903138933
2026-03-07 12:40:00+00:00,0,0.5327786832693227
2026-03-07 12:45:00+00:00,0,0.542550374490347
2026-03-07 12:50:00+00:00,0,0.5530670131333781
2026-03-07 12:55:00+00:00,0,0.5456276672206712
2026-03-07 13:00:00+00:00,0,0.5146027718381454
2026-03-07 13:05:00+00:00,0,0.5275100408336098
2026-03-07 13:10:00+00:00,0,0.5294927119819269
2026-03-07 13:15:00+00:00,1,0.5341123884438657
2026-03-07 13:20:00+00:00,1,0.5137048833998391
2026-03-07 13:25:00+00:00,1,0.5041928603525068
2026-03-07 13:30:00+00:00,0,0.5164745049159974
2026-03-07 13:35:00+00:00,0,0.5190079798780571
2026-03-07 13:40:00+00:00,0,0.5651894495312192
2026-03-07 13:45:00+00:00,0,0.5561162384327474
2026-03-07 13:50:00+00:00,0,0.5591029208471266
2026-03-07 13:55:00+00:00,0,0.5296004808360933
2026-03-07 14:00:00+00:00,1,0.5747634952133942
2026-03-07 14:05:00+00:00,1,0.5649377252930023
2026-03-07 14:10:00+00:00,1,0.5580677960726198
2026-03-07 14:15:00+00:00,1,0.553489890100045
2026-03-07 14:20:00+00:00,1,0.5333078637764412
2026-03-07 14:25:00+00:00,1,0.5109028388625231
2026-03-07 14:30:00+00:00,0,0.5330687297100346
2026-03-07 14:35:00+00:00,0,0.44827270592803914
2026-03-07 14:40:00+00:00,0,0.43627628329922824
2026-03-07 14:45:00+00:00,0,0.4639531850424396
2026-03-07 14:50:00+00:00,0,0.4277097819686052
2026-03-07 14:55:00+00:00,0,0.41791231232347764
2026-03-07 15:00:00+00:00,1,0.49351227999563785
2026-03-07 15:05:00+00:00,0,0.4872711165249839
2026-03-07 15:10:00+00:00,0,0.4729932346336123
2026-03-07 15:15:00+00:00,0,0.44397396101190734
2026-03-07 15:20:00+00:00,0,0.44365016300275106
2026-03-07 15:25:00+00:00,0,0.4978596526007931
2026-03-07 15:30:00+00:00,0,0.49555911933263885
2026-03-07 15:35:00+00:00,0,0.5104331537423766
2026-03-07 15:40:00+00:00,0,0.513734115031678
2026-03-07 15:45:00+00:00,0,0.5172068550140951
2026-03-07 15:50:00+00:00,0,0.5246673482075275
2026-03-07 15:55:00+00:00,0,0.5240457434731277
2026-03-07 16:00:00+00:00,1,0.522839992979587
2026-03-07 16:05:00+00:00,1,0.5241147711012525
2026-03-07 16:10:00+00:00,1,0.5281566310187591
2026-03-07 16:15:00+00:00,1,0.47762183839933264
2026-03-07 16:20:00+00:00,1,0.4645561595726528
2026-03-07 16:25:00+00:00,1,0.5002392808775308
2026-03-07 16:30:00+00:00,1,0.5012713549791928
2026-03-07 16:35:00+00:00,1,0.5142063501700648
2026-03-07 16:40:00+00:00,1,0.489748415471179
2026-03-07 16:45:00+00:00,1,0.4799691776108049
2026-03-07 16:50:00+00:00,1,0.4658038444831465
2026-03-07 16:55:00+00:00,1,0.46601141531095924
2026-03-07 17:00:00+00:00,1,0.46696388440056424
2026-03-07 17:05:00+00:00,1,0.48310439773396374
2026-03-07 17:10:00+00:00,1,0.47642710043951797
2026-03-07 17:15:00+00:00,1,0.46871507571511456
2026-03-07 17:20:00+00:00,0,0.46320245128837667
2026-03-07 17:25:00+00:00,0,0.4691184327258369
2026-03-07 17:30:00+00:00,0,0.4836308404699352
2026-03-07 17:35:00+00:00,0,0.49707222255191186
2026-03-07 17:40:00+00:00,0,0.4951672265630612
2026-03-07 17:45:00+00:00,0,0.4880345363172794
2026-03-07 17:50:00+00:00,0,0.46877060433803497
2026-03-07 17:55:00+00:00,0,0.47769177895285775
2026-03-07 18:00:00+00:00,0,0.5124594310543215
2026-03-07 18:05:00+00:00,0,0.508359863507447
2026-03-07 18:10:00+00:00,1,0.491966346551721
2026-03-07 18:15:00+00:00,1,0.48965435009005726
2026-03-07 18:20:00+00:00,1,0.5018582070815805
2026-03-07 18:25:00+00:00,0,0.48921850072678635
2026-03-07 18:30:00+00:00,0,0.4930261271931972
2026-03-07 18:35:00+00:00,0,0.49025981530244866
2026-03-07 18:40:00+00:00,0,0.4927998123944914
2026-03-07 18:45:00+00:00,0,0.47832914629574796
2026-03-07 18:50:00+00:00,0,0.5111475135429396
2026-03-07 18:55:00+00:00,0,0.5201411368596346
2026-03-07 19:00:00+00:00,0,0.5054042511452632
2026-03-07 19:05:00+00:00,0,0.5210645282418104
2026-03-07 19:10:00+00:00,0,0.5047548257340175
2026-03-07 19:15:00+00:00,0,0.5303747341326112
2026-03-07 19:20:00+00:00,0,0.5300947147551386
2026-03-07 19:25:00+00:00,0,0.535829104599057
2026-03-07 19:30:00+00:00,0,0.5453171673580164
2026-03-07 19:35:00+00:00,0,0.5346081846686945
2026-03-07 19:40:00+00:00,0,0.5510776612630859
2026-03-07 19:45:00+00:00,1,0.5287277748150258
2026-03-07 19:50:00+00:00,1,0.5266920659991894
2026-03-07 19:55:00+00:00,1,0.5352752351715728
2026-03-07 20:00:00+00:00,1,0.504198827789801
2026-03-07 20:05:00+00:00,1,0.5092820284447238
2026-03-07 20:10:00+00:00,1,0.5231154652129577
2026-03-07 20:15:00+00:00,1,0.5205036560049315
2026-03-07 20:20:00+00:00,1,0.5031645485543652
2026-03-07 20:25:00+00:00,1,0.49200983938982373
2026-03-07 20:30:00+00:00,1,0.516852095845968
2026-03-07 20:35:00+00:00,1,0.5301499254786941
2026-03-07 20:40:00+00:00,1,0.5114295601194223
2026-03-07 20:45:00+00:00,1,0.5048571901307595
2026-03-07 20:50:00+00:00,1,0.5287868112591054
2026-03-07 20:55:00+00:00,1,0.5107170576562279
2026-03-07 21:00:00+00:00,1,0.48773117653145104
2026-03-07 21:05:00+00:00,0,0.47871890225962643
2026-03-07 21:10:00+00:00,0,0.4927852304274579
2026-03-07 21:15:00+00:00,0,0.4997239536353905
2026-03-07 21:20:00+00:00,0,0.5027728868712644
2026-03-07 21:25:00+00:00,0,0.5204739225028852
2026-03-07 21:30:00+00:00,1,0.5141422890560541
2026-03-07 21:35:00+00:00,1,0.5112214612243543
2026-03-07 21:40:00+00:00,0,0.5302678744499593
2026-03-07 21:45:00+00:00,0,0.5423512832742893
2026-03-07 21:50:00+00:00,0,0.5200064918102075
2026-03-07 21:55:00+00:00,0,0.5167608127923103
2026-03-07 22:00:00+00:00,0,0.5090143732194018
2026-03-07 22:05:00+00:00,0,0.4993639861686069
2026-03-07 22:10:00+00:00,0,0.4913150701525926
2026-03-07 22:15:00+00:00,0,0.5096076345279668
2026-03-07 22:20:00+00:00,0,0.5474558103801529
2026-03-07 22:25:00+00:00,1,0.5412223474822365
2026-03-07 22:30:00+00:00,1,0.5440417237234599
2026-03-07 22:35:00+00:00,1,0.5407837790577178
2026-03-07 22:40:00+00:00,0,0.5417265404937909
2026-03-07 22:45:00+00:00,1,0.5559279673385705
2026-03-07 22:50:00+00:00,1,0.5557495121596118
2026-03-07 22:55:00+00:00,1,0.5517336707721604
2026-03-07 23:00:00+00:00,1,0.5285589161478765
2026-03-07 23:05:00+00:00,1,0.5369921852018807
2026-03-07 23:10:00+00:00,1,0.5512994966357949
2026-03-07 23:15:00+00:00,1,0.5407583211405088
2026-03-07 23:20:00+00:00,1,0.5148001817249097
2026-03-07 23:25:00+00:00,1,0.513111759469346
2026-03-07 23:30:00+00:00,1,0.5068002978339765
2026-03-07 23:35:00+00:00,1,0.510867606167448
2026-03-07 23:40:00+00:00,1,0.5287860608008832
2026-03-07 23:45:00+00:00,1,0.5431389026463107
2026-03-07 23:50:00+00:00,1,0.5267794370060611
2026-03-07 23:55:00+00:00,1,0.5393501070984493
2026-03-08 00:00:00+00:00,0,0.5078394300817907
2026-03-08 00:05:00+00:00,0,0.4939274267623946
2026-03-08 00:10:00+00:00,0,0.5303829582674628
2026-03-08 00:15:00+00:00,0,0.539444057716385
2026-03-08 00:20:00+00:00,0,0.4778035938104916
2026-03-08 00:25:00+00:00,0,0.49419028213023247
2026-03-08 00:30:00+00:00,0,0.4950467375779121
2026-03-08 00:35:00+00:00,0,0.5180004037642493
2026-03-08 00:40:00+00:00,0,0.5301110251965898
2026-03-08 00:45:00+00:00,1,0.5055525095052691
2026-03-08 00:50:00+00:00,1,0.48786017546464244
2026-03-08 00:55:00+00:00,1,0.5014209686401854
2026-03-08 01:00:00+00:00,1,0.4991284515452084
2026-03-08 01:05:00+00:00,0,0.4914642641642893
2026-03-08 01:10:00+00:00,1,0.48807132638469236
2026-03-08 01:15:00+00:00,1,0.49126762056285134
2026-03-08 01:20:00+00:00,1,0.49504464624439865
2026-03-08 01:25:00+00:00,1,0.4986268194342235
2026-03-08 01:30:00+00:00,1,0.48817007490805847
2026-03-08 01:35:00+00:00,1,0.49382699218582954
2026-03-08 01:40:00+00:00,1,0.4750437742029626
2026-03-08 01:45:00+00:00,0,0.4702600777754521
2026-03-08 01:50:00+00:00,0,0.4528515648513435
2026-03-08 01:55:00+00:00,0,0.4443609867528559
2026-03-08 02:00:00+00:00,0,0.4289524418175342
2026-03-08 02:05:00+00:00,0,0.42457607074817255
2026-03-08 02:10:00+00:00,1,0.4229203875585563
2026-03-08 02:15:00+00:00,0,0.4524770387968532
2026-03-08 02:20:00+00:00,0,0.43784946199837965
2026-03-08 02:25:00+00:00,0,0.4365956714091007
2026-03-08 02:30:00+00:00,0,0.43948008453004933
2026-03-08 02:35:00+00:00,0,0.4545978443371964
2026-03-08 02:40:00+00:00,0,0.4277782487468857
2026-03-08 02:45:00+00:00,0,0.41761334973040776
2026-03-08 02:50:00+00:00,1,0.443746007414798
2026-03-08 02:55:00+00:00,1,0.45521464254295607
2026-03-08 03:00:00+00:00,1,0.44574584824715113
2026-03-08 03:05:00+00:00,1,0.4463307492289059
2026-03-08 03:10:00+00:00,1,0.45593066466405335
2026-03-08 03:15:00+00:00,1,0.46286896843581726
2026-03-08 03:20:00+00:00,1,0.4591903930002173
2026-03-08 03:25:00+00:00,0,0.4582539674515917
2026-03-08 03:30:00+00:00,1,0.4783330153340606
2026-03-08 03:35:00+00:00,0,0.4874348767828476
2026-03-08 03:40:00+00:00,0,0.49422602870398263
2026-03-08 03:45:00+00:00,1,0.48416226454727185
2026-03-08 03:50:00+00:00,0,0.47587493839938594
2026-03-08 03:55:00+00:00,1,0.48890108745539684
2026-03-08 04:00:00+00:00,0,0.45846006429072755
2026-03-08 04:05:00+00:00,0,0.4799011032474017
2026-03-08 04:10:00+00:00,0,0.4931107485327698
2026-03-08 04:15:00+00:00,0,0.4927007779389801
2026-03-08 04:20:00+00:00,0,0.4975576128545044
2026-03-08 04:25:00+00:00,0,0.49572757302432957
2026-03-08 04:30:00+00:00,0,0.5162377453623342
2026-03-08 04:35:00+00:00,1,0.5122542231256728
2026-03-08 04:40:00+00:00,1,0.5076280957965723
2026-03-08 04:45:00+00:00,1,0.5107906736420007
2026-03-08 04:50:00+00:00,1,0.49930296911670496
2026-03-08 04:55:00+00:00,1,0.49929002948856105
2026-03-08 05:00:00+00:00,1,0.49421161295689914
2026-03-08 05:05:00+00:00,1,0.49245768313785127
2026-03-08 05:10:00+00:00,1,0.48787778979073704
2026-03-08 05:15:00+00:00,0,0.4705404038637767
2026-03-08 05:20:00+00:00,1,0.46409746158189635
2026-03-08 05:25:00+00:00,0,0.47720965791924547
2026-03-08 05:30:00+00:00,0,0.47697465890992496
2026-03-08 05:35:00+00:00,0,0.4669522368155632
2026-03-08 05:40:00+00:00,0,0.49590481155866845
2026-03-08 05:45:00+00:00,0,0.48252874798547873
2026-03-08 05:50:00+00:00,0,0.4722273873363616
2026-03-08 05:55:00+00:00,0,0.4782281625332621
2026-03-08 06:00:00+00:00,0,0.4707538949029946
2026-03-08 06:05:00+00:00,0,0.4719969078774974
2026-03-08 06:10:00+00:00,0,0.49729163194861425
2026-03-08 06:15:00+00:00,0,0.5004594500907056
2026-03-08 06:20:00+00:00,1,0.5087309056222918
2026-03-08 06:25:00+00:00,1,0.5276835267549292
2026-03-08 06:30:00+00:00,1,0.5317771514855075
2026-03-08 06:35:00+00:00,1,0.5183905857988662
2026-03-08 06:40:00+00:00,1,0.5194515934521683
2026-03-08 06:45:00+00:00,1,0.5389697864545302
2026-03-08 06:50:00+00:00,1,0.5400122465509669
2026-03-08 06:55:00+00:00,1,0.5239519245231045
2026-03-08 07:00:00+00:00,1,0.51489301989812
2026-03-08 07:05:00+00:00,0,0.5125296350062991
2026-03-08 07:10:00+00:00,0,0.5125177903884119
2026-03-08 07:15:00+00:00,0,0.5109693737275176
2026-03-08 07:20:00+00:00,0,0.5125005947651928
2026-03-08 07:25:00+00:00,0,0.5158114818612517
2026-03-08 07:30:00+00:00,0,0.5229107338230127
2026-03-08 07:35:00+00:00,0,0.49864212938450125
2026-03-08 07:40:00+00:00,0,0.5100122890525415
2026-03-08 07:45:00+00:00,0,0.5179449799705986
2026-03-08 07:50:00+00:00,0,0.5076401402519714
2026-03-08 07:55:00+00:00,0,0.5052845730234522
2026-03-08 08:00:00+00:00,0,0.4877347439425161
2026-03-08 08:05:00+00:00,1,0.5244329929261916
2026-03-08 08:10:00+00:00,1,0.5090208130637407
2026-03-08 08:15:00+00:00,1,0.5172579672137142
2026-03-08 08:20:00+00:00,1,0.48126472009895654
2026-03-08 08:25:00+00:00,1,0.505240460384259
2026-03-08 08:30:00+00:00,1,0.5078653030064688
2026-03-08 08:35:00+00:00,1,0.48819364035006896
2026-03-08 08:40:00+00:00,1,0.48047406463644726
2026-03-08 08:45:00+00:00,1,0.48499345910085956
2026-03-08 08:50:00+00:00,1,0.4843354392580479
2026-03-08 08:55:00+00:00,1,0.49297797545909217
2026-03-08 09:00:00+00:00,1,0.5261323469105408
2026-03-08 09:05:00+00:00,1,0.5060092404997331
2026-03-08 09:10:00+00:00,1,0.530366982314726
2026-03-08 09:15:00+00:00,1,0.4510046931995219
2026-03-08 09:20:00+00:00,1,0.4564232433108094
2026-03-08 09:25:00+00:00,1,0.4452019295072987
2026-03-08 09:30:00+00:00,1,0.45264148759052075
2026-03-08 09:35:00+00:00,1,0.45807585279870816
2026-03-08 09:40:00+00:00,1,0.44695491125980563
2026-03-08 09:45:00+00:00,1,0.4345566296647096
2026-03-08 09:50:00+00:00,1,0.4615670309680078
2026-03-08 09:55:00+00:00,1,0.42794290799225326
2026-03-08 10:00:00+00:00,1,0.457907730925724
2026-03-08 10:05:00+00:00,1,0.43423999515246936
2026-03-08 10:10:00+00:00,1,0.41999490778066983
2026-03-08 10:15:00+00:00,1,0.4180255531988814
2026-03-08 10:20:00+00:00,0,0.4311455568602377
2026-03-08 10:25:00+00:00,0,0.43398059929578814
2026-03-08 10:30:00+00:00,0,0.43852614175439186
2026-03-08 10:35:00+00:00,0,0.42450600580441095
2026-03-08 10:40:00+00:00,0,0.43482345208784867
2026-03-08 10:45:00+00:00,0,0.43862488315662157
2026-03-08 10:50:00+00:00,0,0.4260130798872459
2026-03-08 10:55:00+00:00,0,0.41835343869842606
2026-03-08 11:00:00+00:00,0,0.44890628154085793
2026-03-08 11:05:00+00:00,1,0.45395266362260683
2026-03-08 11:10:00+00:00,0,0.5008943499136193
2026-03-08 11:15:00+00:00,1,0.506971185972401
2026-03-08 11:20:00+00:00,1,0.5078015406691591
2026-03-08 11:25:00+00:00,1,0.5059304146670325
2026-03-08 11:30:00+00:00,1,0.4882162582068691
2026-03-08 11:35:00+00:00,0,0.4968972647190182
2026-03-08 11:40:00+00:00,0,0.503670426297047
2026-03-08 11:45:00+00:00,0,0.5132352696757413
2026-03-08 11:50:00+00:00,0,0.4965768267363473
2026-03-08 11:55:00+00:00,1,0.47441150407511495
2026-03-08 12:00:00+00:00,1,0.5020685289834016
2026-03-08 12:05:00+00:00,1,0.5348313442627599
2026-03-08 12:10:00+00:00,1,0.5309111019026349
2026-03-08 12:15:00+00:00,1,0.5096047910850657
2026-03-08 12:20:00+00:00,1,0.5004700750989448
2026-03-08 12:25:00+00:00,0,0.5075899549627911
2026-03-08 12:30:00+00:00,0,0.5056386422302172
2026-03-08 12:35:00+00:00,0,0.5143826481749793
2026-03-08 12:40:00+00:00,0,0.5094871779388258
2026-03-08 12:45:00+00:00,0,0.5076153543144404
2026-03-08 12:50:00+00:00,0,0.4895564247509031
2026-03-08 12:55:00+00:00,0,0.505171056705484
2026-03-08 13:00:00+00:00,0,0.5035074062154175
2026-03-08 13:05:00+00:00,0,0.5081471980283221
2026-03-08 13:10:00+00:00,0,0.5057589040332778
2026-03-08 13:15:00+00:00,0,0.49397541358396796
2026-03-08 13:20:00+00:00,0,0.4953994224824417
2026-03-08 13:25:00+00:00,0,0.50053457809226
2026-03-08 13:30:00+00:00,0,0.49436544647901903
2026-03-08 13:35:00+00:00,1,0.5216130999569143
2026-03-08 13:40:00+00:00,1,0.4959470020679516
2026-03-08 13:45:00+00:00,0,0.510347158927835
2026-03-08 13:50:00+00:00,0,0.4947437749062133
2026-03-08 13:55:00+00:00,0,0.507223597782109
2026-03-08 14:00:00+00:00,0,0.5222652107818686
2026-03-08 14:05:00+00:00,0,0.49811027065511926
2026-03-08 14:10:00+00:00,0,0.48905925641703746
2026-03-08 14:15:00+00:00,0,0.4959126752182551
2026-03-08 14:20:00+00:00,0,0.5105668416976438
2026-03-08 14:25:00+00:00,0,0.524612126576048
2026-03-08 14:30:00+00:00,0,0.52101642451996
2026-03-08 14:35:00+00:00,0,0.5187279178440986
2026-03-08 14:40:00+00:00,0,0.49828135630475046
2026-03-08 14:45:00+00:00,0,0.5047574190075388
2026-03-08 14:50:00+00:00,0,0.5039955438661693
2026-03-08 14:55:00+00:00,0,0.5066611659993685
2026-03-08 15:00:00+00:00,0,0.5047378160841555
2026-03-08 15:05:00+00:00,0,0.49684453211791424
2026-03-08 15:10:00+00:00,0,0.5185565108326595
2026-03-08 15:15:00+00:00,0,0.510494980427111
2026-03-08 15:20:00+00:00,0,0.5370670398886882
2026-03-08 15:25:00+00:00,1,0.5301557327036802
2026-03-08 15:30:00+00:00,1,0.5321659757312759
2026-03-08 15:35:00+00:00,1,0.5227722846185646
2026-03-08 15:40:00+00:00,0,0.5281858474079527
2026-03-08 15:45:00+00:00,0,0.5422080820591746
2026-03-08 15:50:00+00:00,0,0.5482643129449482
2026-03-08 15:55:00+00:00,0,0.529790973175053
2026-03-08 16:00:00+00:00,0,0.5316893829432398
2026-03-08 16:05:00+00:00,0,0.5152369189270765
2026-03-08 16:10:00+00:00,0,0.5293237444510543
2026-03-08 16:15:00+00:00,0,0.5412945543429393
2026-03-08 16:20:00+00:00,0,0.5441911975038928
2026-03-08 16:25:00+00:00,0,0.5593889854721115
2026-03-08 16:30:00+00:00,1,0.555521602889061
2026-03-08 16:35:00+00:00,1,0.5445690799106214
2026-03-08 16:40:00+00:00,1,0.5526341588333485
2026-03-08 16:45:00+00:00,1,0.5635027388543613
2026-03-08 16:50:00+00:00,1,0.5729154823123979
2026-03-08 16:55:00+00:00,1,0.560379979493433
2026-03-08 17:00:00+00:00,0,0.5016566410025767
2026-03-08 17:05:00+00:00,0,0.5157381279912988
2026-03-08 17:10:00+00:00,0,0.5195120446159698
2026-03-08 17:15:00+00:00,0,0.5260467716714414
2026-03-08 17:20:00+00:00,0,0.5352979610215579
2026-03-08 17:25:00+00:00,1,0.5336290728218488
2026-03-08 17:30:00+00:00,1,0.534377545036701
2026-03-08 17:35:00+00:00,1,0.5326240993895006
2026-03-08 17:40:00+00:00,0,0.5252741897263167
2026-03-08 17:45:00+00:00,0,0.5323051375696572
2026-03-08 17:50:00+00:00,0,0.5298475217490539
2026-03-08 17:55:00+00:00,0,0.5249617791742358
2026-03-08 18:00:00+00:00,0,0.5163595385807457
2026-03-08 18:05:00+00:00,0,0.5273059083489973
2026-03-08 18:10:00+00:00,0,0.5022319169761338
2026-03-08 18:15:00+00:00,1,0.5543535993646783
2026-03-08 18:20:00+00:00,1,0.5349727093919795
2026-03-08 18:25:00+00:00,1,0.5510596409020936
2026-03-08 18:30:00+00:00,1,0.5238828112611223
2026-03-08 18:35:00+00:00,1,0.5026178944035196
2026-03-08 18:40:00+00:00,1,0.530203607266331
2026-03-08 18:45:00+00:00,1,0.5183078724068233
2026-03-08 18:50:00+00:00,1,0.5178558275053623
2026-03-08 18:55:00+00:00,1,0.5038688323363768
2026-03-08 19:00:00+00:00,1,0.5080917171648636
2026-03-08 19:05:00+00:00,1,0.49499347833863605
2026-03-08 19:10:00+00:00,1,0.495837691681851
2026-03-08 19:15:00+00:00,1,0.4364286863905386
2026-03-08 19:20:00+00:00,0,0.45749380134494516
2026-03-08 19:25:00+00:00,1,0.45969964273363495
2026-03-08 19:30:00+00:00,0,0.47086042210061385
2026-03-08 19:35:00+00:00,0,0.4954115802683647
2026-03-08 19:40:00+00:00,0,0.4774939131927956
2026-03-08 19:45:00+00:00,0,0.49508212296717835
2026-03-08 19:50:00+00:00,0,0.48224142085139465
2026-03-08 19:55:00+00:00,0,0.4543858598102184
2026-03-08 20:00:00+00:00,1,0.46021152601131876
2026-03-08 20:05:00+00:00,1,0.5143656510513775
2026-03-08 20:10:00+00:00,1,0.5045574294744912
2026-03-08 20:15:00+00:00,1,0.5039461308913753
2026-03-08 20:20:00+00:00,1,0.5237524562646202
2026-03-08 20:25:00+00:00,1,0.5096745388870154
2026-03-08 20:30:00+00:00,0,0.494678721383335
2026-03-08 20:35:00+00:00,0,0.5064073244339927
2026-03-08 20:40:00+00:00,0,0.5133089235724109
2026-03-08 20:45:00+00:00,0,0.5147256764014637
2026-03-08 20:50:00+00:00,0,0.4892727580195532
2026-03-08 20:55:00+00:00,0,0.498851895468387
2026-03-08 21:00:00+00:00,0,0.49387166069549365
2026-03-08 21:05:00+00:00,1,0.4678917659517716
2026-03-08 21:10:00+00:00,1,0.46781265769078484
2026-03-08 21:15:00+00:00,1,0.45594732238162444
2026-03-08 21:20:00+00:00,1,0.4724546535381058
2026-03-08 21:25:00+00:00,1,0.4651953846082297
2026-03-08 21:30:00+00:00,0,0.47333726106880314
2026-03-08 21:35:00+00:00,0,0.4756216646694586
2026-03-08 21:40:00+00:00,0,0.4804130015988752
2026-03-08 21:45:00+00:00,0,0.504207751058289
2026-03-08 21:50:00+00:00,0,0.5023912888295897
2026-03-08 21:55:00+00:00,0,0.5111483218692774
2026-03-08 22:00:00+00:00,1,0.5395827336817635
2026-03-08 22:05:00+00:00,1,0.49721909956661803
2026-03-08 22:10:00+00:00,1,0.5025477321188442
2026-03-08 22:15:00+00:00,1,0.5286785771643133
2026-03-08 22:20:00+00:00,1,0.5394322794001065
2026-03-08 22:25:00+00:00,1,0.5178012102660573
2026-03-08 22:30:00+00:00,1,0.4777846261798426
2026-03-08 22:35:00+00:00,1,0.4770068003977167
2026-03-08 22:40:00+00:00,1,0.4911046009232474
2026-03-08 22:45:00+00:00,1,0.49238120617299636
2026-03-08 22:50:00+00:00,1,0.4763955745827359
2026-03-08 22:55:00+00:00,1,0.48865297475193287
2026-03-08 23:00:00+00:00,0,0.47784612161405765
2026-03-08 23:05:00+00:00,0,0.4824616918775768
2026-03-08 23:10:00+00:00,0,0.48112322576467537
2026-03-08 23:15:00+00:00,0,0.4737745325844232
2026-03-08 23:20:00+00:00,0,0.46275275367973756
2026-03-08 23:25:00+00:00,0,0.4715624336116889
2026-03-08 23:30:00+00:00,0,0.4771025998568277
2026-03-08 23:35:00+00:00,1,0.5059131270377072
2026-03-08 23:40:00+00:00,1,0.49936967514518904
2026-03-08 23:45:00+00:00,1,0.521473755880809
2026-03-08 23:50:00+00:00,1,0.5071759205838204
2026-03-08 23:55:00+00:00,1,0.5059680012701888
2026-03-09 00:00:00+00:00,1,0.5016288935532087
2026-03-09 00:05:00+00:00,1,0.48557041861227146
2026-03-09 00:10:00+00:00,1,0.49028745498314474
2026-03-09 00:15:00+00:00,1,0.5108438853601608
2026-03-09 00:20:00+00:00,1,0.528417486771409
2026-03-09 00:25:00+00:00,1,0.5159507771158004
2026-03-09 00:30:00+00:00,0,0.4742964383141763
2026-03-09 00:35:00+00:00,0,0.4798339623312688
2026-03-09 00:40:00+00:00,0,0.5001361540829349
2026-03-09 00:45:00+00:00,0,0.49452937501818006
2026-03-09 00:50:00+00:00,0,0.4870939959945075
2026-03-09 00:55:00+00:00,0,0.50738798551837
2026-03-09 01:00:00+00:00,1,0.5214750919965224
2026-03-09 01:05:00+00:00,1,0.5081735722780482
2026-03-09 01:10:00+00:00,1,0.505463699600822
2026-03-09 01:15:00+00:00,0,0.508015242462325
2026-03-09 01:20:00+00:00,0,0.44446409211260707
2026-03-09 01:25:00+00:00,0,0.4517396553025037
2026-03-09 01:30:00+00:00,0,0.4711642879046278
2026-03-09 01:35:00+00:00,0,0.4848158960657464
2026-03-09 01:40:00+00:00,0,0.46957766154446606
2026-03-09 01:45:00+00:00,0,0.4949177444540243
2026-03-09 01:50:00+00:00,0,0.48800843495789004
2026-03-09 01:55:00+00:00,0,0.4876167274034404
2026-03-09 02:00:00+00:00,1,0.475124724396457
2026-03-09 02:05:00+00:00,1,0.4703226996823336
2026-03-09 02:10:00+00:00,1,0.47262528098390677
2026-03-09 02:15:00+00:00,1,0.48624936411353703
2026-03-09 02:20:00+00:00,1,0.47541523783486195
2026-03-09 02:25:00+00:00,1,0.48613305178731653
2026-03-09 02:30:00+00:00,1,0.4856864170485808
2026-03-09 02:35:00+00:00,1,0.4399946865482691
2026-03-09 02:40:00+00:00,1,0.4537908844690671
2026-03-09 02:45:00+00:00,1,0.44221171082507543
2026-03-09 02:50:00+00:00,1,0.4576968964181261
2026-03-09 02:55:00+00:00,1,0.46207495922511765
2026-03-09 03:00:00+00:00,1,0.46276560768434055
2026-03-09 03:05:00+00:00,0,0.4527546359141652
2026-03-09 03:10:00+00:00,0,0.4541249742291482
2026-03-09 03:15:00+00:00,0,0.4509669377514711
2026-03-09 03:20:00+00:00,0,0.4854989617849888
2026-03-09 03:25:00+00:00,0,0.466321697053595
2026-03-09 03:30:00+00:00,0,0.47390007067575024
2026-03-09 03:35:00+00:00,1,0.4867335920365627
2026-03-09 03:40:00+00:00,1,0.499994068879597
2026-03-09 03:45:00+00:00,1,0.46673754733066614
2026-03-09 03:50:00+00:00,1,0.47121730610923135
2026-03-09 03:55:00+00:00,1,0.44742373214246756
2026-03-09 04:00:00+00:00,1,0.45392405916515
2026-03-09 04:05:00+00:00,1,0.4517168213736992
2026-03-09 04:10:00+00:00,1,0.4861718409736995
2026-03-09 04:15:00+00:00,1,0.4916027400943631
2026-03-09 04:20:00+00:00,1,0.45903921632175815
2026-03-09 04:25:00+00:00,0,0.4526396359121685
2026-03-09 04:30:00+00:00,0,0.44374771453508965
2026-03-09 04:35:00+00:00,0,0.4337427875979551
2026-03-09 04:40:00+00:00,0,0.43239643354060725
2026-03-09 04:45:00+00:00,0,0.4336911303622495
2026-03-09 04:50:00+00:00,0,0.45486022735644277
2026-03-09 04:55:00+00:00,1,0.49806230539991203
2026-03-09 05:00:00+00:00,1,0.5034671111935636
2026-03-09 05:05:00+00:00,1,0.5052624888300016
2026-03-09 05:10:00+00:00,1,0.5093338527552799
2026-03-09 05:15:00+00:00,1,0.5070123115268107
2026-03-09 05:20:00+00:00,1,0.4998137224639262
2026-03-09 05:25:00+00:00,1,0.49270816646961463
2026-03-09 05:30:00+00:00,1,0.4861762716456839
2026-03-09 05:35:00+00:00,1,0.47655081271914274
2026-03-09 05:40:00+00:00,0,0.46928359298199085
2026-03-09 05:45:00+00:00,0,0.46879314656856963
2026-03-09 05:50:00+00:00,0,0.47494770666349045
2026-03-09 05:55:00+00:00,0,0.47705786540402556
2026-03-09 06:00:00+00:00,0,0.46816244308773386
2026-03-09 06:05:00+00:00,0,0.45503720104709927
2026-03-09 06:10:00+00:00,0,0.4677130699538238
2026-03-09 06:15:00+00:00,0,0.46924975472173636
2026-03-09 06:20:00+00:00,0,0.46339899529129397
2026-03-09 06:25:00+00:00,0,0.4674751362317367
2026-03-09 06:30:00+00:00,0,0.4737978239053882
2026-03-09 06:35:00+00:00,0,0.45226199009160045
2026-03-09 06:40:00+00:00,0,0.4254932706208717
2026-03-09 06:45:00+00:00,0,0.4338671626460713
2026-03-09 06:50:00+00:00,0,0.4343857807017978
2026-03-09 06:55:00+00:00,0,0.4759039849218493
2026-03-09 07:00:00+00:00,1,0.4970924679586982
2026-03-09 07:05:00+00:00,1,0.5018871814601532
2026-03-09 07:10:00+00:00,1,0.48649885265132503
2026-03-09 07:15:00+00:00,1,0.5234353893903579
2026-03-09 07:20:00+00:00,1,0.49542833906014605
2026-03-09 07:25:00+00:00,1,0.4816179259669994
2026-03-09 07:30:00+00:00,1,0.47606655385549407
2026-03-09 07:35:00+00:00,1,0.4763952128573149
2026-03-09 07:40:00+00:00,1,0.47511500195869644
2026-03-09 07:45:00+00:00,0,0.47985045863243264
2026-03-09 07:50:00+00:00,1,0.49124066190592836
2026-03-09 07:55:00+00:00,1,0.4867995408301771
2026-03-09 08:00:00+00:00,1,0.4714250075216033
2026-03-09 08:05:00+00:00,0,0.47505079817987667
2026-03-09 08:10:00+00:00,1,0.44615488563192585
2026-03-09 08:15:00+00:00,1,0.49495142871579123
2026-03-09 08:20:00+00:00,0,0.4772259519672884
2026-03-09 08:25:00+00:00,0,0.483516514988282
2026-03-09 08:30:00+00:00,0,0.48114388859473844
2026-03-09 08:35:00+00:00,0,0.48575567411736903
2026-03-09 08:40:00+00:00,0,0.4798018051111388
2026-03-09 08:45:00+00:00,0,0.4788566396976755
2026-03-09 08:50:00+00:00,1,0.4965116017270608
2026-03-09 08:55:00+00:00,1,0.5001112508284121
2026-03-09 09:00:00+00:00,1,0.5062358456641979
2026-03-09 09:05:00+00:00,1,0.515050079013831
2026-03-09 09:10:00+00:00,1,0.5076829091491553
2026-03-09 09:15:00+00:00,1,0.5062145710405286
2026-03-09 09:20:00+00:00,1,0.5050627821081607
2026-03-09 09:25:00+00:00,0,0.5044487061605872
2026-03-09 09:30:00+00:00,0,0.4860763173300416
2026-03-09 09:35:00+00:00,0,0.44787062055500804
2026-03-09 09:40:00+00:00,0,0.44955459751899773
2026-03-09 09:45:00+00:00,0,0.4584518112814981
2026-03-09 09:50:00+00:00,0,0.4704993854689274
2026-03-09 09:55:00+00:00,0,0.49396582178736953
2026-03-09 10:00:00+00:00,0,0.45996780705518364
2026-03-09 10:05:00+00:00,0,0.4557467722362311
2026-03-09 10:10:00+00:00,0,0.47009975495977924
2026-03-09 10:15:00+00:00,0,0.4762284739935768
2026-03-09 10:20:00+00:00,0,0.48077054744701364
2026-03-09 10:25:00+00:00,0,0.48658079549064925
2026-03-09 10:30:00+00:00,0,0.4865479959745099
2026-03-09 10:35:00+00:00,0,0.4950810633566957
2026-03-09 10:40:00+00:00,0,0.49602591771567384
2026-03-09 10:45:00+00:00,0,0.4877935227935198
2026-03-09 10:50:00+00:00,0,0.492481883723937
2026-03-09 10:55:00+00:00,0,0.47877149987588463
2026-03-09 11:00:00+00:00,0,0.49539861382256173
2026-03-09 11:05:00+00:00,1,0.49781522914641924
2026-03-09 11:10:00+00:00,1,0.511514264660341
2026-03-09 11:15:00+00:00,1,0.5106024934228708
2026-03-09 11:20:00+00:00,1,0.515240986674007
2026-03-09 11:25:00+00:00,1,0.5190699110510467
2026-03-09 11:30:00+00:00,1,0.48800499287212723
2026-03-09 11:35:00+00:00,0,0.47460467713835397
2026-03-09 11:40:00+00:00,1,0.4935843842484062
2026-03-09 11:45:00+00:00,1,0.4879972865061032
2026-03-09 11:50:00+00:00,1,0.4663719997174129
2026-03-09 11:55:00+00:00,1,0.48624929444830445
2026-03-09 12:00:00+00:00,1,0.5011847379058422
2026-03-09 12:05:00+00:00,1,0.514637183065482
2026-03-09 12:10:00+00:00,1,0.5032369686053859
2026-03-09 12:15:00+00:00,1,0.5085366456602953
2026-03-09 12:20:00+00:00,1,0.5056189563729048
2026-03-09 12:25:00+00:00,1,0.5381298832751095
2026-03-09 12:30:00+00:00,1,0.5306318138746245
2026-03-09 12:35:00+00:00,1,0.49752308935517126
2026-03-09 12:40:00+00:00,1,0.5043061299144246
2026-03-09 12:45:00+00:00,1,0.5116459330565681
2026-03-09 12:50:00+00:00,1,0.5098429411946928
2026-03-09 12:55:00+00:00,1,0.4791293403370957
2026-03-09 13:00:00+00:00,1,0.4546694498782317
2026-03-09 13:05:00+00:00,1,0.4610748986565691
2026-03-09 13:10:00+00:00,1,0.43792101442586473
2026-03-09 13:15:00+00:00,1,0.4540395295770183
2026-03-09 13:20:00+00:00,1,0.4642007379242173
2026-03-09 13:25:00+00:00,1,0.4259094458493785
2026-03-09 13:30:00+00:00,0,0.4334674496682661
2026-03-09 13:35:00+00:00,0,0.4579968787700214
2026-03-09 13:40:00+00:00,0,0.447283801303155
2026-03-09 13:45:00+00:00,0,0.45572153846484864
2026-03-09 13:50:00+00:00,1,0.4371245565434841
2026-03-09 13:55:00+00:00,0,0.4094956363919079
2026-03-09 14:00:00+00:00,0,0.43438730178771456
2026-03-09 14:05:00+00:00,1,0.460736505507213
2026-03-09 14:10:00+00:00,1,0.4565064643374825
2026-03-09 14:15:00+00:00,0,0.4779360906854835
2026-03-09 14:20:00+00:00,0,0.4757981634398335
2026-03-09 14:25:00+00:00,0,0.47039800838248347
2026-03-09 14:30:00+00:00,0,0.48223394259175556
2026-03-09 14:35:00+00:00,0,0.49073146806300927
2026-03-09 14:40:00+00:00,0,0.4897211533002356
2026-03-09 14:45:00+00:00,0,0.4986057647709311
2026-03-09 14:50:00+00:00,0,0.4908849072536209
2026-03-09 14:55:00+00:00,0,0.4879153178817262
2026-03-09 15:00:00+00:00,0,0.504154322948391
2026-03-09 15:05:00+00:00,0,0.4842572371466859
2026-03-09 15:10:00+00:00,0,0.4898268990854044
2026-03-09 15:15:00+00:00,0,0.4885475323713521
2026-03-09 15:20:00+00:00,0,0.4988546562851633
2026-03-09 15:25:00+00:00,0,0.5034474516682518
2026-03-09 15:30:00+00:00,1,0.5085835381568903
2026-03-09 15:35:00+00:00,1,0.5071836716226252
2026-03-09 15:40:00+00:00,1,0.5050013249782679
2026-03-09 15:45:00+00:00,1,0.49993051398581884
2026-03-09 15:50:00+00:00,1,0.49317044375832186
2026-03-09 15:55:00+00:00,1,0.5078151184160207
2026-03-09 16:00:00+00:00,0,0.5160891505677557
2026-03-09 16:05:00+00:00,1,0.5030284921988967
2026-03-09 16:10:00+00:00,1,0.4989716424722274
2026-03-09 16:15:00+00:00,1,0.5085014901287871
2026-03-09 16:20:00+00:00,0,0.4950678182293947
2026-03-09 16:25:00+00:00,0,0.4888888788937222
2026-03-09 16:30:00+00:00,1,0.4977576711251099
2026-03-09 16:35:00+00:00,1,0.49631285999681285
2026-03-09 16:40:00+00:00,1,0.4976112665457722
2026-03-09 16:45:00+00:00,1,0.5160956415510932
2026-03-09 16:50:00+00:00,1,0.5067241239806787
2026-03-09 16:55:00+00:00,1,0.5153183849254356
2026-03-09 17:00:00+00:00,0,0.5102351278123918
2026-03-09 17:05:00+00:00,0,0.49027592798855624
2026-03-09 17:10:00+00:00,0,0.4890627685204673
2026-03-09 17:15:00+00:00,0,0.49299760417578803
2026-03-09 17:20:00+00:00,1,0.499678274442995
2026-03-09 17:25:00+00:00,0,0.49712035420953843
2026-03-09 17:30:00+00:00,0,0.5038843924500965
2026-03-09 17:35:00+00:00,0,0.5097592839106527
2026-03-09 17:40:00+00:00,0,0.5054150979902993
2026-03-09 17:45:00+00:00,0,0.48984335966210196
2026-03-09 17:50:00+00:00,0,0.5033153003443096
2026-03-09 17:55:00+00:00,0,0.49325986149171863
2026-03-09 18:00:00+00:00,1,0.5051425590342353
2026-03-09 18:05:00+00:00,1,0.5000930404974808
2026-03-09 18:10:00+00:00,1,0.5018867073847632
2026-03-09 18:15:00+00:00,0,0.4931740684163251
2026-03-09 18:20:00+00:00,0,0.5012918798123714
2026-03-09 18:25:00+00:00,0,0.5095898490611804
2026-03-09 18:30:00+00:00,0,0.5128532244782813
2026-03-09 18:35:00+00:00,0,0.5112602605654339
2026-03-09 18:40:00+00:00,0,0.5174895134730373
2026-03-09 18:45:00+00:00,1,0.5076416736889439
2026-03-09 18:50:00+00:00,1,0.5114225362187715
2026-03-09 18:55:00+00:00,1,0.5056767591308113
2026-03-09 19:00:00+00:00,1,0.5214201718205167
2026-03-09 19:05:00+00:00,1,0.5290404308681445
2026-03-09 19:10:00+00:00,1,0.5135714310346176
2026-03-09 19:15:00+00:00,0,0.4505620482274851
2026-03-09 19:20:00+00:00,0,0.44116916111687865
2026-03-09 19:25:00+00:00,0,0.45909947833560505
2026-03-09 19:30:00+00:00,0,0.4681832598428316
2026-03-09 19:35:00+00:00,0,0.4598115216569648
2026-03-09 19:40:00+00:00,0,0.4494147492766108
2026-03-09 19:45:00+00:00,0,0.44600225632593493
2026-03-09 19:50:00+00:00,0,0.45579210782272933
2026-03-09 19:55:00+00:00,0,0.4695748831509702
2026-03-09 20:00:00+00:00,0,0.4675463370739998
2026-03-09 20:05:00+00:00,0,0.4940418034368535
2026-03-09 20:10:00+00:00,0,0.4907212788032723
2026-03-09 20:15:00+00:00,0,0.4863070331762084
2026-03-09 20:20:00+00:00,0,0.4804231926534335
2026-03-09 20:25:00+00:00,0,0.46150004044185705
2026-03-09 20:30:00+00:00,1,0.486845341583452
2026-03-09 20:35:00+00:00,1,0.4996902101533412
2026-03-09 20:40:00+00:00,1,0.4860961297643544
2026-03-09 20:45:00+00:00,1,0.48923811025595726
2026-03-09 20:50:00+00:00,0,0.4987118189713346
2026-03-09 20:55:00+00:00,0,0.49375962712940225
2026-03-09 21:00:00+00:00,0,0.5013568007231056
2026-03-09 21:05:00+00:00,0,0.5118038549566352
2026-03-09 21:10:00+00:00,0,0.5077546736558618
2026-03-09 21:15:00+00:00,0,0.5283211687519136
2026-03-09 21:20:00+00:00,0,0.5179719399415426
2026-03-09 21:25:00+00:00,0,0.5066885184522179
2026-03-09 21:30:00+00:00,0,0.5010036115097544
2026-03-09 21:35:00+00:00,0,0.506787249041009
2026-03-09 21:40:00+00:00,0,0.49483665703354535
2026-03-09 21:45:00+00:00,0,0.5309421049333728
2026-03-09 21:50:00+00:00,0,0.5459720601234627
2026-03-09 21:55:00+00:00,0,0.5470025412304808
2026-03-09 22:00:00+00:00,1,0.5185614122150414
2026-03-09 22:05:00+00:00,0,0.5360993759701317
2026-03-09 22:10:00+00:00,0,0.5488803283129978
2026-03-09 22:15:00+00:00,0,0.5340804118013142
2026-03-09 22:20:00+00:00,0,0.5366343906634018
2026-03-09 22:25:00+00:00,0,0.5147065902277497
2026-03-09 22:30:00+00:00,0,0.5240954345549621
2026-03-09 22:35:00+00:00,0,0.5038229327459102
2026-03-09 22:40:00+00:00,0,0.49238329722636964
2026-03-09 22:45:00+00:00,0,0.496014150069328
2026-03-09 22:50:00+00:00,1,0.4782496367430995
2026-03-09 22:55:00+00:00,0,0.49571064674399645
2026-03-09 23:00:00+00:00,1,0.5005836315889985
2026-03-09 23:05:00+00:00,0,0.4913511035090768
2026-03-09 23:10:00+00:00,0,0.4920178409700255
2026-03-09 23:15:00+00:00,1,0.49344831767083597
2026-03-09 23:20:00+00:00,0,0.5077780095980722
2026-03-09 23:25:00+00:00,1,0.5098543147516557
2026-03-09 23:30:00+00:00,0,0.5065011770566377
2026-03-09 23:35:00+00:00,0,0.5008401652765669
2026-03-09 23:40:00+00:00,0,0.5009730472746118
2026-03-09 23:45:00+00:00,1,0.5153043708255695
2026-03-09 23:50:00+00:00,1,0.5095951456760867
2026-03-09 23:55:00+00:00,1,0.49191078184004927
2026-03-10 00:00:00+00:00,1,0.49782574241533156
2026-03-10 00:05:00+00:00,1,0.5004774651962893
2026-03-10 00:10:00+00:00,1,0.4845481796171208
2026-03-10 00:15:00+00:00,1,0.45023594170982467
2026-03-10 00:20:00+00:00,1,0.43029601035075166
2026-03-10 00:25:00+00:00,0,0.41782682431560475
2026-03-10 00:30:00+00:00,0,0.43077737909682745
2026-03-10 00:35:00+00:00,0,0.4325563381660694
2026-03-10 00:40:00+00:00,0,0.43113817012387007
2026-03-10 00:45:00+00:00,0,0.43579077260773497
2026-03-10 00:50:00+00:00,0,0.4428971145392988
2026-03-10 00:55:00+00:00,0,0.45652118809763237
2026-03-10 01:00:00+00:00,0,0.42640234851936637
2026-03-10 01:05:00+00:00,0,0.46492692129849905
2026-03-10 01:10:00+00:00,0,0.45384004483571583
2026-03-10 01:15:00+00:00,0,0.5102544176426048
2026-03-10 01:20:00+00:00,1,0.5257212825914432
2026-03-10 01:25:00+00:00,0,0.5175677244475315
2026-03-10 01:30:00+00:00,0,0.5220055611275125
2026-03-10 01:35:00+00:00,1,0.5129073175836606
2026-03-10 01:40:00+00:00,1,0.4952498765880991
2026-03-10 01:45:00+00:00,0,0.4713887615554266
2026-03-10 01:50:00+00:00,0,0.4615839971316923
2026-03-10 01:55:00+00:00,1,0.4956592823753934
2026-03-10 02:00:00+00:00,1,0.47865480868669136
2026-03-10 02:05:00+00:00,1,0.49991570589102596
2026-03-10 02:10:00+00:00,1,0.4817932407776347
2026-03-10 02:15:00+00:00,1,0.47359867637335695
2026-03-10 02:20:00+00:00,1,0.4774678498197284
2026-03-10 02:25:00+00:00,1,0.47697273877512975
2026-03-10 02:30:00+00:00,0,0.4582406057126822
2026-03-10 02:35:00+00:00,0,0.4529418360763991
2026-03-10 02:40:00+00:00,0,0.43786588093784967
2026-03-10 02:45:00+00:00,0,0.4504942968527634
2026-03-10 02:50:00+00:00,0,0.4357546100688794
2026-03-10 02:55:00+00:00,0,0.46868413113577756
2026-03-10 03:00:00+00:00,0,0.4501003342851781
2026-03-10 03:05:00+00:00,0,0.4489277651060152
2026-03-10 03:10:00+00:00,0,0.4629240751371867
2026-03-10 03:15:00+00:00,0,0.45716454078838314
2026-03-10 03:20:00+00:00,0,0.47414997470420117
2026-03-10 03:25:00+00:00,0,0.4532046241996643
2026-03-10 03:30:00+00:00,0,0.4450083696861943
2026-03-10 03:35:00+00:00,0,0.4642818352409488
2026-03-10 03:40:00+00:00,1,0.4618714789849356
2026-03-10 03:45:00+00:00,1,0.4764472737474202
2026-03-10 03:50:00+00:00,1,0.4842752483592151
2026-03-10 03:55:00+00:00,1,0.478135628120217
2026-03-10 04:00:00+00:00,1,0.47984081142312446
2026-03-10 04:05:00+00:00,1,0.4751389673150044
2026-03-10 04:10:00+00:00,1,0.4782129650205485
2026-03-10 04:15:00+00:00,1,0.47716840121697096
2026-03-10 04:20:00+00:00,0,0.47254345574589035
2026-03-10 04:25:00+00:00,0,0.47271624134596907
2026-03-10 04:30:00+00:00,1,0.4838216235340503
2026-03-10 04:35:00+00:00,0,0.47173324935162503
2026-03-10 04:40:00+00:00,0,0.4646213102504012
2026-03-10 04:45:00+00:00,0,0.4753052396841448
2026-03-10 04:50:00+00:00,0,0.4729214683576925
2026-03-10 04:55:00+00:00,0,0.48460009792158476
2026-03-10 05:00:00+00:00,0,0.4915483755216644
2026-03-10 05:05:00+00:00,0,0.5180841234886445
2026-03-10 05:10:00+00:00,0,0.519741508788538
2026-03-10 05:15:00+00:00,0,0.5109624052847649
2026-03-10 05:20:00+00:00,0,0.5176789674908807
2026-03-10 05:25:00+00:00,0,0.5302084141418137
2026-03-10 05:30:00+00:00,0,0.5320200878730572
2026-03-10 05:35:00+00:00,0,0.5386380428300557
2026-03-10 05:40:00+00:00,0,0.5109841468120502
2026-03-10 05:45:00+00:00,0,0.5165341463242115
2026-03-10 05:50:00+00:00,0,0.5076775281923822
2026-03-10 05:55:00+00:00,1,0.51991628134109
2026-03-10 06:00:00+00:00,1,0.5233214410288335
2026-03-10 06:05:00+00:00,1,0.5153031449389489
2026-03-10 06:10:00+00:00,1,0.5285857394026102
2026-03-10 06:15:00+00:00,1,0.5186837228252141
2026-03-10 06:20:00+00:00,1,0.5226585727642951
2026-03-10 06:25:00+00:00,0,0.4905259280806925
2026-03-10 06:30:00+00:00,0,0.49830681700811347
2026-03-10 06:35:00+00:00,1,0.48879022138124156
2026-03-10 06:40:00+00:00,1,0.5071439405419546
2026-03-10 06:45:00+00:00,1,0.4975292522721506
2026-03-10 06:50:00+00:00,1,0.5051294255560894
2026-03-10 06:55:00+00:00,1,0.49657211402332224
2026-03-10 07:00:00+00:00,1,0.5032425458081878
2026-03-10 07:05:00+00:00,1,0.5202522530175216
2026-03-10 07:10:00+00:00,1,0.5194732011192805
2026-03-10 07:15:00+00:00,0,0.47650572112347195
2026-03-10 07:20:00+00:00,0,0.45430044840483924
2026-03-10 07:25:00+00:00,0,0.47701105811558403
2026-03-10 07:30:00+00:00,1,0.50182189845869
2026-03-10 07:35:00+00:00,1,0.47915495190018875
2026-03-10 07:40:00+00:00,1,0.48241833901240655
2026-03-10 07:45:00+00:00,1,0.4937630288362772
2026-03-10 07:50:00+00:00,1,0.49598372709891725
2026-03-10 07:55:00+00:00,1,0.49218760367588876
2026-03-10 08:00:00+00:00,1,0.4640587597560775
2026-03-10 08:05:00+00:00,0,0.4294307073213317
2026-03-10 08:10:00+00:00,0,0.41770206762978923
2026-03-10 08:15:00+00:00,1,0.43596270828081296
2026-03-10 08:20:00+00:00,1,0.44704940691182365
2026-03-10 08:25:00+00:00,1,0.4328182583609976
2026-03-10 08:30:00+00:00,0,0.43048189922467023
2026-03-10 08:35:00+00:00,0,0.4240798632933549
2026-03-10 08:40:00+00:00,0,0.433034972285087
2026-03-10 08:45:00+00:00,1,0.4494274875157319
2026-03-10 08:50:00+00:00,1,0.47001568485624906
2026-03-10 08:55:00+00:00,1,0.44613192512476363
2026-03-10 09:00:00+00:00,1,0.4508769566710024
2026-03-10 09:05:00+00:00,1,0.46894844557581794
2026-03-10 09:10:00+00:00,1,0.4473437135160261
2026-03-10 09:15:00+00:00,1,0.4574630289170331
2026-03-10 09:20:00+00:00,0,0.4615586310865828
2026-03-10 09:25:00+00:00,0,0.46496925412479356
2026-03-10 09:30:00+00:00,0,0.4394083940744408
2026-03-10 09:35:00+00:00,0,0.45177818197449005
2026-03-10 09:40:00+00:00,0,0.4606089903577492
2026-03-10 09:45:00+00:00,0,0.4601281875266351
2026-03-10 09:50:00+00:00,0,0.45028471691112104
2026-03-10 09:55:00+00:00,0,0.45060924193349766
2026-03-10 10:00:00+00:00,0,0.4673286704929521
2026-03-10 10:05:00+00:00,0,0.4770570305499269
2026-03-10 10:10:00+00:00,0,0.487744944515423
2026-03-10 10:15:00+00:00,1,0.48716276202049963
2026-03-10 10:20:00+00:00,1,0.4836500480992954
2026-03-10 10:25:00+00:00,1,0.479547518412612
2026-03-10 10:30:00+00:00,1,0.47865976356110357
2026-03-10 10:35:00+00:00,1,0.5028298307150749
2026-03-10 10:40:00+00:00,1,0.4998354465782307
2026-03-10 10:45:00+00:00,1,0.49799479157516274
2026-03-10 10:50:00+00:00,1,0.4774139283884492
2026-03-10 10:55:00+00:00,0,0.47594865400599856
2026-03-10 11:00:00+00:00,0,0.4710036668719889
2026-03-10 11:05:00+00:00,0,0.4822862627239861
2026-03-10 11:10:00+00:00,0,0.4725958370742056
2026-03-10 11:15:00+00:00,0,0.46993643738572277
2026-03-10 11:20:00+00:00,0,0.4907764068324637
2026-03-10 11:25:00+00:00,0,0.5030165290337829
2026-03-10 11:30:00+00:00,0,0.48597838435879265
2026-03-10 11:35:00+00:00,0,0.5014389557272775
2026-03-10 11:40:00+00:00,0,0.5143237989759621
2026-03-10 11:45:00+00:00,0,0.5110148357432771
2026-03-10 11:50:00+00:00,0,0.5018302923893593
2026-03-10 11:55:00+00:00,0,0.5173125329181731
2026-03-10 12:00:00+00:00,1,0.5521975285869695
2026-03-10 12:05:00+00:00,1,0.5513273660398679
2026-03-10 12:10:00+00:00,1,0.5248913443126699
2026-03-10 12:15:00+00:00,1,0.5326942974099826
2026-03-10 12:20:00+00:00,1,0.536827216120326
2026-03-10 12:25:00+00:00,1,0.5255866639374089
2026-03-10 12:30:00+00:00,1,0.5096767411496222
2026-03-10 12:35:00+00:00,1,0.4991176871249767
2026-03-10 12:40:00+00:00,1,0.5089026930206736
2026-03-10 12:45:00+00:00,1,0.5315453105211757
2026-03-10 12:50:00+00:00,1,0.5201293875526167
2026-03-10 12:55:00+00:00,1,0.519977730403872
2026-03-10 13:00:00+00:00,0,0.48359526678670206
2026-03-10 13:05:00+00:00,0,0.5050019663193362
2026-03-10 13:10:00+00:00,0,0.510924301764521
2026-03-10 13:15:00+00:00,0,0.4782089986433716
2026-03-10 13:20:00+00:00,0,0.4530567249202459
2026-03-10 13:25:00+00:00,0,0.4688172862024932
2026-03-10 13:30:00+00:00,1,0.4899254398683403
2026-03-10 13:35:00+00:00,0,0.49599111672695095
2026-03-10 13:40:00+00:00,0,0.465440596317256
2026-03-10 13:45:00+00:00,0,0.43554575290754804
2026-03-10 13:50:00+00:00,0,0.43730400799910685
2026-03-10 13:55:00+00:00,0,0.47350038496028035
2026-03-10 14:00:00+00:00,1,0.4477403998128735
2026-03-10 14:05:00+00:00,1,0.4914522761744648
2026-03-10 14:10:00+00:00,1,0.49475328338722646
2026-03-10 14:15:00+00:00,1,0.48211260650657806
2026-03-10 14:20:00+00:00,1,0.4900787301814365
2026-03-10 14:25:00+00:00,1,0.4940019025801457
2026-03-10 14:30:00+00:00,1,0.4827445016141575
2026-03-10 14:35:00+00:00,1,0.5017302902127146
2026-03-10 14:40:00+00:00,1,0.494419150440931
2026-03-10 14:45:00+00:00,1,0.48218201277384876
2026-03-10 14:50:00+00:00,1,0.4785901869314822
2026-03-10 14:55:00+00:00,0,0.47764055499560626
2026-03-10 15:00:00+00:00,0,0.48652074208914997
2026-03-10 15:05:00+00:00,0,0.4767003091847279
2026-03-10 15:10:00+00:00,0,0.46595978519806613
2026-03-10 15:15:00+00:00,0,0.4862431639099176
2026-03-10 15:20:00+00:00,0,0.4792367704423126
2026-03-10 15:25:00+00:00,1,0.47494641316502584
2026-03-10 15:30:00+00:00,1,0.4692388643072998
2026-03-10 15:35:00+00:00,0,0.4756327373960798
2026-03-10 15:40:00+00:00,0,0.4762710451160849
2026-03-10 15:45:00+00:00,1,0.495075263384311
2026-03-10 15:50:00+00:00,1,0.4843915630490032
2026-03-10 15:55:00+00:00,1,0.4969412690260216
2026-03-10 16:00:00+00:00,1,0.5146444832432466
2026-03-10 16:05:00+00:00,1,0.5138600412612366
2026-03-10 16:10:00+00:00,1,0.506110762824086
2026-03-10 16:15:00+00:00,0,0.4788244598459729
2026-03-10 16:20:00+00:00,0,0.4744220734620331
2026-03-10 16:25:00+00:00,0,0.47881499521714066
2026-03-10 16:30:00+00:00,0,0.4884098428260015
2026-03-10 16:35:00+00:00,0,0.466636571869248
2026-03-10 16:40:00+00:00,0,0.4589937747633853
2026-03-10 16:45:00+00:00,0,0.5135728243664803
2026-03-10 16:50:00+00:00,0,0.5138855662577756
2026-03-10 16:55:00+00:00,0,0.518243149173809
2026-03-10 17:00:00+00:00,0,0.49822839918593104
2026-03-10 17:05:00+00:00,0,0.508276280866369
2026-03-10 17:10:00+00:00,0,0.5166849330764478
2026-03-10 17:15:00+00:00,0,0.5128537539846381
2026-03-10 17:20:00+00:00,0,0.5085548227933773
2026-03-10 17:25:00+00:00,0,0.5071279086768058
2026-03-10 17:30:00+00:00,0,0.5188507545058458
2026-03-10 17:35:00+00:00,1,0.50229220783562
2026-03-10 17:40:00+00:00,0,0.5016797592214509
2026-03-10 17:45:00+00:00,0,0.5109134588229564
2026-03-10 17:50:00+00:00,0,0.502412120076009
2026-03-10 17:55:00+00:00,0,0.5141252078714146
2026-03-10 18:00:00+00:00,0,0.5003392006270032
2026-03-10 18:05:00+00:00,0,0.5089725559756783
2026-03-10 18:10:00+00:00,0,0.5476593966279296
2026-03-10 18:15:00+00:00,0,0.5573244553528864
2026-03-10 18:20:00+00:00,0,0.5297782183786441
2026-03-10 18:25:00+00:00,0,0.5328710362919313
2026-03-10 18:30:00+00:00,0,0.5312934558654882
2026-03-10 18:35:00+00:00,1,0.5399967296975645
2026-03-10 18:40:00+00:00,1,0.5417530148522728
2026-03-10 18:45:00+00:00,1,0.5414320666377433
2026-03-10 18:50:00+00:00,0,0.5398614804150267
2026-03-10 18:55:00+00:00,0,0.5288191920176711
2026-03-10 19:00:00+00:00,0,0.5031096687351502
2026-03-10 19:05:00+00:00,0,0.5086045310033199
2026-03-10 19:10:00+00:00,0,0.5040243773606097
2026-03-10 19:15:00+00:00,0,0.49742032770702127
2026-03-10 19:20:00+00:00,0,0.49670209031116186
2026-03-10 19:25:00+00:00,1,0.4957680065177388
2026-03-10 19:30:00+00:00,1,0.5032053737363459
2026-03-10 19:35:00+00:00,1,0.5276349013255092
2026-03-10 19:40:00+00:00,1,0.5334785216832112
2026-03-10 19:45:00+00:00,1,0.5247486077578116
2026-03-10 19:50:00+00:00,1,0.5038005685235154
2026-03-10 19:55:00+00:00,1,0.5095427648478524
2026-03-10 20:00:00+00:00,1,0.49760075331811077
2026-03-10 20:05:00+00:00,1,0.5004351324850004
2026-03-10 20:10:00+00:00,1,0.49726639479377177
2026-03-10 20:15:00+00:00,1,0.476149161853421
2026-03-10 20:20:00+00:00,1,0.459050268653851
2026-03-10 20:25:00+00:00,1,0.478489101182711
2026-03-10 20:30:00+00:00,1,0.4680657903609237
2026-03-10 20:35:00+00:00,1,0.45957578547892497
2026-03-10 20:40:00+00:00,0,0.48425404723008963
2026-03-10 20:45:00+00:00,0,0.4752557218242157
2026-03-10 20:50:00+00:00,0,0.492033704742164
2026-03-10 20:55:00+00:00,0,0.4906208501932602
2026-03-10 21:00:00+00:00,0,0.46728610220913797
2026-03-10 21:05:00+00:00,0,0.4731450569309116
2026-03-10 21:10:00+00:00,0,0.5287072063735235
2026-03-10 21:15:00+00:00,0,0.5221681044924137
2026-03-10 21:20:00+00:00,0,0.5261063991693015
2026-03-10 21:25:00+00:00,0,0.5463634653331082
2026-03-10 21:30:00+00:00,0,0.5494287046017017
2026-03-10 21:35:00+00:00,0,0.5319342689269476
2026-03-10 21:40:00+00:00,0,0.5309219363222312
2026-03-10 21:45:00+00:00,0,0.5382322701105591
2026-03-10 21:50:00+00:00,1,0.54230620831668
2026-03-10 21:55:00+00:00,1,0.551821428620385
2026-03-10 22:00:00+00:00,1,0.5564359071206271
2026-03-10 22:05:00+00:00,1,0.5713690273659688
2026-03-10 22:10:00+00:00,1,0.5673678493077311
2026-03-10 22:15:00+00:00,1,0.5465607222634907
2026-03-10 22:20:00+00:00,0,0.49712194372637764
2026-03-10 22:25:00+00:00,0,0.500912894830958
2026-03-10 22:30:00+00:00,1,0.5143420500721994
2026-03-10 22:35:00+00:00,1,0.5191091746657722
2026-03-10 22:40:00+00:00,1,0.5175445787678701
2026-03-10 22:45:00+00:00,1,0.5175647999073287
2026-03-10 22:50:00+00:00,1,0.5174226101002946
2026-03-10 22:55:00+00:00,1,0.506174559072722
2026-03-10 23:00:00+00:00,1,0.49403633832549754
2026-03-10 23:05:00+00:00,1,0.4954623864873572
2026-03-10 23:10:00+00:00,1,0.512954108851384
2026-03-10 23:15:00+00:00,1,0.5195768389415798
2026-03-10 23:20:00+00:00,1,0.5062256684223982
2026-03-10 23:25:00+00:00,1,0.5017776978434838
2026-03-10 23:30:00+00:00,0,0.46835446414161863
2026-03-10 23:35:00+00:00,1,0.4976837995077305
2026-03-10 23:40:00+00:00,1,0.47836737751855823
2026-03-10 23:45:00+00:00,1,0.47610699516233584
2026-03-10 23:50:00+00:00,1,0.47392423866717737
2026-03-10 23:55:00+00:00,0,0.47143978117479574
2026-03-11 00:00:00+00:00,1,0.5157557073513193
2026-03-11 00:05:00+00:00,0,0.5239705103807842
2026-03-11 00:10:00+00:00,0,0.5254826378835737
2026-03-11 00:15:00+00:00,0,0.5188551544166328
2026-03-11 00:20:00+00:00,1,0.5328387713004001
2026-03-11 00:25:00+00:00,1,0.4959864040960401
2026-03-11 00:30:00+00:00,1,0.5072752618726009
2026-03-11 00:35:00+00:00,1,0.5071979469080751
2026-03-11 00:40:00+00:00,1,0.5089563308512712
2026-03-11 00:45:00+00:00,1,0.49168372973597635
2026-03-11 00:50:00+00:00,0,0.5046834130158288
2026-03-11 00:55:00+00:00,1,0.49292870859094534
2026-03-11 01:00:00+00:00,1,0.5051125834633541
2026-03-11 01:05:00+00:00,0,0.48681495170693617
2026-03-11 01:10:00+00:00,0,0.4841202111901338
2026-03-11 01:15:00+00:00,0,0.4837950192013136
2026-03-11 01:20:00+00:00,1,0.5067421637173255
2026-03-11 01:25:00+00:00,0,0.47113635459055225
2026-03-11 01:30:00+00:00,0,0.47912204662941016
2026-03-11 01:35:00+00:00,1,0.4905258723263478
2026-03-11 01:40:00+00:00,0,0.4918618805982822
2026-03-11 01:45:00+00:00,0,0.4944138246528504
2026-03-11 01:50:00+00:00,0,0.4771830949679926
2026-03-11 01:55:00+00:00,0,0.4884787570610797
2026-03-11 02:00:00+00:00,0,0.4789670852880961
2026-03-11 02:05:00+00:00,0,0.4790572388088825
2026-03-11 02:10:00+00:00,0,0.49067622870772437
2026-03-11 02:15:00+00:00,0,0.5179879821886564
2026-03-11 02:20:00+00:00,0,0.5037048650968993
2026-03-11 02:25:00+00:00,0,0.5003739759287834
2026-03-11 02:30:00+00:00,1,0.49148573105430754
2026-03-11 02:35:00+00:00,1,0.48153013101051717
2026-03-11 02:40:00+00:00,1,0.493954863722855
2026-03-11 02:45:00+00:00,1,0.4914991687858612
2026-03-11 02:50:00+00:00,0,0.4672428679817818
2026-03-11 02:55:00+00:00,0,0.45327601298847786
2026-03-11 03:00:00+00:00,0,0.47503641642387395
2026-03-11 03:05:00+00:00,0,0.4477204715131997
2026-03-11 03:10:00+00:00,0,0.45247535304656245
2026-03-11 03:15:00+00:00,0,0.4634901011531742
2026-03-11 03:20:00+00:00,0,0.5040308467676846
2026-03-11 03:25:00+00:00,0,0.4977672641245755
2026-03-11 03:30:00+00:00,0,0.49514583909941806
2026-03-11 03:35:00+00:00,0,0.49430348911032373
2026-03-11 03:40:00+00:00,0,0.5110933834191779
2026-03-11 03:45:00+00:00,0,0.5127237175074322
2026-03-11 03:50:00+00:00,1,0.5076826861043503
2026-03-11 03:55:00+00:00,1,0.5238117215852559
2026-03-11 04:00:00+00:00,1,0.5420581175496375
2026-03-11 04:05:00+00:00,1,0.5471454676543295
2026-03-11 04:10:00+00:00,1,0.5263476826736303
2026-03-11 04:15:00+00:00,1,0.523195329780385
2026-03-11 04:20:00+00:00,1,0.49890295664637957
2026-03-11 04:25:00+00:00,1,0.4216649702373905
2026-03-11 04:30:00+00:00,0,0.4250219710681726
2026-03-11 04:35:00+00:00,1,0.42865214867498624
2026-03-11 04:40:00+00:00,1,0.4179897320012938
2026-03-11 04:45:00+00:00,0,0.4320348828687635
2026-03-11 04:50:00+00:00,0,0.42756013402063026
2026-03-11 04:55:00+00:00,0,0.4463520164044092
2026-03-11 05:00:00+00:00,0,0.4933370951166782
2026-03-11 05:05:00+00:00,0,0.47060597576227414
2026-03-11 05:10:00+00:00,0,0.5136398155131401
2026-03-11 05:15:00+00:00,0,0.5197061193325405
2026-03-11 05:20:00+00:00,0,0.5070135383215552
2026-03-11 05:25:00+00:00,0,0.5124587900473303
2026-03-11 05:30:00+00:00,0,0.5222526864193082
2026-03-11 05:35:00+00:00,0,0.5113869985571068
2026-03-11 05:40:00+00:00,1,0.532206050189147
2026-03-11 05:45:00+00:00,1,0.521737716251237
2026-03-11 05:50:00+00:00,1,0.5315252560668752
2026-03-11 05:55:00+00:00,1,0.5468453989050346
2026-03-11 06:00:00+00:00,1,0.5275263054216274
2026-03-11 06:05:00+00:00,1,0.5427606915255531
2026-03-11 06:10:00+00:00,1,0.5283364296697987
2026-03-11 06:15:00+00:00,1,0.5160958365590923
2026-03-11 06:20:00+00:00,1,0.5166578847242834
2026-03-11 06:25:00+00:00,1,0.5337403096061348
2026-03-11 06:30:00+00:00,0,0.5105953017621855
2026-03-11 06:35:00+00:00,1,0.494709867861227
2026-03-11 06:40:00+00:00,1,0.51327473017788
2026-03-11 06:45:00+00:00,1,0.5128669637654601
2026-03-11 06:50:00+00:00,1,0.510433599743051
2026-03-11 06:55:00+00:00,1,0.5335631675435921
2026-03-11 07:00:00+00:00,0,0.5342629691204296
2026-03-11 07:05:00+00:00,0,0.5032641853474079
2026-03-11 07:10:00+00:00,0,0.4636517233144625
2026-03-11 07:15:00+00:00,0,0.47202124659128347
2026-03-11 07:20:00+00:00,0,0.49454861488030677
2026-03-11 07:25:00+00:00,0,0.5137210736670106
2026-03-11 07:30:00+00:00,1,0.5343188419854823
2026-03-11 07:35:00+00:00,1,0.5370994329515982
2026-03-11 07:40:00+00:00,1,0.527580714909143
2026-03-11 07:45:00+00:00,0,0.511473403651122
2026-03-11 07:50:00+00:00,0,0.4936008349854931
2026-03-11 07:55:00+00:00,0,0.5023466424489524
2026-03-11 08:00:00+00:00,1,0.4759336297926996
2026-03-11 08:05:00+00:00,1,0.4992047506707765
2026-03-11 08:10:00+00:00,1,0.4873132268422578
2026-03-11 08:15:00+00:00,1,0.5001247761122998
2026-03-11 08:20:00+00:00,1,0.5045362090817894
2026-03-11 08:25:00+00:00,1,0.5186694366601419
2026-03-11 08:30:00+00:00,1,0.4902577803106592
2026-03-11 08:35:00+00:00,1,0.49313363957931866
2026-03-11 08:40:00+00:00,0,0.50061274576828
2026-03-11 08:45:00+00:00,0,0.48823613074441313
2026-03-11 08:50:00+00:00,0,0.4620567705319952
2026-03-11 08:55:00+00:00,0,0.45313830967837887
2026-03-11 09:00:00+00:00,0,0.45802937361380286
2026-03-11 09:05:00+00:00,0,0.4438265876936929
2026-03-11 09:10:00+00:00,0,0.4698702091142889
2026-03-11 09:15:00+00:00,1,0.5137800104546577
2026-03-11 09:20:00+00:00,0,0.49998837989389383
2026-03-11 09:25:00+00:00,0,0.5042470412928879
2026-03-11 09:30:00+00:00,0,0.5176490818875356
2026-03-11 09:35:00+00:00,0,0.5297873607094307
2026-03-11 09:40:00+00:00,0,0.5014713603615697
2026-03-11 09:45:00+00:00,0,0.5128999602702171
2026-03-11 09:50:00+00:00,1,0.521372488551297
2026-03-11 09:55:00+00:00,1,0.5395386983517384
2026-03-11 10:00:00+00:00,1,0.5307650288614449
2026-03-11 10:05:00+00:00,1,0.5262599421071031
2026-03-11 10:10:00+00:00,1,0.5301069962178844
2026-03-11 10:15:00+00:00,1,0.530163596062298
2026-03-11 10:20:00+00:00,1,0.49463895879569436
2026-03-11 10:25:00+00:00,1,0.49053667473504187
2026-03-11 10:30:00+00:00,1,0.4777919042873325
2026-03-11 10:35:00+00:00,1,0.48028575401401924
2026-03-11 10:40:00+00:00,1,0.4802139591027541
2026-03-11 10:45:00+00:00,0,0.4873010758652207
2026-03-11 10:50:00+00:00,0,0.4899301927038912
2026-03-11 10:55:00+00:00,0,0.4672729402921158
2026-03-11 11:00:00+00:00,0,0.47125006237311245
2026-03-11 11:05:00+00:00,0,0.4612123975981321
2026-03-11 11:10:00+00:00,0,0.4520097962128354
2026-03-11 11:15:00+00:00,0,0.460650478638323
2026-03-11 11:20:00+00:00,0,0.48740851220153053
2026-03-11 11:25:00+00:00,0,0.5018797356874586
2026-03-11 11:30:00+00:00,0,0.4935463803106519
2026-03-11 11:35:00+00:00,0,0.5161613868269358
2026-03-11 11:40:00+00:00,0,0.528298874929732
2026-03-11 11:45:00+00:00,1,0.5217697814766978
2026-03-11 11:50:00+00:00,1,0.5305748870974363
2026-03-11 11:55:00+00:00,1,0.5306005028565838
2026-03-11 12:00:00+00:00,1,0.549921108064269
2026-03-11 12:05:00+00:00,1,0.5553698891157778
2026-03-11 12:10:00+00:00,1,0.5350665889412812
2026-03-11 12:15:00+00:00,1,0.5305755261042338
2026-03-11 12:20:00+00:00,1,0.5448946019838267
2026-03-11 12:25:00+00:00,0,0.5421235479817604
2026-03-11 12:30:00+00:00,1,0.5200094431183637
2026-03-11 12:35:00+00:00,1,0.5246134897369226
2026-03-11 12:40:00+00:00,1,0.5134743710191495
2026-03-11 12:45:00+00:00,1,0.5397907084228869
2026-03-11 12:50:00+00:00,1,0.5436478852060798
2026-03-11 12:55:00+00:00,1,0.5229038879750642
2026-03-11 13:00:00+00:00,1,0.46848226117706415
2026-03-11 13:05:00+00:00,1,0.4651625263214536
2026-03-11 13:10:00+00:00,1,0.44614810495403884
2026-03-11 13:15:00+00:00,1,0.434247791836015
2026-03-11 13:20:00+00:00,0,0.44594725714417055
2026-03-11 13:25:00+00:00,1,0.45056659082464
2026-03-11 13:30:00+00:00,0,0.45864295183063297
2026-03-11 13:35:00+00:00,0,0.4568805322244909
2026-03-11 13:40:00+00:00,1,0.46396627940524027
2026-03-11 13:45:00+00:00,1,0.480283832789955
2026-03-11 13:50:00+00:00,1,0.45934859985402815
2026-03-11 13:55:00+00:00,1,0.45541830832899066
2026-03-11 14:00:00+00:00,0,0.4473818264767312
2026-03-11 14:05:00+00:00,1,0.45445076708347354
2026-03-11 14:10:00+00:00,1,0.4505738534742935
2026-03-11 14:15:00+00:00,1,0.43672584518833935
2026-03-11 14:20:00+00:00,1,0.4563002151538161
2026-03-11 14:25:00+00:00,0,0.45039178272511415
2026-03-11 14:30:00+00:00,0,0.4680916058478175
2026-03-11 14:35:00+00:00,0,0.4456273896587483
2026-03-11 14:40:00+00:00,0,0.46265485964995645
2026-03-11 14:45:00+00:00,0,0.4634632087900282
2026-03-11 14:50:00+00:00,0,0.5067796093587821
2026-03-11 14:55:00+00:00,0,0.48984952018842853
2026-03-11 15:00:00+00:00,0,0.5118594029944041
2026-03-11 15:05:00+00:00,0,0.49427909100449346
2026-03-11 15:10:00+00:00,0,0.4957443320034678
2026-03-11 15:15:00+00:00,0,0.4866767563349808
2026-03-11 15:20:00+00:00,0,0.4966053540003348
2026-03-11 15:25:00+00:00,0,0.507851362858312
2026-03-11 15:30:00+00:00,1,0.4869562006628373
2026-03-11 15:35:00+00:00,1,0.4979646460205404
2026-03-11 15:40:00+00:00,1,0.47696956638000276
2026-03-11 15:45:00+00:00,1,0.4944606693243234
2026-03-11 15:50:00+00:00,1,0.4946426115972076
2026-03-11 15:55:00+00:00,1,0.504314439677924
2026-03-11 16:00:00+00:00,1,0.5142336017770373
2026-03-11 16:05:00+00:00,1,0.5100249168752922
2026-03-11 16:10:00+00:00,1,0.49901656854512677
2026-03-11 16:15:00+00:00,1,0.5147571058026544
2026-03-11 16:20:00+00:00,1,0.5196504591980972
2026-03-11 16:25:00+00:00,1,0.5106791484475733
2026-03-11 16:30:00+00:00,1,0.49584951503113806
2026-03-11 16:35:00+00:00,1,0.49521744673938495
2026-03-11 16:40:00+00:00,0,0.5039221772826781
2026-03-11 16:45:00+00:00,1,0.4714032015341929
2026-03-11 16:50:00+00:00,1,0.482822785622349
2026-03-11 16:55:00+00:00,1,0.4875545912532359
2026-03-11 17:00:00+00:00,0,0.49076100441481585
2026-03-11 17:05:00+00:00,0,0.4925412701038475
2026-03-11 17:10:00+00:00,1,0.5275011161374209
2026-03-11 17:15:00+00:00,1,0.5190262752539719
2026-03-11 17:20:00+00:00,0,0.5117227760383727
2026-03-11 17:25:00+00:00,0,0.5149715637567093
2026-03-11 17:30:00+00:00,1,0.5257234520350599
2026-03-11 17:35:00+00:00,1,0.5306842113652439
2026-03-11 17:40:00+00:00,1,0.5063491054674465
2026-03-11 17:45:00+00:00,1,0.5207149601233659
2026-03-11 17:50:00+00:00,1,0.5139012267547434
2026-03-11 17:55:00+00:00,1,0.507605177850051
2026-03-11 18:00:00+00:00,1,0.5088205631805756
2026-03-11 18:05:00+00:00,1,0.532331991810759
2026-03-11 18:10:00+00:00,1,0.5322652029953701
2026-03-11 18:15:00+00:00,1,0.5215969277542379
2026-03-11 18:20:00+00:00,1,0.5126984680469469
2026-03-11 18:25:00+00:00,1,0.4996301969593783
2026-03-11 18:30:00+00:00,0,0.4890557582515996
2026-03-11 18:35:00+00:00,1,0.5340869625946573
2026-03-11 18:40:00+00:00,0,0.5154825960562269
2026-03-11 18:45:00+00:00,0,0.5093905832793926
2026-03-11 18:50:00+00:00,0,0.49076260738054117
2026-03-11 18:55:00+00:00,0,0.4913052289498212
2026-03-11 19:00:00+00:00,0,0.5109392700242869
2026-03-11 19:05:00+00:00,0,0.5155806085063585
2026-03-11 19:10:00+00:00,1,0.5197164493987642
2026-03-11 19:15:00+00:00,1,0.5269037612848781
2026-03-11 19:20:00+00:00,0,0.49491155413940446
2026-03-11 19:25:00+00:00,0,0.5022007954893909
2026-03-11 19:30:00+00:00,0,0.5002685066396875
2026-03-11 19:35:00+00:00,0,0.5109223505932752
2026-03-11 19:40:00+00:00,0,0.5114858626517893
2026-03-11 19:45:00+00:00,1,0.5227741491839083
2026-03-11 19:50:00+00:00,0,0.5178405648011231
2026-03-11 19:55:00+00:00,0,0.5370000618017556
2026-03-11 20:00:00+00:00,0,0.5390194840500944
2026-03-11 20:05:00+00:00,0,0.5318371440416173
2026-03-11 20:10:00+00:00,0,0.522414526854585
2026-03-11 20:15:00+00:00,0,0.5127280929592187
2026-03-11 20:20:00+00:00,0,0.5079871114983311
2026-03-11 20:25:00+00:00,1,0.5040624687638381
2026-03-11 20:30:00+00:00,1,0.507049951781583
2026-03-11 20:35:00+00:00,1,0.5149157834832128
2026-03-11 20:40:00+00:00,1,0.5174676766375089
2026-03-11 20:45:00+00:00,1,0.533179344646268
2026-03-11 20:50:00+00:00,1,0.5239040684166835
2026-03-11 20:55:00+00:00,1,0.5213481874708735
2026-03-11 21:00:00+00:00,1,0.5072569996240972
2026-03-11 21:05:00+00:00,0,0.5001965577185143
2026-03-11 21:10:00+00:00,1,0.5016116873408615
2026-03-11 21:15:00+00:00,1,0.5040233734869772
2026-03-11 21:20:00+00:00,1,0.5102463616334083
2026-03-11 21:25:00+00:00,1,0.5244368599872161
2026-03-11 21:30:00+00:00,1,0.4988013083937578
2026-03-11 21:35:00+00:00,1,0.4999635602994584
2026-03-11 21:40:00+00:00,1,0.5026692890483722
2026-03-11 21:45:00+00:00,1,0.5046503695807968
2026-03-11 21:50:00+00:00,0,0.4902538078961102
2026-03-11 21:55:00+00:00,0,0.503313236783304
2026-03-11 22:00:00+00:00,0,0.49691299248866055
2026-03-11 22:05:00+00:00,0,0.49572991537691063
2026-03-11 22:10:00+00:00,0,0.49030680140113914
2026-03-11 22:15:00+00:00,0,0.5107447926242067
2026-03-11 22:20:00+00:00,0,0.510688570012388
2026-03-11 22:25:00+00:00,0,0.5118767111791988
2026-03-11 22:30:00+00:00,1,0.4941067435676553
2026-03-11 22:35:00+00:00,1,0.5189770419194246
2026-03-11 22:40:00+00:00,0,0.5055747049559214
2026-03-11 22:45:00+00:00,0,0.4825072175444386
2026-03-11 22:50:00+00:00,0,0.49254007122179017
2026-03-11 22:55:00+00:00,0,0.4843909083388196
2026-03-11 23:00:00+00:00,0,0.5265148162985583
2026-03-11 23:05:00+00:00,0,0.5324302983951639
2026-03-11 23:10:00+00:00,0,0.5253604739832515
2026-03-11 23:15:00+00:00,0,0.5229040827757344
2026-03-11 23:20:00+00:00,0,0.53300881192804
2026-03-11 23:25:00+00:00,0,0.527417567896178
2026-03-11 23:30:00+00:00,1,0.5141449362187441
2026-03-11 23:35:00+00:00,1,0.5266625619256
2026-03-11 23:40:00+00:00,1,0.5216611709354619
2026-03-11 23:45:00+00:00,1,0.5300928252960964
2026-03-11 23:50:00+00:00,1,0.5442366855391985
2026-03-11 23:55:00+00:00,1,0.5402020169251659
2026-03-12 00:00:00+00:00,0,0.5067530656207637
2026-03-12 00:05:00+00:00,1,0.5209457993103912
2026-03-12 00:10:00+00:00,1,0.5180475554169385
2026-03-12 00:15:00+00:00,1,0.5024638495739183
2026-03-12 00:20:00+00:00,1,0.49953869916941046
2026-03-12 00:25:00+00:00,1,0.49278171737413673
2026-03-12 00:30:00+00:00,0,0.4989677940570611
2026-03-12 00:35:00+00:00,0,0.5065235387847074
2026-03-12 00:40:00+00:00,0,0.5315230895130845
2026-03-12 00:45:00+00:00,0,0.5244984821826346
2026-03-12 00:50:00+00:00,0,0.5055128587839861
2026-03-12 00:55:00+00:00,0,0.48654615675273366
2026-03-12 01:00:00+00:00,0,0.5295288390321014
2026-03-12 01:05:00+00:00,0,0.5247411801161989
2026-03-12 01:10:00+00:00,1,0.5217429769645805
2026-03-12 01:15:00+00:00,0,0.5120768262772402
2026-03-12 01:20:00+00:00,0,0.5055335485501884
2026-03-12 01:25:00+00:00,0,0.5199931273784405
2026-03-12 01:30:00+00:00,1,0.5148471303289174
2026-03-12 01:35:00+00:00,1,0.4839056993991931
2026-03-12 01:40:00+00:00,0,0.4859302472632219
2026-03-12 01:45:00+00:00,0,0.5007018172824654
2026-03-12 01:50:00+00:00,0,0.4947097563249749
2026-03-12 01:55:00+00:00,0,0.49298581021415805
2026-03-12 02:00:00+00:00,0,0.5110685202678523
2026-03-12 02:05:00+00:00,0,0.5045388581461616
2026-03-12 02:10:00+00:00,0,0.5037875738436614
2026-03-12 02:15:00+00:00,0,0.5221631781612976
2026-03-12 02:20:00+00:00,0,0.5227632400761758
2026-03-12 02:25:00+00:00,0,0.5214865324747371
2026-03-12 02:30:00+00:00,0,0.5273177250390871
2026-03-12 02:35:00+00:00,0,0.5094517181630775
2026-03-12 02:40:00+00:00,0,0.5203685734233169
2026-03-12 02:45:00+00:00,0,0.526473714768583
2026-03-12 02:50:00+00:00,1,0.5391124466825417
2026-03-12 02:55:00+00:00,1,0.5356975956126158
2026-03-12 03:00:00+00:00,0,0.5118086767497121
2026-03-12 03:05:00+00:00,1,0.5209424308817406
2026-03-12 03:10:00+00:00,1,0.5266044986999452
2026-03-12 03:15:00+00:00,0,0.5196588124260048
2026-03-12 03:20:00+00:00,0,0.5105610995019719
2026-03-12 03:25:00+00:00,0,0.5174095468791975
2026-03-12 03:30:00+00:00,0,0.5011185619674174
2026-03-12 03:35:00+00:00,0,0.5043091415068404
2026-03-12 03:40:00+00:00,0,0.5028434671095361
2026-03-12 03:45:00+00:00,1,0.5182047716835646
2026-03-12 03:50:00+00:00,0,0.5025943303725317
2026-03-12 03:55:00+00:00,0,0.5011464490091702
2026-03-12 04:00:00+00:00,0,0.5133742445924111
2026-03-12 04:05:00+00:00,0,0.5087585612477039
2026-03-12 04:10:00+00:00,0,0.4727857661455855
2026-03-12 04:15:00+00:00,0,0.48174373721183006
2026-03-12 04:20:00+00:00,1,0.4858795886509212
2026-03-12 04:25:00+00:00,1,0.4755078645824488
2026-03-12 04:30:00+00:00,1,0.5036241081478099
2026-03-12 04:35:00+00:00,0,0.4898029957470151
2026-03-12 04:40:00+00:00,0,0.48314556804398806
2026-03-12 04:45:00+00:00,0,0.47964035334354244
2026-03-12 04:50:00+00:00,0,0.4974110415225582
2026-03-12 04:55:00+00:00,0,0.5030045100928596
2026-03-12 05:00:00+00:00,0,0.49757526502432936
2026-03-12 05:05:00+00:00,0,0.5090520922650478
2026-03-12 05:10:00+00:00,1,0.5299980455904655
2026-03-12 05:15:00+00:00,0,0.524410124347158
2026-03-12 05:20:00+00:00,1,0.5474944728172488
2026-03-12 05:25:00+00:00,1,0.5514886159414785
2026-03-12 05:30:00+00:00,1,0.5521039919027306
2026-03-12 05:35:00+00:00,1,0.533749276138799
2026-03-12 05:40:00+00:00,1,0.5191783448849269
2026-03-12 05:45:00+00:00,0,0.5424187559781151
2026-03-12 05:50:00+00:00,0,0.5275048417136684
2026-03-12 05:55:00+00:00,0,0.532013589028807
2026-03-12 06:00:00+00:00,1,0.5268031008636934
2026-03-12 06:05:00+00:00,0,0.5256239347643618
2026-03-12 06:10:00+00:00,0,0.5189153326494739
2026-03-12 06:15:00+00:00,1,0.53725548657636
2026-03-12 06:20:00+00:00,1,0.592558019789102
2026-03-12 06:25:00+00:00,0,0.5865535603381171
2026-03-12 06:30:00+00:00,0,0.5754102520548195
2026-03-12 06:35:00+00:00,0,0.5693820150866441
2026-03-12 06:40:00+00:00,1,0.5646440412607762
2026-03-12 06:45:00+00:00,1,0.5575889398026042
2026-03-12 06:50:00+00:00,0,0.5432489822932677
2026-03-12 06:55:00+00:00,1,0.5038189172258064
2026-03-12 07:00:00+00:00,1,0.4950045205590533
2026-03-12 07:05:00+00:00,1,0.5436364278699798
2026-03-12 07:10:00+00:00,1,0.49093766631251207
2026-03-12 07:15:00+00:00,1,0.48749000295135486
2026-03-12 07:20:00+00:00,1,0.475703152707682
2026-03-12 07:25:00+00:00,1,0.46891845757778416
2026-03-12 07:30:00+00:00,0,0.4108984773531335
2026-03-12 07:35:00+00:00,0,0.4054898689352816
2026-03-12 07:40:00+00:00,0,0.4152007691934809
2026-03-12 07:45:00+00:00,1,0.42459814551253844
2026-03-12 07:50:00+00:00,1,0.45046927887556687
2026-03-12 07:55:00+00:00,1,0.465116153358652
2026-03-12 08:00:00+00:00,1,0.425766845472495
2026-03-12 08:05:00+00:00,1,0.4250585272597954
2026-03-12 08:10:00+00:00,1,0.4498601990987272
2026-03-12 08:15:00+00:00,0,0.4701748095580823
2026-03-12 08:20:00+00:00,0,0.4813038466959513
2026-03-12 08:25:00+00:00,1,0.4915838658073213
2026-03-12 08:30:00+00:00,0,0.482605734465195
2026-03-12 08:35:00+00:00,0,0.47936939735051426
2026-03-12 08:40:00+00:00,0,0.4619049155269474
2026-03-12 08:45:00+00:00,0,0.4540837862509356
2026-03-12 08:50:00+00:00,0,0.4385620259321414
2026-03-12 08:55:00+00:00,0,0.45576976504812255
2026-03-12 09:00:00+00:00,0,0.45812255424577775
2026-03-12 09:05:00+00:00,1,0.5328768950517838
2026-03-12 09:10:00+00:00,1,0.5236861228307881
2026-03-12 09:15:00+00:00,1,0.5200437450125526
2026-03-12 09:20:00+00:00,1,0.49841429306253004
2026-03-12 09:25:00+00:00,1,0.4912794550668684
2026-03-12 09:30:00+00:00,1,0.4812547922836502
2026-03-12 09:35:00+00:00,1,0.4726042754178936
2026-03-12 09:40:00+00:00,0,0.4794040161255017
2026-03-12 09:45:00+00:00,1,0.4745437899459096
2026-03-12 09:50:00+00:00,1,0.45641109385318623
2026-03-12 09:55:00+00:00,1,0.4694313955865522
2026-03-12 10:00:00+00:00,1,0.45848151391291125
2026-03-12 10:05:00+00:00,1,0.45133360646314963
2026-03-12 10:10:00+00:00,1,0.4629284293540292
2026-03-12 10:15:00+00:00,1,0.45600685654131
2026-03-12 10:20:00+00:00,1,0.4670854295821762
2026-03-12 10:25:00+00:00,0,0.4680326568020313
2026-03-12 10:30:00+00:00,0,0.4592293275794278
2026-03-12 10:35:00+00:00,0,0.4571928739724844
2026-03-12 10:40:00+00:00,0,0.46015854381402527
2026-03-12 10:45:00+00:00,0,0.453063469422679
2026-03-12 10:50:00+00:00,0,0.4700599079363838
2026-03-12 10:55:00+00:00,0,0.47222396779679565
2026-03-12 11:00:00+00:00,0,0.4914250244434933
2026-03-12 11:05:00+00:00,0,0.5039128356492548
2026-03-12 11:10:00+00:00,1,0.517883094187833
2026-03-12 11:15:00+00:00,0,0.5076681881854704
2026-03-12 11:20:00+00:00,0,0.48968272712327504
2026-03-12 11:25:00+00:00,0,0.524265538033473
2026-03-12 11:30:00+00:00,0,0.5088263340301579
2026-03-12 11:35:00+00:00,0,0.5241994337173341
2026-03-12 11:40:00+00:00,0,0.5097516457307917
2026-03-12 11:45:00+00:00,1,0.5188812196509164
2026-03-12 11:50:00+00:00,1,0.5202655890493483
2026-03-12 11:55:00+00:00,1,0.5073432641810055
2026-03-12 12:00:00+00:00,1,0.5200965896062315
2026-03-12 12:05:00+00:00,1,0.5225466675426972
2026-03-12 12:10:00+00:00,1,0.5267462351040678
2026-03-12 12:15:00+00:00,1,0.5028309182804321
2026-03-12 12:20:00+00:00,1,0.5086296777727692
2026-03-12 12:25:00+00:00,1,0.5067201647161951
2026-03-12 12:30:00+00:00,1,0.5014724758392959
2026-03-12 12:35:00+00:00,1,0.5085980630910506
2026-03-12 12:40:00+00:00,0,0.5137754682950332
2026-03-12 12:45:00+00:00,0,0.51176647901794
2026-03-12 12:50:00+00:00,0,0.5120058666835363
2026-03-12 12:55:00+00:00,0,0.5051853891810766
2026-03-12 13:00:00+00:00,0,0.48324746415126507
2026-03-12 13:05:00+00:00,0,0.49577673458256377
2026-03-12 13:10:00+00:00,0,0.5063985971765734
2026-03-12 13:15:00+00:00,1,0.511950263678536
2026-03-12 13:20:00+00:00,1,0.5113529101664184
2026-03-12 13:25:00+00:00,1,0.5029042591639739
2026-03-12 13:30:00+00:00,0,0.4597967954104376
2026-03-12 13:35:00+00:00,0,0.45862670794111665
2026-03-12 13:40:00+00:00,1,0.4829144546072961
2026-03-12 13:45:00+00:00,0,0.4614362531139746
2026-03-12 13:50:00+00:00,0,0.4650663259908784
2026-03-12 13:55:00+00:00,0,0.4567579410772602
2026-03-12 14:00:00+00:00,0,0.4409713962491338
2026-03-12 14:05:00+00:00,0,0.43937388243759357
2026-03-12 14:10:00+00:00,0,0.4433089871334233
2026-03-12 14:15:00+00:00,0,0.47140894140430184
2026-03-12 14:20:00+00:00,0,0.5209319080097243
2026-03-12 14:25:00+00:00,0,0.5227976649162053
2026-03-12 14:30:00+00:00,1,0.5222156976386002
2026-03-12 14:35:00+00:00,1,0.5137020131773555
2026-03-12 14:40:00+00:00,1,0.5149111583289473
2026-03-12 14:45:00+00:00,1,0.496705659715695
2026-03-12 14:50:00+00:00,1,0.5040220628741305
2026-03-12 14:55:00+00:00,1,0.5098872924338584
2026-03-12 15:00:00+00:00,1,0.5242833994074225
2026-03-12 15:05:00+00:00,1,0.5347497528884003
2026-03-12 15:10:00+00:00,1,0.5310066104735319
2026-03-12 15:15:00+00:00,1,0.5250743004200936
2026-03-12 15:20:00+00:00,1,0.5368196719477666
2026-03-12 15:25:00+00:00,0,0.5391013323307952
2026-03-12 15:30:00+00:00,1,0.530967385005682
2026-03-12 15:35:00+00:00,0,0.5343209514260204
2026-03-12 15:40:00+00:00,0,0.5271116931981535
2026-03-12 15:45:00+00:00,1,0.49068335140769703
2026-03-12 15:50:00+00:00,1,0.49909615828697673
2026-03-12 15:55:00+00:00,0,0.48065379048439144
2026-03-12 16:00:00+00:00,0,0.49630231921582685
2026-03-12 16:05:00+00:00,1,0.511284956052414
2026-03-12 16:10:00+00:00,1,0.5075175763543859
2026-03-12 16:15:00+00:00,1,0.511280189771967
2026-03-12 16:20:00+00:00,1,0.49943769189213655
2026-03-12 16:25:00+00:00,1,0.5180800572846005
2026-03-12 16:30:00+00:00,1,0.5021959989863273
2026-03-12 16:35:00+00:00,0,0.4857951164786444
2026-03-12 16:40:00+00:00,0,0.48511034127995156
2026-03-12 16:45:00+00:00,0,0.5035371045933925
2026-03-12 16:50:00+00:00,0,0.5060719217412027
2026-03-12 16:55:00+00:00,0,0.5134918157022781
2026-03-12 17:00:00+00:00,0,0.5200944736037392
2026-03-12 17:05:00+00:00,0,0.5264825858328361
2026-03-12 17:10:00+00:00,0,0.5199253581323356
2026-03-12 17:15:00+00:00,1,0.5439627501059565
2026-03-12 17:20:00+00:00,0,0.5142251588035499
2026-03-12 17:25:00+00:00,0,0.5265021354859376
2026-03-12 17:30:00+00:00,0,0.5185416674199164
2026-03-12 17:35:00+00:00,0,0.5214493438792246
2026-03-12 17:40:00+00:00,0,0.4996899870559483
2026-03-12 17:45:00+00:00,0,0.5028554582095555
2026-03-12 17:50:00+00:00,0,0.4981045259773542
2026-03-12 17:55:00+00:00,0,0.5109981672877386
2026-03-12 18:00:00+00:00,1,0.5249956609933663
2026-03-12 18:05:00+00:00,1,0.5149520602069155
2026-03-12 18:10:00+00:00,1,0.506462169441349
2026-03-12 18:15:00+00:00,1,0.5110006480460494
2026-03-12 18:20:00+00:00,1,0.5146010443072905
2026-03-12 18:25:00+00:00,0,0.5137027934321007
2026-03-12 18:30:00+00:00,0,0.5059840062276367
2026-03-12 18:35:00+00:00,0,0.49852252221089405
2026-03-12 18:40:00+00:00,0,0.4997313158500006
2026-03-12 18:45:00+00:00,1,0.5138520159198687
2026-03-12 18:50:00+00:00,1,0.521729505075271
2026-03-12 18:55:00+00:00,1,0.5164084558962577
2026-03-12 19:00:00+00:00,1,0.5125693770801296
2026-03-12 19:05:00+00:00,1,0.5157117449484311
2026-03-12 19:10:00+00:00,1,0.5142606861123813
2026-03-12 19:15:00+00:00,1,0.526473714768583
2026-03-12 19:20:00+00:00,1,0.5232543787085315
2026-03-12 19:25:00+00:00,1,0.5214256833466251
2026-03-12 19:30:00+00:00,0,0.507297789932552
2026-03-12 19:35:00+00:00,0,0.5121045578009376
2026-03-12 19:40:00+00:00,0,0.5064884905285189
2026-03-12 19:45:00+00:00,0,0.5082594694919276
2026-03-12 19:50:00+00:00,0,0.507675799594492
2026-03-12 19:55:00+00:00,0,0.5055994935676694
2026-03-12 20:00:00+00:00,0,0.5125432353972467
2026-03-12 20:05:00+00:00,0,0.5365647966188656
2026-03-12 20:10:00+00:00,0,0.5598284263607742
2026-03-12 20:15:00+00:00,1,0.5329236815052417
2026-03-12 20:20:00+00:00,1,0.5330655367104821
2026-03-12 20:25:00+00:00,1,0.5066674395012585
2026-03-12 20:30:00+00:00,1,0.5068645657920181
2026-03-12 20:35:00+00:00,1,0.4970708003542745
2026-03-12 20:40:00+00:00,1,0.5062287076540518
2026-03-12 20:45:00+00:00,1,0.5098838915272427
2026-03-12 20:50:00+00:00,1,0.513224875038593
2026-03-12 20:55:00+00:00,1,0.5129273272184377
2026-03-12 21:00:00+00:00,1,0.505532154361686
2026-03-12 21:05:00+00:00,1,0.5004435822954789
2026-03-12 21:10:00+00:00,1,0.47440926503688163
2026-03-12 21:15:00+00:00,1,0.4755409151712383
2026-03-12 21:20:00+00:00,1,0.47227317605613645
2026-03-12 21:25:00+00:00,1,0.4863923322258581
2026-03-12 21:30:00+00:00,1,0.4707233657494423
2026-03-12 21:35:00+00:00,1,0.4832718380851894
2026-03-12 21:40:00+00:00,1,0.5092780698286012
2026-03-12 21:45:00+00:00,0,0.500346088758421
2026-03-12 21:50:00+00:00,0,0.4995298310523295
2026-03-12 21:55:00+00:00,0,0.5026385582365114
2026-03-12 22:00:00+00:00,0,0.4822864437631809
2026-03-12 22:05:00+00:00,0,0.49506042884559187
2026-03-12 22:10:00+00:00,0,0.47674883904332865
2026-03-12 22:15:00+00:00,0,0.4890522322134183
2026-03-12 22:20:00+00:00,0,0.49765457437313626
2026-03-12 22:25:00+00:00,1,0.4775939514832522
2026-03-12 22:30:00+00:00,1,0.5000759735408546
2026-03-12 22:35:00+00:00,1,0.5263391450733987
2026-03-12 22:40:00+00:00,1,0.5177628860338161
2026-03-12 22:45:00+00:00,1,0.5778042324678588
2026-03-12 22:50:00+00:00,1,0.5955496576632361
2026-03-12 22:55:00+00:00,1,0.5584691993893242
2026-03-12 23:00:00+00:00,0,0.437594876055878
2026-03-12 23:05:00+00:00,0,0.44298819156539315
2026-03-12 23:10:00+00:00,0,0.44226034355707294
2026-03-12 23:15:00+00:00,0,0.44988944862506425
2026-03-12 23:20:00+00:00,0,0.4440500471738165
2026-03-12 23:25:00+00:00,1,0.47396242378637987
2026-03-12 23:30:00+00:00,0,0.47820181742010587
2026-03-12 23:35:00+00:00,0,0.46995159487560495
2026-03-12 23:40:00+00:00,1,0.46833100782253057
2026-03-12 23:45:00+00:00,1,0.47559102004979537
2026-03-12 23:50:00+00:00,1,0.500600308102149
2026-03-12 23:55:00+00:00,1,0.4993431265892259
2026-03-13 00:00:00+00:00,1,0.5243766280928654
2026-03-13 00:05:00+00:00,1,0.5210904729111667
2026-03-13 00:10:00+00:00,1,0.46543919474273426
2026-03-13 00:15:00+00:00,1,0.47187390975728366
2026-03-13 00:20:00+00:00,0,0.4892042430728891
2026-03-13 00:25:00+00:00,0,0.49175724807788984
2026-03-13 00:30:00+00:00,0,0.4824726519916565
2026-03-13 00:35:00+00:00,1,0.4779968641076794
2026-03-13 00:40:00+00:00,1,0.48083125187377307
2026-03-13 00:45:00+00:00,1,0.48203453920664835
2026-03-13 00:50:00+00:00,1,0.48236221603695534
2026-03-13 00:55:00+00:00,1,0.45409819298490234
2026-03-13 01:00:00+00:00,1,0.47256056858157275
2026-03-13 01:05:00+00:00,0,0.4740503091209358
2026-03-13 01:10:00+00:00,1,0.48089376688638846
2026-03-13 01:15:00+00:00,1,0.4903863338821012
2026-03-13 01:20:00+00:00,1,0.4948524116178409
2026-03-13 01:25:00+00:00,1,0.47839569968360174
2026-03-13 01:30:00+00:00,1,0.4990311813742823
2026-03-13 01:35:00+00:00,1,0.5119077878002034
2026-03-13 01:40:00+00:00,0,0.4746894309192287
2026-03-13 01:45:00+00:00,0,0.47308866521065707
2026-03-13 01:50:00+00:00,0,0.49186040296910866
2026-03-13 01:55:00+00:00,0,0.5009259738764158
2026-03-13 02:00:00+00:00,0,0.4873973504733531
2026-03-13 02:05:00+00:00,0,0.48885846904091035
2026-03-13 02:10:00+00:00,0,0.4893199633242581
2026-03-13 02:15:00+00:00,0,0.502988893830327
2026-03-13 02:20:00+00:00,0,0.49335976338554566
2026-03-13 02:25:00+00:00,1,0.5056431314955152
2026-03-13 02:30:00+00:00,1,0.492590926201001
2026-03-13 02:35:00+00:00,1,0.47921220249133273
2026-03-13 02:40:00+00:00,1,0.48789891587344736
2026-03-13 02:45:00+00:00,1,0.47917933866428253
2026-03-13 02:50:00+00:00,1,0.4915694522246559
2026-03-13 02:55:00+00:00,1,0.5191155793465065
2026-03-13 03:00:00+00:00,0,0.5218984580872619
2026-03-13 03:05:00+00:00,0,0.5014875069002218
2026-03-13 03:10:00+00:00,0,0.5034687564583171
2026-03-13 03:15:00+00:00,0,0.49522199193502353
2026-03-13 03:20:00+00:00,1,0.49176393918477657
2026-03-13 03:25:00+00:00,1,0.49272846403430837
2026-03-13 03:30:00+00:00,1,0.4900037434140333
2026-03-13 03:35:00+00:00,1,0.4971673704689306
2026-03-13 03:40:00+00:00,1,0.5092273882885651
2026-03-13 03:45:00+00:00,1,0.5041816226052017
2026-03-13 03:50:00+00:00,0,0.4723488104788742
2026-03-13 03:55:00+00:00,0,0.4854680470339089
2026-03-13 04:00:00+00:00,0,0.48679935968982185
2026-03-13 04:05:00+00:00,0,0.4853849580969429
2026-03-13 04:10:00+00:00,0,0.4887795738362637
2026-03-13 04:15:00+00:00,0,0.5172916147208332
2026-03-13 04:20:00+00:00,0,0.5083962739450555
2026-03-13 04:25:00+00:00,1,0.5162345138599408
2026-03-13 04:30:00+00:00,0,0.527071987213145
2026-03-13 04:35:00+00:00,0,0.5047927767327478
2026-03-13 04:40:00+00:00,0,0.49492357227416717
2026-03-13 04:45:00+00:00,1,0.4994441895980783
2026-03-13 04:50:00+00:00,0,0.507765825842741
2026-03-13 04:55:00+00:00,1,0.5176235690078811
2026-03-13 05:00:00+00:00,1,0.5316347488126673
2026-03-13 05:05:00+00:00,1,0.5121210573254206
2026-03-13 05:10:00+00:00,1,0.5185052688941034
2026-03-13 05:15:00+00:00,1,0.5070258899093872
2026-03-13 05:20:00+00:00,1,0.5163392027023738
2026-03-13 05:25:00+00:00,1,0.5062988050338872
2026-03-13 05:30:00+00:00,0,0.5177809619513969
2026-03-13 05:35:00+00:00,0,0.5128297868259243
2026-03-13 05:40:00+00:00,0,0.5036083248268365
2026-03-13 05:45:00+00:00,0,0.5139919289173301
2026-03-13 05:50:00+00:00,0,0.49995466428755764
2026-03-13 05:55:00+00:00,0,0.4920078599054574
2026-03-13 06:00:00+00:00,0,0.5017975532652759
2026-03-13 06:05:00+00:00,0,0.5224208445201226
2026-03-13 06:10:00+00:00,0,0.5209544013220209
2026-03-13 06:15:00+00:00,0,0.5199785378410945
2026-03-13 06:20:00+00:00,0,0.5218321021783774
2026-03-13 06:25:00+00:00,1,0.5425355351736054
2026-03-13 06:30:00+00:00,1,0.5290557170517213
2026-03-13 06:35:00+00:00,1,0.526701770879929
2026-03-13 06:40:00+00:00,1,0.5305016229148133
2026-03-13 06:45:00+00:00,1,0.5266355047745411
2026-03-13 06:50:00+00:00,1,0.5194736187925408
2026-03-13 06:55:00+00:00,1,0.5277808594403824
2026-03-13 07:00:00+00:00,0,0.524141786500239
2026-03-13 07:05:00+00:00,0,0.5254197205171187
2026-03-13 07:10:00+00:00,0,0.5257287087597958
2026-03-13 07:15:00+00:00,0,0.5357183210930149
2026-03-13 07:20:00+00:00,0,0.51930356784206
2026-03-13 07:25:00+00:00,0,0.5337353960480287
2026-03-13 07:30:00+00:00,0,0.5329589722689532
2026-03-13 07:35:00+00:00,1,0.5273670767666925
2026-03-13 07:40:00+00:00,0,0.5152392314135928
2026-03-13 07:45:00+00:00,0,0.5070954824421733
2026-03-13 07:50:00+00:00,0,0.5192905639250651
2026-03-13 07:55:00+00:00,1,0.530330029003035
2026-03-13 08:00:00+00:00,1,0.5173342588112266
2026-03-13 08:05:00+00:00,1,0.5284261038649471
2026-03-13 08:10:00+00:00,1,0.5110038535194688
2026-03-13 08:15:00+00:00,1,0.5052795260063091
2026-03-13 08:20:00+00:00,1,0.5112639676792912
2026-03-13 08:25:00+00:00,1,0.49196762903110774
2026-03-13 08:30:00+00:00,1,0.5031434387954584
2026-03-13 08:35:00+00:00,0,0.45562604232024273
2026-03-13 08:40:00+00:00,1,0.4668445365400249
2026-03-13 08:45:00+00:00,1,0.4928659472052673
2026-03-13 08:50:00+00:00,1,0.5025527516815264
2026-03-13 08:55:00+00:00,1,0.5298845627338494
2026-03-13 09:00:00+00:00,1,0.4973809241798656
2026-03-13 09:05:00+00:00,1,0.4946977382969023
2026-03-13 09:10:00+00:00,1,0.4893958796651397
2026-03-13 09:15:00+00:00,1,0.47732079514140885
2026-03-13 09:20:00+00:00,1,0.4923471081003209
2026-03-13 09:25:00+00:00,1,0.5028505781111059
2026-03-13 09:30:00+00:00,1,0.5001306881950977
2026-03-13 09:35:00+00:00,1,0.4941808296530169
2026-03-13 09:40:00+00:00,1,0.49070848299963965
2026-03-13 09:45:00+00:00,1,0.5032194840693869
2026-03-13 09:50:00+00:00,1,0.4745839409173493
2026-03-13 09:55:00+00:00,1,0.4770536911348141
2026-03-13 10:00:00+00:00,1,0.477306309744307
2026-03-13 10:05:00+00:00,1,0.46514201779739117
2026-03-13 10:10:00+00:00,1,0.4656967466709703
2026-03-13 10:15:00+00:00,1,0.47577782570945126
2026-03-13 10:20:00+00:00,1,0.5004820665775496
2026-03-13 10:25:00+00:00,1,0.4767995120304929
2026-03-13 10:30:00+00:00,0,0.46243600897471704
2026-03-13 10:35:00+00:00,1,0.4639264693674228
2026-03-13 10:40:00+00:00,1,0.4726120047876268
2026-03-13 10:45:00+00:00,0,0.44168528276119795
2026-03-13 10:50:00+00:00,0,0.4309510360202361
2026-03-13 10:55:00+00:00,1,0.44383972202244487
2026-03-13 11:00:00+00:00,1,0.4706822900013882
2026-03-13 11:05:00+00:00,1,0.4645736125104739
2026-03-13 11:10:00+00:00,1,0.47126102750786536
2026-03-13 11:15:00+00:00,0,0.47101980096869095
2026-03-13 11:20:00+00:00,0,0.47482461718917246
2026-03-13 11:25:00+00:00,0,0.4752639701306182
2026-03-13 11:30:00+00:00,0,0.4858266732815566
2026-03-13 11:35:00+00:00,0,0.4960370440014579
2026-03-13 11:40:00+00:00,0,0.48112511939062
2026-03-13 11:45:00+00:00,0,0.4829428385221897
2026-03-13 11:50:00+00:00,1,0.4760309262562825
2026-03-13 11:55:00+00:00,1,0.5027209625004081
2026-03-13 12:00:00+00:00,1,0.5322842816648667
2026-03-13 12:05:00+00:00,1,0.5391608671076736
2026-03-13 12:10:00+00:00,1,0.556392819271475
2026-03-13 12:15:00+00:00,1,0.561285370142363
2026-03-13 12:20:00+00:00,1,0.5468552948628851
2026-03-13 12:25:00+00:00,1,0.5510118987159225
2026-03-13 12:30:00+00:00,1,0.5301084688795213
2026-03-13 12:35:00+00:00,1,0.5250547171770436
2026-03-13 12:40:00+00:00,1,0.5234633265409968
2026-03-13 12:45:00+00:00,1,0.5315444494594417
2026-03-13 12:50:00+00:00,1,0.5142636676133179
2026-03-13 12:55:00+00:00,1,0.5128769686296918
2026-03-13 13:00:00+00:00,1,0.4795827228561369
2026-03-13 13:05:00+00:00,1,0.4811360495215584
2026-03-13 13:10:00+00:00,1,0.4840336675102599
2026-03-13 13:15:00+00:00,0,0.47639567197035354
2026-03-13 13:20:00+00:00,0,0.4870740420941069
2026-03-13 13:25:00+00:00,1,0.4842362868008909
2026-03-13 13:30:00+00:00,1,0.45424780910619955
2026-03-13 13:35:00+00:00,1,0.46345473475778853
2026-03-13 13:40:00+00:00,1,0.47718248272757796
2026-03-13 13:45:00+00:00,1,0.4762940281007516
2026-03-13 13:50:00+00:00,1,0.4727813174165126
2026-03-13 13:55:00+00:00,1,0.480732022707238
2026-03-13 14:00:00+00:00,0,0.49337412275818404
2026-03-13 14:05:00+00:00,0,0.5040355593952647
2026-03-13 14:10:00+00:00,0,0.5091428628784576
2026-03-13 14:15:00+00:00,0,0.4947380586657915
2026-03-13 14:20:00+00:00,0,0.4892998797921956
2026-03-13 14:25:00+00:00,0,0.5112542678599626
2026-03-13 14:30:00+00:00,0,0.5051324091706426
2026-03-13 14:35:00+00:00,0,0.49193132932937994
2026-03-13 14:40:00+00:00,0,0.49941515907645073
2026-03-13 14:45:00+00:00,0,0.5120412629280217
2026-03-13 14:50:00+00:00,1,0.5375986013492844
2026-03-13 14:55:00+00:00,1,0.5525391225886896
2026-03-13 15:00:00+00:00,0,0.5260698273546449
2026-03-13 15:05:00+00:00,0,0.5208347515161746
2026-03-13 15:10:00+00:00,0,0.5288156343152807
2026-03-13 15:15:00+00:00,0,0.5117148604284963
2026-03-13 15:20:00+00:00,0,0.5108221156926337
2026-03-13 15:25:00+00:00,0,0.5100534339643437
2026-03-13 15:30:00+00:00,0,0.4818943795524461
2026-03-13 15:35:00+00:00,0,0.48711654172196917
2026-03-13 15:40:00+00:00,1,0.493470372659322
2026-03-13 15:45:00+00:00,0,0.4786400971882582
2026-03-13 15:50:00+00:00,0,0.5009780390616937
2026-03-13 15:55:00+00:00,1,0.4893210643655283
2026-03-13 16:00:00+00:00,1,0.506519718890362
2026-03-13 16:05:00+00:00,1,0.5361096404276531
2026-03-13 16:10:00+00:00,1,0.5463028615392085
2026-03-13 16:15:00+00:00,1,0.5378234244213349
2026-03-13 16:20:00+00:00,1,0.5347281058849214
2026-03-13 16:25:00+00:00,1,0.5351501155087494
2026-03-13 16:30:00+00:00,1,0.5362964482003095
2026-03-13 16:35:00+00:00,1,0.5353217688976678
2026-03-13 16:40:00+00:00,1,0.5186336514928302
2026-03-13 16:45:00+00:00,1,0.5102576511949715
2026-03-13 16:50:00+00:00,1,0.5156381951378626
2026-03-13 16:55:00+00:00,0,0.5213432604353714
2026-03-13 17:00:00+00:00,0,0.5206932732554664
2026-03-13 17:05:00+00:00,0,0.5076647309875246
2026-03-13 17:10:00+00:00,0,0.501695766283152
2026-03-13 17:15:00+00:00,0,0.49016352988144124
2026-03-13 17:20:00+00:00,0,0.5048942486751273
2026-03-13 17:25:00+00:00,0,0.5379953865018605
2026-03-13 17:30:00+00:00,0,0.5515093646301225
2026-03-13 17:35:00+00:00,0,0.5551901219289396
2026-03-13 17:40:00+00:00,1,0.5348925365705003
2026-03-13 17:45:00+00:00,1,0.5586005906856076
2026-03-13 17:50:00+00:00,0,0.5400203928679539
2026-03-13 17:55:00+00:00,1,0.5363195002513143
2026-03-13 18:00:00+00:00,1,0.529604927145282
2026-03-13 18:05:00+00:00,1,0.5353382511791469
2026-03-13 18:10:00+00:00,0,0.5300213030802936
2026-03-13 18:15:00+00:00,1,0.5494150076981933
2026-03-13 18:20:00+00:00,1,0.5443473866080613
2026-03-13 18:25:00+00:00,0,0.5226765508596921
2026-03-13 18:30:00+00:00,0,0.5368693744212371
2026-03-13 18:35:00+00:00,0,0.5485654884726274
2026-03-13 18:40:00+00:00,1,0.533863590577003
2026-03-13 18:45:00+00:00,1,0.5517097788915523
2026-03-13 18:50:00+00:00,1,0.5236448309590609
2026-03-13 18:55:00+00:00,0,0.5389619423125814
2026-03-13 19:00:00+00:00,1,0.5425879154096911
2026-03-13 19:05:00+00:00,0,0.5397786265911378
2026-03-13 19:10:00+00:00,0,0.5406199194302735
2026-03-13 19:15:00+00:00,1,0.5505589084325304
2026-03-13 19:20:00+00:00,1,0.5463900896494776
2026-03-13 19:25:00+00:00,1,0.5503059226486525
2026-03-13 19:30:00+00:00,1,0.5454740672730025
2026-03-13 19:35:00+00:00,1,0.527051077481113
2026-03-13 19:40:00+00:00,1,0.5258305045255949
2026-03-13 19:45:00+00:00,1,0.5226033857674873
2026-03-13 19:50:00+00:00,1,0.5229668638856007
2026-03-13 19:55:00+00:00,1,0.49801294584313405
2026-03-13 20:00:00+00:00,1,0.5118585668494907
2026-03-13 20:05:00+00:00,1,0.5084430832511523
2026-03-13 20:10:00+00:00,0,0.5022787386067744
2026-03-13 20:15:00+00:00,1,0.4733050457454865
2026-03-13 20:20:00+00:00,1,0.4853217642348146
2026-03-13 20:25:00+00:00,1,0.5119025758531436
2026-03-13 20:30:00+00:00,1,0.508585629079208
2026-03-13 20:35:00+00:00,1,0.5233463457014191
2026-03-13 20:40:00+00:00,1,0.5257338264122613
2026-03-13 20:45:00+00:00,1,0.5156999045892025
2026-03-13 20:50:00+00:00,1,0.5191198955408496
2026-03-13 20:55:00+00:00,0,0.5248298103607376
2026-03-13 21:00:00+00:00,0,0.5103998430201073
2026-03-13 21:05:00+00:00,0,0.4977463491569349
2026-03-13 21:10:00+00:00,0,0.5001519382282367
2026-03-13 21:15:00+00:00,0,0.5010844839929649
2026-03-13 21:20:00+00:00,0,0.5045300744054236
2026-03-13 21:25:00+00:00,0,0.5278250907630171
2026-03-13 21:30:00+00:00,0,0.5102858889907681
2026-03-13 21:35:00+00:00,0,0.5124822564504538
2026-03-13 21:40:00+00:00,0,0.5135806270210128
2026-03-13 21:45:00+00:00,0,0.5149432835946468
2026-03-13 21:50:00+00:00,0,0.531409649320459
2026-03-13 21:55:00+00:00,0,0.5264642318883127
2026-03-13 22:00:00+00:00,0,0.5099202142775919
2026-03-13 22:05:00+00:00,0,0.48451733804539626
2026-03-13 22:10:00+00:00,0,0.4732553536628632
2026-03-13 22:15:00+00:00,0,0.5055570266716257
2026-03-13 22:20:00+00:00,1,0.5020329734208968
2026-03-13 22:25:00+00:00,1,0.530695629816679
2026-03-13 22:30:00+00:00,0,0.5168829875374077
2026-03-13 22:35:00+00:00,1,0.5525843797357358
2026-03-13 22:40:00+00:00,1,0.5468351988426905
2026-03-13 22:45:00+00:00,1,0.5346034665570061
2026-03-13 22:50:00+00:00,0,0.505322049183286
2026-03-13 22:55:00+00:00,1,0.5143974161406081
2026-03-13 23:00:00+00:00,1,0.5135142485132544
2026-03-13 23:05:00+00:00,1,0.516790228509705
2026-03-13 23:10:00+00:00,1,0.5343354399186474
2026-03-13 23:15:00+00:00,1,0.5169502579966998
2026-03-13 23:20:00+00:00,1,0.5142539986299539
2026-03-13 23:25:00+00:00,0,0.5089681512186864
2026-03-13 23:30:00+00:00,0,0.5092413271249107
2026-03-13 23:35:00+00:00,0,0.5158381988821602
2026-03-13 23:40:00+00:00,1,0.5125189887856846
2026-03-13 23:45:00+00:00,1,0.5120409006048704
2026-03-13 23:50:00+00:00,1,0.5123612450288422
2026-03-13 23:55:00+00:00,1,0.5179416378181583
2026-03-14 00:00:00+00:00,1,0.5508274339543392
2026-03-14 00:05:00+00:00,0,0.5124665936079131
2026-03-14 00:10:00+00:00,0,0.48534930700470713
2026-03-14 00:15:00+00:00,0,0.4898351502777422
2026-03-14 00:20:00+00:00,0,0.4879442061040018
2026-03-14 00:25:00+00:00,0,0.4736877369184373
2026-03-14 00:30:00+00:00,0,0.4731689707865107
2026-03-14 00:35:00+00:00,1,0.5116191201054789
2026-03-14 00:40:00+00:00,1,0.5248476975683415
2026-03-14 00:45:00+00:00,1,0.5017153149722537
2026-03-14 00:50:00+00:00,1,0.5311846759384504
2026-03-14 00:55:00+00:00,1,0.5222751467562523
2026-03-14 01:00:00+00:00,0,0.4825164369103395
2026-03-14 01:05:00+00:00,0,0.492315630874839
2026-03-14 01:10:00+00:00,1,0.4890026029933362
2026-03-14 01:15:00+00:00,1,0.4908982189653581
2026-03-14 01:20:00+00:00,1,0.4978202766307229
2026-03-14 01:25:00+00:00,1,0.5173842281164106
2026-03-14 01:30:00+00:00,1,0.49628823696064545
2026-03-14 01:35:00+00:00,1,0.49790644645806403
2026-03-14 01:40:00+00:00,1,0.49200141961298627
2026-03-14 01:45:00+00:00,1,0.49043524395152077
2026-03-14 01:50:00+00:00,0,0.4810221124976607
2026-03-14 01:55:00+00:00,1,0.48854641746924093
2026-03-14 02:00:00+00:00,0,0.47131096160896674
2026-03-14 02:05:00+00:00,0,0.4617882079607654
2026-03-14 02:10:00+00:00,0,0.4624523834524419
2026-03-14 02:15:00+00:00,0,0.4885000515787342
2026-03-14 02:20:00+00:00,1,0.4931254422950239
2026-03-14 02:25:00+00:00,1,0.4816764937018833
2026-03-14 02:30:00+00:00,1,0.4940850503630482
2026-03-14 02:35:00+00:00,1,0.46870446453062914
2026-03-14 02:40:00+00:00,1,0.48425096875284435
2026-03-14 02:45:00+00:00,1,0.479769717662204
2026-03-14 02:50:00+00:00,1,0.4655262460445831
2026-03-14 02:55:00+00:00,1,0.4679942188941602
2026-03-14 03:00:00+00:00,1,0.4691252668094141
2026-03-14 03:05:00+00:00,1,0.4529658969485693
2026-03-14 03:10:00+00:00,1,0.44216041034086395
2026-03-14 03:15:00+00:00,0,0.4574993800069647
2026-03-14 03:20:00+00:00,1,0.4759223755725685
2026-03-14 03:25:00+00:00,1,0.4763674018116158
2026-03-14 03:30:00+00:00,1,0.45804197290367477
2026-03-14 03:35:00+00:00,1,0.4332791981007866
2026-03-14 03:40:00+00:00,1,0.42787066621829917
2026-03-14 03:45:00+00:00,0,0.4523426796309344
2026-03-14 03:50:00+00:00,0,0.45231793365123657
2026-03-14 03:55:00+00:00,0,0.4612226676382867
2026-03-14 04:00:00+00:00,0,0.4045141609097814
2026-03-14 04:05:00+00:00,0,0.39522864713483263
2026-03-14 04:10:00+00:00,0,0.43194395566646626
2026-03-14 04:15:00+00:00,1,0.4481881756084646
2026-03-14 04:20:00+00:00,0,0.4473545378649111
2026-03-14 04:25:00+00:00,0,0.4360106972255229
2026-03-14 04:30:00+00:00,0,0.4545512422802414
2026-03-14 04:35:00+00:00,0,0.44658163996133615
2026-03-14 04:40:00+00:00,0,0.4568349578219476
2026-03-14 04:45:00+00:00,0,0.44906301797333215
2026-03-14 04:50:00+00:00,0,0.4980791211219961
2026-03-14 04:55:00+00:00,0,0.5083649654347607
2026-03-14 05:00:00+00:00,0,0.5148217196036186
2026-03-14 05:05:00+00:00,0,0.518891634576913
2026-03-14 05:10:00+00:00,0,0.5221835514348973
2026-03-14 05:15:00+00:00,0,0.5501810625646895
2026-03-14 05:20:00+00:00,0,0.5232105790473731
2026-03-14 05:25:00+00:00,0,0.5472668564165016
2026-03-14 05:30:00+00:00,0,0.5584459018149767
2026-03-14 05:35:00+00:00,0,0.5038162123265698
2026-03-14 05:40:00+00:00,0,0.5342692697796425
2026-03-14 05:45:00+00:00,0,0.5337450565967319
2026-03-14 05:50:00+00:00,0,0.5081047649436926
2026-03-14 05:55:00+00:00,0,0.511675644626789
2026-03-14 06:00:00+00:00,0,0.5054259448302377
2026-03-14 06:05:00+00:00,0,0.5068568146142736
2026-03-14 06:10:00+00:00,0,0.4861469428668574
2026-03-14 06:15:00+00:00,0,0.5258531440573625
2026-03-14 06:20:00+00:00,0,0.5322455132651854
2026-03-14 06:25:00+00:00,0,0.5340596212818887
2026-03-14 06:30:00+00:00,0,0.5151792458597914
2026-03-14 06:35:00+00:00,1,0.5373652771750466
2026-03-14 06:40:00+00:00,1,0.5107538238959927
2026-03-14 06:45:00+00:00,0,0.47095069298587694
2026-03-14 06:50:00+00:00,0,0.5129998687637769
2026-03-14 06:55:00+00:00,0,0.48482828049692034
2026-03-14 07:00:00+00:00,0,0.4773977311890122
2026-03-14 07:05:00+00:00,0,0.47106431248991393
2026-03-14 07:10:00+00:00,0,0.4772801637687629
2026-03-14 07:15:00+00:00,0,0.5083307295175978
2026-03-14 07:20:00+00:00,0,0.5100650024617847
2026-03-14 07:25:00+00:00,0,0.5136324587721925
2026-03-14 07:30:00+00:00,0,0.5110750984163611
2026-03-14 07:35:00+00:00,1,0.5452627909868478
2026-03-14 07:40:00+00:00,1,0.5554231057991331
2026-03-14 07:45:00+00:00,0,0.5375771386517215
2026-03-14 07:50:00+00:00,0,0.5190452667469925
2026-03-14 07:55:00+00:00,0,0.5211696145842942
2026-03-14 08:00:00+00:00,0,0.4845293459061988
2026-03-14 08:05:00+00:00,0,0.48063244699391033
2026-03-14 08:10:00+00:00,0,0.4736452156870829
2026-03-14 08:15:00+00:00,0,0.5213246657103132
2026-03-14 08:20:00+00:00,0,0.5195778970299644
2026-03-14 08:25:00+00:00,0,0.518030009358049
2026-03-14 08:30:00+00:00,0,0.5006485249694824
2026-03-14 08:35:00+00:00,1,0.49047622317606804
2026-03-14 08:40:00+00:00,1,0.4740330517628649
2026-03-14 08:45:00+00:00,1,0.4676636658370997
2026-03-14 08:50:00+00:00,0,0.4638991574505618
2026-03-14 08:55:00+00:00,1,0.4600521941934369
2026-03-14 09:00:00+00:00,0,0.49111934858246487
2026-03-14 09:05:00+00:00,0,0.4849045377981032
2026-03-14 09:10:00+00:00,0,0.48895120401838643
2026-03-14 09:15:00+00:00,0,0.5534913512049138
2026-03-14 09:20:00+00:00,0,0.5517942546549631
2026-03-14 09:25:00+00:00,0,0.5262563267715962
2026-03-14 09:30:00+00:00,0,0.4976774692529907
2026-03-14 09:35:00+00:00,0,0.5330754488828526
2026-03-14 09:40:00+00:00,0,0.5637022804360596
2026-03-14 09:45:00+00:00,0,0.5591654767841939
2026-03-14 09:50:00+00:00,0,0.5588984667180094
2026-03-14 09:55:00+00:00,0,0.5532381527693478
2026-03-14 10:00:00+00:00,0,0.5532633525467754
2026-03-14 10:05:00+00:00,0,0.5467344123741286
2026-03-14 10:10:00+00:00,0,0.5536232327858414
2026-03-14 10:15:00+00:00,0,0.5413844850501301
2026-03-14 10:20:00+00:00,0,0.542816887918893
2026-03-14 10:25:00+00:00,1,0.539453563478343
2026-03-14 10:30:00+00:00,1,0.5366640141602138
2026-03-14 10:35:00+00:00,1,0.539449267875181
2026-03-14 10:40:00+00:00,1,0.5362901234227304
2026-03-14 10:45:00+00:00,1,0.544559867249208
2026-03-14 10:50:00+00:00,1,0.5375265038807153
2026-03-14 10:55:00+00:00,1,0.5075540166255466
2026-03-14 11:00:00+00:00,1,0.4698621789910925
2026-03-14 11:05:00+00:00,1,0.46587627642263874
2026-03-14 11:10:00+00:00,1,0.45566487398231276
2026-03-14 11:15:00+00:00,1,0.47092255261200977
2026-03-14 11:20:00+00:00,1,0.47201503332617284
2026-03-14 11:25:00+00:00,1,0.46833098004722085
2026-03-14 11:30:00+00:00,1,0.4554482978695009
2026-03-14 11:35:00+00:00,0,0.4590700604619809
2026-03-14 11:40:00+00:00,0,0.46673416015246255
2026-03-14 11:45:00+00:00,0,0.47195266485702786
2026-03-14 11:50:00+00:00,0,0.4566427727256332
2026-03-14 11:55:00+00:00,0,0.44903003887036463
2026-03-14 12:00:00+00:00,0,0.45798074916559856
2026-03-14 12:05:00+00:00,0,0.46578372090064757
2026-03-14 12:10:00+00:00,0,0.4823234594130819
2026-03-14 12:15:00+00:00,0,0.49640187116602064
2026-03-14 12:20:00+00:00,1,0.5050159085124014
2026-03-14 12:25:00+00:00,1,0.5079666196344332
2026-03-14 12:30:00+00:00,0,0.47358852594158085
2026-03-14 12:35:00+00:00,1,0.4882133316792399
2026-03-14 12:40:00+00:00,1,0.4869361355756579
2026-03-14 12:45:00+00:00,1,0.49534170095861535
2026-03-14 12:50:00+00:00,1,0.473590569930882
2026-03-14 12:55:00+00:00,1,0.4807362274201455
2026-03-14 13:00:00+00:00,1,0.4671344235999838
2026-03-14 13:05:00+00:00,1,0.44988787502209504
2026-03-14 13:10:00+00:00,1,0.4485118844213669
2026-03-14 13:15:00+00:00,0,0.4497353645290958
2026-03-14 13:20:00+00:00,0,0.4464969912706035
2026-03-14 13:25:00+00:00,0,0.4452606165063109
2026-03-14 13:30:00+00:00,0,0.46532991524285944
2026-03-14 13:35:00+00:00,0,0.4633437976167011
2026-03-14 13:40:00+00:00,0,0.4828412669550607
2026-03-14 13:45:00+00:00,0,0.5153217003849028
2026-03-14 13:50:00+00:00,0,0.4899000728589802
2026-03-14 13:55:00+00:00,1,0.5255674721317111
2026-03-14 14:00:00+00:00,0,0.5637093036609705
2026-03-14 14:05:00+00:00,0,0.5785364426252919
2026-03-14 14:10:00+00:00,0,0.5895115374472916
2026-03-14 14:15:00+00:00,0,0.5105580611545908
2026-03-14 14:20:00+00:00,0,0.5186819405372818
2026-03-14 14:25:00+00:00,0,0.5013199341289263
2026-03-14 14:30:00+00:00,0,0.5255832427949715
2026-03-14 14:35:00+00:00,0,0.5234093720912968
2026-03-14 14:40:00+00:00,1,0.5350817681681926
2026-03-14 14:45:00+00:00,1,0.5339447855354816
2026-03-14 14:50:00+00:00,1,0.5461838617777619
2026-03-14 14:55:00+00:00,1,0.5097308776639988
2026-03-14 15:00:00+00:00,0,0.5582321957800298
2026-03-14 15:05:00+00:00,1,0.5566296405141323
2026-03-14 15:10:00+00:00,0,0.5520881032642817
2026-03-14 15:15:00+00:00,1,0.5631280730626783
2026-03-14 15:20:00+00:00,0,0.5606570740759798
2026-03-14 15:25:00+00:00,0,0.5593293231844392
2026-03-14 15:30:00+00:00,0,0.550398480102264
2026-03-14 15:35:00+00:00,1,0.5470150071779054
2026-03-14 15:40:00+00:00,1,0.5396998718549154
2026-03-14 15:45:00+00:00,1,0.5268267646009072
2026-03-14 15:50:00+00:00,1,0.5268901639135805
2026-03-14 15:55:00+00:00,1,0.47864101578594076
2026-03-14 16:00:00+00:00,1,0.5140830202691904
2026-03-14 16:05:00+00:00,1,0.5159048935316335
2026-03-14 16:10:00+00:00,1,0.5160414012789849
2026-03-14 16:15:00+00:00,1,0.5096743158730597
2026-03-14 16:20:00+00:00,1,0.5125168149486651
2026-03-14 16:25:00+00:00,1,0.5058962855271543
2026-03-14 16:30:00+00:00,0,0.4819593553492074
2026-03-14 16:35:00+00:00,1,0.49286338210675695
2026-03-14 16:40:00+00:00,1,0.4889684995801887
2026-03-14 16:45:00+00:00,1,0.49744333402753305
2026-03-14 16:50:00+00:00,1,0.4958541718704576
2026-03-14 16:55:00+00:00,1,0.4969698802168746
2026-03-14 17:00:00+00:00,0,0.49372237568871313
2026-03-14 17:05:00+00:00,0,0.4943962579262899
2026-03-14 17:10:00+00:00,1,0.5080496742470728
2026-03-14 17:15:00+00:00,0,0.5229778560709292
2026-03-14 17:20:00+00:00,0,0.5336213274856092
2026-03-14 17:25:00+00:00,0,0.5233703041651485
2026-03-14 17:30:00+00:00,0,0.5163547471183895
2026-03-14 17:35:00+00:00,0,0.5049536426181026
2026-03-14 17:40:00+00:00,0,0.5316832724020364
2026-03-14 17:45:00+00:00,0,0.5125670081671343
2026-03-14 17:50:00+00:00,1,0.5136077411940213
2026-03-14 17:55:00+00:00,1,0.5233178514072419
2026-03-14 18:00:00+00:00,1,0.542654358328882
2026-03-14 18:05:00+00:00,1,0.5341215761252631
2026-03-14 18:10:00+00:00,1,0.5324314091896557
2026-03-14 18:15:00+00:00,1,0.5354500733719896
2026-03-14 18:20:00+00:00,1,0.5221211510935403
2026-03-14 18:25:00+00:00,1,0.5215602130675966
2026-03-14 18:30:00+00:00,1,0.5290786740177553
2026-03-14 18:35:00+00:00,1,0.5273161124102427
2026-03-14 18:40:00+00:00,1,0.5217942756252946
2026-03-14 18:45:00+00:00,0,0.5061347979727026
2026-03-14 18:50:00+00:00,0,0.5341394240323187
2026-03-14 18:55:00+00:00,0,0.5283772641785996
2026-03-14 19:00:00+00:00,0,0.5430581047698033
2026-03-14 19:05:00+00:00,0,0.5477677189078983
2026-03-14 19:10:00+00:00,0,0.538028851790716
2026-03-14 19:15:00+00:00,0,0.5307674458603929
2026-03-14 19:20:00+00:00,1,0.5022151292228731
2026-03-14 19:25:00+00:00,1,0.5127203732117582
2026-03-14 19:30:00+00:00,0,0.5356767590281108
2026-03-14 19:35:00+00:00,0,0.5455735459382164
2026-03-14 19:40:00+00:00,0,0.5535800082153469
2026-03-14 19:45:00+00:00,0,0.532938786325654
2026-03-14 19:50:00+00:00,0,0.5374141950833238
2026-03-14 19:55:00+00:00,0,0.5748181852286749
2026-03-14 20:00:00+00:00,1,0.5690851584199794
2026-03-14 20:05:00+00:00,1,0.5762437556334773
2026-03-14 20:10:00+00:00,1,0.592006533869848
2026-03-14 20:15:00+00:00,1,0.604982318958653
2026-03-14 20:20:00+00:00,1,0.5514518362431543
2026-03-14 20:25:00+00:00,1,0.5487985698319182
2026-03-14 20:30:00+00:00,1,0.5699698096623619
2026-03-14 20:35:00+00:00,0,0.5584471670971695
2026-03-14 20:40:00+00:00,0,0.5317960381301133
2026-03-14 20:45:00+00:00,0,0.5028123181205151
2026-03-14 20:50:00+00:00,0,0.4969375880555493
2026-03-14 20:55:00+00:00,0,0.48820108207950674
2026-03-14 21:00:00+00:00,0,0.5001477830380704
2026-03-14 21:05:00+00:00,0,0.5477451981938938
2026-03-14 21:10:00+00:00,1,0.5531812179106798
2026-03-14 21:15:00+00:00,1,0.5588956066932819
2026-03-14 21:20:00+00:00,1,0.5429434503841503
2026-03-14 21:25:00+00:00,1,0.5495059139702382
2026-03-14 21:30:00+00:00,1,0.5827594006731046
2026-03-14 21:35:00+00:00,1,0.5848792956169435
2026-03-14 21:40:00+00:00,1,0.5570373685941147
2026-03-14 21:45:00+00:00,0,0.5500273183501839
2026-03-14 21:50:00+00:00,0,0.5561135949833903
2026-03-14 21:55:00+00:00,0,0.5416112801349737
2026-03-14 22:00:00+00:00,0,0.5194615619468151
2026-03-14 22:05:00+00:00,1,0.5213751608288836
2026-03-14 22:10:00+00:00,0,0.5381325171495634
2026-03-14 22:15:00+00:00,0,0.5226787215855024
2026-03-14 22:20:00+00:00,0,0.5054214276378757
2026-03-14 22:25:00+00:00,0,0.49734319386905984
2026-03-14 22:30:00+00:00,1,0.5276322879370883
2026-03-14 22:35:00+00:00,1,0.534571161202437
2026-03-14 22:40:00+00:00,1,0.5231760455176956
2026-03-14 22:45:00+00:00,1,0.534665800638664
2026-03-14 22:50:00+00:00,1,0.5424958894647205
2026-03-14 22:55:00+00:00,1,0.5467073491999607
2026-03-14 23:00:00+00:00,1,0.4725841735573909
2026-03-14 23:05:00+00:00,0,0.45222784977634317
2026-03-14 23:10:00+00:00,1,0.44370484419068185
2026-03-14 23:15:00+00:00,1,0.44673370110147165
2026-03-14 23:20:00+00:00,1,0.4383544888792784
2026-03-14 23:25:00+00:00,1,0.4491903573880103
2026-03-14 23:30:00+00:00,1,0.44241469618200857
2026-03-14 23:35:00+00:00,0,0.45026943400390185
2026-03-14 23:40:00+00:00,0,0.43507310806462673
2026-03-14 23:45:00+00:00,0,0.43637207224582775
2026-03-14 23:50:00+00:00,0,0.4466846257964821
2026-03-14 23:55:00+00:00,0,0.41407520713932977
2026-03-15 00:00:00+00:00,0,0.5013428014583478
2026-03-15 00:05:00+00:00,0,0.4680140765809559
2026-03-15 00:10:00+00:00,0,0.43274947174602796
2026-03-15 00:15:00+00:00,0,0.44889816833655316
2026-03-15 00:20:00+00:00,0,0.46953306855672755
2026-03-15 00:25:00+00:00,0,0.4881374930884733
2026-03-15 00:30:00+00:00,1,0.49452232040612354
2026-03-15 00:35:00+00:00,1,0.4908469097057398
2026-03-15 00:40:00+00:00,0,0.4886950349211299
2026-03-15 00:45:00+00:00,1,0.4889942548251055
2026-03-15 00:50:00+00:00,0,0.5001092708383855
2026-03-15 00:55:00+00:00,0,0.5076697773810545
2026-03-15 01:00:00+00:00,0,0.477466513953404
2026-03-15 01:05:00+00:00,0,0.47498850071757154
2026-03-15 01:10:00+00:00,1,0.4924932870077104
2026-03-15 01:15:00+00:00,1,0.4906929830882351
2026-03-15 01:20:00+00:00,1,0.48501882754920184
2026-03-15 01:25:00+00:00,1,0.49217684185413724
2026-03-15 01:30:00+00:00,1,0.5045942095905793
2026-03-15 01:35:00+00:00,1,0.48291952415025524
2026-03-15 01:40:00+00:00,1,0.5044215182947193
2026-03-15 01:45:00+00:00,1,0.5198816446304234
2026-03-15 01:50:00+00:00,1,0.5045299907507365
2026-03-15 01:55:00+00:00,1,0.4890887887806803
2026-03-15 02:00:00+00:00,0,0.42934889189795644
2026-03-15 02:05:00+00:00,0,0.4251309741845141
2026-03-15 02:10:00+00:00,1,0.4382458470977628
2026-03-15 02:15:00+00:00,1,0.4351214584750527
2026-03-15 02:20:00+00:00,1,0.41817184563018023
2026-03-15 02:25:00+00:00,1,0.41013707108355757
2026-03-15 02:30:00+00:00,1,0.42156598283486
2026-03-15 02:35:00+00:00,1,0.4182412449238439
2026-03-15 02:40:00+00:00,1,0.4059589711609571
2026-03-15 02:45:00+00:00,0,0.4156698505714782
2026-03-15 02:50:00+00:00,1,0.428772180408451
2026-03-15 02:55:00+00:00,0,0.4329499925028172
2026-03-15 03:00:00+00:00,1,0.43478988476690866
2026-03-15 03:05:00+00:00,0,0.4258521969367367
2026-03-15 03:10:00+00:00,0,0.44253013428737736
2026-03-15 03:15:00+00:00,0,0.455954267738165
2026-03-15 03:20:00+00:00,0,0.4629806526626389
2026-03-15 03:25:00+00:00,0,0.46828516494112365
2026-03-15 03:30:00+00:00,0,0.44635328444700123
2026-03-15 03:35:00+00:00,1,0.4590440499808361
2026-03-15 03:40:00+00:00,1,0.49078860332945107
2026-03-15 03:45:00+00:00,1,0.48425693069176057
2026-03-15 03:50:00+00:00,1,0.49653979430962436
2026-03-15 03:55:00+00:00,1,0.47729446820404337
2026-03-15 04:00:00+00:00,0,0.453565734330276
2026-03-15 04:05:00+00:00,0,0.44533972238365305
2026-03-15 04:10:00+00:00,0,0.4448119753860028
2026-03-15 04:15:00+00:00,0,0.44126063179456837
2026-03-15 04:20:00+00:00,1,0.489626279750498
2026-03-15 04:25:00+00:00,1,0.4703094165904413
2026-03-15 04:30:00+00:00,1,0.4656414572921124
2026-03-15 04:35:00+00:00,1,0.4576106647729376
2026-03-15 04:40:00+00:00,0,0.4599928832761
2026-03-15 04:45:00+00:00,1,0.46932154328801634
2026-03-15 04:50:00+00:00,1,0.45704031820596
2026-03-15 04:55:00+00:00,0,0.449759712571002
2026-03-15 05:00:00+00:00,1,0.4653971893913855
2026-03-15 05:05:00+00:00,1,0.4688237169811461
2026-03-15 05:10:00+00:00,1,0.48188479894663283
2026-03-15 05:15:00+00:00,0,0.4918395210173268
2026-03-15 05:20:00+00:00,0,0.49016888214979487
2026-03-15 05:25:00+00:00,0,0.4871942259489988
2026-03-15 05:30:00+00:00,0,0.4923318852715484
2026-03-15 05:35:00+00:00,0,0.49760354197245643
2026-03-15 05:40:00+00:00,0,0.49784534673888237
2026-03-15 05:45:00+00:00,0,0.513705858717953
2026-03-15 05:50:00+00:00,0,0.5045915326467296
2026-03-15 05:55:00+00:00,0,0.5065883374599711
2026-03-15 06:00:00+00:00,0,0.4770593263990067
2026-03-15 06:05:00+00:00,0,0.4996730316544535
2026-03-15 06:10:00+00:00,0,0.5131130971336152
2026-03-15 06:15:00+00:00,0,0.5383065144910746
2026-03-15 06:20:00+00:00,0,0.5281854026308771
2026-03-15 06:25:00+00:00,1,0.5056535042043996
2026-03-15 06:30:00+00:00,1,0.5326060776164356
2026-03-15 06:35:00+00:00,1,0.5288935695622704
2026-03-15 06:40:00+00:00,1,0.5194012773784615
2026-03-15 06:45:00+00:00,1,0.5222826613470206
2026-03-15 06:50:00+00:00,1,0.5200754852333302
2026-03-15 06:55:00+00:00,1,0.5210158677616368
2026-03-15 07:00:00+00:00,1,0.5014727547087251
2026-03-15 07:05:00+00:00,1,0.5278654017702382
2026-03-15 07:10:00+00:00,1,0.5256494678974611
2026-03-15 07:15:00+00:00,1,0.507126681889999
2026-03-15 07:20:00+00:00,1,0.4954406920530131
2026-03-15 07:25:00+00:00,1,0.5176080272741393
2026-03-15 07:30:00+00:00,1,0.5153926341773343
2026-03-15 07:35:00+00:00,1,0.4959394730237122
2026-03-15 07:40:00+00:00,1,0.4827374824168849
2026-03-15 07:45:00+00:00,1,0.5127696457193097
2026-03-15 07:50:00+00:00,1,0.5164778756012928
2026-03-15 07:55:00+00:00,1,0.5317566538181875
2026-03-15 08:00:00+00:00,1,0.4992620308137003
2026-03-15 08:05:00+00:00,1,0.48087387061804854
2026-03-15 08:10:00+00:00,0,0.4828893854905334
2026-03-15 08:15:00+00:00,0,0.48699283348942407
2026-03-15 08:20:00+00:00,1,0.49279858561285383
2026-03-15 08:25:00+00:00,1,0.49130672046312257
2026-03-15 08:30:00+00:00,1,0.4874789665453859
2026-03-15 08:35:00+00:00,1,0.482587560122143
2026-03-15 08:40:00+00:00,1,0.49336818383186287
2026-03-15 08:45:00+00:00,1,0.47233880180744
2026-03-15 08:50:00+00:00,1,0.4950589788535517
2026-03-15 08:55:00+00:00,1,0.515848896808849
2026-03-15 09:00:00+00:00,0,0.45302601553898586
2026-03-15 09:05:00+00:00,0,0.4607920057194726
2026-03-15 09:10:00+00:00,0,0.4641467480813676
2026-03-15 09:15:00+00:00,0,0.4854411586747564
2026-03-15 09:20:00+00:00,0,0.47038154317320185
2026-03-15 09:25:00+00:00,0,0.47634798007770823
2026-03-15 09:30:00+00:00,0,0.4840186934473323
2026-03-15 09:35:00+00:00,0,0.4659355526061666
2026-03-15 09:40:00+00:00,0,0.4893280051090847
2026-03-15 09:45:00+00:00,1,0.49935506228410453
2026-03-15 09:50:00+00:00,1,0.5007408592599473
2026-03-15 09:55:00+00:00,1,0.5093729369063388
2026-03-15 10:00:00+00:00,1,0.5080256417057482
2026-03-15 10:05:00+00:00,1,0.5114021334341677
2026-03-15 10:10:00+00:00,1,0.4679960380206913
2026-03-15 10:15:00+00:00,0,0.4778021047865473
2026-03-15 10:20:00+00:00,0,0.4786015718883218
2026-03-15 10:25:00+00:00,1,0.48594633937470916
2026-03-15 10:30:00+00:00,1,0.4951669198326882
2026-03-15 10:35:00+00:00,0,0.4936023964121066
2026-03-15 10:40:00+00:00,0,0.4730004502508508
2026-03-15 10:45:00+00:00,0,0.4710616859777521
2026-03-15 10:50:00+00:00,0,0.48052529900774943
2026-03-15 10:55:00+00:00,0,0.5010174992710681
2026-03-15 11:00:00+00:00,0,0.5181519396203965
2026-03-15 11:05:00+00:00,1,0.5095655403588548
2026-03-15 11:10:00+00:00,1,0.5086042522140574
2026-03-15 11:15:00+00:00,1,0.512086971285497
2026-03-15 11:20:00+00:00,1,0.5445262532259968
2026-03-15 11:25:00+00:00,0,0.532780127170321
2026-03-15 11:30:00+00:00,0,0.538606302524746
2026-03-15 11:35:00+00:00,0,0.5773875081988293
2026-03-15 11:40:00+00:00,0,0.5731705810094765
2026-03-15 11:45:00+00:00,0,0.572173928938266
2026-03-15 11:50:00+00:00,0,0.5727406270939753
2026-03-15 11:55:00+00:00,1,0.59449806065465
2026-03-15 12:00:00+00:00,1,0.6171668317350911
2026-03-15 12:05:00+00:00,1,0.5972808515834677
2026-03-15 12:10:00+00:00,1,0.5913592600781096
2026-03-15 12:15:00+00:00,1,0.5837256700700826
2026-03-15 12:20:00+00:00,1,0.5708677871514738
2026-03-15 12:25:00+00:00,1,0.560875035544761
2026-03-15 12:30:00+00:00,0,0.5774856845741725
2026-03-15 12:35:00+00:00,0,0.5920579129785359
2026-03-15 12:40:00+00:00,0,0.5388034754311237
2026-03-15 12:45:00+00:00,0,0.5643564002580104
2026-03-15 12:50:00+00:00,0,0.5508082801683414
2026-03-15 12:55:00+00:00,0,0.5701491578735597
2026-03-15 13:00:00+00:00,0,0.5212327768386521
2026-03-15 13:05:00+00:00,0,0.46857481314468796
2026-03-15 13:10:00+00:00,0,0.47574485705594083
2026-03-15 13:15:00+00:00,0,0.4950337155440583
2026-03-15 13:20:00+00:00,1,0.49351543071723003
2026-03-15 13:25:00+00:00,1,0.4813861803866419
2026-03-15 13:30:00+00:00,1,0.4897967934306747
2026-03-15 13:35:00+00:00,1,0.4849906728948791
2026-03-15 13:40:00+00:00,1,0.49127772658746216
2026-03-15 13:45:00+00:00,1,0.48972373177493334
2026-03-15 13:50:00+00:00,0,0.4922245452174922
2026-03-15 13:55:00+00:00,0,0.4905633671763375
2026-03-15 14:00:00+00:00,0,0.5015256562226826
2026-03-15 14:05:00+00:00,0,0.4936938516161811
2026-03-15 14:10:00+00:00,0,0.4778857133952698
2026-03-15 14:15:00+00:00,0,0.5102946976086098
2026-03-15 14:20:00+00:00,1,0.500246559431053
2026-03-15 14:25:00+00:00,1,0.48333118546490855
2026-03-15 14:30:00+00:00,1,0.501080273047789
2026-03-15 14:35:00+00:00,1,0.5050156854373736
2026-03-15 14:40:00+00:00,0,0.48721012516494533
2026-03-15 14:45:00+00:00,0,0.46426445312180814
2026-03-15 14:50:00+00:00,0,0.4693429912021072
2026-03-15 14:55:00+00:00,0,0.4789887849221047
2026-03-15 15:00:00+00:00,0,0.4973196577555173
2026-03-15 15:05:00+00:00,0,0.511331252973716
2026-03-15 15:10:00+00:00,0,0.5298328775480751
2026-03-15 15:15:00+00:00,0,0.5406884285073043
2026-03-15 15:20:00+00:00,0,0.5428998517348059
2026-03-15 15:25:00+00:00,0,0.5558817851812037
2026-03-15 15:30:00+00:00,1,0.5361620164262328
2026-03-15 15:35:00+00:00,1,0.5248639712554845
2026-03-15 15:40:00+00:00,1,0.5330737829733552
2026-03-15 15:45:00+00:00,1,0.5405214886193569
2026-03-15 15:50:00+00:00,1,0.5281081497343108
2026-03-15 15:55:00+00:00,1,0.5286462509469444
2026-03-15 16:00:00+00:00,0,0.49989289417467553
2026-03-15 16:05:00+00:00,0,0.49994562883976323
2026-03-15 16:10:00+00:00,0,0.5091146783327105
2026-03-15 16:15:00+00:00,0,0.533471553374588
2026-03-15 16:20:00+00:00,0,0.5201398282886283
2026-03-15 16:25:00+00:00,0,0.5208613931530717
2026-03-15 16:30:00+00:00,1,0.5676716427256152
2026-03-15 16:35:00+00:00,0,0.5406372892446072
2026-03-15 16:40:00+00:00,0,0.5354090630654039
2026-03-15 16:45:00+00:00,1,0.5442772478484562
2026-03-15 16:50:00+00:00,1,0.5596632724252498
2026-03-15 16:55:00+00:00,1,0.5549532843025865
2026-03-15 17:00:00+00:00,0,0.5472014641698378
2026-03-15 17:05:00+00:00,0,0.5290974341589543
2026-03-15 17:10:00+00:00,0,0.5374395966155819
2026-03-15 17:15:00+00:00,0,0.550854812014961
2026-03-15 17:20:00+00:00,1,0.5456564005651612
2026-03-15 17:25:00+00:00,1,0.5291560208556408
2026-03-15 17:30:00+00:00,1,0.5365780831168951
2026-03-15 17:35:00+00:00,1,0.5361341640347086
2026-03-15 17:40:00+00:00,1,0.5390328160673502
2026-03-15 17:45:00+00:00,1,0.5212065544248735
2026-03-15 17:50:00+00:00,0,0.4605869577251936
2026-03-15 17:55:00+00:00,0,0.4823257990092146
2026-03-15 18:00:00+00:00,0,0.47787796201234783
2026-03-15 18:05:00+00:00,0,0.4861783894519283
2026-03-15 18:10:00+00:00,1,0.4796487195535782
2026-03-15 18:15:00+00:00,0,0.4937854466566677
2026-03-15 18:20:00+00:00,0,0.48832035949934244
2026-03-15 18:25:00+00:00,0,0.48077947207603544
2026-03-15 18:30:00+00:00,0,0.48316909204851105
2026-03-15 18:35:00+00:00,0,0.4706149383066055
2026-03-15 18:40:00+00:00,0,0.49270680028823827
2026-03-15 18:45:00+00:00,1,0.5396057348986377
2026-03-15 18:50:00+00:00,1,0.5316783006365007
2026-03-15 18:55:00+00:00,1,0.528198801520645
2026-03-15 19:00:00+00:00,1,0.4986197919169238
2026-03-15 19:05:00+00:00,1,0.5181479291572627
2026-03-15 19:10:00+00:00,1,0.4952136265448891
2026-03-15 19:15:00+00:00,1,0.5019094072260896
2026-03-15 19:20:00+00:00,1,0.51670855503833
2026-03-15 19:25:00+00:00,0,0.511716393381572
2026-03-15 19:30:00+00:00,0,0.5090269462460421
2026-03-15 19:35:00+00:00,0,0.5339462289851515
2026-03-15 19:40:00+00:00,0,0.5324511812778101
2026-03-15 19:45:00+00:00,0,0.5339920582165059
2026-03-15 19:50:00+00:00,0,0.534121298552146
2026-03-15 19:55:00+00:00,0,0.5296303543856637
2026-03-15 20:00:00+00:00,1,0.5040107414076659
2026-03-15 20:05:00+00:00,1,0.5100857699783282
2026-03-15 20:10:00+00:00,1,0.5236770798272534
2026-03-15 20:15:00+00:00,1,0.5369962899111616
2026-03-15 20:20:00+00:00,1,0.5362355856020721
2026-03-15 20:25:00+00:00,1,0.5397145311380033
2026-03-15 20:30:00+00:00,1,0.5052330989750659
2026-03-15 20:35:00+00:00,0,0.5073756063071128
2026-03-15 20:40:00+00:00,0,0.49519792750330754
2026-03-15 20:45:00+00:00,0,0.5010365182508779
2026-03-15 20:50:00+00:00,1,0.4917419143024165
2026-03-15 20:55:00+00:00,1,0.502677459759938
2026-03-15 21:00:00+00:00,1,0.5034204581466394
2026-03-15 21:05:00+00:00,1,0.5158516548657187
2026-03-15 21:10:00+00:00,1,0.49521766981645304
2026-03-15 21:15:00+00:00,1,0.49818893932591074
2026-03-15 21:20:00+00:00,1,0.506131675077963
2026-03-15 21:25:00+00:00,1,0.49972785784009327
2026-03-15 21:30:00+00:00,1,0.502626678625119
2026-03-15 21:35:00+00:00,1,0.48421334456423726
2026-03-15 21:40:00+00:00,0,0.4945665720995265
2026-03-15 21:45:00+00:00,0,0.5037057016665002
2026-03-15 21:50:00+00:00,0,0.49681817978664133
2026-03-15 21:55:00+00:00,0,0.5208715820862924
2026-03-15 22:00:00+00:00,0,0.47113836967432565
2026-03-15 22:05:00+00:00,1,0.4557974064758789
2026-03-15 22:10:00+00:00,1,0.4669438655699274
2026-03-15 22:15:00+00:00,1,0.48924874429309373
2026-03-15 22:20:00+00:00,1,0.4783243447949829
2026-03-15 22:25:00+00:00,1,0.4846860208680828
2026-03-15 22:30:00+00:00,1,0.4513512161807222
2026-03-15 22:35:00+00:00,1,0.4458915702707475
2026-03-15 22:40:00+00:00,1,0.4498561823196762
2026-03-15 22:45:00+00:00,1,0.45206475342753183
2026-03-15 22:50:00+00:00,0,0.4433393101873633
2026-03-15 22:55:00+00:00,0,0.4293273966869627
2026-03-15 23:00:00+00:00,0,0.43418335027781957
2026-03-15 23:05:00+00:00,0,0.4579018607475328
2026-03-15 23:10:00+00:00,0,0.44236063916445356
2026-03-15 23:15:00+00:00,1,0.44766420427963194
2026-03-15 23:20:00+00:00,1,0.4515032587107689
2026-03-15 23:25:00+00:00,1,0.46129867527398394
2026-03-15 23:30:00+00:00,1,0.4435606275711004
2026-03-15 23:35:00+00:00,1,0.46353867160133333
2026-03-15 23:40:00+00:00,1,0.45427756463353164
2026-03-15 23:45:00+00:00,0,0.48343974182644406
2026-03-15 23:50:00+00:00,0,0.4570975775791747
2026-03-15 23:55:00+00:00,0,0.450791135168592
2026-03-16 00:00:00+00:00,0,0.46320152212777466
2026-03-16 00:05:00+00:00,0,0.4547872338687058
2026-03-16 00:10:00+00:00,0,0.41924059114602
2026-03-16 00:15:00+00:00,1,0.4507239989721474
2026-03-16 00:20:00+00:00,1,0.446986413980613
2026-03-16 00:25:00+00:00,1,0.4495086522192632
2026-03-16 00:30:00+00:00,0,0.434975204666071
2026-03-16 00:35:00+00:00,0,0.4461356461997556
2026-03-16 00:40:00+00:00,0,0.4751918361581803
2026-03-16 00:45:00+00:00,0,0.4631339021112821
2026-03-16 00:50:00+00:00,1,0.4711647048211315
2026-03-16 00:55:00+00:00,1,0.49039880878974035
2026-03-16 01:00:00+00:00,0,0.5084140330618858
2026-03-16 01:05:00+00:00,1,0.5163166103137723
2026-03-16 01:10:00+00:00,1,0.4764889283931788
2026-03-16 01:15:00+00:00,1,0.4596356009424978
2026-03-16 01:20:00+00:00,1,0.45348768892266655
2026-03-16 01:25:00+00:00,1,0.4723981869164392
2026-03-16 01:30:00+00:00,1,0.48723612691830065
2026-03-16 01:35:00+00:00,1,0.47875415750313427
2026-03-16 01:40:00+00:00,1,0.48537205737189276
2026-03-16 01:45:00+00:00,0,0.47145732060976964
2026-03-16 01:50:00+00:00,0,0.46017999151979533
2026-03-16 01:55:00+00:00,0,0.4530402230750847
2026-03-16 02:00:00+00:00,0,0.45430176198065364
2026-03-16 02:05:00+00:00,0,0.4638524821773218
2026-03-16 02:10:00+00:00,0,0.46277614606376255
2026-03-16 02:15:00+00:00,0,0.48852910862858795
2026-03-16 02:20:00+00:00,1,0.4943359456039981
2026-03-16 02:25:00+00:00,1,0.49332895350649736
2026-03-16 02:30:00+00:00,1,0.4936815553277714
2026-03-16 02:35:00+00:00,1,0.49156518669901006
2026-03-16 02:40:00+00:00,1,0.49644913752845404
2026-03-16 02:45:00+00:00,1,0.4901340506313497
2026-03-16 02:50:00+00:00,1,0.4855100236922447
2026-03-16 02:55:00+00:00,1,0.4864581114040586
2026-03-16 03:00:00+00:00,1,0.49624735662558045
2026-03-16 03:05:00+00:00,1,0.4811924827011849
2026-03-16 03:10:00+00:00,1,0.48990340401823446
2026-03-16 03:15:00+00:00,1,0.4739303988824653
2026-03-16 03:20:00+00:00,1,0.4391747925253858
2026-03-16 03:25:00+00:00,1,0.4334337149979167
2026-03-16 03:30:00+00:00,0,0.4526721924778217
2026-03-16 03:35:00+00:00,0,0.4586556783493918
2026-03-16 03:40:00+00:00,1,0.46420237483390137
2026-03-16 03:45:00+00:00,1,0.4694838084573203
2026-03-16 03:50:00+00:00,1,0.469307916142403
2026-03-16 03:55:00+00:00,1,0.46072979843136347
2026-03-16 04:00:00+00:00,1,0.47351946187142935
2026-03-16 04:05:00+00:00,1,0.45070185077263614
2026-03-16 04:10:00+00:00,0,0.45360966525038976
2026-03-16 04:15:00+00:00,1,0.46121393602310323
2026-03-16 04:20:00+00:00,1,0.455047698671585
2026-03-16 04:25:00+00:00,1,0.4630305470655623
2026-03-16 04:30:00+00:00,1,0.4447019949414846
2026-03-16 04:35:00+00:00,1,0.4531027343783367
2026-03-16 04:40:00+00:00,1,0.4739331800206357
2026-03-16 04:45:00+00:00,1,0.4398883614984079
2026-03-16 04:50:00+00:00,1,0.4286684720607627
2026-03-16 04:55:00+00:00,1,0.43336053630566396
2026-03-16 05:00:00+00:00,1,0.4359549319628399
2026-03-16 05:05:00+00:00,1,0.430074596476634
2026-03-16 05:10:00+00:00,1,0.4160293907637943
2026-03-16 05:15:00+00:00,1,0.4113693585367642
2026-03-16 05:20:00+00:00,1,0.4573702429457508
2026-03-16 05:25:00+00:00,1,0.4648537037684907
2026-03-16 05:30:00+00:00,1,0.4526667064746728
2026-03-16 05:35:00+00:00,0,0.45949015082398714
2026-03-16 05:40:00+00:00,0,0.4711910262311576
2026-03-16 05:45:00+00:00,0,0.45912138957362125
2026-03-16 05:50:00+00:00,0,0.4460182009613996
2026-03-16 05:55:00+00:00,0,0.45395164054831993
2026-03-16 06:00:00+00:00,0,0.4571742019993178
2026-03-16 06:05:00+00:00,1,0.4619766971213553
2026-03-16 06:10:00+00:00,1,0.48764868049996246
2026-03-16 06:15:00+00:00,0,0.4648138142410977
2026-03-16 06:20:00+00:00,1,0.4559065498871402
2026-03-16 06:25:00+00:00,0,0.45963823296044
2026-03-16 06:30:00+00:00,1,0.4776687482918441
2026-03-16 06:35:00+00:00,0,0.4591799495869946
2026-03-16 06:40:00+00:00,0,0.4733149313907765
2026-03-16 06:45:00+00:00,1,0.47755135601933224
2026-03-16 06:50:00+00:00,1,0.4835068486583234
2026-03-16 06:55:00+00:00,1,0.4961754954764132
2026-03-16 07:00:00+00:00,1,0.4624436208090695
2026-03-16 07:05:00+00:00,1,0.46015498306578384
2026-03-16 07:10:00+00:00,1,0.47085573907246897
2026-03-16 07:15:00+00:00,1,0.47488317123649126
2026-03-16 07:20:00+00:00,1,0.4844557806270147
2026-03-16 07:25:00+00:00,0,0.4752362486417591
2026-03-16 07:30:00+00:00,0,0.4842740643262007
2026-03-16 07:35:00+00:00,1,0.500059129681527
2026-03-16 07:40:00+00:00,1,0.4765134983877302
2026-03-16 07:45:00+00:00,1,0.4839746489747248
2026-03-16 07:50:00+00:00,1,0.49311925251137284
2026-03-16 07:55:00+00:00,0,0.49396138837125636
2026-03-16 08:00:00+00:00,0,0.44196004900536207
2026-03-16 08:05:00+00:00,0,0.43251596711521745
2026-03-16 08:10:00+00:00,0,0.4081432808398088
2026-03-16 08:15:00+00:00,0,0.4157218311521264
2026-03-16 08:20:00+00:00,0,0.4213121507300303
2026-03-16 08:25:00+00:00,0,0.44187623712512186
2026-03-16 08:30:00+00:00,1,0.44314852836891255
2026-03-16 08:35:00+00:00,1,0.44597687192382607
2026-03-16 08:40:00+00:00,1,0.4504767621515478
2026-03-16 08:45:00+00:00,1,0.44853799988608356
2026-03-16 08:50:00+00:00,1,0.4451094661444816
2026-03-16 08:55:00+00:00,1,0.4512296908955094
2026-03-16 09:00:00+00:00,1,0.4505096363654618
2026-03-16 09:05:00+00:00,1,0.44027875546196893
2026-03-16 09:10:00+00:00,0,0.4473693197315025
2026-03-16 09:15:00+00:00,1,0.4316462846807032
2026-03-16 09:20:00+00:00,0,0.4398514506663046
2026-03-16 09:25:00+00:00,0,0.43581056149893677
2026-03-16 09:30:00+00:00,1,0.45875297775949303
2026-03-16 09:35:00+00:00,1,0.46274185485377783
2026-03-16 09:40:00+00:00,1,0.4456851920493152
2026-03-16 09:45:00+00:00,0,0.4411857581007398
2026-03-16 09:50:00+00:00,1,0.44318205608666306
2026-03-16 09:55:00+00:00,1,0.4536172820441571
2026-03-16 10:00:00+00:00,0,0.4761041849891513
2026-03-16 10:05:00+00:00,0,0.4923810667694476
2026-03-16 10:10:00+00:00,0,0.48031213609907003
2026-03-16 10:15:00+00:00,0,0.4897124143657344
2026-03-16 10:20:00+00:00,0,0.48862599389296013
2026-03-16 10:25:00+00:00,0,0.4711281552938663
2026-03-16 10:30:00+00:00,1,0.48556671270652424
2026-03-16 10:35:00+00:00,1,0.5017071998965266
2026-03-16 10:40:00+00:00,1,0.5102470306447553
2026-03-16 10:45:00+00:00,1,0.5034652428419728
2026-03-16 10:50:00+00:00,1,0.5005800341470269
2026-03-16 10:55:00+00:00,0,0.4812441543605347
2026-03-16 11:00:00+00:00,0,0.4771282858082316
2026-03-16 11:05:00+00:00,0,0.47144654955378973
2026-03-16 11:10:00+00:00,0,0.4673635335219837
2026-03-16 11:15:00+00:00,0,0.4780706781805594
2026-03-16 11:20:00+00:00,1,0.469159548525298
2026-03-16 11:25:00+00:00,1,0.46950842454102126
2026-03-16 11:30:00+00:00,1,0.4461379753201373
2026-03-16 11:35:00+00:00,1,0.4594942787418393
2026-03-16 11:40:00+00:00,1,0.46625668215297283
2026-03-16 11:45:00+00:00,1,0.48577463596515746
2026-03-16 11:50:00+00:00,1,0.4775491295421162
2026-03-16 11:55:00+00:00,1,0.49702116289797066
2026-03-16 12:00:00+00:00,1,0.5003288823732223
2026-03-16 12:05:00+00:00,1,0.5065172931176453
2026-03-16 12:10:00+00:00,1,0.5037876853859996
2026-03-16 12:15:00+00:00,1,0.4874781025848277
2026-03-16 12:20:00+00:00,1,0.48752231795257356
2026-03-16 12:25:00+00:00,0,0.46955599012522165
2026-03-16 12:30:00+00:00,0,0.472067603104435
2026-03-16 12:35:00+00:00,0,0.48476894962884265
2026-03-16 12:40:00+00:00,0,0.48949971316062213
2026-03-16 12:45:00+00:00,0,0.49494953258063057
2026-03-16 12:50:00+00:00,1,0.4789774688105716
2026-03-16 12:55:00+00:00,1,0.49279844620585495
2026-03-16 13:00:00+00:00,1,0.4613630142888731
2026-03-16 13:05:00+00:00,1,0.4692901078518865
2026-03-16 13:10:00+00:00,1,0.47415517567167764
2026-03-16 13:15:00+00:00,1,0.5072996300945568
2026-03-16 13:20:00+00:00,0,0.4406046946791217
2026-03-16 13:25:00+00:00,1,0.4294860411674546
2026-03-16 13:30:00+00:00,1,0.4476996607552858
2026-03-16 13:35:00+00:00,0,0.4491495936985442
2026-03-16 13:40:00+00:00,1,0.4450214008042731
2026-03-16 13:45:00+00:00,0,0.4196758058363603
2026-03-16 13:50:00+00:00,1,0.43764134041551256
2026-03-16 13:55:00+00:00,0,0.4467202604301308
2026-03-16 14:00:00+00:00,0,0.4423113024930589
2026-03-16 14:05:00+00:00,0,0.4423117014744031
2026-03-16 14:10:00+00:00,0,0.44525834338989156
2026-03-16 14:15:00+00:00,0,0.4426939734916032
2026-03-16 14:20:00+00:00,0,0.436492819995191
2026-03-16 14:25:00+00:00,1,0.46036923095423776
2026-03-16 14:30:00+00:00,1,0.45494383065528216
2026-03-16 14:35:00+00:00,1,0.4447196658238747
2026-03-16 14:40:00+00:00,1,0.4681101170041003
2026-03-16 14:45:00+00:00,1,0.45291929561964966
2026-03-16 14:50:00+00:00,1,0.46211257076817863
2026-03-16 14:55:00+00:00,0,0.42918754084507077
2026-03-16 15:00:00+00:00,0,0.44644400643525944
2026-03-16 15:05:00+00:00,0,0.441229568169064
2026-03-16 15:10:00+00:00,0,0.4488245574284579
2026-03-16 15:15:00+00:00,0,0.45365061095607057
2026-03-16 15:20:00+00:00,0,0.441601289205836
2026-03-16 15:25:00+00:00,0,0.4522531890041677
2026-03-16 15:30:00+00:00,0,0.4608776206869639
2026-03-16 15:35:00+00:00,1,0.4744355911850169
2026-03-16 15:40:00+00:00,1,0.46718702797051637
2026-03-16 15:45:00+00:00,1,0.47186640404952046
2026-03-16 15:50:00+00:00,1,0.4734447258725315
2026-03-16 15:55:00+00:00,1,0.4618283391440216
2026-03-16 16:00:00+00:00,1,0.46387184575026064
2026-03-16 16:05:00+00:00,1,0.48575751317796073
2026-03-16 16:10:00+00:00,1,0.49725072266704884
2026-03-16 16:15:00+00:00,1,0.4651555745013823
2026-03-16 16:20:00+00:00,1,0.46764976670433756
2026-03-16 16:25:00+00:00,1,0.47518873439273956
2026-03-16 16:30:00+00:00,0,0.47200802777590994
2026-03-16 16:35:00+00:00,1,0.4783686718454281
2026-03-16 16:40:00+00:00,1,0.46985137030319224
2026-03-16 16:45:00+00:00,1,0.464044319508283
2026-03-16 16:50:00+00:00,1,0.44565862619120933
2026-03-16 16:55:00+00:00,1,0.46701377923047144
2026-03-16 17:00:00+00:00,1,0.47640991840688846
2026-03-16 17:05:00+00:00,1,0.4700727039577569
2026-03-16 17:10:00+00:00,0,0.46022446688343116
2026-03-16 17:15:00+00:00,1,0.4661530826398328
2026-03-16 17:20:00+00:00,0,0.47795288785417495
2026-03-16 17:25:00+00:00,1,0.4976566937525894
2026-03-16 17:30:00+00:00,0,0.5013469845058077
2026-03-16 17:35:00+00:00,1,0.504384486985126
2026-03-16 17:40:00+00:00,1,0.5087760411365304
2026-03-16 17:45:00+00:00,1,0.48893517672848535
2026-03-16 17:50:00+00:00,1,0.5018480841725441
2026-03-16 17:55:00+00:00,1,0.5133124348674912
2026-03-16 18:00:00+00:00,1,0.5165832853650911
2026-03-16 18:05:00+00:00,0,0.4657941851496521
2026-03-16 18:10:00+00:00,1,0.48168695128436456
2026-03-16 18:15:00+00:00,0,0.48671808375636144
2026-03-16 18:20:00+00:00,0,0.47810317393311436
2026-03-16 18:25:00+00:00,0,0.46446875745470195
2026-03-16 18:30:00+00:00,1,0.488569008195494
2026-03-16 18:35:00+00:00,1,0.4932576866867022
2026-03-16 18:40:00+00:00,1,0.4814718708787264
2026-03-16 18:45:00+00:00,1,0.49210895332746096
2026-03-16 18:50:00+00:00,1,0.5022245549055537
2026-03-16 18:55:00+00:00,1,0.5125749788603776
2026-03-16 19:00:00+00:00,1,0.513831339486642
2026-03-16 19:05:00+00:00,0,0.4383708707934433
2026-03-16 19:10:00+00:00,0,0.44223706574345806
2026-03-16 19:15:00+00:00,0,0.4523576295776229
2026-03-16 19:20:00+00:00,0,0.4892397409006004
2026-03-16 19:25:00+00:00,0,0.4756948341357061
2026-03-16 19:30:00+00:00,0,0.47726786309740926
2026-03-16 19:35:00+00:00,0,0.47864278339097893
2026-03-16 19:40:00+00:00,0,0.5037906133722408
2026-03-16 19:45:00+00:00,0,0.48642410012442017
2026-03-16 19:50:00+00:00,0,0.49696829070574927
2026-03-16 19:55:00+00:00,1,0.5091637433798247
2026-03-16 20:00:00+00:00,1,0.5101589995872305
2026-03-16 20:05:00+00:00,1,0.5057435959944444
2026-03-16 20:10:00+00:00,1,0.4986846012634482
2026-03-16 20:15:00+00:00,1,0.4959920090595114
2026-03-16 20:20:00+00:00,1,0.5237090224287277
2026-03-16 20:25:00+00:00,1,0.5252052891889539
2026-03-16 20:30:00+00:00,1,0.5011256452766889
2026-03-16 20:35:00+00:00,1,0.506622270240907
2026-03-16 20:40:00+00:00,1,0.5175544386694994
2026-03-16 20:45:00+00:00,1,0.5154026640430162
2026-03-16 20:50:00+00:00,1,0.4986682873746402
2026-03-16 20:55:00+00:00,1,0.49885680358714873
2026-03-16 21:00:00+00:00,1,0.4946023192763645
2026-03-16 21:05:00+00:00,1,0.47570030102179006
2026-03-16 21:10:00+00:00,1,0.4710593929922542
2026-03-16 21:15:00+00:00,1,0.4803130131834675
2026-03-16 21:20:00+00:00,1,0.48116037434908193
2026-03-16 21:25:00+00:00,0,0.4791962090180653
2026-03-16 21:30:00+00:00,0,0.4778773775278915
2026-03-16 21:35:00+00:00,1,0.4570253564924416
2026-03-16 21:40:00+00:00,1,0.4735755806965664
2026-03-16 21:45:00+00:00,1,0.4680117158716236
2026-03-16 21:50:00+00:00,0,0.4963587319521128
2026-03-16 21:55:00+00:00,1,0.5087297347176163
2026-03-16 22:00:00+00:00,0,0.47376751044735493
2026-03-16 22:05:00+00:00,0,0.4600287107586017
2026-03-16 22:10:00+00:00,0,0.46938685976242267
2026-03-16 22:15:00+00:00,0,0.459065462213725
2026-03-16 22:20:00+00:00,1,0.48925951771154425
2026-03-16 22:25:00+00:00,1,0.501873516932846
2026-03-16 22:30:00+00:00,0,0.4920311955328483
2026-03-16 22:35:00+00:00,0,0.48405715247040715
2026-03-16 22:40:00+00:00,0,0.4999083157872754
2026-03-16 22:45:00+00:00,0,0.4797071162956794
2026-03-16 22:50:00+00:00,0,0.4832515868224912
2026-03-16 22:55:00+00:00,0,0.4858030439827293
2026-03-16 23:00:00+00:00,1,0.4631288819754165
2026-03-16 23:05:00+00:00,1,0.48836555399083853
2026-03-16 23:10:00+00:00,1,0.44129810402193803
2026-03-16 23:15:00+00:00,1,0.4519175679825354
2026-03-16 23:20:00+00:00,1,0.47077330750088947
2026-03-16 23:25:00+00:00,1,0.45106265319087047
2026-03-16 23:30:00+00:00,0,0.4678690067130494
2026-03-16 23:35:00+00:00,1,0.45345397500874646
2026-03-16 23:40:00+00:00,1,0.450642035040766
2026-03-16 23:45:00+00:00,0,0.4397809151746576
2026-03-16 23:50:00+00:00,0,0.46720443797043376
2026-03-16 23:55:00+00:00,1,0.47760839588643056
2026-03-17 00:00:00+00:00,1,0.49147496972629073
2026-03-17 00:05:00+00:00,1,0.49723432550110086
2026-03-17 00:10:00+00:00,0,0.4562970741380064
2026-03-17 00:15:00+00:00,1,0.4636854689560071
2026-03-17 00:20:00+00:00,1,0.488330281924558
2026-03-17 00:25:00+00:00,1,0.45210307772766756
2026-03-17 00:30:00+00:00,0,0.4355520466736819
2026-03-17 00:35:00+00:00,1,0.4485287704580384
2026-03-17 00:40:00+00:00,1,0.49332399047188974
2026-03-17 00:45:00+00:00,1,0.4588008392558514
2026-03-17 00:50:00+00:00,0,0.46675753729725916
2026-03-17 00:55:00+00:00,0,0.45732723544295084
2026-03-17 01:00:00+00:00,1,0.5022144320569318
2026-03-17 01:05:00+00:00,0,0.45703432520687237
2026-03-17 01:10:00+00:00,0,0.4559179639124131
2026-03-17 01:15:00+00:00,0,0.480546015630758
2026-03-17 01:20:00+00:00,0,0.5161963207418095
2026-03-17 01:25:00+00:00,0,0.4845722093785729
2026-03-17 01:30:00+00:00,0,0.4753634933387002
2026-03-17 01:35:00+00:00,0,0.4657113879504059
2026-03-17 01:40:00+00:00,0,0.4761848180835611
2026-03-17 01:45:00+00:00,0,0.48107644223719925
2026-03-17 01:50:00+00:00,1,0.48755195754734676
2026-03-17 01:55:00+00:00,0,0.48188177715948066
2026-03-17 02:00:00+00:00,1,0.4587384643542265
2026-03-17 02:05:00+00:00,1,0.49183556209242746
2026-03-17 02:10:00+00:00,1,0.4860614092683725
2026-03-17 02:15:00+00:00,1,0.49306390701729735
2026-03-17 02:20:00+00:00,1,0.49094018927389577
2026-03-17 02:25:00+00:00,1,0.48724724666028557
2026-03-17 02:30:00+00:00,0,0.45801365919012543
2026-03-17 02:35:00+00:00,0,0.44758216409045615
2026-03-17 02:40:00+00:00,0,0.43887299407782804
2026-03-17 02:45:00+00:00,0,0.44678734049433133
2026-03-17 02:50:00+00:00,0,0.47423648671250357
2026-03-17 02:55:00+00:00,0,0.48186923049059754
2026-03-17 03:00:00+00:00,0,0.5014791965922853
2026-03-17 03:05:00+00:00,0,0.48287790943470144
2026-03-17 03:10:00+00:00,0,0.48600181906797185
2026-03-17 03:15:00+00:00,0,0.4921683941079447
2026-03-17 03:20:00+00:00,0,0.5045798488991391
2026-03-17 03:25:00+00:00,0,0.5206208624940476
2026-03-17 03:30:00+00:00,1,0.5107043748096796
2026-03-17 03:35:00+00:00,0,0.5220389329976045
2026-03-17 03:40:00+00:00,1,0.517275515188131
2026-03-17 03:45:00+00:00,0,0.5078156202627065
2026-03-17 03:50:00+00:00,0,0.5212181346135287
2026-03-17 03:55:00+00:00,0,0.4939544733593406
2026-03-17 04:00:00+00:00,0,0.4918328298772489
2026-03-17 04:05:00+00:00,0,0.4914553986266821
2026-03-17 04:10:00+00:00,0,0.47570905083377363
2026-03-17 04:15:00+00:00,0,0.5068197873600606
2026-03-17 04:20:00+00:00,0,0.5062201476150986
2026-03-17 04:25:00+00:00,0,0.5172371881286514
2026-03-17 04:30:00+00:00,1,0.5327587740399724
2026-03-17 04:35:00+00:00,1,0.5469647284174218
2026-03-17 04:40:00+00:00,1,0.5291334256070722
2026-03-17 04:45:00+00:00,1,0.5125035210889006
2026-03-17 04:50:00+00:00,1,0.5188351320141836
2026-03-17 04:55:00+00:00,1,0.5256233506715134
2026-03-17 05:00:00+00:00,1,0.5156381951378626
2026-03-17 05:05:00+00:00,0,0.5125763165984771
2026-03-17 05:10:00+00:00,0,0.5103176390104999
2026-03-17 05:15:00+00:00,0,0.49508549699032506
2026-03-17 05:20:00+00:00,0,0.49686544667902893
2026-03-17 05:25:00+00:00,0,0.45117214139995687
2026-03-17 05:30:00+00:00,0,0.4404555606689626
2026-03-17 05:35:00+00:00,0,0.472357873906073
2026-03-17 05:40:00+00:00,1,0.5229284049760943
2026-03-17 05:45:00+00:00,1,0.5165624486680421
2026-03-17 05:50:00+00:00,1,0.4916895007873907
2026-03-17 05:55:00+00:00,1,0.5049828655022122
2026-03-17 06:00:00+00:00,1,0.5004684855308098
2026-03-17 06:05:00+00:00,1,0.49798525431207635
2026-03-17 06:10:00+00:00,0,0.4696584441591311
2026-03-17 06:15:00+00:00,0,0.4723738322546869
2026-03-17 06:20:00+00:00,0,0.4823960151056875
2026-03-17 06:25:00+00:00,0,0.4858166559000775
2026-03-17 06:30:00+00:00,0,0.4612653974568955
2026-03-17 06:35:00+00:00,0,0.4444126421187905
2026-03-17 06:40:00+00:00,1,0.4913716502291991
2026-03-17 06:45:00+00:00,1,0.48981892665482996
2026-03-17 06:50:00+00:00,1,0.48750750515552344
2026-03-17 06:55:00+00:00,1,0.48713312359454175
2026-03-17 07:00:00+00:00,1,0.49917764439805695
2026-03-17 07:05:00+00:00,1,0.5025612012775454
2026-03-17 07:10:00+00:00,1,0.4881594001006503
2026-03-17 07:15:00+00:00,0,0.4769606335931812
2026-03-17 07:20:00+00:00,0,0.47672013569369814
2026-03-17 07:25:00+00:00,0,0.48835193848568054
2026-03-17 07:30:00+00:00,0,0.5047465161031625
2026-03-17 07:35:00+00:00,0,0.5020854283257971
2026-03-17 07:40:00+00:00,0,0.490430964835816
2026-03-17 07:45:00+00:00,1,0.49565183705918303
2026-03-17 07:50:00+00:00,0,0.4696649874121987
2026-03-17 07:55:00+00:00,1,0.4671406572283418
2026-03-17 08:00:00+00:00,0,0.44074075152745795
2026-03-17 08:05:00+00:00,1,0.42741647790878
2026-03-17 08:10:00+00:00,1,0.4432442819295324
2026-03-17 08:15:00+00:00,1,0.4683884336947149
2026-03-17 08:20:00+00:00,1,0.5043425199684618
2026-03-17 08:25:00+00:00,0,0.4653357295223544
2026-03-17 08:30:00+00:00,0,0.466288981257005
2026-03-17 08:35:00+00:00,0,0.4684792891059613
2026-03-17 08:40:00+00:00,0,0.47984880203986646
2026-03-17 08:45:00+00:00,0,0.4826873733455335
2026-03-17 08:50:00+00:00,0,0.4851808614476609
2026-03-17 08:55:00+00:00,1,0.5070567270189665
2026-03-17 09:00:00+00:00,1,0.49432116729767744
2026-03-17 09:05:00+00:00,1,0.4982726834932567
2026-03-17 09:10:00+00:00,1,0.48873351356604305
2026-03-17 09:15:00+00:00,1,0.4769984797691784
2026-03-17 09:20:00+00:00,0,0.4699706981154943
2026-03-17 09:25:00+00:00,0,0.45133367552062764
2026-03-17 09:30:00+00:00,0,0.47217767916411607
2026-03-17 09:35:00+00:00,0,0.45218170372725425
2026-03-17 09:40:00+00:00,0,0.45318924096238306
2026-03-17 09:45:00+00:00,0,0.46873124254795595
2026-03-17 09:50:00+00:00,0,0.490715131798048
2026-03-17 09:55:00+00:00,0,0.49084696546141865
2026-03-17 10:00:00+00:00,0,0.4977323500763289
2026-03-17 10:05:00+00:00,1,0.49512866221839963
2026-03-17 10:10:00+00:00,0,0.4845976879687747
2026-03-17 10:15:00+00:00,0,0.48571705393412135
2026-03-17 10:20:00+00:00,0,0.47397283922683814
2026-03-17 10:25:00+00:00,1,0.4597266008055065
2026-03-17 10:30:00+00:00,0,0.4491344006362437
2026-03-17 10:35:00+00:00,1,0.46614707273614986
2026-03-17 10:40:00+00:00,1,0.5056134911742979
2026-03-17 10:45:00+00:00,1,0.5060236282036075
2026-03-17 10:50:00+00:00,1,0.4948460818986724
2026-03-17 10:55:00+00:00,1,0.4871537325327803
2026-03-17 11:00:00+00:00,1,0.48569070815659027
2026-03-17 11:05:00+00:00,1,0.48660382767536403
2026-03-17 11:10:00+00:00,1,0.48295829791370704
2026-03-17 11:15:00+00:00,0,0.473122269365717
2026-03-17 11:20:00+00:00,0,0.43684846731271987
2026-03-17 11:25:00+00:00,0,0.4173951860787194
2026-03-17 11:30:00+00:00,0,0.4310471926679912
2026-03-17 11:35:00+00:00,0,0.4446132294532817
2026-03-17 11:40:00+00:00,0,0.44463862607630383
2026-03-17 11:45:00+00:00,0,0.4371431925998607
2026-03-17 11:50:00+00:00,0,0.459494154073098
2026-03-17 11:55:00+00:00,0,0.47429143188899603
2026-03-17 12:00:00+00:00,0,0.5126549920029281
2026-03-17 12:05:00+00:00,0,0.5047278054818124
2026-03-17 12:10:00+00:00,0,0.5137889554372014
2026-03-17 12:15:00+00:00,0,0.4703320228817728
2026-03-17 12:20:00+00:00,0,0.48125614291123026
2026-03-17 12:25:00+00:00,0,0.48664509904031056
2026-03-17 12:30:00+00:00,0,0.5182621707383519
2026-03-17 12:35:00+00:00,0,0.4972425798560067
2026-03-17 12:40:00+00:00,1,0.5050382996581303
2026-03-17 12:45:00+00:00,0,0.49981221655615626
2026-03-17 12:50:00+00:00,1,0.5197760348961598
2026-03-17 12:55:00+00:00,1,0.5144128806814414
2026-03-17 13:00:00+00:00,1,0.5058145872817926
2026-03-17 13:05:00+00:00,1,0.5072208375268356
2026-03-17 13:10:00+00:00,1,0.48905704044757187
2026-03-17 13:15:00+00:00,1,0.49438555059497996
2026-03-17 13:20:00+00:00,1,0.49221392277304066
2026-03-17 13:25:00+00:00,1,0.5042777986223579
2026-03-17 13:30:00+00:00,0,0.4757431460303242
2026-03-17 13:35:00+00:00,0,0.44841942719860955
2026-03-17 13:40:00+00:00,1,0.4811252864752882
2026-03-17 13:45:00+00:00,1,0.4918137880237973
2026-03-17 13:50:00+00:00,1,0.485887641623278
2026-03-17 13:55:00+00:00,1,0.46775786467774044
2026-03-17 14:00:00+00:00,1,0.4837610744347634
2026-03-17 14:05:00+00:00,1,0.4640377305583782
2026-03-17 14:10:00+00:00,1,0.44940263213997045
2026-03-17 14:15:00+00:00,1,0.4779096077611533
2026-03-17 14:20:00+00:00,1,0.4591278300118233
2026-03-17 14:25:00+00:00,1,0.4671043107380516
2026-03-17 14:30:00+00:00,1,0.4576396806284235
2026-03-17 14:35:00+00:00,0,0.4596348806011375
2026-03-17 14:40:00+00:00,0,0.4687263813799757
2026-03-17 14:45:00+00:00,0,0.46190703651318954
2026-03-17 14:50:00+00:00,0,0.4673444566995687
2026-03-17 14:55:00+00:00,0,0.43659070500229674
2026-03-17 15:00:00+00:00,0,0.48615258568863223
2026-03-17 15:05:00+00:00,0,0.46853941148362743
2026-03-17 15:10:00+00:00,1,0.4810478292611057
2026-03-17 15:15:00+00:00,0,0.45592746871788375
2026-03-17 15:20:00+00:00,1,0.45930658877633423
2026-03-17 15:25:00+00:00,1,0.46885375982720423
2026-03-17 15:30:00+00:00,1,0.47692499999060256
2026-03-17 15:35:00+00:00,1,0.4807673590879821
2026-03-17 15:40:00+00:00,1,0.4800946646935199
2026-03-17 15:45:00+00:00,1,0.4895441458116009
2026-03-17 15:50:00+00:00,1,0.4686393952554849
2026-03-17 15:55:00+00:00,1,0.4669021623284665
2026-03-17 16:00:00+00:00,1,0.5004498569070568
2026-03-17 16:05:00+00:00,0,0.49763318537733336
2026-03-17 16:10:00+00:00,1,0.49558728318147877
2026-03-17 16:15:00+00:00,0,0.4769954325856665
2026-03-17 16:20:00+00:00,0,0.46657820058116084
2026-03-17 16:25:00+00:00,0,0.47803531577594266
2026-03-17 16:30:00+00:00,1,0.4869732420858694
2026-03-17 16:35:00+00:00,1,0.4897476488960087
2026-03-17 16:40:00+00:00,1,0.5047993017335903
2026-03-17 16:45:00+00:00,1,0.5015003348907233
2026-03-17 16:50:00+00:00,1,0.4929375749442069
2026-03-17 16:55:00+00:00,1,0.4999198610814532
2026-03-17 17:00:00+00:00,1,0.49763014574238584
2026-03-17 17:05:00+00:00,1,0.4889786455787779
2026-03-17 17:10:00+00:00,1,0.49644841249822425
2026-03-17 17:15:00+00:00,1,0.4769609953568472
2026-03-17 17:20:00+00:00,1,0.4930827272544616
2026-03-17 17:25:00+00:00,1,0.46004942327744
2026-03-17 17:30:00+00:00,1,0.46917623110255413
2026-03-17 17:35:00+00:00,1,0.47940815034708156
2026-03-17 17:40:00+00:00,1,0.48731432767692756
2026-03-17 17:45:00+00:00,0,0.483208688868697
2026-03-17 17:50:00+00:00,0,0.4829032292032608
2026-03-17 17:55:00+00:00,0,0.4832136889746077
2026-03-17 18:00:00+00:00,0,0.46933315626370686
2026-03-17 18:05:00+00:00,1,0.4752996758554246
2026-03-17 18:10:00+00:00,1,0.47584484871130556
2026-03-17 18:15:00+00:00,1,0.4911872047406649
2026-03-17 18:20:00+00:00,1,0.5011918212107815
2026-03-17 18:25:00+00:00,1,0.5119569527775205
2026-03-17 18:30:00+00:00,0,0.49586817027800967
2026-03-17 18:35:00+00:00,0,0.49155029918775606
2026-03-17 18:40:00+00:00,0,0.4941789893482019
2026-03-17 18:45:00+00:00,0,0.4808853433364091
2026-03-17 18:50:00+00:00,0,0.45853902292311666
2026-03-17 18:55:00+00:00,0,0.508394127237189
2026-03-17 19:00:00+00:00,0,0.5329904310273346
2026-03-17 19:05:00+00:00,0,0.525438467862894
2026-03-17 19:10:00+00:00,0,0.5284718019745094
2026-03-17 19:15:00+00:00,0,0.5145279861513185
2026-03-17 19:20:00+00:00,1,0.5129443270148741
2026-03-17 19:25:00+00:00,0,0.5071756138879694
2026-03-17 19:30:00+00:00,0,0.5132857099774577
2026-03-17 19:35:00+00:00,0,0.5032243083520378
2026-03-17 19:40:00+00:00,0,0.5088294006642444
2026-03-17 19:45:00+00:00,0,0.5220352590398868
2026-03-17 19:50:00+00:00,0,0.5188592201543806
2026-03-17 19:55:00+00:00,1,0.517915401865762
2026-03-17 20:00:00+00:00,1,0.5151466757218129
2026-03-17 20:05:00+00:00,1,0.5303258613154269
2026-03-17 20:10:00+00:00,1,0.5260711344889645
2026-03-17 20:15:00+00:00,1,0.5273307094609033
2026-03-17 20:20:00+00:00,1,0.5113228911118642
2026-03-17 20:25:00+00:00,0,0.4863773261119914
2026-03-17 20:30:00+00:00,1,0.4907617431729091
2026-03-17 20:35:00+00:00,1,0.4941235293273265
2026-03-17 20:40:00+00:00,1,0.49811740967284296
2026-03-17 20:45:00+00:00,1,0.497766622732118
2026-03-17 20:50:00+00:00,1,0.4777110524188164
2026-03-17 20:55:00+00:00,1,0.481608652092351
2026-03-17 21:00:00+00:00,1,0.4719921263297229
2026-03-17 21:05:00+00:00,1,0.4734802096814309
2026-03-17 21:10:00+00:00,1,0.4476212186710806
2026-03-17 21:15:00+00:00,1,0.4535793779968008
2026-03-17 21:20:00+00:00,1,0.473344421604583
2026-03-17 21:25:00+00:00,1,0.4825515736661927
2026-03-17 21:30:00+00:00,1,0.4690036996396187
2026-03-17 21:35:00+00:00,0,0.4529592356167501
2026-03-17 21:40:00+00:00,0,0.45822029321533203
2026-03-17 21:45:00+00:00,0,0.46616308991464755
2026-03-17 21:50:00+00:00,0,0.45360423259587196
2026-03-17 21:55:00+00:00,0,0.4550176304836487
2026-03-17 22:00:00+00:00,0,0.448843570490575
2026-03-17 22:05:00+00:00,0,0.438427899577564
2026-03-17 22:10:00+00:00,0,0.44798683502041814
2026-03-17 22:15:00+00:00,0,0.4444082077800226
2026-03-17 22:20:00+00:00,0,0.4484057699879172
2026-03-17 22:25:00+00:00,0,0.502177900549623
2026-03-17 22:30:00+00:00,0,0.4969980173625169
2026-03-17 22:35:00+00:00,1,0.49012184080600546
2026-03-17 22:40:00+00:00,0,0.48007330915908636
2026-03-17 22:45:00+00:00,1,0.47240661099098735
2026-03-17 22:50:00+00:00,0,0.5069368077246701
2026-03-17 22:55:00+00:00,0,0.5057854490950414
2026-03-17 23:00:00+00:00,0,0.501327324181116
2026-03-17 23:05:00+00:00,0,0.49579728597858613
2026-03-17 23:10:00+00:00,0,0.5049388359720965
2026-03-17 23:15:00+00:00,0,0.5176840087591329
2026-03-17 23:20:00+00:00,0,0.5183109358837088
2026-03-17 23:25:00+00:00,0,0.5123152870633839
