open_time,target_6,prediction
2026-01-19 00:45:00+00:00,0,0.4518468755340221
2026-01-19 00:50:00+00:00,1,0.4999612630749691
2026-01-19 00:55:00+00:00,0,0.4967395747043836
2026-01-19 01:00:00+00:00,1,0.45731440218102676
2026-01-19 01:05:00+00:00,0,0.425554376860417
2026-01-19 01:10:00+00:00,0,0.43104647640407434
2026-01-19 01:15:00+00:00,0,0.4448315560522545
2026-01-19 01:20:00+00:00,0,0.44578868899662755
2026-01-19 01:25:00+00:00,1,0.44436484206433635
2026-01-19 01:30:00+00:00,0,0.4431684153335776
2026-01-19 01:35:00+00:00,0,0.4522101034710494
2026-01-19 01:40:00+00:00,0,0.4463791302490592
2026-01-19 01:45:00+00:00,1,0.46468084679663035
2026-01-19 01:50:00+00:00,1,0.4729817539930978
2026-01-19 01:55:00+00:00,0,0.4608924131254113
2026-01-19 02:00:00+00:00,1,0.47022016921495063
2026-01-19 02:05:00+00:00,1,0.4591663313617838
2026-01-19 02:10:00+00:00,1,0.4651712347145628
2026-01-19 02:15:00+00:00,0,0.4571442059050686
2026-01-19 02:20:00+00:00,0,0.44860952851750746
2026-01-19 02:25:00+00:00,1,0.4555578340367544
2026-01-19 02:30:00+00:00,0,0.46026148330349026
2026-01-19 02:35:00+00:00,1,0.4551037028146331
2026-01-19 02:40:00+00:00,1,0.4776481879356907
2026-01-19 02:45:00+00:00,1,0.49212410529376416
2026-01-19 02:50:00+00:00,0,0.47719970414486124
2026-01-19 02:55:00+00:00,0,0.4719151931534591
2026-01-19 03:00:00+00:00,0,0.4855033868034551
2026-01-19 03:05:00+00:00,0,0.4821217231467702
2026-01-19 03:10:00+00:00,0,0.46361535595676456
2026-01-19 03:15:00+00:00,0,0.4692495362732348
2026-01-19 03:20:00+00:00,1,0.457596012022166
2026-01-19 03:25:00+00:00,1,0.4762171545166007
2026-01-19 03:30:00+00:00,1,0.491676248652779
2026-01-19 03:35:00+00:00,1,0.480507134977776
2026-01-19 03:40:00+00:00,1,0.48145552678348585
2026-01-19 03:45:00+00:00,0,0.48449248742920487
2026-01-19 03:50:00+00:00,0,0.4915954653749171
2026-01-19 03:55:00+00:00,0,0.4961544999639108
2026-01-19 04:00:00+00:00,0,0.49046253401398643
2026-01-19 04:05:00+00:00,0,0.5023492912551955
2026-01-19 04:10:00+00:00,0,0.515809312854257
2026-01-19 04:15:00+00:00,1,0.5082808646500435
2026-01-19 04:20:00+00:00,1,0.48998942164672915
2026-01-19 04:25:00+00:00,0,0.4993668575014184
2026-01-19 04:30:00+00:00,0,0.4806386064625164
2026-01-19 04:35:00+00:00,0,0.508933093079593
2026-01-19 04:40:00+00:00,0,0.49234149093475393
2026-01-19 04:45:00+00:00,0,0.48109709966561737
2026-01-19 04:50:00+00:00,0,0.48878969935335737
2026-01-19 04:55:00+00:00,0,0.4875019771333995
2026-01-19 05:00:00+00:00,0,0.5098944675775084
2026-01-19 05:05:00+00:00,0,0.5041839379904297
2026-01-19 05:10:00+00:00,0,0.45438515743121005
2026-01-19 05:15:00+00:00,0,0.48727479932401235
2026-01-19 05:20:00+00:00,0,0.48360274723965907
2026-01-19 05:25:00+00:00,0,0.48584379653728194
2026-01-19 05:30:00+00:00,0,0.4681814355815995
2026-01-19 05:35:00+00:00,0,0.46198395760928107
2026-01-19 05:40:00+00:00,0,0.4849492005184556
2026-01-19 05:45:00+00:00,0,0.47968308250158853
2026-01-19 05:50:00+00:00,0,0.47518169609369537
2026-01-19 05:55:00+00:00,0,0.4864934576209019
2026-01-19 06:00:00+00:00,0,0.4896566836525719
2026-01-19 06:05:00+00:00,0,0.4932877176392215
2026-01-19 06:10:00+00:00,0,0.5069986810269791
2026-01-19 06:15:00+00:00,1,0.5004541438025598
2026-01-19 06:20:00+00:00,1,0.5106110311701024
2026-01-19 06:25:00+00:00,1,0.4782513762524838
2026-01-19 06:30:00+00:00,1,0.48568180699468405
2026-01-19 06:35:00+00:00,1,0.5103299463745496
2026-01-19 06:40:00+00:00,1,0.5069586423297872
2026-01-19 06:45:00+00:00,1,0.5036040514988772
2026-01-19 06:50:00+00:00,1,0.49611968342788104
2026-01-19 06:55:00+00:00,1,0.510154467234838
2026-01-19 07:00:00+00:00,1,0.4901813068326685
2026-01-19 07:05:00+00:00,1,0.4766304641301027
2026-01-19 07:10:00+00:00,1,0.47333027356396257
2026-01-19 07:15:00+00:00,1,0.4884046035647967
2026-01-19 07:20:00+00:00,1,0.49036018661069586
2026-01-19 07:25:00+00:00,1,0.4918533828620023
2026-01-19 07:30:00+00:00,0,0.4804947122142404
2026-01-19 07:35:00+00:00,1,0.4925529513243079
2026-01-19 07:40:00+00:00,0,0.4954964209404589
2026-01-19 07:45:00+00:00,1,0.4839283655667897
2026-01-19 07:50:00+00:00,1,0.5054880818312055
2026-01-19 07:55:00+00:00,1,0.5063314636782363
2026-01-19 08:00:00+00:00,1,0.4967278860161513
2026-01-19 08:05:00+00:00,1,0.4753418624704762
2026-01-19 08:10:00+00:00,1,0.5032630330157483
2026-01-19 08:15:00+00:00,1,0.46112600673508924
2026-01-19 08:20:00+00:00,0,0.4611841280259647
2026-01-19 08:25:00+00:00,1,0.4836513585130404
2026-01-19 08:30:00+00:00,0,0.49978620817621777
2026-01-19 08:35:00+00:00,1,0.500489663962749
2026-01-19 08:40:00+00:00,0,0.4965955427086337
2026-01-19 08:45:00+00:00,0,0.5118923558035517
2026-01-19 08:50:00+00:00,0,0.499923864466354
2026-01-19 08:55:00+00:00,1,0.4931703267755301
2026-01-19 09:00:00+00:00,1,0.4954542957907454
2026-01-19 09:05:00+00:00,1,0.4856979187540237
2026-01-19 09:10:00+00:00,1,0.4844960145530862
2026-01-19 09:15:00+00:00,1,0.47431763271653005
2026-01-19 09:20:00+00:00,0,0.46341263857379583
2026-01-19 09:25:00+00:00,0,0.47296233646361774
2026-01-19 09:30:00+00:00,0,0.47746591942792654
2026-01-19 09:35:00+00:00,0,0.48012701731073576
2026-01-19 09:40:00+00:00,1,0.48104170929144996
2026-01-19 09:45:00+00:00,0,0.46465246220648476
2026-01-19 09:50:00+00:00,1,0.4584349182866499
2026-01-19 09:55:00+00:00,0,0.4723354743489024
2026-01-19 10:00:00+00:00,0,0.4652184349239877
2026-01-19 10:05:00+00:00,1,0.47035406377260136
2026-01-19 10:10:00+00:00,1,0.47773493696504643
2026-01-19 10:15:00+00:00,0,0.49320808048275727
2026-01-19 10:20:00+00:00,0,0.4906078103296058
2026-01-19 10:25:00+00:00,1,0.46936647807655374
2026-01-19 10:30:00+00:00,1,0.46250950358164516
2026-01-19 10:35:00+00:00,1,0.4628688322005915
2026-01-19 10:40:00+00:00,0,0.45985624860018975
2026-01-19 10:45:00+00:00,0,0.4804022625293837
2026-01-19 10:50:00+00:00,1,0.4763457059068281
2026-01-19 10:55:00+00:00,1,0.4631427051798769
2026-01-19 11:00:00+00:00,1,0.4659678429538153
2026-01-19 11:05:00+00:00,1,0.4831391557622115
2026-01-19 11:10:00+00:00,1,0.4947219196572911
2026-01-19 11:15:00+00:00,1,0.48942975472500533
2026-01-19 11:20:00+00:00,1,0.4700535977191308
2026-01-19 11:25:00+00:00,1,0.451658697700218
2026-01-19 11:30:00+00:00,0,0.4638199820884545
2026-01-19 11:35:00+00:00,0,0.4578295784534905
2026-01-19 11:40:00+00:00,0,0.45522447579432507
2026-01-19 11:45:00+00:00,0,0.4520981165251206
2026-01-19 11:50:00+00:00,0,0.48422384837831756
2026-01-19 11:55:00+00:00,0,0.4855983315988117
2026-01-19 12:00:00+00:00,1,0.5172825710950262
2026-01-19 12:05:00+00:00,1,0.49321095415738725
2026-01-19 12:10:00+00:00,1,0.5085426600011285
2026-01-19 12:15:00+00:00,1,0.4981968260135568
2026-01-19 12:20:00+00:00,1,0.5035808666897323
2026-01-19 12:25:00+00:00,1,0.4995039931030198
2026-01-19 12:30:00+00:00,0,0.49644023002850307
2026-01-19 12:35:00+00:00,0,0.4901205647433352
2026-01-19 12:40:00+00:00,0,0.48707563150353217
2026-01-19 12:45:00+00:00,0,0.49814245448298716
2026-01-19 12:50:00+00:00,0,0.4898394525977235
2026-01-19 12:55:00+00:00,0,0.47144871379631853
2026-01-19 13:00:00+00:00,0,0.4851590108775981
2026-01-19 13:05:00+00:00,0,0.48093198077815724
2026-01-19 13:10:00+00:00,0,0.46745302053052795
2026-01-19 13:15:00+00:00,1,0.4797599935248934
2026-01-19 13:20:00+00:00,0,0.4847022409247415
2026-01-19 13:25:00+00:00,1,0.4735090877471835
2026-01-19 13:30:00+00:00,0,0.48205914813383327
2026-01-19 13:35:00+00:00,0,0.47553607481368393
2026-01-19 13:40:00+00:00,0,0.4826254796060723
2026-01-19 13:45:00+00:00,0,0.4712675338076527
2026-01-19 13:50:00+00:00,0,0.4800497684583533
2026-01-19 13:55:00+00:00,0,0.486865414251706
2026-01-19 14:00:00+00:00,0,0.4592117143939596
2026-01-19 14:05:00+00:00,1,0.4936181492467316
2026-01-19 14:10:00+00:00,1,0.4896705960974964
2026-01-19 14:15:00+00:00,1,0.48628238276122254
2026-01-19 14:20:00+00:00,1,0.4851032056471949
2026-01-19 14:25:00+00:00,0,0.4761134948937005
2026-01-19 14:30:00+00:00,1,0.4740227182583085
2026-01-19 14:35:00+00:00,1,0.476867067601102
2026-01-19 14:40:00+00:00,1,0.4777430681673633
2026-01-19 14:45:00+00:00,0,0.4679677182616749
2026-01-19 14:50:00+00:00,0,0.47904463878084086
2026-01-19 14:55:00+00:00,1,0.4576750076257686
2026-01-19 15:00:00+00:00,1,0.44196313919530084
2026-01-19 15:05:00+00:00,0,0.4578480773893242
2026-01-19 15:10:00+00:00,0,0.4596497922741399
2026-01-19 15:15:00+00:00,0,0.4585243088560692
2026-01-19 15:20:00+00:00,1,0.4748536018412296
2026-01-19 15:25:00+00:00,0,0.47676696898503496
2026-01-19 15:30:00+00:00,0,0.4746006069613226
2026-01-19 15:35:00+00:00,1,0.48376386475661565
2026-01-19 15:40:00+00:00,1,0.4802336928997398
2026-01-19 15:45:00+00:00,1,0.47477023004605334
2026-01-19 15:50:00+00:00,1,0.4776863363373936
2026-01-19 15:55:00+00:00,1,0.4757585851342187
2026-01-19 16:00:00+00:00,1,0.4893003948510907
2026-01-19 16:05:00+00:00,1,0.4854331187178843
2026-01-19 16:10:00+00:00,1,0.5010267994921936
2026-01-19 16:15:00+00:00,1,0.4710443400384702
2026-01-19 16:20:00+00:00,1,0.4849016609706493
2026-01-19 16:25:00+00:00,1,0.4848418892801824
2026-01-19 16:30:00+00:00,1,0.4760713440683722
2026-01-19 16:35:00+00:00,1,0.48063648793799935
2026-01-19 16:40:00+00:00,1,0.4636825033629197
2026-01-19 16:45:00+00:00,1,0.46224236587629924
2026-01-19 16:50:00+00:00,0,0.4866941228518443
2026-01-19 16:55:00+00:00,0,0.48244788621245493
2026-01-19 17:00:00+00:00,1,0.4891209424965693
2026-01-19 17:05:00+00:00,0,0.4870190171360259
2026-01-19 17:10:00+00:00,0,0.49289666849343144
2026-01-19 17:15:00+00:00,0,0.4858981423393546
2026-01-19 17:20:00+00:00,0,0.4899343304185925
2026-01-19 17:25:00+00:00,0,0.4842678173583945
2026-01-19 17:30:00+00:00,0,0.4811385749532479
2026-01-19 17:35:00+00:00,0,0.4785468103265813
2026-01-19 17:40:00+00:00,0,0.4792059293323081
2026-01-19 17:45:00+00:00,0,0.4901861424584083
2026-01-19 17:50:00+00:00,0,0.48302785130259185
2026-01-19 17:55:00+00:00,0,0.476251154958338
2026-01-19 18:00:00+00:00,1,0.48243240838371637
2026-01-19 18:05:00+00:00,1,0.46948377272607866
2026-01-19 18:10:00+00:00,1,0.48052239371212696
2026-01-19 18:15:00+00:00,1,0.4550518684170574
2026-01-19 18:20:00+00:00,1,0.4669102433377822
2026-01-19 18:25:00+00:00,1,0.45331494266201644
2026-01-19 18:30:00+00:00,1,0.44345802818127394
2026-01-19 18:35:00+00:00,1,0.452263110594212
2026-01-19 18:40:00+00:00,1,0.45508188802478733
2026-01-19 18:45:00+00:00,1,0.4653504332787528
2026-01-19 18:50:00+00:00,1,0.47216761433167176
2026-01-19 18:55:00+00:00,1,0.46451717410866045
2026-01-19 19:00:00+00:00,1,0.4757095508664854
2026-01-19 19:05:00+00:00,1,0.467795030987253
2026-01-19 19:10:00+00:00,1,0.47155445447638006
2026-01-19 19:15:00+00:00,0,0.4796080307884626
2026-01-19 19:20:00+00:00,0,0.48509964999830923
2026-01-19 19:25:00+00:00,0,0.492993404693721
2026-01-19 19:30:00+00:00,1,0.490277951826447
2026-01-19 19:35:00+00:00,1,0.5085278632912728
2026-01-19 19:40:00+00:00,0,0.48889732092335947
2026-01-19 19:45:00+00:00,1,0.48251380439584257
2026-01-19 19:50:00+00:00,1,0.48551526968527464
2026-01-19 19:55:00+00:00,1,0.46322397893178857
2026-01-19 20:00:00+00:00,1,0.45536733470743485
2026-01-19 20:05:00+00:00,1,0.49624437590593506
2026-01-19 20:10:00+00:00,1,0.48582748664320574
2026-01-19 20:15:00+00:00,0,0.465751762105652
2026-01-19 20:20:00+00:00,0,0.4693785010595232
2026-01-19 20:25:00+00:00,0,0.4628797423523367
2026-01-19 20:30:00+00:00,0,0.4751718361340334
2026-01-19 20:35:00+00:00,0,0.4568623198151964
2026-01-19 20:40:00+00:00,0,0.47407680299107635
2026-01-19 20:45:00+00:00,0,0.46998134138558345
2026-01-19 20:50:00+00:00,0,0.47746444571995966
2026-01-19 20:55:00+00:00,0,0.4794154265668258
2026-01-19 21:00:00+00:00,0,0.4661111154880599
2026-01-19 21:05:00+00:00,0,0.47234293117919735
2026-01-19 21:10:00+00:00,0,0.4894246818728794
2026-01-19 21:15:00+00:00,0,0.48202344774180506
2026-01-19 21:20:00+00:00,0,0.47595438253688854
2026-01-19 21:25:00+00:00,0,0.477977234898107
2026-01-19 21:30:00+00:00,0,0.4731176394940615
2026-01-19 21:35:00+00:00,0,0.4732263643032958
2026-01-19 21:40:00+00:00,0,0.470022297949967
2026-01-19 21:45:00+00:00,0,0.46649574872905536
2026-01-19 21:50:00+00:00,0,0.47608113802245006
2026-01-19 21:55:00+00:00,0,0.45450117428546905
2026-01-19 22:00:00+00:00,0,0.4553614974019108
2026-01-19 22:05:00+00:00,0,0.4721246294151633
2026-01-19 22:10:00+00:00,0,0.4773880731772693
2026-01-19 22:15:00+00:00,0,0.47273747819356476
2026-01-19 22:20:00+00:00,0,0.4807804418463886
2026-01-19 22:25:00+00:00,0,0.46725258818978643
2026-01-19 22:30:00+00:00,0,0.5042430247280907
2026-01-19 22:35:00+00:00,0,0.5063030090677866
2026-01-19 22:40:00+00:00,0,0.5132480882455533
2026-01-19 22:45:00+00:00,0,0.5001382416634201
2026-01-19 22:50:00+00:00,0,0.5096089775854038
2026-01-19 22:55:00+00:00,1,0.5025211057802463
2026-01-19 23:00:00+00:00,1,0.4895913519307242
2026-01-19 23:05:00+00:00,1,0.488406724130191
2026-01-19 23:10:00+00:00,1,0.499249354804976
2026-01-19 23:15:00+00:00,1,0.49277381015729227
2026-01-19 23:20:00+00:00,1,0.47907317791658177
2026-01-19 23:25:00+00:00,0,0.4867336944171148
2026-01-19 23:30:00+00:00,0,0.4566463566825047
2026-01-19 23:35:00+00:00,0,0.48572237476551994
2026-01-19 23:40:00+00:00,0,0.47612987662411527
2026-01-19 23:45:00+00:00,0,0.4890239674544902
2026-01-19 23:50:00+00:00,0,0.48702361954996815
2026-01-19 23:55:00+00:00,0,0.5078040737703258
2026-01-20 00:00:00+00:00,0,0.48017902171706484
2026-01-20 00:05:00+00:00,1,0.49096913585680124
2026-01-20 00:10:00+00:00,1,0.48793898288477955
2026-01-20 00:15:00+00:00,1,0.4991303924619429
2026-01-20 00:20:00+00:00,1,0.49095534644393696
2026-01-20 00:25:00+00:00,1,0.495617161951438
2026-01-20 00:30:00+00:00,1,0.4878102738821709
2026-01-20 00:35:00+00:00,0,0.49550193127233216
2026-01-20 00:40:00+00:00,0,0.4907894560277785
2026-01-20 00:45:00+00:00,1,0.47886600260751466
2026-01-20 00:50:00+00:00,1,0.48470718693996423
2026-01-20 00:55:00+00:00,1,0.48202825072784
2026-01-20 01:00:00+00:00,1,0.4804970397151683
2026-01-20 01:05:00+00:00,1,0.48675824368439163
2026-01-20 01:10:00+00:00,1,0.4844237201275166
2026-01-20 01:15:00+00:00,1,0.47417451253777265
2026-01-20 01:20:00+00:00,0,0.48323999526089817
2026-01-20 01:25:00+00:00,0,0.483208171584708
2026-01-20 01:30:00+00:00,0,0.4951242102416868
2026-01-20 01:35:00+00:00,0,0.4901627618008224
2026-01-20 01:40:00+00:00,0,0.5051586380100827
2026-01-20 01:45:00+00:00,0,0.485010307043448
2026-01-20 01:50:00+00:00,0,0.4863029563248588
2026-01-20 01:55:00+00:00,0,0.4952388509422095
2026-01-20 02:00:00+00:00,1,0.4802210899016679
2026-01-20 02:05:00+00:00,1,0.49099058922414507
2026-01-20 02:10:00+00:00,1,0.4999364589145063
2026-01-20 02:15:00+00:00,1,0.4978512592233955
2026-01-20 02:20:00+00:00,1,0.48835901999211884
2026-01-20 02:25:00+00:00,1,0.4949286818273484
2026-01-20 02:30:00+00:00,0,0.4825661833675429
2026-01-20 02:35:00+00:00,0,0.47500126246707913
2026-01-20 02:40:00+00:00,0,0.487872892233947
2026-01-20 02:45:00+00:00,0,0.4745834231943212
2026-01-20 02:50:00+00:00,0,0.472250172925011
2026-01-20 02:55:00+00:00,0,0.48041018270044716
2026-01-20 03:00:00+00:00,1,0.47833442990863906
2026-01-20 03:05:00+00:00,1,0.48625713370819124
2026-01-20 03:10:00+00:00,1,0.49216693621461893
2026-01-20 03:15:00+00:00,1,0.48385109129210124
2026-01-20 03:20:00+00:00,1,0.48708951233641523
2026-01-20 03:25:00+00:00,1,0.48824171712137204
2026-01-20 03:30:00+00:00,1,0.47986563477352534
2026-01-20 03:35:00+00:00,1,0.47952702658185004
2026-01-20 03:40:00+00:00,0,0.47805140186005585
2026-01-20 03:45:00+00:00,0,0.4779094272446763
2026-01-20 03:50:00+00:00,0,0.48361002110772416
2026-01-20 03:55:00+00:00,0,0.4862163769320816
2026-01-20 04:00:00+00:00,0,0.48547816823941004
2026-01-20 04:05:00+00:00,0,0.47946615410585497
2026-01-20 04:10:00+00:00,0,0.48124526159174613
2026-01-20 04:15:00+00:00,0,0.4894391199961877
2026-01-20 04:20:00+00:00,0,0.4942636527910974
2026-01-20 04:25:00+00:00,0,0.4850508885810294
2026-01-20 04:30:00+00:00,0,0.47874371260228143
2026-01-20 04:35:00+00:00,0,0.4810996081758225
2026-01-20 04:40:00+00:00,0,0.48930811432788307
2026-01-20 04:45:00+00:00,0,0.49390759545266044
2026-01-20 04:50:00+00:00,0,0.4694402342535623
2026-01-20 04:55:00+00:00,0,0.47654910146631074
2026-01-20 05:00:00+00:00,1,0.5004967363100895
2026-01-20 05:05:00+00:00,0,0.4936283204664004
2026-01-20 05:10:00+00:00,1,0.5209197842534363
2026-01-20 05:15:00+00:00,1,0.5014181981887009
2026-01-20 05:20:00+00:00,1,0.5009089801707831
2026-01-20 05:25:00+00:00,0,0.49200142238555117
2026-01-20 05:30:00+00:00,0,0.48569210155748427
2026-01-20 05:35:00+00:00,0,0.5110257521231604
2026-01-20 05:40:00+00:00,0,0.5167284460972107
2026-01-20 05:45:00+00:00,0,0.5072611081733952
2026-01-20 05:50:00+00:00,0,0.5030470802096328
2026-01-20 05:55:00+00:00,0,0.511937276506297
2026-01-20 06:00:00+00:00,0,0.5275965502636684
2026-01-20 06:05:00+00:00,0,0.5319965573664376
2026-01-20 06:10:00+00:00,0,0.5376553414552553
2026-01-20 06:15:00+00:00,1,0.5018942472367205
2026-01-20 06:20:00+00:00,0,0.4871921010713233
2026-01-20 06:25:00+00:00,0,0.49267343793656926
2026-01-20 06:30:00+00:00,0,0.4815608398280354
2026-01-20 06:35:00+00:00,0,0.4925254375070052
2026-01-20 06:40:00+00:00,0,0.507183928120424
2026-01-20 06:45:00+00:00,0,0.5032463429670062
2026-01-20 06:50:00+00:00,1,0.503107877521031
2026-01-20 06:55:00+00:00,1,0.49700967149664704
2026-01-20 07:00:00+00:00,1,0.4700197554178308
2026-01-20 07:05:00+00:00,0,0.5152886014262954
2026-01-20 07:10:00+00:00,0,0.5084337092602819
2026-01-20 07:15:00+00:00,0,0.5090466892744495
2026-01-20 07:20:00+00:00,0,0.5114614489461027
2026-01-20 07:25:00+00:00,0,0.49786024377695903
2026-01-20 07:30:00+00:00,0,0.49324521201385074
2026-01-20 07:35:00+00:00,0,0.4938475629967144
2026-01-20 07:40:00+00:00,0,0.5130466146295494
2026-01-20 07:45:00+00:00,0,0.5038373357391819
2026-01-20 07:50:00+00:00,0,0.5016883368748614
2026-01-20 07:55:00+00:00,0,0.4981216450783673
2026-01-20 08:00:00+00:00,0,0.5168565543337611
2026-01-20 08:05:00+00:00,0,0.5008060748909626
2026-01-20 08:10:00+00:00,0,0.5191309669200798
2026-01-20 08:15:00+00:00,0,0.5025394368529336
2026-01-20 08:20:00+00:00,0,0.5056179594954308
2026-01-20 08:25:00+00:00,0,0.5114277795576896
2026-01-20 08:30:00+00:00,0,0.47642742110538383
2026-01-20 08:35:00+00:00,1,0.45686188178522635
2026-01-20 08:40:00+00:00,1,0.4647540499198114
2026-01-20 08:45:00+00:00,1,0.4901769123533265
2026-01-20 08:50:00+00:00,1,0.48171441934146286
2026-01-20 08:55:00+00:00,0,0.47521342644434683
2026-01-20 09:00:00+00:00,1,0.504815295240308
2026-01-20 09:05:00+00:00,0,0.510572348613851
2026-01-20 09:10:00+00:00,0,0.5159244252680897
2026-01-20 09:15:00+00:00,0,0.5160401011982165
2026-01-20 09:20:00+00:00,0,0.5029551655480639
2026-01-20 09:25:00+00:00,0,0.49602090288651857
2026-01-20 09:30:00+00:00,1,0.4979190507690907
2026-01-20 09:35:00+00:00,1,0.4831382741361416
2026-01-20 09:40:00+00:00,1,0.4832108447456657
2026-01-20 09:45:00+00:00,1,0.4731979981209016
2026-01-20 09:50:00+00:00,1,0.4585418962270799
2026-01-20 09:55:00+00:00,1,0.4594746851256425
2026-01-20 10:00:00+00:00,1,0.45578668167721403
2026-01-20 10:05:00+00:00,1,0.46432333144860055
2026-01-20 10:10:00+00:00,0,0.45143232192399363
2026-01-20 10:15:00+00:00,1,0.4615035130461677
2026-01-20 10:20:00+00:00,0,0.46580961330033965
2026-01-20 10:25:00+00:00,0,0.48050887495749467
2026-01-20 10:30:00+00:00,0,0.4620948429542431
2026-01-20 10:35:00+00:00,1,0.47952587995725793
2026-01-20 10:40:00+00:00,0,0.4892922625433304
2026-01-20 10:45:00+00:00,0,0.49264352549953705
2026-01-20 10:50:00+00:00,0,0.5044386709012338
2026-01-20 10:55:00+00:00,1,0.49934713415258564
2026-01-20 11:00:00+00:00,0,0.5156540785721095
2026-01-20 11:05:00+00:00,0,0.5045473274344319
2026-01-20 11:10:00+00:00,0,0.5094604669093886
2026-01-20 11:15:00+00:00,0,0.5006492839601823
2026-01-20 11:20:00+00:00,1,0.5141097154065074
2026-01-20 11:25:00+00:00,0,0.5130044580804364
2026-01-20 11:30:00+00:00,1,0.5044603162487596
2026-01-20 11:35:00+00:00,1,0.5079189456605663
2026-01-20 11:40:00+00:00,1,0.5005786171034613
2026-01-20 11:45:00+00:00,1,0.4985022465366133
2026-01-20 11:50:00+00:00,1,0.4864675634602754
2026-01-20 11:55:00+00:00,1,0.48518293963167125
2026-01-20 12:00:00+00:00,1,0.48843210308919016
2026-01-20 12:05:00+00:00,0,0.480207554840782
2026-01-20 12:10:00+00:00,0,0.48142642882909326
2026-01-20 12:15:00+00:00,1,0.48994532489120224
2026-01-20 12:20:00+00:00,1,0.4905956049311105
2026-01-20 12:25:00+00:00,1,0.4756164790529741
2026-01-20 12:30:00+00:00,0,0.49068152936416815
2026-01-20 12:35:00+00:00,0,0.49932742212153086
2026-01-20 12:40:00+00:00,0,0.5018400794167077
2026-01-20 12:45:00+00:00,0,0.4982474747451499
2026-01-20 12:50:00+00:00,0,0.46947298952665056
2026-01-20 12:55:00+00:00,0,0.47942413624218083
2026-01-20 13:00:00+00:00,0,0.5055170466856496
2026-01-20 13:05:00+00:00,1,0.5019913803116943
2026-01-20 13:10:00+00:00,1,0.5091885304916497
2026-01-20 13:15:00+00:00,0,0.504542993853895
2026-01-20 13:20:00+00:00,0,0.5202422824130148
2026-01-20 13:25:00+00:00,0,0.503556086422818
2026-01-20 13:30:00+00:00,1,0.5066319712409882
2026-01-20 13:35:00+00:00,0,0.5025852418737483
2026-01-20 13:40:00+00:00,1,0.500654534467031
2026-01-20 13:45:00+00:00,0,0.5047860693092636
2026-01-20 13:50:00+00:00,0,0.4946777704968882
2026-01-20 13:55:00+00:00,1,0.5252720220370793
2026-01-20 14:00:00+00:00,0,0.4966466536927839
2026-01-20 14:05:00+00:00,1,0.49241937058264273
2026-01-20 14:10:00+00:00,1,0.4869225874594194
2026-01-20 14:15:00+00:00,1,0.5183671420330328
2026-01-20 14:20:00+00:00,1,0.5037816540834895
2026-01-20 14:25:00+00:00,1,0.5106094024334513
2026-01-20 14:30:00+00:00,0,0.5017309855010922
2026-01-20 14:35:00+00:00,0,0.5025077421976736
2026-01-20 14:40:00+00:00,0,0.49976079296930653
2026-01-20 14:45:00+00:00,0,0.5017768477393819
2026-01-20 14:50:00+00:00,0,0.5081698530820934
2026-01-20 14:55:00+00:00,0,0.4950829795420218
2026-01-20 15:00:00+00:00,0,0.4939974294968514
2026-01-20 15:05:00+00:00,1,0.4985167984833483
2026-01-20 15:10:00+00:00,0,0.483222339913882
2026-01-20 15:15:00+00:00,1,0.5005769763194728
2026-01-20 15:20:00+00:00,0,0.478516867531248
2026-01-20 15:25:00+00:00,0,0.48045809938029166
2026-01-20 15:30:00+00:00,0,0.48475622896257486
2026-01-20 15:35:00+00:00,0,0.4835414706878264
2026-01-20 15:40:00+00:00,1,0.47869388917698213
2026-01-20 15:45:00+00:00,1,0.48377642332740023
2026-01-20 15:50:00+00:00,1,0.45383795838301455
2026-01-20 15:55:00+00:00,0,0.4974728682744024
2026-01-20 16:00:00+00:00,0,0.4989740543914707
2026-01-20 16:05:00+00:00,0,0.5020995459154304
2026-01-20 16:10:00+00:00,0,0.4879889639369124
2026-01-20 16:15:00+00:00,0,0.4870162466422079
2026-01-20 16:20:00+00:00,0,0.5019929758094778
2026-01-20 16:25:00+00:00,0,0.48372423926566693
2026-01-20 16:30:00+00:00,1,0.5102447407881019
2026-01-20 16:35:00+00:00,1,0.5124145412673304
2026-01-20 16:40:00+00:00,1,0.49792304516569824
2026-01-20 16:45:00+00:00,1,0.48538760022981203
2026-01-20 16:50:00+00:00,1,0.5064857061820877
2026-01-20 16:55:00+00:00,0,0.5021599483823767
2026-01-20 17:00:00+00:00,0,0.5089892351907463
2026-01-20 17:05:00+00:00,0,0.49270923337265443
2026-01-20 17:10:00+00:00,0,0.4943280424382462
2026-01-20 17:15:00+00:00,0,0.4922594314842831
2026-01-20 17:20:00+00:00,0,0.48766640692906005
2026-01-20 17:25:00+00:00,0,0.4874455468967089
2026-01-20 17:30:00+00:00,1,0.4865708804623498
2026-01-20 17:35:00+00:00,1,0.4924289358669908
2026-01-20 17:40:00+00:00,1,0.5087533191687854
2026-01-20 17:45:00+00:00,1,0.5024006184151008
2026-01-20 17:50:00+00:00,1,0.49305776756519454
2026-01-20 17:55:00+00:00,1,0.4984094920814278
2026-01-20 18:00:00+00:00,1,0.4845026335669745
2026-01-20 18:05:00+00:00,0,0.4917144740805405
2026-01-20 18:10:00+00:00,0,0.45664317839812724
2026-01-20 18:15:00+00:00,0,0.46344727092685584
2026-01-20 18:20:00+00:00,0,0.4617679298825983
2026-01-20 18:25:00+00:00,0,0.4751061919851396
2026-01-20 18:30:00+00:00,0,0.4862104237104521
2026-01-20 18:35:00+00:00,1,0.48983120115746015
2026-01-20 18:40:00+00:00,1,0.5138628628964831
2026-01-20 18:45:00+00:00,0,0.5009562233325922
2026-01-20 18:50:00+00:00,1,0.5130824498119835
2026-01-20 18:55:00+00:00,0,0.5105886925748753
2026-01-20 19:00:00+00:00,0,0.5021901722234174
2026-01-20 19:05:00+00:00,0,0.49991741447946625
2026-01-20 19:10:00+00:00,0,0.49945540325322707
2026-01-20 19:15:00+00:00,0,0.5017438400569123
2026-01-20 19:20:00+00:00,1,0.5013002208768942
2026-01-20 19:25:00+00:00,1,0.4895408660002549
2026-01-20 19:30:00+00:00,1,0.5003959581720194
2026-01-20 19:35:00+00:00,1,0.506903002082003
2026-01-20 19:40:00+00:00,1,0.49659366437848634
2026-01-20 19:45:00+00:00,1,0.5057566275885227
2026-01-20 19:50:00+00:00,1,0.49479180946236473
2026-01-20 19:55:00+00:00,1,0.4934373535951531
2026-01-20 20:00:00+00:00,1,0.48681822625980053
2026-01-20 20:05:00+00:00,1,0.48991022066013845
2026-01-20 20:10:00+00:00,1,0.49625027108831804
2026-01-20 20:15:00+00:00,0,0.4863825429265353
2026-01-20 20:20:00+00:00,0,0.5052283695563387
2026-01-20 20:25:00+00:00,0,0.500847784693111
2026-01-20 20:30:00+00:00,0,0.4885352142043883
2026-01-20 20:35:00+00:00,1,0.4856884099857919
2026-01-20 20:40:00+00:00,0,0.4836548456957013
2026-01-20 20:45:00+00:00,0,0.4828206243565321
2026-01-20 20:50:00+00:00,0,0.49660315786738396
2026-01-20 20:55:00+00:00,0,0.48926572795967455
2026-01-20 21:00:00+00:00,0,0.4886460962156802
2026-01-20 21:05:00+00:00,0,0.49063519050660825
2026-01-20 21:10:00+00:00,0,0.4976026343398315
2026-01-20 21:15:00+00:00,0,0.4936170631101268
2026-01-20 21:20:00+00:00,0,0.4901484020036656
2026-01-20 21:25:00+00:00,0,0.4750662336258752
2026-01-20 21:30:00+00:00,1,0.4828394146344856
2026-01-20 21:35:00+00:00,1,0.4816727370858886
2026-01-20 21:40:00+00:00,1,0.4992688857755105
2026-01-20 21:45:00+00:00,1,0.4848186398263103
2026-01-20 21:50:00+00:00,1,0.4733439774826068
2026-01-20 21:55:00+00:00,1,0.49288505520706727
2026-01-20 22:00:00+00:00,0,0.49020857865471495
2026-01-20 22:05:00+00:00,0,0.48931392797384493
2026-01-20 22:10:00+00:00,0,0.4794122013919019
2026-01-20 22:15:00+00:00,0,0.47944038642866144
2026-01-20 22:20:00+00:00,0,0.4866180389440597
2026-01-20 22:25:00+00:00,0,0.486133224406009
2026-01-20 22:30:00+00:00,1,0.5030576374265584
2026-01-20 22:35:00+00:00,1,0.5322481279075929
2026-01-20 22:40:00+00:00,1,0.5351510023032857
2026-01-20 22:45:00+00:00,0,0.5216194256912012
2026-01-20 22:50:00+00:00,0,0.5212030914159665
2026-01-20 22:55:00+00:00,0,0.5212967974547732
2026-01-20 23:00:00+00:00,1,0.5170643327202737
2026-01-20 23:05:00+00:00,1,0.504005251387766
2026-01-20 23:10:00+00:00,0,0.5182487230937384
2026-01-20 23:15:00+00:00,0,0.5142809319440039
2026-01-20 23:20:00+00:00,0,0.5353625571005844
2026-01-20 23:25:00+00:00,0,0.510962968672709
2026-01-20 23:30:00+00:00,0,0.5114520731006441
2026-01-20 23:35:00+00:00,0,0.5025203702741017
2026-01-20 23:40:00+00:00,0,0.5089753891621788
2026-01-20 23:45:00+00:00,1,0.5111278946578267
2026-01-20 23:50:00+00:00,1,0.5039581015779264
2026-01-20 23:55:00+00:00,1,0.5025329644008854
2026-01-21 00:00:00+00:00,1,0.4963209680971519
2026-01-21 00:05:00+00:00,1,0.4831957721995163
2026-01-21 00:10:00+00:00,1,0.4925402804817785
2026-01-21 00:15:00+00:00,1,0.49784858875182275
2026-01-21 00:20:00+00:00,1,0.4902004513967903
2026-01-21 00:25:00+00:00,1,0.481224475557657
2026-01-21 00:30:00+00:00,1,0.48949242753221395
2026-01-21 00:35:00+00:00,1,0.5149894946558895
2026-01-21 00:40:00+00:00,1,0.5250067398979643
2026-01-21 00:45:00+00:00,1,0.5306010768101718
2026-01-21 00:50:00+00:00,1,0.5334092578530819
2026-01-21 00:55:00+00:00,1,0.5245555033072222
2026-01-21 01:00:00+00:00,1,0.4795071724968531
2026-01-21 01:05:00+00:00,1,0.47259313696655897
2026-01-21 01:10:00+00:00,0,0.47832638256847004
2026-01-21 01:15:00+00:00,0,0.4848949229260323
2026-01-21 01:20:00+00:00,0,0.4911687049170675
2026-01-21 01:25:00+00:00,0,0.4630565097616685
2026-01-21 01:30:00+00:00,0,0.47481606093899237
2026-01-21 01:35:00+00:00,0,0.47669549531112226
2026-01-21 01:40:00+00:00,1,0.47529051814558343
2026-01-21 01:45:00+00:00,1,0.4705629960593927
2026-01-21 01:50:00+00:00,1,0.46946378465392313
2026-01-21 01:55:00+00:00,0,0.47502804772947804
2026-01-21 02:00:00+00:00,0,0.4611586580046863
2026-01-21 02:05:00+00:00,0,0.4593814894588859
2026-01-21 02:10:00+00:00,0,0.4671387233017662
2026-01-21 02:15:00+00:00,0,0.4753162043530339
2026-01-21 02:20:00+00:00,0,0.48723501066818464
2026-01-21 02:25:00+00:00,0,0.47721214255760397
2026-01-21 02:30:00+00:00,1,0.47497157648254285
2026-01-21 02:35:00+00:00,1,0.4791418858951241
2026-01-21 02:40:00+00:00,1,0.4848716337537234
2026-01-21 02:45:00+00:00,1,0.470390925132075
2026-01-21 02:50:00+00:00,1,0.48921628964493685
2026-01-21 02:55:00+00:00,1,0.4889042484151516
2026-01-21 03:00:00+00:00,1,0.4692933094382508
2026-01-21 03:05:00+00:00,1,0.4789468341173191
2026-01-21 03:10:00+00:00,1,0.4899908751399803
2026-01-21 03:15:00+00:00,1,0.4756054837197112
2026-01-21 03:20:00+00:00,1,0.4723377644180126
2026-01-21 03:25:00+00:00,1,0.476302638695976
2026-01-21 03:30:00+00:00,1,0.47147722687126153
2026-01-21 03:35:00+00:00,1,0.46446611028795215
2026-01-21 03:40:00+00:00,0,0.44992679172479877
2026-01-21 03:45:00+00:00,0,0.44861148226006475
2026-01-21 03:50:00+00:00,1,0.46889778996489867
2026-01-21 03:55:00+00:00,1,0.46433197209312277
2026-01-21 04:00:00+00:00,1,0.4682758393840999
2026-01-21 04:05:00+00:00,1,0.47181755962442756
2026-01-21 04:10:00+00:00,1,0.48732780776665163
2026-01-21 04:15:00+00:00,1,0.46839181158726867
2026-01-21 04:20:00+00:00,0,0.4655151353802865
2026-01-21 04:25:00+00:00,0,0.46665539913083187
2026-01-21 04:30:00+00:00,1,0.4725709627055773
2026-01-21 04:35:00+00:00,1,0.45350822620941206
2026-01-21 04:40:00+00:00,0,0.46561263693913213
2026-01-21 04:45:00+00:00,1,0.4784952265877872
2026-01-21 04:50:00+00:00,1,0.4858447067263667
2026-01-21 04:55:00+00:00,1,0.47385808662172546
2026-01-21 05:00:00+00:00,1,0.4653997642864623
2026-01-21 05:05:00+00:00,1,0.4467667670997516
2026-01-21 05:10:00+00:00,1,0.43900105612684903
2026-01-21 05:15:00+00:00,1,0.4400409240803136
2026-01-21 05:20:00+00:00,1,0.48028008299538383
2026-01-21 05:25:00+00:00,1,0.4654008453981976
2026-01-21 05:30:00+00:00,1,0.4592627858671994
2026-01-21 05:35:00+00:00,0,0.4519632183879643
2026-01-21 05:40:00+00:00,0,0.45568011992055835
2026-01-21 05:45:00+00:00,0,0.45709727633341396
2026-01-21 05:50:00+00:00,0,0.45388387942838937
2026-01-21 05:55:00+00:00,0,0.4604567408586677
2026-01-21 06:00:00+00:00,1,0.5000831338820788
2026-01-21 06:05:00+00:00,1,0.4987089500373529
2026-01-21 06:10:00+00:00,0,0.5147682412027569
2026-01-21 06:15:00+00:00,0,0.5062225779029496
2026-01-21 06:20:00+00:00,0,0.5004726903283375
2026-01-21 06:25:00+00:00,0,0.4908613265452273
2026-01-21 06:30:00+00:00,0,0.4969315955723303
2026-01-21 06:35:00+00:00,0,0.5121950352584118
2026-01-21 06:40:00+00:00,0,0.5013401992020954
2026-01-21 06:45:00+00:00,0,0.5014221360437628
2026-01-21 06:50:00+00:00,1,0.495902151662466
2026-01-21 06:55:00+00:00,1,0.49961084780436094
2026-01-21 07:00:00+00:00,0,0.48799028146309226
2026-01-21 07:05:00+00:00,0,0.4805572217257504
2026-01-21 07:10:00+00:00,0,0.49275472445660645
2026-01-21 07:15:00+00:00,0,0.47099378752168836
2026-01-21 07:20:00+00:00,0,0.4701267347870356
2026-01-21 07:25:00+00:00,0,0.4809336756748146
2026-01-21 07:30:00+00:00,0,0.4921725531149212
2026-01-21 07:35:00+00:00,0,0.49972303226572323
2026-01-21 07:40:00+00:00,0,0.49894195170062083
2026-01-21 07:45:00+00:00,0,0.5335255358958291
2026-01-21 07:50:00+00:00,1,0.5197772036386826
2026-01-21 07:55:00+00:00,0,0.5192504096755746
2026-01-21 08:00:00+00:00,0,0.5070588463826392
2026-01-21 08:05:00+00:00,0,0.5251791641805483
2026-01-21 08:10:00+00:00,0,0.5281816841761098
2026-01-21 08:15:00+00:00,0,0.5127997903914786
2026-01-21 08:20:00+00:00,0,0.49949484997264615
2026-01-21 08:25:00+00:00,0,0.5170163756885786
2026-01-21 08:30:00+00:00,0,0.5080552884803368
2026-01-21 08:35:00+00:00,1,0.5380001620302358
2026-01-21 08:40:00+00:00,1,0.5439270692646505
2026-01-21 08:45:00+00:00,1,0.5405469484821092
2026-01-21 08:50:00+00:00,1,0.5331515452142636
2026-01-21 08:55:00+00:00,1,0.5324211548466283
2026-01-21 09:00:00+00:00,1,0.5029190694977268
2026-01-21 09:05:00+00:00,1,0.4981862798569073
2026-01-21 09:10:00+00:00,1,0.4848692370076788
2026-01-21 09:15:00+00:00,1,0.4720759482696003
2026-01-21 09:20:00+00:00,0,0.47378757950067624
2026-01-21 09:25:00+00:00,0,0.4807119304369234
2026-01-21 09:30:00+00:00,1,0.47147172838998513
2026-01-21 09:35:00+00:00,1,0.47796537640574865
2026-01-21 09:40:00+00:00,1,0.4781329279063783
2026-01-21 09:45:00+00:00,1,0.47032166235215206
2026-01-21 09:50:00+00:00,1,0.47626520003323697
2026-01-21 09:55:00+00:00,1,0.4792019530728783
2026-01-21 10:00:00+00:00,0,0.48740277774005175
2026-01-21 10:05:00+00:00,1,0.4856691946171721
2026-01-21 10:10:00+00:00,1,0.47462068580370187
2026-01-21 10:15:00+00:00,1,0.4895500107979004
2026-01-21 10:20:00+00:00,1,0.49301560188218735
2026-01-21 10:25:00+00:00,1,0.49567977866142743
2026-01-21 10:30:00+00:00,0,0.49489000854585025
2026-01-21 10:35:00+00:00,0,0.47690095363411594
2026-01-21 10:40:00+00:00,0,0.4831759015779808
2026-01-21 10:45:00+00:00,0,0.4888351263761389
2026-01-21 10:50:00+00:00,1,0.5049696954076012
2026-01-21 10:55:00+00:00,0,0.4963264106867131
2026-01-21 11:00:00+00:00,1,0.49623463358186776
2026-01-21 11:05:00+00:00,0,0.49556436668977333
2026-01-21 11:10:00+00:00,0,0.4746302399303707
2026-01-21 11:15:00+00:00,0,0.48050148569623513
2026-01-21 11:20:00+00:00,0,0.4850438677743681
2026-01-21 11:25:00+00:00,0,0.49944745959452697
2026-01-21 11:30:00+00:00,0,0.49242981829444843
2026-01-21 11:35:00+00:00,0,0.4987766178946218
2026-01-21 11:40:00+00:00,0,0.49058826925446103
2026-01-21 11:45:00+00:00,0,0.4863127766984795
2026-01-21 11:50:00+00:00,0,0.5178927307473888
2026-01-21 11:55:00+00:00,0,0.5335301207043701
2026-01-21 12:00:00+00:00,1,0.5175869228623023
2026-01-21 12:05:00+00:00,1,0.5256421831757664
2026-01-21 12:10:00+00:00,1,0.5370996127744806
2026-01-21 12:15:00+00:00,1,0.5138967048878349
2026-01-21 12:20:00+00:00,1,0.4777812567426323
2026-01-21 12:25:00+00:00,1,0.5151984985906902
2026-01-21 12:30:00+00:00,1,0.4864319336663258
2026-01-21 12:35:00+00:00,1,0.5044998277338463
2026-01-21 12:40:00+00:00,1,0.5153203689396838
2026-01-21 12:45:00+00:00,1,0.5049420423906282
2026-01-21 12:50:00+00:00,0,0.48987086354568193
2026-01-21 12:55:00+00:00,0,0.48958977406544535
2026-01-21 13:00:00+00:00,0,0.4857903669067362
2026-01-21 13:05:00+00:00,0,0.4858042627629426
2026-01-21 13:10:00+00:00,0,0.4700361099588194
2026-01-21 13:15:00+00:00,0,0.48456009090547725
2026-01-21 13:20:00+00:00,1,0.5005403019652167
2026-01-21 13:25:00+00:00,0,0.4978118471491093
2026-01-21 13:30:00+00:00,0,0.49876183959278564
2026-01-21 13:35:00+00:00,1,0.4845265773722536
2026-01-21 13:40:00+00:00,1,0.5019044878578552
2026-01-21 13:45:00+00:00,1,0.49294895383216397
2026-01-21 13:50:00+00:00,1,0.48298142549167794
2026-01-21 13:55:00+00:00,1,0.4948841362770207
2026-01-21 14:00:00+00:00,1,0.49056256331085496
2026-01-21 14:05:00+00:00,1,0.483652697997926
2026-01-21 14:10:00+00:00,1,0.4662774909743107
2026-01-21 14:15:00+00:00,1,0.5089159664668153
2026-01-21 14:20:00+00:00,1,0.47520123546416393
2026-01-21 14:25:00+00:00,1,0.5056708426490629
2026-01-21 14:30:00+00:00,1,0.4740759509472703
2026-01-21 14:35:00+00:00,1,0.4886596059375554
2026-01-21 14:40:00+00:00,1,0.4707638078815459
2026-01-21 14:45:00+00:00,1,0.47359894875868297
2026-01-21 14:50:00+00:00,1,0.4518557433033596
2026-01-21 14:55:00+00:00,1,0.4439809521337735
2026-01-21 15:00:00+00:00,1,0.46270237662173386
2026-01-21 15:05:00+00:00,0,0.4656503262335737
2026-01-21 15:10:00+00:00,1,0.45696674693906214
2026-01-21 15:15:00+00:00,0,0.49678455299087526
2026-01-21 15:20:00+00:00,1,0.44793577828167086
2026-01-21 15:25:00+00:00,1,0.49161111066682256
2026-01-21 15:30:00+00:00,0,0.482762654536214
2026-01-21 15:35:00+00:00,0,0.5017771419456014
2026-01-21 15:40:00+00:00,0,0.4807410647871715
2026-01-21 15:45:00+00:00,0,0.4857083772803848
2026-01-21 15:50:00+00:00,0,0.4712790998218878
2026-01-21 15:55:00+00:00,0,0.5011168725814039
2026-01-21 16:00:00+00:00,0,0.47594274862123553
2026-01-21 16:05:00+00:00,0,0.5182417279609264
2026-01-21 16:10:00+00:00,0,0.5055882932809614
2026-01-21 16:15:00+00:00,0,0.5056337882489171
2026-01-21 16:20:00+00:00,0,0.5138892761689307
2026-01-21 16:25:00+00:00,0,0.5068075602184351
2026-01-21 16:30:00+00:00,0,0.48693057658307465
2026-01-21 16:35:00+00:00,0,0.5026555221706049
2026-01-21 16:40:00+00:00,0,0.5329776276186088
2026-01-21 16:45:00+00:00,0,0.5033346360706906
2026-01-21 16:50:00+00:00,0,0.5035309893127672
2026-01-21 16:55:00+00:00,1,0.5447643604500926
2026-01-21 17:00:00+00:00,0,0.5259408919523494
2026-01-21 17:05:00+00:00,0,0.5254462428994284
2026-01-21 17:10:00+00:00,1,0.5509410126051941
2026-01-21 17:15:00+00:00,1,0.5307112726180836
2026-01-21 17:20:00+00:00,1,0.5021930463729523
2026-01-21 17:25:00+00:00,1,0.4911784164755273
2026-01-21 17:30:00+00:00,1,0.5036779508525108
2026-01-21 17:35:00+00:00,1,0.489200805576428
2026-01-21 17:40:00+00:00,1,0.48887009733572534
2026-01-21 17:45:00+00:00,1,0.530218316319289
2026-01-21 17:50:00+00:00,0,0.5167951453936482
2026-01-21 17:55:00+00:00,1,0.5184025237975255
2026-01-21 18:00:00+00:00,1,0.5200477299238481
2026-01-21 18:05:00+00:00,1,0.4965954069257283
2026-01-21 18:10:00+00:00,0,0.45791691714651656
2026-01-21 18:15:00+00:00,1,0.4820427105611367
2026-01-21 18:20:00+00:00,1,0.4831395287578882
2026-01-21 18:25:00+00:00,1,0.4684956034061969
2026-01-21 18:30:00+00:00,1,0.4810040933686397
2026-01-21 18:35:00+00:00,1,0.48745242820205464
2026-01-21 18:40:00+00:00,1,0.5014355903805569
2026-01-21 18:45:00+00:00,0,0.4707583554178577
2026-01-21 18:50:00+00:00,1,0.4678443774723561
2026-01-21 18:55:00+00:00,1,0.4983677373358052
2026-01-21 19:00:00+00:00,1,0.5209980195444442
2026-01-21 19:05:00+00:00,1,0.49229397593387947
2026-01-21 19:10:00+00:00,1,0.495553549670193
2026-01-21 19:15:00+00:00,1,0.47882195577395065
2026-01-21 19:20:00+00:00,1,0.4696534892633319
2026-01-21 19:25:00+00:00,1,0.4582582408613053
2026-01-21 19:30:00+00:00,1,0.47858489697173495
2026-01-21 19:35:00+00:00,1,0.4794324336034233
2026-01-21 19:40:00+00:00,0,0.4864230686422077
2026-01-21 19:45:00+00:00,0,0.4771955260189178
2026-01-21 19:50:00+00:00,0,0.4781913978823836
2026-01-21 19:55:00+00:00,0,0.4634062343846705
2026-01-21 20:00:00+00:00,0,0.4734546483919559
2026-01-21 20:05:00+00:00,0,0.4673011727828093
2026-01-21 20:10:00+00:00,0,0.46107436487250747
2026-01-21 20:15:00+00:00,1,0.4864827154930567
2026-01-21 20:20:00+00:00,1,0.5037077549562727
2026-01-21 20:25:00+00:00,1,0.5222913251562493
2026-01-21 20:30:00+00:00,1,0.49242583605809076
2026-01-21 20:35:00+00:00,1,0.529136247392952
2026-01-21 20:40:00+00:00,1,0.5162985204019963
2026-01-21 20:45:00+00:00,1,0.5089214415553442
2026-01-21 20:50:00+00:00,1,0.49435962070169454
2026-01-21 20:55:00+00:00,0,0.488349938360625
2026-01-21 21:00:00+00:00,1,0.48164528807270596
2026-01-21 21:05:00+00:00,1,0.47328588984319253
2026-01-21 21:10:00+00:00,1,0.4735007883706179
2026-01-21 21:15:00+00:00,0,0.4614317134708965
2026-01-21 21:20:00+00:00,0,0.47693743132250077
2026-01-21 21:25:00+00:00,1,0.47122307458438994
2026-01-21 21:30:00+00:00,1,0.47548824491145275
2026-01-21 21:35:00+00:00,1,0.48331209212938214
2026-01-21 21:40:00+00:00,1,0.4929836297937941
2026-01-21 21:45:00+00:00,1,0.5148186201199207
2026-01-21 21:50:00+00:00,0,0.535684768333551
2026-01-21 21:55:00+00:00,0,0.5256833092050953
2026-01-21 22:00:00+00:00,0,0.504393547143737
2026-01-21 22:05:00+00:00,0,0.5008962839218614
2026-01-21 22:10:00+00:00,0,0.48083048551805246
2026-01-21 22:15:00+00:00,0,0.4931891074532638
2026-01-21 22:20:00+00:00,0,0.5024156567202731
2026-01-21 22:25:00+00:00,0,0.4834208010741942
2026-01-21 22:30:00+00:00,0,0.49237219474943744
2026-01-21 22:35:00+00:00,1,0.4696469390260393
2026-01-21 22:40:00+00:00,1,0.4732850717920478
2026-01-21 22:45:00+00:00,0,0.4736245245073383
2026-01-21 22:50:00+00:00,0,0.4703223445440896
2026-01-21 22:55:00+00:00,0,0.49967366159338034
2026-01-21 23:00:00+00:00,0,0.4865142012704492
2026-01-21 23:05:00+00:00,0,0.48790024900748763
2026-01-21 23:10:00+00:00,0,0.4618621860730419
2026-01-21 23:15:00+00:00,0,0.5013448046859624
2026-01-21 23:20:00+00:00,0,0.5185298220376023
2026-01-21 23:25:00+00:00,0,0.4998812379746322
2026-01-21 23:30:00+00:00,0,0.49883137457659227
2026-01-21 23:35:00+00:00,0,0.5226911379107231
2026-01-21 23:40:00+00:00,1,0.5246241593437364
2026-01-21 23:45:00+00:00,1,0.510390968724532
2026-01-21 23:50:00+00:00,1,0.5151390324386589
2026-01-21 23:55:00+00:00,1,0.5291710265741432
2026-01-22 00:00:00+00:00,1,0.5114378340147497
2026-01-22 00:05:00+00:00,1,0.5259464104647366
2026-01-22 00:10:00+00:00,1,0.5214823074904018
2026-01-22 00:15:00+00:00,1,0.5169131816738761
2026-01-22 00:20:00+00:00,1,0.4973581407811997
2026-01-22 00:25:00+00:00,0,0.5124939852082409
2026-01-22 00:30:00+00:00,0,0.5003073897096728
2026-01-22 00:35:00+00:00,0,0.4835801796419457
2026-01-22 00:40:00+00:00,0,0.4928868879901822
2026-01-22 00:45:00+00:00,1,0.498721680190911
2026-01-22 00:50:00+00:00,1,0.4630520644382587
2026-01-22 00:55:00+00:00,1,0.49642657259299033
2026-01-22 01:00:00+00:00,1,0.48951399718882194
2026-01-22 01:05:00+00:00,1,0.49375063573338585
2026-01-22 01:10:00+00:00,1,0.4994866799975238
2026-01-22 01:15:00+00:00,0,0.4728344265222136
2026-01-22 01:20:00+00:00,0,0.4780663663789781
2026-01-22 01:25:00+00:00,0,0.46125741240773654
2026-01-22 01:30:00+00:00,1,0.49690542319795716
2026-01-22 01:35:00+00:00,1,0.4841457177033513
2026-01-22 01:40:00+00:00,1,0.5107953144726012
2026-01-22 01:45:00+00:00,1,0.514060463042257
2026-01-22 01:50:00+00:00,1,0.5099251778159535
2026-01-22 01:55:00+00:00,1,0.5025836690241933
2026-01-22 02:00:00+00:00,0,0.5067777034213464
2026-01-22 02:05:00+00:00,0,0.5026938362604059
2026-01-22 02:10:00+00:00,0,0.5098736886371509
2026-01-22 02:15:00+00:00,0,0.4999373981231319
2026-01-22 02:20:00+00:00,0,0.47773999637843473
2026-01-22 02:25:00+00:00,0,0.4897683229896455
2026-01-22 02:30:00+00:00,0,0.49930268590182925
2026-01-22 02:35:00+00:00,0,0.5012632072470791
2026-01-22 02:40:00+00:00,0,0.4970023957195083
2026-01-22 02:45:00+00:00,0,0.500359419582032
2026-01-22 02:50:00+00:00,1,0.5049114362134391
2026-01-22 02:55:00+00:00,1,0.5004380527950439
2026-01-22 03:00:00+00:00,0,0.5086183854358204
2026-01-22 03:05:00+00:00,0,0.4994405004065786
2026-01-22 03:10:00+00:00,0,0.5055062527559291
2026-01-22 03:15:00+00:00,1,0.5058059803640212
2026-01-22 03:20:00+00:00,0,0.4997987347278572
2026-01-22 03:25:00+00:00,0,0.4948554425136272
2026-01-22 03:30:00+00:00,1,0.5074251287738328
2026-01-22 03:35:00+00:00,1,0.5144566450410212
2026-01-22 03:40:00+00:00,1,0.5079956697533329
2026-01-22 03:45:00+00:00,1,0.5107154395042051
2026-01-22 03:50:00+00:00,1,0.511341304060143
2026-01-22 03:55:00+00:00,1,0.497303249561211
2026-01-22 04:00:00+00:00,1,0.48561448277600544
2026-01-22 04:05:00+00:00,1,0.489220610257959
2026-01-22 04:10:00+00:00,1,0.5024471024924777
2026-01-22 04:15:00+00:00,1,0.48287186400466325
2026-01-22 04:20:00+00:00,1,0.47886329732386296
2026-01-22 04:25:00+00:00,1,0.4947082743672182
2026-01-22 04:30:00+00:00,1,0.4891589059493839
2026-01-22 04:35:00+00:00,1,0.49268911822899336
2026-01-22 04:40:00+00:00,0,0.49157433916631477
2026-01-22 04:45:00+00:00,0,0.4980598618928295
2026-01-22 04:50:00+00:00,0,0.49806970646242993
2026-01-22 04:55:00+00:00,0,0.49416700644958617
2026-01-22 05:00:00+00:00,0,0.5205482825843397
2026-01-22 05:05:00+00:00,0,0.535919177187245
2026-01-22 05:10:00+00:00,0,0.5345265556283205
2026-01-22 05:15:00+00:00,1,0.5197426314722985
2026-01-22 05:20:00+00:00,0,0.5241356564015821
2026-01-22 05:25:00+00:00,0,0.5077053674545107
2026-01-22 05:30:00+00:00,1,0.5346902085203145
2026-01-22 05:35:00+00:00,0,0.5448675730116965
2026-01-22 05:40:00+00:00,0,0.5484333678623721
2026-01-22 05:45:00+00:00,0,0.5348774789855869
2026-01-22 05:50:00+00:00,0,0.5503006203830961
2026-01-22 05:55:00+00:00,0,0.523608245376858
2026-01-22 06:00:00+00:00,0,0.48649936579653597
2026-01-22 06:05:00+00:00,1,0.5018634687857673
2026-01-22 06:10:00+00:00,1,0.4974363871878565
2026-01-22 06:15:00+00:00,1,0.5087165202138437
2026-01-22 06:20:00+00:00,1,0.51251043935495
2026-01-22 06:25:00+00:00,1,0.508829201866019
2026-01-22 06:30:00+00:00,1,0.5143044608128747
2026-01-22 06:35:00+00:00,1,0.5130139342736584
2026-01-22 06:40:00+00:00,0,0.5016963936084886
2026-01-22 06:45:00+00:00,0,0.5156776035661476
2026-01-22 06:50:00+00:00,0,0.521036436468323
2026-01-22 06:55:00+00:00,0,0.4729322851491358
2026-01-22 07:00:00+00:00,0,0.4986344249236176
2026-01-22 07:05:00+00:00,0,0.4911225114744105
2026-01-22 07:10:00+00:00,0,0.4893035957470757
2026-01-22 07:15:00+00:00,1,0.49346971114021987
2026-01-22 07:20:00+00:00,0,0.4966775556745378
2026-01-22 07:25:00+00:00,0,0.49532745682529494
2026-01-22 07:30:00+00:00,0,0.4829935193447708
2026-01-22 07:35:00+00:00,1,0.5024201376591194
2026-01-22 07:40:00+00:00,0,0.46435057066055363
2026-01-22 07:45:00+00:00,0,0.5008351110702394
2026-01-22 07:50:00+00:00,0,0.48460072109282376
2026-01-22 07:55:00+00:00,0,0.5008418099853205
2026-01-22 08:00:00+00:00,0,0.48534135839750947
2026-01-22 08:05:00+00:00,0,0.48398607873794247
2026-01-22 08:10:00+00:00,1,0.5041416086412746
2026-01-22 08:15:00+00:00,1,0.5033986804066924
2026-01-22 08:20:00+00:00,1,0.5127842300879694
2026-01-22 08:25:00+00:00,1,0.5019440019300972
2026-01-22 08:30:00+00:00,0,0.5204821516048684
2026-01-22 08:35:00+00:00,0,0.5065806518835912
2026-01-22 08:40:00+00:00,1,0.5103507811022403
2026-01-22 08:45:00+00:00,1,0.5112955665486105
2026-01-22 08:50:00+00:00,0,0.5134809247279256
2026-01-22 08:55:00+00:00,0,0.5045316563893156
2026-01-22 09:00:00+00:00,1,0.4775836140597921
2026-01-22 09:05:00+00:00,1,0.4912198928801293
2026-01-22 09:10:00+00:00,1,0.48886106617675507
2026-01-22 09:15:00+00:00,1,0.48380542341768107
2026-01-22 09:20:00+00:00,1,0.48855921366314664
2026-01-22 09:25:00+00:00,1,0.48663913340982584
2026-01-22 09:30:00+00:00,1,0.49435172330302307
2026-01-22 09:35:00+00:00,0,0.4831634118231838
2026-01-22 09:40:00+00:00,1,0.4899356651379993
2026-01-22 09:45:00+00:00,1,0.49413536058082524
2026-01-22 09:50:00+00:00,1,0.49449374113380107
2026-01-22 09:55:00+00:00,0,0.4775481145574169
2026-01-22 10:00:00+00:00,0,0.4843809316305508
2026-01-22 10:05:00+00:00,0,0.4765695379885417
2026-01-22 10:10:00+00:00,0,0.4632327237281029
2026-01-22 10:15:00+00:00,0,0.46340992607745557
2026-01-22 10:20:00+00:00,1,0.47653550162527747
2026-01-22 10:25:00+00:00,1,0.4808281974438351
2026-01-22 10:30:00+00:00,0,0.5183756061001443
2026-01-22 10:35:00+00:00,1,0.5136762604272395
2026-01-22 10:40:00+00:00,0,0.5028944924830093
2026-01-22 10:45:00+00:00,0,0.5107278698135899
2026-01-22 10:50:00+00:00,0,0.5031714469919383
2026-01-22 10:55:00+00:00,0,0.5035536536559444
2026-01-22 11:00:00+00:00,0,0.5056969786923331
2026-01-22 11:05:00+00:00,0,0.5102323439080676
2026-01-22 11:10:00+00:00,0,0.5024034246604897
2026-01-22 11:15:00+00:00,0,0.5141367385111169
2026-01-22 11:20:00+00:00,1,0.4758899870812957
2026-01-22 11:25:00+00:00,1,0.4756647899373578
2026-01-22 11:30:00+00:00,1,0.47646675211088174
2026-01-22 11:35:00+00:00,1,0.48763747319722917
2026-01-22 11:40:00+00:00,1,0.4816328349134568
2026-01-22 11:45:00+00:00,1,0.4959132516860384
2026-01-22 11:50:00+00:00,0,0.49144343087850806
2026-01-22 11:55:00+00:00,1,0.48170881988036335
2026-01-22 12:00:00+00:00,1,0.5023845617097507
2026-01-22 12:05:00+00:00,0,0.49519258500835794
2026-01-22 12:10:00+00:00,0,0.501300311402416
2026-01-22 12:15:00+00:00,0,0.5084005408344981
2026-01-22 12:20:00+00:00,0,0.5058805071396901
2026-01-22 12:25:00+00:00,0,0.5016839690385674
2026-01-22 12:30:00+00:00,0,0.5029647044051386
2026-01-22 12:35:00+00:00,0,0.502893802244364
2026-01-22 12:40:00+00:00,0,0.4949338073428896
2026-01-22 12:45:00+00:00,0,0.4856603473081145
2026-01-22 12:50:00+00:00,1,0.4864592015841768
2026-01-22 12:55:00+00:00,1,0.4854018515833668
2026-01-22 13:00:00+00:00,1,0.4850587516653816
2026-01-22 13:05:00+00:00,1,0.5008374534274049
2026-01-22 13:10:00+00:00,0,0.5164762809945438
2026-01-22 13:15:00+00:00,0,0.5049513769844439
2026-01-22 13:20:00+00:00,0,0.4923134005019866
2026-01-22 13:25:00+00:00,0,0.46643819650793683
2026-01-22 13:30:00+00:00,0,0.4909054716440574
2026-01-22 13:35:00+00:00,0,0.4987281867144819
2026-01-22 13:40:00+00:00,0,0.49655490969667826
2026-01-22 13:45:00+00:00,0,0.4927919342387339
2026-01-22 13:50:00+00:00,0,0.4924863050628142
2026-01-22 13:55:00+00:00,0,0.49122287932167963
2026-01-22 14:00:00+00:00,0,0.4838007379542675
2026-01-22 14:05:00+00:00,0,0.4872970713164732
2026-01-22 14:10:00+00:00,0,0.47568573100437644
2026-01-22 14:15:00+00:00,0,0.4721160054080627
2026-01-22 14:20:00+00:00,0,0.5128276880537329
2026-01-22 14:25:00+00:00,0,0.49785961010562957
2026-01-22 14:30:00+00:00,0,0.5094355132410229
2026-01-22 14:35:00+00:00,0,0.5095230997303398
2026-01-22 14:40:00+00:00,0,0.5026081896297664
2026-01-22 14:45:00+00:00,1,0.4950691530160812
2026-01-22 14:50:00+00:00,0,0.47744717344012993
2026-01-22 14:55:00+00:00,0,0.48803612921611667
2026-01-22 15:00:00+00:00,0,0.4893606408370479
2026-01-22 15:05:00+00:00,0,0.491746545504131
2026-01-22 15:10:00+00:00,0,0.4912911773742802
2026-01-22 15:15:00+00:00,1,0.48655084906352025
2026-01-22 15:20:00+00:00,1,0.503880898845903
2026-01-22 15:25:00+00:00,1,0.5053725614807948
2026-01-22 15:30:00+00:00,1,0.4852996787800756
2026-01-22 15:35:00+00:00,0,0.5110404780776416
2026-01-22 15:40:00+00:00,0,0.5049027578563041
2026-01-22 15:45:00+00:00,0,0.5024302310856003
2026-01-22 15:50:00+00:00,1,0.49366811159550306
2026-01-22 15:55:00+00:00,1,0.48996862031050953
2026-01-22 16:00:00+00:00,0,0.4965569803837439
2026-01-22 16:05:00+00:00,1,0.5069220428774511
2026-01-22 16:10:00+00:00,1,0.5092559834533951
2026-01-22 16:15:00+00:00,1,0.5093473718936526
2026-01-22 16:20:00+00:00,1,0.49226554053500626
2026-01-22 16:25:00+00:00,1,0.5037703502772257
2026-01-22 16:30:00+00:00,1,0.495350912371479
2026-01-22 16:35:00+00:00,1,0.4917153451553431
2026-01-22 16:40:00+00:00,1,0.4840677064983144
2026-01-22 16:45:00+00:00,1,0.4667031987006273
2026-01-22 16:50:00+00:00,1,0.4739028481257175
2026-01-22 16:55:00+00:00,0,0.47957721844884316
2026-01-22 17:00:00+00:00,0,0.4897434896523035
2026-01-22 17:05:00+00:00,0,0.5026209760965541
2026-01-22 17:10:00+00:00,1,0.4928697197978233
2026-01-22 17:15:00+00:00,1,0.4957868745942755
2026-01-22 17:20:00+00:00,1,0.5020929489393694
2026-01-22 17:25:00+00:00,1,0.5042053798592286
2026-01-22 17:30:00+00:00,1,0.5030101582174501
2026-01-22 17:35:00+00:00,1,0.48796818888952487
2026-01-22 17:40:00+00:00,1,0.48987295610357584
2026-01-22 17:45:00+00:00,1,0.48634732052610363
2026-01-22 17:50:00+00:00,0,0.5147746403368133
2026-01-22 17:55:00+00:00,0,0.5078422551337289
2026-01-22 18:00:00+00:00,1,0.5019917197793112
2026-01-22 18:05:00+00:00,1,0.5048258292399168
2026-01-22 18:10:00+00:00,1,0.4989493634948882
2026-01-22 18:15:00+00:00,0,0.5090970278598266
2026-01-22 18:20:00+00:00,0,0.49509153343581414
2026-01-22 18:25:00+00:00,0,0.5015300083076898
2026-01-22 18:30:00+00:00,0,0.49195658954242544
2026-01-22 18:35:00+00:00,0,0.4962999784927793
2026-01-22 18:40:00+00:00,0,0.5011124255071702
2026-01-22 18:45:00+00:00,0,0.5007557311675119
2026-01-22 18:50:00+00:00,1,0.5062330999333492
2026-01-22 18:55:00+00:00,1,0.49532442446481756
2026-01-22 19:00:00+00:00,1,0.49405329877459103
2026-01-22 19:05:00+00:00,1,0.48218264871621863
2026-01-22 19:10:00+00:00,1,0.49589246601828574
2026-01-22 19:15:00+00:00,1,0.5046697423137814
2026-01-22 19:20:00+00:00,1,0.4963370016742995
2026-01-22 19:25:00+00:00,1,0.4906945097027015
2026-01-22 19:30:00+00:00,1,0.48731171013259866
2026-01-22 19:35:00+00:00,1,0.48918787204056496
2026-01-22 19:40:00+00:00,1,0.48911584150292986
2026-01-22 19:45:00+00:00,1,0.4830206062571561
2026-01-22 19:50:00+00:00,0,0.4929288157844233
2026-01-22 19:55:00+00:00,0,0.48664686221689335
2026-01-22 20:00:00+00:00,0,0.49917283778081456
2026-01-22 20:05:00+00:00,0,0.48593133906541736
2026-01-22 20:10:00+00:00,0,0.4970339995320287
2026-01-22 20:15:00+00:00,0,0.48203299156084184
2026-01-22 20:20:00+00:00,0,0.4958077733388698
2026-01-22 20:25:00+00:00,0,0.49163827219958706
2026-01-22 20:30:00+00:00,0,0.5009849992190047
2026-01-22 20:35:00+00:00,0,0.49590857858693776
2026-01-22 20:40:00+00:00,1,0.4985144335089405
2026-01-22 20:45:00+00:00,1,0.49140370725451904
2026-01-22 20:50:00+00:00,1,0.5002483893201045
2026-01-22 20:55:00+00:00,1,0.5103130252012176
2026-01-22 21:00:00+00:00,1,0.5058220465801893
2026-01-22 21:05:00+00:00,0,0.5039736484632893
2026-01-22 21:10:00+00:00,0,0.5072913374990244
2026-01-22 21:15:00+00:00,0,0.4993494765123247
2026-01-22 21:20:00+00:00,0,0.5027822550100569
2026-01-22 21:25:00+00:00,0,0.5093345895400194
2026-01-22 21:30:00+00:00,0,0.5025850155644629
2026-01-22 21:35:00+00:00,0,0.5062929622611725
2026-01-22 21:40:00+00:00,1,0.507586195040904
2026-01-22 21:45:00+00:00,0,0.49688402590837183
2026-01-22 21:50:00+00:00,0,0.5131378815646916
2026-01-22 21:55:00+00:00,1,0.5036422967821426
2026-01-22 22:00:00+00:00,0,0.49424969097733296
2026-01-22 22:05:00+00:00,0,0.49968866629399517
2026-01-22 22:10:00+00:00,0,0.5072903871767238
2026-01-22 22:15:00+00:00,1,0.5182321449563878
2026-01-22 22:20:00+00:00,1,0.5103133419078875
2026-01-22 22:25:00+00:00,1,0.5205358788442177
2026-01-22 22:30:00+00:00,1,0.5246548747734282
2026-01-22 22:35:00+00:00,1,0.5081585063940461
2026-01-22 22:40:00+00:00,1,0.5089826176052825
2026-01-22 22:45:00+00:00,0,0.48563041350804026
2026-01-22 22:50:00+00:00,0,0.48117064347809224
2026-01-22 22:55:00+00:00,0,0.47737298060623196
2026-01-22 23:00:00+00:00,1,0.4824454732738119
2026-01-22 23:05:00+00:00,1,0.4657111885427135
2026-01-22 23:10:00+00:00,0,0.47721267329395584
2026-01-22 23:15:00+00:00,1,0.49245271617213093
2026-01-22 23:20:00+00:00,0,0.4883730835300245
2026-01-22 23:25:00+00:00,1,0.4933013280583027
2026-01-22 23:30:00+00:00,0,0.49416808130115264
2026-01-22 23:35:00+00:00,0,0.48392573736969874
2026-01-22 23:40:00+00:00,0,0.46148931160904344
2026-01-22 23:45:00+00:00,1,0.45321764718115504
2026-01-22 23:50:00+00:00,0,0.46638201946254393
2026-01-22 23:55:00+00:00,0,0.49519022023184545
2026-01-23 00:00:00+00:00,0,0.5127114265368944
2026-01-23 00:05:00+00:00,0,0.5157796046934207
2026-01-23 00:10:00+00:00,0,0.5092189030306529
2026-01-23 00:15:00+00:00,0,0.5298251806542459
2026-01-23 00:20:00+00:00,1,0.5154358727642253
2026-01-23 00:25:00+00:00,1,0.5165458309830112
2026-01-23 00:30:00+00:00,1,0.5368370816243935
2026-01-23 00:35:00+00:00,1,0.5234605517705577
2026-01-23 00:40:00+00:00,1,0.5154626542224613
2026-01-23 00:45:00+00:00,1,0.5243977782993715
2026-01-23 00:50:00+00:00,0,0.5157601270221017
2026-01-23 00:55:00+00:00,1,0.5318533653915518
2026-01-23 01:00:00+00:00,1,0.5207337143406031
2026-01-23 01:05:00+00:00,1,0.5238544749927402
2026-01-23 01:10:00+00:00,1,0.5171195004369539
2026-01-23 01:15:00+00:00,1,0.5103296522901883
2026-01-23 01:20:00+00:00,1,0.5288165905066431
2026-01-23 01:25:00+00:00,1,0.5346548253515728
2026-01-23 01:30:00+00:00,0,0.5200091033951311
2026-01-23 01:35:00+00:00,0,0.5102277742520328
2026-01-23 01:40:00+00:00,1,0.5128971887322265
2026-01-23 01:45:00+00:00,0,0.5242273480910551
2026-01-23 01:50:00+00:00,0,0.5331556235118368
2026-01-23 01:55:00+00:00,0,0.527940729426487
2026-01-23 02:00:00+00:00,0,0.5385925207458132
2026-01-23 02:05:00+00:00,0,0.5319381136775333
2026-01-23 02:10:00+00:00,0,0.5397432219778987
2026-01-23 02:15:00+00:00,0,0.5427079852393047
2026-01-23 02:20:00+00:00,0,0.544810966533776
2026-01-23 02:25:00+00:00,0,0.5404451001428938
2026-01-23 02:30:00+00:00,0,0.5333359654479594
2026-01-23 02:35:00+00:00,0,0.518621940844885
2026-01-23 02:40:00+00:00,0,0.5190458833844829
2026-01-23 02:45:00+00:00,1,0.5297202495030736
2026-01-23 02:50:00+00:00,1,0.49770034382973577
2026-01-23 02:55:00+00:00,1,0.4915055590012537
2026-01-23 03:00:00+00:00,1,0.5137164804073485
2026-01-23 03:05:00+00:00,1,0.4976215425547995
2026-01-23 03:10:00+00:00,1,0.4806003544911161
2026-01-23 03:15:00+00:00,1,0.5236308376979119
2026-01-23 03:20:00+00:00,1,0.5215786407075137
2026-01-23 03:25:00+00:00,1,0.5074109871787863
2026-01-23 03:30:00+00:00,1,0.49127027219658154
2026-01-23 03:35:00+00:00,1,0.4997529850920915
2026-01-23 03:40:00+00:00,1,0.5155012718209543
2026-01-23 03:45:00+00:00,1,0.5289701853134768
2026-01-23 03:50:00+00:00,1,0.5207603283851603
2026-01-23 03:55:00+00:00,1,0.5240135036557618
2026-01-23 04:00:00+00:00,1,0.5259439276992116
2026-01-23 04:05:00+00:00,1,0.5480643664702248
2026-01-23 04:10:00+00:00,1,0.5215705198192966
2026-01-23 04:15:00+00:00,1,0.5366454709522295
2026-01-23 04:20:00+00:00,1,0.5327769989818286
2026-01-23 04:25:00+00:00,1,0.5327655853526585
2026-01-23 04:30:00+00:00,0,0.5367923115387606
2026-01-23 04:35:00+00:00,1,0.543376800463196
2026-01-23 04:40:00+00:00,0,0.5377140292117247
2026-01-23 04:45:00+00:00,0,0.5380911202995042
2026-01-23 04:50:00+00:00,0,0.526029661363364
2026-01-23 04:55:00+00:00,0,0.5327990599763015
2026-01-23 05:00:00+00:00,0,0.5446784536853111
2026-01-23 05:05:00+00:00,0,0.5346971004272729
2026-01-23 05:10:00+00:00,0,0.542251735264019
2026-01-23 05:15:00+00:00,0,0.5397828577876352
2026-01-23 05:20:00+00:00,0,0.5337982601685731
2026-01-23 05:25:00+00:00,1,0.5259144842593666
2026-01-23 05:30:00+00:00,1,0.5256608050488618
2026-01-23 05:35:00+00:00,1,0.5233257146845646
2026-01-23 05:40:00+00:00,1,0.5196539066788908
2026-01-23 05:45:00+00:00,1,0.5160350482543764
2026-01-23 05:50:00+00:00,1,0.49958543260865157
2026-01-23 05:55:00+00:00,0,0.5119856463424602
2026-01-23 06:00:00+00:00,0,0.5149003043260958
2026-01-23 06:05:00+00:00,0,0.5156960301107482
2026-01-23 06:10:00+00:00,0,0.5030160422024775
2026-01-23 06:15:00+00:00,0,0.5045077707575842
2026-01-23 06:20:00+00:00,0,0.5503840122325665
2026-01-23 06:25:00+00:00,0,0.543885860634349
2026-01-23 06:30:00+00:00,0,0.5435308127896081
2026-01-23 06:35:00+00:00,0,0.5479603356397316
2026-01-23 06:40:00+00:00,0,0.5532051908108856
2026-01-23 06:45:00+00:00,0,0.5470479281585039
2026-01-23 06:50:00+00:00,1,0.5471042185356532
2026-01-23 06:55:00+00:00,1,0.5314371593633249
2026-01-23 07:00:00+00:00,1,0.4995644531922523
2026-01-23 07:05:00+00:00,1,0.518242247793336
2026-01-23 07:10:00+00:00,1,0.5271233316606541
2026-01-23 07:15:00+00:00,1,0.5177994041888121
2026-01-23 07:20:00+00:00,0,0.5195990645779915
2026-01-23 07:25:00+00:00,0,0.5180430021887994
2026-01-23 07:30:00+00:00,0,0.5227331569987472
2026-01-23 07:35:00+00:00,0,0.5257364316915045
2026-01-23 07:40:00+00:00,0,0.517262328741846
2026-01-23 07:45:00+00:00,0,0.5291718047043362
2026-01-23 07:50:00+00:00,0,0.5237656895976904
2026-01-23 07:55:00+00:00,0,0.5235375887091538
2026-01-23 08:00:00+00:00,0,0.5224996709036109
2026-01-23 08:05:00+00:00,0,0.5161231747413025
2026-01-23 08:10:00+00:00,0,0.5126374689756584
2026-01-23 08:15:00+00:00,0,0.5235055795058081
2026-01-23 08:20:00+00:00,0,0.5379406693407434
2026-01-23 08:25:00+00:00,0,0.5416965298161804
2026-01-23 08:30:00+00:00,1,0.535391718216537
2026-01-23 08:35:00+00:00,1,0.5258750981573774
2026-01-23 08:40:00+00:00,0,0.5350013783901887
2026-01-23 08:45:00+00:00,0,0.5253971917058106
2026-01-23 08:50:00+00:00,1,0.5256473634494451
2026-01-23 08:55:00+00:00,1,0.5363548773792354
2026-01-23 09:00:00+00:00,0,0.5274764367124077
2026-01-23 09:05:00+00:00,0,0.5182959598290614
2026-01-23 09:10:00+00:00,1,0.51514444772008
2026-01-23 09:15:00+00:00,1,0.525445949451501
2026-01-23 09:20:00+00:00,0,0.5177343754792679
2026-01-23 09:25:00+00:00,0,0.5174396706184555
2026-01-23 09:30:00+00:00,1,0.523601629116616
2026-01-23 09:35:00+00:00,0,0.5109647104628934
2026-01-23 09:40:00+00:00,1,0.5006360332192035
2026-01-23 09:45:00+00:00,1,0.5113173495710618
2026-01-23 09:50:00+00:00,1,0.5163105249676486
2026-01-23 09:55:00+00:00,1,0.5124269809294897
2026-01-23 10:00:00+00:00,1,0.5297737527668435
2026-01-23 10:05:00+00:00,1,0.5280059298382994
2026-01-23 10:10:00+00:00,1,0.5106778996632744
2026-01-23 10:15:00+00:00,1,0.4944235693684771
2026-01-23 10:20:00+00:00,0,0.4869220616362284
2026-01-23 10:25:00+00:00,0,0.5262263114521164
2026-01-23 10:30:00+00:00,1,0.5315075012582091
2026-01-23 10:35:00+00:00,1,0.5109851821327579
2026-01-23 10:40:00+00:00,1,0.5188264011922518
2026-01-23 10:45:00+00:00,1,0.5327965586851094
2026-01-23 10:50:00+00:00,1,0.5384340838048368
2026-01-23 10:55:00+00:00,1,0.5443992523944601
2026-01-23 11:00:00+00:00,1,0.5156220749729395
2026-01-23 11:05:00+00:00,1,0.5346610979502152
2026-01-23 11:10:00+00:00,1,0.543344018147616
2026-01-23 11:15:00+00:00,1,0.53606746732775
2026-01-23 11:20:00+00:00,1,0.5381324866293351
2026-01-23 11:25:00+00:00,0,0.5333007944958744
2026-01-23 11:30:00+00:00,0,0.5182602497913281
2026-01-23 11:35:00+00:00,0,0.5140677785507489
2026-01-23 11:40:00+00:00,0,0.5352901036292295
2026-01-23 11:45:00+00:00,0,0.5206000662310122
2026-01-23 11:50:00+00:00,0,0.5250772295999386
2026-01-23 11:55:00+00:00,0,0.5370197797255819
2026-01-23 12:00:00+00:00,0,0.5316235665906426
2026-01-23 12:05:00+00:00,0,0.5385322852537942
2026-01-23 12:10:00+00:00,1,0.5219117905474625
2026-01-23 12:15:00+00:00,1,0.5493865420997933
2026-01-23 12:20:00+00:00,0,0.5279039437907019
2026-01-23 12:25:00+00:00,0,0.5280673166192486
2026-01-23 12:30:00+00:00,0,0.5369462695222451
2026-01-23 12:35:00+00:00,0,0.52345630640773
2026-01-23 12:40:00+00:00,0,0.5264777377095273
2026-01-23 12:45:00+00:00,0,0.5284148318601404
2026-01-23 12:50:00+00:00,0,0.5017272966052487
2026-01-23 12:55:00+00:00,1,0.4979845679590903
2026-01-23 13:00:00+00:00,0,0.5066815255143231
2026-01-23 13:05:00+00:00,0,0.49780539728595385
2026-01-23 13:10:00+00:00,0,0.4889021956150984
2026-01-23 13:15:00+00:00,0,0.4709824365475379
2026-01-23 13:20:00+00:00,0,0.4729932623873257
2026-01-23 13:25:00+00:00,0,0.504413665016421
2026-01-23 13:30:00+00:00,0,0.5268109546792376
2026-01-23 13:35:00+00:00,1,0.5385927907062674
2026-01-23 13:40:00+00:00,0,0.5510101499845855
2026-01-23 13:45:00+00:00,0,0.5255110154557235
2026-01-23 13:50:00+00:00,1,0.5017053103295096
2026-01-23 13:55:00+00:00,1,0.4971517474196736
2026-01-23 14:00:00+00:00,0,0.5060342326352538
2026-01-23 14:05:00+00:00,0,0.5262482487298553
2026-01-23 14:10:00+00:00,0,0.5278765207537319
2026-01-23 14:15:00+00:00,0,0.5117846674770191
2026-01-23 14:20:00+00:00,0,0.5169843325760934
2026-01-23 14:25:00+00:00,0,0.5078403432394817
2026-01-23 14:30:00+00:00,0,0.5228630516475542
2026-01-23 14:35:00+00:00,1,0.5204933692951529
2026-01-23 14:40:00+00:00,1,0.5152130937345373
2026-01-23 14:45:00+00:00,1,0.5147805307015129
2026-01-23 14:50:00+00:00,1,0.5062356229570225
2026-01-23 14:55:00+00:00,1,0.5027821079096438
2026-01-23 15:00:00+00:00,1,0.48899589529037135
2026-01-23 15:05:00+00:00,1,0.49644343222832
2026-01-23 15:10:00+00:00,1,0.5106814285718053
2026-01-23 15:15:00+00:00,1,0.5019907692699793
2026-01-23 15:20:00+00:00,1,0.5064981514271376
2026-01-23 15:25:00+00:00,1,0.49979133421764305
2026-01-23 15:30:00+00:00,1,0.4891981758882532
2026-01-23 15:35:00+00:00,1,0.5107008827920209
2026-01-23 15:40:00+00:00,1,0.4919764435864844
2026-01-23 15:45:00+00:00,1,0.4710272090688158
2026-01-23 15:50:00+00:00,1,0.4819142682911137
2026-01-23 15:55:00+00:00,0,0.46835063486482853
2026-01-23 16:00:00+00:00,0,0.47217740035316874
2026-01-23 16:05:00+00:00,1,0.4951581995950356
2026-01-23 16:10:00+00:00,1,0.4781403594443931
2026-01-23 16:15:00+00:00,1,0.4801521608169478
2026-01-23 16:20:00+00:00,1,0.4879544086210838
2026-01-23 16:25:00+00:00,1,0.48618627730274505
2026-01-23 16:30:00+00:00,1,0.4807891308193179
2026-01-23 16:35:00+00:00,0,0.48199183852603295
2026-01-23 16:40:00+00:00,0,0.48294165154914487
2026-01-23 16:45:00+00:00,0,0.47153492468523217
2026-01-23 16:50:00+00:00,0,0.4886764860444669
2026-01-23 16:55:00+00:00,1,0.5041716046657795
2026-01-23 17:00:00+00:00,1,0.5235146121048033
2026-01-23 17:05:00+00:00,1,0.526047457931522
2026-01-23 17:10:00+00:00,1,0.5157272986157437
2026-01-23 17:15:00+00:00,1,0.5063925136700017
2026-01-23 17:20:00+00:00,1,0.5250692946201005
2026-01-23 17:25:00+00:00,0,0.49312843235732473
2026-01-23 17:30:00+00:00,0,0.4894133994503765
2026-01-23 17:35:00+00:00,0,0.476658618430028
2026-01-23 17:40:00+00:00,0,0.47085236205522285
2026-01-23 17:45:00+00:00,0,0.47835089734293673
2026-01-23 17:50:00+00:00,1,0.5012969280109796
2026-01-23 17:55:00+00:00,1,0.5220408234295502
2026-01-23 18:00:00+00:00,1,0.48953501265478666
2026-01-23 18:05:00+00:00,1,0.4866917538778701
2026-01-23 18:10:00+00:00,1,0.5234080716219767
2026-01-23 18:15:00+00:00,1,0.5140463068943447
2026-01-23 18:20:00+00:00,1,0.5186328341040702
2026-01-23 18:25:00+00:00,0,0.4943926019887011
2026-01-23 18:30:00+00:00,0,0.492359416570479
2026-01-23 18:35:00+00:00,0,0.4873855321645173
2026-01-23 18:40:00+00:00,0,0.505094823795386
2026-01-23 18:45:00+00:00,0,0.49674952084170787
2026-01-23 18:50:00+00:00,0,0.508884088739513
2026-01-23 18:55:00+00:00,0,0.5283818174553526
2026-01-23 19:00:00+00:00,0,0.5163082077036165
2026-01-23 19:05:00+00:00,0,0.5045024527789799
2026-01-23 19:10:00+00:00,0,0.5122643028648851
2026-01-23 19:15:00+00:00,0,0.5007847786718295
2026-01-23 19:20:00+00:00,0,0.5082595176399837
2026-01-23 19:25:00+00:00,0,0.4897529682783989
2026-01-23 19:30:00+00:00,0,0.4870483674572407
2026-01-23 19:35:00+00:00,1,0.47529775948681824
2026-01-23 19:40:00+00:00,0,0.4835956598877145
2026-01-23 19:45:00+00:00,1,0.5030280591077634
2026-01-23 19:50:00+00:00,0,0.4837219559031435
2026-01-23 19:55:00+00:00,0,0.4992783909995246
2026-01-23 20:00:00+00:00,0,0.5019522962612093
2026-01-23 20:05:00+00:00,0,0.5233480033477067
2026-01-23 20:10:00+00:00,0,0.522314306924471
2026-01-23 20:15:00+00:00,0,0.5178854075168323
2026-01-23 20:20:00+00:00,0,0.5142626379503134
2026-01-23 20:25:00+00:00,0,0.501873098368826
2026-01-23 20:30:00+00:00,1,0.4945069337215365
2026-01-23 20:35:00+00:00,1,0.46849866907639337
2026-01-23 20:40:00+00:00,1,0.4854330791463166
2026-01-23 20:45:00+00:00,1,0.48656173261524793
2026-01-23 20:50:00+00:00,1,0.5012279927994965
2026-01-23 20:55:00+00:00,1,0.4987236717528625
2026-01-23 21:00:00+00:00,1,0.5053857880810794
2026-01-23 21:05:00+00:00,1,0.5075961506203222
2026-01-23 21:10:00+00:00,0,0.5077273487528075
2026-01-23 21:15:00+00:00,0,0.5050060040894997
2026-01-23 21:20:00+00:00,0,0.5029307243386408
2026-01-23 21:25:00+00:00,0,0.5157971040345486
2026-01-23 21:30:00+00:00,1,0.5189675445387996
2026-01-23 21:35:00+00:00,1,0.4975676694361814
2026-01-23 21:40:00+00:00,1,0.5166593951385307
2026-01-23 21:45:00+00:00,1,0.5047956868279393
2026-01-23 21:50:00+00:00,1,0.5300689160786248
2026-01-23 21:55:00+00:00,1,0.5341483079791083
2026-01-23 22:00:00+00:00,1,0.5253162324630755
2026-01-23 22:05:00+00:00,1,0.5242367294068294
2026-01-23 22:10:00+00:00,1,0.5302096800930793
2026-01-23 22:15:00+00:00,1,0.5390221115615292
2026-01-23 22:20:00+00:00,0,0.5286460497825753
2026-01-23 22:25:00+00:00,1,0.5347740478933831
2026-01-23 22:30:00+00:00,0,0.5311134195537749
2026-01-23 22:35:00+00:00,0,0.5267885009964777
2026-01-23 22:40:00+00:00,0,0.5299199840094697
2026-01-23 22:45:00+00:00,0,0.5248549889532087
2026-01-23 22:50:00+00:00,0,0.5330102553834036
2026-01-23 22:55:00+00:00,0,0.5371417567451997
2026-01-23 23:00:00+00:00,1,0.5281487582633704
2026-01-23 23:05:00+00:00,0,0.5203697589251908
2026-01-23 23:10:00+00:00,0,0.5403331192785386
2026-01-23 23:15:00+00:00,0,0.5305664335622003
2026-01-23 23:20:00+00:00,1,0.5256347456925771
2026-01-23 23:25:00+00:00,0,0.5241312309550185
2026-01-23 23:30:00+00:00,1,0.5261037248953178
2026-01-23 23:35:00+00:00,1,0.5258909767765142
2026-01-23 23:40:00+00:00,1,0.5205941581278807
2026-01-23 23:45:00+00:00,1,0.513002829712163
2026-01-23 23:50:00+00:00,1,0.521172266140126
2026-01-23 23:55:00+00:00,0,0.5326169797046987
2026-01-24 00:00:00+00:00,0,0.5167641298994895
2026-01-24 00:05:00+00:00,1,0.5179067895203071
2026-01-24 00:10:00+00:00,1,0.5111149218947185
2026-01-24 00:15:00+00:00,1,0.4874305799326588
2026-01-24 00:20:00+00:00,0,0.5150750662779832
2026-01-24 00:25:00+00:00,0,0.5030554761958768
2026-01-24 00:30:00+00:00,0,0.49590526328946205
2026-01-24 00:35:00+00:00,0,0.48769176147298277
2026-01-24 00:40:00+00:00,0,0.4832549379112329
2026-01-24 00:45:00+00:00,1,0.46251734633795477
2026-01-24 00:50:00+00:00,0,0.4671585361775699
2026-01-24 00:55:00+00:00,1,0.4813632104263258
2026-01-24 01:00:00+00:00,0,0.4797809216685699
2026-01-24 01:05:00+00:00,1,0.48094036487123837
2026-01-24 01:10:00+00:00,1,0.4900129659959678
2026-01-24 01:15:00+00:00,0,0.5315093609452304
2026-01-24 01:20:00+00:00,1,0.5183799228833156
2026-01-24 01:25:00+00:00,1,0.5223496884988877
2026-01-24 01:30:00+00:00,1,0.546176760867522
2026-01-24 01:35:00+00:00,1,0.5395907796604008
2026-01-24 01:40:00+00:00,1,0.5029233127654178
2026-01-24 01:45:00+00:00,1,0.514812130572512
2026-01-24 01:50:00+00:00,1,0.5132611826949716
2026-01-24 01:55:00+00:00,0,0.5076987606148161
2026-01-24 02:00:00+00:00,1,0.5107499819326063
2026-01-24 02:05:00+00:00,1,0.5092941044651663
2026-01-24 02:10:00+00:00,1,0.5224105469923891
2026-01-24 02:15:00+00:00,1,0.5175758019149683
2026-01-24 02:20:00+00:00,1,0.5302308196486664
2026-01-24 02:25:00+00:00,1,0.5313754725169313
2026-01-24 02:30:00+00:00,1,0.536411460539385
2026-01-24 02:35:00+00:00,1,0.4968230816022242
2026-01-24 02:40:00+00:00,1,0.4803205023099164
2026-01-24 02:45:00+00:00,1,0.5191956319251445
2026-01-24 02:50:00+00:00,1,0.4947183555882289
2026-01-24 02:55:00+00:00,1,0.5025498018268175
2026-01-24 03:00:00+00:00,1,0.5009956925766362
2026-01-24 03:05:00+00:00,1,0.5049144911754815
2026-01-24 03:10:00+00:00,1,0.4765373194517451
2026-01-24 03:15:00+00:00,0,0.4961285997162798
2026-01-24 03:20:00+00:00,0,0.5002577021937584
2026-01-24 03:25:00+00:00,0,0.47564818954584287
2026-01-24 03:30:00+00:00,0,0.48616279242486377
2026-01-24 03:35:00+00:00,1,0.46996809894352404
2026-01-24 03:40:00+00:00,0,0.47493520857074795
2026-01-24 03:45:00+00:00,1,0.49777169959177925
2026-01-24 03:50:00+00:00,1,0.5073708023576483
2026-01-24 03:55:00+00:00,0,0.4942578033104965
2026-01-24 04:00:00+00:00,0,0.4861959109823844
2026-01-24 04:05:00+00:00,0,0.4743613488932436
2026-01-24 04:10:00+00:00,0,0.48187850649117625
2026-01-24 04:15:00+00:00,0,0.4927824649129176
2026-01-24 04:20:00+00:00,0,0.5011273282972255
2026-01-24 04:25:00+00:00,1,0.5000123650775554
2026-01-24 04:30:00+00:00,0,0.49829952665154403
2026-01-24 04:35:00+00:00,0,0.5053420350470146
2026-01-24 04:40:00+00:00,0,0.5201459954544227
2026-01-24 04:45:00+00:00,1,0.5241522179243423
2026-01-24 04:50:00+00:00,1,0.5175264016428865
2026-01-24 04:55:00+00:00,0,0.4817700017283773
2026-01-24 05:00:00+00:00,0,0.5227505246439493
2026-01-24 05:05:00+00:00,0,0.5051998116669779
2026-01-24 05:10:00+00:00,0,0.5070239781061696
2026-01-24 05:15:00+00:00,0,0.5360395388811344
2026-01-24 05:20:00+00:00,0,0.5337983052248197
2026-01-24 05:25:00+00:00,0,0.5271903264659104
2026-01-24 05:30:00+00:00,0,0.5334324867160143
2026-01-24 05:35:00+00:00,0,0.5254198438021157
2026-01-24 05:40:00+00:00,1,0.5196612618566792
2026-01-24 05:45:00+00:00,0,0.530167569775397
2026-01-24 05:50:00+00:00,0,0.520362009187974
2026-01-24 05:55:00+00:00,0,0.509323175905973
2026-01-24 06:00:00+00:00,0,0.493122255116665
2026-01-24 06:05:00+00:00,0,0.4911172060538067
2026-01-24 06:10:00+00:00,0,0.4927047476256906
2026-01-24 06:15:00+00:00,1,0.5186121888768828
2026-01-24 06:20:00+00:00,1,0.5156412590603249
2026-01-24 06:25:00+00:00,1,0.5159546302690597
2026-01-24 06:30:00+00:00,1,0.5075508074326887
2026-01-24 06:35:00+00:00,0,0.5065105400948938
2026-01-24 06:40:00+00:00,0,0.5174528148327932
2026-01-24 06:45:00+00:00,0,0.5198500531256992
2026-01-24 06:50:00+00:00,0,0.5187586929006589
2026-01-24 06:55:00+00:00,0,0.5171693329942315
2026-01-24 07:00:00+00:00,0,0.5326574640228494
2026-01-24 07:05:00+00:00,0,0.502263270626725
2026-01-24 07:10:00+00:00,0,0.5116560779044934
2026-01-24 07:15:00+00:00,0,0.5312776484906412
2026-01-24 07:20:00+00:00,0,0.538562206292538
2026-01-24 07:25:00+00:00,0,0.539507297006323
2026-01-24 07:30:00+00:00,0,0.5487542894186792
2026-01-24 07:35:00+00:00,0,0.5521770783407867
2026-01-24 07:40:00+00:00,0,0.5404620301342917
2026-01-24 07:45:00+00:00,0,0.5399448027861179
2026-01-24 07:50:00+00:00,0,0.5481643235960759
2026-01-24 07:55:00+00:00,0,0.5458696499541072
2026-01-24 08:00:00+00:00,1,0.5508625895767466
2026-01-24 08:05:00+00:00,1,0.525003760007084
2026-01-24 08:10:00+00:00,1,0.5226711050477862
2026-01-24 08:15:00+00:00,1,0.5241686213433984
2026-01-24 08:20:00+00:00,1,0.4874283917157756
2026-01-24 08:25:00+00:00,1,0.5165048222259708
2026-01-24 08:30:00+00:00,1,0.5064236721728667
2026-01-24 08:35:00+00:00,0,0.5120185901777132
2026-01-24 08:40:00+00:00,0,0.4988770334556438
2026-01-24 08:45:00+00:00,0,0.49186536308244583
2026-01-24 08:50:00+00:00,0,0.5110714568086964
2026-01-24 08:55:00+00:00,0,0.5264028562639391
2026-01-24 09:00:00+00:00,0,0.5361225693429014
2026-01-24 09:05:00+00:00,0,0.5386073797854748
2026-01-24 09:10:00+00:00,0,0.5258896789524655
2026-01-24 09:15:00+00:00,0,0.5456830460705117
2026-01-24 09:20:00+00:00,0,0.534039719922579
2026-01-24 09:25:00+00:00,0,0.5206603669614419
2026-01-24 09:30:00+00:00,0,0.4988531346793918
2026-01-24 09:35:00+00:00,1,0.5234253241891837
2026-01-24 09:40:00+00:00,0,0.5215529226399276
2026-01-24 09:45:00+00:00,0,0.5060954645545057
2026-01-24 09:50:00+00:00,0,0.5349339735049987
2026-01-24 09:55:00+00:00,0,0.5384264570381757
2026-01-24 10:00:00+00:00,1,0.547991571115841
2026-01-24 10:05:00+00:00,1,0.5318798494285619
2026-01-24 10:10:00+00:00,1,0.5352449644196449
2026-01-24 10:15:00+00:00,1,0.5281485101055096
2026-01-24 10:20:00+00:00,1,0.5259068102017364
2026-01-24 10:25:00+00:00,1,0.5227701845712548
2026-01-24 10:30:00+00:00,1,0.5178910694596495
2026-01-24 10:35:00+00:00,1,0.5005763200058739
2026-01-24 10:40:00+00:00,1,0.5279884679530804
2026-01-24 10:45:00+00:00,1,0.5389405371610216
2026-01-24 10:50:00+00:00,1,0.5072029459871634
2026-01-24 10:55:00+00:00,1,0.5231332537557637
2026-01-24 11:00:00+00:00,1,0.5021709244702524
2026-01-24 11:05:00+00:00,1,0.511559414172228
2026-01-24 11:10:00+00:00,0,0.5203464419019729
2026-01-24 11:15:00+00:00,0,0.4928293533993463
2026-01-24 11:20:00+00:00,0,0.49502460721426383
2026-01-24 11:25:00+00:00,0,0.4869892258882399
2026-01-24 11:30:00+00:00,0,0.4906253718702526
2026-01-24 11:35:00+00:00,1,0.5227105044478277
2026-01-24 11:40:00+00:00,0,0.523489806292947
2026-01-24 11:45:00+00:00,0,0.5211912538062198
2026-01-24 11:50:00+00:00,1,0.5420509483939479
2026-01-24 11:55:00+00:00,1,0.538323426433409
2026-01-24 12:00:00+00:00,1,0.5466521568832869
2026-01-24 12:05:00+00:00,0,0.5276623084576009
2026-01-24 12:10:00+00:00,1,0.537790065206782
2026-01-24 12:15:00+00:00,1,0.5341429580572208
2026-01-24 12:20:00+00:00,1,0.5400517607939342
2026-01-24 12:25:00+00:00,1,0.5391739965558802
2026-01-24 12:30:00+00:00,0,0.5347528545663275
2026-01-24 12:35:00+00:00,0,0.5240882068370654
2026-01-24 12:40:00+00:00,0,0.5169829084345171
2026-01-24 12:45:00+00:00,0,0.5291209778446347
2026-01-24 12:50:00+00:00,0,0.5331622028554868
2026-01-24 12:55:00+00:00,0,0.5320985105383849
2026-01-24 13:00:00+00:00,0,0.4916692800738788
2026-01-24 13:05:00+00:00,0,0.49377690685635595
2026-01-24 13:10:00+00:00,1,0.49615177302554936
2026-01-24 13:15:00+00:00,1,0.48976081812468125
2026-01-24 13:20:00+00:00,1,0.49725171908729315
2026-01-24 13:25:00+00:00,0,0.5026647895212507
2026-01-24 13:30:00+00:00,0,0.5169461293176779
2026-01-24 13:35:00+00:00,0,0.5135182847675264
2026-01-24 13:40:00+00:00,0,0.5179295841103515
2026-01-24 13:45:00+00:00,0,0.5084485173773049
2026-01-24 13:50:00+00:00,0,0.5158857079840783
2026-01-24 13:55:00+00:00,1,0.5349065427519412
2026-01-24 14:00:00+00:00,1,0.554795701486595
2026-01-24 14:05:00+00:00,1,0.5523102098660233
2026-01-24 14:10:00+00:00,1,0.5301429347585123
2026-01-24 14:15:00+00:00,1,0.5361073277296543
2026-01-24 14:20:00+00:00,1,0.5380147087732636
2026-01-24 14:25:00+00:00,1,0.5397422212374711
2026-01-24 14:30:00+00:00,1,0.5316776871662834
2026-01-24 14:35:00+00:00,1,0.5385358173006433
2026-01-24 14:40:00+00:00,1,0.5366832987405157
2026-01-24 14:45:00+00:00,1,0.5064259575803384
2026-01-24 14:50:00+00:00,1,0.5136296629221265
2026-01-24 14:55:00+00:00,1,0.5206550011471228
2026-01-24 15:00:00+00:00,0,0.5191402096597445
2026-01-24 15:05:00+00:00,0,0.5180996766287422
2026-01-24 15:10:00+00:00,0,0.5184487650332531
2026-01-24 15:15:00+00:00,0,0.5222685014001545
2026-01-24 15:20:00+00:00,0,0.549542560792974
2026-01-24 15:25:00+00:00,0,0.5331251938974773
2026-01-24 15:30:00+00:00,0,0.5376546213536002
2026-01-24 15:35:00+00:00,0,0.5010327741916966
2026-01-24 15:40:00+00:00,0,0.49866449069651986
2026-01-24 15:45:00+00:00,0,0.5074376186206974
2026-01-24 15:50:00+00:00,0,0.48799105614594546
2026-01-24 15:55:00+00:00,1,0.4864966350316351
2026-01-24 16:00:00+00:00,1,0.506604863414347
2026-01-24 16:05:00+00:00,0,0.47417040458902315
2026-01-24 16:10:00+00:00,0,0.495693594184425
2026-01-24 16:15:00+00:00,1,0.4918349034751659
2026-01-24 16:20:00+00:00,1,0.5065149638090237
2026-01-24 16:25:00+00:00,1,0.4866399645248368
2026-01-24 16:30:00+00:00,1,0.48766971477742427
2026-01-24 16:35:00+00:00,1,0.48232440922764913
2026-01-24 16:40:00+00:00,1,0.4639611980001575
2026-01-24 16:45:00+00:00,1,0.4788390232475446
2026-01-24 16:50:00+00:00,1,0.497603086960098
2026-01-24 16:55:00+00:00,1,0.4925631389149058
2026-01-24 17:00:00+00:00,1,0.47011176111798325
2026-01-24 17:05:00+00:00,1,0.4743778829311413
2026-01-24 17:10:00+00:00,1,0.48197400543176755
2026-01-24 17:15:00+00:00,1,0.48310203148355446
2026-01-24 17:20:00+00:00,0,0.49110794702498795
2026-01-24 17:25:00+00:00,1,0.5179326919440682
2026-01-24 17:30:00+00:00,1,0.5175530061788784
2026-01-24 17:35:00+00:00,0,0.5135296827156562
2026-01-24 17:40:00+00:00,1,0.5015190208003181
2026-01-24 17:45:00+00:00,1,0.49803908646123946
2026-01-24 17:50:00+00:00,1,0.518716838164729
2026-01-24 17:55:00+00:00,1,0.5083952691747411
2026-01-24 18:00:00+00:00,1,0.5041536138436579
2026-01-24 18:05:00+00:00,1,0.4959252003397681
2026-01-24 18:10:00+00:00,1,0.49301754781439655
2026-01-24 18:15:00+00:00,1,0.4952398805836341
2026-01-24 18:20:00+00:00,1,0.5150026543601983
2026-01-24 18:25:00+00:00,1,0.5051236986167654
2026-01-24 18:30:00+00:00,1,0.502247010200686
2026-01-24 18:35:00+00:00,0,0.4956298459541123
2026-01-24 18:40:00+00:00,0,0.5102900978785309
2026-01-24 18:45:00+00:00,0,0.5037558216557082
2026-01-24 18:50:00+00:00,0,0.5021736515185654
2026-01-24 18:55:00+00:00,0,0.49663415033504205
2026-01-24 19:00:00+00:00,0,0.4980596016341134
2026-01-24 19:05:00+00:00,1,0.4931767303056547
2026-01-24 19:10:00+00:00,1,0.5158765062423835
2026-01-24 19:15:00+00:00,1,0.5345692151097651
2026-01-24 19:20:00+00:00,1,0.510462351473327
2026-01-24 19:25:00+00:00,0,0.5216402077376738
2026-01-24 19:30:00+00:00,1,0.5114934896212407
2026-01-24 19:35:00+00:00,0,0.5258679431690337
2026-01-24 19:40:00+00:00,0,0.5236753446260998
2026-01-24 19:45:00+00:00,0,0.5245859143660504
2026-01-24 19:50:00+00:00,1,0.5408142673759562
2026-01-24 19:55:00+00:00,1,0.5411785233273795
2026-01-24 20:00:00+00:00,1,0.5378909862667305
2026-01-24 20:05:00+00:00,1,0.5402660929430184
2026-01-24 20:10:00+00:00,0,0.5211474386295951
2026-01-24 20:15:00+00:00,0,0.5313185186900362
2026-01-24 20:20:00+00:00,0,0.5215716492898287
2026-01-24 20:25:00+00:00,0,0.530542127872959
2026-01-24 20:30:00+00:00,0,0.5505597138970815
2026-01-24 20:35:00+00:00,0,0.5341490625990372
2026-01-24 20:40:00+00:00,0,0.5206487655000746
2026-01-24 20:45:00+00:00,0,0.5236820962784688
2026-01-24 20:50:00+00:00,0,0.5294430702657095
2026-01-24 20:55:00+00:00,0,0.5256048602130117
2026-01-24 21:00:00+00:00,0,0.5252628345258195
2026-01-24 21:05:00+00:00,0,0.537854758550764
2026-01-24 21:10:00+00:00,0,0.523224861275771
2026-01-24 21:15:00+00:00,0,0.5297484163223062
2026-01-24 21:20:00+00:00,0,0.5217255940546944
2026-01-24 21:25:00+00:00,0,0.518329014048696
2026-01-24 21:30:00+00:00,0,0.5004427375188462
2026-01-24 21:35:00+00:00,0,0.5024783332510379
2026-01-24 21:40:00+00:00,1,0.4933641533381004
2026-01-24 21:45:00+00:00,1,0.5035119571371889
2026-01-24 21:50:00+00:00,1,0.5059216568507696
2026-01-24 21:55:00+00:00,1,0.49847034768250276
2026-01-24 22:00:00+00:00,1,0.5084107560840306
2026-01-24 22:05:00+00:00,1,0.5318448679220671
2026-01-24 22:10:00+00:00,0,0.5317343202484568
2026-01-24 22:15:00+00:00,1,0.5457328233245962
2026-01-24 22:20:00+00:00,1,0.561358652976246
2026-01-24 22:25:00+00:00,1,0.5557127878885946
2026-01-24 22:30:00+00:00,1,0.5673487798510668
2026-01-24 22:35:00+00:00,1,0.5495932726150985
2026-01-24 22:40:00+00:00,1,0.5686871175478426
2026-01-24 22:45:00+00:00,0,0.5401522055419871
2026-01-24 22:50:00+00:00,0,0.5142573125593047
2026-01-24 22:55:00+00:00,0,0.5233959225293484
2026-01-24 23:00:00+00:00,0,0.5179126661693962
2026-01-24 23:05:00+00:00,0,0.5142996894664043
2026-01-24 23:10:00+00:00,0,0.5153507458019991
2026-01-24 23:15:00+00:00,0,0.513275328750701
2026-01-24 23:20:00+00:00,0,0.5104094506875878
2026-01-24 23:25:00+00:00,0,0.48258484866069834
2026-01-24 23:30:00+00:00,0,0.47180303124456396
2026-01-24 23:35:00+00:00,1,0.4649419822253974
2026-01-24 23:40:00+00:00,1,0.4781370107334362
2026-01-24 23:45:00+00:00,0,0.5059056020238738
2026-01-24 23:50:00+00:00,0,0.49320042112383
2026-01-24 23:55:00+00:00,0,0.47590550446137625
2026-01-25 00:00:00+00:00,0,0.5329159653303398
2026-01-25 00:05:00+00:00,0,0.5296024046069717
2026-01-25 00:10:00+00:00,0,0.5273607650439752
2026-01-25 00:15:00+00:00,0,0.5352225466030552
2026-01-25 00:20:00+00:00,0,0.5295948834398011
2026-01-25 00:25:00+00:00,1,0.5173040227284502
2026-01-25 00:30:00+00:00,1,0.5219026536660162
2026-01-25 00:35:00+00:00,1,0.5401087968111907
2026-01-25 00:40:00+00:00,1,0.5557158163857937
2026-01-25 00:45:00+00:00,1,0.546898610958334
2026-01-25 00:50:00+00:00,1,0.5481335498609373
2026-01-25 00:55:00+00:00,0,0.5072449639721136
2026-01-25 01:00:00+00:00,0,0.504769176412008
2026-01-25 01:05:00+00:00,0,0.504692824454454
2026-01-25 01:10:00+00:00,0,0.5265993667399835
2026-01-25 01:15:00+00:00,0,0.5542307013522936
2026-01-25 01:20:00+00:00,0,0.5513453610093965
2026-01-25 01:25:00+00:00,1,0.5551379357193171
2026-01-25 01:30:00+00:00,1,0.5549123603175995
2026-01-25 01:35:00+00:00,1,0.5640653211327538
2026-01-25 01:40:00+00:00,1,0.5533828436755397
2026-01-25 01:45:00+00:00,1,0.5489261946169127
2026-01-25 01:50:00+00:00,1,0.54822721522045
2026-01-25 01:55:00+00:00,1,0.5384435778668106
2026-01-25 02:00:00+00:00,0,0.49065249191163524
2026-01-25 02:05:00+00:00,0,0.5064266477280864
2026-01-25 02:10:00+00:00,0,0.48806069867331664
2026-01-25 02:15:00+00:00,0,0.5179737265201523
2026-01-25 02:20:00+00:00,0,0.5242088789284527
2026-01-25 02:25:00+00:00,0,0.5161918010227315
2026-01-25 02:30:00+00:00,0,0.507487317710888
2026-01-25 02:35:00+00:00,0,0.5139793475574228
2026-01-25 02:40:00+00:00,0,0.5280708360120724
2026-01-25 02:45:00+00:00,0,0.5386244096678326
2026-01-25 02:50:00+00:00,0,0.5156630996976839
2026-01-25 02:55:00+00:00,0,0.5150830931651622
2026-01-25 03:00:00+00:00,0,0.5135648941450499
2026-01-25 03:05:00+00:00,0,0.5184691169530771
2026-01-25 03:10:00+00:00,0,0.5163706153350918
2026-01-25 03:15:00+00:00,0,0.5073852381320862
2026-01-25 03:20:00+00:00,0,0.519612588724673
2026-01-25 03:25:00+00:00,0,0.5336808755119867
2026-01-25 03:30:00+00:00,1,0.5258654377920552
2026-01-25 03:35:00+00:00,1,0.5158439383207851
2026-01-25 03:40:00+00:00,1,0.5104931620860406
2026-01-25 03:45:00+00:00,1,0.5293694000644363
2026-01-25 03:50:00+00:00,1,0.5275991675235309
2026-01-25 03:55:00+00:00,1,0.5154484438945484
2026-01-25 04:00:00+00:00,1,0.5071622289466655
2026-01-25 04:05:00+00:00,1,0.49841975537868966
2026-01-25 04:10:00+00:00,1,0.49778542534591247
2026-01-25 04:15:00+00:00,1,0.5009419428864011
2026-01-25 04:20:00+00:00,1,0.5091172763624251
2026-01-25 04:25:00+00:00,1,0.5107095693170945
2026-01-25 04:30:00+00:00,0,0.4911093497363536
2026-01-25 04:35:00+00:00,0,0.5013474751875597
2026-01-25 04:40:00+00:00,0,0.49017928774737696
2026-01-25 04:45:00+00:00,0,0.5092367645404459
2026-01-25 04:50:00+00:00,0,0.5243595429100782
2026-01-25 04:55:00+00:00,1,0.5260297403590569
2026-01-25 05:00:00+00:00,0,0.5224049908168065
2026-01-25 05:05:00+00:00,0,0.5372603084316232
2026-01-25 05:10:00+00:00,0,0.5381656400642993
2026-01-25 05:15:00+00:00,1,0.5493813315979076
2026-01-25 05:20:00+00:00,1,0.5331928574877451
2026-01-25 05:25:00+00:00,1,0.531145882638279
2026-01-25 05:30:00+00:00,1,0.5397507668757514
2026-01-25 05:35:00+00:00,0,0.5488687671594332
2026-01-25 05:40:00+00:00,0,0.5306818836039591
2026-01-25 05:45:00+00:00,0,0.5258532268820156
2026-01-25 05:50:00+00:00,0,0.5029895868940234
2026-01-25 05:55:00+00:00,0,0.501550648070366
2026-01-25 06:00:00+00:00,0,0.5205524510486939
2026-01-25 06:05:00+00:00,0,0.5307227373195891
2026-01-25 06:10:00+00:00,1,0.5247907383585254
2026-01-25 06:15:00+00:00,1,0.537178037271187
2026-01-25 06:20:00+00:00,1,0.5403220569982364
2026-01-25 06:25:00+00:00,1,0.5425316297594053
2026-01-25 06:30:00+00:00,0,0.525030578960877
2026-01-25 06:35:00+00:00,1,0.5163091006981314
2026-01-25 06:40:00+00:00,0,0.5406183077513704
2026-01-25 06:45:00+00:00,0,0.5437287233620534
2026-01-25 06:50:00+00:00,0,0.5390333583852054
2026-01-25 06:55:00+00:00,0,0.5450338499342934
2026-01-25 07:00:00+00:00,0,0.5387787093361612
2026-01-25 07:05:00+00:00,1,0.5213331115308231
2026-01-25 07:10:00+00:00,1,0.5326811369526164
2026-01-25 07:15:00+00:00,1,0.5312662868162483
2026-01-25 07:20:00+00:00,0,0.5383227289773809
2026-01-25 07:25:00+00:00,0,0.5179279454338331
2026-01-25 07:30:00+00:00,1,0.514483746216412
2026-01-25 07:35:00+00:00,1,0.4975767670981563
2026-01-25 07:40:00+00:00,1,0.5171093168762841
2026-01-25 07:45:00+00:00,1,0.5153152477083447
2026-01-25 07:50:00+00:00,1,0.5450373518110491
2026-01-25 07:55:00+00:00,1,0.5130941422974599
2026-01-25 08:00:00+00:00,1,0.5122641332305048
2026-01-25 08:05:00+00:00,0,0.5232096066373965
2026-01-25 08:10:00+00:00,0,0.5299438761893048
2026-01-25 08:15:00+00:00,0,0.5294801473287393
2026-01-25 08:20:00+00:00,0,0.5292250555378726
2026-01-25 08:25:00+00:00,0,0.5359236125877588
2026-01-25 08:30:00+00:00,0,0.5203626644139488
2026-01-25 08:35:00+00:00,0,0.5037378871725827
2026-01-25 08:40:00+00:00,0,0.5111410936089184
2026-01-25 08:45:00+00:00,1,0.4953737908834205
2026-01-25 08:50:00+00:00,1,0.49317375481346315
2026-01-25 08:55:00+00:00,1,0.5059284679857651
2026-01-25 09:00:00+00:00,1,0.518030017291577
2026-01-25 09:05:00+00:00,1,0.513809742133941
2026-01-25 09:10:00+00:00,1,0.4868269333482496
2026-01-25 09:15:00+00:00,1,0.47575951084608514
2026-01-25 09:20:00+00:00,1,0.47746420857158783
2026-01-25 09:25:00+00:00,1,0.48267610755470125
2026-01-25 09:30:00+00:00,1,0.48935117383254106
2026-01-25 09:35:00+00:00,0,0.47658119022860684
2026-01-25 09:40:00+00:00,0,0.4780294520879218
2026-01-25 09:45:00+00:00,0,0.4832517391416596
2026-01-25 09:50:00+00:00,1,0.48642119161013553
2026-01-25 09:55:00+00:00,1,0.494504897129448
2026-01-25 10:00:00+00:00,1,0.5276338911982427
2026-01-25 10:05:00+00:00,1,0.5268218993998669
2026-01-25 10:10:00+00:00,1,0.5529931866270018
2026-01-25 10:15:00+00:00,1,0.5192617538548675
2026-01-25 10:20:00+00:00,0,0.49059813876639174
2026-01-25 10:25:00+00:00,0,0.500285041078179
2026-01-25 10:30:00+00:00,0,0.5045467843225482
2026-01-25 10:35:00+00:00,0,0.5128892955790189
2026-01-25 10:40:00+00:00,0,0.5068969379860786
2026-01-25 10:45:00+00:00,0,0.5118557473244039
2026-01-25 10:50:00+00:00,0,0.521417677837409
2026-01-25 10:55:00+00:00,0,0.514377805803103
2026-01-25 11:00:00+00:00,1,0.522327147311088
2026-01-25 11:05:00+00:00,0,0.5234816882073603
2026-01-25 11:10:00+00:00,0,0.5321947928020999
2026-01-25 11:15:00+00:00,0,0.5385614751426465
2026-01-25 11:20:00+00:00,0,0.5342837879055371
2026-01-25 11:25:00+00:00,0,0.5226658992016764
2026-01-25 11:30:00+00:00,0,0.5300497488018349
2026-01-25 11:35:00+00:00,1,0.5167579810398181
2026-01-25 11:40:00+00:00,1,0.5074461261922324
2026-01-25 11:45:00+00:00,0,0.5047883548846112
2026-01-25 11:50:00+00:00,1,0.5063798194508806
2026-01-25 11:55:00+00:00,0,0.5212178545084944
2026-01-25 12:00:00+00:00,1,0.5306598445220055
2026-01-25 12:05:00+00:00,1,0.5261034991968264
2026-01-25 12:10:00+00:00,1,0.519295921860508
2026-01-25 12:15:00+00:00,1,0.5285886976013672
2026-01-25 12:20:00+00:00,1,0.4953032092658882
2026-01-25 12:25:00+00:00,1,0.4976808811261277
2026-01-25 12:30:00+00:00,1,0.5015852739761083
2026-01-25 12:35:00+00:00,1,0.5004516090728861
2026-01-25 12:40:00+00:00,0,0.4964747526998218
2026-01-25 12:45:00+00:00,0,0.4990692422566818
2026-01-25 12:50:00+00:00,0,0.509135386869296
2026-01-25 12:55:00+00:00,0,0.5074180240379652
2026-01-25 13:00:00+00:00,0,0.5184177454708149
2026-01-25 13:05:00+00:00,0,0.5177857972580323
2026-01-25 13:10:00+00:00,0,0.5024759909448137
2026-01-25 13:15:00+00:00,1,0.5220874439532204
2026-01-25 13:20:00+00:00,1,0.5110914758777395
2026-01-25 13:25:00+00:00,1,0.493876990870982
2026-01-25 13:30:00+00:00,1,0.5087931384044935
2026-01-25 13:35:00+00:00,0,0.5210104901050526
2026-01-25 13:40:00+00:00,0,0.5150596116718956
2026-01-25 13:45:00+00:00,0,0.5164520462962191
2026-01-25 13:50:00+00:00,0,0.4986181303424914
2026-01-25 13:55:00+00:00,0,0.5027761107385448
2026-01-25 14:00:00+00:00,0,0.49432405980127775
2026-01-25 14:05:00+00:00,0,0.4995397508932531
2026-01-25 14:10:00+00:00,0,0.4942625892490532
2026-01-25 14:15:00+00:00,0,0.4948132165796559
2026-01-25 14:20:00+00:00,0,0.5002681126962946
2026-01-25 14:25:00+00:00,1,0.5244580151081497
2026-01-25 14:30:00+00:00,1,0.5200633318553791
2026-01-25 14:35:00+00:00,1,0.5242964601025855
2026-01-25 14:40:00+00:00,1,0.5146901284152091
2026-01-25 14:45:00+00:00,1,0.5128872714025903
2026-01-25 14:50:00+00:00,0,0.5104808559477803
2026-01-25 14:55:00+00:00,1,0.5083918188384814
2026-01-25 15:00:00+00:00,0,0.5019707519927412
2026-01-25 15:05:00+00:00,0,0.4887639972296087
2026-01-25 15:10:00+00:00,0,0.4786528255502984
2026-01-25 15:15:00+00:00,0,0.5082661581810552
2026-01-25 15:20:00+00:00,0,0.5058747934671438
2026-01-25 15:25:00+00:00,0,0.5070447384282836
2026-01-25 15:30:00+00:00,0,0.5180952240574764
2026-01-25 15:35:00+00:00,0,0.5108713207276809
2026-01-25 15:40:00+00:00,0,0.5059171198642787
2026-01-25 15:45:00+00:00,0,0.51678079057095
2026-01-25 15:50:00+00:00,0,0.5256034043069405
2026-01-25 15:55:00+00:00,0,0.5156928535131576
2026-01-25 16:00:00+00:00,0,0.4817970387647378
2026-01-25 16:05:00+00:00,0,0.47182900865306443
2026-01-25 16:10:00+00:00,1,0.49406758857123667
2026-01-25 16:15:00+00:00,0,0.4917377951460063
2026-01-25 16:20:00+00:00,0,0.4904114224256919
2026-01-25 16:25:00+00:00,0,0.45621675326071287
2026-01-25 16:30:00+00:00,1,0.47077915601224024
2026-01-25 16:35:00+00:00,0,0.469722098271605
2026-01-25 16:40:00+00:00,0,0.46446851963239394
2026-01-25 16:45:00+00:00,0,0.47040999303458403
2026-01-25 16:50:00+00:00,0,0.46643996507923924
2026-01-25 16:55:00+00:00,0,0.48612547341749707
2026-01-25 17:00:00+00:00,0,0.4972412975821733
2026-01-25 17:05:00+00:00,1,0.49847137740764635
2026-01-25 17:10:00+00:00,1,0.5014552909658321
2026-01-25 17:15:00+00:00,1,0.5204148337329216
2026-01-25 17:20:00+00:00,1,0.5149880701505678
2026-01-25 17:25:00+00:00,1,0.5044257153663914
2026-01-25 17:30:00+00:00,0,0.5167619258051541
2026-01-25 17:35:00+00:00,0,0.5109656265991822
2026-01-25 17:40:00+00:00,0,0.5226796082955893
2026-01-25 17:45:00+00:00,0,0.5193548680251485
2026-01-25 17:50:00+00:00,0,0.5273341735697891
2026-01-25 17:55:00+00:00,0,0.523836535135377
2026-01-25 18:00:00+00:00,0,0.4854745389430691
2026-01-25 18:05:00+00:00,0,0.47495359002244447
2026-01-25 18:10:00+00:00,0,0.5014145658567207
2026-01-25 18:15:00+00:00,0,0.4932676244701413
2026-01-25 18:20:00+00:00,0,0.48178737096372737
2026-01-25 18:25:00+00:00,1,0.4940463858202378
2026-01-25 18:30:00+00:00,1,0.5188963687137035
2026-01-25 18:35:00+00:00,1,0.5409383809777556
2026-01-25 18:40:00+00:00,1,0.5427400783378082
2026-01-25 18:45:00+00:00,0,0.5346319533595596
2026-01-25 18:50:00+00:00,0,0.503684106295983
2026-01-25 18:55:00+00:00,0,0.507385000552826
2026-01-25 19:00:00+00:00,0,0.5100220474831529
2026-01-25 19:05:00+00:00,0,0.5325110063359522
2026-01-25 19:10:00+00:00,0,0.5348074592225013
2026-01-25 19:15:00+00:00,0,0.5451664579560225
2026-01-25 19:20:00+00:00,0,0.5434770767507217
2026-01-25 19:25:00+00:00,0,0.5227874956378055
2026-01-25 19:30:00+00:00,0,0.5085345263375463
2026-01-25 19:35:00+00:00,0,0.5246729585224261
2026-01-25 19:40:00+00:00,0,0.5236586348138011
2026-01-25 19:45:00+00:00,0,0.5207185546751658
2026-01-25 19:50:00+00:00,1,0.5277638826173585
2026-01-25 19:55:00+00:00,1,0.5232990901110827
2026-01-25 20:00:00+00:00,0,0.5350812356471624
2026-01-25 20:05:00+00:00,0,0.5180656268165893
2026-01-25 20:10:00+00:00,1,0.5438753169672638
2026-01-25 20:15:00+00:00,0,0.5107682597444985
2026-01-25 20:20:00+00:00,1,0.4980755792581117
2026-01-25 20:25:00+00:00,0,0.5183058139584849
2026-01-25 20:30:00+00:00,1,0.5159306200158037
2026-01-25 20:35:00+00:00,1,0.5069829325588565
2026-01-25 20:40:00+00:00,1,0.5555672698711904
2026-01-25 20:45:00+00:00,1,0.5592004009264464
2026-01-25 20:50:00+00:00,0,0.543358876365966
2026-01-25 20:55:00+00:00,1,0.5442949109847556
2026-01-25 21:00:00+00:00,0,0.5438437306451398
2026-01-25 21:05:00+00:00,0,0.5374228529914975
2026-01-25 21:10:00+00:00,0,0.5367589755592663
2026-01-25 21:15:00+00:00,1,0.538372337975388
2026-01-25 21:20:00+00:00,1,0.531374153785274
2026-01-25 21:25:00+00:00,1,0.5213965109618083
2026-01-25 21:30:00+00:00,1,0.549630661559823
2026-01-25 21:35:00+00:00,1,0.5425001409997743
2026-01-25 21:40:00+00:00,1,0.5312665347896467
2026-01-25 21:45:00+00:00,0,0.5185879727467113
2026-01-25 21:50:00+00:00,0,0.5182157249893697
2026-01-25 21:55:00+00:00,0,0.5306318417512658
2026-01-25 22:00:00+00:00,0,0.5351793882461092
2026-01-25 22:05:00+00:00,1,0.5382415080727625
2026-01-25 22:10:00+00:00,1,0.5390022833146303
2026-01-25 22:15:00+00:00,0,0.5346516383717616
2026-01-25 22:20:00+00:00,1,0.5235163734598155
2026-01-25 22:25:00+00:00,1,0.5145606059070541
2026-01-25 22:30:00+00:00,1,0.5185991485637937
2026-01-25 22:35:00+00:00,1,0.5145862256510692
2026-01-25 22:40:00+00:00,1,0.498929402572152
2026-01-25 22:45:00+00:00,1,0.511682067373118
2026-01-25 22:50:00+00:00,1,0.5110671928555024
2026-01-25 22:55:00+00:00,1,0.5121763866422655
2026-01-25 23:00:00+00:00,1,0.5082019020567702
2026-01-25 23:05:00+00:00,0,0.518320945443718
2026-01-25 23:10:00+00:00,1,0.51558594500515
2026-01-25 23:15:00+00:00,1,0.5099958054240742
2026-01-25 23:20:00+00:00,0,0.481664244717782
2026-01-25 23:25:00+00:00,0,0.4666084056419927
2026-01-25 23:30:00+00:00,1,0.48240927364158964
2026-01-25 23:35:00+00:00,1,0.48695577657311534
2026-01-25 23:40:00+00:00,1,0.4948430643785141
2026-01-25 23:45:00+00:00,1,0.48949974560220344
2026-01-25 23:50:00+00:00,1,0.5222258124826193
2026-01-25 23:55:00+00:00,1,0.5179422188584152
2026-01-26 00:00:00+00:00,0,0.5048656569977042
2026-01-26 00:05:00+00:00,0,0.490319759156103
2026-01-26 00:10:00+00:00,0,0.4969840422095742
2026-01-26 00:15:00+00:00,0,0.48982337954373795
2026-01-26 00:20:00+00:00,1,0.4888553545521051
2026-01-26 00:25:00+00:00,1,0.505399501195057
2026-01-26 00:30:00+00:00,1,0.49607856443447185
2026-01-26 00:35:00+00:00,1,0.5072463668325307
2026-01-26 00:40:00+00:00,1,0.5135814482194884
2026-01-26 00:45:00+00:00,1,0.4962183737512074
2026-01-26 00:50:00+00:00,1,0.47235517123752224
2026-01-26 00:55:00+00:00,1,0.4789229719895246
2026-01-26 01:00:00+00:00,1,0.48156428644395666
2026-01-26 01:05:00+00:00,1,0.47497190381752974
2026-01-26 01:10:00+00:00,1,0.5070361514642042
2026-01-26 01:15:00+00:00,1,0.4903819387600429
2026-01-26 01:20:00+00:00,1,0.47290901483666276
2026-01-26 01:25:00+00:00,1,0.48581424088315533
2026-01-26 01:30:00+00:00,1,0.4838066611943781
2026-01-26 01:35:00+00:00,0,0.4999913516986945
2026-01-26 01:40:00+00:00,0,0.48809952927712064
2026-01-26 01:45:00+00:00,0,0.4851672810724156
2026-01-26 01:50:00+00:00,0,0.4866648980094973
2026-01-26 01:55:00+00:00,1,0.49510012127652026
2026-01-26 02:00:00+00:00,1,0.5085144240647854
2026-01-26 02:05:00+00:00,1,0.5044660755151003
2026-01-26 02:10:00+00:00,1,0.5025237196558412
2026-01-26 02:15:00+00:00,1,0.4817250984475118
2026-01-26 02:20:00+00:00,1,0.47775560944072903
2026-01-26 02:25:00+00:00,0,0.47760376084806677
2026-01-26 02:30:00+00:00,0,0.46964506189456035
2026-01-26 02:35:00+00:00,0,0.4679227595545016
2026-01-26 02:40:00+00:00,1,0.49839706749623935
2026-01-26 02:45:00+00:00,0,0.504255561692095
2026-01-26 02:50:00+00:00,0,0.490464015840152
2026-01-26 02:55:00+00:00,0,0.5042947340125794
2026-01-26 03:00:00+00:00,0,0.46935294451285514
2026-01-26 03:05:00+00:00,0,0.4653446223885387
2026-01-26 03:10:00+00:00,0,0.4969391202745228
2026-01-26 03:15:00+00:00,0,0.4973288111417332
2026-01-26 03:20:00+00:00,0,0.5121239577255577
2026-01-26 03:25:00+00:00,0,0.5192002080544047
2026-01-26 03:30:00+00:00,1,0.5070087161427426
2026-01-26 03:35:00+00:00,1,0.5046539355618413
2026-01-26 03:40:00+00:00,1,0.5033405426377402
2026-01-26 03:45:00+00:00,1,0.5193924364612758
2026-01-26 03:50:00+00:00,1,0.5015148792678071
2026-01-26 03:55:00+00:00,1,0.5130293811270396
2026-01-26 04:00:00+00:00,1,0.5070536082260779
2026-01-26 04:05:00+00:00,1,0.48081003411778184
2026-01-26 04:10:00+00:00,1,0.4894765641888552
2026-01-26 04:15:00+00:00,1,0.49381577053148096
2026-01-26 04:20:00+00:00,0,0.5191903213513485
2026-01-26 04:25:00+00:00,0,0.5124410264204423
2026-01-26 04:30:00+00:00,0,0.511170726158865
2026-01-26 04:35:00+00:00,0,0.5042237779886776
2026-01-26 04:40:00+00:00,1,0.4899354671923155
2026-01-26 04:45:00+00:00,0,0.48310424118955025
2026-01-26 04:50:00+00:00,0,0.4862251004158544
2026-01-26 04:55:00+00:00,1,0.5010371533746676
2026-01-26 05:00:00+00:00,1,0.5064191692405279
2026-01-26 05:05:00+00:00,0,0.5147556351206202
2026-01-26 05:10:00+00:00,0,0.51628087523887
2026-01-26 05:15:00+00:00,0,0.5181740025012235
2026-01-26 05:20:00+00:00,0,0.4817440044613789
2026-01-26 05:25:00+00:00,0,0.4653372686979347
2026-01-26 05:30:00+00:00,0,0.4513468323201194
2026-01-26 05:35:00+00:00,0,0.4831696793038449
2026-01-26 05:40:00+00:00,0,0.47030691350234
2026-01-26 05:45:00+00:00,0,0.4671469932071888
2026-01-26 05:50:00+00:00,0,0.4898252232497777
2026-01-26 05:55:00+00:00,1,0.47805142444797927
2026-01-26 06:00:00+00:00,1,0.4676113535659472
2026-01-26 06:05:00+00:00,1,0.47379748744854283
2026-01-26 06:10:00+00:00,1,0.48117125931280513
2026-01-26 06:15:00+00:00,1,0.455502438076946
2026-01-26 06:20:00+00:00,0,0.46131612098009417
2026-01-26 06:25:00+00:00,0,0.4535803192194514
2026-01-26 06:30:00+00:00,0,0.46206758816749055
2026-01-26 06:35:00+00:00,0,0.4781746090208174
2026-01-26 06:40:00+00:00,0,0.47501144378460536
2026-01-26 06:45:00+00:00,0,0.46601568995048837
2026-01-26 06:50:00+00:00,1,0.4878574100739094
2026-01-26 06:55:00+00:00,0,0.4857494935433647
2026-01-26 07:00:00+00:00,1,0.4906078442649276
2026-01-26 07:05:00+00:00,1,0.4979447144890121
2026-01-26 07:10:00+00:00,1,0.47107771122784065
2026-01-26 07:15:00+00:00,1,0.47474748124073946
2026-01-26 07:20:00+00:00,1,0.4740245408220673
2026-01-26 07:25:00+00:00,1,0.47276797952076693
2026-01-26 07:30:00+00:00,1,0.4768680499656077
2026-01-26 07:35:00+00:00,0,0.491121074825137
2026-01-26 07:40:00+00:00,0,0.48612626491127703
2026-01-26 07:45:00+00:00,0,0.49344027256025313
2026-01-26 07:50:00+00:00,1,0.4948461079961602
2026-01-26 07:55:00+00:00,1,0.4861823367689015
2026-01-26 08:00:00+00:00,1,0.48763551676652306
2026-01-26 08:05:00+00:00,1,0.49189195943145897
2026-01-26 08:10:00+00:00,1,0.4987600177655263
2026-01-26 08:15:00+00:00,1,0.5041006596634676
2026-01-26 08:20:00+00:00,0,0.4936240664295007
2026-01-26 08:25:00+00:00,0,0.5003833750470309
2026-01-26 08:30:00+00:00,0,0.4957243255433264
2026-01-26 08:35:00+00:00,0,0.5067037570121558
2026-01-26 08:40:00+00:00,0,0.5154879659538287
2026-01-26 08:45:00+00:00,0,0.5399373033321715
2026-01-26 08:50:00+00:00,0,0.5285012636797434
2026-01-26 08:55:00+00:00,0,0.5403451146127727
2026-01-26 09:00:00+00:00,0,0.5294630860563613
2026-01-26 09:05:00+00:00,0,0.5144410536295778
2026-01-26 09:10:00+00:00,1,0.4852281517648272
2026-01-26 09:15:00+00:00,0,0.5020520884076897
2026-01-26 09:20:00+00:00,0,0.503173280072358
2026-01-26 09:25:00+00:00,0,0.513926985051412
2026-01-26 09:30:00+00:00,1,0.5009927052260241
2026-01-26 09:35:00+00:00,1,0.49155108057467467
2026-01-26 09:40:00+00:00,1,0.49825644803850855
2026-01-26 09:45:00+00:00,1,0.5070093610147011
2026-01-26 09:50:00+00:00,1,0.49977443978106456
2026-01-26 09:55:00+00:00,1,0.5132178284638873
2026-01-26 10:00:00+00:00,1,0.4941926331884388
2026-01-26 10:05:00+00:00,1,0.494308785490042
2026-01-26 10:10:00+00:00,1,0.49316385536573737
2026-01-26 10:15:00+00:00,1,0.4978911805248273
2026-01-26 10:20:00+00:00,1,0.5017954845693875
2026-01-26 10:25:00+00:00,0,0.48933080905364273
2026-01-26 10:30:00+00:00,0,0.4880714425277431
2026-01-26 10:35:00+00:00,1,0.4883625316337546
2026-01-26 10:40:00+00:00,1,0.5002477216900303
2026-01-26 10:45:00+00:00,1,0.5154650734802523
2026-01-26 10:50:00+00:00,1,0.5030171850533187
2026-01-26 10:55:00+00:00,1,0.5264789112489326
2026-01-26 11:00:00+00:00,0,0.5118053751159323
2026-01-26 11:05:00+00:00,0,0.5067272103651006
2026-01-26 11:10:00+00:00,0,0.49733990027796127
2026-01-26 11:15:00+00:00,0,0.4723090596704213
2026-01-26 11:20:00+00:00,0,0.4888756619357283
2026-01-26 11:25:00+00:00,0,0.47137372687801926
2026-01-26 11:30:00+00:00,1,0.4799711761442312
2026-01-26 11:35:00+00:00,1,0.4730511658413257
2026-01-26 11:40:00+00:00,1,0.492254035158067
2026-01-26 11:45:00+00:00,1,0.49821631151321133
2026-01-26 11:50:00+00:00,1,0.5254301935292907
2026-01-26 11:55:00+00:00,1,0.512761409772461
2026-01-26 12:00:00+00:00,0,0.484461619508761
2026-01-26 12:05:00+00:00,0,0.49684779424683834
2026-01-26 12:10:00+00:00,0,0.47868178636172176
2026-01-26 12:15:00+00:00,0,0.4849395625738225
2026-01-26 12:20:00+00:00,1,0.503150061047422
2026-01-26 12:25:00+00:00,1,0.5022707954569203
2026-01-26 12:30:00+00:00,0,0.5009233624620395
2026-01-26 12:35:00+00:00,1,0.5092667863029916
2026-01-26 12:40:00+00:00,1,0.49504618425399016
2026-01-26 12:45:00+00:00,1,0.5004595753660674
2026-01-26 12:50:00+00:00,1,0.4949409808035143
2026-01-26 12:55:00+00:00,1,0.504741183737144
2026-01-26 13:00:00+00:00,1,0.5089048918493899
2026-01-26 13:05:00+00:00,1,0.4938058028685036
2026-01-26 13:10:00+00:00,1,0.49651969671948387
2026-01-26 13:15:00+00:00,0,0.5030037537251073
2026-01-26 13:20:00+00:00,1,0.4968373728412494
2026-01-26 13:25:00+00:00,1,0.4993471680998281
2026-01-26 13:30:00+00:00,1,0.5045403801274448
2026-01-26 13:35:00+00:00,1,0.5257406187163501
2026-01-26 13:40:00+00:00,0,0.5116567904103487
2026-01-26 13:45:00+00:00,0,0.5108684478813247
2026-01-26 13:50:00+00:00,0,0.514636944829809
2026-01-26 13:55:00+00:00,0,0.5004388675296239
2026-01-26 14:00:00+00:00,1,0.5123025836177245
2026-01-26 14:05:00+00:00,1,0.4947851451998293
2026-01-26 14:10:00+00:00,1,0.49112749449920823
2026-01-26 14:15:00+00:00,1,0.48954936608095406
2026-01-26 14:20:00+00:00,1,0.48957190291763586
2026-01-26 14:25:00+00:00,1,0.4979851790005699
2026-01-26 14:30:00+00:00,1,0.48220439263898807
2026-01-26 14:35:00+00:00,1,0.46176540997180215
2026-01-26 14:40:00+00:00,1,0.4700467818811718
2026-01-26 14:45:00+00:00,1,0.4668277699760985
2026-01-26 14:50:00+00:00,1,0.4875858201611326
2026-01-26 14:55:00+00:00,1,0.46832794755962687
2026-01-26 15:00:00+00:00,1,0.47838233581607464
2026-01-26 15:05:00+00:00,1,0.47364703105496325
2026-01-26 15:10:00+00:00,0,0.5044279783423385
2026-01-26 15:15:00+00:00,0,0.5164013724676486
2026-01-26 15:20:00+00:00,0,0.498725980154266
2026-01-26 15:25:00+00:00,0,0.4962875205181256
2026-01-26 15:30:00+00:00,0,0.5008744219290402
2026-01-26 15:35:00+00:00,0,0.49696308617734625
2026-01-26 15:40:00+00:00,1,0.5178449600912224
2026-01-26 15:45:00+00:00,1,0.5161456696692451
2026-01-26 15:50:00+00:00,1,0.5285406497652338
2026-01-26 15:55:00+00:00,1,0.5106982248045414
2026-01-26 16:00:00+00:00,1,0.52578845888599
2026-01-26 16:05:00+00:00,1,0.5221822536413713
2026-01-26 16:10:00+00:00,1,0.504870443113315
2026-01-26 16:15:00+00:00,1,0.5217842568814994
2026-01-26 16:20:00+00:00,1,0.49668825991874754
2026-01-26 16:25:00+00:00,1,0.4999325889223424
2026-01-26 16:30:00+00:00,1,0.4918084656033297
2026-01-26 16:35:00+00:00,1,0.49524033317328403
2026-01-26 16:40:00+00:00,1,0.49337887256332813
2026-01-26 16:45:00+00:00,0,0.495842815825421
2026-01-26 16:50:00+00:00,0,0.4808877215322519
2026-01-26 16:55:00+00:00,0,0.4880483489090153
2026-01-26 17:00:00+00:00,0,0.4824248531360007
2026-01-26 17:05:00+00:00,0,0.4885082459783895
2026-01-26 17:10:00+00:00,0,0.4991824561565379
2026-01-26 17:15:00+00:00,1,0.4940386243062791
2026-01-26 17:20:00+00:00,1,0.515982698659113
2026-01-26 17:25:00+00:00,1,0.511533560124376
2026-01-26 17:30:00+00:00,1,0.5082394602469649
2026-01-26 17:35:00+00:00,1,0.49916080915415467
2026-01-26 17:40:00+00:00,1,0.5130125094528405
2026-01-26 17:45:00+00:00,1,0.5067420992124902
2026-01-26 17:50:00+00:00,1,0.49979242053106326
2026-01-26 17:55:00+00:00,1,0.49662035704301477
2026-01-26 18:00:00+00:00,1,0.48463121082456573
2026-01-26 18:05:00+00:00,1,0.4863326718919288
2026-01-26 18:10:00+00:00,1,0.4908819596243308
2026-01-26 18:15:00+00:00,1,0.4911701868201409
2026-01-26 18:20:00+00:00,0,0.47982006680791145
2026-01-26 18:25:00+00:00,0,0.48845009119763416
2026-01-26 18:30:00+00:00,0,0.46361730321860667
2026-01-26 18:35:00+00:00,1,0.47014698540692257
2026-01-26 18:40:00+00:00,1,0.4882983496374231
2026-01-26 18:45:00+00:00,0,0.47614833012351104
2026-01-26 18:50:00+00:00,0,0.49724975020340656
2026-01-26 18:55:00+00:00,0,0.4974279005866349
2026-01-26 19:00:00+00:00,0,0.5043549067578726
2026-01-26 19:05:00+00:00,0,0.506542309354262
2026-01-26 19:10:00+00:00,0,0.5040410974158752
2026-01-26 19:15:00+00:00,1,0.48726134794709464
2026-01-26 19:20:00+00:00,0,0.4934772687845113
2026-01-26 19:25:00+00:00,1,0.4937254507874325
2026-01-26 19:30:00+00:00,0,0.4953305910191348
2026-01-26 19:35:00+00:00,0,0.4884875377739229
2026-01-26 19:40:00+00:00,0,0.48383980429356077
2026-01-26 19:45:00+00:00,0,0.4592731610064322
2026-01-26 19:50:00+00:00,0,0.4991735733036425
2026-01-26 19:55:00+00:00,0,0.4921093022936913
2026-01-26 20:00:00+00:00,0,0.48765109471515605
2026-01-26 20:05:00+00:00,0,0.4854407277684225
2026-01-26 20:10:00+00:00,0,0.49455812012904554
2026-01-26 20:15:00+00:00,0,0.49288809287548246
2026-01-26 20:20:00+00:00,0,0.49149941631461574
2026-01-26 20:25:00+00:00,0,0.4938231246560124
2026-01-26 20:30:00+00:00,0,0.4954330352306548
2026-01-26 20:35:00+00:00,0,0.4873472527484925
2026-01-26 20:40:00+00:00,1,0.4947632628975196
2026-01-26 20:45:00+00:00,1,0.4986434774699433
2026-01-26 20:50:00+00:00,1,0.5252437822366667
2026-01-26 20:55:00+00:00,1,0.5136436953430781
2026-01-26 21:00:00+00:00,1,0.5187512689021638
2026-01-26 21:05:00+00:00,1,0.503242371300103
2026-01-26 21:10:00+00:00,1,0.4957822354596785
2026-01-26 21:15:00+00:00,1,0.5023321708753166
2026-01-26 21:20:00+00:00,1,0.5025148143734878
2026-01-26 21:25:00+00:00,1,0.48890592232401175
2026-01-26 21:30:00+00:00,1,0.49432587009071965
2026-01-26 21:35:00+00:00,1,0.48500404374531053
2026-01-26 21:40:00+00:00,1,0.5105471370199717
2026-01-26 21:45:00+00:00,0,0.5144681548538977
2026-01-26 21:50:00+00:00,0,0.5109991051092805
2026-01-26 21:55:00+00:00,0,0.5025196234524667
2026-01-26 22:00:00+00:00,0,0.49230247771490593
2026-01-26 22:05:00+00:00,1,0.48996352461054726
2026-01-26 22:10:00+00:00,0,0.4942870394149001
2026-01-26 22:15:00+00:00,1,0.48554797878703815
2026-01-26 22:20:00+00:00,1,0.4892960798637223
2026-01-26 22:25:00+00:00,1,0.4901149260371491
2026-01-26 22:30:00+00:00,0,0.4988885754801097
2026-01-26 22:35:00+00:00,0,0.5009552049173049
2026-01-26 22:40:00+00:00,0,0.4993384889217202
2026-01-26 22:45:00+00:00,0,0.4996861315632328
2026-01-26 22:50:00+00:00,0,0.49877209161511754
2026-01-26 22:55:00+00:00,0,0.48143615261693395
2026-01-26 23:00:00+00:00,1,0.4790520714814367
2026-01-26 23:05:00+00:00,1,0.47918879302850464
2026-01-26 23:10:00+00:00,1,0.46847514124564243
2026-01-26 23:15:00+00:00,1,0.4704560901301528
2026-01-26 23:20:00+00:00,0,0.4684351921554412
2026-01-26 23:25:00+00:00,0,0.4812428886245272
2026-01-26 23:30:00+00:00,0,0.4724558568480381
2026-01-26 23:35:00+00:00,0,0.4711863075350918
2026-01-26 23:40:00+00:00,0,0.46565241540211555
2026-01-26 23:45:00+00:00,0,0.4692055099423759
2026-01-26 23:50:00+00:00,1,0.4769429811920355
2026-01-26 23:55:00+00:00,0,0.4849058835567767
2026-01-27 00:00:00+00:00,0,0.5000178419086599
2026-01-27 00:05:00+00:00,1,0.49297911569251296
2026-01-27 00:10:00+00:00,0,0.4872536129896552
2026-01-27 00:15:00+00:00,0,0.48123317076760247
2026-01-27 00:20:00+00:00,0,0.46105844452336964
2026-01-27 00:25:00+00:00,0,0.4730751589795913
2026-01-27 00:30:00+00:00,0,0.4723872211697716
2026-01-27 00:35:00+00:00,0,0.48567197600947926
2026-01-27 00:40:00+00:00,0,0.4951825488530624
2026-01-27 00:45:00+00:00,0,0.4907919389959608
2026-01-27 00:50:00+00:00,1,0.4915978070769971
2026-01-27 00:55:00+00:00,1,0.4923380178097545
2026-01-27 01:00:00+00:00,1,0.5009575699039039
2026-01-27 01:05:00+00:00,1,0.4936960118209028
2026-01-27 01:10:00+00:00,1,0.487715035235873
2026-01-27 01:15:00+00:00,1,0.4833221519499787
2026-01-27 01:20:00+00:00,1,0.4663137114869679
2026-01-27 01:25:00+00:00,1,0.47351554784308525
2026-01-27 01:30:00+00:00,1,0.4515022950622554
2026-01-27 01:35:00+00:00,1,0.4500525404860144
2026-01-27 01:40:00+00:00,1,0.45751170483773046
2026-01-27 01:45:00+00:00,1,0.4494670763480855
2026-01-27 01:50:00+00:00,1,0.4738055560090317
2026-01-27 01:55:00+00:00,1,0.4723665257545231
2026-01-27 02:00:00+00:00,0,0.4795112506279503
2026-01-27 02:05:00+00:00,1,0.49884158134293377
2026-01-27 02:10:00+00:00,1,0.48887675902182665
2026-01-27 02:15:00+00:00,1,0.48490977263399193
2026-01-27 02:20:00+00:00,1,0.4836105636809118
2026-01-27 02:25:00+00:00,1,0.48853423590523415
2026-01-27 02:30:00+00:00,1,0.49347272062097247
2026-01-27 02:35:00+00:00,0,0.4812953991967458
2026-01-27 02:40:00+00:00,0,0.48700018910191906
2026-01-27 02:45:00+00:00,0,0.49361063680311507
2026-01-27 02:50:00+00:00,0,0.48707023749075445
2026-01-27 02:55:00+00:00,0,0.4867517642999453
2026-01-27 03:00:00+00:00,0,0.4819042951998036
2026-01-27 03:05:00+00:00,0,0.48213815525512826
2026-01-27 03:10:00+00:00,1,0.48306237556792037
2026-01-27 03:15:00+00:00,1,0.48178820721950066
2026-01-27 03:20:00+00:00,1,0.4781666409641811
2026-01-27 03:25:00+00:00,0,0.47922773667695406
2026-01-27 03:30:00+00:00,1,0.47700969863450615
2026-01-27 03:35:00+00:00,1,0.46670699520457737
2026-01-27 03:40:00+00:00,1,0.4639591886299378
2026-01-27 03:45:00+00:00,1,0.4627923496034267
2026-01-27 03:50:00+00:00,1,0.4680060792291829
2026-01-27 03:55:00+00:00,1,0.4792975986563346
2026-01-27 04:00:00+00:00,1,0.49275107588848677
2026-01-27 04:05:00+00:00,0,0.475608260772903
2026-01-27 04:10:00+00:00,0,0.4681381198014261
2026-01-27 04:15:00+00:00,0,0.46351235526751255
2026-01-27 04:20:00+00:00,0,0.4649405521884744
2026-01-27 04:25:00+00:00,0,0.48140659709158035
2026-01-27 04:30:00+00:00,0,0.47676518495441067
2026-01-27 04:35:00+00:00,0,0.5100711493943539
2026-01-27 04:40:00+00:00,0,0.48529211507918935
2026-01-27 04:45:00+00:00,0,0.4766278841264867
2026-01-27 04:50:00+00:00,0,0.4736859452356051
2026-01-27 04:55:00+00:00,0,0.48285201686313134
2026-01-27 05:00:00+00:00,0,0.4758635528884302
2026-01-27 05:05:00+00:00,0,0.4846753176967417
2026-01-27 05:10:00+00:00,1,0.4819491544473409
2026-01-27 05:15:00+00:00,1,0.45883433368370324
2026-01-27 05:20:00+00:00,1,0.4798980979875061
2026-01-27 05:25:00+00:00,1,0.5029624752774031
2026-01-27 05:30:00+00:00,1,0.47860052363737765
2026-01-27 05:35:00+00:00,1,0.49959420232198465
2026-01-27 05:40:00+00:00,1,0.48185016388508023
2026-01-27 05:45:00+00:00,1,0.460653776124809
2026-01-27 05:50:00+00:00,1,0.48346303041582056
2026-01-27 05:55:00+00:00,0,0.4808463947180466
2026-01-27 06:00:00+00:00,0,0.4668821511561326
2026-01-27 06:05:00+00:00,0,0.4746727286488597
2026-01-27 06:10:00+00:00,0,0.4747627863048745
2026-01-27 06:15:00+00:00,0,0.4702790678603906
2026-01-27 06:20:00+00:00,0,0.48272799041016495
2026-01-27 06:25:00+00:00,0,0.4835542662671246
2026-01-27 06:30:00+00:00,1,0.49381624572098515
2026-01-27 06:35:00+00:00,1,0.5248773613319635
2026-01-27 06:40:00+00:00,1,0.5298335470693748
2026-01-27 06:45:00+00:00,1,0.5332372673923829
2026-01-27 06:50:00+00:00,1,0.5084495694431148
2026-01-27 06:55:00+00:00,1,0.5129547248750596
2026-01-27 07:00:00+00:00,1,0.5262569829881626
2026-01-27 07:05:00+00:00,1,0.5064340357016254
2026-01-27 07:10:00+00:00,1,0.48817334005155844
2026-01-27 07:15:00+00:00,1,0.49190655859534366
2026-01-27 07:20:00+00:00,0,0.48808916991163803
2026-01-27 07:25:00+00:00,1,0.49382886087500266
2026-01-27 07:30:00+00:00,1,0.4795353692707204
2026-01-27 07:35:00+00:00,1,0.48014751171801456
2026-01-27 07:40:00+00:00,1,0.4873744893576578
2026-01-27 07:45:00+00:00,1,0.4939589614704425
2026-01-27 07:50:00+00:00,1,0.48701586781964584
2026-01-27 07:55:00+00:00,0,0.5287947558940913
2026-01-27 08:00:00+00:00,0,0.49202249262188874
2026-01-27 08:05:00+00:00,0,0.4748182562725566
2026-01-27 08:10:00+00:00,0,0.4842194848419924
2026-01-27 08:15:00+00:00,0,0.4876467408033211
2026-01-27 08:20:00+00:00,0,0.4791179834491166
2026-01-27 08:25:00+00:00,0,0.4896214784519767
2026-01-27 08:30:00+00:00,0,0.48341484422411546
2026-01-27 08:35:00+00:00,0,0.4742336098299555
2026-01-27 08:40:00+00:00,0,0.4803784907769681
2026-01-27 08:45:00+00:00,0,0.47074891652617146
2026-01-27 08:50:00+00:00,0,0.46382787854468177
2026-01-27 08:55:00+00:00,0,0.47997810723139395
2026-01-27 09:00:00+00:00,0,0.5061036106941011
2026-01-27 09:05:00+00:00,1,0.4911948588322531
2026-01-27 09:10:00+00:00,1,0.5097257013308858
2026-01-27 09:15:00+00:00,1,0.5307005293629653
2026-01-27 09:20:00+00:00,1,0.5437340347756158
2026-01-27 09:25:00+00:00,1,0.543315828874389
2026-01-27 09:30:00+00:00,1,0.5383330333124666
2026-01-27 09:35:00+00:00,1,0.48816030028011476
2026-01-27 09:40:00+00:00,1,0.49490942438114144
2026-01-27 09:45:00+00:00,1,0.479015501102586
2026-01-27 09:50:00+00:00,1,0.4721453913997687
2026-01-27 09:55:00+00:00,1,0.4930836191261897
2026-01-27 10:00:00+00:00,0,0.4898271800669201
2026-01-27 10:05:00+00:00,0,0.501356471156357
2026-01-27 10:10:00+00:00,0,0.4718810710874272
2026-01-27 10:15:00+00:00,0,0.45552724796645544
2026-01-27 10:20:00+00:00,0,0.44149958608580625
2026-01-27 10:25:00+00:00,0,0.47776108672785594
2026-01-27 10:30:00+00:00,0,0.47615851937332754
2026-01-27 10:35:00+00:00,1,0.4822985002990244
2026-01-27 10:40:00+00:00,1,0.5006532897348169
2026-01-27 10:45:00+00:00,0,0.5092868874985185
2026-01-27 10:50:00+00:00,0,0.5183908617351904
2026-01-27 10:55:00+00:00,1,0.5464670657331605
2026-01-27 11:00:00+00:00,1,0.5411257219704314
2026-01-27 11:05:00+00:00,1,0.5387369238557442
2026-01-27 11:10:00+00:00,1,0.5420777454856474
2026-01-27 11:15:00+00:00,1,0.5489052814898805
2026-01-27 11:20:00+00:00,1,0.5467582812124034
2026-01-27 11:25:00+00:00,1,0.534557165096269
2026-01-27 11:30:00+00:00,1,0.4918787065023317
2026-01-27 11:35:00+00:00,1,0.4662253320332598
2026-01-27 11:40:00+00:00,1,0.4770833332404249
2026-01-27 11:45:00+00:00,1,0.46548414828646434
2026-01-27 11:50:00+00:00,1,0.45489637107267655
2026-01-27 11:55:00+00:00,1,0.4545255599434037
2026-01-27 12:00:00+00:00,1,0.4715575675207299
2026-01-27 12:05:00+00:00,0,0.46485542099039195
2026-01-27 12:10:00+00:00,0,0.4554136631420335
2026-01-27 12:15:00+00:00,0,0.47697242438959137
2026-01-27 12:20:00+00:00,0,0.4855340381142711
2026-01-27 12:25:00+00:00,0,0.47800251051035836
2026-01-27 12:30:00+00:00,0,0.5047654312337124
2026-01-27 12:35:00+00:00,0,0.5249228507748684
2026-01-27 12:40:00+00:00,0,0.5104499321950502
2026-01-27 12:45:00+00:00,0,0.5085168223114922
2026-01-27 12:50:00+00:00,0,0.5110374243098532
2026-01-27 12:55:00+00:00,0,0.4977266411217161
2026-01-27 13:00:00+00:00,0,0.4832178526140478
2026-01-27 13:05:00+00:00,0,0.47776047123862336
2026-01-27 13:10:00+00:00,0,0.49039361797122744
2026-01-27 13:15:00+00:00,0,0.48520648405439315
2026-01-27 13:20:00+00:00,0,0.48814833491858733
2026-01-27 13:25:00+00:00,0,0.5045787487015541
2026-01-27 13:30:00+00:00,0,0.48708667962714985
2026-01-27 13:35:00+00:00,1,0.48007689441854623
2026-01-27 13:40:00+00:00,1,0.49429373747528704
2026-01-27 13:45:00+00:00,1,0.5008117667067425
2026-01-27 13:50:00+00:00,1,0.48761645006862064
2026-01-27 13:55:00+00:00,1,0.5073483906803561
2026-01-27 14:00:00+00:00,1,0.48525007391397207
2026-01-27 14:05:00+00:00,0,0.4920104161205432
2026-01-27 14:10:00+00:00,0,0.5117875513942035
2026-01-27 14:15:00+00:00,0,0.5118067887981607
2026-01-27 14:20:00+00:00,0,0.5004429185709723
2026-01-27 14:25:00+00:00,0,0.5030398497025818
2026-01-27 14:30:00+00:00,1,0.4787047325978062
2026-01-27 14:35:00+00:00,1,0.4988184520423342
2026-01-27 14:40:00+00:00,1,0.5003456822480219
2026-01-27 14:45:00+00:00,1,0.48888362429499876
2026-01-27 14:50:00+00:00,1,0.4857679345863703
2026-01-27 14:55:00+00:00,0,0.4817259177446975
2026-01-27 15:00:00+00:00,0,0.49616400464712446
2026-01-27 15:05:00+00:00,0,0.4936716076069904
2026-01-27 15:10:00+00:00,0,0.49481958667161563
2026-01-27 15:15:00+00:00,1,0.49860811596596166
2026-01-27 15:20:00+00:00,1,0.49778335460125755
2026-01-27 15:25:00+00:00,1,0.4996937470713304
2026-01-27 15:30:00+00:00,1,0.49737201352596616
2026-01-27 15:35:00+00:00,1,0.497203730395837
2026-01-27 15:40:00+00:00,1,0.4849000160280425
2026-01-27 15:45:00+00:00,1,0.4929227517475732
2026-01-27 15:50:00+00:00,1,0.4930414986368611
2026-01-27 15:55:00+00:00,1,0.5035747678037493
2026-01-27 16:00:00+00:00,1,0.5086806035282435
2026-01-27 16:05:00+00:00,1,0.46730970219212237
2026-01-27 16:10:00+00:00,1,0.46723141712930616
2026-01-27 16:15:00+00:00,1,0.4824194960916288
2026-01-27 16:20:00+00:00,0,0.48479988994990697
2026-01-27 16:25:00+00:00,1,0.506750460041763
2026-01-27 16:30:00+00:00,0,0.5095298867257082
2026-01-27 16:35:00+00:00,0,0.5264953746218588
2026-01-27 16:40:00+00:00,0,0.5242285108784153
2026-01-27 16:45:00+00:00,0,0.5123126711658101
2026-01-27 16:50:00+00:00,0,0.5180332041876679
2026-01-27 16:55:00+00:00,0,0.5140315740743028
2026-01-27 17:00:00+00:00,0,0.528305309255954
2026-01-27 17:05:00+00:00,0,0.5069611765704073
2026-01-27 17:10:00+00:00,0,0.4987440626337979
2026-01-27 17:15:00+00:00,0,0.4990451058120195
2026-01-27 17:20:00+00:00,0,0.5115204973601892
2026-01-27 17:25:00+00:00,0,0.497313512664232
2026-01-27 17:30:00+00:00,1,0.49230944092011447
2026-01-27 17:35:00+00:00,1,0.48519460725575
2026-01-27 17:40:00+00:00,1,0.47116665533708557
2026-01-27 17:45:00+00:00,1,0.4721315895481341
2026-01-27 17:50:00+00:00,1,0.4574709142676239
2026-01-27 17:55:00+00:00,1,0.45846253473703813
2026-01-27 18:00:00+00:00,1,0.47623219303779296
2026-01-27 18:05:00+00:00,1,0.4891813289323948
2026-01-27 18:10:00+00:00,1,0.4905446511899877
2026-01-27 18:15:00+00:00,1,0.5085513253456714
2026-01-27 18:20:00+00:00,1,0.511186107909576
2026-01-27 18:25:00+00:00,1,0.5032672536167543
2026-01-27 18:30:00+00:00,1,0.5061683610741909
2026-01-27 18:35:00+00:00,1,0.47825984137945415
2026-01-27 18:40:00+00:00,1,0.4961892147012495
2026-01-27 18:45:00+00:00,1,0.4681311212515723
2026-01-27 18:50:00+00:00,1,0.45937081606363056
2026-01-27 18:55:00+00:00,1,0.4766096378345555
2026-01-27 19:00:00+00:00,1,0.494500552400269
2026-01-27 19:05:00+00:00,1,0.4999475823130765
2026-01-27 19:10:00+00:00,1,0.4933688259271852
2026-01-27 19:15:00+00:00,1,0.4990244885618243
2026-01-27 19:20:00+00:00,0,0.48279620554460834
2026-01-27 19:25:00+00:00,1,0.4869526612016692
2026-01-27 19:30:00+00:00,1,0.4935920932987747
2026-01-27 19:35:00+00:00,1,0.4845223945493991
2026-01-27 19:40:00+00:00,1,0.49164594780203474
2026-01-27 19:45:00+00:00,1,0.49394829226282727
2026-01-27 19:50:00+00:00,1,0.5066925111585447
2026-01-27 19:55:00+00:00,1,0.49251346244892674
2026-01-27 20:00:00+00:00,1,0.5045782961088376
2026-01-27 20:05:00+00:00,1,0.49978960290563346
2026-01-27 20:10:00+00:00,1,0.50649086530283
2026-01-27 20:15:00+00:00,1,0.5225430127039004
2026-01-27 20:20:00+00:00,1,0.5105710931252523
2026-01-27 20:25:00+00:00,1,0.5200920727477096
2026-01-27 20:30:00+00:00,1,0.5276354705663066
2026-01-27 20:35:00+00:00,1,0.515484416211564
2026-01-27 20:40:00+00:00,1,0.5125160145339069
2026-01-27 20:45:00+00:00,1,0.5252265357883231
2026-01-27 20:50:00+00:00,1,0.5097562988622976
2026-01-27 20:55:00+00:00,0,0.5120255227325715
2026-01-27 21:00:00+00:00,0,0.49341238401665066
2026-01-27 21:05:00+00:00,0,0.5114846340540296
2026-01-27 21:10:00+00:00,0,0.5215670636380983
2026-01-27 21:15:00+00:00,0,0.5231421176107849
2026-01-27 21:20:00+00:00,0,0.517612577826773
2026-01-27 21:25:00+00:00,0,0.5087169161453101
2026-01-27 21:30:00+00:00,1,0.5019620729338822
2026-01-27 21:35:00+00:00,1,0.47557823255422815
2026-01-27 21:40:00+00:00,1,0.4882972243353722
2026-01-27 21:45:00+00:00,1,0.4834307140970079
2026-01-27 21:50:00+00:00,1,0.4950968513341975
2026-01-27 21:55:00+00:00,1,0.5040857012223481
2026-01-27 22:00:00+00:00,0,0.4873230525443014
2026-01-27 22:05:00+00:00,1,0.4893235702626734
2026-01-27 22:10:00+00:00,1,0.4783948163783287
2026-01-27 22:15:00+00:00,1,0.4824305153328613
2026-01-27 22:20:00+00:00,1,0.4779997717488953
2026-01-27 22:25:00+00:00,1,0.4899332162673332
2026-01-27 22:30:00+00:00,1,0.4714219660395562
2026-01-27 22:35:00+00:00,0,0.469840908261207
2026-01-27 22:40:00+00:00,0,0.4788070796642281
2026-01-27 22:45:00+00:00,0,0.4919545532316477
2026-01-27 22:50:00+00:00,0,0.48632669032594356
2026-01-27 22:55:00+00:00,0,0.48306228514566846
2026-01-27 23:00:00+00:00,1,0.48028320693879784
2026-01-27 23:05:00+00:00,1,0.4763548906885064
2026-01-27 23:10:00+00:00,0,0.4736102104213719
2026-01-27 23:15:00+00:00,1,0.46066151879452105
2026-01-27 23:20:00+00:00,0,0.464493930436184
2026-01-27 23:25:00+00:00,0,0.458216389316112
2026-01-27 23:30:00+00:00,0,0.4534274358932343
2026-01-27 23:35:00+00:00,0,0.4615975196980443
2026-01-27 23:40:00+00:00,0,0.46945850299413894
2026-01-27 23:45:00+00:00,0,0.46599294903294175
2026-01-27 23:50:00+00:00,0,0.49159246754429015
2026-01-27 23:55:00+00:00,0,0.4977703983044633
2026-01-28 00:00:00+00:00,0,0.5028994599378523
2026-01-28 00:05:00+00:00,0,0.5063802493800051
2026-01-28 00:10:00+00:00,0,0.5014461931659526
2026-01-28 00:15:00+00:00,1,0.5001792726295149
2026-01-28 00:20:00+00:00,0,0.509202862718707
2026-01-28 00:25:00+00:00,1,0.5123178393339824
2026-01-28 00:30:00+00:00,1,0.5266692238652048
2026-01-28 00:35:00+00:00,1,0.5264340344425215
2026-01-28 00:40:00+00:00,1,0.5093355623567429
2026-01-28 00:45:00+00:00,1,0.5093018983323206
2026-01-28 00:50:00+00:00,0,0.5062901903372815
2026-01-28 00:55:00+00:00,0,0.49053387678101196
2026-01-28 01:00:00+00:00,0,0.5001255680055371
2026-01-28 01:05:00+00:00,0,0.49210038769275494
2026-01-28 01:10:00+00:00,0,0.49290704296031
2026-01-28 01:15:00+00:00,0,0.48626282689427935
2026-01-28 01:20:00+00:00,1,0.5056967750349732
2026-01-28 01:25:00+00:00,1,0.5109555038546181
2026-01-28 01:30:00+00:00,1,0.5122256035351335
2026-01-28 01:35:00+00:00,1,0.5117135192957067
2026-01-28 01:40:00+00:00,1,0.5038466028049673
2026-01-28 01:45:00+00:00,1,0.504689882614106
2026-01-28 01:50:00+00:00,0,0.4870994296524324
2026-01-28 01:55:00+00:00,1,0.49573034509164465
2026-01-28 02:00:00+00:00,1,0.5017258595200073
2026-01-28 02:05:00+00:00,1,0.5101682215241823
2026-01-28 02:10:00+00:00,0,0.5052730392767568
2026-01-28 02:15:00+00:00,0,0.5003612866825768
2026-01-28 02:20:00+00:00,0,0.4905684850056558
2026-01-28 02:25:00+00:00,0,0.48750232770300145
2026-01-28 02:30:00+00:00,0,0.48695154735767776
2026-01-28 02:35:00+00:00,0,0.47188384596298666
2026-01-28 02:40:00+00:00,0,0.4728194604907258
2026-01-28 02:45:00+00:00,0,0.4870588331780579
2026-01-28 02:50:00+00:00,1,0.4893167216919016
2026-01-28 02:55:00+00:00,0,0.4916745178203801
2026-01-28 03:00:00+00:00,1,0.499836099384683
2026-01-28 03:05:00+00:00,0,0.5293881419392531
2026-01-28 03:10:00+00:00,1,0.5366501080022257
2026-01-28 03:15:00+00:00,1,0.5152919138453871
2026-01-28 03:20:00+00:00,1,0.5002898729089863
2026-01-28 03:25:00+00:00,0,0.49819820651916
2026-01-28 03:30:00+00:00,0,0.5010208247923976
2026-01-28 03:35:00+00:00,0,0.510340239322687
2026-01-28 03:40:00+00:00,0,0.5078972700750292
2026-01-28 03:45:00+00:00,0,0.5099271686059915
2026-01-28 03:50:00+00:00,0,0.5276309016786076
2026-01-28 03:55:00+00:00,0,0.5116493260609424
2026-01-28 04:00:00+00:00,0,0.5195198398441966
2026-01-28 04:05:00+00:00,1,0.5213999559494666
2026-01-28 04:10:00+00:00,1,0.5072901043426956
2026-01-28 04:15:00+00:00,1,0.5026564160909543
2026-01-28 04:20:00+00:00,1,0.5033602198725731
2026-01-28 04:25:00+00:00,1,0.49763185098605617
2026-01-28 04:30:00+00:00,1,0.49895338057441724
2026-01-28 04:35:00+00:00,0,0.4932673416272631
2026-01-28 04:40:00+00:00,0,0.4896185545869301
2026-01-28 04:45:00+00:00,0,0.49199843013147176
2026-01-28 04:50:00+00:00,0,0.47736970010897667
2026-01-28 04:55:00+00:00,0,0.5025438838343547
2026-01-28 05:00:00+00:00,0,0.4978001468715735
2026-01-28 05:05:00+00:00,0,0.4977178829000054
2026-01-28 05:10:00+00:00,0,0.5087233302335435
2026-01-28 05:15:00+00:00,1,0.5072681224677632
2026-01-28 05:20:00+00:00,1,0.5027788377541814
2026-01-28 05:25:00+00:00,1,0.5021535098308905
2026-01-28 05:30:00+00:00,1,0.5074401075383478
2026-01-28 05:35:00+00:00,1,0.49445140270943316
2026-01-28 05:40:00+00:00,1,0.48027063773643086
2026-01-28 05:45:00+00:00,1,0.49560188684419926
2026-01-28 05:50:00+00:00,1,0.5024984748169683
2026-01-28 05:55:00+00:00,1,0.4882320361862428
2026-01-28 06:00:00+00:00,1,0.5072055933268664
2026-01-28 06:05:00+00:00,1,0.5099784765858868
2026-01-28 06:10:00+00:00,0,0.5042345158830545
2026-01-28 06:15:00+00:00,0,0.5032053589658497
2026-01-28 06:20:00+00:00,1,0.4991359824339195
2026-01-28 06:25:00+00:00,1,0.4994796642296315
2026-01-28 06:30:00+00:00,1,0.5018618619691878
2026-01-28 06:35:00+00:00,1,0.5055773409843511
2026-01-28 06:40:00+00:00,1,0.5142959017842933
2026-01-28 06:45:00+00:00,1,0.5062200661916517
2026-01-28 06:50:00+00:00,0,0.5213423057899068
2026-01-28 06:55:00+00:00,1,0.5257389597069386
2026-01-28 07:00:00+00:00,0,0.5102973708326501
2026-01-28 07:05:00+00:00,0,0.5038207930584218
2026-01-28 07:10:00+00:00,1,0.5129527685613671
2026-01-28 07:15:00+00:00,1,0.5088141000198605
2026-01-28 07:20:00+00:00,0,0.4978085769552428
2026-01-28 07:25:00+00:00,0,0.4931320187782309
2026-01-28 07:30:00+00:00,0,0.518331635778228
2026-01-28 07:35:00+00:00,0,0.50495890123028
2026-01-28 07:40:00+00:00,0,0.5018230381006468
2026-01-28 07:45:00+00:00,0,0.49184623319760185
2026-01-28 07:50:00+00:00,1,0.501151136546875
2026-01-28 07:55:00+00:00,0,0.49567122458169777
2026-01-28 08:00:00+00:00,0,0.4931293035068173
2026-01-28 08:05:00+00:00,0,0.5007588429962312
2026-01-28 08:10:00+00:00,0,0.499092428184403
2026-01-28 08:15:00+00:00,0,0.49991113422910183
2026-01-28 08:20:00+00:00,0,0.49946857479047907
2026-01-28 08:25:00+00:00,0,0.49018949063543515
2026-01-28 08:30:00+00:00,0,0.4919837573475583
2026-01-28 08:35:00+00:00,0,0.5027361220339354
2026-01-28 08:40:00+00:00,0,0.49072607544973146
2026-01-28 08:45:00+00:00,0,0.5044831270098654
2026-01-28 08:50:00+00:00,0,0.4936871529859476
2026-01-28 08:55:00+00:00,0,0.499002751058489
2026-01-28 09:00:00+00:00,1,0.4950551228338017
2026-01-28 09:05:00+00:00,1,0.48779331598901454
2026-01-28 09:10:00+00:00,1,0.5037441331261595
2026-01-28 09:15:00+00:00,1,0.5073905666946186
2026-01-28 09:20:00+00:00,1,0.5337061189915476
2026-01-28 09:25:00+00:00,1,0.5085887808423494
2026-01-28 09:30:00+00:00,1,0.529461732879134
2026-01-28 09:35:00+00:00,1,0.5023033502367118
2026-01-28 09:40:00+00:00,1,0.5090971296680149
2026-01-28 09:45:00+00:00,1,0.4954342685463564
2026-01-28 09:50:00+00:00,1,0.5131725403810024
2026-01-28 09:55:00+00:00,0,0.5126429309979978
2026-01-28 10:00:00+00:00,1,0.5072372821779696
2026-01-28 10:05:00+00:00,0,0.49169347779923117
2026-01-28 10:10:00+00:00,0,0.4902343970136158
2026-01-28 10:15:00+00:00,0,0.4853408044015275
2026-01-28 10:20:00+00:00,0,0.48769715016989906
2026-01-28 10:25:00+00:00,0,0.4946646343839123
2026-01-28 10:30:00+00:00,0,0.4923735240426418
2026-01-28 10:35:00+00:00,0,0.4888379708728159
2026-01-28 10:40:00+00:00,0,0.49935211308153366
2026-01-28 10:45:00+00:00,0,0.491579016907904
2026-01-28 10:50:00+00:00,0,0.5049949270618668
2026-01-28 10:55:00+00:00,1,0.499010864431239
2026-01-28 11:00:00+00:00,0,0.5087639074764141
2026-01-28 11:05:00+00:00,0,0.49484511231450906
2026-01-28 11:10:00+00:00,1,0.49179988490038196
2026-01-28 11:15:00+00:00,1,0.4954055175957203
2026-01-28 11:20:00+00:00,1,0.4876812555012831
2026-01-28 11:25:00+00:00,1,0.4879826873123385
2026-01-28 11:30:00+00:00,1,0.5017317549640051
2026-01-28 11:35:00+00:00,1,0.49246227581917457
2026-01-28 11:40:00+00:00,1,0.48603030245238515
2026-01-28 11:45:00+00:00,0,0.4729637411572251
2026-01-28 11:50:00+00:00,0,0.49296408001004044
2026-01-28 11:55:00+00:00,0,0.49620260047844655
2026-01-28 12:00:00+00:00,0,0.4976063231951174
2026-01-28 12:05:00+00:00,0,0.49374271593563623
2026-01-28 12:10:00+00:00,0,0.4970954080816837
2026-01-28 12:15:00+00:00,0,0.497919288396077
2026-01-28 12:20:00+00:00,1,0.5034775362563793
2026-01-28 12:25:00+00:00,0,0.4960254062767792
2026-01-28 12:30:00+00:00,1,0.4939478170702515
2026-01-28 12:35:00+00:00,0,0.49950896071978557
2026-01-28 12:40:00+00:00,0,0.49376458589904704
2026-01-28 12:45:00+00:00,0,0.4991326782399314
2026-01-28 12:50:00+00:00,0,0.5121687530267247
2026-01-28 12:55:00+00:00,1,0.5105071082733083
2026-01-28 13:00:00+00:00,1,0.5087962492775909
2026-01-28 13:05:00+00:00,1,0.5110460427190481
2026-01-28 13:10:00+00:00,1,0.5019628763409449
2026-01-28 13:15:00+00:00,1,0.4992231475503252
2026-01-28 13:20:00+00:00,1,0.5157165705705907
2026-01-28 13:25:00+00:00,1,0.48589577922565247
2026-01-28 13:30:00+00:00,0,0.4668662434247123
2026-01-28 13:35:00+00:00,0,0.48810607739660217
2026-01-28 13:40:00+00:00,0,0.4758904668831836
2026-01-28 13:45:00+00:00,0,0.4884352302244085
2026-01-28 13:50:00+00:00,0,0.4849013557235429
2026-01-28 13:55:00+00:00,0,0.4815411093982177
2026-01-28 14:00:00+00:00,0,0.494357086292645
2026-01-28 14:05:00+00:00,0,0.4840990476696666
2026-01-28 14:10:00+00:00,0,0.4847438723348914
2026-01-28 14:15:00+00:00,1,0.5154673005533725
2026-01-28 14:20:00+00:00,1,0.526103916739027
2026-01-28 14:25:00+00:00,1,0.5202354024020663
2026-01-28 14:30:00+00:00,0,0.49639286466192606
2026-01-28 14:35:00+00:00,0,0.5076491187266045
2026-01-28 14:40:00+00:00,0,0.5084998535763743
2026-01-28 14:45:00+00:00,0,0.5075862968593603
2026-01-28 14:50:00+00:00,0,0.4911998814754657
2026-01-28 14:55:00+00:00,0,0.49857928362036386
2026-01-28 15:00:00+00:00,0,0.48646322138979353
2026-01-28 15:05:00+00:00,0,0.5106159400000353
2026-01-28 15:10:00+00:00,1,0.532553519981788
2026-01-28 15:15:00+00:00,0,0.5200613208917444
2026-01-28 15:20:00+00:00,1,0.5265030138781461
2026-01-28 15:25:00+00:00,1,0.5237189027929525
2026-01-28 15:30:00+00:00,1,0.5312778513773891
2026-01-28 15:35:00+00:00,0,0.5151657470387973
2026-01-28 15:40:00+00:00,0,0.5076203155016537
2026-01-28 15:45:00+00:00,0,0.51977070724931
2026-01-28 15:50:00+00:00,0,0.4656040100708226
2026-01-28 15:55:00+00:00,1,0.49580794306343934
2026-01-28 16:00:00+00:00,1,0.5324210647011126
2026-01-28 16:05:00+00:00,1,0.5289190402828978
2026-01-28 16:10:00+00:00,1,0.5332963671232209
2026-01-28 16:15:00+00:00,1,0.5312045184163976
2026-01-28 16:20:00+00:00,1,0.5166042239938001
2026-01-28 16:25:00+00:00,0,0.4977010114458556
2026-01-28 16:30:00+00:00,1,0.5181770876234677
2026-01-28 16:35:00+00:00,0,0.5119247231570863
2026-01-28 16:40:00+00:00,1,0.5187786031875312
2026-01-28 16:45:00+00:00,1,0.5194539352352426
2026-01-28 16:50:00+00:00,0,0.5201151534859609
2026-01-28 16:55:00+00:00,0,0.523010479398843
2026-01-28 17:00:00+00:00,0,0.5092249096588044
2026-01-28 17:05:00+00:00,1,0.5107956085453856
2026-01-28 17:10:00+00:00,1,0.5080789662148961
2026-01-28 17:15:00+00:00,1,0.5021162363747509
2026-01-28 17:20:00+00:00,1,0.5065040798864943
2026-01-28 17:25:00+00:00,1,0.5021180242338432
2026-01-28 17:30:00+00:00,1,0.5214969230445585
2026-01-28 17:35:00+00:00,0,0.5180838891993826
2026-01-28 17:40:00+00:00,0,0.5038277179025507
2026-01-28 17:45:00+00:00,0,0.5108286690649575
2026-01-28 17:50:00+00:00,0,0.5059396577027649
2026-01-28 17:55:00+00:00,0,0.5119893331620211
2026-01-28 18:00:00+00:00,0,0.4929614100180946
2026-01-28 18:05:00+00:00,0,0.4952475406645103
2026-01-28 18:10:00+00:00,0,0.5096234677209209
2026-01-28 18:15:00+00:00,0,0.5069278241250981
2026-01-28 18:20:00+00:00,0,0.5058390858075774
2026-01-28 18:25:00+00:00,1,0.5063377542346986
2026-01-28 18:30:00+00:00,1,0.5105718961855426
2026-01-28 18:35:00+00:00,1,0.5067885419307784
2026-01-28 18:40:00+00:00,1,0.5085024667628593
2026-01-28 18:45:00+00:00,0,0.5009955907351392
2026-01-28 18:50:00+00:00,1,0.51357059309207
2026-01-28 18:55:00+00:00,0,0.5010983600778406
2026-01-28 19:00:00+00:00,0,0.513211145516974
2026-01-28 19:05:00+00:00,0,0.5065950090987854
2026-01-28 19:10:00+00:00,0,0.5082318581147566
2026-01-28 19:15:00+00:00,1,0.5002871231785803
2026-01-28 19:20:00+00:00,1,0.5008248929610171
2026-01-28 19:25:00+00:00,1,0.5087444729484839
2026-01-28 19:30:00+00:00,1,0.5091748656549433
2026-01-28 19:35:00+00:00,1,0.5214564986361129
2026-01-28 19:40:00+00:00,1,0.5294401383672949
2026-01-28 19:45:00+00:00,0,0.4993796329820105
2026-01-28 19:50:00+00:00,0,0.5101629731787478
2026-01-28 19:55:00+00:00,1,0.5162801291900788
2026-01-28 20:00:00+00:00,0,0.5200421715144623
2026-01-28 20:05:00+00:00,0,0.5125478710240711
2026-01-28 20:10:00+00:00,0,0.5131269806906227
2026-01-28 20:15:00+00:00,0,0.5049289400094984
2026-01-28 20:20:00+00:00,0,0.5105796100858321
2026-01-28 20:25:00+00:00,0,0.5082682962762821
2026-01-28 20:30:00+00:00,0,0.5165880828816242
2026-01-28 20:35:00+00:00,0,0.5101215632023434
2026-01-28 20:40:00+00:00,0,0.5109913801780277
2026-01-28 20:45:00+00:00,1,0.512093999840327
2026-01-28 20:50:00+00:00,0,0.5176670519366596
2026-01-28 20:55:00+00:00,1,0.5027848688711638
2026-01-28 21:00:00+00:00,1,0.5377331677652977
2026-01-28 21:05:00+00:00,0,0.49031036493777247
2026-01-28 21:10:00+00:00,1,0.49252337284120706
2026-01-28 21:15:00+00:00,1,0.50456121072831
2026-01-28 21:20:00+00:00,1,0.5177702577491738
2026-01-28 21:25:00+00:00,0,0.5141435790747035
2026-01-28 21:30:00+00:00,1,0.5279293925793401
2026-01-28 21:35:00+00:00,1,0.5210770445016416
2026-01-28 21:40:00+00:00,0,0.5135827598798507
2026-01-28 21:45:00+00:00,0,0.4988547867726585
2026-01-28 21:50:00+00:00,0,0.4985437863538713
2026-01-28 21:55:00+00:00,1,0.5118381498761049
2026-01-28 22:00:00+00:00,1,0.5046138359289994
2026-01-28 22:05:00+00:00,1,0.49096987679775045
2026-01-28 22:10:00+00:00,1,0.4929706644834184
2026-01-28 22:15:00+00:00,1,0.5023001479425853
2026-01-28 22:20:00+00:00,1,0.5066494849580099
2026-01-28 22:25:00+00:00,1,0.5052669294415318
2026-01-28 22:30:00+00:00,1,0.4894326163348575
2026-01-28 22:35:00+00:00,0,0.501190039939725
2026-01-28 22:40:00+00:00,0,0.49731130615346836
2026-01-28 22:45:00+00:00,0,0.5026409252409815
2026-01-28 22:50:00+00:00,0,0.5064366152690599
2026-01-28 22:55:00+00:00,0,0.5175405402595691
2026-01-28 23:00:00+00:00,0,0.49979879130668176
2026-01-28 23:05:00+00:00,0,0.5084959394520259
2026-01-28 23:10:00+00:00,0,0.5170553923688617
2026-01-28 23:15:00+00:00,0,0.5000665675999221
2026-01-28 23:20:00+00:00,0,0.5012539623242179
2026-01-28 23:25:00+00:00,1,0.49514919309090893
2026-01-28 23:30:00+00:00,0,0.4975148600298264
2026-01-28 23:35:00+00:00,1,0.5107962871748595
2026-01-28 23:40:00+00:00,0,0.49818062204821034
2026-01-28 23:45:00+00:00,0,0.5044441133555786
2026-01-28 23:50:00+00:00,0,0.5046685429471034
2026-01-28 23:55:00+00:00,0,0.510909391529222
2026-01-29 00:00:00+00:00,0,0.49351600741515017
2026-01-29 00:05:00+00:00,0,0.49661975733478225
2026-01-29 00:10:00+00:00,0,0.49964667350214265
2026-01-29 00:15:00+00:00,0,0.5109113595351343
2026-01-29 00:20:00+00:00,0,0.5119596463110697
2026-01-29 00:25:00+00:00,1,0.5055213235243055
2026-01-29 00:30:00+00:00,1,0.5041418123111004
2026-01-29 00:35:00+00:00,1,0.5167294520730694
2026-01-29 00:40:00+00:00,1,0.5054680326994335
2026-01-29 00:45:00+00:00,0,0.502251717464386
2026-01-29 00:50:00+00:00,0,0.4992772594252098
2026-01-29 00:55:00+00:00,0,0.505086484939775
2026-01-29 01:00:00+00:00,0,0.5027182436543636
2026-01-29 01:05:00+00:00,0,0.5088413738291735
2026-01-29 01:10:00+00:00,0,0.5044030403374045
2026-01-29 01:15:00+00:00,0,0.5004080660346197
2026-01-29 01:20:00+00:00,0,0.522041489762416
2026-01-29 01:25:00+00:00,0,0.5190690922036969
2026-01-29 01:30:00+00:00,0,0.5064189316485915
2026-01-29 01:35:00+00:00,0,0.5182146401174857
2026-01-29 01:40:00+00:00,0,0.5157174410236881
2026-01-29 01:45:00+00:00,0,0.5262381151645579
2026-01-29 01:50:00+00:00,1,0.5309812988491864
2026-01-29 01:55:00+00:00,1,0.5136209223299633
2026-01-29 02:00:00+00:00,0,0.5110675095417366
2026-01-29 02:05:00+00:00,0,0.513066268021716
2026-01-29 02:10:00+00:00,0,0.5127205524543339
2026-01-29 02:15:00+00:00,0,0.5143828936860746
2026-01-29 02:20:00+00:00,0,0.5231120030274495
2026-01-29 02:25:00+00:00,0,0.5128566825397763
2026-01-29 02:30:00+00:00,0,0.5030102147942331
2026-01-29 02:35:00+00:00,0,0.48835311636529205
2026-01-29 02:40:00+00:00,0,0.5024602058348214
2026-01-29 02:45:00+00:00,0,0.5190553861290697
2026-01-29 02:50:00+00:00,0,0.5079128253651576
2026-01-29 02:55:00+00:00,0,0.5128175557948752
2026-01-29 03:00:00+00:00,0,0.5161437253865977
2026-01-29 03:05:00+00:00,0,0.5257438464473184
2026-01-29 03:10:00+00:00,0,0.5263645236355401
2026-01-29 03:15:00+00:00,1,0.5362925976766061
2026-01-29 03:20:00+00:00,0,0.535275443864476
2026-01-29 03:25:00+00:00,1,0.5328789426875269
2026-01-29 03:30:00+00:00,1,0.5326337796784791
2026-01-29 03:35:00+00:00,1,0.5329335075820173
2026-01-29 03:40:00+00:00,0,0.526587372106948
2026-01-29 03:45:00+00:00,0,0.5225964498079293
2026-01-29 03:50:00+00:00,0,0.5262173175903588
2026-01-29 03:55:00+00:00,0,0.5308904880029981
2026-01-29 04:00:00+00:00,1,0.5264852528702721
2026-01-29 04:05:00+00:00,1,0.5282493625686902
2026-01-29 04:10:00+00:00,1,0.5219079392803089
2026-01-29 04:15:00+00:00,1,0.5228818416810442
2026-01-29 04:20:00+00:00,1,0.5251551565236089
2026-01-29 04:25:00+00:00,1,0.5196224182869322
2026-01-29 04:30:00+00:00,1,0.5135983301786479
2026-01-29 04:35:00+00:00,1,0.506399528297354
2026-01-29 04:40:00+00:00,1,0.48473023823669587
2026-01-29 04:45:00+00:00,1,0.47476349173854615
2026-01-29 04:50:00+00:00,1,0.47950923415558444
2026-01-29 04:55:00+00:00,1,0.47269579093111447
2026-01-29 05:00:00+00:00,0,0.4648213938556947
2026-01-29 05:05:00+00:00,1,0.48675379970819227
2026-01-29 05:10:00+00:00,1,0.4792146669457367
2026-01-29 05:15:00+00:00,0,0.4822334317303344
2026-01-29 05:20:00+00:00,0,0.47797130000192284
2026-01-29 05:25:00+00:00,0,0.4964096677050538
2026-01-29 05:30:00+00:00,0,0.49332028988896515
2026-01-29 05:35:00+00:00,0,0.511046291544413
2026-01-29 05:40:00+00:00,0,0.5156112676529918
2026-01-29 05:45:00+00:00,0,0.4982276271368716
2026-01-29 05:50:00+00:00,1,0.5132660563584582
2026-01-29 05:55:00+00:00,1,0.48731151223420544
2026-01-29 06:00:00+00:00,1,0.48002787910308825
2026-01-29 06:05:00+00:00,1,0.4792213599549286
2026-01-29 06:10:00+00:00,1,0.49495846187952597
2026-01-29 06:15:00+00:00,1,0.5007205392096145
2026-01-29 06:20:00+00:00,1,0.48461497675217896
2026-01-29 06:25:00+00:00,1,0.48800525490538954
2026-01-29 06:30:00+00:00,1,0.4713005232519896
2026-01-29 06:35:00+00:00,1,0.47889001699604755
2026-01-29 06:40:00+00:00,1,0.477877810679763
2026-01-29 06:45:00+00:00,1,0.4879319316119405
2026-01-29 06:50:00+00:00,1,0.5051955234548249
2026-01-29 06:55:00+00:00,1,0.49030808566728834
2026-01-29 07:00:00+00:00,1,0.4885160553907026
2026-01-29 07:05:00+00:00,0,0.47493426043507503
2026-01-29 07:10:00+00:00,1,0.48117816344533565
2026-01-29 07:15:00+00:00,1,0.49260913870669937
2026-01-29 07:20:00+00:00,1,0.48223693518982963
2026-01-29 07:25:00+00:00,1,0.50624147229768
2026-01-29 07:30:00+00:00,0,0.5019507686559691
2026-01-29 07:35:00+00:00,0,0.5033345002875291
2026-01-29 07:40:00+00:00,0,0.4903337854550748
2026-01-29 07:45:00+00:00,0,0.4961112423754021
2026-01-29 07:50:00+00:00,0,0.46892172045342745
2026-01-29 07:55:00+00:00,1,0.4834996817422534
2026-01-29 08:00:00+00:00,1,0.4856671481461633
2026-01-29 08:05:00+00:00,1,0.490782091965364
2026-01-29 08:10:00+00:00,1,0.4861085467743239
2026-01-29 08:15:00+00:00,0,0.4894416026991516
2026-01-29 08:20:00+00:00,0,0.49457655133692774
2026-01-29 08:25:00+00:00,0,0.5067855890598428
2026-01-29 08:30:00+00:00,0,0.5124690947259268
2026-01-29 08:35:00+00:00,0,0.5119465614512968
2026-01-29 08:40:00+00:00,0,0.4963464158882473
2026-01-29 08:45:00+00:00,0,0.4989394056645292
2026-01-29 08:50:00+00:00,0,0.496792383178416
2026-01-29 08:55:00+00:00,0,0.504192265810434
2026-01-29 09:00:00+00:00,0,0.5008846174033391
2026-01-29 09:05:00+00:00,1,0.49665232263736014
2026-01-29 09:10:00+00:00,1,0.4933942819413137
2026-01-29 09:15:00+00:00,1,0.49056853025261776
2026-01-29 09:20:00+00:00,0,0.4826407544145257
2026-01-29 09:25:00+00:00,0,0.48357791892961055
2026-01-29 09:30:00+00:00,0,0.47412799360834185
2026-01-29 09:35:00+00:00,0,0.48529266907200025
2026-01-29 09:40:00+00:00,0,0.49475763957901514
2026-01-29 09:45:00+00:00,1,0.4755621573698709
2026-01-29 09:50:00+00:00,1,0.498857344122559
2026-01-29 09:55:00+00:00,1,0.48808032600728024
2026-01-29 10:00:00+00:00,1,0.49082312036395703
2026-01-29 10:05:00+00:00,1,0.47466858077666146
2026-01-29 10:10:00+00:00,0,0.4926673230789624
2026-01-29 10:15:00+00:00,0,0.48984429374688454
2026-01-29 10:20:00+00:00,0,0.49008602558658404
2026-01-29 10:25:00+00:00,0,0.48460363779190646
2026-01-29 10:30:00+00:00,0,0.482260114573893
2026-01-29 10:35:00+00:00,0,0.4756648520266484
2026-01-29 10:40:00+00:00,0,0.4960072116788902
2026-01-29 10:45:00+00:00,0,0.5063417593721202
2026-01-29 10:50:00+00:00,0,0.5145500120187775
2026-01-29 10:55:00+00:00,0,0.5057632577478508
2026-01-29 11:00:00+00:00,0,0.484616593374924
2026-01-29 11:05:00+00:00,0,0.48744506627983286
2026-01-29 11:10:00+00:00,0,0.4939215457263111
2026-01-29 11:15:00+00:00,0,0.49029116930763517
2026-01-29 11:20:00+00:00,0,0.48343759218264404
2026-01-29 11:25:00+00:00,0,0.4887681197444706
2026-01-29 11:30:00+00:00,0,0.4972604093344313
2026-01-29 11:35:00+00:00,1,0.4968626512608425
2026-01-29 11:40:00+00:00,1,0.49351543040810514
2026-01-29 11:45:00+00:00,1,0.485841552158387
2026-01-29 11:50:00+00:00,1,0.49903380140275183
2026-01-29 11:55:00+00:00,1,0.4850592491145327
2026-01-29 12:00:00+00:00,1,0.4946541232359397
2026-01-29 12:05:00+00:00,0,0.4942686084451372
2026-01-29 12:10:00+00:00,0,0.5045946912751984
2026-01-29 12:15:00+00:00,0,0.4976629799712217
2026-01-29 12:20:00+00:00,0,0.4999246452542422
2026-01-29 12:25:00+00:00,0,0.4767437145311052
2026-01-29 12:30:00+00:00,1,0.5045699231422305
2026-01-29 12:35:00+00:00,1,0.5322197757648633
2026-01-29 12:40:00+00:00,1,0.513123396064367
2026-01-29 12:45:00+00:00,1,0.5161871212067379
2026-01-29 12:50:00+00:00,1,0.5220760824947526
2026-01-29 12:55:00+00:00,1,0.5207096418585224
2026-01-29 13:00:00+00:00,0,0.4975971123728975
2026-01-29 13:05:00+00:00,0,0.5146553397851935
2026-01-29 13:10:00+00:00,0,0.5140864913000575
2026-01-29 13:15:00+00:00,0,0.5240488627688736
2026-01-29 13:20:00+00:00,0,0.5244584553670656
2026-01-29 13:25:00+00:00,0,0.49421725298925273
2026-01-29 13:30:00+00:00,0,0.5000374521323842
2026-01-29 13:35:00+00:00,1,0.4965062768728465
2026-01-29 13:40:00+00:00,0,0.4789487713309649
2026-01-29 13:45:00+00:00,0,0.4846683198199994
2026-01-29 13:50:00+00:00,1,0.4819617776965824
2026-01-29 13:55:00+00:00,0,0.48603922362741125
2026-01-29 14:00:00+00:00,0,0.48627506697375683
2026-01-29 14:05:00+00:00,0,0.4918719867116411
2026-01-29 14:10:00+00:00,0,0.47808318315703335
2026-01-29 14:15:00+00:00,0,0.4604782301085906
2026-01-29 14:20:00+00:00,0,0.461638921962618
2026-01-29 14:25:00+00:00,0,0.4612214926720556
2026-01-29 14:30:00+00:00,0,0.5284580197854525
2026-01-29 14:35:00+00:00,0,0.5268393206339609
2026-01-29 14:40:00+00:00,0,0.5072037152995974
2026-01-29 14:45:00+00:00,0,0.5080184086116147
2026-01-29 14:50:00+00:00,0,0.5009528399306632
2026-01-29 14:55:00+00:00,0,0.5100157471317608
2026-01-29 15:00:00+00:00,0,0.48734323257027334
2026-01-29 15:05:00+00:00,0,0.4948528741066449
2026-01-29 15:10:00+00:00,0,0.50616418619132
2026-01-29 15:15:00+00:00,0,0.49785217578358215
2026-01-29 15:20:00+00:00,0,0.5030131907329145
2026-01-29 15:25:00+00:00,0,0.5191365374236707
2026-01-29 15:30:00+00:00,0,0.4962086201196718
2026-01-29 15:35:00+00:00,0,0.5158986627520387
2026-01-29 15:40:00+00:00,1,0.5088337493850774
2026-01-29 15:45:00+00:00,1,0.51985353288779
2026-01-29 15:50:00+00:00,1,0.49710072631290875
2026-01-29 15:55:00+00:00,0,0.48447979205699887
2026-01-29 16:00:00+00:00,1,0.4740541984893206
2026-01-29 16:05:00+00:00,1,0.48285645873008703
2026-01-29 16:10:00+00:00,1,0.45938926268172653
2026-01-29 16:15:00+00:00,1,0.4494792789790215
2026-01-29 16:20:00+00:00,1,0.4810104662524086
2026-01-29 16:25:00+00:00,1,0.49649846937585296
2026-01-29 16:30:00+00:00,1,0.5188974760748564
2026-01-29 16:35:00+00:00,1,0.518150135135076
2026-01-29 16:40:00+00:00,1,0.5270144996887547
2026-01-29 16:45:00+00:00,1,0.5241165208337261
2026-01-29 16:50:00+00:00,1,0.5092644334317745
2026-01-29 16:55:00+00:00,1,0.4571033530971824
2026-01-29 17:00:00+00:00,1,0.46935403238199064
2026-01-29 17:05:00+00:00,0,0.4645899234646047
2026-01-29 17:10:00+00:00,0,0.4479725701972869
2026-01-29 17:15:00+00:00,0,0.44693851837223036
2026-01-29 17:20:00+00:00,0,0.46355640397424797
2026-01-29 17:25:00+00:00,0,0.5008243045427462
2026-01-29 17:30:00+00:00,0,0.5098966167310666
2026-01-29 17:35:00+00:00,0,0.521827491248811
2026-01-29 17:40:00+00:00,0,0.48740844899652847
2026-01-29 17:45:00+00:00,0,0.5001755271111904
2026-01-29 17:50:00+00:00,0,0.48351413886018035
2026-01-29 17:55:00+00:00,0,0.4866354414508408
2026-01-29 18:00:00+00:00,0,0.49402698204072965
2026-01-29 18:05:00+00:00,0,0.4680630184657983
2026-01-29 18:10:00+00:00,0,0.47363445468310594
2026-01-29 18:15:00+00:00,0,0.5125494203076479
2026-01-29 18:20:00+00:00,0,0.5046692331486887
2026-01-29 18:25:00+00:00,0,0.49070391550704856
2026-01-29 18:30:00+00:00,0,0.49095870612734616
2026-01-29 18:35:00+00:00,0,0.491250164566642
2026-01-29 18:40:00+00:00,0,0.5106957025435228
2026-01-29 18:45:00+00:00,0,0.5025810212054024
2026-01-29 18:50:00+00:00,0,0.4915858100999473
2026-01-29 18:55:00+00:00,1,0.47971114452031993
2026-01-29 19:00:00+00:00,1,0.49703832200304354
2026-01-29 19:05:00+00:00,1,0.48023823473040256
2026-01-29 19:10:00+00:00,1,0.4898383893549388
2026-01-29 19:15:00+00:00,1,0.48719331106396013
2026-01-29 19:20:00+00:00,1,0.5041641480936423
2026-01-29 19:25:00+00:00,1,0.5007694797921355
2026-01-29 19:30:00+00:00,1,0.5114437490622177
2026-01-29 19:35:00+00:00,1,0.4952272080766055
2026-01-29 19:40:00+00:00,1,0.48527282145415984
2026-01-29 19:45:00+00:00,1,0.47114103148634107
2026-01-29 19:50:00+00:00,1,0.4833368065330451
2026-01-29 19:55:00+00:00,1,0.48725813070162877
2026-01-29 20:00:00+00:00,1,0.49953411564624256
2026-01-29 20:05:00+00:00,0,0.5159960036964256
2026-01-29 20:10:00+00:00,1,0.5268602847007784
2026-01-29 20:15:00+00:00,0,0.516692999490569
2026-01-29 20:20:00+00:00,0,0.5113396754279735
2026-01-29 20:25:00+00:00,0,0.5056774502057924
2026-01-29 20:30:00+00:00,1,0.5150658975283238
2026-01-29 20:35:00+00:00,1,0.5170803823755478
2026-01-29 20:40:00+00:00,1,0.5254722806897678
2026-01-29 20:45:00+00:00,1,0.5068926388123655
2026-01-29 20:50:00+00:00,1,0.5122230590094806
2026-01-29 20:55:00+00:00,1,0.5166486570864229
2026-01-29 21:00:00+00:00,0,0.516923727196466
2026-01-29 21:05:00+00:00,0,0.5151805344314974
2026-01-29 21:10:00+00:00,0,0.5164962994299133
2026-01-29 21:15:00+00:00,1,0.517025496929944
2026-01-29 21:20:00+00:00,1,0.504630174499914
2026-01-29 21:25:00+00:00,1,0.4991308224597795
2026-01-29 21:30:00+00:00,1,0.49579549659757455
2026-01-29 21:35:00+00:00,1,0.48188300425199193
2026-01-29 21:40:00+00:00,1,0.4888884311197324
2026-01-29 21:45:00+00:00,0,0.4951289284681433
2026-01-29 21:50:00+00:00,1,0.5045312943145217
2026-01-29 21:55:00+00:00,1,0.47899002340089586
2026-01-29 22:00:00+00:00,0,0.4814854836826963
2026-01-29 22:05:00+00:00,0,0.4927543511147168
2026-01-29 22:10:00+00:00,1,0.49753203694234366
2026-01-29 22:15:00+00:00,1,0.4921067003157418
2026-01-29 22:20:00+00:00,1,0.49875722278836643
2026-01-29 22:25:00+00:00,1,0.49195608046470596
2026-01-29 22:30:00+00:00,0,0.4845829043801248
2026-01-29 22:35:00+00:00,0,0.4888456956924877
2026-01-29 22:40:00+00:00,0,0.45912211236037914
2026-01-29 22:45:00+00:00,0,0.4768569560320243
2026-01-29 22:50:00+00:00,0,0.49103354696287843
2026-01-29 22:55:00+00:00,0,0.486137006619455
2026-01-29 23:00:00+00:00,1,0.4888258068374209
2026-01-29 23:05:00+00:00,1,0.48402199778658545
2026-01-29 23:10:00+00:00,1,0.48141243925546434
2026-01-29 23:15:00+00:00,1,0.4840630491374631
2026-01-29 23:20:00+00:00,1,0.4852652916950309
2026-01-29 23:25:00+00:00,1,0.49588539414218036
2026-01-29 23:30:00+00:00,1,0.48143680802673067
2026-01-29 23:35:00+00:00,1,0.4826955868926039
2026-01-29 23:40:00+00:00,1,0.48018901479201875
2026-01-29 23:45:00+00:00,0,0.47282918586710904
2026-01-29 23:50:00+00:00,0,0.4614862801024411
2026-01-29 23:55:00+00:00,0,0.45265433713264946
2026-01-30 00:00:00+00:00,0,0.4847642330826776
2026-01-30 00:05:00+00:00,0,0.46860276802266443
2026-01-30 00:10:00+00:00,0,0.48204674508036666
2026-01-30 00:15:00+00:00,1,0.4989955429439478
2026-01-30 00:20:00+00:00,1,0.4781405909742283
2026-01-30 00:25:00+00:00,0,0.4997872265950405
2026-01-30 00:30:00+00:00,0,0.48275228466694936
2026-01-30 00:35:00+00:00,1,0.5028058589623998
2026-01-30 00:40:00+00:00,0,0.47598433392158956
2026-01-30 00:45:00+00:00,0,0.4737197139985435
2026-01-30 00:50:00+00:00,0,0.47393340784049376
2026-01-30 00:55:00+00:00,0,0.48510575508794435
2026-01-30 01:00:00+00:00,0,0.4714069990973516
2026-01-30 01:05:00+00:00,0,0.5042670011013327
2026-01-30 01:10:00+00:00,0,0.4921839848989797
2026-01-30 01:15:00+00:00,0,0.49891663844647277
2026-01-30 01:20:00+00:00,0,0.4951487970763524
2026-01-30 01:25:00+00:00,0,0.4971857388930535
2026-01-30 01:30:00+00:00,0,0.4990910363496848
2026-01-30 01:35:00+00:00,0,0.4780006752576854
2026-01-30 01:40:00+00:00,1,0.5409740112769874
2026-01-30 01:45:00+00:00,0,0.5506957012613819
2026-01-30 01:50:00+00:00,0,0.5599398196559805
2026-01-30 01:55:00+00:00,0,0.5522311376942006
2026-01-30 02:00:00+00:00,0,0.5587701932945243
2026-01-30 02:05:00+00:00,0,0.5580408651907192
2026-01-30 02:10:00+00:00,0,0.5217141415191189
2026-01-30 02:15:00+00:00,1,0.548142025287024
2026-01-30 02:20:00+00:00,1,0.5415220129745362
2026-01-30 02:25:00+00:00,1,0.5234363102516061
2026-01-30 02:30:00+00:00,1,0.5355919663446405
2026-01-30 02:35:00+00:00,1,0.5149867587010086
2026-01-30 02:40:00+00:00,1,0.4786548869137651
2026-01-30 02:45:00+00:00,1,0.5190687532244561
2026-01-30 02:50:00+00:00,1,0.5111564754003567
2026-01-30 02:55:00+00:00,1,0.5316348934282804
2026-01-30 03:00:00+00:00,1,0.5235705461312998
2026-01-30 03:05:00+00:00,1,0.5113451381307579
2026-01-30 03:10:00+00:00,1,0.48921335456973203
2026-01-30 03:15:00+00:00,0,0.4947975119906895
2026-01-30 03:20:00+00:00,1,0.5066644756912078
2026-01-30 03:25:00+00:00,1,0.4977107880625143
2026-01-30 03:30:00+00:00,1,0.4741452942640391
2026-01-30 03:35:00+00:00,1,0.4603851223324581
2026-01-30 03:40:00+00:00,1,0.4821932042295563
2026-01-30 03:45:00+00:00,1,0.5064076177435111
2026-01-30 03:50:00+00:00,1,0.4883722126871747
2026-01-30 03:55:00+00:00,1,0.4894022527668563
2026-01-30 04:00:00+00:00,1,0.4855235797978962
2026-01-30 04:05:00+00:00,1,0.495188726688896
2026-01-30 04:10:00+00:00,1,0.4703052559513589
2026-01-30 04:15:00+00:00,1,0.45785850380704823
2026-01-30 04:20:00+00:00,1,0.46446428639279536
2026-01-30 04:25:00+00:00,1,0.4891750516238057
2026-01-30 04:30:00+00:00,0,0.46841048692532655
2026-01-30 04:35:00+00:00,1,0.49178819886181857
2026-01-30 04:40:00+00:00,0,0.475947738613884
2026-01-30 04:45:00+00:00,0,0.47315015173643105
2026-01-30 04:50:00+00:00,0,0.4962737047314624
2026-01-30 04:55:00+00:00,1,0.47425784032349294
2026-01-30 05:00:00+00:00,1,0.4712350070251889
2026-01-30 05:05:00+00:00,1,0.48777751729689867
2026-01-30 05:10:00+00:00,1,0.4980203365268846
2026-01-30 05:15:00+00:00,1,0.5139245201278007
2026-01-30 05:20:00+00:00,1,0.5049437622190812
2026-01-30 05:25:00+00:00,0,0.5044795175702365
2026-01-30 05:30:00+00:00,0,0.501891938853394
2026-01-30 05:35:00+00:00,0,0.4975589338717211
2026-01-30 05:40:00+00:00,0,0.4892220410372337
2026-01-30 05:45:00+00:00,0,0.4972391815982557
2026-01-30 05:50:00+00:00,0,0.49940696051848155
2026-01-30 05:55:00+00:00,0,0.49705328092447126
2026-01-30 06:00:00+00:00,0,0.4994385427813899
2026-01-30 06:05:00+00:00,0,0.49613809307681195
2026-01-30 06:10:00+00:00,0,0.5050178052483636
2026-01-30 06:15:00+00:00,0,0.5118228255961303
2026-01-30 06:20:00+00:00,0,0.5340074053137694
2026-01-30 06:25:00+00:00,0,0.5231536010802631
2026-01-30 06:30:00+00:00,1,0.5077284008677262
2026-01-30 06:35:00+00:00,1,0.49809286949587395
2026-01-30 06:40:00+00:00,1,0.4887561989512179
2026-01-30 06:45:00+00:00,1,0.4960718885434493
2026-01-30 06:50:00+00:00,1,0.4987880128041598
2026-01-30 06:55:00+00:00,1,0.5020812599559844
2026-01-30 07:00:00+00:00,1,0.47898343231297197
2026-01-30 07:05:00+00:00,1,0.4956342021918333
2026-01-30 07:10:00+00:00,0,0.4597282067258528
2026-01-30 07:15:00+00:00,0,0.4727506782991066
2026-01-30 07:20:00+00:00,1,0.479717420081887
2026-01-30 07:25:00+00:00,1,0.49130021593186535
2026-01-30 07:30:00+00:00,1,0.48423714813534724
2026-01-30 07:35:00+00:00,1,0.4810543421428329
2026-01-30 07:40:00+00:00,1,0.4759640520848963
2026-01-30 07:45:00+00:00,1,0.46269559118980313
2026-01-30 07:50:00+00:00,0,0.4611262541771461
2026-01-30 07:55:00+00:00,1,0.4586580822293358
2026-01-30 08:00:00+00:00,0,0.4638650534806793
2026-01-30 08:05:00+00:00,0,0.4663957961084802
2026-01-30 08:10:00+00:00,0,0.4614982936592405
2026-01-30 08:15:00+00:00,0,0.47659924447649626
2026-01-30 08:20:00+00:00,0,0.47778826996183865
2026-01-30 08:25:00+00:00,0,0.46782858404947764
2026-01-30 08:30:00+00:00,0,0.4780264930821644
2026-01-30 08:35:00+00:00,1,0.48961025805303543
2026-01-30 08:40:00+00:00,0,0.4829646975782056
2026-01-30 08:45:00+00:00,0,0.4756921600984438
2026-01-30 08:50:00+00:00,0,0.48167991294743245
2026-01-30 08:55:00+00:00,0,0.4725985973455636
2026-01-30 09:00:00+00:00,0,0.46149748937946244
2026-01-30 09:05:00+00:00,1,0.46404847446354197
2026-01-30 09:10:00+00:00,1,0.46365586598506653
2026-01-30 09:15:00+00:00,1,0.473968470501205
2026-01-30 09:20:00+00:00,1,0.49536701332024285
2026-01-30 09:25:00+00:00,1,0.5063001466335375
2026-01-30 09:30:00+00:00,0,0.46514127532032534
2026-01-30 09:35:00+00:00,0,0.4668632860812189
2026-01-30 09:40:00+00:00,0,0.4815655464367724
2026-01-30 09:45:00+00:00,1,0.4708158349979988
2026-01-30 09:50:00+00:00,1,0.485914469323972
2026-01-30 09:55:00+00:00,1,0.4857772286153766
2026-01-30 10:00:00+00:00,1,0.5034190138943848
2026-01-30 10:05:00+00:00,1,0.5055437712567896
2026-01-30 10:10:00+00:00,1,0.5079167962040387
2026-01-30 10:15:00+00:00,1,0.4995449335100849
2026-01-30 10:20:00+00:00,1,0.49784795508062013
2026-01-30 10:25:00+00:00,1,0.49679157979204963
2026-01-30 10:30:00+00:00,1,0.5005345422465926
2026-01-30 10:35:00+00:00,1,0.5065463483909357
2026-01-30 10:40:00+00:00,1,0.5077039306933677
2026-01-30 10:45:00+00:00,1,0.4921783510251607
2026-01-30 10:50:00+00:00,1,0.4785259090870987
2026-01-30 10:55:00+00:00,1,0.48641176687958787
2026-01-30 11:00:00+00:00,1,0.48458066598878674
2026-01-30 11:05:00+00:00,1,0.4829339827419265
2026-01-30 11:10:00+00:00,0,0.4821020871670377
2026-01-30 11:15:00+00:00,0,0.48922094391793214
2026-01-30 11:20:00+00:00,1,0.4763382316402444
2026-01-30 11:25:00+00:00,1,0.4904180284048211
2026-01-30 11:30:00+00:00,1,0.48586322711595464
2026-01-30 11:35:00+00:00,1,0.48288967674717925
2026-01-30 11:40:00+00:00,1,0.4742950778738906
2026-01-30 11:45:00+00:00,1,0.4948070048930253
2026-01-30 11:50:00+00:00,0,0.47136156848300576
2026-01-30 11:55:00+00:00,0,0.4591373202971681
2026-01-30 12:00:00+00:00,0,0.4451401014219634
2026-01-30 12:05:00+00:00,0,0.4454028108239333
2026-01-30 12:10:00+00:00,0,0.4950107015178269
2026-01-30 12:15:00+00:00,0,0.4992919472603884
2026-01-30 12:20:00+00:00,0,0.5051147487835342
2026-01-30 12:25:00+00:00,0,0.48450603068893794
2026-01-30 12:30:00+00:00,0,0.49027387403546424
2026-01-30 12:35:00+00:00,0,0.48582469954820734
2026-01-30 12:40:00+00:00,0,0.5056529660301802
2026-01-30 12:45:00+00:00,0,0.5016190964556342
2026-01-30 12:50:00+00:00,0,0.49685750279001434
2026-01-30 12:55:00+00:00,0,0.4964544419140136
2026-01-30 13:00:00+00:00,0,0.505731475958894
2026-01-30 13:05:00+00:00,1,0.480597140002617
2026-01-30 13:10:00+00:00,0,0.4815402675226242
2026-01-30 13:15:00+00:00,0,0.475736147961593
2026-01-30 13:20:00+00:00,0,0.4774292688225497
2026-01-30 13:25:00+00:00,0,0.4797078062179006
2026-01-30 13:30:00+00:00,1,0.4830401204246673
2026-01-30 13:35:00+00:00,1,0.4943828829697097
2026-01-30 13:40:00+00:00,1,0.49455003031564343
2026-01-30 13:45:00+00:00,1,0.4955821649956674
2026-01-30 13:50:00+00:00,1,0.49862150241529024
2026-01-30 13:55:00+00:00,1,0.4988445573736569
2026-01-30 14:00:00+00:00,1,0.48676186219073125
2026-01-30 14:05:00+00:00,1,0.4911287331855553
2026-01-30 14:10:00+00:00,1,0.49133970171218966
2026-01-30 14:15:00+00:00,1,0.48473925980161575
2026-01-30 14:20:00+00:00,0,0.502379266051092
2026-01-30 14:25:00+00:00,0,0.5086546642724679
2026-01-30 14:30:00+00:00,1,0.5007510577664527
2026-01-30 14:35:00+00:00,0,0.4646056748585374
2026-01-30 14:40:00+00:00,0,0.46573216510260873
2026-01-30 14:45:00+00:00,0,0.49983706122475446
2026-01-30 14:50:00+00:00,0,0.5057326752725274
2026-01-30 14:55:00+00:00,0,0.49909341265287066
2026-01-30 15:00:00+00:00,0,0.49212021363631114
2026-01-30 15:05:00+00:00,0,0.4946342663439003
2026-01-30 15:10:00+00:00,1,0.5005875904942937
2026-01-30 15:15:00+00:00,1,0.5017696510022449
2026-01-30 15:20:00+00:00,1,0.4940631194730641
2026-01-30 15:25:00+00:00,1,0.4791917808643716
2026-01-30 15:30:00+00:00,1,0.5142972020335612
2026-01-30 15:35:00+00:00,1,0.5028999917610021
2026-01-30 15:40:00+00:00,1,0.5021464602385496
2026-01-30 15:45:00+00:00,1,0.5121014525650893
2026-01-30 15:50:00+00:00,0,0.4968672792274953
2026-01-30 15:55:00+00:00,1,0.502615612570194
2026-01-30 16:00:00+00:00,1,0.5115229741972055
2026-01-30 16:05:00+00:00,1,0.5033747373427818
2026-01-30 16:10:00+00:00,1,0.5010537987947875
2026-01-30 16:15:00+00:00,1,0.5058449239461144
2026-01-30 16:20:00+00:00,1,0.4999199152638529
2026-01-30 16:25:00+00:00,0,0.5151765775629655
2026-01-30 16:30:00+00:00,0,0.5233240887602121
2026-01-30 16:35:00+00:00,0,0.5167976998710035
2026-01-30 16:40:00+00:00,0,0.5136933344354007
2026-01-30 16:45:00+00:00,0,0.5041372749996551
2026-01-30 16:50:00+00:00,1,0.5260123838455316
2026-01-30 16:55:00+00:00,1,0.5221228721316873
2026-01-30 17:00:00+00:00,1,0.5032040463908295
2026-01-30 17:05:00+00:00,1,0.5215349639742521
2026-01-30 17:10:00+00:00,1,0.5069318291370589
2026-01-30 17:15:00+00:00,0,0.5182094417706585
2026-01-30 17:20:00+00:00,0,0.5143227434125291
2026-01-30 17:25:00+00:00,0,0.5128627890117727
2026-01-30 17:30:00+00:00,0,0.5178880633189253
2026-01-30 17:35:00+00:00,0,0.4972354475092307
2026-01-30 17:40:00+00:00,0,0.5027756354909896
2026-01-30 17:45:00+00:00,0,0.4902875383165847
2026-01-30 17:50:00+00:00,0,0.4993182789987626
2026-01-30 17:55:00+00:00,0,0.5096596647100557
2026-01-30 18:00:00+00:00,0,0.49800556968449283
2026-01-30 18:05:00+00:00,0,0.49792013706389254
2026-01-30 18:10:00+00:00,1,0.501526194929912
2026-01-30 18:15:00+00:00,1,0.5128387588914811
2026-01-30 18:20:00+00:00,1,0.5468958742012965
2026-01-30 18:25:00+00:00,1,0.5285700424715126
2026-01-30 18:30:00+00:00,1,0.5185871365372028
2026-01-30 18:35:00+00:00,1,0.49455175010790414
2026-01-30 18:40:00+00:00,1,0.5030971053258455
2026-01-30 18:45:00+00:00,1,0.5000066166680459
2026-01-30 18:50:00+00:00,1,0.5274924114230674
2026-01-30 18:55:00+00:00,1,0.5214518677135906
2026-01-30 19:00:00+00:00,1,0.49053544345305705
2026-01-30 19:05:00+00:00,1,0.46802812230643465
2026-01-30 19:10:00+00:00,1,0.48816989632891417
2026-01-30 19:15:00+00:00,0,0.47634390508181057
2026-01-30 19:20:00+00:00,0,0.47045176004883543
2026-01-30 19:25:00+00:00,0,0.4744056466979308
2026-01-30 19:30:00+00:00,0,0.47384393546090126
2026-01-30 19:35:00+00:00,0,0.4877227762052622
2026-01-30 19:40:00+00:00,0,0.48449540974167
2026-01-30 19:45:00+00:00,0,0.5041306444136245
2026-01-30 19:50:00+00:00,0,0.49430385245549613
2026-01-30 19:55:00+00:00,0,0.47914320753599404
2026-01-30 20:00:00+00:00,0,0.47009806724861986
2026-01-30 20:05:00+00:00,0,0.4834421304792322
2026-01-30 20:10:00+00:00,0,0.5005674031933353
2026-01-30 20:15:00+00:00,0,0.4925730776197362
2026-01-30 20:20:00+00:00,0,0.5116684506184864
2026-01-30 20:25:00+00:00,0,0.48491855132808664
2026-01-30 20:30:00+00:00,0,0.4875257367332573
2026-01-30 20:35:00+00:00,1,0.5149624855413222
2026-01-30 20:40:00+00:00,1,0.5059651824545452
2026-01-30 20:45:00+00:00,1,0.4941463353673276
2026-01-30 20:50:00+00:00,1,0.5006002980824277
2026-01-30 20:55:00+00:00,1,0.505385867282256
2026-01-30 21:00:00+00:00,1,0.5188857357772682
2026-01-30 21:05:00+00:00,0,0.5141828698124359
2026-01-30 21:10:00+00:00,0,0.4876091049890943
2026-01-30 21:15:00+00:00,0,0.4796788065570872
2026-01-30 21:20:00+00:00,0,0.4776970310367083
2026-01-30 21:25:00+00:00,0,0.49251290244405915
2026-01-30 21:30:00+00:00,0,0.5124572205530965
2026-01-30 21:35:00+00:00,1,0.484395673005002
2026-01-30 21:40:00+00:00,0,0.4911055658096436
2026-01-30 21:45:00+00:00,0,0.5132944049728277
2026-01-30 21:50:00+00:00,0,0.5113676109602776
2026-01-30 21:55:00+00:00,0,0.5192876171535055
2026-01-30 22:00:00+00:00,0,0.5093590909257135
2026-01-30 22:05:00+00:00,0,0.5113098623688117
2026-01-30 22:10:00+00:00,1,0.5029296720084753
2026-01-30 22:15:00+00:00,1,0.4960781684069993
2026-01-30 22:20:00+00:00,1,0.5054318491767481
2026-01-30 22:25:00+00:00,1,0.5207154707743211
2026-01-30 22:30:00+00:00,1,0.5170485090820165
2026-01-30 22:35:00+00:00,1,0.5245423635060713
2026-01-30 22:40:00+00:00,1,0.5140594680421822
2026-01-30 22:45:00+00:00,0,0.5150179394889148
2026-01-30 22:50:00+00:00,0,0.5003900852927022
2026-01-30 22:55:00+00:00,0,0.49389696021391316
2026-01-30 23:00:00+00:00,0,0.4761862985867749
2026-01-30 23:05:00+00:00,1,0.48399138039042694
2026-01-30 23:10:00+00:00,1,0.4863846969814194
2026-01-30 23:15:00+00:00,1,0.48187014382811927
2026-01-30 23:20:00+00:00,1,0.5014010888853611
2026-01-30 23:25:00+00:00,1,0.48213282668205565
2026-01-30 23:30:00+00:00,1,0.4837552738469184
2026-01-30 23:35:00+00:00,1,0.4896971655184642
2026-01-30 23:40:00+00:00,1,0.48867352283454957
2026-01-30 23:45:00+00:00,1,0.4863012602337671
2026-01-30 23:50:00+00:00,1,0.4946592713218164
2026-01-30 23:55:00+00:00,1,0.4936963399259771
2026-01-31 00:00:00+00:00,1,0.5113650209888089
2026-01-31 00:05:00+00:00,1,0.4978326338182936
2026-01-31 00:10:00+00:00,1,0.49038776422484265
2026-01-31 00:15:00+00:00,1,0.4816735450762201
2026-01-31 00:20:00+00:00,0,0.49867197036528044
2026-01-31 00:25:00+00:00,0,0.4744329309603174
2026-01-31 00:30:00+00:00,1,0.4787467002140059
2026-01-31 00:35:00+00:00,1,0.47583643582577134
2026-01-31 00:40:00+00:00,1,0.47643142363012286
2026-01-31 00:45:00+00:00,1,0.5023499249241404
2026-01-31 00:50:00+00:00,1,0.5052527184112975
2026-01-31 00:55:00+00:00,1,0.500279337933551
2026-01-31 01:00:00+00:00,1,0.47977085581570483
2026-01-31 01:05:00+00:00,1,0.46994510376040566
2026-01-31 01:10:00+00:00,1,0.48007531272667875
2026-01-31 01:15:00+00:00,0,0.4905815783516914
2026-01-31 01:20:00+00:00,0,0.4915370926309175
2026-01-31 01:25:00+00:00,1,0.4802703100901413
2026-01-31 01:30:00+00:00,0,0.46722517512548084
2026-01-31 01:35:00+00:00,0,0.4866284363443098
2026-01-31 01:40:00+00:00,0,0.4743301826668507
2026-01-31 01:45:00+00:00,0,0.46637030428475396
2026-01-31 01:50:00+00:00,0,0.4809953080647124
2026-01-31 01:55:00+00:00,0,0.48447045424481217
2026-01-31 02:00:00+00:00,1,0.4797583723734073
2026-01-31 02:05:00+00:00,1,0.4794763211282378
2026-01-31 02:10:00+00:00,1,0.49568014073893213
2026-01-31 02:15:00+00:00,1,0.49309294153625943
2026-01-31 02:20:00+00:00,1,0.48510552332057144
2026-01-31 02:25:00+00:00,1,0.49397114677579546
2026-01-31 02:30:00+00:00,1,0.48400717797969206
2026-01-31 02:35:00+00:00,1,0.4938453001861532
2026-01-31 02:40:00+00:00,0,0.4970498071048787
2026-01-31 02:45:00+00:00,1,0.508859620442032
2026-01-31 02:50:00+00:00,1,0.4973348309582173
2026-01-31 02:55:00+00:00,0,0.4985895016758371
2026-01-31 03:00:00+00:00,0,0.49964657166029286
2026-01-31 03:05:00+00:00,0,0.4970926358124758
2026-01-31 03:10:00+00:00,0,0.48954194618316216
2026-01-31 03:15:00+00:00,0,0.48658933449030567
2026-01-31 03:20:00+00:00,0,0.4779841805980169
2026-01-31 03:25:00+00:00,1,0.5028793977534011
2026-01-31 03:30:00+00:00,1,0.4970051792981706
2026-01-31 03:35:00+00:00,1,0.4968008017633076
2026-01-31 03:40:00+00:00,1,0.49841324887806543
2026-01-31 03:45:00+00:00,1,0.4957716107126929
2026-01-31 03:50:00+00:00,1,0.4897045346125452
2026-01-31 03:55:00+00:00,1,0.4949385821066697
2026-01-31 04:00:00+00:00,0,0.49890253906815357
2026-01-31 04:05:00+00:00,0,0.4897096924155159
2026-01-31 04:10:00+00:00,0,0.49136892725479075
2026-01-31 04:15:00+00:00,0,0.4871110375614476
2026-01-31 04:20:00+00:00,0,0.4983969656553852
2026-01-31 04:25:00+00:00,0,0.5029175532366366
2026-01-31 04:30:00+00:00,0,0.5095051481106742
2026-01-31 04:35:00+00:00,0,0.4925543654814339
2026-01-31 04:40:00+00:00,0,0.4936765178636519
2026-01-31 04:45:00+00:00,0,0.4942776485566626
2026-01-31 04:50:00+00:00,0,0.4914406480153781
2026-01-31 04:55:00+00:00,0,0.49552551143172996
2026-01-31 05:00:00+00:00,1,0.47615884678445414
2026-01-31 05:05:00+00:00,1,0.48007262950031704
2026-01-31 05:10:00+00:00,1,0.5026423849341468
2026-01-31 05:15:00+00:00,1,0.5012805089424948
2026-01-31 05:20:00+00:00,1,0.5062466993666092
2026-01-31 05:25:00+00:00,1,0.5029961158575089
2026-01-31 05:30:00+00:00,1,0.4859732761150997
2026-01-31 05:35:00+00:00,1,0.4774445196457851
2026-01-31 05:40:00+00:00,1,0.4838599592559426
2026-01-31 05:45:00+00:00,1,0.48614145595180436
2026-01-31 05:50:00+00:00,0,0.4878116140036339
2026-01-31 05:55:00+00:00,0,0.4882555882429779
2026-01-31 06:00:00+00:00,0,0.48692980763669985
2026-01-31 06:05:00+00:00,0,0.4905689600987632
2026-01-31 06:10:00+00:00,0,0.4990030792144199
2026-01-31 06:15:00+00:00,0,0.510168108413313
2026-01-31 06:20:00+00:00,0,0.5030210322737404
2026-01-31 06:25:00+00:00,1,0.5129914876671614
2026-01-31 06:30:00+00:00,1,0.5035704793471055
2026-01-31 06:35:00+00:00,1,0.5076545829619055
2026-01-31 06:40:00+00:00,0,0.5236250118012827
2026-01-31 06:45:00+00:00,0,0.5269498604501869
2026-01-31 06:50:00+00:00,0,0.5396219951255997
2026-01-31 06:55:00+00:00,0,0.524231017079405
2026-01-31 07:00:00+00:00,0,0.5269897904339876
2026-01-31 07:05:00+00:00,0,0.5187127927956519
2026-01-31 07:10:00+00:00,0,0.5177071274349456
2026-01-31 07:15:00+00:00,0,0.4954297878767339
2026-01-31 07:20:00+00:00,0,0.49886568379941926
2026-01-31 07:25:00+00:00,0,0.5031696818033053
2026-01-31 07:30:00+00:00,0,0.5215753426569287
2026-01-31 07:35:00+00:00,0,0.5374581290066064
2026-01-31 07:40:00+00:00,0,0.496608328934477
2026-01-31 07:45:00+00:00,0,0.4985372458964145
2026-01-31 07:50:00+00:00,0,0.4953711884799957
2026-01-31 07:55:00+00:00,0,0.50009620359226
2026-01-31 08:00:00+00:00,0,0.5227465045697175
2026-01-31 08:05:00+00:00,0,0.5241753723568806
2026-01-31 08:10:00+00:00,0,0.5153261571707898
2026-01-31 08:15:00+00:00,0,0.5345735508524144
2026-01-31 08:20:00+00:00,0,0.5314645704218933
2026-01-31 08:25:00+00:00,0,0.5307528700529642
2026-01-31 08:30:00+00:00,1,0.49761325960162117
2026-01-31 08:35:00+00:00,1,0.5185722203501032
2026-01-31 08:40:00+00:00,1,0.503117484234682
2026-01-31 08:45:00+00:00,1,0.5126814251649755
2026-01-31 08:50:00+00:00,1,0.524803708195141
2026-01-31 08:55:00+00:00,1,0.5228366054691607
2026-01-31 09:00:00+00:00,1,0.5329690537703422
2026-01-31 09:05:00+00:00,1,0.5434805356526775
2026-01-31 09:10:00+00:00,1,0.5333633967581107
2026-01-31 09:15:00+00:00,1,0.5362634553845246
2026-01-31 09:20:00+00:00,1,0.532358841254276
2026-01-31 09:25:00+00:00,1,0.5150514151792887
2026-01-31 09:30:00+00:00,0,0.5029257455720374
2026-01-31 09:35:00+00:00,0,0.5271782656679854
2026-01-31 09:40:00+00:00,0,0.5188565600870143
2026-01-31 09:45:00+00:00,0,0.5179968825262106
2026-01-31 09:50:00+00:00,0,0.4867468340906793
2026-01-31 09:55:00+00:00,1,0.48356512896223436
2026-01-31 10:00:00+00:00,1,0.5113930243160468
2026-01-31 10:05:00+00:00,1,0.5253549571744601
2026-01-31 10:10:00+00:00,1,0.5279132614934487
2026-01-31 10:15:00+00:00,1,0.5250342586545556
2026-01-31 10:20:00+00:00,1,0.489363066970256
2026-01-31 10:25:00+00:00,1,0.4928740867960659
2026-01-31 10:30:00+00:00,0,0.4987821173244892
2026-01-31 10:35:00+00:00,0,0.4850496336538018
2026-01-31 10:40:00+00:00,0,0.47263236384311375
2026-01-31 10:45:00+00:00,0,0.4727531772977359
2026-01-31 10:50:00+00:00,0,0.4745477578996464
2026-01-31 10:55:00+00:00,0,0.47483753461629374
2026-01-31 11:00:00+00:00,0,0.4748740259722453
2026-01-31 11:05:00+00:00,0,0.47915049351013295
2026-01-31 11:10:00+00:00,0,0.4767125619635262
2026-01-31 11:15:00+00:00,0,0.4905349796728655
2026-01-31 11:20:00+00:00,0,0.4892771403115659
2026-01-31 11:25:00+00:00,0,0.498731785105094
2026-01-31 11:30:00+00:00,0,0.4917364489375132
2026-01-31 11:35:00+00:00,0,0.4992184175713093
2026-01-31 11:40:00+00:00,0,0.5088317471194034
2026-01-31 11:45:00+00:00,0,0.49220212530737667
2026-01-31 11:50:00+00:00,0,0.48653827504353386
2026-01-31 11:55:00+00:00,0,0.5275739312089966
2026-01-31 12:00:00+00:00,0,0.5305236392182511
2026-01-31 12:05:00+00:00,0,0.5289615014150746
2026-01-31 12:10:00+00:00,0,0.5322962224015076
2026-01-31 12:15:00+00:00,0,0.5098826246037111
2026-01-31 12:20:00+00:00,0,0.5220576398400834
2026-01-31 12:25:00+00:00,0,0.4935580384648875
2026-01-31 12:30:00+00:00,0,0.5026652534545073
2026-01-31 12:35:00+00:00,0,0.5128143442284847
2026-01-31 12:40:00+00:00,0,0.5150441344259616
2026-01-31 12:45:00+00:00,0,0.4996378924716355
2026-01-31 12:50:00+00:00,0,0.5010849849052965
2026-01-31 12:55:00+00:00,0,0.5094624690829141
2026-01-31 13:00:00+00:00,0,0.527266707021189
2026-01-31 13:05:00+00:00,0,0.5371708239597377
2026-01-31 13:10:00+00:00,0,0.5317668684042353
2026-01-31 13:15:00+00:00,0,0.5221155538650423
2026-01-31 13:20:00+00:00,0,0.5088642132001385
2026-01-31 13:25:00+00:00,0,0.5347299268937362
2026-01-31 13:30:00+00:00,1,0.49836834838070043
2026-01-31 13:35:00+00:00,0,0.5247714020648206
2026-01-31 13:40:00+00:00,0,0.49526897079921545
2026-01-31 13:45:00+00:00,0,0.5032444193677025
2026-01-31 13:50:00+00:00,0,0.4949892715988135
2026-01-31 13:55:00+00:00,0,0.505326715242762
2026-01-31 14:00:00+00:00,0,0.5111707713993393
2026-01-31 14:05:00+00:00,0,0.5226506994579624
2026-01-31 14:10:00+00:00,0,0.5282019652432394
2026-01-31 14:15:00+00:00,0,0.5318445749055484
2026-01-31 14:20:00+00:00,0,0.48854124799359777
2026-01-31 14:25:00+00:00,0,0.5155258712251458
2026-01-31 14:30:00+00:00,0,0.5242357472482178
2026-01-31 14:35:00+00:00,1,0.48299470612582085
2026-01-31 14:40:00+00:00,1,0.4689315327840908
2026-01-31 14:45:00+00:00,1,0.4821326515116418
2026-01-31 14:50:00+00:00,0,0.5283918447470288
2026-01-31 14:55:00+00:00,1,0.5209911968715856
2026-01-31 15:00:00+00:00,1,0.5005015681376784
2026-01-31 15:05:00+00:00,0,0.4876717107958486
2026-01-31 15:10:00+00:00,0,0.495970743309662
2026-01-31 15:15:00+00:00,0,0.47141352386576163
2026-01-31 15:20:00+00:00,0,0.4891593527120497
2026-01-31 15:25:00+00:00,0,0.4760715980900034
2026-01-31 15:30:00+00:00,0,0.46894536364593453
2026-01-31 15:35:00+00:00,0,0.48612266926866526
2026-01-31 15:40:00+00:00,0,0.5343338947135085
2026-01-31 15:45:00+00:00,0,0.5469187776297325
2026-01-31 15:50:00+00:00,1,0.5398706619631874
2026-01-31 15:55:00+00:00,0,0.5245115006436432
2026-01-31 16:00:00+00:00,0,0.5232598417706609
2026-01-31 16:05:00+00:00,1,0.5233601751315884
2026-01-31 16:10:00+00:00,0,0.5281595756765977
2026-01-31 16:15:00+00:00,0,0.5176960970892495
2026-01-31 16:20:00+00:00,0,0.5222634532832025
2026-01-31 16:25:00+00:00,0,0.5265202670420297
2026-01-31 16:30:00+00:00,0,0.5243645326050816
2026-01-31 16:35:00+00:00,0,0.5274828897802688
2026-01-31 16:40:00+00:00,0,0.5040425909994808
2026-01-31 16:45:00+00:00,0,0.4891052380034504
2026-01-31 16:50:00+00:00,0,0.4903155229905787
2026-01-31 16:55:00+00:00,0,0.4829347626202595
2026-01-31 17:00:00+00:00,0,0.5044068195101626
2026-01-31 17:05:00+00:00,0,0.5366125387109876
2026-01-31 17:10:00+00:00,1,0.5177341720517041
2026-01-31 17:15:00+00:00,0,0.5355673215587674
2026-01-31 17:20:00+00:00,0,0.5389670802807016
2026-01-31 17:25:00+00:00,0,0.5019107680169879
2026-01-31 17:30:00+00:00,1,0.5181243804363731
2026-01-31 17:35:00+00:00,0,0.4964003779408114
2026-01-31 17:40:00+00:00,0,0.5035692799369739
2026-01-31 17:45:00+00:00,1,0.510903758958707
2026-01-31 17:50:00+00:00,0,0.5188026717293781
2026-01-31 17:55:00+00:00,1,0.5308040602392424
2026-01-31 18:00:00+00:00,0,0.5401956024209514
2026-01-31 18:05:00+00:00,0,0.5008601754215618
2026-01-31 18:10:00+00:00,0,0.48208172231292734
2026-01-31 18:15:00+00:00,0,0.5165714443880268
2026-01-31 18:20:00+00:00,0,0.5018657092764263
2026-01-31 18:25:00+00:00,0,0.49031593020536157
2026-01-31 18:30:00+00:00,0,0.5204662457206034
2026-01-31 18:35:00+00:00,1,0.5320874329662363
2026-01-31 18:40:00+00:00,1,0.5619651135998799
2026-01-31 18:45:00+00:00,1,0.5002375714496415
2026-01-31 18:50:00+00:00,1,0.4795621371220028
2026-01-31 18:55:00+00:00,1,0.49089590167591074
2026-01-31 19:00:00+00:00,0,0.4440511326254936
2026-01-31 19:05:00+00:00,0,0.4666418862594758
2026-01-31 19:10:00+00:00,0,0.4623312912357442
2026-01-31 19:15:00+00:00,0,0.43127349176838226
2026-01-31 19:20:00+00:00,0,0.46394014751309376
2026-01-31 19:25:00+00:00,0,0.4740745572070652
2026-01-31 19:30:00+00:00,0,0.4955999406829772
2026-01-31 19:35:00+00:00,0,0.473586158115253
2026-01-31 19:40:00+00:00,0,0.46477918692676035
2026-01-31 19:45:00+00:00,0,0.46807811975870944
2026-01-31 19:50:00+00:00,0,0.4723169394974294
2026-01-31 19:55:00+00:00,0,0.4274166910345498
2026-01-31 20:00:00+00:00,0,0.4544239170699506
2026-01-31 20:05:00+00:00,0,0.46622416056352056
2026-01-31 20:10:00+00:00,1,0.48349180324629865
2026-01-31 20:15:00+00:00,1,0.472320103841291
2026-01-31 20:20:00+00:00,1,0.48220208149638516
2026-01-31 20:25:00+00:00,1,0.49389459557115467
2026-01-31 20:30:00+00:00,1,0.4784115211730933
2026-01-31 20:35:00+00:00,1,0.48510134020323525
2026-01-31 20:40:00+00:00,0,0.5034361564753919
2026-01-31 20:45:00+00:00,1,0.509595267934124
2026-01-31 20:50:00+00:00,1,0.4921195801107696
2026-01-31 20:55:00+00:00,1,0.5083875426829256
2026-01-31 21:00:00+00:00,1,0.5298159009046526
2026-01-31 21:05:00+00:00,1,0.5208542673379114
2026-01-31 21:10:00+00:00,1,0.5216447142693922
2026-01-31 21:15:00+00:00,1,0.5372570000695464
2026-01-31 21:20:00+00:00,1,0.5252911306512701
2026-01-31 21:25:00+00:00,1,0.4801296497198359
2026-01-31 21:30:00+00:00,1,0.49503369287687604
2026-01-31 21:35:00+00:00,1,0.5002415885459174
2026-01-31 21:40:00+00:00,1,0.5015000896950981
2026-01-31 21:45:00+00:00,1,0.505107926089248
2026-01-31 21:50:00+00:00,1,0.45970573333345854
2026-01-31 21:55:00+00:00,1,0.47602363338078535
2026-01-31 22:00:00+00:00,1,0.43514397550485473
2026-01-31 22:05:00+00:00,1,0.44265128392004527
2026-01-31 22:10:00+00:00,1,0.4925844587732852
2026-01-31 22:15:00+00:00,1,0.46268069254528793
2026-01-31 22:20:00+00:00,1,0.47652012916109837
2026-01-31 22:25:00+00:00,1,0.4602225164608689
2026-01-31 22:30:00+00:00,0,0.45186565932183886
2026-01-31 22:35:00+00:00,1,0.4700143997565595
2026-01-31 22:40:00+00:00,1,0.4828070727817102
2026-01-31 22:45:00+00:00,1,0.47396937330886335
2026-01-31 22:50:00+00:00,1,0.487056481075578
2026-01-31 22:55:00+00:00,1,0.4897100034673002
2026-01-31 23:00:00+00:00,1,0.4884442271049218
2026-01-31 23:05:00+00:00,1,0.4672282623246465
2026-01-31 23:10:00+00:00,1,0.47925474603872015
2026-01-31 23:15:00+00:00,1,0.44702739454752627
2026-01-31 23:20:00+00:00,0,0.47790351500698397
2026-01-31 23:25:00+00:00,0,0.4797464933565374
2026-01-31 23:30:00+00:00,0,0.5015016625725045
2026-01-31 23:35:00+00:00,1,0.48006102102898895
2026-01-31 23:40:00+00:00,1,0.4833758874451466
2026-01-31 23:45:00+00:00,1,0.49818758115297324
2026-01-31 23:50:00+00:00,1,0.489639847353457
2026-01-31 23:55:00+00:00,1,0.4776076287235502
2026-02-01 00:00:00+00:00,1,0.5049549184718614
2026-02-01 00:05:00+00:00,0,0.49847715971061624
2026-02-01 00:10:00+00:00,0,0.5003247254574132
2026-02-01 00:15:00+00:00,0,0.491471655475551
2026-02-01 00:20:00+00:00,0,0.5318048935042202
2026-02-01 00:25:00+00:00,0,0.5285812536050721
2026-02-01 00:30:00+00:00,0,0.5262580211676681
2026-02-01 00:35:00+00:00,0,0.5289708055912631
2026-02-01 00:40:00+00:00,0,0.515494545408288
2026-02-01 00:45:00+00:00,0,0.4954705099490099
2026-02-01 00:50:00+00:00,0,0.49961530621379263
2026-02-01 00:55:00+00:00,0,0.49580900667076344
2026-02-01 01:00:00+00:00,0,0.48537243310732786
2026-02-01 01:05:00+00:00,0,0.49450051845707554
2026-02-01 01:10:00+00:00,0,0.5008431565577413
2026-02-01 01:15:00+00:00,1,0.5155258938348577
2026-02-01 01:20:00+00:00,1,0.5044690286944343
2026-02-01 01:25:00+00:00,1,0.5302770444321846
2026-02-01 01:30:00+00:00,1,0.5223460408078348
2026-02-01 01:35:00+00:00,1,0.5387607692033515
2026-02-01 01:40:00+00:00,1,0.5357751023860325
2026-02-01 01:45:00+00:00,1,0.5297197646442392
2026-02-01 01:50:00+00:00,0,0.529362149124341
2026-02-01 01:55:00+00:00,1,0.5178332857837662
2026-02-01 02:00:00+00:00,1,0.529504684768218
2026-02-01 02:05:00+00:00,0,0.4942177168736369
2026-02-01 02:10:00+00:00,0,0.46794852665061865
2026-02-01 02:15:00+00:00,1,0.4851541946093095
2026-02-01 02:20:00+00:00,1,0.5331431970830394
2026-02-01 02:25:00+00:00,1,0.5197830899265827
2026-02-01 02:30:00+00:00,1,0.5077462076195084
2026-02-01 02:35:00+00:00,0,0.5157558313017253
2026-02-01 02:40:00+00:00,0,0.527049171401628
2026-02-01 02:45:00+00:00,0,0.536779796516803
2026-02-01 02:50:00+00:00,0,0.510114844389454
2026-02-01 02:55:00+00:00,0,0.5391804069437991
2026-02-01 03:00:00+00:00,0,0.5201612695152978
2026-02-01 03:05:00+00:00,0,0.5222087819984301
2026-02-01 03:10:00+00:00,0,0.5288226807198181
2026-02-01 03:15:00+00:00,0,0.5277544517947134
2026-02-01 03:20:00+00:00,0,0.522439592600454
2026-02-01 03:25:00+00:00,1,0.5285062715522393
2026-02-01 03:30:00+00:00,1,0.5111845244950391
2026-02-01 03:35:00+00:00,1,0.48782605000670165
2026-02-01 03:40:00+00:00,1,0.49818208176280954
2026-02-01 03:45:00+00:00,1,0.4898281754422336
2026-02-01 03:50:00+00:00,1,0.49980852286459027
2026-02-01 03:55:00+00:00,1,0.5038081314523779
2026-02-01 04:00:00+00:00,1,0.5148313956951633
2026-02-01 04:05:00+00:00,1,0.4987290919699694
2026-02-01 04:10:00+00:00,1,0.49682416787199185
2026-02-01 04:15:00+00:00,0,0.49362411168520764
2026-02-01 04:20:00+00:00,1,0.49870987792404475
2026-02-01 04:25:00+00:00,1,0.48899748438564244
2026-02-01 04:30:00+00:00,0,0.5040586357036573
2026-02-01 04:35:00+00:00,0,0.4895112260456438
2026-02-01 04:40:00+00:00,0,0.47990661629067716
2026-02-01 04:45:00+00:00,0,0.49775068663421573
2026-02-01 04:50:00+00:00,1,0.5100061325858024
2026-02-01 04:55:00+00:00,1,0.5120650031483931
2026-02-01 05:00:00+00:00,1,0.5186021882924204
2026-02-01 05:05:00+00:00,1,0.5067357522204969
2026-02-01 05:10:00+00:00,0,0.5097552808310035
2026-02-01 05:15:00+00:00,0,0.5118582693213357
2026-02-01 05:20:00+00:00,0,0.5038664834243514
2026-02-01 05:25:00+00:00,0,0.5135830086430018
2026-02-01 05:30:00+00:00,0,0.5173268192573955
2026-02-01 05:35:00+00:00,1,0.4902197430383394
2026-02-01 05:40:00+00:00,1,0.49386446619957347
2026-02-01 05:45:00+00:00,1,0.49169136233501176
2026-02-01 05:50:00+00:00,1,0.5002890129110011
2026-02-01 05:55:00+00:00,1,0.5075767259217155
2026-02-01 06:00:00+00:00,1,0.5169449312241193
2026-02-01 06:05:00+00:00,0,0.511571436396519
2026-02-01 06:10:00+00:00,0,0.505279692206655
2026-02-01 06:15:00+00:00,0,0.5184543135083058
2026-02-01 06:20:00+00:00,0,0.5158033214913869
2026-02-01 06:25:00+00:00,0,0.5004999499846555
2026-02-01 06:30:00+00:00,0,0.4991709141057431
2026-02-01 06:35:00+00:00,1,0.5006893643341843
2026-02-01 06:40:00+00:00,0,0.5009599009432849
2026-02-01 06:45:00+00:00,0,0.5173089504919279
2026-02-01 06:50:00+00:00,0,0.505842004877045
2026-02-01 06:55:00+00:00,0,0.4983092015208502
2026-02-01 07:00:00+00:00,0,0.501263897504443
2026-02-01 07:05:00+00:00,1,0.5126143995312578
2026-02-01 07:10:00+00:00,1,0.5049941350372311
2026-02-01 07:15:00+00:00,1,0.5307564999443627
2026-02-01 07:20:00+00:00,1,0.4982481536828173
2026-02-01 07:25:00+00:00,1,0.5014068938279355
2026-02-01 07:30:00+00:00,1,0.48627767329303756
2026-02-01 07:35:00+00:00,1,0.4961024279275253
2026-02-01 07:40:00+00:00,0,0.5100710475937712
2026-02-01 07:45:00+00:00,0,0.5058372076463916
2026-02-01 07:50:00+00:00,0,0.5102431120016628
2026-02-01 07:55:00+00:00,1,0.5135952093365584
2026-02-01 08:00:00+00:00,1,0.517334606453786
2026-02-01 08:05:00+00:00,1,0.5259795101206878
2026-02-01 08:10:00+00:00,1,0.5284636367786579
2026-02-01 08:15:00+00:00,1,0.5300632448289054
2026-02-01 08:20:00+00:00,1,0.5145693116539019
2026-02-01 08:25:00+00:00,1,0.5207355217497325
2026-02-01 08:30:00+00:00,1,0.5089640883492441
2026-02-01 08:35:00+00:00,0,0.505639320955658
2026-02-01 08:40:00+00:00,0,0.49876845927596086
2026-02-01 08:45:00+00:00,0,0.507898593689403
2026-02-01 08:50:00+00:00,0,0.5127436668838447
2026-02-01 08:55:00+00:00,0,0.5072436968722842
2026-02-01 09:00:00+00:00,0,0.48686790200281144
2026-02-01 09:05:00+00:00,0,0.5105035906233979
2026-02-01 09:10:00+00:00,1,0.5019850775292743
2026-02-01 09:15:00+00:00,1,0.506358673714677
2026-02-01 09:20:00+00:00,1,0.5017931761826984
2026-02-01 09:25:00+00:00,1,0.49810888107483364
2026-02-01 09:30:00+00:00,1,0.49923347882076313
2026-02-01 09:35:00+00:00,1,0.49987631561638307
2026-02-01 09:40:00+00:00,1,0.5135693605820015
2026-02-01 09:45:00+00:00,1,0.5171177485490609
2026-02-01 09:50:00+00:00,1,0.5070265915322495
2026-02-01 09:55:00+00:00,0,0.5067940856335542
2026-02-01 10:00:00+00:00,0,0.5151459965577447
2026-02-01 10:05:00+00:00,0,0.49463651792226193
2026-02-01 10:10:00+00:00,0,0.5050725792977357
2026-02-01 10:15:00+00:00,0,0.509022266510353
2026-02-01 10:20:00+00:00,0,0.5018331655765083
2026-02-01 10:25:00+00:00,0,0.5025980396621078
2026-02-01 10:30:00+00:00,0,0.5060848632541028
2026-02-01 10:35:00+00:00,0,0.5239485876715941
2026-02-01 10:40:00+00:00,0,0.5268780104336498
2026-02-01 10:45:00+00:00,0,0.5179240804159662
2026-02-01 10:50:00+00:00,0,0.5131213832452468
2026-02-01 10:55:00+00:00,1,0.5129023792119906
2026-02-01 11:00:00+00:00,1,0.5150363449172727
2026-02-01 11:05:00+00:00,1,0.5067634029148129
2026-02-01 11:10:00+00:00,1,0.5237390672343132
2026-02-01 11:15:00+00:00,1,0.5227189285878494
2026-02-01 11:20:00+00:00,1,0.5205701076830387
2026-02-01 11:25:00+00:00,1,0.5144269998531888
2026-02-01 11:30:00+00:00,1,0.5419095321264152
2026-02-01 11:35:00+00:00,0,0.4960453773493898
2026-02-01 11:40:00+00:00,0,0.504314704860502
2026-02-01 11:45:00+00:00,0,0.490203759987596
2026-02-01 11:50:00+00:00,0,0.49726535417631534
2026-02-01 11:55:00+00:00,0,0.5073881003962454
2026-02-01 12:00:00+00:00,0,0.5199288670046406
2026-02-01 12:05:00+00:00,1,0.5162730078116015
2026-02-01 12:10:00+00:00,0,0.5107278245713596
2026-02-01 12:15:00+00:00,1,0.5156972849229702
2026-02-01 12:20:00+00:00,1,0.5106087124824409
2026-02-01 12:25:00+00:00,1,0.5113992334447571
2026-02-01 12:30:00+00:00,1,0.5139989650444168
2026-02-01 12:35:00+00:00,1,0.5135207498011511
2026-02-01 12:40:00+00:00,1,0.5032264167366296
2026-02-01 12:45:00+00:00,1,0.5083694991029855
2026-02-01 12:50:00+00:00,1,0.5002740874193847
2026-02-01 12:55:00+00:00,1,0.5051754740728326
2026-02-01 13:00:00+00:00,0,0.49722274029343716
2026-02-01 13:05:00+00:00,0,0.502129351112022
2026-02-01 13:10:00+00:00,0,0.4688393395310543
2026-02-01 13:15:00+00:00,0,0.4982687141815613
2026-02-01 13:20:00+00:00,0,0.5171127528406295
2026-02-01 13:25:00+00:00,0,0.5185049501954138
2026-02-01 13:30:00+00:00,0,0.5063691956729397
2026-02-01 13:35:00+00:00,0,0.5237083915109401
2026-02-01 13:40:00+00:00,0,0.523203012464989
2026-02-01 13:45:00+00:00,0,0.5334049545269708
2026-02-01 13:50:00+00:00,0,0.5280637521031599
2026-02-01 13:55:00+00:00,0,0.5251598406783143
2026-02-01 14:00:00+00:00,0,0.5227861405660772
2026-02-01 14:05:00+00:00,0,0.5146607440730852
2026-02-01 14:10:00+00:00,0,0.5046576354967383
2026-02-01 14:15:00+00:00,0,0.5025534227778767
2026-02-01 14:20:00+00:00,0,0.4838129631199109
2026-02-01 14:25:00+00:00,0,0.5285012298427475
2026-02-01 14:30:00+00:00,0,0.5242779234536957
2026-02-01 14:35:00+00:00,1,0.5455139132907468
2026-02-01 14:40:00+00:00,0,0.5473336182274998
2026-02-01 14:45:00+00:00,0,0.5397202386000721
2026-02-01 14:50:00+00:00,0,0.5491480132892007
2026-02-01 14:55:00+00:00,0,0.5300554651695439
2026-02-01 15:00:00+00:00,0,0.5238918786634651
2026-02-01 15:05:00+00:00,0,0.5295470949603286
2026-02-01 15:10:00+00:00,0,0.5054965110602336
2026-02-01 15:15:00+00:00,1,0.5076280197470697
2026-02-01 15:20:00+00:00,1,0.5014415084775812
2026-02-01 15:25:00+00:00,1,0.5271783672089798
2026-02-01 15:30:00+00:00,1,0.5222823357018174
2026-02-01 15:35:00+00:00,1,0.5030196404852174
2026-02-01 15:40:00+00:00,1,0.5179365682583595
2026-02-01 15:45:00+00:00,0,0.5103997798965119
2026-02-01 15:50:00+00:00,1,0.5375061082861202
2026-02-01 15:55:00+00:00,1,0.5351768548015269
2026-02-01 16:00:00+00:00,1,0.531293417268725
2026-02-01 16:05:00+00:00,1,0.5421716625940577
2026-02-01 16:10:00+00:00,0,0.523271821803786
2026-02-01 16:15:00+00:00,1,0.5308625431909334
2026-02-01 16:20:00+00:00,0,0.5016134273157286
2026-02-01 16:25:00+00:00,0,0.4775712764465868
2026-02-01 16:30:00+00:00,0,0.469101113485435
2026-02-01 16:35:00+00:00,1,0.4950404477240575
2026-02-01 16:40:00+00:00,1,0.5099112309655556
2026-02-01 16:45:00+00:00,1,0.48301288085385713
2026-02-01 16:50:00+00:00,0,0.5135717351425366
2026-02-01 16:55:00+00:00,0,0.5178537412370431
2026-02-01 17:00:00+00:00,0,0.5228523467197277
2026-02-01 17:05:00+00:00,0,0.525660466469988
2026-02-01 17:10:00+00:00,0,0.520013260927121
2026-02-01 17:15:00+00:00,0,0.5220413316495397
2026-02-01 17:20:00+00:00,1,0.5299747813490607
2026-02-01 17:25:00+00:00,1,0.5213528441550762
2026-02-01 17:30:00+00:00,1,0.5186629373754866
2026-02-01 17:35:00+00:00,1,0.5223913488012095
2026-02-01 17:40:00+00:00,1,0.5160224441408013
2026-02-01 17:45:00+00:00,1,0.51859060567597
2026-02-01 17:50:00+00:00,1,0.5148173651729891
2026-02-01 17:55:00+00:00,1,0.513982411732583
2026-02-01 18:00:00+00:00,1,0.502554893789168
2026-02-01 18:05:00+00:00,0,0.5003804442651512
2026-02-01 18:10:00+00:00,0,0.5035744396632859
2026-02-01 18:15:00+00:00,0,0.4972910628365406
2026-02-01 18:20:00+00:00,0,0.5225189251845299
2026-02-01 18:25:00+00:00,0,0.497497026825146
2026-02-01 18:30:00+00:00,0,0.4848131228247739
2026-02-01 18:35:00+00:00,0,0.5104245846116664
2026-02-01 18:40:00+00:00,0,0.5090204565770695
2026-02-01 18:45:00+00:00,0,0.5215394028194396
2026-02-01 18:50:00+00:00,0,0.5179824057935526
2026-02-01 18:55:00+00:00,0,0.5181290477057264
2026-02-01 19:00:00+00:00,0,0.5278697749541437
2026-02-01 19:05:00+00:00,0,0.5155794673685341
2026-02-01 19:10:00+00:00,0,0.5025506844336628
2026-02-01 19:15:00+00:00,0,0.493560086278794
2026-02-01 19:20:00+00:00,0,0.5218458330028499
2026-02-01 19:25:00+00:00,0,0.5257590257826342
2026-02-01 19:30:00+00:00,0,0.5117763550054512
2026-02-01 19:35:00+00:00,0,0.5188056096674796
2026-02-01 19:40:00+00:00,0,0.5081599770519942
2026-02-01 19:45:00+00:00,0,0.4963178903753742
2026-02-01 19:50:00+00:00,0,0.5047022496561492
2026-02-01 19:55:00+00:00,0,0.5053642792944086
2026-02-01 20:00:00+00:00,0,0.506411113740882
2026-02-01 20:05:00+00:00,1,0.5159501198739928
2026-02-01 20:10:00+00:00,1,0.5179360597041295
2026-02-01 20:15:00+00:00,1,0.5217401299323403
2026-02-01 20:20:00+00:00,1,0.5151756505249202
2026-02-01 20:25:00+00:00,1,0.5049759297783465
2026-02-01 20:30:00+00:00,1,0.530058047116082
2026-02-01 20:35:00+00:00,0,0.5389126104115525
2026-02-01 20:40:00+00:00,0,0.5480827303516416
2026-02-01 20:45:00+00:00,0,0.5461249274200741
2026-02-01 20:50:00+00:00,0,0.5333592848907939
2026-02-01 20:55:00+00:00,0,0.5444836522459099
2026-02-01 21:00:00+00:00,0,0.5230436771913993
2026-02-01 21:05:00+00:00,1,0.5500688333333892
2026-02-01 21:10:00+00:00,1,0.5396774760244633
2026-02-01 21:15:00+00:00,1,0.5494179169358803
2026-02-01 21:20:00+00:00,1,0.5388541805182997
2026-02-01 21:25:00+00:00,1,0.538519135656835
2026-02-01 21:30:00+00:00,1,0.5450110988508894
2026-02-01 21:35:00+00:00,1,0.54682807126261
2026-02-01 21:40:00+00:00,1,0.5364861754379426
2026-02-01 21:45:00+00:00,1,0.5470984762769807
2026-02-01 21:50:00+00:00,1,0.5398966463076298
2026-02-01 21:55:00+00:00,1,0.538198725663374
2026-02-01 22:00:00+00:00,1,0.545189376103768
2026-02-01 22:05:00+00:00,1,0.5367705452747418
2026-02-01 22:10:00+00:00,0,0.5430234864177076
2026-02-01 22:15:00+00:00,0,0.5510759372868994
2026-02-01 22:20:00+00:00,1,0.5502983129256886
2026-02-01 22:25:00+00:00,0,0.5307448887896269
2026-02-01 22:30:00+00:00,0,0.5336081742287663
2026-02-01 22:35:00+00:00,0,0.541006539014008
2026-02-01 22:40:00+00:00,0,0.5482493222135312
2026-02-01 22:45:00+00:00,0,0.5461784100971508
2026-02-01 22:50:00+00:00,0,0.5520178143364987
2026-02-01 22:55:00+00:00,0,0.5536289285328186
2026-02-01 23:00:00+00:00,1,0.5608108621807868
2026-02-01 23:05:00+00:00,1,0.5422822155596796
2026-02-01 23:10:00+00:00,1,0.5106485938465369
2026-02-01 23:15:00+00:00,1,0.5335147553777579
2026-02-01 23:20:00+00:00,1,0.48189006167406356
2026-02-01 23:25:00+00:00,1,0.4760676748684131
2026-02-01 23:30:00+00:00,0,0.5062262097011625
2026-02-01 23:35:00+00:00,0,0.517019178747851
2026-02-01 23:40:00+00:00,0,0.5176552530156611
2026-02-01 23:45:00+00:00,1,0.4983215581978743
2026-02-01 23:50:00+00:00,1,0.47811845450564566
2026-02-01 23:55:00+00:00,1,0.5015641137021625
2026-02-02 00:00:00+00:00,1,0.5031080585663036
2026-02-02 00:05:00+00:00,1,0.5218082797795316
2026-02-02 00:10:00+00:00,1,0.5218120746427759
2026-02-02 00:15:00+00:00,1,0.5399012000107424
2026-02-02 00:20:00+00:00,0,0.515692050885096
2026-02-02 00:25:00+00:00,1,0.527349415456239
2026-02-02 00:30:00+00:00,1,0.5281996980095437
2026-02-02 00:35:00+00:00,0,0.530217718774194
2026-02-02 00:40:00+00:00,0,0.5436825596850826
2026-02-02 00:45:00+00:00,0,0.5556802229007487
2026-02-02 00:50:00+00:00,1,0.5559947220847696
2026-02-02 00:55:00+00:00,1,0.5433831794381175
2026-02-02 01:00:00+00:00,0,0.543270017905976
2026-02-02 01:05:00+00:00,1,0.5442029045463685
2026-02-02 01:10:00+00:00,1,0.545360156284852
2026-02-02 01:15:00+00:00,1,0.5548459991210629
2026-02-02 01:20:00+00:00,0,0.553455780327164
2026-02-02 01:25:00+00:00,0,0.551899386364077
2026-02-02 01:30:00+00:00,0,0.5542010000416725
2026-02-02 01:35:00+00:00,0,0.5213047605918188
2026-02-02 01:40:00+00:00,0,0.5476213403287156
2026-02-02 01:45:00+00:00,1,0.5429147475333511
2026-02-02 01:50:00+00:00,0,0.5237544445446388
2026-02-02 01:55:00+00:00,1,0.5412235464871565
2026-02-02 02:00:00+00:00,0,0.5370755415210178
2026-02-02 02:05:00+00:00,0,0.5347999481757202
2026-02-02 02:10:00+00:00,0,0.5316980526293789
2026-02-02 02:15:00+00:00,0,0.5243255744725861
2026-02-02 02:20:00+00:00,0,0.5330483245075471
2026-02-02 02:25:00+00:00,0,0.538697983572124
2026-02-02 02:30:00+00:00,0,0.5371468544979489
2026-02-02 02:35:00+00:00,0,0.5249031537839418
2026-02-02 02:40:00+00:00,0,0.4995666145020707
2026-02-02 02:45:00+00:00,0,0.5207964876006566
2026-02-02 02:50:00+00:00,0,0.5114836501016721
2026-02-02 02:55:00+00:00,0,0.504780581664667
2026-02-02 03:00:00+00:00,0,0.5112713631400203
2026-02-02 03:05:00+00:00,0,0.512105399453566
2026-02-02 03:10:00+00:00,0,0.5331081482486589
2026-02-02 03:15:00+00:00,1,0.5385984936155714
2026-02-02 03:20:00+00:00,1,0.563834092796004
2026-02-02 03:25:00+00:00,1,0.5652303086470432
2026-02-02 03:30:00+00:00,1,0.5643315431449141
2026-02-02 03:35:00+00:00,1,0.5519900548113946
2026-02-02 03:40:00+00:00,1,0.5447821633482656
2026-02-02 03:45:00+00:00,1,0.49163800635344174
2026-02-02 03:50:00+00:00,1,0.5152525717162288
2026-02-02 03:55:00+00:00,1,0.5359524763243243
2026-02-02 04:00:00+00:00,1,0.5124508537289207
2026-02-02 04:05:00+00:00,1,0.5373207586056392
2026-02-02 04:10:00+00:00,1,0.5307226696813272
2026-02-02 04:15:00+00:00,1,0.527322722378053
2026-02-02 04:20:00+00:00,0,0.5288029551649316
2026-02-02 04:25:00+00:00,0,0.5367803367345351
2026-02-02 04:30:00+00:00,0,0.5320159069250664
2026-02-02 04:35:00+00:00,0,0.5259311978630998
2026-02-02 04:40:00+00:00,0,0.5279410001568129
2026-02-02 04:45:00+00:00,0,0.5471235537050901
2026-02-02 04:50:00+00:00,0,0.5499510943864927
2026-02-02 04:55:00+00:00,0,0.5462041357042873
2026-02-02 05:00:00+00:00,0,0.5199102595167311
2026-02-02 05:05:00+00:00,0,0.5119618176950302
2026-02-02 05:10:00+00:00,0,0.517403266782832
2026-02-02 05:15:00+00:00,0,0.506918886383336
2026-02-02 05:20:00+00:00,0,0.5071344317905028
2026-02-02 05:25:00+00:00,0,0.5099194769154669
2026-02-02 05:30:00+00:00,0,0.5096614858683985
2026-02-02 05:35:00+00:00,1,0.5265760319035603
2026-02-02 05:40:00+00:00,1,0.4893833073877971
2026-02-02 05:45:00+00:00,1,0.4913955849378042
2026-02-02 05:50:00+00:00,1,0.4779439521258675
2026-02-02 05:55:00+00:00,1,0.4567163472172609
2026-02-02 06:00:00+00:00,1,0.4679928094921206
2026-02-02 06:05:00+00:00,0,0.48737873571971835
2026-02-02 06:10:00+00:00,1,0.5183149561369254
2026-02-02 06:15:00+00:00,1,0.4886497719441427
2026-02-02 06:20:00+00:00,1,0.4738767912707425
2026-02-02 06:25:00+00:00,1,0.5128436780032931
2026-02-02 06:30:00+00:00,1,0.510034806533309
2026-02-02 06:35:00+00:00,1,0.5259483628203617
2026-02-02 06:40:00+00:00,1,0.5381935395376364
2026-02-02 06:45:00+00:00,1,0.5243755505569079
2026-02-02 06:50:00+00:00,1,0.5335881794357766
2026-02-02 06:55:00+00:00,1,0.5465258139365285
2026-02-02 07:00:00+00:00,1,0.5422605996362242
2026-02-02 07:05:00+00:00,1,0.5382005818668893
2026-02-02 07:10:00+00:00,1,0.544427217565477
2026-02-02 07:15:00+00:00,1,0.5446879840456369
2026-02-02 07:20:00+00:00,1,0.5550392751218821
2026-02-02 07:25:00+00:00,1,0.5562107019818818
2026-02-02 07:30:00+00:00,1,0.5471826125703948
2026-02-02 07:35:00+00:00,1,0.548662784211543
2026-02-02 07:40:00+00:00,1,0.5489844276866988
2026-02-02 07:45:00+00:00,1,0.5219896623839405
2026-02-02 07:50:00+00:00,1,0.5222031465682188
2026-02-02 07:55:00+00:00,1,0.5322765812595937
2026-02-02 08:00:00+00:00,1,0.5180541223947263
2026-02-02 08:05:00+00:00,1,0.51860575912429
2026-02-02 08:10:00+00:00,0,0.5233544166844154
2026-02-02 08:15:00+00:00,0,0.5236950689106485
2026-02-02 08:20:00+00:00,1,0.539882288044577
2026-02-02 08:25:00+00:00,1,0.5341187537861681
2026-02-02 08:30:00+00:00,1,0.532049207774558
2026-02-02 08:35:00+00:00,0,0.5431880302814686
2026-02-02 08:40:00+00:00,1,0.5419139479757797
2026-02-02 08:45:00+00:00,1,0.5494176368051537
2026-02-02 08:50:00+00:00,1,0.5480361253007424
2026-02-02 08:55:00+00:00,1,0.5368646321511769
2026-02-02 09:00:00+00:00,1,0.5223076326221523
2026-02-02 09:05:00+00:00,1,0.513572639736865
2026-02-02 09:10:00+00:00,1,0.5204692732642725
2026-02-02 09:15:00+00:00,1,0.5084155412981741
2026-02-02 09:20:00+00:00,1,0.49618479049375663
2026-02-02 09:25:00+00:00,1,0.5008264997955142
2026-02-02 09:30:00+00:00,1,0.4674021748340193
2026-02-02 09:35:00+00:00,1,0.5015046272765997
2026-02-02 09:40:00+00:00,1,0.4980169531657548
2026-02-02 09:45:00+00:00,0,0.5069197688441119
2026-02-02 09:50:00+00:00,1,0.505083350796568
2026-02-02 09:55:00+00:00,1,0.5060873636680316
2026-02-02 10:00:00+00:00,1,0.5185820288768639
2026-02-02 10:05:00+00:00,0,0.506922495421365
2026-02-02 10:10:00+00:00,0,0.5194908477750675
2026-02-02 10:15:00+00:00,0,0.5028555449016214
2026-02-02 10:20:00+00:00,0,0.523795506935933
2026-02-02 10:25:00+00:00,0,0.5227444606544414
2026-02-02 10:30:00+00:00,0,0.5104629396355481
2026-02-02 10:35:00+00:00,1,0.5215063316468905
2026-02-02 10:40:00+00:00,1,0.5136794151636029
2026-02-02 10:45:00+00:00,1,0.5352847666712384
2026-02-02 10:50:00+00:00,1,0.5232537331855026
2026-02-02 10:55:00+00:00,1,0.5221330702559411
2026-02-02 11:00:00+00:00,1,0.5128567503894863
2026-02-02 11:05:00+00:00,1,0.5122716084495177
2026-02-02 11:10:00+00:00,0,0.51503978179864
2026-02-02 11:15:00+00:00,0,0.4937693717245411
2026-02-02 11:20:00+00:00,1,0.4940474380373656
2026-02-02 11:25:00+00:00,0,0.49939791923375815
2026-02-02 11:30:00+00:00,0,0.5128658761711541
2026-02-02 11:35:00+00:00,0,0.5165304244667104
2026-02-02 11:40:00+00:00,1,0.5053993654216911
2026-02-02 11:45:00+00:00,1,0.5048882184899488
2026-02-02 11:50:00+00:00,1,0.5119414948806253
2026-02-02 11:55:00+00:00,1,0.5231546624813195
2026-02-02 12:00:00+00:00,0,0.505188915759668
2026-02-02 12:05:00+00:00,0,0.4888289623599766
2026-02-02 12:10:00+00:00,0,0.49675974986389176
2026-02-02 12:15:00+00:00,1,0.505681647813575
2026-02-02 12:20:00+00:00,0,0.4803435790012752
2026-02-02 12:25:00+00:00,0,0.47558206509336437
2026-02-02 12:30:00+00:00,0,0.47565763838501274
2026-02-02 12:35:00+00:00,0,0.479438375628114
2026-02-02 12:40:00+00:00,1,0.48488108507981253
2026-02-02 12:45:00+00:00,0,0.48192965456732817
2026-02-02 12:50:00+00:00,0,0.5001580329377352
2026-02-02 12:55:00+00:00,0,0.5026823397736787
2026-02-02 13:00:00+00:00,1,0.4971577785280515
2026-02-02 13:05:00+00:00,1,0.4975678278531672
2026-02-02 13:10:00+00:00,1,0.4961676254795545
2026-02-02 13:15:00+00:00,1,0.5007231757777729
2026-02-02 13:20:00+00:00,1,0.4903690096309964
2026-02-02 13:25:00+00:00,1,0.4898049085653903
2026-02-02 13:30:00+00:00,0,0.4970716118338649
2026-02-02 13:35:00+00:00,0,0.49934858256826625
2026-02-02 13:40:00+00:00,0,0.49428998113035816
2026-02-02 13:45:00+00:00,0,0.4937011936189186
2026-02-02 13:50:00+00:00,1,0.48342758307242945
2026-02-02 13:55:00+00:00,1,0.4839160045701519
2026-02-02 14:00:00+00:00,1,0.49056670340665504
2026-02-02 14:05:00+00:00,1,0.4857428905061281
2026-02-02 14:10:00+00:00,1,0.5037543167436149
2026-02-02 14:15:00+00:00,1,0.49507759375851773
2026-02-02 14:20:00+00:00,1,0.488349757406651
2026-02-02 14:25:00+00:00,1,0.4902677036218893
2026-02-02 14:30:00+00:00,1,0.5020824707220363
2026-02-02 14:35:00+00:00,1,0.5175082395257655
2026-02-02 14:40:00+00:00,1,0.5104505203578826
2026-02-02 14:45:00+00:00,1,0.5155075347278669
2026-02-02 14:50:00+00:00,1,0.49797664705156813
2026-02-02 14:55:00+00:00,1,0.4921834249054088
2026-02-02 15:00:00+00:00,1,0.4813619052711934
2026-02-02 15:05:00+00:00,1,0.5182186631831932
2026-02-02 15:10:00+00:00,1,0.5277249634248411
2026-02-02 15:15:00+00:00,1,0.5337127987410651
2026-02-02 15:20:00+00:00,0,0.5227425635390284
2026-02-02 15:25:00+00:00,0,0.5292902254429387
2026-02-02 15:30:00+00:00,0,0.5401101122362197
2026-02-02 15:35:00+00:00,0,0.5244916891610674
2026-02-02 15:40:00+00:00,0,0.5407330209166894
2026-02-02 15:45:00+00:00,1,0.54546386269511
2026-02-02 15:50:00+00:00,1,0.5235182477215576
2026-02-02 15:55:00+00:00,1,0.5278430849516546
2026-02-02 16:00:00+00:00,1,0.5237449833267275
2026-02-02 16:05:00+00:00,1,0.5328625832059414
2026-02-02 16:10:00+00:00,1,0.528558459107069
2026-02-02 16:15:00+00:00,0,0.5275552041254483
2026-02-02 16:20:00+00:00,0,0.5286625165425185
2026-02-02 16:25:00+00:00,0,0.534405331474915
2026-02-02 16:30:00+00:00,0,0.5333677564590545
2026-02-02 16:35:00+00:00,0,0.5225591161628313
2026-02-02 16:40:00+00:00,0,0.5214989448223368
2026-02-02 16:45:00+00:00,1,0.5225954673468174
2026-02-02 16:50:00+00:00,1,0.516691722234067
2026-02-02 16:55:00+00:00,1,0.5271451631840539
2026-02-02 17:00:00+00:00,0,0.5194828596799461
2026-02-02 17:05:00+00:00,0,0.5167588965872598
2026-02-02 17:10:00+00:00,0,0.5179718392287974
2026-02-02 17:15:00+00:00,0,0.49785589860226676
2026-02-02 17:20:00+00:00,0,0.510012319829757
2026-02-02 17:25:00+00:00,0,0.5138839053257178
2026-02-02 17:30:00+00:00,0,0.5157619696593388
2026-02-02 17:35:00+00:00,0,0.5208586954003486
2026-02-02 17:40:00+00:00,0,0.5090848900559668
2026-02-02 17:45:00+00:00,0,0.5087563848013963
2026-02-02 17:50:00+00:00,0,0.5238156823730227
2026-02-02 17:55:00+00:00,0,0.5182171940864388
2026-02-02 18:00:00+00:00,1,0.5254359722115131
2026-02-02 18:05:00+00:00,1,0.5437042997150403
2026-02-02 18:10:00+00:00,1,0.5366485097963895
2026-02-02 18:15:00+00:00,1,0.5485144455336709
2026-02-02 18:20:00+00:00,1,0.5396644548559487
2026-02-02 18:25:00+00:00,1,0.5442391798066166
2026-02-02 18:30:00+00:00,0,0.48483236451421396
2026-02-02 18:35:00+00:00,0,0.4972255917787711
2026-02-02 18:40:00+00:00,1,0.519648506097456
2026-02-02 18:45:00+00:00,0,0.5231036472452526
2026-02-02 18:50:00+00:00,0,0.4922804907494321
2026-02-02 18:55:00+00:00,0,0.5059150154263237
2026-02-02 19:00:00+00:00,0,0.5178306751663662
2026-02-02 19:05:00+00:00,0,0.5134974789529456
2026-02-02 19:10:00+00:00,0,0.5214960759307549
2026-02-02 19:15:00+00:00,0,0.5203569820208364
2026-02-02 19:20:00+00:00,0,0.5225572415690417
2026-02-02 19:25:00+00:00,0,0.5221594294417683
2026-02-02 19:30:00+00:00,1,0.5321051931276459
2026-02-02 19:35:00+00:00,1,0.5296623479412559
2026-02-02 19:40:00+00:00,0,0.5237487203969369
2026-02-02 19:45:00+00:00,1,0.5174061149008228
2026-02-02 19:50:00+00:00,1,0.5195297034449259
2026-02-02 19:55:00+00:00,0,0.5096339987928725
2026-02-02 20:00:00+00:00,0,0.5114807095538666
2026-02-02 20:05:00+00:00,0,0.5164341980244098
2026-02-02 20:10:00+00:00,0,0.5143233991884283
2026-02-02 20:15:00+00:00,0,0.5280352358714648
2026-02-02 20:20:00+00:00,0,0.5393454193576563
2026-02-02 20:25:00+00:00,1,0.5356931668873988
2026-02-02 20:30:00+00:00,1,0.5325147247494801
2026-02-02 20:35:00+00:00,1,0.5331837771634004
2026-02-02 20:40:00+00:00,1,0.5266569134702933
2026-02-02 20:45:00+00:00,1,0.5367963293911974
2026-02-02 20:50:00+00:00,1,0.5212364015087024
2026-02-02 20:55:00+00:00,1,0.5194111810516403
2026-02-02 21:00:00+00:00,1,0.5169330859112847
2026-02-02 21:05:00+00:00,1,0.5181459990205876
2026-02-02 21:10:00+00:00,1,0.5233031323576557
2026-02-02 21:15:00+00:00,1,0.5334961682041333
2026-02-02 21:20:00+00:00,1,0.52314407104439
2026-02-02 21:25:00+00:00,1,0.5222840748687508
2026-02-02 21:30:00+00:00,1,0.512747443894056
2026-02-02 21:35:00+00:00,1,0.5214521726768945
2026-02-02 21:40:00+00:00,1,0.514431522390318
2026-02-02 21:45:00+00:00,1,0.5122820013697044
2026-02-02 21:50:00+00:00,0,0.5153272989893309
2026-02-02 21:55:00+00:00,1,0.5193176157386878
2026-02-02 22:00:00+00:00,1,0.5093591022375156
2026-02-02 22:05:00+00:00,0,0.5015404979245743
2026-02-02 22:10:00+00:00,1,0.5249475593833377
2026-02-02 22:15:00+00:00,1,0.5223061757936834
2026-02-02 22:20:00+00:00,1,0.5150914818192224
2026-02-02 22:25:00+00:00,1,0.52259232798715
2026-02-02 22:30:00+00:00,0,0.5205961124341432
2026-02-02 22:35:00+00:00,0,0.5158393261224609
2026-02-02 22:40:00+00:00,0,0.5249628427648073
2026-02-02 22:45:00+00:00,0,0.5146992636574849
2026-02-02 22:50:00+00:00,0,0.5046337612901288
2026-02-02 22:55:00+00:00,0,0.5086429672705282
2026-02-02 23:00:00+00:00,0,0.5134218313312444
2026-02-02 23:05:00+00:00,0,0.5157166383981082
2026-02-02 23:10:00+00:00,0,0.520215169024908
2026-02-02 23:15:00+00:00,0,0.5207494387818434
2026-02-02 23:20:00+00:00,1,0.5025887496675355
2026-02-02 23:25:00+00:00,1,0.4943312783313132
2026-02-02 23:30:00+00:00,0,0.5000238053177295
2026-02-02 23:35:00+00:00,0,0.49818813561826103
2026-02-02 23:40:00+00:00,0,0.49893437017108794
2026-02-02 23:45:00+00:00,0,0.4938068550733302
2026-02-02 23:50:00+00:00,0,0.49449652447500125
2026-02-02 23:55:00+00:00,0,0.4929762194276321
2026-02-03 00:00:00+00:00,0,0.5058114790844273
2026-02-03 00:05:00+00:00,1,0.520985955607647
2026-02-03 00:10:00+00:00,0,0.5030931902205799
2026-02-03 00:15:00+00:00,0,0.4989292554678587
2026-02-03 00:20:00+00:00,0,0.49676075692485094
2026-02-03 00:25:00+00:00,0,0.48728054401182797
2026-02-03 00:30:00+00:00,1,0.4963298504942861
2026-02-03 00:35:00+00:00,0,0.49216544855656186
2026-02-03 00:40:00+00:00,0,0.49268193991151876
2026-02-03 00:45:00+00:00,0,0.49277351600881114
2026-02-03 00:50:00+00:00,0,0.4867642707597829
2026-02-03 00:55:00+00:00,0,0.49686937256222125
2026-02-03 01:00:00+00:00,0,0.5132497504953217
2026-02-03 01:05:00+00:00,0,0.5163453742732971
2026-02-03 01:10:00+00:00,1,0.5064720050893791
2026-02-03 01:15:00+00:00,1,0.5114180304577618
2026-02-03 01:20:00+00:00,1,0.5147605871084887
2026-02-03 01:25:00+00:00,1,0.5188305368899507
2026-02-03 01:30:00+00:00,1,0.5207901730267022
2026-02-03 01:35:00+00:00,1,0.5218186252936423
2026-02-03 01:40:00+00:00,0,0.5096524818780677
2026-02-03 01:45:00+00:00,0,0.5070801949658013
2026-02-03 01:50:00+00:00,0,0.495092144428338
2026-02-03 01:55:00+00:00,0,0.4906460102450149
2026-02-03 02:00:00+00:00,0,0.5158681523176885
2026-02-03 02:05:00+00:00,0,0.5284445073907548
2026-02-03 02:10:00+00:00,0,0.5305893862970293
2026-02-03 02:15:00+00:00,0,0.5271192699704356
2026-02-03 02:20:00+00:00,0,0.5236791833592774
2026-02-03 02:25:00+00:00,0,0.5300063064047079
2026-02-03 02:30:00+00:00,0,0.5361517466003748
2026-02-03 02:35:00+00:00,0,0.5320814039589459
2026-02-03 02:40:00+00:00,0,0.528112425548549
2026-02-03 02:45:00+00:00,0,0.5351393033101591
2026-02-03 02:50:00+00:00,1,0.5280658163644081
2026-02-03 02:55:00+00:00,1,0.5211971500232105
2026-02-03 03:00:00+00:00,1,0.5009950475804873
2026-02-03 03:05:00+00:00,1,0.4986570676067825
2026-02-03 03:10:00+00:00,1,0.5012915870048583
2026-02-03 03:15:00+00:00,1,0.49722059036413835
2026-02-03 03:20:00+00:00,1,0.5358838738983713
2026-02-03 03:25:00+00:00,1,0.5282941199753399
2026-02-03 03:30:00+00:00,1,0.5148486370380984
2026-02-03 03:35:00+00:00,1,0.4889673651302267
2026-02-03 03:40:00+00:00,1,0.48438306257142
2026-02-03 03:45:00+00:00,1,0.5029684384767157
2026-02-03 03:50:00+00:00,1,0.5130211375312217
2026-02-03 03:55:00+00:00,0,0.509939565791413
2026-02-03 04:00:00+00:00,1,0.4935720450637656
2026-02-03 04:05:00+00:00,1,0.49070574802772365
2026-02-03 04:10:00+00:00,1,0.5076110839781509
2026-02-03 04:15:00+00:00,1,0.5023813141584571
2026-02-03 04:20:00+00:00,1,0.5078838529179511
2026-02-03 04:25:00+00:00,1,0.497764842373741
2026-02-03 04:30:00+00:00,1,0.5151897595804539
2026-02-03 04:35:00+00:00,1,0.5028034714107402
2026-02-03 04:40:00+00:00,0,0.48179706701666025
2026-02-03 04:45:00+00:00,0,0.510233429766676
2026-02-03 04:50:00+00:00,0,0.5040330750602756
2026-02-03 04:55:00+00:00,0,0.5267250659366759
2026-02-03 05:00:00+00:00,0,0.4866565189943166
2026-02-03 05:05:00+00:00,0,0.49467539445523656
2026-02-03 05:10:00+00:00,1,0.48119571195201866
2026-02-03 05:15:00+00:00,1,0.4793639482355321
2026-02-03 05:20:00+00:00,0,0.4853104986150217
2026-02-03 05:25:00+00:00,0,0.4656458325543791
2026-02-03 05:30:00+00:00,0,0.4933684865138954
2026-02-03 05:35:00+00:00,0,0.49625673202836545
2026-02-03 05:40:00+00:00,0,0.494430889760093
2026-02-03 05:45:00+00:00,0,0.5122771950695229
2026-02-03 05:50:00+00:00,0,0.5025519065046532
2026-02-03 05:55:00+00:00,1,0.4823266921563434
2026-02-03 06:00:00+00:00,1,0.4893964334218078
2026-02-03 06:05:00+00:00,1,0.5146971381316933
2026-02-03 06:10:00+00:00,1,0.5213210030987758
2026-02-03 06:15:00+00:00,1,0.4946744440386433
2026-02-03 06:20:00+00:00,1,0.49714866963110216
2026-02-03 06:25:00+00:00,1,0.49333676271211035
2026-02-03 06:30:00+00:00,0,0.5101184865746726
2026-02-03 06:35:00+00:00,1,0.49691772296712206
2026-02-03 06:40:00+00:00,1,0.5164770496310964
2026-02-03 06:45:00+00:00,1,0.5237043495730601
2026-02-03 06:50:00+00:00,1,0.5184798635556498
2026-02-03 06:55:00+00:00,1,0.517777174247545
2026-02-03 07:00:00+00:00,1,0.4969696717111658
2026-02-03 07:05:00+00:00,1,0.48737621391193675
2026-02-03 07:10:00+00:00,1,0.4986002742007125
2026-02-03 07:15:00+00:00,1,0.4982604424557121
2026-02-03 07:20:00+00:00,1,0.49717913069511654
2026-02-03 07:25:00+00:00,1,0.500686218556979
2026-02-03 07:30:00+00:00,0,0.47783896077666543
2026-02-03 07:35:00+00:00,0,0.4826370021093313
2026-02-03 07:40:00+00:00,0,0.47962947242744197
2026-02-03 07:45:00+00:00,0,0.47693638684107853
2026-02-03 07:50:00+00:00,1,0.4801253226273496
2026-02-03 07:55:00+00:00,1,0.4914695739803629
2026-02-03 08:00:00+00:00,1,0.5015817774392523
2026-02-03 08:05:00+00:00,1,0.49507030711206623
2026-02-03 08:10:00+00:00,1,0.4884461158287462
2026-02-03 08:15:00+00:00,0,0.5032016928079242
2026-02-03 08:20:00+00:00,0,0.49483618512516864
2026-02-03 08:25:00+00:00,0,0.48909702666018906
2026-02-03 08:30:00+00:00,0,0.4932282980378011
2026-02-03 08:35:00+00:00,0,0.4947978061687748
2026-02-03 08:40:00+00:00,0,0.5076710209092437
2026-02-03 08:45:00+00:00,0,0.4938754295294112
2026-02-03 08:50:00+00:00,0,0.4944163055510299
2026-02-03 08:55:00+00:00,0,0.4839864913397656
2026-02-03 09:00:00+00:00,0,0.4834679304363696
2026-02-03 09:05:00+00:00,0,0.47253237377023727
2026-02-03 09:10:00+00:00,1,0.4943125531524941
2026-02-03 09:15:00+00:00,0,0.4856809307419589
2026-02-03 09:20:00+00:00,1,0.4947390498252777
2026-02-03 09:25:00+00:00,1,0.49692362957332836
2026-02-03 09:30:00+00:00,1,0.4848129080235594
2026-02-03 09:35:00+00:00,0,0.48714267243517057
2026-02-03 09:40:00+00:00,0,0.49349798443855375
2026-02-03 09:45:00+00:00,0,0.4958618250053989
2026-02-03 09:50:00+00:00,0,0.4801987875714375
2026-02-03 09:55:00+00:00,0,0.4950701373920651
2026-02-03 10:00:00+00:00,0,0.5324905099250641
2026-02-03 10:05:00+00:00,0,0.5336970286553349
2026-02-03 10:10:00+00:00,0,0.5273600430034505
2026-02-03 10:15:00+00:00,1,0.5319953515375246
2026-02-03 10:20:00+00:00,0,0.5318134361403768
2026-02-03 10:25:00+00:00,0,0.517921661953403
2026-02-03 10:30:00+00:00,1,0.5279563753562607
2026-02-03 10:35:00+00:00,1,0.5087807854035113
2026-02-03 10:40:00+00:00,1,0.5262205562853235
2026-02-03 10:45:00+00:00,1,0.53134566005751
2026-02-03 10:50:00+00:00,1,0.5172375767087106
2026-02-03 10:55:00+00:00,1,0.5107080763210576
2026-02-03 11:00:00+00:00,1,0.5225547797521357
2026-02-03 11:05:00+00:00,0,0.49684359626445246
2026-02-03 11:10:00+00:00,1,0.5039783102643911
2026-02-03 11:15:00+00:00,1,0.5112328298473433
2026-02-03 11:20:00+00:00,1,0.5123824921032845
2026-02-03 11:25:00+00:00,0,0.5269167111935122
2026-02-03 11:30:00+00:00,0,0.5275415648935016
2026-02-03 11:35:00+00:00,0,0.5208568089557825
2026-02-03 11:40:00+00:00,0,0.5209472107762451
2026-02-03 11:45:00+00:00,0,0.5191228088920394
2026-02-03 11:50:00+00:00,0,0.5083272464967018
2026-02-03 11:55:00+00:00,1,0.5037082980832045
2026-02-03 12:00:00+00:00,1,0.5149488170193025
2026-02-03 12:05:00+00:00,1,0.49090302259129037
2026-02-03 12:10:00+00:00,1,0.5000412542299904
2026-02-03 12:15:00+00:00,1,0.5072558248239754
2026-02-03 12:20:00+00:00,1,0.5026376777064135
2026-02-03 12:25:00+00:00,0,0.49956134135877284
2026-02-03 12:30:00+00:00,1,0.5173599797711123
2026-02-03 12:35:00+00:00,1,0.5154705902897002
2026-02-03 12:40:00+00:00,1,0.5135241872781353
2026-02-03 12:45:00+00:00,0,0.5107017650175185
2026-02-03 12:50:00+00:00,0,0.5040487803186527
2026-02-03 12:55:00+00:00,1,0.5000842541429562
2026-02-03 13:00:00+00:00,1,0.4961539907845314
2026-02-03 13:05:00+00:00,0,0.4927153595586137
2026-02-03 13:10:00+00:00,0,0.4838572971701269
2026-02-03 13:15:00+00:00,1,0.4852829459381211
2026-02-03 13:20:00+00:00,1,0.4781833112130074
2026-02-03 13:25:00+00:00,1,0.48349898658051554
2026-02-03 13:30:00+00:00,1,0.4965596168324737
2026-02-03 13:35:00+00:00,1,0.5034081173189101
2026-02-03 13:40:00+00:00,1,0.5100974930948238
2026-02-03 13:45:00+00:00,0,0.5105829806741131
2026-02-03 13:50:00+00:00,0,0.512023577546357
2026-02-03 13:55:00+00:00,0,0.5058388368946587
2026-02-03 14:00:00+00:00,0,0.5088461362765889
2026-02-03 14:05:00+00:00,0,0.5023032483969722
2026-02-03 14:10:00+00:00,0,0.49162753654411845
2026-02-03 14:15:00+00:00,0,0.5173962255973906
2026-02-03 14:20:00+00:00,0,0.5012144365917941
2026-02-03 14:25:00+00:00,0,0.4989968329361585
2026-02-03 14:30:00+00:00,0,0.5065081302450795
2026-02-03 14:35:00+00:00,0,0.509229140314322
2026-02-03 14:40:00+00:00,0,0.5160665867092359
2026-02-03 14:45:00+00:00,0,0.5269135406769464
2026-02-03 14:50:00+00:00,0,0.5384772230680288
2026-02-03 14:55:00+00:00,1,0.5453623110301171
2026-02-03 15:00:00+00:00,1,0.5155130741180084
2026-02-03 15:05:00+00:00,1,0.49796922403058336
2026-02-03 15:10:00+00:00,1,0.5152139190207499
2026-02-03 15:15:00+00:00,1,0.517092012702316
2026-02-03 15:20:00+00:00,1,0.5112931122801506
2026-02-03 15:25:00+00:00,1,0.46663369632291746
2026-02-03 15:30:00+00:00,0,0.48246036343516974
2026-02-03 15:35:00+00:00,0,0.46795786888514507
2026-02-03 15:40:00+00:00,0,0.4448399842846625
2026-02-03 15:45:00+00:00,0,0.46922784150751345
2026-02-03 15:50:00+00:00,0,0.47171025603321665
2026-02-03 15:55:00+00:00,0,0.470279186256128
2026-02-03 16:00:00+00:00,0,0.4864987891131979
2026-02-03 16:05:00+00:00,0,0.4825781126485998
2026-02-03 16:10:00+00:00,0,0.4717303280244428
2026-02-03 16:15:00+00:00,0,0.5028712167245892
2026-02-03 16:20:00+00:00,1,0.5252585455097928
2026-02-03 16:25:00+00:00,1,0.5006010901849572
2026-02-03 16:30:00+00:00,1,0.4916259754062421
2026-02-03 16:35:00+00:00,0,0.5349608185037212
2026-02-03 16:40:00+00:00,0,0.5333871666419601
2026-02-03 16:45:00+00:00,0,0.5181044117204118
2026-02-03 16:50:00+00:00,0,0.5172169838568598
2026-02-03 16:55:00+00:00,0,0.5388675536911257
2026-02-03 17:00:00+00:00,0,0.5286117739090633
2026-02-03 17:05:00+00:00,0,0.5222680044939897
2026-02-03 17:10:00+00:00,0,0.5248170843623441
2026-02-03 17:15:00+00:00,0,0.5101031373582653
2026-02-03 17:20:00+00:00,0,0.5126039051779756
2026-02-03 17:25:00+00:00,0,0.530532229688972
2026-02-03 17:30:00+00:00,0,0.531992680681499
2026-02-03 17:35:00+00:00,0,0.5283444602346499
2026-02-03 17:40:00+00:00,0,0.5195728409836817
2026-02-03 17:45:00+00:00,0,0.5186338059084897
2026-02-03 17:50:00+00:00,0,0.5176001572189968
2026-02-03 17:55:00+00:00,0,0.5026988829456096
2026-02-03 18:00:00+00:00,0,0.49545162549064936
2026-02-03 18:05:00+00:00,0,0.48681064996856827
2026-02-03 18:10:00+00:00,0,0.5005128499455234
2026-02-03 18:15:00+00:00,0,0.49774088737938876
2026-02-03 18:20:00+00:00,0,0.5116313889818903
2026-02-03 18:25:00+00:00,0,0.5063146511380021
2026-02-03 18:30:00+00:00,0,0.5116037142494764
2026-02-03 18:35:00+00:00,0,0.505411890511344
2026-02-03 18:40:00+00:00,1,0.5171142447720126
2026-02-03 18:45:00+00:00,1,0.49019639059762454
2026-02-03 18:50:00+00:00,1,0.4969718216279327
2026-02-03 18:55:00+00:00,1,0.4982417829846257
2026-02-03 19:00:00+00:00,1,0.501714826778032
2026-02-03 19:05:00+00:00,1,0.5201280890555168
2026-02-03 19:10:00+00:00,1,0.4655796443469974
2026-02-03 19:15:00+00:00,0,0.4445802383080177
2026-02-03 19:20:00+00:00,0,0.44914332847967203
2026-02-03 19:25:00+00:00,0,0.4437854122497795
2026-02-03 19:30:00+00:00,0,0.44102919719186107
2026-02-03 19:35:00+00:00,0,0.4314017047451699
2026-02-03 19:40:00+00:00,0,0.4368400568772941
2026-02-03 19:45:00+00:00,1,0.43752444610720087
2026-02-03 19:50:00+00:00,1,0.43795223931677113
2026-02-03 19:55:00+00:00,1,0.46255755060085363
2026-02-03 20:00:00+00:00,1,0.502735850463665
2026-02-03 20:05:00+00:00,1,0.5082595402653415
2026-02-03 20:10:00+00:00,1,0.49214133493982104
2026-02-03 20:15:00+00:00,1,0.5146696419203659
2026-02-03 20:20:00+00:00,1,0.5099449047215153
2026-02-03 20:25:00+00:00,1,0.486307535772382
2026-02-03 20:30:00+00:00,1,0.47003269923399793
2026-02-03 20:35:00+00:00,1,0.4901231776652087
2026-02-03 20:40:00+00:00,1,0.4928735380928591
2026-02-03 20:45:00+00:00,1,0.4934088427968024
2026-02-03 20:50:00+00:00,1,0.5046809665729145
2026-02-03 20:55:00+00:00,0,0.4854477489042525
2026-02-03 21:00:00+00:00,0,0.4775535238832072
2026-02-03 21:05:00+00:00,0,0.5020757153260897
2026-02-03 21:10:00+00:00,0,0.5150404488247932
2026-02-03 21:15:00+00:00,0,0.5209605286344948
2026-02-03 21:20:00+00:00,0,0.5288616691589275
2026-02-03 21:25:00+00:00,0,0.5430542955849216
2026-02-03 21:30:00+00:00,0,0.5472664882310838
2026-02-03 21:35:00+00:00,0,0.5276647113379282
2026-02-03 21:40:00+00:00,0,0.5168438385541029
2026-02-03 21:45:00+00:00,0,0.5211320089229983
2026-02-03 21:50:00+00:00,0,0.5247900949453942
2026-02-03 21:55:00+00:00,0,0.5153819365150569
2026-02-03 22:00:00+00:00,0,0.5294129167211986
2026-02-03 22:05:00+00:00,1,0.4937113422534501
2026-02-03 22:10:00+00:00,0,0.4955191864254038
2026-02-03 22:15:00+00:00,0,0.4980399011839198
2026-02-03 22:20:00+00:00,0,0.481085037360712
2026-02-03 22:25:00+00:00,0,0.47732755633863566
2026-02-03 22:30:00+00:00,0,0.4864771182840221
2026-02-03 22:35:00+00:00,0,0.48538199240501806
2026-02-03 22:40:00+00:00,0,0.49251108667082955
2026-02-03 22:45:00+00:00,0,0.5149623046511852
2026-02-03 22:50:00+00:00,0,0.5210237626385281
2026-02-03 22:55:00+00:00,0,0.5202039282311609
2026-02-03 23:00:00+00:00,1,0.5341683785634043
2026-02-03 23:05:00+00:00,1,0.5506816011279282
2026-02-03 23:10:00+00:00,0,0.5345035364163507
2026-02-03 23:15:00+00:00,0,0.531769945137668
2026-02-03 23:20:00+00:00,0,0.5198413198182041
2026-02-03 23:25:00+00:00,0,0.5130824271959435
2026-02-03 23:30:00+00:00,0,0.5091425586686397
2026-02-03 23:35:00+00:00,0,0.5166599376923342
2026-02-03 23:40:00+00:00,0,0.5045925980350462
2026-02-03 23:45:00+00:00,1,0.524408130140351
2026-02-03 23:50:00+00:00,1,0.5294356051972858
2026-02-03 23:55:00+00:00,1,0.5371419142917586
2026-02-04 00:00:00+00:00,1,0.5312085649521731
2026-02-04 00:05:00+00:00,1,0.5264895295104438
2026-02-04 00:10:00+00:00,1,0.5438793817296269
2026-02-04 00:15:00+00:00,1,0.520754138032167
2026-02-04 00:20:00+00:00,1,0.5272365272643051
2026-02-04 00:25:00+00:00,0,0.5135045574581597
2026-02-04 00:30:00+00:00,1,0.49542246718829885
2026-02-04 00:35:00+00:00,1,0.5222378738287615
2026-02-04 00:40:00+00:00,1,0.5217892602484514
2026-02-04 00:45:00+00:00,1,0.5215802897321008
2026-02-04 00:50:00+00:00,1,0.5292569583552597
2026-02-04 00:55:00+00:00,1,0.5191522771778768
2026-02-04 01:00:00+00:00,1,0.5195272516693047
2026-02-04 01:05:00+00:00,1,0.5238317594423999
2026-02-04 01:10:00+00:00,0,0.5247660402656108
2026-02-04 01:15:00+00:00,0,0.5104667966217035
2026-02-04 01:20:00+00:00,0,0.5037816993439673
2026-02-04 01:25:00+00:00,0,0.49886549143237474
2026-02-04 01:30:00+00:00,0,0.46469108714821317
2026-02-04 01:35:00+00:00,0,0.4822801974076789
2026-02-04 01:40:00+00:00,0,0.4937994443845906
2026-02-04 01:45:00+00:00,0,0.5115308910240558
2026-02-04 01:50:00+00:00,0,0.4994154133845249
2026-02-04 01:55:00+00:00,0,0.5062056747587066
2026-02-04 02:00:00+00:00,0,0.5147546288944206
2026-02-04 02:05:00+00:00,0,0.5248749796152599
2026-02-04 02:10:00+00:00,0,0.5069768571762845
2026-02-04 02:15:00+00:00,0,0.4982134260294697
2026-02-04 02:20:00+00:00,0,0.49465635218726817
2026-02-04 02:25:00+00:00,0,0.5067866186049353
2026-02-04 02:30:00+00:00,0,0.5064802302717185
2026-02-04 02:35:00+00:00,1,0.4983387466558591
2026-02-04 02:40:00+00:00,1,0.5004380188477697
2026-02-04 02:45:00+00:00,1,0.4976003033455215
2026-02-04 02:50:00+00:00,1,0.49995055835970226
2026-02-04 02:55:00+00:00,1,0.5064232422446984
2026-02-04 03:00:00+00:00,1,0.5014368351046299
2026-02-04 03:05:00+00:00,1,0.4854985307684558
2026-02-04 03:10:00+00:00,1,0.487828407945678
2026-02-04 03:15:00+00:00,1,0.47246607783206274
2026-02-04 03:20:00+00:00,1,0.4829978708762255
2026-02-04 03:25:00+00:00,1,0.49575693521648284
2026-02-04 03:30:00+00:00,1,0.48549373126740397
2026-02-04 03:35:00+00:00,0,0.4892093054113255
2026-02-04 03:40:00+00:00,0,0.4995721931709434
2026-02-04 03:45:00+00:00,0,0.4886012807021376
2026-02-04 03:50:00+00:00,0,0.48599402988317597
2026-02-04 03:55:00+00:00,0,0.4903703783308372
2026-02-04 04:00:00+00:00,0,0.48954184438581594
2026-02-04 04:05:00+00:00,0,0.48179499897624795
2026-02-04 04:10:00+00:00,0,0.49741561199069406
2026-02-04 04:15:00+00:00,0,0.5023686747321744
2026-02-04 04:20:00+00:00,0,0.4868548978564973
2026-02-04 04:25:00+00:00,0,0.4709609695860832
2026-02-04 04:30:00+00:00,0,0.4730886477700633
2026-02-04 04:35:00+00:00,0,0.4589078268142782
2026-02-04 04:40:00+00:00,0,0.48005031075044985
2026-02-04 04:45:00+00:00,0,0.4859979307602602
2026-02-04 04:50:00+00:00,0,0.4929807900958621
2026-02-04 04:55:00+00:00,1,0.4743891633530629
2026-02-04 05:00:00+00:00,1,0.489172167456139
2026-02-04 05:05:00+00:00,0,0.4856131599273208
2026-02-04 05:10:00+00:00,0,0.46377003728255506
2026-02-04 05:15:00+00:00,0,0.4901749724485145
2026-02-04 05:20:00+00:00,0,0.4739377977121704
2026-02-04 05:25:00+00:00,0,0.46954481981285795
2026-02-04 05:30:00+00:00,0,0.49328096334516547
2026-02-04 05:35:00+00:00,0,0.523546655125625
2026-02-04 05:40:00+00:00,1,0.5068617412997561
2026-02-04 05:45:00+00:00,0,0.5139600127010056
2026-02-04 05:50:00+00:00,1,0.5074824756480407
2026-02-04 05:55:00+00:00,1,0.4880539865972282
2026-02-04 06:00:00+00:00,1,0.53467482555603
2026-02-04 06:05:00+00:00,1,0.5141836612787346
2026-02-04 06:10:00+00:00,1,0.5232804596055899
2026-02-04 06:15:00+00:00,1,0.5246879605347572
2026-02-04 06:20:00+00:00,1,0.5292328029036113
2026-02-04 06:25:00+00:00,1,0.5244812810464524
2026-02-04 06:30:00+00:00,1,0.5234636793362171
2026-02-04 06:35:00+00:00,0,0.5038807064894569
2026-02-04 06:40:00+00:00,0,0.49480987878791566
2026-02-04 06:45:00+00:00,0,0.5078361800606825
2026-02-04 06:50:00+00:00,0,0.5014131287658335
2026-02-04 06:55:00+00:00,0,0.5105705502112223
2026-02-04 07:00:00+00:00,1,0.4942808618137259
2026-02-04 07:05:00+00:00,1,0.48750261607478
2026-02-04 07:10:00+00:00,1,0.4731327588149387
2026-02-04 07:15:00+00:00,1,0.46471814343749945
2026-02-04 07:20:00+00:00,1,0.48867688754816213
2026-02-04 07:25:00+00:00,1,0.47383051785200503
2026-02-04 07:30:00+00:00,0,0.48333574968402054
2026-02-04 07:35:00+00:00,0,0.47705247230346653
2026-02-04 07:40:00+00:00,0,0.4707668583322166
2026-02-04 07:45:00+00:00,0,0.4825356567047401
2026-02-04 07:50:00+00:00,0,0.4752882943842654
2026-02-04 07:55:00+00:00,0,0.4879715590359245
2026-02-04 08:00:00+00:00,1,0.49722436971360595
2026-02-04 08:05:00+00:00,0,0.49593287192103747
2026-02-04 08:10:00+00:00,0,0.5087603554168248
2026-02-04 08:15:00+00:00,0,0.47930871994038
2026-02-04 08:20:00+00:00,1,0.4899847501092554
2026-02-04 08:25:00+00:00,1,0.49886553669520867
2026-02-04 08:30:00+00:00,1,0.49531798635733293
2026-02-04 08:35:00+00:00,1,0.5029732814539042
2026-02-04 08:40:00+00:00,0,0.4960578804919274
2026-02-04 08:45:00+00:00,0,0.49932806711906985
2026-02-04 08:50:00+00:00,0,0.4861738338150695
2026-02-04 08:55:00+00:00,0,0.4670024865358536
2026-02-04 09:00:00+00:00,0,0.4912637789279011
2026-02-04 09:05:00+00:00,0,0.5090289632614451
2026-02-04 09:10:00+00:00,0,0.5063634595092954
2026-02-04 09:15:00+00:00,1,0.5181820373771396
2026-02-04 09:20:00+00:00,1,0.5143944262097723
2026-02-04 09:25:00+00:00,1,0.5169727585921194
2026-02-04 09:30:00+00:00,1,0.5112154123480558
2026-02-04 09:35:00+00:00,0,0.5026209195192749
2026-02-04 09:40:00+00:00,1,0.5318803791074705
2026-02-04 09:45:00+00:00,1,0.5270226345331781
2026-02-04 09:50:00+00:00,0,0.4956647298191507
2026-02-04 09:55:00+00:00,0,0.5249250970170464
2026-02-04 10:00:00+00:00,1,0.5267571446421182
2026-02-04 10:05:00+00:00,0,0.5337262145252417
2026-02-04 10:10:00+00:00,0,0.5305832873756897
2026-02-04 10:15:00+00:00,0,0.5236785059359788
2026-02-04 10:20:00+00:00,0,0.5260446592365381
2026-02-04 10:25:00+00:00,0,0.519574501852183
2026-02-04 10:30:00+00:00,0,0.49162929565257324
2026-02-04 10:35:00+00:00,0,0.5026630469426364
2026-02-04 10:40:00+00:00,0,0.5104076070169076
2026-02-04 10:45:00+00:00,0,0.5195865911540868
2026-02-04 10:50:00+00:00,0,0.49589125531297973
2026-02-04 10:55:00+00:00,0,0.4886873945092057
2026-02-04 11:00:00+00:00,1,0.546818189498133
2026-02-04 11:05:00+00:00,1,0.528859165428259
2026-02-04 11:10:00+00:00,1,0.5364023883870062
2026-02-04 11:15:00+00:00,1,0.534442451454804
2026-02-04 11:20:00+00:00,1,0.5047573298794374
2026-02-04 11:25:00+00:00,0,0.4985541741402673
2026-02-04 11:30:00+00:00,0,0.5192261054955698
2026-02-04 11:35:00+00:00,0,0.49783875553340423
2026-02-04 11:40:00+00:00,0,0.5220156947176257
2026-02-04 11:45:00+00:00,1,0.5125834027078849
2026-02-04 11:50:00+00:00,1,0.5400256090974817
2026-02-04 11:55:00+00:00,0,0.5415632326828875
2026-02-04 12:00:00+00:00,1,0.5213260633420824
2026-02-04 12:05:00+00:00,1,0.5248071848732473
2026-02-04 12:10:00+00:00,1,0.5212694290303442
2026-02-04 12:15:00+00:00,0,0.46843417215998495
2026-02-04 12:20:00+00:00,1,0.4872958273856321
2026-02-04 12:25:00+00:00,1,0.5009941762698951
2026-02-04 12:30:00+00:00,0,0.48750034868121633
2026-02-04 12:35:00+00:00,0,0.4954805688419354
2026-02-04 12:40:00+00:00,0,0.4861136179797086
2026-02-04 12:45:00+00:00,0,0.5021554334755218
2026-02-04 12:50:00+00:00,0,0.494449354807969
2026-02-04 12:55:00+00:00,0,0.48783803196121733
2026-02-04 13:00:00+00:00,0,0.49876830085618756
2026-02-04 13:05:00+00:00,0,0.500599008086873
2026-02-04 13:10:00+00:00,0,0.49539649969262184
2026-02-04 13:15:00+00:00,0,0.5056024249036823
2026-02-04 13:20:00+00:00,0,0.517158437449492
2026-02-04 13:25:00+00:00,0,0.5062493015865626
2026-02-04 13:30:00+00:00,0,0.5229858180498875
2026-02-04 13:35:00+00:00,0,0.5009886881445968
2026-02-04 13:40:00+00:00,0,0.4991315919295957
2026-02-04 13:45:00+00:00,1,0.5126819227384181
2026-02-04 13:50:00+00:00,0,0.5205413464340596
2026-02-04 13:55:00+00:00,0,0.5379483422483382
2026-02-04 14:00:00+00:00,0,0.5240748400479818
2026-02-04 14:05:00+00:00,1,0.5436560244952913
2026-02-04 14:10:00+00:00,1,0.5144553108966898
2026-02-04 14:15:00+00:00,1,0.5099191941326375
2026-02-04 14:20:00+00:00,0,0.5098114986599799
2026-02-04 14:25:00+00:00,0,0.5054026352966993
2026-02-04 14:30:00+00:00,0,0.517630502341571
2026-02-04 14:35:00+00:00,0,0.5148946740768944
2026-02-04 14:40:00+00:00,0,0.4612048573648854
2026-02-04 14:45:00+00:00,0,0.4758973365221535
2026-02-04 14:50:00+00:00,0,0.4971832608187119
2026-02-04 14:55:00+00:00,1,0.5218637342269296
2026-02-04 15:00:00+00:00,0,0.5060480924259446
2026-02-04 15:05:00+00:00,0,0.49355621692894236
2026-02-04 15:10:00+00:00,0,0.48271795965802816
2026-02-04 15:15:00+00:00,0,0.5071112844302146
2026-02-04 15:20:00+00:00,0,0.4666422580176829
2026-02-04 15:25:00+00:00,0,0.4604503255982612
2026-02-04 15:30:00+00:00,1,0.5258469634180091
2026-02-04 15:35:00+00:00,1,0.4901218994825797
2026-02-04 15:40:00+00:00,0,0.4848741096383396
2026-02-04 15:45:00+00:00,0,0.4939181288700884
2026-02-04 15:50:00+00:00,0,0.46294392109666677
2026-02-04 15:55:00+00:00,1,0.44055762284410865
2026-02-04 16:00:00+00:00,0,0.43888711950622006
2026-02-04 16:05:00+00:00,0,0.4722252026961881
2026-02-04 16:10:00+00:00,0,0.49127803244838014
2026-02-04 16:15:00+00:00,0,0.5175289897690626
2026-02-04 16:20:00+00:00,0,0.4869771149158412
2026-02-04 16:25:00+00:00,0,0.5030606359924982
2026-02-04 16:30:00+00:00,0,0.5202175414511238
2026-02-04 16:35:00+00:00,1,0.5509764102040865
2026-02-04 16:40:00+00:00,1,0.5414925587398927
2026-02-04 16:45:00+00:00,1,0.5463913877940287
2026-02-04 16:50:00+00:00,0,0.4993915824136607
2026-02-04 16:55:00+00:00,0,0.4938796609916263
2026-02-04 17:00:00+00:00,0,0.5104865113437798
2026-02-04 17:05:00+00:00,0,0.509785222228667
2026-02-04 17:10:00+00:00,0,0.46358613590656733
2026-02-04 17:15:00+00:00,0,0.48473527471062183
2026-02-04 17:20:00+00:00,0,0.5131150055458982
2026-02-04 17:25:00+00:00,1,0.5404828833485844
2026-02-04 17:30:00+00:00,1,0.5277752762881414
2026-02-04 17:35:00+00:00,1,0.536773640279466
2026-02-04 17:40:00+00:00,0,0.510663795329131
2026-02-04 17:45:00+00:00,0,0.5109897288743261
2026-02-04 17:50:00+00:00,0,0.5032959491651054
2026-02-04 17:55:00+00:00,1,0.4967724908842539
2026-02-04 18:00:00+00:00,1,0.5044060953573378
2026-02-04 18:05:00+00:00,1,0.5158542931483663
2026-02-04 18:10:00+00:00,1,0.5042814163347012
2026-02-04 18:15:00+00:00,1,0.5215828875096058
2026-02-04 18:20:00+00:00,1,0.5191129898669292
2026-02-04 18:25:00+00:00,1,0.4634838508181955
2026-02-04 18:30:00+00:00,1,0.456884266325239
2026-02-04 18:35:00+00:00,1,0.45288554143274473
2026-02-04 18:40:00+00:00,1,0.4633191543686964
2026-02-04 18:45:00+00:00,1,0.4618021176153637
2026-02-04 18:50:00+00:00,1,0.4514473812591016
2026-02-04 18:55:00+00:00,1,0.4429270375061671
2026-02-04 19:00:00+00:00,1,0.4648996387385473
2026-02-04 19:05:00+00:00,0,0.4570908176798198
2026-02-04 19:10:00+00:00,1,0.47519552941831555
2026-02-04 19:15:00+00:00,1,0.4580101067380161
2026-02-04 19:20:00+00:00,1,0.46285721875167324
2026-02-04 19:25:00+00:00,1,0.45209024577870005
2026-02-04 19:30:00+00:00,1,0.46712329332896174
2026-02-04 19:35:00+00:00,1,0.4477370480014713
2026-02-04 19:40:00+00:00,0,0.4637171778514723
2026-02-04 19:45:00+00:00,0,0.4651457683688731
2026-02-04 19:50:00+00:00,0,0.46629437618852126
2026-02-04 19:55:00+00:00,0,0.471607466765258
2026-02-04 20:00:00+00:00,0,0.4945967589273947
2026-02-04 20:05:00+00:00,0,0.52601786842032
2026-02-04 20:10:00+00:00,0,0.5189216797793748
2026-02-04 20:15:00+00:00,0,0.5232547832754982
2026-02-04 20:20:00+00:00,0,0.5123009551336858
2026-02-04 20:25:00+00:00,0,0.5002863310751678
2026-02-04 20:30:00+00:00,0,0.5289322579763712
2026-02-04 20:35:00+00:00,0,0.5225807868726005
2026-02-04 20:40:00+00:00,0,0.5114111088177372
2026-02-04 20:45:00+00:00,0,0.499188849547795
2026-02-04 20:50:00+00:00,0,0.4891712060670769
2026-02-04 20:55:00+00:00,0,0.5127898729625288
2026-02-04 21:00:00+00:00,0,0.4987945645948226
2026-02-04 21:05:00+00:00,0,0.48917533438538036
2026-02-04 21:10:00+00:00,0,0.4921271711059764
2026-02-04 21:15:00+00:00,0,0.49423092061137713
2026-02-04 21:20:00+00:00,0,0.5063139949282012
2026-02-04 21:25:00+00:00,0,0.5075899849496875
2026-02-04 21:30:00+00:00,0,0.49870695847570273
2026-02-04 21:35:00+00:00,0,0.5334946474312657
2026-02-04 21:40:00+00:00,0,0.5247536460215845
2026-02-04 21:45:00+00:00,1,0.5331389723132007
2026-02-04 21:50:00+00:00,1,0.5362870258786242
2026-02-04 21:55:00+00:00,1,0.5329585983810582
2026-02-04 22:00:00+00:00,1,0.5603240876215345
2026-02-04 22:05:00+00:00,1,0.5630774708244934
2026-02-04 22:10:00+00:00,1,0.5350112874536876
2026-02-04 22:15:00+00:00,1,0.5323295771808046
2026-02-04 22:20:00+00:00,0,0.47754784352661817
2026-02-04 22:25:00+00:00,0,0.47240174580924327
2026-02-04 22:30:00+00:00,0,0.46171837574550784
2026-02-04 22:35:00+00:00,0,0.47932216830566654
2026-02-04 22:40:00+00:00,0,0.5011851176089553
2026-02-04 22:45:00+00:00,0,0.5032883792453422
2026-02-04 22:50:00+00:00,1,0.5061468870062587
2026-02-04 22:55:00+00:00,1,0.5109659545985764
2026-02-04 23:00:00+00:00,1,0.5110160026711836
2026-02-04 23:05:00+00:00,1,0.5170349798441926
2026-02-04 23:10:00+00:00,1,0.5426671297739757
2026-02-04 23:15:00+00:00,1,0.5137597644607345
2026-02-04 23:20:00+00:00,1,0.5018209786584448
2026-02-04 23:25:00+00:00,0,0.4945051573606492
2026-02-04 23:30:00+00:00,0,0.4834554741043214
2026-02-04 23:35:00+00:00,0,0.517755678833248
2026-02-04 23:40:00+00:00,0,0.510395730603901
2026-02-04 23:45:00+00:00,0,0.5251121411032854
2026-02-04 23:50:00+00:00,0,0.5290986711243904
2026-02-04 23:55:00+00:00,1,0.53782144445043
2026-02-05 00:00:00+00:00,0,0.5196340555651405
2026-02-05 00:05:00+00:00,0,0.5094102088611249
2026-02-05 00:10:00+00:00,1,0.5169313904928143
2026-02-05 00:15:00+00:00,0,0.5248961779828982
2026-02-05 00:20:00+00:00,0,0.4882927400926998
2026-02-05 00:25:00+00:00,0,0.5019938018473213
2026-02-05 00:30:00+00:00,1,0.5199538689641735
2026-02-05 00:35:00+00:00,1,0.4972886526490339
2026-02-05 00:40:00+00:00,1,0.504386871356066
2026-02-05 00:45:00+00:00,0,0.5020539781088773
2026-02-05 00:50:00+00:00,0,0.5335840903465086
2026-02-05 00:55:00+00:00,1,0.5472311730805564
2026-02-05 01:00:00+00:00,1,0.5424455881388139
2026-02-05 01:05:00+00:00,1,0.5252540984734511
2026-02-05 01:10:00+00:00,0,0.4984689558562304
2026-02-05 01:15:00+00:00,1,0.5467754204372155
2026-02-05 01:20:00+00:00,1,0.5353498905173592
2026-02-05 01:25:00+00:00,0,0.5019088783115104
2026-02-05 01:30:00+00:00,0,0.4823225896661984
2026-02-05 01:35:00+00:00,0,0.5011668766938551
2026-02-05 01:40:00+00:00,0,0.5351120205224692
2026-02-05 01:45:00+00:00,0,0.5329269729056149
2026-02-05 01:50:00+00:00,0,0.5471377521786411
2026-02-05 01:55:00+00:00,0,0.5474784364118649
2026-02-05 02:00:00+00:00,1,0.5522131852010622
2026-02-05 02:05:00+00:00,1,0.548420824301452
2026-02-05 02:10:00+00:00,1,0.5446686875577411
2026-02-05 02:15:00+00:00,0,0.5378162914793797
2026-02-05 02:20:00+00:00,0,0.5345230306802476
2026-02-05 02:25:00+00:00,0,0.5404922026098437
2026-02-05 02:30:00+00:00,0,0.5257274143399924
2026-02-05 02:35:00+00:00,0,0.5380602161475483
2026-02-05 02:40:00+00:00,0,0.5346840598470441
2026-02-05 02:45:00+00:00,0,0.5465928618110389
2026-02-05 02:50:00+00:00,0,0.5454285125055351
2026-02-05 02:55:00+00:00,1,0.5434757291254481
2026-02-05 03:00:00+00:00,0,0.5258689362910792
2026-02-05 03:05:00+00:00,0,0.5298243688179234
2026-02-05 03:10:00+00:00,1,0.538905648368707
2026-02-05 03:15:00+00:00,1,0.5391606471626101
2026-02-05 03:20:00+00:00,0,0.5155070260081731
2026-02-05 03:25:00+00:00,1,0.5510814801354563
2026-02-05 03:30:00+00:00,1,0.555055159927804
2026-02-05 03:35:00+00:00,1,0.5569068435090603
2026-02-05 03:40:00+00:00,0,0.5435689945212914
2026-02-05 03:45:00+00:00,0,0.5378523621070048
2026-02-05 03:50:00+00:00,1,0.5262645887762354
2026-02-05 03:55:00+00:00,0,0.5098055375457874
2026-02-05 04:00:00+00:00,0,0.5175147607144007
2026-02-05 04:05:00+00:00,0,0.5102420487659534
2026-02-05 04:10:00+00:00,1,0.5286053224805131
2026-02-05 04:15:00+00:00,1,0.5356043055599852
2026-02-05 04:20:00+00:00,0,0.5251747960823735
2026-02-05 04:25:00+00:00,1,0.5292956045374301
2026-02-05 04:30:00+00:00,1,0.5397198450476107
2026-02-05 04:35:00+00:00,1,0.5320955467556505
2026-02-05 04:40:00+00:00,0,0.5107080536999041
2026-02-05 04:45:00+00:00,0,0.5255439600806393
2026-02-05 04:50:00+00:00,0,0.536722836825459
2026-02-05 04:55:00+00:00,0,0.5350103978911617
2026-02-05 05:00:00+00:00,0,0.512380682690843
2026-02-05 05:05:00+00:00,1,0.512925719374171
2026-02-05 05:10:00+00:00,1,0.5100906837795902
2026-02-05 05:15:00+00:00,1,0.5113053496870585
2026-02-05 05:20:00+00:00,1,0.5327347920438863
2026-02-05 05:25:00+00:00,1,0.5214733845296731
2026-02-05 05:30:00+00:00,0,0.5229144643677754
2026-02-05 05:35:00+00:00,0,0.5198052679638948
2026-02-05 05:40:00+00:00,0,0.5130095354214045
2026-02-05 05:45:00+00:00,0,0.48862516720672206
2026-02-05 05:50:00+00:00,0,0.49645979400295726
2026-02-05 05:55:00+00:00,0,0.5167480230412418
2026-02-05 06:00:00+00:00,1,0.5207490547083373
2026-02-05 06:05:00+00:00,1,0.520905246337848
2026-02-05 06:10:00+00:00,0,0.5354247296588618
2026-02-05 06:15:00+00:00,1,0.5034970323740688
2026-02-05 06:20:00+00:00,1,0.5226662153920361
2026-02-05 06:25:00+00:00,1,0.5060894341463035
2026-02-05 06:30:00+00:00,1,0.5300050436030748
2026-02-05 06:35:00+00:00,1,0.5385431400988225
2026-02-05 06:40:00+00:00,1,0.5443445673832242
2026-02-05 06:45:00+00:00,1,0.5475656217412183
2026-02-05 06:50:00+00:00,1,0.5275481758084144
2026-02-05 06:55:00+00:00,1,0.5102418451676154
2026-02-05 07:00:00+00:00,0,0.51893451606843
2026-02-05 07:05:00+00:00,1,0.5051876824738986
2026-02-05 07:10:00+00:00,1,0.4976928076890203
2026-02-05 07:15:00+00:00,0,0.46277103629217003
2026-02-05 07:20:00+00:00,0,0.4804420103630075
2026-02-05 07:25:00+00:00,0,0.47564686874175616
2026-02-05 07:30:00+00:00,0,0.47155894357727074
2026-02-05 07:35:00+00:00,1,0.48245272904494135
2026-02-05 07:40:00+00:00,0,0.4872875609037678
2026-02-05 07:45:00+00:00,1,0.5148128428401546
2026-02-05 07:50:00+00:00,1,0.5029112053071616
2026-02-05 07:55:00+00:00,1,0.5201018111802856
2026-02-05 08:00:00+00:00,1,0.4986001610439318
2026-02-05 08:05:00+00:00,1,0.4997806973988418
2026-02-05 08:10:00+00:00,1,0.49334494256030004
2026-02-05 08:15:00+00:00,1,0.5086936692935522
2026-02-05 08:20:00+00:00,1,0.5093290919930209
2026-02-05 08:25:00+00:00,1,0.5103735838900252
2026-02-05 08:30:00+00:00,0,0.5004436540952332
2026-02-05 08:35:00+00:00,1,0.4943422079596574
2026-02-05 08:40:00+00:00,1,0.5042878771630469
2026-02-05 08:45:00+00:00,1,0.5209028967724084
2026-02-05 08:50:00+00:00,1,0.5284586288573532
2026-02-05 08:55:00+00:00,1,0.5065097933808991
2026-02-05 09:00:00+00:00,1,0.4908514398725195
2026-02-05 09:05:00+00:00,0,0.48271821395861453
2026-02-05 09:10:00+00:00,0,0.5012384371886747
2026-02-05 09:15:00+00:00,0,0.48735119942293553
2026-02-05 09:20:00+00:00,0,0.4864666984382587
2026-02-05 09:25:00+00:00,0,0.47838342009914603
2026-02-05 09:30:00+00:00,0,0.49174286322611355
2026-02-05 09:35:00+00:00,0,0.47924548873857453
2026-02-05 09:40:00+00:00,0,0.4879307893853567
2026-02-05 09:45:00+00:00,1,0.4987891896369944
2026-02-05 09:50:00+00:00,0,0.49543149641481143
2026-02-05 09:55:00+00:00,0,0.4638993358252978
2026-02-05 10:00:00+00:00,1,0.5036935431317844
2026-02-05 10:05:00+00:00,1,0.517479939532359
2026-02-05 10:10:00+00:00,0,0.5225477217847488
2026-02-05 10:15:00+00:00,0,0.4727745739716729
2026-02-05 10:20:00+00:00,0,0.46554057056062836
2026-02-05 10:25:00+00:00,0,0.46849475245772215
2026-02-05 10:30:00+00:00,0,0.4829781025112349
2026-02-05 10:35:00+00:00,0,0.49445926620020975
2026-02-05 10:40:00+00:00,0,0.4755458733952142
2026-02-05 10:45:00+00:00,0,0.5071387195924018
2026-02-05 10:50:00+00:00,0,0.5375486746873873
2026-02-05 10:55:00+00:00,0,0.5398343217462864
2026-02-05 11:00:00+00:00,0,0.5367991767739251
2026-02-05 11:05:00+00:00,0,0.5182666572707021
2026-02-05 11:10:00+00:00,1,0.5351667435246269
2026-02-05 11:15:00+00:00,1,0.5185594963643375
2026-02-05 11:20:00+00:00,1,0.5399386300734668
2026-02-05 11:25:00+00:00,1,0.5609523525453027
2026-02-05 11:30:00+00:00,1,0.5470904012045147
2026-02-05 11:35:00+00:00,0,0.4756968281112131
2026-02-05 11:40:00+00:00,0,0.4973861691612158
2026-02-05 11:45:00+00:00,0,0.5053107052446165
2026-02-05 11:50:00+00:00,0,0.4959680729622454
2026-02-05 11:55:00+00:00,0,0.4955754213259985
2026-02-05 12:00:00+00:00,0,0.4904623756508946
2026-02-05 12:05:00+00:00,0,0.4813353050220316
2026-02-05 12:10:00+00:00,0,0.5178285731100898
2026-02-05 12:15:00+00:00,1,0.530995625944163
2026-02-05 12:20:00+00:00,1,0.522707015088458
2026-02-05 12:25:00+00:00,0,0.5079509838410081
2026-02-05 12:30:00+00:00,1,0.5079645932601983
2026-02-05 12:35:00+00:00,1,0.508536506019641
2026-02-05 12:40:00+00:00,0,0.49090555648423034
2026-02-05 12:45:00+00:00,0,0.5244912150391721
2026-02-05 12:50:00+00:00,0,0.5048676710133655
2026-02-05 12:55:00+00:00,0,0.5045662458250049
2026-02-05 13:00:00+00:00,0,0.4987621790637073
2026-02-05 13:05:00+00:00,0,0.48426755735342514
2026-02-05 13:10:00+00:00,0,0.5150396461322971
2026-02-05 13:15:00+00:00,0,0.4942770715281555
2026-02-05 13:20:00+00:00,0,0.5219452433800803
2026-02-05 13:25:00+00:00,1,0.5102895210188418
2026-02-05 13:30:00+00:00,1,0.5140403029621848
2026-02-05 13:35:00+00:00,1,0.5344545468998483
2026-02-05 13:40:00+00:00,1,0.5255212295547043
2026-02-05 13:45:00+00:00,1,0.5236284666942457
2026-02-05 13:50:00+00:00,1,0.5355057482398814
2026-02-05 13:55:00+00:00,1,0.5307070677587669
2026-02-05 14:00:00+00:00,1,0.5016575130712975
2026-02-05 14:05:00+00:00,1,0.5054775368047271
2026-02-05 14:10:00+00:00,1,0.5016643137720738
2026-02-05 14:15:00+00:00,1,0.4978483850717926
2026-02-05 14:20:00+00:00,0,0.519031397604632
2026-02-05 14:25:00+00:00,0,0.5044165503119519
2026-02-05 14:30:00+00:00,0,0.48653042759724896
2026-02-05 14:35:00+00:00,0,0.48952378668141217
2026-02-05 14:40:00+00:00,0,0.497646572470406
2026-02-05 14:45:00+00:00,0,0.4734198659857738
2026-02-05 14:50:00+00:00,0,0.46767505934110837
2026-02-05 14:55:00+00:00,0,0.5114329029211045
2026-02-05 15:00:00+00:00,0,0.49504019880168365
2026-02-05 15:05:00+00:00,0,0.5096462039665306
2026-02-05 15:10:00+00:00,0,0.5251549082068504
2026-02-05 15:15:00+00:00,0,0.5355233568110176
2026-02-05 15:20:00+00:00,0,0.555199358856742
2026-02-05 15:25:00+00:00,1,0.552370634219692
2026-02-05 15:30:00+00:00,1,0.5603293397615227
2026-02-05 15:35:00+00:00,0,0.5401252452053287
2026-02-05 15:40:00+00:00,0,0.5502541459816341
2026-02-05 15:45:00+00:00,0,0.5509251109533676
2026-02-05 15:50:00+00:00,1,0.5356681625542455
2026-02-05 15:55:00+00:00,1,0.5245245389276919
2026-02-05 16:00:00+00:00,1,0.5260684142366986
2026-02-05 16:05:00+00:00,1,0.5257275497696762
2026-02-05 16:10:00+00:00,1,0.5271382583413615
2026-02-05 16:15:00+00:00,1,0.5407244667569299
2026-02-05 16:20:00+00:00,1,0.5001485729576174
2026-02-05 16:25:00+00:00,0,0.5462005455776745
2026-02-05 16:30:00+00:00,0,0.5334223705752854
2026-02-05 16:35:00+00:00,0,0.5444652187639019
2026-02-05 16:40:00+00:00,0,0.5124549701130414
2026-02-05 16:45:00+00:00,0,0.5101986596212491
2026-02-05 16:50:00+00:00,0,0.5104007186987939
2026-02-05 16:55:00+00:00,0,0.5261615372123083
2026-02-05 17:00:00+00:00,0,0.5014456160666743
2026-02-05 17:05:00+00:00,0,0.5123386476868347
2026-02-05 17:10:00+00:00,0,0.5398109792300781
2026-02-05 17:15:00+00:00,1,0.5724443296895786
2026-02-05 17:20:00+00:00,0,0.5208210680613714
2026-02-05 17:25:00+00:00,0,0.5063166763370783
2026-02-05 17:30:00+00:00,0,0.5346330457229042
2026-02-05 17:35:00+00:00,0,0.5068776595781006
2026-02-05 17:40:00+00:00,0,0.5051242417165273
2026-02-05 17:45:00+00:00,0,0.5002457527470943
2026-02-05 17:50:00+00:00,0,0.510163176778397
2026-02-05 17:55:00+00:00,0,0.5254683304487343
2026-02-05 18:00:00+00:00,0,0.5213368389348967
2026-02-05 18:05:00+00:00,0,0.5441355285461335
2026-02-05 18:10:00+00:00,0,0.4861482628126604
2026-02-05 18:15:00+00:00,0,0.5270685211051988
2026-02-05 18:20:00+00:00,0,0.5009940065340647
2026-02-05 18:25:00+00:00,1,0.5152657083907474
2026-02-05 18:30:00+00:00,1,0.525948723949639
2026-02-05 18:35:00+00:00,1,0.5359751934015878
2026-02-05 18:40:00+00:00,1,0.51337445231309
2026-02-05 18:45:00+00:00,1,0.5149134754766213
2026-02-05 18:50:00+00:00,0,0.5018047860090937
2026-02-05 18:55:00+00:00,0,0.510393095169709
2026-02-05 19:00:00+00:00,0,0.5167749921189667
2026-02-05 19:05:00+00:00,0,0.49781249213546497
2026-02-05 19:10:00+00:00,0,0.49016424359255234
2026-02-05 19:15:00+00:00,0,0.4567325254716669
2026-02-05 19:20:00+00:00,0,0.47878141648662015
2026-02-05 19:25:00+00:00,0,0.4903564764193373
2026-02-05 19:30:00+00:00,0,0.4805995522811822
2026-02-05 19:35:00+00:00,0,0.48607199121350275
2026-02-05 19:40:00+00:00,0,0.4816317783170568
2026-02-05 19:45:00+00:00,0,0.47143667925927424
2026-02-05 19:50:00+00:00,0,0.5086897325966826
2026-02-05 19:55:00+00:00,0,0.49668224019541396
2026-02-05 20:00:00+00:00,0,0.4905368404495861
2026-02-05 20:05:00+00:00,0,0.5052324993592314
2026-02-05 20:10:00+00:00,0,0.5205714971664783
2026-02-05 20:15:00+00:00,0,0.5412261988540148
2026-02-05 20:20:00+00:00,0,0.5349819092520078
2026-02-05 20:25:00+00:00,1,0.5520905136528407
2026-02-05 20:30:00+00:00,1,0.5565874706283476
2026-02-05 20:35:00+00:00,1,0.5578950118420919
2026-02-05 20:40:00+00:00,0,0.5401190728516756
2026-02-05 20:45:00+00:00,0,0.5389820500528727
2026-02-05 20:50:00+00:00,1,0.5391494570213486
2026-02-05 20:55:00+00:00,1,0.5087221311273196
2026-02-05 21:00:00+00:00,0,0.4757301985994157
2026-02-05 21:05:00+00:00,0,0.5118913492699931
2026-02-05 21:10:00+00:00,0,0.5169474178331743
2026-02-05 21:15:00+00:00,1,0.5443690303854243
2026-02-05 21:20:00+00:00,0,0.47533277544082436
2026-02-05 21:25:00+00:00,0,0.4865962999907573
2026-02-05 21:30:00+00:00,0,0.5145966385966151
2026-02-05 21:35:00+00:00,1,0.49029365783791873
2026-02-05 21:40:00+00:00,1,0.4704753387485731
2026-02-05 21:45:00+00:00,0,0.4689723210007119
2026-02-05 21:50:00+00:00,0,0.5134104219429225
2026-02-05 21:55:00+00:00,1,0.5172437590737753
2026-02-05 22:00:00+00:00,1,0.5034538195487578
2026-02-05 22:05:00+00:00,0,0.5448040295507933
2026-02-05 22:10:00+00:00,1,0.5039811616569572
2026-02-05 22:15:00+00:00,1,0.5403294880669264
2026-02-05 22:20:00+00:00,1,0.5456789727335876
2026-02-05 22:25:00+00:00,0,0.4746026893332339
2026-02-05 22:30:00+00:00,1,0.47399251345572835
2026-02-05 22:35:00+00:00,1,0.4964645237566527
2026-02-05 22:40:00+00:00,1,0.4994177444293027
2026-02-05 22:45:00+00:00,1,0.5023835433138962
2026-02-05 22:50:00+00:00,0,0.5125193053581582
2026-02-05 22:55:00+00:00,1,0.5002834116082927
2026-02-05 23:00:00+00:00,0,0.4612509449134858
2026-02-05 23:05:00+00:00,0,0.5051143980314697
2026-02-05 23:10:00+00:00,0,0.4851635105861423
2026-02-05 23:15:00+00:00,0,0.488562193806973
2026-02-05 23:20:00+00:00,0,0.4973774336288146
2026-02-05 23:25:00+00:00,0,0.5025537961884393
2026-02-05 23:30:00+00:00,0,0.5188868205409614
2026-02-05 23:35:00+00:00,0,0.5280584730044552
2026-02-05 23:40:00+00:00,0,0.5116608844906945
2026-02-05 23:45:00+00:00,0,0.516496502892
2026-02-05 23:50:00+00:00,0,0.5534428599683187
2026-02-05 23:55:00+00:00,0,0.5386011369724731
2026-02-06 00:00:00+00:00,0,0.5436722623090818
2026-02-06 00:05:00+00:00,0,0.5654843447581244
2026-02-06 00:10:00+00:00,1,0.5270849598273801
2026-02-06 00:15:00+00:00,1,0.535335929075018
2026-02-06 00:20:00+00:00,1,0.5444595607157517
2026-02-06 00:25:00+00:00,1,0.5455263360203702
2026-02-06 00:30:00+00:00,1,0.5415123709868922
2026-02-06 00:35:00+00:00,1,0.4909876707045162
2026-02-06 00:40:00+00:00,1,0.5085687238939975
2026-02-06 00:45:00+00:00,1,0.48782301352493296
2026-02-06 00:50:00+00:00,1,0.4606221702604707
2026-02-06 00:55:00+00:00,1,0.48008857635513286
2026-02-06 01:00:00+00:00,1,0.45591729734351105
2026-02-06 01:05:00+00:00,1,0.4782431200833087
2026-02-06 01:10:00+00:00,1,0.4927565459126077
2026-02-06 01:15:00+00:00,1,0.5045551346665723
2026-02-06 01:20:00+00:00,1,0.4644307358984075
2026-02-06 01:25:00+00:00,1,0.4766974712687546
2026-02-06 01:30:00+00:00,1,0.48787201012339987
2026-02-06 01:35:00+00:00,1,0.47086814468242044
2026-02-06 01:40:00+00:00,0,0.47333994923722295
2026-02-06 01:45:00+00:00,0,0.5013596056006249
2026-02-06 01:50:00+00:00,0,0.5120199585942914
2026-02-06 01:55:00+00:00,0,0.5029493155006083
2026-02-06 02:00:00+00:00,0,0.4881094080047096
2026-02-06 02:05:00+00:00,0,0.48574642380882505
2026-02-06 02:10:00+00:00,0,0.5381208766599075
2026-02-06 02:15:00+00:00,0,0.5185965947386788
2026-02-06 02:20:00+00:00,0,0.5353458034234403
2026-02-06 02:25:00+00:00,0,0.5252590647066679
2026-02-06 02:30:00+00:00,0,0.5225036346935962
2026-02-06 02:35:00+00:00,0,0.4752690086578067
2026-02-06 02:40:00+00:00,0,0.46767239998280086
2026-02-06 02:45:00+00:00,0,0.4246245414485309
2026-02-06 02:50:00+00:00,0,0.44281233621486915
2026-02-06 02:55:00+00:00,0,0.44590408665855175
2026-02-06 03:00:00+00:00,0,0.42898282164546625
2026-02-06 03:05:00+00:00,0,0.4602711702739866
2026-02-06 03:10:00+00:00,0,0.4928486315107551
2026-02-06 03:15:00+00:00,0,0.445722057587205
2026-02-06 03:20:00+00:00,1,0.5128386005751976
2026-02-06 03:25:00+00:00,1,0.44991253686781907
2026-02-06 03:30:00+00:00,0,0.4637203239553659
2026-02-06 03:35:00+00:00,0,0.4865035721937365
2026-02-06 03:40:00+00:00,1,0.5193004301255588
2026-02-06 03:45:00+00:00,1,0.530334779584551
2026-02-06 03:50:00+00:00,1,0.5197162954892511
2026-02-06 03:55:00+00:00,1,0.48464100667850535
2026-02-06 04:00:00+00:00,1,0.48557619939050656
2026-02-06 04:05:00+00:00,1,0.49602486315430144
2026-02-06 04:10:00+00:00,1,0.5060712863405812
2026-02-06 04:15:00+00:00,1,0.4566626861568331
2026-02-06 04:20:00+00:00,1,0.43494587072886104
2026-02-06 04:25:00+00:00,1,0.4304380758858113
2026-02-06 04:30:00+00:00,1,0.4388873898141732
2026-02-06 04:35:00+00:00,1,0.45043062052437205
2026-02-06 04:40:00+00:00,1,0.489848060343227
2026-02-06 04:45:00+00:00,1,0.49961025938484666
2026-02-06 04:50:00+00:00,1,0.5083327783708116
2026-02-06 04:55:00+00:00,1,0.5095002840885204
2026-02-06 05:00:00+00:00,1,0.4924428001653782
2026-02-06 05:05:00+00:00,1,0.5190681543610879
2026-02-06 05:10:00+00:00,1,0.5087949936161681
2026-02-06 05:15:00+00:00,1,0.4893155397341807
2026-02-06 05:20:00+00:00,1,0.46769942185309515
2026-02-06 05:25:00+00:00,1,0.46063547381111775
2026-02-06 05:30:00+00:00,1,0.48446887156585505
2026-02-06 05:35:00+00:00,1,0.48869477426984426
2026-02-06 05:40:00+00:00,1,0.4841042137467154
2026-02-06 05:45:00+00:00,1,0.47715728502265486
2026-02-06 05:50:00+00:00,0,0.4558988445020266
2026-02-06 05:55:00+00:00,0,0.4554823882552026
2026-02-06 06:00:00+00:00,0,0.47927476309273903
2026-02-06 06:05:00+00:00,0,0.4893211667588493
2026-02-06 06:10:00+00:00,0,0.4977259735052833
2026-02-06 06:15:00+00:00,0,0.5026400086894361
2026-02-06 06:20:00+00:00,0,0.5224357529875594
2026-02-06 06:25:00+00:00,0,0.534486609768965
2026-02-06 06:30:00+00:00,0,0.5470215938529617
2026-02-06 06:35:00+00:00,0,0.5377502359758825
2026-02-06 06:40:00+00:00,0,0.5199503553645062
2026-02-06 06:45:00+00:00,0,0.48555429336519407
2026-02-06 06:50:00+00:00,0,0.5065052791547677
2026-02-06 06:55:00+00:00,1,0.49239474749596973
2026-02-06 07:00:00+00:00,1,0.4838495087374818
2026-02-06 07:05:00+00:00,1,0.4688971812779363
2026-02-06 07:10:00+00:00,1,0.4834942221810561
2026-02-06 07:15:00+00:00,1,0.4684180776809689
2026-02-06 07:20:00+00:00,1,0.4974165511742517
2026-02-06 07:25:00+00:00,1,0.5060891965504468
2026-02-06 07:30:00+00:00,0,0.4956289520768437
2026-02-06 07:35:00+00:00,1,0.4810859243772304
2026-02-06 07:40:00+00:00,0,0.4881352669045728
2026-02-06 07:45:00+00:00,0,0.5051379662960728
2026-02-06 07:50:00+00:00,0,0.5093877776248531
2026-02-06 07:55:00+00:00,0,0.5061471811717261
2026-02-06 08:00:00+00:00,0,0.5311618097427383
2026-02-06 08:05:00+00:00,0,0.5232408272239311
2026-02-06 08:10:00+00:00,0,0.5404822763028397
2026-02-06 08:15:00+00:00,0,0.5449623186377461
2026-02-06 08:20:00+00:00,0,0.5400346823894561
2026-02-06 08:25:00+00:00,0,0.531713684487639
2026-02-06 08:30:00+00:00,1,0.5495052265532281
2026-02-06 08:35:00+00:00,0,0.5538697080711674
2026-02-06 08:40:00+00:00,1,0.5408226077170876
2026-02-06 08:45:00+00:00,1,0.5576026052721218
2026-02-06 08:50:00+00:00,1,0.5385594054251309
2026-02-06 08:55:00+00:00,1,0.5488630512405347
2026-02-06 09:00:00+00:00,1,0.5175993434932513
2026-02-06 09:05:00+00:00,1,0.5157811081913038
2026-02-06 09:10:00+00:00,1,0.5085014938882915
2026-02-06 09:15:00+00:00,1,0.5164289531791226
2026-02-06 09:20:00+00:00,1,0.48889753016182463
2026-02-06 09:25:00+00:00,1,0.5091921050658743
2026-02-06 09:30:00+00:00,1,0.4999091426542172
2026-02-06 09:35:00+00:00,1,0.5052946726065842
2026-02-06 09:40:00+00:00,1,0.5225030700513212
2026-02-06 09:45:00+00:00,1,0.5026420907324273
2026-02-06 09:50:00+00:00,0,0.4970567547443483
2026-02-06 09:55:00+00:00,1,0.5096635671919049
2026-02-06 10:00:00+00:00,1,0.5312890326755147
2026-02-06 10:05:00+00:00,1,0.5287954100318126
2026-02-06 10:10:00+00:00,1,0.5318721409018462
2026-02-06 10:15:00+00:00,0,0.5191232721598328
2026-02-06 10:20:00+00:00,0,0.519644167551722
2026-02-06 10:25:00+00:00,0,0.5297570535075454
2026-02-06 10:30:00+00:00,0,0.5256906788985807
2026-02-06 10:35:00+00:00,0,0.530091071085105
2026-02-06 10:40:00+00:00,0,0.5167208730161701
2026-02-06 10:45:00+00:00,0,0.5391795972113034
2026-02-06 10:50:00+00:00,1,0.5147510675310678
2026-02-06 10:55:00+00:00,1,0.507062783484175
2026-02-06 11:00:00+00:00,1,0.5031803747716964
2026-02-06 11:05:00+00:00,1,0.5007495640886045
2026-02-06 11:10:00+00:00,1,0.50624697090262
2026-02-06 11:15:00+00:00,1,0.5211924963045441
2026-02-06 11:20:00+00:00,1,0.5098118266908507
2026-02-06 11:25:00+00:00,1,0.49796062419031806
2026-02-06 11:30:00+00:00,0,0.46717267058986733
2026-02-06 11:35:00+00:00,0,0.4737226141173853
2026-02-06 11:40:00+00:00,1,0.496457723321515
2026-02-06 11:45:00+00:00,1,0.48971499160791115
2026-02-06 11:50:00+00:00,1,0.4872224583618202
2026-02-06 11:55:00+00:00,1,0.48095844946435046
2026-02-06 12:00:00+00:00,1,0.4856485377191667
2026-02-06 12:05:00+00:00,1,0.4834900173043105
2026-02-06 12:10:00+00:00,1,0.47696221664352156
2026-02-06 12:15:00+00:00,1,0.4901038578920016
2026-02-06 12:20:00+00:00,0,0.46819763615600224
2026-02-06 12:25:00+00:00,1,0.47889715016929607
2026-02-06 12:30:00+00:00,1,0.4822199773319628
2026-02-06 12:35:00+00:00,1,0.4862457360395114
2026-02-06 12:40:00+00:00,1,0.4851603280030913
2026-02-06 12:45:00+00:00,1,0.49004520876180424
2026-02-06 12:50:00+00:00,1,0.4766843960883813
2026-02-06 12:55:00+00:00,1,0.48461462064301625
2026-02-06 13:00:00+00:00,1,0.49082101634050435
2026-02-06 13:05:00+00:00,1,0.47526088688872326
2026-02-06 13:10:00+00:00,1,0.4818821566837745
2026-02-06 13:15:00+00:00,1,0.4749229618322162
2026-02-06 13:20:00+00:00,1,0.4679581224442964
2026-02-06 13:25:00+00:00,1,0.48492344659876496
2026-02-06 13:30:00+00:00,0,0.4855994848495291
2026-02-06 13:35:00+00:00,0,0.48129887392640947
2026-02-06 13:40:00+00:00,0,0.4709159891224629
2026-02-06 13:45:00+00:00,0,0.4715906606723762
2026-02-06 13:50:00+00:00,0,0.48038423033643496
2026-02-06 13:55:00+00:00,0,0.48545024191763214
2026-02-06 14:00:00+00:00,1,0.5263132813293281
2026-02-06 14:05:00+00:00,1,0.5155133680447258
2026-02-06 14:10:00+00:00,1,0.5145742750562646
2026-02-06 14:15:00+00:00,1,0.531950318631406
2026-02-06 14:20:00+00:00,1,0.5234664568839601
2026-02-06 14:25:00+00:00,1,0.5304449036682619
2026-02-06 14:30:00+00:00,1,0.5003852195159223
2026-02-06 14:35:00+00:00,1,0.498403460839009
2026-02-06 14:40:00+00:00,0,0.5205698026744362
2026-02-06 14:45:00+00:00,0,0.5023132852681695
2026-02-06 14:50:00+00:00,1,0.503150875750282
2026-02-06 14:55:00+00:00,0,0.49859540845927325
2026-02-06 15:00:00+00:00,1,0.5125800101273925
2026-02-06 15:05:00+00:00,1,0.5046173548325719
2026-02-06 15:10:00+00:00,1,0.5026373042965011
2026-02-06 15:15:00+00:00,1,0.5049063559238975
2026-02-06 15:20:00+00:00,1,0.5192824987369419
2026-02-06 15:25:00+00:00,1,0.5298526364147035
2026-02-06 15:30:00+00:00,0,0.5171505822489201
2026-02-06 15:35:00+00:00,1,0.5395870238882484
2026-02-06 15:40:00+00:00,1,0.5515689210864122
2026-02-06 15:45:00+00:00,1,0.5192646576903989
2026-02-06 15:50:00+00:00,1,0.534888852281537
2026-02-06 15:55:00+00:00,1,0.5444589769482259
2026-02-06 16:00:00+00:00,1,0.532950599087382
2026-02-06 16:05:00+00:00,1,0.5394310091944282
2026-02-06 16:10:00+00:00,1,0.5172562029040857
2026-02-06 16:15:00+00:00,1,0.5156919717527475
2026-02-06 16:20:00+00:00,1,0.511780200231204
2026-02-06 16:25:00+00:00,1,0.5260870908879366
2026-02-06 16:30:00+00:00,1,0.5295166715261943
2026-02-06 16:35:00+00:00,1,0.5125091275476843
2026-02-06 16:40:00+00:00,1,0.48196901036543216
2026-02-06 16:45:00+00:00,1,0.4886334517191484
2026-02-06 16:50:00+00:00,1,0.4910935635854791
2026-02-06 16:55:00+00:00,1,0.4920843742312315
2026-02-06 17:00:00+00:00,1,0.4745288870006542
2026-02-06 17:05:00+00:00,1,0.5014183792395123
2026-02-06 17:10:00+00:00,1,0.48783379106019115
2026-02-06 17:15:00+00:00,0,0.4837556977402638
2026-02-06 17:20:00+00:00,0,0.4811480553783576
2026-02-06 17:25:00+00:00,0,0.4660724527528076
2026-02-06 17:30:00+00:00,0,0.48803903570355306
2026-02-06 17:35:00+00:00,0,0.5124033003230248
2026-02-06 17:40:00+00:00,0,0.5170572572976809
2026-02-06 17:45:00+00:00,0,0.5201560049393993
2026-02-06 17:50:00+00:00,0,0.5330640072073695
2026-02-06 17:55:00+00:00,0,0.535348055266407
2026-02-06 18:00:00+00:00,0,0.5453041098661752
2026-02-06 18:05:00+00:00,1,0.5588820970819203
2026-02-06 18:10:00+00:00,1,0.5326091712410017
2026-02-06 18:15:00+00:00,1,0.5465479241048796
2026-02-06 18:20:00+00:00,1,0.5605052061614075
2026-02-06 18:25:00+00:00,1,0.5500557490154971
2026-02-06 18:30:00+00:00,1,0.5311087304197967
2026-02-06 18:35:00+00:00,0,0.504730344205093
2026-02-06 18:40:00+00:00,0,0.5024537333725305
2026-02-06 18:45:00+00:00,0,0.48739824865321074
2026-02-06 18:50:00+00:00,0,0.5140233200662296
2026-02-06 18:55:00+00:00,1,0.5268176117804229
2026-02-06 19:00:00+00:00,1,0.5395403125022022
2026-02-06 19:05:00+00:00,1,0.5522189492645065
2026-02-06 19:10:00+00:00,1,0.5504441937384932
2026-02-06 19:15:00+00:00,1,0.5421642473073788
2026-02-06 19:20:00+00:00,1,0.5279623313987297
2026-02-06 19:25:00+00:00,1,0.5186859215388105
2026-02-06 19:30:00+00:00,1,0.5016595838338285
2026-02-06 19:35:00+00:00,1,0.5117478211249532
2026-02-06 19:40:00+00:00,1,0.5129112900945076
2026-02-06 19:45:00+00:00,0,0.5061349393590596
2026-02-06 19:50:00+00:00,0,0.5104534837932522
2026-02-06 19:55:00+00:00,1,0.5170328210411929
2026-02-06 20:00:00+00:00,1,0.5289013790353214
2026-02-06 20:05:00+00:00,1,0.5373705177730675
2026-02-06 20:10:00+00:00,1,0.5230469405008382
2026-02-06 20:15:00+00:00,1,0.5161176583871846
2026-02-06 20:20:00+00:00,1,0.5050440777986216
2026-02-06 20:25:00+00:00,0,0.5113561200778438
2026-02-06 20:30:00+00:00,0,0.5076070564981334
2026-02-06 20:35:00+00:00,0,0.5189065496495535
2026-02-06 20:40:00+00:00,0,0.518011912981701
2026-02-06 20:45:00+00:00,1,0.5277707188232997
2026-02-06 20:50:00+00:00,1,0.5243059090263541
2026-02-06 20:55:00+00:00,1,0.5295693316680538
2026-02-06 21:00:00+00:00,1,0.5222293247312219
2026-02-06 21:05:00+00:00,1,0.5178420556428814
2026-02-06 21:10:00+00:00,1,0.513429995424115
2026-02-06 21:15:00+00:00,1,0.5108060707453516
2026-02-06 21:20:00+00:00,1,0.5303734721673375
2026-02-06 21:25:00+00:00,1,0.5041968257434999
2026-02-06 21:30:00+00:00,1,0.5285475411657864
2026-02-06 21:35:00+00:00,1,0.5283012824717503
2026-02-06 21:40:00+00:00,1,0.5182620918010049
2026-02-06 21:45:00+00:00,1,0.5225088293998269
2026-02-06 21:50:00+00:00,1,0.5408361635327189
2026-02-06 21:55:00+00:00,1,0.53067896385522
2026-02-06 22:00:00+00:00,1,0.4907778047480739
2026-02-06 22:05:00+00:00,1,0.498623595816252
2026-02-06 22:10:00+00:00,1,0.47394765518934273
2026-02-06 22:15:00+00:00,1,0.49435102181502516
2026-02-06 22:20:00+00:00,1,0.4888189246345063
2026-02-06 22:25:00+00:00,1,0.48736824138483703
2026-02-06 22:30:00+00:00,1,0.4625919265882316
2026-02-06 22:35:00+00:00,0,0.4527179398334766
2026-02-06 22:40:00+00:00,0,0.46368736598712446
2026-02-06 22:45:00+00:00,0,0.45721328743855827
2026-02-06 22:50:00+00:00,0,0.47092786432498945
2026-02-06 22:55:00+00:00,0,0.48957469104115753
2026-02-06 23:00:00+00:00,0,0.4684123972922965
2026-02-06 23:05:00+00:00,0,0.4997381614414816
2026-02-06 23:10:00+00:00,0,0.506398396906016
2026-02-06 23:15:00+00:00,0,0.5132380468937826
2026-02-06 23:20:00+00:00,1,0.5169288699699678
2026-02-06 23:25:00+00:00,0,0.5285099372210372
2026-02-06 23:30:00+00:00,0,0.5137679621748921
2026-02-06 23:35:00+00:00,0,0.5132168446801206
2026-02-06 23:40:00+00:00,0,0.5020611861302334
2026-02-06 23:45:00+00:00,0,0.5166828040387865
2026-02-06 23:50:00+00:00,0,0.5125064021544519
2026-02-06 23:55:00+00:00,0,0.5381356253639681
2026-02-07 00:00:00+00:00,0,0.5241815588965947
2026-02-07 00:05:00+00:00,0,0.5479277655826233
2026-02-07 00:10:00+00:00,0,0.5376458676052948
2026-02-07 00:15:00+00:00,0,0.5367817773147321
2026-02-07 00:20:00+00:00,1,0.543830098899123
2026-02-07 00:25:00+00:00,1,0.5483499895802149
2026-02-07 00:30:00+00:00,0,0.5473106399108976
2026-02-07 00:35:00+00:00,1,0.5552181487463275
2026-02-07 00:40:00+00:00,0,0.5562440300469732
2026-02-07 00:45:00+00:00,0,0.5561528598851243
2026-02-07 00:50:00+00:00,0,0.5460436411371037
2026-02-07 00:55:00+00:00,0,0.5555257729697283
2026-02-07 01:00:00+00:00,1,0.5439713875209099
2026-02-07 01:05:00+00:00,1,0.5430247443996294
2026-02-07 01:10:00+00:00,1,0.5580566723465283
2026-02-07 01:15:00+00:00,1,0.5503494685243061
2026-02-07 01:20:00+00:00,1,0.5501740542706147
2026-02-07 01:25:00+00:00,1,0.5472367243980296
2026-02-07 01:30:00+00:00,1,0.5476827426461961
2026-02-07 01:35:00+00:00,1,0.51242214077186
2026-02-07 01:40:00+00:00,1,0.502425897249136
2026-02-07 01:45:00+00:00,0,0.5108621479755815
2026-02-07 01:50:00+00:00,1,0.5194374956977964
2026-02-07 01:55:00+00:00,1,0.5364283666448907
2026-02-07 02:00:00+00:00,1,0.5489070858983274
2026-02-07 02:05:00+00:00,1,0.5453137166226185
2026-02-07 02:10:00+00:00,1,0.5409725501057594
2026-02-07 02:15:00+00:00,0,0.5349050563504228
2026-02-07 02:20:00+00:00,0,0.5135143497583587
2026-02-07 02:25:00+00:00,0,0.5212578626417185
2026-02-07 02:30:00+00:00,1,0.5172768069466275
2026-02-07 02:35:00+00:00,1,0.5042456497968081
2026-02-07 02:40:00+00:00,1,0.5132158043569455
2026-02-07 02:45:00+00:00,1,0.5226746847699109
2026-02-07 02:50:00+00:00,1,0.5319439851328747
2026-02-07 02:55:00+00:00,1,0.5287579999622568
2026-02-07 03:00:00+00:00,1,0.5164968532989143
2026-02-07 03:05:00+00:00,1,0.5176311013315092
2026-02-07 03:10:00+00:00,1,0.4783955731191699
2026-02-07 03:15:00+00:00,0,0.5152333754017973
2026-02-07 03:20:00+00:00,1,0.5232764286331475
2026-02-07 03:25:00+00:00,0,0.47954051497008887
2026-02-07 03:30:00+00:00,1,0.5144619024721852
2026-02-07 03:35:00+00:00,1,0.5197095617754329
2026-02-07 03:40:00+00:00,1,0.5160494270926641
2026-02-07 03:45:00+00:00,1,0.5132885249321969
2026-02-07 03:50:00+00:00,1,0.5061744254011646
2026-02-07 03:55:00+00:00,1,0.5161131367825194
2026-02-07 04:00:00+00:00,1,0.5023063488511821
2026-02-07 04:05:00+00:00,0,0.511665340476917
2026-02-07 04:10:00+00:00,0,0.5113414963292027
2026-02-07 04:15:00+00:00,0,0.5151861418762141
2026-02-07 04:20:00+00:00,0,0.4949956417364952
2026-02-07 04:25:00+00:00,0,0.5140819798915993
2026-02-07 04:30:00+00:00,0,0.5032766339856863
2026-02-07 04:35:00+00:00,1,0.4908001514588793
2026-02-07 04:40:00+00:00,1,0.5228865504713573
2026-02-07 04:45:00+00:00,1,0.5081001098468992
2026-02-07 04:50:00+00:00,1,0.5124247870265537
2026-02-07 04:55:00+00:00,1,0.51332007356862
2026-02-07 05:00:00+00:00,1,0.4974809135796918
2026-02-07 05:05:00+00:00,0,0.49655394790217977
2026-02-07 05:10:00+00:00,0,0.5089486020351605
2026-02-07 05:15:00+00:00,0,0.47345845670025877
2026-02-07 05:20:00+00:00,0,0.459221926371998
2026-02-07 05:25:00+00:00,0,0.49296883169161454
2026-02-07 05:30:00+00:00,1,0.49281733853083565
2026-02-07 05:35:00+00:00,0,0.49549600229105945
2026-02-07 05:40:00+00:00,0,0.5006808322620696
2026-02-07 05:45:00+00:00,0,0.47085752142855003
2026-02-07 05:50:00+00:00,1,0.49425031326219654
2026-02-07 05:55:00+00:00,1,0.4951958549628371
2026-02-07 06:00:00+00:00,0,0.5052457373527298
2026-02-07 06:05:00+00:00,0,0.5026264640923107
2026-02-07 06:10:00+00:00,0,0.49788093993896765
2026-02-07 06:15:00+00:00,0,0.4962922728784859
2026-02-07 06:20:00+00:00,0,0.48294234100751987
2026-02-07 06:25:00+00:00,0,0.4890914619515713
2026-02-07 06:30:00+00:00,0,0.477420906578578
2026-02-07 06:35:00+00:00,0,0.48422986802758483
2026-02-07 06:40:00+00:00,0,0.48622265806569537
2026-02-07 06:45:00+00:00,0,0.48439410164554236
2026-02-07 06:50:00+00:00,0,0.48447120601742594
2026-02-07 06:55:00+00:00,0,0.5484918364100356
2026-02-07 07:00:00+00:00,0,0.5427315636476031
2026-02-07 07:05:00+00:00,0,0.5127570447308238
2026-02-07 07:10:00+00:00,1,0.525658999294595
2026-02-07 07:15:00+00:00,1,0.5379025520495699
2026-02-07 07:20:00+00:00,1,0.5261272426196328
2026-02-07 07:25:00+00:00,0,0.5076673102109486
2026-02-07 07:30:00+00:00,1,0.5224148948088453
2026-02-07 07:35:00+00:00,0,0.5091728295026042
2026-02-07 07:40:00+00:00,0,0.5068406187298333
2026-02-07 07:45:00+00:00,0,0.4942394402510553
2026-02-07 07:50:00+00:00,0,0.47786744315035184
2026-02-07 07:55:00+00:00,0,0.47301710290705135
2026-02-07 08:00:00+00:00,0,0.4889085180142566
2026-02-07 08:05:00+00:00,0,0.5057160206471171
2026-02-07 08:10:00+00:00,1,0.5141407297827459
2026-02-07 08:15:00+00:00,1,0.5437945819411353
2026-02-07 08:20:00+00:00,1,0.5405693861380569
2026-02-07 08:25:00+00:00,1,0.533444022237147
2026-02-07 08:30:00+00:00,1,0.5311034889534392
2026-02-07 08:35:00+00:00,1,0.5359001184092111
2026-02-07 08:40:00+00:00,1,0.5378840107748736
2026-02-07 08:45:00+00:00,1,0.5409093481562816
2026-02-07 08:50:00+00:00,1,0.5307276298175383
2026-02-07 08:55:00+00:00,0,0.5497106924087691
2026-02-07 09:00:00+00:00,0,0.5140033068916183
2026-02-07 09:05:00+00:00,0,0.5039021033082584
2026-02-07 09:10:00+00:00,0,0.4981049771912655
2026-02-07 09:15:00+00:00,0,0.5311333257680894
2026-02-07 09:20:00+00:00,0,0.5245713748773637
2026-02-07 09:25:00+00:00,0,0.5176935429288727
2026-02-07 09:30:00+00:00,1,0.5149916992469787
2026-02-07 09:35:00+00:00,1,0.5147276416370291
2026-02-07 09:40:00+00:00,1,0.5070230164557838
2026-02-07 09:45:00+00:00,1,0.5149211633488994
2026-02-07 09:50:00+00:00,1,0.5001222524860814
2026-02-07 09:55:00+00:00,0,0.4976947879060739
2026-02-07 10:00:00+00:00,0,0.5062852235012608
2026-02-07 10:05:00+00:00,0,0.517356611736813
2026-02-07 10:10:00+00:00,0,0.5335771174813977
2026-02-07 10:15:00+00:00,0,0.5137352617316814
2026-02-07 10:20:00+00:00,0,0.5058215148112548
2026-02-07 10:25:00+00:00,0,0.4986602473143569
2026-02-07 10:30:00+00:00,1,0.5297785561876273
2026-02-07 10:35:00+00:00,1,0.5390944391902859
2026-02-07 10:40:00+00:00,0,0.5211958284578467
2026-02-07 10:45:00+00:00,1,0.5302422631495087
2026-02-07 10:50:00+00:00,0,0.5251749541014961
2026-02-07 10:55:00+00:00,0,0.5234395846132036
2026-02-07 11:00:00+00:00,0,0.5379886978460955
2026-02-07 11:05:00+00:00,0,0.5243142628990636
2026-02-07 11:10:00+00:00,0,0.5252447529119434
2026-02-07 11:15:00+00:00,0,0.5198813935108946
2026-02-07 11:20:00+00:00,1,0.5299841396702384
2026-02-07 11:25:00+00:00,1,0.5187892249960918
2026-02-07 11:30:00+00:00,1,0.5232790820747322
2026-02-07 11:35:00+00:00,1,0.5343007492895904
2026-02-07 11:40:00+00:00,1,0.5285588764245305
2026-02-07 11:45:00+00:00,1,0.5146578949510257
2026-02-07 11:50:00+00:00,1,0.49967431790757305
2026-02-07 11:55:00+00:00,1,0.500920884317549
2026-02-07 12:00:00+00:00,1,0.483508204543383
2026-02-07 12:05:00+00:00,1,0.44839724621650767
2026-02-07 12:10:00+00:00,1,0.45169894749380723
2026-02-07 12:15:00+00:00,0,0.457335256867465
2026-02-07 12:20:00+00:00,0,0.4681286700716171
2026-02-07 12:25:00+00:00,0,0.49865342395624374
2026-02-07 12:30:00+00:00,0,0.4672307692674212
2026-02-07 12:35:00+00:00,1,0.48146879323241265
2026-02-07 12:40:00+00:00,0,0.5032911967492869
2026-02-07 12:45:00+00:00,0,0.4863059923287007
2026-02-07 12:50:00+00:00,1,0.508368062403206
2026-02-07 12:55:00+00:00,1,0.4987969974705627
2026-02-07 13:00:00+00:00,0,0.4947068487403516
2026-02-07 13:05:00+00:00,0,0.494485311911517
2026-02-07 13:10:00+00:00,0,0.5232511813530436
2026-02-07 13:15:00+00:00,0,0.5106045727755296
2026-02-07 13:20:00+00:00,0,0.5241408946803712
2026-02-07 13:25:00+00:00,0,0.5161295614988466
2026-02-07 13:30:00+00:00,1,0.5266234687507753
2026-02-07 13:35:00+00:00,1,0.5389958950613178
2026-02-07 13:40:00+00:00,1,0.5237700927745501
2026-02-07 13:45:00+00:00,1,0.5189746067116119
2026-02-07 13:50:00+00:00,1,0.5059600005703919
2026-02-07 13:55:00+00:00,1,0.48608862380561907
2026-02-07 14:00:00+00:00,0,0.505809453835717
2026-02-07 14:05:00+00:00,0,0.5160223197951846
2026-02-07 14:10:00+00:00,0,0.5114174875841927
2026-02-07 14:15:00+00:00,0,0.4987112923854824
2026-02-07 14:20:00+00:00,0,0.5106615445156152
2026-02-07 14:25:00+00:00,0,0.4884870853832229
2026-02-07 14:30:00+00:00,1,0.49399334509419646
2026-02-07 14:35:00+00:00,1,0.5293244846327817
2026-02-07 14:40:00+00:00,1,0.5074309664208045
2026-02-07 14:45:00+00:00,1,0.4884490676672403
2026-02-07 14:50:00+00:00,1,0.4945690498674813
2026-02-07 14:55:00+00:00,1,0.48431440925583563
2026-02-07 15:00:00+00:00,1,0.47379123573416043
2026-02-07 15:05:00+00:00,1,0.48175575152980105
2026-02-07 15:10:00+00:00,1,0.49677452763745394
2026-02-07 15:15:00+00:00,1,0.49991294475172654
2026-02-07 15:20:00+00:00,0,0.4888223572528501
2026-02-07 15:25:00+00:00,0,0.4948829708750894
2026-02-07 15:30:00+00:00,0,0.5040885865500631
2026-02-07 15:35:00+00:00,1,0.5111241057529752
2026-02-07 15:40:00+00:00,1,0.5096350620800059
2026-02-07 15:45:00+00:00,1,0.5069037261530224
2026-02-07 15:50:00+00:00,1,0.5024539709979089
2026-02-07 15:55:00+00:00,1,0.5006284064046045
2026-02-07 16:00:00+00:00,1,0.48015645403408236
2026-02-07 16:05:00+00:00,0,0.5244727242508282
2026-02-07 16:10:00+00:00,0,0.5371674704960747
2026-02-07 16:15:00+00:00,1,0.5219958288390768
2026-02-07 16:20:00+00:00,0,0.5295510190937467
2026-02-07 16:25:00+00:00,1,0.5293674942975559
2026-02-07 16:30:00+00:00,1,0.5242694792090002
2026-02-07 16:35:00+00:00,0,0.512322114096914
2026-02-07 16:40:00+00:00,0,0.5055570090724308
2026-02-07 16:45:00+00:00,1,0.5078716688624342
2026-02-07 16:50:00+00:00,1,0.5086507728144598
2026-02-07 16:55:00+00:00,1,0.5129239892187332
2026-02-07 17:00:00+00:00,0,0.49678156575211324
2026-02-07 17:05:00+00:00,1,0.5093404603747534
2026-02-07 17:10:00+00:00,1,0.510991889141449
2026-02-07 17:15:00+00:00,1,0.5091992202756943
2026-02-07 17:20:00+00:00,1,0.49911958593778805
2026-02-07 17:25:00+00:00,1,0.4983626113482657
2026-02-07 17:30:00+00:00,1,0.48666446266237007
2026-02-07 17:35:00+00:00,0,0.48996211636530956
2026-02-07 17:40:00+00:00,1,0.4868866675826736
2026-02-07 17:45:00+00:00,1,0.4823770128386414
2026-02-07 17:50:00+00:00,1,0.48255801201927156
2026-02-07 17:55:00+00:00,1,0.4850281812107689
2026-02-07 18:00:00+00:00,1,0.4837982567510318
2026-02-07 18:05:00+00:00,1,0.4854382177985538
2026-02-07 18:10:00+00:00,1,0.49527620092778557
2026-02-07 18:15:00+00:00,1,0.48433223102549355
2026-02-07 18:20:00+00:00,1,0.47227171387774186
2026-02-07 18:25:00+00:00,1,0.5117572419508896
2026-02-07 18:30:00+00:00,0,0.4834620639761569
2026-02-07 18:35:00+00:00,0,0.4821838127602715
2026-02-07 18:40:00+00:00,0,0.48347977640459905
2026-02-07 18:45:00+00:00,0,0.48012829397252216
2026-02-07 18:50:00+00:00,0,0.4917926560719842
2026-02-07 18:55:00+00:00,0,0.4790907544323008
2026-02-07 19:00:00+00:00,0,0.4959481358841523
2026-02-07 19:05:00+00:00,0,0.5051703938373907
2026-02-07 19:10:00+00:00,1,0.49375182370331894
2026-02-07 19:15:00+00:00,1,0.4723202279332524
2026-02-07 19:20:00+00:00,0,0.5114278813463901
2026-02-07 19:25:00+00:00,0,0.5012747492548237
2026-02-07 19:30:00+00:00,1,0.49944189224415114
2026-02-07 19:35:00+00:00,0,0.49413852855985446
2026-02-07 19:40:00+00:00,0,0.49038142408318114
2026-02-07 19:45:00+00:00,0,0.48679862403217117
2026-02-07 19:50:00+00:00,0,0.49133528423160366
2026-02-07 19:55:00+00:00,1,0.49328839646288036
2026-02-07 20:00:00+00:00,1,0.5169441739384677
2026-02-07 20:05:00+00:00,1,0.5166275991564498
2026-02-07 20:10:00+00:00,1,0.5137787379175435
2026-02-07 20:15:00+00:00,1,0.4952750581373794
2026-02-07 20:20:00+00:00,1,0.491462843060448
2026-02-07 20:25:00+00:00,1,0.5031640354622122
2026-02-07 20:30:00+00:00,1,0.5038012292343352
2026-02-07 20:35:00+00:00,0,0.5091013490511568
2026-02-07 20:40:00+00:00,1,0.5054100462573767
2026-02-07 20:45:00+00:00,0,0.5006488313302748
2026-02-07 20:50:00+00:00,0,0.5042982869009758
2026-02-07 20:55:00+00:00,0,0.5146265884637824
2026-02-07 21:00:00+00:00,0,0.5018945753892456
2026-02-07 21:05:00+00:00,0,0.5037673517694115
2026-02-07 21:10:00+00:00,0,0.5028717032865119
2026-02-07 21:15:00+00:00,0,0.5080048331778193
2026-02-07 21:20:00+00:00,0,0.509359351097158
2026-02-07 21:25:00+00:00,0,0.5078367004580919
2026-02-07 21:30:00+00:00,0,0.5016803819811079
2026-02-07 21:35:00+00:00,1,0.4980878906311274
2026-02-07 21:40:00+00:00,1,0.511926543959121
2026-02-07 21:45:00+00:00,1,0.5156906830258184
2026-02-07 21:50:00+00:00,1,0.507087537424317
2026-02-07 21:55:00+00:00,1,0.5078573692718886
2026-02-07 22:00:00+00:00,1,0.5044977458013226
2026-02-07 22:05:00+00:00,0,0.4981905684762089
2026-02-07 22:10:00+00:00,0,0.5010074156639557
2026-02-07 22:15:00+00:00,0,0.47542044055887994
2026-02-07 22:20:00+00:00,0,0.48480804108175646
2026-02-07 22:25:00+00:00,0,0.4838894457326727
2026-02-07 22:30:00+00:00,0,0.49484434292417023
2026-02-07 22:35:00+00:00,0,0.5002794058281302
2026-02-07 22:40:00+00:00,0,0.4924383653987372
2026-02-07 22:45:00+00:00,0,0.4979243577720069
2026-02-07 22:50:00+00:00,0,0.4914254780269164
2026-02-07 22:55:00+00:00,0,0.49806600626195585
2026-02-07 23:00:00+00:00,0,0.4930139387891299
2026-02-07 23:05:00+00:00,1,0.4945549634043159
2026-02-07 23:10:00+00:00,1,0.49685095122040784
2026-02-07 23:15:00+00:00,1,0.510620170188243
2026-02-07 23:20:00+00:00,1,0.49625649441058317
2026-02-07 23:25:00+00:00,1,0.5007734629325508
2026-02-07 23:30:00+00:00,1,0.507793009642654
2026-02-07 23:35:00+00:00,0,0.5027347868134238
2026-02-07 23:40:00+00:00,0,0.5062538158716787
2026-02-07 23:45:00+00:00,0,0.49921647126419516
2026-02-07 23:50:00+00:00,0,0.5117139490588399
2026-02-07 23:55:00+00:00,0,0.5126242266688065
2026-02-08 00:00:00+00:00,0,0.5109699358318491
2026-02-08 00:05:00+00:00,1,0.5105366972101093
2026-02-08 00:10:00+00:00,0,0.5047249810111805
2026-02-08 00:15:00+00:00,1,0.5124162375858035
2026-02-08 00:20:00+00:00,1,0.5201520395584599
2026-02-08 00:25:00+00:00,1,0.5213233524979981
2026-02-08 00:30:00+00:00,1,0.5074942300925652
2026-02-08 00:35:00+00:00,1,0.5069678176367635
2026-02-08 00:40:00+00:00,1,0.5118486223970754
2026-02-08 00:45:00+00:00,1,0.502624314155904
2026-02-08 00:50:00+00:00,1,0.5028326538461576
2026-02-08 00:55:00+00:00,1,0.5157292430017227
2026-02-08 01:00:00+00:00,1,0.5107595958842795
2026-02-08 01:05:00+00:00,1,0.507156210192956
2026-02-08 01:10:00+00:00,0,0.5294962162103168
2026-02-08 01:15:00+00:00,0,0.525567615967411
2026-02-08 01:20:00+00:00,1,0.5259945984322635
2026-02-08 01:25:00+00:00,1,0.5205267511212892
2026-02-08 01:30:00+00:00,1,0.5196584485869185
2026-02-08 01:35:00+00:00,0,0.5095534941305531
2026-02-08 01:40:00+00:00,0,0.5205196454958094
2026-02-08 01:45:00+00:00,1,0.5269082489558505
2026-02-08 01:50:00+00:00,1,0.515995302836912
2026-02-08 01:55:00+00:00,0,0.5186253760654607
2026-02-08 02:00:00+00:00,0,0.516777614421398
2026-02-08 02:05:00+00:00,0,0.5173783909105871
2026-02-08 02:10:00+00:00,0,0.5110596715548289
2026-02-08 02:15:00+00:00,0,0.5135851570517536
2026-02-08 02:20:00+00:00,0,0.5111037135058177
2026-02-08 02:25:00+00:00,0,0.5186579201729868
2026-02-08 02:30:00+00:00,0,0.5261498235884524
2026-02-08 02:35:00+00:00,0,0.5164714431038643
2026-02-08 02:40:00+00:00,0,0.5240725369828652
2026-02-08 02:45:00+00:00,0,0.5200690823039824
2026-02-08 02:50:00+00:00,1,0.5281206937771493
2026-02-08 02:55:00+00:00,1,0.5229106928383503
2026-02-08 03:00:00+00:00,1,0.516715470126793
2026-02-08 03:05:00+00:00,1,0.5238722567289391
2026-02-08 03:10:00+00:00,0,0.5228431323346588
2026-02-08 03:15:00+00:00,0,0.5114831411607627
2026-02-08 03:20:00+00:00,0,0.5095713099445276
2026-02-08 03:25:00+00:00,0,0.5170476500835325
2026-02-08 03:30:00+00:00,0,0.5238938656906977
2026-02-08 03:35:00+00:00,0,0.5048109503885252
2026-02-08 03:40:00+00:00,0,0.5123261739891404
2026-02-08 03:45:00+00:00,1,0.5119755019273072
2026-02-08 03:50:00+00:00,1,0.5212349444078813
2026-02-08 03:55:00+00:00,1,0.5381382803486093
2026-02-08 04:00:00+00:00,1,0.5224611395553704
2026-02-08 04:05:00+00:00,1,0.5211237292761132
2026-02-08 04:10:00+00:00,1,0.5183238948928645
2026-02-08 04:15:00+00:00,1,0.4948094148914732
2026-02-08 04:20:00+00:00,1,0.4796506882009924
2026-02-08 04:25:00+00:00,1,0.47998182415009705
2026-02-08 04:30:00+00:00,1,0.5272131053793381
2026-02-08 04:35:00+00:00,1,0.5258503152186785
2026-02-08 04:40:00+00:00,1,0.5262132663973845
2026-02-08 04:45:00+00:00,1,0.5275982875828843
2026-02-08 04:50:00+00:00,1,0.5290209124629092
2026-02-08 04:55:00+00:00,0,0.5115186086302121
2026-02-08 05:00:00+00:00,0,0.5080164401744469
2026-02-08 05:05:00+00:00,0,0.49723278838541596
2026-02-08 05:10:00+00:00,0,0.49425740731089945
2026-02-08 05:15:00+00:00,0,0.5152404524935061
2026-02-08 05:20:00+00:00,0,0.5004731090113329
2026-02-08 05:25:00+00:00,0,0.4955594334041771
2026-02-08 05:30:00+00:00,0,0.5013137544414589
2026-02-08 05:35:00+00:00,0,0.507639796714337
2026-02-08 05:40:00+00:00,1,0.498634470186347
2026-02-08 05:45:00+00:00,1,0.4961173072600693
2026-02-08 05:50:00+00:00,1,0.5096410345848366
2026-02-08 05:55:00+00:00,1,0.5152209509081267
2026-02-08 06:00:00+00:00,1,0.5290314570485886
2026-02-08 06:05:00+00:00,1,0.5331705058805811
2026-02-08 06:10:00+00:00,0,0.530874559822029
2026-02-08 06:15:00+00:00,0,0.5244145760416408
2026-02-08 06:20:00+00:00,0,0.5157901630860469
2026-02-08 06:25:00+00:00,0,0.5284554932640705
2026-02-08 06:30:00+00:00,0,0.5451367942710941
2026-02-08 06:35:00+00:00,0,0.5484612459583265
2026-02-08 06:40:00+00:00,0,0.5465496291939507
2026-02-08 06:45:00+00:00,0,0.5484841916337968
2026-02-08 06:50:00+00:00,0,0.5474117362659098
2026-02-08 06:55:00+00:00,0,0.5425253724767435
2026-02-08 07:00:00+00:00,1,0.5176124535077856
2026-02-08 07:05:00+00:00,1,0.5416829778760723
2026-02-08 07:10:00+00:00,0,0.5347377871830972
2026-02-08 07:15:00+00:00,1,0.5212517066931653
2026-02-08 07:20:00+00:00,1,0.5203333260374516
2026-02-08 07:25:00+00:00,1,0.5317020873903888
2026-02-08 07:30:00+00:00,1,0.524697555477898
2026-02-08 07:35:00+00:00,1,0.5112762716860383
2026-02-08 07:40:00+00:00,1,0.5222423008332001
2026-02-08 07:45:00+00:00,0,0.5165519687133208
2026-02-08 07:50:00+00:00,1,0.5120979806590787
2026-02-08 07:55:00+00:00,1,0.5298927654742287
2026-02-08 08:00:00+00:00,1,0.5275438098981131
2026-02-08 08:05:00+00:00,1,0.515133458878077
2026-02-08 08:10:00+00:00,1,0.5186567562718692
2026-02-08 08:15:00+00:00,1,0.4921424040156515
2026-02-08 08:20:00+00:00,1,0.46919650295024307
2026-02-08 08:25:00+00:00,1,0.47331324104262124
2026-02-08 08:30:00+00:00,0,0.47291085389222687
2026-02-08 08:35:00+00:00,1,0.47660173413836826
2026-02-08 08:40:00+00:00,1,0.48141277825932743
2026-02-08 08:45:00+00:00,0,0.46766472053257524
2026-02-08 08:50:00+00:00,1,0.47762872986671034
2026-02-08 08:55:00+00:00,0,0.4727398192351438
2026-02-08 09:00:00+00:00,0,0.47122371744661956
2026-02-08 09:05:00+00:00,0,0.47009736818033343
2026-02-08 09:10:00+00:00,0,0.47735435915203167
2026-02-08 09:15:00+00:00,0,0.4853609404827006
2026-02-08 09:20:00+00:00,0,0.5067296201869547
2026-02-08 09:25:00+00:00,0,0.5199053223658558
2026-02-08 09:30:00+00:00,0,0.5134007878400172
2026-02-08 09:35:00+00:00,0,0.5247540411026934
2026-02-08 09:40:00+00:00,1,0.5115577742628918
2026-02-08 09:45:00+00:00,1,0.4979671306483027
2026-02-08 09:50:00+00:00,0,0.4992135744350458
2026-02-08 09:55:00+00:00,0,0.4915699555525006
2026-02-08 10:00:00+00:00,0,0.5043135620531446
2026-02-08 10:05:00+00:00,0,0.49517881499695304
2026-02-08 10:10:00+00:00,0,0.4875329573558109
2026-02-08 10:15:00+00:00,0,0.49375037551140993
2026-02-08 10:20:00+00:00,1,0.4545486047589622
2026-02-08 10:25:00+00:00,1,0.5122822388574193
2026-02-08 10:30:00+00:00,1,0.5051592037381879
2026-02-08 10:35:00+00:00,1,0.4802628759133739
2026-02-08 10:40:00+00:00,1,0.48124957248435846
2026-02-08 10:45:00+00:00,1,0.47519251554508085
2026-02-08 10:50:00+00:00,1,0.5010655897707829
2026-02-08 10:55:00+00:00,1,0.5032186318124909
2026-02-08 11:00:00+00:00,1,0.50655139435712
2026-02-08 11:05:00+00:00,1,0.5041093835315654
2026-02-08 11:10:00+00:00,1,0.5073993344955549
2026-02-08 11:15:00+00:00,1,0.4795346462748892
2026-02-08 11:20:00+00:00,1,0.48313874885785857
2026-02-08 11:25:00+00:00,1,0.49473137858603683
2026-02-08 11:30:00+00:00,1,0.48983346337493877
2026-02-08 11:35:00+00:00,0,0.48057750284590156
2026-02-08 11:40:00+00:00,0,0.4849663283890305
2026-02-08 11:45:00+00:00,0,0.4846037225796862
2026-02-08 11:50:00+00:00,0,0.4751205217625638
2026-02-08 11:55:00+00:00,0,0.488515993186817
2026-02-08 12:00:00+00:00,0,0.4642495856861623
2026-02-08 12:05:00+00:00,1,0.4777735207541514
2026-02-08 12:10:00+00:00,0,0.5054830129778848
2026-02-08 12:15:00+00:00,1,0.5064692105630824
2026-02-08 12:20:00+00:00,1,0.5068940303871263
2026-02-08 12:25:00+00:00,1,0.5061342944574488
2026-02-08 12:30:00+00:00,1,0.5296025286440987
2026-02-08 12:35:00+00:00,0,0.5156902195362579
2026-02-08 12:40:00+00:00,1,0.5169748722018804
2026-02-08 12:45:00+00:00,1,0.5012609893709266
2026-02-08 12:50:00+00:00,1,0.508219810084934
2026-02-08 12:55:00+00:00,1,0.5244957756384298
2026-02-08 13:00:00+00:00,1,0.5166836291701015
2026-02-08 13:05:00+00:00,1,0.5215745746174814
2026-02-08 13:10:00+00:00,1,0.5200442276746101
2026-02-08 13:15:00+00:00,0,0.4643944555666941
2026-02-08 13:20:00+00:00,0,0.4686265333074119
2026-02-08 13:25:00+00:00,0,0.4696680215827046
2026-02-08 13:30:00+00:00,1,0.48877752406049696
2026-02-08 13:35:00+00:00,0,0.5230124102964305
2026-02-08 13:40:00+00:00,1,0.5347987770365689
2026-02-08 13:45:00+00:00,0,0.5337153219485299
2026-02-08 13:50:00+00:00,0,0.52377748784532
2026-02-08 13:55:00+00:00,0,0.5288416279948122
2026-02-08 14:00:00+00:00,0,0.5249182002602194
2026-02-08 14:05:00+00:00,1,0.5372717076268477
2026-02-08 14:10:00+00:00,0,0.530647556695482
2026-02-08 14:15:00+00:00,1,0.5357940380153734
2026-02-08 14:20:00+00:00,1,0.5357511456275149
2026-02-08 14:25:00+00:00,1,0.5294196262981108
2026-02-08 14:30:00+00:00,0,0.5195038072236062
2026-02-08 14:35:00+00:00,1,0.5150234113772787
2026-02-08 14:40:00+00:00,1,0.5142849005370913
2026-02-08 14:45:00+00:00,1,0.5228799446132937
2026-02-08 14:50:00+00:00,1,0.5155768446590261
2026-02-08 14:55:00+00:00,0,0.5138125689171698
2026-02-08 15:00:00+00:00,0,0.5156381615737895
2026-02-08 15:05:00+00:00,0,0.514739354592144
2026-02-08 15:10:00+00:00,0,0.5085001363887869
2026-02-08 15:15:00+00:00,0,0.5084828395716326
2026-02-08 15:20:00+00:00,0,0.5057785772549921
2026-02-08 15:25:00+00:00,1,0.5028769196825957
2026-02-08 15:30:00+00:00,1,0.4700362396227934
2026-02-08 15:35:00+00:00,0,0.46844352682432866
2026-02-08 15:40:00+00:00,0,0.4779318226538829
2026-02-08 15:45:00+00:00,1,0.48363445954669215
2026-02-08 15:50:00+00:00,0,0.49683333327434914
2026-02-08 15:55:00+00:00,0,0.4867419886925718
2026-02-08 16:00:00+00:00,0,0.49263166914722883
2026-02-08 16:05:00+00:00,0,0.4917884194597529
2026-02-08 16:10:00+00:00,0,0.46369085537448984
2026-02-08 16:15:00+00:00,0,0.4931442148773248
2026-02-08 16:20:00+00:00,0,0.49519876284657716
2026-02-08 16:25:00+00:00,0,0.49731246032831633
2026-02-08 16:30:00+00:00,0,0.5069262854761988
2026-02-08 16:35:00+00:00,0,0.5045789976275449
2026-02-08 16:40:00+00:00,0,0.5171269261764468
2026-02-08 16:45:00+00:00,1,0.5131547869411429
2026-02-08 16:50:00+00:00,1,0.49009367769552614
2026-02-08 16:55:00+00:00,1,0.4930234534936753
2026-02-08 17:00:00+00:00,1,0.5059081137734951
2026-02-08 17:05:00+00:00,1,0.49951486754440294
2026-02-08 17:10:00+00:00,1,0.49389499156394207
2026-02-08 17:15:00+00:00,0,0.48057186480105984
2026-02-08 17:20:00+00:00,1,0.5051225105859944
2026-02-08 17:25:00+00:00,1,0.5221040908202749
2026-02-08 17:30:00+00:00,1,0.5047972256305981
2026-02-08 17:35:00+00:00,1,0.5096705124755284
2026-02-08 17:40:00+00:00,1,0.5097494780510824
2026-02-08 17:45:00+00:00,1,0.4986210611037422
2026-02-08 17:50:00+00:00,1,0.5124773048600552
2026-02-08 17:55:00+00:00,1,0.5100093449760994
2026-02-08 18:00:00+00:00,1,0.5020340513766449
2026-02-08 18:05:00+00:00,1,0.5296752475988871
2026-02-08 18:10:00+00:00,1,0.5261628575322668
2026-02-08 18:15:00+00:00,1,0.5319998029601597
2026-02-08 18:20:00+00:00,1,0.5387255522619753
2026-02-08 18:25:00+00:00,1,0.5343163027865286
2026-02-08 18:30:00+00:00,0,0.513817148304125
2026-02-08 18:35:00+00:00,0,0.5107879739610627
2026-02-08 18:40:00+00:00,0,0.5114635638823835
2026-02-08 18:45:00+00:00,0,0.5153396781008657
2026-02-08 18:50:00+00:00,1,0.5130084385350528
2026-02-08 18:55:00+00:00,1,0.530939715040472
2026-02-08 19:00:00+00:00,1,0.5164318921014968
2026-02-08 19:05:00+00:00,1,0.5107059273112752
2026-02-08 19:10:00+00:00,1,0.5274197463425112
2026-02-08 19:15:00+00:00,1,0.5396709317133775
2026-02-08 19:20:00+00:00,1,0.5327415523964942
2026-02-08 19:25:00+00:00,1,0.5063595675156517
2026-02-08 19:30:00+00:00,0,0.5223685706262227
2026-02-08 19:35:00+00:00,0,0.5434131761522516
2026-02-08 19:40:00+00:00,0,0.5528075035067368
2026-02-08 19:45:00+00:00,0,0.5119164334146304
2026-02-08 19:50:00+00:00,0,0.5252140185312509
2026-02-08 19:55:00+00:00,0,0.5264249507020256
2026-02-08 20:00:00+00:00,0,0.5098911081104245
2026-02-08 20:05:00+00:00,0,0.4990649309645571
2026-02-08 20:10:00+00:00,0,0.5029584130595519
2026-02-08 20:15:00+00:00,0,0.5086862257681036
2026-02-08 20:20:00+00:00,0,0.5022729567237488
2026-02-08 20:25:00+00:00,0,0.5028434374244382
2026-02-08 20:30:00+00:00,0,0.5021585678845787
2026-02-08 20:35:00+00:00,0,0.49527594068838177
2026-02-08 20:40:00+00:00,0,0.5163955963305777
2026-02-08 20:45:00+00:00,1,0.5002086483555824
2026-02-08 20:50:00+00:00,1,0.49940585157490236
2026-02-08 20:55:00+00:00,1,0.5076991905120013
2026-02-08 21:00:00+00:00,0,0.5344389939970537
2026-02-08 21:05:00+00:00,0,0.5182823764759543
2026-02-08 21:10:00+00:00,0,0.5207952224271586
2026-02-08 21:15:00+00:00,0,0.5267877788661879
2026-02-08 21:20:00+00:00,0,0.5258057146366596
2026-02-08 21:25:00+00:00,0,0.5210002787059163
2026-02-08 21:30:00+00:00,0,0.5215262669903623
2026-02-08 21:35:00+00:00,1,0.5342931470854282
2026-02-08 21:40:00+00:00,1,0.5175101269414604
2026-02-08 21:45:00+00:00,1,0.5206517477668571
2026-02-08 21:50:00+00:00,1,0.5165175611883825
2026-02-08 21:55:00+00:00,1,0.516218331230224
2026-02-08 22:00:00+00:00,1,0.5179570008064529
2026-02-08 22:05:00+00:00,0,0.5095610050544536
2026-02-08 22:10:00+00:00,0,0.5114420073468524
2026-02-08 22:15:00+00:00,0,0.5089966559324082
2026-02-08 22:20:00+00:00,0,0.4998836256012855
2026-02-08 22:25:00+00:00,1,0.510286365256529
2026-02-08 22:30:00+00:00,1,0.506783688361059
2026-02-08 22:35:00+00:00,1,0.5008420928786872
2026-02-08 22:40:00+00:00,1,0.5079624324970082
2026-02-08 22:45:00+00:00,1,0.4897062991238412
2026-02-08 22:50:00+00:00,0,0.4917684242497306
2026-02-08 22:55:00+00:00,0,0.48878088315064877
2026-02-08 23:00:00+00:00,0,0.4990440081866523
2026-02-08 23:05:00+00:00,0,0.48428745906276655
2026-02-08 23:10:00+00:00,0,0.5225425497005309
2026-02-08 23:15:00+00:00,0,0.5216674614709423
2026-02-08 23:20:00+00:00,1,0.5287368643143378
2026-02-08 23:25:00+00:00,1,0.5325740385906118
2026-02-08 23:30:00+00:00,1,0.5121648061625373
2026-02-08 23:35:00+00:00,1,0.5056788531799112
2026-02-08 23:40:00+00:00,1,0.5211294787183605
2026-02-08 23:45:00+00:00,0,0.5157782142402368
2026-02-08 23:50:00+00:00,1,0.5131139652115566
2026-02-08 23:55:00+00:00,0,0.5209796638256534
2026-02-09 00:00:00+00:00,1,0.5003852647789625
2026-02-09 00:05:00+00:00,0,0.4964153818730851
2026-02-09 00:10:00+00:00,0,0.5225018165452654
2026-02-09 00:15:00+00:00,1,0.533707087724942
2026-02-09 00:20:00+00:00,0,0.5138928152701787
2026-02-09 00:25:00+00:00,1,0.5407634829726301
2026-02-09 00:30:00+00:00,1,0.5383101634938882
2026-02-09 00:35:00+00:00,1,0.5486782968400751
2026-02-09 00:40:00+00:00,1,0.5490263421144246
2026-02-09 00:45:00+00:00,1,0.5403595831495994
2026-02-09 00:50:00+00:00,1,0.5415240245274788
2026-02-09 00:55:00+00:00,1,0.5313982402935274
2026-02-09 01:00:00+00:00,1,0.548520801161023
2026-02-09 01:05:00+00:00,0,0.5536757844817171
2026-02-09 01:10:00+00:00,0,0.545822343776664
2026-02-09 01:15:00+00:00,0,0.5400200099523931
2026-02-09 01:20:00+00:00,0,0.542653683403712
2026-02-09 01:25:00+00:00,0,0.5311940808149258
2026-02-09 01:30:00+00:00,0,0.534484774073223
2026-02-09 01:35:00+00:00,0,0.5497232631694297
2026-02-09 01:40:00+00:00,1,0.5469896289461964
2026-02-09 01:45:00+00:00,1,0.5451103177868436
2026-02-09 01:50:00+00:00,1,0.5300458589613118
2026-02-09 01:55:00+00:00,1,0.5311836657296646
2026-02-09 02:00:00+00:00,1,0.5310031783654819
2026-02-09 02:05:00+00:00,1,0.5405571780951449
2026-02-09 02:10:00+00:00,1,0.5391923954590527
2026-02-09 02:15:00+00:00,1,0.5376021772781105
2026-02-09 02:20:00+00:00,1,0.5370038331447374
2026-02-09 02:25:00+00:00,1,0.5402940526130982
2026-02-09 02:30:00+00:00,1,0.5444048993383517
2026-02-09 02:35:00+00:00,1,0.5181899479349598
2026-02-09 02:40:00+00:00,0,0.5243756747345084
2026-02-09 02:45:00+00:00,0,0.523161437376751
2026-02-09 02:50:00+00:00,0,0.5258560708305547
2026-02-09 02:55:00+00:00,1,0.5310768306366379
2026-02-09 03:00:00+00:00,1,0.5010338944478205
2026-02-09 03:05:00+00:00,1,0.5142183613526156
2026-02-09 03:10:00+00:00,1,0.5111635894717533
2026-02-09 03:15:00+00:00,1,0.5167577323725921
2026-02-09 03:20:00+00:00,1,0.508375279838496
2026-02-09 03:25:00+00:00,1,0.5150823017822649
2026-02-09 03:30:00+00:00,0,0.5185530213605624
2026-02-09 03:35:00+00:00,0,0.5167114462150105
2026-02-09 03:40:00+00:00,0,0.5163429100720189
2026-02-09 03:45:00+00:00,0,0.5185019104228578
2026-02-09 03:50:00+00:00,0,0.5183573670959499
2026-02-09 03:55:00+00:00,0,0.5169029639184338
2026-02-09 04:00:00+00:00,0,0.5061027281958015
2026-02-09 04:05:00+00:00,0,0.5115769781510928
2026-02-09 04:10:00+00:00,0,0.5077870476811212
2026-02-09 04:15:00+00:00,0,0.5066807561795734
2026-02-09 04:20:00+00:00,0,0.5159250017867878
2026-02-09 04:25:00+00:00,0,0.5250785727887292
2026-02-09 04:30:00+00:00,0,0.524814996102299
2026-02-09 04:35:00+00:00,1,0.5350704259713475
2026-02-09 04:40:00+00:00,0,0.5222915397284776
2026-02-09 04:45:00+00:00,0,0.5165254622731834
2026-02-09 04:50:00+00:00,1,0.5117610080170246
2026-02-09 04:55:00+00:00,0,0.48973833749049656
2026-02-09 05:00:00+00:00,1,0.4954821189753664
2026-02-09 05:05:00+00:00,1,0.5019383667631921
2026-02-09 05:10:00+00:00,1,0.5067553136202181
2026-02-09 05:15:00+00:00,1,0.5039977155697882
2026-02-09 05:20:00+00:00,1,0.5036582511628841
2026-02-09 05:25:00+00:00,1,0.49460163545383257
2026-02-09 05:30:00+00:00,0,0.4959111697241233
2026-02-09 05:35:00+00:00,0,0.5034049603665317
2026-02-09 05:40:00+00:00,0,0.49520335662466514
2026-02-09 05:45:00+00:00,0,0.5063603934329719
2026-02-09 05:50:00+00:00,0,0.5202148188095324
2026-02-09 05:55:00+00:00,0,0.5073605072445441
2026-02-09 06:00:00+00:00,0,0.5203440017432548
2026-02-09 06:05:00+00:00,0,0.5379421094186123
2026-02-09 06:10:00+00:00,0,0.5252000790778357
2026-02-09 06:15:00+00:00,1,0.5434645325808569
2026-02-09 06:20:00+00:00,1,0.5491835038110967
2026-02-09 06:25:00+00:00,1,0.533959253877185
2026-02-09 06:30:00+00:00,0,0.5312260923786791
2026-02-09 06:35:00+00:00,0,0.5234882481634351
2026-02-09 06:40:00+00:00,1,0.5185567165205484
2026-02-09 06:45:00+00:00,1,0.5107305617259771
2026-02-09 06:50:00+00:00,0,0.5230871163083235
2026-02-09 06:55:00+00:00,0,0.528828387467339
2026-02-09 07:00:00+00:00,1,0.5249611947805757
2026-02-09 07:05:00+00:00,0,0.5268190560316248
2026-02-09 07:10:00+00:00,0,0.5217775367767967
2026-02-09 07:15:00+00:00,0,0.5095359610835838
2026-02-09 07:20:00+00:00,0,0.5151496708065156
2026-02-09 07:25:00+00:00,0,0.5189666518796164
2026-02-09 07:30:00+00:00,0,0.515866128835271
2026-02-09 07:35:00+00:00,0,0.5278465255568577
2026-02-09 07:40:00+00:00,1,0.5479831064064196
2026-02-09 07:45:00+00:00,0,0.5393916950603995
2026-02-09 07:50:00+00:00,0,0.5373318875296852
2026-02-09 07:55:00+00:00,0,0.530489401165134
2026-02-09 08:00:00+00:00,0,0.5430631912073668
2026-02-09 08:05:00+00:00,0,0.544104809673439
2026-02-09 08:10:00+00:00,0,0.5513515862206828
2026-02-09 08:15:00+00:00,0,0.5362901550915355
2026-02-09 08:20:00+00:00,0,0.5329916431709361
2026-02-09 08:25:00+00:00,0,0.5287333454557974
2026-02-09 08:30:00+00:00,1,0.5064014969181261
2026-02-09 08:35:00+00:00,1,0.5110917586326974
2026-02-09 08:40:00+00:00,1,0.5192335515557419
2026-02-09 08:45:00+00:00,0,0.5019486979021409
2026-02-09 08:50:00+00:00,0,0.5113940422062403
2026-02-09 08:55:00+00:00,0,0.5215202129782883
2026-02-09 09:00:00+00:00,0,0.5076428965102683
2026-02-09 09:05:00+00:00,0,0.5290705225390518
2026-02-09 09:10:00+00:00,0,0.523637939412043
2026-02-09 09:15:00+00:00,0,0.5199451922900318
2026-02-09 09:20:00+00:00,0,0.5266646765828675
2026-02-09 09:25:00+00:00,0,0.5115228384801235
2026-02-09 09:30:00+00:00,0,0.5113237736317846
2026-02-09 09:35:00+00:00,1,0.5227658934960678
2026-02-09 09:40:00+00:00,1,0.5206802147847593
2026-02-09 09:45:00+00:00,0,0.5179458917459907
2026-02-09 09:50:00+00:00,0,0.514384216535159
2026-02-09 09:55:00+00:00,0,0.5179101007866532
2026-02-09 10:00:00+00:00,0,0.5235449502340485
2026-02-09 10:05:00+00:00,0,0.5203826713664444
2026-02-09 10:10:00+00:00,0,0.5351911208857912
2026-02-09 10:15:00+00:00,0,0.5405096044838804
2026-02-09 10:20:00+00:00,0,0.5401884408536278
2026-02-09 10:25:00+00:00,0,0.5414882321682138
2026-02-09 10:30:00+00:00,1,0.5323540972667212
2026-02-09 10:35:00+00:00,1,0.5347910069690208
2026-02-09 10:40:00+00:00,1,0.5326781285494252
2026-02-09 10:45:00+00:00,1,0.5433281827733122
2026-02-09 10:50:00+00:00,1,0.5372881818144772
2026-02-09 10:55:00+00:00,1,0.5328860407877115
2026-02-09 11:00:00+00:00,0,0.533818017279841
2026-02-09 11:05:00+00:00,0,0.524396897771036
2026-02-09 11:10:00+00:00,1,0.5391967927361158
2026-02-09 11:15:00+00:00,1,0.5477408694341215
2026-02-09 11:20:00+00:00,0,0.5409513405640705
2026-02-09 11:25:00+00:00,0,0.5410986128689201
2026-02-09 11:30:00+00:00,1,0.5379352015393195
2026-02-09 11:35:00+00:00,1,0.5354721746192327
2026-02-09 11:40:00+00:00,1,0.5369169640269563
2026-02-09 11:45:00+00:00,1,0.5307951659767846
2026-02-09 11:50:00+00:00,1,0.5349307304713139
2026-02-09 11:55:00+00:00,1,0.5210360072303237
2026-02-09 12:00:00+00:00,1,0.4966165664345392
2026-02-09 12:05:00+00:00,1,0.5182597977643376
2026-02-09 12:10:00+00:00,1,0.5182837551536252
2026-02-09 12:15:00+00:00,1,0.5155616849290704
2026-02-09 12:20:00+00:00,1,0.49958530813530283
2026-02-09 12:25:00+00:00,1,0.5056245557536151
2026-02-09 12:30:00+00:00,1,0.5193475463916485
2026-02-09 12:35:00+00:00,1,0.49296398950183234
2026-02-09 12:40:00+00:00,1,0.49343386893972796
2026-02-09 12:45:00+00:00,1,0.4961712576274898
2026-02-09 12:50:00+00:00,1,0.5318410587056123
2026-02-09 12:55:00+00:00,1,0.5255473572355538
2026-02-09 13:00:00+00:00,1,0.521588738152059
2026-02-09 13:05:00+00:00,1,0.4911831676189585
2026-02-09 13:10:00+00:00,0,0.48956630970628023
2026-02-09 13:15:00+00:00,0,0.49198410804616466
2026-02-09 13:20:00+00:00,0,0.49852052133793323
2026-02-09 13:25:00+00:00,0,0.4997322885601826
2026-02-09 13:30:00+00:00,0,0.5172988011038449
2026-02-09 13:35:00+00:00,0,0.5160228963066633
2026-02-09 13:40:00+00:00,0,0.5280425567094856
2026-02-09 13:45:00+00:00,0,0.5276802228584886
2026-02-09 13:50:00+00:00,1,0.5223203487987175
2026-02-09 13:55:00+00:00,1,0.523827909530704
2026-02-09 14:00:00+00:00,1,0.5193700084137298
2026-02-09 14:05:00+00:00,1,0.5212639282214093
2026-02-09 14:10:00+00:00,1,0.5187484100390435
2026-02-09 14:15:00+00:00,1,0.5283781742379684
2026-02-09 14:20:00+00:00,1,0.5120717547254984
2026-02-09 14:25:00+00:00,1,0.5150284197347521
2026-02-09 14:30:00+00:00,1,0.5156436104361625
2026-02-09 14:35:00+00:00,1,0.4786829271766512
2026-02-09 14:40:00+00:00,1,0.4966891085640317
2026-02-09 14:45:00+00:00,0,0.5196514323544938
2026-02-09 14:50:00+00:00,0,0.510724691546483
2026-02-09 14:55:00+00:00,0,0.5119841874472432
2026-02-09 15:00:00+00:00,0,0.5199222916873584
2026-02-09 15:05:00+00:00,1,0.5190089683114067
2026-02-09 15:10:00+00:00,1,0.5070431092812677
2026-02-09 15:15:00+00:00,1,0.5075276832641721
2026-02-09 15:20:00+00:00,1,0.5189650360531923
2026-02-09 15:25:00+00:00,1,0.5257201124172731
2026-02-09 15:30:00+00:00,1,0.5057915773304598
2026-02-09 15:35:00+00:00,0,0.5472043695844367
2026-02-09 15:40:00+00:00,0,0.5463722379962229
2026-02-09 15:45:00+00:00,0,0.5479961117763411
2026-02-09 15:50:00+00:00,1,0.5333511287350887
2026-02-09 15:55:00+00:00,1,0.5358711754335428
2026-02-09 16:00:00+00:00,1,0.5345998692612477
2026-02-09 16:05:00+00:00,1,0.5355163764417482
2026-02-09 16:10:00+00:00,1,0.5305478548294867
2026-02-09 16:15:00+00:00,1,0.5225667274587984
2026-02-09 16:20:00+00:00,1,0.5165341093736895
2026-02-09 16:25:00+00:00,1,0.5265540058779478
2026-02-09 16:30:00+00:00,1,0.5245810603488397
2026-02-09 16:35:00+00:00,1,0.5276949446522069
2026-02-09 16:40:00+00:00,0,0.5426135011901349
2026-02-09 16:45:00+00:00,0,0.5477399612130711
2026-02-09 16:50:00+00:00,0,0.5371653548863966
2026-02-09 16:55:00+00:00,1,0.539890945736567
2026-02-09 17:00:00+00:00,1,0.5324484237679383
2026-02-09 17:05:00+00:00,1,0.5327761539462939
2026-02-09 17:10:00+00:00,1,0.5280393644195049
2026-02-09 17:15:00+00:00,1,0.5130270290455534
2026-02-09 17:20:00+00:00,1,0.5191648757333585
2026-02-09 17:25:00+00:00,1,0.5190545499784938
2026-02-09 17:30:00+00:00,1,0.5291336423261584
2026-02-09 17:35:00+00:00,1,0.5317549897111027
2026-02-09 17:40:00+00:00,1,0.522697337468512
2026-02-09 17:45:00+00:00,1,0.5315569010106708
2026-02-09 17:50:00+00:00,0,0.5477002010022222
2026-02-09 17:55:00+00:00,0,0.5369497920165964
2026-02-09 18:00:00+00:00,0,0.5323702560982161
2026-02-09 18:05:00+00:00,0,0.5414578223736508
2026-02-09 18:10:00+00:00,0,0.540495923561495
2026-02-09 18:15:00+00:00,0,0.5400662419480056
2026-02-09 18:20:00+00:00,0,0.5564673697517539
2026-02-09 18:25:00+00:00,1,0.5554432127325387
2026-02-09 18:30:00+00:00,0,0.5607292432051206
2026-02-09 18:35:00+00:00,0,0.5592012265541876
2026-02-09 18:40:00+00:00,0,0.5543109242662586
2026-02-09 18:45:00+00:00,0,0.5463630276462358
2026-02-09 18:50:00+00:00,1,0.5549555790063465
2026-02-09 18:55:00+00:00,1,0.5479528350330294
2026-02-09 19:00:00+00:00,1,0.5507332526887532
2026-02-09 19:05:00+00:00,1,0.5516367866177995
2026-02-09 19:10:00+00:00,1,0.5358222048545116
2026-02-09 19:15:00+00:00,1,0.5223393552502439
2026-02-09 19:20:00+00:00,1,0.5215259168517766
2026-02-09 19:25:00+00:00,1,0.5243108649065353
2026-02-09 19:30:00+00:00,0,0.50845062150885
2026-02-09 19:35:00+00:00,0,0.5178191816574065
2026-02-09 19:40:00+00:00,1,0.4970313064743954
2026-02-09 19:45:00+00:00,0,0.49557160821147855
2026-02-09 19:50:00+00:00,0,0.49873986451090857
2026-02-09 19:55:00+00:00,0,0.49606990840655096
2026-02-09 20:00:00+00:00,0,0.4942026576076205
2026-02-09 20:05:00+00:00,0,0.4866442784086991
2026-02-09 20:10:00+00:00,0,0.47335641203226086
2026-02-09 20:15:00+00:00,1,0.5334378151398873
2026-02-09 20:20:00+00:00,1,0.5211559215623738
2026-02-09 20:25:00+00:00,1,0.5147759518195201
2026-02-09 20:30:00+00:00,1,0.5348796635620789
2026-02-09 20:35:00+00:00,0,0.5196878466294197
2026-02-09 20:40:00+00:00,0,0.516413591639455
2026-02-09 20:45:00+00:00,0,0.529561381945756
2026-02-09 20:50:00+00:00,0,0.5345647892683741
2026-02-09 20:55:00+00:00,0,0.5219317922478692
2026-02-09 21:00:00+00:00,0,0.5342744737518861
2026-02-09 21:05:00+00:00,0,0.5261399267951894
2026-02-09 21:10:00+00:00,0,0.53200787185504
2026-02-09 21:15:00+00:00,0,0.5274026996073661
2026-02-09 21:20:00+00:00,1,0.5218492890164136
2026-02-09 21:25:00+00:00,1,0.5352765247708714
2026-02-09 21:30:00+00:00,1,0.5527144605944594
2026-02-09 21:35:00+00:00,1,0.5465592988231542
2026-02-09 21:40:00+00:00,1,0.5212813116636601
2026-02-09 21:45:00+00:00,1,0.519520845412436
2026-02-09 21:50:00+00:00,0,0.5128533465951202
2026-02-09 21:55:00+00:00,0,0.5161130463503991
2026-02-09 22:00:00+00:00,0,0.5122401129737444
2026-02-09 22:05:00+00:00,0,0.5247151649731564
2026-02-09 22:10:00+00:00,0,0.513285630141612
2026-02-09 22:15:00+00:00,0,0.5229196361014813
2026-02-09 22:20:00+00:00,0,0.5371972014224166
2026-02-09 22:25:00+00:00,0,0.53234830531199
2026-02-09 22:30:00+00:00,1,0.5254661295987758
2026-02-09 22:35:00+00:00,1,0.521874249052246
2026-02-09 22:40:00+00:00,0,0.5390436829343538
2026-02-09 22:45:00+00:00,0,0.521252644205013
2026-02-09 22:50:00+00:00,0,0.518275426580178
2026-02-09 22:55:00+00:00,0,0.5311470774551112
2026-02-09 23:00:00+00:00,0,0.5268493287874648
2026-02-09 23:05:00+00:00,0,0.5039565061547591
2026-02-09 23:10:00+00:00,0,0.5133420557815954
2026-02-09 23:15:00+00:00,0,0.521711916516955
2026-02-09 23:20:00+00:00,0,0.5090275945000834
2026-02-09 23:25:00+00:00,0,0.5199958173504133
2026-02-09 23:30:00+00:00,0,0.5068326878603653
2026-02-09 23:35:00+00:00,0,0.5002698553238705
2026-02-09 23:40:00+00:00,0,0.5028060513243764
2026-02-09 23:45:00+00:00,0,0.5086345395408275
2026-02-09 23:50:00+00:00,0,0.5068938493692774
2026-02-09 23:55:00+00:00,0,0.5103861615997409
2026-02-10 00:00:00+00:00,1,0.5036323507495419
2026-02-10 00:05:00+00:00,0,0.510970976381225
2026-02-10 00:10:00+00:00,0,0.5055272975198054
2026-02-10 00:15:00+00:00,0,0.512877478453677
2026-02-10 00:20:00+00:00,0,0.522719583547256
2026-02-10 00:25:00+00:00,0,0.5181312287772453
2026-02-10 00:30:00+00:00,0,0.49625363168219716
2026-02-10 00:35:00+00:00,1,0.5180183658965777
2026-02-10 00:40:00+00:00,1,0.5124924132986498
2026-02-10 00:45:00+00:00,1,0.5156623988085938
2026-02-10 00:50:00+00:00,1,0.5005257725372171
2026-02-10 00:55:00+00:00,1,0.5130328640158726
2026-02-10 01:00:00+00:00,1,0.5118336374151606
2026-02-10 01:05:00+00:00,1,0.48665643984036294
2026-02-10 01:10:00+00:00,1,0.4978262971083276
2026-02-10 01:15:00+00:00,1,0.4995783942066511
2026-02-10 01:20:00+00:00,1,0.5071379050232563
2026-02-10 01:25:00+00:00,0,0.49017192402726484
2026-02-10 01:30:00+00:00,0,0.49693917685123623
2026-02-10 01:35:00+00:00,0,0.5043488532812772
2026-02-10 01:40:00+00:00,0,0.5122004522848795
2026-02-10 01:45:00+00:00,0,0.5141404358081266
2026-02-10 01:50:00+00:00,0,0.5151140587879631
2026-02-10 01:55:00+00:00,0,0.5139428939686939
2026-02-10 02:00:00+00:00,0,0.5196896204500693
2026-02-10 02:05:00+00:00,0,0.5195255116989383
2026-02-10 02:10:00+00:00,0,0.5130889406132334
2026-02-10 02:15:00+00:00,0,0.50954652616115
2026-02-10 02:20:00+00:00,0,0.5168729322257939
2026-02-10 02:25:00+00:00,0,0.5121814417889867
2026-02-10 02:30:00+00:00,0,0.5052142377048813
2026-02-10 02:35:00+00:00,0,0.49772042889454454
2026-02-10 02:40:00+00:00,0,0.508491176888914
2026-02-10 02:45:00+00:00,0,0.47343592848583504
2026-02-10 02:50:00+00:00,0,0.49190998637468547
2026-02-10 02:55:00+00:00,0,0.48151950882471156
2026-02-10 03:00:00+00:00,0,0.48695849616317344
2026-02-10 03:05:00+00:00,0,0.526478798408618
2026-02-10 03:10:00+00:00,0,0.5091832251882996
2026-02-10 03:15:00+00:00,0,0.5000807462553577
2026-02-10 03:20:00+00:00,0,0.504640697258497
2026-02-10 03:25:00+00:00,1,0.4935126245701715
2026-02-10 03:30:00+00:00,1,0.5038159162473792
2026-02-10 03:35:00+00:00,1,0.5030176489828591
2026-02-10 03:40:00+00:00,1,0.5126072977502957
2026-02-10 03:45:00+00:00,1,0.5188735999713158
2026-02-10 03:50:00+00:00,1,0.5247055136227872
2026-02-10 03:55:00+00:00,1,0.5139538277995154
2026-02-10 04:00:00+00:00,1,0.5157031859291432
2026-02-10 04:05:00+00:00,1,0.5085942899936581
2026-02-10 04:10:00+00:00,0,0.4974294055438103
2026-02-10 04:15:00+00:00,0,0.4913538761212519
2026-02-10 04:20:00+00:00,1,0.5068158531360368
2026-02-10 04:25:00+00:00,1,0.5082931615096506
2026-02-10 04:30:00+00:00,1,0.4924555105299269
2026-02-10 04:35:00+00:00,1,0.4970679909128654
2026-02-10 04:40:00+00:00,1,0.49036345565213274
2026-02-10 04:45:00+00:00,0,0.49755653498640445
2026-02-10 04:50:00+00:00,0,0.49868967941697884
2026-02-10 04:55:00+00:00,0,0.49566039620662744
2026-02-10 05:00:00+00:00,0,0.5076055518494467
2026-02-10 05:05:00+00:00,0,0.5048952901672259
2026-02-10 05:10:00+00:00,0,0.49618498285059165
2026-02-10 05:15:00+00:00,0,0.49310031800976734
2026-02-10 05:20:00+00:00,0,0.48902956606118037
2026-02-10 05:25:00+00:00,0,0.4904711591495525
2026-02-10 05:30:00+00:00,0,0.48983422121788717
2026-02-10 05:35:00+00:00,0,0.4852124139805797
2026-02-10 05:40:00+00:00,0,0.49098966728861454
2026-02-10 05:45:00+00:00,0,0.504392042262924
2026-02-10 05:50:00+00:00,0,0.49374571414441515
2026-02-10 05:55:00+00:00,0,0.49245215616930943
2026-02-10 06:00:00+00:00,0,0.506596921130564
2026-02-10 06:05:00+00:00,0,0.5259587114204551
2026-02-10 06:10:00+00:00,0,0.5301231026176014
2026-02-10 06:15:00+00:00,0,0.5305655091369683
2026-02-10 06:20:00+00:00,0,0.5426420343259303
2026-02-10 06:25:00+00:00,0,0.5359638011099412
2026-02-10 06:30:00+00:00,0,0.5334904343239225
2026-02-10 06:35:00+00:00,0,0.5469740164719109
2026-02-10 06:40:00+00:00,0,0.5260849016044977
2026-02-10 06:45:00+00:00,0,0.5466359030308602
2026-02-10 06:50:00+00:00,1,0.5251925732020364
2026-02-10 06:55:00+00:00,1,0.5192544208169361
2026-02-10 07:00:00+00:00,0,0.49385207730453673
2026-02-10 07:05:00+00:00,0,0.5065228608716092
2026-02-10 07:10:00+00:00,0,0.5069137952626334
2026-02-10 07:15:00+00:00,0,0.5059976201150469
2026-02-10 07:20:00+00:00,0,0.5151047770271046
2026-02-10 07:25:00+00:00,0,0.5130602973752011
2026-02-10 07:30:00+00:00,0,0.5166144534622241
2026-02-10 07:35:00+00:00,1,0.5268881990323839
2026-02-10 07:40:00+00:00,0,0.5252234318727077
2026-02-10 07:45:00+00:00,0,0.5157742124467839
2026-02-10 07:50:00+00:00,1,0.5135582001392837
2026-02-10 07:55:00+00:00,0,0.5032300602616341
2026-02-10 08:00:00+00:00,0,0.5181840602206497
2026-02-10 08:05:00+00:00,0,0.5261153257834051
2026-02-10 08:10:00+00:00,1,0.5228059584566735
2026-02-10 08:15:00+00:00,1,0.5310635183198505
2026-02-10 08:20:00+00:00,0,0.5199862934080963
2026-02-10 08:25:00+00:00,1,0.5165577560345634
2026-02-10 08:30:00+00:00,1,0.516165214204276
2026-02-10 08:35:00+00:00,1,0.5206069458314123
2026-02-10 08:40:00+00:00,1,0.5210698830494991
2026-02-10 08:45:00+00:00,1,0.5148914632503558
2026-02-10 08:50:00+00:00,1,0.510609017870598
2026-02-10 08:55:00+00:00,1,0.5222894956453366
2026-02-10 09:00:00+00:00,0,0.49949168156120904
2026-02-10 09:05:00+00:00,0,0.4820735345734285
2026-02-10 09:10:00+00:00,0,0.49264293155039335
2026-02-10 09:15:00+00:00,0,0.4957442511581846
2026-02-10 09:20:00+00:00,0,0.4997806860830772
2026-02-10 09:25:00+00:00,0,0.5075830839211016
2026-02-10 09:30:00+00:00,0,0.5058459648543683
2026-02-10 09:35:00+00:00,0,0.5005972654612865
2026-02-10 09:40:00+00:00,0,0.5109022999189052
2026-02-10 09:45:00+00:00,0,0.507294697566736
2026-02-10 09:50:00+00:00,0,0.5093262301003774
2026-02-10 09:55:00+00:00,0,0.5088459213443174
2026-02-10 10:00:00+00:00,0,0.5167435018116175
2026-02-10 10:05:00+00:00,0,0.513618321634697
2026-02-10 10:10:00+00:00,0,0.506368958080396
2026-02-10 10:15:00+00:00,0,0.5087799030458879
2026-02-10 10:20:00+00:00,0,0.49475624789274886
2026-02-10 10:25:00+00:00,0,0.5018042994374611
2026-02-10 10:30:00+00:00,0,0.4952493623384297
2026-02-10 10:35:00+00:00,0,0.49882891906864846
2026-02-10 10:40:00+00:00,0,0.5130668673477701
2026-02-10 10:45:00+00:00,1,0.5156308248216921
2026-02-10 10:50:00+00:00,1,0.5041817768302392
2026-02-10 10:55:00+00:00,1,0.45450059634914547
2026-02-10 11:00:00+00:00,1,0.49022617924771994
2026-02-10 11:05:00+00:00,1,0.5113212062699373
2026-02-10 11:10:00+00:00,0,0.5114323939778264
2026-02-10 11:15:00+00:00,0,0.5152757248082636
2026-02-10 11:20:00+00:00,0,0.5214348123329992
2026-02-10 11:25:00+00:00,0,0.49258313511984303
2026-02-10 11:30:00+00:00,0,0.48067272892659957
2026-02-10 11:35:00+00:00,0,0.48270923432777735
2026-02-10 11:40:00+00:00,1,0.5299277977483146
2026-02-10 11:45:00+00:00,0,0.5313401371198505
2026-02-10 11:50:00+00:00,1,0.525221569522403
2026-02-10 11:55:00+00:00,1,0.5413135795482515
2026-02-10 12:00:00+00:00,1,0.5058220465801893
2026-02-10 12:05:00+00:00,0,0.49459252732523984
2026-02-10 12:10:00+00:00,0,0.5034330221559026
2026-02-10 12:15:00+00:00,0,0.5104770328985648
2026-02-10 12:20:00+00:00,0,0.4905197541175799
2026-02-10 12:25:00+00:00,0,0.4987710279394632
2026-02-10 12:30:00+00:00,0,0.5050541930624903
2026-02-10 12:35:00+00:00,0,0.5157023606929111
2026-02-10 12:40:00+00:00,1,0.5131613907723331
2026-02-10 12:45:00+00:00,1,0.5123427414990485
2026-02-10 12:50:00+00:00,1,0.5067988486911356
2026-02-10 12:55:00+00:00,1,0.5291192749595753
2026-02-10 13:00:00+00:00,1,0.524458568253961
2026-02-10 13:05:00+00:00,1,0.5177109586677843
2026-02-10 13:10:00+00:00,1,0.5121157473058712
2026-02-10 13:15:00+00:00,1,0.49355126144692646
2026-02-10 13:20:00+00:00,1,0.5039768053626548
2026-02-10 13:25:00+00:00,1,0.5114256306849023
2026-02-10 13:30:00+00:00,0,0.4801089859029675
2026-02-10 13:35:00+00:00,0,0.47745761923874885
2026-02-10 13:40:00+00:00,0,0.4834947590942497
2026-02-10 13:45:00+00:00,1,0.4808744957933049
2026-02-10 13:50:00+00:00,0,0.47865337336462827
2026-02-10 13:55:00+00:00,0,0.48075796243136926
2026-02-10 14:00:00+00:00,1,0.5047885246055448
2026-02-10 14:05:00+00:00,0,0.5040414029216186
2026-02-10 14:10:00+00:00,0,0.5029602914110303
2026-02-10 14:15:00+00:00,0,0.5096961217626664
2026-02-10 14:20:00+00:00,0,0.5052196121089406
2026-02-10 14:25:00+00:00,0,0.5063058941295563
2026-02-10 14:30:00+00:00,0,0.5048825837760943
2026-02-10 14:35:00+00:00,1,0.5204022150796139
2026-02-10 14:40:00+00:00,1,0.4958594941172094
2026-02-10 14:45:00+00:00,1,0.4816922644874401
2026-02-10 14:50:00+00:00,1,0.4898482130431031
2026-02-10 14:55:00+00:00,1,0.47292671718729884
2026-02-10 15:00:00+00:00,1,0.44879146849109436
2026-02-10 15:05:00+00:00,1,0.4728220779913898
2026-02-10 15:10:00+00:00,1,0.4860549176806022
2026-02-10 15:15:00+00:00,1,0.4738559763582359
2026-02-10 15:20:00+00:00,1,0.48203062396922447
2026-02-10 15:25:00+00:00,1,0.49027842690897583
2026-02-10 15:30:00+00:00,0,0.5100215497894425
2026-02-10 15:35:00+00:00,0,0.4959976844123206
2026-02-10 15:40:00+00:00,1,0.49986720642474464
2026-02-10 15:45:00+00:00,1,0.5017737812052514
2026-02-10 15:50:00+00:00,1,0.5078535907386941
2026-02-10 15:55:00+00:00,1,0.49368819387056456
2026-02-10 16:00:00+00:00,1,0.5068454949117775
2026-02-10 16:05:00+00:00,1,0.507024860561772
2026-02-10 16:10:00+00:00,0,0.5216444770836001
2026-02-10 16:15:00+00:00,0,0.5220151074385307
2026-02-10 16:20:00+00:00,0,0.5182866142138097
2026-02-10 16:25:00+00:00,1,0.5151019054448986
2026-02-10 16:30:00+00:00,0,0.5080706852339678
2026-02-10 16:35:00+00:00,0,0.5148085692333966
2026-02-10 16:40:00+00:00,0,0.5160235067305354
2026-02-10 16:45:00+00:00,1,0.5160234728180993
2026-02-10 16:50:00+00:00,1,0.5031609124355294
2026-02-10 16:55:00+00:00,1,0.5099709659070534
2026-02-10 17:00:00+00:00,1,0.507568591751668
2026-02-10 17:05:00+00:00,1,0.5011293651248685
2026-02-10 17:10:00+00:00,1,0.5065482830552583
2026-02-10 17:15:00+00:00,1,0.5105408708730103
2026-02-10 17:20:00+00:00,1,0.4982767709113433
2026-02-10 17:25:00+00:00,1,0.5080046974234218
2026-02-10 17:30:00+00:00,0,0.49797003875235507
2026-02-10 17:35:00+00:00,0,0.4843255217152052
2026-02-10 17:40:00+00:00,0,0.5093019322678717
2026-02-10 17:45:00+00:00,0,0.5010297755262632
2026-02-10 17:50:00+00:00,0,0.4930171857804812
2026-02-10 17:55:00+00:00,0,0.4979933601676246
2026-02-10 18:00:00+00:00,0,0.497929098996756
2026-02-10 18:05:00+00:00,0,0.5009213143152264
2026-02-10 18:10:00+00:00,0,0.5008113932874234
2026-02-10 18:15:00+00:00,0,0.49601042515187915
2026-02-10 18:20:00+00:00,0,0.5147362567658211
2026-02-10 18:25:00+00:00,0,0.4995358695885726
2026-02-10 18:30:00+00:00,0,0.5022892737197802
2026-02-10 18:35:00+00:00,0,0.5182782630425605
2026-02-10 18:40:00+00:00,0,0.5207024234840497
2026-02-10 18:45:00+00:00,0,0.5399495588022614
2026-02-10 18:50:00+00:00,0,0.4908219552326501
2026-02-10 18:55:00+00:00,0,0.47416902210705725
2026-02-10 19:00:00+00:00,1,0.47575032711439275
2026-02-10 19:05:00+00:00,1,0.4945865985577488
2026-02-10 19:10:00+00:00,1,0.46857103423516316
2026-02-10 19:15:00+00:00,1,0.48356740097431006
2026-02-10 19:20:00+00:00,1,0.47256022252750457
2026-02-10 19:25:00+00:00,1,0.5042896536077176
2026-02-10 19:30:00+00:00,0,0.4917111934096573
2026-02-10 19:35:00+00:00,0,0.47689610953305733
2026-02-10 19:40:00+00:00,0,0.48023957920328997
2026-02-10 19:45:00+00:00,0,0.4726899919753666
2026-02-10 19:50:00+00:00,0,0.4737347280570852
2026-02-10 19:55:00+00:00,0,0.4694282054515027
2026-02-10 20:00:00+00:00,0,0.48100595212576713
2026-02-10 20:05:00+00:00,0,0.4878473958768835
2026-02-10 20:10:00+00:00,1,0.5017226458804664
2026-02-10 20:15:00+00:00,0,0.4909058619088574
2026-02-10 20:20:00+00:00,0,0.49457896131179324
2026-02-10 20:25:00+00:00,0,0.49086906960224275
2026-02-10 20:30:00+00:00,1,0.49020822800047353
2026-02-10 20:35:00+00:00,1,0.4965472379718593
2026-02-10 20:40:00+00:00,0,0.4970404266618656
2026-02-10 20:45:00+00:00,1,0.4934218762993118
2026-02-10 20:50:00+00:00,0,0.5001287364200235
2026-02-10 20:55:00+00:00,0,0.49903049721124
2026-02-10 21:00:00+00:00,0,0.5138694209936204
2026-02-10 21:05:00+00:00,0,0.5319904267931312
2026-02-10 21:10:00+00:00,0,0.5163036749070675
2026-02-10 21:15:00+00:00,0,0.4954127930203489
2026-02-10 21:20:00+00:00,0,0.49440479885438554
2026-02-10 21:25:00+00:00,1,0.5141831411723178
2026-02-10 21:30:00+00:00,1,0.534042929967462
2026-02-10 21:35:00+00:00,1,0.5398929021467472
2026-02-10 21:40:00+00:00,1,0.5272988722174694
2026-02-10 21:45:00+00:00,1,0.5069694467906559
2026-02-10 21:50:00+00:00,1,0.504724833919349
2026-02-10 21:55:00+00:00,1,0.49451753531773934
2026-02-10 22:00:00+00:00,1,0.5013891282130197
2026-02-10 22:05:00+00:00,1,0.502414977790111
2026-02-10 22:10:00+00:00,1,0.5021160779568541
2026-02-10 22:15:00+00:00,1,0.5098293141174471
2026-02-10 22:20:00+00:00,1,0.4873684392843681
2026-02-10 22:25:00+00:00,0,0.48406956605214585
2026-02-10 22:30:00+00:00,0,0.47490942273103987
2026-02-10 22:35:00+00:00,0,0.4855821691453399
2026-02-10 22:40:00+00:00,0,0.48828422399515803
2026-02-10 22:45:00+00:00,0,0.5053299624990049
2026-02-10 22:50:00+00:00,0,0.5058286314624986
2026-02-10 22:55:00+00:00,1,0.5017791334953626
2026-02-10 23:00:00+00:00,1,0.5007189436898081
2026-02-10 23:05:00+00:00,1,0.49165024093732496
2026-02-10 23:10:00+00:00,1,0.49724567665080843
2026-02-10 23:15:00+00:00,1,0.4992871833322023
2026-02-10 23:20:00+00:00,1,0.4976582727152989
2026-02-10 23:25:00+00:00,1,0.5007750584518372
2026-02-10 23:30:00+00:00,1,0.5004025552598312
2026-02-10 23:35:00+00:00,1,0.5064612342813488
2026-02-10 23:40:00+00:00,1,0.5026593581071744
2026-02-10 23:45:00+00:00,1,0.5082017210532194
2026-02-10 23:50:00+00:00,1,0.5009141740904596
2026-02-10 23:55:00+00:00,1,0.46776292624757226
2026-02-11 00:00:00+00:00,1,0.5075159401564722
2026-02-11 00:05:00+00:00,1,0.5118056691618513
2026-02-11 00:10:00+00:00,1,0.5026531572420035
2026-02-11 00:15:00+00:00,1,0.4755287992661957
2026-02-11 00:20:00+00:00,1,0.5139370482646304
2026-02-11 00:25:00+00:00,0,0.4900549138448947
2026-02-11 00:30:00+00:00,1,0.495401806337872
2026-02-11 00:35:00+00:00,0,0.5124512382264101
2026-02-11 00:40:00+00:00,1,0.4843858209254308
2026-02-11 00:45:00+00:00,1,0.5041644988580788
2026-02-11 00:50:00+00:00,0,0.4931273688761824
2026-02-11 00:55:00+00:00,0,0.49742050027157914
2026-02-11 01:00:00+00:00,0,0.49000680702067284
2026-02-11 01:05:00+00:00,1,0.4919370692520468
2026-02-11 01:10:00+00:00,1,0.5031591811923706
2026-02-11 01:15:00+00:00,1,0.48699128961755345
2026-02-11 01:20:00+00:00,1,0.4781928548393944
2026-02-11 01:25:00+00:00,1,0.48465959226647776
2026-02-11 01:30:00+00:00,1,0.4775571602179088
2026-02-11 01:35:00+00:00,1,0.4694782937523949
2026-02-11 01:40:00+00:00,1,0.4695374580382421
2026-02-11 01:45:00+00:00,1,0.4882799885680363
2026-02-11 01:50:00+00:00,1,0.48546134459825413
2026-02-11 01:55:00+00:00,1,0.488577626101763
2026-02-11 02:00:00+00:00,1,0.49464389495439726
2026-02-11 02:05:00+00:00,0,0.49360800066018035
2026-02-11 02:10:00+00:00,1,0.4881569640011975
2026-02-11 02:15:00+00:00,0,0.5009533717697682
2026-02-11 02:20:00+00:00,0,0.4872580119632399
2026-02-11 02:25:00+00:00,0,0.48447030728175305
2026-02-11 02:30:00+00:00,0,0.4991950053088312
2026-02-11 02:35:00+00:00,0,0.4919434779682607
2026-02-11 02:40:00+00:00,0,0.49532999133580846
2026-02-11 02:45:00+00:00,0,0.503702866813493
2026-02-11 02:50:00+00:00,0,0.48842251245952073
2026-02-11 02:55:00+00:00,0,0.49954397167070913
2026-02-11 03:00:00+00:00,0,0.4935450614392481
2026-02-11 03:05:00+00:00,0,0.47559112999119096
2026-02-11 03:10:00+00:00,1,0.4859100370647859
2026-02-11 03:15:00+00:00,1,0.5214974313127813
2026-02-11 03:20:00+00:00,1,0.5156297508743636
2026-02-11 03:25:00+00:00,1,0.5214652409041871
2026-02-11 03:30:00+00:00,1,0.5095633239382197
2026-02-11 03:35:00+00:00,0,0.513259554370646
2026-02-11 03:40:00+00:00,0,0.48667502973017135
2026-02-11 03:45:00+00:00,0,0.4818567974909573
2026-02-11 03:50:00+00:00,0,0.49879197329932956
2026-02-11 03:55:00+00:00,0,0.5090284429059021
2026-02-11 04:00:00+00:00,0,0.5012100121529997
2026-02-11 04:05:00+00:00,0,0.5077735738661612
2026-02-11 04:10:00+00:00,0,0.5200682688813202
2026-02-11 04:15:00+00:00,0,0.5092920230833329
2026-02-11 04:20:00+00:00,0,0.5174216552072367
2026-02-11 04:25:00+00:00,0,0.4970483474218124
2026-02-11 04:30:00+00:00,0,0.4877313483886083
2026-02-11 04:35:00+00:00,1,0.5068295087234216
2026-02-11 04:40:00+00:00,1,0.49237630707387
2026-02-11 04:45:00+00:00,0,0.5046838178960562
2026-02-11 04:50:00+00:00,1,0.5310344700373796
2026-02-11 04:55:00+00:00,1,0.5232717653475193
2026-02-11 05:00:00+00:00,0,0.4949690863065056
2026-02-11 05:05:00+00:00,0,0.5111995782341614
2026-02-11 05:10:00+00:00,0,0.510593680588923
2026-02-11 05:15:00+00:00,0,0.504397643134719
2026-02-11 05:20:00+00:00,0,0.501973320631837
2026-02-11 05:25:00+00:00,0,0.5092740824635302
2026-02-11 05:30:00+00:00,0,0.505325674310352
2026-02-11 05:35:00+00:00,0,0.5044810563909504
2026-02-11 05:40:00+00:00,0,0.50386230815584
2026-02-11 05:45:00+00:00,0,0.4965474190154941
2026-02-11 05:50:00+00:00,0,0.5025849929335343
2026-02-11 05:55:00+00:00,0,0.5018150605906744
2026-02-11 06:00:00+00:00,0,0.5140749696784149
2026-02-11 06:05:00+00:00,1,0.5198769873378521
2026-02-11 06:10:00+00:00,1,0.5093627898844701
2026-02-11 06:15:00+00:00,1,0.487509401295499
2026-02-11 06:20:00+00:00,0,0.5185059785196486
2026-02-11 06:25:00+00:00,0,0.5391408085333794
2026-02-11 06:30:00+00:00,0,0.5051322184928844
2026-02-11 06:35:00+00:00,0,0.5202540541052367
2026-02-11 06:40:00+00:00,0,0.5052790585943643
2026-02-11 06:45:00+00:00,0,0.5126739050178419
2026-02-11 06:50:00+00:00,0,0.5128469800263783
2026-02-11 06:55:00+00:00,0,0.5084528161403575
2026-02-11 07:00:00+00:00,1,0.4983417113540795
2026-02-11 07:05:00+00:00,1,0.49987043141804793
2026-02-11 07:10:00+00:00,1,0.5005309664683576
2026-02-11 07:15:00+00:00,1,0.4775729139314329
2026-02-11 07:20:00+00:00,1,0.4887947266843877
2026-02-11 07:25:00+00:00,1,0.5057697973910726
2026-02-11 07:30:00+00:00,0,0.505566218966923
2026-02-11 07:35:00+00:00,0,0.485924747198823
2026-02-11 07:40:00+00:00,0,0.4891616883196861
2026-02-11 07:45:00+00:00,0,0.483382420730998
2026-02-11 07:50:00+00:00,0,0.4921758056008939
2026-02-11 07:55:00+00:00,0,0.4923264501593509
2026-02-11 08:00:00+00:00,1,0.5014476189406241
2026-02-11 08:05:00+00:00,1,0.48771308444466277
2026-02-11 08:10:00+00:00,1,0.5045412966289556
2026-02-11 08:15:00+00:00,1,0.5047318490673244
2026-02-11 08:20:00+00:00,1,0.5004026571016659
2026-02-11 08:25:00+00:00,1,0.5051172719353334
2026-02-11 08:30:00+00:00,1,0.48691608534672676
2026-02-11 08:35:00+00:00,0,0.5038048387550992
2026-02-11 08:40:00+00:00,0,0.49338673564376984
2026-02-11 08:45:00+00:00,0,0.4925254771033381
2026-02-11 08:50:00+00:00,0,0.5020793815712202
2026-02-11 08:55:00+00:00,1,0.49221649284216534
2026-02-11 09:00:00+00:00,1,0.4754939004889283
2026-02-11 09:05:00+00:00,1,0.48946946103734223
2026-02-11 09:10:00+00:00,1,0.4925197186662003
2026-02-11 09:15:00+00:00,0,0.48528134049150545
2026-02-11 09:20:00+00:00,0,0.5089287831479672
2026-02-11 09:25:00+00:00,0,0.4824727898213781
2026-02-11 09:30:00+00:00,0,0.47812604978939427
2026-02-11 09:35:00+00:00,0,0.488966081416087
2026-02-11 09:40:00+00:00,0,0.4880673937897277
2026-02-11 09:45:00+00:00,0,0.49853851325145354
2026-02-11 09:50:00+00:00,1,0.49639421116811266
2026-02-11 09:55:00+00:00,1,0.4866724289526139
2026-02-11 10:00:00+00:00,0,0.5063534353613122
2026-02-11 10:05:00+00:00,0,0.502466859344149
2026-02-11 10:10:00+00:00,0,0.5173265706094766
2026-02-11 10:15:00+00:00,0,0.5030043760698129
2026-02-11 10:20:00+00:00,0,0.5157229802684362
2026-02-11 10:25:00+00:00,0,0.5053932556194001
2026-02-11 10:30:00+00:00,1,0.4974661242501609
2026-02-11 10:35:00+00:00,1,0.498161668392479
2026-02-11 10:40:00+00:00,1,0.4931605744071021
2026-02-11 10:45:00+00:00,1,0.5029867693687381
2026-02-11 10:50:00+00:00,1,0.5130768975725696
2026-02-11 10:55:00+00:00,1,0.4775905479798154
2026-02-11 11:00:00+00:00,1,0.4817169845855189
2026-02-11 11:05:00+00:00,1,0.48074531885392974
2026-02-11 11:10:00+00:00,1,0.47556480457898126
2026-02-11 11:15:00+00:00,1,0.4622480365051175
2026-02-11 11:20:00+00:00,0,0.4594716611821503
2026-02-11 11:25:00+00:00,0,0.46971315214667864
2026-02-11 11:30:00+00:00,0,0.46940105904470475
2026-02-11 11:35:00+00:00,0,0.4604043789980064
2026-02-11 11:40:00+00:00,0,0.471518254219186
2026-02-11 11:45:00+00:00,0,0.4730464778008623
2026-02-11 11:50:00+00:00,1,0.4807855433680976
2026-02-11 11:55:00+00:00,1,0.47686671756321797
2026-02-11 12:00:00+00:00,1,0.49294186591555716
2026-02-11 12:05:00+00:00,1,0.48899478688241355
2026-02-11 12:10:00+00:00,1,0.4987216009810615
2026-02-11 12:15:00+00:00,1,0.493636364671676
2026-02-11 12:20:00+00:00,0,0.4701614856327776
2026-02-11 12:25:00+00:00,0,0.4876591918652654
2026-02-11 12:30:00+00:00,0,0.4892825637275085
2026-02-11 12:35:00+00:00,0,0.4735886462791686
2026-02-11 12:40:00+00:00,0,0.47220632987544153
2026-02-11 12:45:00+00:00,0,0.4750252879265204
2026-02-11 12:50:00+00:00,0,0.47239101167311925
2026-02-11 12:55:00+00:00,0,0.46821919006761786
2026-02-11 13:00:00+00:00,1,0.45870061989418004
2026-02-11 13:05:00+00:00,1,0.4704227801920438
2026-02-11 13:10:00+00:00,1,0.47057183124132795
2026-02-11 13:15:00+00:00,1,0.47998602686935493
2026-02-11 13:20:00+00:00,1,0.46999512507067737
2026-02-11 13:25:00+00:00,1,0.4774401606501782
2026-02-11 13:30:00+00:00,1,0.4621646488681491
2026-02-11 13:35:00+00:00,1,0.4724281159051534
2026-02-11 13:40:00+00:00,1,0.46618482079851964
2026-02-11 13:45:00+00:00,1,0.462582210131508
2026-02-11 13:50:00+00:00,1,0.4997199430623576
2026-02-11 13:55:00+00:00,1,0.4964306121156158
2026-02-11 14:00:00+00:00,0,0.45713793248480333
2026-02-11 14:05:00+00:00,0,0.4495521376226412
2026-02-11 14:10:00+00:00,0,0.46684051179783653
2026-02-11 14:15:00+00:00,0,0.46319105953466866
2026-02-11 14:20:00+00:00,0,0.47449301894946544
2026-02-11 14:25:00+00:00,0,0.4709254509383353
2026-02-11 14:30:00+00:00,0,0.5013170020440412
2026-02-11 14:35:00+00:00,0,0.518091099210973
2026-02-11 14:40:00+00:00,0,0.501786194444061
2026-02-11 14:45:00+00:00,0,0.5051104152979975
2026-02-11 14:50:00+00:00,0,0.500922083784751
2026-02-11 14:55:00+00:00,0,0.49143374742210105
2026-02-11 15:00:00+00:00,0,0.5188187738741563
2026-02-11 15:05:00+00:00,1,0.5343991372664034
2026-02-11 15:10:00+00:00,1,0.5351852996097414
2026-02-11 15:15:00+00:00,1,0.506229502078414
2026-02-11 15:20:00+00:00,1,0.49790965884610333
2026-02-11 15:25:00+00:00,1,0.4906952393168741
2026-02-11 15:30:00+00:00,1,0.4592787925973323
2026-02-11 15:35:00+00:00,1,0.44866886365827846
2026-02-11 15:40:00+00:00,1,0.44777733443248857
2026-02-11 15:45:00+00:00,1,0.47162153768782883
2026-02-11 15:50:00+00:00,1,0.4723412051644307
2026-02-11 15:55:00+00:00,1,0.4626713527945654
2026-02-11 16:00:00+00:00,1,0.47715803595061196
2026-02-11 16:05:00+00:00,0,0.4636597774399867
2026-02-11 16:10:00+00:00,0,0.4474285345889821
2026-02-11 16:15:00+00:00,0,0.4344157737411843
2026-02-11 16:20:00+00:00,0,0.46261056628624403
2026-02-11 16:25:00+00:00,0,0.4771576294332088
2026-02-11 16:30:00+00:00,0,0.4847380444899722
2026-02-11 16:35:00+00:00,0,0.4933270894522577
2026-02-11 16:40:00+00:00,0,0.5050277960620922
2026-02-11 16:45:00+00:00,1,0.5249111454663962
2026-02-11 16:50:00+00:00,1,0.5193999614209315
2026-02-11 16:55:00+00:00,1,0.5021204797111158
2026-02-11 17:00:00+00:00,1,0.5108918038751677
2026-02-11 17:05:00+00:00,1,0.48771376298069347
2026-02-11 17:10:00+00:00,1,0.4921360630960364
2026-02-11 17:15:00+00:00,1,0.5213773771244685
2026-02-11 17:20:00+00:00,0,0.4891798416058169
2026-02-11 17:25:00+00:00,0,0.48098116120771855
2026-02-11 17:30:00+00:00,0,0.4968181820733325
2026-02-11 17:35:00+00:00,0,0.4871129882343224
2026-02-11 17:40:00+00:00,0,0.5023957527473343
2026-02-11 17:45:00+00:00,1,0.49627240349058716
2026-02-11 17:50:00+00:00,1,0.4953619216628821
2026-02-11 17:55:00+00:00,1,0.49646033713253607
2026-02-11 18:00:00+00:00,1,0.5064040425481404
2026-02-11 18:05:00+00:00,1,0.5171224955991509
2026-02-11 18:10:00+00:00,1,0.5074195626434392
2026-02-11 18:15:00+00:00,1,0.48871228213548124
2026-02-11 18:20:00+00:00,1,0.46367227724172805
2026-02-11 18:25:00+00:00,1,0.46803261320429795
2026-02-11 18:30:00+00:00,1,0.49041372433755975
2026-02-11 18:35:00+00:00,1,0.5003807724221969
2026-02-11 18:40:00+00:00,1,0.49158429421669075
2026-02-11 18:45:00+00:00,0,0.4819582969773924
2026-02-11 18:50:00+00:00,1,0.48702053808093043
2026-02-11 18:55:00+00:00,0,0.4691100300841207
2026-02-11 19:00:00+00:00,0,0.472327492959503
2026-02-11 19:05:00+00:00,0,0.45084149706299437
2026-02-11 19:10:00+00:00,0,0.4433638833038751
2026-02-11 19:15:00+00:00,0,0.4668635226686127
2026-02-11 19:20:00+00:00,0,0.48380038753371657
2026-02-11 19:25:00+00:00,1,0.4683202442743953
2026-02-11 19:30:00+00:00,1,0.47489681486423835
2026-02-11 19:35:00+00:00,0,0.4757068697153471
2026-02-11 19:40:00+00:00,0,0.476975377186981
2026-02-11 19:45:00+00:00,0,0.4967707596441181
2026-02-11 19:50:00+00:00,0,0.4848417705738325
2026-02-11 19:55:00+00:00,0,0.47325225959685224
2026-02-11 20:00:00+00:00,0,0.4871174776104881
2026-02-11 20:05:00+00:00,0,0.5034699211129323
2026-02-11 20:10:00+00:00,0,0.4846132075115719
2026-02-11 20:15:00+00:00,1,0.49671264433415985
2026-02-11 20:20:00+00:00,1,0.4856928647463137
2026-02-11 20:25:00+00:00,1,0.48485351120538245
2026-02-11 20:30:00+00:00,1,0.4946448001118753
2026-02-11 20:35:00+00:00,1,0.4911939199149128
2026-02-11 20:40:00+00:00,1,0.4891746896890001
2026-02-11 20:45:00+00:00,1,0.4773589891014127
2026-02-11 20:50:00+00:00,1,0.497779688365006
2026-02-11 20:55:00+00:00,1,0.49201133246364415
2026-02-11 21:00:00+00:00,1,0.4925554854939624
2026-02-11 21:05:00+00:00,1,0.48397251375865974
2026-02-11 21:10:00+00:00,1,0.4817463606538605
2026-02-11 21:15:00+00:00,1,0.49627436100948824
2026-02-11 21:20:00+00:00,0,0.4712586013243541
2026-02-11 21:25:00+00:00,0,0.5081633256264876
2026-02-11 21:30:00+00:00,0,0.49416685936463906
2026-02-11 21:35:00+00:00,0,0.46309899947189
2026-02-11 21:40:00+00:00,0,0.49306034706283236
2026-02-11 21:45:00+00:00,0,0.4997448264263187
2026-02-11 21:50:00+00:00,0,0.5091817206989134
2026-02-11 21:55:00+00:00,0,0.4977590148706236
2026-02-11 22:00:00+00:00,0,0.5050977769036814
2026-02-11 22:05:00+00:00,0,0.5028755278893418
2026-02-11 22:10:00+00:00,1,0.5133307254498661
2026-02-11 22:15:00+00:00,1,0.5135774567001661
2026-02-11 22:20:00+00:00,0,0.5072076071149169
2026-02-11 22:25:00+00:00,0,0.5041295355441465
2026-02-11 22:30:00+00:00,0,0.5051027326938146
2026-02-11 22:35:00+00:00,0,0.49505519072176185
2026-02-11 22:40:00+00:00,0,0.5122098500839147
2026-02-11 22:45:00+00:00,0,0.5010195574317973
2026-02-11 22:50:00+00:00,0,0.4940040030108398
2026-02-11 22:55:00+00:00,0,0.5078990801459399
2026-02-11 23:00:00+00:00,0,0.5210930956113277
2026-02-11 23:05:00+00:00,1,0.5180697290763351
2026-02-11 23:10:00+00:00,1,0.5134044854370284
2026-02-11 23:15:00+00:00,0,0.5163015385007812
2026-02-11 23:20:00+00:00,1,0.5270386672427998
2026-02-11 23:25:00+00:00,1,0.5133732536999634
2026-02-11 23:30:00+00:00,1,0.5146725927926967
2026-02-11 23:35:00+00:00,1,0.5214466607450826
2026-02-11 23:40:00+00:00,1,0.5168137501068606
2026-02-11 23:45:00+00:00,1,0.5216188609606328
2026-02-11 23:50:00+00:00,1,0.530661479138329
2026-02-11 23:55:00+00:00,1,0.5277052216765928
2026-02-12 00:00:00+00:00,1,0.5310710367971713
2026-02-12 00:05:00+00:00,1,0.518805790463628
2026-02-12 00:10:00+00:00,1,0.4933108881674187
2026-02-12 00:15:00+00:00,1,0.5016780962220055
2026-02-12 00:20:00+00:00,1,0.5064153451413922
2026-02-12 00:25:00+00:00,1,0.5063335228174429
2026-02-12 00:30:00+00:00,1,0.5077525994919452
2026-02-12 00:35:00+00:00,1,0.49185591692107083
2026-02-12 00:40:00+00:00,1,0.47844881065075473
2026-02-12 00:45:00+00:00,1,0.48377175483739715
2026-02-12 00:50:00+00:00,1,0.49069414206766837
2026-02-12 00:55:00+00:00,1,0.4951798898948687
2026-02-12 01:00:00+00:00,1,0.4874365395748817
2026-02-12 01:05:00+00:00,1,0.4862803022275584
2026-02-12 01:10:00+00:00,1,0.4800772107569677
2026-02-12 01:15:00+00:00,1,0.4986594891634307
2026-02-12 01:20:00+00:00,1,0.4974799404484621
2026-02-12 01:25:00+00:00,0,0.5032927016810271
2026-02-12 01:30:00+00:00,0,0.4853498775035247
2026-02-12 01:35:00+00:00,0,0.48033389638420515
2026-02-12 01:40:00+00:00,0,0.4959262978962629
2026-02-12 01:45:00+00:00,0,0.49411739362296253
2026-02-12 01:50:00+00:00,0,0.4973021406483414
2026-02-12 01:55:00+00:00,0,0.4909056243563692
2026-02-12 02:00:00+00:00,1,0.49909161345188335
2026-02-12 02:05:00+00:00,1,0.5002694026933319
2026-02-12 02:10:00+00:00,1,0.5012158397385843
2026-02-12 02:15:00+00:00,1,0.5028123200612729
2026-02-12 02:20:00+00:00,1,0.5028999238686854
2026-02-12 02:25:00+00:00,1,0.49602968336661885
2026-02-12 02:30:00+00:00,0,0.5056695301889288
2026-02-12 02:35:00+00:00,0,0.5107769122877382
2026-02-12 02:40:00+00:00,0,0.4985065917521701
2026-02-12 02:45:00+00:00,0,0.5091273327305349
2026-02-12 02:50:00+00:00,0,0.49654439784995635
2026-02-12 02:55:00+00:00,0,0.5071948116374297
2026-02-12 03:00:00+00:00,1,0.48897078082847006
2026-02-12 03:05:00+00:00,1,0.48832495543149407
2026-02-12 03:10:00+00:00,1,0.4910788464518617
2026-02-12 03:15:00+00:00,1,0.503683189768625
2026-02-12 03:20:00+00:00,1,0.4937666903044428
2026-02-12 03:25:00+00:00,1,0.5043114687920266
2026-02-12 03:30:00+00:00,1,0.5056656154366851
2026-02-12 03:35:00+00:00,1,0.5064122903871054
2026-02-12 03:40:00+00:00,1,0.4990041881551583
2026-02-12 03:45:00+00:00,1,0.4842555406113056
2026-02-12 03:50:00+00:00,1,0.477339644972887
2026-02-12 03:55:00+00:00,0,0.4817000788539054
2026-02-12 04:00:00+00:00,0,0.48636620944021863
2026-02-12 04:05:00+00:00,0,0.4826753785639651
2026-02-12 04:10:00+00:00,0,0.48482792151142357
2026-02-12 04:15:00+00:00,0,0.48417742657970864
2026-02-12 04:20:00+00:00,0,0.48435521907583867
2026-02-12 04:25:00+00:00,0,0.4867950055117515
2026-02-12 04:30:00+00:00,0,0.49017627325928875
2026-02-12 04:35:00+00:00,0,0.48487304127707853
2026-02-12 04:40:00+00:00,0,0.4961215051566555
2026-02-12 04:45:00+00:00,0,0.4964174638672145
2026-02-12 04:50:00+00:00,0,0.4989431172193833
2026-02-12 04:55:00+00:00,0,0.5091100366777775
2026-02-12 05:00:00+00:00,1,0.507113581066055
2026-02-12 05:05:00+00:00,1,0.5076933303336015
2026-02-12 05:10:00+00:00,1,0.5123705499751758
2026-02-12 05:15:00+00:00,1,0.5040658094262356
2026-02-12 05:20:00+00:00,1,0.479339050819254
2026-02-12 05:25:00+00:00,1,0.4824408960388229
2026-02-12 05:30:00+00:00,0,0.4770391421944181
2026-02-12 05:35:00+00:00,1,0.4776479620726319
2026-02-12 05:40:00+00:00,1,0.4730689307934894
2026-02-12 05:45:00+00:00,1,0.48737104590427566
2026-02-12 05:50:00+00:00,1,0.4826719540038193
2026-02-12 05:55:00+00:00,1,0.4804004152441112
2026-02-12 06:00:00+00:00,1,0.5073799208811776
2026-02-12 06:05:00+00:00,1,0.5058812991337834
2026-02-12 06:10:00+00:00,1,0.49542682339370003
2026-02-12 06:15:00+00:00,1,0.5008041964785519
2026-02-12 06:20:00+00:00,0,0.499734744080871
2026-02-12 06:25:00+00:00,0,0.5095501685092554
2026-02-12 06:30:00+00:00,0,0.512172654653155
2026-02-12 06:35:00+00:00,0,0.5078324241484421
2026-02-12 06:40:00+00:00,0,0.5097917941694267
2026-02-12 06:45:00+00:00,0,0.5042740842545667
2026-02-12 06:50:00+00:00,1,0.5160906982803516
2026-02-12 06:55:00+00:00,1,0.5028249027940336
2026-02-12 07:00:00+00:00,1,0.49245052141370677
2026-02-12 07:05:00+00:00,1,0.4879399385107381
2026-02-12 07:10:00+00:00,1,0.4899163456541485
2026-02-12 07:15:00+00:00,1,0.4854646233967021
2026-02-12 07:20:00+00:00,0,0.49006977688877246
2026-02-12 07:25:00+00:00,0,0.49074709292777
2026-02-12 07:30:00+00:00,0,0.4826787127082449
2026-02-12 07:35:00+00:00,0,0.48042953123392296
2026-02-12 07:40:00+00:00,0,0.4918156718137529
2026-02-12 07:45:00+00:00,0,0.49088336796885684
2026-02-12 07:50:00+00:00,0,0.4968780514160117
2026-02-12 07:55:00+00:00,0,0.5025233349295719
2026-02-12 08:00:00+00:00,0,0.5040644403089641
2026-02-12 08:05:00+00:00,0,0.49888294025625113
2026-02-12 08:10:00+00:00,0,0.5028587018974585
2026-02-12 08:15:00+00:00,1,0.4931646925759662
2026-02-12 08:20:00+00:00,1,0.4979272658740165
2026-02-12 08:25:00+00:00,1,0.4957706376263652
2026-02-12 08:30:00+00:00,1,0.49817270111681783
2026-02-12 08:35:00+00:00,1,0.49963886562706733
2026-02-12 08:40:00+00:00,1,0.5082876069956513
2026-02-12 08:45:00+00:00,1,0.504066397807193
2026-02-12 08:50:00+00:00,1,0.49465990493246426
2026-02-12 08:55:00+00:00,1,0.504190251745483
2026-02-12 09:00:00+00:00,1,0.4991240556518681
2026-02-12 09:05:00+00:00,1,0.49304138550111065
2026-02-12 09:10:00+00:00,1,0.4807297262722821
2026-02-12 09:15:00+00:00,1,0.4801893198380836
2026-02-12 09:20:00+00:00,1,0.4895975502852243
2026-02-12 09:25:00+00:00,1,0.47969518168960557
2026-02-12 09:30:00+00:00,0,0.49173709941639193
2026-02-12 09:35:00+00:00,1,0.4885735715172549
2026-02-12 09:40:00+00:00,0,0.4867802487475014
2026-02-12 09:45:00+00:00,0,0.4770187321162511
2026-02-12 09:50:00+00:00,0,0.459859469671052
2026-02-12 09:55:00+00:00,0,0.4756238168141976
2026-02-12 10:00:00+00:00,0,0.4850046090247325
2026-02-12 10:05:00+00:00,1,0.48258070646458956
2026-02-12 10:10:00+00:00,1,0.49223607569965183
2026-02-12 10:15:00+00:00,1,0.504621926012092
2026-02-12 10:20:00+00:00,1,0.4987268967254265
2026-02-12 10:25:00+00:00,1,0.48905816989464496
2026-02-12 10:30:00+00:00,1,0.4943108560071654
2026-02-12 10:35:00+00:00,1,0.4946623036015004
2026-02-12 10:40:00+00:00,1,0.48201291508758987
2026-02-12 10:45:00+00:00,0,0.48121836801283113
2026-02-12 10:50:00+00:00,0,0.4994849713185506
2026-02-12 10:55:00+00:00,0,0.4950333194934163
2026-02-12 11:00:00+00:00,0,0.4965800974063644
2026-02-12 11:05:00+00:00,1,0.4774859528609552
2026-02-12 11:10:00+00:00,1,0.495189631866431
2026-02-12 11:15:00+00:00,1,0.4943322626765012
2026-02-12 11:20:00+00:00,0,0.48531037424902446
2026-02-12 11:25:00+00:00,0,0.4779460527633233
2026-02-12 11:30:00+00:00,0,0.4882922085432519
2026-02-12 11:35:00+00:00,0,0.486412846737247
2026-02-12 11:40:00+00:00,0,0.49468140244673453
2026-02-12 11:45:00+00:00,0,0.4903685458567029
2026-02-12 11:50:00+00:00,0,0.48994565291574027
2026-02-12 11:55:00+00:00,0,0.49784063391561983
2026-02-12 12:00:00+00:00,0,0.5211877748095168
2026-02-12 12:05:00+00:00,0,0.5121369066524003
2026-02-12 12:10:00+00:00,0,0.5210111565563772
2026-02-12 12:15:00+00:00,0,0.5286653813012352
2026-02-12 12:20:00+00:00,0,0.522692188109529
2026-02-12 12:25:00+00:00,0,0.5187105215119383
2026-02-12 12:30:00+00:00,0,0.530338736797266
2026-02-12 12:35:00+00:00,0,0.5321120109345
2026-02-12 12:40:00+00:00,0,0.5348217943549243
2026-02-12 12:45:00+00:00,0,0.5354709248907268
2026-02-12 12:50:00+00:00,1,0.5137767930835104
2026-02-12 12:55:00+00:00,0,0.5217825627382
2026-02-12 13:00:00+00:00,1,0.5152000813341117
2026-02-12 13:05:00+00:00,1,0.5132459849903243
2026-02-12 13:10:00+00:00,1,0.5190701882364553
2026-02-12 13:15:00+00:00,1,0.5158156433459369
2026-02-12 13:20:00+00:00,1,0.5118610061962469
2026-02-12 13:25:00+00:00,1,0.5139277426195418
2026-02-12 13:30:00+00:00,1,0.5096887692781868
2026-02-12 13:35:00+00:00,0,0.48570265052899403
2026-02-12 13:40:00+00:00,0,0.4785642836171294
2026-02-12 13:45:00+00:00,0,0.4822966016331871
2026-02-12 13:50:00+00:00,0,0.4793825366410715
2026-02-12 13:55:00+00:00,0,0.45967199544676673
2026-02-12 14:00:00+00:00,1,0.494963032984932
2026-02-12 14:05:00+00:00,0,0.4917863888276063
2026-02-12 14:10:00+00:00,0,0.4936320880051696
2026-02-12 14:15:00+00:00,0,0.49801764341667293
2026-02-12 14:20:00+00:00,1,0.4999242492024149
2026-02-12 14:25:00+00:00,0,0.5022159716707306
2026-02-12 14:30:00+00:00,0,0.5023548698047546
2026-02-12 14:35:00+00:00,0,0.5006629873301239
2026-02-12 14:40:00+00:00,0,0.5003342193815983
2026-02-12 14:45:00+00:00,0,0.5031239905470963
2026-02-12 14:50:00+00:00,0,0.5028506905957503
2026-02-12 14:55:00+00:00,1,0.5182064357683033
2026-02-12 15:00:00+00:00,1,0.49999186090819836
2026-02-12 15:05:00+00:00,1,0.47519703071164987
2026-02-12 15:10:00+00:00,0,0.46365046311943814
2026-02-12 15:15:00+00:00,1,0.48984950250879844
2026-02-12 15:20:00+00:00,0,0.4928674853885216
2026-02-12 15:25:00+00:00,0,0.4926860805954622
2026-02-12 15:30:00+00:00,0,0.4858058683067344
2026-02-12 15:35:00+00:00,0,0.487759920500356
2026-02-12 15:40:00+00:00,0,0.4889325691769157
2026-02-12 15:45:00+00:00,0,0.47410321078121204
2026-02-12 15:50:00+00:00,0,0.49189585103210465
2026-02-12 15:55:00+00:00,0,0.4804333614031324
2026-02-12 16:00:00+00:00,0,0.47835233739858535
2026-02-12 16:05:00+00:00,0,0.4894949272124923
2026-02-12 16:10:00+00:00,0,0.49681529666976754
2026-02-12 16:15:00+00:00,0,0.4908112428164729
2026-02-12 16:20:00+00:00,0,0.5021643727644415
2026-02-12 16:25:00+00:00,0,0.510477428776499
2026-02-12 16:30:00+00:00,0,0.4907430998306611
2026-02-12 16:35:00+00:00,0,0.487198377202985
2026-02-12 16:40:00+00:00,0,0.4850419401626218
2026-02-12 16:45:00+00:00,0,0.4793554589280315
2026-02-12 16:50:00+00:00,1,0.49581208434323426
2026-02-12 16:55:00+00:00,0,0.47961438532327055
2026-02-12 17:00:00+00:00,0,0.48170292095759504
2026-02-12 17:05:00+00:00,1,0.4809338677631301
2026-02-12 17:10:00+00:00,1,0.48742947734269626
2026-02-12 17:15:00+00:00,1,0.5069072107443984
2026-02-12 17:20:00+00:00,0,0.5050173752925299
2026-02-12 17:25:00+00:00,0,0.5180368996291702
2026-02-12 17:30:00+00:00,1,0.5185219909767893
2026-02-12 17:35:00+00:00,0,0.5110285683786088
2026-02-12 17:40:00+00:00,1,0.5068602592134308
2026-02-12 17:45:00+00:00,0,0.5175792602602125
2026-02-12 17:50:00+00:00,0,0.47887301150057004
2026-02-12 17:55:00+00:00,0,0.4731589695155581
2026-02-12 18:00:00+00:00,0,0.5069506888848052
2026-02-12 18:05:00+00:00,0,0.5085806358920345
2026-02-12 18:10:00+00:00,0,0.4817696344548457
2026-02-12 18:15:00+00:00,1,0.5082510557537819
2026-02-12 18:20:00+00:00,1,0.5077521809092259
2026-02-12 18:25:00+00:00,1,0.526466115140008
2026-02-12 18:30:00+00:00,1,0.5237689298846103
2026-02-12 18:35:00+00:00,0,0.5301786639409511
2026-02-12 18:40:00+00:00,0,0.5339355439898755
2026-02-12 18:45:00+00:00,0,0.5165657362007107
2026-02-12 18:50:00+00:00,1,0.5311334835746021
2026-02-12 18:55:00+00:00,1,0.5163215800029843
2026-02-12 19:00:00+00:00,1,0.5216168731085921
2026-02-12 19:05:00+00:00,1,0.5173052659718469
2026-02-12 19:10:00+00:00,1,0.5125424089493913
2026-02-12 19:15:00+00:00,1,0.4883226256547456
2026-02-12 19:20:00+00:00,0,0.4827023117125079
2026-02-12 19:25:00+00:00,0,0.4797953482899063
2026-02-12 19:30:00+00:00,0,0.49110273776344054
2026-02-12 19:35:00+00:00,0,0.49557477637780917
2026-02-12 19:40:00+00:00,0,0.49820190672693654
2026-02-12 19:45:00+00:00,0,0.49362224488738726
2026-02-12 19:50:00+00:00,0,0.5175063408076761
2026-02-12 19:55:00+00:00,0,0.4927426926697797
2026-02-12 20:00:00+00:00,0,0.507228740561912
2026-02-12 20:05:00+00:00,0,0.5070484379490765
2026-02-12 20:10:00+00:00,0,0.49671577866618705
2026-02-12 20:15:00+00:00,0,0.49608754860188503
2026-02-12 20:20:00+00:00,0,0.5143548311477901
2026-02-12 20:25:00+00:00,0,0.5174378057881548
2026-02-12 20:30:00+00:00,1,0.5241876212467427
2026-02-12 20:35:00+00:00,0,0.4919731402338072
2026-02-12 20:40:00+00:00,1,0.48907750495039126
2026-02-12 20:45:00+00:00,1,0.5156249802855386
2026-02-12 20:50:00+00:00,1,0.47845916794040655
2026-02-12 20:55:00+00:00,1,0.484510140021413
2026-02-12 21:00:00+00:00,1,0.49795915316513023
2026-02-12 21:05:00+00:00,1,0.4764752653051006
2026-02-12 21:10:00+00:00,1,0.49557548921528244
2026-02-12 21:15:00+00:00,1,0.5062604119305533
2026-02-12 21:20:00+00:00,1,0.5074041765823795
2026-02-12 21:25:00+00:00,1,0.515653230721437
2026-02-12 21:30:00+00:00,0,0.4910323535334542
2026-02-12 21:35:00+00:00,0,0.49353681362189245
2026-02-12 21:40:00+00:00,0,0.494953709741136
2026-02-12 21:45:00+00:00,0,0.5136299003766486
2026-02-12 21:50:00+00:00,0,0.523782387779599
2026-02-12 21:55:00+00:00,1,0.5282145647247165
2026-02-12 22:00:00+00:00,0,0.5195362113793397
2026-02-12 22:05:00+00:00,0,0.5190861541361308
2026-02-12 22:10:00+00:00,1,0.5230589887577423
2026-02-12 22:15:00+00:00,1,0.533367486090152
2026-02-12 22:20:00+00:00,1,0.5093939199187291
2026-02-12 22:25:00+00:00,1,0.50831114861832
2026-02-12 22:30:00+00:00,1,0.5154417174378583
2026-02-12 22:35:00+00:00,1,0.4992665886797861
2026-02-12 22:40:00+00:00,1,0.5007721389910031
2026-02-12 22:45:00+00:00,1,0.49729663003069907
2026-02-12 22:50:00+00:00,1,0.47717035005462344
2026-02-12 22:55:00+00:00,1,0.4978035528515365
2026-02-12 23:00:00+00:00,1,0.47870948789597734
2026-02-12 23:05:00+00:00,0,0.48917362650557444
2026-02-12 23:10:00+00:00,1,0.5130548921276037
2026-02-12 23:15:00+00:00,1,0.4995441866700987
2026-02-12 23:20:00+00:00,0,0.48827159688562555
2026-02-12 23:25:00+00:00,1,0.4727640928043668
2026-02-12 23:30:00+00:00,1,0.4791762486525803
2026-02-12 23:35:00+00:00,1,0.4843339493333334
2026-02-12 23:40:00+00:00,1,0.4955388856000881
2026-02-12 23:45:00+00:00,0,0.508889891893979
2026-02-12 23:50:00+00:00,0,0.5093185946130614
2026-02-12 23:55:00+00:00,0,0.4909522695628782
2026-02-13 00:00:00+00:00,0,0.5060065469684714
2026-02-13 00:05:00+00:00,0,0.5126030570347142
2026-02-13 00:10:00+00:00,0,0.5064070859898107
2026-02-13 00:15:00+00:00,0,0.5207905006165698
2026-02-13 00:20:00+00:00,1,0.527793539943611
2026-02-13 00:25:00+00:00,1,0.5201041497575278
2026-02-13 00:30:00+00:00,1,0.5237051511866855
2026-02-13 00:35:00+00:00,1,0.5128449784577241
2026-02-13 00:40:00+00:00,1,0.5159403642988328
2026-02-13 00:45:00+00:00,1,0.5178918831516528
2026-02-13 00:50:00+00:00,1,0.5195490803481849
2026-02-13 00:55:00+00:00,1,0.5252256441182186
2026-02-13 01:00:00+00:00,1,0.5138513070654297
2026-02-13 01:05:00+00:00,0,0.48089297567775613
2026-02-13 01:10:00+00:00,1,0.5055237674317461
2026-02-13 01:15:00+00:00,1,0.5033933509264201
2026-02-13 01:20:00+00:00,1,0.5109995688311945
2026-02-13 01:25:00+00:00,1,0.5135946439665012
2026-02-13 01:30:00+00:00,1,0.509438114940285
2026-02-13 01:35:00+00:00,1,0.5119029526734769
2026-02-13 01:40:00+00:00,1,0.500041582387224
2026-02-13 01:45:00+00:00,0,0.49631387349626793
2026-02-13 01:50:00+00:00,1,0.5109415129627046
2026-02-13 01:55:00+00:00,1,0.5173532663052097
2026-02-13 02:00:00+00:00,1,0.5199157163631742
2026-02-13 02:05:00+00:00,0,0.5072848436289207
2026-02-13 02:10:00+00:00,1,0.5192298793723543
2026-02-13 02:15:00+00:00,1,0.5134762207897352
2026-02-13 02:20:00+00:00,1,0.5080841701077469
2026-02-13 02:25:00+00:00,1,0.5065410308914955
2026-02-13 02:30:00+00:00,1,0.5167412185896156
2026-02-13 02:35:00+00:00,1,0.5113360336246126
2026-02-13 02:40:00+00:00,1,0.508418086624218
2026-02-13 02:45:00+00:00,1,0.5133880780458344
2026-02-13 02:50:00+00:00,0,0.490594688678293
2026-02-13 02:55:00+00:00,1,0.4931141658761197
2026-02-13 03:00:00+00:00,1,0.49390757282448694
2026-02-13 03:05:00+00:00,1,0.498352789368689
2026-02-13 03:10:00+00:00,1,0.5091365067561922
2026-02-13 03:15:00+00:00,0,0.5115742977517869
2026-02-13 03:20:00+00:00,1,0.5147659234939975
2026-02-13 03:25:00+00:00,0,0.511945385283324
2026-02-13 03:30:00+00:00,0,0.5142545424501752
2026-02-13 03:35:00+00:00,0,0.5054738483071899
2026-02-13 03:40:00+00:00,0,0.5121252130370821
2026-02-13 03:45:00+00:00,1,0.5166306397307717
2026-02-13 03:50:00+00:00,0,0.5122878820162489
2026-02-13 03:55:00+00:00,0,0.5109153407874403
2026-02-13 04:00:00+00:00,0,0.5096046113118939
2026-02-13 04:05:00+00:00,0,0.4901388665191427
2026-02-13 04:10:00+00:00,0,0.49427676604248144
2026-02-13 04:15:00+00:00,0,0.4912253397427457
2026-02-13 04:20:00+00:00,0,0.4957100800382435
2026-02-13 04:25:00+00:00,0,0.49958349761387294
2026-02-13 04:30:00+00:00,0,0.5038003466555303
2026-02-13 04:35:00+00:00,0,0.5030005514785661
2026-02-13 04:40:00+00:00,0,0.5153915345030587
2026-02-13 04:45:00+00:00,0,0.5113870526916755
2026-02-13 04:50:00+00:00,0,0.5020114994226078
2026-02-13 04:55:00+00:00,0,0.5025199855478063
2026-02-13 05:00:00+00:00,0,0.5009017267880747
2026-02-13 05:05:00+00:00,1,0.49465250526632676
2026-02-13 05:10:00+00:00,1,0.5078756397116388
2026-02-13 05:15:00+00:00,1,0.504532538946606
2026-02-13 05:20:00+00:00,1,0.5456995750030431
2026-02-13 05:25:00+00:00,0,0.5474111643507691
2026-02-13 05:30:00+00:00,0,0.525312022500867
2026-02-13 05:35:00+00:00,0,0.5251543325634077
2026-02-13 05:40:00+00:00,0,0.4899808986371815
2026-02-13 05:45:00+00:00,0,0.5094178669195009
2026-02-13 05:50:00+00:00,0,0.5206966849266577
2026-02-13 05:55:00+00:00,0,0.5280929111143029
2026-02-13 06:00:00+00:00,0,0.5170869039507578
2026-02-13 06:05:00+00:00,0,0.5238786807190733
2026-02-13 06:10:00+00:00,0,0.5186940914067281
2026-02-13 06:15:00+00:00,0,0.518723923204658
2026-02-13 06:20:00+00:00,1,0.5315861258069413
2026-02-13 06:25:00+00:00,1,0.537275263537623
2026-02-13 06:30:00+00:00,1,0.5367580189175963
2026-02-13 06:35:00+00:00,1,0.5376365062446643
2026-02-13 06:40:00+00:00,1,0.5367015765803812
2026-02-13 06:45:00+00:00,1,0.5213380023362877
2026-02-13 06:50:00+00:00,1,0.5381587326577651
2026-02-13 06:55:00+00:00,1,0.5053783657981854
2026-02-13 07:00:00+00:00,1,0.48441554111973645
2026-02-13 07:05:00+00:00,0,0.49374592911034487
2026-02-13 07:10:00+00:00,0,0.47421140523411215
2026-02-13 07:15:00+00:00,0,0.48229774309294465
2026-02-13 07:20:00+00:00,1,0.5067631879545828
2026-02-13 07:25:00+00:00,1,0.49857832178796063
2026-02-13 07:30:00+00:00,1,0.49656493499143783
2026-02-13 07:35:00+00:00,1,0.5146620894915043
2026-02-13 07:40:00+00:00,1,0.5222782701146705
2026-02-13 07:45:00+00:00,1,0.4910558714648149
2026-02-13 07:50:00+00:00,1,0.4840499248903471
2026-02-13 07:55:00+00:00,1,0.49207311221273714
2026-02-13 08:00:00+00:00,1,0.4993063861503993
2026-02-13 08:05:00+00:00,1,0.4965138241215598
2026-02-13 08:10:00+00:00,1,0.506280313233907
2026-02-13 08:15:00+00:00,1,0.5001625931912687
2026-02-13 08:20:00+00:00,1,0.49694282039174864
2026-02-13 08:25:00+00:00,1,0.4933368192808961
2026-02-13 08:30:00+00:00,1,0.5078626524290715
2026-02-13 08:35:00+00:00,1,0.4981391842716102
2026-02-13 08:40:00+00:00,1,0.5010578724526542
2026-02-13 08:45:00+00:00,0,0.48873357888533814
2026-02-13 08:50:00+00:00,1,0.48797249204644655
2026-02-13 08:55:00+00:00,1,0.5028522521207744
2026-02-13 09:00:00+00:00,1,0.4898807098820004
2026-02-13 09:05:00+00:00,0,0.4941191133814966
2026-02-13 09:10:00+00:00,1,0.5013941071118231
2026-02-13 09:15:00+00:00,1,0.4818164422124435
2026-02-13 09:20:00+00:00,1,0.4851795704951648
2026-02-13 09:25:00+00:00,1,0.49240469741330245
2026-02-13 09:30:00+00:00,1,0.49141520067979677
2026-02-13 09:35:00+00:00,1,0.4901497876470311
2026-02-13 09:40:00+00:00,1,0.48938432534768805
2026-02-13 09:45:00+00:00,1,0.49153983591847944
2026-02-13 09:50:00+00:00,1,0.49610411387436465
2026-02-13 09:55:00+00:00,1,0.4926673457056285
2026-02-13 10:00:00+00:00,1,0.4871521600903112
2026-02-13 10:05:00+00:00,1,0.5022563907810779
2026-02-13 10:10:00+00:00,1,0.5152725141294928
2026-02-13 10:15:00+00:00,1,0.5060262674942018
2026-02-13 10:20:00+00:00,1,0.49904817237366145
2026-02-13 10:25:00+00:00,1,0.4921087253333265
2026-02-13 10:30:00+00:00,0,0.502443560742199
2026-02-13 10:35:00+00:00,0,0.4969853434754245
2026-02-13 10:40:00+00:00,0,0.49248326746583043
2026-02-13 10:45:00+00:00,0,0.49422152977736694
2026-02-13 10:50:00+00:00,0,0.49218317036288317
2026-02-13 10:55:00+00:00,0,0.5073834732575018
2026-02-13 11:00:00+00:00,0,0.5021996207065792
2026-02-13 11:05:00+00:00,0,0.5030415243741246
2026-02-13 11:10:00+00:00,1,0.5056351120255022
2026-02-13 11:15:00+00:00,1,0.5135537110820164
2026-02-13 11:20:00+00:00,1,0.5228816045476115
2026-02-13 11:25:00+00:00,1,0.5121391345447215
2026-02-13 11:30:00+00:00,1,0.5253406005114122
2026-02-13 11:35:00+00:00,1,0.5130035308152034
2026-02-13 11:40:00+00:00,0,0.5126047759383153
2026-02-13 11:45:00+00:00,0,0.5158992166639796
2026-02-13 11:50:00+00:00,0,0.5075262238610657
2026-02-13 11:55:00+00:00,0,0.5078013133956302
2026-02-13 12:00:00+00:00,1,0.5026909055617956
2026-02-13 12:05:00+00:00,1,0.5154285471325099
2026-02-13 12:10:00+00:00,1,0.5199370691948718
2026-02-13 12:15:00+00:00,1,0.5183404276052385
2026-02-13 12:20:00+00:00,1,0.5161155897533777
2026-02-13 12:25:00+00:00,0,0.4947475809703513
2026-02-13 12:30:00+00:00,1,0.5011877202206554
2026-02-13 12:35:00+00:00,0,0.5033850115895001
2026-02-13 12:40:00+00:00,0,0.5016155320264006
2026-02-13 12:45:00+00:00,1,0.5213940938217116
2026-02-13 12:50:00+00:00,1,0.49393451168257096
2026-02-13 12:55:00+00:00,1,0.5236105034842591
2026-02-13 13:00:00+00:00,1,0.5106986432962273
2026-02-13 13:05:00+00:00,1,0.5098304791909393
2026-02-13 13:10:00+00:00,1,0.5229912494280351
2026-02-13 13:15:00+00:00,1,0.5281986941096749
2026-02-13 13:20:00+00:00,1,0.5061835445162904
2026-02-13 13:25:00+00:00,0,0.5044893162359783
2026-02-13 13:30:00+00:00,0,0.48388879575162297
2026-02-13 13:35:00+00:00,0,0.5058690232220248
2026-02-13 13:40:00+00:00,0,0.5030316687048079
2026-02-13 13:45:00+00:00,1,0.5034115005758167
2026-02-13 13:50:00+00:00,0,0.5031627115704964
2026-02-13 13:55:00+00:00,1,0.5131914245767283
2026-02-13 14:00:00+00:00,1,0.5204914149558343
2026-02-13 14:05:00+00:00,1,0.5248878476446514
2026-02-13 14:10:00+00:00,1,0.5152761544060316
2026-02-13 14:15:00+00:00,1,0.5192749623413901
2026-02-13 14:20:00+00:00,1,0.5153182209622511
2026-02-13 14:25:00+00:00,1,0.4970086304833551
2026-02-13 14:30:00+00:00,0,0.5034307138482359
2026-02-13 14:35:00+00:00,1,0.4782582827560719
2026-02-13 14:40:00+00:00,1,0.45855440411353904
2026-02-13 14:45:00+00:00,1,0.4885454552487808
2026-02-13 14:50:00+00:00,1,0.4676249544096342
2026-02-13 14:55:00+00:00,1,0.4825502023438186
2026-02-13 15:00:00+00:00,1,0.4840525757377983
2026-02-13 15:05:00+00:00,1,0.527952630264875
2026-02-13 15:10:00+00:00,1,0.5278690529950563
2026-02-13 15:15:00+00:00,1,0.5233709693805363
2026-02-13 15:20:00+00:00,1,0.5224141381760957
2026-02-13 15:25:00+00:00,0,0.5359779626683908
2026-02-13 15:30:00+00:00,0,0.5381675300361727
2026-02-13 15:35:00+00:00,1,0.5254308594324721
2026-02-13 15:40:00+00:00,1,0.5312966859854553
2026-02-13 15:45:00+00:00,1,0.5117500377906304
2026-02-13 15:50:00+00:00,1,0.5271476114672862
2026-02-13 15:55:00+00:00,1,0.5291237746345199
2026-02-13 16:00:00+00:00,1,0.5144534001302973
2026-02-13 16:05:00+00:00,1,0.5402595386290342
2026-02-13 16:10:00+00:00,1,0.5428580570203505
2026-02-13 16:15:00+00:00,1,0.550077649525649
2026-02-13 16:20:00+00:00,1,0.5542150455892262
2026-02-13 16:25:00+00:00,1,0.5365564653768922
2026-02-13 16:30:00+00:00,0,0.5368569229782408
2026-02-13 16:35:00+00:00,0,0.5358563942718414
2026-02-13 16:40:00+00:00,0,0.4968248015293701
2026-02-13 16:45:00+00:00,0,0.48975503819414723
2026-02-13 16:50:00+00:00,0,0.49470821779472185
2026-02-13 16:55:00+00:00,1,0.499326777123994
2026-02-13 17:00:00+00:00,1,0.5379167167027428
2026-02-13 17:05:00+00:00,1,0.5377071546071452
2026-02-13 17:10:00+00:00,1,0.5217520793675099
2026-02-13 17:15:00+00:00,1,0.5330692572919946
2026-02-13 17:20:00+00:00,1,0.535533838597441
2026-02-13 17:25:00+00:00,0,0.524038747287301
2026-02-13 17:30:00+00:00,1,0.5129324364452875
2026-02-13 17:35:00+00:00,1,0.5081867430019487
2026-02-13 17:40:00+00:00,1,0.49450702423674453
2026-02-13 17:45:00+00:00,1,0.4948837289520676
2026-02-13 17:50:00+00:00,1,0.5016465595286589
2026-02-13 17:55:00+00:00,1,0.5096429801729372
2026-02-13 18:00:00+00:00,1,0.49202412167758414
2026-02-13 18:05:00+00:00,1,0.4973497334019695
2026-02-13 18:10:00+00:00,1,0.5122366976595745
2026-02-13 18:15:00+00:00,1,0.5139581470547538
2026-02-13 18:20:00+00:00,1,0.5014016207222209
2026-02-13 18:25:00+00:00,1,0.5103673968283571
2026-02-13 18:30:00+00:00,1,0.4976372145394497
2026-02-13 18:35:00+00:00,1,0.49862764683014194
2026-02-13 18:40:00+00:00,1,0.5063673741300311
2026-02-13 18:45:00+00:00,0,0.5095060530448298
2026-02-13 18:50:00+00:00,0,0.5174514585951135
2026-02-13 18:55:00+00:00,0,0.4954811798434233
2026-02-13 19:00:00+00:00,0,0.5119972270228285
2026-02-13 19:05:00+00:00,0,0.5014792236064199
2026-02-13 19:10:00+00:00,0,0.5053859238545247
2026-02-13 19:15:00+00:00,0,0.5035059713913959
2026-02-13 19:20:00+00:00,0,0.49549200814980926
2026-02-13 19:25:00+00:00,0,0.5431470018969374
2026-02-13 19:30:00+00:00,0,0.5352913083844512
2026-02-13 19:35:00+00:00,0,0.5332943280516089
2026-02-13 19:40:00+00:00,0,0.5295553942726758
2026-02-13 19:45:00+00:00,0,0.5135156275057722
2026-02-13 19:50:00+00:00,0,0.5292824330738631
2026-02-13 19:55:00+00:00,0,0.5404083844490895
2026-02-13 20:00:00+00:00,1,0.5441626767440196
2026-02-13 20:05:00+00:00,1,0.5303056697145615
2026-02-13 20:10:00+00:00,1,0.5275731189515607
2026-02-13 20:15:00+00:00,1,0.5218718321123742
2026-02-13 20:20:00+00:00,1,0.52144688664403
2026-02-13 20:25:00+00:00,1,0.5114920985172905
2026-02-13 20:30:00+00:00,1,0.5168819519189733
2026-02-13 20:35:00+00:00,1,0.5267461772024161
2026-02-13 20:40:00+00:00,1,0.5155350846774848
2026-02-13 20:45:00+00:00,0,0.4967088084552434
2026-02-13 20:50:00+00:00,1,0.5095224210306099
2026-02-13 20:55:00+00:00,1,0.5056812744414867
2026-02-13 21:00:00+00:00,0,0.49050905891076774
2026-02-13 21:05:00+00:00,0,0.5121539607600123
2026-02-13 21:10:00+00:00,0,0.5183611640673994
2026-02-13 21:15:00+00:00,0,0.5306679950506523
2026-02-13 21:20:00+00:00,0,0.5246611623264508
2026-02-13 21:25:00+00:00,1,0.520349797118625
2026-02-13 21:30:00+00:00,0,0.5132396073748268
2026-02-13 21:35:00+00:00,1,0.5176381309832245
2026-02-13 21:40:00+00:00,0,0.5265312124434479
2026-02-13 21:45:00+00:00,0,0.5241339291231447
2026-02-13 21:50:00+00:00,0,0.531158991788326
2026-02-13 21:55:00+00:00,0,0.5291949004460719
2026-02-13 22:00:00+00:00,0,0.5163089424459465
2026-02-13 22:05:00+00:00,0,0.5209504752921763
2026-02-13 22:10:00+00:00,1,0.5085637916678397
2026-02-13 22:15:00+00:00,1,0.5100587410282872
2026-02-13 22:20:00+00:00,1,0.5093538988075649
2026-02-13 22:25:00+00:00,0,0.4980865553901916
2026-02-13 22:30:00+00:00,0,0.502896246368042
2026-02-13 22:35:00+00:00,0,0.49574691017084466
2026-02-13 22:40:00+00:00,0,0.5003924616022656
2026-02-13 22:45:00+00:00,0,0.5115704072132136
2026-02-13 22:50:00+00:00,0,0.515235953001402
2026-02-13 22:55:00+00:00,0,0.5138755833391647
2026-02-13 23:00:00+00:00,0,0.5160890591932665
2026-02-13 23:05:00+00:00,0,0.516641705602386
2026-02-13 23:10:00+00:00,0,0.5152995561450594
2026-02-13 23:15:00+00:00,1,0.5261648436539085
2026-02-13 23:20:00+00:00,0,0.5140821268798811
2026-02-13 23:25:00+00:00,1,0.520825338002453
2026-02-13 23:30:00+00:00,0,0.5285100612897734
2026-02-13 23:35:00+00:00,1,0.5254819418372612
2026-02-13 23:40:00+00:00,1,0.5278745692107503
2026-02-13 23:45:00+00:00,1,0.5193652855202128
2026-02-13 23:50:00+00:00,1,0.5130469086391657
2026-02-13 23:55:00+00:00,1,0.519019058677996
2026-02-14 00:00:00+00:00,1,0.5154103008543287
2026-02-14 00:05:00+00:00,1,0.5253112888609718
2026-02-14 00:10:00+00:00,1,0.5124327484039959
2026-02-14 00:15:00+00:00,1,0.5028142097344961
2026-02-14 00:20:00+00:00,1,0.5070670939305414
2026-02-14 00:25:00+00:00,1,0.4916374576922631
2026-02-14 00:30:00+00:00,1,0.5052956682823758
2026-02-14 00:35:00+00:00,1,0.4996936339137053
2026-02-14 00:40:00+00:00,0,0.46580679195625097
2026-02-14 00:45:00+00:00,1,0.4821629560585284
2026-02-14 00:50:00+00:00,0,0.4730837622395736
2026-02-14 00:55:00+00:00,0,0.4823290768004703
2026-02-14 01:00:00+00:00,1,0.5022185629303592
2026-02-14 01:05:00+00:00,1,0.5084210844521098
2026-02-14 01:10:00+00:00,0,0.5034162642915336
2026-02-14 01:15:00+00:00,0,0.4932415237475198
2026-02-14 01:20:00+00:00,1,0.5101851089652882
2026-02-14 01:25:00+00:00,1,0.5085262795446839
2026-02-14 01:30:00+00:00,0,0.5068084313709378
2026-02-14 01:35:00+00:00,0,0.4999170297434071
2026-02-14 01:40:00+00:00,1,0.5030617788421003
2026-02-14 01:45:00+00:00,0,0.5067910196267151
2026-02-14 01:50:00+00:00,0,0.4986624425573719
2026-02-14 01:55:00+00:00,0,0.504227975838261
2026-02-14 02:00:00+00:00,0,0.5101544898570372
2026-02-14 02:05:00+00:00,0,0.5138241926405169
2026-02-14 02:10:00+00:00,0,0.49549201946465615
2026-02-14 02:15:00+00:00,1,0.515794718790718
2026-02-14 02:20:00+00:00,1,0.5106369325768215
2026-02-14 02:25:00+00:00,1,0.5059843825687101
2026-02-14 02:30:00+00:00,1,0.5095031459436334
2026-02-14 02:35:00+00:00,1,0.5143660697416854
2026-02-14 02:40:00+00:00,1,0.5120327832499918
2026-02-14 02:45:00+00:00,1,0.49859598555882545
2026-02-14 02:50:00+00:00,1,0.5047961959905938
2026-02-14 02:55:00+00:00,1,0.489768990340333
2026-02-14 03:00:00+00:00,1,0.5127748667538561
2026-02-14 03:05:00+00:00,1,0.5060798171689574
2026-02-14 03:10:00+00:00,1,0.49789148604509564
2026-02-14 03:15:00+00:00,1,0.5051196366827473
2026-02-14 03:20:00+00:00,1,0.4951546128335932
2026-02-14 03:25:00+00:00,1,0.49437980546981936
2026-02-14 03:30:00+00:00,0,0.4830603975814153
2026-02-14 03:35:00+00:00,0,0.4943857907549237
2026-02-14 03:40:00+00:00,0,0.48737082538759746
2026-02-14 03:45:00+00:00,0,0.5100704707237868
2026-02-14 03:50:00+00:00,0,0.49412052765671116
2026-02-14 03:55:00+00:00,0,0.49714698363671894
2026-02-14 04:00:00+00:00,1,0.5119437567428354
2026-02-14 04:05:00+00:00,1,0.4983612761021199
2026-02-14 04:10:00+00:00,0,0.508002717671656
2026-02-14 04:15:00+00:00,0,0.5075718273190934
2026-02-14 04:20:00+00:00,0,0.5001004583203953
2026-02-14 04:25:00+00:00,0,0.5037566363449334
2026-02-14 04:30:00+00:00,0,0.5078544278988206
2026-02-14 04:35:00+00:00,0,0.5108753133042984
2026-02-14 04:40:00+00:00,0,0.5123084077078088
2026-02-14 04:45:00+00:00,1,0.5303444302162744
2026-02-14 04:50:00+00:00,1,0.5360777673628169
2026-02-14 04:55:00+00:00,1,0.5266306564518901
2026-02-14 05:00:00+00:00,1,0.5397783488882514
2026-02-14 05:05:00+00:00,1,0.5221651665575532
2026-02-14 05:10:00+00:00,0,0.4971907403037898
2026-02-14 05:15:00+00:00,0,0.5037003209055148
2026-02-14 05:20:00+00:00,0,0.5011484773557501
2026-02-14 05:25:00+00:00,0,0.5004910444849653
2026-02-14 05:30:00+00:00,0,0.4897408485328613
2026-02-14 05:35:00+00:00,0,0.4876811819934464
2026-02-14 05:40:00+00:00,0,0.47756823863114917
2026-02-14 05:45:00+00:00,0,0.47283175260271476
2026-02-14 05:50:00+00:00,0,0.4913949061928804
2026-02-14 05:55:00+00:00,1,0.5005568455962972
2026-02-14 06:00:00+00:00,1,0.4968754828371839
2026-02-14 06:05:00+00:00,1,0.5259954673911705
2026-02-14 06:10:00+00:00,1,0.5119139792877071
2026-02-14 06:15:00+00:00,1,0.5290896153296601
2026-02-14 06:20:00+00:00,1,0.5280830861845629
2026-02-14 06:25:00+00:00,1,0.5203198034501106
2026-02-14 06:30:00+00:00,1,0.5170129848896405
2026-02-14 06:35:00+00:00,1,0.5073186705559477
2026-02-14 06:40:00+00:00,1,0.5076913844823912
2026-02-14 06:45:00+00:00,1,0.5135324643556236
2026-02-14 06:50:00+00:00,1,0.5025817453951716
2026-02-14 06:55:00+00:00,1,0.48098576571253915
2026-02-14 07:00:00+00:00,1,0.4856080663964474
2026-02-14 07:05:00+00:00,1,0.4760855015594997
2026-02-14 07:10:00+00:00,1,0.484823896808676
2026-02-14 07:15:00+00:00,1,0.4915786662186406
2026-02-14 07:20:00+00:00,1,0.4915097502833877
2026-02-14 07:25:00+00:00,1,0.48884632340500855
2026-02-14 07:30:00+00:00,1,0.4928366901663481
2026-02-14 07:35:00+00:00,1,0.5067183743489619
2026-02-14 07:40:00+00:00,1,0.4812447135492419
2026-02-14 07:45:00+00:00,1,0.4756634239731552
2026-02-14 07:50:00+00:00,1,0.47249203088691305
2026-02-14 07:55:00+00:00,1,0.4761984749720681
2026-02-14 08:00:00+00:00,1,0.45101801502640787
2026-02-14 08:05:00+00:00,1,0.4942103286674341
2026-02-14 08:10:00+00:00,1,0.4853183054114844
2026-02-14 08:15:00+00:00,1,0.4848748953644347
2026-02-14 08:20:00+00:00,1,0.47045742072895097
2026-02-14 08:25:00+00:00,1,0.47861908141613607
2026-02-14 08:30:00+00:00,1,0.4684968262927364
2026-02-14 08:35:00+00:00,1,0.4432653582362258
2026-02-14 08:40:00+00:00,1,0.4568997491608876
2026-02-14 08:45:00+00:00,1,0.4597510287976929
2026-02-14 08:50:00+00:00,0,0.46659038684061016
2026-02-14 08:55:00+00:00,0,0.4804362707514878
2026-02-14 09:00:00+00:00,0,0.47059564742027277
2026-02-14 09:05:00+00:00,0,0.47449713845739117
2026-02-14 09:10:00+00:00,0,0.4603780831370762
2026-02-14 09:15:00+00:00,0,0.45966633502780346
2026-02-14 09:20:00+00:00,1,0.4959260263358894
2026-02-14 09:25:00+00:00,1,0.4947930653762247
2026-02-14 09:30:00+00:00,0,0.48340818092206955
2026-02-14 09:35:00+00:00,0,0.48930002160179276
2026-02-14 09:40:00+00:00,0,0.48664244656262196
2026-02-14 09:45:00+00:00,0,0.483471214073603
2026-02-14 09:50:00+00:00,0,0.48390866824034656
2026-02-14 09:55:00+00:00,0,0.477998049435663
2026-02-14 10:00:00+00:00,1,0.4757815304195088
2026-02-14 10:05:00+00:00,1,0.47778339119972435
2026-02-14 10:10:00+00:00,0,0.48225801249105776
2026-02-14 10:15:00+00:00,0,0.47640663512293113
2026-02-14 10:20:00+00:00,0,0.4773746744954241
2026-02-14 10:25:00+00:00,0,0.4744275700280405
2026-02-14 10:30:00+00:00,1,0.4739462727714571
2026-02-14 10:35:00+00:00,1,0.481199796817122
2026-02-14 10:40:00+00:00,1,0.4816149745012104
2026-02-14 10:45:00+00:00,1,0.4795201807278801
2026-02-14 10:50:00+00:00,1,0.48626979780126534
2026-02-14 10:55:00+00:00,1,0.47687162374144004
2026-02-14 11:00:00+00:00,1,0.4633575786989518
2026-02-14 11:05:00+00:00,1,0.4692669417707627
2026-02-14 11:10:00+00:00,1,0.46285986891016
2026-02-14 11:15:00+00:00,1,0.4545768232801501
2026-02-14 11:20:00+00:00,1,0.46865149349055196
2026-02-14 11:25:00+00:00,1,0.45562872944696664
2026-02-14 11:30:00+00:00,1,0.4566916223488625
2026-02-14 11:35:00+00:00,1,0.4602304267299546
2026-02-14 11:40:00+00:00,1,0.4572133155208171
2026-02-14 11:45:00+00:00,1,0.45766729502653314
2026-02-14 11:50:00+00:00,0,0.4584402898488625
2026-02-14 11:55:00+00:00,0,0.45925721050902446
2026-02-14 12:00:00+00:00,0,0.46442575401519126
2026-02-14 12:05:00+00:00,0,0.460428769069901
2026-02-14 12:10:00+00:00,0,0.47474427011789055
2026-02-14 12:15:00+00:00,0,0.48444306829039385
2026-02-14 12:20:00+00:00,0,0.48734488926799086
2026-02-14 12:25:00+00:00,0,0.4929503453947358
2026-02-14 12:30:00+00:00,0,0.5069029342003435
2026-02-14 12:35:00+00:00,1,0.5028057458082956
2026-02-14 12:40:00+00:00,1,0.4871017987277163
2026-02-14 12:45:00+00:00,0,0.4893394447109098
2026-02-14 12:50:00+00:00,0,0.4803016286328411
2026-02-14 12:55:00+00:00,0,0.47730093998114953
2026-02-14 13:00:00+00:00,0,0.4829761697579962
2026-02-14 13:05:00+00:00,0,0.48572772276050474
2026-02-14 13:10:00+00:00,0,0.4920378668417541
2026-02-14 13:15:00+00:00,1,0.4981770463133541
2026-02-14 13:20:00+00:00,1,0.5213137967625859
2026-02-14 13:25:00+00:00,1,0.5207951659461927
2026-02-14 13:30:00+00:00,1,0.5176816310359685
2026-02-14 13:35:00+00:00,1,0.5156529481045262
2026-02-14 13:40:00+00:00,1,0.5033386303584717
2026-02-14 13:45:00+00:00,1,0.4880288290732248
2026-02-14 13:50:00+00:00,1,0.5069586536433621
2026-02-14 13:55:00+00:00,1,0.4943896263165456
2026-02-14 14:00:00+00:00,1,0.49538111155874587
2026-02-14 14:05:00+00:00,1,0.48557344064155733
2026-02-14 14:10:00+00:00,1,0.4885200816793281
2026-02-14 14:15:00+00:00,1,0.47922952148256
2026-02-14 14:20:00+00:00,1,0.4877271244952525
2026-02-14 14:25:00+00:00,1,0.4701448994532275
2026-02-14 14:30:00+00:00,1,0.4567115403671807
2026-02-14 14:35:00+00:00,1,0.46388446565458286
2026-02-14 14:40:00+00:00,1,0.46621508168567355
2026-02-14 14:45:00+00:00,1,0.4731579314651943
2026-02-14 14:50:00+00:00,1,0.4605377339445908
2026-02-14 14:55:00+00:00,1,0.4605560356908536
2026-02-14 15:00:00+00:00,1,0.472360168800846
2026-02-14 15:05:00+00:00,0,0.4672327184869916
2026-02-14 15:10:00+00:00,1,0.48028842669579036
2026-02-14 15:15:00+00:00,0,0.48101730242005797
2026-02-14 15:20:00+00:00,0,0.4973641492859797
2026-02-14 15:25:00+00:00,1,0.48708999858998536
2026-02-14 15:30:00+00:00,0,0.4847279828470205
2026-02-14 15:35:00+00:00,1,0.49646149128291867
2026-02-14 15:40:00+00:00,1,0.4911132241616189
2026-02-14 15:45:00+00:00,0,0.49039288271791365
2026-02-14 15:50:00+00:00,0,0.4879704450780171
2026-02-14 15:55:00+00:00,0,0.48889348677055183
2026-02-14 16:00:00+00:00,1,0.5058149299267625
2026-02-14 16:05:00+00:00,1,0.5037841207794381
2026-02-14 16:10:00+00:00,1,0.4983272386489901
2026-02-14 16:15:00+00:00,1,0.49401218313527256
2026-02-14 16:20:00+00:00,1,0.4854406542783033
2026-02-14 16:25:00+00:00,1,0.5012931598859289
2026-02-14 16:30:00+00:00,1,0.4894245235230154
2026-02-14 16:35:00+00:00,1,0.4957631810705699
2026-02-14 16:40:00+00:00,1,0.49806850700904204
2026-02-14 16:45:00+00:00,1,0.4968217463956758
2026-02-14 16:50:00+00:00,1,0.48884811606168027
2026-02-14 16:55:00+00:00,1,0.5021399085299749
2026-02-14 17:00:00+00:00,1,0.47454439454031394
2026-02-14 17:05:00+00:00,1,0.4877262876330554
2026-02-14 17:10:00+00:00,0,0.4776385661774862
2026-02-14 17:15:00+00:00,0,0.48913712770424217
2026-02-14 17:20:00+00:00,0,0.49155202517143454
2026-02-14 17:25:00+00:00,0,0.4909782477364204
2026-02-14 17:30:00+00:00,0,0.49365322244024956
2026-02-14 17:35:00+00:00,1,0.49481762925419137
2026-02-14 17:40:00+00:00,0,0.5073456528560661
2026-02-14 17:45:00+00:00,1,0.5042610268110114
2026-02-14 17:50:00+00:00,0,0.5065035481354434
2026-02-14 17:55:00+00:00,0,0.49756426347110483
2026-02-14 18:00:00+00:00,1,0.498099262811387
2026-02-14 18:05:00+00:00,1,0.4899983971116485
2026-02-14 18:10:00+00:00,1,0.48838902449050103
2026-02-14 18:15:00+00:00,1,0.48608436671843364
2026-02-14 18:20:00+00:00,1,0.49792344121070214
2026-02-14 18:25:00+00:00,1,0.4921459619457847
2026-02-14 18:30:00+00:00,0,0.4879634559844314
2026-02-14 18:35:00+00:00,0,0.4865345605094145
2026-02-14 18:40:00+00:00,0,0.4856881216701512
2026-02-14 18:45:00+00:00,0,0.48120141833411856
2026-02-14 18:50:00+00:00,0,0.49688276990706315
2026-02-14 18:55:00+00:00,0,0.4935096263970246
2026-02-14 19:00:00+00:00,1,0.48980828491789724
2026-02-14 19:05:00+00:00,1,0.5121029453712236
2026-02-14 19:10:00+00:00,1,0.5145066187733437
2026-02-14 19:15:00+00:00,1,0.5215958650849601
2026-02-14 19:20:00+00:00,1,0.5161777276544728
2026-02-14 19:25:00+00:00,1,0.5126514689357711
2026-02-14 19:30:00+00:00,1,0.5094632495911554
2026-02-14 19:35:00+00:00,0,0.5078669513565327
2026-02-14 19:40:00+00:00,0,0.4980173492113627
2026-02-14 19:45:00+00:00,0,0.4858495629541887
2026-02-14 19:50:00+00:00,0,0.48519929352984825
2026-02-14 19:55:00+00:00,0,0.4931747277880429
2026-02-14 20:00:00+00:00,0,0.5088558421620745
2026-02-14 20:05:00+00:00,1,0.48282223494988247
2026-02-14 20:10:00+00:00,1,0.47644352719302585
2026-02-14 20:15:00+00:00,1,0.4842897030246014
2026-02-14 20:20:00+00:00,1,0.49473437693146266
2026-02-14 20:25:00+00:00,1,0.49445892676889647
2026-02-14 20:30:00+00:00,1,0.4975580965249469
2026-02-14 20:35:00+00:00,1,0.4979060944419818
2026-02-14 20:40:00+00:00,1,0.49665266209514647
2026-02-14 20:45:00+00:00,1,0.49473369806076706
2026-02-14 20:50:00+00:00,0,0.4897598114438239
2026-02-14 20:55:00+00:00,0,0.4978923573436473
2026-02-14 21:00:00+00:00,0,0.5040917773827485
2026-02-14 21:05:00+00:00,0,0.5013269372178004
2026-02-14 21:10:00+00:00,0,0.5047770401532127
2026-02-14 21:15:00+00:00,0,0.4950181352374205
2026-02-14 21:20:00+00:00,1,0.4929084910870343
2026-02-14 21:25:00+00:00,1,0.4976248919460733
2026-02-14 21:30:00+00:00,1,0.49731556075893196
2026-02-14 21:35:00+00:00,1,0.49861997479840264
2026-02-14 21:40:00+00:00,1,0.4998077533925643
2026-02-14 21:45:00+00:00,1,0.50020928203841
2026-02-14 21:50:00+00:00,1,0.5041757233178794
2026-02-14 21:55:00+00:00,1,0.4996485292869688
2026-02-14 22:00:00+00:00,1,0.4977205533653918
2026-02-14 22:05:00+00:00,1,0.5067494983768831
2026-02-14 22:10:00+00:00,1,0.4958691797508652
2026-02-14 22:15:00+00:00,1,0.4916661408206428
2026-02-14 22:20:00+00:00,1,0.5049586183639357
2026-02-14 22:25:00+00:00,1,0.49581184672880424
2026-02-14 22:30:00+00:00,1,0.49805512065812135
2026-02-14 22:35:00+00:00,0,0.48685858424747197
2026-02-14 22:40:00+00:00,1,0.48764451295825
2026-02-14 22:45:00+00:00,0,0.47901017511867455
2026-02-14 22:50:00+00:00,0,0.46843204200457883
2026-02-14 22:55:00+00:00,0,0.49320656444986566
2026-02-14 23:00:00+00:00,0,0.49864446193441
2026-02-14 23:05:00+00:00,0,0.5003786337435135
2026-02-14 23:10:00+00:00,0,0.49332946534017996
2026-02-14 23:15:00+00:00,0,0.511493602719115
2026-02-14 23:20:00+00:00,0,0.512572976173479
2026-02-14 23:25:00+00:00,0,0.5232952849767432
2026-02-14 23:30:00+00:00,0,0.5218765417559441
2026-02-14 23:35:00+00:00,0,0.5215763591795698
2026-02-14 23:40:00+00:00,0,0.5307151392811134
2026-02-14 23:45:00+00:00,1,0.5293176621367475
2026-02-14 23:50:00+00:00,0,0.5011242164771432
2026-02-14 23:55:00+00:00,1,0.49738793437262047
2026-02-15 00:00:00+00:00,0,0.5139209471180605
2026-02-15 00:05:00+00:00,0,0.5298774535605881
2026-02-15 00:10:00+00:00,0,0.5243846719580894
2026-02-15 00:15:00+00:00,0,0.5206674837183423
2026-02-15 00:20:00+00:00,0,0.5226854916771454
2026-02-15 00:25:00+00:00,1,0.5115004677578819
2026-02-15 00:30:00+00:00,1,0.5111145260385904
2026-02-15 00:35:00+00:00,1,0.5215337554331159
2026-02-15 00:40:00+00:00,1,0.5241345951979046
2026-02-15 00:45:00+00:00,1,0.5275803954192206
2026-02-15 00:50:00+00:00,0,0.5190285953595939
2026-02-15 00:55:00+00:00,0,0.5176727253571763
2026-02-15 01:00:00+00:00,0,0.5156469792330305
2026-02-15 01:05:00+00:00,0,0.5105403618898083
2026-02-15 01:10:00+00:00,0,0.5199273305050003
2026-02-15 01:15:00+00:00,0,0.5146029021864209
2026-02-15 01:20:00+00:00,1,0.531983980665194
2026-02-15 01:25:00+00:00,1,0.5341928978644545
2026-02-15 01:30:00+00:00,1,0.5228263973455477
2026-02-15 01:35:00+00:00,1,0.5290316487680884
2026-02-15 01:40:00+00:00,1,0.5209934447398329
2026-02-15 01:45:00+00:00,1,0.5220073824540026
2026-02-15 01:50:00+00:00,0,0.5131050319011222
2026-02-15 01:55:00+00:00,0,0.5168250530690435
2026-02-15 02:00:00+00:00,0,0.5180553316030326
2026-02-15 02:05:00+00:00,0,0.5112262134628373
2026-02-15 02:10:00+00:00,0,0.5184768802733688
2026-02-15 02:15:00+00:00,0,0.5188686959242307
2026-02-15 02:20:00+00:00,1,0.5222757178278978
2026-02-15 02:25:00+00:00,1,0.5154607436865908
2026-02-15 02:30:00+00:00,1,0.5172812148252285
2026-02-15 02:35:00+00:00,1,0.5218799751627141
2026-02-15 02:40:00+00:00,1,0.5247646857049069
2026-02-15 02:45:00+00:00,1,0.5177727892787796
2026-02-15 02:50:00+00:00,0,0.508254257243369
2026-02-15 02:55:00+00:00,0,0.5134741628160263
2026-02-15 03:00:00+00:00,0,0.5077679512884838
2026-02-15 03:05:00+00:00,0,0.5017264253016017
2026-02-15 03:10:00+00:00,0,0.4974579771080118
2026-02-15 03:15:00+00:00,1,0.4967598403862241
2026-02-15 03:20:00+00:00,1,0.49978984053669334
2026-02-15 03:25:00+00:00,1,0.5077564006750598
2026-02-15 03:30:00+00:00,1,0.5142827409895093
2026-02-15 03:35:00+00:00,1,0.5249221622280692
2026-02-15 03:40:00+00:00,1,0.5308326141840244
2026-02-15 03:45:00+00:00,1,0.5188663455962282
2026-02-15 03:50:00+00:00,1,0.5233429223536508
2026-02-15 03:55:00+00:00,0,0.5085728416228151
2026-02-15 04:00:00+00:00,1,0.5064778091042412
2026-02-15 04:05:00+00:00,0,0.4898409739399532
2026-02-15 04:10:00+00:00,0,0.46730506002774835
2026-02-15 04:15:00+00:00,0,0.5219405902632173
2026-02-15 04:20:00+00:00,1,0.5310543879161376
2026-02-15 04:25:00+00:00,1,0.5242115206098037
2026-02-15 04:30:00+00:00,1,0.5107420645546685
2026-02-15 04:35:00+00:00,1,0.5249525033478943
2026-02-15 04:40:00+00:00,1,0.5179726529113605
2026-02-15 04:45:00+00:00,1,0.5164423252667434
2026-02-15 04:50:00+00:00,1,0.5257356981153504
2026-02-15 04:55:00+00:00,1,0.5240955675879418
2026-02-15 05:00:00+00:00,1,0.5053545262241522
2026-02-15 05:05:00+00:00,1,0.5043858643303323
2026-02-15 05:10:00+00:00,1,0.5016410601254564
2026-02-15 05:15:00+00:00,1,0.5045134281805117
2026-02-15 05:20:00+00:00,1,0.4896627010658099
2026-02-15 05:25:00+00:00,1,0.4783327300835682
2026-02-15 05:30:00+00:00,0,0.49124316225377274
2026-02-15 05:35:00+00:00,1,0.48889131521555906
2026-02-15 05:40:00+00:00,0,0.5049312368868184
2026-02-15 05:45:00+00:00,0,0.484147984233774
2026-02-15 05:50:00+00:00,1,0.4924515056610053
2026-02-15 05:55:00+00:00,1,0.49099103605181693
2026-02-15 06:00:00+00:00,1,0.5068766526653843
2026-02-15 06:05:00+00:00,1,0.5114880835414763
2026-02-15 06:10:00+00:00,1,0.5024024288960143
2026-02-15 06:15:00+00:00,0,0.4813140497587885
2026-02-15 06:20:00+00:00,0,0.4831216193351764
2026-02-15 06:25:00+00:00,0,0.5032982348505965
2026-02-15 06:30:00+00:00,0,0.49268635211575595
2026-02-15 06:35:00+00:00,0,0.49655065517061925
2026-02-15 06:40:00+00:00,1,0.5134642121674732
2026-02-15 06:45:00+00:00,1,0.5225888611382491
2026-02-15 06:50:00+00:00,1,0.5001683642316817
2026-02-15 06:55:00+00:00,1,0.5131895926983124
2026-02-15 07:00:00+00:00,1,0.49286443641021255
2026-02-15 07:05:00+00:00,1,0.503851524871801
2026-02-15 07:10:00+00:00,1,0.49543216398932116
2026-02-15 07:15:00+00:00,1,0.4967901880100738
2026-02-15 07:20:00+00:00,1,0.5091421175012807
2026-02-15 07:25:00+00:00,1,0.514300243485441
2026-02-15 07:30:00+00:00,1,0.49852700521576276
2026-02-15 07:35:00+00:00,1,0.48941274343015156
2026-02-15 07:40:00+00:00,1,0.4924105576289421
2026-02-15 07:45:00+00:00,1,0.4895948809204852
2026-02-15 07:50:00+00:00,1,0.48431205224076035
2026-02-15 07:55:00+00:00,0,0.48743844507794026
2026-02-15 08:00:00+00:00,0,0.5166752987305944
2026-02-15 08:05:00+00:00,0,0.5127201114250615
2026-02-15 08:10:00+00:00,0,0.4977070652534178
2026-02-15 08:15:00+00:00,0,0.5078162578775366
2026-02-15 08:20:00+00:00,0,0.5055815046679913
2026-02-15 08:25:00+00:00,0,0.528895255099245
2026-02-15 08:30:00+00:00,1,0.5225517420040763
2026-02-15 08:35:00+00:00,1,0.5234129041529801
2026-02-15 08:40:00+00:00,1,0.5238006778164134
2026-02-15 08:45:00+00:00,1,0.5108532919083526
2026-02-15 08:50:00+00:00,1,0.5221800965834211
2026-02-15 08:55:00+00:00,1,0.5379312188140194
2026-02-15 09:00:00+00:00,1,0.5245180028570091
2026-02-15 09:05:00+00:00,0,0.5080351968817189
2026-02-15 09:10:00+00:00,0,0.5065431126361335
2026-02-15 09:15:00+00:00,0,0.5043576675953727
2026-02-15 09:20:00+00:00,0,0.4950806826636232
2026-02-15 09:25:00+00:00,0,0.5046373367650734
2026-02-15 09:30:00+00:00,0,0.5006362821656691
2026-02-15 09:35:00+00:00,0,0.5059763834661292
2026-02-15 09:40:00+00:00,0,0.4926206839274391
2026-02-15 09:45:00+00:00,0,0.5004334925445055
2026-02-15 09:50:00+00:00,0,0.5031373878896721
2026-02-15 09:55:00+00:00,0,0.492719692577889
2026-02-15 10:00:00+00:00,0,0.5204859812114271
2026-02-15 10:05:00+00:00,0,0.5187169737636499
2026-02-15 10:10:00+00:00,1,0.5257921492969698
2026-02-15 10:15:00+00:00,1,0.5159566198159323
2026-02-15 10:20:00+00:00,1,0.5196423485251552
2026-02-15 10:25:00+00:00,1,0.5164472875147402
2026-02-15 10:30:00+00:00,1,0.509049449417377
2026-02-15 10:35:00+00:00,1,0.5273764129878477
2026-02-15 10:40:00+00:00,1,0.5160809428810832
2026-02-15 10:45:00+00:00,0,0.5080561369425439
2026-02-15 10:50:00+00:00,0,0.5151154380499539
2026-02-15 10:55:00+00:00,0,0.5055284289581694
2026-02-15 11:00:00+00:00,0,0.49129336065487766
2026-02-15 11:05:00+00:00,0,0.49159137022530613
2026-02-15 11:10:00+00:00,0,0.48668605477347976
2026-02-15 11:15:00+00:00,0,0.4993485373052762
2026-02-15 11:20:00+00:00,0,0.5221416082062429
2026-02-15 11:25:00+00:00,0,0.513505733439332
2026-02-15 11:30:00+00:00,1,0.5230361117259636
2026-02-15 11:35:00+00:00,0,0.5376788234340565
2026-02-15 11:40:00+00:00,0,0.540824878264217
2026-02-15 11:45:00+00:00,0,0.5284979814899278
2026-02-15 11:50:00+00:00,1,0.5430119174510922
2026-02-15 11:55:00+00:00,1,0.5454540769107113
2026-02-15 12:00:00+00:00,1,0.5505232238248094
2026-02-15 12:05:00+00:00,0,0.5467275918523061
2026-02-15 12:10:00+00:00,0,0.5595937307515836
2026-02-15 12:15:00+00:00,0,0.5673317141047534
2026-02-15 12:20:00+00:00,0,0.5306690321845212
2026-02-15 12:25:00+00:00,0,0.5314405068588575
2026-02-15 12:30:00+00:00,0,0.5346779449472386
2026-02-15 12:35:00+00:00,0,0.5331378682392329
2026-02-15 12:40:00+00:00,0,0.5110905597516274
2026-02-15 12:45:00+00:00,0,0.5505638355162316
2026-02-15 12:50:00+00:00,1,0.53068729471576
2026-02-15 12:55:00+00:00,1,0.507471071905697
2026-02-15 13:00:00+00:00,0,0.5130169422280237
2026-02-15 13:05:00+00:00,0,0.4982096352961079
2026-02-15 13:10:00+00:00,0,0.5254811743636251
2026-02-15 13:15:00+00:00,0,0.5059971109788046
2026-02-15 13:20:00+00:00,0,0.515167872445499
2026-02-15 13:25:00+00:00,0,0.5096843577854868
2026-02-15 13:30:00+00:00,0,0.5026743284406991
2026-02-15 13:35:00+00:00,0,0.49433053158671725
2026-02-15 13:40:00+00:00,0,0.4981541095628878
2026-02-15 13:45:00+00:00,0,0.5113832638752849
2026-02-15 13:50:00+00:00,1,0.5139236721034658
2026-02-15 13:55:00+00:00,1,0.5048670373904778
2026-02-15 14:00:00+00:00,1,0.5246483840237781
2026-02-15 14:05:00+00:00,1,0.5211264628033806
2026-02-15 14:10:00+00:00,1,0.5242414031245507
2026-02-15 14:15:00+00:00,1,0.5137203135645896
2026-02-15 14:20:00+00:00,1,0.5066413503589138
2026-02-15 14:25:00+00:00,1,0.5009946628459409
2026-02-15 14:30:00+00:00,1,0.5038627154991331
2026-02-15 14:35:00+00:00,1,0.5040734018027245
2026-02-15 14:40:00+00:00,1,0.4824331938586967
2026-02-15 14:45:00+00:00,0,0.49181870928337273
2026-02-15 14:50:00+00:00,0,0.5070003893729021
2026-02-15 14:55:00+00:00,0,0.5134595195283721
2026-02-15 15:00:00+00:00,0,0.5048808073700637
2026-02-15 15:05:00+00:00,0,0.48695372981353924
2026-02-15 15:10:00+00:00,0,0.48418244575043257
2026-02-15 15:15:00+00:00,1,0.5086458179914093
2026-02-15 15:20:00+00:00,0,0.5102801442173105
2026-02-15 15:25:00+00:00,1,0.5085154421884351
2026-02-15 15:30:00+00:00,1,0.5182849869227844
2026-02-15 15:35:00+00:00,0,0.50676297299435
2026-02-15 15:40:00+00:00,1,0.5033308341419824
2026-02-15 15:45:00+00:00,1,0.507866204700794
2026-02-15 15:50:00+00:00,1,0.5230774054884545
2026-02-15 15:55:00+00:00,1,0.5122885266253747
2026-02-15 16:00:00+00:00,1,0.5198845456174044
2026-02-15 16:05:00+00:00,1,0.5270128298437422
2026-02-15 16:10:00+00:00,1,0.5177074099743116
2026-02-15 16:15:00+00:00,1,0.5234317938874761
2026-02-15 16:20:00+00:00,1,0.5083897938866649
2026-02-15 16:25:00+00:00,1,0.5189049903063458
2026-02-15 16:30:00+00:00,1,0.519499796237542
2026-02-15 16:35:00+00:00,1,0.5146453565414361
2026-02-15 16:40:00+00:00,1,0.5250976257133239
2026-02-15 16:45:00+00:00,0,0.521533281052414
2026-02-15 16:50:00+00:00,0,0.5152418091238066
2026-02-15 16:55:00+00:00,0,0.5140444299593028
2026-02-15 17:00:00+00:00,0,0.5033111116306364
2026-02-15 17:05:00+00:00,0,0.5239661207120453
2026-02-15 17:10:00+00:00,0,0.5174847428538423
2026-02-15 17:15:00+00:00,0,0.5268694691437072
2026-02-15 17:20:00+00:00,0,0.5201765548358237
2026-02-15 17:25:00+00:00,0,0.5201583209014513
2026-02-15 17:30:00+00:00,0,0.5236743171999806
2026-02-15 17:35:00+00:00,0,0.5118972414482182
2026-02-15 17:40:00+00:00,0,0.521564330316865
2026-02-15 17:45:00+00:00,1,0.48213842648695215
2026-02-15 17:50:00+00:00,1,0.4880794269151195
2026-02-15 17:55:00+00:00,0,0.4818404451554853
2026-02-15 18:00:00+00:00,1,0.4854010658079984
2026-02-15 18:05:00+00:00,0,0.5195053099304139
2026-02-15 18:10:00+00:00,0,0.5122842066125571
2026-02-15 18:15:00+00:00,0,0.5126196693208456
2026-02-15 18:20:00+00:00,0,0.503243627297373
2026-02-15 18:25:00+00:00,0,0.4841399694233837
2026-02-15 18:30:00+00:00,0,0.4986895549443994
2026-02-15 18:35:00+00:00,0,0.5341682659341713
2026-02-15 18:40:00+00:00,0,0.5315037029856344
2026-02-15 18:45:00+00:00,0,0.5352428476253709
2026-02-15 18:50:00+00:00,0,0.5319585228633079
2026-02-15 18:55:00+00:00,0,0.512614535234029
2026-02-15 19:00:00+00:00,0,0.5011969764652222
2026-02-15 19:05:00+00:00,0,0.5126202573658617
2026-02-15 19:10:00+00:00,0,0.5057056341283781
2026-02-15 19:15:00+00:00,0,0.5115650577203865
2026-02-15 19:20:00+00:00,0,0.5034801387567417
2026-02-15 19:25:00+00:00,0,0.507982942765968
2026-02-15 19:30:00+00:00,0,0.5150519352328533
2026-02-15 19:35:00+00:00,0,0.4951236558218484
2026-02-15 19:40:00+00:00,1,0.49557404091059354
2026-02-15 19:45:00+00:00,0,0.5072361055847502
2026-02-15 19:50:00+00:00,1,0.49917455777266384
2026-02-15 19:55:00+00:00,1,0.4904319812844059
2026-02-15 20:00:00+00:00,1,0.5016062305626761
2026-02-15 20:05:00+00:00,1,0.5073135908644851
2026-02-15 20:10:00+00:00,1,0.5066119232193554
2026-02-15 20:15:00+00:00,1,0.5178722076003764
2026-02-15 20:20:00+00:00,1,0.5194109776748228
2026-02-15 20:25:00+00:00,1,0.5191975640690029
2026-02-15 20:30:00+00:00,1,0.5133035642595565
2026-02-15 20:35:00+00:00,1,0.5100721674001351
2026-02-15 20:40:00+00:00,1,0.5231483956954592
2026-02-15 20:45:00+00:00,1,0.5264483991293523
2026-02-15 20:50:00+00:00,1,0.5172396450325282
2026-02-15 20:55:00+00:00,1,0.5034384647827133
2026-02-15 21:00:00+00:00,1,0.5184435442643848
2026-02-15 21:05:00+00:00,1,0.5167700866024555
2026-02-15 21:10:00+00:00,0,0.5191048318164256
2026-02-15 21:15:00+00:00,0,0.4997356380261938
2026-02-15 21:20:00+00:00,0,0.48976177390602166
2026-02-15 21:25:00+00:00,0,0.4942112564359149
2026-02-15 21:30:00+00:00,0,0.5040280851314147
2026-02-15 21:35:00+00:00,1,0.5233477323614791
2026-02-15 21:40:00+00:00,1,0.5225628653485045
2026-02-15 21:45:00+00:00,1,0.5169174315325954
2026-02-15 21:50:00+00:00,1,0.5155490687561313
2026-02-15 21:55:00+00:00,1,0.5119867320317916
2026-02-15 22:00:00+00:00,1,0.49426112970739605
2026-02-15 22:05:00+00:00,1,0.4899350826121389
2026-02-15 22:10:00+00:00,1,0.499922495258609
2026-02-15 22:15:00+00:00,1,0.5207899922874573
2026-02-15 22:20:00+00:00,0,0.494696235743052
2026-02-15 22:25:00+00:00,0,0.5011886254768837
2026-02-15 22:30:00+00:00,0,0.5071965539045918
2026-02-15 22:35:00+00:00,0,0.506586535062132
2026-02-15 22:40:00+00:00,0,0.5200857461475988
2026-02-15 22:45:00+00:00,0,0.5260159499483712
2026-02-15 22:50:00+00:00,0,0.5204076263047676
2026-02-15 22:55:00+00:00,0,0.5266321910302902
2026-02-15 23:00:00+00:00,1,0.5135295470258803
2026-02-15 23:05:00+00:00,1,0.5164880253004221
2026-02-15 23:10:00+00:00,1,0.5109234616330207
2026-02-15 23:15:00+00:00,1,0.5217388988454504
2026-02-15 23:20:00+00:00,1,0.5074875892283892
2026-02-15 23:25:00+00:00,1,0.518542670381725
2026-02-15 23:30:00+00:00,1,0.5123420290401358
2026-02-15 23:35:00+00:00,1,0.5143442257008011
2026-02-15 23:40:00+00:00,1,0.503222377175898
2026-02-15 23:45:00+00:00,1,0.5055983404243751
2026-02-15 23:50:00+00:00,0,0.5251870425494262
2026-02-15 23:55:00+00:00,0,0.5147732497126865
2026-02-16 00:00:00+00:00,1,0.511391090324419
2026-02-16 00:05:00+00:00,0,0.514428107875004
2026-02-16 00:10:00+00:00,0,0.5137516685040385
2026-02-16 00:15:00+00:00,1,0.5222272354517714
2026-02-16 00:20:00+00:00,1,0.5319116300358699
2026-02-16 00:25:00+00:00,1,0.5166202520386949
2026-02-16 00:30:00+00:00,1,0.5009644159175013
2026-02-16 00:35:00+00:00,1,0.5112142587205175
2026-02-16 00:40:00+00:00,1,0.5234955533029174
2026-02-16 00:45:00+00:00,1,0.5105265514705916
2026-02-16 00:50:00+00:00,0,0.5092441059648042
2026-02-16 00:55:00+00:00,0,0.5115082601936634
2026-02-16 01:00:00+00:00,0,0.512355724074893
2026-02-16 01:05:00+00:00,0,0.5013371552826579
2026-02-16 01:10:00+00:00,0,0.5253690767762442
2026-02-16 01:15:00+00:00,0,0.5231543237363242
2026-02-16 01:20:00+00:00,0,0.5334596244231865
2026-02-16 01:25:00+00:00,0,0.541046934065485
2026-02-16 01:30:00+00:00,1,0.5224220432892973
2026-02-16 01:35:00+00:00,1,0.5431196530591901
2026-02-16 01:40:00+00:00,1,0.5201984377455723
2026-02-16 01:45:00+00:00,1,0.5262968963128264
2026-02-16 01:50:00+00:00,1,0.5270760240296061
2026-02-16 01:55:00+00:00,0,0.5225909051113172
2026-02-16 02:00:00+00:00,0,0.5186365179200778
2026-02-16 02:05:00+00:00,0,0.5235810576880067
2026-02-16 02:10:00+00:00,0,0.519781383920482
2026-02-16 02:15:00+00:00,0,0.5221151021198766
2026-02-16 02:20:00+00:00,0,0.5195994713196641
2026-02-16 02:25:00+00:00,0,0.5123172625801157
2026-02-16 02:30:00+00:00,0,0.5103402732554685
2026-02-16 02:35:00+00:00,0,0.5368871630927984
2026-02-16 02:40:00+00:00,0,0.5349619107665801
2026-02-16 02:45:00+00:00,0,0.5302683406833504
2026-02-16 02:50:00+00:00,0,0.5254303853997081
2026-02-16 02:55:00+00:00,0,0.512825460314687
2026-02-16 03:00:00+00:00,0,0.5187602409784492
2026-02-16 03:05:00+00:00,0,0.5151750626470811
2026-02-16 03:10:00+00:00,0,0.5140592305989661
2026-02-16 03:15:00+00:00,0,0.5216426586588699
2026-02-16 03:20:00+00:00,0,0.516236677374789
2026-02-16 03:25:00+00:00,1,0.5346919089757134
2026-02-16 03:30:00+00:00,1,0.5270856367810498
2026-02-16 03:35:00+00:00,1,0.5166065976838459
2026-02-16 03:40:00+00:00,1,0.5248082120731367
2026-02-16 03:45:00+00:00,1,0.5249253114823272
2026-02-16 03:50:00+00:00,1,0.5283678536521876
2026-02-16 03:55:00+00:00,1,0.5228851389638967
2026-02-16 04:00:00+00:00,1,0.4980661420491255
2026-02-16 04:05:00+00:00,0,0.5015663428863676
2026-02-16 04:10:00+00:00,0,0.5049434567232461
2026-02-16 04:15:00+00:00,1,0.4993054129963337
2026-02-16 04:20:00+00:00,1,0.4979599339400333
2026-02-16 04:25:00+00:00,1,0.48624056299520146
2026-02-16 04:30:00+00:00,1,0.5342523652116867
2026-02-16 04:35:00+00:00,0,0.5328558118020429
2026-02-16 04:40:00+00:00,0,0.5335941271939277
2026-02-16 04:45:00+00:00,0,0.5185231662015033
2026-02-16 04:50:00+00:00,0,0.5043142409486098
2026-02-16 04:55:00+00:00,0,0.5075958791045997
2026-02-16 05:00:00+00:00,0,0.5065959028888124
2026-02-16 05:05:00+00:00,0,0.4986906412505521
2026-02-16 05:10:00+00:00,0,0.515449201327136
2026-02-16 05:15:00+00:00,0,0.5150337333387037
2026-02-16 05:20:00+00:00,0,0.5168850489038193
2026-02-16 05:25:00+00:00,0,0.5185091538934945
2026-02-16 05:30:00+00:00,1,0.5198917875478687
2026-02-16 05:35:00+00:00,1,0.5234779735298455
2026-02-16 05:40:00+00:00,1,0.5017001503997106
2026-02-16 05:45:00+00:00,1,0.5147290096567526
2026-02-16 05:50:00+00:00,1,0.5198382241797774
2026-02-16 05:55:00+00:00,1,0.5219273537060788
2026-02-16 06:00:00+00:00,1,0.5399202467856226
2026-02-16 06:05:00+00:00,1,0.5335021611696688
2026-02-16 06:10:00+00:00,1,0.5467404576470322
2026-02-16 06:15:00+00:00,1,0.5530742022735413
2026-02-16 06:20:00+00:00,1,0.5484303188523312
2026-02-16 06:25:00+00:00,1,0.5345439776053671
2026-02-16 06:30:00+00:00,0,0.5096228116495606
2026-02-16 06:35:00+00:00,0,0.4982433784880269
2026-02-16 06:40:00+00:00,1,0.5118139024442672
2026-02-16 06:45:00+00:00,1,0.5116585094718998
2026-02-16 06:50:00+00:00,1,0.5017077997691951
2026-02-16 06:55:00+00:00,1,0.5001960539092473
2026-02-16 07:00:00+00:00,1,0.5036461439384622
2026-02-16 07:05:00+00:00,1,0.5046959812750815
2026-02-16 07:10:00+00:00,0,0.4945992254766014
2026-02-16 07:15:00+00:00,1,0.4865089998058524
2026-02-16 07:20:00+00:00,0,0.4941674816471142
2026-02-16 07:25:00+00:00,0,0.4964615591741188
2026-02-16 07:30:00+00:00,0,0.48792074684418635
2026-02-16 07:35:00+00:00,1,0.5151751530898284
2026-02-16 07:40:00+00:00,0,0.516970916247287
2026-02-16 07:45:00+00:00,0,0.5091913584776645
2026-02-16 07:50:00+00:00,1,0.5070339792670991
2026-02-16 07:55:00+00:00,1,0.5127477605295765
2026-02-16 08:00:00+00:00,1,0.49671904878182643
2026-02-16 08:05:00+00:00,1,0.4901851866445199
2026-02-16 08:10:00+00:00,1,0.4985889472076803
2026-02-16 08:15:00+00:00,1,0.5111884604107589
2026-02-16 08:20:00+00:00,0,0.4944466846162845
2026-02-16 08:25:00+00:00,0,0.48991023762687674
2026-02-16 08:30:00+00:00,1,0.48790643510895454
2026-02-16 08:35:00+00:00,1,0.49515374160139386
2026-02-16 08:40:00+00:00,1,0.4973631874725456
2026-02-16 08:45:00+00:00,1,0.4939523427142745
2026-02-16 08:50:00+00:00,1,0.5080356493954873
2026-02-16 08:55:00+00:00,1,0.49429413347554296
2026-02-16 09:00:00+00:00,1,0.48057580239297837
2026-02-16 09:05:00+00:00,1,0.4979038086972286
2026-02-16 09:10:00+00:00,1,0.48832047683198077
2026-02-16 09:15:00+00:00,1,0.47291671518158296
2026-02-16 09:20:00+00:00,1,0.47874205219112975
2026-02-16 09:25:00+00:00,0,0.4760817081609775
2026-02-16 09:30:00+00:00,0,0.5020665497122879
2026-02-16 09:35:00+00:00,0,0.4973758947268993
2026-02-16 09:40:00+00:00,0,0.4930301398110707
2026-02-16 09:45:00+00:00,0,0.5100921994746673
2026-02-16 09:50:00+00:00,0,0.5140897024264839
2026-02-16 09:55:00+00:00,0,0.5093359243350406
2026-02-16 10:00:00+00:00,0,0.5282778548614911
2026-02-16 10:05:00+00:00,0,0.5179742915773444
2026-02-16 10:10:00+00:00,0,0.5215536455032919
2026-02-16 10:15:00+00:00,0,0.49537215023775394
2026-02-16 10:20:00+00:00,1,0.5001088546189596
2026-02-16 10:25:00+00:00,1,0.4958022063735261
2026-02-16 10:30:00+00:00,1,0.49567842087082525
2026-02-16 10:35:00+00:00,0,0.4964153026667892
2026-02-16 10:40:00+00:00,0,0.49545299458515774
2026-02-16 10:45:00+00:00,0,0.48910050460444743
2026-02-16 10:50:00+00:00,0,0.48372630220516494
2026-02-16 10:55:00+00:00,0,0.4838225544908931
2026-02-16 11:00:00+00:00,0,0.4843678181607832
2026-02-16 11:05:00+00:00,0,0.5165618365455042
2026-02-16 11:10:00+00:00,1,0.5387975829223126
2026-02-16 11:15:00+00:00,1,0.5349798035609223
2026-02-16 11:20:00+00:00,1,0.5126901779304998
2026-02-16 11:25:00+00:00,1,0.5261157997490506
2026-02-16 11:30:00+00:00,1,0.5138517254274778
2026-02-16 11:35:00+00:00,1,0.5029386224717418
2026-02-16 11:40:00+00:00,1,0.5137658703450867
2026-02-16 11:45:00+00:00,0,0.5055271504328139
2026-02-16 11:50:00+00:00,0,0.4990793698332136
2026-02-16 11:55:00+00:00,1,0.5072068038624079
2026-02-16 12:00:00+00:00,1,0.5023095398294173
2026-02-16 12:05:00+00:00,1,0.5082235998418236
2026-02-16 12:10:00+00:00,1,0.521599004998726
2026-02-16 12:15:00+00:00,1,0.5238265885926074
2026-02-16 12:20:00+00:00,1,0.5089627422057511
2026-02-16 12:25:00+00:00,0,0.4774353555955309
2026-02-16 12:30:00+00:00,1,0.4689172849046037
2026-02-16 12:35:00+00:00,1,0.4622679119112027
2026-02-16 12:40:00+00:00,0,0.46604726728344487
2026-02-16 12:45:00+00:00,1,0.4802937820353588
2026-02-16 12:50:00+00:00,0,0.48410442852898566
2026-02-16 12:55:00+00:00,0,0.46633145859772357
2026-02-16 13:00:00+00:00,0,0.4648423257969001
2026-02-16 13:05:00+00:00,0,0.47402919598032045
2026-02-16 13:10:00+00:00,0,0.4811331567664499
2026-02-16 13:15:00+00:00,0,0.4981893011269416
2026-02-16 13:20:00+00:00,0,0.5323537592151283
2026-02-16 13:25:00+00:00,0,0.5082592348230079
2026-02-16 13:30:00+00:00,0,0.5358841553354513
2026-02-16 13:35:00+00:00,1,0.5444156318682304
2026-02-16 13:40:00+00:00,0,0.528875665212173
2026-02-16 13:45:00+00:00,0,0.5325837401020592
2026-02-16 13:50:00+00:00,1,0.5465787613693761
2026-02-16 13:55:00+00:00,0,0.512221668001856
2026-02-16 14:00:00+00:00,1,0.5081422499579418
2026-02-16 14:05:00+00:00,0,0.4893082387444006
2026-02-16 14:10:00+00:00,1,0.5133741017753048
2026-02-16 14:15:00+00:00,1,0.501338309482605
2026-02-16 14:20:00+00:00,0,0.47195280105022913
2026-02-16 14:25:00+00:00,1,0.5173559336089111
2026-02-16 14:30:00+00:00,1,0.5005302083128388
2026-02-16 14:35:00+00:00,1,0.48749545767191416
2026-02-16 14:40:00+00:00,0,0.5201347545349714
2026-02-16 14:45:00+00:00,0,0.5149347753877873
2026-02-16 14:50:00+00:00,0,0.5132907186400933
2026-02-16 14:55:00+00:00,0,0.49893105466653553
2026-02-16 15:00:00+00:00,0,0.49315899049624756
2026-02-16 15:05:00+00:00,0,0.4931695913879383
2026-02-16 15:10:00+00:00,0,0.479272260957346
2026-02-16 15:15:00+00:00,0,0.4758195695813888
2026-02-16 15:20:00+00:00,0,0.4816282356126792
2026-02-16 15:25:00+00:00,0,0.4794690291121266
2026-02-16 15:30:00+00:00,1,0.5049734179267985
2026-02-16 15:35:00+00:00,1,0.48929417403101505
2026-02-16 15:40:00+00:00,1,0.49928963884861466
2026-02-16 15:45:00+00:00,1,0.4914455123699762
2026-02-16 15:50:00+00:00,1,0.4966950151357369
2026-02-16 15:55:00+00:00,1,0.5029922007426124
2026-02-16 16:00:00+00:00,1,0.4953205095521728
2026-02-16 16:05:00+00:00,0,0.5118826749824087
2026-02-16 16:10:00+00:00,1,0.5022304329347305
2026-02-16 16:15:00+00:00,1,0.5055124304144484
2026-02-16 16:20:00+00:00,1,0.49742449463109445
2026-02-16 16:25:00+00:00,1,0.48049333944103184
2026-02-16 16:30:00+00:00,1,0.4985324141055005
2026-02-16 16:35:00+00:00,1,0.49855236363274436
2026-02-16 16:40:00+00:00,1,0.4935181344216615
2026-02-16 16:45:00+00:00,1,0.5226445450178535
2026-02-16 16:50:00+00:00,1,0.5147194900438534
2026-02-16 16:55:00+00:00,1,0.5082771880341391
2026-02-16 17:00:00+00:00,1,0.47543807310289554
2026-02-16 17:05:00+00:00,1,0.4978206619632658
2026-02-16 17:10:00+00:00,1,0.4837163040186324
2026-02-16 17:15:00+00:00,1,0.48574310533089143
2026-02-16 17:20:00+00:00,0,0.48730020941543073
2026-02-16 17:25:00+00:00,0,0.4527121026526768
2026-02-16 17:30:00+00:00,0,0.45609843016016516
2026-02-16 17:35:00+00:00,1,0.45276983019467176
2026-02-16 17:40:00+00:00,1,0.4570382391602695
2026-02-16 17:45:00+00:00,1,0.4714774637290721
2026-02-16 17:50:00+00:00,1,0.4817307374742676
2026-02-16 17:55:00+00:00,1,0.49351401617522456
2026-02-16 18:00:00+00:00,1,0.5008938510398054
2026-02-16 18:05:00+00:00,1,0.511835673112066
2026-02-16 18:10:00+00:00,0,0.4766676795506971
2026-02-16 18:15:00+00:00,0,0.4619243987902757
2026-02-16 18:20:00+00:00,0,0.4695424184974761
2026-02-16 18:25:00+00:00,0,0.4753613290877051
2026-02-16 18:30:00+00:00,0,0.48459930231128484
2026-02-16 18:35:00+00:00,0,0.5019912784714089
2026-02-16 18:40:00+00:00,0,0.5044299131866297
2026-02-16 18:45:00+00:00,0,0.5177346919221331
2026-02-16 18:50:00+00:00,1,0.5037217631022541
2026-02-16 18:55:00+00:00,1,0.5003789619005611
2026-02-16 19:00:00+00:00,1,0.5253217178239853
2026-02-16 19:05:00+00:00,1,0.5158470922489677
2026-02-16 19:10:00+00:00,1,0.5022638364034672
2026-02-16 19:15:00+00:00,1,0.5016422143212232
2026-02-16 19:20:00+00:00,1,0.5127853609248155
2026-02-16 19:25:00+00:00,0,0.5072654525108894
2026-02-16 19:30:00+00:00,0,0.5156078875363281
2026-02-16 19:35:00+00:00,0,0.5045642317864379
2026-02-16 19:40:00+00:00,0,0.5075270497248549
2026-02-16 19:45:00+00:00,0,0.5102726337220844
2026-02-16 19:50:00+00:00,1,0.5001893210290279
2026-02-16 19:55:00+00:00,1,0.5003586387945285
2026-02-16 20:00:00+00:00,1,0.5025422996679912
2026-02-16 20:05:00+00:00,1,0.49720504298374535
2026-02-16 20:10:00+00:00,1,0.5070989866755616
2026-02-16 20:15:00+00:00,1,0.5017708504584855
2026-02-16 20:20:00+00:00,1,0.5142008134666103
2026-02-16 20:25:00+00:00,1,0.5137560330849418
2026-02-16 20:30:00+00:00,1,0.5205818335576838
2026-02-16 20:35:00+00:00,1,0.5240102860999889
2026-02-16 20:40:00+00:00,1,0.5177775924016399
2026-02-16 20:45:00+00:00,1,0.5192763747100401
2026-02-16 20:50:00+00:00,1,0.507842866034801
2026-02-16 20:55:00+00:00,1,0.5008515641482928
2026-02-16 21:00:00+00:00,1,0.5075420170847591
2026-02-16 21:05:00+00:00,1,0.5139264423159962
2026-02-16 21:10:00+00:00,1,0.5009044765104255
2026-02-16 21:15:00+00:00,1,0.49671867537760417
2026-02-16 21:20:00+00:00,0,0.49965850978845394
2026-02-16 21:25:00+00:00,1,0.49445352981170343
2026-02-16 21:30:00+00:00,1,0.4955554279389849
2026-02-16 21:35:00+00:00,1,0.4947744642803786
2026-02-16 21:40:00+00:00,1,0.4907372742095193
2026-02-16 21:45:00+00:00,1,0.502031471424468
2026-02-16 21:50:00+00:00,1,0.5082502299277363
2026-02-16 21:55:00+00:00,0,0.4943580140673527
2026-02-16 22:00:00+00:00,0,0.48772400888025935
2026-02-16 22:05:00+00:00,1,0.5049296528335164
2026-02-16 22:10:00+00:00,1,0.5006862864514516
2026-02-16 22:15:00+00:00,1,0.49879447406921473
2026-02-16 22:20:00+00:00,1,0.5035492859903443
2026-02-16 22:25:00+00:00,0,0.4941865121853423
2026-02-16 22:30:00+00:00,0,0.49231449787199033
2026-02-16 22:35:00+00:00,0,0.4945951183328845
2026-02-16 22:40:00+00:00,1,0.493827107198413
2026-02-16 22:45:00+00:00,1,0.512511592840507
2026-02-16 22:50:00+00:00,1,0.5160671745215174
2026-02-16 22:55:00+00:00,1,0.5101078880389249
2026-02-16 23:00:00+00:00,1,0.5093821443583645
2026-02-16 23:05:00+00:00,1,0.4990242848787982
2026-02-16 23:10:00+00:00,1,0.49860573967338934
2026-02-16 23:15:00+00:00,1,0.4974984638915315
2026-02-16 23:20:00+00:00,1,0.4935984743440409
2026-02-16 23:25:00+00:00,1,0.5069351666463466
2026-02-16 23:30:00+00:00,1,0.5117072198709505
2026-02-16 23:35:00+00:00,1,0.5054334671403627
2026-02-16 23:40:00+00:00,1,0.5084787105050174
2026-02-16 23:45:00+00:00,0,0.49718945034712064
2026-02-16 23:50:00+00:00,0,0.49019846624271896
2026-02-16 23:55:00+00:00,1,0.49857849152308975
2026-02-17 00:00:00+00:00,1,0.4804600935625753
2026-02-17 00:05:00+00:00,1,0.4761891324022437
2026-02-17 00:10:00+00:00,1,0.47970402168097054
2026-02-17 00:15:00+00:00,1,0.48970481173128955
2026-02-17 00:20:00+00:00,1,0.49195076343174454
2026-02-17 00:25:00+00:00,1,0.4862907105542626
2026-02-17 00:30:00+00:00,1,0.4903793766875161
2026-02-17 00:35:00+00:00,1,0.4964384309128331
2026-02-17 00:40:00+00:00,1,0.5148135890252393
2026-02-17 00:45:00+00:00,0,0.4686242396159096
2026-02-17 00:50:00+00:00,1,0.47635525762848785
2026-02-17 00:55:00+00:00,1,0.4675962202894048
2026-02-17 01:00:00+00:00,1,0.4727896865258726
2026-02-17 01:05:00+00:00,1,0.47371547102631223
2026-02-17 01:10:00+00:00,0,0.4760057560978532
2026-02-17 01:15:00+00:00,0,0.4760033626803649
2026-02-17 01:20:00+00:00,0,0.47804882683737565
2026-02-17 01:25:00+00:00,0,0.4969003312982943
2026-02-17 01:30:00+00:00,0,0.48702930189454186
2026-02-17 01:35:00+00:00,0,0.49581947302145374
2026-02-17 01:40:00+00:00,1,0.5003172457386708
2026-02-17 01:45:00+00:00,1,0.5136138778362964
2026-02-17 01:50:00+00:00,1,0.5080374028862151
2026-02-17 01:55:00+00:00,1,0.5146115739719554
2026-02-17 02:00:00+00:00,1,0.5095944648105402
2026-02-17 02:05:00+00:00,1,0.5056606031950817
2026-02-17 02:10:00+00:00,1,0.48762829607034713
2026-02-17 02:15:00+00:00,1,0.47083568294341277
2026-02-17 02:20:00+00:00,1,0.4700960489711447
2026-02-17 02:25:00+00:00,1,0.45946009378273095
2026-02-17 02:30:00+00:00,0,0.46265229078222075
2026-02-17 02:35:00+00:00,0,0.4808722585500671
2026-02-17 02:40:00+00:00,0,0.4757641845646366
2026-02-17 02:45:00+00:00,0,0.476639401001285
2026-02-17 02:50:00+00:00,0,0.48077454939606884
2026-02-17 02:55:00+00:00,0,0.49139827729298097
2026-02-17 03:00:00+00:00,0,0.4987336635103084
2026-02-17 03:05:00+00:00,0,0.49922744753136933
2026-02-17 03:10:00+00:00,0,0.5159332652168032
2026-02-17 03:15:00+00:00,0,0.5140648387799
2026-02-17 03:20:00+00:00,0,0.5133102810641459
2026-02-17 03:25:00+00:00,0,0.5075136548879206
2026-02-17 03:30:00+00:00,0,0.5060905542410192
2026-02-17 03:35:00+00:00,0,0.505940031070368
2026-02-17 03:40:00+00:00,0,0.49780290786528203
2026-02-17 03:45:00+00:00,0,0.508336330534297
2026-02-17 03:50:00+00:00,1,0.49775280263981536
2026-02-17 03:55:00+00:00,1,0.5147097895247104
2026-02-17 04:00:00+00:00,0,0.5195465946845815
2026-02-17 04:05:00+00:00,1,0.5170515946941612
2026-02-17 04:10:00+00:00,0,0.4948587350533714
2026-02-17 04:15:00+00:00,1,0.4920278832130833
2026-02-17 04:20:00+00:00,0,0.494202816007058
2026-02-17 04:25:00+00:00,0,0.5015753840947631
2026-02-17 04:30:00+00:00,1,0.4940396538947002
2026-02-17 04:35:00+00:00,1,0.4885619280256121
2026-02-17 04:40:00+00:00,0,0.4854919053095202
2026-02-17 04:45:00+00:00,0,0.48292281014624
2026-02-17 04:50:00+00:00,0,0.4966984097175942
2026-02-17 04:55:00+00:00,0,0.5070904789322639
2026-02-17 05:00:00+00:00,0,0.4961126228154683
2026-02-17 05:05:00+00:00,0,0.504964004138584
2026-02-17 05:10:00+00:00,0,0.5120160116732583
2026-02-17 05:15:00+00:00,1,0.518940900305001
2026-02-17 05:20:00+00:00,1,0.5124540427958869
2026-02-17 05:25:00+00:00,1,0.5096397337554204
2026-02-17 05:30:00+00:00,1,0.5162429510001367
2026-02-17 05:35:00+00:00,1,0.5068973565897804
2026-02-17 05:40:00+00:00,1,0.49324007559406935
2026-02-17 05:45:00+00:00,1,0.5033571194923858
2026-02-17 05:50:00+00:00,1,0.4929828039055042
2026-02-17 05:55:00+00:00,1,0.49233013257430985
2026-02-17 06:00:00+00:00,1,0.4924929119795843
2026-02-17 06:05:00+00:00,1,0.4979362957013828
2026-02-17 06:10:00+00:00,1,0.5094256946496392
2026-02-17 06:15:00+00:00,1,0.5058461798245448
2026-02-17 06:20:00+00:00,1,0.49582418005171586
2026-02-17 06:25:00+00:00,0,0.4974104408237214
2026-02-17 06:30:00+00:00,0,0.49065050103289737
2026-02-17 06:35:00+00:00,0,0.49405078702986577
2026-02-17 06:40:00+00:00,0,0.478484485210017
2026-02-17 06:45:00+00:00,0,0.48717090926201556
2026-02-17 06:50:00+00:00,0,0.4763653117939082
2026-02-17 06:55:00+00:00,0,0.48252652472578605
2026-02-17 07:00:00+00:00,0,0.4908201849119715
2026-02-17 07:05:00+00:00,1,0.5054562770208718
2026-02-17 07:10:00+00:00,1,0.49860048919859606
2026-02-17 07:15:00+00:00,1,0.5091808157428115
2026-02-17 07:20:00+00:00,1,0.5015685154922335
2026-02-17 07:25:00+00:00,1,0.5071790633445079
2026-02-17 07:30:00+00:00,1,0.5127514244541406
2026-02-17 07:35:00+00:00,1,0.485178140308431
2026-02-17 07:40:00+00:00,1,0.4932066436456106
2026-02-17 07:45:00+00:00,1,0.4976492768788133
2026-02-17 07:50:00+00:00,0,0.495647599041339
2026-02-17 07:55:00+00:00,0,0.4928577275284555
2026-02-17 08:00:00+00:00,0,0.47511019348246986
2026-02-17 08:05:00+00:00,0,0.4713488856665323
2026-02-17 08:10:00+00:00,0,0.4880788897217269
2026-02-17 08:15:00+00:00,0,0.48294299090686726
2026-02-17 08:20:00+00:00,0,0.4844171407453423
2026-02-17 08:25:00+00:00,0,0.5049464551081345
2026-02-17 08:30:00+00:00,0,0.4989807532973693
2026-02-17 08:35:00+00:00,0,0.49501035076398875
2026-02-17 08:40:00+00:00,0,0.49351734245112455
2026-02-17 08:45:00+00:00,0,0.4971769468216998
2026-02-17 08:50:00+00:00,0,0.5050154065473018
2026-02-17 08:55:00+00:00,0,0.5105321050481472
2026-02-17 09:00:00+00:00,0,0.49172655034933394
2026-02-17 09:05:00+00:00,0,0.48872806525127044
2026-02-17 09:10:00+00:00,0,0.5046368728585409
2026-02-17 09:15:00+00:00,1,0.5176294060768357
2026-02-17 09:20:00+00:00,1,0.496758109146655
2026-02-17 09:25:00+00:00,1,0.4974384013414302
2026-02-17 09:30:00+00:00,1,0.49410922477182745
2026-02-17 09:35:00+00:00,1,0.5114256193750444
2026-02-17 09:40:00+00:00,0,0.49075391400006635
2026-02-17 09:45:00+00:00,0,0.49436819696303863
2026-02-17 09:50:00+00:00,0,0.4914634991835977
2026-02-17 09:55:00+00:00,0,0.4971832834495271
2026-02-17 10:00:00+00:00,0,0.4910659109978412
2026-02-17 10:05:00+00:00,0,0.5033099801035679
2026-02-17 10:10:00+00:00,0,0.5015638194951054
2026-02-17 10:15:00+00:00,0,0.5038492731677559
2026-02-17 10:20:00+00:00,0,0.4858868073140621
2026-02-17 10:25:00+00:00,0,0.5052321599234042
2026-02-17 10:30:00+00:00,1,0.47326809021103033
2026-02-17 10:35:00+00:00,0,0.4868803181521439
2026-02-17 10:40:00+00:00,0,0.5086121975490911
2026-02-17 10:45:00+00:00,0,0.5198427772532864
2026-02-17 10:50:00+00:00,0,0.5286702987566773
2026-02-17 10:55:00+00:00,1,0.5226593382476131
2026-02-17 11:00:00+00:00,0,0.5113866455353501
2026-02-17 11:05:00+00:00,1,0.5161476930791555
2026-02-17 11:10:00+00:00,0,0.5121275200957011
2026-02-17 11:15:00+00:00,1,0.5111084411626395
2026-02-17 11:20:00+00:00,1,0.5192546016007136
2026-02-17 11:25:00+00:00,0,0.5119715662987053
2026-02-17 11:30:00+00:00,1,0.5131933695336708
2026-02-17 11:35:00+00:00,1,0.5107855874455232
2026-02-17 11:40:00+00:00,1,0.5214384267224644
2026-02-17 11:45:00+00:00,1,0.5159771595969662
2026-02-17 11:50:00+00:00,1,0.5132840696681926
2026-02-17 11:55:00+00:00,1,0.5084183015628416
2026-02-17 12:00:00+00:00,1,0.4985379587836217
2026-02-17 12:05:00+00:00,1,0.49144015592378226
2026-02-17 12:10:00+00:00,0,0.4987217594007607
2026-02-17 12:15:00+00:00,0,0.5063449046489598
2026-02-17 12:20:00+00:00,0,0.5034436358431902
2026-02-17 12:25:00+00:00,0,0.49961044043700475
2026-02-17 12:30:00+00:00,0,0.515474501795754
2026-02-17 12:35:00+00:00,0,0.49855717279343537
2026-02-17 12:40:00+00:00,0,0.49887982843596884
2026-02-17 12:45:00+00:00,0,0.5101247529405161
2026-02-17 12:50:00+00:00,1,0.504205855087808
2026-02-17 12:55:00+00:00,1,0.5191683671672918
2026-02-17 13:00:00+00:00,1,0.5191098825774263
2026-02-17 13:05:00+00:00,1,0.4817278219047426
2026-02-17 13:10:00+00:00,1,0.4853450611266822
2026-02-17 13:15:00+00:00,1,0.477199229870945
2026-02-17 13:20:00+00:00,1,0.47543428582595193
2026-02-17 13:25:00+00:00,1,0.48378993144396204
2026-02-17 13:30:00+00:00,1,0.4811691801646463
2026-02-17 13:35:00+00:00,1,0.4942197873821072
2026-02-17 13:40:00+00:00,1,0.5006018822874838
2026-02-17 13:45:00+00:00,1,0.4813038911002371
2026-02-17 13:50:00+00:00,0,0.47621724483792066
2026-02-17 13:55:00+00:00,0,0.49717832730125644
2026-02-17 14:00:00+00:00,1,0.4854940195765789
2026-02-17 14:05:00+00:00,0,0.485831964087726
2026-02-17 14:10:00+00:00,0,0.49445480833603694
2026-02-17 14:15:00+00:00,0,0.5046563116668796
2026-02-17 14:20:00+00:00,0,0.5098849999861649
2026-02-17 14:25:00+00:00,0,0.5118068679643598
2026-02-17 14:30:00+00:00,0,0.511210582945702
2026-02-17 14:35:00+00:00,0,0.4902428127352959
2026-02-17 14:40:00+00:00,0,0.5009546504467565
2026-02-17 14:45:00+00:00,1,0.5304049941764424
2026-02-17 14:50:00+00:00,1,0.5225780314561677
2026-02-17 14:55:00+00:00,1,0.5329680735788269
2026-02-17 15:00:00+00:00,0,0.48893536845734903
2026-02-17 15:05:00+00:00,0,0.47520250535655406
2026-02-17 15:10:00+00:00,0,0.47651635803088505
2026-02-17 15:15:00+00:00,0,0.4521379303117447
2026-02-17 15:20:00+00:00,1,0.46436230739835815
2026-02-17 15:25:00+00:00,1,0.47280819510082894
2026-02-17 15:30:00+00:00,1,0.48241676106209436
2026-02-17 15:35:00+00:00,1,0.5026534740745503
2026-02-17 15:40:00+00:00,1,0.482912988222404
2026-02-17 15:45:00+00:00,1,0.48230938373270216
2026-02-17 15:50:00+00:00,1,0.475513553951737
2026-02-17 15:55:00+00:00,1,0.4583006155188326
2026-02-17 16:00:00+00:00,1,0.43959694726591925
2026-02-17 16:05:00+00:00,1,0.4451605992067143
2026-02-17 16:10:00+00:00,1,0.46494268598393723
2026-02-17 16:15:00+00:00,0,0.49358788452537994
2026-02-17 16:20:00+00:00,1,0.5055103825095212
2026-02-17 16:25:00+00:00,1,0.49660926809991324
2026-02-17 16:30:00+00:00,0,0.5036574138409592
2026-02-17 16:35:00+00:00,0,0.5020311545882283
2026-02-17 16:40:00+00:00,0,0.5124154798969208
2026-02-17 16:45:00+00:00,0,0.5018328147924532
2026-02-17 16:50:00+00:00,0,0.5075531266356756
2026-02-17 16:55:00+00:00,0,0.48272427196634027
2026-02-17 17:00:00+00:00,0,0.4880802751152692
2026-02-17 17:05:00+00:00,0,0.5047726387213761
2026-02-17 17:10:00+00:00,0,0.5164614847257154
2026-02-17 17:15:00+00:00,0,0.5009117185772602
2026-02-17 17:20:00+00:00,0,0.4991610581003223
2026-02-17 17:25:00+00:00,0,0.48943486151145166
2026-02-17 17:30:00+00:00,0,0.5064920532580685
2026-02-17 17:35:00+00:00,1,0.49581494703151585
2026-02-17 17:40:00+00:00,1,0.5064983324488245
2026-02-17 17:45:00+00:00,1,0.4770460923657888
2026-02-17 17:50:00+00:00,1,0.47147436766013395
2026-02-17 17:55:00+00:00,1,0.47854055858346856
2026-02-17 18:00:00+00:00,1,0.49137158001162934
2026-02-17 18:05:00+00:00,1,0.4698931888972655
2026-02-17 18:10:00+00:00,1,0.47143767743657633
2026-02-17 18:15:00+00:00,1,0.47801934404026714
2026-02-17 18:20:00+00:00,1,0.44318336306849027
2026-02-17 18:25:00+00:00,1,0.49430439554181393
2026-02-17 18:30:00+00:00,1,0.4622966985526151
2026-02-17 18:35:00+00:00,1,0.47171107943988055
2026-02-17 18:40:00+00:00,1,0.4903339607839084
2026-02-17 18:45:00+00:00,1,0.49216655722947344
2026-02-17 18:50:00+00:00,0,0.4861579303730391
2026-02-17 18:55:00+00:00,0,0.4949502814132922
2026-02-17 19:00:00+00:00,0,0.5170427899586331
2026-02-17 19:05:00+00:00,0,0.5091021748284028
2026-02-17 19:10:00+00:00,0,0.4587960424378055
2026-02-17 19:15:00+00:00,0,0.5021692837149809
2026-02-17 19:20:00+00:00,0,0.5304213075100886
2026-02-17 19:25:00+00:00,0,0.4983909457295829
2026-02-17 19:30:00+00:00,0,0.48665094994991415
2026-02-17 19:35:00+00:00,1,0.485560472272008
2026-02-17 19:40:00+00:00,1,0.4972364885279581
2026-02-17 19:45:00+00:00,0,0.4977960619589966
2026-02-17 19:50:00+00:00,0,0.4938737550472796
2026-02-17 19:55:00+00:00,1,0.4894220182022338
2026-02-17 20:00:00+00:00,0,0.511267800484291
2026-02-17 20:05:00+00:00,1,0.5113219753475577
2026-02-17 20:10:00+00:00,1,0.5119192833677559
2026-02-17 20:15:00+00:00,1,0.5307031334494527
2026-02-17 20:20:00+00:00,1,0.5162832264224646
2026-02-17 20:25:00+00:00,1,0.5230447047388742
2026-02-17 20:30:00+00:00,1,0.5219162968655461
2026-02-17 20:35:00+00:00,1,0.5154663848533314
2026-02-17 20:40:00+00:00,1,0.5089208985714535
2026-02-17 20:45:00+00:00,1,0.5027364275504876
2026-02-17 20:50:00+00:00,0,0.5032941839821565
2026-02-17 20:55:00+00:00,1,0.5092407237066197
2026-02-17 21:00:00+00:00,0,0.5047761689186919
2026-02-17 21:05:00+00:00,0,0.5011175628397297
2026-02-17 21:10:00+00:00,0,0.5141872567961671
2026-02-17 21:15:00+00:00,0,0.5219037943652423
2026-02-17 21:20:00+00:00,1,0.4962430180905627
2026-02-17 21:25:00+00:00,1,0.4967767454355046
2026-02-17 21:30:00+00:00,1,0.5007000124501457
2026-02-17 21:35:00+00:00,1,0.49485357560984666
2026-02-17 21:40:00+00:00,1,0.49238746182979326
2026-02-17 21:45:00+00:00,1,0.501818206332306
2026-02-17 21:50:00+00:00,1,0.5040552864572123
2026-02-17 21:55:00+00:00,1,0.4906761788666249
2026-02-17 22:00:00+00:00,0,0.5015334935311411
2026-02-17 22:05:00+00:00,1,0.504419978721553
2026-02-17 22:10:00+00:00,0,0.49724567665080843
2026-02-17 22:15:00+00:00,0,0.48405270008460904
2026-02-17 22:20:00+00:00,0,0.481053918410842
2026-02-17 22:25:00+00:00,0,0.47944308067650665
2026-02-17 22:30:00+00:00,0,0.4791295731865231
2026-02-17 22:35:00+00:00,0,0.4829566275038697
2026-02-17 22:40:00+00:00,0,0.4777581956230565
2026-02-17 22:45:00+00:00,1,0.49490154942511333
2026-02-17 22:50:00+00:00,1,0.5123387833933435
2026-02-17 22:55:00+00:00,0,0.4874060233041789
2026-02-17 23:00:00+00:00,1,0.5159179705166341
2026-02-17 23:05:00+00:00,0,0.4947595856770196
2026-02-17 23:10:00+00:00,0,0.4875236559283505
2026-02-17 23:15:00+00:00,0,0.48524717394616634
2026-02-17 23:20:00+00:00,0,0.48403487329380257
2026-02-17 23:25:00+00:00,1,0.4810484437959695
2026-02-17 23:30:00+00:00,1,0.48402409471805363
2026-02-17 23:35:00+00:00,1,0.48313945528904134
2026-02-17 23:40:00+00:00,1,0.47560704157863315
2026-02-17 23:45:00+00:00,1,0.4772719579973044
2026-02-17 23:50:00+00:00,0,0.47907339818750583
2026-02-17 23:55:00+00:00,1,0.4896890725277447
2026-02-18 00:00:00+00:00,1,0.48309054215331304
2026-02-18 00:05:00+00:00,1,0.4818835636470726
2026-02-18 00:10:00+00:00,0,0.48881710370724624
2026-02-18 00:15:00+00:00,0,0.4905026960869334
2026-02-18 00:20:00+00:00,0,0.48534431492769653
2026-02-18 00:25:00+00:00,0,0.5023156728437946
2026-02-18 00:30:00+00:00,0,0.49696462506488
2026-02-18 00:35:00+00:00,0,0.49257615482947964
2026-02-18 00:40:00+00:00,0,0.5007574964230835
2026-02-18 00:45:00+00:00,0,0.4966262975496161
2026-02-18 00:50:00+00:00,0,0.5130101008266914
2026-02-18 00:55:00+00:00,0,0.5106404728083281
2026-02-18 01:00:00+00:00,0,0.528103773783964
2026-02-18 01:05:00+00:00,0,0.5482767763227164
2026-02-18 01:10:00+00:00,0,0.5168587697029181
2026-02-18 01:15:00+00:00,0,0.5265772844049832
2026-02-18 01:20:00+00:00,0,0.5234111314727239
2026-02-18 01:25:00+00:00,1,0.5284012178189802
2026-02-18 01:30:00+00:00,1,0.5187298556485676
2026-02-18 01:35:00+00:00,1,0.5207635478180476
2026-02-18 01:40:00+00:00,1,0.5196917106202613
2026-02-18 01:45:00+00:00,1,0.516887818104499
2026-02-18 01:50:00+00:00,1,0.5286310153507283
2026-02-18 01:55:00+00:00,1,0.5261425223073825
2026-02-18 02:00:00+00:00,1,0.5128679795099507
2026-02-18 02:05:00+00:00,0,0.4725731626401433
2026-02-18 02:10:00+00:00,1,0.4913437458857429
2026-02-18 02:15:00+00:00,1,0.5115273171429365
2026-02-18 02:20:00+00:00,1,0.5095255317374172
2026-02-18 02:25:00+00:00,1,0.510546661969235
2026-02-18 02:30:00+00:00,0,0.5022012388298855
2026-02-18 02:35:00+00:00,0,0.5047911383077839
2026-02-18 02:40:00+00:00,0,0.5105791689685026
2026-02-18 02:45:00+00:00,1,0.5162842437612966
2026-02-18 02:50:00+00:00,1,0.5123998511373969
2026-02-18 02:55:00+00:00,1,0.5027098928645589
2026-02-18 03:00:00+00:00,1,0.4967831951550458
2026-02-18 03:05:00+00:00,1,0.494761825952826
2026-02-18 03:10:00+00:00,1,0.4958213399925028
2026-02-18 03:15:00+00:00,1,0.48813996595923853
2026-02-18 03:20:00+00:00,1,0.47624354534341323
2026-02-18 03:25:00+00:00,1,0.47673703573959064
2026-02-18 03:30:00+00:00,1,0.4804533314229086
2026-02-18 03:35:00+00:00,1,0.48331365196584714
2026-02-18 03:40:00+00:00,1,0.48540533386932083
2026-02-18 03:45:00+00:00,1,0.47626113553824767
2026-02-18 03:50:00+00:00,0,0.51155442658513
2026-02-18 03:55:00+00:00,0,0.49989311952911963
2026-02-18 04:00:00+00:00,1,0.5068052861707982
2026-02-18 04:05:00+00:00,0,0.52487751936052
2026-02-18 04:10:00+00:00,0,0.5166707096378428
2026-02-18 04:15:00+00:00,0,0.4996135522709885
2026-02-18 04:20:00+00:00,0,0.5125060855112065
2026-02-18 04:25:00+00:00,0,0.5083197009718783
2026-02-18 04:30:00+00:00,0,0.5007907646975835
2026-02-18 04:35:00+00:00,0,0.5143792982490837
2026-02-18 04:40:00+00:00,1,0.49558818451424635
2026-02-18 04:45:00+00:00,1,0.4865353859613125
2026-02-18 04:50:00+00:00,1,0.5055091944982909
2026-02-18 04:55:00+00:00,0,0.5001149990799998
2026-02-18 05:00:00+00:00,0,0.4973230742120826
2026-02-18 05:05:00+00:00,0,0.4994269554511472
2026-02-18 05:10:00+00:00,0,0.5041422988556786
2026-02-18 05:15:00+00:00,0,0.5075512825864977
2026-02-18 05:20:00+00:00,0,0.49102896555190184
2026-02-18 05:25:00+00:00,0,0.4943712857756541
2026-02-18 05:30:00+00:00,1,0.507011035418976
2026-02-18 05:35:00+00:00,1,0.4965902698061746
2026-02-18 05:40:00+00:00,1,0.5064610080038048
2026-02-18 05:45:00+00:00,1,0.4978259123795308
2026-02-18 05:50:00+00:00,1,0.49500014496091665
2026-02-18 05:55:00+00:00,1,0.4853477632720404
2026-02-18 06:00:00+00:00,1,0.5177445694529875
2026-02-18 06:05:00+00:00,1,0.5184605060983059
2026-02-18 06:10:00+00:00,1,0.4957248912902961
2026-02-18 06:15:00+00:00,1,0.5010159703485986
2026-02-18 06:20:00+00:00,0,0.5000396247595882
2026-02-18 06:25:00+00:00,0,0.4979399506318902
2026-02-18 06:30:00+00:00,0,0.48619204959430157
2026-02-18 06:35:00+00:00,0,0.48486330167259284
2026-02-18 06:40:00+00:00,0,0.48497696690596165
2026-02-18 06:45:00+00:00,0,0.4927526484495352
2026-02-18 06:50:00+00:00,0,0.519997907418847
2026-02-18 06:55:00+00:00,0,0.5168507559409435
2026-02-18 07:00:00+00:00,0,0.503227910355617
2026-02-18 07:05:00+00:00,1,0.4963827375792601
2026-02-18 07:10:00+00:00,1,0.4960643979690883
2026-02-18 07:15:00+00:00,1,0.49446983383098014
2026-02-18 07:20:00+00:00,1,0.5019963139075457
2026-02-18 07:25:00+00:00,1,0.5001288948407476
2026-02-18 07:30:00+00:00,1,0.49539489299000006
2026-02-18 07:35:00+00:00,1,0.5057862709472494
2026-02-18 07:40:00+00:00,1,0.4925010914366836
2026-02-18 07:45:00+00:00,1,0.49689157323237887
2026-02-18 07:50:00+00:00,1,0.4960312108988453
2026-02-18 07:55:00+00:00,1,0.5059063713886544
2026-02-18 08:00:00+00:00,1,0.482344978215767
2026-02-18 08:05:00+00:00,1,0.48454794371739845
2026-02-18 08:10:00+00:00,1,0.48318428272386793
2026-02-18 08:15:00+00:00,0,0.47313565857091844
2026-02-18 08:20:00+00:00,0,0.4733982688648305
2026-02-18 08:25:00+00:00,0,0.47252641143951424
2026-02-18 08:30:00+00:00,0,0.4727279448077103
2026-02-18 08:35:00+00:00,1,0.48258789456086476
2026-02-18 08:40:00+00:00,1,0.4985900787753509
2026-02-18 08:45:00+00:00,1,0.4923982036632748
2026-02-18 08:50:00+00:00,1,0.4898328469206345
2026-02-18 08:55:00+00:00,1,0.48718486938948846
2026-02-18 09:00:00+00:00,1,0.4848981562823278
2026-02-18 09:05:00+00:00,1,0.4976152850777557
2026-02-18 09:10:00+00:00,0,0.47517667298646926
2026-02-18 09:15:00+00:00,0,0.4802674516594384
2026-02-18 09:20:00+00:00,0,0.4768823620205103
2026-02-18 09:25:00+00:00,0,0.4800043516622226
2026-02-18 09:30:00+00:00,0,0.4831729571587793
2026-02-18 09:35:00+00:00,0,0.4807484317252653
2026-02-18 09:40:00+00:00,0,0.48547139581538845
2026-02-18 09:45:00+00:00,0,0.48076018833629425
2026-02-18 09:50:00+00:00,0,0.49172710467010056
2026-02-18 09:55:00+00:00,0,0.490184457058819
2026-02-18 10:00:00+00:00,0,0.49082517348392984
2026-02-18 10:05:00+00:00,0,0.4932405960242025
2026-02-18 10:10:00+00:00,0,0.4882051591971043
2026-02-18 10:15:00+00:00,0,0.49057530033102836
2026-02-18 10:20:00+00:00,0,0.49100657322044167
2026-02-18 10:25:00+00:00,0,0.5085919030720948
2026-02-18 10:30:00+00:00,0,0.5108017727616458
2026-02-18 10:35:00+00:00,0,0.5254028801344457
2026-02-18 10:40:00+00:00,0,0.51643503448647
2026-02-18 10:45:00+00:00,0,0.5208056375081906
2026-02-18 10:50:00+00:00,0,0.506856005285598
2026-02-18 10:55:00+00:00,0,0.5104483486795882
2026-02-18 11:00:00+00:00,0,0.518754805754839
2026-02-18 11:05:00+00:00,1,0.5361291882794859
2026-02-18 11:10:00+00:00,0,0.5455049693392143
2026-02-18 11:15:00+00:00,0,0.5410445962474916
2026-02-18 11:20:00+00:00,0,0.5286860323209887
2026-02-18 11:25:00+00:00,0,0.5240025187992432
2026-02-18 11:30:00+00:00,0,0.5146519253588593
2026-02-18 11:35:00+00:00,0,0.5106155780587277
2026-02-18 11:40:00+00:00,0,0.5271419815421424
2026-02-18 11:45:00+00:00,1,0.5324341695832419
2026-02-18 11:50:00+00:00,0,0.5111020961490805
2026-02-18 11:55:00+00:00,1,0.5435625822721145
2026-02-18 12:00:00+00:00,0,0.5340390553866194
2026-02-18 12:05:00+00:00,0,0.5317888562886334
2026-02-18 12:10:00+00:00,0,0.5202395823767926
2026-02-18 12:15:00+00:00,0,0.538163243848383
2026-02-18 12:20:00+00:00,0,0.5098966845990677
2026-02-18 12:25:00+00:00,0,0.5226318747543683
2026-02-18 12:30:00+00:00,1,0.5296198938057869
2026-02-18 12:35:00+00:00,1,0.5168056458723849
2026-02-18 12:40:00+00:00,1,0.5077724086238664
2026-02-18 12:45:00+00:00,1,0.48863098050216014
2026-02-18 12:50:00+00:00,1,0.4872555919621032
2026-02-18 12:55:00+00:00,1,0.5072904211168069
2026-02-18 13:00:00+00:00,1,0.5169230716338717
2026-02-18 13:05:00+00:00,0,0.4926069382711075
2026-02-18 13:10:00+00:00,0,0.49392491732671673
2026-02-18 13:15:00+00:00,0,0.5068950372988785
2026-02-18 13:20:00+00:00,0,0.5154597488511657
2026-02-18 13:25:00+00:00,0,0.4989868751018973
2026-02-18 13:30:00+00:00,0,0.5102090657909455
2026-02-18 13:35:00+00:00,0,0.5262089217994126
2026-02-18 13:40:00+00:00,0,0.5209449402987122
2026-02-18 13:45:00+00:00,1,0.5300477644198792
2026-02-18 13:50:00+00:00,1,0.5302191393529573
2026-02-18 13:55:00+00:00,0,0.5250948151857936
2026-02-18 14:00:00+00:00,0,0.509126597450777
2026-02-18 14:05:00+00:00,0,0.5136249816745788
2026-02-18 14:10:00+00:00,0,0.5064661445034012
2026-02-18 14:15:00+00:00,0,0.5128641686215809
2026-02-18 14:20:00+00:00,1,0.5190235332364908
2026-02-18 14:25:00+00:00,1,0.5365776252342918
2026-02-18 14:30:00+00:00,1,0.5327245613540814
2026-02-18 14:35:00+00:00,1,0.5269330376270028
2026-02-18 14:40:00+00:00,1,0.5319977744644007
2026-02-18 14:45:00+00:00,1,0.5202960456493781
2026-02-18 14:50:00+00:00,1,0.49493134075911865
2026-02-18 14:55:00+00:00,1,0.507184991582885
2026-02-18 15:00:00+00:00,0,0.4889472781309481
2026-02-18 15:05:00+00:00,1,0.48039132570450715
2026-02-18 15:10:00+00:00,1,0.47673626793315343
2026-02-18 15:15:00+00:00,1,0.4665400597031344
2026-02-18 15:20:00+00:00,1,0.4756768804297663
2026-02-18 15:25:00+00:00,1,0.4853156880705249
2026-02-18 15:30:00+00:00,0,0.4840983694103501
2026-02-18 15:35:00+00:00,0,0.46712994640554534
2026-02-18 15:40:00+00:00,0,0.47751886589335385
2026-02-18 15:45:00+00:00,0,0.4753076648457039
2026-02-18 15:50:00+00:00,0,0.4925076248233505
2026-02-18 15:55:00+00:00,0,0.491819461580411
2026-02-18 16:00:00+00:00,0,0.5123035674933714
2026-02-18 16:05:00+00:00,1,0.49187715099496626
2026-02-18 16:10:00+00:00,1,0.49298431991965475
2026-02-18 16:15:00+00:00,0,0.4915756570788503
2026-02-18 16:20:00+00:00,0,0.49261369796490395
2026-02-18 16:25:00+00:00,0,0.5095943969409393
2026-02-18 16:30:00+00:00,1,0.5054738030495477
2026-02-18 16:35:00+00:00,1,0.5021721126033506
2026-02-18 16:40:00+00:00,1,0.5020539894244531
2026-02-18 16:45:00+00:00,1,0.4978843572392451
2026-02-18 16:50:00+00:00,1,0.4653002752456539
2026-02-18 16:55:00+00:00,1,0.46412758578814406
2026-02-18 17:00:00+00:00,0,0.4864873515677536
2026-02-18 17:05:00+00:00,0,0.48100368093931783
2026-02-18 17:10:00+00:00,0,0.5012148100098933
2026-02-18 17:15:00+00:00,0,0.4878101777553216
2026-02-18 17:20:00+00:00,0,0.49722706278318063
2026-02-18 17:25:00+00:00,0,0.5047920208565327
2026-02-18 17:30:00+00:00,0,0.5075441892175
2026-02-18 17:35:00+00:00,0,0.4894466076941813
2026-02-18 17:40:00+00:00,0,0.4915294114284558
2026-02-18 17:45:00+00:00,0,0.4963239892434328
2026-02-18 17:50:00+00:00,0,0.5016047708438153
2026-02-18 17:55:00+00:00,0,0.49442450846031266
2026-02-18 18:00:00+00:00,0,0.48308667658827864
2026-02-18 18:05:00+00:00,0,0.506903669584975
2026-02-18 18:10:00+00:00,0,0.5065935269911794
2026-02-18 18:15:00+00:00,0,0.5374287942413405
2026-02-18 18:20:00+00:00,0,0.5324007481015308
2026-02-18 18:25:00+00:00,0,0.541940791254262
2026-02-18 18:30:00+00:00,0,0.5404692247902765
2026-02-18 18:35:00+00:00,0,0.5308644933595762
2026-02-18 18:40:00+00:00,1,0.5124822128433577
2026-02-18 18:45:00+00:00,0,0.49328433483502443
2026-02-18 18:50:00+00:00,0,0.507222269295016
2026-02-18 18:55:00+00:00,0,0.519283470445475
2026-02-18 19:00:00+00:00,0,0.5136181067946203
2026-02-18 19:05:00+00:00,0,0.5087465770371852
2026-02-18 19:10:00+00:00,0,0.5103513918917608
2026-02-18 19:15:00+00:00,0,0.5103246867877789
2026-02-18 19:20:00+00:00,0,0.5027188094259757
2026-02-18 19:25:00+00:00,0,0.493604742252237
2026-02-18 19:30:00+00:00,1,0.5242449930787576
2026-02-18 19:35:00+00:00,1,0.5164043227042662
2026-02-18 19:40:00+00:00,1,0.5154607662964854
2026-02-18 19:45:00+00:00,1,0.5134927524081103
2026-02-18 19:50:00+00:00,1,0.49691922790693593
2026-02-18 19:55:00+00:00,1,0.49169681502948687
2026-02-18 20:00:00+00:00,1,0.5039466846827076
2026-02-18 20:05:00+00:00,1,0.5087519503805804
2026-02-18 20:10:00+00:00,1,0.5102724301242577
2026-02-18 20:15:00+00:00,1,0.5107941042499099
2026-02-18 20:20:00+00:00,1,0.5100845870639364
2026-02-18 20:25:00+00:00,1,0.509671519201998
2026-02-18 20:30:00+00:00,0,0.47441872732420864
2026-02-18 20:35:00+00:00,0,0.4724069690502391
2026-02-18 20:40:00+00:00,0,0.4989399827660385
2026-02-18 20:45:00+00:00,0,0.5074887658041769
2026-02-18 20:50:00+00:00,1,0.5257410362900582
2026-02-18 20:55:00+00:00,1,0.5268562227791888
2026-02-18 21:00:00+00:00,1,0.5495422358575192
2026-02-18 21:05:00+00:00,1,0.5447499362021525
2026-02-18 21:10:00+00:00,1,0.517557447793082
2026-02-18 21:15:00+00:00,1,0.5370829238405975
2026-02-18 21:20:00+00:00,0,0.5290966975717538
2026-02-18 21:25:00+00:00,0,0.5197337737364843
2026-02-18 21:30:00+00:00,0,0.5106638858140874
2026-02-18 21:35:00+00:00,0,0.5249056483641565
2026-02-18 21:40:00+00:00,0,0.5171736053091868
2026-02-18 21:45:00+00:00,0,0.5147119602712157
2026-02-18 21:50:00+00:00,0,0.5030537110021462
2026-02-18 21:55:00+00:00,0,0.5046009370502624
2026-02-18 22:00:00+00:00,1,0.4957228432863179
2026-02-18 22:05:00+00:00,1,0.495246013174054
2026-02-18 22:10:00+00:00,1,0.506231402832045
2026-02-18 22:15:00+00:00,1,0.5044812940029649
2026-02-18 22:20:00+00:00,1,0.5110293940276638
2026-02-18 22:25:00+00:00,1,0.5148189253772542
2026-02-18 22:30:00+00:00,0,0.5039468430935713
2026-02-18 22:35:00+00:00,0,0.491852115832625
2026-02-18 22:40:00+00:00,1,0.503230082892223
2026-02-18 22:45:00+00:00,0,0.5038712357618381
2026-02-18 22:50:00+00:00,0,0.4980709851250283
2026-02-18 22:55:00+00:00,0,0.49247681893776074
2026-02-18 23:00:00+00:00,1,0.496863703585731
2026-02-18 23:05:00+00:00,1,0.49426561016116577
2026-02-18 23:10:00+00:00,1,0.5034160832477172
2026-02-18 23:15:00+00:00,1,0.5040150502114235
2026-02-18 23:20:00+00:00,1,0.5031169637296432
2026-02-18 23:25:00+00:00,1,0.5073432204911414
2026-02-18 23:30:00+00:00,1,0.49854142137871255
2026-02-18 23:35:00+00:00,1,0.5087551630733499
2026-02-18 23:40:00+00:00,0,0.49932003293935734
2026-02-18 23:45:00+00:00,0,0.48238885704001155
2026-02-18 23:50:00+00:00,0,0.45930853004266825
2026-02-18 23:55:00+00:00,0,0.45724732895245246
2026-02-19 00:00:00+00:00,0,0.4892795947038696
2026-02-19 00:05:00+00:00,0,0.5030279459542459
2026-02-19 00:10:00+00:00,1,0.502962633692576
2026-02-19 00:15:00+00:00,0,0.4932237386208212
2026-02-19 00:20:00+00:00,1,0.48645310120741003
2026-02-19 00:25:00+00:00,1,0.4882997746432054
2026-02-19 00:30:00+00:00,1,0.4840740877654306
2026-02-19 00:35:00+00:00,1,0.4740180969619733
2026-02-19 00:40:00+00:00,1,0.4689889869700555
2026-02-19 00:45:00+00:00,1,0.48456691346164593
2026-02-19 00:50:00+00:00,1,0.488370233499142
2026-02-19 00:55:00+00:00,1,0.497405371496461
2026-02-19 01:00:00+00:00,1,0.497560416201855
2026-02-19 01:05:00+00:00,0,0.48923434687733525
2026-02-19 01:10:00+00:00,0,0.4921791995000064
2026-02-19 01:15:00+00:00,1,0.5078873825590261
2026-02-19 01:20:00+00:00,1,0.5057314533303342
2026-02-19 01:25:00+00:00,1,0.5055276369513205
2026-02-19 01:30:00+00:00,1,0.4954953686595481
2026-02-19 01:35:00+00:00,1,0.4941526373864571
2026-02-19 01:40:00+00:00,1,0.4999458283692495
2026-02-19 01:45:00+00:00,0,0.49320843120680224
2026-02-19 01:50:00+00:00,0,0.49689712905950234
2026-02-19 01:55:00+00:00,1,0.48686990916610934
2026-02-19 02:00:00+00:00,0,0.49559550524627155
2026-02-19 02:05:00+00:00,0,0.49931669479436863
2026-02-19 02:10:00+00:00,0,0.5065116035965935
2026-02-19 02:15:00+00:00,0,0.49913474901903143
2026-02-19 02:20:00+00:00,0,0.5082299802065114
2026-02-19 02:25:00+00:00,0,0.49794231558704183
2026-02-19 02:30:00+00:00,1,0.49997040621446437
2026-02-19 02:35:00+00:00,1,0.4980081383227286
2026-02-19 02:40:00+00:00,1,0.49497736861056196
2026-02-19 02:45:00+00:00,1,0.49141525158573596
2026-02-19 02:50:00+00:00,1,0.5068872987846498
2026-02-19 02:55:00+00:00,1,0.49591001559312264
2026-02-19 03:00:00+00:00,1,0.49549235891006604
2026-02-19 03:05:00+00:00,1,0.49483315282332796
2026-02-19 03:10:00+00:00,1,0.4932994273508016
2026-02-19 03:15:00+00:00,0,0.5005166294076141
2026-02-19 03:20:00+00:00,0,0.49564085535617697
2026-02-19 03:25:00+00:00,0,0.5038138229523934
2026-02-19 03:30:00+00:00,1,0.49232723076337415
2026-02-19 03:35:00+00:00,1,0.48587795978570475
2026-02-19 03:40:00+00:00,1,0.4820033486939381
2026-02-19 03:45:00+00:00,1,0.5032647303084339
2026-02-19 03:50:00+00:00,1,0.4988968698964629
2026-02-19 03:55:00+00:00,0,0.5043919517437748
2026-02-19 04:00:00+00:00,0,0.5060124982019603
2026-02-19 04:05:00+00:00,0,0.5130216350872745
2026-02-19 04:10:00+00:00,0,0.49432229476921513
2026-02-19 04:15:00+00:00,0,0.5025036912549151
2026-02-19 04:20:00+00:00,0,0.5100690794490079
2026-02-19 04:25:00+00:00,0,0.5011601551648004
2026-02-19 04:30:00+00:00,0,0.5143251629992227
2026-02-19 04:35:00+00:00,0,0.5102910253783655
2026-02-19 04:40:00+00:00,1,0.5021177526603137
2026-02-19 04:45:00+00:00,1,0.5005209407101064
2026-02-19 04:50:00+00:00,1,0.5061433230781408
2026-02-19 04:55:00+00:00,1,0.5067394970591729
2026-02-19 05:00:00+00:00,0,0.48620860891147416
2026-02-19 05:05:00+00:00,1,0.5012807918348078
2026-02-19 05:10:00+00:00,0,0.5085348883365779
2026-02-19 05:15:00+00:00,0,0.5017349120249884
2026-02-19 05:20:00+00:00,1,0.5021931029506975
2026-02-19 05:25:00+00:00,1,0.5168073074107176
2026-02-19 05:30:00+00:00,1,0.4944516516256458
2026-02-19 05:35:00+00:00,1,0.5100706064579031
2026-02-19 05:40:00+00:00,1,0.48645700228198574
2026-02-19 05:45:00+00:00,1,0.5188350567751953
2026-02-19 05:50:00+00:00,1,0.5177654433198173
2026-02-19 05:55:00+00:00,1,0.5259073970418696
2026-02-19 06:00:00+00:00,1,0.5331545194427655
2026-02-19 06:05:00+00:00,1,0.5013007074515731
2026-02-19 06:10:00+00:00,1,0.5085136661282447
2026-02-19 06:15:00+00:00,1,0.5072946409999449
2026-02-19 06:20:00+00:00,1,0.4857496857551396
2026-02-19 06:25:00+00:00,0,0.4984751342071811
2026-02-19 06:30:00+00:00,0,0.49304329749538944
2026-02-19 06:35:00+00:00,0,0.47104498287407753
2026-02-19 06:40:00+00:00,1,0.49269782385210276
2026-02-19 06:45:00+00:00,1,0.4944868167254669
2026-02-19 06:50:00+00:00,0,0.4971872551577874
2026-02-19 06:55:00+00:00,1,0.5111343188279066
2026-02-19 07:00:00+00:00,0,0.5119623718502395
2026-02-19 07:05:00+00:00,1,0.5102721134165205
2026-02-19 07:10:00+00:00,0,0.49537616699111403
2026-02-19 07:15:00+00:00,0,0.4950344962170656
2026-02-19 07:20:00+00:00,0,0.4963553661829966
2026-02-19 07:25:00+00:00,0,0.5038025304722739
2026-02-19 07:30:00+00:00,1,0.5064839072778198
2026-02-19 07:35:00+00:00,0,0.5105855934449038
2026-02-19 07:40:00+00:00,1,0.5049101237111157
2026-02-19 07:45:00+00:00,0,0.5116959329210647
2026-02-19 07:50:00+00:00,0,0.4935023289586751
2026-02-19 07:55:00+00:00,0,0.5033618040083355
2026-02-19 08:00:00+00:00,0,0.490079589448292
2026-02-19 08:05:00+00:00,0,0.4927732331737378
2026-02-19 08:10:00+00:00,0,0.4929807222146423
2026-02-19 08:15:00+00:00,0,0.4866834879160854
2026-02-19 08:20:00+00:00,0,0.5020793136777939
2026-02-19 08:25:00+00:00,0,0.4822989919179406
2026-02-19 08:30:00+00:00,0,0.5106653109520589
2026-02-19 08:35:00+00:00,0,0.49626972180302964
2026-02-19 08:40:00+00:00,1,0.5009723482402418
2026-02-19 08:45:00+00:00,0,0.5090779557792423
2026-02-19 08:50:00+00:00,1,0.5028219381576796
2026-02-19 08:55:00+00:00,1,0.5044284875119017
2026-02-19 09:00:00+00:00,1,0.5135599075635139
2026-02-19 09:05:00+00:00,1,0.50263579934137
2026-02-19 09:10:00+00:00,0,0.49600428108233235
2026-02-19 09:15:00+00:00,0,0.5019968457401028
2026-02-19 09:20:00+00:00,0,0.488169596628967
2026-02-19 09:25:00+00:00,0,0.4860269669076082
2026-02-19 09:30:00+00:00,0,0.47851338306282565
2026-02-19 09:35:00+00:00,0,0.47997001813938506
2026-02-19 09:40:00+00:00,0,0.48870677982200905
2026-02-19 09:45:00+00:00,1,0.514288823902276
2026-02-19 09:50:00+00:00,1,0.5060578904437971
2026-02-19 09:55:00+00:00,1,0.50834180584197
2026-02-19 10:00:00+00:00,1,0.5160246371449873
2026-02-19 10:05:00+00:00,1,0.5131787710389613
2026-02-19 10:10:00+00:00,1,0.5122256713891422
2026-02-19 10:15:00+00:00,0,0.5005968694100148
2026-02-19 10:20:00+00:00,0,0.5072000610652323
2026-02-19 10:25:00+00:00,0,0.5034443147569837
2026-02-19 10:30:00+00:00,0,0.49686020715153123
2026-02-19 10:35:00+00:00,1,0.4987607419701472
2026-02-19 10:40:00+00:00,1,0.5071275418902667
2026-02-19 10:45:00+00:00,1,0.5078264961405771
2026-02-19 10:50:00+00:00,1,0.5098983812989776
2026-02-19 10:55:00+00:00,1,0.5044833193624344
2026-02-19 11:00:00+00:00,1,0.507425660497575
2026-02-19 11:05:00+00:00,0,0.4939403158174681
2026-02-19 11:10:00+00:00,0,0.4943629810569976
2026-02-19 11:15:00+00:00,0,0.5045840779802259
2026-02-19 11:20:00+00:00,0,0.5081433925472637
2026-02-19 11:25:00+00:00,0,0.5009693835205299
2026-02-19 11:30:00+00:00,0,0.49604137181879865
2026-02-19 11:35:00+00:00,0,0.5000815044117103
2026-02-19 11:40:00+00:00,0,0.5014168855703078
2026-02-19 11:45:00+00:00,0,0.5006116930428113
2026-02-19 11:50:00+00:00,0,0.5015201976291903
2026-02-19 11:55:00+00:00,0,0.5065270583061289
2026-02-19 12:00:00+00:00,1,0.5094057520274814
2026-02-19 12:05:00+00:00,0,0.5102939662310311
2026-02-19 12:10:00+00:00,0,0.506404766638395
2026-02-19 12:15:00+00:00,0,0.5328116903449285
2026-02-19 12:20:00+00:00,0,0.5247502257466885
2026-02-19 12:25:00+00:00,0,0.5227359462146545
2026-02-19 12:30:00+00:00,0,0.5035934039139703
2026-02-19 12:35:00+00:00,0,0.5121243987809756
2026-02-19 12:40:00+00:00,0,0.5007964338824459
2026-02-19 12:45:00+00:00,0,0.5307838593005769
2026-02-19 12:50:00+00:00,0,0.5384139144550698
2026-02-19 12:55:00+00:00,0,0.5494315200462616
2026-02-19 13:00:00+00:00,0,0.5480978204761021
2026-02-19 13:05:00+00:00,0,0.5316938037285274
2026-02-19 13:10:00+00:00,0,0.5289703432023763
2026-02-19 13:15:00+00:00,0,0.5300566377568173
2026-02-19 13:20:00+00:00,0,0.5300606741604714
2026-02-19 13:25:00+00:00,0,0.5287534096782218
2026-02-19 13:30:00+00:00,0,0.5164663565332315
2026-02-19 13:35:00+00:00,1,0.5314474723455419
2026-02-19 13:40:00+00:00,1,0.5311284675788293
2026-02-19 13:45:00+00:00,1,0.5227575823514119
2026-02-19 13:50:00+00:00,1,0.5074464429634297
2026-02-19 13:55:00+00:00,1,0.51867787596064
2026-02-19 14:00:00+00:00,1,0.5157836403976193
2026-02-19 14:05:00+00:00,1,0.5025078892989407
2026-02-19 14:10:00+00:00,1,0.49582283356942575
2026-02-19 14:15:00+00:00,1,0.49000001461892984
2026-02-19 14:20:00+00:00,1,0.49384614874008415
2026-02-19 14:25:00+00:00,1,0.5097296264157043
2026-02-19 14:30:00+00:00,1,0.5093124749082366
2026-02-19 14:35:00+00:00,1,0.4714513699708687
2026-02-19 14:40:00+00:00,0,0.4760748665027631
2026-02-19 14:45:00+00:00,0,0.4827135235270173
2026-02-19 14:50:00+00:00,0,0.4597474818094366
2026-02-19 14:55:00+00:00,0,0.45046699636024395
2026-02-19 15:00:00+00:00,0,0.48091093584789557
2026-02-19 15:05:00+00:00,0,0.481868589956035
2026-02-19 15:10:00+00:00,1,0.46638560724315936
2026-02-19 15:15:00+00:00,0,0.4657381737127026
2026-02-19 15:20:00+00:00,1,0.474269927401228
2026-02-19 15:25:00+00:00,1,0.49790058376047336
2026-02-19 15:30:00+00:00,0,0.4732446997359238
2026-02-19 15:35:00+00:00,0,0.4853488147346916
2026-02-19 15:40:00+00:00,0,0.4852180329993208
2026-02-19 15:45:00+00:00,1,0.47662571060143244
2026-02-19 15:50:00+00:00,0,0.493683170471397
2026-02-19 15:55:00+00:00,0,0.5033244749627466
2026-02-19 16:00:00+00:00,1,0.4980603597790721
2026-02-19 16:05:00+00:00,1,0.4867853655539524
2026-02-19 16:10:00+00:00,1,0.47753963920473846
2026-02-19 16:15:00+00:00,0,0.473565756349054
2026-02-19 16:20:00+00:00,1,0.48372746649455106
2026-02-19 16:25:00+00:00,1,0.4854889713408526
2026-02-19 16:30:00+00:00,0,0.4807649282734379
2026-02-19 16:35:00+00:00,0,0.48910965471324275
2026-02-19 16:40:00+00:00,1,0.48578663572044556
2026-02-19 16:45:00+00:00,1,0.5029122010608669
2026-02-19 16:50:00+00:00,1,0.4967947593917094
2026-02-19 16:55:00+00:00,1,0.49348471329332955
2026-02-19 17:00:00+00:00,1,0.49128154492524834
2026-02-19 17:05:00+00:00,1,0.48244859822729286
2026-02-19 17:10:00+00:00,0,0.4809858448083557
2026-02-19 17:15:00+00:00,0,0.4964026749224819
2026-02-19 17:20:00+00:00,0,0.5218208502543844
2026-02-19 17:25:00+00:00,0,0.5095839223949631
2026-02-19 17:30:00+00:00,0,0.5192609290297516
2026-02-19 17:35:00+00:00,0,0.5014792349220877
2026-02-19 17:40:00+00:00,1,0.49285661880962683
2026-02-19 17:45:00+00:00,1,0.5034414293732737
2026-02-19 17:50:00+00:00,1,0.48451086918791697
2026-02-19 17:55:00+00:00,1,0.48259819073018895
2026-02-19 18:00:00+00:00,1,0.49541073372422256
2026-02-19 18:05:00+00:00,1,0.5010451196399224
2026-02-19 18:10:00+00:00,1,0.5052649607165131
2026-02-19 18:15:00+00:00,1,0.5056591662768499
2026-02-19 18:20:00+00:00,1,0.5047522269301409
2026-02-19 18:25:00+00:00,1,0.4843090282536163
2026-02-19 18:30:00+00:00,1,0.5024033115054366
2026-02-19 18:35:00+00:00,1,0.4862475508459183
2026-02-19 18:40:00+00:00,0,0.5009948325817704
2026-02-19 18:45:00+00:00,0,0.48623438926749013
2026-02-19 18:50:00+00:00,0,0.4933740528926187
2026-02-19 18:55:00+00:00,0,0.4890997241875952
2026-02-19 19:00:00+00:00,0,0.4873784982400344
2026-02-19 19:05:00+00:00,0,0.4944158982342333
2026-02-19 19:10:00+00:00,0,0.4979382985580112
2026-02-19 19:15:00+00:00,0,0.5104943610289782
2026-02-19 19:20:00+00:00,1,0.4849563173422352
2026-02-19 19:25:00+00:00,1,0.49943913120052
2026-02-19 19:30:00+00:00,1,0.5029559123625745
2026-02-19 19:35:00+00:00,1,0.5172971622814906
2026-02-19 19:40:00+00:00,1,0.5083765468487197
2026-02-19 19:45:00+00:00,1,0.5181402242773471
2026-02-19 19:50:00+00:00,1,0.5044128616595739
2026-02-19 19:55:00+00:00,1,0.49209210096479067
2026-02-19 20:00:00+00:00,1,0.4980485802442294
2026-02-19 20:05:00+00:00,0,0.48584176133221463
2026-02-19 20:10:00+00:00,0,0.5010944335256569
2026-02-19 20:15:00+00:00,1,0.4962825871161755
2026-02-19 20:20:00+00:00,1,0.506114902143347
2026-02-19 20:25:00+00:00,1,0.5191580736463397
2026-02-19 20:30:00+00:00,1,0.5184719194336288
2026-02-19 20:35:00+00:00,1,0.5191500738405591
2026-02-19 20:40:00+00:00,0,0.49567696124599875
2026-02-19 20:45:00+00:00,0,0.5050855458283146
2026-02-19 20:50:00+00:00,0,0.4866624781581893
2026-02-19 20:55:00+00:00,0,0.4969198955118335
2026-02-19 21:00:00+00:00,0,0.4987993850835539
2026-02-19 21:05:00+00:00,0,0.5078354220905125
2026-02-19 21:10:00+00:00,1,0.5028149339206203
2026-02-19 21:15:00+00:00,1,0.5170444175357027
2026-02-19 21:20:00+00:00,1,0.5069509377835635
2026-02-19 21:25:00+00:00,1,0.5122930728148914
2026-02-19 21:30:00+00:00,1,0.5187231435116374
2026-02-19 21:35:00+00:00,1,0.5019297895403317
2026-02-19 21:40:00+00:00,1,0.4961791895158182
2026-02-19 21:45:00+00:00,1,0.4983670583970386
2026-02-19 21:50:00+00:00,1,0.4966487470155311
2026-02-19 21:55:00+00:00,1,0.48701070000290053
2026-02-19 22:00:00+00:00,1,0.45354454450940584
2026-02-19 22:05:00+00:00,0,0.4836722364180764
2026-02-19 22:10:00+00:00,0,0.48821786539408296
2026-02-19 22:15:00+00:00,0,0.5054876292550621
2026-02-19 22:20:00+00:00,1,0.5071106848158817
2026-02-19 22:25:00+00:00,1,0.5134725119137097
2026-02-19 22:30:00+00:00,1,0.5106856813575946
2026-02-19 22:35:00+00:00,1,0.5229831983395653
2026-02-19 22:40:00+00:00,1,0.5157310404278727
2026-02-19 22:45:00+00:00,1,0.5110859678097456
2026-02-19 22:50:00+00:00,1,0.5304969432568108
2026-02-19 22:55:00+00:00,1,0.5246733648980649
2026-02-19 23:00:00+00:00,1,0.5149170706883595
2026-02-19 23:05:00+00:00,1,0.5219625118314491
2026-02-19 23:10:00+00:00,1,0.5099387287555557
2026-02-19 23:15:00+00:00,1,0.5139426452154072
2026-02-19 23:20:00+00:00,1,0.49915253735218856
2026-02-19 23:25:00+00:00,1,0.5035780039474647
2026-02-19 23:30:00+00:00,0,0.5125106881459638
2026-02-19 23:35:00+00:00,1,0.5081480081547474
2026-02-19 23:40:00+00:00,1,0.4870161618311853
2026-02-19 23:45:00+00:00,1,0.4703720039044315
2026-02-19 23:50:00+00:00,1,0.46457824788795254
2026-02-19 23:55:00+00:00,1,0.45643896700083036
2026-02-20 00:00:00+00:00,1,0.4934467440658682
2026-02-20 00:05:00+00:00,1,0.47288281683663935
2026-02-20 00:10:00+00:00,1,0.47682226293675894
2026-02-20 00:15:00+00:00,0,0.47621622307808004
2026-02-20 00:20:00+00:00,0,0.47324261795547906
2026-02-20 00:25:00+00:00,0,0.47675443561788333
2026-02-20 00:30:00+00:00,0,0.4837588854189704
2026-02-20 00:35:00+00:00,0,0.49741266997002903
2026-02-20 00:40:00+00:00,0,0.4639480161025814
2026-02-20 00:45:00+00:00,0,0.4700930948461009
2026-02-20 00:50:00+00:00,0,0.49006399115841665
2026-02-20 00:55:00+00:00,0,0.4851594291921101
2026-02-20 01:00:00+00:00,0,0.5040824990740164
2026-02-20 01:05:00+00:00,1,0.5066060287349065
2026-02-20 01:10:00+00:00,1,0.5024377898386639
2026-02-20 01:15:00+00:00,0,0.5055377067506166
2026-02-20 01:20:00+00:00,1,0.5129220894398565
2026-02-20 01:25:00+00:00,1,0.5042382385030599
2026-02-20 01:30:00+00:00,1,0.5023318200941778
2026-02-20 01:35:00+00:00,1,0.498052552017984
2026-02-20 01:40:00+00:00,0,0.49625272647169133
2026-02-20 01:45:00+00:00,1,0.4969572361421737
2026-02-20 01:50:00+00:00,1,0.49932524949825774
2026-02-20 01:55:00+00:00,0,0.4945659157701107
2026-02-20 02:00:00+00:00,0,0.487442725393263
2026-02-20 02:05:00+00:00,0,0.494421182038807
2026-02-20 02:10:00+00:00,1,0.5024389553349204
2026-02-20 02:15:00+00:00,0,0.497624461956641
2026-02-20 02:20:00+00:00,1,0.5089252763784735
2026-02-20 02:25:00+00:00,1,0.503372677966995
2026-02-20 02:30:00+00:00,1,0.5023607199260761
2026-02-20 02:35:00+00:00,0,0.4981128981146878
2026-02-20 02:40:00+00:00,0,0.49614201941386543
2026-02-20 02:45:00+00:00,0,0.5062724273872578
2026-02-20 02:50:00+00:00,1,0.5054166765194186
2026-02-20 02:55:00+00:00,1,0.517373700538832
2026-02-20 03:00:00+00:00,1,0.5067599182960367
2026-02-20 03:05:00+00:00,1,0.5172379044759123
2026-02-20 03:10:00+00:00,1,0.5176146121371648
2026-02-20 03:15:00+00:00,1,0.5089393826362227
2026-02-20 03:20:00+00:00,0,0.5017779114080159
2026-02-20 03:25:00+00:00,0,0.49000714070245227
2026-02-20 03:30:00+00:00,0,0.49816886512322994
2026-02-20 03:35:00+00:00,0,0.5027496439682706
2026-02-20 03:40:00+00:00,0,0.49801414689980505
2026-02-20 03:45:00+00:00,0,0.5053030679625103
2026-02-20 03:50:00+00:00,0,0.5087824709326657
2026-02-20 03:55:00+00:00,0,0.5049783284831939
2026-02-20 04:00:00+00:00,0,0.5151986568650461
2026-02-20 04:05:00+00:00,0,0.5134428521597144
2026-02-20 04:10:00+00:00,1,0.5132397091453208
2026-02-20 04:15:00+00:00,1,0.5154728399711593
2026-02-20 04:20:00+00:00,1,0.5018526736933624
2026-02-20 04:25:00+00:00,1,0.5119956663459514
2026-02-20 04:30:00+00:00,0,0.49983323649600686
2026-02-20 04:35:00+00:00,0,0.5055836430812991
2026-02-20 04:40:00+00:00,0,0.5075190739153118
2026-02-20 04:45:00+00:00,0,0.5045813850539783
2026-02-20 04:50:00+00:00,0,0.49645378563254994
2026-02-20 04:55:00+00:00,1,0.509630345156633
2026-02-20 05:00:00+00:00,1,0.5132958862901758
2026-02-20 05:05:00+00:00,1,0.5165135371706316
2026-02-20 05:10:00+00:00,1,0.526687379099715
2026-02-20 05:15:00+00:00,1,0.5341892937515506
2026-02-20 05:20:00+00:00,1,0.5177419588025879
2026-02-20 05:25:00+00:00,1,0.5103496047667807
2026-02-20 05:30:00+00:00,0,0.47518604757603744
2026-02-20 05:35:00+00:00,1,0.4914403425792132
2026-02-20 05:40:00+00:00,0,0.4800308560509012
2026-02-20 05:45:00+00:00,0,0.48841858233956487
2026-02-20 05:50:00+00:00,0,0.4929550518185523
2026-02-20 05:55:00+00:00,0,0.4948910268585076
2026-02-20 06:00:00+00:00,1,0.5153547817219556
2026-02-20 06:05:00+00:00,1,0.5166505447240654
2026-02-20 06:10:00+00:00,1,0.5081908155853212
2026-02-20 06:15:00+00:00,1,0.5124497115451154
2026-02-20 06:20:00+00:00,1,0.5167773544518016
2026-02-20 06:25:00+00:00,1,0.5148869748745779
2026-02-20 06:30:00+00:00,1,0.49906439912538075
2026-02-20 06:35:00+00:00,1,0.4965939246290431
2026-02-20 06:40:00+00:00,1,0.4997519327260411
2026-02-20 06:45:00+00:00,1,0.48987943737973666
2026-02-20 06:50:00+00:00,1,0.4957622758742434
2026-02-20 06:55:00+00:00,1,0.5110700204108507
2026-02-20 07:00:00+00:00,1,0.4897537487383939
2026-02-20 07:05:00+00:00,0,0.5027740173861805
2026-02-20 07:10:00+00:00,0,0.5117722270409594
2026-02-20 07:15:00+00:00,0,0.5004718869096147
2026-02-20 07:20:00+00:00,0,0.5020927452591364
2026-02-20 07:25:00+00:00,0,0.5051552210120469
2026-02-20 07:30:00+00:00,0,0.49698031945793264
2026-02-20 07:35:00+00:00,0,0.4948311614611319
2026-02-20 07:40:00+00:00,0,0.5011280072397774
2026-02-20 07:45:00+00:00,0,0.4992744983839125
2026-02-20 07:50:00+00:00,0,0.4910726077945824
2026-02-20 07:55:00+00:00,1,0.4927048494459113
2026-02-20 08:00:00+00:00,0,0.5014229394566992
2026-02-20 08:05:00+00:00,0,0.49727351260082175
2026-02-20 08:10:00+00:00,0,0.5034202246247929
2026-02-20 08:15:00+00:00,0,0.5035850985691761
2026-02-20 08:20:00+00:00,1,0.5021817874005228
2026-02-20 08:25:00+00:00,1,0.5024959401484419
2026-02-20 08:30:00+00:00,1,0.4984801017827338
2026-02-20 08:35:00+00:00,1,0.5071485170460965
2026-02-20 08:40:00+00:00,1,0.5035153969604028
2026-02-20 08:45:00+00:00,1,0.5109703430033553
2026-02-20 08:50:00+00:00,1,0.5013456307309563
2026-02-20 08:55:00+00:00,1,0.5083023360690225
2026-02-20 09:00:00+00:00,1,0.4813671202432228
2026-02-20 09:05:00+00:00,1,0.4870145730381656
2026-02-20 09:10:00+00:00,0,0.4882808367842811
2026-02-20 09:15:00+00:00,0,0.5229345527993309
2026-02-20 09:20:00+00:00,0,0.5039524553636604
2026-02-20 09:25:00+00:00,0,0.5122270963232216
2026-02-20 09:30:00+00:00,0,0.5033497193138156
2026-02-20 09:35:00+00:00,1,0.5044967048350022
2026-02-20 09:40:00+00:00,1,0.5199041473911616
2026-02-20 09:45:00+00:00,1,0.5260686737918684
2026-02-20 09:50:00+00:00,1,0.5143160612794351
2026-02-20 09:55:00+00:00,1,0.5079880788136707
2026-02-20 10:00:00+00:00,1,0.4965694271390833
2026-02-20 10:05:00+00:00,0,0.5092791728057523
2026-02-20 10:10:00+00:00,0,0.5039473070110962
2026-02-20 10:15:00+00:00,0,0.518982256448648
2026-02-20 10:20:00+00:00,0,0.5061532228769253
2026-02-20 10:25:00+00:00,0,0.49880117296440774
2026-02-20 10:30:00+00:00,0,0.5064345561406968
2026-02-20 10:35:00+00:00,0,0.5003399112096895
2026-02-20 10:40:00+00:00,0,0.5130494303366581
2026-02-20 10:45:00+00:00,0,0.5126160505815162
2026-02-20 10:50:00+00:00,0,0.5138727565756772
2026-02-20 10:55:00+00:00,1,0.5162530679167134
2026-02-20 11:00:00+00:00,1,0.5135014252768081
2026-02-20 11:05:00+00:00,0,0.5184708007016124
2026-02-20 11:10:00+00:00,0,0.522026728776996
2026-02-20 11:15:00+00:00,0,0.520836724497126
2026-02-20 11:20:00+00:00,0,0.5244946467776078
2026-02-20 11:25:00+00:00,0,0.5109598696427616
2026-02-20 11:30:00+00:00,0,0.5143451415234921
2026-02-20 11:35:00+00:00,0,0.5053856183642713
2026-02-20 11:40:00+00:00,1,0.4981805994169765
2026-02-20 11:45:00+00:00,1,0.49588152441227223
2026-02-20 11:50:00+00:00,1,0.5085516534069174
2026-02-20 11:55:00+00:00,1,0.5169141198077933
2026-02-20 12:00:00+00:00,0,0.5261438087781197
2026-02-20 12:05:00+00:00,0,0.5163561353631398
2026-02-20 12:10:00+00:00,0,0.5027387698439871
2026-02-20 12:15:00+00:00,1,0.5041659698056709
2026-02-20 12:20:00+00:00,0,0.5115492354206049
2026-02-20 12:25:00+00:00,1,0.4958644840285534
2026-02-20 12:30:00+00:00,0,0.5131112626033342
2026-02-20 12:35:00+00:00,0,0.5108647833046157
2026-02-20 12:40:00+00:00,0,0.5154913122062522
2026-02-20 12:45:00+00:00,0,0.49934969151152914
2026-02-20 12:50:00+00:00,0,0.5023529348515255
2026-02-20 12:55:00+00:00,0,0.5121392815629796
2026-02-20 13:00:00+00:00,0,0.5094682380557816
2026-02-20 13:05:00+00:00,0,0.5041796948747248
2026-02-20 13:10:00+00:00,0,0.5032733751846779
2026-02-20 13:15:00+00:00,0,0.5126105433100613
2026-02-20 13:20:00+00:00,0,0.5328557329337066
2026-02-20 13:25:00+00:00,0,0.51735097197115
2026-02-20 13:30:00+00:00,0,0.5024637475839429
2026-02-20 13:35:00+00:00,1,0.5087733532356653
2026-02-20 13:40:00+00:00,1,0.5107977349176042
2026-02-20 13:45:00+00:00,1,0.5055950140057722
2026-02-20 13:50:00+00:00,1,0.4889395588966282
2026-02-20 13:55:00+00:00,1,0.49716920708465556
2026-02-20 14:00:00+00:00,1,0.47691089591108865
2026-02-20 14:05:00+00:00,1,0.4992215293995935
2026-02-20 14:10:00+00:00,1,0.5005236451754099
2026-02-20 14:15:00+00:00,1,0.5099974342431394
2026-02-20 14:20:00+00:00,1,0.5236464072621856
2026-02-20 14:25:00+00:00,1,0.502131874482188
2026-02-20 14:30:00+00:00,1,0.4781773761019075
2026-02-20 14:35:00+00:00,1,0.4717138880473307
2026-02-20 14:40:00+00:00,1,0.4750919186871355
2026-02-20 14:45:00+00:00,1,0.4802328455436344
2026-02-20 14:50:00+00:00,1,0.47046489125966034
2026-02-20 14:55:00+00:00,1,0.4728381497038584
2026-02-20 15:00:00+00:00,0,0.47889014689540443
2026-02-20 15:05:00+00:00,0,0.4897155175684352
2026-02-20 15:10:00+00:00,1,0.48233130887330894
2026-02-20 15:15:00+00:00,1,0.4876448974593947
2026-02-20 15:20:00+00:00,1,0.5271175888809337
2026-02-20 15:25:00+00:00,1,0.5004375662174465
2026-02-20 15:30:00+00:00,1,0.5035050322289212
2026-02-20 15:35:00+00:00,1,0.5016739886448287
2026-02-20 15:40:00+00:00,1,0.5032762718966991
2026-02-20 15:45:00+00:00,1,0.5142744193770864
2026-02-20 15:50:00+00:00,1,0.521645019222539
2026-02-20 15:55:00+00:00,0,0.49911613463967053
2026-02-20 16:00:00+00:00,0,0.4913252105709505
2026-02-20 16:05:00+00:00,0,0.5000015358887733
2026-02-20 16:10:00+00:00,0,0.5029865430614779
2026-02-20 16:15:00+00:00,0,0.5255863171287406
2026-02-20 16:20:00+00:00,0,0.526144756703704
2026-02-20 16:25:00+00:00,1,0.5282861566191981
2026-02-20 16:30:00+00:00,1,0.5264253569317879
2026-02-20 16:35:00+00:00,0,0.5239539954862474
2026-02-20 16:40:00+00:00,0,0.5230963641542756
2026-02-20 16:45:00+00:00,0,0.5186507333628516
2026-02-20 16:50:00+00:00,0,0.5246910986475788
2026-02-20 16:55:00+00:00,0,0.5152360434434786
2026-02-20 17:00:00+00:00,0,0.5167155605517519
2026-02-20 17:05:00+00:00,0,0.5221327540353112
2026-02-20 17:10:00+00:00,1,0.5165578464614226
2026-02-20 17:15:00+00:00,1,0.4847958030817111
2026-02-20 17:20:00+00:00,1,0.49602100472196964
2026-02-20 17:25:00+00:00,1,0.5006736693948554
2026-02-20 17:30:00+00:00,1,0.5016530999706317
2026-02-20 17:35:00+00:00,1,0.5117830049832267
2026-02-20 17:40:00+00:00,1,0.5000899346576949
2026-02-20 17:45:00+00:00,0,0.4920111797397902
2026-02-20 17:50:00+00:00,1,0.4856138213516379
2026-02-20 17:55:00+00:00,1,0.5092025572965042
2026-02-20 18:00:00+00:00,1,0.4909502107678466
2026-02-20 18:05:00+00:00,1,0.5063026696487272
2026-02-20 18:10:00+00:00,1,0.5093572018546382
2026-02-20 18:15:00+00:00,1,0.506683199948669
2026-02-20 18:20:00+00:00,1,0.4835929300720991
2026-02-20 18:25:00+00:00,1,0.4936782149572517
2026-02-20 18:30:00+00:00,0,0.5088919620245246
2026-02-20 18:35:00+00:00,1,0.5226988167790821
2026-02-20 18:40:00+00:00,0,0.5195561192903201
2026-02-20 18:45:00+00:00,0,0.548671213050342
2026-02-20 18:50:00+00:00,0,0.5068959989561178
2026-02-20 18:55:00+00:00,0,0.5187463647646745
2026-02-20 19:00:00+00:00,0,0.5300735162118587
2026-02-20 19:05:00+00:00,0,0.5140416597833664
2026-02-20 19:10:00+00:00,0,0.51685810283166
2026-02-20 19:15:00+00:00,0,0.513539407144405
2026-02-20 19:20:00+00:00,0,0.5141003986349915
2026-02-20 19:25:00+00:00,1,0.512661974547085
2026-02-20 19:30:00+00:00,1,0.49737999092181323
2026-02-20 19:35:00+00:00,1,0.5083574738084436
2026-02-20 19:40:00+00:00,1,0.5006740088672413
2026-02-20 19:45:00+00:00,1,0.5050413170323738
2026-02-20 19:50:00+00:00,0,0.5030991081396641
2026-02-20 19:55:00+00:00,0,0.5057846756377564
2026-02-20 20:00:00+00:00,0,0.515315620778286
2026-02-20 20:05:00+00:00,0,0.5131873650432182
2026-02-20 20:10:00+00:00,0,0.5082157035711782
2026-02-20 20:15:00+00:00,0,0.5156115728808477
2026-02-20 20:20:00+00:00,0,0.5086458179914093
2026-02-20 20:25:00+00:00,0,0.5172498623174728
2026-02-20 20:30:00+00:00,0,0.5203248080535757
2026-02-20 20:35:00+00:00,0,0.5239468942002976
2026-02-20 20:40:00+00:00,0,0.5132073347650964
2026-02-20 20:45:00+00:00,0,0.5176742962835658
2026-02-20 20:50:00+00:00,0,0.5219539397290552
2026-02-20 20:55:00+00:00,0,0.5181341331045681
2026-02-20 21:00:00+00:00,0,0.5179253009481559
2026-02-20 21:05:00+00:00,0,0.5178006699484732
2026-02-20 21:10:00+00:00,0,0.504781249233865
2026-02-20 21:15:00+00:00,1,0.49740202211981377
2026-02-20 21:20:00+00:00,1,0.4999167581650124
2026-02-20 21:25:00+00:00,1,0.5190016462887644
2026-02-20 21:30:00+00:00,1,0.5302198158188629
2026-02-20 21:35:00+00:00,1,0.5204493456731085
2026-02-20 21:40:00+00:00,0,0.5124165655406753
2026-02-20 21:45:00+00:00,0,0.5069450547210814
2026-02-20 21:50:00+00:00,1,0.5111973388362386
2026-02-20 21:55:00+00:00,0,0.49707393148654166
2026-02-20 22:00:00+00:00,1,0.512361333266269
2026-02-20 22:05:00+00:00,1,0.5242268513662774
2026-02-20 22:10:00+00:00,1,0.5195673386475291
2026-02-20 22:15:00+00:00,1,0.5095092203138838
2026-02-20 22:20:00+00:00,1,0.49485002283577595
2026-02-20 22:25:00+00:00,1,0.49477691953368647
2026-02-20 22:30:00+00:00,0,0.511313277981344
2026-02-20 22:35:00+00:00,0,0.5162900651975718
2026-02-20 22:40:00+00:00,1,0.5374719692546231
2026-02-20 22:45:00+00:00,1,0.5428186414641162
2026-02-20 22:50:00+00:00,0,0.5384732297575584
2026-02-20 22:55:00+00:00,0,0.5340454754747334
2026-02-20 23:00:00+00:00,0,0.532063249265473
2026-02-20 23:05:00+00:00,0,0.5288125754725242
2026-02-20 23:10:00+00:00,0,0.5280607290303106
2026-02-20 23:15:00+00:00,1,0.5235025761632357
2026-02-20 23:20:00+00:00,1,0.523285551950194
2026-02-20 23:25:00+00:00,1,0.5186386536284305
2026-02-20 23:30:00+00:00,1,0.5227876763140106
2026-02-20 23:35:00+00:00,1,0.5039833341463574
2026-02-20 23:40:00+00:00,1,0.5057196072760808
2026-02-20 23:45:00+00:00,1,0.5057206934475121
2026-02-20 23:50:00+00:00,0,0.5064558715028444
2026-02-20 23:55:00+00:00,0,0.5012180576157299
2026-02-21 00:00:00+00:00,0,0.5214259005943862
2026-02-21 00:05:00+00:00,0,0.507285488490696
2026-02-21 00:10:00+00:00,0,0.5044180551914649
2026-02-21 00:15:00+00:00,0,0.5137857935909975
2026-02-21 00:20:00+00:00,0,0.49342891348928064
2026-02-21 00:25:00+00:00,0,0.49631666833886334
2026-02-21 00:30:00+00:00,0,0.5072344877689426
2026-02-21 00:35:00+00:00,0,0.4937544485514211
2026-02-21 00:40:00+00:00,1,0.5046625574276912
2026-02-21 00:45:00+00:00,1,0.5174693948176331
2026-02-21 00:50:00+00:00,1,0.5317310631639836
2026-02-21 00:55:00+00:00,1,0.5245254420110635
2026-02-21 01:00:00+00:00,1,0.5129260586202989
2026-02-21 01:05:00+00:00,1,0.5241188916158886
2026-02-21 01:10:00+00:00,1,0.49003351290241026
2026-02-21 01:15:00+00:00,1,0.5069142704339598
2026-02-21 01:20:00+00:00,1,0.4858822563478914
2026-02-21 01:25:00+00:00,1,0.4729968672284798
2026-02-21 01:30:00+00:00,1,0.46294267194578526
2026-02-21 01:35:00+00:00,0,0.49337810322613707
2026-02-21 01:40:00+00:00,0,0.5043452777692685
2026-02-21 01:45:00+00:00,1,0.4965376879214067
2026-02-21 01:50:00+00:00,1,0.4885157160967854
2026-02-21 01:55:00+00:00,1,0.49757536397605534
2026-02-21 02:00:00+00:00,1,0.5205438317005427
2026-02-21 02:05:00+00:00,1,0.49596510842428115
2026-02-21 02:10:00+00:00,1,0.4863021874301915
2026-02-21 02:15:00+00:00,1,0.49644476742126264
2026-02-21 02:20:00+00:00,0,0.501097273769469
2026-02-21 02:25:00+00:00,0,0.49138086749249116
2026-02-21 02:30:00+00:00,0,0.47376617817805045
2026-02-21 02:35:00+00:00,0,0.47592551512022335
2026-02-21 02:40:00+00:00,0,0.49265904737785093
2026-02-21 02:45:00+00:00,0,0.5119976907021455
2026-02-21 02:50:00+00:00,0,0.503973467422456
2026-02-21 02:55:00+00:00,0,0.5092412666778902
2026-02-21 03:00:00+00:00,1,0.5142337157241162
2026-02-21 03:05:00+00:00,1,0.5012819573511289
2026-02-21 03:10:00+00:00,0,0.5009925807530804
2026-02-21 03:15:00+00:00,1,0.4929780748472672
2026-02-21 03:20:00+00:00,0,0.5075017420720227
2026-02-21 03:25:00+00:00,0,0.4993765324667164
2026-02-21 03:30:00+00:00,0,0.5077758590983775
2026-02-21 03:35:00+00:00,0,0.5230563916662074
2026-02-21 03:40:00+00:00,1,0.5103345612358972
2026-02-21 03:45:00+00:00,0,0.512619940726242
2026-02-21 03:50:00+00:00,0,0.5106062128235237
2026-02-21 03:55:00+00:00,0,0.512063793066269
2026-02-21 04:00:00+00:00,1,0.4947968557472816
2026-02-21 04:05:00+00:00,0,0.5020894071663291
2026-02-21 04:10:00+00:00,0,0.5150599734479344
2026-02-21 04:15:00+00:00,0,0.5074106930334833
2026-02-21 04:20:00+00:00,1,0.5009898310325652
2026-02-21 04:25:00+00:00,1,0.5093790449296015
2026-02-21 04:30:00+00:00,1,0.5100108154361709
2026-02-21 04:35:00+00:00,1,0.5072968357913002
2026-02-21 04:40:00+00:00,1,0.5049149777064396
2026-02-21 04:45:00+00:00,1,0.5212002675608417
2026-02-21 04:50:00+00:00,1,0.5215855643486832
2026-02-21 04:55:00+00:00,1,0.5434150516383355
2026-02-21 05:00:00+00:00,0,0.5104074825974035
2026-02-21 05:05:00+00:00,0,0.5154949862993742
2026-02-21 05:10:00+00:00,1,0.5104400578416403
2026-02-21 05:15:00+00:00,0,0.5327071082745906
2026-02-21 05:20:00+00:00,1,0.5286732537386928
2026-02-21 05:25:00+00:00,1,0.5167458415482904
2026-02-21 05:30:00+00:00,1,0.4996034699289911
2026-02-21 05:35:00+00:00,1,0.5289299347328459
2026-02-21 05:40:00+00:00,1,0.49741605329380917
2026-02-21 05:45:00+00:00,1,0.5098970126277348
2026-02-21 05:50:00+00:00,1,0.504685458538202
2026-02-21 05:55:00+00:00,0,0.5250556256564417
2026-02-21 06:00:00+00:00,0,0.5180458839511978
2026-02-21 06:05:00+00:00,0,0.5267187810571674
2026-02-21 06:10:00+00:00,0,0.5111707600892207
2026-02-21 06:15:00+00:00,0,0.5082149569321943
2026-02-21 06:20:00+00:00,0,0.5127556198722516
2026-02-21 06:25:00+00:00,0,0.5399781734502799
2026-02-21 06:30:00+00:00,0,0.5427365062148786
2026-02-21 06:35:00+00:00,0,0.5380890502817249
2026-02-21 06:40:00+00:00,0,0.5362735297081869
2026-02-21 06:45:00+00:00,1,0.5376844829372537
2026-02-21 06:50:00+00:00,1,0.5350566773673225
2026-02-21 06:55:00+00:00,1,0.5245896282505003
2026-02-21 07:00:00+00:00,1,0.5115077625636789
2026-02-21 07:05:00+00:00,1,0.5178761743587148
2026-02-21 07:10:00+00:00,1,0.5184686536396482
2026-02-21 07:15:00+00:00,1,0.5219084023360281
2026-02-21 07:20:00+00:00,1,0.5137719988396936
2026-02-21 07:25:00+00:00,1,0.5231182585640318
2026-02-21 07:30:00+00:00,1,0.5013944805292222
2026-02-21 07:35:00+00:00,1,0.5133983001592454
2026-02-21 07:40:00+00:00,1,0.516795394059624
2026-02-21 07:45:00+00:00,1,0.5419295213766987
2026-02-21 07:50:00+00:00,1,0.5388800382679124
2026-02-21 07:55:00+00:00,1,0.519109667891915
2026-02-21 08:00:00+00:00,1,0.5052469140629072
2026-02-21 08:05:00+00:00,0,0.5109002188075487
2026-02-21 08:10:00+00:00,1,0.5243332961311961
2026-02-21 08:15:00+00:00,1,0.5219845010784266
2026-02-21 08:20:00+00:00,1,0.5250094150257604
2026-02-21 08:25:00+00:00,1,0.5054367483249659
2026-02-21 08:30:00+00:00,1,0.49088410324918896
2026-02-21 08:35:00+00:00,1,0.5312743572152837
2026-02-21 08:40:00+00:00,1,0.5025454001078261
2026-02-21 08:45:00+00:00,1,0.49293896965675443
2026-02-21 08:50:00+00:00,1,0.4945043314094559
2026-02-21 08:55:00+00:00,1,0.47567463392155007
2026-02-21 09:00:00+00:00,1,0.4817452870888402
2026-02-21 09:05:00+00:00,1,0.4786645329749334
2026-02-21 09:10:00+00:00,1,0.4816581876260436
2026-02-21 09:15:00+00:00,1,0.5036279152027904
2026-02-21 09:20:00+00:00,0,0.5062483625246185
2026-02-21 09:25:00+00:00,0,0.5002389067098155
2026-02-21 09:30:00+00:00,0,0.4919362603851402
2026-02-21 09:35:00+00:00,0,0.48732267370980137
2026-02-21 09:40:00+00:00,0,0.49356234905684243
2026-02-21 09:45:00+00:00,0,0.49790689784733666
2026-02-21 09:50:00+00:00,1,0.5179092192892812
2026-02-21 09:55:00+00:00,1,0.5082032935214947
2026-02-21 10:00:00+00:00,1,0.515099214748856
2026-02-21 10:05:00+00:00,1,0.511639170013559
2026-02-21 10:10:00+00:00,1,0.5060369819659004
2026-02-21 10:15:00+00:00,1,0.4809431388558813
2026-02-21 10:20:00+00:00,1,0.49851078986428937
2026-02-21 10:25:00+00:00,1,0.4853618732332615
2026-02-21 10:30:00+00:00,1,0.48151522600928987
2026-02-21 10:35:00+00:00,1,0.47832090473633376
2026-02-21 10:40:00+00:00,1,0.4864746984815703
2026-02-21 10:45:00+00:00,1,0.5014254967992365
2026-02-21 10:50:00+00:00,1,0.49443351469244423
2026-02-21 10:55:00+00:00,1,0.4770678632281862
2026-02-21 11:00:00+00:00,1,0.4652706357139617
2026-02-21 11:05:00+00:00,0,0.4667032381301737
2026-02-21 11:10:00+00:00,0,0.4788237404578233
2026-02-21 11:15:00+00:00,0,0.4675071233474858
2026-02-21 11:20:00+00:00,0,0.4813627301744076
2026-02-21 11:25:00+00:00,1,0.47119661581125594
2026-02-21 11:30:00+00:00,1,0.4833859360480543
2026-02-21 11:35:00+00:00,0,0.4841185080848289
2026-02-21 11:40:00+00:00,0,0.48447255694733704
2026-02-21 11:45:00+00:00,0,0.479097588502842
2026-02-21 11:50:00+00:00,0,0.48599140668563257
2026-02-21 11:55:00+00:00,0,0.48487845656997575
2026-02-21 12:00:00+00:00,0,0.4911462558013416
2026-02-21 12:05:00+00:00,0,0.49074204216916023
2026-02-21 12:10:00+00:00,0,0.4896881337185491
2026-02-21 12:15:00+00:00,1,0.5027538193597347
2026-02-21 12:20:00+00:00,1,0.47731512331047027
2026-02-21 12:25:00+00:00,1,0.48675674539701663
2026-02-21 12:30:00+00:00,1,0.5074198002222132
2026-02-21 12:35:00+00:00,1,0.4981104199971151
2026-02-21 12:40:00+00:00,1,0.4961246394355955
2026-02-21 12:45:00+00:00,1,0.4791063203101402
2026-02-21 12:50:00+00:00,1,0.4819057021676194
2026-02-21 12:55:00+00:00,1,0.46602376025063397
2026-02-21 13:00:00+00:00,1,0.46495646841931454
2026-02-21 13:05:00+00:00,0,0.4668869843258314
2026-02-21 13:10:00+00:00,0,0.46662466150317583
2026-02-21 13:15:00+00:00,1,0.47874533348028736
2026-02-21 13:20:00+00:00,1,0.4662128964504265
2026-02-21 13:25:00+00:00,1,0.47057667453012525
2026-02-21 13:30:00+00:00,1,0.48726054504918176
2026-02-21 13:35:00+00:00,1,0.47715246892324886
2026-02-21 13:40:00+00:00,1,0.49103355827500605
2026-02-21 13:45:00+00:00,1,0.49808913534727856
2026-02-21 13:50:00+00:00,1,0.4994537058902338
2026-02-21 13:55:00+00:00,1,0.47777660950155837
2026-02-21 14:00:00+00:00,1,0.4962634758480319
2026-02-21 14:05:00+00:00,1,0.49781813859527485
2026-02-21 14:10:00+00:00,1,0.4948732177077093
2026-02-21 14:15:00+00:00,1,0.5137919559936059
2026-02-21 14:20:00+00:00,0,0.46756124383077075
2026-02-21 14:25:00+00:00,1,0.471838867249253
2026-02-21 14:30:00+00:00,0,0.46859876113191273
2026-02-21 14:35:00+00:00,0,0.46611069309618075
2026-02-21 14:40:00+00:00,1,0.4569385548928341
2026-02-21 14:45:00+00:00,1,0.47148818437817713
2026-02-21 14:50:00+00:00,1,0.47217930115636614
2026-02-21 14:55:00+00:00,0,0.4725635506261879
2026-02-21 15:00:00+00:00,1,0.5026983624355019
2026-02-21 15:05:00+00:00,0,0.5003969652746275
2026-02-21 15:10:00+00:00,1,0.5111011234728888
2026-02-21 15:15:00+00:00,1,0.4943672465592435
2026-02-21 15:20:00+00:00,1,0.5008144032734242
2026-02-21 15:25:00+00:00,1,0.4987369790087561
2026-02-21 15:30:00+00:00,0,0.4888994359285646
2026-02-21 15:35:00+00:00,0,0.47897501696713224
2026-02-21 15:40:00+00:00,0,0.4924957176573622
2026-02-21 15:45:00+00:00,0,0.4828909765365657
2026-02-21 15:50:00+00:00,0,0.49738157508568637
2026-02-21 15:55:00+00:00,0,0.4960902868498863
2026-02-21 16:00:00+00:00,0,0.4982399837999821
2026-02-21 16:05:00+00:00,1,0.49080615809812506
2026-02-21 16:10:00+00:00,1,0.48786674573446154
2026-02-21 16:15:00+00:00,1,0.485428302294139
2026-02-21 16:20:00+00:00,1,0.4866404337938892
2026-02-21 16:25:00+00:00,1,0.49291416480343225
2026-02-21 16:30:00+00:00,1,0.5081396253960091
2026-02-21 16:35:00+00:00,0,0.5038304335272985
2026-02-21 16:40:00+00:00,0,0.5070953776732551
2026-02-21 16:45:00+00:00,0,0.5028715222402157
2026-02-21 16:50:00+00:00,0,0.5006672081036553
2026-02-21 16:55:00+00:00,0,0.5046854924825213
2026-02-21 17:00:00+00:00,1,0.5241530081797245
2026-02-21 17:05:00+00:00,1,0.5252328451962381
2026-02-21 17:10:00+00:00,1,0.5157162201284078
2026-02-21 17:15:00+00:00,1,0.52344450744271
2026-02-21 17:20:00+00:00,1,0.5115306987583293
2026-02-21 17:25:00+00:00,1,0.5087650500176863
2026-02-21 17:30:00+00:00,1,0.5051907034581942
2026-02-21 17:35:00+00:00,0,0.501933806577565
2026-02-21 17:40:00+00:00,0,0.5088888398603062
2026-02-21 17:45:00+00:00,1,0.5075213139302935
2026-02-21 17:50:00+00:00,1,0.49650885674179307
2026-02-21 17:55:00+00:00,0,0.4980572366745231
2026-02-21 18:00:00+00:00,0,0.4885993976063322
2026-02-21 18:05:00+00:00,1,0.4972200245932871
2026-02-21 18:10:00+00:00,1,0.49915584154662584
2026-02-21 18:15:00+00:00,1,0.5032121368309832
2026-02-21 18:20:00+00:00,1,0.5049350046703458
2026-02-21 18:25:00+00:00,1,0.5128670748481586
2026-02-21 18:30:00+00:00,1,0.511297715446815
2026-02-21 18:35:00+00:00,1,0.49972872409469016
2026-02-21 18:40:00+00:00,1,0.51097999070173
2026-02-21 18:45:00+00:00,0,0.49731547023540734
2026-02-21 18:50:00+00:00,0,0.4934041023150377
2026-02-21 18:55:00+00:00,0,0.5079042614727769
2026-02-21 19:00:00+00:00,0,0.5103398321293008
2026-02-21 19:05:00+00:00,0,0.5086893592891648
2026-02-21 19:10:00+00:00,0,0.5074103196952069
2026-02-21 19:15:00+00:00,0,0.5035986994188804
2026-02-21 19:20:00+00:00,0,0.5094677290288653
2026-02-21 19:25:00+00:00,0,0.5166966843178391
2026-02-21 19:30:00+00:00,0,0.5070934656936769
2026-02-21 19:35:00+00:00,0,0.48953871129014026
2026-02-21 19:40:00+00:00,0,0.4903926451745443
2026-02-21 19:45:00+00:00,0,0.492706444629448
2026-02-21 19:50:00+00:00,0,0.48835600032051996
2026-02-21 19:55:00+00:00,0,0.4893822385300063
2026-02-21 20:00:00+00:00,0,0.5218003625120997
2026-02-21 20:05:00+00:00,0,0.529956278871311
2026-02-21 20:10:00+00:00,0,0.5297051624739947
2026-02-21 20:15:00+00:00,0,0.5135461237787424
2026-02-21 20:20:00+00:00,0,0.49280413576116455
2026-02-21 20:25:00+00:00,0,0.5076804334084439
2026-02-21 20:30:00+00:00,0,0.5012354158974412
2026-02-21 20:35:00+00:00,0,0.5199539706438773
2026-02-21 20:40:00+00:00,1,0.5121256993288928
2026-02-21 20:45:00+00:00,0,0.48396202917627
2026-02-21 20:50:00+00:00,1,0.48597011584792926
2026-02-21 20:55:00+00:00,1,0.48717141813629866
2026-02-21 21:00:00+00:00,1,0.5061108403902779
2026-02-21 21:05:00+00:00,1,0.5021696458127001
2026-02-21 21:10:00+00:00,1,0.5028508942729304
2026-02-21 21:15:00+00:00,1,0.5131353938144483
2026-02-21 21:20:00+00:00,1,0.5255356534061715
2026-02-21 21:25:00+00:00,1,0.5335409462371951
2026-02-21 21:30:00+00:00,1,0.5174419423201655
2026-02-21 21:35:00+00:00,1,0.5291713648916359
2026-02-21 21:40:00+00:00,0,0.5214891634774972
2026-02-21 21:45:00+00:00,0,0.5303886131340174
2026-02-21 21:50:00+00:00,0,0.5106594181185298
2026-02-21 21:55:00+00:00,0,0.5065145678244245
2026-02-21 22:00:00+00:00,0,0.47906585250099926
2026-02-21 22:05:00+00:00,0,0.4680021011206676
2026-02-21 22:10:00+00:00,0,0.5247555198345691
2026-02-21 22:15:00+00:00,0,0.5195257941616924
2026-02-21 22:20:00+00:00,0,0.5212344587075273
2026-02-21 22:25:00+00:00,0,0.5349875394359512
2026-02-21 22:30:00+00:00,0,0.5364017355512901
2026-02-21 22:35:00+00:00,0,0.5340951012488281
2026-02-21 22:40:00+00:00,0,0.5257426050125852
2026-02-21 22:45:00+00:00,0,0.5119541386841039
2026-02-21 22:50:00+00:00,0,0.5088264529918496
2026-02-21 22:55:00+00:00,0,0.5257056439691338
2026-02-21 23:00:00+00:00,0,0.5001617558246169
2026-02-21 23:05:00+00:00,1,0.5139306372076274
2026-02-21 23:10:00+00:00,1,0.5304555235861069
2026-02-21 23:15:00+00:00,1,0.5342486034802919
2026-02-21 23:20:00+00:00,0,0.4979937562130833
2026-02-21 23:25:00+00:00,0,0.5102858223295968
2026-02-21 23:30:00+00:00,0,0.5149090888639822
2026-02-21 23:35:00+00:00,0,0.507026433142801
2026-02-21 23:40:00+00:00,0,0.510593228161432
2026-02-21 23:45:00+00:00,0,0.5109743920969866
2026-02-21 23:50:00+00:00,0,0.5145243582479825
2026-02-21 23:55:00+00:00,0,0.5057045479561991
2026-02-22 00:00:00+00:00,0,0.504629959518782
2026-02-22 00:05:00+00:00,0,0.5135932531560126
2026-02-22 00:10:00+00:00,0,0.5050195363862504
2026-02-22 00:15:00+00:00,0,0.5104249352479471
2026-02-22 00:20:00+00:00,1,0.5359085839868852
2026-02-22 00:25:00+00:00,1,0.5426703312815427
2026-02-22 00:30:00+00:00,1,0.5416214764643865
2026-02-22 00:35:00+00:00,1,0.5523485754247629
2026-02-22 00:40:00+00:00,1,0.555659291206118
2026-02-22 00:45:00+00:00,1,0.5571524400075619
2026-02-22 00:50:00+00:00,1,0.5281705058618515
2026-02-22 00:55:00+00:00,1,0.5241605494678585
2026-02-22 01:00:00+00:00,1,0.5137658816522761
2026-02-22 01:05:00+00:00,1,0.5095398636025211
2026-02-22 01:10:00+00:00,1,0.5140531927550513
2026-02-22 01:15:00+00:00,1,0.49625165153424766
2026-02-22 01:20:00+00:00,0,0.5007448001614391
2026-02-22 01:25:00+00:00,1,0.5059113043739352
2026-02-22 01:30:00+00:00,1,0.5067456856579855
2026-02-22 01:35:00+00:00,1,0.5169227890637702
2026-02-22 01:40:00+00:00,1,0.5154538137509136
2026-02-22 01:45:00+00:00,1,0.5264740365448713
2026-02-22 01:50:00+00:00,0,0.5179656122938043
2026-02-22 01:55:00+00:00,0,0.5029156975140352
2026-02-22 02:00:00+00:00,0,0.5171772898962588
2026-02-22 02:05:00+00:00,0,0.4938389190617293
2026-02-22 02:10:00+00:00,0,0.5064007049442761
2026-02-22 02:15:00+00:00,0,0.5245939629936522
2026-02-22 02:20:00+00:00,0,0.5181949993863977
2026-02-22 02:25:00+00:00,0,0.5139874772301735
2026-02-22 02:30:00+00:00,0,0.5252670445300313
2026-02-22 02:35:00+00:00,1,0.5156263481560853
2026-02-22 02:40:00+00:00,1,0.5158514331373052
2026-02-22 02:45:00+00:00,0,0.512461088142363
2026-02-22 02:50:00+00:00,0,0.5194015997368071
2026-02-22 02:55:00+00:00,0,0.5176395889004716
2026-02-22 03:00:00+00:00,0,0.5178832263679747
2026-02-22 03:05:00+00:00,0,0.5030012190847558
2026-02-22 03:10:00+00:00,0,0.4880530875073295
2026-02-22 03:15:00+00:00,1,0.4879724750826181
2026-02-22 03:20:00+00:00,1,0.49576062389101916
2026-02-22 03:25:00+00:00,1,0.4912453851200868
2026-02-22 03:30:00+00:00,1,0.49684458069693976
2026-02-22 03:35:00+00:00,1,0.49624589213316617
2026-02-22 03:40:00+00:00,1,0.4935046369853887
2026-02-22 03:45:00+00:00,1,0.5058709126946184
2026-02-22 03:50:00+00:00,0,0.5210992969080526
2026-02-22 03:55:00+00:00,0,0.5231022922523263
2026-02-22 04:00:00+00:00,0,0.5148531480459265
2026-02-22 04:05:00+00:00,0,0.519206060975529
2026-02-22 04:10:00+00:00,0,0.5197333105127139
2026-02-22 04:15:00+00:00,0,0.5201563890502386
2026-02-22 04:20:00+00:00,1,0.5173211907705846
2026-02-22 04:25:00+00:00,1,0.5222904781605306
2026-02-22 04:30:00+00:00,0,0.5198043189307836
2026-02-22 04:35:00+00:00,0,0.5326295656075004
2026-02-22 04:40:00+00:00,0,0.5214579330918534
2026-02-22 04:45:00+00:00,0,0.5152702078664991
2026-02-22 04:50:00+00:00,0,0.49236677575953314
2026-02-22 04:55:00+00:00,0,0.4827085505426268
2026-02-22 05:00:00+00:00,0,0.4923450941613082
2026-02-22 05:05:00+00:00,0,0.5041733019125927
2026-02-22 05:10:00+00:00,0,0.5061941344512728
2026-02-22 05:15:00+00:00,0,0.5282188735812173
2026-02-22 05:20:00+00:00,0,0.5448026825617904
2026-02-22 05:25:00+00:00,0,0.5406280425194838
2026-02-22 05:30:00+00:00,1,0.5407768142415154
2026-02-22 05:35:00+00:00,1,0.5288598646685018
2026-02-22 05:40:00+00:00,1,0.5178375577010481
2026-02-22 05:45:00+00:00,1,0.523540140404524
2026-02-22 05:50:00+00:00,1,0.5257826354794478
2026-02-22 05:55:00+00:00,1,0.5281654750472252
2026-02-22 06:00:00+00:00,1,0.4907448192377701
2026-02-22 06:05:00+00:00,1,0.507016714816088
2026-02-22 06:10:00+00:00,1,0.5034590132374944
2026-02-22 06:15:00+00:00,1,0.5169113845254371
2026-02-22 06:20:00+00:00,1,0.5189150469336038
2026-02-22 06:25:00+00:00,1,0.4874523886218131
2026-02-22 06:30:00+00:00,0,0.4965164492519196
2026-02-22 06:35:00+00:00,1,0.4949813966173565
2026-02-22 06:40:00+00:00,1,0.5049029728351998
2026-02-22 06:45:00+00:00,0,0.49080386743030285
2026-02-22 06:50:00+00:00,0,0.5253845620162915
2026-02-22 06:55:00+00:00,0,0.5106707287368917
2026-02-22 07:00:00+00:00,1,0.5304106085860959
2026-02-22 07:05:00+00:00,1,0.5366330116627193
2026-02-22 07:10:00+00:00,1,0.5220402135655025
2026-02-22 07:15:00+00:00,1,0.5207812264275435
2026-02-22 07:20:00+00:00,1,0.519539081195534
2026-02-22 07:25:00+00:00,0,0.5077989150369018
2026-02-22 07:30:00+00:00,0,0.5048343605318418
2026-02-22 07:35:00+00:00,0,0.4960950957570678
2026-02-22 07:40:00+00:00,0,0.5188674642620643
2026-02-22 07:45:00+00:00,0,0.5054547608886448
2026-02-22 07:50:00+00:00,0,0.5310787581572493
2026-02-22 07:55:00+00:00,0,0.5044602257298293
2026-02-22 08:00:00+00:00,0,0.48105072629738604
2026-02-22 08:05:00+00:00,0,0.48929030015837044
2026-02-22 08:10:00+00:00,0,0.4782718416642334
2026-02-22 08:15:00+00:00,0,0.47929009787299315
2026-02-22 08:20:00+00:00,0,0.4943388249788772
2026-02-22 08:25:00+00:00,0,0.5048777410893005
2026-02-22 08:30:00+00:00,1,0.48493240054245546
2026-02-22 08:35:00+00:00,0,0.4923305115633006
2026-02-22 08:40:00+00:00,1,0.49499432923907793
2026-02-22 08:45:00+00:00,1,0.4632191057153435
2026-02-22 08:50:00+00:00,1,0.45478647654576476
2026-02-22 08:55:00+00:00,1,0.45991235642381023
2026-02-22 09:00:00+00:00,1,0.47543745788185854
2026-02-22 09:05:00+00:00,1,0.4762507993158518
2026-02-22 09:10:00+00:00,1,0.4739876608431265
2026-02-22 09:15:00+00:00,0,0.4618150154499521
2026-02-22 09:20:00+00:00,0,0.47361384394953226
2026-02-22 09:25:00+00:00,0,0.46922831496959283
2026-02-22 09:30:00+00:00,1,0.4865889048005132
2026-02-22 09:35:00+00:00,1,0.5070852973525515
2026-02-22 09:40:00+00:00,1,0.5072976956063937
2026-02-22 09:45:00+00:00,1,0.5202631483434265
2026-02-22 09:50:00+00:00,1,0.5357311177408299
2026-02-22 09:55:00+00:00,1,0.5387637611070858
2026-02-22 10:00:00+00:00,1,0.5333666862487005
2026-02-22 10:05:00+00:00,1,0.5535558407462577
2026-02-22 10:10:00+00:00,1,0.5449088794064899
2026-02-22 10:15:00+00:00,1,0.5572539205042943
2026-02-22 10:20:00+00:00,0,0.5404384337926417
2026-02-22 10:25:00+00:00,0,0.5565063353960024
2026-02-22 10:30:00+00:00,1,0.5647493370310692
2026-02-22 10:35:00+00:00,1,0.5596714797710785
2026-02-22 10:40:00+00:00,1,0.5623536072034013
2026-02-22 10:45:00+00:00,1,0.5617906561018653
2026-02-22 10:50:00+00:00,1,0.5679665607982518
2026-02-22 10:55:00+00:00,1,0.5663312235858463
2026-02-22 11:00:00+00:00,0,0.4833829180747904
2026-02-22 11:05:00+00:00,0,0.5066579137113565
2026-02-22 11:10:00+00:00,0,0.5072666517288585
2026-02-22 11:15:00+00:00,0,0.5166475945835888
2026-02-22 11:20:00+00:00,0,0.5081114905164462
2026-02-22 11:25:00+00:00,0,0.49413168346289993
2026-02-22 11:30:00+00:00,0,0.4995458614021918
2026-02-22 11:35:00+00:00,0,0.5047799480396497
2026-02-22 11:40:00+00:00,0,0.5050992025420415
2026-02-22 11:45:00+00:00,0,0.5140193400486442
2026-02-22 11:50:00+00:00,0,0.526159833209086
2026-02-22 11:55:00+00:00,0,0.5401237049287937
2026-02-22 12:00:00+00:00,0,0.5067173108589004
2026-02-22 12:05:00+00:00,0,0.5439662112922707
2026-02-22 12:10:00+00:00,0,0.5342429721385881
2026-02-22 12:15:00+00:00,0,0.5325404493113923
2026-02-22 12:20:00+00:00,0,0.5185650899489679
2026-02-22 12:25:00+00:00,0,0.533116304933616
2026-02-22 12:30:00+00:00,0,0.5295090487188535
2026-02-22 12:35:00+00:00,0,0.5460108566576855
2026-02-22 12:40:00+00:00,1,0.5442887249235978
2026-02-22 12:45:00+00:00,0,0.5188002422795812
2026-02-22 12:50:00+00:00,0,0.5348851362581373
2026-02-22 12:55:00+00:00,0,0.5346689696518513
2026-02-22 13:00:00+00:00,0,0.5262528528370118
2026-02-22 13:05:00+00:00,0,0.5284358337197705
2026-02-22 13:10:00+00:00,0,0.5294152058721634
2026-02-22 13:15:00+00:00,0,0.5276336204493762
2026-02-22 13:20:00+00:00,0,0.5258197877899077
2026-02-22 13:25:00+00:00,0,0.532720640333513
2026-02-22 13:30:00+00:00,0,0.5388034766773214
2026-02-22 13:35:00+00:00,0,0.5313872959974244
2026-02-22 13:40:00+00:00,1,0.5289852975104391
2026-02-22 13:45:00+00:00,0,0.5082273330342536
2026-02-22 13:50:00+00:00,0,0.532164648507205
2026-02-22 13:55:00+00:00,0,0.5266824030604819
2026-02-22 14:00:00+00:00,1,0.5332171579497889
2026-02-22 14:05:00+00:00,1,0.5315839054964322
2026-02-22 14:10:00+00:00,0,0.5223853182969116
2026-02-22 14:15:00+00:00,0,0.534833866000769
2026-02-22 14:20:00+00:00,0,0.5218561897431202
2026-02-22 14:25:00+00:00,0,0.5276670352491384
2026-02-22 14:30:00+00:00,0,0.5231891917760315
2026-02-22 14:35:00+00:00,0,0.5183121987939155
2026-02-22 14:40:00+00:00,0,0.5332391600402436
2026-02-22 14:45:00+00:00,0,0.5346952986228111
2026-02-22 14:50:00+00:00,0,0.518127793306768
2026-02-22 14:55:00+00:00,0,0.5228719611126103
2026-02-22 15:00:00+00:00,0,0.5239513536735277
2026-02-22 15:05:00+00:00,1,0.5197446312400189
2026-02-22 15:10:00+00:00,1,0.5245787575111432
2026-02-22 15:15:00+00:00,1,0.5379291374443518
2026-02-22 15:20:00+00:00,1,0.49647458297175834
2026-02-22 15:25:00+00:00,0,0.4777573655600397
2026-02-22 15:30:00+00:00,0,0.5083959818670492
2026-02-22 15:35:00+00:00,0,0.5041127440870914
2026-02-22 15:40:00+00:00,0,0.5208566621067793
2026-02-22 15:45:00+00:00,0,0.5208154877634145
2026-02-22 15:50:00+00:00,0,0.5198773149764668
2026-02-22 15:55:00+00:00,0,0.519576388688663
2026-02-22 16:00:00+00:00,0,0.5103496500104543
2026-02-22 16:05:00+00:00,0,0.5166972720815302
2026-02-22 16:10:00+00:00,1,0.5134939736208827
2026-02-22 16:15:00+00:00,1,0.5112983374962173
2026-02-22 16:20:00+00:00,1,0.5191018149170524
2026-02-22 16:25:00+00:00,1,0.5228381637872377
2026-02-22 16:30:00+00:00,1,0.5222634532832025
2026-02-22 16:35:00+00:00,1,0.5187414154240992
2026-02-22 16:40:00+00:00,0,0.5185921989931745
2026-02-22 16:45:00+00:00,0,0.5135467230741612
2026-02-22 16:50:00+00:00,0,0.511931406969215
2026-02-22 16:55:00+00:00,0,0.512228792673057
2026-02-22 17:00:00+00:00,0,0.5155180030415417
2026-02-22 17:05:00+00:00,0,0.5109493057898237
2026-02-22 17:10:00+00:00,0,0.5112392087168841
2026-02-22 17:15:00+00:00,0,0.5114384786759104
2026-02-22 17:20:00+00:00,0,0.5191846379026739
2026-02-22 17:25:00+00:00,0,0.5189741095348939
2026-02-22 17:30:00+00:00,1,0.5263204017974864
2026-02-22 17:35:00+00:00,1,0.5193553990692303
2026-02-22 17:40:00+00:00,1,0.526561385510751
2026-02-22 17:45:00+00:00,1,0.5239855616575655
2026-02-22 17:50:00+00:00,1,0.5149783021075165
2026-02-22 17:55:00+00:00,1,0.521423856201222
2026-02-22 18:00:00+00:00,0,0.5095440941579688
2026-02-22 18:05:00+00:00,0,0.5130020833766124
2026-02-22 18:10:00+00:00,1,0.505999260665076
2026-02-22 18:15:00+00:00,1,0.5038236331499005
2026-02-22 18:20:00+00:00,1,0.5237956311274454
2026-02-22 18:25:00+00:00,1,0.5209230939681961
2026-02-22 18:30:00+00:00,1,0.5204926914896799
2026-02-22 18:35:00+00:00,1,0.5048354241144575
2026-02-22 18:40:00+00:00,0,0.5137859858127937
2026-02-22 18:45:00+00:00,0,0.5232798724613331
2026-02-22 18:50:00+00:00,0,0.5327162686161598
2026-02-22 18:55:00+00:00,0,0.533880137722129
2026-02-22 19:00:00+00:00,1,0.5295337551346452
2026-02-22 19:05:00+00:00,1,0.5186635249755333
2026-02-22 19:10:00+00:00,1,0.5245371256377198
2026-02-22 19:15:00+00:00,1,0.5318914572690284
2026-02-22 19:20:00+00:00,1,0.5266532688650312
2026-02-22 19:25:00+00:00,1,0.5237183721487143
2026-02-22 19:30:00+00:00,0,0.5358509568598736
2026-02-22 19:35:00+00:00,0,0.5267446539448603
2026-02-22 19:40:00+00:00,0,0.4988887904786159
2026-02-22 19:45:00+00:00,0,0.5168482692993585
2026-02-22 19:50:00+00:00,0,0.5334908285988764
2026-02-22 19:55:00+00:00,0,0.5240827314251008
2026-02-22 20:00:00+00:00,0,0.5120557861641661
2026-02-22 20:05:00+00:00,0,0.4876033374939097
2026-02-22 20:10:00+00:00,1,0.5196851915466282
2026-02-22 20:15:00+00:00,0,0.5107080310787504
2026-02-22 20:20:00+00:00,0,0.513078616392448
2026-02-22 20:25:00+00:00,0,0.5219437525760631
2026-02-22 20:30:00+00:00,0,0.5189472393373175
2026-02-22 20:35:00+00:00,0,0.5162289568522466
2026-02-22 20:40:00+00:00,0,0.4904027747063624
2026-02-22 20:45:00+00:00,0,0.5296817537922863
2026-02-22 20:50:00+00:00,1,0.5032201820082651
2026-02-22 20:55:00+00:00,1,0.4901986924710875
2026-02-22 21:00:00+00:00,0,0.5093059027267491
2026-02-22 21:05:00+00:00,1,0.5138990793629022
2026-02-22 21:10:00+00:00,1,0.5076050540709034
2026-02-22 21:15:00+00:00,1,0.48139933676927366
2026-02-22 21:20:00+00:00,1,0.48247699976614283
2026-02-22 21:25:00+00:00,1,0.47732779348113524
2026-02-22 21:30:00+00:00,1,0.4762900443271801
2026-02-22 21:35:00+00:00,0,0.4770081347145064
2026-02-22 21:40:00+00:00,0,0.47230108396837317
2026-02-22 21:45:00+00:00,0,0.46678498210633285
2026-02-22 21:50:00+00:00,1,0.4723189136867434
2026-02-22 21:55:00+00:00,0,0.4846709482624975
2026-02-22 22:00:00+00:00,0,0.5025376150614465
2026-02-22 22:05:00+00:00,0,0.5149486926571303
2026-02-22 22:10:00+00:00,1,0.5191144926645946
2026-02-22 22:15:00+00:00,1,0.5166679855691406
2026-02-22 22:20:00+00:00,1,0.4981357443262505
2026-02-22 22:25:00+00:00,1,0.5253731399634868
2026-02-22 22:30:00+00:00,1,0.5269013437584635
2026-02-22 22:35:00+00:00,0,0.5188394749600425
2026-02-22 22:40:00+00:00,0,0.5149708177890093
2026-02-22 22:45:00+00:00,0,0.5088027085791919
2026-02-22 22:50:00+00:00,0,0.5112089429842392
2026-02-22 22:55:00+00:00,0,0.4995601192569065
2026-02-22 23:00:00+00:00,0,0.4891219095366389
2026-02-22 23:05:00+00:00,0,0.4925429730350147
2026-02-22 23:10:00+00:00,0,0.48563654159017083
2026-02-22 23:15:00+00:00,0,0.5032332964357293
2026-02-22 23:20:00+00:00,1,0.48923010543281115
2026-02-22 23:25:00+00:00,1,0.49876025539516705
2026-02-22 23:30:00+00:00,0,0.5040875681991359
2026-02-22 23:35:00+00:00,0,0.4932759287389637
2026-02-22 23:40:00+00:00,1,0.519790128609126
2026-02-22 23:45:00+00:00,1,0.5046831616391697
2026-02-22 23:50:00+00:00,0,0.48274904655822776
2026-02-22 23:55:00+00:00,0,0.4976857015392758
2026-02-23 00:00:00+00:00,0,0.4917243783171381
2026-02-23 00:05:00+00:00,0,0.4782950968757174
2026-02-23 00:10:00+00:00,0,0.4841310954890983
2026-02-23 00:15:00+00:00,0,0.49319104209043646
2026-02-23 00:20:00+00:00,0,0.5038220603502674
2026-02-23 00:25:00+00:00,0,0.5038398590064398
2026-02-23 00:30:00+00:00,0,0.5203126975840089
2026-02-23 00:35:00+00:00,0,0.5147102756815279
2026-02-23 00:40:00+00:00,0,0.500743770428946
2026-02-23 00:45:00+00:00,0,0.5170450165743943
2026-02-23 00:50:00+00:00,0,0.5187772133113252
2026-02-23 00:55:00+00:00,0,0.5327999613420926
2026-02-23 01:00:00+00:00,0,0.5233138476836582
2026-02-23 01:05:00+00:00,0,0.5497457156000148
2026-02-23 01:10:00+00:00,0,0.5374549446161696
2026-02-23 01:15:00+00:00,0,0.5349469118287358
2026-02-23 01:20:00+00:00,0,0.5452915851190444
2026-02-23 01:25:00+00:00,0,0.5397428734054266
2026-02-23 01:30:00+00:00,0,0.5398150495658064
2026-02-23 01:35:00+00:00,0,0.5412512164027308
2026-02-23 01:40:00+00:00,0,0.5277600245559438
2026-02-23 01:45:00+00:00,1,0.4951424269001809
2026-02-23 01:50:00+00:00,0,0.5062430110020952
2026-02-23 01:55:00+00:00,0,0.5314780842743986
2026-02-23 02:00:00+00:00,0,0.5011840199857409
2026-02-23 02:05:00+00:00,0,0.5213332583679982
2026-02-23 02:10:00+00:00,0,0.5100618289819862
2026-02-23 02:15:00+00:00,0,0.5112683320552185
2026-02-23 02:20:00+00:00,0,0.5425508733471143
2026-02-23 02:25:00+00:00,0,0.5250704685012728
2026-02-23 02:30:00+00:00,0,0.5206593163918557
2026-02-23 02:35:00+00:00,1,0.5183345965232964
2026-02-23 02:40:00+00:00,1,0.5195914381668209
2026-02-23 02:45:00+00:00,0,0.49134258636733547
2026-02-23 02:50:00+00:00,0,0.49317208039221433
2026-02-23 02:55:00+00:00,0,0.5017560609353082
2026-02-23 03:00:00+00:00,0,0.47560857686035385
2026-02-23 03:05:00+00:00,0,0.49617186864307006
2026-02-23 03:10:00+00:00,0,0.46090639823025875
2026-02-23 03:15:00+00:00,1,0.45966636875420136
2026-02-23 03:20:00+00:00,1,0.4645225670680237
2026-02-23 03:25:00+00:00,1,0.4815598510451032
2026-02-23 03:30:00+00:00,0,0.50159063759545
2026-02-23 03:35:00+00:00,0,0.46556588766813994
2026-02-23 03:40:00+00:00,0,0.46445836999869056
2026-02-23 03:45:00+00:00,0,0.47056294531494214
2026-02-23 03:50:00+00:00,0,0.4648979103288067
2026-02-23 03:55:00+00:00,0,0.47249102683203625
2026-02-23 04:00:00+00:00,0,0.4762174932215583
2026-02-23 04:05:00+00:00,0,0.4563582421734024
2026-02-23 04:10:00+00:00,0,0.47094419419189004
2026-02-23 04:15:00+00:00,0,0.474437868666313
2026-02-23 04:20:00+00:00,0,0.4867720335933267
2026-02-23 04:25:00+00:00,0,0.482170714450485
2026-02-23 04:30:00+00:00,0,0.4921006592033693
2026-02-23 04:35:00+00:00,1,0.4774483140074523
2026-02-23 04:40:00+00:00,1,0.4881375400932107
2026-02-23 04:45:00+00:00,1,0.49713332595307014
2026-02-23 04:50:00+00:00,1,0.4601277915626035
2026-02-23 04:55:00+00:00,1,0.47858543913218327
2026-02-23 05:00:00+00:00,1,0.4962916166001105
2026-02-23 05:05:00+00:00,1,0.5019890945630261
2026-02-23 05:10:00+00:00,1,0.4905144376202474
2026-02-23 05:15:00+00:00,0,0.5024442623029766
2026-02-23 05:20:00+00:00,0,0.5111785188278635
2026-02-23 05:25:00+00:00,0,0.4985073046391189
2026-02-23 05:30:00+00:00,0,0.5024793969069685
2026-02-23 05:35:00+00:00,1,0.5039984171024695
2026-02-23 05:40:00+00:00,1,0.5094445173806397
2026-02-23 05:45:00+00:00,1,0.5294301135146757
2026-02-23 05:50:00+00:00,1,0.5323369918188491
2026-02-23 05:55:00+00:00,1,0.5316058155108847
2026-02-23 06:00:00+00:00,1,0.5308823153773103
2026-02-23 06:05:00+00:00,1,0.5264919217190822
2026-02-23 06:10:00+00:00,1,0.5155089139233198
2026-02-23 06:15:00+00:00,1,0.5181955418239148
2026-02-23 06:20:00+00:00,1,0.5209705028888039
2026-02-23 06:25:00+00:00,1,0.5313712908962359
2026-02-23 06:30:00+00:00,1,0.5338998380745826
2026-02-23 06:35:00+00:00,1,0.4991351790168812
2026-02-23 06:40:00+00:00,1,0.5190320077707316
2026-02-23 06:45:00+00:00,1,0.47870991146785435
2026-02-23 06:50:00+00:00,0,0.4948196658734801
2026-02-23 06:55:00+00:00,1,0.49486079430525953
2026-02-23 07:00:00+00:00,0,0.4799133383020904
2026-02-23 07:05:00+00:00,1,0.5063198781877088
2026-02-23 07:10:00+00:00,1,0.5035553056743979
2026-02-23 07:15:00+00:00,1,0.5021047284449967
2026-02-23 07:20:00+00:00,1,0.5045111538966337
2026-02-23 07:25:00+00:00,1,0.509722715098405
2026-02-23 07:30:00+00:00,0,0.5209575691130135
2026-02-23 07:35:00+00:00,0,0.5078553216237719
2026-02-23 07:40:00+00:00,0,0.5160238006383087
2026-02-23 07:45:00+00:00,0,0.5102822367490395
2026-02-23 07:50:00+00:00,0,0.5083787867415305
2026-02-23 07:55:00+00:00,0,0.511067543472404
2026-02-23 08:00:00+00:00,0,0.5136201308140907
2026-02-23 08:05:00+00:00,0,0.511251208672535
2026-02-23 08:10:00+00:00,0,0.49740393443280334
2026-02-23 08:15:00+00:00,0,0.5138641519021595
2026-02-23 08:20:00+00:00,0,0.5068576910177569
2026-02-23 08:25:00+00:00,0,0.49755745154163017
2026-02-23 08:30:00+00:00,1,0.4932054670231489
2026-02-23 08:35:00+00:00,1,0.4944966941909391
2026-02-23 08:40:00+00:00,1,0.4827904582916271
2026-02-23 08:45:00+00:00,1,0.47823642819020246
2026-02-23 08:50:00+00:00,1,0.46918077739882014
2026-02-23 08:55:00+00:00,1,0.45668582161004945
2026-02-23 09:00:00+00:00,1,0.4596746991858124
2026-02-23 09:05:00+00:00,1,0.4596172803731696
2026-02-23 09:10:00+00:00,1,0.4456408914582159
2026-02-23 09:15:00+00:00,1,0.4554433274408321
2026-02-23 09:20:00+00:00,1,0.47470899869513167
2026-02-23 09:25:00+00:00,1,0.4803318062062626
2026-02-23 09:30:00+00:00,1,0.47606804178829276
2026-02-23 09:35:00+00:00,0,0.48882477761699494
2026-02-23 09:40:00+00:00,1,0.4780170739672354
2026-02-23 09:45:00+00:00,1,0.4902873347096403
2026-02-23 09:50:00+00:00,0,0.47758447232955453
2026-02-23 09:55:00+00:00,0,0.5017062608428541
2026-02-23 10:00:00+00:00,0,0.5099200764150442
2026-02-23 10:05:00+00:00,1,0.5020045969162197
2026-02-23 10:10:00+00:00,1,0.48034269208649505
2026-02-23 10:15:00+00:00,0,0.48718481850198875
2026-02-23 10:20:00+00:00,0,0.5099724363716374
2026-02-23 10:25:00+00:00,0,0.4944308105595527
2026-02-23 10:30:00+00:00,0,0.5280055237487237
2026-02-23 10:35:00+00:00,1,0.5465155272050733
2026-02-23 10:40:00+00:00,1,0.5421919758897396
2026-02-23 10:45:00+00:00,1,0.522976807144422
2026-02-23 10:50:00+00:00,1,0.5144019562610921
2026-02-23 10:55:00+00:00,1,0.5106441035238763
2026-02-23 11:00:00+00:00,1,0.5271122861113621
2026-02-23 11:05:00+00:00,0,0.510827877332786
2026-02-23 11:10:00+00:00,0,0.5270453014511609
2026-02-23 11:15:00+00:00,0,0.5377035991595444
2026-02-23 11:20:00+00:00,0,0.53741943226707
2026-02-23 11:25:00+00:00,0,0.5407401025288153
2026-02-23 11:30:00+00:00,0,0.5314769346407026
2026-02-23 11:35:00+00:00,0,0.5268269881220204
2026-02-23 11:40:00+00:00,0,0.5172702403327514
2026-02-23 11:45:00+00:00,1,0.5095389247357526
2026-02-23 11:50:00+00:00,1,0.5187814846372761
2026-02-23 11:55:00+00:00,1,0.5190894987216426
2026-02-23 12:00:00+00:00,1,0.5444074589831144
2026-02-23 12:05:00+00:00,1,0.5269811816534334
2026-02-23 12:10:00+00:00,1,0.5254457124358546
2026-02-23 12:15:00+00:00,1,0.5195744453600643
2026-02-23 12:20:00+00:00,1,0.518890233025585
2026-02-23 12:25:00+00:00,1,0.5196184525688138
2026-02-23 12:30:00+00:00,1,0.5209549371709182
2026-02-23 12:35:00+00:00,1,0.4971956964534449
2026-02-23 12:40:00+00:00,0,0.48249256810697805
2026-02-23 12:45:00+00:00,0,0.4906967494486593
2026-02-23 12:50:00+00:00,0,0.47828147579336405
2026-02-23 12:55:00+00:00,0,0.4833339750822505
2026-02-23 13:00:00+00:00,1,0.504004855361341
2026-02-23 13:05:00+00:00,0,0.5034185273391628
2026-02-23 13:10:00+00:00,1,0.5192272692961296
2026-02-23 13:15:00+00:00,1,0.5210013292157082
2026-02-23 13:20:00+00:00,1,0.5308248810787541
2026-02-23 13:25:00+00:00,0,0.533726079353856
2026-02-23 13:30:00+00:00,1,0.5297707759962657
2026-02-23 13:35:00+00:00,1,0.5254800570120866
2026-02-23 13:40:00+00:00,0,0.49440542114362973
2026-02-23 13:45:00+00:00,0,0.5110778018395116
2026-02-23 13:50:00+00:00,0,0.5073178559952803
2026-02-23 13:55:00+00:00,0,0.5301369817438341
2026-02-23 14:00:00+00:00,0,0.5203317557468831
2026-02-23 14:05:00+00:00,0,0.5184229888603807
2026-02-23 14:10:00+00:00,0,0.5127747989035761
2026-02-23 14:15:00+00:00,0,0.5185618581006378
2026-02-23 14:20:00+00:00,0,0.5144335009995689
2026-02-23 14:25:00+00:00,0,0.517508578582514
2026-02-23 14:30:00+00:00,0,0.5202163665353975
2026-02-23 14:35:00+00:00,0,0.5110831515686017
2026-02-23 14:40:00+00:00,0,0.506350538992546
2026-02-23 14:45:00+00:00,1,0.5206910254385259
2026-02-23 14:50:00+00:00,0,0.5236600348271353
2026-02-23 14:55:00+00:00,0,0.5089465319129839
2026-02-23 15:00:00+00:00,0,0.4998150407453175
2026-02-23 15:05:00+00:00,0,0.5027829452504506
2026-02-23 15:10:00+00:00,0,0.5023339926740971
2026-02-23 15:15:00+00:00,0,0.5203162448695451
2026-02-23 15:20:00+00:00,0,0.5140820364255542
2026-02-23 15:25:00+00:00,0,0.5129854038927436
2026-02-23 15:30:00+00:00,0,0.5162419336558335
2026-02-23 15:35:00+00:00,0,0.5103466413057877
2026-02-23 15:40:00+00:00,0,0.5147561438866306
2026-02-23 15:45:00+00:00,0,0.5109283590203958
2026-02-23 15:50:00+00:00,0,0.52568371549783
2026-02-23 15:55:00+00:00,1,0.5225554121455739
2026-02-23 16:00:00+00:00,1,0.5290965171326103
2026-02-23 16:05:00+00:00,1,0.5267913895165158
2026-02-23 16:10:00+00:00,1,0.4822116933682992
2026-02-23 16:15:00+00:00,0,0.5027399353329782
2026-02-23 16:20:00+00:00,0,0.4942504490334418
2026-02-23 16:25:00+00:00,0,0.4968106234479733
2026-02-23 16:30:00+00:00,0,0.5038353669116789
2026-02-23 16:35:00+00:00,0,0.48908723186999997
2026-02-23 16:40:00+00:00,0,0.4886836622183464
2026-02-23 16:45:00+00:00,0,0.49060367022098283
2026-02-23 16:50:00+00:00,0,0.4940406947973312
2026-02-23 16:55:00+00:00,0,0.49133440186688565
2026-02-23 17:00:00+00:00,0,0.48616422277316645
2026-02-23 17:05:00+00:00,0,0.5218448955870456
2026-02-23 17:10:00+00:00,0,0.5033496287917445
2026-02-23 17:15:00+00:00,0,0.5249964344344344
2026-02-23 17:20:00+00:00,0,0.5294324590391265
2026-02-23 17:25:00+00:00,1,0.5231434500106616
2026-02-23 17:30:00+00:00,1,0.5076450460034522
2026-02-23 17:35:00+00:00,1,0.5088497448758179
2026-02-23 17:40:00+00:00,1,0.47896569797391797
2026-02-23 17:45:00+00:00,1,0.4974577394830527
2026-02-23 17:50:00+00:00,1,0.4928527835480986
2026-02-23 17:55:00+00:00,1,0.49550104871397094
2026-02-23 18:00:00+00:00,1,0.498776731051612
2026-02-23 18:05:00+00:00,1,0.4964482298709943
2026-02-23 18:10:00+00:00,1,0.5032274464285135
2026-02-23 18:15:00+00:00,1,0.4918966881788834
2026-02-23 18:20:00+00:00,1,0.46195149488071063
2026-02-23 18:25:00+00:00,1,0.4597455593547479
2026-02-23 18:30:00+00:00,0,0.4525649494391218
2026-02-23 18:35:00+00:00,0,0.4839015579982013
2026-02-23 18:40:00+00:00,0,0.4624912076397721
2026-02-23 18:45:00+00:00,0,0.46051191488780635
2026-02-23 18:50:00+00:00,0,0.4698597199687895
2026-02-23 18:55:00+00:00,0,0.48855013186363727
2026-02-23 19:00:00+00:00,0,0.47528074263360237
2026-02-23 19:05:00+00:00,0,0.4919585410071712
2026-02-23 19:10:00+00:00,0,0.4859176352247472
2026-02-23 19:15:00+00:00,0,0.48858023868002487
2026-02-23 19:20:00+00:00,0,0.47639772122447666
2026-02-23 19:25:00+00:00,0,0.4893641358263039
2026-02-23 19:30:00+00:00,1,0.49898221302522355
2026-02-23 19:35:00+00:00,1,0.4929953053693291
2026-02-23 19:40:00+00:00,0,0.4902482931376701
2026-02-23 19:45:00+00:00,0,0.47571027901093116
2026-02-23 19:50:00+00:00,0,0.46578156889943667
2026-02-23 19:55:00+00:00,0,0.4833348002155053
2026-02-23 20:00:00+00:00,0,0.4909309859356612
2026-02-23 20:05:00+00:00,0,0.5091542213185257
2026-02-23 20:10:00+00:00,1,0.49945702140595916
2026-02-23 20:15:00+00:00,1,0.5107341019291355
2026-02-23 20:20:00+00:00,1,0.5042466341975168
2026-02-23 20:25:00+00:00,1,0.5041400358575734
2026-02-23 20:30:00+00:00,1,0.487159736651125
2026-02-23 20:35:00+00:00,1,0.493394383765439
2026-02-23 20:40:00+00:00,1,0.4881544589653481
2026-02-23 20:45:00+00:00,1,0.501174356374681
2026-02-23 20:50:00+00:00,0,0.4917943360106721
2026-02-23 20:55:00+00:00,1,0.49520136523307917
2026-02-23 21:00:00+00:00,1,0.4934343780614223
2026-02-23 21:05:00+00:00,0,0.5039141312334453
2026-02-23 21:10:00+00:00,0,0.4937230748507769
2026-02-23 21:15:00+00:00,0,0.49727009534100414
2026-02-23 21:20:00+00:00,0,0.5225264461933905
2026-02-23 21:25:00+00:00,0,0.5214631174604373
2026-02-23 21:30:00+00:00,1,0.5108265200775085
2026-02-23 21:35:00+00:00,1,0.5055387250446776
2026-02-23 21:40:00+00:00,1,0.5116022892306777
2026-02-23 21:45:00+00:00,1,0.5098080260567952
2026-02-23 21:50:00+00:00,1,0.5141331881999939
2026-02-23 21:55:00+00:00,1,0.5129847254046518
2026-02-23 22:00:00+00:00,1,0.5200749118299481
2026-02-23 22:05:00+00:00,0,0.514469149807532
2026-02-23 22:10:00+00:00,0,0.5040796137457274
2026-02-23 22:15:00+00:00,0,0.5126168308722959
2026-02-23 22:20:00+00:00,0,0.509914839276263
2026-02-23 22:25:00+00:00,0,0.513493351706991
2026-02-23 22:30:00+00:00,0,0.5124255220971783
2026-02-23 22:35:00+00:00,0,0.5193957582913978
2026-02-23 22:40:00+00:00,0,0.5214323048489891
2026-02-23 22:45:00+00:00,0,0.5251932504243801
2026-02-23 22:50:00+00:00,0,0.511366084121276
2026-02-23 22:55:00+00:00,0,0.5040494139600337
2026-02-23 23:00:00+00:00,0,0.5073336381012891
2026-02-23 23:05:00+00:00,0,0.517293059572862
2026-02-23 23:10:00+00:00,0,0.5174526905110165
2026-02-23 23:15:00+00:00,0,0.49341638910315405
2026-02-23 23:20:00+00:00,0,0.48871846305202715
2026-02-23 23:25:00+00:00,0,0.4998663464265323
2026-02-23 23:30:00+00:00,0,0.49068853704864035
2026-02-23 23:35:00+00:00,1,0.5003791995315264
2026-02-23 23:40:00+00:00,1,0.5024163922279387
2026-02-23 23:45:00+00:00,1,0.5011388590043311
2026-02-23 23:50:00+00:00,1,0.5029843591963555
2026-02-23 23:55:00+00:00,1,0.48238495794481767
2026-02-24 00:00:00+00:00,1,0.4859750060650456
2026-02-24 00:05:00+00:00,1,0.4789193404362571
2026-02-24 00:10:00+00:00,1,0.486395670796435
2026-02-24 00:15:00+00:00,1,0.46423356007910727
2026-02-24 00:20:00+00:00,1,0.478351123233995
2026-02-24 00:25:00+00:00,1,0.4687416817039153
2026-02-24 00:30:00+00:00,0,0.47503318356317364
2026-02-24 00:35:00+00:00,0,0.4977407968551028
2026-02-24 00:40:00+00:00,0,0.47241520441008394
2026-02-24 00:45:00+00:00,0,0.47908969261047285
2026-02-24 00:50:00+00:00,0,0.4565287456683454
2026-02-24 00:55:00+00:00,0,0.46115098160836376
2026-02-24 01:00:00+00:00,0,0.47479179382050724
2026-02-24 01:05:00+00:00,0,0.4791040724051005
2026-02-24 01:10:00+00:00,1,0.5094754323007652
2026-02-24 01:15:00+00:00,1,0.535598023373677
2026-02-24 01:20:00+00:00,1,0.5222102049718982
2026-02-24 01:25:00+00:00,0,0.5162477438203762
2026-02-24 01:30:00+00:00,0,0.5194902489507434
2026-02-24 01:35:00+00:00,0,0.5339598508462396
2026-02-24 01:40:00+00:00,1,0.5229933722936918
2026-02-24 01:45:00+00:00,1,0.508836317262109
2026-02-24 01:50:00+00:00,1,0.5097028407986611
2026-02-24 01:55:00+00:00,1,0.5055615800770487
2026-02-24 02:00:00+00:00,1,0.48239025280359515
2026-02-24 02:05:00+00:00,1,0.5009555443890682
2026-02-24 02:10:00+00:00,0,0.5100899824877754
2026-02-24 02:15:00+00:00,0,0.5187539469665028
2026-02-24 02:20:00+00:00,0,0.5108550676465169
2026-02-24 02:25:00+00:00,0,0.48822737667388305
2026-02-24 02:30:00+00:00,0,0.49402410824634263
2026-02-24 02:35:00+00:00,0,0.4835313371016895
2026-02-24 02:40:00+00:00,0,0.5171243379058535
2026-02-24 02:45:00+00:00,0,0.5081309258750158
2026-02-24 02:50:00+00:00,0,0.5158385913357139
2026-02-24 02:55:00+00:00,0,0.5166525114837383
2026-02-24 03:00:00+00:00,0,0.5164867367056712
2026-02-24 03:05:00+00:00,0,0.5298911643783816
2026-02-24 03:10:00+00:00,0,0.5258358923022771
2026-02-24 03:15:00+00:00,0,0.52445050812335
2026-02-24 03:20:00+00:00,0,0.512112388495933
2026-02-24 03:25:00+00:00,0,0.5019245617337564
2026-02-24 03:30:00+00:00,1,0.5004969513094456
2026-02-24 03:35:00+00:00,0,0.5017549972663458
2026-02-24 03:40:00+00:00,0,0.4751816114345432
2026-02-24 03:45:00+00:00,0,0.47847281767920974
2026-02-24 03:50:00+00:00,0,0.5018643627189179
2026-02-24 03:55:00+00:00,0,0.513087436647483
2026-02-24 04:00:00+00:00,0,0.5005850218187722
2026-02-24 04:05:00+00:00,1,0.5093333452394561
2026-02-24 04:10:00+00:00,1,0.5261933150679954
2026-02-24 04:15:00+00:00,1,0.5205067785312464
2026-02-24 04:20:00+00:00,0,0.5011741866391158
2026-02-24 04:25:00+00:00,1,0.5021416850727872
2026-02-24 04:30:00+00:00,1,0.5066635932181889
2026-02-24 04:35:00+00:00,1,0.4953567847473197
2026-02-24 04:40:00+00:00,1,0.4866812207144335
2026-02-24 04:45:00+00:00,0,0.47364279943216614
2026-02-24 04:50:00+00:00,0,0.4651981088597357
2026-02-24 04:55:00+00:00,0,0.46319831865621197
2026-02-24 05:00:00+00:00,0,0.4545663359889441
2026-02-24 05:05:00+00:00,0,0.4531117692167124
2026-02-24 05:10:00+00:00,0,0.4419647160131689
2026-02-24 05:15:00+00:00,0,0.46481378790129485
2026-02-24 05:20:00+00:00,1,0.48228757732665906
2026-02-24 05:25:00+00:00,1,0.47599734527239823
2026-02-24 05:30:00+00:00,0,0.47678674579459956
2026-02-24 05:35:00+00:00,1,0.482314593772834
2026-02-24 05:40:00+00:00,1,0.4873261963057884
2026-02-24 05:45:00+00:00,1,0.4845949498754435
2026-02-24 05:50:00+00:00,1,0.4837728456586577
2026-02-24 05:55:00+00:00,1,0.4920551982099452
2026-02-24 06:00:00+00:00,1,0.5088204122541458
2026-02-24 06:05:00+00:00,1,0.48067253119656944
2026-02-24 06:10:00+00:00,1,0.5116916579008591
2026-02-24 06:15:00+00:00,1,0.48309701867470456
2026-02-24 06:20:00+00:00,0,0.4863538561651293
2026-02-24 06:25:00+00:00,0,0.4955781934718924
2026-02-24 06:30:00+00:00,0,0.5020694351834497
2026-02-24 06:35:00+00:00,1,0.5140891370874087
2026-02-24 06:40:00+00:00,1,0.5237054786063
2026-02-24 06:45:00+00:00,1,0.5239855729472921
2026-02-24 06:50:00+00:00,1,0.505365489942056
2026-02-24 06:55:00+00:00,1,0.506186305140902
2026-02-24 07:00:00+00:00,1,0.48640746441132615
2026-02-24 07:05:00+00:00,1,0.4946382264064904
2026-02-24 07:10:00+00:00,0,0.486820578303684
2026-02-24 07:15:00+00:00,0,0.4977096791406292
2026-02-24 07:20:00+00:00,0,0.5008145956409485
2026-02-24 07:25:00+00:00,0,0.4867162634584961
2026-02-24 07:30:00+00:00,0,0.5031876505146639
2026-02-24 07:35:00+00:00,0,0.4971251562387967
2026-02-24 07:40:00+00:00,0,0.48241310493954803
2026-02-24 07:45:00+00:00,0,0.4882511322916264
2026-02-24 07:50:00+00:00,1,0.5102204673232374
2026-02-24 07:55:00+00:00,1,0.49698949621106314
2026-02-24 08:00:00+00:00,1,0.4998877898032339
2026-02-24 08:05:00+00:00,1,0.5022775168833229
2026-02-24 08:10:00+00:00,1,0.5084500785071896
2026-02-24 08:15:00+00:00,1,0.5118687644410961
2026-02-24 08:20:00+00:00,1,0.4871091830090495
2026-02-24 08:25:00+00:00,1,0.47655976006258705
2026-02-24 08:30:00+00:00,0,0.49033524464350353
2026-02-24 08:35:00+00:00,0,0.48986904245504703
2026-02-24 08:40:00+00:00,0,0.483633397004239
2026-02-24 08:45:00+00:00,0,0.46767464804192804
2026-02-24 08:50:00+00:00,0,0.4731858347909899
2026-02-24 08:55:00+00:00,0,0.473254533199217
2026-02-24 09:00:00+00:00,0,0.47126003367839153
2026-02-24 09:05:00+00:00,0,0.47826193648618903
2026-02-24 09:10:00+00:00,0,0.4680665740261406
2026-02-24 09:15:00+00:00,0,0.4938734948237174
2026-02-24 09:20:00+00:00,1,0.4876507950302555
2026-02-24 09:25:00+00:00,1,0.49864112380781284
2026-02-24 09:30:00+00:00,1,0.4989826769697391
2026-02-24 09:35:00+00:00,1,0.5095388681775114
2026-02-24 09:40:00+00:00,1,0.49684805449913033
2026-02-24 09:45:00+00:00,1,0.49677049939233964
2026-02-24 09:50:00+00:00,1,0.4970503615581497
2026-02-24 09:55:00+00:00,0,0.49930634088741943
2026-02-24 10:00:00+00:00,1,0.5142166992798635
2026-02-24 10:05:00+00:00,0,0.5098777720353117
2026-02-24 10:10:00+00:00,0,0.5040912568923331
2026-02-24 10:15:00+00:00,0,0.5018496750562763
2026-02-24 10:20:00+00:00,1,0.5000898101842647
2026-02-24 10:25:00+00:00,1,0.49943457095230254
2026-02-24 10:30:00+00:00,1,0.48813460530498687
2026-02-24 10:35:00+00:00,1,0.500070188645216
2026-02-24 10:40:00+00:00,1,0.5045410590174557
2026-02-24 10:45:00+00:00,1,0.5132687363069107
2026-02-24 10:50:00+00:00,0,0.4915900466550931
2026-02-24 10:55:00+00:00,0,0.5038608145637213
2026-02-24 11:00:00+00:00,0,0.5062757876408029
2026-02-24 11:05:00+00:00,1,0.511347298329248
2026-02-24 11:10:00+00:00,0,0.5052906672739984
2026-02-24 11:15:00+00:00,1,0.5008969289184924
2026-02-24 11:20:00+00:00,0,0.5111880645572292
2026-02-24 11:25:00+00:00,1,0.5044937969180096
2026-02-24 11:30:00+00:00,0,0.5110890668052112
2026-02-24 11:35:00+00:00,1,0.5010309410452894
2026-02-24 11:40:00+00:00,1,0.5122540456342757
2026-02-24 11:45:00+00:00,0,0.5151418927025665
2026-02-24 11:50:00+00:00,1,0.5203721651827113
2026-02-24 11:55:00+00:00,1,0.5129949366453727
2026-02-24 12:00:00+00:00,1,0.5351898034992073
2026-02-24 12:05:00+00:00,0,0.5268369286030975
2026-02-24 12:10:00+00:00,0,0.5243169609712616
2026-02-24 12:15:00+00:00,0,0.5244442880418594
2026-02-24 12:20:00+00:00,0,0.5233626027103985
2026-02-24 12:25:00+00:00,0,0.5281385837796719
2026-02-24 12:30:00+00:00,0,0.5234526142942171
2026-02-24 12:35:00+00:00,1,0.5104340404768037
2026-02-24 12:40:00+00:00,1,0.5078470178988739
2026-02-24 12:45:00+00:00,1,0.5137522904004094
2026-02-24 12:50:00+00:00,0,0.5152466703805385
2026-02-24 12:55:00+00:00,0,0.5187484326387567
2026-02-24 13:00:00+00:00,0,0.5044041605114182
2026-02-24 13:05:00+00:00,0,0.4989589818545491
2026-02-24 13:10:00+00:00,0,0.5038970454681894
2026-02-24 13:15:00+00:00,0,0.496413480922032
2026-02-24 13:20:00+00:00,1,0.5047244379028755
2026-02-24 13:25:00+00:00,1,0.5234462575300839
2026-02-24 13:30:00+00:00,0,0.5258381719836384
2026-02-24 13:35:00+00:00,0,0.4971391420663805
2026-02-24 13:40:00+00:00,0,0.5232357687108409
2026-02-24 13:45:00+00:00,0,0.5086341209823116
2026-02-24 13:50:00+00:00,0,0.5295953908652954
2026-02-24 13:55:00+00:00,0,0.5243850106236616
2026-02-24 14:00:00+00:00,0,0.5186982158867347
2026-02-24 14:05:00+00:00,1,0.5216220573349216
2026-02-24 14:10:00+00:00,1,0.5269332632856663
2026-02-24 14:15:00+00:00,1,0.5079972083039925
2026-02-24 14:20:00+00:00,1,0.505690597427493
2026-02-24 14:25:00+00:00,1,0.49996886727019124
2026-02-24 14:30:00+00:00,1,0.5111583868126706
2026-02-24 14:35:00+00:00,1,0.48396725733553575
2026-02-24 14:40:00+00:00,1,0.4994048671045871
2026-02-24 14:45:00+00:00,1,0.4926337847362034
2026-02-24 14:50:00+00:00,1,0.49876254116602475
2026-02-24 14:55:00+00:00,1,0.48345806822985476
2026-02-24 15:00:00+00:00,1,0.47746778273741164
2026-02-24 15:05:00+00:00,1,0.4957635544640626
2026-02-24 15:10:00+00:00,0,0.48446513531426694
2026-02-24 15:15:00+00:00,0,0.49536022444397554
2026-02-24 15:20:00+00:00,0,0.5035294164995958
2026-02-24 15:25:00+00:00,0,0.5055992229435131
2026-02-24 15:30:00+00:00,1,0.5108739108129534
2026-02-24 15:35:00+00:00,1,0.52025934119193
2026-02-24 15:40:00+00:00,1,0.5240269383407812
2026-02-24 15:45:00+00:00,1,0.5043474954919592
2026-02-24 15:50:00+00:00,1,0.49570937851235897
2026-02-24 15:55:00+00:00,1,0.5096205719574258
2026-02-24 16:00:00+00:00,0,0.4701571107537288
2026-02-24 16:05:00+00:00,0,0.46577304862528973
2026-02-24 16:10:00+00:00,0,0.47447572834037566
2026-02-24 16:15:00+00:00,0,0.4866850653459868
2026-02-24 16:20:00+00:00,0,0.5060316869584038
2026-02-24 16:25:00+00:00,1,0.5071019168681129
2026-02-24 16:30:00+00:00,1,0.5257087362931905
2026-02-24 16:35:00+00:00,1,0.5054582004720602
2026-02-24 16:40:00+00:00,1,0.5201979406643317
2026-02-24 16:45:00+00:00,1,0.5089321541707167
2026-02-24 16:50:00+00:00,1,0.5218398922687651
2026-02-24 16:55:00+00:00,0,0.515113097826604
2026-02-24 17:00:00+00:00,0,0.4923021779181606
2026-02-24 17:05:00+00:00,0,0.495713123755584
2026-02-24 17:10:00+00:00,0,0.4948472507671966
2026-02-24 17:15:00+00:00,0,0.5008129209119049
2026-02-24 17:20:00+00:00,0,0.5105835914517524
2026-02-24 17:25:00+00:00,0,0.49155261342333945
2026-02-24 17:30:00+00:00,0,0.48949623926207947
2026-02-24 17:35:00+00:00,0,0.49079258943189236
2026-02-24 17:40:00+00:00,0,0.5034619438807004
2026-02-24 17:45:00+00:00,1,0.4930710497192571
2026-02-24 17:50:00+00:00,1,0.49734366832178606
2026-02-24 17:55:00+00:00,1,0.4973627801162736
2026-02-24 18:00:00+00:00,1,0.464986279874954
2026-02-24 18:05:00+00:00,1,0.47402982795366777
2026-02-24 18:10:00+00:00,1,0.4885920744590545
2026-02-24 18:15:00+00:00,1,0.4821969449988042
2026-02-24 18:20:00+00:00,1,0.4895404983987643
2026-02-24 18:25:00+00:00,1,0.48808108938747724
2026-02-24 18:30:00+00:00,1,0.4756358507653866
2026-02-24 18:35:00+00:00,1,0.475329304312691
2026-02-24 18:40:00+00:00,0,0.47397762836428226
2026-02-24 18:45:00+00:00,0,0.48169370531355554
2026-02-24 18:50:00+00:00,1,0.4897955430095369
2026-02-24 18:55:00+00:00,1,0.4979781407083375
2026-02-24 19:00:00+00:00,1,0.5127796501974041
2026-02-24 19:05:00+00:00,1,0.5027275449387832
2026-02-24 19:10:00+00:00,1,0.4968724503302338
2026-02-24 19:15:00+00:00,1,0.5000496618446197
2026-02-24 19:20:00+00:00,0,0.4944980632328845
2026-02-24 19:25:00+00:00,1,0.5163242928926505
2026-02-24 19:30:00+00:00,1,0.5244495034283052
2026-02-24 19:35:00+00:00,1,0.5152620341938883
2026-02-24 19:40:00+00:00,1,0.5099534447427031
2026-02-24 19:45:00+00:00,1,0.49423482403153124
2026-02-24 19:50:00+00:00,1,0.5027313582385414
2026-02-24 19:55:00+00:00,1,0.5184445725979653
2026-02-24 20:00:00+00:00,1,0.5233556022475763
2026-02-24 20:05:00+00:00,1,0.5070483361274136
2026-02-24 20:10:00+00:00,1,0.5189047417153656
2026-02-24 20:15:00+00:00,0,0.517998724606342
2026-02-24 20:20:00+00:00,0,0.5161915071213277
2026-02-24 20:25:00+00:00,0,0.5197129851241248
2026-02-24 20:30:00+00:00,0,0.5105488675617795
2026-02-24 20:35:00+00:00,0,0.5301319983423769
2026-02-24 20:40:00+00:00,0,0.5203937762700815
2026-02-24 20:45:00+00:00,0,0.5051977976782519
2026-02-24 20:50:00+00:00,0,0.5081919468582873
2026-02-24 20:55:00+00:00,0,0.5088428896677174
2026-02-24 21:00:00+00:00,0,0.5122970083205921
2026-02-24 21:05:00+00:00,0,0.5071219643499971
2026-02-24 21:10:00+00:00,0,0.5007291957529881
2026-02-24 21:15:00+00:00,1,0.4988559183434036
2026-02-24 21:20:00+00:00,1,0.4953620913847786
2026-02-24 21:25:00+00:00,1,0.4970115159006953
2026-02-24 21:30:00+00:00,1,0.49745350749587813
2026-02-24 21:35:00+00:00,1,0.493672920025702
2026-02-24 21:40:00+00:00,1,0.49456860860464874
2026-02-24 21:45:00+00:00,1,0.508424048341732
2026-02-24 21:50:00+00:00,1,0.49491571529610534
2026-02-24 21:55:00+00:00,1,0.5021391503874845
2026-02-24 22:00:00+00:00,1,0.47401841859051175
2026-02-24 22:05:00+00:00,0,0.4836891919865794
2026-02-24 22:10:00+00:00,0,0.49616842885180445
2026-02-24 22:15:00+00:00,0,0.49123315087542907
2026-02-24 22:20:00+00:00,0,0.4907291409679002
2026-02-24 22:25:00+00:00,1,0.4894408392255195
2026-02-24 22:30:00+00:00,0,0.48914611949612624
2026-02-24 22:35:00+00:00,0,0.4917041739076313
2026-02-24 22:40:00+00:00,1,0.4983130375220138
2026-02-24 22:45:00+00:00,1,0.4861148052188406
2026-02-24 22:50:00+00:00,1,0.49680858669288613
2026-02-24 22:55:00+00:00,1,0.4913572698365784
2026-02-24 23:00:00+00:00,1,0.5115950057983183
2026-02-24 23:05:00+00:00,1,0.5218575450403478
2026-02-24 23:10:00+00:00,1,0.5117317729040542
2026-02-24 23:15:00+00:00,1,0.5117883882955141
2026-02-24 23:20:00+00:00,0,0.5008317616125861
2026-02-24 23:25:00+00:00,0,0.49554639867208583
2026-02-24 23:30:00+00:00,0,0.4824462022411376
2026-02-24 23:35:00+00:00,0,0.47175490632756495
2026-02-24 23:40:00+00:00,0,0.4766210304686719
2026-02-24 23:45:00+00:00,0,0.4874163876301821
2026-02-24 23:50:00+00:00,0,0.5008979247027588
2026-02-24 23:55:00+00:00,0,0.5057449512620544
2026-02-25 00:00:00+00:00,0,0.512291082443612
2026-02-25 00:05:00+00:00,1,0.5135466213070173
2026-02-25 00:10:00+00:00,1,0.5240173647200581
2026-02-25 00:15:00+00:00,1,0.5246003635060617
2026-02-25 00:20:00+00:00,1,0.5239507778936545
2026-02-25 00:25:00+00:00,1,0.514499371469489
2026-02-25 00:30:00+00:00,1,0.5016971064935846
2026-02-25 00:35:00+00:00,1,0.48688282286911344
2026-02-25 00:40:00+00:00,1,0.478945337436656
2026-02-25 00:45:00+00:00,1,0.4835592737302658
2026-02-25 00:50:00+00:00,1,0.47269831810479607
2026-02-25 00:55:00+00:00,1,0.4908546920666997
2026-02-25 01:00:00+00:00,1,0.4782566789556424
2026-02-25 01:05:00+00:00,1,0.45649000163490916
2026-02-25 01:10:00+00:00,1,0.493145289673091
2026-02-25 01:15:00+00:00,1,0.5103857883405591
2026-02-25 01:20:00+00:00,0,0.5158044406330983
2026-02-25 01:25:00+00:00,1,0.4859034395606378
2026-02-25 01:30:00+00:00,1,0.5154171856072445
2026-02-25 01:35:00+00:00,1,0.5062073718621836
2026-02-25 01:40:00+00:00,1,0.5047916248410723
2026-02-25 01:45:00+00:00,1,0.5167331029730804
2026-02-25 01:50:00+00:00,1,0.4989723344021777
2026-02-25 01:55:00+00:00,1,0.48888759416657224
2026-02-25 02:00:00+00:00,0,0.48141145049429496
2026-02-25 02:05:00+00:00,0,0.47628397013767804
2026-02-25 02:10:00+00:00,0,0.4698895020591238
2026-02-25 02:15:00+00:00,1,0.4855681153540637
2026-02-25 02:20:00+00:00,0,0.46206858384920946
2026-02-25 02:25:00+00:00,1,0.4639043000676656
2026-02-25 02:30:00+00:00,1,0.46218216105281834
2026-02-25 02:35:00+00:00,1,0.45433224816252715
2026-02-25 02:40:00+00:00,0,0.4602931417611299
2026-02-25 02:45:00+00:00,0,0.4474469489094614
2026-02-25 02:50:00+00:00,0,0.4397212860773067
2026-02-25 02:55:00+00:00,0,0.45711935380516905
2026-02-25 03:00:00+00:00,0,0.4785767306860876
2026-02-25 03:05:00+00:00,0,0.4809642234374224
2026-02-25 03:10:00+00:00,0,0.4705611072385898
2026-02-25 03:15:00+00:00,0,0.4623124562089433
2026-02-25 03:20:00+00:00,0,0.46497050426328457
2026-02-25 03:25:00+00:00,0,0.46303969071453177
2026-02-25 03:30:00+00:00,0,0.4517527792873836
2026-02-25 03:35:00+00:00,0,0.46437399914236255
2026-02-25 03:40:00+00:00,1,0.45466656449269455
2026-02-25 03:45:00+00:00,1,0.4873738673873359
2026-02-25 03:50:00+00:00,1,0.4922061583975357
2026-02-25 03:55:00+00:00,1,0.4718370963098751
2026-02-25 04:00:00+00:00,1,0.5174720620781338
2026-02-25 04:05:00+00:00,1,0.51497093084523
2026-02-25 04:10:00+00:00,1,0.4835334847652169
2026-02-25 04:15:00+00:00,1,0.4632638427812668
2026-02-25 04:20:00+00:00,1,0.460062134039008
2026-02-25 04:25:00+00:00,0,0.45394006169141277
2026-02-25 04:30:00+00:00,0,0.4547094301057566
2026-02-25 04:35:00+00:00,0,0.4701455703409237
2026-02-25 04:40:00+00:00,0,0.46373952144258634
2026-02-25 04:45:00+00:00,0,0.4779673979945949
2026-02-25 04:50:00+00:00,0,0.4885601184505601
2026-02-25 04:55:00+00:00,0,0.48990767564966786
2026-02-25 05:00:00+00:00,0,0.4842631824884771
2026-02-25 05:05:00+00:00,0,0.4845957977523722
2026-02-25 05:10:00+00:00,0,0.49941961152829356
2026-02-25 05:15:00+00:00,0,0.5018997805670122
2026-02-25 05:20:00+00:00,0,0.5155575925884079
2026-02-25 05:25:00+00:00,0,0.507288543098776
2026-02-25 05:30:00+00:00,1,0.5207388428625926
2026-02-25 05:35:00+00:00,1,0.5297770001505125
2026-02-25 05:40:00+00:00,1,0.511742958030267
2026-02-25 05:45:00+00:00,0,0.5152490105658901
2026-02-25 05:50:00+00:00,1,0.5206158700961478
2026-02-25 05:55:00+00:00,1,0.517464546277987
2026-02-25 06:00:00+00:00,1,0.52877305651088
2026-02-25 06:05:00+00:00,1,0.5239377381559506
2026-02-25 06:10:00+00:00,1,0.5179352008124566
2026-02-25 06:15:00+00:00,1,0.5294015160543735
2026-02-25 06:20:00+00:00,0,0.47841706685938207
2026-02-25 06:25:00+00:00,0,0.48759603765914933
2026-02-25 06:30:00+00:00,0,0.48179102110791894
2026-02-25 06:35:00+00:00,1,0.4935729954310989
2026-02-25 06:40:00+00:00,1,0.49619789339133824
2026-02-25 06:45:00+00:00,1,0.5242548372170595
2026-02-25 06:50:00+00:00,1,0.5359697674333709
2026-02-25 06:55:00+00:00,1,0.5335074444338977
2026-02-25 07:00:00+00:00,1,0.5117966781387093
2026-02-25 07:05:00+00:00,1,0.5072619793036577
2026-02-25 07:10:00+00:00,1,0.5061907402419473
2026-02-25 07:15:00+00:00,0,0.464769402332567
2026-02-25 07:20:00+00:00,0,0.4791371867299515
2026-02-25 07:25:00+00:00,1,0.47861987207144174
2026-02-25 07:30:00+00:00,0,0.47033398692771794
2026-02-25 07:35:00+00:00,0,0.4786536444480269
2026-02-25 07:40:00+00:00,0,0.49485411870911344
2026-02-25 07:45:00+00:00,1,0.5023585134007018
2026-02-25 07:50:00+00:00,1,0.5105291303215923
2026-02-25 07:55:00+00:00,1,0.4922462461243532
2026-02-25 08:00:00+00:00,1,0.5200460126922098
2026-02-25 08:05:00+00:00,1,0.5028904528894697
2026-02-25 08:10:00+00:00,1,0.4888220801551193
2026-02-25 08:15:00+00:00,1,0.49559600310137747
2026-02-25 08:20:00+00:00,0,0.499522086996897
2026-02-25 08:25:00+00:00,1,0.4991608996800338
2026-02-25 08:30:00+00:00,1,0.5073183764090444
2026-02-25 08:35:00+00:00,1,0.4940340533868662
2026-02-25 08:40:00+00:00,1,0.5079590046888243
2026-02-25 08:45:00+00:00,1,0.47717737943868305
2026-02-25 08:50:00+00:00,0,0.4922252434690644
2026-02-25 08:55:00+00:00,0,0.49361813793280823
2026-02-25 09:00:00+00:00,0,0.47856332354485787
2026-02-25 09:05:00+00:00,0,0.47749472174550134
2026-02-25 09:10:00+00:00,0,0.48295494341384776
2026-02-25 09:15:00+00:00,0,0.49468618847495915
2026-02-25 09:20:00+00:00,1,0.5009803371411092
2026-02-25 09:25:00+00:00,1,0.4919636713808744
2026-02-25 09:30:00+00:00,1,0.4930431164781709
2026-02-25 09:35:00+00:00,1,0.4909338252589985
2026-02-25 09:40:00+00:00,1,0.4802945220668156
2026-02-25 09:45:00+00:00,1,0.49508755067009275
2026-02-25 09:50:00+00:00,1,0.48431233485644004
2026-02-25 09:55:00+00:00,1,0.4841467577072548
2026-02-25 10:00:00+00:00,1,0.49349711327187673
2026-02-25 10:05:00+00:00,0,0.49949534786587574
2026-02-25 10:10:00+00:00,0,0.49350069976351457
2026-02-25 10:15:00+00:00,1,0.4960882614515487
2026-02-25 10:20:00+00:00,0,0.49404277660274826
2026-02-25 10:25:00+00:00,0,0.49278034364888357
2026-02-25 10:30:00+00:00,0,0.48476678241918214
2026-02-25 10:35:00+00:00,0,0.4878364430367611
2026-02-25 10:40:00+00:00,0,0.4902372984009088
2026-02-25 10:45:00+00:00,0,0.48841220932794643
2026-02-25 10:50:00+00:00,1,0.5015110772049909
2026-02-25 10:55:00+00:00,1,0.4949034276471549
2026-02-25 11:00:00+00:00,1,0.49570381156561505
2026-02-25 11:05:00+00:00,1,0.4991037439143385
2026-02-25 11:10:00+00:00,1,0.5031003528261678
2026-02-25 11:15:00+00:00,1,0.49341955696878365
2026-02-25 11:20:00+00:00,1,0.4819272192051298
2026-02-25 11:25:00+00:00,1,0.47247676702051067
2026-02-25 11:30:00+00:00,1,0.48433678680301157
2026-02-25 11:35:00+00:00,1,0.48275999849199036
2026-02-25 11:40:00+00:00,0,0.48199063496024197
2026-02-25 11:45:00+00:00,1,0.4692144324080551
2026-02-25 11:50:00+00:00,1,0.48437369095772986
2026-02-25 11:55:00+00:00,0,0.4884127635027202
2026-02-25 12:00:00+00:00,1,0.5004539174874113
2026-02-25 12:05:00+00:00,1,0.48923101592943835
2026-02-25 12:10:00+00:00,1,0.48862370822838896
2026-02-25 12:15:00+00:00,1,0.4772749166030999
2026-02-25 12:20:00+00:00,1,0.4617095562008332
2026-02-25 12:25:00+00:00,1,0.47271293963712835
2026-02-25 12:30:00+00:00,1,0.4937590646644359
2026-02-25 12:35:00+00:00,1,0.4781997386839321
2026-02-25 12:40:00+00:00,1,0.4640595516287476
2026-02-25 12:45:00+00:00,0,0.4749860131046514
2026-02-25 12:50:00+00:00,0,0.469350357301936
2026-02-25 12:55:00+00:00,1,0.4758173963912604
2026-02-25 13:00:00+00:00,1,0.4808622531105299
2026-02-25 13:05:00+00:00,1,0.4860833717023309
2026-02-25 13:10:00+00:00,1,0.48387534398214155
2026-02-25 13:15:00+00:00,1,0.4974612925420848
2026-02-25 13:20:00+00:00,1,0.4840504053210552
2026-02-25 13:25:00+00:00,0,0.4811950509159933
2026-02-25 13:30:00+00:00,1,0.48630734920225277
2026-02-25 13:35:00+00:00,1,0.48669843110676153
2026-02-25 13:40:00+00:00,1,0.49154040720110803
2026-02-25 13:45:00+00:00,0,0.4666896236957989
2026-02-25 13:50:00+00:00,1,0.4802634521182516
2026-02-25 13:55:00+00:00,1,0.4704441429504368
2026-02-25 14:00:00+00:00,1,0.4701028141508938
2026-02-25 14:05:00+00:00,0,0.48127696903486655
2026-02-25 14:10:00+00:00,1,0.48555877066959957
2026-02-25 14:15:00+00:00,1,0.479387264239191
2026-02-25 14:20:00+00:00,1,0.4734479006414219
2026-02-25 14:25:00+00:00,1,0.4715453183807376
2026-02-25 14:30:00+00:00,1,0.4746755334025171
2026-02-25 14:35:00+00:00,1,0.4860464035402621
2026-02-25 14:40:00+00:00,1,0.47162183658967927
2026-02-25 14:45:00+00:00,0,0.4891027610273843
2026-02-25 14:50:00+00:00,0,0.47765653922870593
2026-02-25 14:55:00+00:00,0,0.5001838441986812
2026-02-25 15:00:00+00:00,0,0.5218417106309948
2026-02-25 15:05:00+00:00,1,0.5155177656393306
2026-02-25 15:10:00+00:00,1,0.5149543793982088
2026-02-25 15:15:00+00:00,1,0.5115631916176142
2026-02-25 15:20:00+00:00,1,0.5033877725099375
2026-02-25 15:25:00+00:00,1,0.5046059155655893
2026-02-25 15:30:00+00:00,1,0.4961531760975408
2026-02-25 15:35:00+00:00,1,0.5038404926519986
2026-02-25 15:40:00+00:00,1,0.5083425072242133
2026-02-25 15:45:00+00:00,1,0.5135729450374307
2026-02-25 15:50:00+00:00,1,0.5226522691214032
2026-02-25 15:55:00+00:00,1,0.5197274467747357
2026-02-25 16:00:00+00:00,1,0.4980536043683361
2026-02-25 16:05:00+00:00,1,0.5173631217614191
2026-02-25 16:10:00+00:00,1,0.5016487434479271
2026-02-25 16:15:00+00:00,1,0.4903150139721178
2026-02-25 16:20:00+00:00,1,0.5181932138626006
2026-02-25 16:25:00+00:00,1,0.5244183577837952
2026-02-25 16:30:00+00:00,1,0.517142715737407
2026-02-25 16:35:00+00:00,1,0.5212933185205815
2026-02-25 16:40:00+00:00,1,0.5126866270679046
2026-02-25 16:45:00+00:00,1,0.4955940343107826
2026-02-25 16:50:00+00:00,1,0.4931801017764787
2026-02-25 16:55:00+00:00,1,0.4970657052066428
2026-02-25 17:00:00+00:00,1,0.4818916268519151
2026-02-25 17:05:00+00:00,1,0.4934595173762257
2026-02-25 17:10:00+00:00,1,0.4651266476149989
2026-02-25 17:15:00+00:00,1,0.49824105878451214
2026-02-25 17:20:00+00:00,1,0.49731028776392044
2026-02-25 17:25:00+00:00,1,0.49806993277439243
2026-02-25 17:30:00+00:00,0,0.4959261508010603
2026-02-25 17:35:00+00:00,0,0.48509612826806986
2026-02-25 17:40:00+00:00,0,0.4944266016169554
2026-02-25 17:45:00+00:00,0,0.4826230213990873
2026-02-25 17:50:00+00:00,0,0.47531177374101763
2026-02-25 17:55:00+00:00,1,0.47695449309623117
2026-02-25 18:00:00+00:00,1,0.4783819630938159
2026-02-25 18:05:00+00:00,1,0.49380718318022276
2026-02-25 18:10:00+00:00,1,0.5004438577788743
2026-02-25 18:15:00+00:00,1,0.5271517746740243
2026-02-25 18:20:00+00:00,1,0.507762939612962
2026-02-25 18:25:00+00:00,1,0.47770945362758016
2026-02-25 18:30:00+00:00,1,0.48731905499292383
2026-02-25 18:35:00+00:00,0,0.474747599753222
2026-02-25 18:40:00+00:00,0,0.47099718774482197
2026-02-25 18:45:00+00:00,1,0.5074599849265202
2026-02-25 18:50:00+00:00,1,0.5021278121956342
2026-02-25 18:55:00+00:00,1,0.5037483536702158
2026-02-25 19:00:00+00:00,1,0.4967436255768396
2026-02-25 19:05:00+00:00,1,0.49721798781828225
2026-02-25 19:10:00+00:00,1,0.49626662145565675
2026-02-25 19:15:00+00:00,1,0.48201263821009266
2026-02-25 19:20:00+00:00,1,0.4917065665336596
2026-02-25 19:25:00+00:00,1,0.4835169251648141
2026-02-25 19:30:00+00:00,1,0.49454957773875413
2026-02-25 19:35:00+00:00,1,0.4829230305462934
2026-02-25 19:40:00+00:00,0,0.5075499476305231
2026-02-25 19:45:00+00:00,0,0.49505952423692146
2026-02-25 19:50:00+00:00,0,0.49953970563022443
2026-02-25 19:55:00+00:00,0,0.4871418469304533
2026-02-25 20:00:00+00:00,1,0.4870504990482964
2026-02-25 20:05:00+00:00,1,0.4743574157191258
2026-02-25 20:10:00+00:00,1,0.49703230222677763
2026-02-25 20:15:00+00:00,1,0.5066147290385627
2026-02-25 20:20:00+00:00,1,0.5107606364526892
2026-02-25 20:25:00+00:00,1,0.5201592698807737
2026-02-25 20:30:00+00:00,1,0.48278931110204903
2026-02-25 20:35:00+00:00,1,0.4806288217097664
2026-02-25 20:40:00+00:00,0,0.49989747609912943
2026-02-25 20:45:00+00:00,0,0.48457510392814057
2026-02-25 20:50:00+00:00,0,0.48333218917770876
2026-02-25 20:55:00+00:00,1,0.47866172048004524
2026-02-25 21:00:00+00:00,1,0.47603498523332655
2026-02-25 21:05:00+00:00,1,0.47072857843580557
2026-02-25 21:10:00+00:00,1,0.47637390950362024
2026-02-25 21:15:00+00:00,1,0.47428771385615826
2026-02-25 21:20:00+00:00,1,0.4647669195946252
2026-02-25 21:25:00+00:00,1,0.4767402706899786
2026-02-25 21:30:00+00:00,0,0.4601872999837529
2026-02-25 21:35:00+00:00,0,0.4744228185540449
2026-02-25 21:40:00+00:00,0,0.48221931054598555
2026-02-25 21:45:00+00:00,1,0.48588621936302145
2026-02-25 21:50:00+00:00,0,0.49330775426128753
2026-02-25 21:55:00+00:00,0,0.49817949048652693
2026-02-25 22:00:00+00:00,0,0.47088674671759306
2026-02-25 22:05:00+00:00,0,0.47647840977087874
2026-02-25 22:10:00+00:00,0,0.46641486158406675
2026-02-25 22:15:00+00:00,0,0.4777087139179878
2026-02-25 22:20:00+00:00,0,0.49406094715226967
2026-02-25 22:25:00+00:00,0,0.49408372258923233
2026-02-25 22:30:00+00:00,0,0.4992404493168507
2026-02-25 22:35:00+00:00,0,0.5057889524246424
2026-02-25 22:40:00+00:00,1,0.5082466551185808
2026-02-25 22:45:00+00:00,0,0.5124141567684368
2026-02-25 22:50:00+00:00,0,0.5218646603455123
2026-02-25 22:55:00+00:00,0,0.5228900058400785
2026-02-25 23:00:00+00:00,0,0.5322254439563077
2026-02-25 23:05:00+00:00,0,0.5244783234221495
2026-02-25 23:10:00+00:00,0,0.5317663161697737
2026-02-25 23:15:00+00:00,0,0.5282745612250234
2026-02-25 23:20:00+00:00,0,0.5221236400973895
2026-02-25 23:25:00+00:00,0,0.5125470568019486
2026-02-25 23:30:00+00:00,1,0.5150807868490791
2026-02-25 23:35:00+00:00,1,0.5422195918598649
2026-02-25 23:40:00+00:00,1,0.5510565428159439
2026-02-25 23:45:00+00:00,1,0.5347025396189992
2026-02-25 23:50:00+00:00,1,0.5487121911558422
2026-02-25 23:55:00+00:00,1,0.5263729868566663
2026-02-26 00:00:00+00:00,1,0.526388615565178
2026-02-26 00:05:00+00:00,0,0.5197256616665263
2026-02-26 00:10:00+00:00,0,0.5243008966961992
2026-02-26 00:15:00+00:00,0,0.5105794178039212
2026-02-26 00:20:00+00:00,0,0.5009579093756611
2026-02-26 00:25:00+00:00,0,0.5001888910299528
2026-02-26 00:30:00+00:00,0,0.49910452469973804
2026-02-26 00:35:00+00:00,1,0.5236228101526269
2026-02-26 00:40:00+00:00,1,0.5160944060071011
2026-02-26 00:45:00+00:00,1,0.5218646151689995
2026-02-26 00:50:00+00:00,1,0.5222729283804046
2026-02-26 00:55:00+00:00,1,0.5149671547666277
2026-02-26 01:00:00+00:00,0,0.500183934724803
2026-02-26 01:05:00+00:00,0,0.5052052313324304
2026-02-26 01:10:00+00:00,0,0.5030038329326157
2026-02-26 01:15:00+00:00,0,0.5123838604712279
2026-02-26 01:20:00+00:00,0,0.5212943463877168
2026-02-26 01:25:00+00:00,0,0.4939789535211517
2026-02-26 01:30:00+00:00,0,0.5208912731874727
2026-02-26 01:35:00+00:00,0,0.5097571924674779
2026-02-26 01:40:00+00:00,0,0.5111074797971789
2026-02-26 01:45:00+00:00,0,0.4894029087864977
2026-02-26 01:50:00+00:00,0,0.4735276104738405
2026-02-26 01:55:00+00:00,0,0.4748536582769551
2026-02-26 02:00:00+00:00,1,0.5082816452237664
2026-02-26 02:05:00+00:00,1,0.5079217852053195
2026-02-26 02:10:00+00:00,1,0.49545306247414345
2026-02-26 02:15:00+00:00,1,0.4801481444019929
2026-02-26 02:20:00+00:00,1,0.4872891836667591
2026-02-26 02:25:00+00:00,1,0.4807364661046002
2026-02-26 02:30:00+00:00,1,0.49888610865517286
2026-02-26 02:35:00+00:00,0,0.5034943506684345
2026-02-26 02:40:00+00:00,0,0.499920401841811
2026-02-26 02:45:00+00:00,0,0.5133262702058919
2026-02-26 02:50:00+00:00,0,0.5032478931616693
2026-02-26 02:55:00+00:00,0,0.5119095912620992
2026-02-26 03:00:00+00:00,0,0.49355559466514926
2026-02-26 03:05:00+00:00,0,0.5047824372807008
2026-02-26 03:10:00+00:00,1,0.5087151740467758
2026-02-26 03:15:00+00:00,1,0.5040590656744582
2026-02-26 03:20:00+00:00,1,0.495409771965096
2026-02-26 03:25:00+00:00,1,0.501329822717956
2026-02-26 03:30:00+00:00,0,0.49974257458932614
2026-02-26 03:35:00+00:00,1,0.5186442584471116
2026-02-26 03:40:00+00:00,1,0.5028238165150872
2026-02-26 03:45:00+00:00,1,0.5072187847656848
2026-02-26 03:50:00+00:00,1,0.5169796080418669
2026-02-26 03:55:00+00:00,1,0.516479875500105
2026-02-26 04:00:00+00:00,1,0.5038794505149865
2026-02-26 04:05:00+00:00,1,0.4946004021790679
2026-02-26 04:10:00+00:00,1,0.49548190399335257
2026-02-26 04:15:00+00:00,1,0.49781216398451117
2026-02-26 04:20:00+00:00,1,0.4947935971595907
2026-02-26 04:25:00+00:00,1,0.48554312838009267
2026-02-26 04:30:00+00:00,0,0.49329467558289664
2026-02-26 04:35:00+00:00,0,0.4905293125064751
2026-02-26 04:40:00+00:00,0,0.5010059898831244
2026-02-26 04:45:00+00:00,0,0.5106029892806981
2026-02-26 04:50:00+00:00,0,0.5051909636927787
2026-02-26 04:55:00+00:00,0,0.505218978495051
2026-02-26 05:00:00+00:00,0,0.4991426474007891
2026-02-26 05:05:00+00:00,0,0.5112717589905862
2026-02-26 05:10:00+00:00,1,0.4873241155426776
2026-02-26 05:15:00+00:00,1,0.48999712459732603
2026-02-26 05:20:00+00:00,1,0.49298054119805707
2026-02-26 05:25:00+00:00,1,0.5070360609559967
2026-02-26 05:30:00+00:00,0,0.4929176210762303
2026-02-26 05:35:00+00:00,1,0.4690041932479553
2026-02-26 05:40:00+00:00,0,0.48558867030348374
2026-02-26 05:45:00+00:00,0,0.48792069029837404
2026-02-26 05:50:00+00:00,1,0.49019973877734463
2026-02-26 05:55:00+00:00,0,0.5006294248220011
2026-02-26 06:00:00+00:00,1,0.5200757139542173
2026-02-26 06:05:00+00:00,0,0.5170579015457082
2026-02-26 06:10:00+00:00,0,0.51736255665535
2026-02-26 06:15:00+00:00,0,0.5271679987336246
2026-02-26 06:20:00+00:00,0,0.5235080183090524
2026-02-26 06:25:00+00:00,1,0.5279464937227913
2026-02-26 06:30:00+00:00,1,0.5190322224587901
2026-02-26 06:35:00+00:00,1,0.5225899904052311
2026-02-26 06:40:00+00:00,1,0.5290623914429148
2026-02-26 06:45:00+00:00,0,0.5263827590371422
2026-02-26 06:50:00+00:00,1,0.5279361382888752
2026-02-26 06:55:00+00:00,1,0.5218683422300983
2026-02-26 07:00:00+00:00,0,0.5023219076971798
2026-02-26 07:05:00+00:00,0,0.4936542633230778
2026-02-26 07:10:00+00:00,0,0.49637921856016776
2026-02-26 07:15:00+00:00,0,0.5042801377467855
2026-02-26 07:20:00+00:00,0,0.4864439647841392
2026-02-26 07:25:00+00:00,0,0.490699164528684
2026-02-26 07:30:00+00:00,0,0.5217388988454504
2026-02-26 07:35:00+00:00,0,0.516724840407345
2026-02-26 07:40:00+00:00,1,0.5257580890666657
2026-02-26 07:45:00+00:00,0,0.5219942251096314
2026-02-26 07:50:00+00:00,1,0.5221158700866368
2026-02-26 07:55:00+00:00,1,0.5104740016042327
2026-02-26 08:00:00+00:00,1,0.5108312139179979
2026-02-26 08:05:00+00:00,1,0.5069345217717189
2026-02-26 08:10:00+00:00,0,0.503546830592606
2026-02-26 08:15:00+00:00,1,0.5080649043826345
2026-02-26 08:20:00+00:00,0,0.4715203577623133
2026-02-26 08:25:00+00:00,0,0.48386385912853674
2026-02-26 08:30:00+00:00,0,0.4922560092855824
2026-02-26 08:35:00+00:00,0,0.4912359393546795
2026-02-26 08:40:00+00:00,1,0.5049938861151976
2026-02-26 08:45:00+00:00,1,0.4930711741687878
2026-02-26 08:50:00+00:00,1,0.5010777315327332
2026-02-26 08:55:00+00:00,1,0.5071385385770394
2026-02-26 09:00:00+00:00,1,0.5007125616104364
2026-02-26 09:05:00+00:00,1,0.49594086032480766
2026-02-26 09:10:00+00:00,0,0.4667456927273386
2026-02-26 09:15:00+00:00,1,0.48082453652676
2026-02-26 09:20:00+00:00,1,0.47975908409839746
2026-02-26 09:25:00+00:00,1,0.487912598595819
2026-02-26 09:30:00+00:00,1,0.4807200769688165
2026-02-26 09:35:00+00:00,1,0.49391867194653616
2026-02-26 09:40:00+00:00,0,0.49106584878099463
2026-02-26 09:45:00+00:00,0,0.48904831293088386
2026-02-26 09:50:00+00:00,0,0.4871645766064949
2026-02-26 09:55:00+00:00,0,0.48370828965353785
2026-02-26 10:00:00+00:00,0,0.504899940501136
2026-02-26 10:05:00+00:00,0,0.5082046962988119
2026-02-26 10:10:00+00:00,0,0.5046310909984054
2026-02-26 10:15:00+00:00,0,0.5042329544192042
2026-02-26 10:20:00+00:00,0,0.5098177425564836
2026-02-26 10:25:00+00:00,0,0.49167388996946104
2026-02-26 10:30:00+00:00,0,0.48208062044266203
2026-02-26 10:35:00+00:00,0,0.48403624675785184
2026-02-26 10:40:00+00:00,0,0.4933305740879802
2026-02-26 10:45:00+00:00,0,0.49649691919187044
2026-02-26 10:50:00+00:00,0,0.4962254796469928
2026-02-26 10:55:00+00:00,0,0.4945304903165899
2026-02-26 11:00:00+00:00,0,0.4964578591039009
2026-02-26 11:05:00+00:00,0,0.4993241631866308
2026-02-26 11:10:00+00:00,0,0.502000625145804
2026-02-26 11:15:00+00:00,1,0.5055147046069959
2026-02-26 11:20:00+00:00,0,0.5032505635698475
2026-02-26 11:25:00+00:00,0,0.49763542668825805
2026-02-26 11:30:00+00:00,1,0.5004909652746744
2026-02-26 11:35:00+00:00,1,0.5017713370303507
2026-02-26 11:40:00+00:00,1,0.5135996644513915
2026-02-26 11:45:00+00:00,1,0.5150330663120113
2026-02-26 11:50:00+00:00,1,0.5192721940979428
2026-02-26 11:55:00+00:00,1,0.5222051455090408
2026-02-26 12:00:00+00:00,1,0.502737004637303
2026-02-26 12:05:00+00:00,1,0.48992623161577875
2026-02-26 12:10:00+00:00,1,0.47689451741687516
2026-02-26 12:15:00+00:00,1,0.4929221238483542
2026-02-26 12:20:00+00:00,1,0.4705173601295086
2026-02-26 12:25:00+00:00,1,0.46234869741643875
2026-02-26 12:30:00+00:00,1,0.48140324095717996
2026-02-26 12:35:00+00:00,1,0.4967184943331342
2026-02-26 12:40:00+00:00,1,0.49188315242606845
2026-02-26 12:45:00+00:00,0,0.4856501771537259
2026-02-26 12:50:00+00:00,0,0.5023703946900921
2026-02-26 12:55:00+00:00,1,0.5027473582524558
2026-02-26 13:00:00+00:00,1,0.49269146009208414
2026-02-26 13:05:00+00:00,0,0.47570173884265193
2026-02-26 13:10:00+00:00,1,0.49097487673618523
2026-02-26 13:15:00+00:00,1,0.5093446118112473
2026-02-26 13:20:00+00:00,0,0.4969419943716661
2026-02-26 13:25:00+00:00,0,0.5023916339026376
2026-02-26 13:30:00+00:00,0,0.5064008520251364
2026-02-26 13:35:00+00:00,0,0.5033212840574577
2026-02-26 13:40:00+00:00,1,0.4986683946082797
2026-02-26 13:45:00+00:00,0,0.527263604438546
2026-02-26 13:50:00+00:00,1,0.4979993687432828
2026-02-26 13:55:00+00:00,1,0.4941160019763561
2026-02-26 14:00:00+00:00,1,0.49856280799853786
2026-02-26 14:05:00+00:00,0,0.48952671052333435
2026-02-26 14:10:00+00:00,0,0.46988004820936563
2026-02-26 14:15:00+00:00,0,0.4891797058802073
2026-02-26 14:20:00+00:00,0,0.47237632349038267
2026-02-26 14:25:00+00:00,0,0.4813977152041972
2026-02-26 14:30:00+00:00,0,0.48047736896942866
2026-02-26 14:35:00+00:00,0,0.4858414843182278
2026-02-26 14:40:00+00:00,0,0.48652349041503273
2026-02-26 14:45:00+00:00,0,0.5154855240930756
2026-02-26 14:50:00+00:00,0,0.5212848019002396
2026-02-26 14:55:00+00:00,0,0.5011307909041963
2026-02-26 15:00:00+00:00,0,0.47635655038647184
2026-02-26 15:05:00+00:00,0,0.4973742539859414
2026-02-26 15:10:00+00:00,0,0.4605574301139776
2026-02-26 15:15:00+00:00,1,0.48622996250377737
2026-02-26 15:20:00+00:00,1,0.4743819854127268
2026-02-26 15:25:00+00:00,1,0.4886594645632348
2026-02-26 15:30:00+00:00,1,0.48587823114746537
2026-02-26 15:35:00+00:00,0,0.456189618515348
2026-02-26 15:40:00+00:00,0,0.46541490551114856
2026-02-26 15:45:00+00:00,0,0.4553571138180381
2026-02-26 15:50:00+00:00,0,0.4857202039101376
2026-02-26 15:55:00+00:00,0,0.4760318636125307
2026-02-26 16:00:00+00:00,0,0.5058179281991614
2026-02-26 16:05:00+00:00,0,0.5091615967233986
2026-02-26 16:10:00+00:00,0,0.5158586227283523
2026-02-26 16:15:00+00:00,0,0.5082511575679488
2026-02-26 16:20:00+00:00,0,0.5179320929798599
2026-02-26 16:25:00+00:00,0,0.4926436273193924
2026-02-26 16:30:00+00:00,0,0.5236724994455866
2026-02-26 16:35:00+00:00,0,0.5374689986696712
2026-02-26 16:40:00+00:00,0,0.5350047564831224
2026-02-26 16:45:00+00:00,0,0.5343340411248343
2026-02-26 16:50:00+00:00,1,0.5522950223942791
2026-02-26 16:55:00+00:00,1,0.5435056687169073
2026-02-26 17:00:00+00:00,1,0.5295115182393073
2026-02-26 17:05:00+00:00,0,0.5261749773753029
2026-02-26 17:10:00+00:00,0,0.5204476398502056
2026-02-26 17:15:00+00:00,0,0.5103978344264892
2026-02-26 17:20:00+00:00,1,0.5290814617147842
2026-02-26 17:25:00+00:00,0,0.5259962573536768
2026-02-26 17:30:00+00:00,0,0.514930445314696
2026-02-26 17:35:00+00:00,0,0.5116678059710353
2026-02-26 17:40:00+00:00,0,0.4841671678116397
2026-02-26 17:45:00+00:00,1,0.5041712425864471
2026-02-26 17:50:00+00:00,0,0.48091667023157864
2026-02-26 17:55:00+00:00,0,0.46690617060623824
2026-02-26 18:00:00+00:00,1,0.469105036335524
2026-02-26 18:05:00+00:00,1,0.49189007585184813
2026-02-26 18:10:00+00:00,1,0.49859123297438973
2026-02-26 18:15:00+00:00,1,0.4952098852220108
2026-02-26 18:20:00+00:00,1,0.4993365878762425
2026-02-26 18:25:00+00:00,1,0.49684559907540043
2026-02-26 18:30:00+00:00,1,0.48682334874073774
2026-02-26 18:35:00+00:00,1,0.4790525063737801
2026-02-26 18:40:00+00:00,1,0.47504151378378245
2026-02-26 18:45:00+00:00,1,0.4745277132150814
2026-02-26 18:50:00+00:00,1,0.4579473938865858
2026-02-26 18:55:00+00:00,1,0.4673280230222944
2026-02-26 19:00:00+00:00,0,0.4626762589736071
2026-02-26 19:05:00+00:00,1,0.48885957889203635
2026-02-26 19:10:00+00:00,0,0.494253028687264
2026-02-26 19:15:00+00:00,1,0.48183470998138556
2026-02-26 19:20:00+00:00,1,0.47838077715951666
2026-02-26 19:25:00+00:00,1,0.4673954874780891
2026-02-26 19:30:00+00:00,1,0.4785953448642524
2026-02-26 19:35:00+00:00,1,0.4658908137588513
2026-02-26 19:40:00+00:00,1,0.4558227776329763
2026-02-26 19:45:00+00:00,1,0.46343947664699026
2026-02-26 19:50:00+00:00,1,0.49878757149185043
2026-02-26 19:55:00+00:00,0,0.4867759404551575
2026-02-26 20:00:00+00:00,0,0.46714173719572505
2026-02-26 20:05:00+00:00,0,0.4942062329094951
2026-02-26 20:10:00+00:00,0,0.50880954118224
2026-02-26 20:15:00+00:00,0,0.5178458868021124
2026-02-26 20:20:00+00:00,0,0.5180407645842269
2026-02-26 20:25:00+00:00,0,0.5164634176241996
2026-02-26 20:30:00+00:00,0,0.5233237048613345
2026-02-26 20:35:00+00:00,0,0.4975595335930678
2026-02-26 20:40:00+00:00,0,0.50948721908988
2026-02-26 20:45:00+00:00,1,0.5035761708870753
2026-02-26 20:50:00+00:00,1,0.5008854547674554
2026-02-26 20:55:00+00:00,1,0.5108853908782003
2026-02-26 21:00:00+00:00,0,0.4966828399046504
2026-02-26 21:05:00+00:00,1,0.5027778080512011
2026-02-26 21:10:00+00:00,1,0.5154204301439465
2026-02-26 21:15:00+00:00,1,0.5186226527492936
2026-02-26 21:20:00+00:00,0,0.5216478089783564
2026-02-26 21:25:00+00:00,0,0.4957886963034252
2026-02-26 21:30:00+00:00,0,0.4941373971387185
2026-02-26 21:35:00+00:00,1,0.4977131416927123
2026-02-26 21:40:00+00:00,0,0.4990895879363347
2026-02-26 21:45:00+00:00,0,0.49260340852412393
2026-02-26 21:50:00+00:00,0,0.50972484165797
2026-02-26 21:55:00+00:00,0,0.5085487913551092
2026-02-26 22:00:00+00:00,0,0.5031823096894755
2026-02-26 22:05:00+00:00,1,0.49991804816238733
2026-02-26 22:10:00+00:00,1,0.5011102076278428
2026-02-26 22:15:00+00:00,1,0.5138960151592454
2026-02-26 22:20:00+00:00,1,0.5085612237420929
2026-02-26 22:25:00+00:00,1,0.5049333979879492
2026-02-26 22:30:00+00:00,0,0.5160754830172786
2026-02-26 22:35:00+00:00,0,0.4964630867261568
2026-02-26 22:40:00+00:00,0,0.49152839895803196
2026-02-26 22:45:00+00:00,0,0.48780366374975537
2026-02-26 22:50:00+00:00,0,0.49965922268142765
2026-02-26 22:55:00+00:00,0,0.48365419008263216
2026-02-26 23:00:00+00:00,1,0.4923723078807698
2026-02-26 23:05:00+00:00,0,0.4948162941371954
2026-02-26 23:10:00+00:00,0,0.5107479347253993
2026-02-26 23:15:00+00:00,0,0.5072419093562951
2026-02-26 23:20:00+00:00,0,0.49278165600420193
2026-02-26 23:25:00+00:00,0,0.49064923976612296
2026-02-26 23:30:00+00:00,0,0.500083009408648
2026-02-26 23:35:00+00:00,0,0.5171799459624682
2026-02-26 23:40:00+00:00,1,0.5159160148728504
2026-02-26 23:45:00+00:00,0,0.5088547675014228
2026-02-26 23:50:00+00:00,0,0.5140710349111685
2026-02-26 23:55:00+00:00,0,0.516838458359875
2026-02-27 00:00:00+00:00,0,0.52231653169014
2026-02-27 00:05:00+00:00,0,0.5094079804444901
2026-02-27 00:10:00+00:00,0,0.5107480025886274
2026-02-27 00:15:00+00:00,0,0.5014166139940862
2026-02-27 00:20:00+00:00,1,0.49453842172125884
2026-02-27 00:25:00+00:00,1,0.5021790490370442
2026-02-27 00:30:00+00:00,0,0.506749724650977
2026-02-27 00:35:00+00:00,0,0.5244886525224502
2026-02-27 00:40:00+00:00,1,0.5247391634555493
2026-02-27 00:45:00+00:00,0,0.522928556765974
2026-02-27 00:50:00+00:00,0,0.5253488962298412
2026-02-27 00:55:00+00:00,0,0.5151638025172919
2026-02-27 01:00:00+00:00,1,0.5237645944480004
2026-02-27 01:05:00+00:00,1,0.5102383161292182
2026-02-27 01:10:00+00:00,1,0.5087407738240485
2026-02-27 01:15:00+00:00,1,0.5224676781588086
2026-02-27 01:20:00+00:00,1,0.5122366637326067
2026-02-27 01:25:00+00:00,1,0.5119916402508986
2026-02-27 01:30:00+00:00,1,0.4963869581396087
2026-02-27 01:35:00+00:00,1,0.4996735936988087
2026-02-27 01:40:00+00:00,1,0.48776840224297674
2026-02-27 01:45:00+00:00,1,0.4844969528587378
2026-02-27 01:50:00+00:00,1,0.502152344328524
2026-02-27 01:55:00+00:00,1,0.4914741894700921
2026-02-27 02:00:00+00:00,1,0.4973995666647846
2026-02-27 02:05:00+00:00,1,0.49370086551376396
2026-02-27 02:10:00+00:00,1,0.49174069119157404
2026-02-27 02:15:00+00:00,1,0.48596446807450994
2026-02-27 02:20:00+00:00,1,0.4997249106824322
2026-02-27 02:25:00+00:00,1,0.5092471149295681
2026-02-27 02:30:00+00:00,0,0.48617576733179396
2026-02-27 02:35:00+00:00,0,0.48460535050522874
2026-02-27 02:40:00+00:00,0,0.48772614627120464
2026-02-27 02:45:00+00:00,0,0.4961226479803493
2026-02-27 02:50:00+00:00,0,0.5004471054013551
2026-02-27 02:55:00+00:00,0,0.5001750405332798
2026-02-27 03:00:00+00:00,0,0.5059131372718426
2026-02-27 03:05:00+00:00,1,0.5027151884875375
2026-02-27 03:10:00+00:00,1,0.5140706052525704
2026-02-27 03:15:00+00:00,1,0.515387182059965
2026-02-27 03:20:00+00:00,1,0.5082811248412891
2026-02-27 03:25:00+00:00,1,0.5131368977726277
2026-02-27 03:30:00+00:00,1,0.5191550793699024
2026-02-27 03:35:00+00:00,1,0.5072417962223654
2026-02-27 03:40:00+00:00,1,0.4879229973677678
2026-02-27 03:45:00+00:00,1,0.4835299637277001
2026-02-27 03:50:00+00:00,1,0.4815345156505679
2026-02-27 03:55:00+00:00,1,0.4586539521182667
2026-02-27 04:00:00+00:00,0,0.48489556733610223
2026-02-27 04:05:00+00:00,0,0.47399574665266586
2026-02-27 04:10:00+00:00,0,0.47921741192581935
2026-02-27 04:15:00+00:00,0,0.49835337778217637
2026-02-27 04:20:00+00:00,0,0.48546612146882334
2026-02-27 04:25:00+00:00,0,0.49387370979100775
2026-02-27 04:30:00+00:00,0,0.4615089574156626
2026-02-27 04:35:00+00:00,1,0.4789726279147494
2026-02-27 04:40:00+00:00,1,0.48269503308418515
2026-02-27 04:45:00+00:00,0,0.48541999227361843
2026-02-27 04:50:00+00:00,0,0.4909034128560208
2026-02-27 04:55:00+00:00,0,0.4981682201331788
2026-02-27 05:00:00+00:00,1,0.4886844143314028
2026-02-27 05:05:00+00:00,1,0.4900959738946805
2026-02-27 05:10:00+00:00,0,0.49909233765856725
2026-02-27 05:15:00+00:00,0,0.49214311107642544
2026-02-27 05:20:00+00:00,1,0.4925922253402342
2026-02-27 05:25:00+00:00,0,0.4926041721712453
2026-02-27 05:30:00+00:00,0,0.49446320360381585
2026-02-27 05:35:00+00:00,0,0.4976244732721524
2026-02-27 05:40:00+00:00,0,0.49077362499532
2026-02-27 05:45:00+00:00,0,0.5132181790075037
2026-02-27 05:50:00+00:00,0,0.4996839476211157
2026-02-27 05:55:00+00:00,0,0.5017453789824549
2026-02-27 06:00:00+00:00,0,0.4967267318573909
2026-02-27 06:05:00+00:00,0,0.5109488873072253
2026-02-27 06:10:00+00:00,1,0.5223000096782876
2026-02-27 06:15:00+00:00,1,0.5306836309429336
2026-02-27 06:20:00+00:00,1,0.5268799511208492
2026-02-27 06:25:00+00:00,1,0.529602968412065
2026-02-27 06:30:00+00:00,1,0.5332213037708783
2026-02-27 06:35:00+00:00,0,0.5190601544451785
2026-02-27 06:40:00+00:00,0,0.5373019440003386
2026-02-27 06:45:00+00:00,0,0.533902383681309
2026-02-27 06:50:00+00:00,0,0.5338087357310862
2026-02-27 06:55:00+00:00,0,0.521067420592345
2026-02-27 07:00:00+00:00,0,0.5128831891237028
2026-02-27 07:05:00+00:00,0,0.49415690284749697
2026-02-27 07:10:00+00:00,0,0.507247305843875
2026-02-27 07:15:00+00:00,0,0.5097701327684135
2026-02-27 07:20:00+00:00,1,0.5178736767703941
2026-02-27 07:25:00+00:00,1,0.5160583347244382
2026-02-27 07:30:00+00:00,1,0.5249504828698195
2026-02-27 07:35:00+00:00,1,0.5278776488128704
2026-02-27 07:40:00+00:00,1,0.528262379260536
2026-02-27 07:45:00+00:00,1,0.5253069095928635
2026-02-27 07:50:00+00:00,1,0.5148067602986669
2026-02-27 07:55:00+00:00,1,0.5262837724605491
2026-02-27 08:00:00+00:00,0,0.5209256355567818
2026-02-27 08:05:00+00:00,0,0.5011287540765795
2026-02-27 08:10:00+00:00,0,0.495701005462782
2026-02-27 08:15:00+00:00,0,0.4995364919552086
2026-02-27 08:20:00+00:00,0,0.5015298951510817
2026-02-27 08:25:00+00:00,0,0.5086069825273305
2026-02-27 08:30:00+00:00,1,0.5016257613720766
2026-02-27 08:35:00+00:00,1,0.5006636210119471
2026-02-27 08:40:00+00:00,1,0.5040430209705055
2026-02-27 08:45:00+00:00,1,0.5103408501127404
2026-02-27 08:50:00+00:00,0,0.5040624149204922
2026-02-27 08:55:00+00:00,0,0.4968022274915737
2026-02-27 09:00:00+00:00,0,0.49952048015949063
2026-02-27 09:05:00+00:00,0,0.49571459469716367
2026-02-27 09:10:00+00:00,0,0.5033195528214962
2026-02-27 09:15:00+00:00,0,0.5229896685700915
2026-02-27 09:20:00+00:00,0,0.4969518274063336
2026-02-27 09:25:00+00:00,0,0.49202841491892596
2026-02-27 09:30:00+00:00,0,0.49825516937242526
2026-02-27 09:35:00+00:00,0,0.4946620207395729
2026-02-27 09:40:00+00:00,0,0.5218335788202572
2026-02-27 09:45:00+00:00,0,0.5119257296874427
2026-02-27 09:50:00+00:00,0,0.506166822364073
2026-02-27 09:55:00+00:00,0,0.5001419758661562
2026-02-27 10:00:00+00:00,0,0.5250528715419603
2026-02-27 10:05:00+00:00,0,0.5252835684796694
2026-02-27 10:10:00+00:00,0,0.5101882534427137
2026-02-27 10:15:00+00:00,0,0.5123183708522229
2026-02-27 10:20:00+00:00,0,0.5333166000607991
2026-02-27 10:25:00+00:00,0,0.5290867057427304
2026-02-27 10:30:00+00:00,0,0.5265944244584058
2026-02-27 10:35:00+00:00,0,0.5253908825084045
2026-02-27 10:40:00+00:00,0,0.5175681279990838
2026-02-27 10:45:00+00:00,0,0.5068856469960974
2026-02-27 10:50:00+00:00,0,0.4957747562710408
2026-02-27 10:55:00+00:00,0,0.4907595925736589
2026-02-27 11:00:00+00:00,0,0.515442621835722
2026-02-27 11:05:00+00:00,0,0.5136540189396036
2026-02-27 11:10:00+00:00,0,0.5184115415412835
2026-02-27 11:15:00+00:00,0,0.5356689618850955
2026-02-27 11:20:00+00:00,0,0.5332302375490958
2026-02-27 11:25:00+00:00,0,0.5228060600866967
2026-02-27 11:30:00+00:00,0,0.522887081198068
2026-02-27 11:35:00+00:00,0,0.5209231730398574
2026-02-27 11:40:00+00:00,0,0.521494359113067
2026-02-27 11:45:00+00:00,0,0.5309471548426496
2026-02-27 11:50:00+00:00,0,0.5374727119004453
2026-02-27 11:55:00+00:00,0,0.5324951748682446
2026-02-27 12:00:00+00:00,0,0.5183736285153145
2026-02-27 12:05:00+00:00,0,0.5168809346608944
2026-02-27 12:10:00+00:00,0,0.5273553046096672
2026-02-27 12:15:00+00:00,0,0.5336165776419348
2026-02-27 12:20:00+00:00,0,0.5128355812570115
2026-02-27 12:25:00+00:00,0,0.5096858509062618
2026-02-27 12:30:00+00:00,1,0.5065525483671363
2026-02-27 12:35:00+00:00,1,0.49721822544202804
2026-02-27 12:40:00+00:00,1,0.533932086050504
2026-02-27 12:45:00+00:00,1,0.5312872968712123
2026-02-27 12:50:00+00:00,0,0.513701091225904
2026-02-27 12:55:00+00:00,0,0.5034164340201107
2026-02-27 13:00:00+00:00,0,0.5175781187804325
2026-02-27 13:05:00+00:00,0,0.5257301680761516
2026-02-27 13:10:00+00:00,0,0.5244198704798729
2026-02-27 13:15:00+00:00,0,0.5353119918280828
2026-02-27 13:20:00+00:00,1,0.5366086669569227
2026-02-27 13:25:00+00:00,1,0.5377589894470529
2026-02-27 13:30:00+00:00,1,0.525719006406381
2026-02-27 13:35:00+00:00,1,0.5373869802193592
2026-02-27 13:40:00+00:00,1,0.541133645604632
2026-02-27 13:45:00+00:00,1,0.5300755118563049
2026-02-27 13:50:00+00:00,0,0.523346885529429
2026-02-27 13:55:00+00:00,0,0.5278999730446401
2026-02-27 14:00:00+00:00,0,0.5261628688170512
2026-02-27 14:05:00+00:00,1,0.5286434331410073
2026-02-27 14:10:00+00:00,0,0.5151104410505002
2026-02-27 14:15:00+00:00,0,0.5220018032919629
2026-02-27 14:20:00+00:00,0,0.5138443984352896
2026-02-27 14:25:00+00:00,0,0.5165012729460204
2026-02-27 14:30:00+00:00,0,0.5176552191106873
2026-02-27 14:35:00+00:00,0,0.5046807742217393
2026-02-27 14:40:00+00:00,1,0.5064904580038744
2026-02-27 14:45:00+00:00,1,0.507070171203945
2026-02-27 14:50:00+00:00,1,0.5194982596337643
2026-02-27 14:55:00+00:00,1,0.51432577354903
2026-02-27 15:00:00+00:00,0,0.4919660753603146
2026-02-27 15:05:00+00:00,0,0.48559594595320665
2026-02-27 15:10:00+00:00,0,0.4988327437768989
2026-02-27 15:15:00+00:00,0,0.501193095179397
2026-02-27 15:20:00+00:00,0,0.5055431602804953
2026-02-27 15:25:00+00:00,0,0.49417216573759726
2026-02-27 15:30:00+00:00,0,0.5085285533522329
2026-02-27 15:35:00+00:00,0,0.5038573408302699
2026-02-27 15:40:00+00:00,0,0.5046919079580728
2026-02-27 15:45:00+00:00,0,0.4974652076966019
2026-02-27 15:50:00+00:00,0,0.48270970337052144
2026-02-27 15:55:00+00:00,0,0.47898147814435105
2026-02-27 16:00:00+00:00,0,0.48777814494669247
2026-02-27 16:05:00+00:00,0,0.5025820961745872
2026-02-27 16:10:00+00:00,0,0.5013638376660012
2026-02-27 16:15:00+00:00,0,0.4900820044136805
2026-02-27 16:20:00+00:00,0,0.5189385161041024
2026-02-27 16:25:00+00:00,0,0.5107874876095945
2026-02-27 16:30:00+00:00,0,0.5236821301496127
2026-02-27 16:35:00+00:00,0,0.5122659087368792
2026-02-27 16:40:00+00:00,0,0.5102670460916031
2026-02-27 16:45:00+00:00,0,0.5184355435977855
2026-02-27 16:50:00+00:00,0,0.5193466311868767
2026-02-27 16:55:00+00:00,0,0.5131089105419978
2026-02-27 17:00:00+00:00,0,0.5075708317599531
2026-02-27 17:05:00+00:00,0,0.5202029227722309
2026-02-27 17:10:00+00:00,0,0.519535759439664
2026-02-27 17:15:00+00:00,0,0.5218791281053149
2026-02-27 17:20:00+00:00,1,0.5209102052734083
2026-02-27 17:25:00+00:00,1,0.5330103793142926
2026-02-27 17:30:00+00:00,1,0.5338332011222224
2026-02-27 17:35:00+00:00,1,0.5297688253083367
2026-02-27 17:40:00+00:00,1,0.534078623223869
2026-02-27 17:45:00+00:00,1,0.5159325304388374
2026-02-27 17:50:00+00:00,0,0.5300162509541418
2026-02-27 17:55:00+00:00,0,0.5152980525570797
2026-02-27 18:00:00+00:00,1,0.5285651474604959
2026-02-27 18:05:00+00:00,1,0.5197180241092605
2026-02-27 18:10:00+00:00,1,0.5276427130899143
2026-02-27 18:15:00+00:00,0,0.5263041522189963
2026-02-27 18:20:00+00:00,0,0.5334092578530819
2026-02-27 18:25:00+00:00,0,0.5192382067513879
2026-02-27 18:30:00+00:00,0,0.521979294592616
2026-02-27 18:35:00+00:00,0,0.5255589594610847
2026-02-27 18:40:00+00:00,0,0.5225573657891317
2026-02-27 18:45:00+00:00,0,0.5175043968814893
2026-02-27 18:50:00+00:00,1,0.5164092397627541
2026-02-27 18:55:00+00:00,1,0.5175030858612039
2026-02-27 19:00:00+00:00,1,0.5159735535523567
2026-02-27 19:05:00+00:00,1,0.5178968670131027
2026-02-27 19:10:00+00:00,0,0.5131630869611095
2026-02-27 19:15:00+00:00,1,0.5127289206983118
2026-02-27 19:20:00+00:00,1,0.5079238894094683
2026-02-27 19:25:00+00:00,1,0.5148170259981107
2026-02-27 19:30:00+00:00,1,0.5067619660753322
2026-02-27 19:35:00+00:00,1,0.4938131343613387
2026-02-27 19:40:00+00:00,1,0.4980222828082856
2026-02-27 19:45:00+00:00,1,0.5070656684287097
2026-02-27 19:50:00+00:00,1,0.5027025944088166
2026-02-27 19:55:00+00:00,1,0.5079809290727965
2026-02-27 20:00:00+00:00,1,0.5138720894593647
2026-02-27 20:05:00+00:00,0,0.5104010354031616
2026-02-27 20:10:00+00:00,0,0.5066134505806691
2026-02-27 20:15:00+00:00,0,0.5145245278412538
2026-02-27 20:20:00+00:00,0,0.518195722636411
2026-02-27 20:25:00+00:00,0,0.522189662169182
2026-02-27 20:30:00+00:00,1,0.520126586497294
2026-02-27 20:35:00+00:00,1,0.5145343755514672
2026-02-27 20:40:00+00:00,1,0.5041639896838954
2026-02-27 20:45:00+00:00,1,0.4983889994378819
2026-02-27 20:50:00+00:00,0,0.506129372839221
2026-02-27 20:55:00+00:00,1,0.526078029053579
2026-02-27 21:00:00+00:00,0,0.5404867279688439
2026-02-27 21:05:00+00:00,0,0.5326450472250712
2026-02-27 21:10:00+00:00,0,0.5379605266086489
2026-02-27 21:15:00+00:00,0,0.5282379926712438
2026-02-27 21:20:00+00:00,0,0.5016882576653972
2026-02-27 21:25:00+00:00,0,0.49960808675895707
2026-02-27 21:30:00+00:00,0,0.5078972248232538
2026-02-27 21:35:00+00:00,0,0.4959065532003825
2026-02-27 21:40:00+00:00,0,0.5078577991648299
2026-02-27 21:45:00+00:00,1,0.5149147756319877
2026-02-27 21:50:00+00:00,1,0.5400685692700292
2026-02-27 21:55:00+00:00,0,0.48472753063863916
2026-02-27 22:00:00+00:00,0,0.49615360607122777
2026-02-27 22:05:00+00:00,0,0.5030563701080574
2026-02-27 22:10:00+00:00,1,0.5118953188568383
2026-02-27 22:15:00+00:00,1,0.49968868892552004
2026-02-27 22:20:00+00:00,1,0.5174267524204024
2026-02-27 22:25:00+00:00,1,0.5098239638271274
2026-02-27 22:30:00+00:00,1,0.5118471747922042
2026-02-27 22:35:00+00:00,1,0.49936209357131095
2026-02-27 22:40:00+00:00,0,0.5105527245200625
2026-02-27 22:45:00+00:00,1,0.519429959483397
2026-02-27 22:50:00+00:00,1,0.5141458969504196
2026-02-27 22:55:00+00:00,1,0.48386781552303176
2026-02-27 23:00:00+00:00,1,0.5082766563388418
2026-02-27 23:05:00+00:00,1,0.5251484971153234
2026-02-27 23:10:00+00:00,1,0.5180847480726318
2026-02-27 23:15:00+00:00,1,0.5321735622278366
2026-02-27 23:20:00+00:00,1,0.5321760413879528
2026-02-27 23:25:00+00:00,1,0.5309177224539344
2026-02-27 23:30:00+00:00,1,0.5225912664766428
2026-02-27 23:35:00+00:00,0,0.5131262682886668
2026-02-27 23:40:00+00:00,1,0.5266254546787172
2026-02-27 23:45:00+00:00,0,0.5173468579910042
2026-02-27 23:50:00+00:00,0,0.5165807470285839
2026-02-27 23:55:00+00:00,0,0.5308179483260222
2026-02-28 00:00:00+00:00,0,0.5320053925874447
2026-02-28 00:05:00+00:00,0,0.5285172685494085
2026-02-28 00:10:00+00:00,0,0.5271565696906562
2026-02-28 00:15:00+00:00,1,0.5414297835052301
2026-02-28 00:20:00+00:00,1,0.5352935827810369
2026-02-28 00:25:00+00:00,1,0.5295056658117773
2026-02-28 00:30:00+00:00,1,0.5294992157281072
2026-02-28 00:35:00+00:00,1,0.5154013698853456
2026-02-28 00:40:00+00:00,0,0.5232136715341645
2026-02-28 00:45:00+00:00,1,0.5288997098970691
2026-02-28 00:50:00+00:00,1,0.5257700745030877
2026-02-28 00:55:00+00:00,0,0.531635716172431
2026-02-28 01:00:00+00:00,0,0.5180840813157765
2026-02-28 01:05:00+00:00,0,0.5068699549973577
2026-02-28 01:10:00+00:00,0,0.5078855046090648
2026-02-28 01:15:00+00:00,0,0.5185590443572956
2026-02-28 01:20:00+00:00,0,0.5160454480457333
2026-02-28 01:25:00+00:00,0,0.5179906895170291
2026-02-28 01:30:00+00:00,1,0.511641115270595
2026-02-28 01:35:00+00:00,1,0.5166397162334111
2026-02-28 01:40:00+00:00,1,0.5199822375373847
2026-02-28 01:45:00+00:00,1,0.5200691048990549
2026-02-28 01:50:00+00:00,1,0.5062530917758891
2026-02-28 01:55:00+00:00,1,0.5098284883856843
2026-02-28 02:00:00+00:00,1,0.515755887824377
2026-02-28 02:05:00+00:00,1,0.5167948741216651
2026-02-28 02:10:00+00:00,1,0.5089956039067735
2026-02-28 02:15:00+00:00,1,0.510227502787264
2026-02-28 02:20:00+00:00,1,0.5107652511462519
2026-02-28 02:25:00+00:00,1,0.5111656592245856
2026-02-28 02:30:00+00:00,0,0.49940610052141965
2026-02-28 02:35:00+00:00,0,0.5004170054842706
2026-02-28 02:40:00+00:00,0,0.5076056876072286
2026-02-28 02:45:00+00:00,0,0.5070571380423327
2026-02-28 02:50:00+00:00,0,0.49134545971068144
2026-02-28 02:55:00+00:00,0,0.4873593076387022
2026-02-28 03:00:00+00:00,0,0.521854924798751
2026-02-28 03:05:00+00:00,0,0.5194467041036838
2026-02-28 03:10:00+00:00,0,0.5248657349316473
2026-02-28 03:15:00+00:00,0,0.5197111548191138
2026-02-28 03:20:00+00:00,0,0.5143419304904236
2026-02-28 03:25:00+00:00,0,0.5168661731001396
2026-02-28 03:30:00+00:00,0,0.5228222192363564
2026-02-28 03:35:00+00:00,1,0.5163850613687102
2026-02-28 03:40:00+00:00,1,0.5050498256224456
2026-02-28 03:45:00+00:00,1,0.5150658975283238
2026-02-28 03:50:00+00:00,1,0.5153604116573728
2026-02-28 03:55:00+00:00,0,0.5154483082349729
2026-02-28 04:00:00+00:00,0,0.5150415906829988
2026-02-28 04:05:00+00:00,0,0.5079486533823419
2026-02-28 04:10:00+00:00,0,0.5144968954001596
2026-02-28 04:15:00+00:00,0,0.48731654450887074
2026-02-28 04:20:00+00:00,0,0.5034288015736368
2026-02-28 04:25:00+00:00,1,0.5027576552881396
2026-02-28 04:30:00+00:00,1,0.527892313555759
2026-02-28 04:35:00+00:00,1,0.5150739244243863
2026-02-28 04:40:00+00:00,1,0.5088258873798144
2026-02-28 04:45:00+00:00,0,0.5064284692654679
2026-02-28 04:50:00+00:00,0,0.516461168227671
2026-02-28 04:55:00+00:00,0,0.5217442184942446
2026-02-28 05:00:00+00:00,0,0.5217775141881962
2026-02-28 05:05:00+00:00,0,0.5190172733735027
2026-02-28 05:10:00+00:00,0,0.5341161970669063
2026-02-28 05:15:00+00:00,0,0.5328220560040856
2026-02-28 05:20:00+00:00,0,0.5384124633369346
2026-02-28 05:25:00+00:00,0,0.5287991544044522
2026-02-28 05:30:00+00:00,1,0.5250030263215563
2026-02-28 05:35:00+00:00,0,0.5298922919107323
2026-02-28 05:40:00+00:00,0,0.5328046371736983
2026-02-28 05:45:00+00:00,0,0.5282332439256402
2026-02-28 05:50:00+00:00,0,0.526254556806911
2026-02-28 05:55:00+00:00,0,0.5299861466327577
2026-02-28 06:00:00+00:00,0,0.5411918640092537
2026-02-28 06:05:00+00:00,0,0.5426992345569496
2026-02-28 06:10:00+00:00,0,0.556154401764904
2026-02-28 06:15:00+00:00,0,0.5109575849559106
2026-02-28 06:20:00+00:00,0,0.5215286614859301
2026-02-28 06:25:00+00:00,0,0.5172924153456754
2026-02-28 06:30:00+00:00,0,0.4932047542615019
2026-02-28 06:35:00+00:00,0,0.5132218201372007
2026-02-28 06:40:00+00:00,0,0.5175790116210681
2026-02-28 06:45:00+00:00,1,0.5671329797359931
2026-02-28 06:50:00+00:00,1,0.5667224426110522
2026-02-28 06:55:00+00:00,1,0.5572841504274894
2026-02-28 07:00:00+00:00,1,0.551758753897698
2026-02-28 07:05:00+00:00,1,0.51412647200244
2026-02-28 07:10:00+00:00,1,0.511988473658191
2026-02-28 07:15:00+00:00,1,0.5234660052502795
2026-02-28 07:20:00+00:00,1,0.5424276695037332
2026-02-28 07:25:00+00:00,1,0.5172532530061922
2026-02-28 07:30:00+00:00,0,0.4945114255391757
2026-02-28 07:35:00+00:00,0,0.4869758031774513
2026-02-28 07:40:00+00:00,0,0.4783367735221012
2026-02-28 07:45:00+00:00,0,0.4932128661694959
2026-02-28 07:50:00+00:00,0,0.49046453052027156
2026-02-28 07:55:00+00:00,0,0.5208999259263218
2026-02-28 08:00:00+00:00,0,0.5290164014023009
2026-02-28 08:05:00+00:00,0,0.528210819851254
2026-02-28 08:10:00+00:00,0,0.5267548766860256
2026-02-28 08:15:00+00:00,0,0.5476780220300963
2026-02-28 08:20:00+00:00,0,0.5483997612935646
2026-02-28 08:25:00+00:00,0,0.5391020643676703
2026-02-28 08:30:00+00:00,0,0.5302907539266746
2026-02-28 08:35:00+00:00,0,0.5046096041922653
2026-02-28 08:40:00+00:00,1,0.5291986219162027
2026-02-28 08:45:00+00:00,1,0.5016167993790359
2026-02-28 08:50:00+00:00,1,0.508749733169656
2026-02-28 08:55:00+00:00,1,0.5227968004546117
2026-02-28 09:00:00+00:00,1,0.5330357737941166
2026-02-28 09:05:00+00:00,1,0.5353696391081239
2026-02-28 09:10:00+00:00,1,0.507423737241407
2026-02-28 09:15:00+00:00,1,0.5233174156905046
2026-02-28 09:20:00+00:00,0,0.5018599156842655
2026-02-28 09:25:00+00:00,0,0.4860052689365568
2026-02-28 09:30:00+00:00,0,0.482535888394952
2026-02-28 09:35:00+00:00,0,0.4914517342212415
2026-02-28 09:40:00+00:00,0,0.49819775389436904
2026-02-28 09:45:00+00:00,1,0.49766618226334836
2026-02-28 09:50:00+00:00,0,0.4846525717930388
2026-02-28 09:55:00+00:00,1,0.4949674909449757
2026-02-28 10:00:00+00:00,1,0.5363942729548441
2026-02-28 10:05:00+00:00,1,0.5229576335138549
2026-02-28 10:10:00+00:00,1,0.5203585071169206
2026-02-28 10:15:00+00:00,1,0.5131713869738167
2026-02-28 10:20:00+00:00,1,0.5077181964814341
2026-02-28 10:25:00+00:00,1,0.5115042112944922
2026-02-28 10:30:00+00:00,1,0.4963067449514202
2026-02-28 10:35:00+00:00,1,0.5194215306634147
2026-02-28 10:40:00+00:00,1,0.5133692960140193
2026-02-28 10:45:00+00:00,1,0.5169045576179455
2026-02-28 10:50:00+00:00,1,0.5045263610449807
2026-02-28 10:55:00+00:00,1,0.513688415767451
2026-02-28 11:00:00+00:00,0,0.4705472596706354
2026-02-28 11:05:00+00:00,0,0.5043682922913042
2026-02-28 11:10:00+00:00,0,0.5029600424728873
2026-02-28 11:15:00+00:00,0,0.49915196024974307
2026-02-28 11:20:00+00:00,0,0.48873498132808196
2026-02-28 11:25:00+00:00,0,0.49167322818068304
2026-02-28 11:30:00+00:00,0,0.49731038960287427
2026-02-28 11:35:00+00:00,0,0.5093156648471443
2026-02-28 11:40:00+00:00,1,0.5093156987826605
2026-02-28 11:45:00+00:00,1,0.49846739429507514
2026-02-28 11:50:00+00:00,1,0.5016363415014046
2026-02-28 11:55:00+00:00,1,0.4952340874368039
2026-02-28 12:00:00+00:00,1,0.5045701381238376
2026-02-28 12:05:00+00:00,1,0.5071413103745706
2026-02-28 12:10:00+00:00,0,0.507950395569921
2026-02-28 12:15:00+00:00,0,0.48450328925096897
2026-02-28 12:20:00+00:00,0,0.4916032371122243
2026-02-28 12:25:00+00:00,0,0.4953912835668515
2026-02-28 12:30:00+00:00,0,0.5136161393115785
2026-02-28 12:35:00+00:00,0,0.5122008707189551
2026-02-28 12:40:00+00:00,1,0.49831347883189475
2026-02-28 12:45:00+00:00,1,0.5042965670314877
2026-02-28 12:50:00+00:00,1,0.5099712034436518
2026-02-28 12:55:00+00:00,0,0.48875194072029493
2026-02-28 13:00:00+00:00,1,0.5179066426040164
2026-02-28 13:05:00+00:00,0,0.5153675338592426
2026-02-28 13:10:00+00:00,0,0.48731709297042236
2026-02-28 13:15:00+00:00,1,0.5024599116320079
2026-02-28 13:20:00+00:00,1,0.5080172547002016
2026-02-28 13:25:00+00:00,1,0.5103513014044263
2026-02-28 13:30:00+00:00,1,0.5067334329091555
2026-02-28 13:35:00+00:00,1,0.5094132517238447
2026-02-28 13:40:00+00:00,1,0.49074158969367704
2026-02-28 13:45:00+00:00,1,0.46232743758501105
2026-02-28 13:50:00+00:00,1,0.4767804508558787
2026-02-28 13:55:00+00:00,0,0.4761820986718487
2026-02-28 14:00:00+00:00,0,0.4993014411699115
2026-02-28 14:05:00+00:00,1,0.4973915326883775
2026-02-28 14:10:00+00:00,1,0.507308024697496
2026-02-28 14:15:00+00:00,1,0.488651259200777
2026-02-28 14:20:00+00:00,0,0.49699707750062994
2026-02-28 14:25:00+00:00,0,0.49346814983084303
2026-02-28 14:30:00+00:00,1,0.5044123185450728
2026-02-28 14:35:00+00:00,0,0.49795376695012894
2026-02-28 14:40:00+00:00,0,0.49865121739775725
2026-02-28 14:45:00+00:00,0,0.5262449084924576
2026-02-28 14:50:00+00:00,1,0.49524446305420006
2026-02-28 14:55:00+00:00,1,0.4957145720672926
2026-02-28 15:00:00+00:00,1,0.538406805094888
2026-02-28 15:05:00+00:00,1,0.5329201002165199
2026-02-28 15:10:00+00:00,1,0.5422766093661276
2026-02-28 15:15:00+00:00,1,0.5403472730934458
2026-02-28 15:20:00+00:00,1,0.5323642049956282
2026-02-28 15:25:00+00:00,1,0.537778859065135
2026-02-28 15:30:00+00:00,0,0.534776885672598
2026-02-28 15:35:00+00:00,1,0.5300098242072314
2026-02-28 15:40:00+00:00,1,0.5440071717310418
2026-02-28 15:45:00+00:00,1,0.5298751082846065
2026-02-28 15:50:00+00:00,1,0.5362275027524677
2026-02-28 15:55:00+00:00,1,0.5153902570329902
2026-02-28 16:00:00+00:00,1,0.5212769290982814
2026-02-28 16:05:00+00:00,0,0.5266994750278506
2026-02-28 16:10:00+00:00,1,0.5232742494226931
2026-02-28 16:15:00+00:00,1,0.5189480190039727
2026-02-28 16:20:00+00:00,1,0.5101493206834734
2026-02-28 16:25:00+00:00,1,0.5257029127907724
2026-02-28 16:30:00+00:00,1,0.5077615481090979
2026-02-28 16:35:00+00:00,1,0.5207911670924523
2026-02-28 16:40:00+00:00,0,0.5179484232119909
2026-02-28 16:45:00+00:00,0,0.523166258838809
2026-02-28 16:50:00+00:00,0,0.5142009152263595
2026-02-28 16:55:00+00:00,1,0.5205807377880848
2026-02-28 17:00:00+00:00,1,0.5246701138920398
2026-02-28 17:05:00+00:00,0,0.5190636685337379
2026-02-28 17:10:00+00:00,0,0.521868443877185
2026-02-28 17:15:00+00:00,1,0.5111356873566211
2026-02-28 17:20:00+00:00,1,0.5245219877163007
2026-02-28 17:25:00+00:00,1,0.5040178563404942
2026-02-28 17:30:00+00:00,1,0.508563124233438
2026-02-28 17:35:00+00:00,1,0.5042731677444204
2026-02-28 17:40:00+00:00,1,0.5138315083419996
2026-02-28 17:45:00+00:00,1,0.5089518712438743
2026-02-28 17:50:00+00:00,1,0.5072899459556378
2026-02-28 17:55:00+00:00,0,0.502834894296007
2026-02-28 18:00:00+00:00,1,0.4841026254885301
2026-02-28 18:05:00+00:00,1,0.5016538468030702
2026-02-28 18:10:00+00:00,1,0.5180836857820185
2026-02-28 18:15:00+00:00,1,0.5109984491123943
2026-02-28 18:20:00+00:00,1,0.5063197311062425
2026-02-28 18:25:00+00:00,1,0.5083880517491276
2026-02-28 18:30:00+00:00,1,0.5159580780630348
2026-02-28 18:35:00+00:00,0,0.5006858111901427
2026-02-28 18:40:00+00:00,0,0.4883725067379991
2026-02-28 18:45:00+00:00,0,0.4816811899125623
2026-02-28 18:50:00+00:00,0,0.4793397963846761
2026-02-28 18:55:00+00:00,0,0.46299291968812417
2026-02-28 19:00:00+00:00,1,0.4894556166905662
2026-02-28 19:05:00+00:00,1,0.5041033752646998
2026-02-28 19:10:00+00:00,1,0.5037477992288018
2026-02-28 19:15:00+00:00,1,0.5136821176071479
2026-02-28 19:20:00+00:00,1,0.5279683663957635
2026-02-28 19:25:00+00:00,1,0.5278065579701041
2026-02-28 19:30:00+00:00,0,0.4907513688234336
2026-02-28 19:35:00+00:00,0,0.4812382782906351
2026-02-28 19:40:00+00:00,1,0.5074486603616435
2026-02-28 19:45:00+00:00,1,0.51797907195935
2026-02-28 19:50:00+00:00,1,0.517407516355292
2026-02-28 19:55:00+00:00,1,0.5103978570482356
2026-02-28 20:00:00+00:00,1,0.5304548471590409
2026-02-28 20:05:00+00:00,1,0.5225302066939906
2026-02-28 20:10:00+00:00,1,0.5010556885194264
2026-02-28 20:15:00+00:00,1,0.5135379145583326
2026-02-28 20:20:00+00:00,1,0.5174451972944933
2026-02-28 20:25:00+00:00,1,0.5361512850793239
2026-02-28 20:30:00+00:00,1,0.5272986127306472
2026-02-28 20:35:00+00:00,1,0.5342096456797618
2026-02-28 20:40:00+00:00,1,0.5287887897023787
2026-02-28 20:45:00+00:00,0,0.5278835259963758
2026-02-28 20:50:00+00:00,0,0.5043295047774493
2026-02-28 20:55:00+00:00,0,0.5052582964679679
2026-02-28 21:00:00+00:00,1,0.5135957860139808
2026-02-28 21:05:00+00:00,1,0.554114533029477
2026-02-28 21:10:00+00:00,1,0.5014317317358176
2026-02-28 21:15:00+00:00,1,0.5533385659796324
2026-02-28 21:20:00+00:00,1,0.5254245389918508
2026-02-28 21:25:00+00:00,1,0.5441379537059948
2026-02-28 21:30:00+00:00,1,0.5381321491308074
2026-02-28 21:35:00+00:00,1,0.5087510453965712
2026-02-28 21:40:00+00:00,1,0.524509536431721
2026-02-28 21:45:00+00:00,0,0.5252048083380937
2026-02-28 21:50:00+00:00,1,0.5360284845121176
2026-02-28 21:55:00+00:00,1,0.540428732147449
2026-02-28 22:00:00+00:00,1,0.49779315386351874
2026-02-28 22:05:00+00:00,1,0.5263131233473458
2026-02-28 22:10:00+00:00,1,0.512332529583176
2026-02-28 22:15:00+00:00,1,0.5030332867999322
2026-02-28 22:20:00+00:00,0,0.4856480854614116
2026-02-28 22:25:00+00:00,0,0.46839953191846057
2026-02-28 22:30:00+00:00,0,0.46297714192856815
2026-02-28 22:35:00+00:00,0,0.48978484841315373
2026-02-28 22:40:00+00:00,0,0.5033570063398194
2026-02-28 22:45:00+00:00,0,0.485113476902127
2026-02-28 22:50:00+00:00,0,0.5151897934964236
2026-02-28 22:55:00+00:00,0,0.5358261675569521
2026-02-28 23:00:00+00:00,0,0.5250586393783286
2026-02-28 23:05:00+00:00,0,0.5085991090852885
2026-02-28 23:10:00+00:00,0,0.524963305554802
2026-02-28 23:15:00+00:00,1,0.5229750343204078
2026-02-28 23:20:00+00:00,0,0.521151877769042
2026-02-28 23:25:00+00:00,1,0.5124044877473118
2026-02-28 23:30:00+00:00,1,0.5321087992418558
2026-02-28 23:35:00+00:00,1,0.5372029067591898
2026-02-28 23:40:00+00:00,1,0.5352300567563635
2026-02-28 23:45:00+00:00,1,0.512826478063553
2026-02-28 23:50:00+00:00,1,0.5364044819627709
2026-02-28 23:55:00+00:00,1,0.538405781435727
2026-03-01 00:00:00+00:00,0,0.4975217624775002
2026-03-01 00:05:00+00:00,1,0.5096946738891313
2026-03-01 00:10:00+00:00,0,0.5053737042412534
2026-03-01 00:15:00+00:00,1,0.5204680645063461
2026-03-01 00:20:00+00:00,1,0.5074504931089255
2026-03-01 00:25:00+00:00,1,0.5132299844042768
2026-03-01 00:30:00+00:00,1,0.512249182776025
2026-03-01 00:35:00+00:00,1,0.5187032895586449
2026-03-01 00:40:00+00:00,0,0.5193505179815556
2026-03-01 00:45:00+00:00,0,0.5139253342310866
2026-03-01 00:50:00+00:00,0,0.506515631325901
2026-03-01 00:55:00+00:00,0,0.5134371870567735
2026-03-01 01:00:00+00:00,1,0.5229969066373307
2026-03-01 01:05:00+00:00,1,0.521937405360645
2026-03-01 01:10:00+00:00,1,0.5112628014543218
2026-03-01 01:15:00+00:00,1,0.5189929909243124
2026-03-01 01:20:00+00:00,1,0.49390015078495786
2026-03-01 01:25:00+00:00,1,0.4984680279720621
2026-03-01 01:30:00+00:00,1,0.47687721870962374
2026-03-01 01:35:00+00:00,1,0.49358253304869315
2026-03-01 01:40:00+00:00,1,0.495765489321328
2026-03-01 01:45:00+00:00,1,0.48477231069485766
2026-03-01 01:50:00+00:00,1,0.5108703819630057
2026-03-01 01:55:00+00:00,1,0.4804780864252033
2026-03-01 02:00:00+00:00,0,0.47579436063221925
2026-03-01 02:05:00+00:00,1,0.4880292192433974
2026-03-01 02:10:00+00:00,1,0.45241546654748127
2026-03-01 02:15:00+00:00,1,0.4662880287356925
2026-03-01 02:20:00+00:00,1,0.5026441275135255
2026-03-01 02:25:00+00:00,0,0.45639608042281743
2026-03-01 02:30:00+00:00,0,0.4777793029810316
2026-03-01 02:35:00+00:00,0,0.48472926598843863
2026-03-01 02:40:00+00:00,0,0.4551067783378421
2026-03-01 02:45:00+00:00,1,0.47927381984970346
2026-03-01 02:50:00+00:00,0,0.49406659292396676
2026-03-01 02:55:00+00:00,1,0.5040587375388476
2026-03-01 03:00:00+00:00,1,0.5120488423203273
2026-03-01 03:05:00+00:00,0,0.5177252212330812
2026-03-01 03:10:00+00:00,1,0.5047491266899516
2026-03-01 03:15:00+00:00,0,0.4976016951527911
2026-03-01 03:20:00+00:00,0,0.4937068279772488
2026-03-01 03:25:00+00:00,0,0.46975024458736847
2026-03-01 03:30:00+00:00,1,0.4994234475680889
2026-03-01 03:35:00+00:00,0,0.5066610928777434
2026-03-01 03:40:00+00:00,0,0.46417257676216156
2026-03-01 03:45:00+00:00,0,0.4696340809744691
2026-03-01 03:50:00+00:00,0,0.45766239672204057
2026-03-01 03:55:00+00:00,0,0.4661027296103809
2026-03-01 04:00:00+00:00,0,0.4666183303831853
2026-03-01 04:05:00+00:00,0,0.45820128717148345
2026-03-01 04:10:00+00:00,1,0.4589226121983364
2026-03-01 04:15:00+00:00,1,0.4858643125612379
2026-03-01 04:20:00+00:00,1,0.5118166732590234
2026-03-01 04:25:00+00:00,0,0.49934043523020544
2026-03-01 04:30:00+00:00,0,0.5053154573300098
2026-03-01 04:35:00+00:00,1,0.4734420612497499
2026-03-01 04:40:00+00:00,0,0.49099319100572747
2026-03-01 04:45:00+00:00,1,0.48719240074238296
2026-03-01 04:50:00+00:00,1,0.5020758058506636
2026-03-01 04:55:00+00:00,1,0.4989724701908052
2026-03-01 05:00:00+00:00,1,0.48462045970475265
2026-03-01 05:05:00+00:00,0,0.49183070078944463
2026-03-01 05:10:00+00:00,0,0.4889806094493586
2026-03-01 05:15:00+00:00,0,0.46078479679653733
2026-03-01 05:20:00+00:00,0,0.46479431988531983
2026-03-01 05:25:00+00:00,0,0.4692750245304668
2026-03-01 05:30:00+00:00,0,0.4744390198579152
2026-03-01 05:35:00+00:00,0,0.48751506695832625
2026-03-01 05:40:00+00:00,0,0.49029564866249187
2026-03-01 05:45:00+00:00,0,0.49048744228979657
2026-03-01 05:50:00+00:00,0,0.4852451671464144
2026-03-01 05:55:00+00:00,0,0.4964694458694238
2026-03-01 06:00:00+00:00,0,0.5056816817564919
2026-03-01 06:05:00+00:00,0,0.5239657368598925
2026-03-01 06:10:00+00:00,0,0.5234150042702274
2026-03-01 06:15:00+00:00,0,0.5143442257008011
2026-03-01 06:20:00+00:00,0,0.5046030642341955
2026-03-01 06:25:00+00:00,0,0.5075477754985374
2026-03-01 06:30:00+00:00,0,0.5138942964910543
2026-03-01 06:35:00+00:00,1,0.5139399315427399
2026-03-01 06:40:00+00:00,1,0.5080071636281275
2026-03-01 06:45:00+00:00,1,0.48909616141568385
2026-03-01 06:50:00+00:00,0,0.5156015455744543
2026-03-01 06:55:00+00:00,0,0.49667147937658934
2026-03-01 07:00:00+00:00,1,0.5051400708063493
2026-03-01 07:05:00+00:00,1,0.5124476307346804
2026-03-01 07:10:00+00:00,0,0.5147450980043737
2026-03-01 07:15:00+00:00,0,0.5146876976250785
2026-03-01 07:20:00+00:00,0,0.5172166221816612
2026-03-01 07:25:00+00:00,1,0.5233125717818982
2026-03-01 07:30:00+00:00,0,0.5200221295662599
2026-03-01 07:35:00+00:00,0,0.518777077713631
2026-03-01 07:40:00+00:00,1,0.510806805926615
2026-03-01 07:45:00+00:00,1,0.5168520783818101
2026-03-01 07:50:00+00:00,0,0.5151759218531394
2026-03-01 07:55:00+00:00,0,0.5159545059223634
2026-03-01 08:00:00+00:00,1,0.5091788700869886
2026-03-01 08:05:00+00:00,0,0.5102073804444971
2026-03-01 08:10:00+00:00,0,0.49413649200185306
2026-03-01 08:15:00+00:00,0,0.5034204396143004
2026-03-01 08:20:00+00:00,0,0.4945490912186082
2026-03-01 08:25:00+00:00,0,0.4977311560194999
2026-03-01 08:30:00+00:00,0,0.5071287750581598
2026-03-01 08:35:00+00:00,0,0.5066047050212555
2026-03-01 08:40:00+00:00,0,0.5023482954896954
2026-03-01 08:45:00+00:00,0,0.5347953762264738
2026-03-01 08:50:00+00:00,1,0.5138326729739918
2026-03-01 08:55:00+00:00,1,0.5280329347118764
2026-03-01 09:00:00+00:00,0,0.5258824224167741
2026-03-01 09:05:00+00:00,0,0.5173661620313081
2026-03-01 09:10:00+00:00,0,0.5129835493585126
2026-03-01 09:15:00+00:00,0,0.5151863227614639
2026-03-01 09:20:00+00:00,0,0.5287016530435084
2026-03-01 09:25:00+00:00,0,0.5309747947144687
2026-03-01 09:30:00+00:00,0,0.5177784287097551
2026-03-01 09:35:00+00:00,1,0.5402174805128047
2026-03-01 09:40:00+00:00,1,0.5338259809201222
2026-03-01 09:45:00+00:00,1,0.5247455073438461
2026-03-01 09:50:00+00:00,1,0.5259472004353163
2026-03-01 09:55:00+00:00,1,0.5246522107450143
2026-03-01 10:00:00+00:00,1,0.5389611980745039
2026-03-01 10:05:00+00:00,1,0.5319795517634134
2026-03-01 10:10:00+00:00,0,0.5203855859819635
2026-03-01 10:15:00+00:00,1,0.534854034116539
2026-03-01 10:20:00+00:00,1,0.5320423447801921
2026-03-01 10:25:00+00:00,0,0.5185093685984337
2026-03-01 10:30:00+00:00,0,0.5143834929254284
2026-03-01 10:35:00+00:00,1,0.5162938519547176
2026-03-01 10:40:00+00:00,1,0.5166991823132072
2026-03-01 10:45:00+00:00,1,0.522953263542648
2026-03-01 10:50:00+00:00,1,0.5163454420953393
2026-03-01 10:55:00+00:00,1,0.5350213541330782
2026-03-01 11:00:00+00:00,0,0.5305590043339781
2026-03-01 11:05:00+00:00,0,0.5178659240697376
2026-03-01 11:10:00+00:00,0,0.5274044370009014
2026-03-01 11:15:00+00:00,0,0.5237327446854375
2026-03-01 11:20:00+00:00,0,0.5276732060172604
2026-03-01 11:25:00+00:00,0,0.5233343862727603
2026-03-01 11:30:00+00:00,1,0.5222971637765818
2026-03-01 11:35:00+00:00,1,0.5239796909964256
2026-03-01 11:40:00+00:00,1,0.5264304686533072
2026-03-01 11:45:00+00:00,1,0.5053727085687778
2026-03-01 11:50:00+00:00,1,0.5134303911902078
2026-03-01 11:55:00+00:00,0,0.5134679888921585
2026-03-01 12:00:00+00:00,0,0.5120056976490447
2026-03-01 12:05:00+00:00,0,0.5090392119992402
2026-03-01 12:10:00+00:00,0,0.4827380211762211
2026-03-01 12:15:00+00:00,0,0.4977302847234075
2026-03-01 12:20:00+00:00,0,0.5076375793417046
2026-03-01 12:25:00+00:00,0,0.5027309621985221
2026-03-01 12:30:00+00:00,1,0.536959312861467
2026-03-01 12:35:00+00:00,0,0.5043389979923548
2026-03-01 12:40:00+00:00,0,0.489936609621734
2026-03-01 12:45:00+00:00,0,0.5052230177833096
2026-03-01 12:50:00+00:00,0,0.5070114200793953
2026-03-01 12:55:00+00:00,0,0.504243941239178
2026-03-01 13:00:00+00:00,0,0.512646334865465
2026-03-01 13:05:00+00:00,0,0.514660698848933
2026-03-01 13:10:00+00:00,0,0.5040291600594685
2026-03-01 13:15:00+00:00,1,0.5077451894449041
2026-03-01 13:20:00+00:00,1,0.5254668519291276
2026-03-01 13:25:00+00:00,1,0.5337858020952123
2026-03-01 13:30:00+00:00,1,0.5224547364595694
2026-03-01 13:35:00+00:00,1,0.5280008537159387
2026-03-01 13:40:00+00:00,1,0.5227144455015377
2026-03-01 13:45:00+00:00,1,0.5215608854266945
2026-03-01 13:50:00+00:00,0,0.4958885170824656
2026-03-01 13:55:00+00:00,0,0.5291607191550198
2026-03-01 14:00:00+00:00,0,0.5249720534063906
2026-03-01 14:05:00+00:00,0,0.5267740696527119
2026-03-01 14:10:00+00:00,0,0.5289842261250907
2026-03-01 14:15:00+00:00,0,0.5351108382260517
2026-03-01 14:20:00+00:00,0,0.5310078450784221
2026-03-01 14:25:00+00:00,0,0.5230094631366786
2026-03-01 14:30:00+00:00,1,0.5306816130481796
2026-03-01 14:35:00+00:00,1,0.536683613876521
2026-03-01 14:40:00+00:00,1,0.5334095507494429
2026-03-01 14:45:00+00:00,1,0.5381338366230961
2026-03-01 14:50:00+00:00,1,0.5392546652818339
2026-03-01 14:55:00+00:00,1,0.536198787652769
2026-03-01 15:00:00+00:00,1,0.534318724215604
2026-03-01 15:05:00+00:00,1,0.5375985429549742
2026-03-01 15:10:00+00:00,1,0.5496134405302291
2026-03-01 15:15:00+00:00,1,0.5253646975595658
2026-03-01 15:20:00+00:00,0,0.5191248201519771
2026-03-01 15:25:00+00:00,0,0.5289552535084969
2026-03-01 15:30:00+00:00,0,0.5091449228729614
2026-03-01 15:35:00+00:00,0,0.5026984190126877
2026-03-01 15:40:00+00:00,0,0.5019972757323797
2026-03-01 15:45:00+00:00,0,0.4893518128833815
2026-03-01 15:50:00+00:00,0,0.5014970797281801
2026-03-01 15:55:00+00:00,1,0.5027767670327794
2026-03-01 16:00:00+00:00,0,0.5089197107941191
2026-03-01 16:05:00+00:00,0,0.5109196613494554
2026-03-01 16:10:00+00:00,0,0.5056489381317768
2026-03-01 16:15:00+00:00,0,0.5108685270542653
2026-03-01 16:20:00+00:00,0,0.5071943138467798
2026-03-01 16:25:00+00:00,0,0.5118350510936088
2026-03-01 16:30:00+00:00,0,0.5187304884422729
2026-03-01 16:35:00+00:00,0,0.5187977676298043
2026-03-01 16:40:00+00:00,0,0.5211071586519298
2026-03-01 16:45:00+00:00,0,0.5271619175385899
2026-03-01 16:50:00+00:00,0,0.5561887697609249
2026-03-01 16:55:00+00:00,0,0.5557438325823976
2026-03-01 17:00:00+00:00,0,0.5510753997978797
2026-03-01 17:05:00+00:00,0,0.5509519533291183
2026-03-01 17:10:00+00:00,0,0.5244466022291439
2026-03-01 17:15:00+00:00,1,0.5317132787588674
2026-03-01 17:20:00+00:00,1,0.5424213782954721
2026-03-01 17:25:00+00:00,1,0.5288510452106941
2026-03-01 17:30:00+00:00,1,0.5219492979132709
2026-03-01 17:35:00+00:00,1,0.5076332690399626
2026-03-01 17:40:00+00:00,1,0.5052240700347609
2026-03-01 17:45:00+00:00,1,0.502954554518
2026-03-01 17:50:00+00:00,1,0.5019864127686907
2026-03-01 17:55:00+00:00,1,0.5040723155611959
2026-03-01 18:00:00+00:00,0,0.5308977700803414
2026-03-01 18:05:00+00:00,0,0.509082457969096
2026-03-01 18:10:00+00:00,0,0.5284349652238107
2026-03-01 18:15:00+00:00,0,0.5291397208128743
2026-03-01 18:20:00+00:00,0,0.5371147148938513
2026-03-01 18:25:00+00:00,0,0.4986466345456838
2026-03-01 18:30:00+00:00,0,0.48973645420906287
2026-03-01 18:35:00+00:00,0,0.4876334133212154
2026-03-01 18:40:00+00:00,0,0.49148716488650185
2026-03-01 18:45:00+00:00,0,0.497532715871812
2026-03-01 18:50:00+00:00,0,0.4822343245472657
2026-03-01 18:55:00+00:00,0,0.4865331809872283
2026-03-01 19:00:00+00:00,0,0.4849231243926383
2026-03-01 19:05:00+00:00,0,0.48718446228949785
2026-03-01 19:10:00+00:00,0,0.5215186881794744
2026-03-01 19:15:00+00:00,0,0.5241086182186678
2026-03-01 19:20:00+00:00,0,0.523815772693775
2026-03-01 19:25:00+00:00,0,0.5245896734040939
2026-03-01 19:30:00+00:00,0,0.5171454396310049
2026-03-01 19:35:00+00:00,0,0.5166457295516543
2026-03-01 19:40:00+00:00,0,0.5280349989874445
2026-03-01 19:45:00+00:00,0,0.5396707405563188
2026-03-01 19:50:00+00:00,0,0.5356295692918971
2026-03-01 19:55:00+00:00,0,0.5340144336810073
2026-03-01 20:00:00+00:00,0,0.5379187193254967
2026-03-01 20:05:00+00:00,0,0.5341803848196496
2026-03-01 20:10:00+00:00,0,0.5226977778739905
2026-03-01 20:15:00+00:00,0,0.5260802747650648
2026-03-01 20:20:00+00:00,0,0.5239132730362136
2026-03-01 20:25:00+00:00,0,0.543203922586169
2026-03-01 20:30:00+00:00,0,0.548829517589984
2026-03-01 20:35:00+00:00,1,0.5265789431225688
2026-03-01 20:40:00+00:00,1,0.530959182493739
2026-03-01 20:45:00+00:00,1,0.527812739827329
2026-03-01 20:50:00+00:00,1,0.5455481065209473
2026-03-01 20:55:00+00:00,1,0.5147330006551809
2026-03-01 21:00:00+00:00,1,0.5452735722774013
2026-03-01 21:05:00+00:00,1,0.5341040103892293
2026-03-01 21:10:00+00:00,1,0.5302311240574747
2026-03-01 21:15:00+00:00,1,0.5396589450187717
2026-03-01 21:20:00+00:00,1,0.5128716999306845
2026-03-01 21:25:00+00:00,1,0.5285378638768161
2026-03-01 21:30:00+00:00,1,0.5422106487181144
2026-03-01 21:35:00+00:00,0,0.547919468841531
2026-03-01 21:40:00+00:00,1,0.5304373163852295
2026-03-01 21:45:00+00:00,1,0.5373094045891963
2026-03-01 21:50:00+00:00,1,0.5288908002968181
2026-03-01 21:55:00+00:00,1,0.5233670852599979
2026-03-01 22:00:00+00:00,0,0.5170633946055311
2026-03-01 22:05:00+00:00,0,0.5308107111958467
2026-03-01 22:10:00+00:00,0,0.5268842161166075
2026-03-01 22:15:00+00:00,0,0.5112197667254325
2026-03-01 22:20:00+00:00,0,0.5237768555954022
2026-03-01 22:25:00+00:00,0,0.5217603581203785
2026-03-01 22:30:00+00:00,1,0.5386843509868493
2026-03-01 22:35:00+00:00,1,0.5246423673736215
2026-03-01 22:40:00+00:00,1,0.5394134775802507
2026-03-01 22:45:00+00:00,1,0.527221567056808
2026-03-01 22:50:00+00:00,1,0.5199390689007781
2026-03-01 22:55:00+00:00,1,0.5263256828984929
2026-03-01 23:00:00+00:00,1,0.51775581445121
2026-03-01 23:05:00+00:00,0,0.47969058376941054
2026-03-01 23:10:00+00:00,1,0.5277585241978315
2026-03-01 23:15:00+00:00,1,0.5228928062680228
2026-03-01 23:20:00+00:00,0,0.4969464865632753
2026-03-01 23:25:00+00:00,1,0.5232592659154255
2026-03-01 23:30:00+00:00,1,0.518977872257757
2026-03-01 23:35:00+00:00,1,0.5131624424094102
2026-03-01 23:40:00+00:00,1,0.5253598894460391
2026-03-01 23:45:00+00:00,1,0.528974718978143
2026-03-01 23:50:00+00:00,1,0.5418352594754169
2026-03-01 23:55:00+00:00,1,0.5419898253962846
2026-03-02 00:00:00+00:00,1,0.5550139888722985
2026-03-02 00:05:00+00:00,1,0.5452793857806778
2026-03-02 00:10:00+00:00,1,0.5512331924874466
2026-03-02 00:15:00+00:00,1,0.5284828563153334
2026-03-02 00:20:00+00:00,1,0.5309580890723987
2026-03-02 00:25:00+00:00,1,0.5220388696056099
2026-03-02 00:30:00+00:00,1,0.5240800670988341
2026-03-02 00:35:00+00:00,1,0.532872137512313
2026-03-02 00:40:00+00:00,1,0.49552051026381866
2026-03-02 00:45:00+00:00,1,0.5061924712887745
2026-03-02 00:50:00+00:00,1,0.5110111166317731
2026-03-02 00:55:00+00:00,0,0.510412617728586
2026-03-02 01:00:00+00:00,0,0.5025350917103936
2026-03-02 01:05:00+00:00,0,0.4854356795640056
2026-03-02 01:10:00+00:00,0,0.47824819124463613
2026-03-02 01:15:00+00:00,0,0.4870118251618898
2026-03-02 01:20:00+00:00,0,0.518740353236373
2026-03-02 01:25:00+00:00,0,0.5095957203980931
2026-03-02 01:30:00+00:00,0,0.5271504207860684
2026-03-02 01:35:00+00:00,0,0.522572102789102
2026-03-02 01:40:00+00:00,0,0.5230644878126592
2026-03-02 01:45:00+00:00,0,0.5331235152481179
2026-03-02 01:50:00+00:00,0,0.5180556593323503
2026-03-02 01:55:00+00:00,0,0.5207438810098942
2026-03-02 02:00:00+00:00,0,0.5357596228264407
2026-03-02 02:05:00+00:00,1,0.5214387881612875
2026-03-02 02:10:00+00:00,1,0.5310777887610343
2026-03-02 02:15:00+00:00,1,0.5077003896988262
2026-03-02 02:20:00+00:00,0,0.4999972019501061
2026-03-02 02:25:00+00:00,1,0.4846841978866221
2026-03-02 02:30:00+00:00,0,0.4878518799288916
2026-03-02 02:35:00+00:00,0,0.49917549697874763
2026-03-02 02:40:00+00:00,1,0.5074548713377329
2026-03-02 02:45:00+00:00,1,0.507336104407575
2026-03-02 02:50:00+00:00,1,0.5057987053058527
2026-03-02 02:55:00+00:00,1,0.5229493226612076
2026-03-02 03:00:00+00:00,1,0.5125268143138979
2026-03-02 03:05:00+00:00,1,0.4990711432989225
2026-03-02 03:10:00+00:00,1,0.5142078574998018
2026-03-02 03:15:00+00:00,1,0.490481780799703
2026-03-02 03:20:00+00:00,1,0.48371374371631987
2026-03-02 03:25:00+00:00,0,0.4972856314282528
2026-03-02 03:30:00+00:00,0,0.5207005708795045
2026-03-02 03:35:00+00:00,0,0.5226726521204098
2026-03-02 03:40:00+00:00,0,0.5258764072708142
2026-03-02 03:45:00+00:00,0,0.5231239608067637
2026-03-02 03:50:00+00:00,0,0.5127889230600254
2026-03-02 03:55:00+00:00,0,0.5154236181543526
2026-03-02 04:00:00+00:00,0,0.5125348321534685
2026-03-02 04:05:00+00:00,0,0.5158629070884492
2026-03-02 04:10:00+00:00,0,0.5068753855391901
2026-03-02 04:15:00+00:00,0,0.5140581338373614
2026-03-02 04:20:00+00:00,0,0.5198725924596089
2026-03-02 04:25:00+00:00,0,0.509850455094578
2026-03-02 04:30:00+00:00,0,0.49480255827680436
2026-03-02 04:35:00+00:00,0,0.48721614828957205
2026-03-02 04:40:00+00:00,0,0.5029234146038372
2026-03-02 04:45:00+00:00,1,0.5191700959348572
2026-03-02 04:50:00+00:00,0,0.5074042784019474
2026-03-02 04:55:00+00:00,0,0.5145268003907658
2026-03-02 05:00:00+00:00,1,0.5200257335064573
2026-03-02 05:05:00+00:00,1,0.5030793289344406
2026-03-02 05:10:00+00:00,1,0.5078823822339379
2026-03-02 05:15:00+00:00,1,0.503768471966702
2026-03-02 05:20:00+00:00,1,0.511757705640786
2026-03-02 05:25:00+00:00,0,0.5143869187647135
2026-03-02 05:30:00+00:00,0,0.4989043835292636
2026-03-02 05:35:00+00:00,0,0.5090818471193027
2026-03-02 05:40:00+00:00,0,0.5141616924092137
2026-03-02 05:45:00+00:00,0,0.5198841050004605
2026-03-02 05:50:00+00:00,0,0.5016803819811079
2026-03-02 05:55:00+00:00,0,0.5137576500146402
2026-03-02 06:00:00+00:00,0,0.5408544739041486
2026-03-02 06:05:00+00:00,0,0.5537214202971771
2026-03-02 06:10:00+00:00,0,0.5555434424964925
2026-03-02 06:15:00+00:00,0,0.5168796800424043
2026-03-02 06:20:00+00:00,1,0.5417016202056072
2026-03-02 06:25:00+00:00,0,0.5198197294031418
2026-03-02 06:30:00+00:00,0,0.5137955403616348
2026-03-02 06:35:00+00:00,0,0.5135852248962323
2026-03-02 06:40:00+00:00,0,0.5211014091879661
2026-03-02 06:45:00+00:00,0,0.5067429364269581
2026-03-02 06:50:00+00:00,0,0.5089094845927135
2026-03-02 06:55:00+00:00,0,0.5045246638190174
2026-03-02 07:00:00+00:00,0,0.4913677224847878
2026-03-02 07:05:00+00:00,1,0.5120336653685849
2026-03-02 07:10:00+00:00,1,0.5101614009368992
2026-03-02 07:15:00+00:00,1,0.5214326662881924
2026-03-02 07:20:00+00:00,1,0.5254293696150596
2026-03-02 07:25:00+00:00,1,0.49796977849401025
2026-03-02 07:30:00+00:00,0,0.5150990338616956
2026-03-02 07:35:00+00:00,0,0.5233655722587907
2026-03-02 07:40:00+00:00,0,0.5259699741027392
2026-03-02 07:45:00+00:00,0,0.5195693949626222
2026-03-02 07:50:00+00:00,0,0.5186695930729947
2026-03-02 07:55:00+00:00,0,0.5183286976329946
2026-03-02 08:00:00+00:00,0,0.5278660523513505
2026-03-02 08:05:00+00:00,1,0.5516422498102306
2026-03-02 08:10:00+00:00,0,0.5040053192780097
2026-03-02 08:15:00+00:00,1,0.5109917307972759
2026-03-02 08:20:00+00:00,1,0.507628087625868
2026-03-02 08:25:00+00:00,1,0.5040962128659277
2026-03-02 08:30:00+00:00,1,0.49868849126963694
2026-03-02 08:35:00+00:00,1,0.4984929563759874
2026-03-02 08:40:00+00:00,1,0.5028697117772128
2026-03-02 08:45:00+00:00,1,0.49994822731177463
2026-03-02 08:50:00+00:00,1,0.5012013103789617
2026-03-02 08:55:00+00:00,1,0.48763556765633437
2026-03-02 09:00:00+00:00,1,0.47784430262245375
2026-03-02 09:05:00+00:00,1,0.487406096809999
2026-03-02 09:10:00+00:00,1,0.4841891097218987
2026-03-02 09:15:00+00:00,0,0.493840944276533
2026-03-02 09:20:00+00:00,0,0.4787633382458557
2026-03-02 09:25:00+00:00,0,0.4899073250038217
2026-03-02 09:30:00+00:00,0,0.5017701828366182
2026-03-02 09:35:00+00:00,1,0.4987827396879702
2026-03-02 09:40:00+00:00,0,0.5080320405978186
2026-03-02 09:45:00+00:00,0,0.5118933849557421
2026-03-02 09:50:00+00:00,0,0.514938596703692
2026-03-02 09:55:00+00:00,1,0.5145705101066718
2026-03-02 10:00:00+00:00,1,0.5149631525736686
2026-03-02 10:05:00+00:00,1,0.5108842485273943
2026-03-02 10:10:00+00:00,1,0.5282083721461002
2026-03-02 10:15:00+00:00,1,0.5236994382756476
2026-03-02 10:20:00+00:00,1,0.5194610872682832
2026-03-02 10:25:00+00:00,1,0.5030906895317578
2026-03-02 10:30:00+00:00,0,0.4885102478112791
2026-03-02 10:35:00+00:00,0,0.5005727555440526
2026-03-02 10:40:00+00:00,0,0.5164489830429252
2026-03-02 10:45:00+00:00,1,0.4983595448084232
2026-03-02 10:50:00+00:00,1,0.5083098816025642
2026-03-02 10:55:00+00:00,0,0.4886504053005556
2026-03-02 11:00:00+00:00,0,0.50702061798636
2026-03-02 11:05:00+00:00,1,0.5200115323883423
2026-03-02 11:10:00+00:00,1,0.5265819897451773
2026-03-02 11:15:00+00:00,1,0.510870461135933
2026-03-02 11:20:00+00:00,0,0.5034411464925055
2026-03-02 11:25:00+00:00,1,0.5173212585837048
2026-03-02 11:30:00+00:00,1,0.5066355577076224
2026-03-02 11:35:00+00:00,1,0.4985750628735429
2026-03-02 11:40:00+00:00,1,0.5003821755764578
2026-03-02 11:45:00+00:00,0,0.5077033084739355
2026-03-02 11:50:00+00:00,0,0.4999836117142389
2026-03-02 11:55:00+00:00,0,0.4899733710204541
2026-03-02 12:00:00+00:00,0,0.48348595937439914
2026-03-02 12:05:00+00:00,0,0.4920712512370751
2026-03-02 12:10:00+00:00,0,0.5025708372856282
2026-03-02 12:15:00+00:00,0,0.5038602374940208
2026-03-02 12:20:00+00:00,1,0.5248944509626927
2026-03-02 12:25:00+00:00,0,0.5197951788307653
2026-03-02 12:30:00+00:00,0,0.5127352986524438
2026-03-02 12:35:00+00:00,0,0.5184563927727337
2026-03-02 12:40:00+00:00,0,0.5249550656289707
2026-03-02 12:45:00+00:00,0,0.5205106984961161
2026-03-02 12:50:00+00:00,0,0.526663898015473
2026-03-02 12:55:00+00:00,0,0.5329493034255443
2026-03-02 13:00:00+00:00,1,0.5273726110049886
2026-03-02 13:05:00+00:00,1,0.5401794129829459
2026-03-02 13:10:00+00:00,0,0.5275496085480861
2026-03-02 13:15:00+00:00,0,0.511205041005996
2026-03-02 13:20:00+00:00,0,0.49255250445068083
2026-03-02 13:25:00+00:00,0,0.5185221378798898
2026-03-02 13:30:00+00:00,0,0.5069115099146516
2026-03-02 13:35:00+00:00,0,0.5049858527209685
2026-03-02 13:40:00+00:00,1,0.49735021996627166
2026-03-02 13:45:00+00:00,1,0.5083723611895357
2026-03-02 13:50:00+00:00,1,0.5247583982808686
2026-03-02 13:55:00+00:00,1,0.521455662811345
2026-03-02 14:00:00+00:00,1,0.5264241833790458
2026-03-02 14:05:00+00:00,1,0.5251423456200611
2026-03-02 14:10:00+00:00,1,0.5148426675804113
2026-03-02 14:15:00+00:00,1,0.5385004179173892
2026-03-02 14:20:00+00:00,1,0.5291455624672884
2026-03-02 14:25:00+00:00,1,0.5196280109621274
2026-03-02 14:30:00+00:00,1,0.5321576955654811
2026-03-02 14:35:00+00:00,1,0.502496392767831
2026-03-02 14:40:00+00:00,1,0.5132920077259379
2026-03-02 14:45:00+00:00,1,0.49650569979692344
2026-03-02 14:50:00+00:00,1,0.49573600256299694
2026-03-02 14:55:00+00:00,1,0.5026527838322136
2026-03-02 15:00:00+00:00,1,0.5096136492702042
2026-03-02 15:05:00+00:00,1,0.531450729664398
2026-03-02 15:10:00+00:00,1,0.5245122231122054
2026-03-02 15:15:00+00:00,1,0.5313946898815203
2026-03-02 15:20:00+00:00,1,0.5300894587909235
2026-03-02 15:25:00+00:00,1,0.5283063356905541
2026-03-02 15:30:00+00:00,1,0.5073404713526917
2026-03-02 15:35:00+00:00,1,0.5041305086336907
2026-03-02 15:40:00+00:00,1,0.49316669509247996
2026-03-02 15:45:00+00:00,1,0.49158112669993775
2026-03-02 15:50:00+00:00,1,0.5051137757294074
2026-03-02 15:55:00+00:00,1,0.5032154069524702
2026-03-02 16:00:00+00:00,0,0.47984802777346025
2026-03-02 16:05:00+00:00,0,0.4835661462809903
2026-03-02 16:10:00+00:00,1,0.4758985332062923
2026-03-02 16:15:00+00:00,1,0.49569657001046946
2026-03-02 16:20:00+00:00,0,0.4856541061447024
2026-03-02 16:25:00+00:00,0,0.5007029771752
2026-03-02 16:30:00+00:00,1,0.5203714534728389
2026-03-02 16:35:00+00:00,0,0.5049320854867608
2026-03-02 16:40:00+00:00,0,0.5110784804522217
2026-03-02 16:45:00+00:00,0,0.5221052201853255
2026-03-02 16:50:00+00:00,0,0.5108425583004974
2026-03-02 16:55:00+00:00,0,0.5187554724457077
2026-03-02 17:00:00+00:00,0,0.48233420209282263
2026-03-02 17:05:00+00:00,0,0.4907793601367757
2026-03-02 17:10:00+00:00,0,0.5481202200668653
2026-03-02 17:15:00+00:00,0,0.5433838195809421
2026-03-02 17:20:00+00:00,0,0.540981418280297
2026-03-02 17:25:00+00:00,0,0.5544959383292487
2026-03-02 17:30:00+00:00,0,0.5381554139474608
2026-03-02 17:35:00+00:00,0,0.5268131097757496
2026-03-02 17:40:00+00:00,1,0.5656782410391263
2026-03-02 17:45:00+00:00,1,0.5620665252320836
2026-03-02 17:50:00+00:00,0,0.5711577282293531
2026-03-02 17:55:00+00:00,0,0.5496502241466259
2026-03-02 18:00:00+00:00,1,0.5615111268008738
2026-03-02 18:05:00+00:00,1,0.5467088034174444
2026-03-02 18:10:00+00:00,1,0.5508301356115238
2026-03-02 18:15:00+00:00,1,0.5519101212406877
2026-03-02 18:20:00+00:00,1,0.5567360822554348
2026-03-02 18:25:00+00:00,0,0.5532555010668073
2026-03-02 18:30:00+00:00,0,0.5391697342030564
2026-03-02 18:35:00+00:00,0,0.5436019876170685
2026-03-02 18:40:00+00:00,0,0.5457177421249799
2026-03-02 18:45:00+00:00,0,0.5432930414065007
2026-03-02 18:50:00+00:00,0,0.5428080377005712
2026-03-02 18:55:00+00:00,1,0.5494588941209912
2026-03-02 19:00:00+00:00,1,0.526667813418303
2026-03-02 19:05:00+00:00,1,0.5325657793285863
2026-03-02 19:10:00+00:00,1,0.5059978237695403
2026-03-02 19:15:00+00:00,1,0.5215438981350177
2026-03-02 19:20:00+00:00,1,0.5263547739860246
2026-03-02 19:25:00+00:00,1,0.5313364401287192
2026-03-02 19:30:00+00:00,1,0.5299524791444812
2026-03-02 19:35:00+00:00,0,0.5267326484012195
2026-03-02 19:40:00+00:00,0,0.5234837544250359
2026-03-02 19:45:00+00:00,0,0.5274335777298693
2026-03-02 19:50:00+00:00,0,0.5381745836715115
2026-03-02 19:55:00+00:00,0,0.5349838910777727
2026-03-02 20:00:00+00:00,0,0.5109176367931122
2026-03-02 20:05:00+00:00,1,0.5334484156391126
2026-03-02 20:10:00+00:00,1,0.5093324176698699
2026-03-02 20:15:00+00:00,1,0.5126804300180152
2026-03-02 20:20:00+00:00,1,0.5293696932592649
2026-03-02 20:25:00+00:00,1,0.5233337200965619
2026-03-02 20:30:00+00:00,0,0.5275181558594741
2026-03-02 20:35:00+00:00,0,0.5212904947088423
2026-03-02 20:40:00+00:00,0,0.5268238401105252
2026-03-02 20:45:00+00:00,0,0.5152562346121043
2026-03-02 20:50:00+00:00,0,0.5215796120508206
2026-03-02 20:55:00+00:00,0,0.5306781296409087
2026-03-02 21:00:00+00:00,1,0.5319958924701673
2026-03-02 21:05:00+00:00,1,0.5267895277752903
2026-03-02 21:10:00+00:00,1,0.5231774486790766
2026-03-02 21:15:00+00:00,1,0.5186712993712889
2026-03-02 21:20:00+00:00,0,0.5158873697225238
2026-03-02 21:25:00+00:00,0,0.5256669107505051
2026-03-02 21:30:00+00:00,0,0.5210714870348011
2026-03-02 21:35:00+00:00,1,0.5409726063046657
2026-03-02 21:40:00+00:00,0,0.5165076819949107
2026-03-02 21:45:00+00:00,0,0.5144032225753865
2026-03-02 21:50:00+00:00,1,0.5247380910893009
2026-03-02 21:55:00+00:00,1,0.5215522901344098
2026-03-02 22:00:00+00:00,1,0.5322191672507747
2026-03-02 22:05:00+00:00,1,0.5179252670444869
2026-03-02 22:10:00+00:00,1,0.5186157936036716
2026-03-02 22:15:00+00:00,1,0.5331163725303787
2026-03-02 22:20:00+00:00,1,0.5212751783302686
2026-03-02 22:25:00+00:00,1,0.5144250212424519
2026-03-02 22:30:00+00:00,0,0.5272105668730482
2026-03-02 22:35:00+00:00,0,0.5118582240837279
2026-03-02 22:40:00+00:00,0,0.5076968713296829
2026-03-02 22:45:00+00:00,0,0.5131178438487953
2026-03-02 22:50:00+00:00,0,0.5104104686651426
2026-03-02 22:55:00+00:00,0,0.5074549052774867
2026-03-02 23:00:00+00:00,0,0.5165947970459372
2026-03-02 23:05:00+00:00,0,0.5215694355273782
2026-03-02 23:10:00+00:00,0,0.5352077739610368
2026-03-02 23:15:00+00:00,0,0.5249141367001916
2026-03-02 23:20:00+00:00,0,0.5042598161118775
2026-03-02 23:25:00+00:00,0,0.5128449445328283
2026-03-02 23:30:00+00:00,0,0.520552292895627
2026-03-02 23:35:00+00:00,1,0.5030668254845152
2026-03-02 23:40:00+00:00,0,0.5012006314368733
2026-03-02 23:45:00+00:00,0,0.4997085367731945
2026-03-02 23:50:00+00:00,0,0.4964625096509347
2026-03-02 23:55:00+00:00,0,0.494828366765599
2026-03-03 00:00:00+00:00,1,0.5054336368568192
2026-03-03 00:05:00+00:00,1,0.5172531625878469
2026-03-03 00:10:00+00:00,1,0.5347446339540398
2026-03-03 00:15:00+00:00,1,0.5400333219595127
2026-03-03 00:20:00+00:00,1,0.5395805581023052
2026-03-03 00:25:00+00:00,1,0.5358208651898794
2026-03-03 00:30:00+00:00,1,0.5188088300981353
2026-03-03 00:35:00+00:00,0,0.5271208946469539
2026-03-03 00:40:00+00:00,0,0.49918140379304665
2026-03-03 00:45:00+00:00,0,0.5168600469307533
2026-03-03 00:50:00+00:00,0,0.5209630137277321
2026-03-03 00:55:00+00:00,0,0.5169927417873957
2026-03-03 01:00:00+00:00,0,0.5338984976880304
2026-03-03 01:05:00+00:00,0,0.5360768555576757
2026-03-03 01:10:00+00:00,0,0.534651289267794
2026-03-03 01:15:00+00:00,1,0.5294711487283612
2026-03-03 01:20:00+00:00,0,0.5305388021760078
2026-03-03 01:25:00+00:00,0,0.5137623877300705
2026-03-03 01:30:00+00:00,0,0.523817793620202
2026-03-03 01:35:00+00:00,0,0.5307389930157903
2026-03-03 01:40:00+00:00,0,0.5269367948423151
2026-03-03 01:45:00+00:00,0,0.5245150113883505
2026-03-03 01:50:00+00:00,0,0.5376750991831165
2026-03-03 01:55:00+00:00,0,0.5389134539536772
2026-03-03 02:00:00+00:00,1,0.5287648571834015
2026-03-03 02:05:00+00:00,1,0.5204901610152475
2026-03-03 02:10:00+00:00,1,0.5173748081449685
2026-03-03 02:15:00+00:00,1,0.520471735966596
2026-03-03 02:20:00+00:00,1,0.5298441121815065
2026-03-03 02:25:00+00:00,1,0.5219913225840597
2026-03-03 02:30:00+00:00,1,0.522997640606168
2026-03-03 02:35:00+00:00,1,0.5307316993793051
2026-03-03 02:40:00+00:00,1,0.539785702551228
2026-03-03 02:45:00+00:00,0,0.5146028908803063
2026-03-03 02:50:00+00:00,0,0.5193364170408613
2026-03-03 02:55:00+00:00,0,0.5285023577424677
2026-03-03 03:00:00+00:00,1,0.5313934275120407
2026-03-03 03:05:00+00:00,1,0.5290464449765829
2026-03-03 03:10:00+00:00,1,0.5215464733393548
2026-03-03 03:15:00+00:00,1,0.526387092191532
2026-03-03 03:20:00+00:00,1,0.5267737650030649
2026-03-03 03:25:00+00:00,1,0.5354671644437072
2026-03-03 03:30:00+00:00,0,0.5152575799345607
2026-03-03 03:35:00+00:00,0,0.5117534871929337
2026-03-03 03:40:00+00:00,0,0.5110502840597451
2026-03-03 03:45:00+00:00,0,0.5028411856596219
2026-03-03 03:50:00+00:00,0,0.5073000714110328
2026-03-03 03:55:00+00:00,0,0.49168191628183483
2026-03-03 04:00:00+00:00,0,0.5070461752453193
2026-03-03 04:05:00+00:00,0,0.5056911518282354
2026-03-03 04:10:00+00:00,0,0.5014353866984341
2026-03-03 04:15:00+00:00,0,0.5013569464150615
2026-03-03 04:20:00+00:00,0,0.5105803452813445
2026-03-03 04:25:00+00:00,0,0.5135480460469286
2026-03-03 04:30:00+00:00,0,0.5120189860007088
2026-03-03 04:35:00+00:00,1,0.5154090007771773
2026-03-03 04:40:00+00:00,1,0.5194658439872636
2026-03-03 04:45:00+00:00,1,0.5242563386722771
2026-03-03 04:50:00+00:00,1,0.5209361181862551
2026-03-03 04:55:00+00:00,1,0.49943893883272716
2026-03-03 05:00:00+00:00,1,0.5059294975757473
2026-03-03 05:05:00+00:00,0,0.49376983559894044
2026-03-03 05:10:00+00:00,0,0.4831290679317219
2026-03-03 05:15:00+00:00,0,0.4640465213288432
2026-03-03 05:20:00+00:00,0,0.47618081724686306
2026-03-03 05:25:00+00:00,0,0.4817697305109982
2026-03-03 05:30:00+00:00,0,0.4954574865734037
2026-03-03 05:35:00+00:00,0,0.5006725151887379
2026-03-03 05:40:00+00:00,0,0.5179448520364739
2026-03-03 05:45:00+00:00,1,0.5290797137040422
2026-03-03 05:50:00+00:00,1,0.517575903631029
2026-03-03 05:55:00+00:00,0,0.5088494507580469
2026-03-03 06:00:00+00:00,0,0.5382568187061684
2026-03-03 06:05:00+00:00,0,0.5323940547556735
2026-03-03 06:10:00+00:00,0,0.5319503073618448
2026-03-03 06:15:00+00:00,0,0.5332276802150111
2026-03-03 06:20:00+00:00,1,0.5396041947020659
2026-03-03 06:25:00+00:00,1,0.5262917280245201
2026-03-03 06:30:00+00:00,1,0.5331332153525166
2026-03-03 06:35:00+00:00,1,0.5352339300525751
2026-03-03 06:40:00+00:00,1,0.5335343675612826
2026-03-03 06:45:00+00:00,1,0.5401123046100262
2026-03-03 06:50:00+00:00,1,0.5301716737181623
2026-03-03 06:55:00+00:00,1,0.5079796846555384
2026-03-03 07:00:00+00:00,0,0.49907275013226604
2026-03-03 07:05:00+00:00,0,0.4991718872590114
2026-03-03 07:10:00+00:00,0,0.48976748031806694
2026-03-03 07:15:00+00:00,0,0.4943166036732083
2026-03-03 07:20:00+00:00,0,0.49461204474803994
2026-03-03 07:25:00+00:00,0,0.4965892853802631
2026-03-03 07:30:00+00:00,0,0.5106076719005126
2026-03-03 07:35:00+00:00,0,0.5169434279555108
2026-03-03 07:40:00+00:00,0,0.5059485280100922
2026-03-03 07:45:00+00:00,0,0.5248158539822063
2026-03-03 07:50:00+00:00,0,0.5209977710366299
2026-03-03 07:55:00+00:00,0,0.5155533193685834
2026-03-03 08:00:00+00:00,0,0.5124300456075315
2026-03-03 08:05:00+00:00,0,0.5060531158906437
2026-03-03 08:10:00+00:00,0,0.527652843578493
2026-03-03 08:15:00+00:00,0,0.5076910450897143
2026-03-03 08:20:00+00:00,0,0.5245564741159243
2026-03-03 08:25:00+00:00,0,0.5233209611126718
2026-03-03 08:30:00+00:00,0,0.5258617474371068
2026-03-03 08:35:00+00:00,1,0.512347095413536
2026-03-03 08:40:00+00:00,1,0.5135388530783912
2026-03-03 08:45:00+00:00,1,0.5292614127769929
2026-03-03 08:50:00+00:00,1,0.5298888980374338
2026-03-03 08:55:00+00:00,1,0.5181416255853498
2026-03-03 09:00:00+00:00,1,0.515323217835195
2026-03-03 09:05:00+00:00,0,0.5159978462783955
2026-03-03 09:10:00+00:00,0,0.5230661589822448
2026-03-03 09:15:00+00:00,0,0.5281149297067249
2026-03-03 09:20:00+00:00,0,0.5208136916745055
2026-03-03 09:25:00+00:00,0,0.5385445461641579
2026-03-03 09:30:00+00:00,0,0.532058223183869
2026-03-03 09:35:00+00:00,0,0.5217783273777591
2026-03-03 09:40:00+00:00,0,0.5367947650178474
2026-03-03 09:45:00+00:00,0,0.5369186971547427
2026-03-03 09:50:00+00:00,0,0.5420682963083447
2026-03-03 09:55:00+00:00,0,0.5295810025097787
2026-03-03 10:00:00+00:00,0,0.5337072566900429
2026-03-03 10:05:00+00:00,1,0.5398987376387753
2026-03-03 10:10:00+00:00,1,0.5371225697695575
2026-03-03 10:15:00+00:00,1,0.530052195453279
2026-03-03 10:20:00+00:00,0,0.5083526093873953
2026-03-03 10:25:00+00:00,0,0.5111613953071307
2026-03-03 10:30:00+00:00,1,0.5122215549117968
2026-03-03 10:35:00+00:00,1,0.5156791070833479
2026-03-03 10:40:00+00:00,0,0.5195366859159648
2026-03-03 10:45:00+00:00,0,0.4910126591346946
2026-03-03 10:50:00+00:00,1,0.5277023675766757
2026-03-03 10:55:00+00:00,1,0.5299283840600172
2026-03-03 11:00:00+00:00,0,0.52008893204346
2026-03-03 11:05:00+00:00,0,0.4952653048192878
2026-03-03 11:10:00+00:00,1,0.5170522502452918
2026-03-03 11:15:00+00:00,1,0.5225545651900598
2026-03-03 11:20:00+00:00,0,0.48445998030736254
2026-03-03 11:25:00+00:00,1,0.5127330708923405
2026-03-03 11:30:00+00:00,1,0.5238599845149324
2026-03-03 11:35:00+00:00,1,0.5067184196038569
2026-03-03 11:40:00+00:00,1,0.4987220422930811
2026-03-03 11:45:00+00:00,1,0.5039638043664609
2026-03-03 11:50:00+00:00,1,0.5025206871075192
2026-03-03 11:55:00+00:00,1,0.4827798114751263
2026-03-03 12:00:00+00:00,0,0.48067111318995964
2026-03-03 12:05:00+00:00,0,0.47897559869870915
2026-03-03 12:10:00+00:00,0,0.4792027438060777
2026-03-03 12:15:00+00:00,0,0.48514501431213436
2026-03-03 12:20:00+00:00,0,0.4768359030269661
2026-03-03 12:25:00+00:00,0,0.4649510016054132
2026-03-03 12:30:00+00:00,0,0.4864193824229586
2026-03-03 12:35:00+00:00,0,0.5003868150380839
2026-03-03 12:40:00+00:00,0,0.5109281554338955
2026-03-03 12:45:00+00:00,0,0.4973232213128341
2026-03-03 12:50:00+00:00,0,0.5000461992200245
2026-03-03 12:55:00+00:00,0,0.5015820603305895
2026-03-03 13:00:00+00:00,0,0.5307714816666592
2026-03-03 13:05:00+00:00,0,0.5176831341506974
2026-03-03 13:10:00+00:00,0,0.530859837753105
2026-03-03 13:15:00+00:00,0,0.5286403315164202
2026-03-03 13:20:00+00:00,0,0.49626043207690657
2026-03-03 13:25:00+00:00,0,0.4981839375240502
2026-03-03 13:30:00+00:00,1,0.48160561772063176
2026-03-03 13:35:00+00:00,1,0.48649925837512714
2026-03-03 13:40:00+00:00,1,0.5044282725291984
2026-03-03 13:45:00+00:00,1,0.5045470671933222
2026-03-03 13:50:00+00:00,1,0.5129400242422264
2026-03-03 13:55:00+00:00,1,0.5221984823702018
2026-03-03 14:00:00+00:00,0,0.48962909068422916
2026-03-03 14:05:00+00:00,0,0.4966538275669031
2026-03-03 14:10:00+00:00,0,0.4912140274654998
2026-03-03 14:15:00+00:00,0,0.4974272556050026
2026-03-03 14:20:00+00:00,0,0.4881620815142061
2026-03-03 14:25:00+00:00,0,0.4895523521386822
2026-03-03 14:30:00+00:00,0,0.520652549815627
2026-03-03 14:35:00+00:00,0,0.5271511428596946
2026-03-03 14:40:00+00:00,1,0.5385407779076788
2026-03-03 14:45:00+00:00,1,0.5469662662797318
2026-03-03 14:50:00+00:00,0,0.4991565997008393
2026-03-03 14:55:00+00:00,1,0.5345886977565028
2026-03-03 15:00:00+00:00,1,0.4951016827024139
2026-03-03 15:05:00+00:00,1,0.48256357825480617
2026-03-03 15:10:00+00:00,1,0.4866821875260436
2026-03-03 15:15:00+00:00,1,0.4979344738939984
2026-03-03 15:20:00+00:00,1,0.4954579165370526
2026-03-03 15:25:00+00:00,1,0.4965812515605945
2026-03-03 15:30:00+00:00,1,0.4819398932688385
2026-03-03 15:35:00+00:00,1,0.5140498572402684
2026-03-03 15:40:00+00:00,1,0.5192298567742963
2026-03-03 15:45:00+00:00,1,0.5077625097174722
2026-03-03 15:50:00+00:00,1,0.5149778385774113
2026-03-03 15:55:00+00:00,1,0.5138917184881518
2026-03-03 16:00:00+00:00,1,0.5041529123145266
2026-03-03 16:05:00+00:00,0,0.5331041938273436
2026-03-03 16:10:00+00:00,0,0.5134768427047772
2026-03-03 16:15:00+00:00,0,0.5160326404746145
2026-03-03 16:20:00+00:00,0,0.4971449355496696
2026-03-03 16:25:00+00:00,0,0.5014862506357783
2026-03-03 16:30:00+00:00,0,0.4875057429300893
2026-03-03 16:35:00+00:00,0,0.5041554921312509
2026-03-03 16:40:00+00:00,0,0.5212703326534954
2026-03-03 16:45:00+00:00,0,0.5363193984610629
2026-03-03 16:50:00+00:00,0,0.5339919743960329
2026-03-03 16:55:00+00:00,0,0.531916171711451
2026-03-03 17:00:00+00:00,0,0.515337846671852
2026-03-03 17:05:00+00:00,0,0.49344224116487556
2026-03-03 17:10:00+00:00,1,0.5092789578802307
2026-03-03 17:15:00+00:00,1,0.48967383102600837
2026-03-03 17:20:00+00:00,1,0.499484903424022
2026-03-03 17:25:00+00:00,1,0.46706810873484433
2026-03-03 17:30:00+00:00,1,0.5047623649393019
2026-03-03 17:35:00+00:00,1,0.4902035846605404
2026-03-03 17:40:00+00:00,0,0.49586149687064296
2026-03-03 17:45:00+00:00,0,0.5231268853209947
2026-03-03 17:50:00+00:00,1,0.5190943009106864
2026-03-03 17:55:00+00:00,1,0.5278990141991813
2026-03-03 18:00:00+00:00,1,0.5125489905793807
2026-03-03 18:05:00+00:00,1,0.5201349126988035
2026-03-03 18:10:00+00:00,1,0.5393978013782541
2026-03-03 18:15:00+00:00,1,0.5196111651316385
2026-03-03 18:20:00+00:00,1,0.49193103951794026
2026-03-03 18:25:00+00:00,0,0.49141379793842993
2026-03-03 18:30:00+00:00,0,0.48729223129553995
2026-03-03 18:35:00+00:00,0,0.47733870769342945
2026-03-03 18:40:00+00:00,0,0.5039436748761462
2026-03-03 18:45:00+00:00,0,0.4994246130905181
2026-03-03 18:50:00+00:00,1,0.5040306536436497
2026-03-03 18:55:00+00:00,0,0.5272551992495341
2026-03-03 19:00:00+00:00,0,0.5178597761493992
2026-03-03 19:05:00+00:00,1,0.5175101721490158
2026-03-03 19:10:00+00:00,1,0.5289151381233159
2026-03-03 19:15:00+00:00,1,0.5059505306172234
2026-03-03 19:20:00+00:00,0,0.5004752929523524
2026-03-03 19:25:00+00:00,0,0.49402353122468257
2026-03-03 19:30:00+00:00,1,0.5077119064130653
2026-03-03 19:35:00+00:00,0,0.5041027189944243
2026-03-03 19:40:00+00:00,0,0.49782846969452316
2026-03-03 19:45:00+00:00,0,0.5220911934553738
2026-03-03 19:50:00+00:00,0,0.510009695624286
2026-03-03 19:55:00+00:00,0,0.5089139755250017
2026-03-03 20:00:00+00:00,0,0.5060581167259096
2026-03-03 20:05:00+00:00,1,0.5150389225784315
2026-03-03 20:10:00+00:00,1,0.5298138600335074
2026-03-03 20:15:00+00:00,1,0.5346659516051964
2026-03-03 20:20:00+00:00,0,0.5367199781237241
2026-03-03 20:25:00+00:00,0,0.5323130575863444
2026-03-03 20:30:00+00:00,0,0.5333837532508965
2026-03-03 20:35:00+00:00,0,0.5133614484832181
2026-03-03 20:40:00+00:00,0,0.5172597970309282
2026-03-03 20:45:00+00:00,0,0.5029422660226209
2026-03-03 20:50:00+00:00,0,0.49732169372812984
2026-03-03 20:55:00+00:00,0,0.5013757983416882
2026-03-03 21:00:00+00:00,1,0.520647138808482
2026-03-03 21:05:00+00:00,1,0.52285564402041
2026-03-03 21:10:00+00:00,1,0.5190610583909688
2026-03-03 21:15:00+00:00,1,0.5217850248929634
2026-03-03 21:20:00+00:00,1,0.5105308834875228
2026-03-03 21:25:00+00:00,1,0.5165986514708916
2026-03-03 21:30:00+00:00,1,0.5159063836027127
2026-03-03 21:35:00+00:00,1,0.5194741145686325
2026-03-03 21:40:00+00:00,1,0.5165553597224001
2026-03-03 21:45:00+00:00,1,0.5207964198235117
2026-03-03 21:50:00+00:00,1,0.5194199375474036
2026-03-03 21:55:00+00:00,1,0.5091491761773141
2026-03-03 22:00:00+00:00,1,0.5144503587320317
2026-03-03 22:05:00+00:00,1,0.4879277132906294
2026-03-03 22:10:00+00:00,1,0.5021995414977449
2026-03-03 22:15:00+00:00,1,0.49450454638305125
2026-03-03 22:20:00+00:00,1,0.49707760898494585
2026-03-03 22:25:00+00:00,1,0.4969688117444904
2026-03-03 22:30:00+00:00,1,0.49887520031069127
2026-03-03 22:35:00+00:00,1,0.4862471042112861
2026-03-03 22:40:00+00:00,1,0.4732743243058491
2026-03-03 22:45:00+00:00,1,0.4863848948605024
2026-03-03 22:50:00+00:00,1,0.4908427975237487
2026-03-03 22:55:00+00:00,1,0.5069114872874425
2026-03-03 23:00:00+00:00,1,0.4793747194498931
2026-03-03 23:05:00+00:00,1,0.48342123625223093
2026-03-03 23:10:00+00:00,1,0.48035213745281125
2026-03-03 23:15:00+00:00,1,0.47080396010659725
2026-03-03 23:20:00+00:00,0,0.47309638790513026
2026-03-03 23:25:00+00:00,0,0.49342504416585636
2026-03-03 23:30:00+00:00,1,0.5296377663161507
2026-03-03 23:35:00+00:00,0,0.510341607944801
2026-03-03 23:40:00+00:00,0,0.5052233685337986
2026-03-03 23:45:00+00:00,0,0.5059917254480147
2026-03-03 23:50:00+00:00,0,0.5026003706470664
2026-03-03 23:55:00+00:00,1,0.5002868402845045
2026-03-04 00:00:00+00:00,0,0.4823773518899321
2026-03-04 00:05:00+00:00,0,0.4833841162213344
2026-03-04 00:10:00+00:00,0,0.4820733424526724
2026-03-04 00:15:00+00:00,0,0.48136888305158754
2026-03-04 00:20:00+00:00,0,0.46498994509668873
2026-03-04 00:25:00+00:00,0,0.46129710623629905
2026-03-04 00:30:00+00:00,1,0.49483506498377283
2026-03-04 00:35:00+00:00,1,0.5025853323974621
2026-03-04 00:40:00+00:00,1,0.5164968080851198
2026-03-04 00:45:00+00:00,0,0.5177850965681915
2026-03-04 00:50:00+00:00,1,0.5001068630441035
2026-03-04 00:55:00+00:00,1,0.5035993896448883
2026-03-04 01:00:00+00:00,0,0.4683019807301787
2026-03-04 01:05:00+00:00,1,0.4999345691814895
2026-03-04 01:10:00+00:00,1,0.4986233242399083
2026-03-04 01:15:00+00:00,1,0.5142441517064954
2026-03-04 01:20:00+00:00,1,0.531411190817044
2026-03-04 01:25:00+00:00,1,0.4849485447987003
2026-03-04 01:30:00+00:00,0,0.47778606209558827
2026-03-04 01:35:00+00:00,0,0.48883972394269853
2026-03-04 01:40:00+00:00,0,0.4921719309002888
2026-03-04 01:45:00+00:00,1,0.4985047359829983
2026-03-04 01:50:00+00:00,0,0.5078326730342203
2026-03-04 01:55:00+00:00,0,0.5017295710471867
2026-03-04 02:00:00+00:00,0,0.5129443665853325
2026-03-04 02:05:00+00:00,0,0.5279855576322176
2026-03-04 02:10:00+00:00,0,0.5132896896328448
2026-03-04 02:15:00+00:00,0,0.4855176270429396
2026-03-04 02:20:00+00:00,1,0.509317553924083
2026-03-04 02:25:00+00:00,1,0.5144553561219248
2026-03-04 02:30:00+00:00,1,0.5172008214788236
2026-03-04 02:35:00+00:00,0,0.5248194999701785
2026-03-04 02:40:00+00:00,1,0.5099029850102508
2026-03-04 02:45:00+00:00,0,0.508332710495068
2026-03-04 02:50:00+00:00,0,0.49891480530087906
2026-03-04 02:55:00+00:00,0,0.4933784878947287
2026-03-04 03:00:00+00:00,0,0.5039128526301362
2026-03-04 03:05:00+00:00,0,0.4950456298358529
2026-03-04 03:10:00+00:00,0,0.4912766580011444
2026-03-04 03:15:00+00:00,0,0.500218040440279
2026-03-04 03:20:00+00:00,0,0.4957731156020766
2026-03-04 03:25:00+00:00,0,0.503322743726932
2026-03-04 03:30:00+00:00,0,0.5211987765647894
2026-03-04 03:35:00+00:00,0,0.5247486567089131
2026-03-04 03:40:00+00:00,0,0.5373060062536584
2026-03-04 03:45:00+00:00,0,0.5354102731172553
2026-03-04 03:50:00+00:00,0,0.5316268801166676
2026-03-04 03:55:00+00:00,0,0.5171445241316106
2026-03-04 04:00:00+00:00,0,0.5169884354586163
2026-03-04 04:05:00+00:00,0,0.526744834479115
2026-03-04 04:10:00+00:00,0,0.5163846544385604
2026-03-04 04:15:00+00:00,1,0.5416796853970653
2026-03-04 04:20:00+00:00,1,0.5226747976948611
2026-03-04 04:25:00+00:00,1,0.5214567810093181
2026-03-04 04:30:00+00:00,1,0.5206925730435926
2026-03-04 04:35:00+00:00,1,0.5271847981340367
2026-03-04 04:40:00+00:00,1,0.5174756221912339
2026-03-04 04:45:00+00:00,1,0.5094545508807575
2026-03-04 04:50:00+00:00,0,0.5038947824522402
2026-03-04 04:55:00+00:00,0,0.5039591651933265
2026-03-04 05:00:00+00:00,0,0.5115614951602688
2026-03-04 05:05:00+00:00,1,0.48886416515847547
2026-03-04 05:10:00+00:00,1,0.4911050567612851
2026-03-04 05:15:00+00:00,1,0.48153337996717455
2026-03-04 05:20:00+00:00,1,0.4876014828491006
2026-03-04 05:25:00+00:00,1,0.49387082470388
2026-03-04 05:30:00+00:00,1,0.5040381441935338
2026-03-04 05:35:00+00:00,0,0.48569280821380556
2026-03-04 05:40:00+00:00,0,0.46595895618649513
2026-03-04 05:45:00+00:00,0,0.4552606823368425
2026-03-04 05:50:00+00:00,0,0.4722637043990973
2026-03-04 05:55:00+00:00,0,0.4843431626349761
2026-03-04 06:00:00+00:00,1,0.5136989541516279
2026-03-04 06:05:00+00:00,1,0.51925266947383
2026-03-04 06:10:00+00:00,1,0.537917830521167
2026-03-04 06:15:00+00:00,1,0.540387440793451
2026-03-04 06:20:00+00:00,1,0.5303712173648353
2026-03-04 06:25:00+00:00,1,0.5358353200313771
2026-03-04 06:30:00+00:00,0,0.5059665175249274
2026-03-04 06:35:00+00:00,0,0.495501489993148
2026-03-04 06:40:00+00:00,0,0.4878382637971906
2026-03-04 06:45:00+00:00,1,0.5012067758626104
2026-03-04 06:50:00+00:00,1,0.5023836677845017
2026-03-04 06:55:00+00:00,1,0.5049024297306178
2026-03-04 07:00:00+00:00,1,0.4819504484140862
2026-03-04 07:05:00+00:00,1,0.4587196580824027
2026-03-04 07:10:00+00:00,1,0.47836884441510763
2026-03-04 07:15:00+00:00,1,0.4817741547458358
2026-03-04 07:20:00+00:00,1,0.46871320425739
2026-03-04 07:25:00+00:00,1,0.46589836567927284
2026-03-04 07:30:00+00:00,1,0.468517666140863
2026-03-04 07:35:00+00:00,1,0.46486457526878855
2026-03-04 07:40:00+00:00,1,0.48716182868761326
2026-03-04 07:45:00+00:00,0,0.44318667208032153
2026-03-04 07:50:00+00:00,0,0.4529174939967517
2026-03-04 07:55:00+00:00,0,0.436777756406039
2026-03-04 08:00:00+00:00,1,0.4699822602964986
2026-03-04 08:05:00+00:00,0,0.47355977011747713
2026-03-04 08:10:00+00:00,1,0.4540891368964129
2026-03-04 08:15:00+00:00,1,0.48912287657679
2026-03-04 08:20:00+00:00,1,0.5101367314179922
2026-03-04 08:25:00+00:00,1,0.5056883911386861
2026-03-04 08:30:00+00:00,1,0.49350226107554074
2026-03-04 08:35:00+00:00,1,0.4583135606419216
2026-03-04 08:40:00+00:00,1,0.4737850799476126
2026-03-04 08:45:00+00:00,1,0.5006456063421533
2026-03-04 08:50:00+00:00,1,0.5196099336104233
2026-03-04 08:55:00+00:00,1,0.5119966728694714
2026-03-04 09:00:00+00:00,1,0.5063922987055753
2026-03-04 09:05:00+00:00,1,0.4948940817967338
2026-03-04 09:10:00+00:00,1,0.5009465031241406
2026-03-04 09:15:00+00:00,1,0.5076191955009174
2026-03-04 09:20:00+00:00,1,0.5019585764157024
2026-03-04 09:25:00+00:00,1,0.49584661766045685
2026-03-04 09:30:00+00:00,0,0.4886588764460805
2026-03-04 09:35:00+00:00,0,0.4840460249245134
2026-03-04 09:40:00+00:00,0,0.48795170572281454
2026-03-04 09:45:00+00:00,0,0.4737884709894457
2026-03-04 09:50:00+00:00,0,0.4678072745814311
2026-03-04 09:55:00+00:00,0,0.4568814752679713
2026-03-04 10:00:00+00:00,0,0.4598259662009608
2026-03-04 10:05:00+00:00,0,0.4598748780162722
2026-03-04 10:10:00+00:00,0,0.47091607934230095
2026-03-04 10:15:00+00:00,0,0.480850829640452
2026-03-04 10:20:00+00:00,0,0.5000778041560752
2026-03-04 10:25:00+00:00,0,0.49951667806538574
2026-03-04 10:30:00+00:00,1,0.4903318285592236
2026-03-04 10:35:00+00:00,0,0.4824368612933873
2026-03-04 10:40:00+00:00,1,0.4941180951034004
2026-03-04 10:45:00+00:00,1,0.46689502835631286
2026-03-04 10:50:00+00:00,1,0.48364385853238867
2026-03-04 10:55:00+00:00,0,0.4743048514380635
2026-03-04 11:00:00+00:00,0,0.47042369920000593
2026-03-04 11:05:00+00:00,0,0.5052985647935307
2026-03-04 11:10:00+00:00,0,0.47049373608955924
2026-03-04 11:15:00+00:00,0,0.48586824164814374
2026-03-04 11:20:00+00:00,0,0.5091357827889162
2026-03-04 11:25:00+00:00,0,0.5190616459556655
2026-03-04 11:30:00+00:00,0,0.5014655995413964
2026-03-04 11:35:00+00:00,0,0.49486774145302503
2026-03-04 11:40:00+00:00,0,0.4974559629536328
2026-03-04 11:45:00+00:00,0,0.49831570801261643
2026-03-04 11:50:00+00:00,0,0.5026738079303168
2026-03-04 11:55:00+00:00,0,0.5022051879558029
2026-03-04 12:00:00+00:00,0,0.5305519020242286
2026-03-04 12:05:00+00:00,0,0.5230573966278623
2026-03-04 12:10:00+00:00,0,0.5209761282253104
2026-03-04 12:15:00+00:00,0,0.5342967060452121
2026-03-04 12:20:00+00:00,1,0.5333829646782591
2026-03-04 12:25:00+00:00,1,0.5313101778671222
2026-03-04 12:30:00+00:00,1,0.5300585544852998
2026-03-04 12:35:00+00:00,1,0.5183832339219516
2026-03-04 12:40:00+00:00,1,0.5365681708461961
2026-03-04 12:45:00+00:00,1,0.533251676276712
2026-03-04 12:50:00+00:00,1,0.5269790379179038
2026-03-04 12:55:00+00:00,1,0.5225173328975605
2026-03-04 13:00:00+00:00,1,0.4946633445334227
2026-03-04 13:05:00+00:00,1,0.47473665146922484
2026-03-04 13:10:00+00:00,1,0.49038954014375735
2026-03-04 13:15:00+00:00,1,0.49297685298553456
2026-03-04 13:20:00+00:00,1,0.5014660521681764
2026-03-04 13:25:00+00:00,1,0.4889075396821333
2026-03-04 13:30:00+00:00,1,0.483586888309757
2026-03-04 13:35:00+00:00,1,0.4733439774826068
2026-03-04 13:40:00+00:00,1,0.4720040978773037
2026-03-04 13:45:00+00:00,1,0.4883943343793529
2026-03-04 13:50:00+00:00,0,0.49768454735580675
2026-03-04 13:55:00+00:00,1,0.502986350700306
2026-03-04 14:00:00+00:00,1,0.49628067485735733
2026-03-04 14:05:00+00:00,1,0.47710519458815526
2026-03-04 14:10:00+00:00,0,0.49399926238694597
2026-03-04 14:15:00+00:00,1,0.49733254523833337
2026-03-04 14:20:00+00:00,1,0.5088572109402598
2026-03-04 14:25:00+00:00,1,0.5013193217601034
2026-03-04 14:30:00+00:00,0,0.4826695127342141
2026-03-04 14:35:00+00:00,1,0.5131764642259656
2026-03-04 14:40:00+00:00,1,0.521920407889458
2026-03-04 14:45:00+00:00,1,0.5162543452471331
2026-03-04 14:50:00+00:00,1,0.5099431401601222
2026-03-04 14:55:00+00:00,1,0.49447138390143386
2026-03-04 15:00:00+00:00,1,0.4984048413484898
2026-03-04 15:05:00+00:00,1,0.5060917535342833
2026-03-04 15:10:00+00:00,1,0.5005991551916297
2026-03-04 15:15:00+00:00,1,0.4638736592119946
2026-03-04 15:20:00+00:00,1,0.4721010417517824
2026-03-04 15:25:00+00:00,1,0.5057649775158096
2026-03-04 15:30:00+00:00,1,0.4799160101624283
2026-03-04 15:35:00+00:00,1,0.4631887805113554
2026-03-04 15:40:00+00:00,0,0.4638789948887829
2026-03-04 15:45:00+00:00,0,0.494891705733636
2026-03-04 15:50:00+00:00,0,0.4938879881497754
2026-03-04 15:55:00+00:00,0,0.4917280040273061
2026-03-04 16:00:00+00:00,0,0.4907458203400363
2026-03-04 16:05:00+00:00,0,0.5111215722755852
2026-03-04 16:10:00+00:00,0,0.5248446041622586
2026-03-04 16:15:00+00:00,1,0.5379773686276004
2026-03-04 16:20:00+00:00,1,0.5388157365527937
2026-03-04 16:25:00+00:00,0,0.524839061835685
2026-03-04 16:30:00+00:00,0,0.5396806469743991
2026-03-04 16:35:00+00:00,1,0.5357698224567236
2026-03-04 16:40:00+00:00,1,0.522727793118018
2026-03-04 16:45:00+00:00,0,0.5380326867931563
2026-03-04 16:50:00+00:00,0,0.5295033428806817
2026-03-04 16:55:00+00:00,0,0.5267859058402266
2026-03-04 17:00:00+00:00,0,0.5267157683740415
2026-03-04 17:05:00+00:00,0,0.509928322359165
2026-03-04 17:10:00+00:00,0,0.5018996787265816
2026-03-04 17:15:00+00:00,1,0.5167976885680083
2026-03-04 17:20:00+00:00,1,0.5141099980753928
2026-03-04 17:25:00+00:00,1,0.5190206292935727
2026-03-04 17:30:00+00:00,1,0.5073825116270417
2026-03-04 17:35:00+00:00,1,0.5003567151151644
2026-03-04 17:40:00+00:00,1,0.507672932823584
2026-03-04 17:45:00+00:00,1,0.4856012656046146
2026-03-04 17:50:00+00:00,1,0.49745397143028325
2026-03-04 17:55:00+00:00,1,0.5145018023131154
2026-03-04 18:00:00+00:00,1,0.49152012385320687
2026-03-04 18:05:00+00:00,1,0.48051972159497086
2026-03-04 18:10:00+00:00,1,0.4988852033983289
2026-03-04 18:15:00+00:00,1,0.48991286747158286
2026-03-04 18:20:00+00:00,1,0.46105862447741974
2026-03-04 18:25:00+00:00,1,0.45974532326390394
2026-03-04 18:30:00+00:00,1,0.49714534290399226
2026-03-04 18:35:00+00:00,1,0.49247811995638024
2026-03-04 18:40:00+00:00,1,0.47839167646962893
2026-03-04 18:45:00+00:00,1,0.47412013892801674
2026-03-04 18:50:00+00:00,1,0.4794734743602566
2026-03-04 18:55:00+00:00,1,0.4658987711519524
2026-03-04 19:00:00+00:00,1,0.4730247413769342
2026-03-04 19:05:00+00:00,1,0.47492854340654417
2026-03-04 19:10:00+00:00,1,0.46800849652373777
2026-03-04 19:15:00+00:00,1,0.46174642633162655
2026-03-04 19:20:00+00:00,1,0.4773792875229624
2026-03-04 19:25:00+00:00,1,0.4751051817345559
2026-03-04 19:30:00+00:00,1,0.4816757204352817
2026-03-04 19:35:00+00:00,0,0.4629455584978509
2026-03-04 19:40:00+00:00,0,0.4657371826010745
2026-03-04 19:45:00+00:00,0,0.4707081896964466
2026-03-04 19:50:00+00:00,0,0.46699849820308553
2026-03-04 19:55:00+00:00,1,0.46370880889149074
2026-03-04 20:00:00+00:00,1,0.4998327159707942
2026-03-04 20:05:00+00:00,1,0.49539889843192425
2026-03-04 20:10:00+00:00,1,0.5049559367908351
2026-03-04 20:15:00+00:00,1,0.5137277424222578
2026-03-04 20:20:00+00:00,0,0.5061801729332615
2026-03-04 20:25:00+00:00,0,0.5174599350763915
2026-03-04 20:30:00+00:00,0,0.515475994046119
2026-03-04 20:35:00+00:00,0,0.5128805090670996
2026-03-04 20:40:00+00:00,0,0.49873773716029396
2026-03-04 20:45:00+00:00,0,0.5061908760103313
2026-03-04 20:50:00+00:00,0,0.5032380262281503
2026-03-04 20:55:00+00:00,0,0.487300090676533
2026-03-04 21:00:00+00:00,0,0.5017357606972723
2026-03-04 21:05:00+00:00,0,0.5082353989893096
2026-03-04 21:10:00+00:00,0,0.5038973396602511
2026-03-04 21:15:00+00:00,0,0.5265317879226108
2026-03-04 21:20:00+00:00,0,0.5146267693611134
2026-03-04 21:25:00+00:00,0,0.5101301822801902
2026-03-04 21:30:00+00:00,1,0.526056282838052
2026-03-04 21:35:00+00:00,1,0.516176902468228
2026-03-04 21:40:00+00:00,1,0.5276626356103968
2026-03-04 21:45:00+00:00,0,0.5318383990138164
2026-03-04 21:50:00+00:00,1,0.526647604488367
2026-03-04 21:55:00+00:00,0,0.5223202019868973
2026-03-04 22:00:00+00:00,0,0.5184830841429969
2026-03-04 22:05:00+00:00,0,0.5094966304148824
2026-03-04 22:10:00+00:00,0,0.5171140187218226
2026-03-04 22:15:00+00:00,0,0.5220645967824079
2026-03-04 22:20:00+00:00,0,0.5192697196262678
2026-03-04 22:25:00+00:00,0,0.5259676944838082
2026-03-04 22:30:00+00:00,0,0.5095461189420442
2026-03-04 22:35:00+00:00,0,0.5093474058290884
2026-03-04 22:40:00+00:00,0,0.5171998946840268
2026-03-04 22:45:00+00:00,0,0.5158591201212008
2026-03-04 22:50:00+00:00,0,0.5212729983409802
2026-03-04 22:55:00+00:00,0,0.5286369028088486
2026-03-04 23:00:00+00:00,0,0.5330549716368561
2026-03-04 23:05:00+00:00,0,0.5338535099766024
2026-03-04 23:10:00+00:00,0,0.5338628589955344
2026-03-04 23:15:00+00:00,1,0.543672576733329
2026-03-04 23:20:00+00:00,1,0.5536370828115804
2026-03-04 23:25:00+00:00,1,0.5449407567452361
2026-03-04 23:30:00+00:00,1,0.5320497937767992
2026-03-04 23:35:00+00:00,0,0.5093073619549304
2026-03-04 23:40:00+00:00,0,0.5310579611753757
2026-03-04 23:45:00+00:00,1,0.5353154484396444
2026-03-04 23:50:00+00:00,1,0.540433734737731
2026-03-04 23:55:00+00:00,1,0.5372314445499232
2026-03-05 00:00:00+00:00,0,0.5375127470154198
2026-03-05 00:05:00+00:00,1,0.5334521443941465
2026-03-05 00:10:00+00:00,1,0.5376042476028166
2026-03-05 00:15:00+00:00,0,0.5251665113584572
2026-03-05 00:20:00+00:00,0,0.519310892904016
2026-03-05 00:25:00+00:00,0,0.539161333190087
2026-03-05 00:30:00+00:00,0,0.5186399870333002
2026-03-05 00:35:00+00:00,1,0.5222659265222774
2026-03-05 00:40:00+00:00,1,0.5084386075924567
2026-03-05 00:45:00+00:00,0,0.5098060578708565
2026-03-05 00:50:00+00:00,0,0.515079656301745
2026-03-05 00:55:00+00:00,0,0.5162558825648786
2026-03-05 01:00:00+00:00,0,0.5224111681092337
2026-03-05 01:05:00+00:00,0,0.5297307585226296
2026-03-05 01:10:00+00:00,0,0.5332304403332216
2026-03-05 01:15:00+00:00,0,0.5177978332903437
2026-03-05 01:20:00+00:00,0,0.5239607919384512
2026-03-05 01:25:00+00:00,0,0.5245782495320989
2026-03-05 01:30:00+00:00,0,0.5323914292481382
2026-03-05 01:35:00+00:00,1,0.5310514684369829
2026-03-05 01:40:00+00:00,1,0.5332059371718741
2026-03-05 01:45:00+00:00,1,0.52630359928097
2026-03-05 01:50:00+00:00,1,0.5272010672059161
2026-03-05 01:55:00+00:00,1,0.5106835549648934
2026-03-05 02:00:00+00:00,0,0.5188443225303085
2026-03-05 02:05:00+00:00,0,0.5417425115610335
2026-03-05 02:10:00+00:00,0,0.5361969641063814
2026-03-05 02:15:00+00:00,0,0.5294557450647057
2026-03-05 02:20:00+00:00,0,0.5239540632250175
2026-03-05 02:25:00+00:00,0,0.5305183744457593
2026-03-05 02:30:00+00:00,1,0.541025219263429
2026-03-05 02:35:00+00:00,1,0.5339017529116652
2026-03-05 02:40:00+00:00,1,0.5318809087863072
2026-03-05 02:45:00+00:00,0,0.5252880832103785
2026-03-05 02:50:00+00:00,0,0.5276281039376822
2026-03-05 02:55:00+00:00,0,0.5274027221709228
2026-03-05 03:00:00+00:00,0,0.517116866953704
2026-03-05 03:05:00+00:00,0,0.5246074638886788
2026-03-05 03:10:00+00:00,0,0.524237937348773
2026-03-05 03:15:00+00:00,0,0.516492840573603
2026-03-05 03:20:00+00:00,0,0.5023714244017135
2026-03-05 03:25:00+00:00,0,0.505580814492224
2026-03-05 03:30:00+00:00,1,0.5169452816099915
2026-03-05 03:35:00+00:00,1,0.5377855535017342
2026-03-05 03:40:00+00:00,1,0.5411439519175665
2026-03-05 03:45:00+00:00,1,0.541400541888814
2026-03-05 03:50:00+00:00,1,0.523885612748773
2026-03-05 03:55:00+00:00,1,0.5247814822318727
2026-03-05 04:00:00+00:00,1,0.5015381895300363
2026-03-05 04:05:00+00:00,1,0.5021951510650393
2026-03-05 04:10:00+00:00,1,0.5047164723131227
2026-03-05 04:15:00+00:00,1,0.5183726792743918
2026-03-05 04:20:00+00:00,1,0.5233823281586781
2026-03-05 04:25:00+00:00,1,0.5115529902500968
2026-03-05 04:30:00+00:00,1,0.5174668631796268
2026-03-05 04:35:00+00:00,1,0.5218816353948516
2026-03-05 04:40:00+00:00,1,0.509635186507218
2026-03-05 04:45:00+00:00,0,0.5156631223070083
2026-03-05 04:50:00+00:00,0,0.5231887514103584
2026-03-05 04:55:00+00:00,0,0.5142816329491816
2026-03-05 05:00:00+00:00,0,0.5089388622773283
2026-03-05 05:05:00+00:00,0,0.5131289595846649
2026-03-05 05:10:00+00:00,0,0.5179223400271035
2026-03-05 05:15:00+00:00,0,0.5174178577245613
2026-03-05 05:20:00+00:00,1,0.4962171969788044
2026-03-05 05:25:00+00:00,1,0.5044772772281629
2026-03-05 05:30:00+00:00,1,0.49643564737556295
2026-03-05 05:35:00+00:00,0,0.5024656372710726
2026-03-05 05:40:00+00:00,0,0.50598058101539
2026-03-05 05:45:00+00:00,1,0.5052977388353079
2026-03-05 05:50:00+00:00,1,0.504315587424569
2026-03-05 05:55:00+00:00,1,0.5089464527279766
2026-03-05 06:00:00+00:00,1,0.5225513128796806
2026-03-05 06:05:00+00:00,1,0.5470304093695655
2026-03-05 06:10:00+00:00,1,0.5392796425927646
2026-03-05 06:15:00+00:00,1,0.5327514788257861
2026-03-05 06:20:00+00:00,1,0.5183273076638463
2026-03-05 06:25:00+00:00,1,0.5115737888151346
2026-03-05 06:30:00+00:00,1,0.5226747412323862
2026-03-05 06:35:00+00:00,1,0.5130514884031774
2026-03-05 06:40:00+00:00,1,0.5122454168865308
2026-03-05 06:45:00+00:00,1,0.5105021541551289
2026-03-05 06:50:00+00:00,1,0.5055842540564923
2026-03-05 06:55:00+00:00,1,0.49141613961159364
2026-03-05 07:00:00+00:00,0,0.49571380265168846
2026-03-05 07:05:00+00:00,0,0.5024672553863434
2026-03-05 07:10:00+00:00,0,0.49408666427687203
2026-03-05 07:15:00+00:00,0,0.4828822509983427
2026-03-05 07:20:00+00:00,0,0.48838156576926584
2026-03-05 07:25:00+00:00,0,0.484579710715904
2026-03-05 07:30:00+00:00,0,0.4881521857730606
2026-03-05 07:35:00+00:00,0,0.4875261099211395
2026-03-05 07:40:00+00:00,0,0.4905572524521543
2026-03-05 07:45:00+00:00,0,0.49642727413470134
2026-03-05 07:50:00+00:00,1,0.502459017708064
2026-03-05 07:55:00+00:00,0,0.474922888464749
2026-03-05 08:00:00+00:00,1,0.49043350269779584
2026-03-05 08:05:00+00:00,1,0.48582510093505943
2026-03-05 08:10:00+00:00,1,0.4831826098848231
2026-03-05 08:15:00+00:00,1,0.4743000097969993
2026-03-05 08:20:00+00:00,1,0.4936583702852089
2026-03-05 08:25:00+00:00,1,0.46140718072242526
2026-03-05 08:30:00+00:00,1,0.47456306234241075
2026-03-05 08:35:00+00:00,1,0.4795912040121666
2026-03-05 08:40:00+00:00,1,0.49005291740236434
2026-03-05 08:45:00+00:00,1,0.4802215813672798
2026-03-05 08:50:00+00:00,1,0.484771688904974
2026-03-05 08:55:00+00:00,1,0.4862395453474875
2026-03-05 09:00:00+00:00,1,0.4807119304369234
2026-03-05 09:05:00+00:00,1,0.4718765647383407
2026-03-05 09:10:00+00:00,0,0.45502393683763775
2026-03-05 09:15:00+00:00,1,0.44715661145048324
2026-03-05 09:20:00+00:00,0,0.44444050540176105
2026-03-05 09:25:00+00:00,0,0.4616005963051162
2026-03-05 09:30:00+00:00,0,0.45105979570149835
2026-03-05 09:35:00+00:00,1,0.47278724391854854
2026-03-05 09:40:00+00:00,1,0.4847628368831984
2026-03-05 09:45:00+00:00,1,0.48534366483014874
2026-03-05 09:50:00+00:00,1,0.47691019582965793
2026-03-05 09:55:00+00:00,1,0.49005465934087183
2026-03-05 10:00:00+00:00,1,0.502941836038372
2026-03-05 10:05:00+00:00,1,0.5129278679327802
2026-03-05 10:10:00+00:00,1,0.5055384195564641
2026-03-05 10:15:00+00:00,1,0.4853705280327216
2026-03-05 10:20:00+00:00,1,0.4951200011770915
2026-03-05 10:25:00+00:00,1,0.4673117246902643
2026-03-05 10:30:00+00:00,0,0.4805802936234352
2026-03-05 10:35:00+00:00,0,0.49813609511014423
2026-03-05 10:40:00+00:00,1,0.4990094160187711
2026-03-05 10:45:00+00:00,0,0.49550753212412385
2026-03-05 10:50:00+00:00,0,0.4996932265462553
2026-03-05 10:55:00+00:00,0,0.4967818938957539
2026-03-05 11:00:00+00:00,0,0.48315268534467715
2026-03-05 11:05:00+00:00,0,0.48316124731125526
2026-03-05 11:10:00+00:00,0,0.48266834295948796
2026-03-05 11:15:00+00:00,0,0.48630779583984124
2026-03-05 11:20:00+00:00,0,0.5172054667534005
2026-03-05 11:25:00+00:00,0,0.5111662134206342
2026-03-05 11:30:00+00:00,0,0.5144300864850355
2026-03-05 11:35:00+00:00,1,0.49143628706629644
2026-03-05 11:40:00+00:00,1,0.4923482109246363
2026-03-05 11:45:00+00:00,0,0.49460790365869745
2026-03-05 11:50:00+00:00,0,0.5027980739593608
2026-03-05 11:55:00+00:00,0,0.5051571218586958
2026-03-05 12:00:00+00:00,1,0.5137332490449561
2026-03-05 12:05:00+00:00,0,0.5181867950137212
2026-03-05 12:10:00+00:00,1,0.5219306063782642
2026-03-05 12:15:00+00:00,1,0.5222673946545453
2026-03-05 12:20:00+00:00,1,0.5226851980728406
2026-03-05 12:25:00+00:00,1,0.5242056050479755
2026-03-05 12:30:00+00:00,0,0.5220465041970596
2026-03-05 12:35:00+00:00,0,0.5092781999849431
2026-03-05 12:40:00+00:00,0,0.49958986838620273
2026-03-05 12:45:00+00:00,0,0.4720788981142014
2026-03-05 12:50:00+00:00,0,0.4926719558894734
2026-03-05 12:55:00+00:00,0,0.4802797779449341
2026-03-05 13:00:00+00:00,0,0.5285401083781501
2026-03-05 13:05:00+00:00,0,0.5160120782312213
2026-03-05 13:10:00+00:00,0,0.5294169424686216
2026-03-05 13:15:00+00:00,0,0.5164266811652777
2026-03-05 13:20:00+00:00,0,0.5291196583907074
2026-03-05 13:25:00+00:00,0,0.5146978164910463
2026-03-05 13:30:00+00:00,1,0.48712553474546855
2026-03-05 13:35:00+00:00,1,0.48866497816308163
2026-03-05 13:40:00+00:00,1,0.49181096006039887
2026-03-05 13:45:00+00:00,0,0.4958716690497358
2026-03-05 13:50:00+00:00,0,0.4950864870907158
2026-03-05 13:55:00+00:00,0,0.509356059362421
2026-03-05 14:00:00+00:00,1,0.48959055451491224
2026-03-05 14:05:00+00:00,0,0.5048395087238833
2026-03-05 14:10:00+00:00,0,0.5001610995102135
2026-03-05 14:15:00+00:00,0,0.5147716442764181
2026-03-05 14:20:00+00:00,0,0.5199923828580619
2026-03-05 14:25:00+00:00,1,0.5233349056643152
2026-03-05 14:30:00+00:00,0,0.5125835384110806
2026-03-05 14:35:00+00:00,0,0.518654349368916
2026-03-05 14:40:00+00:00,0,0.5301035297007823
2026-03-05 14:45:00+00:00,0,0.5009978651952186
2026-03-05 14:50:00+00:00,0,0.5100502576350541
2026-03-05 14:55:00+00:00,0,0.4934497874844778
2026-03-05 15:00:00+00:00,0,0.4755355160241758
2026-03-05 15:05:00+00:00,0,0.5134897332980649
2026-03-05 15:10:00+00:00,0,0.5126630036214347
2026-03-05 15:15:00+00:00,0,0.4905837275846731
2026-03-05 15:20:00+00:00,1,0.47741765993088564
2026-03-05 15:25:00+00:00,1,0.49259943755964886
2026-03-05 15:30:00+00:00,1,0.49442772173869853
2026-03-05 15:35:00+00:00,0,0.4827423047414017
2026-03-05 15:40:00+00:00,0,0.47213475376127617
2026-03-05 15:45:00+00:00,0,0.501070161319699
2026-03-05 15:50:00+00:00,0,0.5167843849307296
2026-03-05 15:55:00+00:00,0,0.5162518810165757
2026-03-05 16:00:00+00:00,0,0.5165773447275985
2026-03-05 16:05:00+00:00,1,0.5126461539290177
2026-03-05 16:10:00+00:00,1,0.47948941966713354
2026-03-05 16:15:00+00:00,1,0.4745014272638515
2026-03-05 16:20:00+00:00,1,0.4886354196452025
2026-03-05 16:25:00+00:00,1,0.4990489871059178
2026-03-05 16:30:00+00:00,1,0.5164077476901694
2026-03-05 16:35:00+00:00,0,0.5238337464924895
2026-03-05 16:40:00+00:00,0,0.5187759703323582
2026-03-05 16:45:00+00:00,0,0.510130600791691
2026-03-05 16:50:00+00:00,0,0.5135810185376048
2026-03-05 16:55:00+00:00,0,0.4986863978672133
2026-03-05 17:00:00+00:00,0,0.4746234453812036
2026-03-05 17:05:00+00:00,0,0.5042296278220305
2026-03-05 17:10:00+00:00,0,0.5143205725678214
2026-03-05 17:15:00+00:00,0,0.5165663239746539
2026-03-05 17:20:00+00:00,0,0.514927720646145
2026-03-05 17:25:00+00:00,0,0.5228790073712448
2026-03-05 17:30:00+00:00,1,0.5158093580720727
2026-03-05 17:35:00+00:00,0,0.5224456908037184
2026-03-05 17:40:00+00:00,0,0.515501475308981
2026-03-05 17:45:00+00:00,1,0.5175974108942316
2026-03-05 17:50:00+00:00,1,0.5149285007380615
2026-03-05 17:55:00+00:00,1,0.5245997652221753
2026-03-05 18:00:00+00:00,1,0.5351755374096266
2026-03-05 18:05:00+00:00,1,0.5304881948801209
2026-03-05 18:10:00+00:00,1,0.5029290044011526
2026-03-05 18:15:00+00:00,1,0.4770221535513879
2026-03-05 18:20:00+00:00,1,0.47204579002762653
2026-03-05 18:25:00+00:00,1,0.46589094328457314
2026-03-05 18:30:00+00:00,1,0.4495450364697374
2026-03-05 18:35:00+00:00,1,0.45109674662142685
2026-03-05 18:40:00+00:00,1,0.45035258205507317
2026-03-05 18:45:00+00:00,1,0.4695866344930607
2026-03-05 18:50:00+00:00,1,0.48332736836789136
2026-03-05 18:55:00+00:00,1,0.4841658112813234
2026-03-05 19:00:00+00:00,0,0.4724819395814483
2026-03-05 19:05:00+00:00,0,0.4857700206540681
2026-03-05 19:10:00+00:00,0,0.4848647939850127
2026-03-05 19:15:00+00:00,0,0.5058103137178743
2026-03-05 19:20:00+00:00,0,0.4979073617856451
2026-03-05 19:25:00+00:00,0,0.5083048135384737
2026-03-05 19:30:00+00:00,0,0.5129228923226417
2026-03-05 19:35:00+00:00,1,0.5171910336156053
2026-03-05 19:40:00+00:00,1,0.5280547505592881
2026-03-05 19:45:00+00:00,1,0.5094072225565138
2026-03-05 19:50:00+00:00,1,0.5100688758478077
2026-03-05 19:55:00+00:00,1,0.49384336548332347
2026-03-05 20:00:00+00:00,1,0.5102762193054744
2026-03-05 20:05:00+00:00,1,0.5228998637917397
2026-03-05 20:10:00+00:00,1,0.5135953224105656
2026-03-05 20:15:00+00:00,0,0.517436121789466
2026-03-05 20:20:00+00:00,0,0.5148019440080575
2026-03-05 20:25:00+00:00,0,0.4995011981113973
2026-03-05 20:30:00+00:00,1,0.5081767086043927
2026-03-05 20:35:00+00:00,1,0.5207838019650316
2026-03-05 20:40:00+00:00,1,0.522903002975351
2026-03-05 20:45:00+00:00,1,0.519669746851498
2026-03-05 20:50:00+00:00,1,0.5309899334381131
2026-03-05 20:55:00+00:00,1,0.511830335061568
2026-03-05 21:00:00+00:00,0,0.5175072562611037
2026-03-05 21:05:00+00:00,0,0.5215563336506357
2026-03-05 21:10:00+00:00,0,0.518955793066443
2026-03-05 21:15:00+00:00,0,0.5040296013457113
2026-03-05 21:20:00+00:00,0,0.5132152502717293
2026-03-05 21:25:00+00:00,0,0.5081864714963519
2026-03-05 21:30:00+00:00,0,0.5097680740850491
2026-03-05 21:35:00+00:00,0,0.4963177319632313
2026-03-05 21:40:00+00:00,0,0.5044031195416292
2026-03-05 21:45:00+00:00,0,0.5007297841716069
2026-03-05 21:50:00+00:00,1,0.49006645136601407
2026-03-05 21:55:00+00:00,0,0.49621209386050313
2026-03-05 22:00:00+00:00,1,0.5020986859323145
2026-03-05 22:05:00+00:00,1,0.5075252848652008
2026-03-05 22:10:00+00:00,1,0.5032342242897906
2026-03-05 22:15:00+00:00,1,0.5025698188935334
2026-03-05 22:20:00+00:00,1,0.5073996399543442
2026-03-05 22:25:00+00:00,1,0.500958113058715
2026-03-05 22:30:00+00:00,0,0.4923472153704051
2026-03-05 22:35:00+00:00,0,0.4906756302427904
2026-03-05 22:40:00+00:00,0,0.4905249179090635
2026-03-05 22:45:00+00:00,0,0.4869134562328517
2026-03-05 22:50:00+00:00,0,0.49508129365588627
2026-03-05 22:55:00+00:00,0,0.5098836200021271
2026-03-05 23:00:00+00:00,0,0.5039708423302541
2026-03-05 23:05:00+00:00,0,0.5083415909022436
2026-03-05 23:10:00+00:00,0,0.4965700381617278
2026-03-05 23:15:00+00:00,0,0.49117721172155326
2026-03-05 23:20:00+00:00,0,0.4885565388857938
2026-03-05 23:25:00+00:00,0,0.47622596085260827
2026-03-05 23:30:00+00:00,1,0.49732115058691373
2026-03-05 23:35:00+00:00,0,0.5090166217801437
2026-03-05 23:40:00+00:00,1,0.5028145718275596
2026-03-05 23:45:00+00:00,1,0.5047369180763149
2026-03-05 23:50:00+00:00,1,0.5039699484410493
2026-03-05 23:55:00+00:00,1,0.5060694873988674
2026-03-06 00:00:00+00:00,0,0.49408720735771183
2026-03-06 00:05:00+00:00,1,0.49040932977889196
2026-03-06 00:10:00+00:00,0,0.48785067551119915
2026-03-06 00:15:00+00:00,0,0.4965582137438555
2026-03-06 00:20:00+00:00,0,0.49988948716816295
2026-03-06 00:25:00+00:00,1,0.5058057201364775
2026-03-06 00:30:00+00:00,0,0.512190014045516
2026-03-06 00:35:00+00:00,0,0.507373675937553
2026-03-06 00:40:00+00:00,0,0.5117400514819164
2026-03-06 00:45:00+00:00,0,0.5151146240592986
2026-03-06 00:50:00+00:00,0,0.5096007993050665
2026-03-06 00:55:00+00:00,0,0.5025556519257393
2026-03-06 01:00:00+00:00,1,0.5311626889441082
2026-03-06 01:05:00+00:00,1,0.5033614192896565
2026-03-06 01:10:00+00:00,1,0.5272749091113417
2026-03-06 01:15:00+00:00,1,0.5344783322378308
2026-03-06 01:20:00+00:00,1,0.5269637722356093
2026-03-06 01:25:00+00:00,1,0.5430307085743085
2026-03-06 01:30:00+00:00,0,0.5069753864129684
2026-03-06 01:35:00+00:00,0,0.5176443808124078
2026-03-06 01:40:00+00:00,1,0.5243410516450188
2026-03-06 01:45:00+00:00,0,0.5105716247285491
2026-03-06 01:50:00+00:00,0,0.5168676650815841
2026-03-06 01:55:00+00:00,0,0.5244160322949214
2026-03-06 02:00:00+00:00,0,0.5408222817473111
2026-03-06 02:05:00+00:00,0,0.5424628887857246
2026-03-06 02:10:00+00:00,0,0.5326519992847087
2026-03-06 02:15:00+00:00,0,0.5273348843324662
2026-03-06 02:20:00+00:00,0,0.5152070680121423
2026-03-06 02:25:00+00:00,0,0.5268243027216671
2026-03-06 02:30:00+00:00,1,0.5265068842794762
2026-03-06 02:35:00+00:00,0,0.526159472095742
2026-03-06 02:40:00+00:00,0,0.5318341728049111
2026-03-06 02:45:00+00:00,0,0.5219659338924287
2026-03-06 02:50:00+00:00,1,0.5301628119025792
2026-03-06 02:55:00+00:00,1,0.5283961308714646
2026-03-06 03:00:00+00:00,1,0.5022681815686532
2026-03-06 03:05:00+00:00,0,0.5140822060274163
2026-03-06 03:10:00+00:00,1,0.5276577960028184
2026-03-06 03:15:00+00:00,1,0.5196333550693848
2026-03-06 03:20:00+00:00,0,0.5053736024111157
2026-03-06 03:25:00+00:00,0,0.5203322415202674
2026-03-06 03:30:00+00:00,0,0.519305017479753
2026-03-06 03:35:00+00:00,1,0.5127287284549491
2026-03-06 03:40:00+00:00,0,0.5077635618300982
2026-03-06 03:45:00+00:00,1,0.5081267288351682
2026-03-06 03:50:00+00:00,1,0.5023977103300019
2026-03-06 03:55:00+00:00,1,0.5120989758635268
2026-03-06 04:00:00+00:00,1,0.5235177509293532
2026-03-06 04:05:00+00:00,0,0.5187140018866666
2026-03-06 04:10:00+00:00,0,0.5297339946639015
2026-03-06 04:15:00+00:00,0,0.5277670638233989
2026-03-06 04:20:00+00:00,0,0.507203602165418
2026-03-06 04:25:00+00:00,0,0.5200536950405946
2026-03-06 04:30:00+00:00,0,0.5177156827219278
2026-03-06 04:35:00+00:00,0,0.5094592565557542
2026-03-06 04:40:00+00:00,1,0.5178950588098136
2026-03-06 04:45:00+00:00,1,0.5201560049393993
2026-03-06 04:50:00+00:00,0,0.5166965147706118
2026-03-06 04:55:00+00:00,0,0.5125716530658357
2026-03-06 05:00:00+00:00,0,0.5098617212188873
2026-03-06 05:05:00+00:00,0,0.5201379065134376
2026-03-06 05:10:00+00:00,0,0.5239166712899838
2026-03-06 05:15:00+00:00,0,0.5210597621181393
2026-03-06 05:20:00+00:00,0,0.5300994707893871
2026-03-06 05:25:00+00:00,0,0.524467418578778
2026-03-06 05:30:00+00:00,1,0.5308746500029902
2026-03-06 05:35:00+00:00,1,0.5456706801637654
2026-03-06 05:40:00+00:00,1,0.5345444280755371
2026-03-06 05:45:00+00:00,1,0.55266323226499
2026-03-06 05:50:00+00:00,1,0.5330135339173665
2026-03-06 05:55:00+00:00,0,0.5253361309756848
2026-03-06 06:00:00+00:00,1,0.523478899376764
2026-03-06 06:05:00+00:00,1,0.5305960150588442
2026-03-06 06:10:00+00:00,1,0.536291978588389
2026-03-06 06:15:00+00:00,1,0.5393102426224181
2026-03-06 06:20:00+00:00,1,0.5250329606034149
2026-03-06 06:25:00+00:00,1,0.5354140111072382
2026-03-06 06:30:00+00:00,1,0.5344206480176725
2026-03-06 06:35:00+00:00,1,0.5219057369416163
2026-03-06 06:40:00+00:00,0,0.5195460297609004
2026-03-06 06:45:00+00:00,0,0.52555915132645
2026-03-06 06:50:00+00:00,1,0.5521936768201058
2026-03-06 06:55:00+00:00,1,0.552576472782638
2026-03-06 07:00:00+00:00,1,0.5281650351326697
2026-03-06 07:05:00+00:00,1,0.5190968093468549
2026-03-06 07:10:00+00:00,1,0.5146557581088557
2026-03-06 07:15:00+00:00,1,0.5167726976035817
2026-03-06 07:20:00+00:00,1,0.5126880406280083
2026-03-06 07:25:00+00:00,1,0.49030086326695227
2026-03-06 07:30:00+00:00,0,0.4978042657310895
2026-03-06 07:35:00+00:00,0,0.4953764385462923
2026-03-06 07:40:00+00:00,0,0.5013223883114936
2026-03-06 07:45:00+00:00,0,0.49679301683528015
2026-03-06 07:50:00+00:00,0,0.498743474217641
2026-03-06 07:55:00+00:00,0,0.5083093838463453
2026-03-06 08:00:00+00:00,1,0.4969582771541744
2026-03-06 08:05:00+00:00,0,0.50745822005977
2026-03-06 08:10:00+00:00,1,0.5011819039492025
2026-03-06 08:15:00+00:00,0,0.4933268518634821
2026-03-06 08:20:00+00:00,0,0.5076559065962685
2026-03-06 08:25:00+00:00,0,0.5126394479696084
2026-03-06 08:30:00+00:00,1,0.5117872686572594
2026-03-06 08:35:00+00:00,0,0.49159350264423074
2026-03-06 08:40:00+00:00,0,0.4888985650440203
2026-03-06 08:45:00+00:00,0,0.49593911781162703
2026-03-06 08:50:00+00:00,0,0.5010762491741658
2026-03-06 08:55:00+00:00,0,0.4967069188041202
2026-03-06 09:00:00+00:00,0,0.4977447233461412
2026-03-06 09:05:00+00:00,0,0.5057275385891432
2026-03-06 09:10:00+00:00,0,0.5121452075279398
2026-03-06 09:15:00+00:00,0,0.5013003906122475
2026-03-06 09:20:00+00:00,0,0.518773879867208
2026-03-06 09:25:00+00:00,1,0.5245912876448009
2026-03-06 09:30:00+00:00,1,0.5136801049086842
2026-03-06 09:35:00+00:00,1,0.5229544379021808
2026-03-06 09:40:00+00:00,1,0.5046753883882691
2026-03-06 09:45:00+00:00,1,0.5139957086576289
2026-03-06 09:50:00+00:00,1,0.4991697712164476
2026-03-06 09:55:00+00:00,1,0.52061172426847
2026-03-06 10:00:00+00:00,1,0.5220138425295043
2026-03-06 10:05:00+00:00,0,0.5233154849022851
2026-03-06 10:10:00+00:00,0,0.5197100475973071
2026-03-06 10:15:00+00:00,0,0.5184478836050255
2026-03-06 10:20:00+00:00,1,0.5149179751438997
2026-03-06 10:25:00+00:00,0,0.5152196621060682
2026-03-06 10:30:00+00:00,0,0.511169957070774
2026-03-06 10:35:00+00:00,1,0.5179956281032645
2026-03-06 10:40:00+00:00,1,0.5185643554381202
2026-03-06 10:45:00+00:00,1,0.5141761649593669
2026-03-06 10:50:00+00:00,0,0.5171026144806521
2026-03-06 10:55:00+00:00,1,0.5173550746468101
2026-03-06 11:00:00+00:00,1,0.5391828024012216
2026-03-06 11:05:00+00:00,1,0.5210470996339126
2026-03-06 11:10:00+00:00,0,0.5166334316325033
2026-03-06 11:15:00+00:00,0,0.5191963098704233
2026-03-06 11:20:00+00:00,0,0.5234952032887357
2026-03-06 11:25:00+00:00,0,0.5196201586187917
2026-03-06 11:30:00+00:00,0,0.5063515685611797
2026-03-06 11:35:00+00:00,0,0.49849927051671405
2026-03-06 11:40:00+00:00,0,0.5097130777070307
2026-03-06 11:45:00+00:00,0,0.528472547255101
2026-03-06 11:50:00+00:00,0,0.5012769897620524
2026-03-06 11:55:00+00:00,0,0.5043231797374178
2026-03-06 12:00:00+00:00,0,0.5179250523212457
2026-03-06 12:05:00+00:00,0,0.52225489293131
2026-03-06 12:10:00+00:00,0,0.5146232757807311
2026-03-06 12:15:00+00:00,0,0.5114237984877712
2026-03-06 12:20:00+00:00,0,0.5060373440176456
2026-03-06 12:25:00+00:00,0,0.5155969784544131
2026-03-06 12:30:00+00:00,1,0.4895364943709529
2026-03-06 12:35:00+00:00,1,0.5122060389438299
2026-03-06 12:40:00+00:00,1,0.5039710912614206
2026-03-06 12:45:00+00:00,1,0.5150725338499914
2026-03-06 12:50:00+00:00,1,0.5080214291440267
2026-03-06 12:55:00+00:00,1,0.5500591097201958
2026-03-06 13:00:00+00:00,1,0.536330001653446
2026-03-06 13:05:00+00:00,1,0.5259867100838143
2026-03-06 13:10:00+00:00,1,0.5252353734719254
2026-03-06 13:15:00+00:00,1,0.5298340093640617
2026-03-06 13:20:00+00:00,1,0.5264409967510313
2026-03-06 13:25:00+00:00,0,0.5312417599165801
2026-03-06 13:30:00+00:00,0,0.4972839906904585
2026-03-06 13:35:00+00:00,0,0.4994633695437096
2026-03-06 13:40:00+00:00,0,0.4867677196508097
2026-03-06 13:45:00+00:00,0,0.5046076354161265
2026-03-06 13:50:00+00:00,0,0.49928863174740906
2026-03-06 13:55:00+00:00,0,0.5287643947724485
2026-03-06 14:00:00+00:00,0,0.5026363537985291
2026-03-06 14:05:00+00:00,0,0.4940481847721336
2026-03-06 14:10:00+00:00,0,0.4824645790235128
2026-03-06 14:15:00+00:00,0,0.4750930474557609
2026-03-06 14:20:00+00:00,0,0.5019160524026739
2026-03-06 14:25:00+00:00,0,0.4877062538511435
2026-03-06 14:30:00+00:00,0,0.498290983346958
2026-03-06 14:35:00+00:00,0,0.5140261241684606
2026-03-06 14:40:00+00:00,0,0.5096571987933818
2026-03-06 14:45:00+00:00,1,0.5113641275050602
2026-03-06 14:50:00+00:00,1,0.5121408648363946
2026-03-06 14:55:00+00:00,1,0.5268194735104041
2026-03-06 15:00:00+00:00,1,0.4753973953000555
2026-03-06 15:05:00+00:00,1,0.5101788765634051
2026-03-06 15:10:00+00:00,1,0.5054469652519538
2026-03-06 15:15:00+00:00,0,0.5088846317248277
2026-03-06 15:20:00+00:00,0,0.49310870139818325
2026-03-06 15:25:00+00:00,0,0.5011863962834073
2026-03-06 15:30:00+00:00,0,0.4975159915785605
2026-03-06 15:35:00+00:00,0,0.4883364290238985
2026-03-06 15:40:00+00:00,0,0.5167369912361433
2026-03-06 15:45:00+00:00,0,0.5069136708129983
2026-03-06 15:50:00+00:00,1,0.5045201831419731
2026-03-06 15:55:00+00:00,0,0.509938830557217
2026-03-06 16:00:00+00:00,0,0.505792991611479
2026-03-06 16:05:00+00:00,1,0.5173698013117896
2026-03-06 16:10:00+00:00,1,0.5033378156595821
2026-03-06 16:15:00+00:00,1,0.5199839547865869
2026-03-06 16:20:00+00:00,0,0.5110479993910872
2026-03-06 16:25:00+00:00,0,0.4960372983983796
2026-03-06 16:30:00+00:00,0,0.4926577406885693
2026-03-06 16:35:00+00:00,0,0.48740512992579405
2026-03-06 16:40:00+00:00,0,0.5009311250513369
2026-03-06 16:45:00+00:00,0,0.4883827136994907
2026-03-06 16:50:00+00:00,1,0.49702620324380664
2026-03-06 16:55:00+00:00,0,0.49155678775002887
2026-03-06 17:00:00+00:00,0,0.49084387781704586
2026-03-06 17:05:00+00:00,0,0.48984087779564306
2026-03-06 17:10:00+00:00,0,0.4887353941439234
2026-03-06 17:15:00+00:00,0,0.4838316032849324
2026-03-06 17:20:00+00:00,0,0.4719964836874616
2026-03-06 17:25:00+00:00,0,0.4756957895203385
2026-03-06 17:30:00+00:00,1,0.4882494754472472
2026-03-06 17:35:00+00:00,1,0.4921771970994429
2026-03-06 17:40:00+00:00,1,0.4940451752048978
2026-03-06 17:45:00+00:00,1,0.4952968051078245
2026-03-06 17:50:00+00:00,1,0.4908687981144135
2026-03-06 17:55:00+00:00,1,0.49232484369901536
2026-03-06 18:00:00+00:00,1,0.4779333021318472
2026-03-06 18:05:00+00:00,1,0.4974467974207052
2026-03-06 18:10:00+00:00,1,0.5001984075883661
2026-03-06 18:15:00+00:00,1,0.5040656510159759
2026-03-06 18:20:00+00:00,1,0.5002886734381118
2026-03-06 18:25:00+00:00,1,0.4778556244159553
2026-03-06 18:30:00+00:00,1,0.5037989322663702
2026-03-06 18:35:00+00:00,1,0.5081929989420704
2026-03-06 18:40:00+00:00,1,0.49343128939001896
2026-03-06 18:45:00+00:00,1,0.5042493837303563
2026-03-06 18:50:00+00:00,1,0.5040619396896582
2026-03-06 18:55:00+00:00,1,0.5227822221484425
2026-03-06 19:00:00+00:00,1,0.5132766630698085
2026-03-06 19:05:00+00:00,0,0.5042163214295939
2026-03-06 19:10:00+00:00,0,0.5052513832981479
2026-03-06 19:15:00+00:00,0,0.48392377046148993
2026-03-06 19:20:00+00:00,0,0.5178235439943947
2026-03-06 19:25:00+00:00,0,0.5384221261965922
2026-03-06 19:30:00+00:00,0,0.5069622966141387
2026-03-06 19:35:00+00:00,0,0.511151702523214
2026-03-06 19:40:00+00:00,0,0.5131419863511698
2026-03-06 19:45:00+00:00,0,0.5065791471472486
2026-03-06 19:50:00+00:00,0,0.502472618928899
2026-03-06 19:55:00+00:00,0,0.4906483574450422
2026-03-06 20:00:00+00:00,0,0.5019788879021186
2026-03-06 20:05:00+00:00,0,0.5212385589208826
2026-03-06 20:10:00+00:00,0,0.515594909683834
2026-03-06 20:15:00+00:00,1,0.5064533824490255
2026-03-06 20:20:00+00:00,1,0.5008338663393634
2026-03-06 20:25:00+00:00,1,0.5042850257993999
2026-03-06 20:30:00+00:00,1,0.5020834438610882
2026-03-06 20:35:00+00:00,1,0.5083185810210941
2026-03-06 20:40:00+00:00,0,0.4985445558194872
2026-03-06 20:45:00+00:00,0,0.49932990026998264
2026-03-06 20:50:00+00:00,0,0.5009810613473954
2026-03-06 20:55:00+00:00,0,0.5009937802196238
2026-03-06 21:00:00+00:00,0,0.49716463566165825
2026-03-06 21:05:00+00:00,0,0.5074159423950415
2026-03-06 21:10:00+00:00,0,0.5038302864309638
2026-03-06 21:15:00+00:00,0,0.4894476369702577
2026-03-06 21:20:00+00:00,1,0.5161907836716702
2026-03-06 21:25:00+00:00,1,0.5151794943405248
2026-03-06 21:30:00+00:00,1,0.5210011597786575
2026-03-06 21:35:00+00:00,1,0.5214952401116808
2026-03-06 21:40:00+00:00,0,0.5209091886354742
2026-03-06 21:45:00+00:00,0,0.524226354641452
2026-03-06 21:50:00+00:00,1,0.519001307306037
2026-03-06 21:55:00+00:00,1,0.5103160565361469
2026-03-06 22:00:00+00:00,1,0.5019101456589026
2026-03-06 22:05:00+00:00,1,0.4946033778788413
2026-03-06 22:10:00+00:00,1,0.5068122327631929
2026-03-06 22:15:00+00:00,1,0.4884658795903387
2026-03-06 22:20:00+00:00,1,0.4762131577997527
2026-03-06 22:25:00+00:00,1,0.4712673307964643
2026-03-06 22:30:00+00:00,1,0.4854168887374097
2026-03-06 22:35:00+00:00,1,0.4674961821558957
2026-03-06 22:40:00+00:00,1,0.4591355836885628
2026-03-06 22:45:00+00:00,1,0.475727613394848
2026-03-06 22:50:00+00:00,0,0.472634586371117
2026-03-06 22:55:00+00:00,1,0.476961465742607
2026-03-06 23:00:00+00:00,1,0.47241487161100454
2026-03-06 23:05:00+00:00,0,0.4784207150428764
2026-03-06 23:10:00+00:00,0,0.47727192412014796
2026-03-06 23:15:00+00:00,0,0.48083545148930523
2026-03-06 23:20:00+00:00,0,0.4766597023763645
2026-03-06 23:25:00+00:00,0,0.49800905488529634
2026-03-06 23:30:00+00:00,0,0.5103113624910648
2026-03-06 23:35:00+00:00,0,0.5297036176854418
2026-03-06 23:40:00+00:00,1,0.5212031140068021
2026-03-06 23:45:00+00:00,1,0.5326305008161676
2026-03-06 23:50:00+00:00,1,0.5265713604088171
2026-03-06 23:55:00+00:00,1,0.5276742325976086
2026-03-07 00:00:00+00:00,1,0.5266162133364178
2026-03-07 00:05:00+00:00,0,0.5115463853684337
2026-03-07 00:10:00+00:00,0,0.5122664741847041
2026-03-07 00:15:00+00:00,0,0.5196154020147329
2026-03-07 00:20:00+00:00,0,0.5213709276291496
2026-03-07 00:25:00+00:00,0,0.49968460393532577
2026-03-07 00:30:00+00:00,0,0.49594962946730947
2026-03-07 00:35:00+00:00,1,0.5009030394127427
2026-03-07 00:40:00+00:00,1,0.49266476060922076
2026-03-07 00:45:00+00:00,0,0.5023445161068324
2026-03-07 00:50:00+00:00,0,0.4916663727294178
2026-03-07 00:55:00+00:00,0,0.48912064842592107
2026-03-07 01:00:00+00:00,0,0.5059304027097563
2026-03-07 01:05:00+00:00,0,0.5231009937171194
2026-03-07 01:10:00+00:00,0,0.5226827476055329
2026-03-07 01:15:00+00:00,1,0.5159682744809162
2026-03-07 01:20:00+00:00,1,0.5281041685845409
2026-03-07 01:25:00+00:00,1,0.5312956490135421
2026-03-07 01:30:00+00:00,0,0.5216213683639348
2026-03-07 01:35:00+00:00,0,0.5354325095954798
2026-03-07 01:40:00+00:00,0,0.5322979577586324
2026-03-07 01:45:00+00:00,0,0.5309424204246734
2026-03-07 01:50:00+00:00,0,0.5484070364021121
2026-03-07 01:55:00+00:00,0,0.5362681604913272
2026-03-07 02:00:00+00:00,0,0.5225812159947082
2026-03-07 02:05:00+00:00,0,0.5156655415043548
2026-03-07 02:10:00+00:00,0,0.4964332485550036
2026-03-07 02:15:00+00:00,0,0.5240581315131253
2026-03-07 02:20:00+00:00,0,0.4945862364956612
2026-03-07 02:25:00+00:00,1,0.5067029197959234
2026-03-07 02:30:00+00:00,1,0.4972826554693999
2026-03-07 02:35:00+00:00,1,0.4939889099542713
2026-03-07 02:40:00+00:00,1,0.4930387833790463
2026-03-07 02:45:00+00:00,1,0.5061832956074954
2026-03-07 02:50:00+00:00,1,0.501668047933636
2026-03-07 02:55:00+00:00,0,0.49143196005584994
2026-03-07 03:00:00+00:00,0,0.4890541943081221
2026-03-07 03:05:00+00:00,0,0.501051637492918
2026-03-07 03:10:00+00:00,0,0.5103970879088389
2026-03-07 03:15:00+00:00,0,0.5182379083215745
2026-03-07 03:20:00+00:00,0,0.5118521509331162
2026-03-07 03:25:00+00:00,0,0.5025137507183095
2026-03-07 03:30:00+00:00,0,0.4991156480632214
2026-03-07 03:35:00+00:00,0,0.5208789040416346
2026-03-07 03:40:00+00:00,0,0.5192794141263298
2026-03-07 03:45:00+00:00,0,0.5155756915709537
2026-03-07 03:50:00+00:00,0,0.510068072754152
2026-03-07 03:55:00+00:00,0,0.516677627185447
2026-03-07 04:00:00+00:00,1,0.5332176987093216
2026-03-07 04:05:00+00:00,1,0.5250806045021766
2026-03-07 04:10:00+00:00,1,0.5250414261482407
2026-03-07 04:15:00+00:00,0,0.5214229074218303
2026-03-07 04:20:00+00:00,0,0.517557526905778
2026-03-07 04:25:00+00:00,0,0.5066691030169983
2026-03-07 04:30:00+00:00,1,0.5201421656359152
2026-03-07 04:35:00+00:00,0,0.5209270136621399
2026-03-07 04:40:00+00:00,0,0.5245273159085477
2026-03-07 04:45:00+00:00,0,0.5236352296971268
2026-03-07 04:50:00+00:00,0,0.5286970401428501
2026-03-07 04:55:00+00:00,1,0.5284575799001381
2026-03-07 05:00:00+00:00,0,0.5198581876314712
2026-03-07 05:05:00+00:00,0,0.4938200811795358
2026-03-07 05:10:00+00:00,1,0.5160207033019876
2026-03-07 05:15:00+00:00,1,0.5331509143170058
2026-03-07 05:20:00+00:00,1,0.5293785003713998
2026-03-07 05:25:00+00:00,0,0.529340881132154
2026-03-07 05:30:00+00:00,1,0.527679940831319
2026-03-07 05:35:00+00:00,0,0.5135179455426641
2026-03-07 05:40:00+00:00,0,0.5152932817723334
2026-03-07 05:45:00+00:00,0,0.5208977006147868
2026-03-07 05:50:00+00:00,0,0.5279664261733096
2026-03-07 05:55:00+00:00,0,0.5252005192717021
2026-03-07 06:00:00+00:00,0,0.5421163283757795
2026-03-07 06:05:00+00:00,0,0.5338125992912397
2026-03-07 06:10:00+00:00,1,0.5383969734539609
2026-03-07 06:15:00+00:00,0,0.5266371332720118
2026-03-07 06:20:00+00:00,0,0.5116022326823089
2026-03-07 06:25:00+00:00,0,0.5095240725332248
2026-03-07 06:30:00+00:00,0,0.525455114047706
2026-03-07 06:35:00+00:00,0,0.5260363534224359
2026-03-07 06:40:00+00:00,0,0.5258204536397669
2026-03-07 06:45:00+00:00,0,0.5260869103285157
2026-03-07 06:50:00+00:00,1,0.536307140589452
2026-03-07 06:55:00+00:00,1,0.5294774409847757
2026-03-07 07:00:00+00:00,1,0.534176285126847
2026-03-07 07:05:00+00:00,1,0.5326429063937806
2026-03-07 07:10:00+00:00,1,0.5313804205745422
2026-03-07 07:15:00+00:00,1,0.5383287810908215
2026-03-07 07:20:00+00:00,1,0.5263145339005724
2026-03-07 07:25:00+00:00,1,0.5245531553040127
2026-03-07 07:30:00+00:00,1,0.5048198437562387
2026-03-07 07:35:00+00:00,1,0.5336870822023414
2026-03-07 07:40:00+00:00,0,0.4996773618475508
2026-03-07 07:45:00+00:00,1,0.510464217757198
2026-03-07 07:50:00+00:00,1,0.49135367249835765
2026-03-07 07:55:00+00:00,1,0.4986007268278365
2026-03-07 08:00:00+00:00,1,0.5192974472136965
2026-03-07 08:05:00+00:00,1,0.5320120077206473
2026-03-07 08:10:00+00:00,1,0.5303489849457947
2026-03-07 08:15:00+00:00,1,0.5101859346734672
2026-03-07 08:20:00+00:00,1,0.512814807870177
2026-03-07 08:25:00+00:00,0,0.520665111466974
2026-03-07 08:30:00+00:00,0,0.5086323109994014
2026-03-07 08:35:00+00:00,0,0.5145268795342703
2026-03-07 08:40:00+00:00,1,0.5160940781898684
2026-03-07 08:45:00+00:00,1,0.5103829606191087
2026-03-07 08:50:00+00:00,1,0.5135989633928554
2026-03-07 08:55:00+00:00,1,0.5122239411117787
2026-03-07 09:00:00+00:00,1,0.5044748445332836
2026-03-07 09:05:00+00:00,1,0.5041569178193457
2026-03-07 09:10:00+00:00,0,0.5015107716820784
2026-03-07 09:15:00+00:00,1,0.4960009657745881
2026-03-07 09:20:00+00:00,0,0.4901661495615582
2026-03-07 09:25:00+00:00,1,0.5055538749919951
2026-03-07 09:30:00+00:00,1,0.50677588191757
2026-03-07 09:35:00+00:00,1,0.5007851860384286
2026-03-07 09:40:00+00:00,1,0.4668842917200342
2026-03-07 09:45:00+00:00,1,0.4927529878512192
2026-03-07 09:50:00+00:00,1,0.48007900710759216
2026-03-07 09:55:00+00:00,1,0.47273738793656406
2026-03-07 10:00:00+00:00,0,0.5092038807926661
2026-03-07 10:05:00+00:00,1,0.4972665536117272
2026-03-07 10:10:00+00:00,0,0.482106466409529
2026-03-07 10:15:00+00:00,0,0.5165785541836065
2026-03-07 10:20:00+00:00,0,0.5137630435472862
2026-03-07 10:25:00+00:00,0,0.5134109760166129
2026-03-07 10:30:00+00:00,0,0.5360464056302069
2026-03-07 10:35:00+00:00,0,0.5277077824682577
2026-03-07 10:40:00+00:00,1,0.5209562813818333
2026-03-07 10:45:00+00:00,1,0.5211339517579664
2026-03-07 10:50:00+00:00,1,0.5021915414049067
2026-03-07 10:55:00+00:00,1,0.5007773215997344
2026-03-07 11:00:00+00:00,1,0.5153875551266075
2026-03-07 11:05:00+00:00,1,0.4874682037680001
2026-03-07 11:10:00+00:00,0,0.49359424294145043
2026-03-07 11:15:00+00:00,0,0.5087703554804136
2026-03-07 11:20:00+00:00,1,0.5007278152323746
2026-03-07 11:25:00+00:00,0,0.503494452505361
2026-03-07 11:30:00+00:00,1,0.4924666653394274
2026-03-07 11:35:00+00:00,0,0.48992855606213476
2026-03-07 11:40:00+00:00,0,0.5018924480556053
2026-03-07 11:45:00+00:00,0,0.5031928555554609
2026-03-07 11:50:00+00:00,0,0.4849575722554012
2026-03-07 11:55:00+00:00,0,0.4911758259718039
2026-03-07 12:00:00+00:00,0,0.482831197767115
2026-03-07 12:05:00+00:00,0,0.4957491505306345
2026-03-07 12:10:00+00:00,0,0.4839341249953512
2026-03-07 12:15:00+00:00,0,0.5092332578494386
2026-03-07 12:20:00+00:00,0,0.5018784732823856
2026-03-07 12:25:00+00:00,0,0.470730213598891
2026-03-07 12:30:00+00:00,0,0.45075192041141615
2026-03-07 12:35:00+00:00,0,0.4685915194338648
2026-03-07 12:40:00+00:00,1,0.4779401178998349
2026-03-07 12:45:00+00:00,1,0.49173810058828615
2026-03-07 12:50:00+00:00,1,0.4790953631930629
2026-03-07 12:55:00+00:00,1,0.4871173079866657
2026-03-07 13:00:00+00:00,0,0.4701566879241669
2026-03-07 13:05:00+00:00,0,0.47936006789190194
2026-03-07 13:10:00+00:00,0,0.4742331866156128
2026-03-07 13:15:00+00:00,0,0.4747042695219467
2026-03-07 13:20:00+00:00,0,0.46997913712771455
2026-03-07 13:25:00+00:00,0,0.4748158972766319
2026-03-07 13:30:00+00:00,0,0.47454192845448573
2026-03-07 13:35:00+00:00,0,0.47463650965973775
2026-03-07 13:40:00+00:00,0,0.4740190674902605
2026-03-07 13:45:00+00:00,0,0.4990349216594822
2026-03-07 13:50:00+00:00,0,0.49871408736134387
2026-03-07 13:55:00+00:00,0,0.5017600214047092
2026-03-07 14:00:00+00:00,0,0.5038777306219385
2026-03-07 14:05:00+00:00,1,0.49989231610971707
2026-03-07 14:10:00+00:00,1,0.5156627266438211
2026-03-07 14:15:00+00:00,1,0.5121778455103669
2026-03-07 14:20:00+00:00,1,0.5226522691214032
2026-03-07 14:25:00+00:00,1,0.5198806704468125
2026-03-07 14:30:00+00:00,1,0.5094969132069959
2026-03-07 14:35:00+00:00,0,0.46720585765338957
2026-03-07 14:40:00+00:00,0,0.4705630524421162
2026-03-07 14:45:00+00:00,0,0.479907079487869
2026-03-07 14:50:00+00:00,0,0.4849806751276034
2026-03-07 14:55:00+00:00,0,0.48486396869098963
2026-03-07 15:00:00+00:00,0,0.4949689731602946
2026-03-07 15:05:00+00:00,0,0.501775999067588
2026-03-07 15:10:00+00:00,0,0.49571869070410673
2026-03-07 15:15:00+00:00,0,0.5007582998406771
2026-03-07 15:20:00+00:00,0,0.5079132439436622
2026-03-07 15:25:00+00:00,0,0.5081528273904906
2026-03-07 15:30:00+00:00,0,0.5062085937765984
2026-03-07 15:35:00+00:00,1,0.5043406273400101
2026-03-07 15:40:00+00:00,1,0.4984247116351765
2026-03-07 15:45:00+00:00,0,0.4904724769576502
2026-03-07 15:50:00+00:00,0,0.49047111390292486
2026-03-07 15:55:00+00:00,0,0.4789166520716654
2026-03-07 16:00:00+00:00,0,0.497250282028356
2026-03-07 16:05:00+00:00,0,0.49530779174742745
2026-03-07 16:10:00+00:00,0,0.49919087506472665
2026-03-07 16:15:00+00:00,0,0.5113695901957048
2026-03-07 16:20:00+00:00,1,0.5130882169004207
2026-03-07 16:25:00+00:00,0,0.5100032369093336
2026-03-07 16:30:00+00:00,1,0.4786915002385304
2026-03-07 16:35:00+00:00,1,0.5172224994014017
2026-03-07 16:40:00+00:00,1,0.4994046521053235
2026-03-07 16:45:00+00:00,1,0.5102742738155643
2026-03-07 16:50:00+00:00,1,0.5017208919574175
2026-03-07 16:55:00+00:00,1,0.5076148625680555
2026-03-07 17:00:00+00:00,1,0.5174211127098348
2026-03-07 17:05:00+00:00,1,0.5093425530608855
2026-03-07 17:10:00+00:00,1,0.5052899657750011
2026-03-07 17:15:00+00:00,1,0.5159699927229754
2026-03-07 17:20:00+00:00,0,0.5062450814644675
2026-03-07 17:25:00+00:00,0,0.5106899002100541
2026-03-07 17:30:00+00:00,0,0.5231112464909453
2026-03-07 17:35:00+00:00,0,0.5474657087919814
2026-03-07 17:40:00+00:00,0,0.5504085868057647
2026-03-07 17:45:00+00:00,0,0.5438545214617623
2026-03-07 17:50:00+00:00,0,0.5454420129653361
2026-03-07 17:55:00+00:00,0,0.5363571510790859
2026-03-07 18:00:00+00:00,1,0.5572272191000452
2026-03-07 18:05:00+00:00,1,0.5305845725465653
2026-03-07 18:10:00+00:00,1,0.5300089334818744
2026-03-07 18:15:00+00:00,1,0.5249280543795818
2026-03-07 18:20:00+00:00,0,0.5115145823544328
2026-03-07 18:25:00+00:00,0,0.5132086125544728
2026-03-07 18:30:00+00:00,0,0.5083423488475806
2026-03-07 18:35:00+00:00,0,0.4965004495379725
2026-03-07 18:40:00+00:00,0,0.5130956914941704
2026-03-07 18:45:00+00:00,0,0.4984801809923693
2026-03-07 18:50:00+00:00,0,0.5017771419456014
2026-03-07 18:55:00+00:00,0,0.4798515412612957
2026-03-07 19:00:00+00:00,0,0.5235443066655624
2026-03-07 19:05:00+00:00,0,0.5066627107451286
2026-03-07 19:10:00+00:00,0,0.5174727854028437
2026-03-07 19:15:00+00:00,0,0.5100411068750635
2026-03-07 19:20:00+00:00,0,0.5088806724564269
2026-03-07 19:25:00+00:00,0,0.5303798757996826
2026-03-07 19:30:00+00:00,0,0.5047368162435546
2026-03-07 19:35:00+00:00,0,0.5030300166635666
2026-03-07 19:40:00+00:00,0,0.5063344053056086
2026-03-07 19:45:00+00:00,1,0.5285568236733892
2026-03-07 19:50:00+00:00,1,0.5450589017237882
2026-03-07 19:55:00+00:00,1,0.5339887530429536
2026-03-07 20:00:00+00:00,1,0.5042120217436854
2026-03-07 20:05:00+00:00,1,0.512922587001027
2026-03-07 20:10:00+00:00,1,0.5164296200885303
2026-03-07 20:15:00+00:00,1,0.5288205829806931
2026-03-07 20:20:00+00:00,1,0.52478202405439
2026-03-07 20:25:00+00:00,1,0.5330551969630678
2026-03-07 20:30:00+00:00,1,0.5077438092525601
2026-03-07 20:35:00+00:00,1,0.5124305658110916
2026-03-07 20:40:00+00:00,1,0.5309918722727625
2026-03-07 20:45:00+00:00,0,0.511251672384039
2026-03-07 20:50:00+00:00,1,0.5211082317339757
2026-03-07 20:55:00+00:00,1,0.5323190298899274
2026-03-07 21:00:00+00:00,1,0.5326259149112313
2026-03-07 21:05:00+00:00,0,0.531170680650252
2026-03-07 21:10:00+00:00,1,0.5320919406291172
2026-03-07 21:15:00+00:00,1,0.5305584406590533
2026-03-07 21:20:00+00:00,1,0.536567473021271
2026-03-07 21:25:00+00:00,1,0.5347828652714305
2026-03-07 21:30:00+00:00,1,0.5264491213119806
2026-03-07 21:35:00+00:00,1,0.5324140784172084
2026-03-07 21:40:00+00:00,0,0.5311085049805248
2026-03-07 21:45:00+00:00,1,0.5299980418120499
2026-03-07 21:50:00+00:00,0,0.5208968760067484
2026-03-07 21:55:00+00:00,0,0.5141387511072345
2026-03-07 22:00:00+00:00,0,0.5207268913662478
2026-03-07 22:05:00+00:00,0,0.5184942036327679
2026-03-07 22:10:00+00:00,0,0.5288507294241469
2026-03-07 22:15:00+00:00,0,0.5261995216556736
2026-03-07 22:20:00+00:00,1,0.5234426557367329
2026-03-07 22:25:00+00:00,0,0.5312671209085267
2026-03-07 22:30:00+00:00,1,0.5250456024783867
2026-03-07 22:35:00+00:00,1,0.5287584623738925
2026-03-07 22:40:00+00:00,1,0.5192486922283738
2026-03-07 22:45:00+00:00,1,0.528105138665809
2026-03-07 22:50:00+00:00,1,0.5308925283386888
2026-03-07 22:55:00+00:00,1,0.5280155067733826
2026-03-07 23:00:00+00:00,1,0.5117647514628206
2026-03-07 23:05:00+00:00,0,0.5108976513489957
2026-03-07 23:10:00+00:00,1,0.5148566528373055
2026-03-07 23:15:00+00:00,1,0.5092399884329892
2026-03-07 23:20:00+00:00,0,0.5031128223197462
2026-03-07 23:25:00+00:00,1,0.5028906678818524
2026-03-07 23:30:00+00:00,1,0.5129337934287844
2026-03-07 23:35:00+00:00,1,0.5074765475131108
2026-03-07 23:40:00+00:00,1,0.501820718399261
2026-03-07 23:45:00+00:00,1,0.48943692006165057
2026-03-07 23:50:00+00:00,1,0.510661182575713
2026-03-07 23:55:00+00:00,0,0.5279277907538382
2026-03-08 00:00:00+00:00,0,0.49476227853382243
2026-03-08 00:05:00+00:00,0,0.5004471732959013
2026-03-08 00:10:00+00:00,0,0.5204691715930543
2026-03-08 00:15:00+00:00,0,0.5291422356573555
2026-03-08 00:20:00+00:00,0,0.5073136700579048
2026-03-08 00:25:00+00:00,0,0.5043112538084438
2026-03-08 00:30:00+00:00,0,0.5044429026641625
2026-03-08 00:35:00+00:00,1,0.504425545643188
2026-03-08 00:40:00+00:00,1,0.501055428257951
2026-03-08 00:45:00+00:00,1,0.4761380110586149
2026-03-08 00:50:00+00:00,1,0.49767126293216823
2026-03-08 00:55:00+00:00,0,0.5005487887802166
2026-03-08 01:00:00+00:00,0,0.4947457593330162
2026-03-08 01:05:00+00:00,0,0.48743900485487235
2026-03-08 01:10:00+00:00,0,0.49055023918088503
2026-03-08 01:15:00+00:00,1,0.49032064711086853
2026-03-08 01:20:00+00:00,0,0.4929044012606939
2026-03-08 01:25:00+00:00,0,0.48479792282637213
2026-03-08 01:30:00+00:00,1,0.4853759436465138
2026-03-08 01:35:00+00:00,0,0.48675437075336264
2026-03-08 01:40:00+00:00,0,0.4932826943449161
2026-03-08 01:45:00+00:00,0,0.49195893695656984
2026-03-08 01:50:00+00:00,0,0.49923930642704967
2026-03-08 01:55:00+00:00,0,0.5014255986403094
2026-03-08 02:00:00+00:00,0,0.5014947260697625
2026-03-08 02:05:00+00:00,0,0.49562554629155775
2026-03-08 02:10:00+00:00,1,0.5057993728462846
2026-03-08 02:15:00+00:00,0,0.4984530120919309
2026-03-08 02:20:00+00:00,0,0.5151596873656153
2026-03-08 02:25:00+00:00,0,0.526445713511732
2026-03-08 02:30:00+00:00,0,0.5266254546787172
2026-03-08 02:35:00+00:00,0,0.5179940459478738
2026-03-08 02:40:00+00:00,0,0.49836614182971306
2026-03-08 02:45:00+00:00,1,0.49457790906921534
2026-03-08 02:50:00+00:00,1,0.49268218880506076
2026-03-08 02:55:00+00:00,1,0.4959020724574193
2026-03-08 03:00:00+00:00,1,0.4902070120221304
2026-03-08 03:05:00+00:00,1,0.49070397206632493
2026-03-08 03:10:00+00:00,0,0.47732398226362827
2026-03-08 03:15:00+00:00,0,0.4825446474206634
2026-03-08 03:20:00+00:00,0,0.4796099230270267
2026-03-08 03:25:00+00:00,0,0.4965366695512467
2026-03-08 03:30:00+00:00,0,0.49321061474697453
2026-03-08 03:35:00+00:00,0,0.5161993407203032
2026-03-08 03:40:00+00:00,0,0.5148637415560469
2026-03-08 03:45:00+00:00,1,0.5219464744224969
2026-03-08 03:50:00+00:00,1,0.5074875666019308
2026-03-08 03:55:00+00:00,1,0.4893535829978381
2026-03-08 04:00:00+00:00,0,0.5134555166488056
2026-03-08 04:05:00+00:00,0,0.5148450078796684
2026-03-08 04:10:00+00:00,0,0.5105640126194874
2026-03-08 04:15:00+00:00,0,0.5050611854908004
2026-03-08 04:20:00+00:00,0,0.5168491170181744
2026-03-08 04:25:00+00:00,0,0.5197835531467025
2026-03-08 04:30:00+00:00,0,0.5152657762220584
2026-03-08 04:35:00+00:00,0,0.5185747176837361
2026-03-08 04:40:00+00:00,0,0.5193938714017089
2026-03-08 04:45:00+00:00,1,0.5359126704218944
2026-03-08 04:50:00+00:00,1,0.523997156193842
2026-03-08 04:55:00+00:00,1,0.5224674635933602
2026-03-08 05:00:00+00:00,1,0.5007601103591837
2026-03-08 05:05:00+00:00,1,0.501343707064521
2026-03-08 05:10:00+00:00,1,0.5146310656715978
2026-03-08 05:15:00+00:00,1,0.5170300518950531
2026-03-08 05:20:00+00:00,0,0.5144908352457398
2026-03-08 05:25:00+00:00,0,0.5107396440980517
2026-03-08 05:30:00+00:00,0,0.5091176383465571
2026-03-08 05:35:00+00:00,0,0.5072683034817737
2026-03-08 05:40:00+00:00,0,0.53228845835909
2026-03-08 05:45:00+00:00,0,0.5359891522848274
2026-03-08 05:50:00+00:00,0,0.5423392880226885
2026-03-08 05:55:00+00:00,0,0.5489402486791357
2026-03-08 06:00:00+00:00,0,0.5566704683000692
2026-03-08 06:05:00+00:00,0,0.5623808215109841
2026-03-08 06:10:00+00:00,1,0.5598110190886375
2026-03-08 06:15:00+00:00,0,0.5573164123339975
2026-03-08 06:20:00+00:00,0,0.5531186752082262
2026-03-08 06:25:00+00:00,1,0.5504445185555701
2026-03-08 06:30:00+00:00,1,0.5305503462785359
2026-03-08 06:35:00+00:00,1,0.5425950780720196
2026-03-08 06:40:00+00:00,1,0.5378264736523753
2026-03-08 06:45:00+00:00,1,0.5436809089631984
2026-03-08 06:50:00+00:00,1,0.5466952420107251
2026-03-08 06:55:00+00:00,1,0.5468817417223002
2026-03-08 07:00:00+00:00,1,0.5163014480708724
2026-03-08 07:05:00+00:00,1,0.5068079222558438
2026-03-08 07:10:00+00:00,1,0.5145322499846607
2026-03-08 07:15:00+00:00,0,0.5228775394014469
2026-03-08 07:20:00+00:00,1,0.5332389797881076
2026-03-08 07:25:00+00:00,1,0.5350698742265939
2026-03-08 07:30:00+00:00,1,0.5457774604905313
2026-03-08 07:35:00+00:00,0,0.5354827804053771
2026-03-08 07:40:00+00:00,0,0.5426315984201204
2026-03-08 07:45:00+00:00,0,0.5490283593688042
2026-03-08 07:50:00+00:00,0,0.5328389339406449
2026-03-08 07:55:00+00:00,0,0.5305912013162184
2026-03-08 08:00:00+00:00,0,0.5387571361736343
2026-03-08 08:05:00+00:00,0,0.5502844121292064
2026-03-08 08:10:00+00:00,1,0.5356478414760336
2026-03-08 08:15:00+00:00,1,0.5389590611326628
2026-03-08 08:20:00+00:00,1,0.5473269232483171
2026-03-08 08:25:00+00:00,1,0.5381615451214774
2026-03-08 08:30:00+00:00,1,0.5377722096196663
2026-03-08 08:35:00+00:00,1,0.5265365045923086
2026-03-08 08:40:00+00:00,1,0.5196476926203566
2026-03-08 08:45:00+00:00,1,0.5062310294697389
2026-03-08 08:50:00+00:00,1,0.5139239886992268
2026-03-08 08:55:00+00:00,1,0.5156336736075903
2026-03-08 09:00:00+00:00,1,0.48745259783166306
2026-03-08 09:05:00+00:00,1,0.4928039773732431
2026-03-08 09:10:00+00:00,1,0.4859011047124459
2026-03-08 09:15:00+00:00,0,0.4976596418930606
2026-03-08 09:20:00+00:00,0,0.5121227476503399
2026-03-08 09:25:00+00:00,0,0.5078691121327911
2026-03-08 09:30:00+00:00,1,0.5144805917660814
2026-03-08 09:35:00+00:00,1,0.5198211642472563
2026-03-08 09:40:00+00:00,1,0.5188328307320975
2026-03-08 09:45:00+00:00,1,0.5256035510261768
2026-03-08 09:50:00+00:00,1,0.5233926933049025
2026-03-08 09:55:00+00:00,1,0.5082837154408361
2026-03-08 10:00:00+00:00,1,0.5236749043006447
2026-03-08 10:05:00+00:00,1,0.5277411290318373
2026-03-08 10:10:00+00:00,1,0.531576590860579
2026-03-08 10:15:00+00:00,1,0.5217420047981055
2026-03-08 10:20:00+00:00,0,0.5004330738614501
2026-03-08 10:25:00+00:00,0,0.511872383445484
2026-03-08 10:30:00+00:00,0,0.5186437838457115
2026-03-08 10:35:00+00:00,0,0.5157288021235482
2026-03-08 10:40:00+00:00,0,0.5136553418969144
2026-03-08 10:45:00+00:00,0,0.5135693831968666
2026-03-08 10:50:00+00:00,0,0.5155663312028177
2026-03-08 10:55:00+00:00,0,0.5105312114991843
2026-03-08 11:00:00+00:00,0,0.5096726164206453
2026-03-08 11:05:00+00:00,1,0.5193905382718648
2026-03-08 11:10:00+00:00,0,0.5089150162446213
2026-03-08 11:15:00+00:00,0,0.5151476923650733
2026-03-08 11:20:00+00:00,0,0.5145372021022572
2026-03-08 11:25:00+00:00,0,0.49566719647095636
2026-03-08 11:30:00+00:00,1,0.5015622579345534
2026-03-08 11:35:00+00:00,0,0.49380901605330735
2026-03-08 11:40:00+00:00,0,0.48031207947971094
2026-03-08 11:45:00+00:00,0,0.48578888008534266
2026-03-08 11:50:00+00:00,0,0.4894363488704881
2026-03-08 11:55:00+00:00,0,0.5157674749594513
2026-03-08 12:00:00+00:00,0,0.5018900038849553
2026-03-08 12:05:00+00:00,0,0.5006553492008395
2026-03-08 12:10:00+00:00,1,0.5238947463047976
2026-03-08 12:15:00+00:00,1,0.5186081660446993
2026-03-08 12:20:00+00:00,0,0.49035001186589555
2026-03-08 12:25:00+00:00,0,0.500661606809002
2026-03-08 12:30:00+00:00,0,0.4784698189129846
2026-03-08 12:35:00+00:00,0,0.46689760830811017
2026-03-08 12:40:00+00:00,0,0.49725260169044255
2026-03-08 12:45:00+00:00,0,0.49760022413697885
2026-03-08 12:50:00+00:00,0,0.5059538682953509
2026-03-08 12:55:00+00:00,0,0.5127117770989352
2026-03-08 13:00:00+00:00,0,0.5373350607853387
2026-03-08 13:05:00+00:00,0,0.5248041822877516
2026-03-08 13:10:00+00:00,0,0.5245653694242272
2026-03-08 13:15:00+00:00,1,0.5197452187422799
2026-03-08 13:20:00+00:00,1,0.5349468667867852
2026-03-08 13:25:00+00:00,1,0.522319343702333
2026-03-08 13:30:00+00:00,1,0.5326956831682267
2026-03-08 13:35:00+00:00,1,0.5283496825946854
2026-03-08 13:40:00+00:00,1,0.5222431478362021
2026-03-08 13:45:00+00:00,1,0.49716654796478515
2026-03-08 13:50:00+00:00,1,0.5015950733310003
2026-03-08 13:55:00+00:00,1,0.49676289551506486
2026-03-08 14:00:00+00:00,1,0.5242953650648948
2026-03-08 14:05:00+00:00,1,0.5069285029407473
2026-03-08 14:10:00+00:00,0,0.5068673868030513
2026-03-08 14:15:00+00:00,0,0.5065444250402453
2026-03-08 14:20:00+00:00,0,0.5197007943789255
2026-03-08 14:25:00+00:00,1,0.5219413921355696
2026-03-08 14:30:00+00:00,1,0.5152244894601062
2026-03-08 14:35:00+00:00,1,0.5376437860550454
2026-03-08 14:40:00+00:00,1,0.5296154735896133
2026-03-08 14:45:00+00:00,1,0.5331274133186332
2026-03-08 14:50:00+00:00,0,0.5361208583232107
2026-03-08 14:55:00+00:00,0,0.5336291264030265
2026-03-08 15:00:00+00:00,0,0.5407725653274136
2026-03-08 15:05:00+00:00,0,0.5326990295786715
2026-03-08 15:10:00+00:00,0,0.5217308007718968
2026-03-08 15:15:00+00:00,0,0.5133711957034817
2026-03-08 15:20:00+00:00,0,0.5226661476369606
2026-03-08 15:25:00+00:00,1,0.5166270000840405
2026-03-08 15:30:00+00:00,1,0.5152367782853146
2026-03-08 15:35:00+00:00,1,0.5129492064862836
2026-03-08 15:40:00+00:00,1,0.5224281640978041
2026-03-08 15:45:00+00:00,0,0.5160869905518306
2026-03-08 15:50:00+00:00,0,0.5014344814445496
2026-03-08 15:55:00+00:00,0,0.5046447479537163
2026-03-08 16:00:00+00:00,0,0.5102390513456351
2026-03-08 16:05:00+00:00,0,0.5192159928508568
2026-03-08 16:10:00+00:00,0,0.523416855985823
2026-03-08 16:15:00+00:00,0,0.5382517114198707
2026-03-08 16:20:00+00:00,0,0.5278152215924288
2026-03-08 16:25:00+00:00,0,0.5261776857158997
2026-03-08 16:30:00+00:00,1,0.521572078488573
2026-03-08 16:35:00+00:00,1,0.5226756898018866
2026-03-08 16:40:00+00:00,1,0.5047110299130649
2026-03-08 16:45:00+00:00,1,0.5078760582911268
2026-03-08 16:50:00+00:00,1,0.513695607198316
2026-03-08 16:55:00+00:00,1,0.5167876062894337
2026-03-08 17:00:00+00:00,0,0.4878802544672286
2026-03-08 17:05:00+00:00,0,0.5037742200491739
2026-03-08 17:10:00+00:00,0,0.4948847246352984
2026-03-08 17:15:00+00:00,0,0.4924008226579688
2026-03-08 17:20:00+00:00,1,0.4817200414084388
2026-03-08 17:25:00+00:00,1,0.5006890135460814
2026-03-08 17:30:00+00:00,1,0.4917429197895172
2026-03-08 17:35:00+00:00,0,0.502363605382196
2026-03-08 17:40:00+00:00,0,0.5029041671382688
2026-03-08 17:45:00+00:00,0,0.5043652598971272
2026-03-08 17:50:00+00:00,1,0.5008915426307458
2026-03-08 17:55:00+00:00,0,0.5075978475934858
2026-03-08 18:00:00+00:00,1,0.5162086777268643
2026-03-08 18:05:00+00:00,1,0.5126969177808195
2026-03-08 18:10:00+00:00,1,0.513671047760108
2026-03-08 18:15:00+00:00,1,0.506678968607533
2026-03-08 18:20:00+00:00,0,0.5062371050918575
2026-03-08 18:25:00+00:00,0,0.5076028932593248
2026-03-08 18:30:00+00:00,1,0.5015706541510748
2026-03-08 18:35:00+00:00,1,0.5081985648034576
2026-03-08 18:40:00+00:00,1,0.498347878379377
2026-03-08 18:45:00+00:00,1,0.5115704637617494
2026-03-08 18:50:00+00:00,1,0.5042209945085716
2026-03-08 18:55:00+00:00,1,0.5079579073375313
2026-03-08 19:00:00+00:00,1,0.5058049055111029
2026-03-08 19:05:00+00:00,1,0.49373626695978823
2026-03-08 19:10:00+00:00,1,0.511718280617874
2026-03-08 19:15:00+00:00,1,0.5100524746290445
2026-03-08 19:20:00+00:00,1,0.513574448925255
2026-03-08 19:25:00+00:00,1,0.5197406317039454
2026-03-08 19:30:00+00:00,0,0.5106493969015419
2026-03-08 19:35:00+00:00,0,0.5277667366782008
2026-03-08 19:40:00+00:00,0,0.5312528286004755
2026-03-08 19:45:00+00:00,0,0.5252730265673713
2026-03-08 19:50:00+00:00,0,0.5139925879525089
2026-03-08 19:55:00+00:00,0,0.5216641747656444
2026-03-08 20:00:00+00:00,1,0.5065784117497447
2026-03-08 20:05:00+00:00,1,0.5108264635252018
2026-03-08 20:10:00+00:00,1,0.5028402125350927
2026-03-08 20:15:00+00:00,1,0.49612105255322375
2026-03-08 20:20:00+00:00,1,0.4989133682052798
2026-03-08 20:25:00+00:00,1,0.49046680416236044
2026-03-08 20:30:00+00:00,0,0.5001390111355003
2026-03-08 20:35:00+00:00,0,0.5086875832502356
2026-03-08 20:40:00+00:00,0,0.49524567373174244
2026-03-08 20:45:00+00:00,0,0.496251527067809
2026-03-08 20:50:00+00:00,0,0.4890435173486105
2026-03-08 20:55:00+00:00,0,0.48309443032603255
2026-03-08 21:00:00+00:00,0,0.4934974300597547
2026-03-08 21:05:00+00:00,1,0.4765640901234235
2026-03-08 21:10:00+00:00,1,0.47381219706523636
2026-03-08 21:15:00+00:00,1,0.4752043340021594
2026-03-08 21:20:00+00:00,1,0.4893972930333347
2026-03-08 21:25:00+00:00,1,0.5046488778518458
2026-03-08 21:30:00+00:00,0,0.4833418082002367
2026-03-08 21:35:00+00:00,0,0.4953381040340204
2026-03-08 21:40:00+00:00,0,0.49765161919080847
2026-03-08 21:45:00+00:00,0,0.47944789869502646
2026-03-08 21:50:00+00:00,0,0.4828194036965465
2026-03-08 21:55:00+00:00,0,0.49659057531766976
2026-03-08 22:00:00+00:00,1,0.5326237177312371
2026-03-08 22:05:00+00:00,1,0.5185700168196564
2026-03-08 22:10:00+00:00,1,0.5238992284024644
2026-03-08 22:15:00+00:00,1,0.5224248552482853
2026-03-08 22:20:00+00:00,1,0.5077904755264478
2026-03-08 22:25:00+00:00,1,0.5086707391503871
2026-03-08 22:30:00+00:00,1,0.5143823962043156
2026-03-08 22:35:00+00:00,1,0.5261765233865823
2026-03-08 22:40:00+00:00,1,0.5200682914763955
2026-03-08 22:45:00+00:00,0,0.5150663497480268
2026-03-08 22:50:00+00:00,1,0.5480403743888914
2026-03-08 22:55:00+00:00,1,0.5480744677423193
2026-03-08 23:00:00+00:00,0,0.540552411774202
2026-03-08 23:05:00+00:00,0,0.5442964153968368
2026-03-08 23:10:00+00:00,0,0.5411480654415816
2026-03-08 23:15:00+00:00,0,0.5461280464306947
2026-03-08 23:20:00+00:00,0,0.5257079462835824
2026-03-08 23:25:00+00:00,0,0.5127565697779894
2026-03-08 23:30:00+00:00,0,0.531131195379558
2026-03-08 23:35:00+00:00,1,0.5416052384416307
2026-03-08 23:40:00+00:00,1,0.558601411275753
2026-03-08 23:45:00+00:00,1,0.5445514015417238
2026-03-08 23:50:00+00:00,1,0.543250891413486
2026-03-08 23:55:00+00:00,1,0.5362575908763371
2026-03-09 00:00:00+00:00,1,0.51280420064741
2026-03-09 00:05:00+00:00,1,0.5444187079204431
2026-03-09 00:10:00+00:00,1,0.5425280349128374
2026-03-09 00:15:00+00:00,1,0.5404326218026203
2026-03-09 00:20:00+00:00,1,0.5277166606201394
2026-03-09 00:25:00+00:00,1,0.5225250233006057
2026-03-09 00:30:00+00:00,0,0.49769702838031316
2026-03-09 00:35:00+00:00,0,0.5283584579502737
2026-03-09 00:40:00+00:00,0,0.5215888962774484
2026-03-09 00:45:00+00:00,1,0.5123291482267032
2026-03-09 00:50:00+00:00,1,0.5324651906778717
2026-03-09 00:55:00+00:00,1,0.5492527016052067
2026-03-09 01:00:00+00:00,1,0.544976483620614
2026-03-09 01:05:00+00:00,1,0.5444903879580184
2026-03-09 01:10:00+00:00,1,0.5525573255081532
2026-03-09 01:15:00+00:00,0,0.5377418875279676
2026-03-09 01:20:00+00:00,0,0.5377008313084407
2026-03-09 01:25:00+00:00,0,0.5372211480171097
2026-03-09 01:30:00+00:00,0,0.5334195204772216
2026-03-09 01:35:00+00:00,0,0.5372255254540653
2026-03-09 01:40:00+00:00,0,0.5463348579135823
2026-03-09 01:45:00+00:00,0,0.533034737288086
2026-03-09 01:50:00+00:00,0,0.5169252191662906
2026-03-09 01:55:00+00:00,0,0.5406511990026223
2026-03-09 02:00:00+00:00,1,0.5318853152606536
2026-03-09 02:05:00+00:00,1,0.5301951021923926
2026-03-09 02:10:00+00:00,1,0.5268402684194339
2026-03-09 02:15:00+00:00,1,0.5262251604193152
2026-03-09 02:20:00+00:00,1,0.5228783863071478
2026-03-09 02:25:00+00:00,1,0.5142202269441056
2026-03-09 02:30:00+00:00,1,0.5246366329236617
2026-03-09 02:35:00+00:00,1,0.5284332733480701
2026-03-09 02:40:00+00:00,1,0.5042900496304001
2026-03-09 02:45:00+00:00,1,0.5059181720831777
2026-03-09 02:50:00+00:00,1,0.5123179298051743
2026-03-09 02:55:00+00:00,1,0.5058128594214278
2026-03-09 03:00:00+00:00,1,0.5024004260515
2026-03-09 03:05:00+00:00,0,0.5359382133457468
2026-03-09 03:10:00+00:00,0,0.5276577734405331
2026-03-09 03:15:00+00:00,0,0.5380869240120952
2026-03-09 03:20:00+00:00,0,0.533320193761526
2026-03-09 03:25:00+00:00,0,0.5338352173695751
2026-03-09 03:30:00+00:00,0,0.5458376936896581
2026-03-09 03:35:00+00:00,0,0.5165414565754894
2026-03-09 03:40:00+00:00,1,0.5115114269293928
2026-03-09 03:45:00+00:00,1,0.5148745950851142
2026-03-09 03:50:00+00:00,1,0.5232401836187356
2026-03-09 03:55:00+00:00,1,0.5270522289986781
2026-03-09 04:00:00+00:00,1,0.5330626552530615
2026-03-09 04:05:00+00:00,1,0.5315051907367514
2026-03-09 04:10:00+00:00,1,0.5354443764988749
2026-03-09 04:15:00+00:00,1,0.5318337445488204
2026-03-09 04:20:00+00:00,1,0.5006615275987735
2026-03-09 04:25:00+00:00,0,0.474187039545926
2026-03-09 04:30:00+00:00,0,0.48775384192248
2026-03-09 04:35:00+00:00,0,0.5020748553426317
2026-03-09 04:40:00+00:00,0,0.5097810369978486
2026-03-09 04:45:00+00:00,0,0.5125547806007907
2026-03-09 04:50:00+00:00,0,0.5188645941493375
2026-03-09 04:55:00+00:00,1,0.5132713031766541
2026-03-09 05:00:00+00:00,1,0.5098775231856
2026-03-09 05:05:00+00:00,1,0.5088395073113401
2026-03-09 05:10:00+00:00,1,0.4834933800751766
2026-03-09 05:15:00+00:00,1,0.4871332074058414
2026-03-09 05:20:00+00:00,1,0.506033949782286
2026-03-09 05:25:00+00:00,1,0.4971768676138577
2026-03-09 05:30:00+00:00,1,0.49914010136077736
2026-03-09 05:35:00+00:00,1,0.4933308116768031
2026-03-09 05:40:00+00:00,0,0.4879350699084009
2026-03-09 05:45:00+00:00,0,0.5092604516487796
2026-03-09 05:50:00+00:00,0,0.4729682542319524
2026-03-09 05:55:00+00:00,0,0.48005784635590715
2026-03-09 06:00:00+00:00,0,0.49197163562477214
2026-03-09 06:05:00+00:00,0,0.5027793922096225
2026-03-09 06:10:00+00:00,0,0.5199980655861594
2026-03-09 06:15:00+00:00,0,0.5223653746725603
2026-03-09 06:20:00+00:00,0,0.5326868833341297
2026-03-09 06:25:00+00:00,0,0.5285053353963304
2026-03-09 06:30:00+00:00,0,0.5343219903266783
2026-03-09 06:35:00+00:00,0,0.517429984797604
2026-03-09 06:40:00+00:00,0,0.5004461322461906
2026-03-09 06:45:00+00:00,0,0.5001601603016697
2026-03-09 06:50:00+00:00,0,0.5047240305716395
2026-03-09 06:55:00+00:00,0,0.4935680852003769
2026-03-09 07:00:00+00:00,1,0.4997391345971566
2026-03-09 07:05:00+00:00,1,0.5104646701896077
2026-03-09 07:10:00+00:00,1,0.5258128584316849
2026-03-09 07:15:00+00:00,1,0.5050882952750194
2026-03-09 07:20:00+00:00,1,0.4950355937382112
2026-03-09 07:25:00+00:00,1,0.49273325731109646
2026-03-09 07:30:00+00:00,0,0.48603148402701996
2026-03-09 07:35:00+00:00,1,0.48780687551587115
2026-03-09 07:40:00+00:00,1,0.4851781233496964
2026-03-09 07:45:00+00:00,0,0.48029804145424043
2026-03-09 07:50:00+00:00,1,0.4924380090336123
2026-03-09 07:55:00+00:00,1,0.48987170622435877
2026-03-09 08:00:00+00:00,1,0.5217412706639933
2026-03-09 08:05:00+00:00,1,0.5295516731156279
2026-03-09 08:10:00+00:00,1,0.5323311998383754
2026-03-09 08:15:00+00:00,1,0.5295742819130828
2026-03-09 08:20:00+00:00,1,0.4981392295340503
2026-03-09 08:25:00+00:00,0,0.4976644509887826
2026-03-09 08:30:00+00:00,0,0.5103764794790377
2026-03-09 08:35:00+00:00,1,0.5083747142088971
2026-03-09 08:40:00+00:00,1,0.505353145858891
2026-03-09 08:45:00+00:00,1,0.5094215997971663
2026-03-09 08:50:00+00:00,1,0.502477710899153
2026-03-09 08:55:00+00:00,1,0.5029047894844392
2026-03-09 09:00:00+00:00,1,0.5099540103068151
2026-03-09 09:05:00+00:00,1,0.5134207910308073
2026-03-09 09:10:00+00:00,1,0.5224535732861715
2026-03-09 09:15:00+00:00,1,0.5196134925931009
2026-03-09 09:20:00+00:00,1,0.5073995947011906
2026-03-09 09:25:00+00:00,0,0.5211962463888058
2026-03-09 09:30:00+00:00,0,0.5155314106026643
2026-03-09 09:35:00+00:00,0,0.5078389743683117
2026-03-09 09:40:00+00:00,0,0.5085568118862308
2026-03-09 09:45:00+00:00,0,0.5226427720861244
2026-03-09 09:50:00+00:00,0,0.5235552811911491
2026-03-09 09:55:00+00:00,0,0.5236348796921821
2026-03-09 10:00:00+00:00,0,0.5291535355232656
2026-03-09 10:05:00+00:00,0,0.5237123882844491
2026-03-09 10:10:00+00:00,0,0.5258012680985609
2026-03-09 10:15:00+00:00,0,0.5246527412931579
2026-03-09 10:20:00+00:00,0,0.5256283577996049
2026-03-09 10:25:00+00:00,0,0.5278215388064788
2026-03-09 10:30:00+00:00,0,0.5249311133290668
2026-03-09 10:35:00+00:00,1,0.5275673428944728
2026-03-09 10:40:00+00:00,1,0.5274226231842956
2026-03-09 10:45:00+00:00,0,0.5287271874464803
2026-03-09 10:50:00+00:00,0,0.5285643804997465
2026-03-09 10:55:00+00:00,0,0.5283978002030069
2026-03-09 11:00:00+00:00,0,0.5343422514120267
2026-03-09 11:05:00+00:00,0,0.5196360892620584
2026-03-09 11:10:00+00:00,0,0.5190143355296085
2026-03-09 11:15:00+00:00,1,0.5377291060357086
2026-03-09 11:20:00+00:00,1,0.513700186644261
2026-03-09 11:25:00+00:00,1,0.5316902535823818
2026-03-09 11:30:00+00:00,1,0.5195253196242585
2026-03-09 11:35:00+00:00,0,0.5279075422762708
2026-03-09 11:40:00+00:00,1,0.5298368958858267
2026-03-09 11:45:00+00:00,1,0.5187227028155419
2026-03-09 11:50:00+00:00,0,0.5126085077674755
2026-03-09 11:55:00+00:00,1,0.5245236697097952
2026-03-09 12:00:00+00:00,1,0.5149058893486755
2026-03-09 12:05:00+00:00,1,0.5263707074306005
2026-03-09 12:10:00+00:00,1,0.5099143189556605
2026-03-09 12:15:00+00:00,0,0.5037440652353661
2026-03-09 12:20:00+00:00,1,0.5125349339313623
2026-03-09 12:25:00+00:00,1,0.5064919627471958
2026-03-09 12:30:00+00:00,1,0.5098182289468436
2026-03-09 12:35:00+00:00,1,0.49101903916662304
2026-03-09 12:40:00+00:00,1,0.5225475185151547
2026-03-09 12:45:00+00:00,1,0.501468156882672
2026-03-09 12:50:00+00:00,1,0.5063021831480654
2026-03-09 12:55:00+00:00,1,0.5221608185471109
2026-03-09 13:00:00+00:00,1,0.4960086939498407
2026-03-09 13:05:00+00:00,1,0.49871666733913345
2026-03-09 13:10:00+00:00,1,0.4781233956742208
2026-03-09 13:15:00+00:00,1,0.5003795390043336
2026-03-09 13:20:00+00:00,1,0.516896385665747
2026-03-09 13:25:00+00:00,1,0.47840990603531725
2026-03-09 13:30:00+00:00,1,0.46244420801117686
2026-03-09 13:35:00+00:00,1,0.4656884101069667
2026-03-09 13:40:00+00:00,0,0.4949586089695383
2026-03-09 13:45:00+00:00,0,0.4831696793038449
2026-03-09 13:50:00+00:00,1,0.5010118627421575
2026-03-09 13:55:00+00:00,0,0.4942135871715429
2026-03-09 14:00:00+00:00,0,0.5290934383885509
2026-03-09 14:05:00+00:00,1,0.5021573344889773
2026-03-09 14:10:00+00:00,1,0.5073627585939873
2026-03-09 14:15:00+00:00,1,0.5313905533657445
2026-03-09 14:20:00+00:00,1,0.5281439079026611
2026-03-09 14:25:00+00:00,1,0.534921575641539
2026-03-09 14:30:00+00:00,1,0.5352939093031985
2026-03-09 14:35:00+00:00,0,0.5521268680726285
2026-03-09 14:40:00+00:00,0,0.5465665566308106
2026-03-09 14:45:00+00:00,0,0.5523963188581575
2026-03-09 14:50:00+00:00,0,0.5386185493287914
2026-03-09 14:55:00+00:00,0,0.5302911485249346
2026-03-09 15:00:00+00:00,0,0.5443330037969114
2026-03-09 15:05:00+00:00,0,0.5355046223691504
2026-03-09 15:10:00+00:00,0,0.5310363524896887
2026-03-09 15:15:00+00:00,0,0.5465554287321556
2026-03-09 15:20:00+00:00,0,0.5391488384696757
2026-03-09 15:25:00+00:00,0,0.5322974619423907
2026-03-09 15:30:00+00:00,1,0.5234167430763539
2026-03-09 15:35:00+00:00,1,0.5268538533232863
2026-03-09 15:40:00+00:00,1,0.5298394554171284
2026-03-09 15:45:00+00:00,0,0.5343433663878648
2026-03-09 15:50:00+00:00,1,0.5220521510776
2026-03-09 15:55:00+00:00,1,0.5062703116717718
2026-03-09 16:00:00+00:00,0,0.5123666597334237
2026-03-09 16:05:00+00:00,1,0.514415229939237
2026-03-09 16:10:00+00:00,1,0.5196071768097752
2026-03-09 16:15:00+00:00,1,0.5295722296481957
2026-03-09 16:20:00+00:00,1,0.5193430155618172
2026-03-09 16:25:00+00:00,1,0.504832618066611
2026-03-09 16:30:00+00:00,1,0.5213387591118256
2026-03-09 16:35:00+00:00,0,0.5172119769142268
2026-03-09 16:40:00+00:00,0,0.5314698790383492
2026-03-09 16:45:00+00:00,0,0.5310477711784782
2026-03-09 16:50:00+00:00,0,0.5267816971707077
2026-03-09 16:55:00+00:00,0,0.5306791780453533
2026-03-09 17:00:00+00:00,0,0.5193183727633304
2026-03-09 17:05:00+00:00,0,0.5204385797762003
2026-03-09 17:10:00+00:00,0,0.5283536529376879
2026-03-09 17:15:00+00:00,0,0.5275125151102877
2026-03-09 17:20:00+00:00,1,0.5281854741934999
2026-03-09 17:25:00+00:00,1,0.5417011707234475
2026-03-09 17:30:00+00:00,0,0.5362719988631468
2026-03-09 17:35:00+00:00,0,0.5349332528311017
2026-03-09 17:40:00+00:00,1,0.5363142319254859
2026-03-09 17:45:00+00:00,1,0.5410579600000284
2026-03-09 17:50:00+00:00,0,0.5046717902888334
2026-03-09 17:55:00+00:00,1,0.5074816045291084
2026-03-09 18:00:00+00:00,1,0.5032138793871039
2026-03-09 18:05:00+00:00,1,0.5283587850518784
2026-03-09 18:10:00+00:00,1,0.5042600424107848
2026-03-09 18:15:00+00:00,0,0.48903429943080173
2026-03-09 18:20:00+00:00,1,0.48714964964907503
2026-03-09 18:25:00+00:00,0,0.47529509548478177
2026-03-09 18:30:00+00:00,0,0.47236702212750326
2026-03-09 18:35:00+00:00,0,0.48465006206004224
2026-03-09 18:40:00+00:00,0,0.5036521975512085
2026-03-09 18:45:00+00:00,1,0.5062210618249965
2026-03-09 18:50:00+00:00,1,0.5192596070495524
2026-03-09 18:55:00+00:00,1,0.5151183096274579
2026-03-09 19:00:00+00:00,1,0.5305571329329276
2026-03-09 19:05:00+00:00,1,0.521924383382285
2026-03-09 19:10:00+00:00,1,0.5292030989532401
2026-03-09 19:15:00+00:00,1,0.5214035251804346
2026-03-09 19:20:00+00:00,0,0.5027353639002599
2026-03-09 19:25:00+00:00,0,0.4909398263008846
2026-03-09 19:30:00+00:00,0,0.4973517249210057
2026-03-09 19:35:00+00:00,0,0.5006420531972835
2026-03-09 19:40:00+00:00,0,0.5142314091781234
2026-03-09 19:45:00+00:00,0,0.5261421386230603
2026-03-09 19:50:00+00:00,0,0.5267267358852828
2026-03-09 19:55:00+00:00,0,0.5267880158152015
2026-03-09 20:00:00+00:00,0,0.5334516261988065
2026-03-09 20:05:00+00:00,0,0.5402191219255738
2026-03-09 20:10:00+00:00,0,0.5477674655935069
2026-03-09 20:15:00+00:00,0,0.554534502457124
2026-03-09 20:20:00+00:00,0,0.5347733834923686
2026-03-09 20:25:00+00:00,0,0.5222501158427104
2026-03-09 20:30:00+00:00,1,0.535354349159856
2026-03-09 20:35:00+00:00,1,0.5411835134461295
2026-03-09 20:40:00+00:00,1,0.5147066012397743
2026-03-09 20:45:00+00:00,1,0.5362500941967571
2026-03-09 20:50:00+00:00,1,0.5260832314288288
2026-03-09 20:55:00+00:00,1,0.5159453494783878
2026-03-09 21:00:00+00:00,0,0.5218086976663813
2026-03-09 21:05:00+00:00,0,0.5245840517786001
2026-03-09 21:10:00+00:00,0,0.522849726945163
2026-03-09 21:15:00+00:00,0,0.5307741082533423
2026-03-09 21:20:00+00:00,0,0.5389776187377068
2026-03-09 21:25:00+00:00,0,0.5379943793162706
2026-03-09 21:30:00+00:00,0,0.5371625640800933
2026-03-09 21:35:00+00:00,0,0.5270519582152573
2026-03-09 21:40:00+00:00,1,0.539930635886415
2026-03-09 21:45:00+00:00,1,0.5258232863220403
2026-03-09 21:50:00+00:00,1,0.5178103439611937
2026-03-09 21:55:00+00:00,1,0.5341287103322007
2026-03-09 22:00:00+00:00,1,0.5309431756774383
2026-03-09 22:05:00+00:00,0,0.5226193964361053
2026-03-09 22:10:00+00:00,0,0.5096721526478264
2026-03-09 22:15:00+00:00,0,0.5102500456535378
2026-03-09 22:20:00+00:00,0,0.5144805804598057
2026-03-09 22:25:00+00:00,0,0.5060944689149997
2026-03-09 22:30:00+00:00,0,0.5152195151373994
2026-03-09 22:35:00+00:00,1,0.5130404178093816
2026-03-09 22:40:00+00:00,0,0.5057420434937321
2026-03-09 22:45:00+00:00,0,0.5028258306572791
2026-03-09 22:50:00+00:00,0,0.507866170761896
2026-03-09 22:55:00+00:00,0,0.5041580153728329
2026-03-09 23:00:00+00:00,0,0.5177767108875728
2026-03-09 23:05:00+00:00,0,0.5032919322422501
2026-03-09 23:10:00+00:00,0,0.498505335713275
2026-03-09 23:15:00+00:00,0,0.5180982640112661
2026-03-09 23:20:00+00:00,0,0.5082962838017535
2026-03-09 23:25:00+00:00,0,0.5163059921724713
2026-03-09 23:30:00+00:00,0,0.5131262004408587
2026-03-09 23:35:00+00:00,0,0.4984924924337665
2026-03-09 23:40:00+00:00,0,0.49150711447019246
2026-03-09 23:45:00+00:00,1,0.4920434101623987
2026-03-09 23:50:00+00:00,1,0.49371603755434623
2026-03-09 23:55:00+00:00,1,0.514060564803622
2026-03-10 00:00:00+00:00,1,0.5188547295398044
2026-03-10 00:05:00+00:00,1,0.5315629871796955
2026-03-10 00:10:00+00:00,1,0.5329270855725451
2026-03-10 00:15:00+00:00,1,0.5063352651658346
2026-03-10 00:20:00+00:00,1,0.5056117139798756
2026-03-10 00:25:00+00:00,0,0.485529425147216
2026-03-10 00:30:00+00:00,0,0.4795650008767071
2026-03-10 00:35:00+00:00,0,0.48809486982325817
2026-03-10 00:40:00+00:00,0,0.49607814577685816
2026-03-10 00:45:00+00:00,0,0.49835894507924333
2026-03-10 00:50:00+00:00,0,0.5146355881013506
2026-03-10 00:55:00+00:00,0,0.5098934721799472
2026-03-10 01:00:00+00:00,0,0.5126707838723841
2026-03-10 01:05:00+00:00,0,0.513421797408406
2026-03-10 01:10:00+00:00,0,0.5005268814811302
2026-03-10 01:15:00+00:00,0,0.5139957199645295
2026-03-10 01:20:00+00:00,1,0.5130232295280879
2026-03-10 01:25:00+00:00,1,0.5232730073852501
2026-03-10 01:30:00+00:00,1,0.5075896455549067
2026-03-10 01:35:00+00:00,1,0.5156857881225112
2026-03-10 01:40:00+00:00,1,0.5147275172715887
2026-03-10 01:45:00+00:00,1,0.5039799396316035
2026-03-10 01:50:00+00:00,0,0.49875784515169497
2026-03-10 01:55:00+00:00,0,0.49176220792247327
2026-03-10 02:00:00+00:00,1,0.5094447096800371
2026-03-10 02:05:00+00:00,1,0.5099819830759684
2026-03-10 02:10:00+00:00,1,0.5145314133252417
2026-03-10 02:15:00+00:00,1,0.5011208670270663
2026-03-10 02:20:00+00:00,1,0.4963737646470423
2026-03-10 02:25:00+00:00,1,0.5005605458474062
2026-03-10 02:30:00+00:00,0,0.5079673422935649
2026-03-10 02:35:00+00:00,1,0.5018788127505959
2026-03-10 02:40:00+00:00,0,0.5053690879412348
2026-03-10 02:45:00+00:00,0,0.4920767210354676
2026-03-10 02:50:00+00:00,0,0.5023236502876521
2026-03-10 02:55:00+00:00,0,0.5025221468043093
2026-03-10 03:00:00+00:00,1,0.49199337327994513
2026-03-10 03:05:00+00:00,0,0.4972636568621072
2026-03-10 03:10:00+00:00,0,0.5068089404860175
2026-03-10 03:15:00+00:00,0,0.5022470554628388
2026-03-10 03:20:00+00:00,0,0.5217485555291023
2026-03-10 03:25:00+00:00,0,0.5178553460269795
2026-03-10 03:30:00+00:00,0,0.5424392520321234
2026-03-10 03:35:00+00:00,0,0.5407270071537924
2026-03-10 03:40:00+00:00,0,0.5314109879371063
2026-03-10 03:45:00+00:00,0,0.5166373651603063
2026-03-10 03:50:00+00:00,1,0.5040506699277323
2026-03-10 03:55:00+00:00,1,0.4994011894856342
2026-03-10 04:00:00+00:00,1,0.47525797456887603
2026-03-10 04:05:00+00:00,1,0.4937849058657455
2026-03-10 04:10:00+00:00,1,0.4911753169209095
2026-03-10 04:15:00+00:00,1,0.49723691851396135
2026-03-10 04:20:00+00:00,1,0.49701779592735895
2026-03-10 04:25:00+00:00,1,0.5022230665166789
2026-03-10 04:30:00+00:00,1,0.5004638187749825
2026-03-10 04:35:00+00:00,1,0.47738850229698976
2026-03-10 04:40:00+00:00,1,0.4770031437237313
2026-03-10 04:45:00+00:00,1,0.4705330061952723
2026-03-10 04:50:00+00:00,1,0.47741480288249477
2026-03-10 04:55:00+00:00,1,0.48138546590297204
2026-03-10 05:00:00+00:00,1,0.4750349387778784
2026-03-10 05:05:00+00:00,0,0.4715086501195832
2026-03-10 05:10:00+00:00,0,0.4812045540214197
2026-03-10 05:15:00+00:00,0,0.4696962971815843
2026-03-10 05:20:00+00:00,0,0.49176965167770664
2026-03-10 05:25:00+00:00,0,0.49080289460359156
2026-03-10 05:30:00+00:00,0,0.49034389797361533
2026-03-10 05:35:00+00:00,0,0.5288456881143571
2026-03-10 05:40:00+00:00,0,0.5272303107737641
2026-03-10 05:45:00+00:00,0,0.5162730982418459
2026-03-10 05:50:00+00:00,0,0.5193737257126521
2026-03-10 05:55:00+00:00,1,0.5161622412677798
2026-03-10 06:00:00+00:00,1,0.5140067328789341
2026-03-10 06:05:00+00:00,1,0.4950450414737615
2026-03-10 06:10:00+00:00,1,0.5050581305466364
2026-03-10 06:15:00+00:00,1,0.520818966978135
2026-03-10 06:20:00+00:00,1,0.51044389221352
2026-03-10 06:25:00+00:00,0,0.5155260860174065
2026-03-10 06:30:00+00:00,0,0.5121548089410187
2026-03-10 06:35:00+00:00,0,0.5099979093153267
2026-03-10 06:40:00+00:00,1,0.515466904880528
2026-03-10 06:45:00+00:00,1,0.5095347846718501
2026-03-10 06:50:00+00:00,1,0.518176985916163
2026-03-10 06:55:00+00:00,1,0.5185041930774703
2026-03-10 07:00:00+00:00,1,0.5103041121672567
2026-03-10 07:05:00+00:00,1,0.4907569116531596
2026-03-10 07:10:00+00:00,1,0.4955044544842118
2026-03-10 07:15:00+00:00,1,0.5007341067852441
2026-03-10 07:20:00+00:00,0,0.49994074759004176
2026-03-10 07:25:00+00:00,1,0.5087119839696902
2026-03-10 07:30:00+00:00,1,0.4972319170980724
2026-03-10 07:35:00+00:00,1,0.5010374702147731
2026-03-10 07:40:00+00:00,1,0.4916397654631296
2026-03-10 07:45:00+00:00,1,0.5100649056237356
2026-03-10 07:50:00+00:00,1,0.5082051261821575
2026-03-10 07:55:00+00:00,1,0.5167181602688542
2026-03-10 08:00:00+00:00,1,0.5078049901241155
2026-03-10 08:05:00+00:00,0,0.48923380397234967
2026-03-10 08:10:00+00:00,1,0.4824987276414127
2026-03-10 08:15:00+00:00,0,0.48476805426141545
2026-03-10 08:20:00+00:00,0,0.49229531653378533
2026-03-10 08:25:00+00:00,0,0.49533468696975996
2026-03-10 08:30:00+00:00,0,0.49739413524396764
2026-03-10 08:35:00+00:00,0,0.5065168871626751
2026-03-10 08:40:00+00:00,0,0.5000063790369441
2026-03-10 08:45:00+00:00,0,0.4945197981991044
2026-03-10 08:50:00+00:00,1,0.492993336812453
2026-03-10 08:55:00+00:00,1,0.5012476481658832
2026-03-10 09:00:00+00:00,1,0.49877454712172375
2026-03-10 09:05:00+00:00,1,0.501751659156201
2026-03-10 09:10:00+00:00,1,0.493652113673819
2026-03-10 09:15:00+00:00,1,0.49447545707977525
2026-03-10 09:20:00+00:00,0,0.4762503307710257
2026-03-10 09:25:00+00:00,0,0.48633890222285503
2026-03-10 09:30:00+00:00,1,0.49336261466495085
2026-03-10 09:35:00+00:00,0,0.49078766308748295
2026-03-10 09:40:00+00:00,0,0.492602198002091
2026-03-10 09:45:00+00:00,0,0.49544786896722476
2026-03-10 09:50:00+00:00,0,0.49559490555717844
2026-03-10 09:55:00+00:00,0,0.49194999981545795
2026-03-10 10:00:00+00:00,0,0.5028742945115428
2026-03-10 10:05:00+00:00,0,0.5095109849348828
2026-03-10 10:10:00+00:00,0,0.49946711505822117
2026-03-10 10:15:00+00:00,0,0.5141753508790515
2026-03-10 10:20:00+00:00,1,0.5142464356359773
2026-03-10 10:25:00+00:00,0,0.508233928338637
2026-03-10 10:30:00+00:00,0,0.5104154454430566
2026-03-10 10:35:00+00:00,1,0.5150164245439793
2026-03-10 10:40:00+00:00,0,0.5071989636634306
2026-03-10 10:45:00+00:00,0,0.5096353448691224
2026-03-10 10:50:00+00:00,0,0.5025500055053217
2026-03-10 10:55:00+00:00,0,0.4975025261502778
2026-03-10 11:00:00+00:00,0,0.5040093813773274
2026-03-10 11:05:00+00:00,0,0.5197197414306325
2026-03-10 11:10:00+00:00,1,0.5252742568345288
2026-03-10 11:15:00+00:00,1,0.5275327653671998
2026-03-10 11:20:00+00:00,0,0.5138066892070617
2026-03-10 11:25:00+00:00,0,0.5115540986031313
2026-03-10 11:30:00+00:00,0,0.5128084865095972
2026-03-10 11:35:00+00:00,0,0.5142532987274241
2026-03-10 11:40:00+00:00,0,0.5206092390298089
2026-03-10 11:45:00+00:00,0,0.517223629635421
2026-03-10 11:50:00+00:00,0,0.5287478607288666
2026-03-10 11:55:00+00:00,0,0.522404313234039
2026-03-10 12:00:00+00:00,0,0.5323151084539017
2026-03-10 12:05:00+00:00,1,0.539182971095338
2026-03-10 12:10:00+00:00,1,0.5440471322872044
2026-03-10 12:15:00+00:00,1,0.529440273685728
2026-03-10 12:20:00+00:00,1,0.530217177601203
2026-03-10 12:25:00+00:00,1,0.5385756819177524
2026-03-10 12:30:00+00:00,1,0.5462816588280196
2026-03-10 12:35:00+00:00,1,0.5394789366884347
2026-03-10 12:40:00+00:00,1,0.5287827558328293
2026-03-10 12:45:00+00:00,1,0.5181779803875215
2026-03-10 12:50:00+00:00,1,0.5130146353758879
2026-03-10 12:55:00+00:00,1,0.5083500301123375
2026-03-10 13:00:00+00:00,0,0.5001689413357204
2026-03-10 13:05:00+00:00,0,0.5055093302710061
2026-03-10 13:10:00+00:00,0,0.5010310315710386
2026-03-10 13:15:00+00:00,0,0.4951561290039843
2026-03-10 13:20:00+00:00,0,0.5023171212308521
2026-03-10 13:25:00+00:00,0,0.4961220030204379
2026-03-10 13:30:00+00:00,0,0.5163585995601504
2026-03-10 13:35:00+00:00,0,0.539932895848551
2026-03-10 13:40:00+00:00,0,0.5344164922856482
2026-03-10 13:45:00+00:00,0,0.5172241721476877
2026-03-10 13:50:00+00:00,0,0.5031695912808093
2026-03-10 13:55:00+00:00,0,0.49179712459617575
2026-03-10 14:00:00+00:00,1,0.4826084530080606
2026-03-10 14:05:00+00:00,1,0.4872145651179627
2026-03-10 14:10:00+00:00,1,0.49819615839200454
2026-03-10 14:15:00+00:00,1,0.479561916833235
2026-03-10 14:20:00+00:00,1,0.4737314273298819
2026-03-10 14:25:00+00:00,1,0.5097972462760599
2026-03-10 14:30:00+00:00,1,0.4998413725314423
2026-03-10 14:35:00+00:00,1,0.4863329149991358
2026-03-10 14:40:00+00:00,1,0.4767293633257943
2026-03-10 14:45:00+00:00,1,0.4966353723824912
2026-03-10 14:50:00+00:00,1,0.5121093463405331
2026-03-10 14:55:00+00:00,0,0.5093256531970431
2026-03-10 15:00:00+00:00,0,0.5000758691600058
2026-03-10 15:05:00+00:00,0,0.50481125588594
2026-03-10 15:10:00+00:00,1,0.5332143865559588
2026-03-10 15:15:00+00:00,1,0.5325572721573634
2026-03-10 15:20:00+00:00,0,0.5324576410702404
2026-03-10 15:25:00+00:00,1,0.5206502905230449
2026-03-10 15:30:00+00:00,1,0.5204802989329851
2026-03-10 15:35:00+00:00,1,0.5324557029596152
2026-03-10 15:40:00+00:00,1,0.544466274033517
2026-03-10 15:45:00+00:00,1,0.5383709768316096
2026-03-10 15:50:00+00:00,1,0.5181401112686248
2026-03-10 15:55:00+00:00,1,0.5050710970848177
2026-03-10 16:00:00+00:00,1,0.5457597650504511
2026-03-10 16:05:00+00:00,1,0.5456047090072418
2026-03-10 16:10:00+00:00,1,0.5541647227652261
2026-03-10 16:15:00+00:00,0,0.5300403680787669
2026-03-10 16:20:00+00:00,1,0.5371080866248057
2026-03-10 16:25:00+00:00,0,0.5192787474886784
2026-03-10 16:30:00+00:00,1,0.5221989228152164
2026-03-10 16:35:00+00:00,1,0.5094284434034902
2026-03-10 16:40:00+00:00,0,0.4983959359312019
2026-03-10 16:45:00+00:00,1,0.5106161775240124
2026-03-10 16:50:00+00:00,0,0.526379069082224
2026-03-10 16:55:00+00:00,0,0.511404583019131
2026-03-10 17:00:00+00:00,0,0.5140829070484122
2026-03-10 17:05:00+00:00,0,0.503056630360967
2026-03-10 17:10:00+00:00,0,0.5089929229378602
2026-03-10 17:15:00+00:00,0,0.5146478212618198
2026-03-10 17:20:00+00:00,0,0.50825438168288
2026-03-10 17:25:00+00:00,0,0.5054067990123037
2026-03-10 17:30:00+00:00,0,0.5010006488627222
2026-03-10 17:35:00+00:00,0,0.4821968037310471
2026-03-10 17:40:00+00:00,0,0.5009602404150361
2026-03-10 17:45:00+00:00,0,0.49649702102877236
2026-03-10 17:50:00+00:00,0,0.49246126894484743
2026-03-10 17:55:00+00:00,0,0.4909828970031915
2026-03-10 18:00:00+00:00,0,0.4849715798125298
2026-03-10 18:05:00+00:00,0,0.5191599493055956
2026-03-10 18:10:00+00:00,0,0.49461657052958746
2026-03-10 18:15:00+00:00,0,0.5198465846596207
2026-03-10 18:20:00+00:00,0,0.5120015019191636
2026-03-10 18:25:00+00:00,0,0.5123019955540741
2026-03-10 18:30:00+00:00,0,0.5196338408970946
2026-03-10 18:35:00+00:00,0,0.505695089204533
2026-03-10 18:40:00+00:00,0,0.5115507509242314
2026-03-10 18:45:00+00:00,0,0.5115530807278997
2026-03-10 18:50:00+00:00,0,0.5063470656122527
2026-03-10 18:55:00+00:00,0,0.5238192500415568
2026-03-10 19:00:00+00:00,0,0.49292069834750735
2026-03-10 19:05:00+00:00,0,0.5069850481943892
2026-03-10 19:10:00+00:00,1,0.5306262952858608
2026-03-10 19:15:00+00:00,0,0.5069245884368193
2026-03-10 19:20:00+00:00,0,0.48597636288876767
2026-03-10 19:25:00+00:00,1,0.5030246871328097
2026-03-10 19:30:00+00:00,1,0.5155716670661856
2026-03-10 19:35:00+00:00,1,0.49006261118011285
2026-03-10 19:40:00+00:00,0,0.49139100906639055
2026-03-10 19:45:00+00:00,1,0.4886320832190541
2026-03-10 19:50:00+00:00,1,0.490418650543439
2026-03-10 19:55:00+00:00,1,0.4874021444593703
2026-03-10 20:00:00+00:00,0,0.4960949373459962
2026-03-10 20:05:00+00:00,1,0.5111240152716496
2026-03-10 20:10:00+00:00,1,0.5141177092791063
2026-03-10 20:15:00+00:00,0,0.514622981822446
2026-03-10 20:20:00+00:00,0,0.5216681504364199
2026-03-10 20:25:00+00:00,0,0.5043687901470341
2026-03-10 20:30:00+00:00,1,0.5288608007480043
2026-03-10 20:35:00+00:00,1,0.5273740438000887
2026-03-10 20:40:00+00:00,0,0.5169164368850294
2026-03-10 20:45:00+00:00,0,0.5117019835419763
2026-03-10 20:50:00+00:00,0,0.5167435696300822
2026-03-10 20:55:00+00:00,0,0.513755512953649
2026-03-10 21:00:00+00:00,0,0.5174385404183313
2026-03-10 21:05:00+00:00,0,0.5349825510934276
2026-03-10 21:10:00+00:00,0,0.5159821899698959
2026-03-10 21:15:00+00:00,0,0.5028302097189193
2026-03-10 21:20:00+00:00,0,0.5082962498637994
2026-03-10 21:25:00+00:00,0,0.5037998940510057
2026-03-10 21:30:00+00:00,0,0.5095794769317616
2026-03-10 21:35:00+00:00,0,0.5306384929904522
2026-03-10 21:40:00+00:00,0,0.5219616647863339
2026-03-10 21:45:00+00:00,0,0.5194846335576582
2026-03-10 21:50:00+00:00,0,0.5047222202105146
2026-03-10 21:55:00+00:00,0,0.5001851568274461
2026-03-10 22:00:00+00:00,0,0.5137995770141512
2026-03-10 22:05:00+00:00,1,0.5307541213512984
2026-03-10 22:10:00+00:00,1,0.5272042036777651
2026-03-10 22:15:00+00:00,1,0.5388774063882141
2026-03-10 22:20:00+00:00,0,0.5065060258689379
2026-03-10 22:25:00+00:00,0,0.5155727071069373
2026-03-10 22:30:00+00:00,1,0.5237363011201162
2026-03-10 22:35:00+00:00,1,0.5130603878395701
2026-03-10 22:40:00+00:00,1,0.5066509670612214
2026-03-10 22:45:00+00:00,1,0.5006247966806787
2026-03-10 22:50:00+00:00,1,0.515574888931119
2026-03-10 22:55:00+00:00,0,0.5077395216050993
2026-03-10 23:00:00+00:00,0,0.5066123757708687
2026-03-10 23:05:00+00:00,0,0.47454910098673647
2026-03-10 23:10:00+00:00,0,0.4875961111663668
2026-03-10 23:15:00+00:00,0,0.4941641665788643
2026-03-10 23:20:00+00:00,1,0.4966885541157772
2026-03-10 23:25:00+00:00,1,0.5132774659227396
2026-03-10 23:30:00+00:00,1,0.5039108046017202
2026-03-10 23:35:00+00:00,1,0.4987152868246936
2026-03-10 23:40:00+00:00,1,0.4911162049245568
2026-03-10 23:45:00+00:00,1,0.48754401164709016
2026-03-10 23:50:00+00:00,1,0.4661337613957997
2026-03-10 23:55:00+00:00,1,0.463781220488464
2026-03-11 00:00:00+00:00,1,0.4736540724836882
2026-03-11 00:05:00+00:00,0,0.4764233903571549
2026-03-11 00:10:00+00:00,0,0.4551718309454651
2026-03-11 00:15:00+00:00,1,0.48616668206820896
2026-03-11 00:20:00+00:00,1,0.48448537100928224
2026-03-11 00:25:00+00:00,1,0.4860646416754857
2026-03-11 00:30:00+00:00,1,0.49798085644801093
2026-03-11 00:35:00+00:00,1,0.49371969197002774
2026-03-11 00:40:00+00:00,1,0.49102983092941543
2026-03-11 00:45:00+00:00,1,0.4829447710662448
2026-03-11 00:50:00+00:00,0,0.4860896753573463
2026-03-11 00:55:00+00:00,1,0.5065319345698737
2026-03-11 01:00:00+00:00,0,0.5040144165693402
2026-03-11 01:05:00+00:00,0,0.5119331033675537
2026-03-11 01:10:00+00:00,0,0.5050232475834062
2026-03-11 01:15:00+00:00,0,0.5037187985354975
2026-03-11 01:20:00+00:00,1,0.5041053327604379
2026-03-11 01:25:00+00:00,1,0.49264615584599464
2026-03-11 01:30:00+00:00,1,0.4966498785413892
2026-03-11 01:35:00+00:00,1,0.5057116533315594
2026-03-11 01:40:00+00:00,1,0.4941322039164755
2026-03-11 01:45:00+00:00,1,0.48965777515681824
2026-03-11 01:50:00+00:00,0,0.49032194228066783
2026-03-11 01:55:00+00:00,0,0.4820142034156811
2026-03-11 02:00:00+00:00,0,0.47989178270132
2026-03-11 02:05:00+00:00,0,0.4679581168096485
2026-03-11 02:10:00+00:00,0,0.47291976711672506
2026-03-11 02:15:00+00:00,0,0.4835867865775977
2026-03-11 02:20:00+00:00,0,0.48714073871875135
2026-03-11 02:25:00+00:00,0,0.48289985466939067
2026-03-11 02:30:00+00:00,0,0.4876418949581973
2026-03-11 02:35:00+00:00,1,0.5040520956207337
2026-03-11 02:40:00+00:00,1,0.49847151319557836
2026-03-11 02:45:00+00:00,0,0.48991721095825547
2026-03-11 02:50:00+00:00,0,0.5004349749088325
2026-03-11 02:55:00+00:00,0,0.49791793052759686
2026-03-11 03:00:00+00:00,0,0.4895174243586235
2026-03-11 03:05:00+00:00,0,0.4883671629310017
2026-03-11 03:10:00+00:00,0,0.49252751914291737
2026-03-11 03:15:00+00:00,1,0.4904243515968827
2026-03-11 03:20:00+00:00,1,0.5193277960178737
2026-03-11 03:25:00+00:00,1,0.5369939072883744
2026-03-11 03:30:00+00:00,0,0.5360019966590227
2026-03-11 03:35:00+00:00,0,0.5289362616212525
2026-03-11 03:40:00+00:00,1,0.5222629337899246
2026-03-11 03:45:00+00:00,1,0.5135957747065808
2026-03-11 03:50:00+00:00,1,0.5073867993671421
2026-03-11 03:55:00+00:00,1,0.5068151516888542
2026-03-11 04:00:00+00:00,1,0.5040353720113859
2026-03-11 04:05:00+00:00,1,0.5222093127901627
2026-03-11 04:10:00+00:00,1,0.5029070525613465
2026-03-11 04:15:00+00:00,1,0.5010891717192049
2026-03-11 04:20:00+00:00,1,0.49407813338384554
2026-03-11 04:25:00+00:00,1,0.49057627879711635
2026-03-11 04:30:00+00:00,1,0.4644428556959149
2026-03-11 04:35:00+00:00,1,0.4605793248870313
2026-03-11 04:40:00+00:00,1,0.4625223254288821
2026-03-11 04:45:00+00:00,0,0.4539658728278521
2026-03-11 04:50:00+00:00,0,0.4617240623396338
2026-03-11 04:55:00+00:00,0,0.45816130731125027
2026-03-11 05:00:00+00:00,0,0.4510190460862607
2026-03-11 05:05:00+00:00,0,0.4724965547773759
2026-03-11 05:10:00+00:00,0,0.47544476151989745
2026-03-11 05:15:00+00:00,0,0.4811378122259538
2026-03-11 05:20:00+00:00,0,0.49364079973422176
2026-03-11 05:25:00+00:00,0,0.48296780580248416
2026-03-11 05:30:00+00:00,0,0.48129733713518064
2026-03-11 05:35:00+00:00,0,0.49966543503454275
2026-03-11 05:40:00+00:00,0,0.4863555409586451
2026-03-11 05:45:00+00:00,1,0.5030711139985425
2026-03-11 05:50:00+00:00,1,0.5087090767002389
2026-03-11 05:55:00+00:00,1,0.5202487331223817
2026-03-11 06:00:00+00:00,1,0.511353959881085
2026-03-11 06:05:00+00:00,1,0.5048607690489262
2026-03-11 06:10:00+00:00,1,0.5003247254574132
2026-03-11 06:15:00+00:00,0,0.4955838395984518
2026-03-11 06:20:00+00:00,1,0.4876010644231848
2026-03-11 06:25:00+00:00,1,0.4771201283329954
2026-03-11 06:30:00+00:00,0,0.4658709738515158
2026-03-11 06:35:00+00:00,0,0.4664139435101723
2026-03-11 06:40:00+00:00,1,0.49672478562897193
2026-03-11 06:45:00+00:00,1,0.5179336073420985
2026-03-11 06:50:00+00:00,0,0.5078537378073682
2026-03-11 06:55:00+00:00,0,0.5085612689918897
2026-03-11 07:00:00+00:00,0,0.4935667841025825
2026-03-11 07:05:00+00:00,0,0.4907230495238099
2026-03-11 07:10:00+00:00,0,0.48866618267295386
2026-03-11 07:15:00+00:00,0,0.49977720082759775
2026-03-11 07:20:00+00:00,0,0.4995298043428866
2026-03-11 07:25:00+00:00,0,0.513680455434853
2026-03-11 07:30:00+00:00,0,0.5138487742785622
2026-03-11 07:35:00+00:00,1,0.5266024584842564
2026-03-11 07:40:00+00:00,1,0.512733907715992
2026-03-11 07:45:00+00:00,0,0.5125786530948708
2026-03-11 07:50:00+00:00,0,0.5180044881667828
2026-03-11 07:55:00+00:00,0,0.5091813700284311
2026-03-11 08:00:00+00:00,0,0.5035574781916979
2026-03-11 08:05:00+00:00,1,0.5105949700071772
2026-03-11 08:10:00+00:00,1,0.5065000747824727
2026-03-11 08:15:00+00:00,0,0.5100743617678682
2026-03-11 08:20:00+00:00,1,0.5212695080973755
2026-03-11 08:25:00+00:00,1,0.5362657178888407
2026-03-11 08:30:00+00:00,0,0.4923863078891737
2026-03-11 08:35:00+00:00,0,0.47741392769998303
2026-03-11 08:40:00+00:00,0,0.4862710133289835
2026-03-11 08:45:00+00:00,1,0.49520043742568787
2026-03-11 08:50:00+00:00,1,0.4962369758128287
2026-03-11 08:55:00+00:00,0,0.4989108448012393
2026-03-11 09:00:00+00:00,0,0.4858798988918016
2026-03-11 09:05:00+00:00,0,0.494495811668076
2026-03-11 09:10:00+00:00,1,0.49056563444736956
2026-03-11 09:15:00+00:00,1,0.497585219778071
2026-03-11 09:20:00+00:00,0,0.4893604202795083
2026-03-11 09:25:00+00:00,0,0.4939760005345193
2026-03-11 09:30:00+00:00,0,0.4977498040222781
2026-03-11 09:35:00+00:00,0,0.4991837574662411
2026-03-11 09:40:00+00:00,0,0.4942691967877008
2026-03-11 09:45:00+00:00,0,0.4848352530325813
2026-03-11 09:50:00+00:00,0,0.5088032628798929
2026-03-11 09:55:00+00:00,1,0.5300898985075807
2026-03-11 10:00:00+00:00,1,0.5125554930445987
2026-03-11 10:05:00+00:00,1,0.4836242241040017
2026-03-11 10:10:00+00:00,1,0.48429367093851466
2026-03-11 10:15:00+00:00,1,0.4877768896471433
2026-03-11 10:20:00+00:00,1,0.49080493640857187
2026-03-11 10:25:00+00:00,1,0.48220818992139697
2026-03-11 10:30:00+00:00,0,0.485678386782933
2026-03-11 10:35:00+00:00,1,0.4877047610730387
2026-03-11 10:40:00+00:00,0,0.4815851130817436
2026-03-11 10:45:00+00:00,0,0.4790722798890525
2026-03-11 10:50:00+00:00,0,0.47997373505326396
2026-03-11 10:55:00+00:00,0,0.4763811580104092
2026-03-11 11:00:00+00:00,1,0.4971591024300012
2026-03-11 11:05:00+00:00,0,0.490598410248772
2026-03-11 11:10:00+00:00,0,0.4834679021778798
2026-03-11 11:15:00+00:00,0,0.4708883424703608
2026-03-11 11:20:00+00:00,0,0.4657914576233479
2026-03-11 11:25:00+00:00,0,0.4823812227266508
2026-03-11 11:30:00+00:00,0,0.48937982935883384
2026-03-11 11:35:00+00:00,0,0.5010139900975766
2026-03-11 11:40:00+00:00,1,0.5269566640293094
2026-03-11 11:45:00+00:00,1,0.5327927391426759
2026-03-11 11:50:00+00:00,1,0.5307986267377596
2026-03-11 11:55:00+00:00,1,0.534522726611083
2026-03-11 12:00:00+00:00,1,0.527793844525252
2026-03-11 12:05:00+00:00,1,0.5339447914273507
2026-03-11 12:10:00+00:00,1,0.4992737741763665
2026-03-11 12:15:00+00:00,1,0.5058243433692655
2026-03-11 12:20:00+00:00,1,0.46336411785649184
2026-03-11 12:25:00+00:00,1,0.45972500265539373
2026-03-11 12:30:00+00:00,1,0.45971816731620874
2026-03-11 12:35:00+00:00,1,0.44450777224707466
2026-03-11 12:40:00+00:00,1,0.4709987835386966
2026-03-11 12:45:00+00:00,1,0.47045357552509637
2026-03-11 12:50:00+00:00,1,0.4710933367925214
2026-03-11 12:55:00+00:00,1,0.48620490016453816
2026-03-11 13:00:00+00:00,1,0.48310293571099205
2026-03-11 13:05:00+00:00,1,0.46349723352895844
2026-03-11 13:10:00+00:00,1,0.4537126976654265
2026-03-11 13:15:00+00:00,0,0.4477376523768105
2026-03-11 13:20:00+00:00,0,0.44450152465705717
2026-03-11 13:25:00+00:00,0,0.44649133040509603
2026-03-11 13:30:00+00:00,0,0.436782026624902
2026-03-11 13:35:00+00:00,0,0.4431247371508535
2026-03-11 13:40:00+00:00,0,0.4557016250510119
2026-03-11 13:45:00+00:00,1,0.447830431417549
2026-03-11 13:50:00+00:00,1,0.48021027201887184
2026-03-11 13:55:00+00:00,1,0.4605817932595359
2026-03-11 14:00:00+00:00,1,0.4604424766208811
2026-03-11 14:05:00+00:00,1,0.4660014585573611
2026-03-11 14:10:00+00:00,1,0.46999197934219494
2026-03-11 14:15:00+00:00,1,0.463093316139636
2026-03-11 14:20:00+00:00,1,0.4709070404517123
2026-03-11 14:25:00+00:00,0,0.4841571690582464
2026-03-11 14:30:00+00:00,0,0.5081128480510201
2026-03-11 14:35:00+00:00,0,0.49272769678738976
2026-03-11 14:40:00+00:00,0,0.4835792244909022
2026-03-11 14:45:00+00:00,0,0.48535164124783775
2026-03-11 14:50:00+00:00,0,0.4900076044635842
2026-03-11 14:55:00+00:00,0,0.4888156051182641
2026-03-11 15:00:00+00:00,0,0.5053807305196698
2026-03-11 15:05:00+00:00,0,0.5098963452590584
2026-03-11 15:10:00+00:00,0,0.48840208150623104
2026-03-11 15:15:00+00:00,0,0.5051383170477982
2026-03-11 15:20:00+00:00,0,0.5074785160161642
2026-03-11 15:25:00+00:00,0,0.4985303659693879
2026-03-11 15:30:00+00:00,1,0.4750419765742236
2026-03-11 15:35:00+00:00,1,0.4769818191463363
2026-03-11 15:40:00+00:00,1,0.4820843611516555
2026-03-11 15:45:00+00:00,1,0.4856590922911996
2026-03-11 15:50:00+00:00,1,0.4634587400873935
2026-03-11 15:55:00+00:00,1,0.4717781142819364
2026-03-11 16:00:00+00:00,1,0.4622439129218829
2026-03-11 16:05:00+00:00,1,0.4733420028520831
2026-03-11 16:10:00+00:00,1,0.4671270001220935
2026-03-11 16:15:00+00:00,1,0.474831354928266
2026-03-11 16:20:00+00:00,1,0.48476138415767706
2026-03-11 16:25:00+00:00,1,0.5048886937067232
2026-03-11 16:30:00+00:00,1,0.501775173027032
2026-03-11 16:35:00+00:00,1,0.5003415406793454
2026-03-11 16:40:00+00:00,1,0.4743561178287951
2026-03-11 16:45:00+00:00,1,0.4765728631649136
2026-03-11 16:50:00+00:00,1,0.4901764146517722
2026-03-11 16:55:00+00:00,1,0.4853771420917838
2026-03-11 17:00:00+00:00,1,0.509045659876741
2026-03-11 17:05:00+00:00,1,0.5044907532224658
2026-03-11 17:10:00+00:00,1,0.4768989719558848
2026-03-11 17:15:00+00:00,1,0.4961720270545187
2026-03-11 17:20:00+00:00,0,0.5049836011071944
2026-03-11 17:25:00+00:00,0,0.49308980766728955
2026-03-11 17:30:00+00:00,1,0.505713474932196
2026-03-11 17:35:00+00:00,1,0.5054777744073088
2026-03-11 17:40:00+00:00,1,0.5337742451106349
2026-03-11 17:45:00+00:00,1,0.5065238678034243
2026-03-11 17:50:00+00:00,1,0.5194926555462726
2026-03-11 17:55:00+00:00,1,0.5025402968290158
2026-03-11 18:00:00+00:00,0,0.4773497517916326
2026-03-11 18:05:00+00:00,0,0.47980474199294004
2026-03-11 18:10:00+00:00,0,0.4687370040171444
2026-03-11 18:15:00+00:00,1,0.47777712335184025
2026-03-11 18:20:00+00:00,1,0.498496090814962
2026-03-11 18:25:00+00:00,1,0.5032760455910803
2026-03-11 18:30:00+00:00,1,0.5163168211400377
2026-03-11 18:35:00+00:00,0,0.4922974377363945
2026-03-11 18:40:00+00:00,0,0.4875838920124212
2026-03-11 18:45:00+00:00,0,0.4885040330826931
2026-03-11 18:50:00+00:00,0,0.48595226233819466
2026-03-11 18:55:00+00:00,0,0.4833045924854114
2026-03-11 19:00:00+00:00,0,0.4835109512837225
2026-03-11 19:05:00+00:00,1,0.48369253223800346
2026-03-11 19:10:00+00:00,0,0.4757599793466663
2026-03-11 19:15:00+00:00,0,0.4871928191510476
2026-03-11 19:20:00+00:00,0,0.4700099517441844
2026-03-11 19:25:00+00:00,1,0.4860994841925603
2026-03-11 19:30:00+00:00,0,0.46804373622832934
2026-03-11 19:35:00+00:00,0,0.4666460938886198
2026-03-11 19:40:00+00:00,0,0.4446823290622537
2026-03-11 19:45:00+00:00,1,0.4665415354304388
2026-03-11 19:50:00+00:00,0,0.4656311295903732
2026-03-11 19:55:00+00:00,0,0.4806802539711005
2026-03-11 20:00:00+00:00,1,0.4906419606189495
2026-03-11 20:05:00+00:00,0,0.49947605450397314
2026-03-11 20:10:00+00:00,1,0.5042673405496099
2026-03-11 20:15:00+00:00,1,0.49349550670486175
2026-03-11 20:20:00+00:00,1,0.5007558669564027
2026-03-11 20:25:00+00:00,1,0.5116023797080674
2026-03-11 20:30:00+00:00,1,0.4932145519081469
2026-03-11 20:35:00+00:00,1,0.4804335817226702
2026-03-11 20:40:00+00:00,0,0.49253333980557945
2026-03-11 20:45:00+00:00,0,0.4772062818766297
2026-03-11 20:50:00+00:00,1,0.4782205370930678
2026-03-11 20:55:00+00:00,0,0.46811486460404983
2026-03-11 21:00:00+00:00,0,0.48497510149021233
2026-03-11 21:05:00+00:00,0,0.4871941704980737
2026-03-11 21:10:00+00:00,1,0.4823077902070958
2026-03-11 21:15:00+00:00,1,0.49624520191031346
2026-03-11 21:20:00+00:00,1,0.5020128799237935
2026-03-11 21:25:00+00:00,1,0.49060460344207635
2026-03-11 21:30:00+00:00,1,0.49685895115097123
2026-03-11 21:35:00+00:00,1,0.49236079111514713
2026-03-11 21:40:00+00:00,1,0.4943192851635887
2026-03-11 21:45:00+00:00,1,0.4936955479482206
2026-03-11 21:50:00+00:00,0,0.48935465185302274
2026-03-11 21:55:00+00:00,0,0.4839600961712467
2026-03-11 22:00:00+00:00,0,0.49595850044755013
2026-03-11 22:05:00+00:00,0,0.49587895590760556
2026-03-11 22:10:00+00:00,0,0.49038007234954295
2026-03-11 22:15:00+00:00,0,0.4866650506636895
2026-03-11 22:20:00+00:00,0,0.48573928371220493
2026-03-11 22:25:00+00:00,0,0.48866665769096784
2026-03-11 22:30:00+00:00,1,0.48487236295254
2026-03-11 22:35:00+00:00,1,0.48420867775202425
2026-03-11 22:40:00+00:00,1,0.49191020697437216
2026-03-11 22:45:00+00:00,0,0.48588051510928004
2026-03-11 22:50:00+00:00,0,0.48263199527141354
2026-03-11 22:55:00+00:00,0,0.48698188127710407
2026-03-11 23:00:00+00:00,0,0.49159431149286836
2026-03-11 23:05:00+00:00,0,0.4946361898027886
2026-03-11 23:10:00+00:00,0,0.5005147170450666
2026-03-11 23:15:00+00:00,0,0.49643562474517966
2026-03-11 23:20:00+00:00,0,0.5099502436493489
2026-03-11 23:25:00+00:00,0,0.5159823595329719
2026-03-11 23:30:00+00:00,0,0.5320244152910755
2026-03-11 23:35:00+00:00,0,0.490719079057557
2026-03-11 23:40:00+00:00,0,0.4995886236526997
2026-03-11 23:45:00+00:00,0,0.5195546730877542
2026-03-11 23:50:00+00:00,1,0.5119345057233061
2026-03-11 23:55:00+00:00,1,0.5118984176215948
2026-03-12 00:00:00+00:00,0,0.5477790817056983
2026-03-12 00:05:00+00:00,1,0.5274756357190782
2026-03-12 00:10:00+00:00,1,0.522053506328091
2026-03-12 00:15:00+00:00,1,0.5190643464927286
2026-03-12 00:20:00+00:00,0,0.5225592516756109
2026-03-12 00:25:00+00:00,1,0.5251300990425579
2026-03-12 00:30:00+00:00,0,0.5350411383404112
2026-03-12 00:35:00+00:00,0,0.5120289494260052
2026-03-12 00:40:00+00:00,0,0.5153749273764848
2026-03-12 00:45:00+00:00,0,0.5153366709394287
2026-03-12 00:50:00+00:00,0,0.5227031191991641
2026-03-12 00:55:00+00:00,0,0.5187143408841081
2026-03-12 01:00:00+00:00,0,0.5248222203495734
2026-03-12 01:05:00+00:00,0,0.5208520194172057
2026-03-12 01:10:00+00:00,0,0.5276958358550317
2026-03-12 01:15:00+00:00,0,0.5182192621225488
2026-03-12 01:20:00+00:00,0,0.5238343787355416
2026-03-12 01:25:00+00:00,0,0.5183555364125292
2026-03-12 01:30:00+00:00,0,0.5333973955311128
2026-03-12 01:35:00+00:00,0,0.5324312398628314
2026-03-12 01:40:00+00:00,0,0.5272008077135447
2026-03-12 01:45:00+00:00,0,0.527371527946976
2026-03-12 01:50:00+00:00,0,0.537084398051859
2026-03-12 01:55:00+00:00,0,0.5332912750749059
2026-03-12 02:00:00+00:00,0,0.525795241565774
2026-03-12 02:05:00+00:00,0,0.5306357648563735
2026-03-12 02:10:00+00:00,0,0.5247373573648942
2026-03-12 02:15:00+00:00,0,0.5281017885005302
2026-03-12 02:20:00+00:00,0,0.5363620474077896
2026-03-12 02:25:00+00:00,0,0.5300148528556611
2026-03-12 02:30:00+00:00,0,0.5127667247169041
2026-03-12 02:35:00+00:00,0,0.5352767274407836
2026-03-12 02:40:00+00:00,0,0.5403370540231291
2026-03-12 02:45:00+00:00,0,0.528320265850742
2026-03-12 02:50:00+00:00,1,0.533636944011852
2026-03-12 02:55:00+00:00,1,0.5307828672875968
2026-03-12 03:00:00+00:00,1,0.5168446636675783
2026-03-12 03:05:00+00:00,0,0.5100698033643595
2026-03-12 03:10:00+00:00,0,0.5246099247502852
2026-03-12 03:15:00+00:00,0,0.5341414600776847
2026-03-12 03:20:00+00:00,0,0.5285219041983841
2026-03-12 03:25:00+00:00,0,0.5354795829105975
2026-03-12 03:30:00+00:00,0,0.5327671514893922
2026-03-12 03:35:00+00:00,1,0.5274682124220544
2026-03-12 03:40:00+00:00,0,0.5294148901272763
2026-03-12 03:45:00+00:00,1,0.5293913106836661
2026-03-12 03:50:00+00:00,1,0.5234547595592614
2026-03-12 03:55:00+00:00,1,0.5271193827952124
2026-03-12 04:00:00+00:00,0,0.5286227931976102
2026-03-12 04:05:00+00:00,0,0.5283477425394139
2026-03-12 04:10:00+00:00,1,0.5155698243849578
2026-03-12 04:15:00+00:00,0,0.5094279683102727
2026-03-12 04:20:00+00:00,0,0.5151116281207798
2026-03-12 04:25:00+00:00,1,0.5246887168427019
2026-03-12 04:30:00+00:00,1,0.5260538001294203
2026-03-12 04:35:00+00:00,1,0.5153511075652141
2026-03-12 04:40:00+00:00,0,0.5235067085815236
2026-03-12 04:45:00+00:00,0,0.5289276453217381
2026-03-12 04:50:00+00:00,0,0.5183617968957682
2026-03-12 04:55:00+00:00,0,0.5117073103474544
2026-03-12 05:00:00+00:00,0,0.5117463282682163
2026-03-12 05:05:00+00:00,0,0.5228706851064672
2026-03-12 05:10:00+00:00,1,0.5199807914324269
2026-03-12 05:15:00+00:00,1,0.5036615891352185
2026-03-12 05:20:00+00:00,1,0.49887324269296696
2026-03-12 05:25:00+00:00,1,0.5230946365359047
2026-03-12 05:30:00+00:00,1,0.5124192231056214
2026-03-12 05:35:00+00:00,1,0.5093988857859219
2026-03-12 05:40:00+00:00,0,0.49499009756684037
2026-03-12 05:45:00+00:00,0,0.48232898073659186
2026-03-12 05:50:00+00:00,1,0.4816119403263851
2026-03-12 05:55:00+00:00,1,0.46937206399624015
2026-03-12 06:00:00+00:00,1,0.4921534341673026
2026-03-12 06:05:00+00:00,1,0.5068603610361593
2026-03-12 06:10:00+00:00,1,0.5027503228937381
2026-03-12 06:15:00+00:00,1,0.4843271100181414
2026-03-12 06:20:00+00:00,1,0.4900658858010066
2026-03-12 06:25:00+00:00,1,0.4960081281975613
2026-03-12 06:30:00+00:00,1,0.5159399121281947
2026-03-12 06:35:00+00:00,0,0.5090365989111859
2026-03-12 06:40:00+00:00,0,0.4901872283535638
2026-03-12 06:45:00+00:00,0,0.49834624892677243
2026-03-12 06:50:00+00:00,1,0.48079134543586327
2026-03-12 06:55:00+00:00,1,0.4993341663064355
2026-03-12 07:00:00+00:00,1,0.47701037049919337
2026-03-12 07:05:00+00:00,1,0.5163087841937583
2026-03-12 07:10:00+00:00,1,0.5245504234912199
2026-03-12 07:15:00+00:00,1,0.5237107511883224
2026-03-12 07:20:00+00:00,1,0.5261906405904457
2026-03-12 07:25:00+00:00,1,0.5079414923105898
2026-03-12 07:30:00+00:00,1,0.5114913520711949
2026-03-12 07:35:00+00:00,0,0.5140672358238962
2026-03-12 07:40:00+00:00,0,0.49394360822220024
2026-03-12 07:45:00+00:00,1,0.4930318029056325
2026-03-12 07:50:00+00:00,1,0.4995698394931909
2026-03-12 07:55:00+00:00,1,0.506347461600265
2026-03-12 08:00:00+00:00,0,0.5053413561785006
2026-03-12 08:05:00+00:00,1,0.5071086936436108
2026-03-12 08:10:00+00:00,1,0.5126853492093961
2026-03-12 08:15:00+00:00,0,0.49583279075081715
2026-03-12 08:20:00+00:00,0,0.4903221232651042
2026-03-12 08:25:00+00:00,1,0.5053104676403217
2026-03-12 08:30:00+00:00,1,0.5252488726362855
2026-03-12 08:35:00+00:00,0,0.5162187381692098
2026-03-12 08:40:00+00:00,0,0.5071042813860707
2026-03-12 08:45:00+00:00,0,0.5058343112047219
2026-03-12 08:50:00+00:00,0,0.4989017695997239
2026-03-12 08:55:00+00:00,0,0.5027633582607433
2026-03-12 09:00:00+00:00,0,0.49702556958328886
2026-03-12 09:05:00+00:00,1,0.47541818287521065
2026-03-12 09:10:00+00:00,1,0.480589406028961
2026-03-12 09:15:00+00:00,1,0.48138422854399093
2026-03-12 09:20:00+00:00,1,0.4757406410328493
2026-03-12 09:25:00+00:00,1,0.4781392639131049
2026-03-12 09:30:00+00:00,1,0.46001769414360133
2026-03-12 09:35:00+00:00,1,0.4720907257133767
2026-03-12 09:40:00+00:00,0,0.49125466686332137
2026-03-12 09:45:00+00:00,1,0.49499707869495363
2026-03-12 09:50:00+00:00,1,0.48746509388743203
2026-03-12 09:55:00+00:00,1,0.4685191989842182
2026-03-12 10:00:00+00:00,1,0.49649531243190126
2026-03-12 10:05:00+00:00,1,0.49626564835398584
2026-03-12 10:10:00+00:00,1,0.500047919216556
2026-03-12 10:15:00+00:00,1,0.4827634570008306
2026-03-12 10:20:00+00:00,1,0.45445648838631436
2026-03-12 10:25:00+00:00,1,0.4614464152120752
2026-03-12 10:30:00+00:00,1,0.44978930440021136
2026-03-12 10:35:00+00:00,0,0.4875126468943708
2026-03-12 10:40:00+00:00,0,0.48421734264045413
2026-03-12 10:45:00+00:00,1,0.4759074349644443
2026-03-12 10:50:00+00:00,1,0.48789358227157364
2026-03-12 10:55:00+00:00,1,0.4885650043038883
2026-03-12 11:00:00+00:00,1,0.4804128039289877
2026-03-12 11:05:00+00:00,1,0.4954036393371119
2026-03-12 11:10:00+00:00,1,0.4919909806091561
2026-03-12 11:15:00+00:00,1,0.4824551589387961
2026-03-12 11:20:00+00:00,0,0.4877085156365687
2026-03-12 11:25:00+00:00,0,0.48653364459712056
2026-03-12 11:30:00+00:00,0,0.4833046772590389
2026-03-12 11:35:00+00:00,1,0.48329150910040886
2026-03-12 11:40:00+00:00,0,0.4763524463043588
2026-03-12 11:45:00+00:00,1,0.480454517762683
2026-03-12 11:50:00+00:00,1,0.5020413725561352
2026-03-12 11:55:00+00:00,1,0.4968117776092362
2026-03-12 12:00:00+00:00,1,0.5144525747695355
2026-03-12 12:05:00+00:00,1,0.5068027858494397
2026-03-12 12:10:00+00:00,1,0.4991588062690946
2026-03-12 12:15:00+00:00,1,0.47745077582683104
2026-03-12 12:20:00+00:00,0,0.47819016681046983
2026-03-12 12:25:00+00:00,1,0.4854630235690273
2026-03-12 12:30:00+00:00,1,0.48445332741408564
2026-03-12 12:35:00+00:00,1,0.4853141787187611
2026-03-12 12:40:00+00:00,1,0.48132923127563787
2026-03-12 12:45:00+00:00,0,0.49157381313258863
2026-03-12 12:50:00+00:00,0,0.49115487571457533
2026-03-12 12:55:00+00:00,0,0.4932739601517409
2026-03-12 13:00:00+00:00,1,0.48411095113020275
2026-03-12 13:05:00+00:00,0,0.48951469280241483
2026-03-12 13:10:00+00:00,0,0.49581073786148916
2026-03-12 13:15:00+00:00,0,0.49801516530275625
2026-03-12 13:20:00+00:00,0,0.506554471717008
2026-03-12 13:25:00+00:00,0,0.501180489486252
2026-03-12 13:30:00+00:00,0,0.4878440936254572
2026-03-12 13:35:00+00:00,0,0.4932375186984105
2026-03-12 13:40:00+00:00,1,0.49884496473908535
2026-03-12 13:45:00+00:00,1,0.49776822572048995
2026-03-12 13:50:00+00:00,1,0.5027958335076532
2026-03-12 13:55:00+00:00,0,0.49351106325730476
2026-03-12 14:00:00+00:00,0,0.504982741194343
2026-03-12 14:05:00+00:00,0,0.5003822434710187
2026-03-12 14:10:00+00:00,0,0.5072457332826791
2026-03-12 14:15:00+00:00,0,0.4971257672700051
2026-03-12 14:20:00+00:00,0,0.49671437557167364
2026-03-12 14:25:00+00:00,0,0.5092596937524515
2026-03-12 14:30:00+00:00,0,0.5054097973396521
2026-03-12 14:35:00+00:00,0,0.527829581960759
2026-03-12 14:40:00+00:00,0,0.5252166822603879
2026-03-12 14:45:00+00:00,1,0.5279350779271825
2026-03-12 14:50:00+00:00,1,0.5113946755600908
2026-03-12 14:55:00+00:00,1,0.5080298232797137
2026-03-12 15:00:00+00:00,1,0.4757778840032519
2026-03-12 15:05:00+00:00,1,0.48941854581719857
2026-03-12 15:10:00+00:00,1,0.48214840556512334
2026-03-12 15:15:00+00:00,1,0.4771201452711036
2026-03-12 15:20:00+00:00,1,0.48888342636696547
2026-03-12 15:25:00+00:00,1,0.4840864603167329
2026-03-12 15:30:00+00:00,1,0.47555056949626284
2026-03-12 15:35:00+00:00,0,0.48391716888815456
2026-03-12 15:40:00+00:00,0,0.4798259753165673
2026-03-12 15:45:00+00:00,0,0.4760304467472901
2026-03-12 15:50:00+00:00,0,0.4745546369924525
2026-03-12 15:55:00+00:00,0,0.47987890925322885
2026-03-12 16:00:00+00:00,0,0.4895774226110784
2026-03-12 16:05:00+00:00,1,0.48311934745820806
2026-03-12 16:10:00+00:00,1,0.494179768901139
2026-03-12 16:15:00+00:00,1,0.4893337950562213
2026-03-12 16:20:00+00:00,1,0.4782152683061991
2026-03-12 16:25:00+00:00,1,0.5105816460117545
2026-03-12 16:30:00+00:00,1,0.4951306822455847
2026-03-12 16:35:00+00:00,0,0.4926210968629666
2026-03-12 16:40:00+00:00,0,0.48883991055983117
2026-03-12 16:45:00+00:00,0,0.4883022966777147
2026-03-12 16:50:00+00:00,0,0.46138163019297745
2026-03-12 16:55:00+00:00,0,0.47509659743474686
2026-03-12 17:00:00+00:00,0,0.4977904155013763
2026-03-12 17:05:00+00:00,1,0.49356775709744677
2026-03-12 17:10:00+00:00,1,0.5077654737335112
2026-03-12 17:15:00+00:00,1,0.5008913955262456
2026-03-12 17:20:00+00:00,1,0.5110026112988921
2026-03-12 17:25:00+00:00,1,0.4966419465458468
2026-03-12 17:30:00+00:00,0,0.4889655385238074
2026-03-12 17:35:00+00:00,0,0.4774022680236235
2026-03-12 17:40:00+00:00,0,0.5116275889411196
2026-03-12 17:45:00+00:00,0,0.4950848917217337
2026-03-12 17:50:00+00:00,0,0.4882960424856075
2026-03-12 17:55:00+00:00,0,0.496025496797193
2026-03-12 18:00:00+00:00,0,0.49761024967633694
2026-03-12 18:05:00+00:00,0,0.4932528148228404
2026-03-12 18:10:00+00:00,0,0.5033149248766073
2026-03-12 18:15:00+00:00,0,0.5046432091421964
2026-03-12 18:20:00+00:00,0,0.5035832202484168
2026-03-12 18:25:00+00:00,0,0.49493500669105084
2026-03-12 18:30:00+00:00,0,0.50430168137993
2026-03-12 18:35:00+00:00,0,0.5214337731956126
2026-03-12 18:40:00+00:00,0,0.5182932702820902
2026-03-12 18:45:00+00:00,1,0.5217170328912017
2026-03-12 18:50:00+00:00,1,0.5344426766962364
2026-03-12 18:55:00+00:00,1,0.5299988310644468
2026-03-12 19:00:00+00:00,1,0.5282513139469523
2026-03-12 19:05:00+00:00,1,0.5353223729118831
2026-03-12 19:10:00+00:00,1,0.5362386127638377
2026-03-12 19:15:00+00:00,1,0.5173643084840194
2026-03-12 19:20:00+00:00,1,0.5153123083688164
2026-03-12 19:25:00+00:00,1,0.4884760187816015
2026-03-12 19:30:00+00:00,1,0.49397159934066337
2026-03-12 19:35:00+00:00,1,0.4981420244897867
2026-03-12 19:40:00+00:00,0,0.5060214929337521
2026-03-12 19:45:00+00:00,0,0.4851481177489128
2026-03-12 19:50:00+00:00,0,0.4956479384886205
2026-03-12 19:55:00+00:00,0,0.4994235946728612
2026-03-12 20:00:00+00:00,0,0.500948596533472
2026-03-12 20:05:00+00:00,0,0.5062838997657111
2026-03-12 20:10:00+00:00,0,0.521960343395702
2026-03-12 20:15:00+00:00,1,0.522225631788098
2026-03-12 20:20:00+00:00,0,0.5192679682872964
2026-03-12 20:25:00+00:00,0,0.5223274748139668
2026-03-12 20:30:00+00:00,1,0.5064458587162188
2026-03-12 20:35:00+00:00,0,0.5158697349292725
2026-03-12 20:40:00+00:00,1,0.5005148754656332
2026-03-12 20:45:00+00:00,0,0.5027334968545873
2026-03-12 20:50:00+00:00,0,0.4961057998212925
2026-03-12 20:55:00+00:00,0,0.4937121002899052
2026-03-12 21:00:00+00:00,0,0.5094277986341196
2026-03-12 21:05:00+00:00,0,0.5204433244550374
2026-03-12 21:10:00+00:00,0,0.511970571082042
2026-03-12 21:15:00+00:00,0,0.5020454574797055
2026-03-12 21:20:00+00:00,1,0.4940206121741758
2026-03-12 21:25:00+00:00,1,0.5133386069295761
2026-03-12 21:30:00+00:00,1,0.5100903670671627
2026-03-12 21:35:00+00:00,1,0.5019943336798998
2026-03-12 21:40:00+00:00,1,0.5110245758556173
2026-03-12 21:45:00+00:00,0,0.5151008427331208
2026-03-12 21:50:00+00:00,0,0.5032455961578762
2026-03-12 21:55:00+00:00,0,0.5071026974984786
2026-03-12 22:00:00+00:00,0,0.504481090335524
2026-03-12 22:05:00+00:00,0,0.4760725069230521
2026-03-12 22:10:00+00:00,0,0.4976153190242838
2026-03-12 22:15:00+00:00,0,0.5079489701437343
2026-03-12 22:20:00+00:00,0,0.519351580070392
2026-03-12 22:25:00+00:00,1,0.5154036761111899
2026-03-12 22:30:00+00:00,1,0.5261661978272804
2026-03-12 22:35:00+00:00,1,0.5271610262310339
2026-03-12 22:40:00+00:00,1,0.5037857388413594
2026-03-12 22:45:00+00:00,1,0.5119091275788736
2026-03-12 22:50:00+00:00,1,0.5218774791665503
2026-03-12 22:55:00+00:00,1,0.505663986175431
2026-03-12 23:00:00+00:00,1,0.48223299097265065
2026-03-12 23:05:00+00:00,1,0.48681538797685303
2026-03-12 23:10:00+00:00,1,0.48072662470888583
2026-03-12 23:15:00+00:00,0,0.49066530820060644
2026-03-12 23:20:00+00:00,1,0.4813075014337365
2026-03-12 23:25:00+00:00,0,0.48113391384337933
2026-03-12 23:30:00+00:00,0,0.4850455862321358
2026-03-12 23:35:00+00:00,0,0.483895193828327
2026-03-12 23:40:00+00:00,1,0.4861559798994968
2026-03-12 23:45:00+00:00,1,0.48701974085699146
2026-03-12 23:50:00+00:00,1,0.4969020059674459
2026-03-12 23:55:00+00:00,1,0.514236678051904
2026-03-13 00:00:00+00:00,1,0.5250386268763442
2026-03-13 00:05:00+00:00,1,0.5146496980667717
2026-03-13 00:10:00+00:00,1,0.4970099656960604
2026-03-13 00:15:00+00:00,1,0.46622026880855194
2026-03-13 00:20:00+00:00,0,0.5020505155425845
2026-03-13 00:25:00+00:00,1,0.5074466239755397
2026-03-13 00:30:00+00:00,0,0.48120821515008816
2026-03-13 00:35:00+00:00,0,0.4961648872249922
2026-03-13 00:40:00+00:00,0,0.5044634617814068
2026-03-13 00:45:00+00:00,1,0.5014196126481544
2026-03-13 00:50:00+00:00,1,0.510894235610294
2026-03-13 00:55:00+00:00,1,0.5173892748216802
2026-03-13 01:00:00+00:00,1,0.5126463009398813
2026-03-13 01:05:00+00:00,0,0.4976057121577207
2026-03-13 01:10:00+00:00,1,0.4953484344329252
2026-03-13 01:15:00+00:00,1,0.47430547216162633
2026-03-13 01:20:00+00:00,1,0.529097825316229
2026-03-13 01:25:00+00:00,1,0.4933696744604362
2026-03-13 01:30:00+00:00,1,0.5399231926164276
2026-03-13 01:35:00+00:00,1,0.5150505559602844
2026-03-13 01:40:00+00:00,0,0.4864470177958583
2026-03-13 01:45:00+00:00,0,0.4812626068778196
2026-03-13 01:50:00+00:00,0,0.4797587395331142
2026-03-13 01:55:00+00:00,0,0.47734338844604696
2026-03-13 02:00:00+00:00,0,0.47670409920053947
2026-03-13 02:05:00+00:00,0,0.49094789179578857
2026-03-13 02:10:00+00:00,0,0.47838397353537543
2026-03-13 02:15:00+00:00,0,0.5031331446439882
2026-03-13 02:20:00+00:00,0,0.4994739950366941
2026-03-13 02:25:00+00:00,0,0.5077096324848706
2026-03-13 02:30:00+00:00,0,0.4863471000331729
2026-03-13 02:35:00+00:00,1,0.4895561412660393
2026-03-13 02:40:00+00:00,1,0.5044371094484418
2026-03-13 02:45:00+00:00,1,0.5057516040534855
2026-03-13 02:50:00+00:00,1,0.5472672620413773
2026-03-13 02:55:00+00:00,1,0.5406883726596238
2026-03-13 03:00:00+00:00,1,0.5023902647261693
2026-03-13 03:05:00+00:00,0,0.5329666652572386
2026-03-13 03:10:00+00:00,0,0.5298210087159103
2026-03-13 03:15:00+00:00,0,0.5163786296090791
2026-03-13 03:20:00+00:00,1,0.4983316178018381
2026-03-13 03:25:00+00:00,1,0.5162916929381861
2026-03-13 03:30:00+00:00,1,0.5109526988914056
2026-03-13 03:35:00+00:00,1,0.5099512729762762
2026-03-13 03:40:00+00:00,1,0.512140944000059
2026-03-13 03:45:00+00:00,1,0.518757495117596
2026-03-13 03:50:00+00:00,0,0.5046944764108148
2026-03-13 03:55:00+00:00,0,0.5239585226921075
2026-03-13 04:00:00+00:00,0,0.5263905338868481
2026-03-13 04:05:00+00:00,0,0.5241866052109022
2026-03-13 04:10:00+00:00,0,0.5376722637989173
2026-03-13 04:15:00+00:00,0,0.5453116403989079
2026-03-13 04:20:00+00:00,0,0.538588358852614
2026-03-13 04:25:00+00:00,1,0.5424790434531677
2026-03-13 04:30:00+00:00,0,0.5386053888356163
2026-03-13 04:35:00+00:00,0,0.5292246270077701
2026-03-13 04:40:00+00:00,0,0.5306106704463035
2026-03-13 04:45:00+00:00,0,0.5365400663968554
2026-03-13 04:50:00+00:00,0,0.5358955028594767
2026-03-13 04:55:00+00:00,0,0.5239930354511949
2026-03-13 05:00:00+00:00,1,0.5036017432023202
2026-03-13 05:05:00+00:00,0,0.5037177235971052
2026-03-13 05:10:00+00:00,1,0.5165758865981342
2026-03-13 05:15:00+00:00,0,0.49397240264332837
2026-03-13 05:20:00+00:00,0,0.4885088340874488
2026-03-13 05:25:00+00:00,0,0.49455852744839707
2026-03-13 05:30:00+00:00,0,0.49676735374054765
2026-03-13 05:35:00+00:00,1,0.5043495661206435
2026-03-13 05:40:00+00:00,0,0.5029335305522885
2026-03-13 05:45:00+00:00,1,0.5068279926935102
2026-03-13 05:50:00+00:00,1,0.5143200750824998
2026-03-13 05:55:00+00:00,0,0.5182095434774822
2026-03-13 06:00:00+00:00,0,0.5337996569119638
2026-03-13 06:05:00+00:00,0,0.5224541040546453
2026-03-13 06:10:00+00:00,0,0.5375457266751164
2026-03-13 06:15:00+00:00,0,0.529275689449162
2026-03-13 06:20:00+00:00,0,0.5389618166626643
2026-03-13 06:25:00+00:00,0,0.5510978398629628
2026-03-13 06:30:00+00:00,1,0.5530066017863468
2026-03-13 06:35:00+00:00,1,0.5446316096365097
2026-03-13 06:40:00+00:00,1,0.5464825017050214
2026-03-13 06:45:00+00:00,1,0.5524532157715966
2026-03-13 06:50:00+00:00,1,0.5408382092641583
2026-03-13 06:55:00+00:00,1,0.5438390033337371
2026-03-13 07:00:00+00:00,1,0.518487559061814
2026-03-13 07:05:00+00:00,0,0.5154719581865416
2026-03-13 07:10:00+00:00,0,0.5258402033819638
2026-03-13 07:15:00+00:00,0,0.5106927957218529
2026-03-13 07:20:00+00:00,0,0.5096914953536907
2026-03-13 07:25:00+00:00,0,0.4963880443965111
2026-03-13 07:30:00+00:00,1,0.5118034411983379
2026-03-13 07:35:00+00:00,1,0.5197742096513677
2026-03-13 07:40:00+00:00,0,0.5234312067598578
2026-03-13 07:45:00+00:00,1,0.5253485237693137
2026-03-13 07:50:00+00:00,1,0.5190987302207474
2026-03-13 07:55:00+00:00,1,0.51319629827622
2026-03-13 08:00:00+00:00,1,0.50066549942591
2026-03-13 08:05:00+00:00,1,0.510745536891085
2026-03-13 08:10:00+00:00,1,0.5148414465544535
2026-03-13 08:15:00+00:00,1,0.5072446358837739
2026-03-13 08:20:00+00:00,1,0.5131287786572266
2026-03-13 08:25:00+00:00,1,0.5076568795240225
2026-03-13 08:30:00+00:00,1,0.5046991041510327
2026-03-13 08:35:00+00:00,0,0.4985788762560505
2026-03-13 08:40:00+00:00,0,0.5087220293164091
2026-03-13 08:45:00+00:00,0,0.5048816333423097
2026-03-13 08:50:00+00:00,0,0.5045692668825772
2026-03-13 08:55:00+00:00,0,0.5125525754172524
2026-03-13 09:00:00+00:00,1,0.49886123672606214
2026-03-13 09:05:00+00:00,0,0.5041741052760507
2026-03-13 09:10:00+00:00,1,0.5052496748057879
2026-03-13 09:15:00+00:00,1,0.5134158043716629
2026-03-13 09:20:00+00:00,1,0.5217933487753107
2026-03-13 09:25:00+00:00,1,0.5172036470719862
2026-03-13 09:30:00+00:00,1,0.5117847466433836
2026-03-13 09:35:00+00:00,1,0.5151813710263147
2026-03-13 09:40:00+00:00,1,0.5107570849470807
2026-03-13 09:45:00+00:00,1,0.49844951555355094
2026-03-13 09:50:00+00:00,1,0.4909174341136133
2026-03-13 09:55:00+00:00,1,0.4960947110444667
2026-03-13 10:00:00+00:00,1,0.5183277709869272
2026-03-13 10:05:00+00:00,1,0.505196575707482
2026-03-13 10:10:00+00:00,1,0.49146398561974497
2026-03-13 10:15:00+00:00,1,0.49571165281407864
2026-03-13 10:20:00+00:00,1,0.4923292388391127
2026-03-13 10:25:00+00:00,1,0.4950941018674479
2026-03-13 10:30:00+00:00,1,0.49762049021231497
2026-03-13 10:35:00+00:00,1,0.4865510356385853
2026-03-13 10:40:00+00:00,1,0.4937323523193251
2026-03-13 10:45:00+00:00,0,0.4725948292320782
2026-03-13 10:50:00+00:00,0,0.4777707821038504
2026-03-13 10:55:00+00:00,0,0.4875752973364434
2026-03-13 11:00:00+00:00,0,0.4747040212122628
2026-03-13 11:05:00+00:00,0,0.48518660272121306
2026-03-13 11:10:00+00:00,0,0.48816648653567823
2026-03-13 11:15:00+00:00,0,0.4812624543295041
2026-03-13 11:20:00+00:00,1,0.5088381272192078
2026-03-13 11:25:00+00:00,1,0.5053338094221951
2026-03-13 11:30:00+00:00,1,0.49534664669657613
2026-03-13 11:35:00+00:00,1,0.5128626759289928
2026-03-13 11:40:00+00:00,1,0.512633884168466
2026-03-13 11:45:00+00:00,1,0.5112590125952651
2026-03-13 11:50:00+00:00,1,0.4972262707038772
2026-03-13 11:55:00+00:00,0,0.5037588201645635
2026-03-13 12:00:00+00:00,0,0.4984141541302941
2026-03-13 12:05:00+00:00,0,0.49812550370048564
2026-03-13 12:10:00+00:00,0,0.5102249012495911
2026-03-13 12:15:00+00:00,1,0.5066357047866811
2026-03-13 12:20:00+00:00,1,0.4960325347601681
2026-03-13 12:25:00+00:00,1,0.4981187143362041
2026-03-13 12:30:00+00:00,1,0.4803832417308428
2026-03-13 12:35:00+00:00,1,0.496493468052589
2026-03-13 12:40:00+00:00,1,0.49338167838158487
2026-03-13 12:45:00+00:00,1,0.4648416445779285
2026-03-13 12:50:00+00:00,1,0.4711872549029918
2026-03-13 12:55:00+00:00,1,0.4708451671362607
2026-03-13 13:00:00+00:00,1,0.4715816034557346
2026-03-13 13:05:00+00:00,1,0.47745284804720317
2026-03-13 13:10:00+00:00,1,0.46491252583318604
2026-03-13 13:15:00+00:00,0,0.44363562734124584
2026-03-13 13:20:00+00:00,1,0.45760221340611834
2026-03-13 13:25:00+00:00,1,0.46248156461634504
2026-03-13 13:30:00+00:00,1,0.47351326282998407
2026-03-13 13:35:00+00:00,1,0.48148399769983385
2026-03-13 13:40:00+00:00,1,0.48699551319646267
2026-03-13 13:45:00+00:00,1,0.4755654819034945
2026-03-13 13:50:00+00:00,1,0.4835590702666879
2026-03-13 13:55:00+00:00,1,0.46934507015271953
2026-03-13 14:00:00+00:00,1,0.49670206455106747
2026-03-13 14:05:00+00:00,0,0.48659527664986124
2026-03-13 14:10:00+00:00,0,0.4932986919580705
2026-03-13 14:15:00+00:00,0,0.5002909705379912
2026-03-13 14:20:00+00:00,0,0.5015130461303997
2026-03-13 14:25:00+00:00,0,0.5021734931008246
2026-03-13 14:30:00+00:00,0,0.4937624814938725
2026-03-13 14:35:00+00:00,0,0.5117863073515928
2026-03-13 14:40:00+00:00,0,0.5147815708422617
2026-03-13 14:45:00+00:00,0,0.5150460337535322
2026-03-13 14:50:00+00:00,1,0.510294124584616
2026-03-13 14:55:00+00:00,0,0.5126380570196164
2026-03-13 15:00:00+00:00,0,0.5148774554399183
2026-03-13 15:05:00+00:00,0,0.5054928451945702
2026-03-13 15:10:00+00:00,0,0.5000878638724442
2026-03-13 15:15:00+00:00,0,0.5014980189283954
2026-03-13 15:20:00+00:00,0,0.4990705661968109
2026-03-13 15:25:00+00:00,0,0.4966970632000877
2026-03-13 15:30:00+00:00,0,0.48786157182099565
2026-03-13 15:35:00+00:00,0,0.47661513091030616
2026-03-13 15:40:00+00:00,0,0.469020064650548
2026-03-13 15:45:00+00:00,0,0.49459064912774026
2026-03-13 15:50:00+00:00,0,0.5074475064095484
2026-03-13 15:55:00+00:00,0,0.4968345440128446
2026-03-13 16:00:00+00:00,1,0.49312641853138456
2026-03-13 16:05:00+00:00,0,0.49215191822805865
2026-03-13 16:10:00+00:00,0,0.47826144518076746
2026-03-13 16:15:00+00:00,1,0.4888462611992616
2026-03-13 16:20:00+00:00,1,0.48099839845645853
2026-03-13 16:25:00+00:00,1,0.4837431618109403
2026-03-13 16:30:00+00:00,1,0.48337713080360795
2026-03-13 16:35:00+00:00,1,0.4856311484254109
2026-03-13 16:40:00+00:00,1,0.4855899026974905
2026-03-13 16:45:00+00:00,1,0.4862374874380145
2026-03-13 16:50:00+00:00,0,0.4834763062574023
2026-03-13 16:55:00+00:00,0,0.4766883310594247
2026-03-13 17:00:00+00:00,0,0.4874261582649318
2026-03-13 17:05:00+00:00,0,0.4927610995534521
2026-03-13 17:10:00+00:00,0,0.5040916076576141
2026-03-13 17:15:00+00:00,0,0.5167849952935386
2026-03-13 17:20:00+00:00,0,0.5265693744579517
2026-03-13 17:25:00+00:00,0,0.5135270933020878
2026-03-13 17:30:00+00:00,0,0.5218656316404497
2026-03-13 17:35:00+00:00,0,0.5015340027358537
2026-03-13 17:40:00+00:00,1,0.5134254723818584
2026-03-13 17:45:00+00:00,0,0.4955096253720527
2026-03-13 17:50:00+00:00,0,0.499324185818123
2026-03-13 17:55:00+00:00,1,0.4922946490620884
2026-03-13 18:00:00+00:00,1,0.5134940866961313
2026-03-13 18:05:00+00:00,1,0.5183788719389743
2026-03-13 18:10:00+00:00,1,0.5184477932021239
2026-03-13 18:15:00+00:00,1,0.5194131583259197
2026-03-13 18:20:00+00:00,1,0.5190138270564932
2026-03-13 18:25:00+00:00,0,0.5038517738038969
2026-03-13 18:30:00+00:00,0,0.4913801604672467
2026-03-13 18:35:00+00:00,0,0.5013668476375137
2026-03-13 18:40:00+00:00,0,0.5088726521064528
2026-03-13 18:45:00+00:00,0,0.49857588891781096
2026-03-13 18:50:00+00:00,1,0.49863243336354574
2026-03-13 18:55:00+00:00,0,0.522245090295937
2026-03-13 19:00:00+00:00,1,0.5222432155964367
2026-03-13 19:05:00+00:00,1,0.5196770229232381
2026-03-13 19:10:00+00:00,1,0.5251661840325682
2026-03-13 19:15:00+00:00,1,0.5184428436414162
2026-03-13 19:20:00+00:00,0,0.5248288124661459
2026-03-13 19:25:00+00:00,1,0.5210261573392801
2026-03-13 19:30:00+00:00,0,0.5171078023388549
2026-03-13 19:35:00+00:00,1,0.511027618316608
2026-03-13 19:40:00+00:00,1,0.5150769882094245
2026-03-13 19:45:00+00:00,1,0.5037470071696231
2026-03-13 19:50:00+00:00,1,0.5140135961564944
2026-03-13 19:55:00+00:00,0,0.5154906226070489
2026-03-13 20:00:00+00:00,1,0.5221875954619482
2026-03-13 20:05:00+00:00,1,0.5073889715200238
2026-03-13 20:10:00+00:00,0,0.5137686971420066
2026-03-13 20:15:00+00:00,0,0.5195246530120895
2026-03-13 20:20:00+00:00,0,0.5176276882183525
2026-03-13 20:25:00+00:00,0,0.514328147908985
2026-03-13 20:30:00+00:00,1,0.5097095372081509
2026-03-13 20:35:00+00:00,1,0.5114904585977709
2026-03-13 20:40:00+00:00,1,0.5359133233504573
2026-03-13 20:45:00+00:00,1,0.5319770950167414
2026-03-13 20:50:00+00:00,0,0.5330365399070864
2026-03-13 20:55:00+00:00,0,0.5310495409032487
2026-03-13 21:00:00+00:00,0,0.5257203042762797
2026-03-13 21:05:00+00:00,0,0.5317439449736232
2026-03-13 21:10:00+00:00,0,0.5277388390017236
2026-03-13 21:15:00+00:00,0,0.5297571211616676
2026-03-13 21:20:00+00:00,0,0.5067588774357554
2026-03-13 21:25:00+00:00,1,0.5162965874617005
2026-03-13 21:30:00+00:00,0,0.5077821717678606
2026-03-13 21:35:00+00:00,0,0.5161254242370386
2026-03-13 21:40:00+00:00,0,0.5232420692688269
2026-03-13 21:45:00+00:00,0,0.5285305325830121
2026-03-13 21:50:00+00:00,0,0.5196326319769109
2026-03-13 21:55:00+00:00,0,0.512220819826382
2026-03-13 22:00:00+00:00,0,0.5209471768885271
2026-03-13 22:05:00+00:00,0,0.5265917163567009
2026-03-13 22:10:00+00:00,0,0.5183101307859264
2026-03-13 22:15:00+00:00,0,0.5089094393440181
2026-03-13 22:20:00+00:00,1,0.5202439205097282
2026-03-13 22:25:00+00:00,1,0.511423029417279
2026-03-13 22:30:00+00:00,0,0.5069674895432533
2026-03-13 22:35:00+00:00,1,0.5128783265732004
2026-03-13 22:40:00+00:00,1,0.5264485571068117
2026-03-13 22:45:00+00:00,1,0.524463140171123
2026-03-13 22:50:00+00:00,1,0.5151543399264371
2026-03-13 22:55:00+00:00,1,0.5215076644368636
2026-03-13 23:00:00+00:00,1,0.5286823780788743
2026-03-13 23:05:00+00:00,1,0.5247732645832097
2026-03-13 23:10:00+00:00,1,0.5364544797724387
2026-03-13 23:15:00+00:00,0,0.5067862791944716
2026-03-13 23:20:00+00:00,0,0.5153517519559011
2026-03-13 23:25:00+00:00,1,0.5133162176298567
2026-03-13 23:30:00+00:00,0,0.5295319170995655
2026-03-13 23:35:00+00:00,0,0.526999132578738
2026-03-13 23:40:00+00:00,1,0.5214046772735085
2026-03-13 23:45:00+00:00,1,0.5309161668486977
2026-03-13 23:50:00+00:00,1,0.5230954156579836
2026-03-13 23:55:00+00:00,1,0.5170611566927676
2026-03-14 00:00:00+00:00,1,0.5451004297253954
2026-03-14 00:05:00+00:00,0,0.5315420236690884
2026-03-14 00:10:00+00:00,0,0.5299041648078612
2026-03-14 00:15:00+00:00,0,0.5366838502285057
2026-03-14 00:20:00+00:00,0,0.5402612025042292
2026-03-14 00:25:00+00:00,0,0.5208297547901586
2026-03-14 00:30:00+00:00,0,0.4953918945663476
2026-03-14 00:35:00+00:00,1,0.5179546049576813
2026-03-14 00:40:00+00:00,1,0.518453375579034
2026-03-14 00:45:00+00:00,1,0.5041809168921095
2026-03-14 00:50:00+00:00,1,0.5193810473164143
2026-03-14 00:55:00+00:00,1,0.5244173643712019
2026-03-14 01:00:00+00:00,0,0.5229203813727457
2026-03-14 01:05:00+00:00,0,0.5291701695030417
2026-03-14 01:10:00+00:00,1,0.5239023669975313
2026-03-14 01:15:00+00:00,1,0.5183309916464969
2026-03-14 01:20:00+00:00,1,0.5347755456104714
2026-03-14 01:25:00+00:00,1,0.5376614060551481
2026-03-14 01:30:00+00:00,1,0.5260002071642557
2026-03-14 01:35:00+00:00,1,0.5318795226053696
2026-03-14 01:40:00+00:00,0,0.5314519582026477
2026-03-14 01:45:00+00:00,0,0.5321042803294547
2026-03-14 01:50:00+00:00,0,0.53335032889013
2026-03-14 01:55:00+00:00,0,0.5324773376273054
2026-03-14 02:00:00+00:00,0,0.5228591219929434
2026-03-14 02:05:00+00:00,0,0.5367471244380816
2026-03-14 02:10:00+00:00,0,0.5412604433976353
2026-03-14 02:15:00+00:00,0,0.5387928926553279
2026-03-14 02:20:00+00:00,0,0.5325047751682167
2026-03-14 02:25:00+00:00,1,0.529048328331777
2026-03-14 02:30:00+00:00,1,0.5207656263281883
2026-03-14 02:35:00+00:00,1,0.5338692230731281
2026-03-14 02:40:00+00:00,1,0.5316100870478636
2026-03-14 02:45:00+00:00,1,0.5269446703167631
2026-03-14 02:50:00+00:00,1,0.5222713021431683
2026-03-14 02:55:00+00:00,1,0.5159949637113181
2026-03-14 03:00:00+00:00,1,0.5146326711344343
2026-03-14 03:05:00+00:00,1,0.4735645038098673
2026-03-14 03:10:00+00:00,1,0.47440214236010003
2026-03-14 03:15:00+00:00,0,0.47083047848743903
2026-03-14 03:20:00+00:00,1,0.4825256996837079
2026-03-14 03:25:00+00:00,0,0.48363144712618583
2026-03-14 03:30:00+00:00,0,0.4830331240273523
2026-03-14 03:35:00+00:00,0,0.4849405122359049
2026-03-14 03:40:00+00:00,1,0.49129462763651666
2026-03-14 03:45:00+00:00,1,0.4966627779385954
2026-03-14 03:50:00+00:00,0,0.5062255761164749
2026-03-14 03:55:00+00:00,1,0.5168989966224113
2026-03-14 04:00:00+00:00,1,0.5100891907066464
2026-03-14 04:05:00+00:00,1,0.48649340673710895
2026-03-14 04:10:00+00:00,1,0.5116505701195376
2026-03-14 04:15:00+00:00,1,0.5122826912149558
2026-03-14 04:20:00+00:00,0,0.5049497589884296
2026-03-14 04:25:00+00:00,0,0.4892704727369272
2026-03-14 04:30:00+00:00,0,0.4927907519869007
2026-03-14 04:35:00+00:00,0,0.4895793737328316
2026-03-14 04:40:00+00:00,0,0.4851481968893921
2026-03-14 04:45:00+00:00,0,0.47521027710496877
2026-03-14 04:50:00+00:00,1,0.49573423743181777
2026-03-14 04:55:00+00:00,1,0.4798186263979573
2026-03-14 05:00:00+00:00,0,0.4875246115153329
2026-03-14 05:05:00+00:00,0,0.48907675846620474
2026-03-14 05:10:00+00:00,0,0.49787066540820113
2026-03-14 05:15:00+00:00,0,0.48737106286709725
2026-03-14 05:20:00+00:00,0,0.4805975863023302
2026-03-14 05:25:00+00:00,0,0.4850096513188736
2026-03-14 05:30:00+00:00,1,0.5097957192339805
2026-03-14 05:35:00+00:00,0,0.5144705404811696
2026-03-14 05:40:00+00:00,0,0.4957433459624404
2026-03-14 05:45:00+00:00,0,0.49738575048928974
2026-03-14 05:50:00+00:00,0,0.4924246538318572
2026-03-14 05:55:00+00:00,0,0.5001584742525944
2026-03-14 06:00:00+00:00,0,0.523735973702421
2026-03-14 06:05:00+00:00,0,0.5296630357736508
2026-03-14 06:10:00+00:00,0,0.5173086227279479
2026-03-14 06:15:00+00:00,0,0.5354238064235601
2026-03-14 06:20:00+00:00,0,0.5394186055031492
2026-03-14 06:25:00+00:00,0,0.5461084459693136
2026-03-14 06:30:00+00:00,0,0.539752273604288
2026-03-14 06:35:00+00:00,1,0.5479263192607553
2026-03-14 06:40:00+00:00,1,0.5423759351483958
2026-03-14 06:45:00+00:00,0,0.5325197389680636
2026-03-14 06:50:00+00:00,1,0.5463562965543092
2026-03-14 06:55:00+00:00,1,0.5453343665456378
2026-03-14 07:00:00+00:00,1,0.5415809767606254
2026-03-14 07:05:00+00:00,0,0.5255800871783196
2026-03-14 07:10:00+00:00,0,0.5327091814657572
2026-03-14 07:15:00+00:00,0,0.5166338724589975
2026-03-14 07:20:00+00:00,1,0.541076718607694
2026-03-14 07:25:00+00:00,0,0.5244295449509057
2026-03-14 07:30:00+00:00,0,0.5287103938564937
2026-03-14 07:35:00+00:00,1,0.5317873911848485
2026-03-14 07:40:00+00:00,1,0.524902736139169
2026-03-14 07:45:00+00:00,1,0.5277146864455694
2026-03-14 07:50:00+00:00,1,0.5375347559957034
2026-03-14 07:55:00+00:00,1,0.5329485485614861
2026-03-14 08:00:00+00:00,1,0.5174849688924208
2026-03-14 08:05:00+00:00,0,0.4905179725251497
2026-03-14 08:10:00+00:00,0,0.4994783516021131
2026-03-14 08:15:00+00:00,0,0.518302265569484
2026-03-14 08:20:00+00:00,0,0.5114124207629146
2026-03-14 08:25:00+00:00,0,0.5105201948266972
2026-03-14 08:30:00+00:00,0,0.506332040689794
2026-03-14 08:35:00+00:00,1,0.514742531558839
2026-03-14 08:40:00+00:00,1,0.5196844684600583
2026-03-14 08:45:00+00:00,1,0.513543172530924
2026-03-14 08:50:00+00:00,1,0.5150759028834888
2026-03-14 08:55:00+00:00,1,0.505250840201252
2026-03-14 09:00:00+00:00,0,0.48007649334664193
2026-03-14 09:05:00+00:00,0,0.4746295175858268
2026-03-14 09:10:00+00:00,0,0.4895386886685138
2026-03-14 09:15:00+00:00,0,0.4816197546006132
2026-03-14 09:20:00+00:00,0,0.4876242022715197
2026-03-14 09:25:00+00:00,0,0.4666476372504323
2026-03-14 09:30:00+00:00,0,0.4625030673593367
2026-03-14 09:35:00+00:00,0,0.4805471320335721
2026-03-14 09:40:00+00:00,0,0.4750886283280447
2026-03-14 09:45:00+00:00,1,0.513816243734046
2026-03-14 09:50:00+00:00,0,0.4983827645153778
2026-03-14 09:55:00+00:00,0,0.4926241288282442
2026-03-14 10:00:00+00:00,0,0.47885087223742134
2026-03-14 10:05:00+00:00,0,0.4882756965948726
2026-03-14 10:10:00+00:00,0,0.4692567115227081
2026-03-14 10:15:00+00:00,0,0.48725699985988813
2026-03-14 10:20:00+00:00,0,0.5050024060361186
2026-03-14 10:25:00+00:00,0,0.4930551654407589
2026-03-14 10:30:00+00:00,1,0.4892104477715146
2026-03-14 10:35:00+00:00,1,0.5236828527339643
2026-03-14 10:40:00+00:00,1,0.5390108534512401
2026-03-14 10:45:00+00:00,1,0.47956658243806616
2026-03-14 10:50:00+00:00,1,0.5132686232289324
2026-03-14 10:55:00+00:00,1,0.5177729361978806
2026-03-14 11:00:00+00:00,0,0.46423070621162527
2026-03-14 11:05:00+00:00,1,0.4673003333637712
2026-03-14 11:10:00+00:00,1,0.46828354258223975
2026-03-14 11:15:00+00:00,1,0.46742159471159817
2026-03-14 11:20:00+00:00,1,0.4590786695606193
2026-03-14 11:25:00+00:00,1,0.4694288931327627
2026-03-14 11:30:00+00:00,1,0.46609262603303653
2026-03-14 11:35:00+00:00,1,0.45850635073978113
2026-03-14 11:40:00+00:00,1,0.45694692262279685
2026-03-14 11:45:00+00:00,1,0.48298458458502536
2026-03-14 11:50:00+00:00,1,0.4898791206680826
2026-03-14 11:55:00+00:00,1,0.4895498128584833
2026-03-14 12:00:00+00:00,0,0.48412181460802295
2026-03-14 12:05:00+00:00,0,0.4793593110274958
2026-03-14 12:10:00+00:00,0,0.47077223750563285
2026-03-14 12:15:00+00:00,1,0.47534648500921745
2026-03-14 12:20:00+00:00,0,0.44732559946050826
2026-03-14 12:25:00+00:00,1,0.5081142168982609
2026-03-14 12:30:00+00:00,1,0.5257584840673974
2026-03-14 12:35:00+00:00,1,0.5154722068950333
2026-03-14 12:40:00+00:00,1,0.5446230108108432
2026-03-14 12:45:00+00:00,1,0.483159811838941
2026-03-14 12:50:00+00:00,1,0.46217517979486716
2026-03-14 12:55:00+00:00,1,0.4496249256248471
2026-03-14 13:00:00+00:00,1,0.438762737111264
2026-03-14 13:05:00+00:00,1,0.4468809103858447
2026-03-14 13:10:00+00:00,1,0.4559014156543055
2026-03-14 13:15:00+00:00,0,0.45724996871695633
2026-03-14 13:20:00+00:00,0,0.45139625161929614
2026-03-14 13:25:00+00:00,0,0.4515274152423072
2026-03-14 13:30:00+00:00,0,0.4521506952953152
2026-03-14 13:35:00+00:00,0,0.46932570278643765
2026-03-14 13:40:00+00:00,0,0.4821455915314452
2026-03-14 13:45:00+00:00,0,0.4887165629711846
2026-03-14 13:50:00+00:00,0,0.49724913917049346
2026-03-14 13:55:00+00:00,0,0.49239613335674937
2026-03-14 14:00:00+00:00,0,0.48964319538285095
2026-03-14 14:05:00+00:00,0,0.48762439452170364
2026-03-14 14:10:00+00:00,0,0.49841329414067664
2026-03-14 14:15:00+00:00,0,0.4799878966284297
2026-03-14 14:20:00+00:00,0,0.48136884915142225
2026-03-14 14:25:00+00:00,0,0.4904932621457927
2026-03-14 14:30:00+00:00,0,0.4693918599711769
2026-03-14 14:35:00+00:00,0,0.4727935394172095
2026-03-14 14:40:00+00:00,1,0.5124922662855098
2026-03-14 14:45:00+00:00,1,0.5039337515645201
2026-03-14 14:50:00+00:00,1,0.48584621617058393
2026-03-14 14:55:00+00:00,1,0.4653830070961404
2026-03-14 15:00:00+00:00,0,0.4817102268080985
2026-03-14 15:05:00+00:00,0,0.4554060801336389
2026-03-14 15:10:00+00:00,0,0.4649266515840113
2026-03-14 15:15:00+00:00,0,0.4742802708488343
2026-03-14 15:20:00+00:00,0,0.4768731706846359
2026-03-14 15:25:00+00:00,0,0.47823620230365177
2026-03-14 15:30:00+00:00,0,0.48012482552030966
2026-03-14 15:35:00+00:00,1,0.4861269263739894
2026-03-14 15:40:00+00:00,1,0.4812600135569317
2026-03-14 15:45:00+00:00,1,0.4934585670144877
2026-03-14 15:50:00+00:00,1,0.48840735747246955
2026-03-14 15:55:00+00:00,1,0.47829119464691755
2026-03-14 16:00:00+00:00,1,0.5079255524093228
2026-03-14 16:05:00+00:00,1,0.512743881743746
2026-03-14 16:10:00+00:00,1,0.49522807931126755
2026-03-14 16:15:00+00:00,1,0.510886431435271
2026-03-14 16:20:00+00:00,1,0.48109073799761354
2026-03-14 16:25:00+00:00,1,0.47603924712369317
2026-03-14 16:30:00+00:00,0,0.4878579924922183
2026-03-14 16:35:00+00:00,1,0.4912340106093386
2026-03-14 16:40:00+00:00,1,0.48205582558249005
2026-03-14 16:45:00+00:00,0,0.5041652003869393
2026-03-14 16:50:00+00:00,0,0.5035987899403248
2026-03-14 16:55:00+00:00,0,0.5102465392395424
2026-03-14 17:00:00+00:00,0,0.5165905922164624
2026-03-14 17:05:00+00:00,0,0.5246981537502194
2026-03-14 17:10:00+00:00,0,0.4993025840601265
2026-03-14 17:15:00+00:00,0,0.5301581329464756
2026-03-14 17:20:00+00:00,0,0.5391456669846584
2026-03-14 17:25:00+00:00,0,0.5323160099338013
2026-03-14 17:30:00+00:00,0,0.5289475169184649
2026-03-14 17:35:00+00:00,0,0.5384017542899506
2026-03-14 17:40:00+00:00,0,0.5234932386925774
2026-03-14 17:45:00+00:00,0,0.542728676735098
2026-03-14 17:50:00+00:00,1,0.5452316316381629
2026-03-14 17:55:00+00:00,1,0.5117780514287492
2026-03-14 18:00:00+00:00,1,0.5505473713982164
2026-03-14 18:05:00+00:00,1,0.5448184086175423
2026-03-14 18:10:00+00:00,1,0.5469634510812764
2026-03-14 18:15:00+00:00,1,0.5415104942793887
2026-03-14 18:20:00+00:00,1,0.5430684813940555
2026-03-14 18:25:00+00:00,1,0.5294679462143309
2026-03-14 18:30:00+00:00,0,0.5069982850527353
2026-03-14 18:35:00+00:00,1,0.4880684059740848
2026-03-14 18:40:00+00:00,0,0.5113458958967686
2026-03-14 18:45:00+00:00,0,0.5392267975226105
2026-03-14 18:50:00+00:00,0,0.5411879978025539
2026-03-14 18:55:00+00:00,0,0.5290848224044005
2026-03-14 19:00:00+00:00,0,0.5465683514488164
2026-03-14 19:05:00+00:00,1,0.5282938605461174
2026-03-14 19:10:00+00:00,1,0.5451007552126607
2026-03-14 19:15:00+00:00,1,0.5447477136265323
2026-03-14 19:20:00+00:00,1,0.5424548226526982
2026-03-14 19:25:00+00:00,1,0.5415529053338827
2026-03-14 19:30:00+00:00,0,0.5195132189077948
2026-03-14 19:35:00+00:00,0,0.5394311104029503
2026-03-14 19:40:00+00:00,0,0.5349885866491814
2026-03-14 19:45:00+00:00,0,0.5031049581658977
2026-03-14 19:50:00+00:00,0,0.5294075490520154
2026-03-14 19:55:00+00:00,0,0.5053236716467814
2026-03-14 20:00:00+00:00,1,0.5496806097158423
2026-03-14 20:05:00+00:00,0,0.5551284119081592
2026-03-14 20:10:00+00:00,1,0.5385267622046296
2026-03-14 20:15:00+00:00,1,0.5464331421787809
2026-03-14 20:20:00+00:00,1,0.5499619835136523
2026-03-14 20:25:00+00:00,1,0.5319327155370837
2026-03-14 20:30:00+00:00,1,0.53506627099344
2026-03-14 20:35:00+00:00,1,0.5371943543769516
2026-03-14 20:40:00+00:00,0,0.4907293445816778
2026-03-14 20:45:00+00:00,0,0.484260593745238
2026-03-14 20:50:00+00:00,0,0.5110056876966272
2026-03-14 20:55:00+00:00,0,0.5078514073343733
2026-03-14 21:00:00+00:00,1,0.5342961091313148
2026-03-14 21:05:00+00:00,1,0.5475827893381595
2026-03-14 21:10:00+00:00,1,0.5402356259451914
2026-03-14 21:15:00+00:00,1,0.5222933918252647
2026-03-14 21:20:00+00:00,1,0.5386492681849828
2026-03-14 21:25:00+00:00,1,0.5258660020662631
2026-03-14 21:30:00+00:00,1,0.5344343427538827
2026-03-14 21:35:00+00:00,1,0.531940525370433
2026-03-14 21:40:00+00:00,1,0.5353735347691475
2026-03-14 21:45:00+00:00,1,0.5257624905015692
2026-03-14 21:50:00+00:00,1,0.5091624338089757
2026-03-14 21:55:00+00:00,1,0.5217713136139832
2026-03-14 22:00:00+00:00,0,0.4799553199697524
2026-03-14 22:05:00+00:00,1,0.47674058120015333
2026-03-14 22:10:00+00:00,1,0.4794879906315495
2026-03-14 22:15:00+00:00,0,0.4862538320011105
2026-03-14 22:20:00+00:00,0,0.46516540722389804
2026-03-14 22:25:00+00:00,0,0.4871753477774917
2026-03-14 22:30:00+00:00,1,0.48520915223801514
2026-03-14 22:35:00+00:00,1,0.48982409214174505
2026-03-14 22:40:00+00:00,1,0.4836616222513234
2026-03-14 22:45:00+00:00,1,0.500451416705008
2026-03-14 22:50:00+00:00,1,0.49533993702893564
2026-03-14 22:55:00+00:00,1,0.49231642675449594
2026-03-14 23:00:00+00:00,1,0.5004311501825384
2026-03-14 23:05:00+00:00,1,0.4809256136203027
2026-03-14 23:10:00+00:00,1,0.4836219068604625
2026-03-14 23:15:00+00:00,1,0.4718136511697149
2026-03-14 23:20:00+00:00,1,0.47097115326914646
2026-03-14 23:25:00+00:00,1,0.4722861253347698
2026-03-14 23:30:00+00:00,0,0.4792257541878047
2026-03-14 23:35:00+00:00,0,0.48374475564752817
2026-03-14 23:40:00+00:00,0,0.4818584417673385
2026-03-14 23:45:00+00:00,1,0.4764023842245795
2026-03-14 23:50:00+00:00,0,0.48396384348843924
2026-03-14 23:55:00+00:00,0,0.49130542526582366
2026-03-15 00:00:00+00:00,0,0.5254089748720956
2026-03-15 00:05:00+00:00,0,0.5151794604245126
2026-03-15 00:10:00+00:00,0,0.5138743734845007
2026-03-15 00:15:00+00:00,0,0.5175432300971337
2026-03-15 00:20:00+00:00,0,0.520778052189032
2026-03-15 00:25:00+00:00,0,0.5118692620542732
2026-03-15 00:30:00+00:00,0,0.5150596116718956
2026-03-15 00:35:00+00:00,0,0.5279609213515158
2026-03-15 00:40:00+00:00,0,0.5150454910885564
2026-03-15 00:45:00+00:00,1,0.5126053866013649
2026-03-15 00:50:00+00:00,1,0.5118244880836678
2026-03-15 00:55:00+00:00,1,0.5239425927807283
2026-03-15 01:00:00+00:00,0,0.517255140488891
2026-03-15 01:05:00+00:00,0,0.5211170422949867
2026-03-15 01:10:00+00:00,0,0.5228055858132391
2026-03-15 01:15:00+00:00,0,0.5115867044889735
2026-03-15 01:20:00+00:00,0,0.5140335753874364
2026-03-15 01:25:00+00:00,0,0.5248908727555354
2026-03-15 01:30:00+00:00,1,0.5085402617586507
2026-03-15 01:35:00+00:00,1,0.5244678249708751
2026-03-15 01:40:00+00:00,1,0.5278758551987067
2026-03-15 01:45:00+00:00,1,0.5194224910523086
2026-03-15 01:50:00+00:00,1,0.5054581099567138
2026-03-15 01:55:00+00:00,1,0.5049885116615972
2026-03-15 02:00:00+00:00,1,0.48985671899474453
2026-03-15 02:05:00+00:00,0,0.4982117286861481
2026-03-15 02:10:00+00:00,1,0.49973177935082486
2026-03-15 02:15:00+00:00,1,0.4903227736779438
2026-03-15 02:20:00+00:00,1,0.4986965819875433
2026-03-15 02:25:00+00:00,1,0.47847858932026577
2026-03-15 02:30:00+00:00,1,0.48385473116895505
2026-03-15 02:35:00+00:00,1,0.4882778001704364
2026-03-15 02:40:00+00:00,0,0.5053768836042137
2026-03-15 02:45:00+00:00,0,0.48672615211707737
2026-03-15 02:50:00+00:00,0,0.49905502970364324
2026-03-15 02:55:00+00:00,0,0.5032244705057414
2026-03-15 03:00:00+00:00,0,0.4961208828269385
2026-03-15 03:05:00+00:00,0,0.5134526106023892
2026-03-15 03:10:00+00:00,0,0.521048793991086
2026-03-15 03:15:00+00:00,0,0.5093889879850124
2026-03-15 03:20:00+00:00,0,0.5130670369683445
2026-03-15 03:25:00+00:00,0,0.4994698534706814
2026-03-15 03:30:00+00:00,1,0.5248661300039452
2026-03-15 03:35:00+00:00,1,0.5153724063461322
2026-03-15 03:40:00+00:00,1,0.5099613626379519
2026-03-15 03:45:00+00:00,1,0.5089146090065185
2026-03-15 03:50:00+00:00,1,0.5094836672178784
2026-03-15 03:55:00+00:00,1,0.5103731201432826
2026-03-15 04:00:00+00:00,0,0.5008561130732629
2026-03-15 04:05:00+00:00,1,0.48450217571869947
2026-03-15 04:10:00+00:00,1,0.4902498937097037
2026-03-15 04:15:00+00:00,0,0.5042444504119921
2026-03-15 04:20:00+00:00,1,0.48998091560401624
2026-03-15 04:25:00+00:00,1,0.49698735760873414
2026-03-15 04:30:00+00:00,1,0.5195136482520014
2026-03-15 04:35:00+00:00,0,0.49778157806082207
2026-03-15 04:40:00+00:00,0,0.5036047190944215
2026-03-15 04:45:00+00:00,1,0.5059588465261484
2026-03-15 04:50:00+00:00,1,0.5075211442321994
2026-03-15 04:55:00+00:00,1,0.5085967108520947
2026-03-15 05:00:00+00:00,1,0.5172871598059535
2026-03-15 05:05:00+00:00,1,0.518676655563105
2026-03-15 05:10:00+00:00,1,0.5133571741769268
2026-03-15 05:15:00+00:00,0,0.4914609369097403
2026-03-15 05:20:00+00:00,0,0.46400127307909717
2026-03-15 05:25:00+00:00,0,0.5037516576882461
2026-03-15 05:30:00+00:00,1,0.4966206738700095
2026-03-15 05:35:00+00:00,0,0.4884932492081311
2026-03-15 05:40:00+00:00,0,0.5011651680223675
2026-03-15 05:45:00+00:00,1,0.5094406940155708
2026-03-15 05:50:00+00:00,1,0.5087550612626746
2026-03-15 05:55:00+00:00,1,0.501667595308002
2026-03-15 06:00:00+00:00,0,0.5018067549268277
2026-03-15 06:05:00+00:00,0,0.5122769575816903
2026-03-15 06:10:00+00:00,0,0.5166214275780185
2026-03-15 06:15:00+00:00,0,0.4979574671439969
2026-03-15 06:20:00+00:00,0,0.5110556564223436
2026-03-15 06:25:00+00:00,0,0.49696097020708146
2026-03-15 06:30:00+00:00,1,0.4898499775751413
2026-03-15 06:35:00+00:00,1,0.49549971356163164
2026-03-15 06:40:00+00:00,1,0.5025109897409322
2026-03-15 06:45:00+00:00,1,0.5041087159464167
2026-03-15 06:50:00+00:00,1,0.4941985052799217
2026-03-15 06:55:00+00:00,1,0.5107603989316474
2026-03-15 07:00:00+00:00,0,0.4954917252786378
2026-03-15 07:05:00+00:00,0,0.5066724858290171
2026-03-15 07:10:00+00:00,0,0.5020453782706639
2026-03-15 07:15:00+00:00,0,0.4833043438161093
2026-03-15 07:20:00+00:00,0,0.4937498663814669
2026-03-15 07:25:00+00:00,0,0.5044292116641534
2026-03-15 07:30:00+00:00,0,0.5003747750692403
2026-03-15 07:35:00+00:00,0,0.49221358539511056
2026-03-15 07:40:00+00:00,1,0.5057703631040613
2026-03-15 07:45:00+00:00,1,0.48316538983724777
2026-03-15 07:50:00+00:00,1,0.47420307077807966
2026-03-15 07:55:00+00:00,1,0.47156763981343924
2026-03-15 08:00:00+00:00,1,0.4746312613708833
2026-03-15 08:05:00+00:00,1,0.4833583052482198
2026-03-15 08:10:00+00:00,1,0.4872826926164021
2026-03-15 08:15:00+00:00,1,0.4703906657821338
2026-03-15 08:20:00+00:00,0,0.48695203360427736
2026-03-15 08:25:00+00:00,1,0.49181529849350625
2026-03-15 08:30:00+00:00,1,0.49215388668650795
2026-03-15 08:35:00+00:00,1,0.4844440518091218
2026-03-15 08:40:00+00:00,1,0.48194089905821574
2026-03-15 08:45:00+00:00,1,0.4902948342342202
2026-03-15 08:50:00+00:00,1,0.5043634155676758
2026-03-15 08:55:00+00:00,1,0.4970093659818739
2026-03-15 09:00:00+00:00,0,0.46524086692510647
2026-03-15 09:05:00+00:00,0,0.4530744305656195
2026-03-15 09:10:00+00:00,0,0.46374075400260595
2026-03-15 09:15:00+00:00,0,0.4554635790491434
2026-03-15 09:20:00+00:00,0,0.4648661347638397
2026-03-15 09:25:00+00:00,0,0.4960428427763013
2026-03-15 09:30:00+00:00,0,0.4978283904856499
2026-03-15 09:35:00+00:00,0,0.4917977750776549
2026-03-15 09:40:00+00:00,1,0.4956273114161071
2026-03-15 09:45:00+00:00,1,0.5130395697041198
2026-03-15 09:50:00+00:00,1,0.49829047414340477
2026-03-15 09:55:00+00:00,1,0.500147735590951
2026-03-15 10:00:00+00:00,0,0.5027099720725994
2026-03-15 10:05:00+00:00,1,0.5073162834405487
2026-03-15 10:10:00+00:00,0,0.4814668439441991
2026-03-15 10:15:00+00:00,0,0.48121980308761425
2026-03-15 10:20:00+00:00,0,0.4735412924006632
2026-03-15 10:25:00+00:00,0,0.48408351554601464
2026-03-15 10:30:00+00:00,0,0.4940397783504469
2026-03-15 10:35:00+00:00,0,0.5002095536167644
2026-03-15 10:40:00+00:00,0,0.49688865387749725
2026-03-15 10:45:00+00:00,0,0.511853621156118
2026-03-15 10:50:00+00:00,0,0.5015548914419741
2026-03-15 10:55:00+00:00,0,0.5091600696076862
2026-03-15 11:00:00+00:00,0,0.5400278352607942
2026-03-15 11:05:00+00:00,0,0.5535833356277292
2026-03-15 11:10:00+00:00,1,0.5511559882251468
2026-03-15 11:15:00+00:00,1,0.542268475310756
2026-03-15 11:20:00+00:00,1,0.5478482615269948
2026-03-15 11:25:00+00:00,1,0.5483555609214472
2026-03-15 11:30:00+00:00,1,0.5535749574418536
2026-03-15 11:35:00+00:00,1,0.5639774144547196
2026-03-15 11:40:00+00:00,0,0.5489464463388657
2026-03-15 11:45:00+00:00,0,0.5395468008609821
2026-03-15 11:50:00+00:00,0,0.5277358833946294
2026-03-15 11:55:00+00:00,0,0.5430053017784563
2026-03-15 12:00:00+00:00,0,0.5038337262220022
2026-03-15 12:05:00+00:00,1,0.4991790501198886
2026-03-15 12:10:00+00:00,0,0.5115981385796107
2026-03-15 12:15:00+00:00,0,0.5130316879756289
2026-03-15 12:20:00+00:00,0,0.4941170655111528
2026-03-15 12:25:00+00:00,0,0.47588390206827247
2026-03-15 12:30:00+00:00,0,0.48301295997279636
2026-03-15 12:35:00+00:00,0,0.4910038017547971
2026-03-15 12:40:00+00:00,0,0.5104361556035102
2026-03-15 12:45:00+00:00,0,0.5159508433460582
2026-03-15 12:50:00+00:00,0,0.5199263137035605
2026-03-15 12:55:00+00:00,0,0.5017710880866061
2026-03-15 13:00:00+00:00,0,0.4867351135462081
2026-03-15 13:05:00+00:00,0,0.5260819900816697
2026-03-15 13:10:00+00:00,0,0.520905822433079
2026-03-15 13:15:00+00:00,0,0.5103337468487285
2026-03-15 13:20:00+00:00,0,0.5029141812528257
2026-03-15 13:25:00+00:00,0,0.5055255211614598
2026-03-15 13:30:00+00:00,1,0.4917246215394778
2026-03-15 13:35:00+00:00,1,0.5042502549814494
2026-03-15 13:40:00+00:00,1,0.49346527611681545
2026-03-15 13:45:00+00:00,1,0.48853977771663154
2026-03-15 13:50:00+00:00,0,0.47710617699582103
2026-03-15 13:55:00+00:00,0,0.49744969418154406
2026-03-15 14:00:00+00:00,0,0.4746955166131427
2026-03-15 14:05:00+00:00,0,0.4719579955673018
2026-03-15 14:10:00+00:00,1,0.4672467743051222
2026-03-15 14:15:00+00:00,1,0.4841558577472667
2026-03-15 14:20:00+00:00,1,0.5209957942695547
2026-03-15 14:25:00+00:00,1,0.520217891666345
2026-03-15 14:30:00+00:00,1,0.512394784790465
2026-03-15 14:35:00+00:00,1,0.5024614052770435
2026-03-15 14:40:00+00:00,1,0.5064408127223547
2026-03-15 14:45:00+00:00,1,0.5126228583337831
2026-03-15 14:50:00+00:00,1,0.5060944462868285
2026-03-15 14:55:00+00:00,0,0.5020952912619995
2026-03-15 15:00:00+00:00,0,0.47793871182937864
2026-03-15 15:05:00+00:00,1,0.5069697748841302
2026-03-15 15:10:00+00:00,0,0.5157569956682679
2026-03-15 15:15:00+00:00,1,0.5162988142993085
2026-03-15 15:20:00+00:00,0,0.5094874340120404
2026-03-15 15:25:00+00:00,1,0.5134159966012032
2026-03-15 15:30:00+00:00,0,0.5081624206064265
2026-03-15 15:35:00+00:00,1,0.5121545262140244
2026-03-15 15:40:00+00:00,1,0.5157113930683794
2026-03-15 15:45:00+00:00,0,0.507813384374908
2026-03-15 15:50:00+00:00,0,0.5210845335188268
2026-03-15 15:55:00+00:00,0,0.5011756237335587
2026-03-15 16:00:00+00:00,0,0.5042727604065685
2026-03-15 16:05:00+00:00,0,0.5078553216237719
2026-03-15 16:10:00+00:00,0,0.5008041172683895
2026-03-15 16:15:00+00:00,0,0.5098964923063969
2026-03-15 16:20:00+00:00,0,0.5109086224233711
2026-03-15 16:25:00+00:00,0,0.4952259860851801
2026-03-15 16:30:00+00:00,1,0.4917044793492308
2026-03-15 16:35:00+00:00,1,0.4935617381067433
2026-03-15 16:40:00+00:00,1,0.4830091396592743
2026-03-15 16:45:00+00:00,1,0.47546716919209076
2026-03-15 16:50:00+00:00,1,0.5070141127020981
2026-03-15 16:55:00+00:00,1,0.5040006348508421
2026-03-15 17:00:00+00:00,1,0.5045162682063857
2026-03-15 17:05:00+00:00,1,0.5100297843555516
2026-03-15 17:10:00+00:00,1,0.498296165907767
2026-03-15 17:15:00+00:00,1,0.48988214639582445
2026-03-15 17:20:00+00:00,1,0.49989927530596906
2026-03-15 17:25:00+00:00,1,0.5058810615355586
2026-03-15 17:30:00+00:00,1,0.504134751756337
2026-03-15 17:35:00+00:00,1,0.5090995165042143
2026-03-15 17:40:00+00:00,1,0.4898867839612791
2026-03-15 17:45:00+00:00,1,0.5010409328244424
2026-03-15 17:50:00+00:00,0,0.4673902254893246
2026-03-15 17:55:00+00:00,1,0.4652876908020803
2026-03-15 18:00:00+00:00,1,0.46966338792059176
2026-03-15 18:05:00+00:00,0,0.47358400283600555
2026-03-15 18:10:00+00:00,1,0.46494202726593975
2026-03-15 18:15:00+00:00,0,0.48905351003234526
2026-03-15 18:20:00+00:00,0,0.5101827449511535
2026-03-15 18:25:00+00:00,0,0.5025943960834512
2026-03-15 18:30:00+00:00,0,0.5046927791953743
2026-03-15 18:35:00+00:00,0,0.49803080344791434
2026-03-15 18:40:00+00:00,0,0.5107682145024254
2026-03-15 18:45:00+00:00,1,0.519669769448007
2026-03-15 18:50:00+00:00,1,0.5210804106070691
2026-03-15 18:55:00+00:00,1,0.5111824660558059
2026-03-15 19:00:00+00:00,1,0.5054363749488106
2026-03-15 19:05:00+00:00,1,0.48503196859459535
2026-03-15 19:10:00+00:00,0,0.49570141280027324
2026-03-15 19:15:00+00:00,1,0.49595524171981886
2026-03-15 19:20:00+00:00,0,0.5014024920294099
2026-03-15 19:25:00+00:00,0,0.48698491750134937
2026-03-15 19:30:00+00:00,0,0.46578074108606937
2026-03-15 19:35:00+00:00,1,0.47813920179535785
2026-03-15 19:40:00+00:00,0,0.4768863931150165
2026-03-15 19:45:00+00:00,0,0.4646087148068824
2026-03-15 19:50:00+00:00,1,0.48818192957155143
2026-03-15 19:55:00+00:00,0,0.48001767727750955
2026-03-15 20:00:00+00:00,1,0.48311272398008465
2026-03-15 20:05:00+00:00,1,0.5068337060891628
2026-03-15 20:10:00+00:00,1,0.5048263723461179
2026-03-15 20:15:00+00:00,1,0.4950018647855329
2026-03-15 20:20:00+00:00,1,0.5140526613341359
2026-03-15 20:25:00+00:00,1,0.5379071648504128
2026-03-15 20:30:00+00:00,1,0.5144908352457398
2026-03-15 20:35:00+00:00,0,0.47864675441554505
2026-03-15 20:40:00+00:00,0,0.49457162955805595
2026-03-15 20:45:00+00:00,0,0.49415390457903796
2026-03-15 20:50:00+00:00,1,0.5025584468470274
2026-03-15 20:55:00+00:00,1,0.5006170906554035
2026-03-15 21:00:00+00:00,1,0.5153808399244215
2026-03-15 21:05:00+00:00,1,0.5200367260760654
2026-03-15 21:10:00+00:00,1,0.5184105132026888
2026-03-15 21:15:00+00:00,1,0.520093100819619
2026-03-15 21:20:00+00:00,1,0.5158793888530407
2026-03-15 21:25:00+00:00,1,0.5105505415496929
2026-03-15 21:30:00+00:00,1,0.5089335681900846
2026-03-15 21:35:00+00:00,1,0.48631209826127464
2026-03-15 21:40:00+00:00,1,0.5090920731937488
2026-03-15 21:45:00+00:00,1,0.4911994233288827
2026-03-15 21:50:00+00:00,1,0.5005097041656548
2026-03-15 21:55:00+00:00,1,0.49806915199812524
2026-03-15 22:00:00+00:00,1,0.4986717327358553
2026-03-15 22:05:00+00:00,1,0.5138150564856802
2026-03-15 22:10:00+00:00,1,0.5238211467757373
2026-03-15 22:15:00+00:00,1,0.5148374782188672
2026-03-15 22:20:00+00:00,1,0.5088639077704588
2026-03-15 22:25:00+00:00,1,0.5193785163925982
2026-03-15 22:30:00+00:00,1,0.4994725805674193
2026-03-15 22:35:00+00:00,1,0.5259546374376922
2026-03-15 22:40:00+00:00,1,0.5343412152725564
2026-03-15 22:45:00+00:00,1,0.495482492365184
2026-03-15 22:50:00+00:00,0,0.5176959049621737
2026-03-15 22:55:00+00:00,0,0.5124940756778501
2026-03-15 23:00:00+00:00,0,0.5069590835592065
2026-03-15 23:05:00+00:00,0,0.4926437178259309
2026-03-15 23:10:00+00:00,0,0.49336551099098375
2026-03-15 23:15:00+00:00,0,0.5053113501705476
2026-03-15 23:20:00+00:00,0,0.5083523265721694
2026-03-15 23:25:00+00:00,1,0.5348240915742544
2026-03-15 23:30:00+00:00,1,0.5360942135845024
2026-03-15 23:35:00+00:00,1,0.526338434250572
2026-03-15 23:40:00+00:00,1,0.5485700987698661
2026-03-15 23:45:00+00:00,1,0.5336908445104741
2026-03-15 23:50:00+00:00,1,0.48660645990618884
2026-03-15 23:55:00+00:00,0,0.5000993041122324
2026-03-16 00:00:00+00:00,0,0.49588610698721713
2026-03-16 00:05:00+00:00,0,0.4943138542973349
2026-03-16 00:10:00+00:00,0,0.5001865260350342
2026-03-16 00:15:00+00:00,0,0.4959740246690904
2026-03-16 00:20:00+00:00,0,0.5157847708466055
2026-03-16 00:25:00+00:00,1,0.5345638320246094
2026-03-16 00:30:00+00:00,0,0.5333424656164792
2026-03-16 00:35:00+00:00,0,0.5293531051661389
2026-03-16 00:40:00+00:00,0,0.53393701952653
2026-03-16 00:45:00+00:00,0,0.5358837838385009
2026-03-16 00:50:00+00:00,0,0.5370579859396645
2026-03-16 00:55:00+00:00,0,0.5445048809100451
2026-03-16 01:00:00+00:00,0,0.5339591525050718
2026-03-16 01:05:00+00:00,0,0.5532478153144157
2026-03-16 01:10:00+00:00,1,0.5344813729657604
2026-03-16 01:15:00+00:00,1,0.5226417896332645
2026-03-16 01:20:00+00:00,1,0.5297448306448711
2026-03-16 01:25:00+00:00,1,0.5210659973368257
2026-03-16 01:30:00+00:00,1,0.5380004545407873
2026-03-16 01:35:00+00:00,1,0.5474772365419801
2026-03-16 01:40:00+00:00,1,0.5310998368308881
2026-03-16 01:45:00+00:00,0,0.5306548392099997
2026-03-16 01:50:00+00:00,0,0.5463767141475441
2026-03-16 01:55:00+00:00,0,0.518252587929801
2026-03-16 02:00:00+00:00,0,0.5341788418039443
2026-03-16 02:05:00+00:00,0,0.530838216730634
2026-03-16 02:10:00+00:00,0,0.5321430684285089
2026-03-16 02:15:00+00:00,0,0.5198411729448825
2026-03-16 02:20:00+00:00,0,0.532098059773096
2026-03-16 02:25:00+00:00,1,0.524555401710952
2026-03-16 02:30:00+00:00,1,0.522835498837213
2026-03-16 02:35:00+00:00,1,0.526001414677126
2026-03-16 02:40:00+00:00,1,0.5370948413008559
2026-03-16 02:45:00+00:00,1,0.5238707551624435
2026-03-16 02:50:00+00:00,1,0.5172073090390882
2026-03-16 02:55:00+00:00,1,0.5018329166329856
2026-03-16 03:00:00+00:00,1,0.4976292484181501
2026-03-16 03:05:00+00:00,1,0.5079679645026963
2026-03-16 03:10:00+00:00,1,0.5018724533791697
2026-03-16 03:15:00+00:00,1,0.5146324902372285
2026-03-16 03:20:00+00:00,1,0.49831672642007513
2026-03-16 03:25:00+00:00,1,0.5077183435513488
2026-03-16 03:30:00+00:00,0,0.5412787624388596
2026-03-16 03:35:00+00:00,0,0.4958049219662468
2026-03-16 03:40:00+00:00,1,0.502099149870576
2026-03-16 03:45:00+00:00,1,0.5202590248706315
2026-03-16 03:50:00+00:00,1,0.5008128190702732
2026-03-16 03:55:00+00:00,0,0.5107570283944349
2026-03-16 04:00:00+00:00,0,0.4949559387202197
2026-03-16 04:05:00+00:00,0,0.5031654611917028
2026-03-16 04:10:00+00:00,0,0.5055341879785639
2026-03-16 04:15:00+00:00,1,0.49699938583384695
2026-03-16 04:20:00+00:00,1,0.5144949620304625
2026-03-16 04:25:00+00:00,1,0.520580252034488
2026-03-16 04:30:00+00:00,1,0.5137486607864441
2026-03-16 04:35:00+00:00,1,0.5144471590442253
2026-03-16 04:40:00+00:00,1,0.4974480873844951
2026-03-16 04:45:00+00:00,1,0.48961523484159714
2026-03-16 04:50:00+00:00,1,0.47966944693730934
2026-03-16 04:55:00+00:00,1,0.506246088410571
2026-03-16 05:00:00+00:00,1,0.4916428877419279
2026-03-16 05:05:00+00:00,1,0.48941332593086667
2026-03-16 05:10:00+00:00,1,0.49304193986629474
2026-03-16 05:15:00+00:00,1,0.4994830250087416
2026-03-16 05:20:00+00:00,0,0.493843422053579
2026-03-16 05:25:00+00:00,0,0.4781703906365085
2026-03-16 05:30:00+00:00,0,0.49067698766262813
2026-03-16 05:35:00+00:00,0,0.4838033208933363
2026-03-16 05:40:00+00:00,0,0.47752592395455346
2026-03-16 05:45:00+00:00,0,0.48562526343497825
2026-03-16 05:50:00+00:00,0,0.5082688619098894
2026-03-16 05:55:00+00:00,0,0.4905912781822497
2026-03-16 06:00:00+00:00,0,0.5061613124232073
2026-03-16 06:05:00+00:00,1,0.5104453852429461
2026-03-16 06:10:00+00:00,1,0.5235148153381038
2026-03-16 06:15:00+00:00,0,0.5045999526618965
2026-03-16 06:20:00+00:00,1,0.5085332593408652
2026-03-16 06:25:00+00:00,0,0.5125527563554073
2026-03-16 06:30:00+00:00,1,0.5018533639456538
2026-03-16 06:35:00+00:00,1,0.49976912137179774
2026-03-16 06:40:00+00:00,1,0.5126249391076281
2026-03-16 06:45:00+00:00,1,0.5294483702307641
2026-03-16 06:50:00+00:00,0,0.5126063591387366
2026-03-16 06:55:00+00:00,1,0.5077373834374703
2026-03-16 07:00:00+00:00,1,0.5027424020959875
2026-03-16 07:05:00+00:00,0,0.4897884736031598
2026-03-16 07:10:00+00:00,0,0.49224984932975013
2026-03-16 07:15:00+00:00,0,0.4993686567054558
2026-03-16 07:20:00+00:00,0,0.5237682976336612
2026-03-16 07:25:00+00:00,0,0.4892065399952945
2026-03-16 07:30:00+00:00,1,0.47553768909482924
2026-03-16 07:35:00+00:00,1,0.5044408886166448
2026-03-16 07:40:00+00:00,1,0.5078558307075824
2026-03-16 07:45:00+00:00,1,0.4974192103085199
2026-03-16 07:50:00+00:00,1,0.5101951192593259
2026-03-16 07:55:00+00:00,0,0.5096754103687384
2026-03-16 08:00:00+00:00,0,0.5105295261977928
2026-03-16 08:05:00+00:00,0,0.5003086797065934
2026-03-16 08:10:00+00:00,0,0.5114413626859
2026-03-16 08:15:00+00:00,0,0.5060832227108619
2026-03-16 08:20:00+00:00,0,0.5105922780636443
2026-03-16 08:25:00+00:00,0,0.5194592681895457
2026-03-16 08:30:00+00:00,0,0.5224760236190225
2026-03-16 08:35:00+00:00,1,0.5211220688271142
2026-03-16 08:40:00+00:00,1,0.5103061707619769
2026-03-16 08:45:00+00:00,1,0.501138078220473
2026-03-16 08:50:00+00:00,1,0.502734085256868
2026-03-16 08:55:00+00:00,1,0.5005741134342772
2026-03-16 09:00:00+00:00,1,0.5061892015335318
2026-03-16 09:05:00+00:00,1,0.5184893897095663
2026-03-16 09:10:00+00:00,1,0.5187366694776275
2026-03-16 09:15:00+00:00,1,0.49643657522129525
2026-03-16 09:20:00+00:00,1,0.49302134917095036
2026-03-16 09:25:00+00:00,1,0.4683358988084237
2026-03-16 09:30:00+00:00,1,0.47132004635407054
2026-03-16 09:35:00+00:00,1,0.4894685957651953
2026-03-16 09:40:00+00:00,1,0.48888963565378174
2026-03-16 09:45:00+00:00,1,0.48807079789616653
2026-03-16 09:50:00+00:00,1,0.49297683035846623
2026-03-16 09:55:00+00:00,1,0.4858080165700125
2026-03-16 10:00:00+00:00,0,0.489615427126651
2026-03-16 10:05:00+00:00,0,0.49770317271165576
2026-03-16 10:10:00+00:00,0,0.48324595762345707
2026-03-16 10:15:00+00:00,1,0.47412816289038634
2026-03-16 10:20:00+00:00,1,0.47371435950362906
2026-03-16 10:25:00+00:00,1,0.46266691360897827
2026-03-16 10:30:00+00:00,1,0.49182978445704495
2026-03-16 10:35:00+00:00,1,0.48479604614573774
2026-03-16 10:40:00+00:00,1,0.5070308906738831
2026-03-16 10:45:00+00:00,1,0.4997107659784937
2026-03-16 10:50:00+00:00,0,0.4831773709622802
2026-03-16 10:55:00+00:00,0,0.4777975305867668
2026-03-16 11:00:00+00:00,0,0.47658837691845146
2026-03-16 11:05:00+00:00,0,0.4690087867049724
2026-03-16 11:10:00+00:00,1,0.47799623112521167
2026-03-16 11:15:00+00:00,0,0.477487691956079
2026-03-16 11:20:00+00:00,1,0.4949533024150307
2026-03-16 11:25:00+00:00,1,0.4917620269193519
2026-03-16 11:30:00+00:00,1,0.47887197795659103
2026-03-16 11:35:00+00:00,0,0.5057485265719881
2026-03-16 11:40:00+00:00,0,0.4911420759371737
2026-03-16 11:45:00+00:00,1,0.48996347371011423
2026-03-16 11:50:00+00:00,1,0.5041427175103096
2026-03-16 11:55:00+00:00,1,0.49198204910607213
2026-03-16 12:00:00+00:00,1,0.5017700017866192
2026-03-16 12:05:00+00:00,1,0.5093198954741708
2026-03-16 12:10:00+00:00,1,0.5159867003464654
2026-03-16 12:15:00+00:00,0,0.5257414087206321
2026-03-16 12:20:00+00:00,0,0.5333533480223156
2026-03-16 12:25:00+00:00,0,0.5220477239237336
2026-03-16 12:30:00+00:00,0,0.5243586849529812
2026-03-16 12:35:00+00:00,0,0.5181291494137401
2026-03-16 12:40:00+00:00,1,0.5291975618614051
2026-03-16 12:45:00+00:00,0,0.5249216655713027
2026-03-16 12:50:00+00:00,1,0.5315545003525288
2026-03-16 12:55:00+00:00,1,0.5292347312850341
2026-03-16 13:00:00+00:00,1,0.5266430007668219
2026-03-16 13:05:00+00:00,1,0.5411771746452185
2026-03-16 13:10:00+00:00,1,0.5201453740975986
2026-03-16 13:15:00+00:00,1,0.5310353943553903
2026-03-16 13:20:00+00:00,0,0.5171039707838062
2026-03-16 13:25:00+00:00,0,0.511932074219261
2026-03-16 13:30:00+00:00,0,0.4679910345625702
2026-03-16 13:35:00+00:00,0,0.46749494268199143
2026-03-16 13:40:00+00:00,1,0.5055516234321347
2026-03-16 13:45:00+00:00,1,0.5099555033959483
2026-03-16 13:50:00+00:00,1,0.5376865982162736
2026-03-16 13:55:00+00:00,0,0.5230080516611341
2026-03-16 14:00:00+00:00,0,0.5071231862048123
2026-03-16 14:05:00+00:00,0,0.4921006139515999
2026-03-16 14:10:00+00:00,0,0.49181945026767326
2026-03-16 14:15:00+00:00,0,0.4977013395961548
2026-03-16 14:20:00+00:00,0,0.5156973866644929
2026-03-16 14:25:00+00:00,1,0.48594729863919545
2026-03-16 14:30:00+00:00,1,0.4971806469596246
2026-03-16 14:35:00+00:00,1,0.49332319752221726
2026-03-16 14:40:00+00:00,1,0.5005765689524116
2026-03-16 14:45:00+00:00,1,0.4925627486073232
2026-03-16 14:50:00+00:00,1,0.48423208371184756
2026-03-16 14:55:00+00:00,1,0.5052052313324304
2026-03-16 15:00:00+00:00,1,0.4952156331045616
2026-03-16 15:05:00+00:00,1,0.4934398086936764
2026-03-16 15:10:00+00:00,1,0.4980435448049232
2026-03-16 15:15:00+00:00,0,0.5076649683978702
2026-03-16 15:20:00+00:00,0,0.5037024934136681
2026-03-16 15:25:00+00:00,0,0.5021240214823012
2026-03-16 15:30:00+00:00,0,0.5234441574251663
2026-03-16 15:35:00+00:00,0,0.513403275520125
2026-03-16 15:40:00+00:00,0,0.5094084668501834
2026-03-16 15:45:00+00:00,0,0.5215538488085968
2026-03-16 15:50:00+00:00,0,0.5159881585879572
2026-03-16 15:55:00+00:00,1,0.5137948845467702
2026-03-16 16:00:00+00:00,0,0.4829569552798249
2026-03-16 16:05:00+00:00,1,0.5125755093021503
2026-03-16 16:10:00+00:00,1,0.5129195564007736
2026-03-16 16:15:00+00:00,1,0.49665033115174223
2026-03-16 16:20:00+00:00,1,0.4846486376173345
2026-03-16 16:25:00+00:00,1,0.47456595168210136
2026-03-16 16:30:00+00:00,1,0.4874718395023307
2026-03-16 16:35:00+00:00,1,0.4707438080307935
2026-03-16 16:40:00+00:00,1,0.4730181578500721
2026-03-16 16:45:00+00:00,1,0.49074821280507486
2026-03-16 16:50:00+00:00,1,0.5135167130255598
2026-03-16 16:55:00+00:00,0,0.5150107717619334
2026-03-16 17:00:00+00:00,0,0.5144342472177974
2026-03-16 17:05:00+00:00,1,0.5314010355362998
2026-03-16 17:10:00+00:00,1,0.5346802309975572
2026-03-16 17:15:00+00:00,1,0.5239656578315046
2026-03-16 17:20:00+00:00,1,0.5211574125692713
2026-03-16 17:25:00+00:00,1,0.5282800205389228
2026-03-16 17:30:00+00:00,1,0.5252426309703934
2026-03-16 17:35:00+00:00,1,0.5062578662820176
2026-03-16 17:40:00+00:00,1,0.5140164228755348
2026-03-16 17:45:00+00:00,1,0.5153761370185737
2026-03-16 17:50:00+00:00,1,0.5143983834447643
2026-03-16 17:55:00+00:00,1,0.5113333984059022
2026-03-16 18:00:00+00:00,1,0.5031175860726237
2026-03-16 18:05:00+00:00,0,0.4867764606163336
2026-03-16 18:10:00+00:00,1,0.49139503628565495
2026-03-16 18:15:00+00:00,0,0.49130646600160727
2026-03-16 18:20:00+00:00,0,0.4993224431932345
2026-03-16 18:25:00+00:00,0,0.5008697145843899
2026-03-16 18:30:00+00:00,0,0.5085370942679833
2026-03-16 18:35:00+00:00,1,0.5051129497648276
2026-03-16 18:40:00+00:00,1,0.49480273930950974
2026-03-16 18:45:00+00:00,1,0.5104081273166374
2026-03-16 18:50:00+00:00,1,0.5084569339016884
2026-03-16 18:55:00+00:00,1,0.5172942576092314
2026-03-16 19:00:00+00:00,1,0.5159896620459543
2026-03-16 19:05:00+00:00,0,0.48327801882633853
2026-03-16 19:10:00+00:00,0,0.492600065447132
2026-03-16 19:15:00+00:00,0,0.4833766278085692
2026-03-16 19:20:00+00:00,1,0.47839843066383775
2026-03-16 19:25:00+00:00,1,0.49757013621501567
2026-03-16 19:30:00+00:00,1,0.5032110845080933
2026-03-16 19:35:00+00:00,1,0.49871153001500607
2026-03-16 19:40:00+00:00,1,0.5115496878097693
2026-03-16 19:45:00+00:00,1,0.5088922448292202
2026-03-16 19:50:00+00:00,1,0.48647321154720063
2026-03-16 19:55:00+00:00,1,0.5026581247234738
2026-03-16 20:00:00+00:00,1,0.5117054668885346
2026-03-16 20:05:00+00:00,1,0.5274214386026049
2026-03-16 20:10:00+00:00,1,0.5308414745459133
2026-03-16 20:15:00+00:00,1,0.5265951353348439
2026-03-16 20:20:00+00:00,1,0.5170888140817363
2026-03-16 20:25:00+00:00,1,0.5185936228082288
2026-03-16 20:30:00+00:00,0,0.5071428603183047
2026-03-16 20:35:00+00:00,0,0.4981079645108446
2026-03-16 20:40:00+00:00,1,0.518330505722519
2026-03-16 20:45:00+00:00,1,0.5261495076136143
2026-03-16 20:50:00+00:00,1,0.5087489978700388
2026-03-16 20:55:00+00:00,1,0.5057428241786506
2026-03-16 21:00:00+00:00,1,0.5211304388407837
2026-03-16 21:05:00+00:00,1,0.5376250295403759
2026-03-16 21:10:00+00:00,1,0.524405736913984
2026-03-16 21:15:00+00:00,1,0.5204179516772642
2026-03-16 21:20:00+00:00,1,0.5179174804974574
2026-03-16 21:25:00+00:00,1,0.5319917002402195
2026-03-16 21:30:00+00:00,1,0.5345257447779509
2026-03-16 21:35:00+00:00,1,0.49215416951101776
2026-03-16 21:40:00+00:00,1,0.500858308325561
2026-03-16 21:45:00+00:00,1,0.49808510699327524
2026-03-16 21:50:00+00:00,0,0.49267928693285307
2026-03-16 21:55:00+00:00,1,0.5147275851072837
2026-03-16 22:00:00+00:00,0,0.5101950287708289
2026-03-16 22:05:00+00:00,0,0.5097173873864607
2026-03-16 22:10:00+00:00,0,0.506999495602539
2026-03-16 22:15:00+00:00,0,0.49885706122986795
2026-03-16 22:20:00+00:00,0,0.49537669878667406
2026-03-16 22:25:00+00:00,0,0.5186078835423485
2026-03-16 22:30:00+00:00,0,0.5201903601704567
2026-03-16 22:35:00+00:00,0,0.5094499356978834
2026-03-16 22:40:00+00:00,0,0.5113047163280686
2026-03-16 22:45:00+00:00,0,0.5284815930619938
2026-03-16 22:50:00+00:00,0,0.5308319829106798
2026-03-16 22:55:00+00:00,0,0.5379908354300915
2026-03-16 23:00:00+00:00,1,0.5514405960241896
2026-03-16 23:05:00+00:00,1,0.5402446199241848
2026-03-16 23:10:00+00:00,1,0.5356802200466112
2026-03-16 23:15:00+00:00,1,0.5346533951525021
2026-03-16 23:20:00+00:00,1,0.4922107458267057
2026-03-16 23:25:00+00:00,1,0.5074492147111511
2026-03-16 23:30:00+00:00,0,0.5269412403123477
2026-03-16 23:35:00+00:00,1,0.5305928472335413
2026-03-16 23:40:00+00:00,1,0.5083743182681651
2026-03-16 23:45:00+00:00,0,0.5138098552052872
2026-03-16 23:50:00+00:00,0,0.5338849811576315
2026-03-16 23:55:00+00:00,0,0.5222049874007532
2026-03-17 00:00:00+00:00,0,0.5183038250527755
2026-03-17 00:05:00+00:00,0,0.525048300160051
2026-03-17 00:10:00+00:00,0,0.48710787125268934
2026-03-17 00:15:00+00:00,0,0.5164478187802789
2026-03-17 00:20:00+00:00,0,0.5291366082678804
2026-03-17 00:25:00+00:00,0,0.5225011502671563
2026-03-17 00:30:00+00:00,0,0.5138546539612704
2026-03-17 00:35:00+00:00,0,0.532799612062874
2026-03-17 00:40:00+00:00,1,0.5261235186115084
2026-03-17 00:45:00+00:00,1,0.5320401247285161
2026-03-17 00:50:00+00:00,1,0.5266236944244475
2026-03-17 00:55:00+00:00,1,0.5288467820903596
2026-03-17 01:00:00+00:00,1,0.5185546259868606
2026-03-17 01:05:00+00:00,1,0.5255846242082186
2026-03-17 01:10:00+00:00,0,0.5182866933182246
2026-03-17 01:15:00+00:00,0,0.5041182544921495
2026-03-17 01:20:00+00:00,0,0.5294674049441143
2026-03-17 01:25:00+00:00,0,0.511373277227607
2026-03-17 01:30:00+00:00,0,0.5101298768798971
2026-03-17 01:35:00+00:00,0,0.5141567626913941
2026-03-17 01:40:00+00:00,0,0.5124245947773045
2026-03-17 01:45:00+00:00,0,0.5211244634881068
2026-03-17 01:50:00+00:00,0,0.5286026043058324
2026-03-17 01:55:00+00:00,0,0.5239313481080684
2026-03-17 02:00:00+00:00,0,0.529401166478546
2026-03-17 02:05:00+00:00,1,0.5358181408282763
2026-03-17 02:10:00+00:00,1,0.5314672190955376
2026-03-17 02:15:00+00:00,1,0.5206775714244647
2026-03-17 02:20:00+00:00,1,0.5282885930016427
2026-03-17 02:25:00+00:00,1,0.5297220874558203
2026-03-17 02:30:00+00:00,0,0.5228289832547711
2026-03-17 02:35:00+00:00,0,0.5172763435541055
2026-03-17 02:40:00+00:00,0,0.5075065162499779
2026-03-17 02:45:00+00:00,0,0.5191344018762033
2026-03-17 02:50:00+00:00,0,0.5062522092841101
2026-03-17 02:55:00+00:00,0,0.518314978738093
2026-03-17 03:00:00+00:00,0,0.5182078935666027
2026-03-17 03:05:00+00:00,0,0.5225024602375997
2026-03-17 03:10:00+00:00,0,0.5234049440236405
2026-03-17 03:15:00+00:00,0,0.5158168077036754
2026-03-17 03:20:00+00:00,0,0.5182362697182405
2026-03-17 03:25:00+00:00,0,0.5286985176250126
2026-03-17 03:30:00+00:00,0,0.5239575743500589
2026-03-17 03:35:00+00:00,0,0.5177371443538563
2026-03-17 03:40:00+00:00,1,0.5171128432607222
2026-03-17 03:45:00+00:00,0,0.5199909367554538
2026-03-17 03:50:00+00:00,0,0.5032360799978463
2026-03-17 03:55:00+00:00,0,0.5029028658689744
2026-03-17 04:00:00+00:00,0,0.5147682185909671
2026-03-17 04:05:00+00:00,0,0.512918176798851
2026-03-17 04:10:00+00:00,0,0.5195266754454047
2026-03-17 04:15:00+00:00,0,0.5187045099513128
2026-03-17 04:20:00+00:00,1,0.5194675500780097
2026-03-17 04:25:00+00:00,1,0.5360440078980674
2026-03-17 04:30:00+00:00,1,0.5408421883202682
2026-03-17 04:35:00+00:00,1,0.5435937000748635
2026-03-17 04:40:00+00:00,1,0.5414106674769764
2026-03-17 04:45:00+00:00,1,0.5202236871605083
2026-03-17 04:50:00+00:00,1,0.5175399977711975
2026-03-17 04:55:00+00:00,1,0.5100832749688949
2026-03-17 05:00:00+00:00,1,0.5091401831519236
2026-03-17 05:05:00+00:00,0,0.510133858394238
2026-03-17 05:10:00+00:00,0,0.5206891954232631
2026-03-17 05:15:00+00:00,0,0.5175092001865109
2026-03-17 05:20:00+00:00,0,0.5278869552898986
2026-03-17 05:25:00+00:00,0,0.5117926519673811
2026-03-17 05:30:00+00:00,0,0.5172238895892205
2026-03-17 05:35:00+00:00,0,0.5176504272060926
2026-03-17 05:40:00+00:00,1,0.5281924338300671
2026-03-17 05:45:00+00:00,1,0.5166796843634036
2026-03-17 05:50:00+00:00,1,0.4893720080389219
2026-03-17 05:55:00+00:00,1,0.4947740456427431
2026-03-17 06:00:00+00:00,1,0.5280494601697286
2026-03-17 06:05:00+00:00,1,0.5239927419187173
2026-03-17 06:10:00+00:00,0,0.5189562111480309
2026-03-17 06:15:00+00:00,0,0.5230809510688943
2026-03-17 06:20:00+00:00,0,0.5106593163229148
2026-03-17 06:25:00+00:00,0,0.5113020584819112
2026-03-17 06:30:00+00:00,0,0.5226192270469754
2026-03-17 06:35:00+00:00,0,0.5307888869989846
2026-03-17 06:40:00+00:00,1,0.5219090235082753
2026-03-17 06:45:00+00:00,1,0.5275036816829491
2026-03-17 06:50:00+00:00,1,0.53263421911342
2026-03-17 06:55:00+00:00,1,0.5364732653427124
2026-03-17 07:00:00+00:00,1,0.5161934626958432
2026-03-17 07:05:00+00:00,1,0.5098217128586456
2026-03-17 07:10:00+00:00,1,0.49095522766726574
2026-03-17 07:15:00+00:00,0,0.4936097769452948
2026-03-17 07:20:00+00:00,0,0.49254086311405976
2026-03-17 07:25:00+00:00,0,0.4833162008297563
2026-03-17 07:30:00+00:00,1,0.4891615865256388
2026-03-17 07:35:00+00:00,1,0.49224910266859706
2026-03-17 07:40:00+00:00,0,0.49328151771761714
2026-03-17 07:45:00+00:00,1,0.4817542598374548
2026-03-17 07:50:00+00:00,1,0.502803675088138
2026-03-17 07:55:00+00:00,1,0.48105064155103217
2026-03-17 08:00:00+00:00,0,0.46247391885517614
2026-03-17 08:05:00+00:00,0,0.49125367703666845
2026-03-17 08:10:00+00:00,1,0.504302993911686
2026-03-17 08:15:00+00:00,1,0.5047507220690728
2026-03-17 08:20:00+00:00,1,0.5103153213243867
2026-03-17 08:25:00+00:00,0,0.4958628886146326
2026-03-17 08:30:00+00:00,0,0.4908002815461418
2026-03-17 08:35:00+00:00,0,0.4920789327125022
2026-03-17 08:40:00+00:00,0,0.48413914985578516
2026-03-17 08:45:00+00:00,0,0.48620966047719266
2026-03-17 08:50:00+00:00,0,0.4813885508263578
2026-03-17 08:55:00+00:00,1,0.4847730681480525
2026-03-17 09:00:00+00:00,1,0.4765028937629761
2026-03-17 09:05:00+00:00,1,0.47493809812819904
2026-03-17 09:10:00+00:00,1,0.4611808437371621
2026-03-17 09:15:00+00:00,1,0.4873521776103982
2026-03-17 09:20:00+00:00,0,0.47821223014405595
2026-03-17 09:25:00+00:00,0,0.4831975919803686
2026-03-17 09:30:00+00:00,0,0.4800585581152125
2026-03-17 09:35:00+00:00,0,0.474821506948208
2026-03-17 09:40:00+00:00,0,0.4761069806016763
2026-03-17 09:45:00+00:00,0,0.46969648884300624
2026-03-17 09:50:00+00:00,0,0.5070393645052683
2026-03-17 09:55:00+00:00,0,0.5013500891106589
2026-03-17 10:00:00+00:00,0,0.5079645253828251
2026-03-17 10:05:00+00:00,0,0.5107316588497547
2026-03-17 10:10:00+00:00,0,0.4905061631185613
2026-03-17 10:15:00+00:00,0,0.49824156798771624
2026-03-17 10:20:00+00:00,0,0.494697174846032
2026-03-17 10:25:00+00:00,0,0.498058390865317
2026-03-17 10:30:00+00:00,0,0.5006056504323187
2026-03-17 10:35:00+00:00,1,0.5032258057106637
2026-03-17 10:40:00+00:00,1,0.518861215550477
2026-03-17 10:45:00+00:00,1,0.5089422332976482
2026-03-17 10:50:00+00:00,1,0.526792326028487
2026-03-17 10:55:00+00:00,1,0.5060349454247157
2026-03-17 11:00:00+00:00,1,0.5066156454552296
2026-03-17 11:05:00+00:00,1,0.48258471303623124
2026-03-17 11:10:00+00:00,1,0.46947389705043874
2026-03-17 11:15:00+00:00,1,0.47051688651977264
2026-03-17 11:20:00+00:00,0,0.47384739989591196
2026-03-17 11:25:00+00:00,0,0.4644410881055526
2026-03-17 11:30:00+00:00,1,0.47904947342394294
2026-03-17 11:35:00+00:00,1,0.49531564419910745
2026-03-17 11:40:00+00:00,1,0.5033578662993159
2026-03-17 11:45:00+00:00,1,0.4928518897852084
2026-03-17 11:50:00+00:00,0,0.5089529572092293
2026-03-17 11:55:00+00:00,0,0.5300767295371895
2026-03-17 12:00:00+00:00,0,0.512332359949935
2026-03-17 12:05:00+00:00,0,0.4986158785221352
2026-03-17 12:10:00+00:00,0,0.5072161374279969
2026-03-17 12:15:00+00:00,0,0.5059429953826192
2026-03-17 12:20:00+00:00,0,0.5039119021639262
2026-03-17 12:25:00+00:00,0,0.504037601072153
2026-03-17 12:30:00+00:00,1,0.5028193695603728
2026-03-17 12:35:00+00:00,0,0.5099461489633742
2026-03-17 12:40:00+00:00,1,0.5228834903227197
2026-03-17 12:45:00+00:00,1,0.5113220658272744
2026-03-17 12:50:00+00:00,1,0.5092915027378243
2026-03-17 12:55:00+00:00,1,0.5099651292920805
2026-03-17 13:00:00+00:00,1,0.48596227454585994
2026-03-17 13:05:00+00:00,1,0.4951015695556067
2026-03-17 13:10:00+00:00,1,0.4801429981975521
2026-03-17 13:15:00+00:00,1,0.496919691835762
2026-03-17 13:20:00+00:00,1,0.5067377094927693
2026-03-17 13:25:00+00:00,1,0.4871654134214525
2026-03-17 13:30:00+00:00,0,0.48420607772212265
2026-03-17 13:35:00+00:00,0,0.48356063015425843
2026-03-17 13:40:00+00:00,1,0.49775073189636676
2026-03-17 13:45:00+00:00,1,0.49674312770422413
2026-03-17 13:50:00+00:00,1,0.5099358443748099
2026-03-17 13:55:00+00:00,1,0.5044657700137721
2026-03-17 14:00:00+00:00,1,0.5107389767758118
2026-03-17 14:05:00+00:00,1,0.49431128595063634
2026-03-17 14:10:00+00:00,1,0.5052829168403719
2026-03-17 14:15:00+00:00,1,0.5035978168347848
2026-03-17 14:20:00+00:00,1,0.4938361244919131
2026-03-17 14:25:00+00:00,1,0.4874960966128779
2026-03-17 14:30:00+00:00,1,0.49678209757111846
2026-03-17 14:35:00+00:00,0,0.49249959243490904
2026-03-17 14:40:00+00:00,0,0.48180796661700537
2026-03-17 14:45:00+00:00,0,0.49842026458310895
2026-03-17 14:50:00+00:00,0,0.49011292392943945
2026-03-17 14:55:00+00:00,0,0.4898919022520027
2026-03-17 15:00:00+00:00,0,0.4987993963992555
2026-03-17 15:05:00+00:00,0,0.48925639110329205
2026-03-17 15:10:00+00:00,0,0.487098988631322
2026-03-17 15:15:00+00:00,0,0.48195813876292537
2026-03-17 15:20:00+00:00,1,0.5072787796643744
2026-03-17 15:25:00+00:00,0,0.503661860699055
2026-03-17 15:30:00+00:00,1,0.4995862926063349
2026-03-17 15:35:00+00:00,1,0.502291163413181
2026-03-17 15:40:00+00:00,1,0.5032101905993794
2026-03-17 15:45:00+00:00,1,0.4905826020652524
2026-03-17 15:50:00+00:00,1,0.49457277231581526
2026-03-17 15:55:00+00:00,1,0.5007027734918008
2026-03-17 16:00:00+00:00,1,0.4867734809978108
2026-03-17 16:05:00+00:00,1,0.48070752950613804
2026-03-17 16:10:00+00:00,1,0.49187453208655724
2026-03-17 16:15:00+00:00,0,0.48231706882578407
2026-03-17 16:20:00+00:00,0,0.4794967738397553
2026-03-17 16:25:00+00:00,0,0.49843409231325514
2026-03-17 16:30:00+00:00,1,0.4969245574310864
2026-03-17 16:35:00+00:00,1,0.5012760505595335
2026-03-17 16:40:00+00:00,0,0.4955470209898867
2026-03-17 16:45:00+00:00,1,0.5042687888622147
2026-03-17 16:50:00+00:00,1,0.5003923710761874
2026-03-17 16:55:00+00:00,0,0.5000244955795
2026-03-17 17:00:00+00:00,0,0.5054034386223226
2026-03-17 17:05:00+00:00,0,0.4972522848585408
2026-03-17 17:10:00+00:00,1,0.49672299781458157
2026-03-17 17:15:00+00:00,1,0.5041800343240034
2026-03-17 17:20:00+00:00,0,0.5006357163782468
2026-03-17 17:25:00+00:00,1,0.49433445765328565
2026-03-17 17:30:00+00:00,1,0.4936085776699769
2026-03-17 17:35:00+00:00,1,0.49467289395452
2026-03-17 17:40:00+00:00,1,0.4873075712298869
2026-03-17 17:45:00+00:00,1,0.48926969230859296
2026-03-17 17:50:00+00:00,1,0.49572108947087057
2026-03-17 17:55:00+00:00,1,0.4852372530111865
2026-03-17 18:00:00+00:00,1,0.4881334065092617
2026-03-17 18:05:00+00:00,1,0.4839690490406538
2026-03-17 18:10:00+00:00,1,0.48660614329207397
2026-03-17 18:15:00+00:00,1,0.4936032488154447
2026-03-17 18:20:00+00:00,1,0.4939974747533951
2026-03-17 18:25:00+00:00,1,0.5059149475412248
2026-03-17 18:30:00+00:00,0,0.4796904933926353
2026-03-17 18:35:00+00:00,0,0.48123863423541735
2026-03-17 18:40:00+00:00,0,0.4841069267863511
2026-03-17 18:45:00+00:00,0,0.4925691292889409
2026-03-17 18:50:00+00:00,0,0.4912456453029351
2026-03-17 18:55:00+00:00,0,0.48765689050979183
2026-03-17 19:00:00+00:00,0,0.4922275626405346
2026-03-17 19:05:00+00:00,0,0.49739135164103737
2026-03-17 19:10:00+00:00,0,0.4998651243238109
2026-03-17 19:15:00+00:00,0,0.49707756372342515
2026-03-17 19:20:00+00:00,0,0.5079802616126431
2026-03-17 19:25:00+00:00,0,0.5022924533834888
2026-03-17 19:30:00+00:00,0,0.4929620775160434
2026-03-17 19:35:00+00:00,0,0.4864482163859208
2026-03-17 19:40:00+00:00,0,0.48989648892096
2026-03-17 19:45:00+00:00,0,0.49193969382747527
2026-03-17 19:50:00+00:00,1,0.5073688677819262
2026-03-17 19:55:00+00:00,1,0.5034901866694141
2026-03-17 20:00:00+00:00,1,0.5064817915851642
2026-03-17 20:05:00+00:00,1,0.5040590543594372
2026-03-17 20:10:00+00:00,1,0.5140081349327696
2026-03-17 20:15:00+00:00,1,0.5061442847730913
2026-03-17 20:20:00+00:00,0,0.48680597980997725
2026-03-17 20:25:00+00:00,0,0.4869950834882157
2026-03-17 20:30:00+00:00,1,0.4840968885443796
2026-03-17 20:35:00+00:00,1,0.48792269767490076
2026-03-17 20:40:00+00:00,1,0.4871153573129216
2026-03-17 20:45:00+00:00,1,0.478015204828182
2026-03-17 20:50:00+00:00,1,0.48025120495136975
2026-03-17 20:55:00+00:00,1,0.4822047429834099
2026-03-17 21:00:00+00:00,1,0.4904289384581579
2026-03-17 21:05:00+00:00,1,0.5025477310953104
2026-03-17 21:10:00+00:00,1,0.4897879532950119
2026-03-17 21:15:00+00:00,1,0.4952711998057782
2026-03-17 21:20:00+00:00,1,0.5003129118017245
2026-03-17 21:25:00+00:00,1,0.5004190875838981
2026-03-17 21:30:00+00:00,1,0.5159359217211821
2026-03-17 21:35:00+00:00,1,0.4983722070161695
2026-03-17 21:40:00+00:00,1,0.5029891003334456
2026-03-17 21:45:00+00:00,1,0.4996067288677836
2026-03-17 21:50:00+00:00,1,0.4906124029106237
2026-03-17 21:55:00+00:00,0,0.4960335304849604
2026-03-17 22:00:00+00:00,0,0.48620909511926436
2026-03-17 22:05:00+00:00,0,0.5003834768888717
2026-03-17 22:10:00+00:00,0,0.49329313691545357
2026-03-17 22:15:00+00:00,0,0.495243806799107
2026-03-17 22:20:00+00:00,0,0.502177295126483
2026-03-17 22:25:00+00:00,1,0.4889111476357028
2026-03-17 22:30:00+00:00,1,0.49572254909791297
2026-03-17 22:35:00+00:00,1,0.5153462237604537
2026-03-17 22:40:00+00:00,1,0.5261674504373066
2026-03-17 22:45:00+00:00,0,0.4909003925466574
2026-03-17 22:50:00+00:00,0,0.4983942725306267
2026-03-17 22:55:00+00:00,0,0.4871317712552439
2026-03-17 23:00:00+00:00,0,0.4930483546646701
2026-03-17 23:05:00+00:00,0,0.4969573832416939
2026-03-17 23:10:00+00:00,0,0.5044736791026384
2026-03-17 23:15:00+00:00,0,0.4908824969445144
2026-03-17 23:20:00+00:00,0,0.49499818752909613
2026-03-17 23:25:00+00:00,0,0.4862416824078185
