Exception in thread Thread-1 (run_trader):
Traceback (most recent call last):
  File "/usr/local/lib/python3.11/threading.py", line 1045, in _bootstrap_inner
    self.run()
  File "/usr/local/lib/python3.11/threading.py", line 982, in run
    self._target(*self._args, **self._kwargs)
  File "/home/ec2-user/quant_hackathon/live_testing/trading_bot.py", line 584, in run_trader
    trader = CoinTrader(PairConfig(**cfg_dict))
             ^^^^^^^^^^^^^^^^^^^^^^^^^^^^^^^^^^
  File "/home/ec2-user/quant_hackathon/live_testing/trading_bot.py", line 104, in __init__
    self.logger = logger.setup_logger(name=f"bot_{cfg.symbol}")
                  ^^^^^^^^^^^^^^^^^^^^^^^^^^^^^^^^^^^^^^^^^^^^^
  File "/home/ec2-user/quant_hackathon/live_testing/logger.py", line 6, in setup_logger
    os.makedirs("logs", exist_ok=True)
    ^^
NameError: name 'os' is not defined
Exception in thread Thread-2 (run_trader):
Traceback (most recent call last):
  File "/usr/local/lib/python3.11/threading.py", line 1045, in _bootstrap_inner
    self.run()
  File "/usr/local/lib/python3.11/threading.py", line 982, in run
    self._target(*self._args, **self._kwargs)
  File "/home/ec2-user/quant_hackathon/live_testing/trading_bot.py", line 584, in run_trader
    trader = CoinTrader(PairConfig(**cfg_dict))
             ^^^^^^^^^^^^^^^^^^^^^^^^^^^^^^^^^^
  File "/home/ec2-user/quant_hackathon/live_testing/trading_bot.py", line 104, in __init__
    self.logger = logger.setup_logger(name=f"bot_{cfg.symbol}")
                  ^^^^^^^^^^^^^^^^^^^^^^^^^^^^^^^^^^^^^^^^^^^^^
  File "/home/ec2-user/quant_hackathon/live_testing/logger.py", line 6, in setup_logger
    os.makedirs("logs", exist_ok=True)
    ^^
NameError: name 'os' is not defined
Exception in thread Thread-3 (run_trader):
Traceback (most recent call last):
  File "/usr/local/lib/python3.11/threading.py", line 1045, in _bootstrap_inner
    self.run()
  File "/usr/local/lib/python3.11/threading.py", line 982, in run
    self._target(*self._args, **self._kwargs)
  File "/home/ec2-user/quant_hackathon/live_testing/trading_bot.py", line 584, in run_trader
    trader = CoinTrader(PairConfig(**cfg_dict))
             ^^^^^^^^^^^^^^^^^^^^^^^^^^^^^^^^^^
  File "/home/ec2-user/quant_hackathon/live_testing/trading_bot.py", line 104, in __init__
    self.logger = logger.setup_logger(name=f"bot_{cfg.symbol}")
                  ^^^^^^^^^^^^^^^^^^^^^^^^^^^^^^^^^^^^^^^^^^^^^
  File "/home/ec2-user/quant_hackathon/live_testing/logger.py", line 6, in setup_logger
    os.makedirs("logs", exist_ok=True)
    ^^
NameError: name 'os' is not defined
Exception in thread Thread-4 (run_trader):
Traceback (most recent call last):
  File "/usr/local/lib/python3.11/threading.py", line 1045, in _bootstrap_inner
    self.run()
  File "/usr/local/lib/python3.11/threading.py", line 982, in run
    self._target(*self._args, **self._kwargs)
  File "/home/ec2-user/quant_hackathon/live_testing/trading_bot.py", line 584, in run_trader
    trader = CoinTrader(PairConfig(**cfg_dict))
             ^^^^^^^^^^^^^^^^^^^^^^^^^^^^^^^^^^
  File "/home/ec2-user/quant_hackathon/live_testing/trading_bot.py", line 104, in __init__
    self.logger = logger.setup_logger(name=f"bot_{cfg.symbol}")
                  ^^^^^^^^^^^^^^^^^^^^^^^^^^^^^^^^^^^^^^^^^^^^^
  File "/home/ec2-user/quant_hackathon/live_testing/logger.py", line 6, in setup_logger
    os.makedirs("logs", exist_ok=True)
    ^^
NameError: name 'os' is not defined
Exception in thread Thread-5 (run_trader):
Traceback (most recent call last):
  File "/usr/local/lib/python3.11/threading.py", line 1045, in _bootstrap_inner
    self.run()
  File "/usr/local/lib/python3.11/threading.py", line 982, in run
    self._target(*self._args, **self._kwargs)
  File "/home/ec2-user/quant_hackathon/live_testing/trading_bot.py", line 584, in run_trader
    trader = CoinTrader(PairConfig(**cfg_dict))
             ^^^^^^^^^^^^^^^^^^^^^^^^^^^^^^^^^^
  File "/home/ec2-user/quant_hackathon/live_testing/trading_bot.py", line 104, in __init__
    self.logger = logger.setup_logger(name=f"bot_{cfg.symbol}")
                  ^^^^^^^^^^^^^^^^^^^^^^^^^^^^^^^^^^^^^^^^^^^^^
  File "/home/ec2-user/quant_hackathon/live_testing/logger.py", line 6, in setup_logger
    os.makedirs("logs", exist_ok=True)
    ^^
NameError: name 'os' is not defined
Exception in thread Thread-1 (run_trader):
Traceback (most recent call last):
  File "/usr/local/lib/python3.11/threading.py", line 1045, in _bootstrap_inner
    self.run()
  File "/usr/local/lib/python3.11/threading.py", line 982, in run
    self._target(*self._args, **self._kwargs)
  File "/home/ec2-user/quant_hackathon/live_testing/trading_bot.py", line 585, in run_trader
    trader.run_forever()
  File "/home/ec2-user/quant_hackathon/live_testing/trading_bot.py", line 570, in run_forever
    self.log(
TypeError: CoinTrader.log() got an unexpected keyword argument 'force_print'
Exception in thread Thread-2 (run_trader):
Traceback (most recent call last):
  File "/usr/local/lib/python3.11/threading.py", line 1045, in _bootstrap_inner
    self.run()
  File "/usr/local/lib/python3.11/threading.py", line 982, in run
    self._target(*self._args, **self._kwargs)
  File "/home/ec2-user/quant_hackathon/live_testing/trading_bot.py", line 585, in run_trader
    trader.run_forever()
  File "/home/ec2-user/quant_hackathon/live_testing/trading_bot.py", line 570, in run_forever
    self.log(
TypeError: CoinTrader.log() got an unexpected keyword argument 'force_print'
Exception in thread Thread-3 (run_trader):
Traceback (most recent call last):
  File "/usr/local/lib/python3.11/threading.py", line 1045, in _bootstrap_inner
    self.run()
  File "/usr/local/lib/python3.11/threading.py", line 982, in run
    self._target(*self._args, **self._kwargs)
  File "/home/ec2-user/quant_hackathon/live_testing/trading_bot.py", line 585, in run_trader
    trader.run_forever()
  File "/home/ec2-user/quant_hackathon/live_testing/trading_bot.py", line 570, in run_forever
    self.log(
TypeError: CoinTrader.log() got an unexpected keyword argument 'force_print'
Exception in thread Thread-4 (run_trader):
Traceback (most recent call last):
  File "/usr/local/lib/python3.11/threading.py", line 1045, in _bootstrap_inner
    self.run()
  File "/usr/local/lib/python3.11/threading.py", line 982, in run
    self._target(*self._args, **self._kwargs)
  File "/home/ec2-user/quant_hackathon/live_testing/trading_bot.py", line 585, in run_trader
    trader.run_forever()
  File "/home/ec2-user/quant_hackathon/live_testing/trading_bot.py", line 570, in run_forever
    self.log(
TypeError: CoinTrader.log() got an unexpected keyword argument 'force_print'
Exception in thread Thread-5 (run_trader):
Traceback (most recent call last):
  File "/usr/local/lib/python3.11/threading.py", line 1045, in _bootstrap_inner
    self.run()
  File "/usr/local/lib/python3.11/threading.py", line 982, in run
    self._target(*self._args, **self._kwargs)
  File "/home/ec2-user/quant_hackathon/live_testing/trading_bot.py", line 585, in run_trader
    trader.run_forever()
  File "/home/ec2-user/quant_hackathon/live_testing/trading_bot.py", line 570, in run_forever
    self.log(
TypeError: CoinTrader.log() got an unexpected keyword argument 'force_print'
/home/ec2-user/quant_hackathon/venv/lib/python3.11/site-packages/sklearn/utils/validation.py:2691: UserWarning: X does not have valid feature names, but RandomForestRegressor was fitted with feature names
  warnings.warn(
/home/ec2-user/quant_hackathon/venv/lib/python3.11/site-packages/sklearn/utils/validation.py:2691: UserWarning: X does not have valid feature names, but RandomForestRegressor was fitted with feature names
  warnings.warn(
/home/ec2-user/quant_hackathon/venv/lib/python3.11/site-packages/sklearn/utils/validation.py:2691: UserWarning: X does not have valid feature names, but RandomForestRegressor was fitted with feature names
  warnings.warn(
/home/ec2-user/quant_hackathon/venv/lib/python3.11/site-packages/sklearn/utils/validation.py:2691: UserWarning: X does not have valid feature names, but RandomForestRegressor was fitted with feature names
  warnings.warn(
/home/ec2-user/quant_hackathon/venv/lib/python3.11/site-packages/sklearn/utils/validation.py:2691: UserWarning: X does not have valid feature names, but RandomForestRegressor was fitted with feature names
  warnings.warn(
/home/ec2-user/quant_hackathon/venv/lib/python3.11/site-packages/sklearn/utils/validation.py:2691: UserWarning: X does not have valid feature names, but RandomForestRegressor was fitted with feature names
  warnings.warn(
/home/ec2-user/quant_hackathon/venv/lib/python3.11/site-packages/sklearn/utils/validation.py:2691: UserWarning: X does not have valid feature names, but RandomForestRegressor was fitted with feature names
  warnings.warn(
/home/ec2-user/quant_hackathon/venv/lib/python3.11/site-packages/sklearn/utils/validation.py:2691: UserWarning: X does not have valid feature names, but RandomForestRegressor was fitted with feature names
  warnings.warn(
/home/ec2-user/quant_hackathon/venv/lib/python3.11/site-packages/sklearn/utils/validation.py:2691: UserWarning: X does not have valid feature names, but RandomForestRegressor was fitted with feature names
  warnings.warn(
/home/ec2-user/quant_hackathon/venv/lib/python3.11/site-packages/sklearn/utils/validation.py:2691: UserWarning: X does not have valid feature names, but RandomForestRegressor was fitted with feature names
  warnings.warn(
/home/ec2-user/quant_hackathon/venv/lib/python3.11/site-packages/sklearn/utils/validation.py:2691: UserWarning: X does not have valid feature names, but RandomForestRegressor was fitted with feature names
  warnings.warn(
/home/ec2-user/quant_hackathon/venv/lib/python3.11/site-packages/sklearn/utils/validation.py:2691: UserWarning: X does not have valid feature names, but RandomForestRegressor was fitted with feature names
  warnings.warn(
/home/ec2-user/quant_hackathon/venv/lib/python3.11/site-packages/sklearn/utils/validation.py:2691: UserWarning: X does not have valid feature names, but RandomForestRegressor was fitted with feature names
  warnings.warn(
/home/ec2-user/quant_hackathon/venv/lib/python3.11/site-packages/sklearn/utils/validation.py:2691: UserWarning: X does not have valid feature names, but RandomForestRegressor was fitted with feature names
  warnings.warn(
/home/ec2-user/quant_hackathon/venv/lib/python3.11/site-packages/sklearn/utils/validation.py:2691: UserWarning: X does not have valid feature names, but RandomForestRegressor was fitted with feature names
  warnings.warn(
/home/ec2-user/quant_hackathon/venv/lib/python3.11/site-packages/sklearn/utils/validation.py:2691: UserWarning: X does not have valid feature names, but RandomForestRegressor was fitted with feature names
  warnings.warn(
/home/ec2-user/quant_hackathon/venv/lib/python3.11/site-packages/sklearn/utils/validation.py:2691: UserWarning: X does not have valid feature names, but RandomForestRegressor was fitted with feature names
  warnings.warn(
/home/ec2-user/quant_hackathon/venv/lib/python3.11/site-packages/sklearn/utils/validation.py:2691: UserWarning: X does not have valid feature names, but RandomForestRegressor was fitted with feature names
  warnings.warn(
/home/ec2-user/quant_hackathon/venv/lib/python3.11/site-packages/sklearn/utils/validation.py:2691: UserWarning: X does not have valid feature names, but RandomForestRegressor was fitted with feature names
  warnings.warn(
/home/ec2-user/quant_hackathon/venv/lib/python3.11/site-packages/sklearn/utils/validation.py:2691: UserWarning: X does not have valid feature names, but RandomForestRegressor was fitted with feature names
  warnings.warn(
/home/ec2-user/quant_hackathon/venv/lib/python3.11/site-packages/sklearn/utils/validation.py:2691: UserWarning: X does not have valid feature names, but RandomForestRegressor was fitted with feature names
  warnings.warn(
/home/ec2-user/quant_hackathon/venv/lib/python3.11/site-packages/sklearn/utils/validation.py:2691: UserWarning: X does not have valid feature names, but RandomForestRegressor was fitted with feature names
  warnings.warn(
/home/ec2-user/quant_hackathon/venv/lib/python3.11/site-packages/sklearn/utils/validation.py:2691: UserWarning: X does not have valid feature names, but RandomForestRegressor was fitted with feature names
  warnings.warn(
/home/ec2-user/quant_hackathon/venv/lib/python3.11/site-packages/sklearn/utils/validation.py:2691: UserWarning: X does not have valid feature names, but RandomForestRegressor was fitted with feature names
  warnings.warn(
/home/ec2-user/quant_hackathon/venv/lib/python3.11/site-packages/sklearn/utils/validation.py:2691: UserWarning: X does not have valid feature names, but RandomForestRegressor was fitted with feature names
  warnings.warn(
/home/ec2-user/quant_hackathon/venv/lib/python3.11/site-packages/sklearn/utils/validation.py:2691: UserWarning: X does not have valid feature names, but RandomForestRegressor was fitted with feature names
  warnings.warn(
/home/ec2-user/quant_hackathon/venv/lib/python3.11/site-packages/sklearn/utils/validation.py:2691: UserWarning: X does not have valid feature names, but RandomForestRegressor was fitted with feature names
  warnings.warn(
/home/ec2-user/quant_hackathon/venv/lib/python3.11/site-packages/sklearn/utils/validation.py:2691: UserWarning: X does not have valid feature names, but RandomForestRegressor was fitted with feature names
  warnings.warn(
/home/ec2-user/quant_hackathon/venv/lib/python3.11/site-packages/sklearn/utils/validation.py:2691: UserWarning: X does not have valid feature names, but RandomForestRegressor was fitted with feature names
  warnings.warn(
/home/ec2-user/quant_hackathon/venv/lib/python3.11/site-packages/sklearn/utils/validation.py:2691: UserWarning: X does not have valid feature names, but RandomForestRegressor was fitted with feature names
  warnings.warn(
/home/ec2-user/quant_hackathon/venv/lib/python3.11/site-packages/sklearn/utils/validation.py:2691: UserWarning: X does not have valid feature names, but RandomForestRegressor was fitted with feature names
  warnings.warn(
/home/ec2-user/quant_hackathon/venv/lib/python3.11/site-packages/sklearn/utils/validation.py:2691: UserWarning: X does not have valid feature names, but RandomForestRegressor was fitted with feature names
  warnings.warn(
/home/ec2-user/quant_hackathon/venv/lib/python3.11/site-packages/sklearn/utils/validation.py:2691: UserWarning: X does not have valid feature names, but RandomForestRegressor was fitted with feature names
  warnings.warn(
/home/ec2-user/quant_hackathon/venv/lib/python3.11/site-packages/sklearn/utils/validation.py:2691: UserWarning: X does not have valid feature names, but RandomForestRegressor was fitted with feature names
  warnings.warn(
/home/ec2-user/quant_hackathon/venv/lib/python3.11/site-packages/sklearn/utils/validation.py:2691: UserWarning: X does not have valid feature names, but RandomForestRegressor was fitted with feature names
  warnings.warn(
/home/ec2-user/quant_hackathon/venv/lib/python3.11/site-packages/sklearn/utils/validation.py:2691: UserWarning: X does not have valid feature names, but RandomForestRegressor was fitted with feature names
  warnings.warn(
/home/ec2-user/quant_hackathon/venv/lib/python3.11/site-packages/sklearn/utils/validation.py:2691: UserWarning: X does not have valid feature names, but RandomForestRegressor was fitted with feature names
  warnings.warn(
/home/ec2-user/quant_hackathon/venv/lib/python3.11/site-packages/sklearn/utils/validation.py:2691: UserWarning: X does not have valid feature names, but RandomForestRegressor was fitted with feature names
  warnings.warn(
/home/ec2-user/quant_hackathon/venv/lib/python3.11/site-packages/sklearn/utils/validation.py:2691: UserWarning: X does not have valid feature names, but RandomForestRegressor was fitted with feature names
  warnings.warn(
/home/ec2-user/quant_hackathon/venv/lib/python3.11/site-packages/sklearn/utils/validation.py:2691: UserWarning: X does not have valid feature names, but RandomForestRegressor was fitted with feature names
  warnings.warn(
/home/ec2-user/quant_hackathon/venv/lib/python3.11/site-packages/sklearn/utils/validation.py:2691: UserWarning: X does not have valid feature names, but RandomForestRegressor was fitted with feature names
  warnings.warn(
/home/ec2-user/quant_hackathon/venv/lib/python3.11/site-packages/sklearn/utils/validation.py:2691: UserWarning: X does not have valid feature names, but RandomForestRegressor was fitted with feature names
  warnings.warn(
/home/ec2-user/quant_hackathon/venv/lib/python3.11/site-packages/sklearn/utils/validation.py:2691: UserWarning: X does not have valid feature names, but RandomForestRegressor was fitted with feature names
  warnings.warn(
/home/ec2-user/quant_hackathon/venv/lib/python3.11/site-packages/sklearn/utils/validation.py:2691: UserWarning: X does not have valid feature names, but RandomForestRegressor was fitted with feature names
  warnings.warn(
/home/ec2-user/quant_hackathon/venv/lib/python3.11/site-packages/sklearn/utils/validation.py:2691: UserWarning: X does not have valid feature names, but RandomForestRegressor was fitted with feature names
  warnings.warn(
/home/ec2-user/quant_hackathon/venv/lib/python3.11/site-packages/sklearn/utils/validation.py:2691: UserWarning: X does not have valid feature names, but RandomForestRegressor was fitted with feature names
  warnings.warn(
/home/ec2-user/quant_hackathon/venv/lib/python3.11/site-packages/sklearn/utils/validation.py:2691: UserWarning: X does not have valid feature names, but RandomForestRegressor was fitted with feature names
  warnings.warn(
/home/ec2-user/quant_hackathon/venv/lib/python3.11/site-packages/sklearn/utils/validation.py:2691: UserWarning: X does not have valid feature names, but RandomForestRegressor was fitted with feature names
  warnings.warn(
/home/ec2-user/quant_hackathon/venv/lib/python3.11/site-packages/sklearn/utils/validation.py:2691: UserWarning: X does not have valid feature names, but RandomForestRegressor was fitted with feature names
  warnings.warn(
/home/ec2-user/quant_hackathon/venv/lib/python3.11/site-packages/sklearn/utils/validation.py:2691: UserWarning: X does not have valid feature names, but RandomForestRegressor was fitted with feature names
  warnings.warn(
/home/ec2-user/quant_hackathon/venv/lib/python3.11/site-packages/sklearn/utils/validation.py:2691: UserWarning: X does not have valid feature names, but RandomForestRegressor was fitted with feature names
  warnings.warn(
/home/ec2-user/quant_hackathon/venv/lib/python3.11/site-packages/sklearn/utils/validation.py:2691: UserWarning: X does not have valid feature names, but RandomForestRegressor was fitted with feature names
  warnings.warn(
/home/ec2-user/quant_hackathon/venv/lib/python3.11/site-packages/sklearn/utils/validation.py:2691: UserWarning: X does not have valid feature names, but RandomForestRegressor was fitted with feature names
  warnings.warn(
/home/ec2-user/quant_hackathon/venv/lib/python3.11/site-packages/sklearn/utils/validation.py:2691: UserWarning: X does not have valid feature names, but RandomForestRegressor was fitted with feature names
  warnings.warn(
/home/ec2-user/quant_hackathon/venv/lib/python3.11/site-packages/sklearn/utils/validation.py:2691: UserWarning: X does not have valid feature names, but RandomForestRegressor was fitted with feature names
  warnings.warn(
/home/ec2-user/quant_hackathon/venv/lib/python3.11/site-packages/sklearn/utils/validation.py:2691: UserWarning: X does not have valid feature names, but RandomForestRegressor was fitted with feature names
  warnings.warn(
/home/ec2-user/quant_hackathon/venv/lib/python3.11/site-packages/sklearn/utils/validation.py:2691: UserWarning: X does not have valid feature names, but RandomForestRegressor was fitted with feature names
  warnings.warn(
/home/ec2-user/quant_hackathon/venv/lib/python3.11/site-packages/sklearn/utils/validation.py:2691: UserWarning: X does not have valid feature names, but RandomForestRegressor was fitted with feature names
  warnings.warn(
/home/ec2-user/quant_hackathon/venv/lib/python3.11/site-packages/sklearn/utils/validation.py:2691: UserWarning: X does not have valid feature names, but RandomForestRegressor was fitted with feature names
  warnings.warn(
/home/ec2-user/quant_hackathon/venv/lib/python3.11/site-packages/sklearn/utils/validation.py:2691: UserWarning: X does not have valid feature names, but RandomForestRegressor was fitted with feature names
  warnings.warn(
/home/ec2-user/quant_hackathon/venv/lib/python3.11/site-packages/sklearn/utils/validation.py:2691: UserWarning: X does not have valid feature names, but RandomForestRegressor was fitted with feature names
  warnings.warn(
/home/ec2-user/quant_hackathon/venv/lib/python3.11/site-packages/sklearn/utils/validation.py:2691: UserWarning: X does not have valid feature names, but RandomForestRegressor was fitted with feature names
  warnings.warn(
/home/ec2-user/quant_hackathon/venv/lib/python3.11/site-packages/sklearn/utils/validation.py:2691: UserWarning: X does not have valid feature names, but RandomForestRegressor was fitted with feature names
  warnings.warn(
/home/ec2-user/quant_hackathon/venv/lib/python3.11/site-packages/sklearn/utils/validation.py:2691: UserWarning: X does not have valid feature names, but RandomForestRegressor was fitted with feature names
  warnings.warn(
/home/ec2-user/quant_hackathon/venv/lib/python3.11/site-packages/sklearn/utils/validation.py:2691: UserWarning: X does not have valid feature names, but RandomForestRegressor was fitted with feature names
  warnings.warn(
/home/ec2-user/quant_hackathon/venv/lib/python3.11/site-packages/sklearn/utils/validation.py:2691: UserWarning: X does not have valid feature names, but RandomForestRegressor was fitted with feature names
  warnings.warn(
/home/ec2-user/quant_hackathon/venv/lib/python3.11/site-packages/sklearn/utils/validation.py:2691: UserWarning: X does not have valid feature names, but RandomForestRegressor was fitted with feature names
  warnings.warn(
/home/ec2-user/quant_hackathon/venv/lib/python3.11/site-packages/sklearn/utils/validation.py:2691: UserWarning: X does not have valid feature names, but RandomForestRegressor was fitted with feature names
  warnings.warn(
/home/ec2-user/quant_hackathon/venv/lib/python3.11/site-packages/sklearn/utils/validation.py:2691: UserWarning: X does not have valid feature names, but RandomForestRegressor was fitted with feature names
  warnings.warn(
/home/ec2-user/quant_hackathon/venv/lib/python3.11/site-packages/sklearn/utils/validation.py:2691: UserWarning: X does not have valid feature names, but RandomForestRegressor was fitted with feature names
  warnings.warn(
/home/ec2-user/quant_hackathon/venv/lib/python3.11/site-packages/sklearn/utils/validation.py:2691: UserWarning: X does not have valid feature names, but RandomForestRegressor was fitted with feature names
  warnings.warn(
/home/ec2-user/quant_hackathon/venv/lib/python3.11/site-packages/sklearn/utils/validation.py:2691: UserWarning: X does not have valid feature names, but RandomForestRegressor was fitted with feature names
  warnings.warn(
/home/ec2-user/quant_hackathon/venv/lib/python3.11/site-packages/sklearn/utils/validation.py:2691: UserWarning: X does not have valid feature names, but RandomForestRegressor was fitted with feature names
  warnings.warn(
/home/ec2-user/quant_hackathon/venv/lib/python3.11/site-packages/sklearn/utils/validation.py:2691: UserWarning: X does not have valid feature names, but RandomForestRegressor was fitted with feature names
  warnings.warn(
/home/ec2-user/quant_hackathon/venv/lib/python3.11/site-packages/sklearn/utils/validation.py:2691: UserWarning: X does not have valid feature names, but RandomForestRegressor was fitted with feature names
  warnings.warn(
/home/ec2-user/quant_hackathon/venv/lib/python3.11/site-packages/sklearn/utils/validation.py:2691: UserWarning: X does not have valid feature names, but RandomForestRegressor was fitted with feature names
  warnings.warn(
/home/ec2-user/quant_hackathon/venv/lib/python3.11/site-packages/sklearn/utils/validation.py:2691: UserWarning: X does not have valid feature names, but RandomForestRegressor was fitted with feature names
  warnings.warn(
/home/ec2-user/quant_hackathon/venv/lib/python3.11/site-packages/sklearn/utils/validation.py:2691: UserWarning: X does not have valid feature names, but RandomForestRegressor was fitted with feature names
  warnings.warn(
/home/ec2-user/quant_hackathon/venv/lib/python3.11/site-packages/sklearn/utils/validation.py:2691: UserWarning: X does not have valid feature names, but RandomForestRegressor was fitted with feature names
  warnings.warn(
/home/ec2-user/quant_hackathon/venv/lib/python3.11/site-packages/sklearn/utils/validation.py:2691: UserWarning: X does not have valid feature names, but RandomForestRegressor was fitted with feature names
  warnings.warn(
/home/ec2-user/quant_hackathon/venv/lib/python3.11/site-packages/sklearn/utils/validation.py:2691: UserWarning: X does not have valid feature names, but RandomForestRegressor was fitted with feature names
  warnings.warn(
/home/ec2-user/quant_hackathon/venv/lib/python3.11/site-packages/sklearn/utils/validation.py:2691: UserWarning: X does not have valid feature names, but RandomForestRegressor was fitted with feature names
  warnings.warn(
/home/ec2-user/quant_hackathon/venv/lib/python3.11/site-packages/sklearn/utils/validation.py:2691: UserWarning: X does not have valid feature names, but RandomForestRegressor was fitted with feature names
  warnings.warn(
/home/ec2-user/quant_hackathon/venv/lib/python3.11/site-packages/sklearn/utils/validation.py:2691: UserWarning: X does not have valid feature names, but RandomForestRegressor was fitted with feature names
  warnings.warn(
/home/ec2-user/quant_hackathon/venv/lib/python3.11/site-packages/sklearn/utils/validation.py:2691: UserWarning: X does not have valid feature names, but RandomForestRegressor was fitted with feature names
  warnings.warn(
/home/ec2-user/quant_hackathon/venv/lib/python3.11/site-packages/sklearn/utils/validation.py:2691: UserWarning: X does not have valid feature names, but RandomForestRegressor was fitted with feature names
  warnings.warn(
/home/ec2-user/quant_hackathon/venv/lib/python3.11/site-packages/sklearn/utils/validation.py:2691: UserWarning: X does not have valid feature names, but RandomForestRegressor was fitted with feature names
  warnings.warn(
/home/ec2-user/quant_hackathon/venv/lib/python3.11/site-packages/sklearn/utils/validation.py:2691: UserWarning: X does not have valid feature names, but RandomForestRegressor was fitted with feature names
  warnings.warn(
/home/ec2-user/quant_hackathon/venv/lib/python3.11/site-packages/sklearn/utils/validation.py:2691: UserWarning: X does not have valid feature names, but RandomForestRegressor was fitted with feature names
  warnings.warn(
/home/ec2-user/quant_hackathon/venv/lib/python3.11/site-packages/sklearn/utils/validation.py:2691: UserWarning: X does not have valid feature names, but RandomForestRegressor was fitted with feature names
  warnings.warn(
/home/ec2-user/quant_hackathon/venv/lib/python3.11/site-packages/sklearn/utils/validation.py:2691: UserWarning: X does not have valid feature names, but RandomForestRegressor was fitted with feature names
  warnings.warn(
/home/ec2-user/quant_hackathon/venv/lib/python3.11/site-packages/sklearn/utils/validation.py:2691: UserWarning: X does not have valid feature names, but RandomForestRegressor was fitted with feature names
  warnings.warn(
/home/ec2-user/quant_hackathon/venv/lib/python3.11/site-packages/sklearn/utils/validation.py:2691: UserWarning: X does not have valid feature names, but RandomForestRegressor was fitted with feature names
  warnings.warn(
/home/ec2-user/quant_hackathon/venv/lib/python3.11/site-packages/sklearn/utils/validation.py:2691: UserWarning: X does not have valid feature names, but RandomForestRegressor was fitted with feature names
  warnings.warn(
/home/ec2-user/quant_hackathon/venv/lib/python3.11/site-packages/sklearn/utils/validation.py:2691: UserWarning: X does not have valid feature names, but RandomForestRegressor was fitted with feature names
  warnings.warn(
/home/ec2-user/quant_hackathon/venv/lib/python3.11/site-packages/sklearn/utils/validation.py:2691: UserWarning: X does not have valid feature names, but RandomForestRegressor was fitted with feature names
  warnings.warn(
/home/ec2-user/quant_hackathon/venv/lib/python3.11/site-packages/sklearn/utils/validation.py:2691: UserWarning: X does not have valid feature names, but RandomForestRegressor was fitted with feature names
  warnings.warn(
/home/ec2-user/quant_hackathon/venv/lib/python3.11/site-packages/sklearn/utils/validation.py:2691: UserWarning: X does not have valid feature names, but RandomForestRegressor was fitted with feature names
  warnings.warn(
/home/ec2-user/quant_hackathon/venv/lib/python3.11/site-packages/sklearn/utils/validation.py:2691: UserWarning: X does not have valid feature names, but RandomForestRegressor was fitted with feature names
  warnings.warn(
/home/ec2-user/quant_hackathon/venv/lib/python3.11/site-packages/sklearn/utils/validation.py:2691: UserWarning: X does not have valid feature names, but RandomForestRegressor was fitted with feature names
  warnings.warn(
/home/ec2-user/quant_hackathon/venv/lib/python3.11/site-packages/sklearn/utils/validation.py:2691: UserWarning: X does not have valid feature names, but RandomForestRegressor was fitted with feature names
  warnings.warn(
/home/ec2-user/quant_hackathon/venv/lib/python3.11/site-packages/sklearn/utils/validation.py:2691: UserWarning: X does not have valid feature names, but RandomForestRegressor was fitted with feature names
  warnings.warn(
/home/ec2-user/quant_hackathon/venv/lib/python3.11/site-packages/sklearn/utils/validation.py:2691: UserWarning: X does not have valid feature names, but RandomForestRegressor was fitted with feature names
  warnings.warn(
/home/ec2-user/quant_hackathon/venv/lib/python3.11/site-packages/sklearn/utils/validation.py:2691: UserWarning: X does not have valid feature names, but RandomForestRegressor was fitted with feature names
  warnings.warn(
/home/ec2-user/quant_hackathon/venv/lib/python3.11/site-packages/sklearn/utils/validation.py:2691: UserWarning: X does not have valid feature names, but RandomForestRegressor was fitted with feature names
  warnings.warn(
/home/ec2-user/quant_hackathon/venv/lib/python3.11/site-packages/sklearn/utils/validation.py:2691: UserWarning: X does not have valid feature names, but RandomForestRegressor was fitted with feature names
  warnings.warn(
/home/ec2-user/quant_hackathon/venv/lib/python3.11/site-packages/sklearn/utils/validation.py:2691: UserWarning: X does not have valid feature names, but RandomForestRegressor was fitted with feature names
  warnings.warn(
/home/ec2-user/quant_hackathon/venv/lib/python3.11/site-packages/sklearn/utils/validation.py:2691: UserWarning: X does not have valid feature names, but RandomForestRegressor was fitted with feature names
  warnings.warn(
/home/ec2-user/quant_hackathon/venv/lib/python3.11/site-packages/sklearn/utils/validation.py:2691: UserWarning: X does not have valid feature names, but RandomForestRegressor was fitted with feature names
  warnings.warn(
/home/ec2-user/quant_hackathon/venv/lib/python3.11/site-packages/sklearn/utils/validation.py:2691: UserWarning: X does not have valid feature names, but RandomForestRegressor was fitted with feature names
  warnings.warn(
/home/ec2-user/quant_hackathon/venv/lib/python3.11/site-packages/sklearn/utils/validation.py:2691: UserWarning: X does not have valid feature names, but RandomForestRegressor was fitted with feature names
  warnings.warn(
/home/ec2-user/quant_hackathon/venv/lib/python3.11/site-packages/sklearn/utils/validation.py:2691: UserWarning: X does not have valid feature names, but RandomForestRegressor was fitted with feature names
  warnings.warn(
/home/ec2-user/quant_hackathon/venv/lib/python3.11/site-packages/sklearn/utils/validation.py:2691: UserWarning: X does not have valid feature names, but RandomForestRegressor was fitted with feature names
  warnings.warn(
/home/ec2-user/quant_hackathon/venv/lib/python3.11/site-packages/sklearn/utils/validation.py:2691: UserWarning: X does not have valid feature names, but RandomForestRegressor was fitted with feature names
  warnings.warn(
/home/ec2-user/quant_hackathon/venv/lib/python3.11/site-packages/sklearn/utils/validation.py:2691: UserWarning: X does not have valid feature names, but RandomForestRegressor was fitted with feature names
  warnings.warn(
/home/ec2-user/quant_hackathon/venv/lib/python3.11/site-packages/sklearn/utils/validation.py:2691: UserWarning: X does not have valid feature names, but RandomForestRegressor was fitted with feature names
  warnings.warn(
/home/ec2-user/quant_hackathon/venv/lib/python3.11/site-packages/sklearn/utils/validation.py:2691: UserWarning: X does not have valid feature names, but RandomForestRegressor was fitted with feature names
  warnings.warn(
/home/ec2-user/quant_hackathon/venv/lib/python3.11/site-packages/sklearn/utils/validation.py:2691: UserWarning: X does not have valid feature names, but RandomForestRegressor was fitted with feature names
  warnings.warn(
/home/ec2-user/quant_hackathon/venv/lib/python3.11/site-packages/sklearn/utils/validation.py:2691: UserWarning: X does not have valid feature names, but RandomForestRegressor was fitted with feature names
  warnings.warn(
/home/ec2-user/quant_hackathon/venv/lib/python3.11/site-packages/sklearn/utils/validation.py:2691: UserWarning: X does not have valid feature names, but RandomForestRegressor was fitted with feature names
  warnings.warn(
/home/ec2-user/quant_hackathon/venv/lib/python3.11/site-packages/sklearn/utils/validation.py:2691: UserWarning: X does not have valid feature names, but RandomForestRegressor was fitted with feature names
  warnings.warn(
/home/ec2-user/quant_hackathon/venv/lib/python3.11/site-packages/sklearn/utils/validation.py:2691: UserWarning: X does not have valid feature names, but RandomForestRegressor was fitted with feature names
  warnings.warn(
/home/ec2-user/quant_hackathon/venv/lib/python3.11/site-packages/sklearn/utils/validation.py:2691: UserWarning: X does not have valid feature names, but RandomForestRegressor was fitted with feature names
  warnings.warn(
/home/ec2-user/quant_hackathon/venv/lib/python3.11/site-packages/sklearn/utils/validation.py:2691: UserWarning: X does not have valid feature names, but RandomForestRegressor was fitted with feature names
  warnings.warn(
/home/ec2-user/quant_hackathon/venv/lib/python3.11/site-packages/sklearn/utils/validation.py:2691: UserWarning: X does not have valid feature names, but RandomForestRegressor was fitted with feature names
  warnings.warn(
/home/ec2-user/quant_hackathon/venv/lib/python3.11/site-packages/sklearn/utils/validation.py:2691: UserWarning: X does not have valid feature names, but RandomForestRegressor was fitted with feature names
  warnings.warn(
/home/ec2-user/quant_hackathon/venv/lib/python3.11/site-packages/sklearn/utils/validation.py:2691: UserWarning: X does not have valid feature names, but RandomForestRegressor was fitted with feature names
  warnings.warn(
/home/ec2-user/quant_hackathon/venv/lib/python3.11/site-packages/sklearn/utils/validation.py:2691: UserWarning: X does not have valid feature names, but RandomForestRegressor was fitted with feature names
  warnings.warn(
/home/ec2-user/quant_hackathon/venv/lib/python3.11/site-packages/sklearn/utils/validation.py:2691: UserWarning: X does not have valid feature names, but RandomForestRegressor was fitted with feature names
  warnings.warn(
/home/ec2-user/quant_hackathon/venv/lib/python3.11/site-packages/sklearn/utils/validation.py:2691: UserWarning: X does not have valid feature names, but RandomForestRegressor was fitted with feature names
  warnings.warn(
/home/ec2-user/quant_hackathon/venv/lib/python3.11/site-packages/sklearn/utils/validation.py:2691: UserWarning: X does not have valid feature names, but RandomForestRegressor was fitted with feature names
  warnings.warn(
/home/ec2-user/quant_hackathon/venv/lib/python3.11/site-packages/sklearn/utils/validation.py:2691: UserWarning: X does not have valid feature names, but RandomForestRegressor was fitted with feature names
  warnings.warn(
/home/ec2-user/quant_hackathon/venv/lib/python3.11/site-packages/sklearn/utils/validation.py:2691: UserWarning: X does not have valid feature names, but RandomForestRegressor was fitted with feature names
  warnings.warn(
/home/ec2-user/quant_hackathon/venv/lib/python3.11/site-packages/sklearn/utils/validation.py:2691: UserWarning: X does not have valid feature names, but RandomForestRegressor was fitted with feature names
  warnings.warn(
/home/ec2-user/quant_hackathon/venv/lib/python3.11/site-packages/sklearn/utils/validation.py:2691: UserWarning: X does not have valid feature names, but RandomForestRegressor was fitted with feature names
  warnings.warn(
/home/ec2-user/quant_hackathon/venv/lib/python3.11/site-packages/sklearn/utils/validation.py:2691: UserWarning: X does not have valid feature names, but RandomForestRegressor was fitted with feature names
  warnings.warn(
/home/ec2-user/quant_hackathon/venv/lib/python3.11/site-packages/sklearn/utils/validation.py:2691: UserWarning: X does not have valid feature names, but RandomForestRegressor was fitted with feature names
  warnings.warn(
/home/ec2-user/quant_hackathon/venv/lib/python3.11/site-packages/sklearn/utils/validation.py:2691: UserWarning: X does not have valid feature names, but RandomForestRegressor was fitted with feature names
  warnings.warn(
/home/ec2-user/quant_hackathon/venv/lib/python3.11/site-packages/sklearn/utils/validation.py:2691: UserWarning: X does not have valid feature names, but RandomForestRegressor was fitted with feature names
  warnings.warn(
/home/ec2-user/quant_hackathon/venv/lib/python3.11/site-packages/sklearn/utils/validation.py:2691: UserWarning: X does not have valid feature names, but RandomForestRegressor was fitted with feature names
  warnings.warn(
/home/ec2-user/quant_hackathon/venv/lib/python3.11/site-packages/sklearn/utils/validation.py:2691: UserWarning: X does not have valid feature names, but RandomForestRegressor was fitted with feature names
  warnings.warn(
/home/ec2-user/quant_hackathon/venv/lib/python3.11/site-packages/sklearn/utils/validation.py:2691: UserWarning: X does not have valid feature names, but RandomForestRegressor was fitted with feature names
  warnings.warn(
/home/ec2-user/quant_hackathon/venv/lib/python3.11/site-packages/sklearn/utils/validation.py:2691: UserWarning: X does not have valid feature names, but RandomForestRegressor was fitted with feature names
  warnings.warn(
/home/ec2-user/quant_hackathon/venv/lib/python3.11/site-packages/sklearn/utils/validation.py:2691: UserWarning: X does not have valid feature names, but RandomForestRegressor was fitted with feature names
  warnings.warn(
/home/ec2-user/quant_hackathon/venv/lib/python3.11/site-packages/sklearn/utils/validation.py:2691: UserWarning: X does not have valid feature names, but RandomForestRegressor was fitted with feature names
  warnings.warn(
/home/ec2-user/quant_hackathon/venv/lib/python3.11/site-packages/sklearn/utils/validation.py:2691: UserWarning: X does not have valid feature names, but RandomForestRegressor was fitted with feature names
  warnings.warn(
/home/ec2-user/quant_hackathon/venv/lib/python3.11/site-packages/sklearn/utils/validation.py:2691: UserWarning: X does not have valid feature names, but RandomForestRegressor was fitted with feature names
  warnings.warn(
/home/ec2-user/quant_hackathon/venv/lib/python3.11/site-packages/sklearn/utils/validation.py:2691: UserWarning: X does not have valid feature names, but RandomForestRegressor was fitted with feature names
  warnings.warn(
/home/ec2-user/quant_hackathon/venv/lib/python3.11/site-packages/sklearn/utils/validation.py:2691: UserWarning: X does not have valid feature names, but RandomForestRegressor was fitted with feature names
  warnings.warn(
/home/ec2-user/quant_hackathon/venv/lib/python3.11/site-packages/sklearn/utils/validation.py:2691: UserWarning: X does not have valid feature names, but RandomForestRegressor was fitted with feature names
  warnings.warn(
/home/ec2-user/quant_hackathon/venv/lib/python3.11/site-packages/sklearn/utils/validation.py:2691: UserWarning: X does not have valid feature names, but RandomForestRegressor was fitted with feature names
  warnings.warn(
/home/ec2-user/quant_hackathon/venv/lib/python3.11/site-packages/sklearn/utils/validation.py:2691: UserWarning: X does not have valid feature names, but RandomForestRegressor was fitted with feature names
  warnings.warn(
/home/ec2-user/quant_hackathon/venv/lib/python3.11/site-packages/sklearn/utils/validation.py:2691: UserWarning: X does not have valid feature names, but RandomForestRegressor was fitted with feature names
  warnings.warn(
/home/ec2-user/quant_hackathon/venv/lib/python3.11/site-packages/sklearn/utils/validation.py:2691: UserWarning: X does not have valid feature names, but RandomForestRegressor was fitted with feature names
  warnings.warn(
/home/ec2-user/quant_hackathon/venv/lib/python3.11/site-packages/sklearn/utils/validation.py:2691: UserWarning: X does not have valid feature names, but RandomForestRegressor was fitted with feature names
  warnings.warn(
/home/ec2-user/quant_hackathon/venv/lib/python3.11/site-packages/sklearn/utils/validation.py:2691: UserWarning: X does not have valid feature names, but RandomForestRegressor was fitted with feature names
  warnings.warn(
/home/ec2-user/quant_hackathon/venv/lib/python3.11/site-packages/sklearn/utils/validation.py:2691: UserWarning: X does not have valid feature names, but RandomForestRegressor was fitted with feature names
  warnings.warn(
/home/ec2-user/quant_hackathon/venv/lib/python3.11/site-packages/sklearn/utils/validation.py:2691: UserWarning: X does not have valid feature names, but RandomForestRegressor was fitted with feature names
  warnings.warn(
/home/ec2-user/quant_hackathon/venv/lib/python3.11/site-packages/sklearn/utils/validation.py:2691: UserWarning: X does not have valid feature names, but RandomForestRegressor was fitted with feature names
  warnings.warn(
/home/ec2-user/quant_hackathon/venv/lib/python3.11/site-packages/sklearn/utils/validation.py:2691: UserWarning: X does not have valid feature names, but RandomForestRegressor was fitted with feature names
  warnings.warn(
/home/ec2-user/quant_hackathon/venv/lib/python3.11/site-packages/sklearn/utils/validation.py:2691: UserWarning: X does not have valid feature names, but RandomForestRegressor was fitted with feature names
  warnings.warn(
/home/ec2-user/quant_hackathon/venv/lib/python3.11/site-packages/sklearn/utils/validation.py:2691: UserWarning: X does not have valid feature names, but RandomForestRegressor was fitted with feature names
  warnings.warn(
/home/ec2-user/quant_hackathon/venv/lib/python3.11/site-packages/sklearn/utils/validation.py:2691: UserWarning: X does not have valid feature names, but RandomForestRegressor was fitted with feature names
  warnings.warn(
/home/ec2-user/quant_hackathon/venv/lib/python3.11/site-packages/sklearn/utils/validation.py:2691: UserWarning: X does not have valid feature names, but RandomForestRegressor was fitted with feature names
  warnings.warn(
/home/ec2-user/quant_hackathon/venv/lib/python3.11/site-packages/sklearn/utils/validation.py:2691: UserWarning: X does not have valid feature names, but RandomForestRegressor was fitted with feature names
  warnings.warn(
/home/ec2-user/quant_hackathon/venv/lib/python3.11/site-packages/sklearn/utils/validation.py:2691: UserWarning: X does not have valid feature names, but RandomForestRegressor was fitted with feature names
  warnings.warn(
/home/ec2-user/quant_hackathon/venv/lib/python3.11/site-packages/sklearn/utils/validation.py:2691: UserWarning: X does not have valid feature names, but RandomForestRegressor was fitted with feature names
  warnings.warn(
/home/ec2-user/quant_hackathon/venv/lib/python3.11/site-packages/sklearn/utils/validation.py:2691: UserWarning: X does not have valid feature names, but RandomForestRegressor was fitted with feature names
  warnings.warn(
/home/ec2-user/quant_hackathon/venv/lib/python3.11/site-packages/sklearn/utils/validation.py:2691: UserWarning: X does not have valid feature names, but RandomForestRegressor was fitted with feature names
  warnings.warn(
/home/ec2-user/quant_hackathon/venv/lib/python3.11/site-packages/sklearn/utils/validation.py:2691: UserWarning: X does not have valid feature names, but RandomForestRegressor was fitted with feature names
  warnings.warn(
/home/ec2-user/quant_hackathon/venv/lib/python3.11/site-packages/sklearn/utils/validation.py:2691: UserWarning: X does not have valid feature names, but RandomForestRegressor was fitted with feature names
  warnings.warn(
/home/ec2-user/quant_hackathon/venv/lib/python3.11/site-packages/sklearn/utils/validation.py:2691: UserWarning: X does not have valid feature names, but RandomForestRegressor was fitted with feature names
  warnings.warn(
/home/ec2-user/quant_hackathon/venv/lib/python3.11/site-packages/sklearn/utils/validation.py:2691: UserWarning: X does not have valid feature names, but RandomForestRegressor was fitted with feature names
  warnings.warn(
/home/ec2-user/quant_hackathon/venv/lib/python3.11/site-packages/sklearn/utils/validation.py:2691: UserWarning: X does not have valid feature names, but RandomForestRegressor was fitted with feature names
  warnings.warn(
/home/ec2-user/quant_hackathon/venv/lib/python3.11/site-packages/sklearn/utils/validation.py:2691: UserWarning: X does not have valid feature names, but RandomForestRegressor was fitted with feature names
  warnings.warn(
/home/ec2-user/quant_hackathon/venv/lib/python3.11/site-packages/sklearn/utils/validation.py:2691: UserWarning: X does not have valid feature names, but RandomForestRegressor was fitted with feature names
  warnings.warn(
/home/ec2-user/quant_hackathon/venv/lib/python3.11/site-packages/sklearn/utils/validation.py:2691: UserWarning: X does not have valid feature names, but RandomForestRegressor was fitted with feature names
  warnings.warn(
/home/ec2-user/quant_hackathon/venv/lib/python3.11/site-packages/sklearn/utils/validation.py:2691: UserWarning: X does not have valid feature names, but RandomForestRegressor was fitted with feature names
  warnings.warn(
/home/ec2-user/quant_hackathon/venv/lib/python3.11/site-packages/sklearn/utils/validation.py:2691: UserWarning: X does not have valid feature names, but RandomForestRegressor was fitted with feature names
  warnings.warn(
/home/ec2-user/quant_hackathon/venv/lib/python3.11/site-packages/sklearn/utils/validation.py:2691: UserWarning: X does not have valid feature names, but RandomForestRegressor was fitted with feature names
  warnings.warn(
/home/ec2-user/quant_hackathon/venv/lib/python3.11/site-packages/sklearn/utils/validation.py:2691: UserWarning: X does not have valid feature names, but RandomForestRegressor was fitted with feature names
  warnings.warn(
/home/ec2-user/quant_hackathon/venv/lib/python3.11/site-packages/sklearn/utils/validation.py:2691: UserWarning: X does not have valid feature names, but RandomForestRegressor was fitted with feature names
  warnings.warn(
/home/ec2-user/quant_hackathon/venv/lib/python3.11/site-packages/sklearn/utils/validation.py:2691: UserWarning: X does not have valid feature names, but RandomForestRegressor was fitted with feature names
  warnings.warn(
/home/ec2-user/quant_hackathon/venv/lib/python3.11/site-packages/sklearn/utils/validation.py:2691: UserWarning: X does not have valid feature names, but RandomForestRegressor was fitted with feature names
  warnings.warn(
/home/ec2-user/quant_hackathon/venv/lib/python3.11/site-packages/sklearn/utils/validation.py:2691: UserWarning: X does not have valid feature names, but RandomForestRegressor was fitted with feature names
  warnings.warn(
/home/ec2-user/quant_hackathon/venv/lib/python3.11/site-packages/sklearn/utils/validation.py:2691: UserWarning: X does not have valid feature names, but RandomForestRegressor was fitted with feature names
  warnings.warn(
/home/ec2-user/quant_hackathon/venv/lib/python3.11/site-packages/sklearn/utils/validation.py:2691: UserWarning: X does not have valid feature names, but RandomForestRegressor was fitted with feature names
  warnings.warn(
/home/ec2-user/quant_hackathon/venv/lib/python3.11/site-packages/sklearn/utils/validation.py:2691: UserWarning: X does not have valid feature names, but RandomForestRegressor was fitted with feature names
  warnings.warn(
/home/ec2-user/quant_hackathon/venv/lib/python3.11/site-packages/sklearn/utils/validation.py:2691: UserWarning: X does not have valid feature names, but RandomForestRegressor was fitted with feature names
  warnings.warn(
/home/ec2-user/quant_hackathon/venv/lib/python3.11/site-packages/sklearn/utils/validation.py:2691: UserWarning: X does not have valid feature names, but RandomForestRegressor was fitted with feature names
  warnings.warn(
/home/ec2-user/quant_hackathon/venv/lib/python3.11/site-packages/sklearn/utils/validation.py:2691: UserWarning: X does not have valid feature names, but RandomForestRegressor was fitted with feature names
  warnings.warn(
/home/ec2-user/quant_hackathon/venv/lib/python3.11/site-packages/sklearn/utils/validation.py:2691: UserWarning: X does not have valid feature names, but RandomForestRegressor was fitted with feature names
  warnings.warn(
/home/ec2-user/quant_hackathon/venv/lib/python3.11/site-packages/sklearn/utils/validation.py:2691: UserWarning: X does not have valid feature names, but RandomForestRegressor was fitted with feature names
  warnings.warn(
/home/ec2-user/quant_hackathon/venv/lib/python3.11/site-packages/sklearn/utils/validation.py:2691: UserWarning: X does not have valid feature names, but RandomForestRegressor was fitted with feature names
  warnings.warn(
/home/ec2-user/quant_hackathon/venv/lib/python3.11/site-packages/sklearn/utils/validation.py:2691: UserWarning: X does not have valid feature names, but RandomForestRegressor was fitted with feature names
  warnings.warn(
/home/ec2-user/quant_hackathon/venv/lib/python3.11/site-packages/sklearn/utils/validation.py:2691: UserWarning: X does not have valid feature names, but RandomForestRegressor was fitted with feature names
  warnings.warn(
/home/ec2-user/quant_hackathon/venv/lib/python3.11/site-packages/sklearn/utils/validation.py:2691: UserWarning: X does not have valid feature names, but RandomForestRegressor was fitted with feature names
  warnings.warn(
/home/ec2-user/quant_hackathon/venv/lib/python3.11/site-packages/sklearn/utils/validation.py:2691: UserWarning: X does not have valid feature names, but RandomForestRegressor was fitted with feature names
  warnings.warn(
/home/ec2-user/quant_hackathon/venv/lib/python3.11/site-packages/sklearn/utils/validation.py:2691: UserWarning: X does not have valid feature names, but RandomForestRegressor was fitted with feature names
  warnings.warn(
/home/ec2-user/quant_hackathon/venv/lib/python3.11/site-packages/sklearn/utils/validation.py:2691: UserWarning: X does not have valid feature names, but RandomForestRegressor was fitted with feature names
  warnings.warn(
/home/ec2-user/quant_hackathon/venv/lib/python3.11/site-packages/sklearn/utils/validation.py:2691: UserWarning: X does not have valid feature names, but RandomForestRegressor was fitted with feature names
  warnings.warn(
/home/ec2-user/quant_hackathon/venv/lib/python3.11/site-packages/sklearn/utils/validation.py:2691: UserWarning: X does not have valid feature names, but RandomForestRegressor was fitted with feature names
  warnings.warn(
/home/ec2-user/quant_hackathon/venv/lib/python3.11/site-packages/sklearn/utils/validation.py:2691: UserWarning: X does not have valid feature names, but RandomForestRegressor was fitted with feature names
  warnings.warn(
/home/ec2-user/quant_hackathon/venv/lib/python3.11/site-packages/sklearn/utils/validation.py:2691: UserWarning: X does not have valid feature names, but RandomForestRegressor was fitted with feature names
  warnings.warn(
/home/ec2-user/quant_hackathon/venv/lib/python3.11/site-packages/sklearn/utils/validation.py:2691: UserWarning: X does not have valid feature names, but RandomForestRegressor was fitted with feature names
  warnings.warn(
/home/ec2-user/quant_hackathon/venv/lib/python3.11/site-packages/sklearn/utils/validation.py:2691: UserWarning: X does not have valid feature names, but RandomForestRegressor was fitted with feature names
  warnings.warn(
/home/ec2-user/quant_hackathon/venv/lib/python3.11/site-packages/sklearn/utils/validation.py:2691: UserWarning: X does not have valid feature names, but RandomForestRegressor was fitted with feature names
  warnings.warn(
/home/ec2-user/quant_hackathon/venv/lib/python3.11/site-packages/sklearn/utils/validation.py:2691: UserWarning: X does not have valid feature names, but RandomForestRegressor was fitted with feature names
  warnings.warn(
/home/ec2-user/quant_hackathon/venv/lib/python3.11/site-packages/sklearn/utils/validation.py:2691: UserWarning: X does not have valid feature names, but RandomForestRegressor was fitted with feature names
  warnings.warn(
/home/ec2-user/quant_hackathon/venv/lib/python3.11/site-packages/sklearn/utils/validation.py:2691: UserWarning: X does not have valid feature names, but RandomForestRegressor was fitted with feature names
  warnings.warn(
/home/ec2-user/quant_hackathon/venv/lib/python3.11/site-packages/sklearn/utils/validation.py:2691: UserWarning: X does not have valid feature names, but RandomForestRegressor was fitted with feature names
  warnings.warn(
/home/ec2-user/quant_hackathon/venv/lib/python3.11/site-packages/sklearn/utils/validation.py:2691: UserWarning: X does not have valid feature names, but RandomForestRegressor was fitted with feature names
  warnings.warn(
/home/ec2-user/quant_hackathon/venv/lib/python3.11/site-packages/sklearn/utils/validation.py:2691: UserWarning: X does not have valid feature names, but RandomForestRegressor was fitted with feature names
  warnings.warn(
/home/ec2-user/quant_hackathon/venv/lib/python3.11/site-packages/sklearn/utils/validation.py:2691: UserWarning: X does not have valid feature names, but RandomForestRegressor was fitted with feature names
  warnings.warn(
/home/ec2-user/quant_hackathon/venv/lib/python3.11/site-packages/sklearn/utils/validation.py:2691: UserWarning: X does not have valid feature names, but RandomForestRegressor was fitted with feature names
  warnings.warn(
/home/ec2-user/quant_hackathon/venv/lib/python3.11/site-packages/sklearn/utils/validation.py:2691: UserWarning: X does not have valid feature names, but RandomForestRegressor was fitted with feature names
  warnings.warn(
/home/ec2-user/quant_hackathon/venv/lib/python3.11/site-packages/sklearn/utils/validation.py:2691: UserWarning: X does not have valid feature names, but RandomForestRegressor was fitted with feature names
  warnings.warn(
/home/ec2-user/quant_hackathon/venv/lib/python3.11/site-packages/sklearn/utils/validation.py:2691: UserWarning: X does not have valid feature names, but RandomForestRegressor was fitted with feature names
  warnings.warn(
/home/ec2-user/quant_hackathon/venv/lib/python3.11/site-packages/sklearn/utils/validation.py:2691: UserWarning: X does not have valid feature names, but RandomForestRegressor was fitted with feature names
  warnings.warn(
/home/ec2-user/quant_hackathon/venv/lib/python3.11/site-packages/sklearn/utils/validation.py:2691: UserWarning: X does not have valid feature names, but RandomForestRegressor was fitted with feature names
  warnings.warn(
/home/ec2-user/quant_hackathon/venv/lib/python3.11/site-packages/sklearn/utils/validation.py:2691: UserWarning: X does not have valid feature names, but RandomForestRegressor was fitted with feature names
  warnings.warn(
/home/ec2-user/quant_hackathon/venv/lib/python3.11/site-packages/sklearn/utils/validation.py:2691: UserWarning: X does not have valid feature names, but RandomForestRegressor was fitted with feature names
  warnings.warn(
/home/ec2-user/quant_hackathon/venv/lib/python3.11/site-packages/sklearn/utils/validation.py:2691: UserWarning: X does not have valid feature names, but RandomForestRegressor was fitted with feature names
  warnings.warn(
/home/ec2-user/quant_hackathon/venv/lib/python3.11/site-packages/sklearn/utils/validation.py:2691: UserWarning: X does not have valid feature names, but RandomForestRegressor was fitted with feature names
  warnings.warn(
/home/ec2-user/quant_hackathon/venv/lib/python3.11/site-packages/sklearn/utils/validation.py:2691: UserWarning: X does not have valid feature names, but RandomForestRegressor was fitted with feature names
  warnings.warn(
/home/ec2-user/quant_hackathon/venv/lib/python3.11/site-packages/sklearn/utils/validation.py:2691: UserWarning: X does not have valid feature names, but RandomForestRegressor was fitted with feature names
  warnings.warn(
/home/ec2-user/quant_hackathon/venv/lib/python3.11/site-packages/sklearn/utils/validation.py:2691: UserWarning: X does not have valid feature names, but RandomForestRegressor was fitted with feature names
  warnings.warn(
/home/ec2-user/quant_hackathon/venv/lib/python3.11/site-packages/sklearn/utils/validation.py:2691: UserWarning: X does not have valid feature names, but RandomForestRegressor was fitted with feature names
  warnings.warn(
/home/ec2-user/quant_hackathon/venv/lib/python3.11/site-packages/sklearn/utils/validation.py:2691: UserWarning: X does not have valid feature names, but RandomForestRegressor was fitted with feature names
  warnings.warn(
/home/ec2-user/quant_hackathon/venv/lib/python3.11/site-packages/sklearn/utils/validation.py:2691: UserWarning: X does not have valid feature names, but RandomForestRegressor was fitted with feature names
  warnings.warn(
/home/ec2-user/quant_hackathon/venv/lib/python3.11/site-packages/sklearn/utils/validation.py:2691: UserWarning: X does not have valid feature names, but RandomForestRegressor was fitted with feature names
  warnings.warn(
/home/ec2-user/quant_hackathon/venv/lib/python3.11/site-packages/sklearn/utils/validation.py:2691: UserWarning: X does not have valid feature names, but RandomForestRegressor was fitted with feature names
  warnings.warn(
/home/ec2-user/quant_hackathon/venv/lib/python3.11/site-packages/sklearn/utils/validation.py:2691: UserWarning: X does not have valid feature names, but RandomForestRegressor was fitted with feature names
  warnings.warn(
/home/ec2-user/quant_hackathon/venv/lib/python3.11/site-packages/sklearn/utils/validation.py:2691: UserWarning: X does not have valid feature names, but RandomForestRegressor was fitted with feature names
  warnings.warn(
/home/ec2-user/quant_hackathon/venv/lib/python3.11/site-packages/sklearn/utils/validation.py:2691: UserWarning: X does not have valid feature names, but RandomForestRegressor was fitted with feature names
  warnings.warn(
/home/ec2-user/quant_hackathon/venv/lib/python3.11/site-packages/sklearn/utils/validation.py:2691: UserWarning: X does not have valid feature names, but RandomForestRegressor was fitted with feature names
  warnings.warn(
/home/ec2-user/quant_hackathon/venv/lib/python3.11/site-packages/sklearn/utils/validation.py:2691: UserWarning: X does not have valid feature names, but RandomForestRegressor was fitted with feature names
  warnings.warn(
/home/ec2-user/quant_hackathon/venv/lib/python3.11/site-packages/sklearn/utils/validation.py:2691: UserWarning: X does not have valid feature names, but RandomForestRegressor was fitted with feature names
  warnings.warn(
/home/ec2-user/quant_hackathon/venv/lib/python3.11/site-packages/sklearn/utils/validation.py:2691: UserWarning: X does not have valid feature names, but RandomForestRegressor was fitted with feature names
  warnings.warn(
/home/ec2-user/quant_hackathon/venv/lib/python3.11/site-packages/sklearn/utils/validation.py:2691: UserWarning: X does not have valid feature names, but RandomForestRegressor was fitted with feature names
  warnings.warn(
/home/ec2-user/quant_hackathon/venv/lib/python3.11/site-packages/sklearn/utils/validation.py:2691: UserWarning: X does not have valid feature names, but RandomForestRegressor was fitted with feature names
  warnings.warn(
/home/ec2-user/quant_hackathon/venv/lib/python3.11/site-packages/sklearn/utils/validation.py:2691: UserWarning: X does not have valid feature names, but RandomForestRegressor was fitted with feature names
  warnings.warn(
/home/ec2-user/quant_hackathon/venv/lib/python3.11/site-packages/sklearn/utils/validation.py:2691: UserWarning: X does not have valid feature names, but RandomForestRegressor was fitted with feature names
  warnings.warn(
/home/ec2-user/quant_hackathon/venv/lib/python3.11/site-packages/sklearn/utils/validation.py:2691: UserWarning: X does not have valid feature names, but RandomForestRegressor was fitted with feature names
  warnings.warn(
/home/ec2-user/quant_hackathon/venv/lib/python3.11/site-packages/sklearn/utils/validation.py:2691: UserWarning: X does not have valid feature names, but RandomForestRegressor was fitted with feature names
  warnings.warn(
/home/ec2-user/quant_hackathon/venv/lib/python3.11/site-packages/sklearn/utils/validation.py:2691: UserWarning: X does not have valid feature names, but RandomForestRegressor was fitted with feature names
  warnings.warn(
/home/ec2-user/quant_hackathon/venv/lib/python3.11/site-packages/sklearn/utils/validation.py:2691: UserWarning: X does not have valid feature names, but RandomForestRegressor was fitted with feature names
  warnings.warn(
/home/ec2-user/quant_hackathon/venv/lib/python3.11/site-packages/sklearn/utils/validation.py:2691: UserWarning: X does not have valid feature names, but RandomForestRegressor was fitted with feature names
  warnings.warn(
/home/ec2-user/quant_hackathon/venv/lib/python3.11/site-packages/sklearn/utils/validation.py:2691: UserWarning: X does not have valid feature names, but RandomForestRegressor was fitted with feature names
  warnings.warn(
/home/ec2-user/quant_hackathon/venv/lib/python3.11/site-packages/sklearn/utils/validation.py:2691: UserWarning: X does not have valid feature names, but RandomForestRegressor was fitted with feature names
  warnings.warn(
/home/ec2-user/quant_hackathon/venv/lib/python3.11/site-packages/sklearn/utils/validation.py:2691: UserWarning: X does not have valid feature names, but RandomForestRegressor was fitted with feature names
  warnings.warn(
/home/ec2-user/quant_hackathon/venv/lib/python3.11/site-packages/sklearn/utils/validation.py:2691: UserWarning: X does not have valid feature names, but RandomForestRegressor was fitted with feature names
  warnings.warn(
/home/ec2-user/quant_hackathon/venv/lib/python3.11/site-packages/sklearn/utils/validation.py:2691: UserWarning: X does not have valid feature names, but RandomForestRegressor was fitted with feature names
  warnings.warn(
/home/ec2-user/quant_hackathon/venv/lib/python3.11/site-packages/sklearn/utils/validation.py:2691: UserWarning: X does not have valid feature names, but RandomForestRegressor was fitted with feature names
  warnings.warn(
/home/ec2-user/quant_hackathon/venv/lib/python3.11/site-packages/sklearn/utils/validation.py:2691: UserWarning: X does not have valid feature names, but RandomForestRegressor was fitted with feature names
  warnings.warn(
/home/ec2-user/quant_hackathon/venv/lib/python3.11/site-packages/sklearn/utils/validation.py:2691: UserWarning: X does not have valid feature names, but RandomForestRegressor was fitted with feature names
  warnings.warn(
/home/ec2-user/quant_hackathon/venv/lib/python3.11/site-packages/sklearn/utils/validation.py:2691: UserWarning: X does not have valid feature names, but RandomForestRegressor was fitted with feature names
  warnings.warn(
/home/ec2-user/quant_hackathon/venv/lib/python3.11/site-packages/sklearn/utils/validation.py:2691: UserWarning: X does not have valid feature names, but RandomForestRegressor was fitted with feature names
  warnings.warn(
/home/ec2-user/quant_hackathon/venv/lib/python3.11/site-packages/sklearn/utils/validation.py:2691: UserWarning: X does not have valid feature names, but RandomForestRegressor was fitted with feature names
  warnings.warn(
/home/ec2-user/quant_hackathon/venv/lib/python3.11/site-packages/sklearn/utils/validation.py:2691: UserWarning: X does not have valid feature names, but RandomForestRegressor was fitted with feature names
  warnings.warn(
/home/ec2-user/quant_hackathon/venv/lib/python3.11/site-packages/sklearn/utils/validation.py:2691: UserWarning: X does not have valid feature names, but RandomForestRegressor was fitted with feature names
  warnings.warn(
/home/ec2-user/quant_hackathon/venv/lib/python3.11/site-packages/sklearn/utils/validation.py:2691: UserWarning: X does not have valid feature names, but RandomForestRegressor was fitted with feature names
  warnings.warn(
/home/ec2-user/quant_hackathon/venv/lib/python3.11/site-packages/sklearn/utils/validation.py:2691: UserWarning: X does not have valid feature names, but RandomForestRegressor was fitted with feature names
  warnings.warn(
/home/ec2-user/quant_hackathon/venv/lib/python3.11/site-packages/sklearn/utils/validation.py:2691: UserWarning: X does not have valid feature names, but RandomForestRegressor was fitted with feature names
  warnings.warn(
/home/ec2-user/quant_hackathon/venv/lib/python3.11/site-packages/sklearn/utils/validation.py:2691: UserWarning: X does not have valid feature names, but RandomForestRegressor was fitted with feature names
  warnings.warn(
/home/ec2-user/quant_hackathon/venv/lib/python3.11/site-packages/sklearn/utils/validation.py:2691: UserWarning: X does not have valid feature names, but RandomForestRegressor was fitted with feature names
  warnings.warn(
/home/ec2-user/quant_hackathon/venv/lib/python3.11/site-packages/sklearn/utils/validation.py:2691: UserWarning: X does not have valid feature names, but RandomForestRegressor was fitted with feature names
  warnings.warn(
/home/ec2-user/quant_hackathon/venv/lib/python3.11/site-packages/sklearn/utils/validation.py:2691: UserWarning: X does not have valid feature names, but RandomForestRegressor was fitted with feature names
  warnings.warn(
/home/ec2-user/quant_hackathon/venv/lib/python3.11/site-packages/sklearn/utils/validation.py:2691: UserWarning: X does not have valid feature names, but RandomForestRegressor was fitted with feature names
  warnings.warn(
/home/ec2-user/quant_hackathon/venv/lib/python3.11/site-packages/sklearn/utils/validation.py:2691: UserWarning: X does not have valid feature names, but RandomForestRegressor was fitted with feature names
  warnings.warn(
/home/ec2-user/quant_hackathon/venv/lib/python3.11/site-packages/sklearn/utils/validation.py:2691: UserWarning: X does not have valid feature names, but RandomForestRegressor was fitted with feature names
  warnings.warn(
/home/ec2-user/quant_hackathon/venv/lib/python3.11/site-packages/sklearn/utils/validation.py:2691: UserWarning: X does not have valid feature names, but RandomForestRegressor was fitted with feature names
  warnings.warn(
/home/ec2-user/quant_hackathon/venv/lib/python3.11/site-packages/sklearn/utils/validation.py:2691: UserWarning: X does not have valid feature names, but RandomForestRegressor was fitted with feature names
  warnings.warn(
/home/ec2-user/quant_hackathon/venv/lib/python3.11/site-packages/sklearn/utils/validation.py:2691: UserWarning: X does not have valid feature names, but RandomForestRegressor was fitted with feature names
  warnings.warn(
/home/ec2-user/quant_hackathon/venv/lib/python3.11/site-packages/sklearn/utils/validation.py:2691: UserWarning: X does not have valid feature names, but RandomForestRegressor was fitted with feature names
  warnings.warn(
/home/ec2-user/quant_hackathon/venv/lib/python3.11/site-packages/sklearn/utils/validation.py:2691: UserWarning: X does not have valid feature names, but RandomForestRegressor was fitted with feature names
  warnings.warn(
/home/ec2-user/quant_hackathon/venv/lib/python3.11/site-packages/sklearn/utils/validation.py:2691: UserWarning: X does not have valid feature names, but RandomForestRegressor was fitted with feature names
  warnings.warn(
/home/ec2-user/quant_hackathon/venv/lib/python3.11/site-packages/sklearn/utils/validation.py:2691: UserWarning: X does not have valid feature names, but RandomForestRegressor was fitted with feature names
  warnings.warn(
/home/ec2-user/quant_hackathon/venv/lib/python3.11/site-packages/sklearn/utils/validation.py:2691: UserWarning: X does not have valid feature names, but RandomForestRegressor was fitted with feature names
  warnings.warn(
/home/ec2-user/quant_hackathon/venv/lib/python3.11/site-packages/sklearn/utils/validation.py:2691: UserWarning: X does not have valid feature names, but RandomForestRegressor was fitted with feature names
  warnings.warn(
/home/ec2-user/quant_hackathon/venv/lib/python3.11/site-packages/sklearn/utils/validation.py:2691: UserWarning: X does not have valid feature names, but RandomForestRegressor was fitted with feature names
  warnings.warn(
/home/ec2-user/quant_hackathon/venv/lib/python3.11/site-packages/sklearn/utils/validation.py:2691: UserWarning: X does not have valid feature names, but RandomForestRegressor was fitted with feature names
  warnings.warn(
/home/ec2-user/quant_hackathon/venv/lib/python3.11/site-packages/sklearn/utils/validation.py:2691: UserWarning: X does not have valid feature names, but RandomForestRegressor was fitted with feature names
  warnings.warn(
/home/ec2-user/quant_hackathon/venv/lib/python3.11/site-packages/sklearn/utils/validation.py:2691: UserWarning: X does not have valid feature names, but RandomForestRegressor was fitted with feature names
  warnings.warn(
/home/ec2-user/quant_hackathon/venv/lib/python3.11/site-packages/sklearn/utils/validation.py:2691: UserWarning: X does not have valid feature names, but RandomForestRegressor was fitted with feature names
  warnings.warn(
/home/ec2-user/quant_hackathon/venv/lib/python3.11/site-packages/sklearn/utils/validation.py:2691: UserWarning: X does not have valid feature names, but RandomForestRegressor was fitted with feature names
  warnings.warn(
/home/ec2-user/quant_hackathon/venv/lib/python3.11/site-packages/sklearn/utils/validation.py:2691: UserWarning: X does not have valid feature names, but RandomForestRegressor was fitted with feature names
  warnings.warn(
/home/ec2-user/quant_hackathon/venv/lib/python3.11/site-packages/sklearn/utils/validation.py:2691: UserWarning: X does not have valid feature names, but RandomForestRegressor was fitted with feature names
  warnings.warn(
/home/ec2-user/quant_hackathon/venv/lib/python3.11/site-packages/sklearn/utils/validation.py:2691: UserWarning: X does not have valid feature names, but RandomForestRegressor was fitted with feature names
  warnings.warn(
/home/ec2-user/quant_hackathon/venv/lib/python3.11/site-packages/sklearn/utils/validation.py:2691: UserWarning: X does not have valid feature names, but RandomForestRegressor was fitted with feature names
  warnings.warn(
/home/ec2-user/quant_hackathon/venv/lib/python3.11/site-packages/sklearn/utils/validation.py:2691: UserWarning: X does not have valid feature names, but RandomForestRegressor was fitted with feature names
  warnings.warn(
/home/ec2-user/quant_hackathon/venv/lib/python3.11/site-packages/sklearn/utils/validation.py:2691: UserWarning: X does not have valid feature names, but RandomForestRegressor was fitted with feature names
  warnings.warn(
/home/ec2-user/quant_hackathon/venv/lib/python3.11/site-packages/sklearn/utils/validation.py:2691: UserWarning: X does not have valid feature names, but RandomForestRegressor was fitted with feature names
  warnings.warn(
/home/ec2-user/quant_hackathon/venv/lib/python3.11/site-packages/sklearn/utils/validation.py:2691: UserWarning: X does not have valid feature names, but RandomForestRegressor was fitted with feature names
  warnings.warn(
/home/ec2-user/quant_hackathon/venv/lib/python3.11/site-packages/sklearn/utils/validation.py:2691: UserWarning: X does not have valid feature names, but RandomForestRegressor was fitted with feature names
  warnings.warn(
/home/ec2-user/quant_hackathon/venv/lib/python3.11/site-packages/sklearn/utils/validation.py:2691: UserWarning: X does not have valid feature names, but RandomForestRegressor was fitted with feature names
  warnings.warn(
/home/ec2-user/quant_hackathon/venv/lib/python3.11/site-packages/sklearn/utils/validation.py:2691: UserWarning: X does not have valid feature names, but RandomForestRegressor was fitted with feature names
  warnings.warn(
/home/ec2-user/quant_hackathon/venv/lib/python3.11/site-packages/sklearn/utils/validation.py:2691: UserWarning: X does not have valid feature names, but RandomForestRegressor was fitted with feature names
  warnings.warn(
/home/ec2-user/quant_hackathon/venv/lib/python3.11/site-packages/sklearn/utils/validation.py:2691: UserWarning: X does not have valid feature names, but RandomForestRegressor was fitted with feature names
  warnings.warn(
/home/ec2-user/quant_hackathon/venv/lib/python3.11/site-packages/sklearn/utils/validation.py:2691: UserWarning: X does not have valid feature names, but RandomForestRegressor was fitted with feature names
  warnings.warn(
/home/ec2-user/quant_hackathon/venv/lib/python3.11/site-packages/sklearn/utils/validation.py:2691: UserWarning: X does not have valid feature names, but RandomForestRegressor was fitted with feature names
  warnings.warn(
/home/ec2-user/quant_hackathon/venv/lib/python3.11/site-packages/sklearn/utils/validation.py:2691: UserWarning: X does not have valid feature names, but RandomForestRegressor was fitted with feature names
  warnings.warn(
/home/ec2-user/quant_hackathon/venv/lib/python3.11/site-packages/sklearn/utils/validation.py:2691: UserWarning: X does not have valid feature names, but RandomForestRegressor was fitted with feature names
  warnings.warn(
/home/ec2-user/quant_hackathon/venv/lib/python3.11/site-packages/sklearn/utils/validation.py:2691: UserWarning: X does not have valid feature names, but RandomForestRegressor was fitted with feature names
  warnings.warn(
/home/ec2-user/quant_hackathon/venv/lib/python3.11/site-packages/sklearn/utils/validation.py:2691: UserWarning: X does not have valid feature names, but RandomForestRegressor was fitted with feature names
  warnings.warn(
/home/ec2-user/quant_hackathon/venv/lib/python3.11/site-packages/sklearn/utils/validation.py:2691: UserWarning: X does not have valid feature names, but RandomForestRegressor was fitted with feature names
  warnings.warn(
/home/ec2-user/quant_hackathon/venv/lib/python3.11/site-packages/sklearn/utils/validation.py:2691: UserWarning: X does not have valid feature names, but RandomForestRegressor was fitted with feature names
  warnings.warn(
/home/ec2-user/quant_hackathon/venv/lib/python3.11/site-packages/sklearn/utils/validation.py:2691: UserWarning: X does not have valid feature names, but RandomForestRegressor was fitted with feature names
  warnings.warn(
/home/ec2-user/quant_hackathon/venv/lib/python3.11/site-packages/sklearn/utils/validation.py:2691: UserWarning: X does not have valid feature names, but RandomForestRegressor was fitted with feature names
  warnings.warn(
/home/ec2-user/quant_hackathon/venv/lib/python3.11/site-packages/sklearn/utils/validation.py:2691: UserWarning: X does not have valid feature names, but RandomForestRegressor was fitted with feature names
  warnings.warn(
/home/ec2-user/quant_hackathon/venv/lib/python3.11/site-packages/sklearn/utils/validation.py:2691: UserWarning: X does not have valid feature names, but RandomForestRegressor was fitted with feature names
  warnings.warn(
/home/ec2-user/quant_hackathon/venv/lib/python3.11/site-packages/sklearn/utils/validation.py:2691: UserWarning: X does not have valid feature names, but RandomForestRegressor was fitted with feature names
  warnings.warn(
/home/ec2-user/quant_hackathon/venv/lib/python3.11/site-packages/sklearn/utils/validation.py:2691: UserWarning: X does not have valid feature names, but RandomForestRegressor was fitted with feature names
  warnings.warn(
/home/ec2-user/quant_hackathon/venv/lib/python3.11/site-packages/sklearn/utils/validation.py:2691: UserWarning: X does not have valid feature names, but RandomForestRegressor was fitted with feature names
  warnings.warn(
/home/ec2-user/quant_hackathon/venv/lib/python3.11/site-packages/sklearn/utils/validation.py:2691: UserWarning: X does not have valid feature names, but RandomForestRegressor was fitted with feature names
  warnings.warn(
/home/ec2-user/quant_hackathon/venv/lib/python3.11/site-packages/sklearn/utils/validation.py:2691: UserWarning: X does not have valid feature names, but RandomForestRegressor was fitted with feature names
  warnings.warn(
/home/ec2-user/quant_hackathon/venv/lib/python3.11/site-packages/sklearn/utils/validation.py:2691: UserWarning: X does not have valid feature names, but RandomForestRegressor was fitted with feature names
  warnings.warn(
/home/ec2-user/quant_hackathon/venv/lib/python3.11/site-packages/sklearn/utils/validation.py:2691: UserWarning: X does not have valid feature names, but RandomForestRegressor was fitted with feature names
  warnings.warn(
/home/ec2-user/quant_hackathon/venv/lib/python3.11/site-packages/sklearn/utils/validation.py:2691: UserWarning: X does not have valid feature names, but RandomForestRegressor was fitted with feature names
  warnings.warn(
/home/ec2-user/quant_hackathon/venv/lib/python3.11/site-packages/sklearn/utils/validation.py:2691: UserWarning: X does not have valid feature names, but RandomForestRegressor was fitted with feature names
  warnings.warn(
/home/ec2-user/quant_hackathon/venv/lib/python3.11/site-packages/sklearn/utils/validation.py:2691: UserWarning: X does not have valid feature names, but RandomForestRegressor was fitted with feature names
  warnings.warn(
/home/ec2-user/quant_hackathon/venv/lib/python3.11/site-packages/sklearn/utils/validation.py:2691: UserWarning: X does not have valid feature names, but RandomForestRegressor was fitted with feature names
  warnings.warn(
/home/ec2-user/quant_hackathon/venv/lib/python3.11/site-packages/sklearn/utils/validation.py:2691: UserWarning: X does not have valid feature names, but RandomForestRegressor was fitted with feature names
  warnings.warn(
/home/ec2-user/quant_hackathon/venv/lib/python3.11/site-packages/sklearn/utils/validation.py:2691: UserWarning: X does not have valid feature names, but RandomForestRegressor was fitted with feature names
  warnings.warn(
/home/ec2-user/quant_hackathon/venv/lib/python3.11/site-packages/sklearn/utils/validation.py:2691: UserWarning: X does not have valid feature names, but RandomForestRegressor was fitted with feature names
  warnings.warn(
/home/ec2-user/quant_hackathon/venv/lib/python3.11/site-packages/sklearn/utils/validation.py:2691: UserWarning: X does not have valid feature names, but RandomForestRegressor was fitted with feature names
  warnings.warn(
/home/ec2-user/quant_hackathon/venv/lib/python3.11/site-packages/sklearn/utils/validation.py:2691: UserWarning: X does not have valid feature names, but RandomForestRegressor was fitted with feature names
  warnings.warn(
/home/ec2-user/quant_hackathon/venv/lib/python3.11/site-packages/sklearn/utils/validation.py:2691: UserWarning: X does not have valid feature names, but RandomForestRegressor was fitted with feature names
  warnings.warn(
/home/ec2-user/quant_hackathon/venv/lib/python3.11/site-packages/sklearn/utils/validation.py:2691: UserWarning: X does not have valid feature names, but RandomForestRegressor was fitted with feature names
  warnings.warn(
/home/ec2-user/quant_hackathon/venv/lib/python3.11/site-packages/sklearn/utils/validation.py:2691: UserWarning: X does not have valid feature names, but RandomForestRegressor was fitted with feature names
  warnings.warn(
/home/ec2-user/quant_hackathon/venv/lib/python3.11/site-packages/sklearn/utils/validation.py:2691: UserWarning: X does not have valid feature names, but RandomForestRegressor was fitted with feature names
  warnings.warn(
/home/ec2-user/quant_hackathon/venv/lib/python3.11/site-packages/sklearn/utils/validation.py:2691: UserWarning: X does not have valid feature names, but RandomForestRegressor was fitted with feature names
  warnings.warn(
/home/ec2-user/quant_hackathon/venv/lib/python3.11/site-packages/sklearn/utils/validation.py:2691: UserWarning: X does not have valid feature names, but RandomForestRegressor was fitted with feature names
  warnings.warn(
/home/ec2-user/quant_hackathon/venv/lib/python3.11/site-packages/sklearn/utils/validation.py:2691: UserWarning: X does not have valid feature names, but RandomForestRegressor was fitted with feature names
  warnings.warn(
/home/ec2-user/quant_hackathon/venv/lib/python3.11/site-packages/sklearn/utils/validation.py:2691: UserWarning: X does not have valid feature names, but RandomForestRegressor was fitted with feature names
  warnings.warn(
/home/ec2-user/quant_hackathon/venv/lib/python3.11/site-packages/sklearn/utils/validation.py:2691: UserWarning: X does not have valid feature names, but RandomForestRegressor was fitted with feature names
  warnings.warn(
/home/ec2-user/quant_hackathon/venv/lib/python3.11/site-packages/sklearn/utils/validation.py:2691: UserWarning: X does not have valid feature names, but RandomForestRegressor was fitted with feature names
  warnings.warn(
/home/ec2-user/quant_hackathon/venv/lib/python3.11/site-packages/sklearn/utils/validation.py:2691: UserWarning: X does not have valid feature names, but RandomForestRegressor was fitted with feature names
  warnings.warn(
/home/ec2-user/quant_hackathon/venv/lib/python3.11/site-packages/sklearn/utils/validation.py:2691: UserWarning: X does not have valid feature names, but RandomForestRegressor was fitted with feature names
  warnings.warn(
/home/ec2-user/quant_hackathon/venv/lib/python3.11/site-packages/sklearn/utils/validation.py:2691: UserWarning: X does not have valid feature names, but RandomForestRegressor was fitted with feature names
  warnings.warn(
/home/ec2-user/quant_hackathon/venv/lib/python3.11/site-packages/sklearn/utils/validation.py:2691: UserWarning: X does not have valid feature names, but RandomForestRegressor was fitted with feature names
  warnings.warn(
/home/ec2-user/quant_hackathon/venv/lib/python3.11/site-packages/sklearn/utils/validation.py:2691: UserWarning: X does not have valid feature names, but RandomForestRegressor was fitted with feature names
  warnings.warn(
/home/ec2-user/quant_hackathon/venv/lib/python3.11/site-packages/sklearn/utils/validation.py:2691: UserWarning: X does not have valid feature names, but RandomForestRegressor was fitted with feature names
  warnings.warn(
/home/ec2-user/quant_hackathon/venv/lib/python3.11/site-packages/sklearn/utils/validation.py:2691: UserWarning: X does not have valid feature names, but RandomForestRegressor was fitted with feature names
  warnings.warn(
/home/ec2-user/quant_hackathon/venv/lib/python3.11/site-packages/sklearn/utils/validation.py:2691: UserWarning: X does not have valid feature names, but RandomForestRegressor was fitted with feature names
  warnings.warn(
/home/ec2-user/quant_hackathon/venv/lib/python3.11/site-packages/sklearn/utils/validation.py:2691: UserWarning: X does not have valid feature names, but RandomForestRegressor was fitted with feature names
  warnings.warn(
/home/ec2-user/quant_hackathon/venv/lib/python3.11/site-packages/sklearn/utils/validation.py:2691: UserWarning: X does not have valid feature names, but RandomForestRegressor was fitted with feature names
  warnings.warn(
/home/ec2-user/quant_hackathon/venv/lib/python3.11/site-packages/sklearn/utils/validation.py:2691: UserWarning: X does not have valid feature names, but RandomForestRegressor was fitted with feature names
  warnings.warn(
/home/ec2-user/quant_hackathon/venv/lib/python3.11/site-packages/sklearn/utils/validation.py:2691: UserWarning: X does not have valid feature names, but RandomForestRegressor was fitted with feature names
  warnings.warn(
/home/ec2-user/quant_hackathon/venv/lib/python3.11/site-packages/sklearn/utils/validation.py:2691: UserWarning: X does not have valid feature names, but RandomForestRegressor was fitted with feature names
  warnings.warn(
/home/ec2-user/quant_hackathon/venv/lib/python3.11/site-packages/sklearn/utils/validation.py:2691: UserWarning: X does not have valid feature names, but RandomForestRegressor was fitted with feature names
  warnings.warn(
/home/ec2-user/quant_hackathon/venv/lib/python3.11/site-packages/sklearn/utils/validation.py:2691: UserWarning: X does not have valid feature names, but RandomForestRegressor was fitted with feature names
  warnings.warn(
/home/ec2-user/quant_hackathon/venv/lib/python3.11/site-packages/sklearn/utils/validation.py:2691: UserWarning: X does not have valid feature names, but RandomForestRegressor was fitted with feature names
  warnings.warn(
/home/ec2-user/quant_hackathon/venv/lib/python3.11/site-packages/sklearn/utils/validation.py:2691: UserWarning: X does not have valid feature names, but RandomForestRegressor was fitted with feature names
  warnings.warn(
/home/ec2-user/quant_hackathon/venv/lib/python3.11/site-packages/sklearn/utils/validation.py:2691: UserWarning: X does not have valid feature names, but RandomForestRegressor was fitted with feature names
  warnings.warn(
/home/ec2-user/quant_hackathon/venv/lib/python3.11/site-packages/sklearn/utils/validation.py:2691: UserWarning: X does not have valid feature names, but RandomForestRegressor was fitted with feature names
  warnings.warn(
/home/ec2-user/quant_hackathon/venv/lib/python3.11/site-packages/sklearn/utils/validation.py:2691: UserWarning: X does not have valid feature names, but RandomForestRegressor was fitted with feature names
  warnings.warn(
/home/ec2-user/quant_hackathon/venv/lib/python3.11/site-packages/sklearn/utils/validation.py:2691: UserWarning: X does not have valid feature names, but RandomForestRegressor was fitted with feature names
  warnings.warn(
/home/ec2-user/quant_hackathon/venv/lib/python3.11/site-packages/sklearn/utils/validation.py:2691: UserWarning: X does not have valid feature names, but RandomForestRegressor was fitted with feature names
  warnings.warn(
/home/ec2-user/quant_hackathon/venv/lib/python3.11/site-packages/sklearn/utils/validation.py:2691: UserWarning: X does not have valid feature names, but RandomForestRegressor was fitted with feature names
  warnings.warn(
/home/ec2-user/quant_hackathon/venv/lib/python3.11/site-packages/sklearn/utils/validation.py:2691: UserWarning: X does not have valid feature names, but RandomForestRegressor was fitted with feature names
  warnings.warn(
/home/ec2-user/quant_hackathon/venv/lib/python3.11/site-packages/sklearn/utils/validation.py:2691: UserWarning: X does not have valid feature names, but RandomForestRegressor was fitted with feature names
  warnings.warn(
/home/ec2-user/quant_hackathon/venv/lib/python3.11/site-packages/sklearn/utils/validation.py:2691: UserWarning: X does not have valid feature names, but RandomForestRegressor was fitted with feature names
  warnings.warn(
/home/ec2-user/quant_hackathon/venv/lib/python3.11/site-packages/sklearn/utils/validation.py:2691: UserWarning: X does not have valid feature names, but RandomForestRegressor was fitted with feature names
  warnings.warn(
/home/ec2-user/quant_hackathon/venv/lib/python3.11/site-packages/sklearn/utils/validation.py:2691: UserWarning: X does not have valid feature names, but RandomForestRegressor was fitted with feature names
  warnings.warn(
/home/ec2-user/quant_hackathon/venv/lib/python3.11/site-packages/sklearn/utils/validation.py:2691: UserWarning: X does not have valid feature names, but RandomForestRegressor was fitted with feature names
  warnings.warn(
/home/ec2-user/quant_hackathon/venv/lib/python3.11/site-packages/sklearn/utils/validation.py:2691: UserWarning: X does not have valid feature names, but RandomForestRegressor was fitted with feature names
  warnings.warn(
/home/ec2-user/quant_hackathon/venv/lib/python3.11/site-packages/sklearn/utils/validation.py:2691: UserWarning: X does not have valid feature names, but RandomForestRegressor was fitted with feature names
  warnings.warn(
/home/ec2-user/quant_hackathon/venv/lib/python3.11/site-packages/sklearn/utils/validation.py:2691: UserWarning: X does not have valid feature names, but RandomForestRegressor was fitted with feature names
  warnings.warn(
/home/ec2-user/quant_hackathon/venv/lib/python3.11/site-packages/sklearn/utils/validation.py:2691: UserWarning: X does not have valid feature names, but RandomForestRegressor was fitted with feature names
  warnings.warn(
/home/ec2-user/quant_hackathon/venv/lib/python3.11/site-packages/sklearn/utils/validation.py:2691: UserWarning: X does not have valid feature names, but RandomForestRegressor was fitted with feature names
  warnings.warn(
/home/ec2-user/quant_hackathon/venv/lib/python3.11/site-packages/sklearn/utils/validation.py:2691: UserWarning: X does not have valid feature names, but RandomForestRegressor was fitted with feature names
  warnings.warn(
/home/ec2-user/quant_hackathon/venv/lib/python3.11/site-packages/sklearn/utils/validation.py:2691: UserWarning: X does not have valid feature names, but RandomForestRegressor was fitted with feature names
  warnings.warn(
/home/ec2-user/quant_hackathon/venv/lib/python3.11/site-packages/sklearn/utils/validation.py:2691: UserWarning: X does not have valid feature names, but RandomForestRegressor was fitted with feature names
  warnings.warn(
/home/ec2-user/quant_hackathon/venv/lib/python3.11/site-packages/sklearn/utils/validation.py:2691: UserWarning: X does not have valid feature names, but RandomForestRegressor was fitted with feature names
  warnings.warn(
/home/ec2-user/quant_hackathon/venv/lib/python3.11/site-packages/sklearn/utils/validation.py:2691: UserWarning: X does not have valid feature names, but RandomForestRegressor was fitted with feature names
  warnings.warn(
/home/ec2-user/quant_hackathon/venv/lib/python3.11/site-packages/sklearn/utils/validation.py:2691: UserWarning: X does not have valid feature names, but RandomForestRegressor was fitted with feature names
  warnings.warn(
/home/ec2-user/quant_hackathon/venv/lib/python3.11/site-packages/sklearn/utils/validation.py:2691: UserWarning: X does not have valid feature names, but RandomForestRegressor was fitted with feature names
  warnings.warn(
/home/ec2-user/quant_hackathon/venv/lib/python3.11/site-packages/sklearn/utils/validation.py:2691: UserWarning: X does not have valid feature names, but RandomForestRegressor was fitted with feature names
  warnings.warn(
/home/ec2-user/quant_hackathon/venv/lib/python3.11/site-packages/sklearn/utils/validation.py:2691: UserWarning: X does not have valid feature names, but RandomForestRegressor was fitted with feature names
  warnings.warn(
/home/ec2-user/quant_hackathon/venv/lib/python3.11/site-packages/sklearn/utils/validation.py:2691: UserWarning: X does not have valid feature names, but RandomForestRegressor was fitted with feature names
  warnings.warn(
/home/ec2-user/quant_hackathon/venv/lib/python3.11/site-packages/sklearn/utils/validation.py:2691: UserWarning: X does not have valid feature names, but RandomForestRegressor was fitted with feature names
  warnings.warn(
/home/ec2-user/quant_hackathon/venv/lib/python3.11/site-packages/sklearn/utils/validation.py:2691: UserWarning: X does not have valid feature names, but RandomForestRegressor was fitted with feature names
  warnings.warn(
/home/ec2-user/quant_hackathon/venv/lib/python3.11/site-packages/sklearn/utils/validation.py:2691: UserWarning: X does not have valid feature names, but RandomForestRegressor was fitted with feature names
  warnings.warn(
/home/ec2-user/quant_hackathon/venv/lib/python3.11/site-packages/sklearn/utils/validation.py:2691: UserWarning: X does not have valid feature names, but RandomForestRegressor was fitted with feature names
  warnings.warn(
/home/ec2-user/quant_hackathon/venv/lib/python3.11/site-packages/sklearn/utils/validation.py:2691: UserWarning: X does not have valid feature names, but RandomForestRegressor was fitted with feature names
  warnings.warn(
/home/ec2-user/quant_hackathon/venv/lib/python3.11/site-packages/sklearn/utils/validation.py:2691: UserWarning: X does not have valid feature names, but RandomForestRegressor was fitted with feature names
  warnings.warn(
/home/ec2-user/quant_hackathon/venv/lib/python3.11/site-packages/sklearn/utils/validation.py:2691: UserWarning: X does not have valid feature names, but RandomForestRegressor was fitted with feature names
  warnings.warn(
/home/ec2-user/quant_hackathon/venv/lib/python3.11/site-packages/sklearn/utils/validation.py:2691: UserWarning: X does not have valid feature names, but RandomForestRegressor was fitted with feature names
  warnings.warn(
/home/ec2-user/quant_hackathon/venv/lib/python3.11/site-packages/sklearn/utils/validation.py:2691: UserWarning: X does not have valid feature names, but RandomForestRegressor was fitted with feature names
  warnings.warn(
/home/ec2-user/quant_hackathon/venv/lib/python3.11/site-packages/sklearn/utils/validation.py:2691: UserWarning: X does not have valid feature names, but RandomForestRegressor was fitted with feature names
  warnings.warn(
/home/ec2-user/quant_hackathon/venv/lib/python3.11/site-packages/sklearn/utils/validation.py:2691: UserWarning: X does not have valid feature names, but RandomForestRegressor was fitted with feature names
  warnings.warn(
/home/ec2-user/quant_hackathon/venv/lib/python3.11/site-packages/sklearn/utils/validation.py:2691: UserWarning: X does not have valid feature names, but RandomForestRegressor was fitted with feature names
  warnings.warn(
/home/ec2-user/quant_hackathon/venv/lib/python3.11/site-packages/sklearn/utils/validation.py:2691: UserWarning: X does not have valid feature names, but RandomForestRegressor was fitted with feature names
  warnings.warn(
/home/ec2-user/quant_hackathon/venv/lib/python3.11/site-packages/sklearn/utils/validation.py:2691: UserWarning: X does not have valid feature names, but RandomForestRegressor was fitted with feature names
  warnings.warn(
/home/ec2-user/quant_hackathon/venv/lib/python3.11/site-packages/sklearn/utils/validation.py:2691: UserWarning: X does not have valid feature names, but RandomForestRegressor was fitted with feature names
  warnings.warn(
/home/ec2-user/quant_hackathon/venv/lib/python3.11/site-packages/sklearn/utils/validation.py:2691: UserWarning: X does not have valid feature names, but RandomForestRegressor was fitted with feature names
  warnings.warn(
/home/ec2-user/quant_hackathon/venv/lib/python3.11/site-packages/sklearn/utils/validation.py:2691: UserWarning: X does not have valid feature names, but RandomForestRegressor was fitted with feature names
  warnings.warn(
/home/ec2-user/quant_hackathon/venv/lib/python3.11/site-packages/sklearn/utils/validation.py:2691: UserWarning: X does not have valid feature names, but RandomForestRegressor was fitted with feature names
  warnings.warn(
/home/ec2-user/quant_hackathon/venv/lib/python3.11/site-packages/sklearn/utils/validation.py:2691: UserWarning: X does not have valid feature names, but RandomForestRegressor was fitted with feature names
  warnings.warn(
/home/ec2-user/quant_hackathon/venv/lib/python3.11/site-packages/sklearn/utils/validation.py:2691: UserWarning: X does not have valid feature names, but RandomForestRegressor was fitted with feature names
  warnings.warn(
/home/ec2-user/quant_hackathon/venv/lib/python3.11/site-packages/sklearn/utils/validation.py:2691: UserWarning: X does not have valid feature names, but RandomForestRegressor was fitted with feature names
  warnings.warn(
/home/ec2-user/quant_hackathon/venv/lib/python3.11/site-packages/sklearn/utils/validation.py:2691: UserWarning: X does not have valid feature names, but RandomForestRegressor was fitted with feature names
  warnings.warn(
/home/ec2-user/quant_hackathon/venv/lib/python3.11/site-packages/sklearn/utils/validation.py:2691: UserWarning: X does not have valid feature names, but RandomForestRegressor was fitted with feature names
  warnings.warn(
/home/ec2-user/quant_hackathon/venv/lib/python3.11/site-packages/sklearn/utils/validation.py:2691: UserWarning: X does not have valid feature names, but RandomForestRegressor was fitted with feature names
  warnings.warn(
/home/ec2-user/quant_hackathon/venv/lib/python3.11/site-packages/sklearn/utils/validation.py:2691: UserWarning: X does not have valid feature names, but RandomForestRegressor was fitted with feature names
  warnings.warn(
/home/ec2-user/quant_hackathon/venv/lib/python3.11/site-packages/sklearn/utils/validation.py:2691: UserWarning: X does not have valid feature names, but RandomForestRegressor was fitted with feature names
  warnings.warn(
/home/ec2-user/quant_hackathon/venv/lib/python3.11/site-packages/sklearn/utils/validation.py:2691: UserWarning: X does not have valid feature names, but RandomForestRegressor was fitted with feature names
  warnings.warn(
/home/ec2-user/quant_hackathon/venv/lib/python3.11/site-packages/sklearn/utils/validation.py:2691: UserWarning: X does not have valid feature names, but RandomForestRegressor was fitted with feature names
  warnings.warn(
/home/ec2-user/quant_hackathon/venv/lib/python3.11/site-packages/sklearn/utils/validation.py:2691: UserWarning: X does not have valid feature names, but RandomForestRegressor was fitted with feature names
  warnings.warn(
/home/ec2-user/quant_hackathon/venv/lib/python3.11/site-packages/sklearn/utils/validation.py:2691: UserWarning: X does not have valid feature names, but RandomForestRegressor was fitted with feature names
  warnings.warn(
/home/ec2-user/quant_hackathon/venv/lib/python3.11/site-packages/sklearn/utils/validation.py:2691: UserWarning: X does not have valid feature names, but RandomForestRegressor was fitted with feature names
  warnings.warn(
/home/ec2-user/quant_hackathon/venv/lib/python3.11/site-packages/sklearn/utils/validation.py:2691: UserWarning: X does not have valid feature names, but RandomForestRegressor was fitted with feature names
  warnings.warn(
/home/ec2-user/quant_hackathon/venv/lib/python3.11/site-packages/sklearn/utils/validation.py:2691: UserWarning: X does not have valid feature names, but RandomForestRegressor was fitted with feature names
  warnings.warn(
/home/ec2-user/quant_hackathon/venv/lib/python3.11/site-packages/sklearn/utils/validation.py:2691: UserWarning: X does not have valid feature names, but RandomForestRegressor was fitted with feature names
  warnings.warn(
/home/ec2-user/quant_hackathon/venv/lib/python3.11/site-packages/sklearn/utils/validation.py:2691: UserWarning: X does not have valid feature names, but RandomForestRegressor was fitted with feature names
  warnings.warn(
/home/ec2-user/quant_hackathon/venv/lib/python3.11/site-packages/sklearn/utils/validation.py:2691: UserWarning: X does not have valid feature names, but RandomForestRegressor was fitted with feature names
  warnings.warn(
/home/ec2-user/quant_hackathon/venv/lib/python3.11/site-packages/sklearn/utils/validation.py:2691: UserWarning: X does not have valid feature names, but RandomForestRegressor was fitted with feature names
  warnings.warn(
/home/ec2-user/quant_hackathon/venv/lib/python3.11/site-packages/sklearn/utils/validation.py:2691: UserWarning: X does not have valid feature names, but RandomForestRegressor was fitted with feature names
  warnings.warn(
/home/ec2-user/quant_hackathon/venv/lib/python3.11/site-packages/sklearn/utils/validation.py:2691: UserWarning: X does not have valid feature names, but RandomForestRegressor was fitted with feature names
  warnings.warn(
/home/ec2-user/quant_hackathon/venv/lib/python3.11/site-packages/sklearn/utils/validation.py:2691: UserWarning: X does not have valid feature names, but RandomForestRegressor was fitted with feature names
  warnings.warn(
/home/ec2-user/quant_hackathon/venv/lib/python3.11/site-packages/sklearn/utils/validation.py:2691: UserWarning: X does not have valid feature names, but RandomForestRegressor was fitted with feature names
  warnings.warn(
/home/ec2-user/quant_hackathon/venv/lib/python3.11/site-packages/sklearn/utils/validation.py:2691: UserWarning: X does not have valid feature names, but RandomForestRegressor was fitted with feature names
  warnings.warn(
/home/ec2-user/quant_hackathon/venv/lib/python3.11/site-packages/sklearn/utils/validation.py:2691: UserWarning: X does not have valid feature names, but RandomForestRegressor was fitted with feature names
  warnings.warn(
/home/ec2-user/quant_hackathon/venv/lib/python3.11/site-packages/sklearn/utils/validation.py:2691: UserWarning: X does not have valid feature names, but RandomForestRegressor was fitted with feature names
  warnings.warn(
/home/ec2-user/quant_hackathon/venv/lib/python3.11/site-packages/sklearn/utils/validation.py:2691: UserWarning: X does not have valid feature names, but RandomForestRegressor was fitted with feature names
  warnings.warn(
/home/ec2-user/quant_hackathon/venv/lib/python3.11/site-packages/sklearn/utils/validation.py:2691: UserWarning: X does not have valid feature names, but RandomForestRegressor was fitted with feature names
  warnings.warn(
/home/ec2-user/quant_hackathon/venv/lib/python3.11/site-packages/sklearn/utils/validation.py:2691: UserWarning: X does not have valid feature names, but RandomForestRegressor was fitted with feature names
  warnings.warn(
/home/ec2-user/quant_hackathon/venv/lib/python3.11/site-packages/sklearn/utils/validation.py:2691: UserWarning: X does not have valid feature names, but RandomForestRegressor was fitted with feature names
  warnings.warn(
/home/ec2-user/quant_hackathon/venv/lib/python3.11/site-packages/sklearn/utils/validation.py:2691: UserWarning: X does not have valid feature names, but RandomForestRegressor was fitted with feature names
  warnings.warn(
/home/ec2-user/quant_hackathon/venv/lib/python3.11/site-packages/sklearn/utils/validation.py:2691: UserWarning: X does not have valid feature names, but RandomForestRegressor was fitted with feature names
  warnings.warn(
/home/ec2-user/quant_hackathon/venv/lib/python3.11/site-packages/sklearn/utils/validation.py:2691: UserWarning: X does not have valid feature names, but RandomForestRegressor was fitted with feature names
  warnings.warn(
/home/ec2-user/quant_hackathon/venv/lib/python3.11/site-packages/sklearn/utils/validation.py:2691: UserWarning: X does not have valid feature names, but RandomForestRegressor was fitted with feature names
  warnings.warn(
/home/ec2-user/quant_hackathon/venv/lib/python3.11/site-packages/sklearn/utils/validation.py:2691: UserWarning: X does not have valid feature names, but RandomForestRegressor was fitted with feature names
  warnings.warn(
/home/ec2-user/quant_hackathon/venv/lib/python3.11/site-packages/sklearn/utils/validation.py:2691: UserWarning: X does not have valid feature names, but RandomForestRegressor was fitted with feature names
  warnings.warn(
/home/ec2-user/quant_hackathon/venv/lib/python3.11/site-packages/sklearn/utils/validation.py:2691: UserWarning: X does not have valid feature names, but RandomForestRegressor was fitted with feature names
  warnings.warn(
/home/ec2-user/quant_hackathon/venv/lib/python3.11/site-packages/sklearn/utils/validation.py:2691: UserWarning: X does not have valid feature names, but RandomForestRegressor was fitted with feature names
  warnings.warn(
/home/ec2-user/quant_hackathon/venv/lib/python3.11/site-packages/sklearn/utils/validation.py:2691: UserWarning: X does not have valid feature names, but RandomForestRegressor was fitted with feature names
  warnings.warn(
/home/ec2-user/quant_hackathon/venv/lib/python3.11/site-packages/sklearn/utils/validation.py:2691: UserWarning: X does not have valid feature names, but RandomForestRegressor was fitted with feature names
  warnings.warn(
/home/ec2-user/quant_hackathon/venv/lib/python3.11/site-packages/sklearn/utils/validation.py:2691: UserWarning: X does not have valid feature names, but RandomForestRegressor was fitted with feature names
  warnings.warn(
/home/ec2-user/quant_hackathon/venv/lib/python3.11/site-packages/sklearn/utils/validation.py:2691: UserWarning: X does not have valid feature names, but RandomForestRegressor was fitted with feature names
  warnings.warn(
/home/ec2-user/quant_hackathon/venv/lib/python3.11/site-packages/sklearn/utils/validation.py:2691: UserWarning: X does not have valid feature names, but RandomForestRegressor was fitted with feature names
  warnings.warn(
/home/ec2-user/quant_hackathon/venv/lib/python3.11/site-packages/sklearn/utils/validation.py:2691: UserWarning: X does not have valid feature names, but RandomForestRegressor was fitted with feature names
  warnings.warn(
/home/ec2-user/quant_hackathon/venv/lib/python3.11/site-packages/sklearn/utils/validation.py:2691: UserWarning: X does not have valid feature names, but RandomForestRegressor was fitted with feature names
  warnings.warn(
/home/ec2-user/quant_hackathon/venv/lib/python3.11/site-packages/sklearn/utils/validation.py:2691: UserWarning: X does not have valid feature names, but RandomForestRegressor was fitted with feature names
  warnings.warn(
/home/ec2-user/quant_hackathon/venv/lib/python3.11/site-packages/sklearn/utils/validation.py:2691: UserWarning: X does not have valid feature names, but RandomForestRegressor was fitted with feature names
  warnings.warn(
/home/ec2-user/quant_hackathon/venv/lib/python3.11/site-packages/sklearn/utils/validation.py:2691: UserWarning: X does not have valid feature names, but RandomForestRegressor was fitted with feature names
  warnings.warn(
/home/ec2-user/quant_hackathon/venv/lib/python3.11/site-packages/sklearn/utils/validation.py:2691: UserWarning: X does not have valid feature names, but RandomForestRegressor was fitted with feature names
  warnings.warn(
/home/ec2-user/quant_hackathon/venv/lib/python3.11/site-packages/sklearn/utils/validation.py:2691: UserWarning: X does not have valid feature names, but RandomForestRegressor was fitted with feature names
  warnings.warn(
/home/ec2-user/quant_hackathon/venv/lib/python3.11/site-packages/sklearn/utils/validation.py:2691: UserWarning: X does not have valid feature names, but RandomForestRegressor was fitted with feature names
  warnings.warn(
/home/ec2-user/quant_hackathon/venv/lib/python3.11/site-packages/sklearn/utils/validation.py:2691: UserWarning: X does not have valid feature names, but RandomForestRegressor was fitted with feature names
  warnings.warn(
/home/ec2-user/quant_hackathon/venv/lib/python3.11/site-packages/sklearn/utils/validation.py:2691: UserWarning: X does not have valid feature names, but RandomForestRegressor was fitted with feature names
  warnings.warn(
/home/ec2-user/quant_hackathon/venv/lib/python3.11/site-packages/sklearn/utils/validation.py:2691: UserWarning: X does not have valid feature names, but RandomForestRegressor was fitted with feature names
  warnings.warn(
/home/ec2-user/quant_hackathon/venv/lib/python3.11/site-packages/sklearn/utils/validation.py:2691: UserWarning: X does not have valid feature names, but RandomForestRegressor was fitted with feature names
  warnings.warn(
/home/ec2-user/quant_hackathon/venv/lib/python3.11/site-packages/sklearn/utils/validation.py:2691: UserWarning: X does not have valid feature names, but RandomForestRegressor was fitted with feature names
  warnings.warn(
/home/ec2-user/quant_hackathon/venv/lib/python3.11/site-packages/sklearn/utils/validation.py:2691: UserWarning: X does not have valid feature names, but RandomForestRegressor was fitted with feature names
  warnings.warn(
/home/ec2-user/quant_hackathon/venv/lib/python3.11/site-packages/sklearn/utils/validation.py:2691: UserWarning: X does not have valid feature names, but RandomForestRegressor was fitted with feature names
  warnings.warn(
/home/ec2-user/quant_hackathon/venv/lib/python3.11/site-packages/sklearn/utils/validation.py:2691: UserWarning: X does not have valid feature names, but RandomForestRegressor was fitted with feature names
  warnings.warn(
/home/ec2-user/quant_hackathon/venv/lib/python3.11/site-packages/sklearn/utils/validation.py:2691: UserWarning: X does not have valid feature names, but RandomForestRegressor was fitted with feature names
  warnings.warn(
/home/ec2-user/quant_hackathon/venv/lib/python3.11/site-packages/sklearn/utils/validation.py:2691: UserWarning: X does not have valid feature names, but RandomForestRegressor was fitted with feature names
  warnings.warn(
/home/ec2-user/quant_hackathon/venv/lib/python3.11/site-packages/sklearn/utils/validation.py:2691: UserWarning: X does not have valid feature names, but RandomForestRegressor was fitted with feature names
  warnings.warn(
/home/ec2-user/quant_hackathon/venv/lib/python3.11/site-packages/sklearn/utils/validation.py:2691: UserWarning: X does not have valid feature names, but RandomForestRegressor was fitted with feature names
  warnings.warn(
/home/ec2-user/quant_hackathon/venv/lib/python3.11/site-packages/sklearn/utils/validation.py:2691: UserWarning: X does not have valid feature names, but RandomForestRegressor was fitted with feature names
  warnings.warn(
/home/ec2-user/quant_hackathon/venv/lib/python3.11/site-packages/sklearn/utils/validation.py:2691: UserWarning: X does not have valid feature names, but RandomForestRegressor was fitted with feature names
  warnings.warn(
/home/ec2-user/quant_hackathon/venv/lib/python3.11/site-packages/sklearn/utils/validation.py:2691: UserWarning: X does not have valid feature names, but RandomForestRegressor was fitted with feature names
  warnings.warn(
/home/ec2-user/quant_hackathon/venv/lib/python3.11/site-packages/sklearn/utils/validation.py:2691: UserWarning: X does not have valid feature names, but RandomForestRegressor was fitted with feature names
  warnings.warn(
/home/ec2-user/quant_hackathon/venv/lib/python3.11/site-packages/sklearn/utils/validation.py:2691: UserWarning: X does not have valid feature names, but RandomForestRegressor was fitted with feature names
  warnings.warn(
/home/ec2-user/quant_hackathon/venv/lib/python3.11/site-packages/sklearn/utils/validation.py:2691: UserWarning: X does not have valid feature names, but RandomForestRegressor was fitted with feature names
  warnings.warn(
/home/ec2-user/quant_hackathon/venv/lib/python3.11/site-packages/sklearn/utils/validation.py:2691: UserWarning: X does not have valid feature names, but RandomForestRegressor was fitted with feature names
  warnings.warn(
/home/ec2-user/quant_hackathon/venv/lib/python3.11/site-packages/sklearn/utils/validation.py:2691: UserWarning: X does not have valid feature names, but RandomForestRegressor was fitted with feature names
  warnings.warn(
/home/ec2-user/quant_hackathon/venv/lib/python3.11/site-packages/sklearn/utils/validation.py:2691: UserWarning: X does not have valid feature names, but RandomForestRegressor was fitted with feature names
  warnings.warn(
/home/ec2-user/quant_hackathon/venv/lib/python3.11/site-packages/sklearn/utils/validation.py:2691: UserWarning: X does not have valid feature names, but RandomForestRegressor was fitted with feature names
  warnings.warn(
/home/ec2-user/quant_hackathon/venv/lib/python3.11/site-packages/sklearn/utils/validation.py:2691: UserWarning: X does not have valid feature names, but RandomForestRegressor was fitted with feature names
  warnings.warn(
/home/ec2-user/quant_hackathon/venv/lib/python3.11/site-packages/sklearn/utils/validation.py:2691: UserWarning: X does not have valid feature names, but RandomForestRegressor was fitted with feature names
  warnings.warn(
/home/ec2-user/quant_hackathon/venv/lib/python3.11/site-packages/sklearn/utils/validation.py:2691: UserWarning: X does not have valid feature names, but RandomForestRegressor was fitted with feature names
  warnings.warn(
/home/ec2-user/quant_hackathon/venv/lib/python3.11/site-packages/sklearn/utils/validation.py:2691: UserWarning: X does not have valid feature names, but RandomForestRegressor was fitted with feature names
  warnings.warn(
/home/ec2-user/quant_hackathon/venv/lib/python3.11/site-packages/sklearn/utils/validation.py:2691: UserWarning: X does not have valid feature names, but RandomForestRegressor was fitted with feature names
  warnings.warn(
/home/ec2-user/quant_hackathon/venv/lib/python3.11/site-packages/sklearn/utils/validation.py:2691: UserWarning: X does not have valid feature names, but RandomForestRegressor was fitted with feature names
  warnings.warn(
/home/ec2-user/quant_hackathon/venv/lib/python3.11/site-packages/sklearn/utils/validation.py:2691: UserWarning: X does not have valid feature names, but RandomForestRegressor was fitted with feature names
  warnings.warn(
/home/ec2-user/quant_hackathon/venv/lib/python3.11/site-packages/sklearn/utils/validation.py:2691: UserWarning: X does not have valid feature names, but RandomForestRegressor was fitted with feature names
  warnings.warn(
/home/ec2-user/quant_hackathon/venv/lib/python3.11/site-packages/sklearn/utils/validation.py:2691: UserWarning: X does not have valid feature names, but RandomForestRegressor was fitted with feature names
  warnings.warn(
/home/ec2-user/quant_hackathon/venv/lib/python3.11/site-packages/sklearn/utils/validation.py:2691: UserWarning: X does not have valid feature names, but RandomForestRegressor was fitted with feature names
  warnings.warn(
/home/ec2-user/quant_hackathon/venv/lib/python3.11/site-packages/sklearn/utils/validation.py:2691: UserWarning: X does not have valid feature names, but RandomForestRegressor was fitted with feature names
  warnings.warn(
/home/ec2-user/quant_hackathon/venv/lib/python3.11/site-packages/sklearn/utils/validation.py:2691: UserWarning: X does not have valid feature names, but RandomForestRegressor was fitted with feature names
  warnings.warn(
/home/ec2-user/quant_hackathon/venv/lib/python3.11/site-packages/sklearn/utils/validation.py:2691: UserWarning: X does not have valid feature names, but RandomForestRegressor was fitted with feature names
  warnings.warn(
/home/ec2-user/quant_hackathon/venv/lib/python3.11/site-packages/sklearn/utils/validation.py:2691: UserWarning: X does not have valid feature names, but RandomForestRegressor was fitted with feature names
  warnings.warn(
/home/ec2-user/quant_hackathon/venv/lib/python3.11/site-packages/sklearn/utils/validation.py:2691: UserWarning: X does not have valid feature names, but RandomForestRegressor was fitted with feature names
  warnings.warn(
/home/ec2-user/quant_hackathon/venv/lib/python3.11/site-packages/sklearn/utils/validation.py:2691: UserWarning: X does not have valid feature names, but RandomForestRegressor was fitted with feature names
  warnings.warn(
/home/ec2-user/quant_hackathon/venv/lib/python3.11/site-packages/sklearn/utils/validation.py:2691: UserWarning: X does not have valid feature names, but RandomForestRegressor was fitted with feature names
  warnings.warn(
/home/ec2-user/quant_hackathon/venv/lib/python3.11/site-packages/sklearn/utils/validation.py:2691: UserWarning: X does not have valid feature names, but RandomForestRegressor was fitted with feature names
  warnings.warn(
/home/ec2-user/quant_hackathon/venv/lib/python3.11/site-packages/sklearn/utils/validation.py:2691: UserWarning: X does not have valid feature names, but RandomForestRegressor was fitted with feature names
  warnings.warn(
/home/ec2-user/quant_hackathon/venv/lib/python3.11/site-packages/sklearn/utils/validation.py:2691: UserWarning: X does not have valid feature names, but RandomForestRegressor was fitted with feature names
  warnings.warn(
/home/ec2-user/quant_hackathon/venv/lib/python3.11/site-packages/sklearn/utils/validation.py:2691: UserWarning: X does not have valid feature names, but RandomForestRegressor was fitted with feature names
  warnings.warn(
/home/ec2-user/quant_hackathon/venv/lib/python3.11/site-packages/sklearn/utils/validation.py:2691: UserWarning: X does not have valid feature names, but RandomForestRegressor was fitted with feature names
  warnings.warn(
/home/ec2-user/quant_hackathon/venv/lib/python3.11/site-packages/sklearn/utils/validation.py:2691: UserWarning: X does not have valid feature names, but RandomForestRegressor was fitted with feature names
  warnings.warn(
/home/ec2-user/quant_hackathon/venv/lib/python3.11/site-packages/sklearn/utils/validation.py:2691: UserWarning: X does not have valid feature names, but RandomForestRegressor was fitted with feature names
  warnings.warn(
/home/ec2-user/quant_hackathon/venv/lib/python3.11/site-packages/sklearn/utils/validation.py:2691: UserWarning: X does not have valid feature names, but RandomForestRegressor was fitted with feature names
  warnings.warn(
/home/ec2-user/quant_hackathon/venv/lib/python3.11/site-packages/sklearn/utils/validation.py:2691: UserWarning: X does not have valid feature names, but RandomForestRegressor was fitted with feature names
  warnings.warn(
/home/ec2-user/quant_hackathon/venv/lib/python3.11/site-packages/sklearn/utils/validation.py:2691: UserWarning: X does not have valid feature names, but RandomForestRegressor was fitted with feature names
  warnings.warn(
/home/ec2-user/quant_hackathon/venv/lib/python3.11/site-packages/sklearn/utils/validation.py:2691: UserWarning: X does not have valid feature names, but RandomForestRegressor was fitted with feature names
  warnings.warn(
/home/ec2-user/quant_hackathon/venv/lib/python3.11/site-packages/sklearn/utils/validation.py:2691: UserWarning: X does not have valid feature names, but RandomForestRegressor was fitted with feature names
  warnings.warn(
/home/ec2-user/quant_hackathon/venv/lib/python3.11/site-packages/sklearn/utils/validation.py:2691: UserWarning: X does not have valid feature names, but RandomForestRegressor was fitted with feature names
  warnings.warn(
/home/ec2-user/quant_hackathon/venv/lib/python3.11/site-packages/sklearn/utils/validation.py:2691: UserWarning: X does not have valid feature names, but RandomForestRegressor was fitted with feature names
  warnings.warn(
/home/ec2-user/quant_hackathon/venv/lib/python3.11/site-packages/sklearn/utils/validation.py:2691: UserWarning: X does not have valid feature names, but RandomForestRegressor was fitted with feature names
  warnings.warn(
/home/ec2-user/quant_hackathon/venv/lib/python3.11/site-packages/sklearn/utils/validation.py:2691: UserWarning: X does not have valid feature names, but RandomForestRegressor was fitted with feature names
  warnings.warn(
/home/ec2-user/quant_hackathon/venv/lib/python3.11/site-packages/sklearn/utils/validation.py:2691: UserWarning: X does not have valid feature names, but RandomForestRegressor was fitted with feature names
  warnings.warn(
/home/ec2-user/quant_hackathon/venv/lib/python3.11/site-packages/sklearn/utils/validation.py:2691: UserWarning: X does not have valid feature names, but RandomForestRegressor was fitted with feature names
  warnings.warn(
/home/ec2-user/quant_hackathon/venv/lib/python3.11/site-packages/sklearn/utils/validation.py:2691: UserWarning: X does not have valid feature names, but RandomForestRegressor was fitted with feature names
  warnings.warn(
/home/ec2-user/quant_hackathon/venv/lib/python3.11/site-packages/sklearn/utils/validation.py:2691: UserWarning: X does not have valid feature names, but RandomForestRegressor was fitted with feature names
  warnings.warn(
/home/ec2-user/quant_hackathon/venv/lib/python3.11/site-packages/sklearn/utils/validation.py:2691: UserWarning: X does not have valid feature names, but RandomForestRegressor was fitted with feature names
  warnings.warn(
/home/ec2-user/quant_hackathon/venv/lib/python3.11/site-packages/sklearn/utils/validation.py:2691: UserWarning: X does not have valid feature names, but RandomForestRegressor was fitted with feature names
  warnings.warn(
/home/ec2-user/quant_hackathon/venv/lib/python3.11/site-packages/sklearn/utils/validation.py:2691: UserWarning: X does not have valid feature names, but RandomForestRegressor was fitted with feature names
  warnings.warn(
/home/ec2-user/quant_hackathon/venv/lib/python3.11/site-packages/sklearn/utils/validation.py:2691: UserWarning: X does not have valid feature names, but RandomForestRegressor was fitted with feature names
  warnings.warn(
/home/ec2-user/quant_hackathon/venv/lib/python3.11/site-packages/sklearn/utils/validation.py:2691: UserWarning: X does not have valid feature names, but RandomForestRegressor was fitted with feature names
  warnings.warn(
/home/ec2-user/quant_hackathon/venv/lib/python3.11/site-packages/sklearn/utils/validation.py:2691: UserWarning: X does not have valid feature names, but RandomForestRegressor was fitted with feature names
  warnings.warn(
/home/ec2-user/quant_hackathon/venv/lib/python3.11/site-packages/sklearn/utils/validation.py:2691: UserWarning: X does not have valid feature names, but RandomForestRegressor was fitted with feature names
  warnings.warn(
/home/ec2-user/quant_hackathon/venv/lib/python3.11/site-packages/sklearn/utils/validation.py:2691: UserWarning: X does not have valid feature names, but RandomForestRegressor was fitted with feature names
  warnings.warn(
/home/ec2-user/quant_hackathon/venv/lib/python3.11/site-packages/sklearn/utils/validation.py:2691: UserWarning: X does not have valid feature names, but RandomForestRegressor was fitted with feature names
  warnings.warn(
/home/ec2-user/quant_hackathon/venv/lib/python3.11/site-packages/sklearn/utils/validation.py:2691: UserWarning: X does not have valid feature names, but RandomForestRegressor was fitted with feature names
  warnings.warn(
/home/ec2-user/quant_hackathon/venv/lib/python3.11/site-packages/sklearn/utils/validation.py:2691: UserWarning: X does not have valid feature names, but RandomForestRegressor was fitted with feature names
  warnings.warn(
/home/ec2-user/quant_hackathon/venv/lib/python3.11/site-packages/sklearn/utils/validation.py:2691: UserWarning: X does not have valid feature names, but RandomForestRegressor was fitted with feature names
  warnings.warn(
/home/ec2-user/quant_hackathon/venv/lib/python3.11/site-packages/sklearn/utils/validation.py:2691: UserWarning: X does not have valid feature names, but RandomForestRegressor was fitted with feature names
  warnings.warn(
/home/ec2-user/quant_hackathon/venv/lib/python3.11/site-packages/sklearn/utils/validation.py:2691: UserWarning: X does not have valid feature names, but RandomForestRegressor was fitted with feature names
  warnings.warn(
/home/ec2-user/quant_hackathon/venv/lib/python3.11/site-packages/sklearn/utils/validation.py:2691: UserWarning: X does not have valid feature names, but RandomForestRegressor was fitted with feature names
  warnings.warn(
/home/ec2-user/quant_hackathon/venv/lib/python3.11/site-packages/sklearn/utils/validation.py:2691: UserWarning: X does not have valid feature names, but RandomForestRegressor was fitted with feature names
  warnings.warn(
/home/ec2-user/quant_hackathon/venv/lib/python3.11/site-packages/sklearn/utils/validation.py:2691: UserWarning: X does not have valid feature names, but RandomForestRegressor was fitted with feature names
  warnings.warn(
/home/ec2-user/quant_hackathon/venv/lib/python3.11/site-packages/sklearn/utils/validation.py:2691: UserWarning: X does not have valid feature names, but RandomForestRegressor was fitted with feature names
  warnings.warn(
/home/ec2-user/quant_hackathon/venv/lib/python3.11/site-packages/sklearn/utils/validation.py:2691: UserWarning: X does not have valid feature names, but RandomForestRegressor was fitted with feature names
  warnings.warn(
/home/ec2-user/quant_hackathon/venv/lib/python3.11/site-packages/sklearn/utils/validation.py:2691: UserWarning: X does not have valid feature names, but RandomForestRegressor was fitted with feature names
  warnings.warn(
/home/ec2-user/quant_hackathon/venv/lib/python3.11/site-packages/sklearn/utils/validation.py:2691: UserWarning: X does not have valid feature names, but RandomForestRegressor was fitted with feature names
  warnings.warn(
/home/ec2-user/quant_hackathon/venv/lib/python3.11/site-packages/sklearn/utils/validation.py:2691: UserWarning: X does not have valid feature names, but RandomForestRegressor was fitted with feature names
  warnings.warn(
/home/ec2-user/quant_hackathon/venv/lib/python3.11/site-packages/sklearn/utils/validation.py:2691: UserWarning: X does not have valid feature names, but RandomForestRegressor was fitted with feature names
  warnings.warn(
/home/ec2-user/quant_hackathon/venv/lib/python3.11/site-packages/sklearn/utils/validation.py:2691: UserWarning: X does not have valid feature names, but RandomForestRegressor was fitted with feature names
  warnings.warn(
/home/ec2-user/quant_hackathon/venv/lib/python3.11/site-packages/sklearn/utils/validation.py:2691: UserWarning: X does not have valid feature names, but RandomForestRegressor was fitted with feature names
  warnings.warn(
/home/ec2-user/quant_hackathon/venv/lib/python3.11/site-packages/sklearn/utils/validation.py:2691: UserWarning: X does not have valid feature names, but RandomForestRegressor was fitted with feature names
  warnings.warn(
/home/ec2-user/quant_hackathon/venv/lib/python3.11/site-packages/sklearn/utils/validation.py:2691: UserWarning: X does not have valid feature names, but RandomForestRegressor was fitted with feature names
  warnings.warn(
/home/ec2-user/quant_hackathon/venv/lib/python3.11/site-packages/sklearn/utils/validation.py:2691: UserWarning: X does not have valid feature names, but RandomForestRegressor was fitted with feature names
  warnings.warn(
/home/ec2-user/quant_hackathon/venv/lib/python3.11/site-packages/sklearn/utils/validation.py:2691: UserWarning: X does not have valid feature names, but RandomForestRegressor was fitted with feature names
  warnings.warn(
/home/ec2-user/quant_hackathon/venv/lib/python3.11/site-packages/sklearn/utils/validation.py:2691: UserWarning: X does not have valid feature names, but RandomForestRegressor was fitted with feature names
  warnings.warn(
/home/ec2-user/quant_hackathon/venv/lib/python3.11/site-packages/sklearn/utils/validation.py:2691: UserWarning: X does not have valid feature names, but RandomForestRegressor was fitted with feature names
  warnings.warn(
/home/ec2-user/quant_hackathon/venv/lib/python3.11/site-packages/sklearn/utils/validation.py:2691: UserWarning: X does not have valid feature names, but RandomForestRegressor was fitted with feature names
  warnings.warn(
/home/ec2-user/quant_hackathon/venv/lib/python3.11/site-packages/sklearn/utils/validation.py:2691: UserWarning: X does not have valid feature names, but RandomForestRegressor was fitted with feature names
  warnings.warn(
/home/ec2-user/quant_hackathon/venv/lib/python3.11/site-packages/sklearn/utils/validation.py:2691: UserWarning: X does not have valid feature names, but RandomForestRegressor was fitted with feature names
  warnings.warn(
/home/ec2-user/quant_hackathon/venv/lib/python3.11/site-packages/sklearn/utils/validation.py:2691: UserWarning: X does not have valid feature names, but RandomForestRegressor was fitted with feature names
  warnings.warn(
/home/ec2-user/quant_hackathon/venv/lib/python3.11/site-packages/sklearn/utils/validation.py:2691: UserWarning: X does not have valid feature names, but RandomForestRegressor was fitted with feature names
  warnings.warn(
/home/ec2-user/quant_hackathon/venv/lib/python3.11/site-packages/sklearn/utils/validation.py:2691: UserWarning: X does not have valid feature names, but RandomForestRegressor was fitted with feature names
  warnings.warn(
/home/ec2-user/quant_hackathon/venv/lib/python3.11/site-packages/sklearn/utils/validation.py:2691: UserWarning: X does not have valid feature names, but RandomForestRegressor was fitted with feature names
  warnings.warn(
/home/ec2-user/quant_hackathon/venv/lib/python3.11/site-packages/sklearn/utils/validation.py:2691: UserWarning: X does not have valid feature names, but RandomForestRegressor was fitted with feature names
  warnings.warn(
/home/ec2-user/quant_hackathon/venv/lib/python3.11/site-packages/sklearn/utils/validation.py:2691: UserWarning: X does not have valid feature names, but RandomForestRegressor was fitted with feature names
  warnings.warn(
/home/ec2-user/quant_hackathon/venv/lib/python3.11/site-packages/sklearn/utils/validation.py:2691: UserWarning: X does not have valid feature names, but RandomForestRegressor was fitted with feature names
  warnings.warn(
/home/ec2-user/quant_hackathon/venv/lib/python3.11/site-packages/sklearn/utils/validation.py:2691: UserWarning: X does not have valid feature names, but RandomForestRegressor was fitted with feature names
  warnings.warn(
/home/ec2-user/quant_hackathon/venv/lib/python3.11/site-packages/sklearn/utils/validation.py:2691: UserWarning: X does not have valid feature names, but RandomForestRegressor was fitted with feature names
  warnings.warn(
/home/ec2-user/quant_hackathon/venv/lib/python3.11/site-packages/sklearn/utils/validation.py:2691: UserWarning: X does not have valid feature names, but RandomForestRegressor was fitted with feature names
  warnings.warn(
/home/ec2-user/quant_hackathon/venv/lib/python3.11/site-packages/sklearn/utils/validation.py:2691: UserWarning: X does not have valid feature names, but RandomForestRegressor was fitted with feature names
  warnings.warn(
/home/ec2-user/quant_hackathon/venv/lib/python3.11/site-packages/sklearn/utils/validation.py:2691: UserWarning: X does not have valid feature names, but RandomForestRegressor was fitted with feature names
  warnings.warn(
/home/ec2-user/quant_hackathon/venv/lib/python3.11/site-packages/sklearn/utils/validation.py:2691: UserWarning: X does not have valid feature names, but RandomForestRegressor was fitted with feature names
  warnings.warn(
/home/ec2-user/quant_hackathon/venv/lib/python3.11/site-packages/sklearn/utils/validation.py:2691: UserWarning: X does not have valid feature names, but RandomForestRegressor was fitted with feature names
  warnings.warn(
/home/ec2-user/quant_hackathon/venv/lib/python3.11/site-packages/sklearn/utils/validation.py:2691: UserWarning: X does not have valid feature names, but RandomForestRegressor was fitted with feature names
  warnings.warn(
