open_time,target_6,prediction
2026-01-18 23:20:00+00:00,0,0.5473093577041906
2026-01-18 23:25:00+00:00,0,0.5632317437105007
2026-01-18 23:30:00+00:00,0,0.5563603518676524
2026-01-18 23:35:00+00:00,0,0.5588298390150438
2026-01-18 23:40:00+00:00,0,0.5597440253651929
2026-01-18 23:45:00+00:00,0,0.5690016733277229
2026-01-18 23:50:00+00:00,0,0.5519864105868566
2026-01-18 23:55:00+00:00,0,0.5318628536020937
2026-01-19 00:00:00+00:00,0,0.5124545262248565
2026-01-19 00:05:00+00:00,0,0.5608499434693833
2026-01-19 00:10:00+00:00,0,0.5417383678172815
2026-01-19 00:15:00+00:00,1,0.5484085279425933
2026-01-19 00:20:00+00:00,0,0.5529542024969717
2026-01-19 00:25:00+00:00,0,0.5392669212542253
2026-01-19 00:30:00+00:00,1,0.534371234132099
2026-01-19 00:35:00+00:00,1,0.5465167974655745
2026-01-19 00:40:00+00:00,1,0.5431318072333169
2026-01-19 00:45:00+00:00,0,0.5423447598776839
2026-01-19 00:50:00+00:00,0,0.5588418382059848
2026-01-19 00:55:00+00:00,1,0.5673124296329252
2026-01-19 01:00:00+00:00,1,0.5507452797217327
2026-01-19 01:05:00+00:00,0,0.561065706399899
2026-01-19 01:10:00+00:00,0,0.5689721349667964
2026-01-19 01:15:00+00:00,0,0.5708076050250299
2026-01-19 01:20:00+00:00,0,0.5717722953143909
2026-01-19 01:25:00+00:00,1,0.5680958367259994
2026-01-19 01:30:00+00:00,1,0.5646341673419207
2026-01-19 01:35:00+00:00,1,0.5800421747329303
2026-01-19 01:40:00+00:00,1,0.5766928516419226
2026-01-19 01:45:00+00:00,1,0.5752696612322336
2026-01-19 01:50:00+00:00,1,0.5655633899304328
2026-01-19 01:55:00+00:00,1,0.5475141002913467
2026-01-19 02:00:00+00:00,1,0.5293826736278471
2026-01-19 02:05:00+00:00,1,0.5252726115673849
2026-01-19 02:10:00+00:00,1,0.5214894725704035
2026-01-19 02:15:00+00:00,0,0.5083751560738716
2026-01-19 02:20:00+00:00,0,0.5402241093430086
2026-01-19 02:25:00+00:00,0,0.4984452742207835
2026-01-19 02:30:00+00:00,0,0.4635120974943935
2026-01-19 02:35:00+00:00,0,0.4766696958123209
2026-01-19 02:40:00+00:00,0,0.4835182341078819
2026-01-19 02:45:00+00:00,0,0.4991710339007585
2026-01-19 02:50:00+00:00,0,0.48181759442690153
2026-01-19 02:55:00+00:00,0,0.5013967281233609
2026-01-19 03:00:00+00:00,0,0.5113166857581168
2026-01-19 03:05:00+00:00,0,0.5130825699944086
2026-01-19 03:10:00+00:00,1,0.5019888493944119
2026-01-19 03:15:00+00:00,0,0.49510874588110537
2026-01-19 03:20:00+00:00,1,0.48951851244080574
2026-01-19 03:25:00+00:00,1,0.4931915330766172
2026-01-19 03:30:00+00:00,0,0.4981298442692407
2026-01-19 03:35:00+00:00,0,0.49446177957140897
2026-01-19 03:40:00+00:00,0,0.5014360302574934
2026-01-19 03:45:00+00:00,0,0.4990868202112241
2026-01-19 03:50:00+00:00,0,0.5112028229587554
2026-01-19 03:55:00+00:00,0,0.5121913973968842
2026-01-19 04:00:00+00:00,0,0.5089904299897842
2026-01-19 04:05:00+00:00,0,0.5099544299471317
2026-01-19 04:10:00+00:00,0,0.5098189069349348
2026-01-19 04:15:00+00:00,0,0.5090676641753145
2026-01-19 04:20:00+00:00,0,0.5071823156975721
2026-01-19 04:25:00+00:00,0,0.5018867750089072
2026-01-19 04:30:00+00:00,0,0.5044644125558471
2026-01-19 04:35:00+00:00,0,0.5046258212398714
2026-01-19 04:40:00+00:00,0,0.5085523495273949
2026-01-19 04:45:00+00:00,0,0.5037323551436963
2026-01-19 04:50:00+00:00,0,0.49832842128095867
2026-01-19 04:55:00+00:00,0,0.5135171056100871
2026-01-19 05:00:00+00:00,0,0.5145548193732435
2026-01-19 05:05:00+00:00,0,0.5140934264774338
2026-01-19 05:10:00+00:00,1,0.52387071066634
2026-01-19 05:15:00+00:00,1,0.5148548356823129
2026-01-19 05:20:00+00:00,1,0.5135480260356564
2026-01-19 05:25:00+00:00,1,0.5119124358385325
2026-01-19 05:30:00+00:00,1,0.513717003559905
2026-01-19 05:35:00+00:00,1,0.5092143203341696
2026-01-19 05:40:00+00:00,1,0.5142319999677822
2026-01-19 05:45:00+00:00,1,0.5120325852475188
2026-01-19 05:50:00+00:00,0,0.5035282736599974
2026-01-19 05:55:00+00:00,0,0.5027893329299427
2026-01-19 06:00:00+00:00,1,0.5042212052962581
2026-01-19 06:05:00+00:00,0,0.5069168787733261
2026-01-19 06:10:00+00:00,0,0.5037071958740266
2026-01-19 06:15:00+00:00,0,0.49702714944202825
2026-01-19 06:20:00+00:00,0,0.5060876057395043
2026-01-19 06:25:00+00:00,0,0.5018596255294157
2026-01-19 06:30:00+00:00,0,0.47452751654343556
2026-01-19 06:35:00+00:00,1,0.5118450144399675
2026-01-19 06:40:00+00:00,0,0.5112316408496933
2026-01-19 06:45:00+00:00,1,0.506638846713901
2026-01-19 06:50:00+00:00,1,0.4996767990505453
2026-01-19 06:55:00+00:00,1,0.5071739550669426
2026-01-19 07:00:00+00:00,1,0.50456932727232
2026-01-19 07:05:00+00:00,1,0.5086434026040266
2026-01-19 07:10:00+00:00,1,0.5059153544788937
2026-01-19 07:15:00+00:00,1,0.47068264520195063
2026-01-19 07:20:00+00:00,1,0.4612673268610196
2026-01-19 07:25:00+00:00,0,0.46265973607577426
2026-01-19 07:30:00+00:00,0,0.4608694211231052
2026-01-19 07:35:00+00:00,0,0.46459579582036153
2026-01-19 07:40:00+00:00,0,0.46334379406765236
2026-01-19 07:45:00+00:00,0,0.47552185784214224
2026-01-19 07:50:00+00:00,0,0.4680944783964264
2026-01-19 07:55:00+00:00,1,0.4907639260010466
2026-01-19 08:00:00+00:00,1,0.5111422393064918
2026-01-19 08:05:00+00:00,1,0.5068871404938978
2026-01-19 08:10:00+00:00,1,0.5042813329872177
2026-01-19 08:15:00+00:00,1,0.49544512967557536
2026-01-19 08:20:00+00:00,1,0.46063642239793173
2026-01-19 08:25:00+00:00,1,0.4736616933773694
2026-01-19 08:30:00+00:00,0,0.4630859645260053
2026-01-19 08:35:00+00:00,0,0.47600109128063617
2026-01-19 08:40:00+00:00,0,0.47991266883417844
2026-01-19 08:45:00+00:00,1,0.4839037860980829
2026-01-19 08:50:00+00:00,0,0.46746233222290967
2026-01-19 08:55:00+00:00,0,0.47262161772854816
2026-01-19 09:00:00+00:00,1,0.4793561395325026
2026-01-19 09:05:00+00:00,1,0.49011727051418896
2026-01-19 09:10:00+00:00,0,0.5004158825115926
2026-01-19 09:15:00+00:00,1,0.4931176550178518
2026-01-19 09:20:00+00:00,0,0.4921635008027581
2026-01-19 09:25:00+00:00,0,0.4700322179703163
2026-01-19 09:30:00+00:00,0,0.4607398921876169
2026-01-19 09:35:00+00:00,0,0.4759136368503279
2026-01-19 09:40:00+00:00,0,0.4929341575004818
2026-01-19 09:45:00+00:00,0,0.49183435189436225
2026-01-19 09:50:00+00:00,0,0.4944317496122615
2026-01-19 09:55:00+00:00,0,0.4948204481814899
2026-01-19 10:00:00+00:00,0,0.5068266497300178
2026-01-19 10:05:00+00:00,0,0.5067321137243458
2026-01-19 10:10:00+00:00,0,0.5046905419560364
2026-01-19 10:15:00+00:00,0,0.5049372198509565
2026-01-19 10:20:00+00:00,0,0.5074641858855151
2026-01-19 10:25:00+00:00,1,0.5066524540892519
2026-01-19 10:30:00+00:00,1,0.5147951268975036
2026-01-19 10:35:00+00:00,1,0.5080738500167079
2026-01-19 10:40:00+00:00,1,0.503374929652676
2026-01-19 10:45:00+00:00,1,0.5203712126280338
2026-01-19 10:50:00+00:00,1,0.5064430265655002
2026-01-19 10:55:00+00:00,0,0.5038964113751612
2026-01-19 11:00:00+00:00,0,0.5029672433810142
2026-01-19 11:05:00+00:00,0,0.49672871099602195
2026-01-19 11:10:00+00:00,0,0.5034531324139319
2026-01-19 11:15:00+00:00,0,0.5032235898046754
2026-01-19 11:20:00+00:00,0,0.501089095197585
2026-01-19 11:25:00+00:00,0,0.518453069703093
2026-01-19 11:30:00+00:00,0,0.5132277284909473
2026-01-19 11:35:00+00:00,0,0.5021748810657044
2026-01-19 11:40:00+00:00,0,0.505725581709737
2026-01-19 11:45:00+00:00,0,0.5171872267980043
2026-01-19 11:50:00+00:00,0,0.5159237523082159
2026-01-19 11:55:00+00:00,0,0.5121732528279583
2026-01-19 12:00:00+00:00,1,0.533963663890137
2026-01-19 12:05:00+00:00,1,0.5110219539856127
2026-01-19 12:10:00+00:00,1,0.5200930841598889
2026-01-19 12:15:00+00:00,0,0.5183339376042582
2026-01-19 12:20:00+00:00,0,0.5251120273970445
2026-01-19 12:25:00+00:00,0,0.5185091726965976
2026-01-19 12:30:00+00:00,0,0.5168113613298772
2026-01-19 12:35:00+00:00,1,0.5215802392071247
2026-01-19 12:40:00+00:00,0,0.5221725248242349
2026-01-19 12:45:00+00:00,1,0.5312062820347012
2026-01-19 12:50:00+00:00,0,0.52408332924192
2026-01-19 12:55:00+00:00,1,0.5266418174423876
2026-01-19 13:00:00+00:00,1,0.5266081299503764
2026-01-19 13:05:00+00:00,0,0.5153146134011662
2026-01-19 13:10:00+00:00,1,0.5144985684069233
2026-01-19 13:15:00+00:00,1,0.512286866742745
2026-01-19 13:20:00+00:00,1,0.5274402812468072
2026-01-19 13:25:00+00:00,1,0.5197785685688318
2026-01-19 13:30:00+00:00,1,0.5141282082894826
2026-01-19 13:35:00+00:00,1,0.5125384231865149
2026-01-19 13:40:00+00:00,1,0.494744259684321
2026-01-19 13:45:00+00:00,1,0.5087777727130735
2026-01-19 13:50:00+00:00,1,0.49763240392262614
2026-01-19 13:55:00+00:00,1,0.5096287970051483
2026-01-19 14:00:00+00:00,1,0.49197201961871184
2026-01-19 14:05:00+00:00,1,0.4933431131110779
2026-01-19 14:10:00+00:00,1,0.48771802000545006
2026-01-19 14:15:00+00:00,1,0.46613522882789693
2026-01-19 14:20:00+00:00,1,0.4977130477199853
2026-01-19 14:25:00+00:00,0,0.4609622897804823
2026-01-19 14:30:00+00:00,0,0.4625197928157583
2026-01-19 14:35:00+00:00,0,0.4647080799109908
2026-01-19 14:40:00+00:00,0,0.4669884832658539
2026-01-19 14:45:00+00:00,0,0.47100518800701224
2026-01-19 14:50:00+00:00,0,0.4715118898918123
2026-01-19 14:55:00+00:00,0,0.47681960536199336
2026-01-19 15:00:00+00:00,0,0.47400236337656293
2026-01-19 15:05:00+00:00,0,0.47765376868891996
2026-01-19 15:10:00+00:00,0,0.48730774637302937
2026-01-19 15:15:00+00:00,1,0.48680689936188287
2026-01-19 15:20:00+00:00,1,0.5109298187918746
2026-01-19 15:25:00+00:00,1,0.5127914886272352
2026-01-19 15:30:00+00:00,1,0.49978619397332996
2026-01-19 15:35:00+00:00,1,0.520685355992866
2026-01-19 15:40:00+00:00,1,0.48491523399959624
2026-01-19 15:45:00+00:00,1,0.4754357443634478
2026-01-19 15:50:00+00:00,1,0.4797977134366207
2026-01-19 15:55:00+00:00,1,0.4797674378574193
2026-01-19 16:00:00+00:00,1,0.4756466640904337
2026-01-19 16:05:00+00:00,1,0.49232949951981797
2026-01-19 16:10:00+00:00,1,0.4872940834316749
2026-01-19 16:15:00+00:00,1,0.48964402022193126
2026-01-19 16:20:00+00:00,1,0.4917448464604495
2026-01-19 16:25:00+00:00,1,0.4764128071461689
2026-01-19 16:30:00+00:00,1,0.4795468868401671
2026-01-19 16:35:00+00:00,1,0.47513292688462344
2026-01-19 16:40:00+00:00,1,0.47263396093722776
2026-01-19 16:45:00+00:00,1,0.4724813601696646
2026-01-19 16:50:00+00:00,0,0.4705604152268063
2026-01-19 16:55:00+00:00,0,0.4701192868344408
2026-01-19 17:00:00+00:00,0,0.4750920628251912
2026-01-19 17:05:00+00:00,0,0.4721874648655827
2026-01-19 17:10:00+00:00,0,0.46867651055981807
2026-01-19 17:15:00+00:00,1,0.4737961491868842
2026-01-19 17:20:00+00:00,1,0.4759250288606428
2026-01-19 17:25:00+00:00,0,0.4719385900223244
2026-01-19 17:30:00+00:00,0,0.4788698132822792
2026-01-19 17:35:00+00:00,0,0.4717766395378436
2026-01-19 17:40:00+00:00,0,0.4871219269220849
2026-01-19 17:45:00+00:00,0,0.4732124692294454
2026-01-19 17:50:00+00:00,0,0.47621071928068176
2026-01-19 17:55:00+00:00,0,0.48270754396859145
2026-01-19 18:00:00+00:00,0,0.4948390107903711
2026-01-19 18:05:00+00:00,1,0.49498198206335464
2026-01-19 18:10:00+00:00,1,0.5069881829581301
2026-01-19 18:15:00+00:00,1,0.5019528065878367
2026-01-19 18:20:00+00:00,1,0.5049123414419497
2026-01-19 18:25:00+00:00,1,0.5166484164018741
2026-01-19 18:30:00+00:00,1,0.5139511698489941
2026-01-19 18:35:00+00:00,1,0.5055423111858383
2026-01-19 18:40:00+00:00,1,0.4819665074424788
2026-01-19 18:45:00+00:00,1,0.49499829524440264
2026-01-19 18:50:00+00:00,1,0.4848828696171897
2026-01-19 18:55:00+00:00,1,0.48251663863382577
2026-01-19 19:00:00+00:00,1,0.4723921837195782
2026-01-19 19:05:00+00:00,1,0.47188757271814197
2026-01-19 19:10:00+00:00,1,0.4749804128279432
2026-01-19 19:15:00+00:00,0,0.47287962937923067
2026-01-19 19:20:00+00:00,0,0.4737918028988618
2026-01-19 19:25:00+00:00,0,0.4703816579832851
2026-01-19 19:30:00+00:00,0,0.4734346048253383
2026-01-19 19:35:00+00:00,0,0.4693428168532441
2026-01-19 19:40:00+00:00,0,0.45949412498220055
2026-01-19 19:45:00+00:00,0,0.47368612900787016
2026-01-19 19:50:00+00:00,0,0.4762768398298347
2026-01-19 19:55:00+00:00,0,0.47445737660662357
2026-01-19 20:00:00+00:00,0,0.48336745693905386
2026-01-19 20:05:00+00:00,0,0.49098819593227516
2026-01-19 20:10:00+00:00,0,0.4914339512538505
2026-01-19 20:15:00+00:00,0,0.4880845419406108
2026-01-19 20:20:00+00:00,0,0.49742194992849226
2026-01-19 20:25:00+00:00,0,0.4893935426905609
2026-01-19 20:30:00+00:00,1,0.5046455175577553
2026-01-19 20:35:00+00:00,0,0.5007743216381432
2026-01-19 20:40:00+00:00,0,0.5144950483142523
2026-01-19 20:45:00+00:00,0,0.5091504649145643
2026-01-19 20:50:00+00:00,0,0.5138372987600733
2026-01-19 20:55:00+00:00,0,0.5084845953079747
2026-01-19 21:00:00+00:00,0,0.5090408665150377
2026-01-19 21:05:00+00:00,0,0.5066553633344415
2026-01-19 21:10:00+00:00,0,0.5132559909588792
2026-01-19 21:15:00+00:00,0,0.5122894173036884
2026-01-19 21:20:00+00:00,0,0.5180512740723477
2026-01-19 21:25:00+00:00,0,0.5147862175658626
2026-01-19 21:30:00+00:00,0,0.5136961648063635
2026-01-19 21:35:00+00:00,0,0.5202294383001524
2026-01-19 21:40:00+00:00,0,0.5178807847841977
2026-01-19 21:45:00+00:00,0,0.5237109656420713
2026-01-19 21:50:00+00:00,1,0.5196494277417886
2026-01-19 21:55:00+00:00,1,0.5166423929617505
2026-01-19 22:00:00+00:00,0,0.511838448033885
2026-01-19 22:05:00+00:00,0,0.513757049083425
2026-01-19 22:10:00+00:00,0,0.5270661186545091
2026-01-19 22:15:00+00:00,0,0.5186103697760422
2026-01-19 22:20:00+00:00,0,0.5103789222167794
2026-01-19 22:25:00+00:00,0,0.5045525293626494
2026-01-19 22:30:00+00:00,0,0.5131410848749445
2026-01-19 22:35:00+00:00,0,0.5152301167886278
2026-01-19 22:40:00+00:00,0,0.5194086425454963
2026-01-19 22:45:00+00:00,0,0.5168956133634144
2026-01-19 22:50:00+00:00,0,0.5137922195160094
2026-01-19 22:55:00+00:00,1,0.5258947394164994
2026-01-19 23:00:00+00:00,1,0.5194900312498782
2026-01-19 23:05:00+00:00,1,0.5140203109893248
2026-01-19 23:10:00+00:00,1,0.5147192973528572
2026-01-19 23:15:00+00:00,1,0.518359468541727
2026-01-19 23:20:00+00:00,1,0.5177267084466998
2026-01-19 23:25:00+00:00,1,0.506469958211244
2026-01-19 23:30:00+00:00,0,0.4784134974726571
2026-01-19 23:35:00+00:00,0,0.4710072854780919
2026-01-19 23:40:00+00:00,0,0.4708631937604552
2026-01-19 23:45:00+00:00,0,0.46707895339457783
2026-01-19 23:50:00+00:00,0,0.48882436185204475
2026-01-19 23:55:00+00:00,0,0.4874662986663777
2026-01-20 00:00:00+00:00,0,0.4789021690267515
2026-01-20 00:05:00+00:00,0,0.4965350515301152
2026-01-20 00:10:00+00:00,0,0.5053911237849564
2026-01-20 00:15:00+00:00,0,0.4995048540454162
2026-01-20 00:20:00+00:00,0,0.5227322653664492
2026-01-20 00:25:00+00:00,0,0.515083581029386
2026-01-20 00:30:00+00:00,0,0.5091196267435658
2026-01-20 00:35:00+00:00,0,0.5003821284651071
2026-01-20 00:40:00+00:00,0,0.5029189792415333
2026-01-20 00:45:00+00:00,1,0.5160264829345613
2026-01-20 00:50:00+00:00,1,0.5093384730353763
2026-01-20 00:55:00+00:00,1,0.5182099676431011
2026-01-20 01:00:00+00:00,1,0.5266527975686334
2026-01-20 01:05:00+00:00,1,0.5230130146328815
2026-01-20 01:10:00+00:00,1,0.5199462173666433
2026-01-20 01:15:00+00:00,0,0.5041243313001132
2026-01-20 01:20:00+00:00,0,0.5066602477028342
2026-01-20 01:25:00+00:00,0,0.47983084842910256
2026-01-20 01:30:00+00:00,0,0.4908379683980887
2026-01-20 01:35:00+00:00,0,0.522161108411203
2026-01-20 01:40:00+00:00,0,0.5189921005161241
2026-01-20 01:45:00+00:00,0,0.5090488260457594
2026-01-20 01:50:00+00:00,0,0.5146933858429058
2026-01-20 01:55:00+00:00,0,0.5231675213387909
2026-01-20 02:00:00+00:00,0,0.5144777915049511
2026-01-20 02:05:00+00:00,1,0.5233455686315913
2026-01-20 02:10:00+00:00,1,0.5221523338031336
2026-01-20 02:15:00+00:00,1,0.5220150454874285
2026-01-20 02:20:00+00:00,1,0.5217638940855198
2026-01-20 02:25:00+00:00,1,0.5211764783679511
2026-01-20 02:30:00+00:00,1,0.5123420309676813
2026-01-20 02:35:00+00:00,1,0.4875082276122459
2026-01-20 02:40:00+00:00,1,0.485365075643948
2026-01-20 02:45:00+00:00,0,0.4820902551793258
2026-01-20 02:50:00+00:00,0,0.46518380768743783
2026-01-20 02:55:00+00:00,0,0.4905310288927329
2026-01-20 03:00:00+00:00,0,0.46517378752002025
2026-01-20 03:05:00+00:00,0,0.47471065979164107
2026-01-20 03:10:00+00:00,1,0.4920677698540967
2026-01-20 03:15:00+00:00,1,0.4660118965507906
2026-01-20 03:20:00+00:00,1,0.4706984656935274
2026-01-20 03:25:00+00:00,1,0.4713700647884868
2026-01-20 03:30:00+00:00,1,0.4808086693956829
2026-01-20 03:35:00+00:00,1,0.4856361600537779
2026-01-20 03:40:00+00:00,0,0.46179194781192406
2026-01-20 03:45:00+00:00,0,0.460470330336329
2026-01-20 03:50:00+00:00,0,0.4780006972911911
2026-01-20 03:55:00+00:00,0,0.46681181197275096
2026-01-20 04:00:00+00:00,1,0.48028292870754363
2026-01-20 04:05:00+00:00,0,0.48387799796143277
2026-01-20 04:10:00+00:00,1,0.4954262540387586
2026-01-20 04:15:00+00:00,1,0.5033656523742419
2026-01-20 04:20:00+00:00,1,0.5044401432573362
2026-01-20 04:25:00+00:00,0,0.50203292935123
2026-01-20 04:30:00+00:00,0,0.4821547964672122
2026-01-20 04:35:00+00:00,0,0.49609233665958025
2026-01-20 04:40:00+00:00,0,0.49174315816393244
2026-01-20 04:45:00+00:00,0,0.46627135019645394
2026-01-20 04:50:00+00:00,0,0.5005964960476489
2026-01-20 04:55:00+00:00,1,0.5031547617823741
2026-01-20 05:00:00+00:00,0,0.5011774674969225
2026-01-20 05:05:00+00:00,1,0.4977399888551542
2026-01-20 05:10:00+00:00,1,0.4989785275612712
2026-01-20 05:15:00+00:00,1,0.49266501417455033
2026-01-20 05:20:00+00:00,1,0.49693934234302534
2026-01-20 05:25:00+00:00,0,0.5014234103476599
2026-01-20 05:30:00+00:00,0,0.4982303820777611
2026-01-20 05:35:00+00:00,0,0.5002093355101591
2026-01-20 05:40:00+00:00,0,0.5020101886328224
2026-01-20 05:45:00+00:00,0,0.4720053710379103
2026-01-20 05:50:00+00:00,0,0.49812479295272655
2026-01-20 05:55:00+00:00,0,0.4988185908309058
2026-01-20 06:00:00+00:00,0,0.5028645486262181
2026-01-20 06:05:00+00:00,0,0.5062627766705634
2026-01-20 06:10:00+00:00,1,0.5083684184103293
2026-01-20 06:15:00+00:00,1,0.5398839497185347
2026-01-20 06:20:00+00:00,0,0.5070429665585251
2026-01-20 06:25:00+00:00,0,0.5008951757324965
2026-01-20 06:30:00+00:00,0,0.5058290848392463
2026-01-20 06:35:00+00:00,1,0.5054644862847941
2026-01-20 06:40:00+00:00,1,0.49813763888853296
2026-01-20 06:45:00+00:00,1,0.5182918741756269
2026-01-20 06:50:00+00:00,1,0.5150088382534509
2026-01-20 06:55:00+00:00,1,0.5089544351319251
2026-01-20 07:00:00+00:00,1,0.5140473765538546
2026-01-20 07:05:00+00:00,0,0.5038953404179631
2026-01-20 07:10:00+00:00,0,0.5038422261847744
2026-01-20 07:15:00+00:00,0,0.5027223545679208
2026-01-20 07:20:00+00:00,0,0.5045839175189094
2026-01-20 07:25:00+00:00,0,0.5035514049391172
2026-01-20 07:30:00+00:00,0,0.5084058919951981
2026-01-20 07:35:00+00:00,0,0.5118155223568683
2026-01-20 07:40:00+00:00,0,0.511250496983816
2026-01-20 07:45:00+00:00,0,0.5138081235665849
2026-01-20 07:50:00+00:00,0,0.5127149847313309
2026-01-20 07:55:00+00:00,0,0.5032886384105746
2026-01-20 08:00:00+00:00,0,0.5103781462041314
2026-01-20 08:05:00+00:00,0,0.5011350848008305
2026-01-20 08:10:00+00:00,0,0.5269641990201157
2026-01-20 08:15:00+00:00,0,0.5078751012919976
2026-01-20 08:20:00+00:00,0,0.5059743498235296
2026-01-20 08:25:00+00:00,0,0.506094087237594
2026-01-20 08:30:00+00:00,1,0.5390140721447987
2026-01-20 08:35:00+00:00,1,0.5364910616867199
2026-01-20 08:40:00+00:00,1,0.5283196205604231
2026-01-20 08:45:00+00:00,1,0.5263038804286694
2026-01-20 08:50:00+00:00,0,0.5201328988866823
2026-01-20 08:55:00+00:00,0,0.5100766303476418
2026-01-20 09:00:00+00:00,0,0.5110988589955131
2026-01-20 09:05:00+00:00,0,0.509893157857242
2026-01-20 09:10:00+00:00,0,0.5127688491818155
2026-01-20 09:15:00+00:00,1,0.5138518981200155
2026-01-20 09:20:00+00:00,1,0.513710968234106
2026-01-20 09:25:00+00:00,1,0.5118888967715103
2026-01-20 09:30:00+00:00,1,0.5077719134364893
2026-01-20 09:35:00+00:00,1,0.5088211296797046
2026-01-20 09:40:00+00:00,1,0.5056838797286906
2026-01-20 09:45:00+00:00,1,0.49556613598584653
2026-01-20 09:50:00+00:00,1,0.47028247663341816
2026-01-20 09:55:00+00:00,1,0.4603257225695117
2026-01-20 10:00:00+00:00,0,0.45219151721247963
2026-01-20 10:05:00+00:00,0,0.4547500090240641
2026-01-20 10:10:00+00:00,0,0.45476717767445085
2026-01-20 10:15:00+00:00,0,0.45603119844365564
2026-01-20 10:20:00+00:00,0,0.45698517370630404
2026-01-20 10:25:00+00:00,0,0.4584884202073336
2026-01-20 10:30:00+00:00,0,0.46119200749222145
2026-01-20 10:35:00+00:00,0,0.4577246331661502
2026-01-20 10:40:00+00:00,0,0.46192524758275355
2026-01-20 10:45:00+00:00,0,0.47984683272075535
2026-01-20 10:50:00+00:00,0,0.48041353169084816
2026-01-20 10:55:00+00:00,0,0.4853216023478033
2026-01-20 11:00:00+00:00,0,0.4865334001289463
2026-01-20 11:05:00+00:00,0,0.48900045003962733
2026-01-20 11:10:00+00:00,0,0.5111208487030685
2026-01-20 11:15:00+00:00,0,0.5159812388297252
2026-01-20 11:20:00+00:00,0,0.5170560171526488
2026-01-20 11:25:00+00:00,0,0.5114129432546849
2026-01-20 11:30:00+00:00,0,0.509468610664254
2026-01-20 11:35:00+00:00,1,0.5121715411595015
2026-01-20 11:40:00+00:00,1,0.502533907546014
2026-01-20 11:45:00+00:00,1,0.5197511218308783
2026-01-20 11:50:00+00:00,1,0.526303991457285
2026-01-20 11:55:00+00:00,1,0.5276165565391372
2026-01-20 12:00:00+00:00,1,0.5146717462881572
2026-01-20 12:05:00+00:00,1,0.514430928514288
2026-01-20 12:10:00+00:00,1,0.5099728368374612
2026-01-20 12:15:00+00:00,0,0.5081872701898972
2026-01-20 12:20:00+00:00,0,0.5105746325496324
2026-01-20 12:25:00+00:00,1,0.4988541891491326
2026-01-20 12:30:00+00:00,0,0.5146153556629784
2026-01-20 12:35:00+00:00,0,0.5094266687668643
2026-01-20 12:40:00+00:00,0,0.5180223054887411
2026-01-20 12:45:00+00:00,0,0.4999036305021064
2026-01-20 12:50:00+00:00,0,0.48021751654712935
2026-01-20 12:55:00+00:00,0,0.47398130832273627
2026-01-20 13:00:00+00:00,0,0.5230308550309186
2026-01-20 13:05:00+00:00,1,0.5233741326778757
2026-01-20 13:10:00+00:00,1,0.5185177459767307
2026-01-20 13:15:00+00:00,1,0.5198383229364039
2026-01-20 13:20:00+00:00,0,0.5226747224156257
2026-01-20 13:25:00+00:00,0,0.5219423355937711
2026-01-20 13:30:00+00:00,0,0.5090660048722817
2026-01-20 13:35:00+00:00,0,0.48371831106315943
2026-01-20 13:40:00+00:00,0,0.5065146966558202
2026-01-20 13:45:00+00:00,0,0.5019905983408326
2026-01-20 13:50:00+00:00,1,0.5098293301254766
2026-01-20 13:55:00+00:00,1,0.503961773573073
2026-01-20 14:00:00+00:00,0,0.5088383365301163
2026-01-20 14:05:00+00:00,1,0.5135431091378336
2026-01-20 14:10:00+00:00,1,0.5128459702292825
2026-01-20 14:15:00+00:00,1,0.515958027876987
2026-01-20 14:20:00+00:00,1,0.509499490643366
2026-01-20 14:25:00+00:00,1,0.5092107915182441
2026-01-20 14:30:00+00:00,0,0.5076569310768426
2026-01-20 14:35:00+00:00,0,0.46911110641061365
2026-01-20 14:40:00+00:00,0,0.46918184533544255
2026-01-20 14:45:00+00:00,0,0.5088061528257731
2026-01-20 14:50:00+00:00,0,0.5058859202383365
2026-01-20 14:55:00+00:00,0,0.49972606140391496
2026-01-20 15:00:00+00:00,0,0.5246020011460257
2026-01-20 15:05:00+00:00,1,0.5455916290958048
2026-01-20 15:10:00+00:00,0,0.5066419670605776
2026-01-20 15:15:00+00:00,0,0.5097104052097668
2026-01-20 15:20:00+00:00,0,0.5091720375980437
2026-01-20 15:25:00+00:00,0,0.5164439215856498
2026-01-20 15:30:00+00:00,1,0.511749525352336
2026-01-20 15:35:00+00:00,0,0.512887273821612
2026-01-20 15:40:00+00:00,1,0.5135290326814186
2026-01-20 15:45:00+00:00,1,0.5187865617564674
2026-01-20 15:50:00+00:00,0,0.5176611535223057
2026-01-20 15:55:00+00:00,0,0.51981097075405
2026-01-20 16:00:00+00:00,0,0.5157607238286342
2026-01-20 16:05:00+00:00,0,0.5197219761338823
2026-01-20 16:10:00+00:00,0,0.5087179888742887
2026-01-20 16:15:00+00:00,0,0.5132081042020941
2026-01-20 16:20:00+00:00,0,0.5259555397269824
2026-01-20 16:25:00+00:00,0,0.525884240270546
2026-01-20 16:30:00+00:00,1,0.5305811009935167
2026-01-20 16:35:00+00:00,0,0.5239420731708246
2026-01-20 16:40:00+00:00,1,0.5371003277112397
2026-01-20 16:45:00+00:00,1,0.5397092491126955
2026-01-20 16:50:00+00:00,1,0.5297156461631194
2026-01-20 16:55:00+00:00,1,0.5321593707641064
2026-01-20 17:00:00+00:00,0,0.5211619803516405
2026-01-20 17:05:00+00:00,0,0.5202778436169992
2026-01-20 17:10:00+00:00,0,0.5189767532513839
2026-01-20 17:15:00+00:00,0,0.5195397780210945
2026-01-20 17:20:00+00:00,0,0.5231390470181141
2026-01-20 17:25:00+00:00,0,0.5230050884246233
2026-01-20 17:30:00+00:00,1,0.5240772921890501
2026-01-20 17:35:00+00:00,0,0.5342252541956555
2026-01-20 17:40:00+00:00,1,0.5307913822099464
2026-01-20 17:45:00+00:00,0,0.5244556734158086
2026-01-20 17:50:00+00:00,0,0.5177671478421934
2026-01-20 17:55:00+00:00,0,0.5212857509331339
2026-01-20 18:00:00+00:00,0,0.5168299748033854
2026-01-20 18:05:00+00:00,0,0.5186609129439315
2026-01-20 18:10:00+00:00,0,0.5173452442963569
2026-01-20 18:15:00+00:00,0,0.5243963170343725
2026-01-20 18:20:00+00:00,0,0.5218132706499751
2026-01-20 18:25:00+00:00,0,0.5233720481813839
2026-01-20 18:30:00+00:00,1,0.5214935021445131
2026-01-20 18:35:00+00:00,1,0.5197418073864096
2026-01-20 18:40:00+00:00,1,0.5271120868214536
2026-01-20 18:45:00+00:00,1,0.5185150223841095
2026-01-20 18:50:00+00:00,1,0.5188167457972066
2026-01-20 18:55:00+00:00,1,0.5183087961982314
2026-01-20 19:00:00+00:00,0,0.5107102202345408
2026-01-20 19:05:00+00:00,0,0.5118199059026886
2026-01-20 19:10:00+00:00,0,0.5141703035277354
2026-01-20 19:15:00+00:00,0,0.5118228133201438
2026-01-20 19:20:00+00:00,1,0.5243608536389274
2026-01-20 19:25:00+00:00,1,0.5257886719581011
2026-01-20 19:30:00+00:00,1,0.527808520103854
2026-01-20 19:35:00+00:00,1,0.5244272705332544
2026-01-20 19:40:00+00:00,1,0.521031886571803
2026-01-20 19:45:00+00:00,1,0.5268875633817383
2026-01-20 19:50:00+00:00,1,0.48921877084197457
2026-01-20 19:55:00+00:00,1,0.4894640931971648
2026-01-20 20:00:00+00:00,1,0.5235765155334657
2026-01-20 20:05:00+00:00,1,0.5210370074897785
2026-01-20 20:10:00+00:00,1,0.5003005896609534
2026-01-20 20:15:00+00:00,0,0.4742597782052104
2026-01-20 20:20:00+00:00,0,0.47587954374342295
2026-01-20 20:25:00+00:00,0,0.474040237135363
2026-01-20 20:30:00+00:00,1,0.4986673088841676
2026-01-20 20:35:00+00:00,1,0.4774475701555636
2026-01-20 20:40:00+00:00,0,0.4784559509528271
2026-01-20 20:45:00+00:00,0,0.4854542362247722
2026-01-20 20:50:00+00:00,0,0.4907087807885342
2026-01-20 20:55:00+00:00,0,0.4799254012369847
2026-01-20 21:00:00+00:00,0,0.4762125634703927
2026-01-20 21:05:00+00:00,0,0.4793658061824939
2026-01-20 21:10:00+00:00,0,0.5012722680784073
2026-01-20 21:15:00+00:00,0,0.5109228930847185
2026-01-20 21:20:00+00:00,0,0.5110475491351729
2026-01-20 21:25:00+00:00,0,0.5124955760822083
2026-01-20 21:30:00+00:00,1,0.5245572190075682
2026-01-20 21:35:00+00:00,0,0.5203094820606918
2026-01-20 21:40:00+00:00,0,0.5086012107842075
2026-01-20 21:45:00+00:00,0,0.5174860726399484
2026-01-20 21:50:00+00:00,0,0.5208487003653046
2026-01-20 21:55:00+00:00,0,0.5143507949559578
2026-01-20 22:00:00+00:00,0,0.5166498496135996
2026-01-20 22:05:00+00:00,0,0.5233536379899857
2026-01-20 22:10:00+00:00,0,0.5199803076556461
2026-01-20 22:15:00+00:00,0,0.5243093742265565
2026-01-20 22:20:00+00:00,0,0.5263645551298136
2026-01-20 22:25:00+00:00,0,0.5269681686645119
2026-01-20 22:30:00+00:00,1,0.5595668491433626
2026-01-20 22:35:00+00:00,0,0.5569115834115735
2026-01-20 22:40:00+00:00,0,0.5225108189103979
2026-01-20 22:45:00+00:00,0,0.5427257444932423
2026-01-20 22:50:00+00:00,0,0.516873559345858
2026-01-20 22:55:00+00:00,0,0.5092454626603229
2026-01-20 23:00:00+00:00,1,0.5428220738830647
2026-01-20 23:05:00+00:00,0,0.5397560409953419
2026-01-20 23:10:00+00:00,1,0.5426615813166403
2026-01-20 23:15:00+00:00,0,0.5531885972981071
2026-01-20 23:20:00+00:00,0,0.5172474796723703
2026-01-20 23:25:00+00:00,1,0.5173656463188836
2026-01-20 23:30:00+00:00,1,0.5157229657659842
2026-01-20 23:35:00+00:00,1,0.5177395897585707
2026-01-20 23:40:00+00:00,1,0.5074027480705445
2026-01-20 23:45:00+00:00,1,0.5174530117854137
2026-01-20 23:50:00+00:00,1,0.520176641735302
2026-01-20 23:55:00+00:00,1,0.5058069636864543
2026-01-21 00:00:00+00:00,0,0.5065779579494054
2026-01-21 00:05:00+00:00,1,0.5082474336940697
2026-01-21 00:10:00+00:00,1,0.5059463995979304
2026-01-21 00:15:00+00:00,1,0.504319005431634
2026-01-21 00:20:00+00:00,1,0.5030094579662742
2026-01-21 00:25:00+00:00,1,0.5099819457818726
2026-01-21 00:30:00+00:00,1,0.5020407724835829
2026-01-21 00:35:00+00:00,1,0.4841797795291707
2026-01-21 00:40:00+00:00,1,0.4657089901961004
2026-01-21 00:45:00+00:00,1,0.4562842934730891
2026-01-21 00:50:00+00:00,1,0.4585218917106168
2026-01-21 00:55:00+00:00,1,0.4532926914391227
2026-01-21 01:00:00+00:00,1,0.45105777923181634
2026-01-21 01:05:00+00:00,1,0.4555340633093456
2026-01-21 01:10:00+00:00,0,0.4504354020293665
2026-01-21 01:15:00+00:00,0,0.45084472380848484
2026-01-21 01:20:00+00:00,0,0.4520200208282437
2026-01-21 01:25:00+00:00,0,0.4520536946955186
2026-01-21 01:30:00+00:00,1,0.45822681066577586
2026-01-21 01:35:00+00:00,1,0.45175599218979
2026-01-21 01:40:00+00:00,1,0.46542790254833344
2026-01-21 01:45:00+00:00,1,0.4808258523340504
2026-01-21 01:50:00+00:00,1,0.4740735611137657
2026-01-21 01:55:00+00:00,1,0.476109199517554
2026-01-21 02:00:00+00:00,0,0.45489537717264766
2026-01-21 02:05:00+00:00,0,0.4484653435250503
2026-01-21 02:10:00+00:00,0,0.45529659631737374
2026-01-21 02:15:00+00:00,1,0.46010472216159287
2026-01-21 02:20:00+00:00,1,0.4651981569238381
2026-01-21 02:25:00+00:00,1,0.47496697870354176
2026-01-21 02:30:00+00:00,1,0.48792220288037025
2026-01-21 02:35:00+00:00,1,0.4765346388076798
2026-01-21 02:40:00+00:00,1,0.46653067139166227
2026-01-21 02:45:00+00:00,1,0.47090247461032286
2026-01-21 02:50:00+00:00,1,0.4680543082057346
2026-01-21 02:55:00+00:00,1,0.46272596532412263
2026-01-21 03:00:00+00:00,1,0.4665355948632141
2026-01-21 03:05:00+00:00,1,0.4693204234372136
2026-01-21 03:10:00+00:00,1,0.46614754782123974
2026-01-21 03:15:00+00:00,1,0.46699956298474227
2026-01-21 03:20:00+00:00,0,0.4730013354633031
2026-01-21 03:25:00+00:00,0,0.4625557047760846
2026-01-21 03:30:00+00:00,0,0.46564504117761196
2026-01-21 03:35:00+00:00,0,0.4641567349135792
2026-01-21 03:40:00+00:00,0,0.4639795517725242
2026-01-21 03:45:00+00:00,0,0.4738086072793545
2026-01-21 03:50:00+00:00,0,0.48164610771623295
2026-01-21 03:55:00+00:00,1,0.48867243847884223
2026-01-21 04:00:00+00:00,0,0.4879653297391828
2026-01-21 04:05:00+00:00,1,0.49639141510525464
2026-01-21 04:10:00+00:00,1,0.49627448813815184
2026-01-21 04:15:00+00:00,1,0.5028124180878322
2026-01-21 04:20:00+00:00,1,0.4947029849513478
2026-01-21 04:25:00+00:00,0,0.49814961371823224
2026-01-21 04:30:00+00:00,0,0.5005217698587652
2026-01-21 04:35:00+00:00,1,0.50114093725416
2026-01-21 04:40:00+00:00,0,0.4916321649760688
2026-01-21 04:45:00+00:00,0,0.5033442492635491
2026-01-21 04:50:00+00:00,0,0.5136962840629469
2026-01-21 04:55:00+00:00,0,0.5125529265573252
2026-01-21 05:00:00+00:00,0,0.5105849180553621
2026-01-21 05:05:00+00:00,1,0.5135724244226418
2026-01-21 05:10:00+00:00,1,0.4872078714623991
2026-01-21 05:15:00+00:00,1,0.4997335905580939
2026-01-21 05:20:00+00:00,1,0.516846110801838
2026-01-21 05:25:00+00:00,1,0.5163510369747775
2026-01-21 05:30:00+00:00,1,0.5045601808832221
2026-01-21 05:35:00+00:00,1,0.5125814811853349
2026-01-21 05:40:00+00:00,0,0.4943671849645979
2026-01-21 05:45:00+00:00,0,0.46766595197737354
2026-01-21 05:50:00+00:00,0,0.4826604123106531
2026-01-21 05:55:00+00:00,0,0.4772675636605593
2026-01-21 06:00:00+00:00,0,0.5007088602391042
2026-01-21 06:05:00+00:00,0,0.5058814589478842
2026-01-21 06:10:00+00:00,0,0.5124437022399738
2026-01-21 06:15:00+00:00,0,0.5163099274938737
2026-01-21 06:20:00+00:00,0,0.49960758993943644
2026-01-21 06:25:00+00:00,0,0.4999515970253301
2026-01-21 06:30:00+00:00,0,0.5149259410873922
2026-01-21 06:35:00+00:00,1,0.5164537721574035
2026-01-21 06:40:00+00:00,0,0.5189024792866974
2026-01-21 06:45:00+00:00,1,0.5173754567232965
2026-01-21 06:50:00+00:00,1,0.5198827718533772
2026-01-21 06:55:00+00:00,1,0.5335361840498283
2026-01-21 07:00:00+00:00,0,0.5292972448055763
2026-01-21 07:05:00+00:00,0,0.5121879120930425
2026-01-21 07:10:00+00:00,0,0.5208753257088792
2026-01-21 07:15:00+00:00,0,0.49166017376490634
2026-01-21 07:20:00+00:00,0,0.4824848734147331
2026-01-21 07:25:00+00:00,0,0.47920601680668
2026-01-21 07:30:00+00:00,0,0.5003122062950154
2026-01-21 07:35:00+00:00,1,0.4990881640524671
2026-01-21 07:40:00+00:00,0,0.49915622074132626
2026-01-21 07:45:00+00:00,1,0.5021103726855624
2026-01-21 07:50:00+00:00,1,0.5033212083238269
2026-01-21 07:55:00+00:00,0,0.501982563452809
2026-01-21 08:00:00+00:00,0,0.5025995568020866
2026-01-21 08:05:00+00:00,0,0.49830774306500364
2026-01-21 08:10:00+00:00,0,0.5008267386285653
2026-01-21 08:15:00+00:00,0,0.5002827136151676
2026-01-21 08:20:00+00:00,0,0.5066505041387188
2026-01-21 08:25:00+00:00,0,0.5071625446501397
2026-01-21 08:30:00+00:00,0,0.5063799686000713
2026-01-21 08:35:00+00:00,1,0.526347086150514
2026-01-21 08:40:00+00:00,1,0.5266377267639173
2026-01-21 08:45:00+00:00,1,0.5070520501140967
2026-01-21 08:50:00+00:00,0,0.5071339868616337
2026-01-21 08:55:00+00:00,0,0.49175105509119815
2026-01-21 09:00:00+00:00,0,0.5009525551366311
2026-01-21 09:05:00+00:00,0,0.4994758602903765
2026-01-21 09:10:00+00:00,0,0.5002383450054743
2026-01-21 09:15:00+00:00,0,0.5000961951335057
2026-01-21 09:20:00+00:00,0,0.5082063499029019
2026-01-21 09:25:00+00:00,0,0.5044946023626915
2026-01-21 09:30:00+00:00,1,0.5017751992513291
2026-01-21 09:35:00+00:00,1,0.50609391363532
2026-01-21 09:40:00+00:00,1,0.5116654601102523
2026-01-21 09:45:00+00:00,1,0.5118707656851208
2026-01-21 09:50:00+00:00,1,0.5092762334470801
2026-01-21 09:55:00+00:00,0,0.5009631034930113
2026-01-21 10:00:00+00:00,0,0.49227950612269195
2026-01-21 10:05:00+00:00,0,0.5056153434730658
2026-01-21 10:10:00+00:00,0,0.5082196523134129
2026-01-21 10:15:00+00:00,0,0.4943494377159204
2026-01-21 10:20:00+00:00,0,0.4931879716491283
2026-01-21 10:25:00+00:00,0,0.518729585377638
2026-01-21 10:30:00+00:00,0,0.515975479463515
2026-01-21 10:35:00+00:00,0,0.5169918873817434
2026-01-21 10:40:00+00:00,0,0.5157082581795587
2026-01-21 10:45:00+00:00,0,0.5154359958460659
2026-01-21 10:50:00+00:00,0,0.513704506139238
2026-01-21 10:55:00+00:00,1,0.5091174377255993
2026-01-21 11:00:00+00:00,1,0.5176489977247214
2026-01-21 11:05:00+00:00,0,0.5187275748292519
2026-01-21 11:10:00+00:00,0,0.5206607825697634
2026-01-21 11:15:00+00:00,0,0.5210918365900816
2026-01-21 11:20:00+00:00,0,0.5180236612613424
2026-01-21 11:25:00+00:00,0,0.5172170438924365
2026-01-21 11:30:00+00:00,0,0.5189259535522295
2026-01-21 11:35:00+00:00,0,0.5235189252792963
2026-01-21 11:40:00+00:00,0,0.5219587417476163
2026-01-21 11:45:00+00:00,0,0.5280901322264206
2026-01-21 11:50:00+00:00,0,0.5304040874106404
2026-01-21 11:55:00+00:00,0,0.5305205921221166
2026-01-21 12:00:00+00:00,0,0.5421361031189383
2026-01-21 12:05:00+00:00,0,0.5419659352264612
2026-01-21 12:10:00+00:00,1,0.5443531515344935
2026-01-21 12:15:00+00:00,1,0.5400996098502262
2026-01-21 12:20:00+00:00,1,0.5415989141721799
2026-01-21 12:25:00+00:00,1,0.5348440904808218
2026-01-21 12:30:00+00:00,1,0.5272146746317832
2026-01-21 12:35:00+00:00,1,0.5273535800829291
2026-01-21 12:40:00+00:00,1,0.527453350264762
2026-01-21 12:45:00+00:00,1,0.5220112746070907
2026-01-21 12:50:00+00:00,0,0.5197172109100429
2026-01-21 12:55:00+00:00,0,0.5151352288896882
2026-01-21 13:00:00+00:00,0,0.5110300035613579
2026-01-21 13:05:00+00:00,0,0.5152944309230606
2026-01-21 13:10:00+00:00,0,0.5091098879478616
2026-01-21 13:15:00+00:00,0,0.5165025771581307
2026-01-21 13:20:00+00:00,0,0.524914581201126
2026-01-21 13:25:00+00:00,0,0.5249700401335938
2026-01-21 13:30:00+00:00,1,0.5194612576951628
2026-01-21 13:35:00+00:00,1,0.5253266148510446
2026-01-21 13:40:00+00:00,1,0.5256946899882304
2026-01-21 13:45:00+00:00,1,0.5285788803764786
2026-01-21 13:50:00+00:00,1,0.5134390135314387
2026-01-21 13:55:00+00:00,1,0.5177748862392467
2026-01-21 14:00:00+00:00,1,0.4927834921829504
2026-01-21 14:05:00+00:00,1,0.47030401497043256
2026-01-21 14:10:00+00:00,1,0.4625501537548288
2026-01-21 14:15:00+00:00,1,0.46802694628500463
2026-01-21 14:20:00+00:00,1,0.46373340813506
2026-01-21 14:25:00+00:00,1,0.46846112491191233
2026-01-21 14:30:00+00:00,0,0.4657524410815428
2026-01-21 14:35:00+00:00,1,0.4741631188791976
2026-01-21 14:40:00+00:00,1,0.4713873212414487
2026-01-21 14:45:00+00:00,1,0.47357655782069036
2026-01-21 14:50:00+00:00,1,0.47294578095988776
2026-01-21 14:55:00+00:00,0,0.4652376370782038
2026-01-21 15:00:00+00:00,1,0.4830969418992895
2026-01-21 15:05:00+00:00,0,0.47079290107747623
2026-01-21 15:10:00+00:00,1,0.47290475972266854
2026-01-21 15:15:00+00:00,0,0.47273081911922704
2026-01-21 15:20:00+00:00,1,0.47648730113547827
2026-01-21 15:25:00+00:00,1,0.47693377200883835
2026-01-21 15:30:00+00:00,1,0.4712191289823276
2026-01-21 15:35:00+00:00,1,0.4835993127410418
2026-01-21 15:40:00+00:00,1,0.4783302333072197
2026-01-21 15:45:00+00:00,0,0.47042277222902923
2026-01-21 15:50:00+00:00,0,0.47570778949075765
2026-01-21 15:55:00+00:00,0,0.47608704662189694
2026-01-21 16:00:00+00:00,0,0.4710782848479191
2026-01-21 16:05:00+00:00,0,0.47094486705751004
2026-01-21 16:10:00+00:00,0,0.47047651891989717
2026-01-21 16:15:00+00:00,0,0.4916688103849624
2026-01-21 16:20:00+00:00,0,0.4974849525587113
2026-01-21 16:25:00+00:00,0,0.4911706395873918
2026-01-21 16:30:00+00:00,0,0.5235715994490974
2026-01-21 16:35:00+00:00,0,0.5401918033772463
2026-01-21 16:40:00+00:00,0,0.5862846800118896
2026-01-21 16:45:00+00:00,0,0.5466068085865653
2026-01-21 16:50:00+00:00,0,0.5472165388170354
2026-01-21 16:55:00+00:00,0,0.5865709467920643
2026-01-21 17:00:00+00:00,0,0.5379657574586142
2026-01-21 17:05:00+00:00,0,0.5258017143888981
2026-01-21 17:10:00+00:00,1,0.5704135111105199
2026-01-21 17:15:00+00:00,0,0.5507396794889101
2026-01-21 17:20:00+00:00,1,0.530890932086317
2026-01-21 17:25:00+00:00,1,0.5263097670162018
2026-01-21 17:30:00+00:00,1,0.5667570203617206
2026-01-21 17:35:00+00:00,1,0.5273533350140256
2026-01-21 17:40:00+00:00,1,0.530040684318902
2026-01-21 17:45:00+00:00,1,0.5213730327639592
2026-01-21 17:50:00+00:00,0,0.5192343367713534
2026-01-21 17:55:00+00:00,0,0.5139071418900264
2026-01-21 18:00:00+00:00,1,0.5224075056457739
2026-01-21 18:05:00+00:00,1,0.5107862266939267
2026-01-21 18:10:00+00:00,0,0.5040609469703096
2026-01-21 18:15:00+00:00,1,0.512716275507672
2026-01-21 18:20:00+00:00,1,0.51240293560852
2026-01-21 18:25:00+00:00,1,0.5155351124681539
2026-01-21 18:30:00+00:00,1,0.5103100006114994
2026-01-21 18:35:00+00:00,0,0.5006889244389724
2026-01-21 18:40:00+00:00,1,0.5085170799773063
2026-01-21 18:45:00+00:00,0,0.4712125087831966
2026-01-21 18:50:00+00:00,0,0.4712588193376128
2026-01-21 18:55:00+00:00,1,0.4777583438137532
2026-01-21 19:00:00+00:00,1,0.4809861146900803
2026-01-21 19:05:00+00:00,1,0.4931181606805165
2026-01-21 19:10:00+00:00,1,0.49700442933887456
2026-01-21 19:15:00+00:00,1,0.4782841011795112
2026-01-21 19:20:00+00:00,1,0.47229520623954335
2026-01-21 19:25:00+00:00,1,0.4747077014642731
2026-01-21 19:30:00+00:00,1,0.4945293187907572
2026-01-21 19:35:00+00:00,1,0.5102532067782188
2026-01-21 19:40:00+00:00,0,0.521534238272447
2026-01-21 19:45:00+00:00,0,0.5084391548150975
2026-01-21 19:50:00+00:00,0,0.493190805109159
2026-01-21 19:55:00+00:00,0,0.49647339645863303
2026-01-21 20:00:00+00:00,0,0.4737630039747026
2026-01-21 20:05:00+00:00,0,0.48436404884312806
2026-01-21 20:10:00+00:00,0,0.4815158607478082
2026-01-21 20:15:00+00:00,1,0.47414281122891844
2026-01-21 20:20:00+00:00,1,0.4912843565904295
2026-01-21 20:25:00+00:00,1,0.5090754628929577
2026-01-21 20:30:00+00:00,1,0.4872207910560399
2026-01-21 20:35:00+00:00,1,0.5070627178791305
2026-01-21 20:40:00+00:00,1,0.5068244717252336
2026-01-21 20:45:00+00:00,1,0.495148441527639
2026-01-21 20:50:00+00:00,1,0.487696400415569
2026-01-21 20:55:00+00:00,0,0.4769555481679184
2026-01-21 21:00:00+00:00,0,0.47723828049946104
2026-01-21 21:05:00+00:00,1,0.4770259135758307
2026-01-21 21:10:00+00:00,1,0.48532088636472537
2026-01-21 21:15:00+00:00,0,0.47423959445270975
2026-01-21 21:20:00+00:00,0,0.48444700991147044
2026-01-21 21:25:00+00:00,1,0.4931202143120084
2026-01-21 21:30:00+00:00,0,0.4840247973892246
2026-01-21 21:35:00+00:00,1,0.48783185199104784
2026-01-21 21:40:00+00:00,0,0.4800678361349092
2026-01-21 21:45:00+00:00,0,0.48276040319273994
2026-01-21 21:50:00+00:00,0,0.482234600865629
2026-01-21 21:55:00+00:00,0,0.48598383287653213
2026-01-21 22:00:00+00:00,0,0.48368026446136225
2026-01-21 22:05:00+00:00,0,0.4740894995951397
2026-01-21 22:10:00+00:00,0,0.5052238625866189
2026-01-21 22:15:00+00:00,0,0.5066651105537476
2026-01-21 22:20:00+00:00,0,0.5090826907717715
2026-01-21 22:25:00+00:00,0,0.49976351331697155
2026-01-21 22:30:00+00:00,0,0.5092744876638128
2026-01-21 22:35:00+00:00,1,0.5230102420156172
2026-01-21 22:40:00+00:00,1,0.5080072425086644
2026-01-21 22:45:00+00:00,1,0.5187956889530797
2026-01-21 22:50:00+00:00,0,0.5025993175386939
2026-01-21 22:55:00+00:00,0,0.5196935100387476
2026-01-21 23:00:00+00:00,0,0.5040807738710982
2026-01-21 23:05:00+00:00,0,0.4933176514750955
2026-01-21 23:10:00+00:00,0,0.4912882311577107
2026-01-21 23:15:00+00:00,0,0.5089852230988194
2026-01-21 23:20:00+00:00,0,0.5261061643087849
2026-01-21 23:25:00+00:00,0,0.5209650005058988
2026-01-21 23:30:00+00:00,0,0.5280466149808813
2026-01-21 23:35:00+00:00,1,0.5423409889554417
2026-01-21 23:40:00+00:00,1,0.5465774346193268
2026-01-21 23:45:00+00:00,1,0.5448460586262008
2026-01-21 23:50:00+00:00,1,0.532258640175683
2026-01-21 23:55:00+00:00,1,0.5142544088063808
2026-01-22 00:00:00+00:00,0,0.5034864795146273
2026-01-22 00:05:00+00:00,1,0.5037914608150694
2026-01-22 00:10:00+00:00,1,0.5045516923211043
2026-01-22 00:15:00+00:00,1,0.5070034817001798
2026-01-22 00:20:00+00:00,1,0.5081520632786264
2026-01-22 00:25:00+00:00,1,0.5177992384209508
2026-01-22 00:30:00+00:00,1,0.5136526316216865
2026-01-22 00:35:00+00:00,0,0.501846806491167
2026-01-22 00:40:00+00:00,0,0.48634773889459465
2026-01-22 00:45:00+00:00,1,0.5077402972053536
2026-01-22 00:50:00+00:00,1,0.46800100795388866
2026-01-22 00:55:00+00:00,1,0.4940869171738245
2026-01-22 01:00:00+00:00,1,0.4649116023945234
2026-01-22 01:05:00+00:00,1,0.5070226640484193
2026-01-22 01:10:00+00:00,1,0.46579407384172805
2026-01-22 01:15:00+00:00,1,0.45439349876817015
2026-01-22 01:20:00+00:00,1,0.4555265538328044
2026-01-22 01:25:00+00:00,1,0.4520255269504576
2026-01-22 01:30:00+00:00,1,0.4512328851189446
2026-01-22 01:35:00+00:00,1,0.4540416815554349
2026-01-22 01:40:00+00:00,1,0.45720975792054597
2026-01-22 01:45:00+00:00,1,0.45739533243228087
2026-01-22 01:50:00+00:00,0,0.44886327957973743
2026-01-22 01:55:00+00:00,0,0.4470913386776856
2026-01-22 02:00:00+00:00,0,0.454567942693723
2026-01-22 02:05:00+00:00,0,0.4504390595533063
2026-01-22 02:10:00+00:00,1,0.45890862629164053
2026-01-22 02:15:00+00:00,1,0.4625429605061788
2026-01-22 02:20:00+00:00,0,0.4616581776571253
2026-01-22 02:25:00+00:00,0,0.461549491674751
2026-01-22 02:30:00+00:00,1,0.48022764161949927
2026-01-22 02:35:00+00:00,1,0.4725276375821955
2026-01-22 02:40:00+00:00,0,0.46058319050026847
2026-01-22 02:45:00+00:00,0,0.4723610881702874
2026-01-22 02:50:00+00:00,1,0.4933360553975583
2026-01-22 02:55:00+00:00,0,0.48230646493328844
2026-01-22 03:00:00+00:00,0,0.47544313674043587
2026-01-22 03:05:00+00:00,0,0.48623471059377904
2026-01-22 03:10:00+00:00,0,0.4854360138189962
2026-01-22 03:15:00+00:00,0,0.5055812183947829
2026-01-22 03:20:00+00:00,0,0.49551540696900837
2026-01-22 03:25:00+00:00,0,0.5028110016039894
2026-01-22 03:30:00+00:00,0,0.5088826498016324
2026-01-22 03:35:00+00:00,0,0.5012488472802975
2026-01-22 03:40:00+00:00,0,0.503179137941602
2026-01-22 03:45:00+00:00,0,0.5036509098940541
2026-01-22 03:50:00+00:00,0,0.507471640901239
2026-01-22 03:55:00+00:00,0,0.5141403339999189
2026-01-22 04:00:00+00:00,0,0.5110707059176508
2026-01-22 04:05:00+00:00,0,0.5064726428213475
2026-01-22 04:10:00+00:00,1,0.5087380068033488
2026-01-22 04:15:00+00:00,1,0.5146770525353722
2026-01-22 04:20:00+00:00,1,0.5236841451427346
2026-01-22 04:25:00+00:00,1,0.5129381930380685
2026-01-22 04:30:00+00:00,0,0.5011554626057574
2026-01-22 04:35:00+00:00,1,0.49363990377922123
2026-01-22 04:40:00+00:00,0,0.48686584290438
2026-01-22 04:45:00+00:00,0,0.49821097304342266
2026-01-22 04:50:00+00:00,0,0.4953126363946583
2026-01-22 04:55:00+00:00,0,0.501654319898269
2026-01-22 05:00:00+00:00,0,0.5015281943781129
2026-01-22 05:05:00+00:00,0,0.4974956538163314
2026-01-22 05:10:00+00:00,0,0.5006757395108941
2026-01-22 05:15:00+00:00,0,0.5078660883182188
2026-01-22 05:20:00+00:00,0,0.4997218734276634
2026-01-22 05:25:00+00:00,0,0.5025134745165498
2026-01-22 05:30:00+00:00,0,0.5067983690191723
2026-01-22 05:35:00+00:00,0,0.5026923864115542
2026-01-22 05:40:00+00:00,0,0.5028166066905231
2026-01-22 05:45:00+00:00,0,0.5052922123365314
2026-01-22 05:50:00+00:00,0,0.5126708935722205
2026-01-22 05:55:00+00:00,0,0.5102666722508101
2026-01-22 06:00:00+00:00,0,0.5046150260133441
2026-01-22 06:05:00+00:00,0,0.5208938342669969
2026-01-22 06:10:00+00:00,0,0.5177623598148103
2026-01-22 06:15:00+00:00,0,0.5286967508465991
2026-01-22 06:20:00+00:00,1,0.5309552864396112
2026-01-22 06:25:00+00:00,1,0.531354619710228
2026-01-22 06:30:00+00:00,0,0.5249236712787687
2026-01-22 06:35:00+00:00,0,0.5280682469727852
2026-01-22 06:40:00+00:00,0,0.534035052295033
2026-01-22 06:45:00+00:00,0,0.5230832314627208
2026-01-22 06:50:00+00:00,0,0.5241977533739668
2026-01-22 06:55:00+00:00,0,0.532439493696561
2026-01-22 07:00:00+00:00,0,0.5330992548390227
2026-01-22 07:05:00+00:00,0,0.5337168144218704
2026-01-22 07:10:00+00:00,0,0.5350856049195499
2026-01-22 07:15:00+00:00,0,0.5371088883720473
2026-01-22 07:20:00+00:00,0,0.531699102701091
2026-01-22 07:25:00+00:00,0,0.5314291261138326
2026-01-22 07:30:00+00:00,1,0.5356987084811822
2026-01-22 07:35:00+00:00,0,0.5218021805975193
2026-01-22 07:40:00+00:00,0,0.5226706407262349
2026-01-22 07:45:00+00:00,0,0.5150465068535092
2026-01-22 07:50:00+00:00,1,0.5294480806657661
2026-01-22 07:55:00+00:00,1,0.5246319107236574
2026-01-22 08:00:00+00:00,0,0.5131394201507189
2026-01-22 08:05:00+00:00,1,0.5220241733886695
2026-01-22 08:10:00+00:00,0,0.5188019814440498
2026-01-22 08:15:00+00:00,0,0.5126222859276208
2026-01-22 08:20:00+00:00,1,0.5148798053418749
2026-01-22 08:25:00+00:00,1,0.5183420993094682
2026-01-22 08:30:00+00:00,1,0.511376826574343
2026-01-22 08:35:00+00:00,1,0.5159417237034474
2026-01-22 08:40:00+00:00,1,0.5181349633675935
2026-01-22 08:45:00+00:00,1,0.516847104188618
2026-01-22 08:50:00+00:00,1,0.463306368606424
2026-01-22 08:55:00+00:00,1,0.4649317730686979
2026-01-22 09:00:00+00:00,1,0.4623968978752735
2026-01-22 09:05:00+00:00,1,0.4587657667974556
2026-01-22 09:10:00+00:00,1,0.46084664536559267
2026-01-22 09:15:00+00:00,1,0.4644773425618022
2026-01-22 09:20:00+00:00,1,0.46306297443487765
2026-01-22 09:25:00+00:00,1,0.46557817327686585
2026-01-22 09:30:00+00:00,1,0.4636190489771114
2026-01-22 09:35:00+00:00,0,0.4619600166613971
2026-01-22 09:40:00+00:00,0,0.4556243656305233
2026-01-22 09:45:00+00:00,0,0.45595119211905233
2026-01-22 09:50:00+00:00,0,0.4631610723418915
2026-01-22 09:55:00+00:00,0,0.4642258280073596
2026-01-22 10:00:00+00:00,0,0.4799141806449538
2026-01-22 10:05:00+00:00,0,0.49313947221119947
2026-01-22 10:10:00+00:00,0,0.493418958346448
2026-01-22 10:15:00+00:00,0,0.4947924429129448
2026-01-22 10:20:00+00:00,0,0.4907301188134639
2026-01-22 10:25:00+00:00,1,0.4936964939826091
2026-01-22 10:30:00+00:00,0,0.4872742773556882
2026-01-22 10:35:00+00:00,0,0.5114225012197354
2026-01-22 10:40:00+00:00,0,0.504633589725772
2026-01-22 10:45:00+00:00,0,0.5072033441529858
2026-01-22 10:50:00+00:00,0,0.5079292601292829
2026-01-22 10:55:00+00:00,0,0.5002743976490154
2026-01-22 11:00:00+00:00,0,0.5189935195399229
2026-01-22 11:05:00+00:00,0,0.5176048627164246
2026-01-22 11:10:00+00:00,0,0.524352140640781
2026-01-22 11:15:00+00:00,0,0.512597310438125
2026-01-22 11:20:00+00:00,1,0.5166278875699785
2026-01-22 11:25:00+00:00,1,0.5160172875855378
2026-01-22 11:30:00+00:00,0,0.527313792328463
2026-01-22 11:35:00+00:00,0,0.5224160926839659
2026-01-22 11:40:00+00:00,0,0.514713295942683
2026-01-22 11:45:00+00:00,0,0.517502722553202
2026-01-22 11:50:00+00:00,0,0.5166551332273844
2026-01-22 11:55:00+00:00,0,0.5187126367165721
2026-01-22 12:00:00+00:00,0,0.5219458503324343
2026-01-22 12:05:00+00:00,0,0.5170008604232383
2026-01-22 12:10:00+00:00,0,0.5128910366368532
2026-01-22 12:15:00+00:00,0,0.5221957352135599
2026-01-22 12:20:00+00:00,0,0.5145049617012866
2026-01-22 12:25:00+00:00,0,0.5132526210433962
2026-01-22 12:30:00+00:00,0,0.5136302982837261
2026-01-22 12:35:00+00:00,0,0.5135328337102055
2026-01-22 12:40:00+00:00,0,0.5177757630117725
2026-01-22 12:45:00+00:00,1,0.512308121523528
2026-01-22 12:50:00+00:00,1,0.5103157523559557
2026-01-22 12:55:00+00:00,1,0.5143559812120733
2026-01-22 13:00:00+00:00,0,0.5130897848907783
2026-01-22 13:05:00+00:00,0,0.5189076596668379
2026-01-22 13:10:00+00:00,0,0.5131817698601158
2026-01-22 13:15:00+00:00,0,0.5124532393636148
2026-01-22 13:20:00+00:00,0,0.5099857386537104
2026-01-22 13:25:00+00:00,0,0.5007346486065134
2026-01-22 13:30:00+00:00,0,0.5046743087488951
2026-01-22 13:35:00+00:00,0,0.5029121273240501
2026-01-22 13:40:00+00:00,1,0.5040439416166841
2026-01-22 13:45:00+00:00,1,0.49877285016080236
2026-01-22 13:50:00+00:00,0,0.5046813620117335
2026-01-22 13:55:00+00:00,0,0.5124143121289113
2026-01-22 14:00:00+00:00,0,0.5130751062460529
2026-01-22 14:05:00+00:00,1,0.5119584077868552
2026-01-22 14:10:00+00:00,0,0.49784506667899625
2026-01-22 14:15:00+00:00,0,0.5072398338485304
2026-01-22 14:20:00+00:00,0,0.5102891513528758
2026-01-22 14:25:00+00:00,0,0.5045247529793783
2026-01-22 14:30:00+00:00,0,0.505000503742674
2026-01-22 14:35:00+00:00,0,0.506041740768259
2026-01-22 14:40:00+00:00,0,0.5102836894180275
2026-01-22 14:45:00+00:00,1,0.5203331599453204
2026-01-22 14:50:00+00:00,0,0.4972519974641586
2026-01-22 14:55:00+00:00,0,0.5051019679411519
2026-01-22 15:00:00+00:00,0,0.5099382286067063
2026-01-22 15:05:00+00:00,0,0.5091440995776813
2026-01-22 15:10:00+00:00,1,0.5141989058714183
2026-01-22 15:15:00+00:00,1,0.51636210719403
2026-01-22 15:20:00+00:00,1,0.5363802286334332
2026-01-22 15:25:00+00:00,1,0.5260670629440357
2026-01-22 15:30:00+00:00,1,0.5301354803213517
2026-01-22 15:35:00+00:00,1,0.5170937482029289
2026-01-22 15:40:00+00:00,0,0.5089306243948808
2026-01-22 15:45:00+00:00,0,0.5014806316698609
2026-01-22 15:50:00+00:00,1,0.5138350040276363
2026-01-22 15:55:00+00:00,1,0.510316597619467
2026-01-22 16:00:00+00:00,1,0.5116805880506778
2026-01-22 16:05:00+00:00,1,0.5128868847971046
2026-01-22 16:10:00+00:00,1,0.5240685960116095
2026-01-22 16:15:00+00:00,1,0.5145735895647978
2026-01-22 16:20:00+00:00,1,0.503358722722739
2026-01-22 16:25:00+00:00,1,0.4959725773462938
2026-01-22 16:30:00+00:00,1,0.511669737912873
2026-01-22 16:35:00+00:00,1,0.4922027188550496
2026-01-22 16:40:00+00:00,1,0.47015918400775575
2026-01-22 16:45:00+00:00,1,0.45477958774261124
2026-01-22 16:50:00+00:00,1,0.4555507752052916
2026-01-22 16:55:00+00:00,0,0.45580341746812825
2026-01-22 17:00:00+00:00,0,0.4552854148172426
2026-01-22 17:05:00+00:00,0,0.4512009666138039
2026-01-22 17:10:00+00:00,0,0.4569605894457117
2026-01-22 17:15:00+00:00,0,0.4587907861583174
2026-01-22 17:20:00+00:00,0,0.4624810540415153
2026-01-22 17:25:00+00:00,1,0.48722216138555324
2026-01-22 17:30:00+00:00,1,0.4705435501869961
2026-01-22 17:35:00+00:00,1,0.48567797449863326
2026-01-22 17:40:00+00:00,1,0.4806735865051233
2026-01-22 17:45:00+00:00,1,0.4713545452357583
2026-01-22 17:50:00+00:00,0,0.4753363448969711
2026-01-22 17:55:00+00:00,0,0.476309354767119
2026-01-22 18:00:00+00:00,1,0.4905896750843541
2026-01-22 18:05:00+00:00,1,0.4859077794825302
2026-01-22 18:10:00+00:00,1,0.4934191748819663
2026-01-22 18:15:00+00:00,0,0.4754970834022245
2026-01-22 18:20:00+00:00,0,0.493036283179087
2026-01-22 18:25:00+00:00,0,0.5039782423266483
2026-01-22 18:30:00+00:00,0,0.47553214244761377
2026-01-22 18:35:00+00:00,0,0.48658501087056827
2026-01-22 18:40:00+00:00,0,0.4873481714996709
2026-01-22 18:45:00+00:00,0,0.5139774482400972
2026-01-22 18:50:00+00:00,0,0.5191198349036088
2026-01-22 18:55:00+00:00,0,0.5245432838654741
2026-01-22 19:00:00+00:00,1,0.5192799145410398
2026-01-22 19:05:00+00:00,1,0.5128363162121903
2026-01-22 19:10:00+00:00,1,0.5218745770763925
2026-01-22 19:15:00+00:00,0,0.5207480634917642
2026-01-22 19:20:00+00:00,1,0.5155190184757843
2026-01-22 19:25:00+00:00,1,0.51724389629572
2026-01-22 19:30:00+00:00,0,0.5134019425484831
2026-01-22 19:35:00+00:00,0,0.51073307482245
2026-01-22 19:40:00+00:00,1,0.5159322372178541
2026-01-22 19:45:00+00:00,1,0.5221549540707002
2026-01-22 19:50:00+00:00,0,0.5110870887238927
2026-01-22 19:55:00+00:00,0,0.5156414353648515
2026-01-22 20:00:00+00:00,0,0.5129431096310882
2026-01-22 20:05:00+00:00,0,0.5132713764751853
2026-01-22 20:10:00+00:00,0,0.5110422035947554
2026-01-22 20:15:00+00:00,0,0.5141661630490489
2026-01-22 20:20:00+00:00,0,0.5124050959437038
2026-01-22 20:25:00+00:00,0,0.51636423919901
2026-01-22 20:30:00+00:00,0,0.5144437897732579
2026-01-22 20:35:00+00:00,1,0.5245990043379828
2026-01-22 20:40:00+00:00,1,0.5190001815350178
2026-01-22 20:45:00+00:00,1,0.5168574819545767
2026-01-22 20:50:00+00:00,1,0.5177477471159685
2026-01-22 20:55:00+00:00,0,0.5209796347251969
2026-01-22 21:00:00+00:00,0,0.5159465180956956
2026-01-22 21:05:00+00:00,0,0.5089437475787788
2026-01-22 21:10:00+00:00,0,0.5109433180669974
2026-01-22 21:15:00+00:00,0,0.5151990635541425
2026-01-22 21:20:00+00:00,0,0.5111363035752663
2026-01-22 21:25:00+00:00,0,0.5127074067987397
2026-01-22 21:30:00+00:00,1,0.5129214552312354
2026-01-22 21:35:00+00:00,1,0.5107199068041567
2026-01-22 21:40:00+00:00,1,0.5132544305711543
2026-01-22 21:45:00+00:00,1,0.5089312031440266
2026-01-22 21:50:00+00:00,1,0.5114678231251504
2026-01-22 21:55:00+00:00,1,0.5081080726138983
2026-01-22 22:00:00+00:00,1,0.5083689240122037
2026-01-22 22:05:00+00:00,0,0.5085319117847018
2026-01-22 22:10:00+00:00,0,0.4517859350706649
2026-01-22 22:15:00+00:00,0,0.48271345730780724
2026-01-22 22:20:00+00:00,0,0.4763278985157208
2026-01-22 22:25:00+00:00,0,0.4742269817828437
2026-01-22 22:30:00+00:00,0,0.5084038873341462
2026-01-22 22:35:00+00:00,0,0.5137821904193858
2026-01-22 22:40:00+00:00,1,0.5181911083695261
2026-01-22 22:45:00+00:00,0,0.4961096553295693
2026-01-22 22:50:00+00:00,1,0.48238982348856607
2026-01-22 22:55:00+00:00,1,0.5157092867018285
2026-01-22 23:00:00+00:00,1,0.5173927662613224
2026-01-22 23:05:00+00:00,1,0.5119759022628372
2026-01-22 23:10:00+00:00,1,0.4969766743891184
2026-01-22 23:15:00+00:00,1,0.5195162228151387
2026-01-22 23:20:00+00:00,1,0.4630738029233418
2026-01-22 23:25:00+00:00,1,0.47407065273987636
2026-01-22 23:30:00+00:00,0,0.46401673778843955
2026-01-22 23:35:00+00:00,1,0.4654948674132678
2026-01-22 23:40:00+00:00,1,0.46916197499192447
2026-01-22 23:45:00+00:00,0,0.4630859823699349
2026-01-22 23:50:00+00:00,0,0.4725321750896535
2026-01-22 23:55:00+00:00,0,0.46436069462852525
2026-01-23 00:00:00+00:00,0,0.4913177175636242
2026-01-23 00:05:00+00:00,1,0.49317726048443034
2026-01-23 00:10:00+00:00,0,0.458619375844532
2026-01-23 00:15:00+00:00,0,0.45983260022397493
2026-01-23 00:20:00+00:00,1,0.4799728191278328
2026-01-23 00:25:00+00:00,1,0.5065085651418721
2026-01-23 00:30:00+00:00,1,0.5177367417718901
2026-01-23 00:35:00+00:00,1,0.49109724638469693
2026-01-23 00:40:00+00:00,1,0.4955364770783401
2026-01-23 00:45:00+00:00,1,0.48129550279669653
2026-01-23 00:50:00+00:00,1,0.47243423021277325
2026-01-23 00:55:00+00:00,1,0.48664196670171916
2026-01-23 01:00:00+00:00,1,0.4674270867880398
2026-01-23 01:05:00+00:00,1,0.47521079485837686
2026-01-23 01:10:00+00:00,1,0.4753130819098652
2026-01-23 01:15:00+00:00,1,0.4665560255281489
2026-01-23 01:20:00+00:00,1,0.47478274492081973
2026-01-23 01:25:00+00:00,1,0.4995923604607661
2026-01-23 01:30:00+00:00,0,0.47206109991055434
2026-01-23 01:35:00+00:00,0,0.4644995893760381
2026-01-23 01:40:00+00:00,1,0.4650034261082434
2026-01-23 01:45:00+00:00,0,0.4656268469641971
2026-01-23 01:50:00+00:00,0,0.47066495712380346
2026-01-23 01:55:00+00:00,0,0.4834620443321478
2026-01-23 02:00:00+00:00,0,0.4709406375783574
2026-01-23 02:05:00+00:00,1,0.4921510114367839
2026-01-23 02:10:00+00:00,0,0.4706654128790103
2026-01-23 02:15:00+00:00,0,0.49046565688968646
2026-01-23 02:20:00+00:00,1,0.4942145871231376
2026-01-23 02:25:00+00:00,0,0.4962835975235198
2026-01-23 02:30:00+00:00,1,0.48992670003059396
2026-01-23 02:35:00+00:00,1,0.48984210182940097
2026-01-23 02:40:00+00:00,1,0.4848798924736075
2026-01-23 02:45:00+00:00,1,0.505362615504585
2026-01-23 02:50:00+00:00,1,0.48372494916375663
2026-01-23 02:55:00+00:00,1,0.5060016264245931
2026-01-23 03:00:00+00:00,1,0.4862687204553889
2026-01-23 03:05:00+00:00,1,0.4687605972385998
2026-01-23 03:10:00+00:00,1,0.46422625753163294
2026-01-23 03:15:00+00:00,0,0.4552253548823857
2026-01-23 03:20:00+00:00,1,0.4571480462400417
2026-01-23 03:25:00+00:00,0,0.4486581085343766
2026-01-23 03:30:00+00:00,0,0.4518103679884472
2026-01-23 03:35:00+00:00,0,0.46152471890875524
2026-01-23 03:40:00+00:00,1,0.4596631231597794
2026-01-23 03:45:00+00:00,0,0.4670303056270116
2026-01-23 03:50:00+00:00,0,0.4611886714131682
2026-01-23 03:55:00+00:00,1,0.46663322333872354
2026-01-23 04:00:00+00:00,1,0.46644325785137186
2026-01-23 04:05:00+00:00,1,0.47777938520832075
2026-01-23 04:10:00+00:00,1,0.4603336378909967
2026-01-23 04:15:00+00:00,1,0.48239469305244176
2026-01-23 04:20:00+00:00,1,0.4767071003791363
2026-01-23 04:25:00+00:00,1,0.4636099617772738
2026-01-23 04:30:00+00:00,1,0.46243338869570294
2026-01-23 04:35:00+00:00,1,0.4642802702775708
2026-01-23 04:40:00+00:00,0,0.4609232786512669
2026-01-23 04:45:00+00:00,0,0.45269924172607084
2026-01-23 04:50:00+00:00,0,0.4582838091135286
2026-01-23 04:55:00+00:00,0,0.4531509791830367
2026-01-23 05:00:00+00:00,0,0.46637960721457866
2026-01-23 05:05:00+00:00,0,0.469806165905197
2026-01-23 05:10:00+00:00,0,0.4639704907143869
2026-01-23 05:15:00+00:00,0,0.46779088122282997
2026-01-23 05:20:00+00:00,0,0.4775194767144128
2026-01-23 05:25:00+00:00,0,0.4692579060649967
2026-01-23 05:30:00+00:00,0,0.4764678450972978
2026-01-23 05:35:00+00:00,0,0.4836538001099963
2026-01-23 05:40:00+00:00,0,0.4949929155887468
2026-01-23 05:45:00+00:00,1,0.4970254622202286
2026-01-23 05:50:00+00:00,0,0.5033981671005804
2026-01-23 05:55:00+00:00,0,0.5019155286495776
2026-01-23 06:00:00+00:00,0,0.5050571801397286
2026-01-23 06:05:00+00:00,0,0.5044484254301902
2026-01-23 06:10:00+00:00,0,0.5074507590078643
2026-01-23 06:15:00+00:00,0,0.5014083128566036
2026-01-23 06:20:00+00:00,0,0.50764315878726
2026-01-23 06:25:00+00:00,0,0.5107252917634737
2026-01-23 06:30:00+00:00,0,0.5098636099257786
2026-01-23 06:35:00+00:00,0,0.5028546597429436
2026-01-23 06:40:00+00:00,0,0.4975825869578031
2026-01-23 06:45:00+00:00,0,0.5061791069099992
2026-01-23 06:50:00+00:00,1,0.5090955428473002
2026-01-23 06:55:00+00:00,1,0.5100170199913366
2026-01-23 07:00:00+00:00,1,0.501683591510408
2026-01-23 07:05:00+00:00,1,0.5021313780778082
2026-01-23 07:10:00+00:00,1,0.5001518128218528
2026-01-23 07:15:00+00:00,1,0.5024373962623869
2026-01-23 07:20:00+00:00,0,0.5017099767607369
2026-01-23 07:25:00+00:00,1,0.501824680065933
2026-01-23 07:30:00+00:00,0,0.5008833369763409
2026-01-23 07:35:00+00:00,1,0.4993237122302109
2026-01-23 07:40:00+00:00,1,0.4978938236886596
2026-01-23 07:45:00+00:00,1,0.5011130686285535
2026-01-23 07:50:00+00:00,1,0.4989074853960856
2026-01-23 07:55:00+00:00,0,0.5004971749763076
2026-01-23 08:00:00+00:00,0,0.5003222076110063
2026-01-23 08:05:00+00:00,0,0.48147240903571215
2026-01-23 08:10:00+00:00,0,0.470719785995093
2026-01-23 08:15:00+00:00,0,0.47255192314874334
2026-01-23 08:20:00+00:00,0,0.49504209406524735
2026-01-23 08:25:00+00:00,0,0.5105360402458171
2026-01-23 08:30:00+00:00,1,0.5114845704287088
2026-01-23 08:35:00+00:00,1,0.49985103288926974
2026-01-23 08:40:00+00:00,0,0.5091448216168851
2026-01-23 08:45:00+00:00,1,0.5093813675566587
2026-01-23 08:50:00+00:00,1,0.5112026620503951
2026-01-23 08:55:00+00:00,0,0.5132502924077059
2026-01-23 09:00:00+00:00,0,0.503293319645686
2026-01-23 09:05:00+00:00,0,0.5030821176895767
2026-01-23 09:10:00+00:00,0,0.5075159031268468
2026-01-23 09:15:00+00:00,0,0.5049736782304188
2026-01-23 09:20:00+00:00,0,0.5035972774532999
2026-01-23 09:25:00+00:00,1,0.5120990338898623
2026-01-23 09:30:00+00:00,1,0.5212244638202724
2026-01-23 09:35:00+00:00,0,0.511890585446265
2026-01-23 09:40:00+00:00,1,0.5137771753874115
2026-01-23 09:45:00+00:00,0,0.5153271658498239
2026-01-23 09:50:00+00:00,0,0.5173543574923598
2026-01-23 09:55:00+00:00,0,0.5121857519333098
2026-01-23 10:00:00+00:00,0,0.5169370633370033
2026-01-23 10:05:00+00:00,1,0.5167547812439147
2026-01-23 10:10:00+00:00,0,0.5179682070151922
2026-01-23 10:15:00+00:00,0,0.5175746350717845
2026-01-23 10:20:00+00:00,0,0.5183533971130053
2026-01-23 10:25:00+00:00,0,0.5177229235211572
2026-01-23 10:30:00+00:00,1,0.5151484384152077
2026-01-23 10:35:00+00:00,1,0.5160319606380395
2026-01-23 10:40:00+00:00,1,0.5195144003073302
2026-01-23 10:45:00+00:00,1,0.5187381179420112
2026-01-23 10:50:00+00:00,1,0.514262174093519
2026-01-23 10:55:00+00:00,1,0.5174757253136131
2026-01-23 11:00:00+00:00,1,0.5118365544332757
2026-01-23 11:05:00+00:00,1,0.49883594348536664
2026-01-23 11:10:00+00:00,0,0.49704612205689463
2026-01-23 11:15:00+00:00,1,0.5217386263809195
2026-01-23 11:20:00+00:00,1,0.517851527772672
2026-01-23 11:25:00+00:00,1,0.5155558907800067
2026-01-23 11:30:00+00:00,0,0.4877211690011239
2026-01-23 11:35:00+00:00,1,0.4705452968609363
2026-01-23 11:40:00+00:00,1,0.5054093959627295
2026-01-23 11:45:00+00:00,0,0.4931464032638032
2026-01-23 11:50:00+00:00,0,0.48154404858547045
2026-01-23 11:55:00+00:00,0,0.4769142104563891
2026-01-23 12:00:00+00:00,0,0.48994574598170165
2026-01-23 12:05:00+00:00,0,0.4632386877653789
2026-01-23 12:10:00+00:00,0,0.4789113096351144
2026-01-23 12:15:00+00:00,1,0.5069048952783943
2026-01-23 12:20:00+00:00,1,0.5093563039461779
2026-01-23 12:25:00+00:00,1,0.5076372740751748
2026-01-23 12:30:00+00:00,1,0.5173821834601623
2026-01-23 12:35:00+00:00,0,0.5137470556024453
2026-01-23 12:40:00+00:00,1,0.5187906933314078
2026-01-23 12:45:00+00:00,0,0.47707090389690743
2026-01-23 12:50:00+00:00,1,0.4739081256503203
2026-01-23 12:55:00+00:00,0,0.4758051155102716
2026-01-23 13:00:00+00:00,1,0.5109735447983532
2026-01-23 13:05:00+00:00,0,0.5410979189285707
2026-01-23 13:10:00+00:00,0,0.49910413344623933
2026-01-23 13:15:00+00:00,1,0.4900877863363305
2026-01-23 13:20:00+00:00,0,0.4742573694275384
2026-01-23 13:25:00+00:00,0,0.4829776807403992
2026-01-23 13:30:00+00:00,0,0.5039959405002831
2026-01-23 13:35:00+00:00,1,0.5246006716256443
2026-01-23 13:40:00+00:00,0,0.5009999649628358
2026-01-23 13:45:00+00:00,0,0.4680552446875966
2026-01-23 13:50:00+00:00,0,0.5027855029113149
2026-01-23 13:55:00+00:00,1,0.5034035789804076
2026-01-23 14:00:00+00:00,0,0.5073849901529112
2026-01-23 14:05:00+00:00,0,0.5041520695399778
2026-01-23 14:10:00+00:00,0,0.5082096503845092
2026-01-23 14:15:00+00:00,0,0.50998658713963
2026-01-23 14:20:00+00:00,0,0.5066698334840365
2026-01-23 14:25:00+00:00,0,0.5070871925572467
2026-01-23 14:30:00+00:00,0,0.5246860331975535
2026-01-23 14:35:00+00:00,1,0.5454865754758857
2026-01-23 14:40:00+00:00,1,0.5270030745485134
2026-01-23 14:45:00+00:00,1,0.5357427996277306
2026-01-23 14:50:00+00:00,1,0.5198644098233104
2026-01-23 14:55:00+00:00,1,0.5564212370946074
2026-01-23 15:00:00+00:00,1,0.5543160894827286
2026-01-23 15:05:00+00:00,1,0.5594174608867507
2026-01-23 15:10:00+00:00,1,0.5416977975927554
2026-01-23 15:15:00+00:00,1,0.5831857863612623
2026-01-23 15:20:00+00:00,1,0.5089330579369532
2026-01-23 15:25:00+00:00,1,0.5117044331812748
2026-01-23 15:30:00+00:00,1,0.5101492647749839
2026-01-23 15:35:00+00:00,1,0.5033207185165822
2026-01-23 15:40:00+00:00,1,0.5035999401247654
2026-01-23 15:45:00+00:00,0,0.47159481220248617
2026-01-23 15:50:00+00:00,0,0.47332230563153976
2026-01-23 15:55:00+00:00,0,0.47234737437908647
2026-01-23 16:00:00+00:00,0,0.4659497219827553
2026-01-23 16:05:00+00:00,1,0.4716628630925905
2026-01-23 16:10:00+00:00,1,0.4712560773528411
2026-01-23 16:15:00+00:00,1,0.47064409607189306
2026-01-23 16:20:00+00:00,1,0.4700125781811873
2026-01-23 16:25:00+00:00,1,0.4863840942286453
2026-01-23 16:30:00+00:00,1,0.4839423300183776
2026-01-23 16:35:00+00:00,0,0.466684544087293
2026-01-23 16:40:00+00:00,0,0.4680036504499321
2026-01-23 16:45:00+00:00,0,0.47213907410827405
2026-01-23 16:50:00+00:00,1,0.47330218545861463
2026-01-23 16:55:00+00:00,1,0.47664515393219986
2026-01-23 17:00:00+00:00,1,0.49263133923075
2026-01-23 17:05:00+00:00,1,0.4940074627698845
2026-01-23 17:10:00+00:00,1,0.49493255973781614
2026-01-23 17:15:00+00:00,1,0.4719101198435432
2026-01-23 17:20:00+00:00,1,0.4693184601262162
2026-01-23 17:25:00+00:00,0,0.4693206904084461
2026-01-23 17:30:00+00:00,0,0.47155188229454054
2026-01-23 17:35:00+00:00,1,0.4693738002543003
2026-01-23 17:40:00+00:00,0,0.47075516747207685
2026-01-23 17:45:00+00:00,0,0.46851226615256947
2026-01-23 17:50:00+00:00,1,0.48159185627262874
2026-01-23 17:55:00+00:00,1,0.4887823774232753
2026-01-23 18:00:00+00:00,1,0.482625298700495
2026-01-23 18:05:00+00:00,0,0.4685442642707994
2026-01-23 18:10:00+00:00,1,0.47428167261403587
2026-01-23 18:15:00+00:00,0,0.4739500432438904
2026-01-23 18:20:00+00:00,0,0.4714240096046348
2026-01-23 18:25:00+00:00,0,0.47705248095571123
2026-01-23 18:30:00+00:00,0,0.4743374107116836
2026-01-23 18:35:00+00:00,0,0.4821297773893698
2026-01-23 18:40:00+00:00,0,0.49413658322888965
2026-01-23 18:45:00+00:00,0,0.49489036257823066
2026-01-23 18:50:00+00:00,0,0.5027091139047865
2026-01-23 18:55:00+00:00,0,0.49073534986163075
2026-01-23 19:00:00+00:00,0,0.5168986122036775
2026-01-23 19:05:00+00:00,0,0.5127371080876008
2026-01-23 19:10:00+00:00,0,0.5126195035641236
2026-01-23 19:15:00+00:00,0,0.539190538062524
2026-01-23 19:20:00+00:00,0,0.5127096953774487
2026-01-23 19:25:00+00:00,0,0.5157037869725686
2026-01-23 19:30:00+00:00,1,0.5389798355442549
2026-01-23 19:35:00+00:00,1,0.5279517251289311
2026-01-23 19:40:00+00:00,0,0.5313292683330721
2026-01-23 19:45:00+00:00,1,0.5442175018673325
2026-01-23 19:50:00+00:00,0,0.5296315325669281
2026-01-23 19:55:00+00:00,0,0.5224866147951281
2026-01-23 20:00:00+00:00,0,0.5293763556945481
2026-01-23 20:05:00+00:00,0,0.5169170186684181
2026-01-23 20:10:00+00:00,0,0.5180374477544283
2026-01-23 20:15:00+00:00,0,0.5128089991198276
2026-01-23 20:20:00+00:00,0,0.5219772469545741
2026-01-23 20:25:00+00:00,0,0.5304455587228691
2026-01-23 20:30:00+00:00,1,0.5418206744756773
2026-01-23 20:35:00+00:00,1,0.5340563165829001
2026-01-23 20:40:00+00:00,1,0.5286470802075809
2026-01-23 20:45:00+00:00,1,0.5281931930086577
2026-01-23 20:50:00+00:00,1,0.525188024946867
2026-01-23 20:55:00+00:00,1,0.5166613832178067
2026-01-23 21:00:00+00:00,1,0.5128556099967517
2026-01-23 21:05:00+00:00,0,0.5137744519948979
2026-01-23 21:10:00+00:00,0,0.5039679957259693
2026-01-23 21:15:00+00:00,0,0.50430399298777
2026-01-23 21:20:00+00:00,0,0.48428997189658984
2026-01-23 21:25:00+00:00,0,0.48521009816825605
2026-01-23 21:30:00+00:00,1,0.5088765513938095
2026-01-23 21:35:00+00:00,0,0.5173274106986503
2026-01-23 21:40:00+00:00,1,0.5278958604604508
2026-01-23 21:45:00+00:00,1,0.5020780481860574
2026-01-23 21:50:00+00:00,1,0.4960948249424981
2026-01-23 21:55:00+00:00,1,0.5060025226827933
2026-01-23 22:00:00+00:00,1,0.48000746473619205
2026-01-23 22:05:00+00:00,1,0.509813804284413
2026-01-23 22:10:00+00:00,1,0.4805081953902451
2026-01-23 22:15:00+00:00,1,0.47867747959484463
2026-01-23 22:20:00+00:00,1,0.47539479880037355
2026-01-23 22:25:00+00:00,1,0.4769083259377405
2026-01-23 22:30:00+00:00,0,0.48413486297657266
2026-01-23 22:35:00+00:00,0,0.480474158355651
2026-01-23 22:40:00+00:00,1,0.4876899728261845
2026-01-23 22:45:00+00:00,0,0.48565568646328494
2026-01-23 22:50:00+00:00,0,0.48284026396998087
2026-01-23 22:55:00+00:00,0,0.4678367217232479
2026-01-23 23:00:00+00:00,0,0.5123732952927453
2026-01-23 23:05:00+00:00,0,0.5245088565244928
2026-01-23 23:10:00+00:00,0,0.4876802975627254
2026-01-23 23:15:00+00:00,0,0.5271788286734602
2026-01-23 23:20:00+00:00,0,0.5098195766473593
2026-01-23 23:25:00+00:00,0,0.5131333734836011
2026-01-23 23:30:00+00:00,1,0.5155708963999133
2026-01-23 23:35:00+00:00,1,0.5226046485017932
2026-01-23 23:40:00+00:00,1,0.5227932893334447
2026-01-23 23:45:00+00:00,1,0.5260660561261634
2026-01-23 23:50:00+00:00,1,0.5255604195559055
2026-01-23 23:55:00+00:00,0,0.5241491979135566
2026-01-24 00:00:00+00:00,0,0.5184192450128511
2026-01-24 00:05:00+00:00,0,0.5223567974498201
2026-01-24 00:10:00+00:00,0,0.515028709930422
2026-01-24 00:15:00+00:00,0,0.522136795752061
2026-01-24 00:20:00+00:00,0,0.5082438704836253
2026-01-24 00:25:00+00:00,1,0.5189850866738728
2026-01-24 00:30:00+00:00,0,0.5147303472618887
2026-01-24 00:35:00+00:00,1,0.5191568320534077
2026-01-24 00:40:00+00:00,0,0.5235132743148962
2026-01-24 00:45:00+00:00,1,0.5107515919798707
2026-01-24 00:50:00+00:00,0,0.5125611447598266
2026-01-24 00:55:00+00:00,1,0.5189093959526154
2026-01-24 01:00:00+00:00,0,0.5171929968795111
2026-01-24 01:05:00+00:00,0,0.5178289128799859
2026-01-24 01:10:00+00:00,1,0.5222336046223544
2026-01-24 01:15:00+00:00,0,0.5101291971698497
2026-01-24 01:20:00+00:00,1,0.5206966319137609
2026-01-24 01:25:00+00:00,1,0.5121987495447212
2026-01-24 01:30:00+00:00,1,0.5131112974225085
2026-01-24 01:35:00+00:00,1,0.5131742686643153
2026-01-24 01:40:00+00:00,1,0.49625565832428686
2026-01-24 01:45:00+00:00,1,0.5003238983632391
2026-01-24 01:50:00+00:00,1,0.4962994606884222
2026-01-24 01:55:00+00:00,1,0.48225135061093916
2026-01-24 02:00:00+00:00,1,0.4715901461651545
2026-01-24 02:05:00+00:00,1,0.46439792579011274
2026-01-24 02:10:00+00:00,1,0.4646286896921067
2026-01-24 02:15:00+00:00,1,0.4596024644409515
2026-01-24 02:20:00+00:00,1,0.46050090236674657
2026-01-24 02:25:00+00:00,1,0.4607826470142872
2026-01-24 02:30:00+00:00,1,0.46832860667400966
2026-01-24 02:35:00+00:00,1,0.45519755778254983
2026-01-24 02:40:00+00:00,1,0.46476764770787804
2026-01-24 02:45:00+00:00,1,0.4603477965630402
2026-01-24 02:50:00+00:00,1,0.4571784179066797
2026-01-24 02:55:00+00:00,1,0.45860858957971135
2026-01-24 03:00:00+00:00,1,0.4544789783424644
2026-01-24 03:05:00+00:00,1,0.45503954069974584
2026-01-24 03:10:00+00:00,1,0.4542421322576087
2026-01-24 03:15:00+00:00,0,0.4612369305765054
2026-01-24 03:20:00+00:00,1,0.45738304190157236
2026-01-24 03:25:00+00:00,0,0.45686165353067354
2026-01-24 03:30:00+00:00,1,0.46420651761310494
2026-01-24 03:35:00+00:00,1,0.4577386309289462
2026-01-24 03:40:00+00:00,1,0.4624401383026845
2026-01-24 03:45:00+00:00,1,0.4614749358085004
2026-01-24 03:50:00+00:00,1,0.46000687603127616
2026-01-24 03:55:00+00:00,0,0.45911604476401713
2026-01-24 04:00:00+00:00,0,0.4588413132652321
2026-01-24 04:05:00+00:00,0,0.45333811977496746
2026-01-24 04:10:00+00:00,0,0.45795868330284667
2026-01-24 04:15:00+00:00,0,0.4565392708261264
2026-01-24 04:20:00+00:00,0,0.4646904720306748
2026-01-24 04:25:00+00:00,0,0.4842694608261796
2026-01-24 04:30:00+00:00,0,0.4869490513531814
2026-01-24 04:35:00+00:00,0,0.4903800547852139
2026-01-24 04:40:00+00:00,0,0.49955798722812467
2026-01-24 04:45:00+00:00,0,0.4993943467162637
2026-01-24 04:50:00+00:00,0,0.5012897050565037
2026-01-24 04:55:00+00:00,0,0.5002572320835195
2026-01-24 05:00:00+00:00,0,0.5009786281330675
2026-01-24 05:05:00+00:00,0,0.5042879594312883
2026-01-24 05:10:00+00:00,1,0.5061234437363469
2026-01-24 05:15:00+00:00,0,0.5014366476296561
2026-01-24 05:20:00+00:00,0,0.5086920272333668
2026-01-24 05:25:00+00:00,0,0.5051429201705994
2026-01-24 05:30:00+00:00,0,0.515214329205416
2026-01-24 05:35:00+00:00,1,0.5231484184161477
2026-01-24 05:40:00+00:00,1,0.5110231049362455
2026-01-24 05:45:00+00:00,1,0.5282285324914008
2026-01-24 05:50:00+00:00,1,0.5122340670025567
2026-01-24 05:55:00+00:00,1,0.5254028074050185
2026-01-24 06:00:00+00:00,1,0.5293310844031607
2026-01-24 06:05:00+00:00,1,0.52828082497186
2026-01-24 06:10:00+00:00,1,0.4999062449548062
2026-01-24 06:15:00+00:00,0,0.50254723310713
2026-01-24 06:20:00+00:00,0,0.49579798273814696
2026-01-24 06:25:00+00:00,1,0.4788485377661389
2026-01-24 06:30:00+00:00,0,0.48111374631804255
2026-01-24 06:35:00+00:00,1,0.48082798307471336
2026-01-24 06:40:00+00:00,0,0.4980061452036372
2026-01-24 06:45:00+00:00,0,0.512903316496601
2026-01-24 06:50:00+00:00,0,0.5019158887438236
2026-01-24 06:55:00+00:00,0,0.5015040496383019
2026-01-24 07:00:00+00:00,0,0.4676585637839176
2026-01-24 07:05:00+00:00,0,0.47254899790691823
2026-01-24 07:10:00+00:00,0,0.4732518725109627
2026-01-24 07:15:00+00:00,0,0.527261372514435
2026-01-24 07:20:00+00:00,0,0.527165883033138
2026-01-24 07:25:00+00:00,0,0.5248515257996653
2026-01-24 07:30:00+00:00,0,0.525570651167443
2026-01-24 07:35:00+00:00,0,0.5342832134979861
2026-01-24 07:40:00+00:00,0,0.5289885862376359
2026-01-24 07:45:00+00:00,0,0.5270473609612905
2026-01-24 07:50:00+00:00,0,0.5378137887090668
2026-01-24 07:55:00+00:00,0,0.5282206825111664
2026-01-24 08:00:00+00:00,1,0.5273454606269037
2026-01-24 08:05:00+00:00,1,0.5433593365624054
2026-01-24 08:10:00+00:00,1,0.5416316919669297
2026-01-24 08:15:00+00:00,1,0.5501125363829644
2026-01-24 08:20:00+00:00,1,0.5460033130387231
2026-01-24 08:25:00+00:00,1,0.5465784556351972
2026-01-24 08:30:00+00:00,0,0.5059247408437103
2026-01-24 08:35:00+00:00,0,0.5099132824838413
2026-01-24 08:40:00+00:00,0,0.5056297826889509
2026-01-24 08:45:00+00:00,0,0.5170568416547839
2026-01-24 08:50:00+00:00,0,0.5074904023121676
2026-01-24 08:55:00+00:00,0,0.5200780684534547
2026-01-24 09:00:00+00:00,0,0.536398035962947
2026-01-24 09:05:00+00:00,0,0.5325543992445736
2026-01-24 09:10:00+00:00,0,0.5253293546724997
2026-01-24 09:15:00+00:00,0,0.5240716546224252
2026-01-24 09:20:00+00:00,0,0.519371587537929
2026-01-24 09:25:00+00:00,0,0.5415250852380736
2026-01-24 09:30:00+00:00,0,0.5400404913022918
2026-01-24 09:35:00+00:00,0,0.541955114336219
2026-01-24 09:40:00+00:00,0,0.53577584481839
2026-01-24 09:45:00+00:00,0,0.5297969891963737
2026-01-24 09:50:00+00:00,1,0.5247525792993712
2026-01-24 09:55:00+00:00,1,0.531610556557772
2026-01-24 10:00:00+00:00,1,0.5274784533315803
2026-01-24 10:05:00+00:00,1,0.5333153068380521
2026-01-24 10:10:00+00:00,1,0.529412062263313
2026-01-24 10:15:00+00:00,1,0.5305009348693646
2026-01-24 10:20:00+00:00,1,0.5116567636495273
2026-01-24 10:25:00+00:00,1,0.5040136502887385
2026-01-24 10:30:00+00:00,1,0.4908865749348078
2026-01-24 10:35:00+00:00,1,0.504084619173
2026-01-24 10:40:00+00:00,1,0.4693865109754834
2026-01-24 10:45:00+00:00,0,0.46998076231891794
2026-01-24 10:50:00+00:00,1,0.4757096062617356
2026-01-24 10:55:00+00:00,0,0.4796440986351497
2026-01-24 11:00:00+00:00,0,0.4779616263937752
2026-01-24 11:05:00+00:00,0,0.4763784694280998
2026-01-24 11:10:00+00:00,0,0.4893215046812757
2026-01-24 11:15:00+00:00,0,0.48526827851655147
2026-01-24 11:20:00+00:00,0,0.4905173225060468
2026-01-24 11:25:00+00:00,0,0.4825851201702301
2026-01-24 11:30:00+00:00,0,0.5143058481663519
2026-01-24 11:35:00+00:00,1,0.5294028084706177
2026-01-24 11:40:00+00:00,0,0.5124321609650228
2026-01-24 11:45:00+00:00,0,0.5263901622549982
2026-01-24 11:50:00+00:00,1,0.5281708224690003
2026-01-24 11:55:00+00:00,1,0.514450076624435
2026-01-24 12:00:00+00:00,1,0.5266561322405956
2026-01-24 12:05:00+00:00,0,0.5290919556439004
2026-01-24 12:10:00+00:00,0,0.5242747816675274
2026-01-24 12:15:00+00:00,0,0.5378490997499128
2026-01-24 12:20:00+00:00,0,0.5049355456771875
2026-01-24 12:25:00+00:00,0,0.4802448192297016
2026-01-24 12:30:00+00:00,0,0.5372216028084971
2026-01-24 12:35:00+00:00,0,0.5220983274902299
2026-01-24 12:40:00+00:00,0,0.5219792152613432
2026-01-24 12:45:00+00:00,0,0.5216886289641535
2026-01-24 12:50:00+00:00,1,0.5312043916479101
2026-01-24 12:55:00+00:00,0,0.5241217768925058
2026-01-24 13:00:00+00:00,0,0.5270859697880712
2026-01-24 13:05:00+00:00,0,0.5228942609514863
2026-01-24 13:10:00+00:00,0,0.5320956562846445
2026-01-24 13:15:00+00:00,1,0.5297552593973522
2026-01-24 13:20:00+00:00,0,0.5309800268391406
2026-01-24 13:25:00+00:00,0,0.5323457009723183
2026-01-24 13:30:00+00:00,0,0.5303194199365657
2026-01-24 13:35:00+00:00,0,0.5376444549377593
2026-01-24 13:40:00+00:00,0,0.5231982158800124
2026-01-24 13:45:00+00:00,0,0.49646321005374205
2026-01-24 13:50:00+00:00,0,0.5413830583987632
2026-01-24 13:55:00+00:00,1,0.5427735958013181
2026-01-24 14:00:00+00:00,1,0.5230768492670471
2026-01-24 14:05:00+00:00,1,0.5165760726900672
2026-01-24 14:10:00+00:00,1,0.5164274370282473
2026-01-24 14:15:00+00:00,1,0.5096277757823491
2026-01-24 14:20:00+00:00,1,0.5074300685182425
2026-01-24 14:25:00+00:00,0,0.5061513384464191
2026-01-24 14:30:00+00:00,0,0.5059288996821213
2026-01-24 14:35:00+00:00,0,0.5098223391975373
2026-01-24 14:40:00+00:00,0,0.5087374029712428
2026-01-24 14:45:00+00:00,0,0.5097545303350952
2026-01-24 14:50:00+00:00,0,0.5077305057406405
2026-01-24 14:55:00+00:00,0,0.5155788561474673
2026-01-24 15:00:00+00:00,0,0.5079987647618899
2026-01-24 15:05:00+00:00,0,0.4989023059401013
2026-01-24 15:10:00+00:00,0,0.5098979148153284
2026-01-24 15:15:00+00:00,0,0.5090507297642735
2026-01-24 15:20:00+00:00,0,0.5130491158823474
2026-01-24 15:25:00+00:00,0,0.5219673442605781
2026-01-24 15:30:00+00:00,0,0.5190115344506551
2026-01-24 15:35:00+00:00,0,0.5218441105206629
2026-01-24 15:40:00+00:00,0,0.526597324787208
2026-01-24 15:45:00+00:00,0,0.5193100494630019
2026-01-24 15:50:00+00:00,0,0.5185881417750938
2026-01-24 15:55:00+00:00,0,0.521338622441787
2026-01-24 16:00:00+00:00,1,0.5254205625497275
2026-01-24 16:05:00+00:00,0,0.5251547867337987
2026-01-24 16:10:00+00:00,0,0.5228891090073964
2026-01-24 16:15:00+00:00,1,0.5278080925117192
2026-01-24 16:20:00+00:00,1,0.5202041157344391
2026-01-24 16:25:00+00:00,1,0.5204702323192721
2026-01-24 16:30:00+00:00,1,0.5227816238853937
2026-01-24 16:35:00+00:00,0,0.5221189942536896
2026-01-24 16:40:00+00:00,1,0.5230491327558089
2026-01-24 16:45:00+00:00,0,0.5112343134857747
2026-01-24 16:50:00+00:00,0,0.5157514178409045
2026-01-24 16:55:00+00:00,0,0.5166127907285601
2026-01-24 17:00:00+00:00,0,0.5215586436135904
2026-01-24 17:05:00+00:00,1,0.5235828888986281
2026-01-24 17:10:00+00:00,0,0.5132179732902487
2026-01-24 17:15:00+00:00,0,0.512450013222533
2026-01-24 17:20:00+00:00,0,0.505943237957419
2026-01-24 17:25:00+00:00,1,0.520709220038562
2026-01-24 17:30:00+00:00,1,0.5035296141410146
2026-01-24 17:35:00+00:00,1,0.527582167328106
2026-01-24 17:40:00+00:00,1,0.5143193168913425
2026-01-24 17:45:00+00:00,1,0.5211484650114548
2026-01-24 17:50:00+00:00,0,0.5196352351347274
2026-01-24 17:55:00+00:00,0,0.5008717518334119
2026-01-24 18:00:00+00:00,0,0.49938656077539156
2026-01-24 18:05:00+00:00,0,0.5065727943297923
2026-01-24 18:10:00+00:00,0,0.49041253833258946
2026-01-24 18:15:00+00:00,0,0.4821396170606824
2026-01-24 18:20:00+00:00,0,0.5201262540714867
2026-01-24 18:25:00+00:00,0,0.5183127915590188
2026-01-24 18:30:00+00:00,0,0.5229088311350061
2026-01-24 18:35:00+00:00,0,0.5256328569681924
2026-01-24 18:40:00+00:00,0,0.5343163978941128
2026-01-24 18:45:00+00:00,0,0.5334671930999924
2026-01-24 18:50:00+00:00,0,0.5362338413168797
2026-01-24 18:55:00+00:00,0,0.5237978890653292
2026-01-24 19:00:00+00:00,0,0.5198087279356315
2026-01-24 19:05:00+00:00,1,0.53640566338508
2026-01-24 19:10:00+00:00,1,0.5374326664194258
2026-01-24 19:15:00+00:00,1,0.5328449786439973
2026-01-24 19:20:00+00:00,0,0.5334439976377046
2026-01-24 19:25:00+00:00,0,0.5357350588428641
2026-01-24 19:30:00+00:00,1,0.5365385294990621
2026-01-24 19:35:00+00:00,1,0.513650601425377
2026-01-24 19:40:00+00:00,1,0.5129370142443157
2026-01-24 19:45:00+00:00,1,0.5241199625528846
2026-01-24 19:50:00+00:00,1,0.5402099176434885
2026-01-24 19:55:00+00:00,1,0.5389874951432501
2026-01-24 20:00:00+00:00,1,0.5034178878273995
2026-01-24 20:05:00+00:00,1,0.5008345227983105
2026-01-24 20:10:00+00:00,1,0.5028877171958919
2026-01-24 20:15:00+00:00,0,0.48510101431793046
2026-01-24 20:20:00+00:00,0,0.48722130562148863
2026-01-24 20:25:00+00:00,0,0.48169111342300924
2026-01-24 20:30:00+00:00,0,0.4831080160130772
2026-01-24 20:35:00+00:00,0,0.4816838255770524
2026-01-24 20:40:00+00:00,0,0.4838142986582352
2026-01-24 20:45:00+00:00,0,0.4823704071381337
2026-01-24 20:50:00+00:00,0,0.48532500824253916
2026-01-24 20:55:00+00:00,0,0.4824480614360028
2026-01-24 21:00:00+00:00,0,0.4818967713726867
2026-01-24 21:05:00+00:00,0,0.5037410360322879
2026-01-24 21:10:00+00:00,1,0.48927829764202946
2026-01-24 21:15:00+00:00,1,0.5040374814348247
2026-01-24 21:20:00+00:00,0,0.49333323700449555
2026-01-24 21:25:00+00:00,0,0.5064427878780274
2026-01-24 21:30:00+00:00,1,0.5075493520199728
2026-01-24 21:35:00+00:00,1,0.5026865884439878
2026-01-24 21:40:00+00:00,1,0.47815681907583774
2026-01-24 21:45:00+00:00,1,0.49594407991105866
2026-01-24 21:50:00+00:00,1,0.5029094924442634
2026-01-24 22:00:00+00:00,1,0.512275926536385
2026-01-24 22:05:00+00:00,1,0.5117463693851694
2026-01-24 22:10:00+00:00,0,0.4755424310534409
2026-01-24 22:15:00+00:00,1,0.4834408959145822
2026-01-24 22:20:00+00:00,1,0.4820049124322015
2026-01-24 22:25:00+00:00,0,0.4856013660823704
2026-01-24 22:35:00+00:00,0,0.49642412715192813
2026-01-24 22:40:00+00:00,1,0.5189765308208882
2026-01-24 22:45:00+00:00,0,0.478720896406857
2026-01-24 22:50:00+00:00,0,0.4815138414823866
2026-01-24 22:55:00+00:00,0,0.5127573166330371
2026-01-24 23:00:00+00:00,0,0.4892931584413294
2026-01-24 23:05:00+00:00,0,0.4956779197767302
2026-01-24 23:10:00+00:00,0,0.5163065963743177
2026-01-24 23:15:00+00:00,0,0.5213558249513263
2026-01-24 23:20:00+00:00,0,0.5156450348828335
2026-01-24 23:25:00+00:00,0,0.5141482419357611
2026-01-24 23:30:00+00:00,0,0.5168878089895081
2026-01-24 23:35:00+00:00,1,0.5175658157365298
2026-01-24 23:40:00+00:00,1,0.5148771765763775
2026-01-24 23:45:00+00:00,0,0.5177023241784016
2026-01-24 23:50:00+00:00,0,0.5227851878702358
2026-01-24 23:55:00+00:00,0,0.5270782332610006
2026-01-25 00:00:00+00:00,0,0.524061852364514
2026-01-25 00:05:00+00:00,0,0.5048437793662054
2026-01-25 00:10:00+00:00,0,0.495571298357923
2026-01-25 00:15:00+00:00,0,0.5271077782888122
2026-01-25 00:20:00+00:00,1,0.5284266110269877
2026-01-25 00:25:00+00:00,1,0.5302101927396188
2026-01-25 00:30:00+00:00,1,0.5190622295002992
2026-01-25 00:35:00+00:00,1,0.5272803309737825
2026-01-25 00:40:00+00:00,1,0.5260347884788746
2026-01-25 00:45:00+00:00,1,0.527100629656601
2026-01-25 00:50:00+00:00,0,0.49883111606759667
2026-01-25 00:55:00+00:00,0,0.47735395998123137
2026-01-25 01:00:00+00:00,0,0.4695646237290995
2026-01-25 01:05:00+00:00,0,0.48074534014882353
2026-01-25 01:10:00+00:00,0,0.4998770377450525
2026-01-25 01:15:00+00:00,0,0.525779059557123
2026-01-25 01:20:00+00:00,0,0.5270456878659905
2026-01-25 01:25:00+00:00,0,0.5253454338156701
2026-01-25 01:30:00+00:00,0,0.5251417029640596
2026-01-25 01:35:00+00:00,1,0.5267958886773021
2026-01-25 01:40:00+00:00,1,0.5216458659168514
2026-01-25 01:45:00+00:00,1,0.517260261015274
2026-01-25 01:50:00+00:00,1,0.5256767227931199
2026-01-25 01:55:00+00:00,1,0.5202345255890553
2026-01-25 02:00:00+00:00,1,0.5053405544666242
2026-01-25 02:05:00+00:00,0,0.5045600478173106
2026-01-25 02:10:00+00:00,0,0.5034166594717585
2026-01-25 02:15:00+00:00,0,0.5013830176937273
2026-01-25 02:20:00+00:00,0,0.5082361981227224
2026-01-25 02:25:00+00:00,1,0.5148758324921174
2026-01-25 02:30:00+00:00,1,0.5103898680809246
2026-01-25 02:35:00+00:00,0,0.5134830572338198
2026-01-25 02:40:00+00:00,1,0.5140626729951648
2026-01-25 02:45:00+00:00,0,0.5119770562883167
2026-01-25 02:50:00+00:00,0,0.515189595203732
2026-01-25 02:55:00+00:00,0,0.5088949179908303
2026-01-25 03:00:00+00:00,0,0.5037152584876343
2026-01-25 03:05:00+00:00,0,0.5060520927012115
2026-01-25 03:10:00+00:00,0,0.5073580009431722
2026-01-25 03:15:00+00:00,0,0.5137120276498511
2026-01-25 03:20:00+00:00,0,0.5086355099992441
2026-01-25 03:25:00+00:00,0,0.517237003665199
2026-01-25 03:30:00+00:00,1,0.5151190693579735
2026-01-25 03:35:00+00:00,0,0.5025192943402647
2026-01-25 03:40:00+00:00,0,0.5121882172127
2026-01-25 03:45:00+00:00,0,0.5101101396605808
2026-01-25 03:50:00+00:00,0,0.5050886837340226
2026-01-25 03:55:00+00:00,0,0.508860192534701
2026-01-25 04:00:00+00:00,1,0.5084819144404177
2026-01-25 04:05:00+00:00,1,0.5144908343746101
2026-01-25 04:10:00+00:00,1,0.5116876848197573
2026-01-25 04:15:00+00:00,1,0.5117838542501958
2026-01-25 04:20:00+00:00,1,0.5130938791031687
2026-01-25 04:25:00+00:00,0,0.5149725714478312
2026-01-25 04:30:00+00:00,0,0.5031171866445965
2026-01-25 04:35:00+00:00,0,0.5039017533098786
2026-01-25 04:40:00+00:00,0,0.5019373792045235
2026-01-25 04:45:00+00:00,0,0.5057098914384639
2026-01-25 04:50:00+00:00,0,0.5074426917517934
2026-01-25 04:55:00+00:00,0,0.5158410632585523
2026-01-25 05:00:00+00:00,0,0.5132087171533896
2026-01-25 05:05:00+00:00,0,0.5129438469667398
2026-01-25 05:10:00+00:00,0,0.5138999270619461
2026-01-25 05:15:00+00:00,0,0.5250076091498693
2026-01-25 05:20:00+00:00,1,0.5253017527877488
2026-01-25 05:25:00+00:00,1,0.5218656935007087
2026-01-25 05:30:00+00:00,1,0.5269809675212473
2026-01-25 05:35:00+00:00,1,0.5272274569499367
2026-01-25 05:40:00+00:00,1,0.5317006813684605
2026-01-25 05:45:00+00:00,0,0.514978827975581
2026-01-25 05:50:00+00:00,1,0.5055869535400013
2026-01-25 05:55:00+00:00,0,0.4978915672016629
2026-01-25 06:00:00+00:00,0,0.503529482861046
2026-01-25 06:05:00+00:00,1,0.5143243809506809
2026-01-25 06:10:00+00:00,1,0.5210691643711364
2026-01-25 06:15:00+00:00,1,0.5320070741364392
2026-01-25 06:20:00+00:00,0,0.5116320520981095
2026-01-25 06:25:00+00:00,1,0.52315831770742
2026-01-25 06:30:00+00:00,0,0.5057525506486477
2026-01-25 06:35:00+00:00,0,0.5043405890852416
2026-01-25 06:40:00+00:00,0,0.4822072373847843
2026-01-25 06:45:00+00:00,0,0.5106390361205038
2026-01-25 06:50:00+00:00,0,0.5089600841118858
2026-01-25 06:55:00+00:00,0,0.5083709861494656
2026-01-25 07:00:00+00:00,1,0.5031424822294832
2026-01-25 07:05:00+00:00,1,0.5077215170340212
2026-01-25 07:10:00+00:00,1,0.5149644923220404
2026-01-25 07:15:00+00:00,1,0.5158594148422315
2026-01-25 07:20:00+00:00,1,0.49412744525564806
2026-01-25 07:25:00+00:00,1,0.49162943376881685
2026-01-25 07:30:00+00:00,1,0.5028188462830346
2026-01-25 07:35:00+00:00,1,0.48525680567938595
2026-01-25 07:40:00+00:00,0,0.488969765723218
2026-01-25 07:45:00+00:00,0,0.4826215828997411
2026-01-25 07:50:00+00:00,1,0.4766853104900838
2026-01-25 07:55:00+00:00,0,0.478129844677559
2026-01-25 08:00:00+00:00,0,0.4929630185940874
2026-01-25 08:05:00+00:00,0,0.4819234190724471
2026-01-25 08:10:00+00:00,0,0.5020504385434124
2026-01-25 08:15:00+00:00,0,0.4961963495103334
2026-01-25 08:20:00+00:00,0,0.4718868705085913
2026-01-25 08:25:00+00:00,0,0.4947299578911504
2026-01-25 08:30:00+00:00,0,0.49200500247848256
2026-01-25 08:35:00+00:00,1,0.5040387579414233
2026-01-25 08:40:00+00:00,1,0.5009296899643685
2026-01-25 08:45:00+00:00,1,0.4992220012912174
2026-01-25 08:50:00+00:00,1,0.4867668126605236
2026-01-25 08:55:00+00:00,1,0.4891892516830836
2026-01-25 09:00:00+00:00,1,0.4946141476759
2026-01-25 09:05:00+00:00,1,0.5006694633894607
2026-01-25 09:10:00+00:00,1,0.4983549771720539
2026-01-25 09:15:00+00:00,1,0.49191857163217156
2026-01-25 09:20:00+00:00,1,0.4703225060583507
2026-01-25 09:25:00+00:00,1,0.4853512326302562
2026-01-25 09:30:00+00:00,1,0.4635677245385265
2026-01-25 09:35:00+00:00,0,0.4779083664712773
2026-01-25 09:40:00+00:00,0,0.4622845010656212
2026-01-25 09:45:00+00:00,1,0.46824817974850935
2026-01-25 09:50:00+00:00,1,0.4667476440911878
2026-01-25 09:55:00+00:00,1,0.46757919204746345
2026-01-25 10:00:00+00:00,1,0.46686043995214604
2026-01-25 10:05:00+00:00,1,0.4690454384144357
2026-01-25 10:10:00+00:00,1,0.46711572927020056
2026-01-25 10:15:00+00:00,1,0.46247421255308524
2026-01-25 10:20:00+00:00,0,0.4557178107676693
2026-01-25 10:25:00+00:00,0,0.4477193750320568
2026-01-25 10:30:00+00:00,0,0.4573698573685443
2026-01-25 10:35:00+00:00,0,0.4612618429884759
2026-01-25 10:40:00+00:00,0,0.46598283390025935
2026-01-25 10:45:00+00:00,0,0.467051192466242
2026-01-25 10:50:00+00:00,0,0.4897691872279653
2026-01-25 10:55:00+00:00,0,0.4900232998606809
2026-01-25 11:00:00+00:00,1,0.5001375496726156
2026-01-25 11:05:00+00:00,1,0.5095823616903966
2026-01-25 11:10:00+00:00,0,0.5015204793522052
2026-01-25 11:15:00+00:00,0,0.4893407825893504
2026-01-25 11:20:00+00:00,0,0.5097432696300789
2026-01-25 11:25:00+00:00,0,0.5041352911955252
2026-01-25 11:30:00+00:00,0,0.48746010200168194
2026-01-25 11:35:00+00:00,0,0.5112133307473471
2026-01-25 11:40:00+00:00,0,0.5161883742279776
2026-01-25 11:45:00+00:00,0,0.5138319141211117
2026-01-25 11:50:00+00:00,0,0.5154811874048026
2026-01-25 11:55:00+00:00,0,0.5124148680124301
2026-01-25 12:00:00+00:00,0,0.5188498980620747
2026-01-25 12:05:00+00:00,0,0.5231998293199301
2026-01-25 12:10:00+00:00,0,0.5238120661348724
2026-01-25 12:15:00+00:00,1,0.5220812394218268
2026-01-25 12:20:00+00:00,1,0.5117239695608118
2026-01-25 12:25:00+00:00,1,0.5222709510658635
2026-01-25 12:30:00+00:00,1,0.5144381816668006
2026-01-25 12:35:00+00:00,1,0.515986457042481
2026-01-25 12:40:00+00:00,0,0.515420719015697
2026-01-25 12:45:00+00:00,1,0.5173806669123613
2026-01-25 12:50:00+00:00,0,0.5207193987994737
2026-01-25 12:55:00+00:00,0,0.5178168431933333
2026-01-25 13:00:00+00:00,0,0.5189613368243837
2026-01-25 13:05:00+00:00,0,0.5254650577793822
2026-01-25 13:10:00+00:00,1,0.5235775213939274
2026-01-25 13:15:00+00:00,1,0.5073545993307448
2026-01-25 13:20:00+00:00,1,0.5198753036272794
2026-01-25 13:25:00+00:00,1,0.5257650941030563
2026-01-25 13:30:00+00:00,1,0.5237605423427563
2026-01-25 13:35:00+00:00,0,0.5161565778273187
2026-01-25 13:40:00+00:00,0,0.5129807956891566
2026-01-25 13:45:00+00:00,0,0.49550341336704934
2026-01-25 13:50:00+00:00,0,0.5061673951768292
2026-01-25 13:55:00+00:00,0,0.5046471365071646
2026-01-25 14:00:00+00:00,0,0.5128317986553069
2026-01-25 14:05:00+00:00,0,0.5126233764069678
2026-01-25 14:10:00+00:00,0,0.5206308574007007
2026-01-25 14:15:00+00:00,0,0.5251796487065123
2026-01-25 14:20:00+00:00,1,0.5260559624555441
2026-01-25 14:25:00+00:00,1,0.524860550197634
2026-01-25 14:30:00+00:00,1,0.5171632609898346
2026-01-25 14:35:00+00:00,1,0.5170827139598717
2026-01-25 14:40:00+00:00,1,0.518418484400395
2026-01-25 14:45:00+00:00,1,0.5237197578005717
2026-01-25 14:50:00+00:00,1,0.5225369730761389
2026-01-25 14:55:00+00:00,1,0.5202043242136394
2026-01-25 15:00:00+00:00,1,0.5144183359354656
2026-01-25 15:05:00+00:00,0,0.517937037268223
2026-01-25 15:10:00+00:00,0,0.5143789488534275
2026-01-25 15:15:00+00:00,0,0.5214360220837855
2026-01-25 15:20:00+00:00,0,0.513257936052079
2026-01-25 15:25:00+00:00,0,0.4914433589890221
2026-01-25 15:30:00+00:00,0,0.510659641978659
2026-01-25 15:35:00+00:00,0,0.5277161100907467
2026-01-25 15:40:00+00:00,0,0.5251106266304495
2026-01-25 15:45:00+00:00,0,0.5246368490031241
2026-01-25 15:50:00+00:00,0,0.5247414055655899
2026-01-25 15:55:00+00:00,0,0.522072377726281
2026-01-25 16:00:00+00:00,0,0.5350942480024827
2026-01-25 16:05:00+00:00,0,0.5381614179104084
2026-01-25 16:10:00+00:00,0,0.5399985522151527
2026-01-25 16:15:00+00:00,1,0.5693774948551984
2026-01-25 16:20:00+00:00,1,0.5417469778845372
2026-01-25 16:25:00+00:00,1,0.5408154964628042
2026-01-25 16:30:00+00:00,1,0.5342950570083025
2026-01-25 16:35:00+00:00,1,0.5211080646215981
2026-01-25 16:40:00+00:00,1,0.5227120917121865
2026-01-25 16:45:00+00:00,1,0.5271589552094578
2026-01-25 16:50:00+00:00,0,0.5155276923629546
2026-01-25 16:55:00+00:00,0,0.5185480189565902
2026-01-25 17:00:00+00:00,0,0.5244797014848168
2026-01-25 17:05:00+00:00,0,0.5192575768997783
2026-01-25 17:10:00+00:00,1,0.5365201028122242
2026-01-25 17:15:00+00:00,1,0.5384146360226264
2026-01-25 17:20:00+00:00,1,0.5345921653386546
2026-01-25 17:25:00+00:00,0,0.5360951762148916
2026-01-25 17:30:00+00:00,0,0.5310684697604136
2026-01-25 17:35:00+00:00,0,0.521637921401497
2026-01-25 17:40:00+00:00,0,0.5153189532020064
2026-01-25 17:45:00+00:00,0,0.5169103350030304
2026-01-25 17:50:00+00:00,0,0.5170242155970838
2026-01-25 17:55:00+00:00,0,0.518630785630787
2026-01-25 18:00:00+00:00,0,0.5271385948113645
2026-01-25 18:05:00+00:00,0,0.5217743678196598
2026-01-25 18:10:00+00:00,0,0.5246277773273796
2026-01-25 18:15:00+00:00,0,0.5180295518071626
2026-01-25 18:20:00+00:00,0,0.5168611124008788
2026-01-25 18:25:00+00:00,0,0.5191198814470611
2026-01-25 18:30:00+00:00,1,0.5491003513957328
2026-01-25 18:35:00+00:00,1,0.5271808579721221
2026-01-25 18:40:00+00:00,1,0.5479783435584212
2026-01-25 18:45:00+00:00,0,0.5295926545456977
2026-01-25 18:50:00+00:00,0,0.5351650733612456
2026-01-25 18:55:00+00:00,0,0.5277886519866012
2026-01-25 19:00:00+00:00,0,0.520000732320771
2026-01-25 19:05:00+00:00,0,0.5243098777609578
2026-01-25 19:10:00+00:00,0,0.5261262466596917
2026-01-25 19:15:00+00:00,0,0.5251879500333804
2026-01-25 19:20:00+00:00,0,0.5411810029706986
2026-01-25 19:25:00+00:00,0,0.5532269760985473
2026-01-25 19:30:00+00:00,1,0.5554007670913965
2026-01-25 19:35:00+00:00,1,0.5395349669029704
2026-01-25 19:40:00+00:00,0,0.5365332283400237
2026-01-25 19:45:00+00:00,1,0.5322286525866421
2026-01-25 19:50:00+00:00,1,0.5483011892588209
2026-01-25 19:55:00+00:00,1,0.5281496474601459
2026-01-25 20:00:00+00:00,0,0.5119280333385325
2026-01-25 20:05:00+00:00,0,0.5109774893775728
2026-01-25 20:10:00+00:00,0,0.5241722834223413
2026-01-25 20:15:00+00:00,0,0.5200820846904111
2026-01-25 20:20:00+00:00,1,0.52425816204899
2026-01-25 20:25:00+00:00,1,0.5205603966743818
2026-01-25 20:30:00+00:00,1,0.5261412968389737
2026-01-25 20:35:00+00:00,1,0.5207468860101488
2026-01-25 20:40:00+00:00,1,0.5233382373158535
2026-01-25 20:45:00+00:00,1,0.5240564667965802
2026-01-25 20:50:00+00:00,1,0.490218085629774
2026-01-25 20:55:00+00:00,1,0.4910380320384424
2026-01-25 21:00:00+00:00,0,0.4703038429347503
2026-01-25 21:05:00+00:00,0,0.4713816280511834
2026-01-25 21:10:00+00:00,0,0.47116423436289545
2026-01-25 21:15:00+00:00,0,0.4743114110486474
2026-01-25 21:20:00+00:00,0,0.4805179515782684
2026-01-25 21:25:00+00:00,0,0.47427802749661907
2026-01-25 21:30:00+00:00,0,0.481512706746455
2026-01-25 21:35:00+00:00,0,0.4830849069143941
2026-01-25 21:40:00+00:00,0,0.4770349001706745
2026-01-25 21:45:00+00:00,0,0.4765052309953671
2026-01-25 21:50:00+00:00,0,0.4787757808526355
2026-01-25 21:55:00+00:00,0,0.48821266777131256
2026-01-25 22:00:00+00:00,0,0.49044266599849107
2026-01-25 22:05:00+00:00,0,0.500816878506217
2026-01-25 22:10:00+00:00,0,0.49260285957848
2026-01-25 22:15:00+00:00,0,0.5208869926291583
2026-01-25 22:20:00+00:00,0,0.5225359114044525
2026-01-25 22:25:00+00:00,1,0.5211975423603336
2026-01-25 22:30:00+00:00,1,0.5204858475208622
2026-01-25 22:35:00+00:00,1,0.5191059849379304
2026-01-25 22:40:00+00:00,1,0.5147610689459338
2026-01-25 22:45:00+00:00,1,0.5259959420358076
2026-01-25 22:50:00+00:00,1,0.5217702478125473
2026-01-25 22:55:00+00:00,1,0.5127191327221543
2026-01-25 23:00:00+00:00,0,0.48399237077698154
2026-01-25 23:05:00+00:00,0,0.4971208712533056
2026-01-25 23:10:00+00:00,0,0.4754858533359322
2026-01-25 23:15:00+00:00,1,0.46619872184925015
2026-01-25 23:20:00+00:00,1,0.46683827581399684
2026-01-25 23:25:00+00:00,1,0.5176917807657264
2026-01-25 23:30:00+00:00,1,0.5117246734456491
2026-01-25 23:35:00+00:00,1,0.5006270452004827
2026-01-25 23:40:00+00:00,1,0.4725457173376768
2026-01-25 23:45:00+00:00,1,0.4607238547928983
2026-01-25 23:50:00+00:00,1,0.46281074329040917
2026-01-25 23:55:00+00:00,1,0.46611678924533734
2026-01-26 00:00:00+00:00,0,0.45890484097139117
2026-01-26 00:05:00+00:00,0,0.45767643426354193
2026-01-26 00:10:00+00:00,0,0.4601815138037529
2026-01-26 00:15:00+00:00,0,0.45293122051492424
2026-01-26 00:20:00+00:00,0,0.4551393125341305
2026-01-26 00:25:00+00:00,1,0.46443571510473425
2026-01-26 00:30:00+00:00,1,0.4891727772393503
2026-01-26 00:35:00+00:00,1,0.47002957443819915
2026-01-26 00:40:00+00:00,1,0.4756094059721002
2026-01-26 00:45:00+00:00,1,0.4564926224936871
2026-01-26 00:50:00+00:00,1,0.460928885932923
2026-01-26 00:55:00+00:00,1,0.4581660157979469
2026-01-26 01:00:00+00:00,1,0.4453854819795152
2026-01-26 01:05:00+00:00,0,0.44504623462212173
2026-01-26 01:10:00+00:00,1,0.4447773146696122
2026-01-26 01:15:00+00:00,1,0.4442285309378442
2026-01-26 01:20:00+00:00,1,0.4433029256701544
2026-01-26 01:25:00+00:00,1,0.4479511717287792
2026-01-26 01:30:00+00:00,0,0.4434991919715934
2026-01-26 01:35:00+00:00,0,0.4533266822531152
2026-01-26 01:40:00+00:00,0,0.44650676636103825
2026-01-26 01:45:00+00:00,0,0.4510291309894533
2026-01-26 01:50:00+00:00,0,0.45396747041657165
2026-01-26 01:55:00+00:00,0,0.46299346530042323
2026-01-26 02:00:00+00:00,1,0.4822640937163043
2026-01-26 02:05:00+00:00,1,0.48319630046417983
2026-01-26 02:10:00+00:00,1,0.4854378820241933
2026-01-26 02:15:00+00:00,1,0.4960692859755234
2026-01-26 02:20:00+00:00,0,0.48722397175224813
2026-01-26 02:25:00+00:00,0,0.4791078233215705
2026-01-26 02:30:00+00:00,0,0.48151433287199297
2026-01-26 02:35:00+00:00,1,0.48736748790723566
2026-01-26 02:40:00+00:00,1,0.5059350224805691
2026-01-26 02:45:00+00:00,0,0.5049827725556519
2026-01-26 02:50:00+00:00,0,0.5086461615414212
2026-01-26 02:55:00+00:00,0,0.5087709527950282
2026-01-26 03:00:00+00:00,0,0.4917571136100974
2026-01-26 03:05:00+00:00,0,0.5019915378462673
2026-01-26 03:10:00+00:00,0,0.502950768406794
2026-01-26 03:15:00+00:00,0,0.5017200200682127
2026-01-26 03:20:00+00:00,0,0.5026175460905531
2026-01-26 03:25:00+00:00,0,0.5028047820001429
2026-01-26 03:30:00+00:00,1,0.5041327621301904
2026-01-26 03:35:00+00:00,1,0.5045541631970045
2026-01-26 03:40:00+00:00,1,0.5050633001512336
2026-01-26 03:45:00+00:00,1,0.5055903730031955
2026-01-26 03:50:00+00:00,1,0.5016701287995626
2026-01-26 03:55:00+00:00,1,0.5029323812315326
2026-01-26 04:00:00+00:00,1,0.5011995471368926
2026-01-26 04:05:00+00:00,1,0.5006427559143367
2026-01-26 04:10:00+00:00,1,0.49802968006866655
2026-01-26 04:15:00+00:00,1,0.4956673238435314
2026-01-26 04:20:00+00:00,0,0.46109825805917276
2026-01-26 04:25:00+00:00,0,0.4620644875310195
2026-01-26 04:30:00+00:00,0,0.46192651502119164
2026-01-26 04:35:00+00:00,0,0.4619886077040588
2026-01-26 04:40:00+00:00,0,0.47521149458018724
2026-01-26 04:45:00+00:00,0,0.47509400102162497
2026-01-26 04:50:00+00:00,0,0.46926296544869955
2026-01-26 04:55:00+00:00,0,0.4813345338372041
2026-01-26 05:00:00+00:00,0,0.4729340021993569
2026-01-26 05:05:00+00:00,0,0.4828474516100448
2026-01-26 05:10:00+00:00,0,0.4882757558507213
2026-01-26 05:15:00+00:00,1,0.4913616789678277
2026-01-26 05:20:00+00:00,0,0.49929690325934095
2026-01-26 05:25:00+00:00,0,0.5000326998450134
2026-01-26 05:30:00+00:00,0,0.49664764010480433
2026-01-26 05:35:00+00:00,0,0.4964818080590603
2026-01-26 05:40:00+00:00,0,0.4917477332712914
2026-01-26 05:45:00+00:00,0,0.49537850080152085
2026-01-26 05:50:00+00:00,0,0.49547628506096586
2026-01-26 05:55:00+00:00,1,0.5019176755074273
2026-01-26 06:00:00+00:00,1,0.5082757232880145
2026-01-26 06:05:00+00:00,1,0.5095096856712154
2026-01-26 06:10:00+00:00,1,0.5082290070566122
2026-01-26 06:15:00+00:00,1,0.5064347694075291
2026-01-26 06:20:00+00:00,1,0.5051245740237319
2026-01-26 06:25:00+00:00,1,0.49715333711976917
2026-01-26 06:30:00+00:00,1,0.49870289909645066
2026-01-26 06:35:00+00:00,1,0.4988007324143993
2026-01-26 06:40:00+00:00,1,0.4749530662088254
2026-01-26 06:45:00+00:00,0,0.467144839767791
2026-01-26 06:50:00+00:00,1,0.47385222822388057
2026-01-26 06:55:00+00:00,0,0.46928764444062027
2026-01-26 07:00:00+00:00,0,0.46311186170475094
2026-01-26 07:05:00+00:00,0,0.4637984706188451
2026-01-26 07:10:00+00:00,0,0.46066980086087994
2026-01-26 07:15:00+00:00,0,0.46108355402546486
2026-01-26 07:20:00+00:00,1,0.4651837582781024
2026-01-26 07:25:00+00:00,1,0.466004212173423
2026-01-26 07:30:00+00:00,1,0.47449204004278245
2026-01-26 07:35:00+00:00,1,0.4721935064823205
2026-01-26 07:40:00+00:00,1,0.47456816717573114
2026-01-26 07:45:00+00:00,1,0.4746262186843808
2026-01-26 07:50:00+00:00,1,0.46191988240426823
2026-01-26 07:55:00+00:00,1,0.46471853513433
2026-01-26 08:00:00+00:00,1,0.46607772722888813
2026-01-26 08:05:00+00:00,1,0.4755364256130514
2026-01-26 08:10:00+00:00,1,0.4831406951388073
2026-01-26 08:15:00+00:00,1,0.4751120636843079
2026-01-26 08:20:00+00:00,0,0.46941538719977044
2026-01-26 08:25:00+00:00,0,0.46922073682437365
2026-01-26 08:30:00+00:00,0,0.4630349888454814
2026-01-26 08:35:00+00:00,0,0.4687037815922907
2026-01-26 08:40:00+00:00,0,0.4764946827678626
2026-01-26 08:45:00+00:00,0,0.4615445054845434
2026-01-26 08:50:00+00:00,0,0.48529439055839474
2026-01-26 08:55:00+00:00,0,0.4917670246597268
2026-01-26 09:00:00+00:00,0,0.5026821919496648
2026-01-26 09:05:00+00:00,0,0.5028515077110236
2026-01-26 09:10:00+00:00,1,0.5019722552173146
2026-01-26 09:15:00+00:00,0,0.5014584309283648
2026-01-26 09:20:00+00:00,0,0.5036669938546792
2026-01-26 09:25:00+00:00,0,0.5026946529323493
2026-01-26 09:30:00+00:00,0,0.5048866183761855
2026-01-26 09:35:00+00:00,1,0.5035133391462567
2026-01-26 09:40:00+00:00,0,0.5011676388669464
2026-01-26 09:45:00+00:00,1,0.5023837703296116
2026-01-26 09:50:00+00:00,1,0.5047343077164946
2026-01-26 09:55:00+00:00,1,0.5022563723212916
2026-01-26 10:00:00+00:00,1,0.5057152618231833
2026-01-26 10:05:00+00:00,0,0.5062354461363456
2026-01-26 10:10:00+00:00,0,0.5027063528971883
2026-01-26 10:15:00+00:00,1,0.5022212816347139
2026-01-26 10:20:00+00:00,1,0.5016345535879003
2026-01-26 10:25:00+00:00,1,0.4956642130606884
2026-01-26 10:30:00+00:00,1,0.4982526648240422
2026-01-26 10:35:00+00:00,1,0.5027333688967062
2026-01-26 10:40:00+00:00,1,0.5045079050597427
2026-01-26 10:45:00+00:00,1,0.4976655769722453
2026-01-26 10:50:00+00:00,1,0.4914126883376541
2026-01-26 10:55:00+00:00,0,0.48841710164359375
2026-01-26 11:00:00+00:00,0,0.4757397932831165
2026-01-26 11:05:00+00:00,0,0.47860948691394717
2026-01-26 11:10:00+00:00,0,0.47268036164407695
2026-01-26 11:15:00+00:00,0,0.47089566704590297
2026-01-26 11:20:00+00:00,0,0.4942221451206269
2026-01-26 11:25:00+00:00,0,0.5069830736498464
2026-01-26 11:30:00+00:00,1,0.510135862952749
2026-01-26 11:35:00+00:00,1,0.5207541256593203
2026-01-26 11:40:00+00:00,1,0.5247378631588411
2026-01-26 11:45:00+00:00,1,0.5340432529202295
2026-01-26 11:50:00+00:00,1,0.5243359921373213
2026-01-26 11:55:00+00:00,1,0.5311369011486359
2026-01-26 12:00:00+00:00,0,0.48752176242671375
2026-01-26 12:05:00+00:00,0,0.481611279995683
2026-01-26 12:10:00+00:00,0,0.4803946844369302
2026-01-26 12:15:00+00:00,0,0.49065412587677415
2026-01-26 12:20:00+00:00,0,0.5054095994402759
2026-01-26 12:25:00+00:00,1,0.5253160787362635
2026-01-26 12:30:00+00:00,1,0.5255874036164625
2026-01-26 12:35:00+00:00,1,0.5255231733948649
2026-01-26 12:40:00+00:00,1,0.5269040545301296
2026-01-26 12:45:00+00:00,1,0.5214247345567113
2026-01-26 12:50:00+00:00,1,0.5260848261407856
2026-01-26 12:55:00+00:00,1,0.5213393805397174
2026-01-26 13:00:00+00:00,1,0.5049869848479297
2026-01-26 13:05:00+00:00,1,0.4819928196008344
2026-01-26 13:10:00+00:00,0,0.47299464618532255
2026-01-26 13:15:00+00:00,0,0.4784011146640053
2026-01-26 13:20:00+00:00,0,0.4810011102949928
2026-01-26 13:25:00+00:00,0,0.4792588841051198
2026-01-26 13:30:00+00:00,0,0.47092435967559554
2026-01-26 13:35:00+00:00,0,0.4947482410798843
2026-01-26 13:40:00+00:00,0,0.4922194426239516
2026-01-26 13:45:00+00:00,0,0.5122888067011641
2026-01-26 13:50:00+00:00,0,0.47188779300215794
2026-01-26 13:55:00+00:00,0,0.48065813030830923
2026-01-26 14:00:00+00:00,0,0.49660104244384284
2026-01-26 14:05:00+00:00,1,0.5213264620957196
2026-01-26 14:10:00+00:00,1,0.5112679920478778
2026-01-26 14:15:00+00:00,1,0.5047817359442142
2026-01-26 14:20:00+00:00,1,0.5158522433591523
2026-01-26 14:25:00+00:00,1,0.5009112248232852
2026-01-26 14:30:00+00:00,1,0.5002693052762176
2026-01-26 14:35:00+00:00,1,0.471792853450277
2026-01-26 14:40:00+00:00,1,0.47202306592088644
2026-01-26 14:45:00+00:00,1,0.4737632279958887
2026-01-26 14:50:00+00:00,1,0.5040744706343393
2026-01-26 14:55:00+00:00,0,0.4659772007710249
2026-01-26 15:00:00+00:00,0,0.4868810803301881
2026-01-26 15:05:00+00:00,0,0.48947704901747047
2026-01-26 15:10:00+00:00,0,0.47057406383574324
2026-01-26 15:15:00+00:00,0,0.472328064606391
2026-01-26 15:20:00+00:00,0,0.47648975547222533
2026-01-26 15:25:00+00:00,0,0.47980060229658633
2026-01-26 15:30:00+00:00,0,0.5083071500994872
2026-01-26 15:35:00+00:00,0,0.5141956096348212
2026-01-26 15:40:00+00:00,1,0.528893573462665
2026-01-26 15:45:00+00:00,0,0.5102655486219978
2026-01-26 15:50:00+00:00,1,0.5114659389622599
2026-01-26 15:55:00+00:00,0,0.5108035072056247
2026-01-26 16:00:00+00:00,0,0.49701802708106707
2026-01-26 16:05:00+00:00,0,0.5145728669851476
2026-01-26 16:10:00+00:00,1,0.5240834656427474
2026-01-26 16:15:00+00:00,1,0.5239877796676268
2026-01-26 16:20:00+00:00,1,0.5093346855720281
2026-01-26 16:25:00+00:00,0,0.5130034993225546
2026-01-26 16:30:00+00:00,0,0.5108728990298887
2026-01-26 16:35:00+00:00,0,0.5160165521009737
2026-01-26 16:40:00+00:00,0,0.5165003370152011
2026-01-26 16:45:00+00:00,0,0.5056459342207873
2026-01-26 16:50:00+00:00,0,0.5047088425978509
2026-01-26 16:55:00+00:00,0,0.512200286299617
2026-01-26 17:00:00+00:00,0,0.5096331449397096
2026-01-26 17:05:00+00:00,1,0.5130413798556736
2026-01-26 17:10:00+00:00,1,0.521399276371094
2026-01-26 17:15:00+00:00,1,0.523084292317385
2026-01-26 17:20:00+00:00,1,0.519713103269402
2026-01-26 17:25:00+00:00,1,0.5264692888487417
2026-01-26 17:30:00+00:00,1,0.5252683144978291
2026-01-26 17:35:00+00:00,1,0.5125470226806539
2026-01-26 17:40:00+00:00,1,0.5175672625244139
2026-01-26 17:45:00+00:00,1,0.5145881528240294
2026-01-26 17:50:00+00:00,1,0.4996349213922537
2026-01-26 17:55:00+00:00,1,0.5019378498890714
2026-01-26 18:00:00+00:00,1,0.5109817575101606
2026-01-26 18:05:00+00:00,1,0.5139306933714572
2026-01-26 18:10:00+00:00,1,0.5084699069862161
2026-01-26 18:15:00+00:00,1,0.4803619670977928
2026-01-26 18:20:00+00:00,1,0.4804886563227006
2026-01-26 18:25:00+00:00,1,0.4953890378584484
2026-01-26 18:30:00+00:00,0,0.4747493019107577
2026-01-26 18:35:00+00:00,0,0.49639263935455274
2026-01-26 18:40:00+00:00,1,0.5168684172882684
2026-01-26 18:45:00+00:00,1,0.486002352399912
2026-01-26 18:50:00+00:00,1,0.49081399952911875
2026-01-26 18:55:00+00:00,0,0.47450186346911655
2026-01-26 19:00:00+00:00,0,0.48751581835255015
2026-01-26 19:05:00+00:00,0,0.4901380839120556
2026-01-26 19:10:00+00:00,0,0.4740400830767903
2026-01-26 19:15:00+00:00,0,0.48418023021296874
2026-01-26 19:20:00+00:00,0,0.4973015158826378
2026-01-26 19:25:00+00:00,0,0.5163551718783141
2026-01-26 19:30:00+00:00,0,0.5235018437138911
2026-01-26 19:35:00+00:00,0,0.5151309402051268
2026-01-26 19:40:00+00:00,0,0.5145530645929814
2026-01-26 19:45:00+00:00,0,0.5052394010362942
2026-01-26 19:50:00+00:00,1,0.5169663311231009
2026-01-26 19:55:00+00:00,0,0.5216745158818137
2026-01-26 20:00:00+00:00,0,0.5153610759090737
2026-01-26 20:05:00+00:00,0,0.5189892163339831
2026-01-26 20:10:00+00:00,0,0.5206882852929783
2026-01-26 20:15:00+00:00,0,0.5193143436304968
2026-01-26 20:20:00+00:00,0,0.5211087527904926
2026-01-26 20:25:00+00:00,0,0.5236885495221297
2026-01-26 20:30:00+00:00,0,0.5169166757144602
2026-01-26 20:35:00+00:00,0,0.514383112151068
2026-01-26 20:40:00+00:00,0,0.5137171494057681
2026-01-26 20:45:00+00:00,1,0.5204771877682692
2026-01-26 20:50:00+00:00,1,0.5186910709588584
2026-01-26 20:55:00+00:00,1,0.5173963140343785
2026-01-26 21:00:00+00:00,1,0.5214421174671158
2026-01-26 21:05:00+00:00,1,0.517614112578074
2026-01-26 21:10:00+00:00,1,0.5128346654170688
2026-01-26 21:15:00+00:00,1,0.5082120429847219
2026-01-26 21:20:00+00:00,1,0.5206398538949708
2026-01-26 21:25:00+00:00,1,0.5086700243466992
2026-01-26 21:30:00+00:00,1,0.5035342508107882
2026-01-26 21:35:00+00:00,1,0.49703440305558777
2026-01-26 21:40:00+00:00,0,0.4752554048364444
2026-01-26 21:45:00+00:00,0,0.48596824943418304
2026-01-26 21:50:00+00:00,0,0.48311445632998734
2026-01-26 21:55:00+00:00,0,0.49870364456098204
2026-01-26 22:00:00+00:00,0,0.47303255178103276
2026-01-26 22:05:00+00:00,1,0.46995834121555347
2026-01-26 22:10:00+00:00,0,0.47153762559526363
2026-01-26 22:15:00+00:00,0,0.4696574981553742
2026-01-26 22:20:00+00:00,1,0.47973317765682516
2026-01-26 22:25:00+00:00,0,0.4791333777878583
2026-01-26 22:30:00+00:00,0,0.46709139091539775
2026-01-26 22:35:00+00:00,0,0.4659846393941334
2026-01-26 22:40:00+00:00,0,0.48470697097362203
2026-01-26 22:45:00+00:00,0,0.48467504055079025
2026-01-26 22:50:00+00:00,0,0.48344205493760817
2026-01-26 22:55:00+00:00,0,0.5053449527124788
2026-01-26 23:00:00+00:00,1,0.5032232449704859
2026-01-26 23:05:00+00:00,1,0.5106551119667572
2026-01-26 23:10:00+00:00,1,0.5113436452946583
2026-01-26 23:15:00+00:00,1,0.514865217788513
2026-01-26 23:20:00+00:00,0,0.509806529672831
2026-01-26 23:25:00+00:00,0,0.5086945674623674
2026-01-26 23:30:00+00:00,0,0.48268193886190647
2026-01-26 23:35:00+00:00,0,0.4928888542789144
2026-01-26 23:40:00+00:00,0,0.513896579446602
2026-01-26 23:45:00+00:00,0,0.5161101736976708
2026-01-26 23:50:00+00:00,0,0.5182763539517213
2026-01-26 23:55:00+00:00,0,0.5186916155206389
2026-01-27 00:00:00+00:00,0,0.5233977412843461
2026-01-27 00:05:00+00:00,1,0.5217569493264549
2026-01-27 00:10:00+00:00,1,0.5218651342911045
2026-01-27 00:15:00+00:00,1,0.5191062519742602
2026-01-27 00:20:00+00:00,1,0.5188564161260314
2026-01-27 00:25:00+00:00,1,0.5215165790237659
2026-01-27 00:30:00+00:00,1,0.5214595698243729
2026-01-27 00:35:00+00:00,1,0.5170635095822348
2026-01-27 00:40:00+00:00,0,0.5036223039364012
2026-01-27 00:45:00+00:00,0,0.5018150520612551
2026-01-27 00:50:00+00:00,0,0.4714593730963022
2026-01-27 00:55:00+00:00,1,0.4731650394399344
2026-01-27 01:00:00+00:00,1,0.5101305391385387
2026-01-27 01:05:00+00:00,1,0.5145542440371603
2026-01-27 01:10:00+00:00,1,0.5137016067423614
2026-01-27 01:15:00+00:00,1,0.5184332554762465
2026-01-27 01:20:00+00:00,1,0.4763404267412517
2026-01-27 01:25:00+00:00,0,0.46193766435299627
2026-01-27 01:30:00+00:00,1,0.46109378214263175
2026-01-27 01:35:00+00:00,1,0.47585368980872195
2026-01-27 01:40:00+00:00,0,0.4631905370401818
2026-01-27 01:45:00+00:00,0,0.4680030824137188
2026-01-27 01:50:00+00:00,0,0.4810846351427628
2026-01-27 01:55:00+00:00,0,0.4756321176906371
2026-01-27 02:00:00+00:00,0,0.4755937754005957
2026-01-27 02:05:00+00:00,0,0.4781624016637209
2026-01-27 02:10:00+00:00,0,0.4922273290288272
2026-01-27 02:15:00+00:00,1,0.49271558599429555
2026-01-27 02:20:00+00:00,1,0.5071607390812423
2026-01-27 02:25:00+00:00,1,0.5072136121162422
2026-01-27 02:30:00+00:00,1,0.49612932720733616
2026-01-27 02:35:00+00:00,0,0.4828198135767744
2026-01-27 02:40:00+00:00,0,0.5005222101637087
2026-01-27 02:45:00+00:00,0,0.4880687509596837
2026-01-27 02:50:00+00:00,0,0.4985545622424807
2026-01-27 02:55:00+00:00,0,0.48881441669907977
2026-01-27 03:00:00+00:00,0,0.48298256224481373
2026-01-27 03:05:00+00:00,0,0.5025579288252211
2026-01-27 03:10:00+00:00,0,0.5070994400289098
2026-01-27 03:15:00+00:00,0,0.5037977408316792
2026-01-27 03:20:00+00:00,0,0.5024737447075283
2026-01-27 03:25:00+00:00,0,0.5031718319073393
2026-01-27 03:30:00+00:00,1,0.5064069022665806
2026-01-27 03:35:00+00:00,1,0.5056319458042423
2026-01-27 03:40:00+00:00,1,0.5046113893701871
2026-01-27 03:45:00+00:00,1,0.5061641347155285
2026-01-27 03:50:00+00:00,1,0.505861699509344
2026-01-27 03:55:00+00:00,1,0.5035891953557742
2026-01-27 04:00:00+00:00,1,0.5039910196828769
2026-01-27 04:05:00+00:00,0,0.4762777825547127
2026-01-27 04:10:00+00:00,0,0.48642854061340857
2026-01-27 04:15:00+00:00,0,0.48724481734199293
2026-01-27 04:20:00+00:00,0,0.48672365257978056
2026-01-27 04:25:00+00:00,0,0.4959854410783296
2026-01-27 04:30:00+00:00,0,0.503542045571182
2026-01-27 04:35:00+00:00,0,0.5014591576519429
2026-01-27 04:40:00+00:00,0,0.5033245701112403
2026-01-27 04:45:00+00:00,0,0.501797952169673
2026-01-27 04:50:00+00:00,0,0.5013949008021161
2026-01-27 04:55:00+00:00,0,0.49960501305527105
2026-01-27 05:00:00+00:00,0,0.5015515138017254
2026-01-27 05:05:00+00:00,0,0.5025225101437999
2026-01-27 05:10:00+00:00,0,0.5045379796938679
2026-01-27 05:15:00+00:00,1,0.5064692799952976
2026-01-27 05:20:00+00:00,1,0.5039852935822202
2026-01-27 05:25:00+00:00,0,0.49549262715506937
2026-01-27 05:30:00+00:00,0,0.5013629293173011
2026-01-27 05:35:00+00:00,0,0.5028080713514599
2026-01-27 05:40:00+00:00,0,0.5020342456698244
2026-01-27 05:45:00+00:00,0,0.5024727275637169
2026-01-27 05:50:00+00:00,0,0.5074884783053826
2026-01-27 05:55:00+00:00,0,0.5063486811387904
2026-01-27 06:00:00+00:00,0,0.5079495423314038
2026-01-27 06:05:00+00:00,0,0.5059358456608696
2026-01-27 06:10:00+00:00,0,0.5077942141660724
2026-01-27 06:20:00+00:00,0,0.507949080097128
2026-01-27 06:25:00+00:00,0,0.5155438642452183
2026-01-27 06:30:00+00:00,0,0.5218485120807995
2026-01-27 06:35:00+00:00,0,0.5379671978994778
2026-01-27 06:40:00+00:00,1,0.5513116947057096
2026-01-27 06:45:00+00:00,1,0.5382262838470884
2026-01-27 06:50:00+00:00,1,0.5447714061889362
2026-01-27 06:55:00+00:00,1,0.5478155052125048
2026-01-27 07:00:00+00:00,1,0.5379394055877862
2026-01-27 07:05:00+00:00,1,0.5280754060750307
2026-01-27 07:10:00+00:00,1,0.5168410238583191
2026-01-27 07:15:00+00:00,1,0.5214003877272407
2026-01-27 07:20:00+00:00,1,0.513500680966045
2026-01-27 07:25:00+00:00,1,0.5196339477398942
2026-01-27 07:30:00+00:00,0,0.4961300977161146
2026-01-27 07:35:00+00:00,0,0.5184779345991203
2026-01-27 07:40:00+00:00,0,0.49990084567611826
2026-01-27 07:45:00+00:00,0,0.521002360244761
2026-01-27 07:50:00+00:00,0,0.5018064863962158
2026-01-27 07:55:00+00:00,0,0.5240651645131699
2026-01-27 08:00:00+00:00,0,0.5111583837041752
2026-01-27 08:05:00+00:00,0,0.5240100478308248
2026-01-27 08:10:00+00:00,0,0.521787222825365
2026-01-27 08:15:00+00:00,0,0.5198263190065119
2026-01-27 08:20:00+00:00,0,0.5304385412073952
2026-01-27 08:25:00+00:00,0,0.5266062364989872
2026-01-27 08:30:00+00:00,0,0.5178461167904119
2026-01-27 08:35:00+00:00,0,0.5330698720337629
2026-01-27 08:40:00+00:00,0,0.5170175935331391
2026-01-27 08:45:00+00:00,0,0.516325056102694
2026-01-27 08:50:00+00:00,0,0.5193820613214313
2026-01-27 08:55:00+00:00,0,0.5153126763740056
2026-01-27 09:00:00+00:00,0,0.5341967006720215
2026-01-27 09:05:00+00:00,1,0.5389148920713157
2026-01-27 09:10:00+00:00,1,0.5437127185741977
2026-01-27 09:15:00+00:00,1,0.5312296154639957
2026-01-27 09:20:00+00:00,0,0.5323229474441695
2026-01-27 09:25:00+00:00,0,0.5301624042360475
2026-01-27 09:30:00+00:00,0,0.5254614227655715
2026-01-27 09:35:00+00:00,0,0.4983490004530175
2026-01-27 09:40:00+00:00,0,0.49771618755443436
2026-01-27 09:45:00+00:00,0,0.5154988521931889
2026-01-27 09:50:00+00:00,1,0.5310806875298877
2026-01-27 09:55:00+00:00,1,0.5294033570639732
2026-01-27 10:00:00+00:00,0,0.5275297442116108
2026-01-27 10:05:00+00:00,0,0.5293335466440009
2026-01-27 10:10:00+00:00,0,0.5353542451146671
2026-01-27 10:15:00+00:00,0,0.5075449122982607
2026-01-27 10:20:00+00:00,0,0.5303848450721798
2026-01-27 10:25:00+00:00,0,0.532845312655398
2026-01-27 10:30:00+00:00,1,0.5423995333013228
2026-01-27 10:35:00+00:00,1,0.5347647754110326
2026-01-27 10:40:00+00:00,1,0.5319754480043594
2026-01-27 10:45:00+00:00,1,0.5348488441142606
2026-01-27 10:50:00+00:00,1,0.5365880054342085
2026-01-27 10:55:00+00:00,1,0.5255794927051887
2026-01-27 11:00:00+00:00,1,0.5222283671325928
2026-01-27 11:05:00+00:00,1,0.521272064110819
2026-01-27 11:10:00+00:00,1,0.5161271332540955
2026-01-27 11:15:00+00:00,1,0.5171254906963101
2026-01-27 11:20:00+00:00,1,0.5334933475741229
2026-01-27 11:25:00+00:00,0,0.5339208459491283
2026-01-27 11:30:00+00:00,0,0.47691788382351247
2026-01-27 11:35:00+00:00,0,0.5070315132170513
2026-01-27 11:40:00+00:00,0,0.483045745382405
2026-01-27 11:45:00+00:00,0,0.5095327390480042
2026-01-27 11:50:00+00:00,0,0.5120911340511151
2026-01-27 11:55:00+00:00,1,0.5255609503150405
2026-01-27 12:00:00+00:00,0,0.5271444701159015
2026-01-27 12:05:00+00:00,0,0.5291850267541416
2026-01-27 12:10:00+00:00,0,0.5212987544219494
2026-01-27 12:15:00+00:00,0,0.5169604379556069
2026-01-27 12:20:00+00:00,0,0.5273651558392503
2026-01-27 12:25:00+00:00,0,0.5281175960510935
2026-01-27 12:30:00+00:00,0,0.5284998875220304
2026-01-27 12:35:00+00:00,0,0.5386722980725712
2026-01-27 12:40:00+00:00,1,0.5439083902042335
2026-01-27 12:45:00+00:00,0,0.536721336534554
2026-01-27 12:50:00+00:00,0,0.5396556544968101
2026-01-27 12:55:00+00:00,0,0.5274254842994921
2026-01-27 13:00:00+00:00,0,0.5186864228953061
2026-01-27 13:05:00+00:00,0,0.5199779579518422
2026-01-27 13:10:00+00:00,0,0.5226652790520756
2026-01-27 13:15:00+00:00,0,0.5395185437080969
2026-01-27 13:20:00+00:00,1,0.545937814804225
2026-01-27 13:25:00+00:00,0,0.5445197947012498
2026-01-27 13:30:00+00:00,1,0.5364102380418669
2026-01-27 13:35:00+00:00,0,0.5294569465781663
2026-01-27 13:40:00+00:00,1,0.5188172450637325
2026-01-27 13:45:00+00:00,1,0.526665270896631
2026-01-27 13:50:00+00:00,1,0.5097056145503698
2026-01-27 13:55:00+00:00,1,0.5179673486349787
2026-01-27 14:00:00+00:00,1,0.5237041669652864
2026-01-27 14:05:00+00:00,0,0.5298149447983476
2026-01-27 14:10:00+00:00,0,0.4914173145242862
2026-01-27 14:15:00+00:00,0,0.4860479295071938
2026-01-27 14:20:00+00:00,0,0.4772069967689131
2026-01-27 14:25:00+00:00,0,0.4869766771392105
2026-01-27 14:30:00+00:00,0,0.5024415042487855
2026-01-27 14:35:00+00:00,1,0.5163153287201087
2026-01-27 14:40:00+00:00,1,0.5157996938296998
2026-01-27 14:45:00+00:00,1,0.5076375881204077
2026-01-27 14:50:00+00:00,1,0.5066823270572335
2026-01-27 14:55:00+00:00,0,0.5133113252459656
2026-01-27 15:00:00+00:00,0,0.4990703209319789
2026-01-27 15:05:00+00:00,0,0.481077126122456
2026-01-27 15:10:00+00:00,0,0.4877238566130812
2026-01-27 15:15:00+00:00,1,0.5103822925433904
2026-01-27 15:20:00+00:00,1,0.5103220460039171
2026-01-27 15:25:00+00:00,1,0.5141873636815053
2026-01-27 15:30:00+00:00,1,0.5156903918656517
2026-01-27 15:35:00+00:00,1,0.4983376633229252
2026-01-27 15:40:00+00:00,1,0.5142710524111083
2026-01-27 15:45:00+00:00,1,0.4713749007411191
2026-01-27 15:50:00+00:00,1,0.47024964334004016
2026-01-27 15:55:00+00:00,1,0.4603978173126193
2026-01-27 16:00:00+00:00,1,0.4545359733568894
2026-01-27 16:05:00+00:00,1,0.4614139690890602
2026-01-27 16:10:00+00:00,1,0.456927226688085
2026-01-27 16:15:00+00:00,1,0.4597628841975663
2026-01-27 16:20:00+00:00,0,0.4707322183405539
2026-01-27 16:25:00+00:00,1,0.47541574174209145
2026-01-27 16:30:00+00:00,0,0.4705624058629937
2026-01-27 16:35:00+00:00,0,0.47054755208417914
2026-01-27 16:40:00+00:00,0,0.4704445159118237
2026-01-27 16:45:00+00:00,0,0.4729259975337821
2026-01-27 16:50:00+00:00,0,0.4770565781153694
2026-01-27 16:55:00+00:00,0,0.4731996018492836
2026-01-27 17:00:00+00:00,0,0.48140860240258704
2026-01-27 17:05:00+00:00,0,0.4913380333255087
2026-01-27 17:10:00+00:00,0,0.5064441604842617
2026-01-27 17:15:00+00:00,0,0.5212396550303576
2026-01-27 17:20:00+00:00,0,0.5259472161294478
2026-01-27 17:25:00+00:00,0,0.5143075821423914
2026-01-27 17:30:00+00:00,0,0.515572124184288
2026-01-27 17:35:00+00:00,0,0.5213109273425066
2026-01-27 17:40:00+00:00,1,0.5316034288036073
2026-01-27 17:45:00+00:00,1,0.5365900229611106
2026-01-27 17:50:00+00:00,1,0.5328516859371082
2026-01-27 17:55:00+00:00,1,0.5196897602091739
2026-01-27 18:00:00+00:00,0,0.5155843380376157
2026-01-27 18:05:00+00:00,0,0.5174782877780217
2026-01-27 18:10:00+00:00,1,0.5187282005487339
2026-01-27 18:15:00+00:00,1,0.5095862478688172
2026-01-27 18:20:00+00:00,1,0.5106539297457259
2026-01-27 18:25:00+00:00,1,0.5061271986075242
2026-01-27 18:30:00+00:00,1,0.512429656304631
2026-01-27 18:35:00+00:00,1,0.51595086475697
2026-01-27 18:40:00+00:00,1,0.507542866223383
2026-01-27 18:45:00+00:00,1,0.5009677350295435
2026-01-27 18:50:00+00:00,1,0.49619845380228766
2026-01-27 18:55:00+00:00,1,0.4707441440717778
2026-01-27 19:00:00+00:00,1,0.4777659710358553
2026-01-27 19:05:00+00:00,1,0.47005405936882866
2026-01-27 19:10:00+00:00,1,0.4737441680154534
2026-01-27 19:15:00+00:00,1,0.4723285579835013
2026-01-27 19:20:00+00:00,1,0.47247341151900996
2026-01-27 19:25:00+00:00,1,0.47275083054148753
2026-01-27 19:30:00+00:00,1,0.47294115557504013
2026-01-27 19:35:00+00:00,1,0.4822993510617093
2026-01-27 19:40:00+00:00,1,0.4690237952016521
2026-01-27 19:45:00+00:00,1,0.47150131012172025
2026-01-27 19:50:00+00:00,1,0.47390828903491594
2026-01-27 19:55:00+00:00,1,0.4724912956091339
2026-01-27 20:00:00+00:00,1,0.47041378816566876
2026-01-27 20:05:00+00:00,1,0.4705936849908475
2026-01-27 20:10:00+00:00,0,0.47212555287904834
2026-01-27 20:15:00+00:00,1,0.4732031463828757
2026-01-27 20:20:00+00:00,1,0.47201409250973553
2026-01-27 20:25:00+00:00,1,0.47305260603351257
2026-01-27 20:30:00+00:00,0,0.47419613816063505
2026-01-27 20:35:00+00:00,1,0.4740084525301528
2026-01-27 20:40:00+00:00,1,0.4803331634284806
2026-01-27 20:45:00+00:00,0,0.47154502720117764
2026-01-27 20:50:00+00:00,0,0.47278439334302524
2026-01-27 20:55:00+00:00,0,0.4782324541120605
2026-01-27 21:00:00+00:00,0,0.47583598437701613
2026-01-27 21:05:00+00:00,0,0.47521553872382916
2026-01-27 21:10:00+00:00,0,0.4916948165698834
2026-01-27 21:15:00+00:00,0,0.4965888534549853
2026-01-27 21:20:00+00:00,0,0.4979282448657914
2026-01-27 21:25:00+00:00,0,0.4941093225742761
2026-01-27 21:30:00+00:00,0,0.5162027539769471
2026-01-27 21:35:00+00:00,1,0.5073549695865182
2026-01-27 21:40:00+00:00,1,0.5060506773839135
2026-01-27 21:45:00+00:00,1,0.5047882969559913
2026-01-27 21:50:00+00:00,1,0.5025030551918062
2026-01-27 21:55:00+00:00,1,0.5026510650074182
2026-01-27 22:00:00+00:00,1,0.5115363165547798
2026-01-27 22:05:00+00:00,1,0.5127928162219142
2026-01-27 22:10:00+00:00,1,0.5078305297591084
2026-01-27 22:15:00+00:00,1,0.5135766020952552
2026-01-27 22:20:00+00:00,1,0.5073488938895226
2026-01-27 22:25:00+00:00,1,0.514595131569977
2026-01-27 22:30:00+00:00,1,0.5009787462747907
2026-01-27 22:35:00+00:00,0,0.4799095960212027
2026-01-27 22:40:00+00:00,0,0.4817708484028329
2026-01-27 22:45:00+00:00,0,0.4922933596308095
2026-01-27 22:50:00+00:00,1,0.5035591389648828
2026-01-27 22:55:00+00:00,1,0.49739211727112753
2026-01-27 23:00:00+00:00,1,0.5017080387382602
2026-01-27 23:05:00+00:00,1,0.4948364019995682
2026-01-27 23:10:00+00:00,1,0.48457398996802525
2026-01-27 23:15:00+00:00,1,0.5007683583240927
2026-01-27 23:20:00+00:00,0,0.4892754385969276
2026-01-27 23:25:00+00:00,0,0.46732722458554826
2026-01-27 23:30:00+00:00,0,0.4660352434906821
2026-01-27 23:35:00+00:00,0,0.46472952753650687
2026-01-27 23:40:00+00:00,0,0.482780640819865
2026-01-27 23:45:00+00:00,0,0.479838890470013
2026-01-27 23:50:00+00:00,0,0.5060101730291515
2026-01-27 23:55:00+00:00,0,0.4876208442242666
2026-01-28 00:00:00+00:00,0,0.5007149974676873
2026-01-28 00:05:00+00:00,0,0.5061515458536996
2026-01-28 00:10:00+00:00,0,0.5096219245661802
2026-01-28 00:15:00+00:00,1,0.5109080814610344
2026-01-28 00:20:00+00:00,1,0.5155988205033686
2026-01-28 00:25:00+00:00,1,0.512082375034123
2026-01-28 00:30:00+00:00,1,0.5111800734431834
2026-01-28 00:35:00+00:00,1,0.513112655755489
2026-01-28 00:40:00+00:00,1,0.5089257817576529
2026-01-28 00:45:00+00:00,0,0.4972954354263039
2026-01-28 00:50:00+00:00,0,0.4981679989143915
2026-01-28 00:55:00+00:00,0,0.4745600390871558
2026-01-28 01:00:00+00:00,0,0.4979902899111784
2026-01-28 01:05:00+00:00,0,0.499693954866202
2026-01-28 01:10:00+00:00,0,0.5096138425809562
2026-01-28 01:15:00+00:00,0,0.5089797345426831
2026-01-28 01:20:00+00:00,1,0.5133532130431501
2026-01-28 01:25:00+00:00,1,0.5194292803443321
2026-01-28 01:30:00+00:00,1,0.5157652340679818
2026-01-28 01:35:00+00:00,1,0.513096582418405
2026-01-28 01:40:00+00:00,0,0.5117518837309056
2026-01-28 01:45:00+00:00,1,0.5238488819872713
2026-01-28 01:50:00+00:00,0,0.5149844716723263
2026-01-28 01:55:00+00:00,1,0.5210309514993445
2026-01-28 02:00:00+00:00,0,0.5059787213691184
2026-01-28 02:05:00+00:00,1,0.5168676441186126
2026-01-28 02:10:00+00:00,1,0.5109087102049324
2026-01-28 02:15:00+00:00,0,0.5004184050937369
2026-01-28 02:20:00+00:00,0,0.49594132816994224
2026-01-28 02:25:00+00:00,0,0.5076867650707566
2026-01-28 02:30:00+00:00,1,0.5086410428430476
2026-01-28 02:35:00+00:00,1,0.5096101557856803
2026-01-28 02:40:00+00:00,1,0.5097672642436077
2026-01-28 02:45:00+00:00,0,0.5079076601029516
2026-01-28 02:50:00+00:00,1,0.5059383156306538
2026-01-28 02:55:00+00:00,0,0.49636071638666485
2026-01-28 03:00:00+00:00,1,0.49779266952377055
2026-01-28 03:05:00+00:00,0,0.4970634958610174
2026-01-28 03:10:00+00:00,0,0.4952426958481497
2026-01-28 03:15:00+00:00,1,0.5015652806230723
2026-01-28 03:20:00+00:00,0,0.4966993787827834
2026-01-28 03:25:00+00:00,0,0.5004348947744538
2026-01-28 03:30:00+00:00,0,0.503631115265039
2026-01-28 03:35:00+00:00,0,0.5066236935084634
2026-01-28 03:40:00+00:00,0,0.505879306969774
2026-01-28 03:45:00+00:00,0,0.5021362573173714
2026-01-28 03:50:00+00:00,0,0.5032988125225678
2026-01-28 03:55:00+00:00,0,0.5079153365517114
2026-01-28 04:00:00+00:00,0,0.5059369003882809
2026-01-28 04:05:00+00:00,1,0.5080791065179441
2026-01-28 04:10:00+00:00,1,0.5111055388318576
2026-01-28 04:15:00+00:00,1,0.5087389833300675
2026-01-28 04:20:00+00:00,0,0.508193049856918
2026-01-28 04:25:00+00:00,1,0.5120882891694155
2026-01-28 04:30:00+00:00,1,0.5163108271288288
2026-01-28 04:35:00+00:00,1,0.5056537457792002
2026-01-28 04:40:00+00:00,1,0.5055231560190732
2026-01-28 04:45:00+00:00,1,0.523871103754539
2026-01-28 04:50:00+00:00,1,0.5152423827456555
2026-01-28 04:55:00+00:00,0,0.5017353238529226
2026-01-28 05:00:00+00:00,0,0.4862150997743893
2026-01-28 05:05:00+00:00,0,0.486382882434732
2026-01-28 05:10:00+00:00,1,0.503648752439722
2026-01-28 05:15:00+00:00,1,0.5026144210617158
2026-01-28 05:20:00+00:00,1,0.5076540450546497
2026-01-28 05:25:00+00:00,1,0.5076900371203492
2026-01-28 05:30:00+00:00,1,0.48883441187171006
2026-01-28 05:35:00+00:00,1,0.4690182846346667
2026-01-28 05:40:00+00:00,1,0.49835836673742173
2026-01-28 05:45:00+00:00,1,0.46366780507773364
2026-01-28 05:50:00+00:00,1,0.4967603508763283
2026-01-28 05:55:00+00:00,0,0.46499041450035294
2026-01-28 06:00:00+00:00,0,0.46754313119856333
2026-01-28 06:05:00+00:00,0,0.469099563844685
2026-01-28 06:10:00+00:00,0,0.46821940905975884
2026-01-28 06:15:00+00:00,0,0.4727275171658091
2026-01-28 06:20:00+00:00,1,0.47778188688789014
2026-01-28 06:25:00+00:00,1,0.49062532991692365
2026-01-28 06:30:00+00:00,1,0.4900645369048322
2026-01-28 06:35:00+00:00,1,0.49980752411771945
2026-01-28 06:40:00+00:00,1,0.5018389100198164
2026-01-28 06:45:00+00:00,1,0.49927128663950726
2026-01-28 06:50:00+00:00,1,0.4729501689329774
2026-01-28 06:55:00+00:00,1,0.472778787751224
2026-01-28 07:00:00+00:00,0,0.46765912846152496
2026-01-28 07:05:00+00:00,0,0.4628636754666682
2026-01-28 07:10:00+00:00,0,0.47811350704805256
2026-01-28 07:15:00+00:00,1,0.48266765701638187
2026-01-28 07:20:00+00:00,0,0.4669180454514477
2026-01-28 07:25:00+00:00,0,0.4713788599398413
2026-01-28 07:30:00+00:00,1,0.4834661967915938
2026-01-28 07:35:00+00:00,0,0.46740239241545156
2026-01-28 07:40:00+00:00,1,0.5000958880852988
2026-01-28 07:45:00+00:00,0,0.4866930382351937
2026-01-28 07:50:00+00:00,0,0.502092654619765
2026-01-28 07:55:00+00:00,0,0.48834281326668644
2026-01-28 08:00:00+00:00,0,0.47714857931823695
2026-01-28 08:05:00+00:00,0,0.48958511340488087
2026-01-28 08:10:00+00:00,0,0.4772859295182388
2026-01-28 08:15:00+00:00,0,0.49151913581821816
2026-01-28 08:20:00+00:00,0,0.49025090845964364
2026-01-28 08:25:00+00:00,0,0.49936144241953295
2026-01-28 08:30:00+00:00,0,0.5032608366201196
2026-01-28 08:35:00+00:00,0,0.49918125173317646
2026-01-28 08:40:00+00:00,0,0.5034715316950878
2026-01-28 08:45:00+00:00,0,0.5042728728283095
2026-01-28 08:50:00+00:00,0,0.5040697724915488
2026-01-28 08:55:00+00:00,0,0.504786808114013
2026-01-28 09:00:00+00:00,1,0.503212134554296
2026-01-28 09:05:00+00:00,1,0.5017311365163437
2026-01-28 09:10:00+00:00,1,0.502890905564476
2026-01-28 09:15:00+00:00,1,0.5026862695156438
2026-01-28 09:20:00+00:00,1,0.5032910509444525
2026-01-28 09:25:00+00:00,1,0.5041445020874262
2026-01-28 09:30:00+00:00,1,0.5007190569466861
2026-01-28 09:35:00+00:00,0,0.48137614943018825
2026-01-28 09:40:00+00:00,1,0.47930404241855046
2026-01-28 09:45:00+00:00,0,0.4801534054385811
2026-01-28 09:50:00+00:00,0,0.4819244210284822
2026-01-28 09:55:00+00:00,0,0.47990643805370475
2026-01-28 10:00:00+00:00,0,0.482639346569636
2026-01-28 10:05:00+00:00,0,0.4872838959960242
2026-01-28 10:10:00+00:00,0,0.47741641603351775
2026-01-28 10:15:00+00:00,0,0.492192002940621
2026-01-28 10:20:00+00:00,0,0.5066017031128737
2026-01-28 10:25:00+00:00,0,0.49929432729005035
2026-01-28 10:30:00+00:00,0,0.49035134873877284
2026-01-28 10:35:00+00:00,0,0.4986023256998958
2026-01-28 10:40:00+00:00,0,0.48274401658614785
2026-01-28 10:45:00+00:00,0,0.49152102506125744
2026-01-28 10:50:00+00:00,1,0.5042236221195517
2026-01-28 10:55:00+00:00,1,0.5023018062118038
2026-01-28 11:00:00+00:00,0,0.5106302495003024
2026-01-28 11:05:00+00:00,0,0.5090958693116476
2026-01-28 11:10:00+00:00,1,0.519173395162055
2026-01-28 11:15:00+00:00,1,0.5194233827159941
2026-01-28 11:20:00+00:00,1,0.5074365347104923
2026-01-28 11:25:00+00:00,1,0.49177091023025027
2026-01-28 11:30:00+00:00,1,0.5145793891547722
2026-01-28 11:35:00+00:00,1,0.5095578754327598
2026-01-28 11:40:00+00:00,1,0.47819324103959887
2026-01-28 11:45:00+00:00,0,0.463375492166664
2026-01-28 11:50:00+00:00,0,0.4665720116215375
2026-01-28 11:55:00+00:00,0,0.4710684306719691
2026-01-28 12:00:00+00:00,0,0.46640484274907673
2026-01-28 12:05:00+00:00,0,0.47040188058237775
2026-01-28 12:10:00+00:00,0,0.4819926478800298
2026-01-28 12:15:00+00:00,0,0.5020347744360266
2026-01-28 12:20:00+00:00,0,0.4873294837845701
2026-01-28 12:25:00+00:00,0,0.487645269184447
2026-01-28 12:30:00+00:00,1,0.5071192779341768
2026-01-28 12:35:00+00:00,0,0.5035470054688479
2026-01-28 12:40:00+00:00,1,0.5183878073641774
2026-01-28 12:45:00+00:00,1,0.5188171178577872
2026-01-28 12:50:00+00:00,1,0.5027235253236657
2026-01-28 12:55:00+00:00,1,0.5148737710699486
2026-01-28 13:00:00+00:00,0,0.48927884590683385
2026-01-28 13:05:00+00:00,0,0.5115463408960419
2026-01-28 13:10:00+00:00,0,0.48459937895429617
2026-01-28 13:15:00+00:00,0,0.5024439151993271
2026-01-28 13:20:00+00:00,0,0.5079585213167197
2026-01-28 13:25:00+00:00,0,0.5146541108218322
2026-01-28 13:30:00+00:00,0,0.5126103802973049
2026-01-28 13:35:00+00:00,0,0.5149808362451771
2026-01-28 13:40:00+00:00,0,0.512288249351047
2026-01-28 13:45:00+00:00,0,0.5166515792619246
2026-01-28 13:50:00+00:00,0,0.5128379092521778
2026-01-28 13:55:00+00:00,0,0.5137971609358419
2026-01-28 14:00:00+00:00,0,0.511720947272303
2026-01-28 14:05:00+00:00,0,0.5164086087801327
2026-01-28 14:10:00+00:00,0,0.5138863820191886
2026-01-28 14:15:00+00:00,1,0.5197930594469672
2026-01-28 14:20:00+00:00,1,0.516194437277914
2026-01-28 14:25:00+00:00,0,0.5133168748485563
2026-01-28 14:30:00+00:00,0,0.5043321023199945
2026-01-28 14:35:00+00:00,0,0.5114959469752867
2026-01-28 14:40:00+00:00,0,0.5130956545514811
2026-01-28 14:45:00+00:00,0,0.5127033498367836
2026-01-28 14:50:00+00:00,0,0.5090858725785669
2026-01-28 14:55:00+00:00,0,0.520494119926586
2026-01-28 15:00:00+00:00,0,0.5126047207781901
2026-01-28 15:05:00+00:00,0,0.5154730483786941
2026-01-28 15:10:00+00:00,1,0.523798396687999
2026-01-28 15:15:00+00:00,0,0.5254524450977703
2026-01-28 15:20:00+00:00,0,0.517162882421026
2026-01-28 15:25:00+00:00,0,0.5113681641588629
2026-01-28 15:30:00+00:00,0,0.516778797069656
2026-01-28 15:35:00+00:00,0,0.5142735914813807
2026-01-28 15:40:00+00:00,0,0.5153358858848707
2026-01-28 15:45:00+00:00,0,0.5175800722926075
2026-01-28 15:50:00+00:00,0,0.5144736501150294
2026-01-28 15:55:00+00:00,1,0.516412881942633
2026-01-28 16:00:00+00:00,1,0.5306412415775419
2026-01-28 16:05:00+00:00,1,0.5274812195301106
2026-01-28 16:10:00+00:00,1,0.5335967643747832
2026-01-28 16:15:00+00:00,1,0.5235711724183489
2026-01-28 16:20:00+00:00,0,0.5190897747138877
2026-01-28 16:25:00+00:00,0,0.5118970667639613
2026-01-28 16:30:00+00:00,0,0.5182595280963026
2026-01-28 16:35:00+00:00,0,0.5093726331184422
2026-01-28 16:40:00+00:00,1,0.5241306601798655
2026-01-28 16:45:00+00:00,0,0.5158327355763183
2026-01-28 16:50:00+00:00,0,0.5166822064502675
2026-01-28 16:55:00+00:00,0,0.5177741361069464
2026-01-28 17:00:00+00:00,0,0.5155634027177353
2026-01-28 17:05:00+00:00,1,0.5187808871621011
2026-01-28 17:10:00+00:00,1,0.5243126117063315
2026-01-28 17:15:00+00:00,1,0.5245501527370366
2026-01-28 17:20:00+00:00,1,0.522753621550107
2026-01-28 17:25:00+00:00,1,0.5216207177693729
2026-01-28 17:30:00+00:00,1,0.5280311361299543
2026-01-28 17:35:00+00:00,0,0.5212808080655418
2026-01-28 17:40:00+00:00,0,0.5131950669259978
2026-01-28 17:45:00+00:00,0,0.500560703489932
2026-01-28 17:50:00+00:00,0,0.47134901950428815
2026-01-28 17:55:00+00:00,0,0.47940589589301585
2026-01-28 18:00:00+00:00,0,0.5242913895371849
2026-01-28 18:05:00+00:00,0,0.5143809678292703
2026-01-28 18:10:00+00:00,0,0.5151654550494119
2026-01-28 18:15:00+00:00,0,0.5191988299368177
2026-01-28 18:20:00+00:00,0,0.5050613756402064
2026-01-28 18:25:00+00:00,1,0.5224834973247077
2026-01-28 18:30:00+00:00,1,0.5245159940157033
2026-01-28 18:35:00+00:00,1,0.5184256717071893
2026-01-28 18:40:00+00:00,1,0.5251246994893701
2026-01-28 18:45:00+00:00,1,0.5230785636321118
2026-01-28 18:50:00+00:00,1,0.530264115776607
2026-01-28 18:55:00+00:00,1,0.5174193243408807
2026-01-28 19:00:00+00:00,0,0.49775343506420017
2026-01-28 19:05:00+00:00,0,0.5068769422696325
2026-01-28 19:10:00+00:00,1,0.5086761720223033
2026-01-28 19:15:00+00:00,1,0.48875837257703586
2026-01-28 19:20:00+00:00,1,0.4838222779511831
2026-01-28 19:25:00+00:00,1,0.48703046238391884
2026-01-28 19:30:00+00:00,1,0.5207657311182554
2026-01-28 19:35:00+00:00,1,0.507977973002099
2026-01-28 19:40:00+00:00,1,0.5166559274934127
2026-01-28 19:45:00+00:00,1,0.4700355211608981
2026-01-28 19:50:00+00:00,1,0.4700805912954873
2026-01-28 19:55:00+00:00,1,0.4713185493338156
2026-01-28 20:00:00+00:00,1,0.4627341678201921
2026-01-28 20:05:00+00:00,1,0.4579077531205188
2026-01-28 20:10:00+00:00,0,0.46393222674454776
2026-01-28 20:15:00+00:00,0,0.46964022610467593
2026-01-28 20:20:00+00:00,0,0.46235134220116564
2026-01-28 20:25:00+00:00,0,0.4661634484674291
2026-01-28 20:30:00+00:00,0,0.46100858004800016
2026-01-28 20:35:00+00:00,1,0.4769423776004811
2026-01-28 20:40:00+00:00,1,0.47655673065698734
2026-01-28 20:45:00+00:00,1,0.487892868663879
2026-01-28 20:50:00+00:00,1,0.4857616062758979
2026-01-28 20:55:00+00:00,1,0.48718564314962476
2026-01-28 21:00:00+00:00,1,0.5029195989372771
2026-01-28 21:05:00+00:00,0,0.47873664548697303
2026-01-28 21:10:00+00:00,1,0.48156325945202944
2026-01-28 21:15:00+00:00,1,0.4821112544219995
2026-01-28 21:20:00+00:00,1,0.4814796237072846
2026-01-28 21:25:00+00:00,1,0.482086708667184
2026-01-28 21:30:00+00:00,1,0.49144970491292433
2026-01-28 21:35:00+00:00,0,0.4796957980736421
2026-01-28 21:40:00+00:00,0,0.48255960909407436
2026-01-28 21:45:00+00:00,0,0.4752084212292034
2026-01-28 21:50:00+00:00,0,0.47305031614263837
2026-01-28 21:55:00+00:00,1,0.47880575962195293
2026-01-28 22:00:00+00:00,1,0.4807652385567353
2026-01-28 22:05:00+00:00,1,0.49358824734093737
2026-01-28 22:10:00+00:00,1,0.5032381159089138
2026-01-28 22:15:00+00:00,1,0.5035635070463857
2026-01-28 22:20:00+00:00,1,0.5100243030010221
2026-01-28 22:25:00+00:00,1,0.46876014560803975
2026-01-28 22:30:00+00:00,1,0.46891508575576374
2026-01-28 22:35:00+00:00,0,0.4605547642074452
2026-01-28 22:40:00+00:00,0,0.4724268794882097
2026-01-28 22:45:00+00:00,1,0.46418319221545823
2026-01-28 22:50:00+00:00,0,0.4692313204307696
2026-01-28 22:55:00+00:00,0,0.47333802261997304
2026-01-28 23:00:00+00:00,0,0.4619599486189043
2026-01-28 23:05:00+00:00,0,0.475971340618162
2026-01-28 23:10:00+00:00,0,0.4734667245223541
2026-01-28 23:15:00+00:00,0,0.46175283153561736
2026-01-28 23:20:00+00:00,0,0.4658990404890366
2026-01-28 23:25:00+00:00,0,0.4879645451629317
2026-01-28 23:30:00+00:00,0,0.5058377619255545
2026-01-28 23:35:00+00:00,0,0.5055536823844308
2026-01-28 23:40:00+00:00,0,0.487737945435866
2026-01-28 23:45:00+00:00,0,0.5137654414320085
2026-01-28 23:50:00+00:00,0,0.5150268564942633
2026-01-28 23:55:00+00:00,0,0.5065660028629947
2026-01-29 00:00:00+00:00,0,0.5050652038068612
2026-01-29 00:05:00+00:00,0,0.5141708365740054
2026-01-29 00:10:00+00:00,0,0.5124666228898329
2026-01-29 00:15:00+00:00,0,0.5154918879103922
2026-01-29 00:20:00+00:00,0,0.511430839938642
2026-01-29 00:25:00+00:00,1,0.5140709755673636
2026-01-29 00:30:00+00:00,1,0.513513827013316
2026-01-29 00:35:00+00:00,1,0.5165132426747601
2026-01-29 00:40:00+00:00,1,0.5145497780295928
2026-01-29 00:45:00+00:00,0,0.5101231971858505
2026-01-29 00:50:00+00:00,0,0.5138677938219195
2026-01-29 00:55:00+00:00,0,0.5074682905802093
2026-01-29 01:00:00+00:00,0,0.5053637238995734
2026-01-29 01:05:00+00:00,0,0.5131879568027102
2026-01-29 01:10:00+00:00,0,0.5133167529888347
2026-01-29 01:15:00+00:00,0,0.5223508841681139
2026-01-29 01:20:00+00:00,0,0.5211365190533375
2026-01-29 01:25:00+00:00,0,0.5261312879173626
2026-01-29 01:30:00+00:00,0,0.5215730646578793
2026-01-29 01:35:00+00:00,0,0.5144243508276656
2026-01-29 01:40:00+00:00,0,0.5198163962089193
2026-01-29 01:45:00+00:00,1,0.5176563048736827
2026-01-29 01:50:00+00:00,1,0.5188669177839816
2026-01-29 01:55:00+00:00,0,0.5154327640754744
2026-01-29 02:00:00+00:00,0,0.5097181329619623
2026-01-29 02:05:00+00:00,0,0.5095752246529113
2026-01-29 02:10:00+00:00,0,0.5089291226791984
2026-01-29 02:15:00+00:00,0,0.5094795673635051
2026-01-29 02:20:00+00:00,0,0.49989200297997294
2026-01-29 02:25:00+00:00,0,0.5064209925327969
2026-01-29 02:30:00+00:00,0,0.5381735053773076
2026-01-29 02:35:00+00:00,0,0.5099963019488586
2026-01-29 02:40:00+00:00,0,0.5311641634657182
2026-01-29 02:45:00+00:00,1,0.562180319812741
2026-01-29 02:50:00+00:00,1,0.5454926387359882
2026-01-29 02:55:00+00:00,0,0.5215394117317637
2026-01-29 03:00:00+00:00,0,0.5218909883849885
2026-01-29 03:05:00+00:00,0,0.5209343101836175
2026-01-29 03:10:00+00:00,0,0.5235573779460782
2026-01-29 03:15:00+00:00,0,0.5267521511435329
2026-01-29 03:20:00+00:00,0,0.5237034517508264
2026-01-29 03:25:00+00:00,1,0.5277308831038512
2026-01-29 03:30:00+00:00,1,0.5254560119422396
2026-01-29 03:35:00+00:00,0,0.5281898344557824
2026-01-29 03:40:00+00:00,0,0.5183378480051668
2026-01-29 03:45:00+00:00,0,0.5296970742472886
2026-01-29 03:50:00+00:00,0,0.5140687956887323
2026-01-29 03:55:00+00:00,0,0.5159841412978484
2026-01-29 04:00:00+00:00,1,0.518545658899162
2026-01-29 04:05:00+00:00,1,0.5187546902037304
2026-01-29 04:10:00+00:00,1,0.5266862434019576
2026-01-29 04:15:00+00:00,1,0.5252854235404617
2026-01-29 04:20:00+00:00,1,0.5270796073246015
2026-01-29 04:25:00+00:00,1,0.5078019917668604
2026-01-29 04:30:00+00:00,1,0.49249468250102074
2026-01-29 04:35:00+00:00,0,0.508468664932058
2026-01-29 04:40:00+00:00,0,0.49990684874376556
2026-01-29 04:45:00+00:00,0,0.4983902662192062
2026-01-29 04:50:00+00:00,0,0.4973156321245426
2026-01-29 04:55:00+00:00,1,0.49376925126815263
2026-01-29 05:00:00+00:00,0,0.49622836116728924
2026-01-29 05:05:00+00:00,1,0.5097987068538867
2026-01-29 05:10:00+00:00,1,0.4914217062533898
2026-01-29 05:15:00+00:00,1,0.4915953558045708
2026-01-29 05:20:00+00:00,0,0.484375491302782
2026-01-29 05:25:00+00:00,0,0.47361597666597244
2026-01-29 05:30:00+00:00,0,0.4747982561557972
2026-01-29 05:35:00+00:00,0,0.4782499370291876
2026-01-29 05:40:00+00:00,0,0.48372938281629574
2026-01-29 05:45:00+00:00,1,0.5058939248206857
2026-01-29 05:50:00+00:00,1,0.4962122783580773
2026-01-29 05:55:00+00:00,1,0.5011273864157978
2026-01-29 06:00:00+00:00,1,0.4942480860513031
2026-01-29 06:05:00+00:00,0,0.4974235523251056
2026-01-29 06:10:00+00:00,1,0.5004347978852196
2026-01-29 06:15:00+00:00,1,0.4804299875509268
2026-01-29 06:20:00+00:00,1,0.48828767972041626
2026-01-29 06:25:00+00:00,1,0.4741829518174935
2026-01-29 06:30:00+00:00,1,0.48804689617702735
2026-01-29 06:35:00+00:00,1,0.5123608576080811
2026-01-29 06:40:00+00:00,1,0.4913069244652945
2026-01-29 06:45:00+00:00,1,0.4815076063526046
2026-01-29 06:50:00+00:00,1,0.486896721373659
2026-01-29 06:55:00+00:00,0,0.47600263948092747
2026-01-29 07:00:00+00:00,0,0.4654447159663549
2026-01-29 07:05:00+00:00,0,0.46296880382876393
2026-01-29 07:10:00+00:00,0,0.46576318717003523
2026-01-29 07:15:00+00:00,1,0.5029930068190827
2026-01-29 07:20:00+00:00,0,0.46686313482401426
2026-01-29 07:25:00+00:00,0,0.5046299279393469
2026-01-29 07:30:00+00:00,0,0.49172112520696004
2026-01-29 07:35:00+00:00,0,0.5058872428392177
2026-01-29 07:40:00+00:00,0,0.5019293525007955
2026-01-29 07:45:00+00:00,0,0.48262779964945857
2026-01-29 07:50:00+00:00,0,0.4988526858114277
2026-01-29 07:55:00+00:00,1,0.5034401319564427
2026-01-29 08:00:00+00:00,0,0.5055758273538623
2026-01-29 08:05:00+00:00,0,0.5086319647629067
2026-01-29 08:10:00+00:00,1,0.5148340243928299
2026-01-29 08:15:00+00:00,1,0.5054766447857808
2026-01-29 08:20:00+00:00,1,0.5089390681635039
2026-01-29 08:25:00+00:00,0,0.4953758736790724
2026-01-29 08:30:00+00:00,0,0.49489570198376037
2026-01-29 08:35:00+00:00,0,0.4921817969745211
2026-01-29 08:40:00+00:00,0,0.4933548141709448
2026-01-29 08:45:00+00:00,0,0.4941947394492693
2026-01-29 08:50:00+00:00,0,0.5011236976654067
2026-01-29 08:55:00+00:00,0,0.5000625570528847
2026-01-29 09:00:00+00:00,0,0.5000367001854142
2026-01-29 09:05:00+00:00,1,0.5015041476287645
2026-01-29 09:10:00+00:00,0,0.5004970774264188
2026-01-29 09:15:00+00:00,0,0.5016030824723914
2026-01-29 09:20:00+00:00,0,0.49762489353268313
2026-01-29 09:25:00+00:00,0,0.5081571882879142
2026-01-29 09:30:00+00:00,0,0.49568133925660296
2026-01-29 09:35:00+00:00,0,0.5009294972914311
2026-01-29 09:40:00+00:00,0,0.5044808561821038
2026-01-29 09:45:00+00:00,0,0.5061103315778973
2026-01-29 09:50:00+00:00,0,0.5051330307930517
2026-01-29 09:55:00+00:00,0,0.5075548039938156
2026-01-29 10:00:00+00:00,0,0.5124497509959458
2026-01-29 10:05:00+00:00,0,0.5111505886603376
2026-01-29 10:10:00+00:00,0,0.5121260612071525
2026-01-29 10:15:00+00:00,0,0.5216945158839831
2026-01-29 10:20:00+00:00,0,0.5147799397817993
2026-01-29 10:25:00+00:00,0,0.5145532921931569
2026-01-29 10:30:00+00:00,0,0.5128440786045503
2026-01-29 10:35:00+00:00,0,0.5123790913838406
2026-01-29 10:40:00+00:00,0,0.5221480156924249
2026-01-29 10:45:00+00:00,0,0.5158276004531984
2026-01-29 10:50:00+00:00,0,0.51315456672452
2026-01-29 10:55:00+00:00,0,0.5168389720581131
2026-01-29 11:00:00+00:00,0,0.5432799050446914
2026-01-29 11:05:00+00:00,0,0.5354694855350346
2026-01-29 11:10:00+00:00,0,0.5397748028666863
2026-01-29 11:15:00+00:00,1,0.5348740685718739
2026-01-29 11:20:00+00:00,1,0.5209733416125065
2026-01-29 11:25:00+00:00,1,0.5245453334933634
2026-01-29 11:30:00+00:00,1,0.523388916213293
2026-01-29 11:35:00+00:00,1,0.5255908655504349
2026-01-29 11:40:00+00:00,1,0.5133943916812221
2026-01-29 11:45:00+00:00,1,0.5280647878745115
2026-01-29 11:50:00+00:00,1,0.5226919131718358
2026-01-29 11:55:00+00:00,1,0.5317639586291049
2026-01-29 12:00:00+00:00,1,0.5257578895763174
2026-01-29 12:05:00+00:00,0,0.5156178354674542
2026-01-29 12:10:00+00:00,0,0.5213469080028339
2026-01-29 12:15:00+00:00,0,0.5188889336669696
2026-01-29 12:20:00+00:00,0,0.5202210114299367
2026-01-29 12:25:00+00:00,0,0.5218009012586667
2026-01-29 12:30:00+00:00,0,0.5080327097966318
2026-01-29 12:35:00+00:00,1,0.5303659416702674
2026-01-29 12:40:00+00:00,1,0.5092261329526667
2026-01-29 12:45:00+00:00,1,0.5093484302774375
2026-01-29 12:50:00+00:00,1,0.5173632329624677
2026-01-29 12:55:00+00:00,1,0.5174343096826742
2026-01-29 13:00:00+00:00,1,0.5110977342856993
2026-01-29 13:05:00+00:00,1,0.5220766471365335
2026-01-29 13:10:00+00:00,1,0.5157112352982728
2026-01-29 13:15:00+00:00,1,0.5210097628779201
2026-01-29 13:20:00+00:00,0,0.5036304317195234
2026-01-29 13:25:00+00:00,0,0.4796690191034317
2026-01-29 13:30:00+00:00,1,0.48869487226844094
2026-01-29 13:35:00+00:00,1,0.4946476195652781
2026-01-29 13:40:00+00:00,1,0.4972612785366348
2026-01-29 13:45:00+00:00,1,0.486250503571687
2026-01-29 13:50:00+00:00,1,0.5122138884211483
2026-01-29 13:55:00+00:00,0,0.4886781009285102
2026-01-29 14:00:00+00:00,0,0.48395966464978196
2026-01-29 14:05:00+00:00,0,0.4886610096677544
2026-01-29 14:10:00+00:00,0,0.48225737967135385
2026-01-29 14:15:00+00:00,0,0.49122280645341815
2026-01-29 14:20:00+00:00,0,0.49683963829118044
2026-01-29 14:25:00+00:00,0,0.5151619812348998
2026-01-29 14:30:00+00:00,0,0.5195818687300174
2026-01-29 14:35:00+00:00,0,0.5116209770912521
2026-01-29 14:40:00+00:00,0,0.5230379669822219
2026-01-29 14:45:00+00:00,0,0.5198393277712003
2026-01-29 14:50:00+00:00,0,0.5338669878989782
2026-01-29 14:55:00+00:00,0,0.5599152264235735
2026-01-29 15:00:00+00:00,0,0.5747080432053441
2026-01-29 15:05:00+00:00,1,0.5633473718315193
2026-01-29 15:10:00+00:00,1,0.5758422865157188
2026-01-29 15:15:00+00:00,1,0.5247405421103759
2026-01-29 15:20:00+00:00,1,0.5311535052528071
2026-01-29 15:25:00+00:00,1,0.5258346336293276
2026-01-29 15:30:00+00:00,0,0.5204369686479731
2026-01-29 15:35:00+00:00,0,0.5150248899878782
2026-01-29 15:40:00+00:00,1,0.5018226065556606
2026-01-29 15:45:00+00:00,1,0.5089625460226608
2026-01-29 15:50:00+00:00,1,0.5146217703773417
2026-01-29 15:55:00+00:00,0,0.5202219176452573
2026-01-29 16:00:00+00:00,1,0.5207242848039527
2026-01-29 16:05:00+00:00,1,0.5198980556989721
2026-01-29 16:10:00+00:00,1,0.5107447352889423
2026-01-29 16:15:00+00:00,1,0.5099992058900251
2026-01-29 16:20:00+00:00,1,0.509744758657492
2026-01-29 16:25:00+00:00,1,0.513351731135677
2026-01-29 16:30:00+00:00,1,0.514212295804334
2026-01-29 16:35:00+00:00,1,0.5021039730727788
2026-01-29 16:40:00+00:00,1,0.49945643017758223
2026-01-29 16:45:00+00:00,1,0.47978991111988445
2026-01-29 16:50:00+00:00,1,0.46139218428523704
2026-01-29 16:55:00+00:00,1,0.45705248863083253
2026-01-29 17:00:00+00:00,0,0.4485161182393053
2026-01-29 17:05:00+00:00,0,0.44603372266732255
2026-01-29 17:10:00+00:00,0,0.4464446730018388
2026-01-29 17:15:00+00:00,0,0.4737878968315292
2026-01-29 17:20:00+00:00,0,0.4494420417184484
2026-01-29 17:25:00+00:00,0,0.45392857039421947
2026-01-29 17:30:00+00:00,0,0.46518489907063887
2026-01-29 17:35:00+00:00,0,0.48512313975148963
2026-01-29 17:40:00+00:00,0,0.48376529510118915
2026-01-29 17:45:00+00:00,0,0.5089529720600395
2026-01-29 17:50:00+00:00,0,0.5226964901353294
2026-01-29 17:55:00+00:00,0,0.5199438889816136
2026-01-29 18:00:00+00:00,0,0.5205475620098272
2026-01-29 18:05:00+00:00,0,0.508649118899293
2026-01-29 18:10:00+00:00,0,0.5110424942210361
2026-01-29 18:15:00+00:00,0,0.5529329879059093
2026-01-29 18:20:00+00:00,0,0.5300980355599961
2026-01-29 18:25:00+00:00,0,0.533262021432117
2026-01-29 18:30:00+00:00,0,0.5404167250516412
2026-01-29 18:35:00+00:00,0,0.5348238027126428
2026-01-29 18:40:00+00:00,0,0.5235690205964602
2026-01-29 18:45:00+00:00,0,0.5306209217374274
2026-01-29 18:50:00+00:00,0,0.5407707101872608
2026-01-29 18:55:00+00:00,1,0.5320806091097422
2026-01-29 19:00:00+00:00,1,0.5330740316123095
2026-01-29 19:05:00+00:00,1,0.5286924017645306
2026-01-29 19:10:00+00:00,1,0.5294320263571035
2026-01-29 19:15:00+00:00,1,0.5297110049560582
2026-01-29 19:20:00+00:00,1,0.5301419295683666
2026-01-29 19:25:00+00:00,1,0.527695862236343
2026-01-29 19:30:00+00:00,0,0.5009634998959429
2026-01-29 19:35:00+00:00,0,0.5052193681065602
2026-01-29 19:40:00+00:00,0,0.49479512070839865
2026-01-29 19:45:00+00:00,1,0.4974909708540801
2026-01-29 19:50:00+00:00,1,0.4816299176358087
2026-01-29 19:55:00+00:00,1,0.5038602672395309
2026-01-29 20:00:00+00:00,1,0.5167779554551053
2026-01-29 20:05:00+00:00,1,0.47819355250532813
2026-01-29 20:10:00+00:00,1,0.4831773135984212
2026-01-29 20:15:00+00:00,1,0.47032706683746023
2026-01-29 20:20:00+00:00,1,0.4740544488418125
2026-01-29 20:25:00+00:00,1,0.4717813074314718
2026-01-29 20:30:00+00:00,1,0.46472611363910604
2026-01-29 20:35:00+00:00,1,0.47241549729748755
2026-01-29 20:40:00+00:00,1,0.4699469627493434
2026-01-29 20:45:00+00:00,1,0.47351634752136307
2026-01-29 20:50:00+00:00,1,0.470034777137805
2026-01-29 20:55:00+00:00,1,0.4699814048697853
2026-01-29 21:00:00+00:00,0,0.47389365071198947
2026-01-29 21:05:00+00:00,0,0.4725617844367917
2026-01-29 21:10:00+00:00,0,0.4715854949992609
2026-01-29 21:15:00+00:00,1,0.4731080633377976
2026-01-29 21:20:00+00:00,1,0.4763162842938275
2026-01-29 21:25:00+00:00,1,0.4731017253928452
2026-01-29 21:30:00+00:00,1,0.47770824221811653
2026-01-29 21:35:00+00:00,1,0.4751849067685417
2026-01-29 21:40:00+00:00,0,0.47621781938650204
2026-01-29 21:45:00+00:00,0,0.47136026637669365
2026-01-29 21:50:00+00:00,0,0.47648306154576425
2026-01-29 21:55:00+00:00,0,0.4745087514642051
2026-01-29 22:00:00+00:00,0,0.4647510149734526
2026-01-29 22:05:00+00:00,0,0.4846301528203578
2026-01-29 22:10:00+00:00,1,0.502639774069146
2026-01-29 22:15:00+00:00,1,0.49631160977627475
2026-01-29 22:20:00+00:00,1,0.49681899448136774
2026-01-29 22:25:00+00:00,0,0.4906296436987936
2026-01-29 22:30:00+00:00,0,0.49173319035221086
2026-01-29 22:35:00+00:00,0,0.4908555188470751
2026-01-29 22:40:00+00:00,0,0.5077602169404892
2026-01-29 22:45:00+00:00,0,0.5144864216623001
2026-01-29 22:50:00+00:00,0,0.5048536690594235
2026-01-29 22:55:00+00:00,0,0.5104217544429979
2026-01-29 23:00:00+00:00,1,0.5122206305423006
2026-01-29 23:05:00+00:00,1,0.5127262094914192
2026-01-29 23:10:00+00:00,1,0.5136659531030952
2026-01-29 23:15:00+00:00,1,0.509789013902289
2026-01-29 23:20:00+00:00,1,0.5091093433397094
2026-01-29 23:25:00+00:00,1,0.5103367717113366
2026-01-29 23:30:00+00:00,1,0.5066729443346302
2026-01-29 23:35:00+00:00,1,0.5105561686311291
2026-01-29 23:40:00+00:00,1,0.5089078216154066
2026-01-29 23:45:00+00:00,0,0.49835847242288156
2026-01-29 23:50:00+00:00,0,0.4903784779822125
2026-01-29 23:55:00+00:00,0,0.4985958778000502
2026-01-30 00:00:00+00:00,0,0.46290057208642943
2026-01-30 00:05:00+00:00,0,0.4691209429273319
2026-01-30 00:10:00+00:00,0,0.48535488550757017
2026-01-30 00:15:00+00:00,1,0.5073504795669218
2026-01-30 00:20:00+00:00,0,0.5074046099965394
2026-01-30 00:25:00+00:00,1,0.5113256152466044
2026-01-30 00:30:00+00:00,1,0.5068601644429765
2026-01-30 00:35:00+00:00,1,0.5113856071430424
2026-01-30 00:40:00+00:00,1,0.5062839097457391
2026-01-30 00:45:00+00:00,0,0.46188328072607066
2026-01-30 00:50:00+00:00,1,0.4990525594646874
2026-01-30 00:55:00+00:00,1,0.4981681498593665
2026-01-30 01:00:00+00:00,1,0.5012319764533096
2026-01-30 01:05:00+00:00,0,0.4765059370303476
2026-01-30 01:10:00+00:00,0,0.47530023515630687
2026-01-30 01:15:00+00:00,0,0.4737040710975578
2026-01-30 01:20:00+00:00,0,0.4752816254258261
2026-01-30 01:25:00+00:00,0,0.4738877674495243
2026-01-30 01:30:00+00:00,0,0.47764207065311226
2026-01-30 01:35:00+00:00,0,0.5213366232912552
2026-01-30 01:40:00+00:00,1,0.5652456984168915
2026-01-30 01:45:00+00:00,0,0.5779337489687129
2026-01-30 01:50:00+00:00,0,0.5791401550748101
2026-01-30 01:55:00+00:00,0,0.5561068938296332
2026-01-30 02:00:00+00:00,0,0.5799057747134906
2026-01-30 02:05:00+00:00,0,0.5714192564989315
2026-01-30 02:10:00+00:00,0,0.582297868389789
2026-01-30 02:15:00+00:00,0,0.5780745790192787
2026-01-30 02:20:00+00:00,1,0.5481666024454366
2026-01-30 02:25:00+00:00,1,0.5404900447374061
2026-01-30 02:30:00+00:00,1,0.5235347067075817
2026-01-30 02:35:00+00:00,1,0.5211031548912064
2026-01-30 02:40:00+00:00,1,0.516945204902098
2026-01-30 02:45:00+00:00,1,0.5194662813815417
2026-01-30 02:50:00+00:00,1,0.5247802824003482
2026-01-30 02:55:00+00:00,0,0.5207212519708496
2026-01-30 03:00:00+00:00,0,0.5194249683990069
2026-01-30 03:05:00+00:00,0,0.5070062762981953
2026-01-30 03:10:00+00:00,0,0.5066564285743135
2026-01-30 03:15:00+00:00,0,0.5067015832644157
2026-01-30 03:20:00+00:00,0,0.5094843952385694
2026-01-30 03:25:00+00:00,0,0.4996725573772348
2026-01-30 03:30:00+00:00,0,0.5218860681410352
2026-01-30 03:35:00+00:00,1,0.528681877519715
2026-01-30 03:40:00+00:00,1,0.5296258716347968
2026-01-30 03:45:00+00:00,1,0.5087479505948364
2026-01-30 03:50:00+00:00,1,0.5040284451037423
2026-01-30 03:55:00+00:00,1,0.5014773592299205
2026-01-30 04:00:00+00:00,1,0.5020768199883604
2026-01-30 04:05:00+00:00,1,0.49403209651272834
2026-01-30 04:10:00+00:00,1,0.48557924263278357
2026-01-30 04:15:00+00:00,1,0.4659927962884766
2026-01-30 04:20:00+00:00,0,0.46300632652799806
2026-01-30 04:25:00+00:00,0,0.46464935077514774
2026-01-30 04:30:00+00:00,0,0.4598925644892244
2026-01-30 04:35:00+00:00,0,0.46981654186607735
2026-01-30 04:40:00+00:00,0,0.47028930885544434
2026-01-30 04:45:00+00:00,0,0.4697856937684027
2026-01-30 04:50:00+00:00,0,0.4712373393153866
2026-01-30 04:55:00+00:00,1,0.48871702183971943
2026-01-30 05:00:00+00:00,1,0.48350130596533636
2026-01-30 05:05:00+00:00,1,0.49736747066234294
2026-01-30 05:10:00+00:00,1,0.4891836707911487
2026-01-30 05:15:00+00:00,1,0.4942058910821457
2026-01-30 05:20:00+00:00,1,0.4950286986244128
2026-01-30 05:25:00+00:00,0,0.48169160169670117
2026-01-30 05:30:00+00:00,0,0.4799076017233024
2026-01-30 05:35:00+00:00,0,0.482557727267752
2026-01-30 05:40:00+00:00,0,0.4829353463863286
2026-01-30 05:45:00+00:00,0,0.4878052806395359
2026-01-30 05:50:00+00:00,0,0.4853008372336114
2026-01-30 05:55:00+00:00,0,0.4936934673034035
2026-01-30 06:00:00+00:00,0,0.5206503910010473
2026-01-30 06:05:00+00:00,0,0.5155325058161258
2026-01-30 06:10:00+00:00,0,0.5165794859837317
2026-01-30 06:15:00+00:00,0,0.5141506316534281
2026-01-30 06:20:00+00:00,0,0.5154358583954068
2026-01-30 06:25:00+00:00,0,0.5263085243321705
2026-01-30 06:30:00+00:00,1,0.5299992581390528
2026-01-30 06:35:00+00:00,1,0.5250807784248144
2026-01-30 06:40:00+00:00,1,0.5428758225212429
2026-01-30 06:45:00+00:00,1,0.5308375247390165
2026-01-30 06:50:00+00:00,1,0.5141835781918465
2026-01-30 06:55:00+00:00,1,0.524213406174756
2026-01-30 07:00:00+00:00,1,0.502161335273871
2026-01-30 07:05:00+00:00,1,0.49915258453291594
2026-01-30 07:10:00+00:00,0,0.4834349187268543
2026-01-30 07:15:00+00:00,0,0.4848941642808871
2026-01-30 07:20:00+00:00,0,0.4986040506306236
2026-01-30 07:25:00+00:00,0,0.4702634540882072
2026-01-30 07:30:00+00:00,0,0.4850054692952691
2026-01-30 07:35:00+00:00,1,0.5006197057422144
2026-01-30 07:40:00+00:00,1,0.49712737846595945
2026-01-30 07:45:00+00:00,1,0.46823729749181475
2026-01-30 07:50:00+00:00,1,0.4919848573501063
2026-01-30 07:55:00+00:00,0,0.4658032582090458
2026-01-30 08:00:00+00:00,0,0.4648781108321314
2026-01-30 08:05:00+00:00,0,0.4646642164766607
2026-01-30 08:10:00+00:00,0,0.4656682222416514
2026-01-30 08:15:00+00:00,0,0.4678261327204709
2026-01-30 08:20:00+00:00,0,0.47429988405211054
2026-01-30 08:25:00+00:00,0,0.4784864037212554
2026-01-30 08:30:00+00:00,1,0.4982497202196472
2026-01-30 08:35:00+00:00,1,0.4906120201648833
2026-01-30 08:40:00+00:00,1,0.493260703072958
2026-01-30 08:45:00+00:00,0,0.4844607736575194
2026-01-30 08:50:00+00:00,0,0.4962514403350059
2026-01-30 08:55:00+00:00,0,0.500476273049135
2026-01-30 09:00:00+00:00,0,0.4894893632123108
2026-01-30 09:05:00+00:00,1,0.5000751409005925
2026-01-30 09:10:00+00:00,1,0.5028465021122248
2026-01-30 09:15:00+00:00,0,0.5045346850485203
2026-01-30 09:20:00+00:00,1,0.5072958319059615
2026-01-30 09:25:00+00:00,1,0.5117140026639775
2026-01-30 09:30:00+00:00,0,0.5044558012137315
2026-01-30 09:35:00+00:00,0,0.5036702742360757
2026-01-30 09:40:00+00:00,0,0.5027809511757474
2026-01-30 09:45:00+00:00,1,0.5171363481421329
2026-01-30 09:50:00+00:00,1,0.5084513366242982
2026-01-30 09:55:00+00:00,1,0.5050333518867567
2026-01-30 10:00:00+00:00,1,0.51247121427596
2026-01-30 10:05:00+00:00,1,0.5152754142720138
2026-01-30 10:10:00+00:00,1,0.4994327881154384
2026-01-30 10:15:00+00:00,1,0.49634665626185415
2026-01-30 10:20:00+00:00,0,0.468824794689367
2026-01-30 10:25:00+00:00,1,0.47773282849527277
2026-01-30 10:30:00+00:00,1,0.49492695014715254
2026-01-30 10:35:00+00:00,1,0.4922756154853233
2026-01-30 10:40:00+00:00,1,0.5068514333181807
2026-01-30 10:45:00+00:00,1,0.47799443986777285
2026-01-30 10:50:00+00:00,1,0.485449021634911
2026-01-30 10:55:00+00:00,0,0.4675219175376382
2026-01-30 11:00:00+00:00,1,0.4580901742046644
2026-01-30 11:05:00+00:00,1,0.4576295690503761
2026-01-30 11:10:00+00:00,1,0.4652241295370959
2026-01-30 11:15:00+00:00,1,0.4701434808283753
2026-01-30 11:20:00+00:00,1,0.48087704454585073
2026-01-30 11:25:00+00:00,1,0.495260516960194
2026-01-30 11:30:00+00:00,1,0.4572231230078171
2026-01-30 11:35:00+00:00,1,0.46677975651439657
2026-01-30 11:40:00+00:00,1,0.4672428209799444
2026-01-30 11:45:00+00:00,1,0.4614595225050002
2026-01-30 11:50:00+00:00,0,0.45175581335562087
2026-01-30 11:55:00+00:00,0,0.4566429191033141
2026-01-30 12:00:00+00:00,0,0.45837149489782497
2026-01-30 12:05:00+00:00,0,0.46349933363200285
2026-01-30 12:10:00+00:00,0,0.4624626599183437
2026-01-30 12:15:00+00:00,0,0.4719931453147742
2026-01-30 12:20:00+00:00,0,0.4665332191468856
2026-01-30 12:25:00+00:00,1,0.48177758371856483
2026-01-30 12:30:00+00:00,0,0.4637812216557653
2026-01-30 12:35:00+00:00,0,0.46966133043677566
2026-01-30 12:40:00+00:00,0,0.4799686919205439
2026-01-30 12:45:00+00:00,0,0.48362225260068514
2026-01-30 12:50:00+00:00,0,0.5028713934596157
2026-01-30 12:55:00+00:00,0,0.47746666712785
2026-01-30 13:00:00+00:00,0,0.5036940751845441
2026-01-30 13:05:00+00:00,0,0.5052575397190254
2026-01-30 13:10:00+00:00,0,0.49427779910875325
2026-01-30 13:15:00+00:00,0,0.4915150897711103
2026-01-30 13:20:00+00:00,0,0.5067015749402679
2026-01-30 13:25:00+00:00,0,0.5083513384095628
2026-01-30 13:30:00+00:00,0,0.5097304325959665
2026-01-30 13:35:00+00:00,0,0.5041332527170499
2026-01-30 13:40:00+00:00,1,0.5007068262025995
2026-01-30 13:45:00+00:00,1,0.5108834897095349
2026-01-30 13:50:00+00:00,1,0.5070644260672367
2026-01-30 13:55:00+00:00,1,0.511138831533955
2026-01-30 14:00:00+00:00,1,0.5104011198672465
2026-01-30 14:05:00+00:00,1,0.5123735475900633
2026-01-30 14:10:00+00:00,1,0.5045999581934424
2026-01-30 14:15:00+00:00,1,0.5102845601290552
2026-01-30 14:20:00+00:00,0,0.5091991766207475
2026-01-30 14:25:00+00:00,0,0.5148488374053959
2026-01-30 14:30:00+00:00,0,0.5059192898166125
2026-01-30 14:35:00+00:00,0,0.4903838870374869
2026-01-30 14:40:00+00:00,0,0.4905979771211101
2026-01-30 14:45:00+00:00,0,0.5072470799841022
2026-01-30 14:50:00+00:00,0,0.516428640155571
2026-01-30 14:55:00+00:00,0,0.5076720041850747
2026-01-30 15:00:00+00:00,0,0.5029205043441651
2026-01-30 15:05:00+00:00,0,0.5044296428426491
2026-01-30 15:10:00+00:00,1,0.5079411566298476
2026-01-30 15:15:00+00:00,1,0.5107119470925909
2026-01-30 15:20:00+00:00,1,0.5211029451341214
2026-01-30 15:25:00+00:00,1,0.5337692354009352
2026-01-30 15:30:00+00:00,1,0.5184046605738005
2026-01-30 15:35:00+00:00,0,0.5043407189250266
2026-01-30 15:40:00+00:00,0,0.4982024844604128
2026-01-30 15:45:00+00:00,1,0.508203855546011
2026-01-30 15:50:00+00:00,0,0.4912421346285726
2026-01-30 15:55:00+00:00,1,0.5112427143838394
2026-01-30 16:00:00+00:00,1,0.5129548677133735
2026-01-30 16:05:00+00:00,1,0.5068799373311476
2026-01-30 16:10:00+00:00,1,0.4891082935858322
2026-01-30 16:15:00+00:00,1,0.5073963265754297
2026-01-30 16:20:00+00:00,1,0.5198575588254575
2026-01-30 16:25:00+00:00,0,0.4746574122861346
2026-01-30 16:30:00+00:00,0,0.4791309118993384
2026-01-30 16:35:00+00:00,0,0.4687593195551092
2026-01-30 16:40:00+00:00,0,0.4679683918328737
2026-01-30 16:45:00+00:00,0,0.48080500388036534
2026-01-30 16:50:00+00:00,1,0.4845441052832489
2026-01-30 16:55:00+00:00,1,0.4846004987310949
2026-01-30 17:00:00+00:00,1,0.5109054388085126
2026-01-30 17:05:00+00:00,1,0.5055821882733906
2026-01-30 17:10:00+00:00,1,0.5097391590186732
2026-01-30 17:15:00+00:00,1,0.4911375705412416
2026-01-30 17:20:00+00:00,0,0.4685613979637129
2026-01-30 17:25:00+00:00,0,0.46909320163644147
2026-01-30 17:30:00+00:00,0,0.5003883979279228
2026-01-30 17:35:00+00:00,0,0.4724495887180799
2026-01-30 17:40:00+00:00,0,0.47776621641847855
2026-01-30 17:45:00+00:00,0,0.47493850096979606
2026-01-30 17:50:00+00:00,0,0.5110884247378162
2026-01-30 17:55:00+00:00,0,0.5161007237538154
2026-01-30 18:00:00+00:00,0,0.501585672736628
2026-01-30 18:05:00+00:00,0,0.5135433247320217
2026-01-30 18:10:00+00:00,1,0.5170627667502077
2026-01-30 18:15:00+00:00,1,0.5499865033907408
2026-01-30 18:20:00+00:00,1,0.5872000056894777
2026-01-30 18:25:00+00:00,1,0.5179576568257057
2026-01-30 18:30:00+00:00,1,0.5344200851552897
2026-01-30 18:35:00+00:00,1,0.5116820428130694
2026-01-30 18:40:00+00:00,1,0.47757711839958344
2026-01-30 18:45:00+00:00,1,0.47037761208574635
2026-01-30 18:50:00+00:00,1,0.46925983227137225
2026-01-30 18:55:00+00:00,1,0.46770726566485804
2026-01-30 19:00:00+00:00,0,0.46748206913821666
2026-01-30 19:05:00+00:00,1,0.47367467248570166
2026-01-30 19:10:00+00:00,0,0.47272517601551206
2026-01-30 19:15:00+00:00,0,0.46756598009987044
2026-01-30 19:20:00+00:00,0,0.46007886414038807
2026-01-30 19:25:00+00:00,0,0.46541258721817497
2026-01-30 19:30:00+00:00,0,0.46499214493139435
2026-01-30 19:35:00+00:00,0,0.46921971192344564
2026-01-30 19:40:00+00:00,0,0.47184616486536013
2026-01-30 19:45:00+00:00,0,0.4787528716132083
2026-01-30 19:50:00+00:00,0,0.48040399018245195
2026-01-30 19:55:00+00:00,0,0.48616706881244875
2026-01-30 20:00:00+00:00,0,0.4940287981028806
2026-01-30 20:05:00+00:00,0,0.5007810900933888
2026-01-30 20:10:00+00:00,0,0.49879724852117063
2026-01-30 20:15:00+00:00,0,0.489916780995121
2026-01-30 20:20:00+00:00,0,0.5144991568035444
2026-01-30 20:25:00+00:00,0,0.5203159821189408
2026-01-30 20:30:00+00:00,0,0.5097557799607008
2026-01-30 20:35:00+00:00,0,0.5445842733634323
2026-01-30 20:40:00+00:00,0,0.5154730994624384
2026-01-30 20:45:00+00:00,1,0.5176211790910356
2026-01-30 20:50:00+00:00,1,0.5225824147194779
2026-01-30 20:55:00+00:00,1,0.524874922201938
2026-01-30 21:00:00+00:00,1,0.5283445624228184
2026-01-30 21:05:00+00:00,1,0.5273441467678142
2026-01-30 21:10:00+00:00,1,0.5200653275910088
2026-01-30 21:15:00+00:00,0,0.5066903249131408
2026-01-30 21:20:00+00:00,1,0.5133387410353525
2026-01-30 21:25:00+00:00,1,0.504337311679566
2026-01-30 21:30:00+00:00,0,0.4972848629638696
2026-01-30 21:35:00+00:00,1,0.5217508062991403
2026-01-30 21:40:00+00:00,1,0.5222652033089433
2026-01-30 21:45:00+00:00,0,0.5078214768534886
2026-01-30 21:50:00+00:00,0,0.5081929121654976
2026-01-30 21:55:00+00:00,0,0.5045708629891478
2026-01-30 22:00:00+00:00,0,0.509271770792387
2026-01-30 22:05:00+00:00,0,0.4935089528851301
2026-01-30 22:10:00+00:00,1,0.51700669594505
2026-01-30 22:15:00+00:00,1,0.5208128996696297
2026-01-30 22:20:00+00:00,1,0.5176712347838002
2026-01-30 22:25:00+00:00,1,0.51998558066323
2026-01-30 22:30:00+00:00,1,0.5195615320514954
2026-01-30 22:35:00+00:00,0,0.5021768771838633
2026-01-30 22:40:00+00:00,0,0.5076035992940904
2026-01-30 22:45:00+00:00,0,0.4753050617332876
2026-01-30 22:50:00+00:00,0,0.4775247807305512
2026-01-30 22:55:00+00:00,0,0.48406907791468273
2026-01-30 23:00:00+00:00,0,0.5198292406054578
2026-01-30 23:05:00+00:00,1,0.5166377781403817
2026-01-30 23:10:00+00:00,1,0.5127941766236219
2026-01-30 23:15:00+00:00,1,0.4996599747992389
2026-01-30 23:20:00+00:00,1,0.5002792740462388
2026-01-30 23:25:00+00:00,1,0.5141904152647031
2026-01-30 23:30:00+00:00,1,0.5059687355201423
2026-01-30 23:35:00+00:00,1,0.5110803086876489
2026-01-30 23:40:00+00:00,1,0.48200195367336873
2026-01-30 23:45:00+00:00,0,0.48115284278919485
2026-01-30 23:50:00+00:00,0,0.471432397655877
2026-01-30 23:55:00+00:00,0,0.47215151833265095
2026-01-31 00:00:00+00:00,0,0.4790233143209058
2026-01-31 00:05:00+00:00,0,0.4721551053899404
2026-01-31 00:10:00+00:00,0,0.4856409262986412
2026-01-31 00:15:00+00:00,0,0.48710307521372803
2026-01-31 00:20:00+00:00,0,0.4778834809644274
2026-01-31 00:25:00+00:00,0,0.47890923381071326
2026-01-31 00:30:00+00:00,0,0.5083964790498338
2026-01-31 00:35:00+00:00,1,0.4883112420509601
2026-01-31 00:40:00+00:00,1,0.4870406813854569
2026-01-31 00:45:00+00:00,0,0.5132961979268513
2026-01-31 00:50:00+00:00,1,0.5119686732940563
2026-01-31 00:55:00+00:00,1,0.5158608538962883
2026-01-31 01:00:00+00:00,0,0.5116720715999843
2026-01-31 01:05:00+00:00,0,0.4704460853776123
2026-01-31 01:10:00+00:00,0,0.47420934468038445
2026-01-31 01:15:00+00:00,0,0.5050952373435004
2026-01-31 01:20:00+00:00,0,0.481626957448331
2026-01-31 01:25:00+00:00,0,0.4939113887852852
2026-01-31 01:30:00+00:00,0,0.516888907885641
2026-01-31 01:35:00+00:00,0,0.5120722468864586
2026-01-31 01:40:00+00:00,0,0.5098713263308635
2026-01-31 01:45:00+00:00,0,0.509901368086807
2026-01-31 01:50:00+00:00,0,0.5095773476220082
2026-01-31 01:55:00+00:00,0,0.5113772513228804
2026-01-31 02:00:00+00:00,0,0.5091347313906927
2026-01-31 02:05:00+00:00,1,0.5111812149156223
2026-01-31 02:10:00+00:00,1,0.5086351266913326
2026-01-31 02:15:00+00:00,1,0.518882766996593
2026-01-31 02:20:00+00:00,1,0.5186349110514041
2026-01-31 02:25:00+00:00,1,0.5191388022466124
2026-01-31 02:30:00+00:00,1,0.5099386862423869
2026-01-31 02:35:00+00:00,0,0.505678064584616
2026-01-31 02:40:00+00:00,0,0.4987986567213297
2026-01-31 02:45:00+00:00,0,0.5004523339652607
2026-01-31 02:50:00+00:00,0,0.5017358219572684
2026-01-31 02:55:00+00:00,0,0.5085815897898858
2026-01-31 03:00:00+00:00,0,0.5059684276060566
2026-01-31 03:05:00+00:00,0,0.5081488998346572
2026-01-31 03:10:00+00:00,0,0.5023930894433856
2026-01-31 03:15:00+00:00,0,0.4999894044210756
2026-01-31 03:20:00+00:00,0,0.5031483233917883
2026-01-31 03:25:00+00:00,0,0.504369164960474
2026-01-31 03:30:00+00:00,1,0.5064699159583087
2026-01-31 03:35:00+00:00,1,0.5082036699686745
2026-01-31 03:40:00+00:00,1,0.5077658597664655
2026-01-31 03:45:00+00:00,1,0.508997197468206
2026-01-31 03:50:00+00:00,1,0.5090462753757248
2026-01-31 03:55:00+00:00,1,0.50808376257754
2026-01-31 04:00:00+00:00,0,0.48531504453126567
2026-01-31 04:05:00+00:00,0,0.4746287317535059
2026-01-31 04:10:00+00:00,0,0.4877356323659329
2026-01-31 04:15:00+00:00,0,0.5053048429752345
2026-01-31 04:20:00+00:00,0,0.48494636324774326
2026-01-31 04:25:00+00:00,0,0.4949092609098426
2026-01-31 04:30:00+00:00,0,0.5032249597445271
2026-01-31 04:35:00+00:00,0,0.5049220879267602
2026-01-31 04:40:00+00:00,0,0.5048906426615883
2026-01-31 04:45:00+00:00,0,0.5059223710994416
2026-01-31 04:50:00+00:00,1,0.5152368559173062
2026-01-31 04:55:00+00:00,1,0.5201840005631516
2026-01-31 05:00:00+00:00,1,0.520470791430904
2026-01-31 05:05:00+00:00,1,0.5270137388546335
2026-01-31 05:10:00+00:00,1,0.5077208480254272
2026-01-31 05:15:00+00:00,1,0.5087118111137714
2026-01-31 05:20:00+00:00,1,0.5009981498845903
2026-01-31 05:25:00+00:00,0,0.505160711204923
2026-01-31 05:30:00+00:00,0,0.5071872028988372
2026-01-31 05:35:00+00:00,0,0.49792094739731174
2026-01-31 05:40:00+00:00,0,0.4969843647054693
2026-01-31 05:45:00+00:00,0,0.5035885864819627
2026-01-31 05:50:00+00:00,0,0.5081787028888172
2026-01-31 05:55:00+00:00,0,0.5200075982091037
2026-01-31 06:00:00+00:00,0,0.5219089331243171
2026-01-31 06:05:00+00:00,0,0.5177354362787594
2026-01-31 06:10:00+00:00,0,0.5229555841392302
2026-01-31 06:15:00+00:00,0,0.535504056386036
2026-01-31 06:20:00+00:00,0,0.5333784952221241
2026-01-31 06:25:00+00:00,1,0.5138658494586928
2026-01-31 06:30:00+00:00,1,0.5054386770614354
2026-01-31 06:35:00+00:00,1,0.5077933876630311
2026-01-31 06:40:00+00:00,1,0.5020576264408906
2026-01-31 06:45:00+00:00,1,0.5095287141752697
2026-01-31 06:50:00+00:00,0,0.5010008103566654
2026-01-31 06:55:00+00:00,0,0.5131124282740123
2026-01-31 07:00:00+00:00,0,0.5087346602008362
2026-01-31 07:05:00+00:00,0,0.512991598265167
2026-01-31 07:10:00+00:00,0,0.5113836216900123
2026-01-31 07:15:00+00:00,0,0.5086971115936177
2026-01-31 07:20:00+00:00,0,0.5180613611472116
2026-01-31 07:25:00+00:00,0,0.5160040479209296
2026-01-31 07:30:00+00:00,1,0.513551509174883
2026-01-31 07:35:00+00:00,1,0.5254785373661115
2026-01-31 07:40:00+00:00,1,0.5059768467071822
2026-01-31 07:45:00+00:00,0,0.5055104250513534
2026-01-31 07:50:00+00:00,0,0.5066084292290645
2026-01-31 07:55:00+00:00,0,0.5038350446176266
2026-01-31 08:00:00+00:00,0,0.5071246462777177
2026-01-31 08:05:00+00:00,0,0.5116244056489734
2026-01-31 08:10:00+00:00,0,0.5165659787188464
2026-01-31 08:15:00+00:00,0,0.5218140891274227
2026-01-31 08:20:00+00:00,0,0.5158012749342578
2026-01-31 08:25:00+00:00,0,0.5224667584131832
2026-01-31 08:30:00+00:00,1,0.5313538696234767
2026-01-31 08:35:00+00:00,1,0.5526930259336615
2026-01-31 08:40:00+00:00,1,0.5612372759232449
2026-01-31 08:45:00+00:00,1,0.5580535547176451
2026-01-31 08:50:00+00:00,0,0.5017512258858222
2026-01-31 08:55:00+00:00,0,0.5018028569997248
2026-01-31 09:00:00+00:00,1,0.5094960946572324
2026-01-31 09:05:00+00:00,1,0.5099092633743842
2026-01-31 09:10:00+00:00,1,0.5043555748150114
2026-01-31 09:15:00+00:00,0,0.508114385540416
2026-01-31 09:20:00+00:00,1,0.5209648637577863
2026-01-31 09:25:00+00:00,1,0.5139168729265627
2026-01-31 09:30:00+00:00,0,0.49863476001316587
2026-01-31 09:35:00+00:00,0,0.500701206837149
2026-01-31 09:40:00+00:00,0,0.5076887034632979
2026-01-31 09:45:00+00:00,0,0.5147008544304338
2026-01-31 09:50:00+00:00,0,0.5109704997356294
2026-01-31 09:55:00+00:00,0,0.5121964579462517
2026-01-31 10:00:00+00:00,0,0.5110814556100081
2026-01-31 10:05:00+00:00,1,0.5191935508322477
2026-01-31 10:10:00+00:00,1,0.5170942427164242
2026-01-31 10:15:00+00:00,1,0.5165851291025079
2026-01-31 10:20:00+00:00,1,0.5103926040422826
2026-01-31 10:25:00+00:00,0,0.5083082189044164
2026-01-31 10:30:00+00:00,0,0.5126582622771568
2026-01-31 10:35:00+00:00,0,0.5084717532368798
2026-01-31 10:40:00+00:00,0,0.509082011650115
2026-01-31 10:45:00+00:00,0,0.5066099981148925
2026-01-31 10:50:00+00:00,0,0.4939098714738276
2026-01-31 10:55:00+00:00,0,0.5012272880762254
2026-01-31 11:00:00+00:00,1,0.5249443090647902
2026-01-31 11:05:00+00:00,1,0.5267245255924224
2026-01-31 11:10:00+00:00,1,0.5248560773959622
2026-01-31 11:15:00+00:00,0,0.5200720231032863
2026-01-31 11:20:00+00:00,0,0.5187159572412662
2026-01-31 11:25:00+00:00,0,0.5186772163138802
2026-01-31 11:30:00+00:00,0,0.5175725139928697
2026-01-31 11:35:00+00:00,0,0.5165678555638383
2026-01-31 11:40:00+00:00,0,0.5205947509508545
2026-01-31 11:45:00+00:00,0,0.5219747307326696
2026-01-31 11:50:00+00:00,0,0.5118785093509685
2026-01-31 11:55:00+00:00,0,0.5071835342510617
2026-01-31 12:00:00+00:00,0,0.5054795245194671
2026-01-31 12:05:00+00:00,0,0.5039797090080776
2026-01-31 12:10:00+00:00,1,0.5268277151252091
2026-01-31 12:15:00+00:00,0,0.5237030015223221
2026-01-31 12:20:00+00:00,0,0.5225409199887698
2026-01-31 12:25:00+00:00,0,0.511617295828333
2026-01-31 12:30:00+00:00,0,0.5189724684987095
2026-01-31 12:35:00+00:00,0,0.5225976826050058
2026-01-31 12:40:00+00:00,0,0.5245555147908272
2026-01-31 12:45:00+00:00,0,0.5244691013889643
2026-01-31 12:50:00+00:00,0,0.5247111445962155
2026-01-31 12:55:00+00:00,0,0.5326906288465441
2026-01-31 13:00:00+00:00,0,0.527060702236387
2026-01-31 13:05:00+00:00,0,0.5239142360569597
2026-01-31 13:10:00+00:00,0,0.5272332644800289
2026-01-31 13:15:00+00:00,0,0.5283999681936474
2026-01-31 13:20:00+00:00,0,0.5301309275089621
2026-01-31 13:25:00+00:00,0,0.5273195478456985
2026-01-31 13:30:00+00:00,1,0.5423935415710844
2026-01-31 13:35:00+00:00,0,0.5320635068283555
2026-01-31 13:40:00+00:00,0,0.5234560048102961
2026-01-31 13:45:00+00:00,0,0.5226760034675005
2026-01-31 13:50:00+00:00,0,0.5192112332015175
2026-01-31 13:55:00+00:00,0,0.5179109935419194
2026-01-31 14:00:00+00:00,0,0.5256849091060645
2026-01-31 14:05:00+00:00,0,0.5269581787693793
2026-01-31 14:10:00+00:00,0,0.5326258952967439
2026-01-31 14:15:00+00:00,0,0.5393557303628246
2026-01-31 14:20:00+00:00,0,0.5836689387012202
2026-01-31 14:25:00+00:00,0,0.564020111688913
2026-01-31 14:30:00+00:00,1,0.5408063840080919
2026-01-31 14:35:00+00:00,1,0.549170314759016
2026-01-31 14:40:00+00:00,1,0.5168803406091612
2026-01-31 14:45:00+00:00,1,0.507073566772996
2026-01-31 14:50:00+00:00,1,0.5343974991487556
2026-01-31 14:55:00+00:00,1,0.5176608474076904
2026-01-31 15:00:00+00:00,1,0.5684450673673284
2026-01-31 15:05:00+00:00,0,0.5570900216780253
2026-01-31 15:10:00+00:00,1,0.5111549436228818
2026-01-31 15:15:00+00:00,0,0.5147213484484733
2026-01-31 15:20:00+00:00,1,0.5147702229732968
2026-01-31 15:25:00+00:00,0,0.5109365128843635
2026-01-31 15:30:00+00:00,0,0.510440649811157
2026-01-31 15:35:00+00:00,0,0.5153341463334332
2026-01-31 15:40:00+00:00,0,0.5071999135819293
2026-01-31 15:45:00+00:00,1,0.5068505329699616
2026-01-31 15:50:00+00:00,1,0.5146238285892597
2026-01-31 15:55:00+00:00,1,0.5420778267071819
2026-01-31 16:00:00+00:00,1,0.517102503123449
2026-01-31 16:05:00+00:00,1,0.5299886141571392
2026-01-31 16:10:00+00:00,1,0.5188322673016661
2026-01-31 16:15:00+00:00,0,0.5007524432381882
2026-01-31 16:20:00+00:00,0,0.46616947641765344
2026-01-31 16:25:00+00:00,0,0.51682163993251
2026-01-31 16:30:00+00:00,0,0.5066107993579276
2026-01-31 16:35:00+00:00,0,0.4771358879390437
2026-01-31 16:40:00+00:00,0,0.5062596534140948
2026-01-31 16:45:00+00:00,0,0.5132217388366567
2026-01-31 16:50:00+00:00,0,0.5310802962285365
2026-01-31 16:55:00+00:00,0,0.5247743710666335
2026-01-31 17:00:00+00:00,0,0.5199840217013888
2026-01-31 17:05:00+00:00,0,0.5388909847785298
2026-01-31 17:10:00+00:00,1,0.5990793917255778
2026-01-31 17:15:00+00:00,0,0.5478523522345177
2026-01-31 17:20:00+00:00,0,0.5399833818576287
2026-01-31 17:25:00+00:00,0,0.5392451076486993
2026-01-31 17:30:00+00:00,1,0.5441690903182458
2026-01-31 17:35:00+00:00,0,0.5676928295150618
2026-01-31 17:40:00+00:00,0,0.5358122227021075
2026-01-31 17:45:00+00:00,0,0.5520298155386962
2026-01-31 17:50:00+00:00,0,0.5507625476252276
2026-01-31 17:55:00+00:00,0,0.5317076124128549
2026-01-31 18:00:00+00:00,0,0.5212625844086015
2026-01-31 18:05:00+00:00,0,0.5283337704582031
2026-01-31 18:10:00+00:00,0,0.5304811403645231
2026-01-31 18:15:00+00:00,0,0.5560677144005165
2026-01-31 18:20:00+00:00,0,0.5542208412025826
2026-01-31 18:25:00+00:00,0,0.5594120363291463
2026-01-31 18:30:00+00:00,0,0.5598340473871957
2026-01-31 18:35:00+00:00,1,0.5997292533807329
2026-01-31 18:40:00+00:00,1,0.65312434621049
2026-01-31 18:45:00+00:00,1,0.5864029810502703
2026-01-31 18:50:00+00:00,1,0.5760881569664533
2026-01-31 18:55:00+00:00,1,0.577060331928557
2026-01-31 19:00:00+00:00,1,0.5698096306126067
2026-01-31 19:05:00+00:00,0,0.5403439788131541
2026-01-31 19:10:00+00:00,0,0.5370175679388374
2026-01-31 19:15:00+00:00,0,0.5413517992962662
2026-01-31 19:20:00+00:00,0,0.5448387349482068
2026-01-31 19:25:00+00:00,0,0.5423857166350189
2026-01-31 19:30:00+00:00,1,0.5532862292038022
2026-01-31 19:35:00+00:00,1,0.5595665134466272
2026-01-31 19:40:00+00:00,0,0.5305935449928322
2026-01-31 19:45:00+00:00,0,0.5248740921199819
2026-01-31 19:50:00+00:00,1,0.5153055152063266
2026-01-31 19:55:00+00:00,0,0.5224491708830915
2026-01-31 20:00:00+00:00,0,0.5094652108039308
2026-01-31 20:05:00+00:00,0,0.5025607449999712
2026-01-31 20:10:00+00:00,1,0.5229180811676593
2026-01-31 20:15:00+00:00,1,0.5063511946297801
2026-01-31 20:20:00+00:00,1,0.512966604283918
2026-01-31 20:25:00+00:00,1,0.5157398814525344
2026-01-31 20:30:00+00:00,1,0.5153179444627436
2026-01-31 20:35:00+00:00,1,0.4962237476586007
2026-01-31 20:40:00+00:00,1,0.47571208606313287
2026-01-31 20:45:00+00:00,1,0.49149195205762025
2026-01-31 20:50:00+00:00,1,0.4791397958372558
2026-01-31 20:55:00+00:00,1,0.4727204925164291
2026-01-31 21:00:00+00:00,1,0.488561627942584
2026-01-31 21:05:00+00:00,1,0.4666825525749894
2026-01-31 21:10:00+00:00,1,0.47136922657341834
2026-01-31 21:15:00+00:00,1,0.46853299710238466
2026-01-31 21:20:00+00:00,1,0.480496010540142
2026-01-31 21:25:00+00:00,1,0.46620068642128265
2026-01-31 21:30:00+00:00,1,0.466291888597139
2026-01-31 21:35:00+00:00,0,0.4673441735319271
2026-01-31 21:40:00+00:00,0,0.46766329878389223
2026-01-31 21:45:00+00:00,0,0.46614973810815236
2026-01-31 21:50:00+00:00,0,0.4516999324959353
2026-01-31 21:55:00+00:00,0,0.46377922037829306
2026-01-31 22:00:00+00:00,0,0.458358038777513
2026-01-31 22:05:00+00:00,0,0.44853527188159725
2026-01-31 22:10:00+00:00,1,0.4802567983820392
2026-01-31 22:15:00+00:00,1,0.4845791671013601
2026-01-31 22:20:00+00:00,1,0.4809492131556133
2026-01-31 22:25:00+00:00,1,0.4720252318502866
2026-01-31 22:30:00+00:00,1,0.4729242727485237
2026-01-31 22:35:00+00:00,1,0.48221843193201963
2026-01-31 22:40:00+00:00,1,0.4854090779322226
2026-01-31 22:45:00+00:00,1,0.48021062948557774
2026-01-31 22:50:00+00:00,1,0.47833347152242695
2026-01-31 22:55:00+00:00,1,0.476439626342678
2026-01-31 23:00:00+00:00,1,0.4804141774965986
2026-01-31 23:05:00+00:00,1,0.47778427681145635
2026-01-31 23:10:00+00:00,1,0.46645960603260733
2026-01-31 23:15:00+00:00,1,0.4549096493496112
2026-01-31 23:20:00+00:00,0,0.4527160666490444
2026-01-31 23:25:00+00:00,0,0.4565445951069445
2026-01-31 23:30:00+00:00,0,0.4530236339844803
2026-01-31 23:35:00+00:00,1,0.45733312200404375
2026-01-31 23:40:00+00:00,1,0.44599759409499007
2026-01-31 23:45:00+00:00,1,0.46058009746582423
2026-01-31 23:50:00+00:00,1,0.4614410502519671
2026-01-31 23:55:00+00:00,1,0.4441092406852659
2026-02-01 00:00:00+00:00,0,0.4517004965530705
2026-02-01 00:05:00+00:00,0,0.4516774030617244
2026-02-01 00:10:00+00:00,0,0.45337872736143114
2026-02-01 00:15:00+00:00,0,0.45191270106342984
2026-02-01 00:20:00+00:00,1,0.458022904559365
2026-02-01 00:25:00+00:00,0,0.4614959351509001
2026-02-01 00:30:00+00:00,0,0.48818053741712863
2026-02-01 00:35:00+00:00,0,0.4897341822479691
2026-02-01 00:40:00+00:00,0,0.48869153092614487
2026-02-01 00:45:00+00:00,0,0.4853286208347268
2026-02-01 00:50:00+00:00,0,0.4699202017296482
2026-02-01 00:55:00+00:00,0,0.47777837886693314
2026-02-01 01:00:00+00:00,1,0.49681060139759126
2026-02-01 01:05:00+00:00,1,0.514015026292279
2026-02-01 01:10:00+00:00,1,0.5127881300243697
2026-02-01 01:15:00+00:00,1,0.5138703321788819
2026-02-01 01:20:00+00:00,1,0.5102898339189466
2026-02-01 01:25:00+00:00,1,0.4728783600229635
2026-02-01 01:30:00+00:00,1,0.5084813704916675
2026-02-01 01:35:00+00:00,1,0.5111402477031608
2026-02-01 01:40:00+00:00,1,0.5103165843593412
2026-02-01 01:45:00+00:00,1,0.4835708805821116
2026-02-01 01:50:00+00:00,0,0.4763051577152332
2026-02-01 01:55:00+00:00,0,0.48540519823977846
2026-02-01 02:00:00+00:00,0,0.4897672911482603
2026-02-01 02:05:00+00:00,1,0.4765776798420464
2026-02-01 02:10:00+00:00,0,0.48223009723994303
2026-02-01 02:15:00+00:00,1,0.4661606672159935
2026-02-01 02:20:00+00:00,1,0.5007329877765251
2026-02-01 02:25:00+00:00,1,0.48569482815269943
2026-02-01 02:30:00+00:00,1,0.49303003001466145
2026-02-01 02:35:00+00:00,1,0.4700211461811597
2026-02-01 02:40:00+00:00,1,0.4739354157242851
2026-02-01 02:45:00+00:00,0,0.4613007855998344
2026-02-01 02:50:00+00:00,0,0.4637727522315182
2026-02-01 02:55:00+00:00,1,0.46386328234897706
2026-02-01 03:00:00+00:00,1,0.4870273794612948
2026-02-01 03:05:00+00:00,1,0.4692492534236122
2026-02-01 03:10:00+00:00,0,0.46541655002650345
2026-02-01 03:15:00+00:00,1,0.46679546186823834
2026-02-01 03:20:00+00:00,1,0.4721211244358522
2026-02-01 03:25:00+00:00,0,0.4666355424807852
2026-02-01 03:30:00+00:00,1,0.469579043103907
2026-02-01 03:35:00+00:00,0,0.4648518680639534
2026-02-01 03:40:00+00:00,1,0.4641845026861088
2026-02-01 03:45:00+00:00,1,0.4664776795046769
2026-02-01 03:50:00+00:00,1,0.48062004524536917
2026-02-01 03:55:00+00:00,1,0.47158839894165455
2026-02-01 04:00:00+00:00,0,0.479004631441666
2026-02-01 04:05:00+00:00,1,0.4691901129096766
2026-02-01 04:10:00+00:00,1,0.4640068748006567
2026-02-01 04:15:00+00:00,0,0.4983311070853327
2026-02-01 04:20:00+00:00,0,0.49513040489886107
2026-02-01 04:25:00+00:00,0,0.5011796874718899
2026-02-01 04:30:00+00:00,0,0.4999493018979193
2026-02-01 04:35:00+00:00,0,0.4983851617739235
2026-02-01 04:40:00+00:00,0,0.4927110256519437
2026-02-01 04:45:00+00:00,0,0.5008810607911741
2026-02-01 04:50:00+00:00,0,0.4920164240432042
2026-02-01 04:55:00+00:00,1,0.4886573987339875
2026-02-01 05:00:00+00:00,1,0.5034772869674655
2026-02-01 05:05:00+00:00,0,0.50387022299624
2026-02-01 05:10:00+00:00,0,0.5012070462792277
2026-02-01 05:15:00+00:00,0,0.5022799367338586
2026-02-01 05:20:00+00:00,0,0.4948776886424486
2026-02-01 05:25:00+00:00,0,0.49586184325324084
2026-02-01 05:30:00+00:00,0,0.4997129288817345
2026-02-01 05:35:00+00:00,1,0.5009288249414139
2026-02-01 05:40:00+00:00,1,0.4976852412608394
2026-02-01 05:45:00+00:00,1,0.5003363716230209
2026-02-01 05:50:00+00:00,1,0.5002763396091511
2026-02-01 05:55:00+00:00,1,0.4988349940505337
2026-02-01 06:00:00+00:00,0,0.5011921343045692
2026-02-01 06:05:00+00:00,0,0.5006065513891137
2026-02-01 06:10:00+00:00,0,0.4990798238022534
2026-02-01 06:15:00+00:00,0,0.4986142762267973
2026-02-01 06:20:00+00:00,0,0.49800811029146247
2026-02-01 06:25:00+00:00,0,0.5018838904350296
2026-02-01 06:30:00+00:00,0,0.5033263016574594
2026-02-01 06:35:00+00:00,0,0.5052181532596354
2026-02-01 06:40:00+00:00,0,0.5009119633136094
2026-02-01 06:45:00+00:00,0,0.5012714934546848
2026-02-01 06:50:00+00:00,0,0.5033624803716477
2026-02-01 06:55:00+00:00,0,0.5040633091397457
2026-02-01 07:00:00+00:00,0,0.5060000724681469
2026-02-01 07:05:00+00:00,1,0.5090759252445847
2026-02-01 07:10:00+00:00,1,0.5152920624637343
2026-02-01 07:15:00+00:00,1,0.5137853602934499
2026-02-01 07:20:00+00:00,1,0.5060331444934564
2026-02-01 07:25:00+00:00,1,0.5037332977738571
2026-02-01 07:30:00+00:00,1,0.504262039543596
2026-02-01 07:35:00+00:00,1,0.5051870828717486
2026-02-01 07:40:00+00:00,0,0.48230010038680793
2026-02-01 07:45:00+00:00,0,0.5039178396572995
2026-02-01 07:50:00+00:00,0,0.5023893944206154
2026-02-01 07:55:00+00:00,0,0.49980242270405606
2026-02-01 08:00:00+00:00,0,0.5027107138753422
2026-02-01 08:05:00+00:00,1,0.5033630923975533
2026-02-01 08:10:00+00:00,1,0.5088746117499086
2026-02-01 08:15:00+00:00,1,0.503227377740629
2026-02-01 08:20:00+00:00,1,0.5108779997729875
2026-02-01 08:25:00+00:00,1,0.5114552932156282
2026-02-01 08:30:00+00:00,1,0.5081058119771371
2026-02-01 08:35:00+00:00,0,0.48193545719762226
2026-02-01 08:40:00+00:00,0,0.46466611067343144
2026-02-01 08:45:00+00:00,0,0.4751635899575312
2026-02-01 08:50:00+00:00,0,0.48222516651998065
2026-02-01 08:55:00+00:00,0,0.4948681943359633
2026-02-01 09:00:00+00:00,0,0.49938893634928794
2026-02-01 09:05:00+00:00,0,0.4834905537657601
2026-02-01 09:10:00+00:00,0,0.5008600827482131
2026-02-01 09:15:00+00:00,1,0.5108988338698156
2026-02-01 09:20:00+00:00,1,0.5097325561724841
2026-02-01 09:25:00+00:00,1,0.5136770668444818
2026-02-01 09:30:00+00:00,1,0.5094928851638858
2026-02-01 09:35:00+00:00,1,0.5089046286539237
2026-02-01 09:40:00+00:00,1,0.5069454649929166
2026-02-01 09:45:00+00:00,1,0.5086903570060177
2026-02-01 09:50:00+00:00,1,0.4806532436711579
2026-02-01 09:55:00+00:00,0,0.4709817112725988
2026-02-01 10:00:00+00:00,0,0.5032964370278296
2026-02-01 10:05:00+00:00,0,0.4637439025741839
2026-02-01 10:10:00+00:00,0,0.46667123384532094
2026-02-01 10:15:00+00:00,0,0.4905962916199001
2026-02-01 10:20:00+00:00,0,0.5052697665251235
2026-02-01 10:25:00+00:00,0,0.5047916087569057
2026-02-01 10:30:00+00:00,0,0.5186168122981537
2026-02-01 10:35:00+00:00,0,0.5218722684432567
2026-02-01 10:40:00+00:00,1,0.5167616022390333
2026-02-01 10:45:00+00:00,0,0.514067927279689
2026-02-01 10:50:00+00:00,0,0.5128771210739242
2026-02-01 10:55:00+00:00,1,0.5308864570114966
2026-02-01 11:00:00+00:00,1,0.5237785646397297
2026-02-01 11:05:00+00:00,1,0.5232863707968571
2026-02-01 11:10:00+00:00,1,0.5226609752670504
2026-02-01 11:15:00+00:00,1,0.5225107983820321
2026-02-01 11:20:00+00:00,1,0.5248991794078522
2026-02-01 11:25:00+00:00,1,0.5272123149165141
2026-02-01 11:30:00+00:00,1,0.5243904988603646
2026-02-01 11:35:00+00:00,0,0.5050213249967487
2026-02-01 11:40:00+00:00,0,0.48740435945184507
2026-02-01 11:45:00+00:00,0,0.5137805239727625
2026-02-01 11:50:00+00:00,0,0.511210683993684
2026-02-01 11:55:00+00:00,0,0.5092717954227856
2026-02-01 12:00:00+00:00,0,0.5191237822282471
2026-02-01 12:05:00+00:00,0,0.5136930512143703
2026-02-01 12:10:00+00:00,0,0.5003359964610702
2026-02-01 12:15:00+00:00,0,0.5090177272271071
2026-02-01 12:20:00+00:00,1,0.526538482341287
2026-02-01 12:25:00+00:00,1,0.518466777285203
2026-02-01 12:30:00+00:00,1,0.5072633421536221
2026-02-01 12:35:00+00:00,1,0.5008992120543045
2026-02-01 12:40:00+00:00,1,0.5304695779548574
2026-02-01 12:45:00+00:00,1,0.5200300560151958
2026-02-01 12:50:00+00:00,1,0.5268152200228261
2026-02-01 12:55:00+00:00,1,0.5223415262871159
2026-02-01 13:00:00+00:00,0,0.4949480119667814
2026-02-01 13:05:00+00:00,0,0.4734628217199341
2026-02-01 13:10:00+00:00,0,0.4747567739166608
2026-02-01 13:15:00+00:00,0,0.49910804207533066
2026-02-01 13:20:00+00:00,0,0.4963306601735129
2026-02-01 13:25:00+00:00,0,0.5010580255837038
2026-02-01 13:30:00+00:00,0,0.5030356654359128
2026-02-01 13:35:00+00:00,0,0.5136070141536889
2026-02-01 13:40:00+00:00,0,0.5106053330856625
2026-02-01 13:45:00+00:00,0,0.5271680452175488
2026-02-01 13:50:00+00:00,0,0.5251603731434435
2026-02-01 13:55:00+00:00,0,0.5199336372103985
2026-02-01 14:00:00+00:00,0,0.5189736916562463
2026-02-01 14:05:00+00:00,0,0.5089157251315843
2026-02-01 14:10:00+00:00,0,0.521549242359097
2026-02-01 14:15:00+00:00,1,0.5250507524036313
2026-02-01 14:20:00+00:00,1,0.5269050938530612
2026-02-01 14:25:00+00:00,1,0.5338065964975367
2026-02-01 14:30:00+00:00,1,0.5281690810552233
2026-02-01 14:35:00+00:00,1,0.5456399805340972
2026-02-01 14:40:00+00:00,0,0.5125374684823673
2026-02-01 14:45:00+00:00,0,0.5076681325370025
2026-02-01 14:50:00+00:00,0,0.485348572348703
2026-02-01 14:55:00+00:00,0,0.507686446320009
2026-02-01 15:00:00+00:00,0,0.5134325447712876
2026-02-01 15:05:00+00:00,0,0.5183497755425569
2026-02-01 15:10:00+00:00,0,0.5215700554891156
2026-02-01 15:15:00+00:00,0,0.5336566808912214
2026-02-01 15:20:00+00:00,0,0.5241825534033083
2026-02-01 15:25:00+00:00,1,0.528807992226472
2026-02-01 15:30:00+00:00,1,0.5400823983064251
2026-02-01 15:35:00+00:00,1,0.5366564877240065
2026-02-01 15:40:00+00:00,1,0.5368264002900307
2026-02-01 15:45:00+00:00,0,0.5277030929479823
2026-02-01 15:50:00+00:00,1,0.5179639184725233
2026-02-01 15:55:00+00:00,1,0.513260395364651
2026-02-01 16:00:00+00:00,1,0.5211012883388717
2026-02-01 16:05:00+00:00,1,0.5194888280887333
2026-02-01 16:10:00+00:00,0,0.5041486747849797
2026-02-01 16:15:00+00:00,1,0.5249414327898996
2026-02-01 16:20:00+00:00,0,0.5045155821119746
2026-02-01 16:25:00+00:00,0,0.4943382808752987
2026-02-01 16:30:00+00:00,0,0.49166491231044107
2026-02-01 16:35:00+00:00,1,0.5001199785788712
2026-02-01 16:40:00+00:00,1,0.5320127144158542
2026-02-01 16:45:00+00:00,1,0.5176090739496021
2026-02-01 16:50:00+00:00,0,0.5061056298321754
2026-02-01 16:55:00+00:00,0,0.5017856486294442
2026-02-01 17:00:00+00:00,0,0.49037070815496975
2026-02-01 17:05:00+00:00,0,0.4852390139780985
2026-02-01 17:10:00+00:00,0,0.4848023886790087
2026-02-01 17:15:00+00:00,0,0.48553357804272645
2026-02-01 17:20:00+00:00,1,0.5219364244172398
2026-02-01 17:25:00+00:00,1,0.5121036958319014
2026-02-01 17:30:00+00:00,1,0.5217213675248386
2026-02-01 17:35:00+00:00,1,0.5217967804882896
2026-02-01 17:40:00+00:00,1,0.5194531791998781
2026-02-01 17:45:00+00:00,1,0.5202604735754814
2026-02-01 17:50:00+00:00,1,0.5253283316692652
2026-02-01 17:55:00+00:00,1,0.493329107969805
2026-02-01 18:00:00+00:00,1,0.4709689706956034
2026-02-01 18:05:00+00:00,0,0.46935360199283194
2026-02-01 18:10:00+00:00,0,0.46997982521890924
2026-02-01 18:15:00+00:00,0,0.47115752095347496
2026-02-01 18:20:00+00:00,0,0.47192533062519326
2026-02-01 18:25:00+00:00,0,0.4678078930006167
2026-02-01 18:30:00+00:00,0,0.4720381398189357
2026-02-01 18:35:00+00:00,0,0.4737168653121218
2026-02-01 18:40:00+00:00,0,0.4741870489221661
2026-02-01 18:45:00+00:00,0,0.48372972378096646
2026-02-01 18:50:00+00:00,0,0.49184774218933336
2026-02-01 18:55:00+00:00,0,0.4849016812427299
2026-02-01 19:00:00+00:00,1,0.4874259136684783
2026-02-01 19:05:00+00:00,0,0.4846906020307786
2026-02-01 19:10:00+00:00,0,0.4862170581518013
2026-02-01 19:15:00+00:00,0,0.5062169827720624
2026-02-01 19:20:00+00:00,0,0.5060817826784828
2026-02-01 19:25:00+00:00,0,0.49748736333367477
2026-02-01 19:30:00+00:00,0,0.4958282113589758
2026-02-01 19:35:00+00:00,0,0.5045134909645772
2026-02-01 19:40:00+00:00,0,0.5058575813499994
2026-02-01 19:45:00+00:00,0,0.5316664448974926
2026-02-01 19:50:00+00:00,1,0.5263060055968678
2026-02-01 19:55:00+00:00,0,0.5176252348506802
2026-02-01 20:00:00+00:00,0,0.5205970835071841
2026-02-01 20:05:00+00:00,1,0.521662878293206
2026-02-01 20:10:00+00:00,1,0.524623875189348
2026-02-01 20:15:00+00:00,1,0.5122763359441952
2026-02-01 20:20:00+00:00,0,0.5148610721190426
2026-02-01 20:25:00+00:00,1,0.5358524158379487
2026-02-01 20:30:00+00:00,0,0.5053633530241143
2026-02-01 20:35:00+00:00,0,0.48237736377393037
2026-02-01 20:40:00+00:00,0,0.502164881246109
2026-02-01 20:45:00+00:00,0,0.504319969247055
2026-02-01 20:50:00+00:00,0,0.5057104973721945
2026-02-01 20:55:00+00:00,0,0.5083933294402239
2026-02-01 21:00:00+00:00,0,0.5130559925813356
2026-02-01 21:05:00+00:00,1,0.5227952440563304
2026-02-01 21:10:00+00:00,0,0.5136108336142686
2026-02-01 21:15:00+00:00,0,0.5278900763071228
2026-02-01 21:20:00+00:00,0,0.5263259444863191
2026-02-01 21:25:00+00:00,0,0.5230726402142996
2026-02-01 21:30:00+00:00,0,0.525245630321634
2026-02-01 21:35:00+00:00,0,0.5176524017556859
2026-02-01 21:40:00+00:00,1,0.5185184061500955
2026-02-01 21:45:00+00:00,1,0.5171898229677853
2026-02-01 21:50:00+00:00,0,0.5365965148676729
2026-02-01 21:55:00+00:00,1,0.5330691336887097
2026-02-01 22:00:00+00:00,1,0.5250905630998461
2026-02-01 22:05:00+00:00,1,0.5206179344941249
2026-02-01 22:10:00+00:00,0,0.4923222739089187
2026-02-01 22:15:00+00:00,0,0.496135913470934
2026-02-01 22:20:00+00:00,1,0.5151494002129763
2026-02-01 22:25:00+00:00,0,0.5067414971681267
2026-02-01 22:30:00+00:00,0,0.4940026229736825
2026-02-01 22:35:00+00:00,0,0.4833037350870888
2026-02-01 22:40:00+00:00,0,0.48669487811324497
2026-02-01 22:45:00+00:00,0,0.5013708592900877
2026-02-01 22:50:00+00:00,0,0.5154240800139196
2026-02-01 22:55:00+00:00,0,0.5186064754951278
2026-02-01 23:00:00+00:00,1,0.5220487584444382
2026-02-01 23:05:00+00:00,1,0.5927089560628596
2026-02-01 23:10:00+00:00,1,0.5413875355251441
2026-02-01 23:15:00+00:00,1,0.5365488788251833
2026-02-01 23:20:00+00:00,1,0.5349206342271454
2026-02-01 23:25:00+00:00,0,0.5176244199713316
2026-02-01 23:30:00+00:00,0,0.49394541886137405
2026-02-01 23:35:00+00:00,0,0.47084210526233683
2026-02-01 23:40:00+00:00,0,0.47310339178465666
2026-02-01 23:45:00+00:00,1,0.5175636282788506
2026-02-01 23:50:00+00:00,1,0.5299498356463301
2026-02-01 23:55:00+00:00,1,0.5344200682815177
2026-02-02 00:00:00+00:00,1,0.5349634983617462
2026-02-02 00:05:00+00:00,1,0.5057945855289075
2026-02-02 00:10:00+00:00,1,0.5036922826783614
2026-02-02 00:15:00+00:00,1,0.4983763547496901
2026-02-02 00:20:00+00:00,0,0.4903755267133619
2026-02-02 00:25:00+00:00,0,0.4820518575308644
2026-02-02 00:30:00+00:00,1,0.4807708127875609
2026-02-02 00:35:00+00:00,0,0.4902887190277431
2026-02-02 00:40:00+00:00,0,0.4640167574165468
2026-02-02 00:45:00+00:00,0,0.48691892623603034
2026-02-02 00:50:00+00:00,0,0.4810046091446349
2026-02-02 00:55:00+00:00,1,0.48560382567173854
2026-02-02 01:00:00+00:00,0,0.4725331801180526
2026-02-02 01:05:00+00:00,1,0.4875000462904484
2026-02-02 01:10:00+00:00,1,0.5227396692051981
2026-02-02 01:15:00+00:00,1,0.5170304426051439
2026-02-02 01:20:00+00:00,0,0.4870998822062989
2026-02-02 01:25:00+00:00,0,0.475877490954799
2026-02-02 01:30:00+00:00,0,0.5139297448028998
2026-02-02 01:35:00+00:00,0,0.4876458699483971
2026-02-02 01:40:00+00:00,0,0.4824276572004299
2026-02-02 01:45:00+00:00,0,0.5002993166166401
2026-02-02 01:50:00+00:00,0,0.511338939829909
2026-02-02 01:55:00+00:00,1,0.5167319849184878
2026-02-02 02:00:00+00:00,0,0.5133761843103108
2026-02-02 02:05:00+00:00,1,0.5130161853459508
2026-02-02 02:10:00+00:00,0,0.5101032439035955
2026-02-02 02:15:00+00:00,0,0.5018892544940489
2026-02-02 02:20:00+00:00,0,0.4998260504488241
2026-02-02 02:25:00+00:00,0,0.49024990863376516
2026-02-02 02:30:00+00:00,0,0.4877469652657328
2026-02-02 02:35:00+00:00,0,0.4877448168920769
2026-02-02 02:40:00+00:00,0,0.5111584591230467
2026-02-02 02:45:00+00:00,0,0.5024975419885452
2026-02-02 02:50:00+00:00,0,0.5099610338148373
2026-02-02 02:55:00+00:00,0,0.510398172860518
2026-02-02 03:00:00+00:00,0,0.5242476102941347
2026-02-02 03:05:00+00:00,0,0.525374531672038
2026-02-02 03:10:00+00:00,0,0.5467386237256123
2026-02-02 03:15:00+00:00,1,0.5800616201995662
2026-02-02 03:20:00+00:00,1,0.6185210816209592
2026-02-02 03:25:00+00:00,1,0.5751352893542474
2026-02-02 03:30:00+00:00,1,0.5836467866045216
2026-02-02 03:35:00+00:00,1,0.5576210597449297
2026-02-02 03:40:00+00:00,1,0.5301267013054675
2026-02-02 03:45:00+00:00,0,0.5562862500295723
2026-02-02 03:50:00+00:00,1,0.5494406548118591
2026-02-02 03:55:00+00:00,1,0.5408112527539611
2026-02-02 04:00:00+00:00,1,0.5634339253273637
2026-02-02 04:05:00+00:00,1,0.5553060509901332
2026-02-02 04:10:00+00:00,1,0.5308186762203955
2026-02-02 04:15:00+00:00,0,0.5132717524797696
2026-02-02 04:20:00+00:00,0,0.5035379870747139
2026-02-02 04:25:00+00:00,0,0.4999136316164958
2026-02-02 04:30:00+00:00,0,0.5047228193771944
2026-02-02 04:35:00+00:00,0,0.5096600500368601
2026-02-02 04:40:00+00:00,0,0.5098918700016987
2026-02-02 04:45:00+00:00,0,0.5447509170784322
2026-02-02 04:50:00+00:00,0,0.540256690097834
2026-02-02 04:55:00+00:00,0,0.5563326756820324
2026-02-02 05:00:00+00:00,0,0.5534074824372928
2026-02-02 05:05:00+00:00,0,0.6039515695752323
2026-02-02 05:10:00+00:00,0,0.6034146765278547
2026-02-02 05:15:00+00:00,0,0.5804559293608387
2026-02-02 05:20:00+00:00,0,0.6041612566470296
2026-02-02 05:25:00+00:00,1,0.62571345658055
2026-02-02 05:30:00+00:00,1,0.600530998498254
2026-02-02 05:35:00+00:00,1,0.6003694976570237
2026-02-02 05:40:00+00:00,1,0.5716660601887125
2026-02-02 05:45:00+00:00,1,0.5869679935309516
2026-02-02 05:50:00+00:00,1,0.5833737352602079
2026-02-02 05:55:00+00:00,1,0.5703630076606927
2026-02-02 06:00:00+00:00,0,0.5837322530648492
2026-02-02 06:05:00+00:00,0,0.5755973697423805
2026-02-02 06:10:00+00:00,1,0.5719406374129168
2026-02-02 06:15:00+00:00,1,0.4945607183523579
2026-02-02 06:20:00+00:00,1,0.4973893650164856
2026-02-02 06:25:00+00:00,1,0.5116614890232368
2026-02-02 06:30:00+00:00,1,0.5208165523417999
2026-02-02 06:35:00+00:00,1,0.5367702692933372
2026-02-02 06:40:00+00:00,0,0.5357763116362301
2026-02-02 06:45:00+00:00,1,0.5257586323036961
2026-02-02 06:50:00+00:00,0,0.5180232659628261
2026-02-02 06:55:00+00:00,0,0.5057758086190008
2026-02-02 07:00:00+00:00,0,0.5139876086770392
2026-02-02 07:05:00+00:00,0,0.47287160622027435
2026-02-02 07:10:00+00:00,1,0.47341280169602273
2026-02-02 07:15:00+00:00,1,0.47305463391077524
2026-02-02 07:20:00+00:00,1,0.4692259957618849
2026-02-02 07:25:00+00:00,1,0.47225454001151035
2026-02-02 07:30:00+00:00,1,0.48629931954764827
2026-02-02 07:35:00+00:00,0,0.4968956772337335
2026-02-02 07:40:00+00:00,1,0.5066209407687391
2026-02-02 07:45:00+00:00,1,0.5102047650848811
2026-02-02 07:50:00+00:00,1,0.49353035666303763
2026-02-02 07:55:00+00:00,1,0.5004421373098553
2026-02-02 08:00:00+00:00,1,0.45883921002450123
2026-02-02 08:05:00+00:00,1,0.48139161109654355
2026-02-02 08:10:00+00:00,1,0.4706479756936821
2026-02-02 08:15:00+00:00,1,0.46644602476115016
2026-02-02 08:20:00+00:00,1,0.5031780369663941
2026-02-02 08:25:00+00:00,1,0.49441450049660596
2026-02-02 08:30:00+00:00,1,0.482035492214181
2026-02-02 08:35:00+00:00,0,0.47656571842715745
2026-02-02 08:40:00+00:00,0,0.4956406403330695
2026-02-02 08:45:00+00:00,0,0.4660280940183745
2026-02-02 08:50:00+00:00,0,0.4670507244411348
2026-02-02 08:55:00+00:00,1,0.47757165027758214
2026-02-02 09:00:00+00:00,1,0.4709596129276789
2026-02-02 09:05:00+00:00,1,0.4866618714432375
2026-02-02 09:10:00+00:00,1,0.49503343151090884
2026-02-02 09:15:00+00:00,1,0.47777591194363184
2026-02-02 09:20:00+00:00,1,0.4808577547724664
2026-02-02 09:25:00+00:00,0,0.451911207634762
2026-02-02 09:30:00+00:00,1,0.4679283668760664
2026-02-02 09:35:00+00:00,1,0.4592550763294193
2026-02-02 09:40:00+00:00,1,0.4624567268710763
2026-02-02 09:45:00+00:00,0,0.4454643835871978
2026-02-02 09:50:00+00:00,0,0.4604899735366939
2026-02-02 09:55:00+00:00,1,0.4669870877660053
2026-02-02 10:00:00+00:00,1,0.45643741042278985
2026-02-02 10:05:00+00:00,0,0.4637768502088552
2026-02-02 10:10:00+00:00,0,0.4651922779370695
2026-02-02 10:15:00+00:00,0,0.46637845894632535
2026-02-02 10:20:00+00:00,1,0.47969521566954787
2026-02-02 10:25:00+00:00,0,0.4660365327889616
2026-02-02 10:30:00+00:00,0,0.4550150998501145
2026-02-02 10:35:00+00:00,1,0.4845349441139372
2026-02-02 10:40:00+00:00,1,0.4805963917930031
2026-02-02 10:45:00+00:00,1,0.4788168643544281
2026-02-02 10:50:00+00:00,0,0.4789186857180953
2026-02-02 10:55:00+00:00,1,0.48383463226591383
2026-02-02 11:00:00+00:00,1,0.4864130165582919
2026-02-02 11:05:00+00:00,1,0.4933295884967713
2026-02-02 11:10:00+00:00,0,0.46625600646141147
2026-02-02 11:15:00+00:00,1,0.478458893061288
2026-02-02 11:20:00+00:00,1,0.49301761572377956
2026-02-02 11:25:00+00:00,0,0.47064241168744575
2026-02-02 11:30:00+00:00,0,0.4628014116167295
2026-02-02 11:35:00+00:00,0,0.4548607321284663
2026-02-02 11:40:00+00:00,0,0.4690677805515396
2026-02-02 11:45:00+00:00,0,0.4669835409302127
2026-02-02 11:50:00+00:00,1,0.4631606101884035
2026-02-02 11:55:00+00:00,1,0.5061503816484528
2026-02-02 12:00:00+00:00,0,0.4816420008172843
2026-02-02 12:05:00+00:00,1,0.49432692346486873
2026-02-02 12:10:00+00:00,1,0.5078730363366603
2026-02-02 12:15:00+00:00,1,0.49261500235745104
2026-02-02 12:20:00+00:00,1,0.4662043954469402
2026-02-02 12:25:00+00:00,1,0.4674382005266653
2026-02-02 12:30:00+00:00,1,0.49816693494958114
2026-02-02 12:35:00+00:00,0,0.47617176321354443
2026-02-02 12:40:00+00:00,1,0.46710912478139355
2026-02-02 12:45:00+00:00,1,0.4599489351221562
2026-02-02 12:50:00+00:00,0,0.45640119561013825
2026-02-02 12:55:00+00:00,0,0.4614152827575875
2026-02-02 13:00:00+00:00,1,0.47194700388952343
2026-02-02 13:05:00+00:00,1,0.5047224614670438
2026-02-02 13:10:00+00:00,1,0.4637887693668105
2026-02-02 13:15:00+00:00,1,0.46806212179618983
2026-02-02 13:20:00+00:00,1,0.4605014233705187
2026-02-02 13:25:00+00:00,1,0.46200359533453167
2026-02-02 13:30:00+00:00,0,0.4619078289092342
2026-02-02 13:35:00+00:00,0,0.46315346260786405
2026-02-02 13:40:00+00:00,0,0.4632782107024555
2026-02-02 13:45:00+00:00,0,0.4740588599706463
2026-02-02 13:50:00+00:00,1,0.46917153171027964
2026-02-02 13:55:00+00:00,0,0.46399234469200207
2026-02-02 14:00:00+00:00,1,0.4908991664546243
2026-02-02 14:05:00+00:00,1,0.493533202163398
2026-02-02 14:10:00+00:00,1,0.5067756756559354
2026-02-02 14:15:00+00:00,1,0.5104589301455209
2026-02-02 14:20:00+00:00,1,0.4673376051972749
2026-02-02 14:25:00+00:00,1,0.4793025354086307
2026-02-02 14:30:00+00:00,1,0.4693358505498388
2026-02-02 14:35:00+00:00,1,0.46599504293535843
2026-02-02 14:40:00+00:00,1,0.4686966941612706
2026-02-02 14:45:00+00:00,1,0.4686709898651759
2026-02-02 14:50:00+00:00,1,0.4704319091838978
2026-02-02 14:55:00+00:00,1,0.4769391324151296
2026-02-02 15:00:00+00:00,1,0.47671400270228004
2026-02-02 15:05:00+00:00,1,0.4718523920121557
2026-02-02 15:10:00+00:00,1,0.47052958367541114
2026-02-02 15:15:00+00:00,1,0.4704407252602216
2026-02-02 15:20:00+00:00,0,0.4714024587662138
2026-02-02 15:25:00+00:00,0,0.4714160147704865
2026-02-02 15:30:00+00:00,0,0.4717548085666746
2026-02-02 15:35:00+00:00,0,0.46971883780494683
2026-02-02 15:40:00+00:00,0,0.4721075383017947
2026-02-02 15:45:00+00:00,0,0.47468480395529355
2026-02-02 15:50:00+00:00,1,0.4796990197878145
2026-02-02 15:55:00+00:00,1,0.47537458220080936
2026-02-02 16:00:00+00:00,1,0.4857457204498363
2026-02-02 16:05:00+00:00,0,0.4743458622878434
2026-02-02 16:10:00+00:00,1,0.4720550792126634
2026-02-02 16:15:00+00:00,0,0.46272799370887185
2026-02-02 16:20:00+00:00,0,0.46728207709687036
2026-02-02 16:25:00+00:00,0,0.46320745125755236
2026-02-02 16:30:00+00:00,0,0.4733962466983238
2026-02-02 16:35:00+00:00,0,0.48784439005171365
2026-02-02 16:40:00+00:00,0,0.4882574219482565
2026-02-02 16:45:00+00:00,1,0.5012736774145593
2026-02-02 16:50:00+00:00,1,0.5133830435956316
2026-02-02 16:55:00+00:00,1,0.5086130120088772
2026-02-02 17:00:00+00:00,0,0.5049433974611902
2026-02-02 17:05:00+00:00,0,0.5046475175923137
2026-02-02 17:10:00+00:00,0,0.5047830909715718
2026-02-02 17:15:00+00:00,0,0.5043056263260361
2026-02-02 17:20:00+00:00,0,0.5072623023063982
2026-02-02 17:25:00+00:00,0,0.5109658244404902
2026-02-02 17:30:00+00:00,0,0.5084591376190566
2026-02-02 17:35:00+00:00,0,0.5134169678491495
2026-02-02 17:40:00+00:00,0,0.5228147404646877
2026-02-02 17:45:00+00:00,0,0.51151894451922
2026-02-02 17:50:00+00:00,0,0.5099272315145064
2026-02-02 17:55:00+00:00,0,0.5121904642501893
2026-02-02 18:00:00+00:00,1,0.509566352419084
2026-02-02 18:05:00+00:00,1,0.5128747140053376
2026-02-02 18:10:00+00:00,1,0.5127241730851057
2026-02-02 18:15:00+00:00,1,0.5122131017626301
2026-02-02 18:20:00+00:00,1,0.5146232328791286
2026-02-02 18:25:00+00:00,1,0.5159517668165682
2026-02-02 18:30:00+00:00,0,0.5016201584125141
2026-02-02 18:35:00+00:00,0,0.5052642231215484
2026-02-02 18:40:00+00:00,0,0.5094784722524155
2026-02-02 18:45:00+00:00,0,0.5074478331473307
2026-02-02 18:50:00+00:00,0,0.505897716681247
2026-02-02 18:55:00+00:00,0,0.5084784878276891
2026-02-02 19:00:00+00:00,0,0.5115067114343995
2026-02-02 19:05:00+00:00,0,0.5114139376935404
2026-02-02 19:10:00+00:00,0,0.5120542400888821
2026-02-02 19:15:00+00:00,0,0.5096338935867561
2026-02-02 19:20:00+00:00,0,0.5140179403814398
2026-02-02 19:25:00+00:00,0,0.5134171267349692
2026-02-02 19:30:00+00:00,0,0.5126118924893874
2026-02-02 19:35:00+00:00,0,0.5108232900774781
2026-02-02 19:40:00+00:00,0,0.5132143703768073
2026-02-02 19:45:00+00:00,0,0.5206693373484437
2026-02-02 19:50:00+00:00,0,0.5189200446230405
2026-02-02 19:55:00+00:00,0,0.5232055437073033
2026-02-02 20:00:00+00:00,0,0.5177319006503805
2026-02-02 20:05:00+00:00,0,0.5113167828721775
2026-02-02 20:10:00+00:00,0,0.5155948094269678
2026-02-02 20:15:00+00:00,0,0.5209040324263087
2026-02-02 20:20:00+00:00,0,0.5160924623761016
2026-02-02 20:25:00+00:00,0,0.5207337699121963
2026-02-02 20:30:00+00:00,1,0.5244118060447716
2026-02-02 20:35:00+00:00,1,0.5258174819395028
2026-02-02 20:40:00+00:00,1,0.5218356394135717
2026-02-02 20:45:00+00:00,1,0.5288499356615833
2026-02-02 20:50:00+00:00,1,0.5260197139225091
2026-02-02 20:55:00+00:00,1,0.520676791029292
2026-02-02 21:00:00+00:00,0,0.5135202002863021
2026-02-02 21:05:00+00:00,0,0.49556312156565147
2026-02-02 21:10:00+00:00,0,0.5125705104288674
2026-02-02 21:15:00+00:00,0,0.5116632137052566
2026-02-02 21:20:00+00:00,1,0.5259528812017246
2026-02-02 21:25:00+00:00,1,0.5223281602198149
2026-02-02 21:30:00+00:00,1,0.5164324589688969
2026-02-02 21:35:00+00:00,1,0.4909108327065607
2026-02-02 21:40:00+00:00,1,0.5169535449146014
2026-02-02 21:45:00+00:00,1,0.5084345002194238
2026-02-02 21:50:00+00:00,1,0.4782984805051963
2026-02-02 21:55:00+00:00,0,0.4796780892927376
2026-02-02 22:00:00+00:00,1,0.47030218643812366
2026-02-02 22:05:00+00:00,0,0.4736867459955819
2026-02-02 22:10:00+00:00,0,0.470935951928636
2026-02-02 22:15:00+00:00,1,0.4975333153636061
2026-02-02 22:20:00+00:00,0,0.47675401844742465
2026-02-02 22:25:00+00:00,1,0.496631708004391
2026-02-02 22:30:00+00:00,0,0.4698000902069758
2026-02-02 22:35:00+00:00,0,0.4744478676384925
2026-02-02 22:40:00+00:00,0,0.4743005974252956
2026-02-02 22:45:00+00:00,0,0.488127124232509
2026-02-02 22:50:00+00:00,0,0.4896543545577189
2026-02-02 22:55:00+00:00,0,0.49590576103795764
2026-02-02 23:00:00+00:00,0,0.5067640111514021
2026-02-02 23:05:00+00:00,0,0.5075829707529674
2026-02-02 23:10:00+00:00,0,0.513329256070559
2026-02-02 23:15:00+00:00,0,0.521103183627937
2026-02-02 23:20:00+00:00,0,0.5178715420149121
2026-02-02 23:25:00+00:00,0,0.5198088458879115
2026-02-02 23:30:00+00:00,0,0.5187582550649633
2026-02-02 23:35:00+00:00,0,0.5230673814969304
2026-02-02 23:40:00+00:00,0,0.5199659448818662
2026-02-02 23:45:00+00:00,0,0.5233674902354895
2026-02-02 23:50:00+00:00,0,0.5185685400576022
2026-02-02 23:55:00+00:00,0,0.5272166838187843
2026-02-03 00:00:00+00:00,0,0.5304157930401459
2026-02-03 00:05:00+00:00,1,0.5321354140272125
2026-02-03 00:10:00+00:00,1,0.5340332359285569
2026-02-03 00:15:00+00:00,0,0.5155198307103369
2026-02-03 00:20:00+00:00,0,0.5176738125237782
2026-02-03 00:25:00+00:00,1,0.5180407982233055
2026-02-03 00:30:00+00:00,1,0.5141281992390176
2026-02-03 00:35:00+00:00,0,0.5160452731759144
2026-02-03 00:40:00+00:00,0,0.5154344975643301
2026-02-03 00:45:00+00:00,0,0.5182244670322412
2026-02-03 00:50:00+00:00,0,0.5193883042628378
2026-02-03 00:55:00+00:00,0,0.5082191566533065
2026-02-03 01:00:00+00:00,0,0.5132092273672746
2026-02-03 01:05:00+00:00,0,0.5141707907640997
2026-02-03 01:10:00+00:00,0,0.5123360804086634
2026-02-03 01:15:00+00:00,1,0.513937646774069
2026-02-03 01:20:00+00:00,1,0.510550120262058
2026-02-03 01:25:00+00:00,1,0.5077663250050415
2026-02-03 01:30:00+00:00,1,0.5138050753345719
2026-02-03 01:35:00+00:00,0,0.5061227836353511
2026-02-03 01:40:00+00:00,0,0.5057222564279718
2026-02-03 01:45:00+00:00,0,0.5059451907710578
2026-02-03 01:50:00+00:00,0,0.5056005774868307
2026-02-03 01:55:00+00:00,0,0.5003525083650899
2026-02-03 02:00:00+00:00,0,0.5026703280472684
2026-02-03 02:05:00+00:00,0,0.5098734796898587
2026-02-03 02:10:00+00:00,0,0.5196712777290848
2026-02-03 02:15:00+00:00,0,0.5118659927477439
2026-02-03 02:20:00+00:00,0,0.5093723718277111
2026-02-03 02:25:00+00:00,0,0.5188398542815249
2026-02-03 02:30:00+00:00,0,0.5140159952679272
2026-02-03 02:35:00+00:00,0,0.5158533805770719
2026-02-03 02:40:00+00:00,0,0.5189244511797644
2026-02-03 02:45:00+00:00,0,0.5380002106180533
2026-02-03 02:50:00+00:00,1,0.5302470117724098
2026-02-03 02:55:00+00:00,1,0.5334000871585471
2026-02-03 03:00:00+00:00,1,0.5375404240629386
2026-02-03 03:05:00+00:00,1,0.5224318449160282
2026-02-03 03:10:00+00:00,1,0.518444748206922
2026-02-03 03:15:00+00:00,1,0.5199813796072165
2026-02-03 03:20:00+00:00,1,0.511710927544043
2026-02-03 03:25:00+00:00,1,0.5079329987057024
2026-02-03 03:30:00+00:00,1,0.49836611882992626
2026-02-03 03:35:00+00:00,1,0.48890299779993207
2026-02-03 03:40:00+00:00,1,0.4854454663233515
2026-02-03 03:45:00+00:00,1,0.4917137457392999
2026-02-03 03:50:00+00:00,1,0.4882145074564576
2026-02-03 03:55:00+00:00,0,0.46250490130038197
2026-02-03 04:00:00+00:00,1,0.46653542246353136
2026-02-03 04:05:00+00:00,1,0.46234643749382265
2026-02-03 04:10:00+00:00,1,0.4577224564678991
2026-02-03 04:15:00+00:00,1,0.466459921592547
2026-02-03 04:20:00+00:00,1,0.4635918142284022
2026-02-03 04:25:00+00:00,1,0.46913152467397895
2026-02-03 04:30:00+00:00,1,0.4638421406656586
2026-02-03 04:35:00+00:00,1,0.4580763137247353
2026-02-03 04:40:00+00:00,0,0.45248427874300534
2026-02-03 04:45:00+00:00,0,0.4531845045729185
2026-02-03 04:50:00+00:00,0,0.4617855147810667
2026-02-03 04:55:00+00:00,0,0.45549259120529423
2026-02-03 05:00:00+00:00,0,0.47826875104318456
2026-02-03 05:05:00+00:00,0,0.47330079994090574
2026-02-03 05:10:00+00:00,1,0.4829501272502437
2026-02-03 05:15:00+00:00,1,0.48443876944434244
2026-02-03 05:20:00+00:00,0,0.4795601218272089
2026-02-03 05:25:00+00:00,0,0.48860342614112795
2026-02-03 05:30:00+00:00,0,0.48519356734418023
2026-02-03 05:35:00+00:00,0,0.4910030608090694
2026-02-03 05:40:00+00:00,0,0.4799927422076293
2026-02-03 05:45:00+00:00,0,0.5035648635115413
2026-02-03 05:50:00+00:00,0,0.5052754373836634
2026-02-03 05:55:00+00:00,1,0.5080421961694909
2026-02-03 06:00:00+00:00,1,0.5021946539043031
2026-02-03 06:05:00+00:00,1,0.520431098184016
2026-02-03 06:10:00+00:00,1,0.515727386702646
2026-02-03 06:15:00+00:00,1,0.5055677131239643
2026-02-03 06:20:00+00:00,1,0.5077705654522514
2026-02-03 06:25:00+00:00,0,0.5034875696426614
2026-02-03 06:30:00+00:00,0,0.5020133881878772
2026-02-03 06:35:00+00:00,1,0.5009454597203846
2026-02-03 06:40:00+00:00,1,0.5064024634031811
2026-02-03 06:45:00+00:00,0,0.4996823255277513
2026-02-03 06:50:00+00:00,0,0.49183532321652623
2026-02-03 06:55:00+00:00,0,0.5004363717452271
2026-02-03 07:00:00+00:00,1,0.5014632425812284
2026-02-03 07:05:00+00:00,0,0.4956819288844487
2026-02-03 07:10:00+00:00,1,0.49791108309105747
2026-02-03 07:15:00+00:00,1,0.4996136535748444
2026-02-03 07:20:00+00:00,0,0.4931824176068933
2026-02-03 07:25:00+00:00,1,0.49505199366272507
2026-02-03 07:30:00+00:00,0,0.4685905510242294
2026-02-03 07:35:00+00:00,0,0.49300018551057184
2026-02-03 07:40:00+00:00,0,0.47923008672674167
2026-02-03 07:45:00+00:00,0,0.47633147856705227
2026-02-03 07:50:00+00:00,0,0.49011699810928117
2026-02-03 07:55:00+00:00,1,0.49337118076329295
2026-02-03 08:00:00+00:00,1,0.493230814288353
2026-02-03 08:05:00+00:00,1,0.5005985436311746
2026-02-03 08:10:00+00:00,1,0.5030385682604636
2026-02-03 08:15:00+00:00,1,0.5001663244340748
2026-02-03 08:20:00+00:00,0,0.4993849215803531
2026-02-03 08:25:00+00:00,0,0.47966404975124993
2026-02-03 08:30:00+00:00,0,0.500412952240354
2026-02-03 08:35:00+00:00,0,0.47347117519655463
2026-02-03 08:40:00+00:00,0,0.4636526256742704
2026-02-03 08:45:00+00:00,0,0.4994204701698739
2026-02-03 08:50:00+00:00,0,0.5014391096401368
2026-02-03 08:55:00+00:00,0,0.5064448402006796
2026-02-03 09:00:00+00:00,0,0.5043737744559859
2026-02-03 09:05:00+00:00,0,0.5050008778395054
2026-02-03 09:10:00+00:00,1,0.5368822527138511
2026-02-03 09:15:00+00:00,1,0.5092690833592246
2026-02-03 09:20:00+00:00,1,0.5250929838246843
2026-02-03 09:25:00+00:00,1,0.5261114764688258
2026-02-03 09:30:00+00:00,1,0.5223099426360037
2026-02-03 09:35:00+00:00,1,0.5069717408981669
2026-02-03 09:40:00+00:00,1,0.5180047808087292
2026-02-03 09:45:00+00:00,1,0.5092842982660375
2026-02-03 09:50:00+00:00,1,0.515616353405608
2026-02-03 09:55:00+00:00,1,0.5167866601120525
2026-02-03 10:00:00+00:00,0,0.5046055297468347
2026-02-03 10:05:00+00:00,0,0.4978019968992745
2026-02-03 10:10:00+00:00,0,0.5038997839407195
2026-02-03 10:15:00+00:00,0,0.505662135816985
2026-02-03 10:20:00+00:00,0,0.497207028100885
2026-02-03 10:25:00+00:00,0,0.49663848106012
2026-02-03 10:30:00+00:00,1,0.516508523412859
2026-02-03 10:35:00+00:00,1,0.5101533623247816
2026-02-03 10:40:00+00:00,1,0.509774832272265
2026-02-03 10:45:00+00:00,1,0.512681576731614
2026-02-03 10:50:00+00:00,1,0.5045101409390066
2026-02-03 10:55:00+00:00,1,0.4999247150930745
2026-02-03 11:00:00+00:00,1,0.5029633127010914
2026-02-03 11:05:00+00:00,0,0.5000410041245676
2026-02-03 11:10:00+00:00,1,0.5058015275618923
2026-02-03 11:15:00+00:00,1,0.5029844740894173
2026-02-03 11:20:00+00:00,1,0.5006795483327139
2026-02-03 11:25:00+00:00,0,0.49028818759204557
2026-02-03 11:30:00+00:00,0,0.49340487352520024
2026-02-03 11:35:00+00:00,1,0.5070079089829117
2026-02-03 11:40:00+00:00,1,0.4696090937175829
2026-02-03 11:45:00+00:00,1,0.46998664744665347
2026-02-03 11:50:00+00:00,1,0.48965505624545225
2026-02-03 11:55:00+00:00,1,0.4835879467112017
2026-02-03 12:00:00+00:00,1,0.5055166996241724
2026-02-03 12:05:00+00:00,1,0.47082534784182967
2026-02-03 12:10:00+00:00,1,0.46483868989359745
2026-02-03 12:15:00+00:00,1,0.4762557955823099
2026-02-03 12:20:00+00:00,1,0.4644495717228418
2026-02-03 12:25:00+00:00,1,0.4589176419134212
2026-02-03 12:30:00+00:00,1,0.4638392562922929
2026-02-03 12:35:00+00:00,0,0.4682811233262577
2026-02-03 12:40:00+00:00,1,0.471822879908975
2026-02-03 12:45:00+00:00,0,0.4580924066783847
2026-02-03 12:50:00+00:00,0,0.46095066084783676
2026-02-03 12:55:00+00:00,0,0.4620682349754318
2026-02-03 13:00:00+00:00,0,0.46899494209613707
2026-02-03 13:05:00+00:00,0,0.46378981257788815
2026-02-03 13:10:00+00:00,0,0.4718666059826944
2026-02-03 13:15:00+00:00,0,0.48608829831259215
2026-02-03 13:20:00+00:00,1,0.507204634401811
2026-02-03 13:25:00+00:00,1,0.4895279453001545
2026-02-03 13:30:00+00:00,1,0.5040307747464166
2026-02-03 13:35:00+00:00,1,0.5037451180672278
2026-02-03 13:40:00+00:00,1,0.5093151935061894
2026-02-03 13:45:00+00:00,0,0.5014148787041021
2026-02-03 13:50:00+00:00,1,0.5098253165786535
2026-02-03 13:55:00+00:00,0,0.48452724514739537
2026-02-03 14:00:00+00:00,0,0.4768089834857661
2026-02-03 14:05:00+00:00,0,0.4804894993839776
2026-02-03 14:10:00+00:00,0,0.4955337314315098
2026-02-03 14:15:00+00:00,0,0.514944580330078
2026-02-03 14:20:00+00:00,0,0.509684334704772
2026-02-03 14:25:00+00:00,0,0.5081091097821496
2026-02-03 14:30:00+00:00,0,0.5122431944337991
2026-02-03 14:35:00+00:00,0,0.5093313341659209
2026-02-03 14:40:00+00:00,0,0.5084398191334637
2026-02-03 14:45:00+00:00,0,0.5001414043239022
2026-02-03 14:50:00+00:00,0,0.5269740078236976
2026-02-03 14:55:00+00:00,1,0.5545428771828315
2026-02-03 15:00:00+00:00,1,0.5179987123861508
2026-02-03 15:05:00+00:00,1,0.502277982589159
2026-02-03 15:10:00+00:00,0,0.5198320993793372
2026-02-03 15:15:00+00:00,1,0.5143268058103149
2026-02-03 15:20:00+00:00,1,0.518950587016463
2026-02-03 15:25:00+00:00,0,0.4928981687108463
2026-02-03 15:30:00+00:00,0,0.4894570583514655
2026-02-03 15:35:00+00:00,0,0.5056946606943257
2026-02-03 15:40:00+00:00,0,0.5238160887385157
2026-02-03 15:45:00+00:00,0,0.5173941628643984
2026-02-03 15:50:00+00:00,0,0.5135560978361703
2026-02-03 15:55:00+00:00,0,0.5171869743758336
2026-02-03 16:00:00+00:00,0,0.5239107483831684
2026-02-03 16:05:00+00:00,0,0.5244297150628934
2026-02-03 16:10:00+00:00,0,0.52447864547652
2026-02-03 16:15:00+00:00,0,0.5519578308237674
2026-02-03 16:20:00+00:00,0,0.5364344172474629
2026-02-03 16:25:00+00:00,0,0.5347721694989298
2026-02-03 16:30:00+00:00,0,0.5229555206769883
2026-02-03 16:35:00+00:00,0,0.5244616404144697
2026-02-03 16:40:00+00:00,0,0.5193374302423335
2026-02-03 16:45:00+00:00,0,0.5206879159780674
2026-02-03 16:50:00+00:00,0,0.5185343371985796
2026-02-03 16:55:00+00:00,0,0.5188195307542746
2026-02-03 17:00:00+00:00,0,0.5197863426956603
2026-02-03 17:05:00+00:00,0,0.5245650959166959
2026-02-03 17:10:00+00:00,0,0.5231164501633832
2026-02-03 17:15:00+00:00,0,0.5319299146895156
2026-02-03 17:20:00+00:00,0,0.5327290471173174
2026-02-03 17:25:00+00:00,0,0.5284237743228919
2026-02-03 17:30:00+00:00,0,0.52710003630419
2026-02-03 17:35:00+00:00,0,0.5258161377494864
2026-02-03 17:40:00+00:00,0,0.5345236197800415
2026-02-03 17:45:00+00:00,0,0.5344192053476008
2026-02-03 17:50:00+00:00,0,0.5493367350311873
2026-02-03 17:55:00+00:00,0,0.5711180345440819
2026-02-03 18:00:00+00:00,0,0.5800418637447727
2026-02-03 18:05:00+00:00,0,0.526761801570298
2026-02-03 18:10:00+00:00,0,0.5249484628731367
2026-02-03 18:15:00+00:00,0,0.5275137452921453
2026-02-03 18:20:00+00:00,0,0.5871130195782928
2026-02-03 18:25:00+00:00,0,0.5220718332476605
2026-02-03 18:30:00+00:00,0,0.5182201259763719
2026-02-03 18:35:00+00:00,1,0.516342057456316
2026-02-03 18:40:00+00:00,1,0.5175568735940554
2026-02-03 18:45:00+00:00,1,0.5195846526596017
2026-02-03 18:50:00+00:00,1,0.5188453464353241
2026-02-03 18:55:00+00:00,1,0.5200694950310721
2026-02-03 19:00:00+00:00,1,0.5213212409659492
2026-02-03 19:05:00+00:00,1,0.5032691302296293
2026-02-03 19:10:00+00:00,1,0.4816784914488398
2026-02-03 19:15:00+00:00,0,0.5130954401878656
2026-02-03 19:20:00+00:00,1,0.47850053550854377
2026-02-03 19:25:00+00:00,0,0.4751214966481689
2026-02-03 19:30:00+00:00,0,0.4826395873549408
2026-02-03 19:35:00+00:00,0,0.47219160164427154
2026-02-03 19:40:00+00:00,0,0.4664502475612061
2026-02-03 19:45:00+00:00,0,0.46797124848020916
2026-02-03 19:50:00+00:00,0,0.46372169184440437
2026-02-03 19:55:00+00:00,1,0.46550334816955896
2026-02-03 20:00:00+00:00,1,0.46249812764673587
2026-02-03 20:05:00+00:00,1,0.48634157950633083
2026-02-03 20:10:00+00:00,1,0.4833651689931646
2026-02-03 20:15:00+00:00,1,0.4845064619423988
2026-02-03 20:20:00+00:00,1,0.46067749945158953
2026-02-03 20:25:00+00:00,1,0.46543678812169637
2026-02-03 20:30:00+00:00,1,0.498779164623493
2026-02-03 20:35:00+00:00,1,0.512559405559267
2026-02-03 20:40:00+00:00,1,0.5199499899608029
2026-02-03 20:45:00+00:00,1,0.4936680272975591
2026-02-03 20:50:00+00:00,0,0.5061196486969737
2026-02-03 20:55:00+00:00,0,0.494436352646959
2026-02-03 21:00:00+00:00,0,0.4726481598284548
2026-02-03 21:05:00+00:00,0,0.4917967407953121
2026-02-03 21:10:00+00:00,0,0.48373927062549327
2026-02-03 21:15:00+00:00,0,0.5009455434009491
2026-02-03 21:20:00+00:00,0,0.49672221707372755
2026-02-03 21:25:00+00:00,0,0.51620690808244
2026-02-03 21:30:00+00:00,0,0.5230973436282187
2026-02-03 21:35:00+00:00,0,0.499399795862962
2026-02-03 21:40:00+00:00,0,0.48402872702720684
2026-02-03 21:45:00+00:00,0,0.4983687647054525
2026-02-03 21:50:00+00:00,0,0.5004563411242742
2026-02-03 21:55:00+00:00,0,0.4923822484262335
2026-02-03 22:00:00+00:00,0,0.5090421551915488
2026-02-03 22:05:00+00:00,1,0.5185526810420042
2026-02-03 22:10:00+00:00,1,0.5273779557538001
2026-02-03 22:15:00+00:00,0,0.5254086954072801
2026-02-03 22:20:00+00:00,1,0.5250674648785971
2026-02-03 22:25:00+00:00,0,0.5162523621566159
2026-02-03 22:30:00+00:00,0,0.511434343815488
2026-02-03 22:35:00+00:00,0,0.5075776033149277
2026-02-03 22:40:00+00:00,0,0.5080871426032795
2026-02-03 22:45:00+00:00,0,0.5320897938683382
2026-02-03 22:50:00+00:00,0,0.5207071730943265
2026-02-03 22:55:00+00:00,0,0.5267659233032606
2026-02-03 23:00:00+00:00,1,0.5500174678197606
2026-02-03 23:05:00+00:00,1,0.5252896111908447
2026-02-03 23:10:00+00:00,0,0.5094319951435404
2026-02-03 23:15:00+00:00,0,0.5212825072128041
2026-02-03 23:20:00+00:00,0,0.517290799211949
2026-02-03 23:25:00+00:00,1,0.5241943966690885
2026-02-03 23:30:00+00:00,0,0.5201313636562237
2026-02-03 23:35:00+00:00,0,0.5127377072231215
2026-02-03 23:40:00+00:00,0,0.5132094334138947
2026-02-03 23:45:00+00:00,1,0.5343523113042136
2026-02-03 23:50:00+00:00,1,0.5176177166321329
2026-02-03 23:55:00+00:00,1,0.5083246170735785
2026-02-04 00:00:00+00:00,1,0.5158672590214285
2026-02-04 00:05:00+00:00,1,0.5127211998553263
2026-02-04 00:10:00+00:00,1,0.5176369305665465
2026-02-04 00:15:00+00:00,1,0.5076626849000726
2026-02-04 00:20:00+00:00,1,0.503853646038706
2026-02-04 00:25:00+00:00,1,0.5035685705339256
2026-02-04 00:30:00+00:00,1,0.47668114050812493
2026-02-04 00:35:00+00:00,1,0.4630932588130966
2026-02-04 00:40:00+00:00,1,0.4656625940731448
2026-02-04 00:45:00+00:00,1,0.4635748498407875
2026-02-04 00:50:00+00:00,1,0.489212773730953
2026-02-04 00:55:00+00:00,1,0.477359503554165
2026-02-04 01:00:00+00:00,1,0.45293252573434983
2026-02-04 01:05:00+00:00,1,0.45445119663179523
2026-02-04 01:10:00+00:00,0,0.45238565702403294
2026-02-04 01:15:00+00:00,0,0.44416638593253444
2026-02-04 01:20:00+00:00,0,0.44583402929299376
2026-02-04 01:25:00+00:00,1,0.443638215973974
2026-02-04 01:30:00+00:00,0,0.4437378219540245
2026-02-04 01:35:00+00:00,0,0.44584338450727407
2026-02-04 01:40:00+00:00,0,0.4494941601225846
2026-02-04 01:45:00+00:00,0,0.4858144544611365
2026-02-04 01:50:00+00:00,0,0.46455067788528553
2026-02-04 01:55:00+00:00,0,0.45962842175093094
2026-02-04 02:00:00+00:00,0,0.4837372617880639
2026-02-04 02:05:00+00:00,0,0.4796483672278567
2026-02-04 02:10:00+00:00,0,0.47790498071949755
2026-02-04 02:15:00+00:00,0,0.493014842096238
2026-02-04 02:20:00+00:00,0,0.49085484328462947
2026-02-04 02:25:00+00:00,1,0.5020867540123038
2026-02-04 02:30:00+00:00,1,0.4995024100922697
2026-02-04 02:35:00+00:00,1,0.4871076599223552
2026-02-04 02:40:00+00:00,1,0.509853188933769
2026-02-04 02:45:00+00:00,1,0.5114359235742598
2026-02-04 02:50:00+00:00,1,0.5065495006011771
2026-02-04 02:55:00+00:00,1,0.5049220977897485
2026-02-04 03:00:00+00:00,1,0.5015031674784245
2026-02-04 03:05:00+00:00,1,0.4782942207655258
2026-02-04 03:10:00+00:00,1,0.4570541340224558
2026-02-04 03:15:00+00:00,1,0.4604731439903816
2026-02-04 03:20:00+00:00,1,0.4621235544037976
2026-02-04 03:25:00+00:00,1,0.4617284662937661
2026-02-04 03:30:00+00:00,1,0.4592358329378776
2026-02-04 03:35:00+00:00,0,0.4543542847392336
2026-02-04 03:40:00+00:00,1,0.4632110523055445
2026-02-04 03:45:00+00:00,1,0.45701884987420677
2026-02-04 03:50:00+00:00,1,0.45487703952727865
2026-02-04 03:55:00+00:00,1,0.4658106274529996
2026-02-04 04:00:00+00:00,1,0.46620585127580383
2026-02-04 04:05:00+00:00,1,0.45631509340384013
2026-02-04 04:10:00+00:00,0,0.45299578571879295
2026-02-04 04:15:00+00:00,1,0.4652937789266731
2026-02-04 04:20:00+00:00,0,0.46734250982051523
2026-02-04 04:25:00+00:00,0,0.46787169740826
2026-02-04 04:30:00+00:00,0,0.46662056982077316
2026-02-04 04:35:00+00:00,0,0.46371826571933383
2026-02-04 04:40:00+00:00,0,0.46769674714896636
2026-02-04 04:45:00+00:00,0,0.46629805212419684
2026-02-04 04:50:00+00:00,1,0.49505235457834074
2026-02-04 04:55:00+00:00,1,0.4815802381866415
2026-02-04 05:00:00+00:00,0,0.48821641813076977
2026-02-04 05:05:00+00:00,0,0.5012495354012002
2026-02-04 05:10:00+00:00,0,0.49364712413957146
2026-02-04 05:15:00+00:00,0,0.4973980060963356
2026-02-04 05:20:00+00:00,0,0.47926030492577276
2026-02-04 05:25:00+00:00,0,0.4834954024434937
2026-02-04 05:30:00+00:00,0,0.49171275082141136
2026-02-04 05:35:00+00:00,1,0.4977363788181601
2026-02-04 05:40:00+00:00,1,0.4900792098081823
2026-02-04 05:45:00+00:00,1,0.4923894826209752
2026-02-04 05:50:00+00:00,1,0.5059339695987422
2026-02-04 05:55:00+00:00,1,0.49528584463236436
2026-02-04 06:00:00+00:00,0,0.4978623659629733
2026-02-04 06:05:00+00:00,0,0.4889273624700013
2026-02-04 06:10:00+00:00,1,0.49417671084059395
2026-02-04 06:15:00+00:00,1,0.5009420718264495
2026-02-04 06:20:00+00:00,1,0.5021360686943699
2026-02-04 06:25:00+00:00,1,0.501610869454614
2026-02-04 06:30:00+00:00,1,0.5000778860223609
2026-02-04 06:35:00+00:00,0,0.4996093154246202
2026-02-04 06:40:00+00:00,0,0.4956943677876643
2026-02-04 06:45:00+00:00,0,0.4876341314487386
2026-02-04 06:50:00+00:00,0,0.5002794492802527
2026-02-04 06:55:00+00:00,0,0.4921733096468303
2026-02-04 07:00:00+00:00,1,0.5017890239678214
2026-02-04 07:05:00+00:00,1,0.509189291928724
2026-02-04 07:10:00+00:00,1,0.49061395340481634
2026-02-04 07:15:00+00:00,1,0.498050936474685
2026-02-04 07:20:00+00:00,1,0.4979471645674122
2026-02-04 07:25:00+00:00,1,0.4970151386302634
2026-02-04 07:30:00+00:00,1,0.48345587151986974
2026-02-04 07:35:00+00:00,0,0.47837339563397363
2026-02-04 07:40:00+00:00,0,0.46594807546418415
2026-02-04 07:45:00+00:00,1,0.4861586927262527
2026-02-04 07:50:00+00:00,0,0.4792999677126957
2026-02-04 07:55:00+00:00,0,0.4707768533185393
2026-02-04 08:00:00+00:00,1,0.48303504145877385
2026-02-04 08:05:00+00:00,1,0.47576624926461525
2026-02-04 08:10:00+00:00,1,0.4759242763558054
2026-02-04 08:15:00+00:00,1,0.4654343206573032
2026-02-04 08:20:00+00:00,1,0.48313644155992547
2026-02-04 08:25:00+00:00,1,0.4977050703695596
2026-02-04 08:30:00+00:00,1,0.4663005554725562
2026-02-04 08:35:00+00:00,0,0.4668867750431555
2026-02-04 08:40:00+00:00,0,0.46151933101905457
2026-02-04 08:45:00+00:00,0,0.46046424379059014
2026-02-04 08:50:00+00:00,0,0.46218335707154623
2026-02-04 08:55:00+00:00,0,0.46799493099800155
2026-02-04 09:00:00+00:00,0,0.4675109380232803
2026-02-04 09:05:00+00:00,0,0.4832050168236236
2026-02-04 09:10:00+00:00,0,0.4832688772886757
2026-02-04 09:15:00+00:00,1,0.4995589961807984
2026-02-04 09:20:00+00:00,1,0.4897424133808439
2026-02-04 09:25:00+00:00,1,0.4894673036678533
2026-02-04 09:30:00+00:00,1,0.4940702369415264
2026-02-04 09:35:00+00:00,1,0.5008071175572385
2026-02-04 09:40:00+00:00,1,0.494210380257579
2026-02-04 09:45:00+00:00,1,0.48950737590031307
2026-02-04 09:50:00+00:00,1,0.49389897758657747
2026-02-04 09:55:00+00:00,1,0.4858082767137505
2026-02-04 10:00:00+00:00,1,0.4817041778461126
2026-02-04 10:05:00+00:00,1,0.49117313217474856
2026-02-04 10:10:00+00:00,1,0.4776923740052432
2026-02-04 10:15:00+00:00,1,0.462306568008822
2026-02-04 10:20:00+00:00,1,0.46619182170695417
2026-02-04 10:25:00+00:00,0,0.462782091508906
2026-02-04 10:30:00+00:00,0,0.463999322956629
2026-02-04 10:35:00+00:00,0,0.4654453343204401
2026-02-04 10:40:00+00:00,0,0.4691522384513109
2026-02-04 10:45:00+00:00,0,0.47001685793430703
2026-02-04 10:50:00+00:00,0,0.4795638134330949
2026-02-04 10:55:00+00:00,0,0.4815576452406875
2026-02-04 11:00:00+00:00,1,0.5075643116440937
2026-02-04 11:05:00+00:00,1,0.5202443745523421
2026-02-04 11:10:00+00:00,1,0.5041143435122006
2026-02-04 11:15:00+00:00,1,0.4994186079823303
2026-02-04 11:20:00+00:00,1,0.5111189000833957
2026-02-04 11:25:00+00:00,1,0.5077030059482237
2026-02-04 11:30:00+00:00,0,0.47435742641707934
2026-02-04 11:35:00+00:00,1,0.4736489384583393
2026-02-04 11:40:00+00:00,1,0.4843712524104028
2026-02-04 11:45:00+00:00,1,0.48381713824742995
2026-02-04 11:50:00+00:00,1,0.5042579805870883
2026-02-04 11:55:00+00:00,0,0.49309801027778727
2026-02-04 12:00:00+00:00,1,0.49595095909270465
2026-02-04 12:05:00+00:00,0,0.4758853704117556
2026-02-04 12:10:00+00:00,0,0.48201427504019384
2026-02-04 12:15:00+00:00,0,0.47020401974600495
2026-02-04 12:20:00+00:00,0,0.47876519776071064
2026-02-04 12:25:00+00:00,1,0.5105085994284336
2026-02-04 12:30:00+00:00,0,0.4885062393177249
2026-02-04 12:35:00+00:00,1,0.5068850153993814
2026-02-04 12:40:00+00:00,1,0.49779005227756173
2026-02-04 12:45:00+00:00,0,0.49760747153001966
2026-02-04 12:50:00+00:00,0,0.48957691580684964
2026-02-04 12:55:00+00:00,0,0.4713159363739543
2026-02-04 13:00:00+00:00,0,0.5009398831513864
2026-02-04 13:05:00+00:00,0,0.48573436203491854
2026-02-04 13:10:00+00:00,0,0.4758368323161587
2026-02-04 13:15:00+00:00,0,0.5139190292741835
2026-02-04 13:20:00+00:00,0,0.5162555821216049
2026-02-04 13:25:00+00:00,0,0.5110446256127371
2026-02-04 13:30:00+00:00,0,0.5124267991036668
2026-02-04 13:35:00+00:00,0,0.5194702083292386
2026-02-04 13:40:00+00:00,0,0.5212181529386265
2026-02-04 13:45:00+00:00,0,0.5431211983963844
2026-02-04 13:50:00+00:00,0,0.5282849411424205
2026-02-04 13:55:00+00:00,0,0.5382250437237016
2026-02-04 14:00:00+00:00,0,0.5349687648117049
2026-02-04 14:05:00+00:00,1,0.5367328014879206
2026-02-04 14:10:00+00:00,0,0.5198209008612132
2026-02-04 14:15:00+00:00,1,0.5161755063027066
2026-02-04 14:20:00+00:00,1,0.5304362097524256
2026-02-04 14:25:00+00:00,0,0.5447252750837579
2026-02-04 14:30:00+00:00,1,0.5500904916425801
2026-02-04 14:35:00+00:00,1,0.5396048112233298
2026-02-04 14:40:00+00:00,1,0.5266642316256639
2026-02-04 14:45:00+00:00,0,0.49670604772259425
2026-02-04 14:50:00+00:00,1,0.5138264810601655
2026-02-04 14:55:00+00:00,1,0.5340453187679647
2026-02-04 15:00:00+00:00,0,0.5355578450388372
2026-02-04 15:05:00+00:00,0,0.49608394535273925
2026-02-04 15:10:00+00:00,0,0.5161084200332173
2026-02-04 15:15:00+00:00,0,0.5144341927727836
2026-02-04 15:20:00+00:00,0,0.5189799553373653
2026-02-04 15:25:00+00:00,0,0.5153195641496482
2026-02-04 15:30:00+00:00,1,0.5215339146107302
2026-02-04 15:35:00+00:00,1,0.5418377950060602
2026-02-04 15:40:00+00:00,1,0.518411702657507
2026-02-04 15:45:00+00:00,0,0.5252060114403931
2026-02-04 15:50:00+00:00,0,0.5151546714754806
2026-02-04 15:55:00+00:00,1,0.5158550717288953
2026-02-04 16:00:00+00:00,0,0.5167768300907236
2026-02-04 16:05:00+00:00,0,0.5182246004542924
2026-02-04 16:10:00+00:00,0,0.5260042820648838
2026-02-04 16:15:00+00:00,0,0.5458151497764439
2026-02-04 16:20:00+00:00,0,0.5273938398135845
2026-02-04 16:25:00+00:00,0,0.5246329425843524
2026-02-04 16:30:00+00:00,1,0.5426692068600786
2026-02-04 16:35:00+00:00,1,0.5672798148692303
2026-02-04 16:40:00+00:00,1,0.5331328338126806
2026-02-04 16:45:00+00:00,1,0.5295077818425658
2026-02-04 16:50:00+00:00,0,0.5601042005074267
2026-02-04 16:55:00+00:00,0,0.5430985995742157
2026-02-04 17:00:00+00:00,0,0.5270561461277111
2026-02-04 17:05:00+00:00,0,0.5215308460905982
2026-02-04 17:10:00+00:00,0,0.511761798891101
2026-02-04 17:15:00+00:00,1,0.5258023888426732
2026-02-04 17:20:00+00:00,1,0.5255138727495434
2026-02-04 17:25:00+00:00,1,0.5189814400772903
2026-02-04 17:30:00+00:00,0,0.5125513372930226
2026-02-04 17:35:00+00:00,0,0.5206465051077808
2026-02-04 17:40:00+00:00,0,0.5122708254116207
2026-02-04 17:45:00+00:00,0,0.5100598557010152
2026-02-04 17:50:00+00:00,0,0.5217634444100895
2026-02-04 17:55:00+00:00,0,0.4930223025776062
2026-02-04 18:00:00+00:00,1,0.518823294769804
2026-02-04 18:05:00+00:00,1,0.5335279532284904
2026-02-04 18:10:00+00:00,1,0.5281758977700036
2026-02-04 18:15:00+00:00,1,0.5261115088764607
2026-02-04 18:20:00+00:00,1,0.5246254702089873
2026-02-04 18:25:00+00:00,1,0.4997630028877065
2026-02-04 18:30:00+00:00,1,0.48953707142098196
2026-02-04 18:35:00+00:00,0,0.4988727713478431
2026-02-04 18:40:00+00:00,0,0.5048923558163991
2026-02-04 18:45:00+00:00,0,0.5143664512497743
2026-02-04 18:50:00+00:00,0,0.5057388407696107
2026-02-04 18:55:00+00:00,0,0.5295046126115623
2026-02-04 19:00:00+00:00,0,0.4888456614811282
2026-02-04 19:05:00+00:00,0,0.49214137569466077
2026-02-04 19:10:00+00:00,1,0.5288689166981202
2026-02-04 19:15:00+00:00,1,0.5248893946291991
2026-02-04 19:20:00+00:00,1,0.5152985320709004
2026-02-04 19:25:00+00:00,1,0.5157579799899953
2026-02-04 19:30:00+00:00,1,0.5001773812918375
2026-02-04 19:35:00+00:00,1,0.49948075684183135
2026-02-04 19:40:00+00:00,1,0.47261042200498316
2026-02-04 19:45:00+00:00,1,0.47091295316632176
2026-02-04 19:50:00+00:00,0,0.4763460772517664
2026-02-04 19:55:00+00:00,0,0.4766903901612421
2026-02-04 20:00:00+00:00,0,0.47217211677994614
2026-02-04 20:05:00+00:00,0,0.48041467526895254
2026-02-04 20:10:00+00:00,0,0.47605017661413795
2026-02-04 20:15:00+00:00,0,0.4755550599231889
2026-02-04 20:20:00+00:00,0,0.47849814228816007
2026-02-04 20:25:00+00:00,0,0.4683361708023854
2026-02-04 20:30:00+00:00,0,0.48494096478962645
2026-02-04 20:35:00+00:00,0,0.48134803654588365
2026-02-04 20:40:00+00:00,0,0.5065645312730794
2026-02-04 20:45:00+00:00,0,0.49443837985439265
2026-02-04 20:50:00+00:00,0,0.49858226268678757
2026-02-04 20:55:00+00:00,0,0.506093174691492
2026-02-04 21:00:00+00:00,0,0.5068165586186849
2026-02-04 21:05:00+00:00,0,0.51070820246454
2026-02-04 21:10:00+00:00,0,0.5074289802469877
2026-02-04 21:15:00+00:00,0,0.5186463890308919
2026-02-04 21:20:00+00:00,0,0.5301631165723095
2026-02-04 21:25:00+00:00,0,0.5279753056489856
2026-02-04 21:30:00+00:00,0,0.5295032820421783
2026-02-04 21:35:00+00:00,0,0.5373261617599496
2026-02-04 21:40:00+00:00,0,0.5453091446542123
2026-02-04 21:45:00+00:00,1,0.5780615251174605
2026-02-04 21:50:00+00:00,1,0.5277982580546822
2026-02-04 21:55:00+00:00,1,0.5270296416893377
2026-02-04 22:00:00+00:00,1,0.5338305827198775
2026-02-04 22:05:00+00:00,1,0.5396553148848795
2026-02-04 22:10:00+00:00,1,0.5285567050057633
2026-02-04 22:15:00+00:00,0,0.5210301823590573
2026-02-04 22:20:00+00:00,0,0.4890009642737371
2026-02-04 22:25:00+00:00,0,0.4799402168549831
2026-02-04 22:30:00+00:00,0,0.4974881014499469
2026-02-04 22:35:00+00:00,0,0.515327025771942
2026-02-04 22:40:00+00:00,0,0.522496478902025
2026-02-04 22:45:00+00:00,1,0.5149937786481688
2026-02-04 22:50:00+00:00,1,0.5205197622687648
2026-02-04 22:55:00+00:00,1,0.5202417426259175
2026-02-04 23:00:00+00:00,1,0.521187881696752
2026-02-04 23:05:00+00:00,1,0.5167601139543888
2026-02-04 23:10:00+00:00,1,0.5181528466492982
2026-02-04 23:15:00+00:00,1,0.5170846665454303
2026-02-04 23:20:00+00:00,0,0.5016804893244685
2026-02-04 23:25:00+00:00,0,0.4632511420134724
2026-02-04 23:30:00+00:00,0,0.4644946944372809
2026-02-04 23:35:00+00:00,0,0.47698757197132613
2026-02-04 23:40:00+00:00,0,0.4838629387532177
2026-02-04 23:45:00+00:00,0,0.47494472440383817
2026-02-04 23:50:00+00:00,0,0.4860404916102666
2026-02-04 23:55:00+00:00,1,0.526517690956291
2026-02-05 00:00:00+00:00,0,0.5216003478272239
2026-02-05 00:05:00+00:00,1,0.5202179438441628
2026-02-05 00:10:00+00:00,1,0.5118361364832602
2026-02-05 00:15:00+00:00,1,0.4994188489067481
2026-02-05 00:20:00+00:00,0,0.492185995591851
2026-02-05 00:25:00+00:00,0,0.4649001796438018
2026-02-05 00:30:00+00:00,0,0.5240589710967547
2026-02-05 00:35:00+00:00,1,0.5122455825242342
2026-02-05 00:40:00+00:00,1,0.5178817191546324
2026-02-05 00:45:00+00:00,0,0.5156406596481726
2026-02-05 00:50:00+00:00,0,0.5181778119815938
2026-02-05 00:55:00+00:00,1,0.5263724475731726
2026-02-05 01:00:00+00:00,1,0.5228502601085288
2026-02-05 01:05:00+00:00,1,0.4978770528782611
2026-02-05 01:10:00+00:00,0,0.4837602008383326
2026-02-05 01:15:00+00:00,1,0.5268874171478631
2026-02-05 01:20:00+00:00,1,0.5261564027580506
2026-02-05 01:25:00+00:00,0,0.4680050196181784
2026-02-05 01:30:00+00:00,0,0.46486791168589087
2026-02-05 01:35:00+00:00,0,0.46679840727826005
2026-02-05 01:40:00+00:00,0,0.5193263649769183
2026-02-05 01:45:00+00:00,0,0.51023174869343
2026-02-05 01:50:00+00:00,0,0.5178776846216144
2026-02-05 01:55:00+00:00,0,0.516990984110302
2026-02-05 02:00:00+00:00,1,0.5186607137358131
2026-02-05 02:05:00+00:00,1,0.5167933604956981
2026-02-05 02:10:00+00:00,1,0.5174123752960638
2026-02-05 02:15:00+00:00,0,0.521469275712119
2026-02-05 02:20:00+00:00,0,0.5179413488121357
2026-02-05 02:25:00+00:00,0,0.5130053554346303
2026-02-05 02:30:00+00:00,0,0.5156907652104983
2026-02-05 02:35:00+00:00,0,0.5051366497304152
2026-02-05 02:40:00+00:00,0,0.5109341425050258
2026-02-05 02:45:00+00:00,0,0.5241308618471759
2026-02-05 02:50:00+00:00,0,0.5242091877143555
2026-02-05 02:55:00+00:00,1,0.5291193719262803
2026-02-05 03:00:00+00:00,0,0.5157668100462307
2026-02-05 03:05:00+00:00,0,0.5049833781382439
2026-02-05 03:10:00+00:00,0,0.5114722289839655
2026-02-05 03:15:00+00:00,0,0.5166809377126821
2026-02-05 03:20:00+00:00,0,0.5121113586811161
2026-02-05 03:25:00+00:00,0,0.5133445581849552
2026-02-05 03:30:00+00:00,0,0.5158046241607646
2026-02-05 03:35:00+00:00,0,0.5221175710757715
2026-02-05 03:40:00+00:00,0,0.5207454406955887
2026-02-05 03:45:00+00:00,0,0.5259512541870793
2026-02-05 03:50:00+00:00,0,0.526102019815145
2026-02-05 03:55:00+00:00,0,0.5283103244568944
2026-02-05 04:00:00+00:00,0,0.5190015951789966
2026-02-05 04:05:00+00:00,0,0.5068384879581864
2026-02-05 04:10:00+00:00,1,0.5214855006675635
2026-02-05 04:15:00+00:00,1,0.5144955007381526
2026-02-05 04:20:00+00:00,0,0.5157177826971082
2026-02-05 04:25:00+00:00,0,0.5014673602165827
2026-02-05 04:30:00+00:00,1,0.5269428020113535
2026-02-05 04:35:00+00:00,0,0.5173672726293337
2026-02-05 04:40:00+00:00,0,0.507430256940383
2026-02-05 04:45:00+00:00,0,0.5084606314295681
2026-02-05 04:50:00+00:00,0,0.5163383183040157
2026-02-05 04:55:00+00:00,0,0.5114532131071116
2026-02-05 05:00:00+00:00,0,0.5092424880363668
2026-02-05 05:05:00+00:00,1,0.5151954586191433
2026-02-05 05:10:00+00:00,1,0.5146112675866518
2026-02-05 05:15:00+00:00,1,0.5206837491277954
2026-02-05 05:20:00+00:00,1,0.5222696946566948
2026-02-05 05:25:00+00:00,1,0.5155799760494573
2026-02-05 05:30:00+00:00,1,0.5115197370114849
2026-02-05 05:35:00+00:00,0,0.46571594576168274
2026-02-05 05:40:00+00:00,0,0.4607116675325871
2026-02-05 05:45:00+00:00,0,0.47218905799366573
2026-02-05 05:50:00+00:00,0,0.4679494969301542
2026-02-05 05:55:00+00:00,0,0.4770178211348874
2026-02-05 06:00:00+00:00,1,0.5171632292585862
2026-02-05 06:05:00+00:00,1,0.5142548842754545
2026-02-05 06:10:00+00:00,1,0.5137765106699222
2026-02-05 06:15:00+00:00,1,0.5140377932316165
2026-02-05 06:20:00+00:00,0,0.5143519001941097
2026-02-05 06:25:00+00:00,1,0.5164941220257092
2026-02-05 06:30:00+00:00,1,0.47888307154404275
2026-02-05 06:35:00+00:00,0,0.476775874414743
2026-02-05 06:40:00+00:00,1,0.509756446462428
2026-02-05 06:45:00+00:00,1,0.5149178415189681
2026-02-05 06:50:00+00:00,1,0.513490798703626
2026-02-05 06:55:00+00:00,1,0.5188039391619221
2026-02-05 07:00:00+00:00,0,0.4642349661226741
2026-02-05 07:05:00+00:00,0,0.47397908315963005
2026-02-05 07:10:00+00:00,0,0.5033687290967892
2026-02-05 07:15:00+00:00,0,0.47119041845704673
2026-02-05 07:20:00+00:00,0,0.47168876182800873
2026-02-05 07:25:00+00:00,0,0.4650893144805643
2026-02-05 07:30:00+00:00,0,0.47603275008916845
2026-02-05 07:35:00+00:00,0,0.5042425330179754
2026-02-05 07:40:00+00:00,0,0.5041868059970064
2026-02-05 07:45:00+00:00,1,0.5081265603994525
2026-02-05 07:50:00+00:00,1,0.5111986059308921
2026-02-05 07:55:00+00:00,1,0.5086102287985992
2026-02-05 08:00:00+00:00,1,0.5007767061146976
2026-02-05 08:05:00+00:00,1,0.4903939551208719
2026-02-05 08:10:00+00:00,1,0.4980533928659135
2026-02-05 08:15:00+00:00,1,0.5051538012310757
2026-02-05 08:20:00+00:00,1,0.5026196492973835
2026-02-05 08:25:00+00:00,1,0.4638857243501496
2026-02-05 08:30:00+00:00,1,0.4633601626248441
2026-02-05 08:35:00+00:00,1,0.46046590662068426
2026-02-05 08:40:00+00:00,1,0.4742996592866468
2026-02-05 08:45:00+00:00,1,0.46145814792850076
2026-02-05 08:50:00+00:00,1,0.4594968234075857
2026-02-05 08:55:00+00:00,1,0.4624222283899325
2026-02-05 09:00:00+00:00,1,0.46548196643417084
2026-02-05 09:05:00+00:00,0,0.45259393306075807
2026-02-05 09:10:00+00:00,0,0.4548169492066624
2026-02-05 09:15:00+00:00,0,0.45184750103481425
2026-02-05 09:20:00+00:00,0,0.4549308013080271
2026-02-05 09:25:00+00:00,0,0.4543950499619016
2026-02-05 09:30:00+00:00,0,0.4619698519370965
2026-02-05 09:35:00+00:00,0,0.4769007244303001
2026-02-05 09:40:00+00:00,1,0.47719302450487366
2026-02-05 09:45:00+00:00,1,0.4756913436339892
2026-02-05 09:50:00+00:00,1,0.4836632271539449
2026-02-05 09:55:00+00:00,1,0.48394324640301306
2026-02-05 10:00:00+00:00,0,0.4817116071417745
2026-02-05 10:05:00+00:00,0,0.4977129941678978
2026-02-05 10:10:00+00:00,0,0.48828732401228314
2026-02-05 10:15:00+00:00,0,0.4671244471291461
2026-02-05 10:20:00+00:00,0,0.47412464479327615
2026-02-05 10:25:00+00:00,0,0.479777204155083
2026-02-05 10:30:00+00:00,0,0.49974450289853756
2026-02-05 10:35:00+00:00,0,0.507709180376848
2026-02-05 10:40:00+00:00,0,0.5190965697187131
2026-02-05 10:45:00+00:00,0,0.5353930618299229
2026-02-05 10:50:00+00:00,0,0.5475378129710382
2026-02-05 10:55:00+00:00,0,0.5415280681534985
2026-02-05 11:00:00+00:00,0,0.5354051546854335
2026-02-05 11:05:00+00:00,0,0.5347501778469946
2026-02-05 11:10:00+00:00,1,0.5496328428474507
2026-02-05 11:15:00+00:00,1,0.5352389765279658
2026-02-05 11:20:00+00:00,1,0.5727831566829787
2026-02-05 11:25:00+00:00,1,0.5681665906599
2026-02-05 11:30:00+00:00,1,0.560734148048161
2026-02-05 11:35:00+00:00,0,0.523955517873823
2026-02-05 11:40:00+00:00,0,0.5087493259932513
2026-02-05 11:45:00+00:00,0,0.5191138280465089
2026-02-05 11:50:00+00:00,0,0.5161625312355969
2026-02-05 11:55:00+00:00,0,0.512554908076029
2026-02-05 12:00:00+00:00,0,0.5141168843328484
2026-02-05 12:05:00+00:00,0,0.5172205258565827
2026-02-05 12:10:00+00:00,0,0.5138967317458867
2026-02-05 12:15:00+00:00,1,0.526403504731799
2026-02-05 12:20:00+00:00,1,0.5283561582210541
2026-02-05 12:25:00+00:00,0,0.5232314406490179
2026-02-05 12:30:00+00:00,0,0.5109106778281729
2026-02-05 12:35:00+00:00,1,0.5121934726374294
2026-02-05 12:40:00+00:00,1,0.5136854623280537
2026-02-05 12:45:00+00:00,1,0.5160759555790518
2026-02-05 12:50:00+00:00,1,0.5210777143213461
2026-02-05 12:55:00+00:00,0,0.520107209580463
2026-02-05 13:00:00+00:00,0,0.4971147005306948
2026-02-05 13:05:00+00:00,0,0.4698478564335049
2026-02-05 13:10:00+00:00,0,0.4961155688007839
2026-02-05 13:15:00+00:00,0,0.5044632766919903
2026-02-05 13:20:00+00:00,0,0.49910610633456093
2026-02-05 13:25:00+00:00,0,0.5141414003323769
2026-02-05 13:30:00+00:00,0,0.49745975525678515
2026-02-05 13:35:00+00:00,0,0.5091489032149099
2026-02-05 13:40:00+00:00,0,0.5194121070753461
2026-02-05 13:45:00+00:00,1,0.5190826231105428
2026-02-05 13:50:00+00:00,1,0.5150340282523468
2026-02-05 13:55:00+00:00,1,0.5194531246487951
2026-02-05 14:00:00+00:00,1,0.49718833331668394
2026-02-05 14:05:00+00:00,1,0.5212824180280973
2026-02-05 14:10:00+00:00,1,0.5212956005219433
2026-02-05 14:15:00+00:00,1,0.5159404540773025
2026-02-05 14:20:00+00:00,1,0.47928439907090864
2026-02-05 14:25:00+00:00,0,0.47677478950959573
2026-02-05 14:30:00+00:00,0,0.4629773926534202
2026-02-05 14:35:00+00:00,0,0.4613242300350521
2026-02-05 14:40:00+00:00,0,0.46317031582145546
2026-02-05 14:45:00+00:00,0,0.4720699064954678
2026-02-05 14:50:00+00:00,0,0.4827025485638706
2026-02-05 14:55:00+00:00,0,0.5149983109762313
2026-02-05 15:00:00+00:00,0,0.5536335440759794
2026-02-05 15:05:00+00:00,0,0.5816386820222311
2026-02-05 15:10:00+00:00,0,0.5749519456633488
2026-02-05 15:15:00+00:00,0,0.5913441281703898
2026-02-05 15:20:00+00:00,1,0.6145476619143655
2026-02-05 15:25:00+00:00,1,0.6120645754038277
2026-02-05 15:30:00+00:00,1,0.6002849913472331
2026-02-05 15:35:00+00:00,0,0.6091038332669874
2026-02-05 15:40:00+00:00,0,0.6088650365109164
2026-02-05 15:45:00+00:00,0,0.6015397596862431
2026-02-05 15:50:00+00:00,1,0.5834902720256888
2026-02-05 15:55:00+00:00,1,0.5868127609025738
2026-02-05 16:00:00+00:00,1,0.5827528753455153
2026-02-05 16:05:00+00:00,1,0.5622927769869355
2026-02-05 16:10:00+00:00,1,0.5664790306609987
2026-02-05 16:15:00+00:00,1,0.5746015047673282
2026-02-05 16:20:00+00:00,0,0.5586114379653847
2026-02-05 16:25:00+00:00,0,0.563565065656411
2026-02-05 16:30:00+00:00,0,0.5666804518118818
2026-02-05 16:35:00+00:00,0,0.5720675163436321
2026-02-05 16:40:00+00:00,0,0.5560726166777964
2026-02-05 16:45:00+00:00,0,0.5518851964984642
2026-02-05 16:50:00+00:00,0,0.5621630927113082
2026-02-05 16:55:00+00:00,0,0.5556763690515246
2026-02-05 17:00:00+00:00,0,0.5673099113749401
2026-02-05 17:05:00+00:00,0,0.5683242183196543
2026-02-05 17:10:00+00:00,0,0.5785951146215307
2026-02-05 17:15:00+00:00,1,0.5855214861673423
2026-02-05 17:20:00+00:00,0,0.5659178420714068
2026-02-05 17:25:00+00:00,0,0.555421688165668
2026-02-05 17:30:00+00:00,0,0.6035229286838617
2026-02-05 17:35:00+00:00,0,0.567214218183151
2026-02-05 17:40:00+00:00,0,0.568165480589077
2026-02-05 17:45:00+00:00,0,0.5666423323920333
2026-02-05 17:50:00+00:00,0,0.5692309783195505
2026-02-05 17:55:00+00:00,0,0.5657388682874046
2026-02-05 18:00:00+00:00,0,0.559410861728956
2026-02-05 18:05:00+00:00,0,0.5621689693251144
2026-02-05 18:10:00+00:00,0,0.5517125921000026
2026-02-05 18:15:00+00:00,1,0.568138392663393
2026-02-05 18:20:00+00:00,0,0.5674347428598552
2026-02-05 18:25:00+00:00,1,0.5553479120103452
2026-02-05 18:30:00+00:00,1,0.5607457929203634
2026-02-05 18:35:00+00:00,1,0.5717400245031699
2026-02-05 18:40:00+00:00,1,0.5718443103829931
2026-02-05 18:45:00+00:00,1,0.5724312581878727
2026-02-05 18:50:00+00:00,0,0.5663139748403602
2026-02-05 18:55:00+00:00,0,0.5408216192640934
2026-02-05 19:00:00+00:00,0,0.5719380652432973
2026-02-05 19:05:00+00:00,1,0.5693927363630998
2026-02-05 19:10:00+00:00,0,0.564104358783017
2026-02-05 19:15:00+00:00,0,0.5531471944776214
2026-02-05 19:20:00+00:00,0,0.5522998406838705
2026-02-05 19:25:00+00:00,0,0.5268098571700205
2026-02-05 19:30:00+00:00,0,0.5215771521136449
2026-02-05 19:35:00+00:00,0,0.5129854339277397
2026-02-05 19:40:00+00:00,0,0.524565945539376
2026-02-05 19:45:00+00:00,0,0.5186730652863618
2026-02-05 19:50:00+00:00,0,0.5140839161374895
2026-02-05 19:55:00+00:00,0,0.5058501570288061
2026-02-05 20:00:00+00:00,0,0.5149914871743452
2026-02-05 20:05:00+00:00,0,0.49516800923988996
2026-02-05 20:10:00+00:00,0,0.5221676202203756
2026-02-05 20:15:00+00:00,0,0.6061520801254996
2026-02-05 20:20:00+00:00,0,0.6120551488675605
2026-02-05 20:25:00+00:00,1,0.6068371527135088
2026-02-05 20:30:00+00:00,1,0.5672388704710927
2026-02-05 20:35:00+00:00,1,0.5728731556720086
2026-02-05 20:40:00+00:00,0,0.5447408788896911
2026-02-05 20:45:00+00:00,0,0.5975119098897479
2026-02-05 20:50:00+00:00,1,0.6044062881518456
2026-02-05 20:55:00+00:00,1,0.5624272319511
2026-02-05 21:00:00+00:00,0,0.5514142427804142
2026-02-05 21:05:00+00:00,0,0.5631473822071089
2026-02-05 21:10:00+00:00,0,0.5518247445666301
2026-02-05 21:15:00+00:00,1,0.5878530153790257
2026-02-05 21:20:00+00:00,0,0.547761837100568
2026-02-05 21:25:00+00:00,0,0.5432972664626842
2026-02-05 21:30:00+00:00,0,0.5497961538843804
2026-02-05 21:35:00+00:00,0,0.5599233175758639
2026-02-05 21:40:00+00:00,0,0.5659123234026869
2026-02-05 21:45:00+00:00,0,0.5474096443672635
2026-02-05 21:50:00+00:00,0,0.5562892550578069
2026-02-05 21:55:00+00:00,1,0.551892566721764
2026-02-05 22:00:00+00:00,1,0.5519982463883307
2026-02-05 22:05:00+00:00,0,0.5421294973405434
2026-02-05 22:10:00+00:00,1,0.5499522050728105
2026-02-05 22:15:00+00:00,1,0.5818754844271402
2026-02-05 22:20:00+00:00,1,0.570860566708451
2026-02-05 22:25:00+00:00,0,0.5467709309186177
2026-02-05 22:30:00+00:00,1,0.5767548958982541
2026-02-05 22:35:00+00:00,1,0.572017477977464
2026-02-05 22:40:00+00:00,1,0.567587844416622
2026-02-05 22:45:00+00:00,1,0.5673683307214258
2026-02-05 22:50:00+00:00,1,0.5382849410421129
2026-02-05 22:55:00+00:00,1,0.5617283843355526
2026-02-05 23:00:00+00:00,0,0.49348712660108135
2026-02-05 23:05:00+00:00,0,0.5032047682509857
2026-02-05 23:10:00+00:00,0,0.5004570605000737
2026-02-05 23:15:00+00:00,0,0.503223737264862
2026-02-05 23:20:00+00:00,0,0.5292174098952451
2026-02-05 23:25:00+00:00,0,0.5064902241407034
2026-02-05 23:30:00+00:00,0,0.5181031245767559
2026-02-05 23:35:00+00:00,0,0.5547095575518215
2026-02-05 23:40:00+00:00,0,0.5627035081133003
2026-02-05 23:45:00+00:00,0,0.5735572192445203
2026-02-05 23:50:00+00:00,0,0.58373168580199
2026-02-05 23:55:00+00:00,0,0.5602644791117373
2026-02-06 00:00:00+00:00,0,0.5945572643652636
2026-02-06 00:05:00+00:00,0,0.6257292969978425
2026-02-06 00:10:00+00:00,1,0.587503064281631
2026-02-06 00:15:00+00:00,1,0.5896435462939495
2026-02-06 00:20:00+00:00,1,0.6074787487555782
2026-02-06 00:25:00+00:00,1,0.6243012138137666
2026-02-06 00:30:00+00:00,1,0.6456386693717814
2026-02-06 00:35:00+00:00,1,0.5862725825012334
2026-02-06 00:40:00+00:00,1,0.5920752359844998
2026-02-06 00:45:00+00:00,1,0.5699881175651411
2026-02-06 00:50:00+00:00,1,0.5456324837153698
2026-02-06 00:55:00+00:00,1,0.5500773689528654
2026-02-06 01:00:00+00:00,1,0.5403564997720199
2026-02-06 01:05:00+00:00,1,0.5382872462270621
2026-02-06 01:10:00+00:00,1,0.5322593372159306
2026-02-06 01:15:00+00:00,1,0.5405428650686909
2026-02-06 01:20:00+00:00,1,0.5303545848679962
2026-02-06 01:25:00+00:00,1,0.5036078810308433
2026-02-06 01:30:00+00:00,1,0.4923431995104218
2026-02-06 01:35:00+00:00,1,0.48652789602121854
2026-02-06 01:40:00+00:00,0,0.5042423222125645
2026-02-06 01:45:00+00:00,0,0.4927988805195492
2026-02-06 01:50:00+00:00,0,0.48855801627129586
2026-02-06 01:55:00+00:00,0,0.47768497122852616
2026-02-06 02:00:00+00:00,0,0.48797606573366425
2026-02-06 02:05:00+00:00,0,0.48895271899269743
2026-02-06 02:10:00+00:00,0,0.5184669425784608
2026-02-06 02:15:00+00:00,0,0.5271742557716972
2026-02-06 02:20:00+00:00,1,0.5451205117149314
2026-02-06 02:25:00+00:00,0,0.5334459460207363
2026-02-06 02:30:00+00:00,0,0.532180989006367
2026-02-06 02:35:00+00:00,0,0.5331997718417278
2026-02-06 02:40:00+00:00,0,0.5351268566204979
2026-02-06 02:45:00+00:00,0,0.5385996046789
2026-02-06 02:50:00+00:00,0,0.5655974011940239
2026-02-06 02:55:00+00:00,0,0.5551986045957014
2026-02-06 03:00:00+00:00,0,0.5796488517706365
2026-02-06 03:05:00+00:00,0,0.5589919026055893
2026-02-06 03:10:00+00:00,1,0.5570385152803231
2026-02-06 03:15:00+00:00,0,0.5436472228815734
2026-02-06 03:20:00+00:00,1,0.5240360374040128
2026-02-06 03:25:00+00:00,1,0.514867093625497
2026-02-06 03:30:00+00:00,1,0.4998095931031913
2026-02-06 03:35:00+00:00,0,0.49387908864086194
2026-02-06 03:40:00+00:00,1,0.5034446227214789
2026-02-06 03:45:00+00:00,1,0.5079742797685384
2026-02-06 03:50:00+00:00,1,0.5094120344113788
2026-02-06 03:55:00+00:00,1,0.47758146137815194
2026-02-06 04:00:00+00:00,1,0.4800330530754273
2026-02-06 04:05:00+00:00,1,0.4903220042973966
2026-02-06 04:10:00+00:00,1,0.47815470284689043
2026-02-06 04:15:00+00:00,1,0.4722094681357193
2026-02-06 04:20:00+00:00,0,0.474793874905738
2026-02-06 04:25:00+00:00,0,0.47140240090895313
2026-02-06 04:30:00+00:00,1,0.4714601156863757
2026-02-06 04:35:00+00:00,1,0.46376368759220576
2026-02-06 04:40:00+00:00,1,0.46544840906483403
2026-02-06 04:45:00+00:00,1,0.4541223467108803
2026-02-06 04:50:00+00:00,1,0.4631843167573833
2026-02-06 04:55:00+00:00,1,0.46362294710206065
2026-02-06 05:00:00+00:00,1,0.45264750981241897
2026-02-06 05:05:00+00:00,1,0.454965629091905
2026-02-06 05:10:00+00:00,1,0.46993340886884755
2026-02-06 05:15:00+00:00,1,0.481303216461421
2026-02-06 05:20:00+00:00,1,0.474064782202797
2026-02-06 05:25:00+00:00,1,0.48000423526072955
2026-02-06 05:30:00+00:00,1,0.4734914093531878
2026-02-06 05:35:00+00:00,1,0.4527824488325141
2026-02-06 05:40:00+00:00,1,0.45495886850989337
2026-02-06 05:45:00+00:00,1,0.45515289099702805
2026-02-06 05:50:00+00:00,0,0.45301227050701215
2026-02-06 05:55:00+00:00,0,0.45421867420695233
2026-02-06 06:00:00+00:00,0,0.45986200112479225
2026-02-06 06:05:00+00:00,0,0.4610153527381795
2026-02-06 06:10:00+00:00,0,0.45977177003955616
2026-02-06 06:15:00+00:00,0,0.4714565273048341
2026-02-06 06:20:00+00:00,0,0.471641530138773
2026-02-06 06:25:00+00:00,0,0.4918252037159793
2026-02-06 06:30:00+00:00,0,0.49074860917422314
2026-02-06 06:35:00+00:00,0,0.49531459377727693
2026-02-06 06:40:00+00:00,0,0.5105290152693263
2026-02-06 06:45:00+00:00,0,0.5143501418602977
2026-02-06 06:50:00+00:00,0,0.5150658178819132
2026-02-06 06:55:00+00:00,0,0.5153269243944476
2026-02-06 07:00:00+00:00,1,0.5275404378492251
2026-02-06 07:05:00+00:00,1,0.5587002362074743
2026-02-06 07:10:00+00:00,1,0.5310887316871292
2026-02-06 07:15:00+00:00,1,0.5331514764000927
2026-02-06 07:20:00+00:00,0,0.5366126767779402
2026-02-06 07:25:00+00:00,0,0.522840573847935
2026-02-06 07:30:00+00:00,0,0.5164031220859155
2026-02-06 07:35:00+00:00,1,0.5118406804968969
2026-02-06 07:40:00+00:00,0,0.5158796377858151
2026-02-06 07:45:00+00:00,0,0.5284213664533347
2026-02-06 07:50:00+00:00,0,0.5356325020194572
2026-02-06 07:55:00+00:00,0,0.5330147821974971
2026-02-06 08:00:00+00:00,0,0.5354068825667831
2026-02-06 08:05:00+00:00,0,0.4927671344018465
2026-02-06 08:10:00+00:00,0,0.5014082583606938
2026-02-06 08:15:00+00:00,1,0.5162355619137851
2026-02-06 08:20:00+00:00,1,0.5135140808838792
2026-02-06 08:25:00+00:00,1,0.5089702588932862
2026-02-06 08:30:00+00:00,1,0.5193698797067765
2026-02-06 08:35:00+00:00,1,0.49743694649334996
2026-02-06 08:40:00+00:00,1,0.5023295891130969
2026-02-06 08:45:00+00:00,1,0.49090559011471524
2026-02-06 08:50:00+00:00,1,0.4970764289883908
2026-02-06 08:55:00+00:00,1,0.5000566956357834
2026-02-06 09:00:00+00:00,1,0.49895156728586315
2026-02-06 09:05:00+00:00,1,0.4962250299648013
2026-02-06 09:10:00+00:00,1,0.4993941575686857
2026-02-06 09:15:00+00:00,1,0.4978678821932758
2026-02-06 09:20:00+00:00,1,0.4680941561867445
2026-02-06 09:25:00+00:00,1,0.4614221217326184
2026-02-06 09:30:00+00:00,1,0.45285601813085863
2026-02-06 09:35:00+00:00,1,0.45806461854286906
2026-02-06 09:40:00+00:00,1,0.45344439353445204
2026-02-06 09:45:00+00:00,1,0.4536967303489764
2026-02-06 09:50:00+00:00,0,0.4543179816202646
2026-02-06 09:55:00+00:00,1,0.46356055480995556
2026-02-06 10:00:00+00:00,1,0.45517283414816245
2026-02-06 10:05:00+00:00,1,0.4533351534672388
2026-02-06 10:10:00+00:00,1,0.4623781797961273
2026-02-06 10:15:00+00:00,0,0.4561800709174298
2026-02-06 10:20:00+00:00,1,0.4569505150691972
2026-02-06 10:25:00+00:00,1,0.45489231825324117
2026-02-06 10:30:00+00:00,1,0.45519452804577937
2026-02-06 10:35:00+00:00,1,0.4541912790454207
2026-02-06 10:40:00+00:00,1,0.4535273233627236
2026-02-06 10:45:00+00:00,0,0.4545448620067551
2026-02-06 10:50:00+00:00,0,0.4548108081611011
2026-02-06 10:55:00+00:00,0,0.45382817511012824
2026-02-06 11:00:00+00:00,1,0.4640480855595376
2026-02-06 11:05:00+00:00,1,0.4650971956882904
2026-02-06 11:10:00+00:00,0,0.46057582685918086
2026-02-06 11:15:00+00:00,1,0.48000956202813627
2026-02-06 11:20:00+00:00,1,0.4804914778511491
2026-02-06 11:25:00+00:00,0,0.46213348452581665
2026-02-06 11:30:00+00:00,0,0.4653501915380598
2026-02-06 11:35:00+00:00,0,0.46677163109089936
2026-02-06 11:40:00+00:00,0,0.4822533346636673
2026-02-06 11:45:00+00:00,0,0.484198977050901
2026-02-06 11:50:00+00:00,0,0.48393682900813606
2026-02-06 11:55:00+00:00,0,0.4878730788691455
2026-02-06 12:00:00+00:00,0,0.5132197830052367
2026-02-06 12:05:00+00:00,1,0.5119002192395379
2026-02-06 12:10:00+00:00,1,0.5142996400728169
2026-02-06 12:15:00+00:00,1,0.509343466189978
2026-02-06 12:20:00+00:00,0,0.5077337583005347
2026-02-06 12:25:00+00:00,1,0.5130791813517076
2026-02-06 12:30:00+00:00,1,0.5121674147098932
2026-02-06 12:35:00+00:00,1,0.5118227338443397
2026-02-06 12:40:00+00:00,1,0.5074029128934822
2026-02-06 12:45:00+00:00,1,0.512321955628449
2026-02-06 12:50:00+00:00,1,0.4859850363153345
2026-02-06 12:55:00+00:00,1,0.47483349427944205
2026-02-06 13:00:00+00:00,1,0.47100950398271124
2026-02-06 13:05:00+00:00,1,0.48731282004047183
2026-02-06 13:10:00+00:00,1,0.4643446952871113
2026-02-06 13:15:00+00:00,0,0.4623751536732938
2026-02-06 13:20:00+00:00,0,0.45768085188217306
2026-02-06 13:25:00+00:00,0,0.4736981445935933
2026-02-06 13:30:00+00:00,0,0.4638044648825832
2026-02-06 13:35:00+00:00,0,0.46498881661989905
2026-02-06 13:40:00+00:00,0,0.4660281584800891
2026-02-06 13:45:00+00:00,0,0.4645389056286882
2026-02-06 13:50:00+00:00,0,0.46336277336307985
2026-02-06 13:55:00+00:00,0,0.49936382450924705
2026-02-06 14:00:00+00:00,1,0.5045586163236873
2026-02-06 14:05:00+00:00,1,0.5038994213060081
2026-02-06 14:10:00+00:00,1,0.49583939257773557
2026-02-06 14:15:00+00:00,1,0.508713503231935
2026-02-06 14:20:00+00:00,1,0.514353752127096
2026-02-06 14:25:00+00:00,1,0.5038556516893654
2026-02-06 14:30:00+00:00,1,0.4641561638983985
2026-02-06 14:35:00+00:00,1,0.4653678386480626
2026-02-06 14:40:00+00:00,0,0.46578487238760197
2026-02-06 14:45:00+00:00,1,0.4701438842390895
2026-02-06 14:50:00+00:00,1,0.4660098252914768
2026-02-06 14:55:00+00:00,1,0.46541233644345525
2026-02-06 15:00:00+00:00,1,0.4764866782874527
2026-02-06 15:05:00+00:00,1,0.47232939944054847
2026-02-06 15:10:00+00:00,1,0.47916978878247013
2026-02-06 15:15:00+00:00,1,0.4696993341143537
2026-02-06 15:20:00+00:00,1,0.469763550242357
2026-02-06 15:25:00+00:00,1,0.47165790886686665
2026-02-06 15:30:00+00:00,1,0.46964457306293894
2026-02-06 15:35:00+00:00,1,0.47129142480461217
2026-02-06 15:40:00+00:00,1,0.47378006499558134
2026-02-06 15:45:00+00:00,1,0.4673014055186362
2026-02-06 15:50:00+00:00,1,0.4686304122237807
2026-02-06 15:55:00+00:00,1,0.4681585108135806
2026-02-06 16:00:00+00:00,1,0.4729244305714277
2026-02-06 16:05:00+00:00,1,0.4720037028046499
2026-02-06 16:10:00+00:00,1,0.47372857524009676
2026-02-06 16:15:00+00:00,1,0.4859772793805466
2026-02-06 16:20:00+00:00,1,0.49973356327583174
2026-02-06 16:25:00+00:00,1,0.5130860044957068
2026-02-06 16:30:00+00:00,0,0.5355898604158742
2026-02-06 16:35:00+00:00,1,0.5137260173518537
2026-02-06 16:40:00+00:00,1,0.5126594628077552
2026-02-06 16:45:00+00:00,1,0.5128724421279327
2026-02-06 16:50:00+00:00,1,0.5338949174286585
2026-02-06 16:55:00+00:00,1,0.5348649549148758
2026-02-06 17:00:00+00:00,1,0.5193783490371452
2026-02-06 17:05:00+00:00,1,0.5217421878334824
2026-02-06 17:10:00+00:00,1,0.5176188244004066
2026-02-06 17:15:00+00:00,1,0.5164219790230236
2026-02-06 17:20:00+00:00,1,0.5203468975490888
2026-02-06 17:25:00+00:00,0,0.5252564605129401
2026-02-06 17:30:00+00:00,0,0.5130655824869117
2026-02-06 17:35:00+00:00,0,0.5142811462067979
2026-02-06 17:40:00+00:00,0,0.5181617341416096
2026-02-06 17:45:00+00:00,0,0.5105012109620434
2026-02-06 17:50:00+00:00,0,0.504233517855037
2026-02-06 17:55:00+00:00,0,0.5009713437254262
2026-02-06 18:00:00+00:00,0,0.5112767416456502
2026-02-06 18:05:00+00:00,1,0.5409687260633684
2026-02-06 18:10:00+00:00,0,0.5153186257758751
2026-02-06 18:15:00+00:00,1,0.5186978361201537
2026-02-06 18:20:00+00:00,1,0.526676978051201
2026-02-06 18:25:00+00:00,1,0.5167139861831666
2026-02-06 18:30:00+00:00,1,0.5148858252373352
2026-02-06 18:35:00+00:00,0,0.5120137312769644
2026-02-06 18:40:00+00:00,0,0.5128446402645589
2026-02-06 18:45:00+00:00,0,0.5145819892998083
2026-02-06 18:50:00+00:00,0,0.5137428710939206
2026-02-06 18:55:00+00:00,0,0.5166895695903492
2026-02-06 19:00:00+00:00,0,0.5155515741579216
2026-02-06 19:05:00+00:00,1,0.5192151679656134
2026-02-06 19:10:00+00:00,1,0.5191737678413207
2026-02-06 19:15:00+00:00,1,0.518598314277454
2026-02-06 19:20:00+00:00,1,0.5150408817899329
2026-02-06 19:25:00+00:00,1,0.5114036193867221
2026-02-06 19:30:00+00:00,1,0.506084411549655
2026-02-06 19:35:00+00:00,0,0.5071097715937891
2026-02-06 19:40:00+00:00,0,0.5066339003375849
2026-02-06 19:45:00+00:00,0,0.4811382407470694
2026-02-06 19:50:00+00:00,0,0.4882999995863445
2026-02-06 19:55:00+00:00,0,0.48447294753008746
2026-02-06 20:00:00+00:00,1,0.494461805012315
2026-02-06 20:05:00+00:00,1,0.5039342708316447
2026-02-06 20:10:00+00:00,1,0.5103506695674116
2026-02-06 20:15:00+00:00,1,0.5140222029668363
2026-02-06 20:20:00+00:00,1,0.5113191053897165
2026-02-06 20:25:00+00:00,1,0.5105735898315981
2026-02-06 20:30:00+00:00,0,0.47100172336601004
2026-02-06 20:35:00+00:00,0,0.4795220176511862
2026-02-06 20:40:00+00:00,0,0.48520373923427806
2026-02-06 20:45:00+00:00,1,0.4834878656829804
2026-02-06 20:50:00+00:00,1,0.4838884407291634
2026-02-06 20:55:00+00:00,1,0.5102244946007928
2026-02-06 21:00:00+00:00,1,0.5109031959970272
2026-02-06 21:05:00+00:00,1,0.5126327979876224
2026-02-06 21:10:00+00:00,1,0.5119810018187811
2026-02-06 21:15:00+00:00,1,0.48520029699828326
2026-02-06 21:20:00+00:00,0,0.4769759916853014
2026-02-06 21:25:00+00:00,1,0.4782843862601806
2026-02-06 21:30:00+00:00,1,0.49357961255020544
2026-02-06 21:35:00+00:00,1,0.4828094205418462
2026-02-06 21:40:00+00:00,1,0.4837580610420289
2026-02-06 21:45:00+00:00,1,0.4782774163745473
2026-02-06 21:50:00+00:00,1,0.4793489653611362
2026-02-06 21:55:00+00:00,1,0.46841325828244024
2026-02-06 22:00:00+00:00,1,0.466696144370523
2026-02-06 22:05:00+00:00,1,0.46508504836613596
2026-02-06 22:10:00+00:00,1,0.46979003160084104
2026-02-06 22:15:00+00:00,1,0.4697103189842664
2026-02-06 22:20:00+00:00,1,0.46737387543459774
2026-02-06 22:25:00+00:00,1,0.46634267606340063
2026-02-06 22:30:00+00:00,1,0.45708309648162415
2026-02-06 22:35:00+00:00,0,0.45318605925834565
2026-02-06 22:40:00+00:00,0,0.4619544084064969
2026-02-06 22:45:00+00:00,0,0.45085038140031664
2026-02-06 22:50:00+00:00,0,0.4509505189858452
2026-02-06 22:55:00+00:00,0,0.460369629176823
2026-02-06 23:00:00+00:00,0,0.4408555259930483
2026-02-06 23:05:00+00:00,0,0.4600880775754716
2026-02-06 23:10:00+00:00,0,0.4790657072277515
2026-02-06 23:15:00+00:00,1,0.5007800058146458
2026-02-06 23:20:00+00:00,1,0.4995042052779703
2026-02-06 23:25:00+00:00,1,0.4858702589198293
2026-02-06 23:30:00+00:00,0,0.4750741818824412
2026-02-06 23:35:00+00:00,0,0.4847430270569963
2026-02-06 23:40:00+00:00,0,0.48814217760188217
2026-02-06 23:45:00+00:00,0,0.50889531384406
2026-02-06 23:50:00+00:00,0,0.5018195112070617
2026-02-06 23:55:00+00:00,0,0.5030092139440374
2026-02-07 00:00:00+00:00,0,0.5181853699906097
2026-02-07 00:05:00+00:00,0,0.5218467587862552
2026-02-07 00:10:00+00:00,0,0.511287631310997
2026-02-07 00:15:00+00:00,0,0.5241171906535037
2026-02-07 00:20:00+00:00,1,0.5214049650352625
2026-02-07 00:25:00+00:00,1,0.5221294008460846
2026-02-07 00:30:00+00:00,1,0.5181637894276586
2026-02-07 00:35:00+00:00,1,0.5275327077407344
2026-02-07 00:40:00+00:00,0,0.5362089020969167
2026-02-07 00:45:00+00:00,0,0.5203543230033986
2026-02-07 00:50:00+00:00,0,0.5070145071543074
2026-02-07 00:55:00+00:00,0,0.5111197702662794
2026-02-07 01:00:00+00:00,1,0.5131350222477169
2026-02-07 01:05:00+00:00,1,0.5125052149118151
2026-02-07 01:10:00+00:00,1,0.5208371316686237
2026-02-07 01:15:00+00:00,1,0.5125588524073127
2026-02-07 01:20:00+00:00,1,0.5139332553565132
2026-02-07 01:25:00+00:00,1,0.5066223132717605
2026-02-07 01:30:00+00:00,1,0.5059106667522216
2026-02-07 01:35:00+00:00,0,0.47770052234194915
2026-02-07 01:40:00+00:00,1,0.4887198336830337
2026-02-07 01:45:00+00:00,0,0.4625327475782812
2026-02-07 01:50:00+00:00,0,0.46733256192920014
2026-02-07 01:55:00+00:00,0,0.46560727825801507
2026-02-07 02:00:00+00:00,0,0.4750439364428432
2026-02-07 02:05:00+00:00,1,0.4969727900651479
2026-02-07 02:10:00+00:00,0,0.47736446738100413
2026-02-07 02:15:00+00:00,0,0.477464061281819
2026-02-07 02:20:00+00:00,0,0.4693153127623571
2026-02-07 02:25:00+00:00,1,0.47986465816652013
2026-02-07 02:30:00+00:00,1,0.4968067070798344
2026-02-07 02:35:00+00:00,1,0.4833940602316366
2026-02-07 02:40:00+00:00,1,0.507031891380752
2026-02-07 02:45:00+00:00,1,0.5064307795938536
2026-02-07 02:50:00+00:00,1,0.48726070376133046
2026-02-07 02:55:00+00:00,1,0.4677601285917484
2026-02-07 03:00:00+00:00,1,0.46666830635510353
2026-02-07 03:05:00+00:00,1,0.4670529053492589
2026-02-07 03:10:00+00:00,1,0.46978233270271025
2026-02-07 03:15:00+00:00,1,0.4854583258934181
2026-02-07 03:20:00+00:00,1,0.4861083236471339
2026-02-07 03:25:00+00:00,0,0.4715311936314267
2026-02-07 03:30:00+00:00,1,0.4859841789736651
2026-02-07 03:35:00+00:00,1,0.4642082628670701
2026-02-07 03:40:00+00:00,1,0.4616648081378377
2026-02-07 03:45:00+00:00,1,0.4682332102476204
2026-02-07 03:50:00+00:00,1,0.4701857372245006
2026-02-07 03:55:00+00:00,0,0.4720545831855932
2026-02-07 04:00:00+00:00,0,0.46110544940813447
2026-02-07 04:05:00+00:00,0,0.46368095126540276
2026-02-07 04:10:00+00:00,0,0.4556760473527164
2026-02-07 04:15:00+00:00,0,0.4583571701585089
2026-02-07 04:20:00+00:00,0,0.4557197896785887
2026-02-07 04:25:00+00:00,0,0.4805817766129731
2026-02-07 04:30:00+00:00,0,0.46604893250834045
2026-02-07 04:35:00+00:00,1,0.49462608477442466
2026-02-07 04:40:00+00:00,1,0.49255358748421096
2026-02-07 04:45:00+00:00,1,0.4971968077418905
2026-02-07 04:50:00+00:00,1,0.4992335257759979
2026-02-07 04:55:00+00:00,0,0.5018274804821984
2026-02-07 05:00:00+00:00,0,0.4997321582322572
2026-02-07 05:05:00+00:00,0,0.5010455918271748
2026-02-07 05:10:00+00:00,0,0.49932243229883383
2026-02-07 05:15:00+00:00,0,0.5020701746814775
2026-02-07 05:20:00+00:00,0,0.4796779745815119
2026-02-07 05:25:00+00:00,0,0.5009209448550103
2026-02-07 05:30:00+00:00,0,0.5040517670043537
2026-02-07 05:35:00+00:00,0,0.5105328434195527
2026-02-07 05:40:00+00:00,0,0.5027903244610379
2026-02-07 05:45:00+00:00,0,0.5030907286663083
2026-02-07 05:50:00+00:00,0,0.503720624784295
2026-02-07 05:55:00+00:00,0,0.503557605848495
2026-02-07 06:00:00+00:00,0,0.5064065979196447
2026-02-07 06:05:00+00:00,0,0.5047001761778678
2026-02-07 06:10:00+00:00,0,0.5069443286359744
2026-02-07 06:15:00+00:00,0,0.5084140450874133
2026-02-07 06:20:00+00:00,0,0.5058483710276837
2026-02-07 06:25:00+00:00,0,0.5059992075621564
2026-02-07 06:30:00+00:00,0,0.5051240565112599
2026-02-07 06:35:00+00:00,0,0.5063517569974152
2026-02-07 06:40:00+00:00,0,0.5069360490685625
2026-02-07 06:45:00+00:00,0,0.5145550038287795
2026-02-07 06:50:00+00:00,0,0.5377676018528567
2026-02-07 06:55:00+00:00,0,0.5578725463904369
2026-02-07 07:00:00+00:00,0,0.5675043066203012
2026-02-07 07:05:00+00:00,0,0.5853885258941783
2026-02-07 07:10:00+00:00,1,0.5962322057193579
2026-02-07 07:15:00+00:00,1,0.6092219986572941
2026-02-07 07:20:00+00:00,1,0.5565535360490035
2026-02-07 07:25:00+00:00,0,0.5401090413921346
2026-02-07 07:30:00+00:00,0,0.5389097732823669
2026-02-07 07:35:00+00:00,0,0.5373382007930054
2026-02-07 07:40:00+00:00,0,0.5192061868120806
2026-02-07 07:45:00+00:00,0,0.5224989798413906
2026-02-07 07:50:00+00:00,0,0.5154753033419786
2026-02-07 07:55:00+00:00,0,0.5158741619188224
2026-02-07 08:00:00+00:00,1,0.5210317455892064
2026-02-07 08:05:00+00:00,0,0.5272386124549283
2026-02-07 08:10:00+00:00,1,0.527324209456963
2026-02-07 08:15:00+00:00,1,0.5253844058713352
2026-02-07 08:20:00+00:00,1,0.5060697495680647
2026-02-07 08:25:00+00:00,1,0.5205136572050645
2026-02-07 08:30:00+00:00,1,0.5089564130396549
2026-02-07 08:35:00+00:00,1,0.5147055309876427
2026-02-07 08:40:00+00:00,1,0.5117920875293511
2026-02-07 08:45:00+00:00,1,0.5083187386185479
2026-02-07 08:50:00+00:00,1,0.4907010842159862
2026-02-07 08:55:00+00:00,1,0.490104982407377
2026-02-07 09:00:00+00:00,0,0.4929095977727731
2026-02-07 09:05:00+00:00,0,0.47799126883517395
2026-02-07 09:10:00+00:00,0,0.4632460529538128
2026-02-07 09:15:00+00:00,0,0.46239932811999745
2026-02-07 09:20:00+00:00,0,0.4729011150880008
2026-02-07 09:25:00+00:00,0,0.5082685248550122
2026-02-07 09:30:00+00:00,1,0.5145571113060594
2026-02-07 09:35:00+00:00,1,0.5109495725078503
2026-02-07 09:40:00+00:00,0,0.5011683015810096
2026-02-07 09:45:00+00:00,1,0.5102029917859237
2026-02-07 09:50:00+00:00,1,0.5028021349164721
2026-02-07 09:55:00+00:00,0,0.5008586320235894
2026-02-07 10:00:00+00:00,0,0.5099219729731618
2026-02-07 10:05:00+00:00,0,0.5172616190400524
2026-02-07 10:10:00+00:00,0,0.5119546863774432
2026-02-07 10:15:00+00:00,0,0.509123643430615
2026-02-07 10:20:00+00:00,0,0.5001319840711159
2026-02-07 10:25:00+00:00,1,0.5099442419992032
2026-02-07 10:30:00+00:00,1,0.513797785490738
2026-02-07 10:35:00+00:00,1,0.5201018011113363
2026-02-07 10:40:00+00:00,1,0.5129381467588259
2026-02-07 10:45:00+00:00,1,0.5148041467697438
2026-02-07 10:50:00+00:00,0,0.5090589233056516
2026-02-07 10:55:00+00:00,1,0.4998154518393565
2026-02-07 11:00:00+00:00,0,0.48327276509821326
2026-02-07 11:05:00+00:00,0,0.5001376942507775
2026-02-07 11:10:00+00:00,1,0.5255888390807059
2026-02-07 11:15:00+00:00,0,0.48913307914500753
2026-02-07 11:20:00+00:00,1,0.517927229033817
2026-02-07 11:25:00+00:00,1,0.4837609264545483
2026-02-07 11:30:00+00:00,1,0.48578434687099764
2026-02-07 11:35:00+00:00,1,0.4884226439121279
2026-02-07 11:40:00+00:00,1,0.5105298267264727
2026-02-07 11:45:00+00:00,1,0.46721853914858436
2026-02-07 11:50:00+00:00,1,0.47888414719697403
2026-02-07 11:55:00+00:00,1,0.45972828584952763
2026-02-07 12:00:00+00:00,1,0.45171938512055965
2026-02-07 12:05:00+00:00,1,0.4518566649671129
2026-02-07 12:10:00+00:00,1,0.452935699067983
2026-02-07 12:15:00+00:00,0,0.4738929985292367
2026-02-07 12:20:00+00:00,0,0.45627937795648366
2026-02-07 12:25:00+00:00,0,0.463746366020186
2026-02-07 12:30:00+00:00,0,0.45816220555534287
2026-02-07 12:35:00+00:00,0,0.4661660406411334
2026-02-07 12:40:00+00:00,0,0.46852564272233815
2026-02-07 12:45:00+00:00,0,0.4576456003441664
2026-02-07 12:50:00+00:00,0,0.4642085086992639
2026-02-07 12:55:00+00:00,0,0.45565316663317157
2026-02-07 13:00:00+00:00,0,0.46236504374277543
2026-02-07 13:05:00+00:00,0,0.45902511479660263
2026-02-07 13:10:00+00:00,0,0.484792088183805
2026-02-07 13:15:00+00:00,0,0.47742838836208695
2026-02-07 13:20:00+00:00,0,0.4810540227692662
2026-02-07 13:25:00+00:00,0,0.4824154806840388
2026-02-07 13:30:00+00:00,1,0.49774039996032793
2026-02-07 13:35:00+00:00,1,0.5013364619488948
2026-02-07 13:40:00+00:00,1,0.49946608376691193
2026-02-07 13:45:00+00:00,0,0.49148948526797687
2026-02-07 13:50:00+00:00,0,0.49733434006565447
2026-02-07 13:55:00+00:00,0,0.49137081080711054
2026-02-07 14:00:00+00:00,0,0.5069850689410711
2026-02-07 14:05:00+00:00,0,0.507389572029208
2026-02-07 14:10:00+00:00,0,0.5104381152363272
2026-02-07 14:15:00+00:00,0,0.5079122304216478
2026-02-07 14:20:00+00:00,0,0.5077500061639435
2026-02-07 14:25:00+00:00,0,0.4995694296949639
2026-02-07 14:30:00+00:00,0,0.5073806004630683
2026-02-07 14:35:00+00:00,1,0.532826061048409
2026-02-07 14:40:00+00:00,1,0.5126107443762007
2026-02-07 14:45:00+00:00,1,0.5339004424728857
2026-02-07 14:50:00+00:00,1,0.5149121299251427
2026-02-07 14:55:00+00:00,1,0.5176759596038313
2026-02-07 15:00:00+00:00,1,0.505824698778833
2026-02-07 15:05:00+00:00,1,0.5076671474642827
2026-02-07 15:10:00+00:00,1,0.5038130086082345
2026-02-07 15:15:00+00:00,1,0.506390361191201
2026-02-07 15:20:00+00:00,1,0.4973762567725275
2026-02-07 15:25:00+00:00,1,0.5053666672229745
2026-02-07 15:30:00+00:00,1,0.4729946377732639
2026-02-07 15:35:00+00:00,1,0.47369909915723196
2026-02-07 15:40:00+00:00,1,0.4827116212283799
2026-02-07 15:45:00+00:00,1,0.47299729636649895
2026-02-07 15:50:00+00:00,1,0.47628416822419195
2026-02-07 15:55:00+00:00,1,0.4727070340721716
2026-02-07 16:00:00+00:00,1,0.4711082041094933
2026-02-07 16:05:00+00:00,1,0.4736202138738044
2026-02-07 16:10:00+00:00,0,0.4832651419071253
2026-02-07 16:15:00+00:00,0,0.5021069327064842
2026-02-07 16:20:00+00:00,0,0.4975673218177627
2026-02-07 16:25:00+00:00,0,0.5006222630300065
2026-02-07 16:30:00+00:00,0,0.48636492941784587
2026-02-07 16:35:00+00:00,0,0.48129677618703665
2026-02-07 16:40:00+00:00,0,0.47895387495000785
2026-02-07 16:45:00+00:00,0,0.48449884455153674
2026-02-07 16:50:00+00:00,0,0.49728598675053826
2026-02-07 16:55:00+00:00,0,0.4980095931277986
2026-02-07 17:00:00+00:00,0,0.4922344922863892
2026-02-07 17:05:00+00:00,1,0.5125861751080434
2026-02-07 17:10:00+00:00,1,0.5102907325655754
2026-02-07 17:15:00+00:00,1,0.5009478627229536
2026-02-07 17:20:00+00:00,1,0.5073954970886857
2026-02-07 17:25:00+00:00,0,0.5052694551703598
2026-02-07 17:30:00+00:00,1,0.5028124116476294
2026-02-07 17:35:00+00:00,0,0.47745960485852146
2026-02-07 17:40:00+00:00,0,0.4980011604469587
2026-02-07 17:45:00+00:00,1,0.5066351296860617
2026-02-07 17:50:00+00:00,1,0.5152351360876047
2026-02-07 17:55:00+00:00,1,0.5108195393705651
2026-02-07 18:00:00+00:00,1,0.511725113873237
2026-02-07 18:05:00+00:00,1,0.5085951212029518
2026-02-07 18:10:00+00:00,1,0.5159944762705977
2026-02-07 18:15:00+00:00,1,0.47688941148182207
2026-02-07 18:20:00+00:00,1,0.47615116564449317
2026-02-07 18:25:00+00:00,1,0.4694617609675221
2026-02-07 18:30:00+00:00,0,0.46924775324584467
2026-02-07 18:35:00+00:00,0,0.47091300665618385
2026-02-07 18:40:00+00:00,0,0.47006890075318297
2026-02-07 18:45:00+00:00,0,0.47298011884743685
2026-02-07 18:50:00+00:00,0,0.4765789484070321
2026-02-07 18:55:00+00:00,0,0.47902602463833305
2026-02-07 19:00:00+00:00,0,0.4850388462681295
2026-02-07 19:05:00+00:00,0,0.48732051425545153
2026-02-07 19:10:00+00:00,0,0.4847076710651659
2026-02-07 19:15:00+00:00,0,0.4888585249240218
2026-02-07 19:20:00+00:00,0,0.474995031123679
2026-02-07 19:25:00+00:00,0,0.48411079208328145
2026-02-07 19:30:00+00:00,1,0.5032570900195994
2026-02-07 19:35:00+00:00,0,0.4993667299976551
2026-02-07 19:40:00+00:00,0,0.4895512569237797
2026-02-07 19:45:00+00:00,0,0.5040622672769625
2026-02-07 19:50:00+00:00,0,0.5068212228694766
2026-02-07 19:55:00+00:00,0,0.5129772573656463
2026-02-07 20:00:00+00:00,0,0.5104134729510222
2026-02-07 20:05:00+00:00,1,0.5160995830143797
2026-02-07 20:10:00+00:00,0,0.5101145836674394
2026-02-07 20:15:00+00:00,0,0.5152452905749644
2026-02-07 20:20:00+00:00,1,0.509488260699533
2026-02-07 20:25:00+00:00,1,0.5120909096837046
2026-02-07 20:30:00+00:00,1,0.5130235005683186
2026-02-07 20:35:00+00:00,1,0.5082368339510286
2026-02-07 20:40:00+00:00,1,0.513504747347014
2026-02-07 20:45:00+00:00,1,0.5146360340688362
2026-02-07 20:50:00+00:00,0,0.5021380359996336
2026-02-07 20:55:00+00:00,0,0.5090784578645715
2026-02-07 21:00:00+00:00,1,0.505209296015494
2026-02-07 21:05:00+00:00,0,0.5058587046767274
2026-02-07 21:10:00+00:00,0,0.5113859463632335
2026-02-07 21:15:00+00:00,0,0.5140076955750225
2026-02-07 21:20:00+00:00,0,0.5057233261962635
2026-02-07 21:25:00+00:00,0,0.49623476745877687
2026-02-07 21:30:00+00:00,0,0.4860664223233582
2026-02-07 21:35:00+00:00,1,0.5110777134567516
2026-02-07 21:40:00+00:00,0,0.5008917356247773
2026-02-07 21:45:00+00:00,0,0.5101841620362616
2026-02-07 21:50:00+00:00,0,0.5041779981322368
2026-02-07 21:55:00+00:00,1,0.5041480978141835
2026-02-07 22:00:00+00:00,0,0.5063404409905268
2026-02-07 22:05:00+00:00,0,0.48375510149568623
2026-02-07 22:10:00+00:00,0,0.5026468129907883
2026-02-07 22:15:00+00:00,0,0.507821126238657
2026-02-07 22:20:00+00:00,0,0.5063184271095931
2026-02-07 22:25:00+00:00,0,0.4964184596346097
2026-02-07 22:30:00+00:00,0,0.5099982491040692
2026-02-07 22:35:00+00:00,0,0.5206334131467323
2026-02-07 22:40:00+00:00,0,0.5155080761255224
2026-02-07 22:45:00+00:00,0,0.5182667517303168
2026-02-07 22:50:00+00:00,0,0.5165321968971166
2026-02-07 22:55:00+00:00,0,0.5175084031332894
2026-02-07 23:00:00+00:00,0,0.5226200600201453
2026-02-07 23:05:00+00:00,1,0.5265049781952443
2026-02-07 23:10:00+00:00,0,0.5084995406828816
2026-02-07 23:15:00+00:00,1,0.5276774365048551
2026-02-07 23:20:00+00:00,1,0.5277518379537185
2026-02-07 23:25:00+00:00,1,0.5206802345168943
2026-02-07 23:30:00+00:00,1,0.5180050051356136
2026-02-07 23:35:00+00:00,0,0.5191532839668048
2026-02-07 23:40:00+00:00,0,0.5220508194390759
2026-02-07 23:45:00+00:00,0,0.5107230463061825
2026-02-07 23:50:00+00:00,0,0.5112248705455638
2026-02-07 23:55:00+00:00,0,0.5246236953523526
2026-02-08 00:00:00+00:00,0,0.5207628252044071
2026-02-08 00:05:00+00:00,1,0.5257791361330973
2026-02-08 00:10:00+00:00,0,0.5181002529726094
2026-02-08 00:15:00+00:00,1,0.5259909657201122
2026-02-08 00:20:00+00:00,0,0.527428313413635
2026-02-08 00:25:00+00:00,1,0.5251705367368675
2026-02-08 00:30:00+00:00,1,0.5147867325075098
2026-02-08 00:35:00+00:00,1,0.5069166103523581
2026-02-08 00:40:00+00:00,1,0.5283872797105766
2026-02-08 00:45:00+00:00,1,0.4981154733860355
2026-02-08 00:50:00+00:00,1,0.519252326645743
2026-02-08 00:55:00+00:00,0,0.49626680797292577
2026-02-08 01:00:00+00:00,0,0.4720340331575049
2026-02-08 01:05:00+00:00,0,0.4711874710693039
2026-02-08 01:10:00+00:00,0,0.47121443529697443
2026-02-08 01:15:00+00:00,0,0.48525733441683694
2026-02-08 01:20:00+00:00,0,0.5229860690443147
2026-02-08 01:25:00+00:00,1,0.518951411765975
2026-02-08 01:30:00+00:00,0,0.518444632176568
2026-02-08 01:35:00+00:00,0,0.4850398145894801
2026-02-08 01:40:00+00:00,0,0.5173117123257301
2026-02-08 01:45:00+00:00,1,0.5200624203967744
2026-02-08 01:50:00+00:00,1,0.5174216085516256
2026-02-08 01:55:00+00:00,0,0.5272252543979661
2026-02-08 02:00:00+00:00,0,0.5163657554269824
2026-02-08 02:05:00+00:00,0,0.4955059545059465
2026-02-08 02:10:00+00:00,0,0.5140279194754257
2026-02-08 02:15:00+00:00,0,0.5130178461686334
2026-02-08 02:20:00+00:00,0,0.4969188913602228
2026-02-08 02:25:00+00:00,0,0.5156305933267961
2026-02-08 02:30:00+00:00,0,0.5182187896305781
2026-02-08 02:35:00+00:00,0,0.5208932251075626
2026-02-08 02:40:00+00:00,0,0.5144789104652838
2026-02-08 02:45:00+00:00,0,0.5155024616031899
2026-02-08 02:50:00+00:00,1,0.5214659315028465
2026-02-08 02:55:00+00:00,0,0.5141832631004991
2026-02-08 03:00:00+00:00,1,0.515716473042887
2026-02-08 03:05:00+00:00,0,0.5171457778067508
2026-02-08 03:10:00+00:00,0,0.5165693652623461
2026-02-08 03:15:00+00:00,1,0.514346795628822
2026-02-08 03:20:00+00:00,0,0.5130131334328438
2026-02-08 03:25:00+00:00,0,0.514349190510635
2026-02-08 03:30:00+00:00,0,0.5096523072992563
2026-02-08 03:35:00+00:00,0,0.5131466837306948
2026-02-08 03:40:00+00:00,0,0.5100285066044425
2026-02-08 03:45:00+00:00,0,0.5118906033576703
2026-02-08 03:50:00+00:00,1,0.516430687342922
2026-02-08 03:55:00+00:00,1,0.5114442007622899
2026-02-08 04:00:00+00:00,0,0.5102821188127605
2026-02-08 04:05:00+00:00,0,0.5060207064496722
2026-02-08 04:10:00+00:00,1,0.5171000494910909
2026-02-08 04:15:00+00:00,1,0.5180791413719154
2026-02-08 04:20:00+00:00,0,0.5052473115209378
2026-02-08 04:25:00+00:00,1,0.5060991259095665
2026-02-08 04:30:00+00:00,0,0.5138834860925271
2026-02-08 04:35:00+00:00,0,0.5116649208828421
2026-02-08 04:40:00+00:00,1,0.5111710538556039
2026-02-08 04:45:00+00:00,1,0.5116779000665233
2026-02-08 04:50:00+00:00,1,0.5106500234373238
2026-02-08 04:55:00+00:00,0,0.49550044595245374
2026-02-08 05:00:00+00:00,0,0.5106371392049697
2026-02-08 05:05:00+00:00,0,0.5118643495931806
2026-02-08 05:10:00+00:00,0,0.4941919360043034
2026-02-08 05:15:00+00:00,0,0.49924645274676005
2026-02-08 05:20:00+00:00,0,0.5065300114353739
2026-02-08 05:25:00+00:00,0,0.5069330526529597
2026-02-08 05:30:00+00:00,0,0.5124652219042879
2026-02-08 05:35:00+00:00,0,0.51092863353568
2026-02-08 05:40:00+00:00,0,0.5098240231580118
2026-02-08 05:45:00+00:00,0,0.5114271190514568
2026-02-08 05:50:00+00:00,0,0.512182741950958
2026-02-08 05:55:00+00:00,0,0.5123547949934463
2026-02-08 06:00:00+00:00,0,0.5113822152502397
2026-02-08 06:05:00+00:00,1,0.5123027478129091
2026-02-08 06:10:00+00:00,0,0.5111818388750826
2026-02-08 06:15:00+00:00,0,0.5154278486734448
2026-02-08 06:20:00+00:00,0,0.5158596494979173
2026-02-08 06:25:00+00:00,0,0.5112908339182858
2026-02-08 06:30:00+00:00,0,0.5142603905056363
2026-02-08 06:35:00+00:00,0,0.5134439505828361
2026-02-08 06:40:00+00:00,0,0.5175076143763296
2026-02-08 06:45:00+00:00,0,0.5126571109963056
2026-02-08 06:50:00+00:00,0,0.5148745844196316
2026-02-08 06:55:00+00:00,0,0.518011964783822
2026-02-08 07:00:00+00:00,1,0.5125822720520465
2026-02-08 07:05:00+00:00,1,0.5204688645596909
2026-02-08 07:10:00+00:00,0,0.513017819751768
2026-02-08 07:15:00+00:00,1,0.513184070476457
2026-02-08 07:20:00+00:00,1,0.5115549632134063
2026-02-08 07:25:00+00:00,1,0.5065903748341192
2026-02-08 07:30:00+00:00,1,0.5083876860104888
2026-02-08 07:35:00+00:00,1,0.5133081031975427
2026-02-08 07:40:00+00:00,1,0.5120311786474256
2026-02-08 07:45:00+00:00,0,0.5080032777766705
2026-02-08 07:50:00+00:00,1,0.5021790591648301
2026-02-08 07:55:00+00:00,1,0.5051864179755113
2026-02-08 08:00:00+00:00,1,0.47688765996375004
2026-02-08 08:05:00+00:00,1,0.5136981961312808
2026-02-08 08:10:00+00:00,1,0.5047904320044833
2026-02-08 08:15:00+00:00,1,0.5057924451979644
2026-02-08 08:20:00+00:00,1,0.4607514656267005
2026-02-08 08:25:00+00:00,1,0.46076296433189895
2026-02-08 08:30:00+00:00,0,0.4519741980888089
2026-02-08 08:35:00+00:00,1,0.45808306343493216
2026-02-08 08:40:00+00:00,1,0.4639076297979471
2026-02-08 08:45:00+00:00,0,0.45692453721694193
2026-02-08 08:50:00+00:00,0,0.45380235787997714
2026-02-08 08:55:00+00:00,0,0.44315963780500056
2026-02-08 09:00:00+00:00,0,0.4574615821549907
2026-02-08 09:05:00+00:00,0,0.4531523239435215
2026-02-08 09:10:00+00:00,0,0.4570185654611835
2026-02-08 09:15:00+00:00,0,0.4732251735055777
2026-02-08 09:20:00+00:00,0,0.4740546639733768
2026-02-08 09:25:00+00:00,0,0.47795621642988906
2026-02-08 09:30:00+00:00,0,0.484117693151545
2026-02-08 09:35:00+00:00,1,0.4943574536427658
2026-02-08 09:40:00+00:00,1,0.502522244576976
2026-02-08 09:45:00+00:00,1,0.4969909290287133
2026-02-08 09:50:00+00:00,0,0.49503531508181486
2026-02-08 09:55:00+00:00,0,0.49178852686074437
2026-02-08 10:00:00+00:00,0,0.5066589621629184
2026-02-08 10:05:00+00:00,0,0.5035737047667537
2026-02-08 10:10:00+00:00,0,0.5092270968738446
2026-02-08 10:15:00+00:00,0,0.5093306627815322
2026-02-08 10:20:00+00:00,1,0.5308116123619759
2026-02-08 10:25:00+00:00,1,0.5154256410988158
2026-02-08 10:30:00+00:00,1,0.519322758605769
2026-02-08 10:35:00+00:00,1,0.5098495946736371
2026-02-08 10:40:00+00:00,1,0.5125853494470195
2026-02-08 10:45:00+00:00,1,0.5089674031656469
2026-02-08 10:50:00+00:00,1,0.5094427811363972
2026-02-08 10:55:00+00:00,1,0.5096338703192405
2026-02-08 11:00:00+00:00,1,0.5059069186149122
2026-02-08 11:05:00+00:00,1,0.5068736636425069
2026-02-08 11:10:00+00:00,1,0.503635882710413
2026-02-08 11:15:00+00:00,1,0.46992878619985257
2026-02-08 11:20:00+00:00,1,0.4686914415006506
2026-02-08 11:25:00+00:00,1,0.46822341628101477
2026-02-08 11:30:00+00:00,1,0.46229382199565705
2026-02-08 11:35:00+00:00,0,0.46043057888381783
2026-02-08 11:40:00+00:00,0,0.46470531617029076
2026-02-08 11:45:00+00:00,0,0.46414099021751976
2026-02-08 11:50:00+00:00,0,0.4625934484207612
2026-02-08 11:55:00+00:00,0,0.4646842423879798
2026-02-08 12:00:00+00:00,0,0.4707148510439355
2026-02-08 12:05:00+00:00,0,0.46481044165008245
2026-02-08 12:10:00+00:00,0,0.4854086139452004
2026-02-08 12:15:00+00:00,1,0.48641172886955325
2026-02-08 12:20:00+00:00,1,0.50133536879682
2026-02-08 12:25:00+00:00,1,0.47733975943164286
2026-02-08 12:30:00+00:00,0,0.4885829318350162
2026-02-08 12:35:00+00:00,0,0.47981655791106337
2026-02-08 12:40:00+00:00,0,0.4911505223364023
2026-02-08 12:45:00+00:00,0,0.4781947080579845
2026-02-08 12:50:00+00:00,1,0.4858534497811465
2026-02-08 12:55:00+00:00,0,0.4672688515170016
2026-02-08 13:00:00+00:00,1,0.48901240172691973
2026-02-08 13:05:00+00:00,0,0.5091632897715186
2026-02-08 13:10:00+00:00,1,0.5106353325219133
2026-02-08 13:15:00+00:00,0,0.48993508989486956
2026-02-08 13:20:00+00:00,0,0.477482157815343
2026-02-08 13:25:00+00:00,0,0.48819136771718363
2026-02-08 13:30:00+00:00,0,0.513574943206338
2026-02-08 13:35:00+00:00,1,0.5185110993491633
2026-02-08 13:40:00+00:00,1,0.5108253890983052
2026-02-08 13:45:00+00:00,0,0.5144264420691694
2026-02-08 13:50:00+00:00,0,0.5090937079451019
2026-02-08 13:55:00+00:00,0,0.5103337709746915
2026-02-08 14:00:00+00:00,1,0.5141518792856788
2026-02-08 14:05:00+00:00,1,0.5195459263042518
2026-02-08 14:10:00+00:00,0,0.512045598803448
2026-02-08 14:15:00+00:00,1,0.5156134321005426
2026-02-08 14:20:00+00:00,1,0.5156347326136298
2026-02-08 14:25:00+00:00,1,0.5127680696267174
2026-02-08 14:30:00+00:00,0,0.5054684713176136
2026-02-08 14:35:00+00:00,0,0.4903813567556756
2026-02-08 14:40:00+00:00,0,0.510729716353239
2026-02-08 14:45:00+00:00,0,0.4790973998268022
2026-02-08 14:50:00+00:00,0,0.4931565566087749
2026-02-08 14:55:00+00:00,0,0.5137468549145348
2026-02-08 15:00:00+00:00,0,0.5117898365322981
2026-02-08 15:05:00+00:00,0,0.5056994238199308
2026-02-08 15:10:00+00:00,0,0.5109570999951791
2026-02-08 15:15:00+00:00,0,0.5143526839688215
2026-02-08 15:20:00+00:00,0,0.5117588143163241
2026-02-08 15:25:00+00:00,1,0.5101625692931769
2026-02-08 15:30:00+00:00,1,0.5010877480735405
2026-02-08 15:35:00+00:00,0,0.5063948702223076
2026-02-08 15:40:00+00:00,0,0.5022079827495446
2026-02-08 15:45:00+00:00,1,0.5173960113926441
2026-02-08 15:50:00+00:00,0,0.5202949279622497
2026-02-08 15:55:00+00:00,0,0.509819498182629
2026-02-08 16:00:00+00:00,0,0.5120747453931389
2026-02-08 16:05:00+00:00,0,0.5216469129789598
2026-02-08 16:10:00+00:00,0,0.5159228671028845
2026-02-08 16:15:00+00:00,0,0.5138076463112802
2026-02-08 16:20:00+00:00,0,0.5323964328957534
2026-02-08 16:25:00+00:00,0,0.5247545960159343
2026-02-08 16:30:00+00:00,0,0.5220683452058431
2026-02-08 16:35:00+00:00,0,0.5357081744056802
2026-02-08 16:40:00+00:00,0,0.5342467612452869
2026-02-08 16:45:00+00:00,1,0.5372883774057106
2026-02-08 16:50:00+00:00,1,0.5507894743108614
2026-02-08 16:55:00+00:00,1,0.528439742670956
2026-02-08 17:00:00+00:00,1,0.5288221663675408
2026-02-08 17:05:00+00:00,1,0.5247514507817796
2026-02-08 17:10:00+00:00,1,0.5283849203256039
2026-02-08 17:15:00+00:00,0,0.5201199471063661
2026-02-08 17:20:00+00:00,1,0.5246940969094923
2026-02-08 17:25:00+00:00,1,0.5182931064974451
2026-02-08 17:30:00+00:00,1,0.5193150974719476
2026-02-08 17:35:00+00:00,1,0.5111628301564894
2026-02-08 17:40:00+00:00,1,0.5158372480442341
2026-02-08 17:45:00+00:00,1,0.5098763018081235
2026-02-08 17:50:00+00:00,1,0.5158817828933914
2026-02-08 17:55:00+00:00,1,0.5126292627512976
2026-02-08 18:00:00+00:00,1,0.5040736192128608
2026-02-08 18:05:00+00:00,1,0.5010811748200803
2026-02-08 18:10:00+00:00,1,0.4906888169209806
2026-02-08 18:15:00+00:00,1,0.489262495013681
2026-02-08 18:20:00+00:00,1,0.5045909300792436
2026-02-08 18:25:00+00:00,1,0.4956642235220417
2026-02-08 18:30:00+00:00,0,0.47120623353389246
2026-02-08 18:35:00+00:00,0,0.4687244441194558
2026-02-08 18:40:00+00:00,0,0.47081767624557147
2026-02-08 18:45:00+00:00,0,0.4682201647998305
2026-02-08 18:50:00+00:00,0,0.4757448128645862
2026-02-08 18:55:00+00:00,0,0.47453762561764024
2026-02-08 19:00:00+00:00,0,0.475657961770099
2026-02-08 19:05:00+00:00,0,0.4763638594635626
2026-02-08 19:10:00+00:00,1,0.47372287443975125
2026-02-08 19:15:00+00:00,1,0.500687653552651
2026-02-08 19:20:00+00:00,1,0.5133399516060813
2026-02-08 19:25:00+00:00,1,0.5084308352558763
2026-02-08 19:30:00+00:00,0,0.5063340209390792
2026-02-08 19:35:00+00:00,0,0.47063386647277694
2026-02-08 19:45:00+00:00,0,0.4891329131913979
2026-02-08 19:50:00+00:00,0,0.46351303223799806
2026-02-08 19:55:00+00:00,0,0.4631068510796419
2026-02-08 20:00:00+00:00,0,0.5053908913119733
2026-02-08 20:05:00+00:00,0,0.49633078935863734
2026-02-08 20:10:00+00:00,0,0.5078054633794615
2026-02-08 20:15:00+00:00,0,0.5188445891495549
2026-02-08 20:20:00+00:00,0,0.5039378217927531
2026-02-08 20:25:00+00:00,0,0.5115897439265384
2026-02-08 20:30:00+00:00,0,0.5136722427396877
2026-02-08 20:40:00+00:00,0,0.5214966314012461
2026-02-08 20:45:00+00:00,1,0.5191220377019604
2026-02-08 20:50:00+00:00,1,0.5159131513512611
2026-02-08 20:55:00+00:00,1,0.5203884269775103
2026-02-08 21:00:00+00:00,0,0.5214452796151631
2026-02-08 21:05:00+00:00,0,0.5193707336624616
2026-02-08 21:10:00+00:00,0,0.5163488354977193
2026-02-08 21:15:00+00:00,0,0.513317127869603
2026-02-08 21:20:00+00:00,0,0.5150665713197642
2026-02-08 21:25:00+00:00,0,0.5244476188864262
2026-02-08 21:30:00+00:00,0,0.5255452565869796
2026-02-08 21:35:00+00:00,1,0.5233603813035489
2026-02-08 21:40:00+00:00,1,0.5161765452315268
2026-02-08 21:45:00+00:00,1,0.5054672128506207
2026-02-08 21:50:00+00:00,1,0.5106547434581821
2026-02-08 21:55:00+00:00,1,0.509989363759273
2026-02-08 22:00:00+00:00,1,0.5111200666168776
2026-02-08 22:05:00+00:00,1,0.511694058816765
2026-02-08 22:10:00+00:00,1,0.5085292915839059
2026-02-08 22:15:00+00:00,1,0.5041830119838582
2026-02-08 22:20:00+00:00,0,0.5018474303333342
2026-02-08 22:25:00+00:00,1,0.5122737087988785
2026-02-08 22:30:00+00:00,1,0.5117608562221463
2026-02-08 22:35:00+00:00,1,0.5130774540677124
2026-02-08 22:40:00+00:00,1,0.5047514138415486
2026-02-08 22:45:00+00:00,1,0.4996322421881231
2026-02-08 22:50:00+00:00,0,0.4969525344887672
2026-02-08 22:55:00+00:00,0,0.4809164628021609
2026-02-08 23:00:00+00:00,0,0.44363744738695643
2026-02-08 23:05:00+00:00,0,0.4450122278551647
2026-02-08 23:10:00+00:00,0,0.4555184548856384
2026-02-08 23:15:00+00:00,0,0.45306119593632105
2026-02-08 23:20:00+00:00,1,0.4951425618994582
2026-02-08 23:25:00+00:00,0,0.48708301750417293
2026-02-08 23:30:00+00:00,1,0.5150358125545451
2026-02-08 23:35:00+00:00,1,0.5210532420426461
2026-02-08 23:40:00+00:00,1,0.5293322721659683
2026-02-08 23:45:00+00:00,0,0.46196741286819737
2026-02-08 23:50:00+00:00,0,0.47434240907281705
2026-02-08 23:55:00+00:00,0,0.5065767537977253
2026-02-09 00:00:00+00:00,0,0.4941206633469873
2026-02-09 00:05:00+00:00,0,0.5110901455704919
2026-02-09 00:10:00+00:00,0,0.5164379091544035
2026-02-09 00:15:00+00:00,0,0.5164686436226187
2026-02-09 00:20:00+00:00,0,0.5093184283608473
2026-02-09 00:25:00+00:00,1,0.522013725687974
2026-02-09 00:30:00+00:00,1,0.513607682032759
2026-02-09 00:35:00+00:00,1,0.5251623649759632
2026-02-09 00:40:00+00:00,1,0.5252457181079394
2026-02-09 00:45:00+00:00,1,0.5194825304688245
2026-02-09 00:50:00+00:00,1,0.5180343248805912
2026-02-09 00:55:00+00:00,1,0.5138576584613699
2026-02-09 01:00:00+00:00,1,0.5034650576842398
2026-02-09 01:05:00+00:00,1,0.5154991082528695
2026-02-09 01:10:00+00:00,0,0.5203164370588304
2026-02-09 01:15:00+00:00,0,0.49361220699303815
2026-02-09 01:20:00+00:00,0,0.46853780977091686
2026-02-09 01:25:00+00:00,0,0.47442124821811804
2026-02-09 01:30:00+00:00,0,0.49316342498984644
2026-02-09 01:35:00+00:00,0,0.5201233981898432
2026-02-09 01:40:00+00:00,0,0.5229323391312116
2026-02-09 01:45:00+00:00,1,0.5246175745665794
2026-02-09 01:50:00+00:00,0,0.49815051722459275
2026-02-09 01:55:00+00:00,0,0.499394132786512
2026-02-09 02:00:00+00:00,0,0.5070249648692869
2026-02-09 02:05:00+00:00,1,0.510166846628318
2026-02-09 02:10:00+00:00,1,0.5116561713840635
2026-02-09 02:15:00+00:00,1,0.5081087383074476
2026-02-09 02:20:00+00:00,1,0.5061144717980638
2026-02-09 02:25:00+00:00,1,0.5097739372880415
2026-02-09 02:30:00+00:00,1,0.5092038067090329
2026-02-09 02:35:00+00:00,1,0.4990190085281625
2026-02-09 02:40:00+00:00,0,0.4706603957905724
2026-02-09 02:45:00+00:00,0,0.47008160704983076
2026-02-09 02:50:00+00:00,0,0.47443760426853315
2026-02-09 02:55:00+00:00,1,0.4736062115461362
2026-02-09 03:00:00+00:00,1,0.47257550806534965
2026-02-09 03:05:00+00:00,1,0.48138883373715563
2026-02-09 03:10:00+00:00,1,0.4889634484002707
2026-02-09 03:15:00+00:00,1,0.4675175604948102
2026-02-09 03:20:00+00:00,1,0.476753514802293
2026-02-09 03:25:00+00:00,1,0.4641323079128826
2026-02-09 03:30:00+00:00,0,0.46044509429865593
2026-02-09 03:35:00+00:00,0,0.46145575016330603
2026-02-09 03:40:00+00:00,0,0.46071189965364057
2026-02-09 03:45:00+00:00,0,0.4626631218937002
2026-02-09 03:50:00+00:00,0,0.45986482292219066
2026-02-09 03:55:00+00:00,0,0.46743893748609244
2026-02-09 04:00:00+00:00,0,0.4776638495966033
2026-02-09 04:05:00+00:00,0,0.46637654564721587
2026-02-09 04:10:00+00:00,0,0.4852730030427097
2026-02-09 04:15:00+00:00,0,0.46381446764774553
2026-02-09 04:20:00+00:00,0,0.46979305373236935
2026-02-09 04:25:00+00:00,0,0.4616404753116182
2026-02-09 04:30:00+00:00,0,0.49541214924774474
2026-02-09 04:35:00+00:00,0,0.5041516729131424
2026-02-09 04:40:00+00:00,0,0.5018810686109066
2026-02-09 04:45:00+00:00,0,0.5032031861467311
2026-02-09 04:50:00+00:00,0,0.5045541376088863
2026-02-09 04:55:00+00:00,0,0.5026094515169754
2026-02-09 05:00:00+00:00,1,0.5030382176481859
2026-02-09 05:05:00+00:00,0,0.5018141294280872
2026-02-09 05:10:00+00:00,0,0.5040110051997926
2026-02-09 05:15:00+00:00,0,0.502150350086081
2026-02-09 05:20:00+00:00,0,0.4962473627432651
2026-02-09 05:25:00+00:00,0,0.4896914655043469
2026-02-09 05:30:00+00:00,0,0.49802737311128054
2026-02-09 05:35:00+00:00,0,0.5039496685869438
2026-02-09 05:40:00+00:00,0,0.5015560523740696
2026-02-09 05:45:00+00:00,0,0.5013575721037666
2026-02-09 05:50:00+00:00,0,0.4947739458494578
2026-02-09 05:55:00+00:00,0,0.500551373042941
2026-02-09 06:00:00+00:00,0,0.5061938775388065
2026-02-09 06:05:00+00:00,0,0.4967402449652851
2026-02-09 06:10:00+00:00,0,0.501173184492281
2026-02-09 06:15:00+00:00,0,0.5217630865047398
2026-02-09 06:20:00+00:00,1,0.5261779371361612
2026-02-09 06:25:00+00:00,1,0.5214428383639994
2026-02-09 06:30:00+00:00,1,0.5281496600938806
2026-02-09 06:35:00+00:00,1,0.5183951284403124
2026-02-09 06:40:00+00:00,1,0.5098128467213585
2026-02-09 06:45:00+00:00,1,0.5101477797491512
2026-02-09 06:50:00+00:00,0,0.5118129618375813
2026-02-09 06:55:00+00:00,0,0.5041136965231842
2026-02-09 07:00:00+00:00,0,0.5036093782683949
2026-02-09 07:05:00+00:00,0,0.5022896351627496
2026-02-09 07:10:00+00:00,0,0.5023686764417861
2026-02-09 07:15:00+00:00,0,0.503054333024493
2026-02-09 07:20:00+00:00,0,0.5087614119932484
2026-02-09 07:25:00+00:00,0,0.5067790463253113
2026-02-09 07:30:00+00:00,0,0.5148813515572315
2026-02-09 07:35:00+00:00,0,0.5178373809720983
2026-02-09 07:40:00+00:00,0,0.5151224827470504
2026-02-09 07:45:00+00:00,0,0.514378702527693
2026-02-09 07:50:00+00:00,0,0.5152951379737899
2026-02-09 07:55:00+00:00,0,0.5242641207369699
2026-02-09 08:00:00+00:00,0,0.5184200371220163
2026-02-09 08:05:00+00:00,0,0.5372247240649698
2026-02-09 08:10:00+00:00,0,0.533037863712416
2026-02-09 08:15:00+00:00,0,0.5504736776155239
2026-02-09 08:20:00+00:00,0,0.5588376627468264
2026-02-09 08:25:00+00:00,0,0.5642625164913384
2026-02-09 08:30:00+00:00,1,0.5685746507774837
2026-02-09 08:35:00+00:00,0,0.5362146472808258
2026-02-09 08:40:00+00:00,0,0.5455560604290459
2026-02-09 08:45:00+00:00,0,0.5382949018046183
2026-02-09 08:50:00+00:00,0,0.5288834495135757
2026-02-09 08:55:00+00:00,0,0.5387652830633484
2026-02-09 09:00:00+00:00,0,0.5360336952108632
2026-02-09 09:05:00+00:00,0,0.5424051063090626
2026-02-09 09:10:00+00:00,0,0.5359243606557285
2026-02-09 09:15:00+00:00,0,0.5381996798011204
2026-02-09 09:20:00+00:00,0,0.5398212839812665
2026-02-09 09:25:00+00:00,0,0.5479651629648687
2026-02-09 09:30:00+00:00,0,0.5409400255868038
2026-02-09 09:35:00+00:00,0,0.5380702127764133
2026-02-09 09:40:00+00:00,0,0.5357864908289054
2026-02-09 09:45:00+00:00,0,0.5278798452041545
2026-02-09 09:50:00+00:00,0,0.5281479760759471
2026-02-09 09:55:00+00:00,0,0.5295641135324711
2026-02-09 10:00:00+00:00,0,0.5275714317128138
2026-02-09 10:05:00+00:00,0,0.5266692101799618
2026-02-09 10:10:00+00:00,0,0.5389003875606726
2026-02-09 10:15:00+00:00,0,0.5431610771513126
2026-02-09 10:20:00+00:00,0,0.5553321859760348
2026-02-09 10:25:00+00:00,0,0.5600427253437369
2026-02-09 10:30:00+00:00,1,0.5623715985479688
2026-02-09 10:35:00+00:00,1,0.5503007662710978
2026-02-09 10:40:00+00:00,1,0.5363208981500255
2026-02-09 10:45:00+00:00,1,0.5397382848992829
2026-02-09 10:50:00+00:00,1,0.5299535613818903
2026-02-09 10:55:00+00:00,1,0.5305348458128
2026-02-09 11:00:00+00:00,0,0.5106460026289341
2026-02-09 11:05:00+00:00,0,0.5125325330567605
2026-02-09 11:10:00+00:00,1,0.5182106970959908
2026-02-09 11:15:00+00:00,0,0.5122624340531741
2026-02-09 11:20:00+00:00,0,0.510108746239956
2026-02-09 11:25:00+00:00,0,0.5148751595666287
2026-02-09 11:30:00+00:00,1,0.5146452525051209
2026-02-09 11:35:00+00:00,1,0.5117604477346609
2026-02-09 11:40:00+00:00,1,0.5103021493961011
2026-02-09 11:45:00+00:00,1,0.5120941409617839
2026-02-09 11:50:00+00:00,1,0.491617123291879
2026-02-09 11:55:00+00:00,1,0.5122938028328662
2026-02-09 12:00:00+00:00,1,0.48275186850526586
2026-02-09 12:05:00+00:00,1,0.4616308118512786
2026-02-09 12:10:00+00:00,1,0.4644079602244484
2026-02-09 12:15:00+00:00,0,0.46691073749162443
2026-02-09 12:20:00+00:00,1,0.46977210906598843
2026-02-09 12:25:00+00:00,1,0.47665778904285305
2026-02-09 12:30:00+00:00,0,0.4798561646029533
2026-02-09 12:35:00+00:00,0,0.4672575392804342
2026-02-09 12:40:00+00:00,0,0.4656606934908131
2026-02-09 12:45:00+00:00,0,0.46541575914222766
2026-02-09 12:50:00+00:00,0,0.45611032942391544
2026-02-09 12:55:00+00:00,0,0.4792737201412171
2026-02-09 13:00:00+00:00,0,0.496948967424199
2026-02-09 13:05:00+00:00,0,0.4942258323246851
2026-02-09 13:10:00+00:00,0,0.46095627104669845
2026-02-09 13:15:00+00:00,0,0.5048961722046001
2026-02-09 13:20:00+00:00,0,0.5181678434112509
2026-02-09 13:25:00+00:00,0,0.5027307814338888
2026-02-09 13:30:00+00:00,0,0.5274351159340661
2026-02-09 13:35:00+00:00,0,0.501032822876894
2026-02-09 13:40:00+00:00,0,0.5102907966855066
2026-02-09 13:45:00+00:00,0,0.5098655253966444
2026-02-09 13:50:00+00:00,0,0.5179844171702281
2026-02-09 13:55:00+00:00,0,0.5312281352710011
2026-02-09 14:00:00+00:00,0,0.5311844594848967
2026-02-09 14:05:00+00:00,1,0.5321337529649397
2026-02-09 14:10:00+00:00,1,0.5224997510231577
2026-02-09 14:15:00+00:00,1,0.5369417855320564
2026-02-09 14:20:00+00:00,1,0.5308435358456992
2026-02-09 14:25:00+00:00,1,0.5350518957322251
2026-02-09 14:30:00+00:00,1,0.5416236330241356
2026-02-09 14:35:00+00:00,1,0.5039823727729145
2026-02-09 14:40:00+00:00,1,0.5075144995221242
2026-02-09 14:45:00+00:00,0,0.4736590881093325
2026-02-09 14:50:00+00:00,0,0.47879425203596676
2026-02-09 14:55:00+00:00,0,0.4805253248969991
2026-02-09 15:00:00+00:00,0,0.4716843828277976
2026-02-09 15:05:00+00:00,0,0.47247560510313236
2026-02-09 15:10:00+00:00,1,0.4735223597716524
2026-02-09 15:15:00+00:00,1,0.47891392426001694
2026-02-09 15:20:00+00:00,1,0.5110957854997366
2026-02-09 15:25:00+00:00,1,0.5136479244978551
2026-02-09 15:30:00+00:00,1,0.5074302064007316
2026-02-09 15:35:00+00:00,0,0.4763357924171783
2026-02-09 15:40:00+00:00,0,0.4669764561538313
2026-02-09 15:45:00+00:00,0,0.4761370538560451
2026-02-09 15:50:00+00:00,0,0.4688141885188402
2026-02-09 15:55:00+00:00,1,0.4689497509975931
2026-02-09 16:00:00+00:00,1,0.4718732466100017
2026-02-09 16:05:00+00:00,1,0.4849571507639609
2026-02-09 16:10:00+00:00,1,0.48249404959549425
2026-02-09 16:15:00+00:00,1,0.48676111045859455
2026-02-09 16:20:00+00:00,1,0.4782106932492887
2026-02-09 16:25:00+00:00,1,0.4692592015281166
2026-02-09 16:30:00+00:00,1,0.47568944803957947
2026-02-09 16:35:00+00:00,1,0.4706779969156492
2026-02-09 16:40:00+00:00,1,0.46903903125437174
2026-02-09 16:45:00+00:00,0,0.4725930318938576
2026-02-09 16:50:00+00:00,0,0.4764130964620151
2026-02-09 16:55:00+00:00,0,0.47531042971187726
2026-02-09 17:00:00+00:00,1,0.47493743385592085
2026-02-09 17:05:00+00:00,1,0.4730322312788226
2026-02-09 17:10:00+00:00,1,0.468844203556122
2026-02-09 17:15:00+00:00,1,0.4669716963910573
2026-02-09 17:20:00+00:00,1,0.47136342929664754
2026-02-09 17:25:00+00:00,1,0.46805507656735623
2026-02-09 17:30:00+00:00,1,0.4638208494363273
2026-02-09 17:35:00+00:00,0,0.47995010311927133
2026-02-09 17:40:00+00:00,0,0.4843048609013794
2026-02-09 17:45:00+00:00,0,0.4834533367170398
2026-02-09 17:50:00+00:00,0,0.4750677631700533
2026-02-09 17:55:00+00:00,0,0.46988575015600126
2026-02-09 18:00:00+00:00,0,0.4807253967987507
2026-02-09 18:05:00+00:00,0,0.497763267116196
2026-02-09 18:10:00+00:00,0,0.47397634679914824
2026-02-09 18:15:00+00:00,0,0.48514469607069644
2026-02-09 18:20:00+00:00,1,0.49412059074147235
2026-02-09 18:25:00+00:00,1,0.489500204793149
2026-02-09 18:30:00+00:00,0,0.4861525146689844
2026-02-09 18:35:00+00:00,0,0.49128561136248117
2026-02-09 18:40:00+00:00,0,0.4868737895087806
2026-02-09 18:45:00+00:00,0,0.48863761821785073
2026-02-09 18:50:00+00:00,0,0.5017147642735604
2026-02-09 18:55:00+00:00,0,0.5030819273074095
2026-02-09 19:00:00+00:00,1,0.5056921081436546
2026-02-09 19:05:00+00:00,1,0.5037891803943658
2026-02-09 19:10:00+00:00,1,0.5150616997594792
2026-02-09 19:15:00+00:00,1,0.5199034331407538
2026-02-09 19:20:00+00:00,1,0.5222930392388289
2026-02-09 19:25:00+00:00,1,0.5051108539867242
2026-02-09 19:30:00+00:00,0,0.4946334922797017
2026-02-09 19:35:00+00:00,1,0.5017357163061751
2026-02-09 19:40:00+00:00,1,0.49160212225008126
2026-02-09 19:45:00+00:00,0,0.5004213221050271
2026-02-09 19:50:00+00:00,0,0.5066337761434425
2026-02-09 19:55:00+00:00,0,0.5030963900875013
2026-02-09 20:00:00+00:00,0,0.506300339354794
2026-02-09 20:05:00+00:00,0,0.5034620327610427
2026-02-09 20:10:00+00:00,0,0.5090733883946533
2026-02-09 20:15:00+00:00,1,0.5120861020789385
2026-02-09 20:20:00+00:00,0,0.5042740196545565
2026-02-09 20:25:00+00:00,0,0.5079330024742683
2026-02-09 20:30:00+00:00,0,0.5083912347197539
2026-02-09 20:35:00+00:00,0,0.5096168131814482
2026-02-09 20:40:00+00:00,0,0.5098283174885981
2026-02-09 20:45:00+00:00,0,0.5116370228695764
2026-02-09 20:50:00+00:00,0,0.5149259671097693
2026-02-09 20:55:00+00:00,0,0.5152421080811669
2026-02-09 21:00:00+00:00,0,0.5249763681554696
2026-02-09 21:05:00+00:00,0,0.519683067794856
2026-02-09 21:10:00+00:00,0,0.5152756727622042
2026-02-09 21:15:00+00:00,0,0.5119415355386324
2026-02-09 21:20:00+00:00,1,0.509822196205134
2026-02-09 21:25:00+00:00,1,0.4976391277702367
2026-02-09 21:30:00+00:00,1,0.5363858678552489
2026-02-09 21:35:00+00:00,1,0.5277109488165864
2026-02-09 21:40:00+00:00,1,0.5199130875739756
2026-02-09 21:45:00+00:00,1,0.526571394737179
2026-02-09 21:50:00+00:00,1,0.4906340386267072
2026-02-09 21:55:00+00:00,1,0.5128265540080266
2026-02-09 22:00:00+00:00,1,0.49191233424822933
2026-02-09 22:05:00+00:00,0,0.4738557057899755
2026-02-09 22:10:00+00:00,0,0.47274469565864125
2026-02-09 22:15:00+00:00,0,0.4729087613283793
2026-02-09 22:20:00+00:00,0,0.4754907365461269
2026-02-09 22:25:00+00:00,0,0.4726305231921885
2026-02-09 22:30:00+00:00,1,0.4708739514175779
2026-02-09 22:35:00+00:00,1,0.48216952616713243
2026-02-09 22:40:00+00:00,0,0.47444918676160164
2026-02-09 22:45:00+00:00,0,0.47540167481967754
2026-02-09 22:50:00+00:00,1,0.5000893407074001
2026-02-09 22:55:00+00:00,0,0.4965387460149108
2026-02-09 23:00:00+00:00,0,0.48455036927549144
2026-02-09 23:05:00+00:00,0,0.4857634492138269
2026-02-09 23:10:00+00:00,1,0.5017081362535262
2026-02-09 23:15:00+00:00,0,0.4907025205443252
2026-02-09 23:20:00+00:00,0,0.49773358633712805
2026-02-09 23:25:00+00:00,0,0.5002256725551073
2026-02-09 23:30:00+00:00,0,0.4952255355568703
2026-02-09 23:35:00+00:00,0,0.49718793561165703
2026-02-09 23:40:00+00:00,0,0.5081216153617293
2026-02-09 23:45:00+00:00,0,0.5231786277094124
2026-02-09 23:50:00+00:00,0,0.5195977001888583
2026-02-09 23:55:00+00:00,0,0.5168000478426523
2026-02-10 00:00:00+00:00,0,0.4993354247690354
2026-02-10 00:05:00+00:00,1,0.5232050517646549
2026-02-10 00:10:00+00:00,0,0.51463298777381
2026-02-10 00:15:00+00:00,0,0.5247305697148724
2026-02-10 00:20:00+00:00,1,0.521936524272063
2026-02-10 00:25:00+00:00,1,0.511459040831829
2026-02-10 00:30:00+00:00,0,0.5076782621690564
2026-02-10 00:35:00+00:00,0,0.5204826336202149
2026-02-10 00:40:00+00:00,1,0.5194999056450195
2026-02-10 00:45:00+00:00,1,0.5270521627791352
2026-02-10 00:50:00+00:00,0,0.5158641313584803
2026-02-10 00:55:00+00:00,1,0.5191453847265514
2026-02-10 01:00:00+00:00,0,0.5152640036331892
2026-02-10 01:05:00+00:00,0,0.5100212398676528
2026-02-10 01:10:00+00:00,0,0.5160383170098131
2026-02-10 01:15:00+00:00,1,0.5174866179210098
2026-02-10 01:20:00+00:00,0,0.5059776903428276
2026-02-10 01:25:00+00:00,0,0.5001972684832325
2026-02-10 01:30:00+00:00,0,0.5153386944716994
2026-02-10 01:35:00+00:00,0,0.5169754495299174
2026-02-10 01:40:00+00:00,0,0.5073384505500086
2026-02-10 01:45:00+00:00,0,0.49658364869587607
2026-02-10 01:50:00+00:00,0,0.5178325809710419
2026-02-10 01:55:00+00:00,0,0.5104595092712882
2026-02-10 02:00:00+00:00,0,0.5105421816678611
2026-02-10 02:05:00+00:00,0,0.5084272899537727
2026-02-10 02:15:00+00:00,0,0.5120571904931822
2026-02-10 02:20:00+00:00,1,0.5175515704243999
2026-02-10 02:25:00+00:00,1,0.5144380231397617
2026-02-10 02:30:00+00:00,1,0.5078245849810341
2026-02-10 02:35:00+00:00,0,0.5097886110586997
2026-02-10 02:40:00+00:00,0,0.5083505912397455
2026-02-10 02:45:00+00:00,0,0.5040846291785488
2026-02-10 02:50:00+00:00,0,0.5107922960306112
2026-02-10 02:55:00+00:00,0,0.5111829736298202
2026-02-10 03:00:00+00:00,0,0.5057655612791502
2026-02-10 03:05:00+00:00,0,0.5160561853888376
2026-02-10 03:10:00+00:00,0,0.5143130905523305
2026-02-10 03:15:00+00:00,0,0.5246424244442405
2026-02-10 03:20:00+00:00,0,0.5071778268963382
2026-02-10 03:25:00+00:00,0,0.5488126485187756
2026-02-10 03:30:00+00:00,0,0.5466205447432645
2026-02-10 03:35:00+00:00,0,0.5442034121356064
2026-02-10 03:40:00+00:00,1,0.5440559989423666
2026-02-10 03:45:00+00:00,0,0.5477364842570229
2026-02-10 03:50:00+00:00,0,0.5483398770023649
2026-02-10 03:55:00+00:00,1,0.5457197861682163
2026-02-10 04:00:00+00:00,1,0.5434437958947407
2026-02-10 04:05:00+00:00,1,0.5468096472378715
2026-02-10 04:10:00+00:00,1,0.5217565599940985
2026-02-10 04:15:00+00:00,1,0.5219477961365055
2026-02-10 04:20:00+00:00,1,0.533951393926888
2026-02-10 04:25:00+00:00,1,0.5121874584960703
2026-02-10 04:30:00+00:00,1,0.5102158437991368
2026-02-10 04:35:00+00:00,1,0.5105144738454577
2026-02-10 04:40:00+00:00,1,0.506912302335414
2026-02-10 04:45:00+00:00,0,0.499750979756286
2026-02-10 04:50:00+00:00,0,0.4915546595943976
2026-02-10 04:55:00+00:00,0,0.4880507481461988
2026-02-10 05:00:00+00:00,0,0.4881422249058735
2026-02-10 05:05:00+00:00,0,0.4883071538662812
2026-02-10 05:10:00+00:00,0,0.4911219072736321
2026-02-10 05:15:00+00:00,0,0.5031579787360358
2026-02-10 05:20:00+00:00,0,0.5016829413339431
2026-02-10 05:25:00+00:00,0,0.5061886274416376
2026-02-10 05:30:00+00:00,0,0.4988478284749969
2026-02-10 05:35:00+00:00,0,0.5044858863764101
2026-02-10 05:40:00+00:00,0,0.5074459560482574
2026-02-10 05:45:00+00:00,0,0.5061284054715557
2026-02-10 05:50:00+00:00,0,0.5089489678044914
2026-02-10 05:55:00+00:00,0,0.5025035455589704
2026-02-10 06:00:00+00:00,0,0.5120776283941635
2026-02-10 06:05:00+00:00,0,0.5274526487921165
2026-02-10 06:10:00+00:00,0,0.5247766674723191
2026-02-10 06:15:00+00:00,0,0.5227034346873033
2026-02-10 06:20:00+00:00,0,0.528146774362945
2026-02-10 06:25:00+00:00,0,0.5213362965498057
2026-02-10 06:30:00+00:00,0,0.5226179092074116
2026-02-10 06:35:00+00:00,1,0.5227378332220074
2026-02-10 06:40:00+00:00,1,0.5267723327165555
2026-02-10 06:45:00+00:00,1,0.5350321302431974
2026-02-10 06:50:00+00:00,1,0.5293643534475079
2026-02-10 06:55:00+00:00,1,0.5283051626438697
2026-02-10 07:00:00+00:00,0,0.5011684501335588
2026-02-10 07:05:00+00:00,0,0.5011255072469539
2026-02-10 07:10:00+00:00,0,0.5116500987163389
2026-02-10 07:15:00+00:00,0,0.5102384405358384
2026-02-10 07:20:00+00:00,0,0.5047316263478355
2026-02-10 07:25:00+00:00,0,0.49864112793641074
2026-02-10 07:30:00+00:00,0,0.5079345098542487
2026-02-10 07:35:00+00:00,1,0.512992249839337
2026-02-10 07:40:00+00:00,0,0.5119728482585024
2026-02-10 07:45:00+00:00,0,0.5114714669035854
2026-02-10 07:50:00+00:00,1,0.51523789598514
2026-02-10 07:55:00+00:00,0,0.5074467391278331
2026-02-10 08:00:00+00:00,0,0.5105135988480676
2026-02-10 08:05:00+00:00,1,0.5087802991083609
2026-02-10 08:10:00+00:00,1,0.5135566033736587
2026-02-10 08:15:00+00:00,1,0.5119644193010192
2026-02-10 08:20:00+00:00,1,0.5098835533388755
2026-02-10 08:25:00+00:00,1,0.5060419645926939
2026-02-10 08:30:00+00:00,1,0.5007271754308411
2026-02-10 08:35:00+00:00,1,0.477015385392616
2026-02-10 08:40:00+00:00,1,0.5103973035262968
2026-02-10 08:45:00+00:00,1,0.49016568802118093
2026-02-10 08:50:00+00:00,1,0.48853061131790904
2026-02-10 08:55:00+00:00,1,0.5077546352211793
2026-02-10 09:00:00+00:00,0,0.46101447538750556
2026-02-10 09:05:00+00:00,0,0.4737466136131356
2026-02-10 09:10:00+00:00,0,0.4708804281625863
2026-02-10 09:15:00+00:00,0,0.4628634118461051
2026-02-10 09:20:00+00:00,0,0.46458847366826556
2026-02-10 09:25:00+00:00,0,0.46694667209821006
2026-02-10 09:30:00+00:00,1,0.4627422531747351
2026-02-10 09:35:00+00:00,1,0.4767706991221907
2026-02-10 09:40:00+00:00,1,0.4654182386007597
2026-02-10 09:45:00+00:00,0,0.4657614215513987
2026-02-10 09:50:00+00:00,0,0.5088124384238679
2026-02-10 09:55:00+00:00,0,0.5014952021425689
2026-02-10 10:00:00+00:00,0,0.479210846983813
2026-02-10 10:05:00+00:00,0,0.4976673037655047
2026-02-10 10:10:00+00:00,0,0.4847440239398565
2026-02-10 10:15:00+00:00,0,0.49787793417245146
2026-02-10 10:20:00+00:00,0,0.4981268195107427
2026-02-10 10:25:00+00:00,0,0.5060695451656317
2026-02-10 10:30:00+00:00,1,0.5133994350683946
2026-02-10 10:35:00+00:00,1,0.5062955670674699
2026-02-10 10:40:00+00:00,1,0.5158206918754111
2026-02-10 10:45:00+00:00,0,0.5118586819573746
2026-02-10 10:50:00+00:00,1,0.5167216199390444
2026-02-10 10:55:00+00:00,0,0.5083903185871417
2026-02-10 11:00:00+00:00,0,0.5166522948571147
2026-02-10 11:05:00+00:00,0,0.5142158673059186
2026-02-10 11:10:00+00:00,0,0.5219467317606316
2026-02-10 11:15:00+00:00,0,0.5220737719357454
2026-02-10 11:20:00+00:00,0,0.5076547413623517
2026-02-10 11:25:00+00:00,0,0.518698066627085
2026-02-10 11:30:00+00:00,0,0.5295743419746439
2026-02-10 11:35:00+00:00,0,0.5280739658668725
2026-02-10 11:40:00+00:00,0,0.5330565550733217
2026-02-10 11:45:00+00:00,0,0.517814522955331
2026-02-10 11:50:00+00:00,1,0.5202151786841838
2026-02-10 11:55:00+00:00,1,0.5094806682275492
2026-02-10 12:00:00+00:00,0,0.5017847734435198
2026-02-10 12:05:00+00:00,0,0.5104647638642462
2026-02-10 12:10:00+00:00,0,0.510358406707206
2026-02-10 12:15:00+00:00,0,0.5104297275711991
2026-02-10 12:20:00+00:00,0,0.5094246568552213
2026-02-10 12:25:00+00:00,0,0.5123541037146195
2026-02-10 12:30:00+00:00,1,0.5154484408834492
2026-02-10 12:35:00+00:00,1,0.5118502573572423
2026-02-10 12:40:00+00:00,1,0.5239639034420053
2026-02-10 12:45:00+00:00,1,0.5185974858484874
2026-02-10 12:50:00+00:00,1,0.5207178752287024
2026-02-10 12:55:00+00:00,1,0.5168921784276099
2026-02-10 13:00:00+00:00,1,0.5125111874712135
2026-02-10 13:05:00+00:00,1,0.4802981027761151
2026-02-10 13:10:00+00:00,1,0.48371538952698456
2026-02-10 13:15:00+00:00,1,0.4924244454808204
2026-02-10 13:20:00+00:00,1,0.5122449474592361
2026-02-10 13:25:00+00:00,1,0.49397997771282603
2026-02-10 13:30:00+00:00,0,0.4588801088758228
2026-02-10 13:35:00+00:00,1,0.4761341816329637
2026-02-10 13:40:00+00:00,1,0.46034603982504363
2026-02-10 13:45:00+00:00,1,0.464988543116277
2026-02-10 13:50:00+00:00,1,0.4594089970510226
2026-02-10 13:55:00+00:00,1,0.4588128161847335
2026-02-10 14:00:00+00:00,1,0.4713685090549552
2026-02-10 14:05:00+00:00,1,0.46884607753591256
2026-02-10 14:10:00+00:00,1,0.46565829088235994
2026-02-10 14:15:00+00:00,0,0.4604778823434678
2026-02-10 14:20:00+00:00,0,0.46343326767411325
2026-02-10 14:25:00+00:00,0,0.45774287697602845
2026-02-10 14:30:00+00:00,0,0.4641272955386826
2026-02-10 14:35:00+00:00,1,0.47319185754099957
2026-02-10 14:40:00+00:00,0,0.47194246065230466
2026-02-10 14:45:00+00:00,1,0.5020394764909496
2026-02-10 14:50:00+00:00,1,0.4701752320128421
2026-02-10 14:55:00+00:00,1,0.4772643444824736
2026-02-10 15:00:00+00:00,1,0.48646107456214677
2026-02-10 15:05:00+00:00,1,0.47107177866608957
2026-02-10 15:10:00+00:00,1,0.4835808614314764
2026-02-10 15:15:00+00:00,1,0.47063607028506765
2026-02-10 15:20:00+00:00,1,0.4680494398041727
2026-02-10 15:25:00+00:00,0,0.46839954745288465
2026-02-10 15:30:00+00:00,0,0.47612595276175346
2026-02-10 15:35:00+00:00,0,0.4685126051080812
2026-02-10 15:40:00+00:00,0,0.4728827665585071
2026-02-10 15:45:00+00:00,0,0.4693501053115989
2026-02-10 15:50:00+00:00,0,0.4809349945829598
2026-02-10 15:55:00+00:00,0,0.4742706740272689
2026-02-10 16:00:00+00:00,0,0.49305087994093527
2026-02-10 16:05:00+00:00,1,0.5088530589695835
2026-02-10 16:10:00+00:00,0,0.4732181715779325
2026-02-10 16:15:00+00:00,0,0.4870205182311312
2026-02-10 16:20:00+00:00,0,0.5145751108105877
2026-02-10 16:25:00+00:00,0,0.5139807929828705
2026-02-10 16:30:00+00:00,0,0.5102392081837163
2026-02-10 16:35:00+00:00,0,0.5019488867057126
2026-02-10 16:40:00+00:00,0,0.5063177168450338
2026-02-10 16:45:00+00:00,1,0.513852019147701
2026-02-10 16:50:00+00:00,1,0.5157120220590257
2026-02-10 16:55:00+00:00,1,0.5149709274138196
2026-02-10 17:00:00+00:00,1,0.5170908543647649
2026-02-10 17:05:00+00:00,1,0.5143549609560469
2026-02-10 17:10:00+00:00,1,0.5144645844805936
2026-02-10 17:15:00+00:00,1,0.5068517052305886
2026-02-10 17:20:00+00:00,0,0.5059699884186837
2026-02-10 17:25:00+00:00,1,0.509107640158393
2026-02-10 17:30:00+00:00,0,0.5024079267247911
2026-02-10 17:35:00+00:00,0,0.50535217045753
2026-02-10 17:40:00+00:00,0,0.5009702907806318
2026-02-10 17:45:00+00:00,1,0.5054016399670807
2026-02-10 17:50:00+00:00,0,0.5118424584065004
2026-02-10 17:55:00+00:00,0,0.5047389446994499
2026-02-10 18:00:00+00:00,0,0.5001863459630617
2026-02-10 18:05:00+00:00,0,0.5124116151559067
2026-02-10 18:10:00+00:00,0,0.509621617666705
2026-02-10 18:15:00+00:00,0,0.4977705141140525
2026-02-10 18:20:00+00:00,0,0.5130436991438515
2026-02-10 18:25:00+00:00,0,0.5145735394511137
2026-02-10 18:30:00+00:00,0,0.5420100382888489
2026-02-10 18:35:00+00:00,0,0.5073575707381147
2026-02-10 18:40:00+00:00,0,0.5115795392330466
2026-02-10 18:45:00+00:00,0,0.5380210798347964
2026-02-10 18:50:00+00:00,0,0.5262642095935773
2026-02-10 18:55:00+00:00,0,0.5185542746656008
2026-02-10 19:00:00+00:00,1,0.5268345482424124
2026-02-10 19:05:00+00:00,1,0.520394094378603
2026-02-10 19:10:00+00:00,1,0.523139957157265
2026-02-10 19:15:00+00:00,1,0.5325722642472708
2026-02-10 19:20:00+00:00,1,0.5332072619907656
2026-02-10 19:25:00+00:00,1,0.5240663808217186
2026-02-10 19:30:00+00:00,1,0.5233641939288485
2026-02-10 19:35:00+00:00,0,0.5029564569434484
2026-02-10 19:40:00+00:00,0,0.5021119072723242
2026-02-10 19:45:00+00:00,0,0.5030334854319276
2026-02-10 19:50:00+00:00,0,0.5126046921382144
2026-02-10 19:55:00+00:00,0,0.5027731649592257
2026-02-10 20:00:00+00:00,0,0.5121675151492449
2026-02-10 20:05:00+00:00,1,0.5186709315326682
2026-02-10 20:10:00+00:00,1,0.52270234587043
2026-02-10 20:15:00+00:00,1,0.5069682645527006
2026-02-10 20:20:00+00:00,1,0.5124120065623814
2026-02-10 20:25:00+00:00,1,0.5008768792088848
2026-02-10 20:30:00+00:00,1,0.5078176406108318
2026-02-10 20:35:00+00:00,0,0.47711275062702474
2026-02-10 20:40:00+00:00,0,0.4734686596626091
2026-02-10 20:45:00+00:00,0,0.4794298961133312
2026-02-10 20:50:00+00:00,0,0.47455460166679925
2026-02-10 20:55:00+00:00,0,0.49553632022511557
2026-02-10 21:00:00+00:00,0,0.48581910532109923
2026-02-10 21:05:00+00:00,0,0.4961672422916656
2026-02-10 21:10:00+00:00,0,0.48669533292033634
2026-02-10 21:15:00+00:00,0,0.49605019858034005
2026-02-10 21:20:00+00:00,0,0.5093995323749106
2026-02-10 21:25:00+00:00,0,0.5189771589387665
2026-02-10 21:30:00+00:00,1,0.5258637928275849
2026-02-10 21:35:00+00:00,0,0.5227780598255317
2026-02-10 21:40:00+00:00,1,0.5223055059231567
2026-02-10 21:45:00+00:00,1,0.5189067867694781
2026-02-10 21:50:00+00:00,1,0.5071231052797219
2026-02-10 21:55:00+00:00,1,0.5190515316896813
2026-02-10 22:00:00+00:00,1,0.5145324483864742
2026-02-10 22:05:00+00:00,1,0.5210404760862878
2026-02-10 22:10:00+00:00,1,0.5173397699699224
2026-02-10 22:15:00+00:00,1,0.5210465200398076
2026-02-10 22:20:00+00:00,0,0.4884286583720038
2026-02-10 22:25:00+00:00,0,0.47722014056521755
2026-02-10 22:30:00+00:00,0,0.4756857590746097
2026-02-10 22:35:00+00:00,0,0.4648175535542935
2026-02-10 22:40:00+00:00,0,0.4703932898290265
2026-02-10 22:45:00+00:00,1,0.4812528496679376
2026-02-10 22:50:00+00:00,0,0.48673240976311566
2026-02-10 22:55:00+00:00,0,0.47390879502126
2026-02-10 23:00:00+00:00,0,0.46577423873104384
2026-02-10 23:05:00+00:00,1,0.48318885862709415
2026-02-10 23:10:00+00:00,1,0.4670372432929852
2026-02-10 23:15:00+00:00,1,0.47227348832571203
2026-02-10 23:20:00+00:00,1,0.5028890424316158
2026-02-10 23:25:00+00:00,1,0.4814792612266337
2026-02-10 23:30:00+00:00,1,0.47327608645603136
2026-02-10 23:35:00+00:00,1,0.4797333062894142
2026-02-10 23:40:00+00:00,0,0.4844281285072691
2026-02-10 23:45:00+00:00,1,0.48608528733629264
2026-02-10 23:50:00+00:00,1,0.47696367637444903
2026-02-10 23:55:00+00:00,1,0.4828388340167952
2026-02-11 00:00:00+00:00,1,0.48309273961187393
2026-02-11 00:05:00+00:00,1,0.464188067239322
2026-02-11 00:10:00+00:00,1,0.49669542031288033
2026-02-11 00:15:00+00:00,1,0.47936762618325796
2026-02-11 00:20:00+00:00,1,0.46801221083270905
2026-02-11 00:25:00+00:00,1,0.4709946874015623
2026-02-11 00:30:00+00:00,1,0.4775055878906011
2026-02-11 00:35:00+00:00,1,0.4631654276074089
2026-02-11 00:40:00+00:00,0,0.4666835461376801
2026-02-11 00:45:00+00:00,1,0.46600500541731743
2026-02-11 00:50:00+00:00,0,0.4610504740642969
2026-02-11 00:55:00+00:00,1,0.46861591370839634
2026-02-11 01:00:00+00:00,0,0.4631205585591762
2026-02-11 01:05:00+00:00,1,0.4906268484546494
2026-02-11 01:10:00+00:00,1,0.4645581855104591
2026-02-11 01:15:00+00:00,1,0.4607634140907024
2026-02-11 01:20:00+00:00,1,0.4889455243471312
2026-02-11 01:25:00+00:00,1,0.4813339136714847
2026-02-11 01:30:00+00:00,1,0.4689258795883851
2026-02-11 01:35:00+00:00,1,0.4901870738621982
2026-02-11 01:40:00+00:00,1,0.46311575640953334
2026-02-11 01:45:00+00:00,1,0.4703919037922264
2026-02-11 01:50:00+00:00,1,0.4892464235146996
2026-02-11 01:55:00+00:00,1,0.4744529623526723
2026-02-11 02:00:00+00:00,0,0.47876949591666124
2026-02-11 02:05:00+00:00,0,0.4906826804342749
2026-02-11 02:10:00+00:00,0,0.48954661192709653
2026-02-11 02:15:00+00:00,0,0.48174141533247217
2026-02-11 02:20:00+00:00,0,0.467089836232039
2026-02-11 02:25:00+00:00,0,0.4870256409945048
2026-02-11 02:30:00+00:00,0,0.490955797859757
2026-02-11 02:35:00+00:00,0,0.46883301506809344
2026-02-11 02:40:00+00:00,0,0.49873255513854675
2026-02-11 02:45:00+00:00,0,0.5076625544196056
2026-02-11 02:50:00+00:00,0,0.5025002489020473
2026-02-11 02:55:00+00:00,0,0.5085178481681094
2026-02-11 03:00:00+00:00,0,0.504271002012223
2026-02-11 03:05:00+00:00,1,0.5027160779732468
2026-02-11 03:10:00+00:00,1,0.50464519212888
2026-02-11 03:15:00+00:00,1,0.5259273172286707
2026-02-11 03:20:00+00:00,1,0.5011167224246984
2026-02-11 03:25:00+00:00,1,0.4983646346994172
2026-02-11 03:30:00+00:00,1,0.4967651689179482
2026-02-11 03:35:00+00:00,0,0.4932971316671179
2026-02-11 03:40:00+00:00,0,0.4830475303046365
2026-02-11 03:45:00+00:00,0,0.5046316260646444
2026-02-11 03:50:00+00:00,0,0.49940330145529527
2026-02-11 03:55:00+00:00,0,0.4992655945419456
2026-02-11 04:00:00+00:00,0,0.49982790314128733
2026-02-11 04:05:00+00:00,0,0.5008255861338757
2026-02-11 04:10:00+00:00,0,0.5039579932066836
2026-02-11 04:15:00+00:00,0,0.5036035510922116
2026-02-11 04:20:00+00:00,0,0.5072077927564781
2026-02-11 04:25:00+00:00,0,0.5050008670073879
2026-02-11 04:30:00+00:00,0,0.5073022232246518
2026-02-11 04:35:00+00:00,0,0.5065694773874072
2026-02-11 04:40:00+00:00,0,0.522397735274922
2026-02-11 04:45:00+00:00,0,0.5030397771403937
2026-02-11 04:50:00+00:00,1,0.5287968979660592
2026-02-11 04:55:00+00:00,0,0.5234142418622002
2026-02-11 05:00:00+00:00,0,0.5135157239807984
2026-02-11 05:05:00+00:00,0,0.5053575734006959
2026-02-11 05:10:00+00:00,0,0.5201246080582205
2026-02-11 05:15:00+00:00,0,0.5188849663430436
2026-02-11 05:20:00+00:00,0,0.5087393416033006
2026-02-11 05:25:00+00:00,0,0.5210350603451552
2026-02-11 05:30:00+00:00,0,0.5209630974795713
2026-02-11 05:35:00+00:00,0,0.5144934933649047
2026-02-11 05:40:00+00:00,0,0.5152951486069302
2026-02-11 05:45:00+00:00,0,0.5144376976559633
2026-02-11 05:50:00+00:00,0,0.5143761198850719
2026-02-11 05:55:00+00:00,0,0.514088838001232
2026-02-11 06:00:00+00:00,0,0.5160127398604366
2026-02-11 06:05:00+00:00,1,0.5297073721520832
2026-02-11 06:10:00+00:00,1,0.5339961215326696
2026-02-11 06:15:00+00:00,1,0.5414560437660434
2026-02-11 06:20:00+00:00,0,0.518492071644517
2026-02-11 06:25:00+00:00,0,0.5043114236811769
2026-02-11 06:30:00+00:00,0,0.5072971111196337
2026-02-11 06:35:00+00:00,0,0.512290568715556
2026-02-11 06:40:00+00:00,0,0.5141777853839791
2026-02-11 06:45:00+00:00,0,0.5340233058431231
2026-02-11 06:50:00+00:00,0,0.5266045506426952
2026-02-11 06:55:00+00:00,0,0.514740116925059
2026-02-11 07:00:00+00:00,1,0.511654419401401
2026-02-11 07:05:00+00:00,1,0.5134794969278415
2026-02-11 07:10:00+00:00,1,0.5240654412920699
2026-02-11 07:15:00+00:00,1,0.5107983547287123
2026-02-11 07:20:00+00:00,1,0.5122940219297613
2026-02-11 07:25:00+00:00,1,0.510032075838112
2026-02-11 07:30:00+00:00,0,0.5083982744889041
2026-02-11 07:35:00+00:00,0,0.49681741056233286
2026-02-11 07:40:00+00:00,0,0.4978040928115658
2026-02-11 07:45:00+00:00,0,0.4995575657790509
2026-02-11 07:50:00+00:00,0,0.5020659700374943
2026-02-11 07:55:00+00:00,0,0.5062589754549837
2026-02-11 08:00:00+00:00,0,0.513045842217215
2026-02-11 08:05:00+00:00,0,0.5136497679047163
2026-02-11 08:10:00+00:00,0,0.5149179321771353
2026-02-11 08:15:00+00:00,0,0.5139119719491954
2026-02-11 08:20:00+00:00,0,0.5109053535897977
2026-02-11 08:25:00+00:00,1,0.5103870191218736
2026-02-11 08:30:00+00:00,0,0.5104022478341951
2026-02-11 08:35:00+00:00,0,0.5162806538749628
2026-02-11 08:40:00+00:00,0,0.5108644557919879
2026-02-11 08:45:00+00:00,0,0.504339255581947
2026-02-11 08:50:00+00:00,0,0.5035673237618975
2026-02-11 08:55:00+00:00,0,0.49737218015381063
2026-02-11 09:00:00+00:00,1,0.49914621047615243
2026-02-11 09:05:00+00:00,1,0.5115899889206698
2026-02-11 09:10:00+00:00,0,0.5065486580300615
2026-02-11 09:15:00+00:00,0,0.5165013223144752
2026-02-11 09:20:00+00:00,1,0.5153804576491612
2026-02-11 09:25:00+00:00,0,0.513424606794483
2026-02-11 09:30:00+00:00,0,0.5058552550224419
2026-02-11 09:35:00+00:00,0,0.5066692526041499
2026-02-11 09:40:00+00:00,0,0.5116282382992382
2026-02-11 09:45:00+00:00,0,0.5129952744215155
2026-02-11 09:50:00+00:00,0,0.5130505762617531
2026-02-11 09:55:00+00:00,0,0.5140296777023576
2026-02-11 10:00:00+00:00,0,0.522383484603936
2026-02-11 10:05:00+00:00,0,0.5172600065759151
2026-02-11 10:10:00+00:00,0,0.516753083926325
2026-02-11 10:15:00+00:00,0,0.5157853203394183
2026-02-11 10:20:00+00:00,0,0.513810838193145
2026-02-11 10:25:00+00:00,0,0.5196188271842486
2026-02-11 10:30:00+00:00,1,0.5176612542342949
2026-02-11 10:35:00+00:00,1,0.5166160743453467
2026-02-11 10:40:00+00:00,1,0.5112124173162452
2026-02-11 10:45:00+00:00,1,0.5162366507264633
2026-02-11 10:50:00+00:00,1,0.5164615853290226
2026-02-11 10:55:00+00:00,1,0.514369098667866
2026-02-11 11:00:00+00:00,0,0.4957834278503144
2026-02-11 11:05:00+00:00,1,0.5174268164759901
2026-02-11 11:10:00+00:00,1,0.512115064005838
2026-02-11 11:15:00+00:00,1,0.504292250128406
2026-02-11 11:20:00+00:00,1,0.49410750524293817
2026-02-11 11:25:00+00:00,1,0.48621717392735175
2026-02-11 11:30:00+00:00,0,0.4928032408252343
2026-02-11 11:35:00+00:00,1,0.5023848416757712
2026-02-11 11:40:00+00:00,0,0.49379901041971996
2026-02-11 11:45:00+00:00,0,0.48001096363563456
2026-02-11 11:50:00+00:00,1,0.47641132729653707
2026-02-11 11:55:00+00:00,1,0.49011786558984033
2026-02-11 12:00:00+00:00,1,0.49258772309601057
2026-02-11 12:05:00+00:00,0,0.46491508930723285
2026-02-11 12:10:00+00:00,1,0.481679461079234
2026-02-11 12:15:00+00:00,1,0.4724904136615519
2026-02-11 12:20:00+00:00,0,0.4599231914869706
2026-02-11 12:25:00+00:00,1,0.4613254251138581
2026-02-11 12:30:00+00:00,0,0.4626033811828752
2026-02-11 12:35:00+00:00,1,0.46514126903595676
2026-02-11 12:40:00+00:00,1,0.4731849630386322
2026-02-11 12:45:00+00:00,0,0.46304142111434565
2026-02-11 12:50:00+00:00,1,0.4651468894436821
2026-02-11 12:55:00+00:00,0,0.46312906701806356
2026-02-11 13:00:00+00:00,1,0.47102869992343765
2026-02-11 13:05:00+00:00,1,0.46809600650669736
2026-02-11 13:10:00+00:00,1,0.48688010640853613
2026-02-11 13:15:00+00:00,1,0.48457452338280993
2026-02-11 13:20:00+00:00,1,0.4744572936786609
2026-02-11 13:25:00+00:00,1,0.46554493008616743
2026-02-11 13:30:00+00:00,1,0.45495011170185473
2026-02-11 13:35:00+00:00,1,0.4576517567511919
2026-02-11 13:40:00+00:00,1,0.46231480534883496
2026-02-11 13:45:00+00:00,1,0.47441541852609304
2026-02-11 13:50:00+00:00,1,0.5078681478011122
2026-02-11 13:55:00+00:00,1,0.46412301662631605
2026-02-11 14:00:00+00:00,0,0.4888731258859638
2026-02-11 14:05:00+00:00,0,0.5144312402797355
2026-02-11 14:10:00+00:00,0,0.5187461926395486
2026-02-11 14:15:00+00:00,0,0.5284515832925467
2026-02-11 14:20:00+00:00,0,0.46950900852502875
2026-02-11 14:25:00+00:00,0,0.466820876635349
2026-02-11 14:30:00+00:00,0,0.489926491381462
2026-02-11 14:35:00+00:00,0,0.5089674150713818
2026-02-11 14:40:00+00:00,0,0.5312836290856345
2026-02-11 14:45:00+00:00,0,0.5220301806751232
2026-02-11 14:50:00+00:00,0,0.5168951520462296
2026-02-11 14:55:00+00:00,0,0.5335204336663008
2026-02-11 15:00:00+00:00,1,0.5577038620684925
2026-02-11 15:05:00+00:00,1,0.606342792112102
2026-02-11 15:10:00+00:00,1,0.5829000639271271
2026-02-11 15:15:00+00:00,1,0.5666896627825507
2026-02-11 15:20:00+00:00,1,0.5537737628699244
2026-02-11 15:25:00+00:00,1,0.5603542293927978
2026-02-11 15:30:00+00:00,1,0.5450398262557766
2026-02-11 15:35:00+00:00,1,0.5492566667320018
2026-02-11 15:40:00+00:00,1,0.5408710446184322
2026-02-11 15:45:00+00:00,1,0.5391259692823158
2026-02-11 15:50:00+00:00,1,0.541127245162825
2026-02-11 15:55:00+00:00,1,0.5378640714803306
2026-02-11 16:00:00+00:00,1,0.5237564105049255
2026-02-11 16:05:00+00:00,0,0.5238672858332405
2026-02-11 16:10:00+00:00,0,0.49522677068863474
2026-02-11 16:15:00+00:00,0,0.5031282554428603
2026-02-11 16:20:00+00:00,0,0.49835073414180153
2026-02-11 16:25:00+00:00,0,0.5321040203588283
2026-02-11 16:30:00+00:00,0,0.5192300658059681
2026-02-11 16:35:00+00:00,0,0.5173715131761218
2026-02-11 16:40:00+00:00,0,0.5095259416130679
2026-02-11 16:45:00+00:00,1,0.5083256108074058
2026-02-11 16:50:00+00:00,1,0.5073453180278092
2026-02-11 16:55:00+00:00,1,0.519986535396297
2026-02-11 17:00:00+00:00,1,0.5105649656949166
2026-02-11 17:05:00+00:00,1,0.500369688407711
2026-02-11 17:10:00+00:00,1,0.5023443498580419
2026-02-11 17:15:00+00:00,1,0.4960782326339921
2026-02-11 17:20:00+00:00,1,0.47873778495763786
2026-02-11 17:25:00+00:00,0,0.47259541786895976
2026-02-11 17:30:00+00:00,0,0.47233031702831363
2026-02-11 17:35:00+00:00,0,0.48446630859928946
2026-02-11 17:40:00+00:00,0,0.47851072596658895
2026-02-11 17:45:00+00:00,0,0.49246655611417745
2026-02-11 17:50:00+00:00,1,0.4808311877932915
2026-02-11 17:55:00+00:00,1,0.5039360908682599
2026-02-11 18:00:00+00:00,1,0.5250664451085257
2026-02-11 18:05:00+00:00,1,0.5208635196389235
2026-02-11 18:10:00+00:00,1,0.5170006344701626
2026-02-11 18:15:00+00:00,1,0.48435002702683827
2026-02-11 18:20:00+00:00,1,0.4690195281836601
2026-02-11 18:25:00+00:00,0,0.4723785530553383
2026-02-11 18:30:00+00:00,1,0.4788199572548081
2026-02-11 18:35:00+00:00,0,0.4833214752141859
2026-02-11 18:40:00+00:00,0,0.47196130112952234
2026-02-11 18:45:00+00:00,0,0.46933221628369026
2026-02-11 18:50:00+00:00,0,0.4734718013136115
2026-02-11 18:55:00+00:00,0,0.47488781301942123
2026-02-11 19:00:00+00:00,0,0.47260055625132835
2026-02-11 19:05:00+00:00,0,0.48038423256235385
2026-02-11 19:10:00+00:00,0,0.4829037042290082
2026-02-11 19:15:00+00:00,0,0.49393486175162743
2026-02-11 19:20:00+00:00,0,0.48469278667839466
2026-02-11 19:25:00+00:00,0,0.5100785099766165
2026-02-11 19:30:00+00:00,1,0.517365328756064
2026-02-11 19:35:00+00:00,0,0.5036770001096286
2026-02-11 19:40:00+00:00,0,0.4922182004627227
2026-02-11 19:45:00+00:00,1,0.5026794082481726
2026-02-11 19:50:00+00:00,0,0.5048311353103808
2026-02-11 19:55:00+00:00,0,0.5067598109719625
2026-02-11 20:00:00+00:00,0,0.5109982755576744
2026-02-11 20:05:00+00:00,1,0.5119070818780131
2026-02-11 20:10:00+00:00,0,0.4931473422857269
2026-02-11 20:15:00+00:00,1,0.5079675098586811
2026-02-11 20:20:00+00:00,1,0.5145808453324591
2026-02-11 20:25:00+00:00,1,0.5125861397662668
2026-02-11 20:30:00+00:00,1,0.5079846079566949
2026-02-11 20:35:00+00:00,1,0.5085713572181794
2026-02-11 20:40:00+00:00,1,0.5127398507092759
2026-02-11 20:45:00+00:00,1,0.4793391417265389
2026-02-11 20:50:00+00:00,1,0.47382345048943614
2026-02-11 20:55:00+00:00,1,0.48118178535284584
2026-02-11 21:00:00+00:00,1,0.4769484057648646
2026-02-11 21:05:00+00:00,1,0.47381016170705587
2026-02-11 21:10:00+00:00,1,0.4759736353667543
2026-02-11 21:15:00+00:00,1,0.4761208589462677
2026-02-11 21:20:00+00:00,1,0.47101039241199627
2026-02-11 21:25:00+00:00,0,0.47256574815377755
2026-02-11 21:30:00+00:00,0,0.47310400408326375
2026-02-11 21:35:00+00:00,0,0.47193359081571545
2026-02-11 21:40:00+00:00,1,0.47635013082922506
2026-02-11 21:45:00+00:00,1,0.47266697836945964
2026-02-11 21:50:00+00:00,0,0.4736568059307723
2026-02-11 21:55:00+00:00,1,0.47775065979727704
2026-02-11 22:00:00+00:00,0,0.47215123317760843
2026-02-11 22:05:00+00:00,0,0.464588252769853
2026-02-11 22:10:00+00:00,0,0.46761383000590917
2026-02-11 22:15:00+00:00,0,0.471773410947385
2026-02-11 22:20:00+00:00,0,0.47063524423018555
2026-02-11 22:25:00+00:00,0,0.47051535157461416
2026-02-11 22:30:00+00:00,0,0.4903099157054105
2026-02-11 22:35:00+00:00,0,0.487715144353351
2026-02-11 22:40:00+00:00,0,0.5108965242741104
2026-02-11 22:45:00+00:00,0,0.5048002543133358
2026-02-11 22:50:00+00:00,0,0.5164134528875358
2026-02-11 22:55:00+00:00,0,0.5081478691640713
2026-02-11 23:00:00+00:00,0,0.5149804684759196
2026-02-11 23:05:00+00:00,0,0.5135624065338582
2026-02-11 23:10:00+00:00,0,0.5149551437650626
2026-02-11 23:15:00+00:00,0,0.5155706051714226
2026-02-11 23:20:00+00:00,1,0.5549579935876099
2026-02-11 23:25:00+00:00,1,0.5498940332253721
2026-02-11 23:30:00+00:00,1,0.5393419517250394
2026-02-11 23:35:00+00:00,1,0.5197739358092014
2026-02-11 23:40:00+00:00,1,0.522260212751496
2026-02-11 23:45:00+00:00,1,0.5211676008536525
2026-02-11 23:50:00+00:00,1,0.5183818442022082
2026-02-11 23:55:00+00:00,1,0.5157067109959818
2026-02-12 00:00:00+00:00,1,0.5055592533167773
2026-02-12 00:05:00+00:00,1,0.49759209776124663
2026-02-12 00:10:00+00:00,1,0.48290542448923873
2026-02-12 00:15:00+00:00,1,0.48228965284329567
2026-02-12 00:20:00+00:00,1,0.49977777127361156
2026-02-12 00:25:00+00:00,1,0.5072359735338404
2026-02-12 00:30:00+00:00,1,0.48156166069937023
2026-02-12 00:35:00+00:00,0,0.465366743523817
2026-02-12 00:40:00+00:00,0,0.45995925889590294
2026-02-12 00:45:00+00:00,0,0.4622441605110745
2026-02-12 00:50:00+00:00,0,0.46383023928981
2026-02-12 00:55:00+00:00,1,0.467964767365909
2026-02-12 01:00:00+00:00,1,0.46236176042145627
2026-02-12 01:05:00+00:00,1,0.4708789613164267
2026-02-12 01:10:00+00:00,1,0.4574383264146437
2026-02-12 01:15:00+00:00,1,0.46752628787584777
2026-02-12 01:20:00+00:00,1,0.47921421487090626
2026-02-12 01:25:00+00:00,0,0.46556073584569213
2026-02-12 01:30:00+00:00,0,0.4727013068261068
2026-02-12 01:35:00+00:00,0,0.45429437775620946
2026-02-12 01:40:00+00:00,0,0.46799821230029987
2026-02-12 01:45:00+00:00,0,0.4741427394860068
2026-02-12 01:50:00+00:00,0,0.46432976066914117
2026-02-12 01:55:00+00:00,0,0.4871749556779366
2026-02-12 02:00:00+00:00,1,0.4864652598826612
2026-02-12 02:05:00+00:00,1,0.4747552904952709
2026-02-12 02:10:00+00:00,1,0.502268897999667
2026-02-12 02:15:00+00:00,1,0.5051637759742866
2026-02-12 02:20:00+00:00,1,0.5073951745063536
2026-02-12 02:25:00+00:00,1,0.5115560761945576
2026-02-12 02:30:00+00:00,0,0.4631372253099155
2026-02-12 02:35:00+00:00,0,0.4653466492719414
2026-02-12 02:40:00+00:00,0,0.46640239858195925
2026-02-12 02:45:00+00:00,0,0.4712359929721591
2026-02-12 02:50:00+00:00,0,0.4723207627847968
2026-02-12 02:55:00+00:00,0,0.4893174753721973
2026-02-12 03:00:00+00:00,0,0.46559144529509466
2026-02-12 03:05:00+00:00,0,0.4776508306757738
2026-02-12 03:10:00+00:00,0,0.4746960194114411
2026-02-12 03:15:00+00:00,1,0.491158748810805
2026-02-12 03:20:00+00:00,1,0.5038415582193315
2026-02-12 03:25:00+00:00,1,0.4891310987881448
2026-02-12 03:30:00+00:00,1,0.4765772721378051
2026-02-12 03:35:00+00:00,1,0.47974670990146884
2026-02-12 03:40:00+00:00,1,0.4737738774455834
2026-02-12 03:45:00+00:00,1,0.4903280534764858
2026-02-12 03:50:00+00:00,1,0.46634939106764917
2026-02-12 03:55:00+00:00,1,0.46895826134625324
2026-02-12 04:00:00+00:00,1,0.469663622998121
2026-02-12 04:05:00+00:00,1,0.46306821495637424
2026-02-12 04:10:00+00:00,1,0.46204014120810205
2026-02-12 04:15:00+00:00,1,0.4648356345604998
2026-02-12 04:20:00+00:00,1,0.46362683646607494
2026-02-12 04:25:00+00:00,0,0.46110960077646596
2026-02-12 04:30:00+00:00,0,0.4658908048076762
2026-02-12 04:35:00+00:00,0,0.45319999878125683
2026-02-12 04:40:00+00:00,0,0.4528643119395521
2026-02-12 04:45:00+00:00,0,0.4529164500813825
2026-02-12 04:50:00+00:00,0,0.46861972491025866
2026-02-12 04:55:00+00:00,0,0.4665341268054322
2026-02-12 05:00:00+00:00,1,0.4688082124413676
2026-02-12 05:05:00+00:00,1,0.4769493679642012
2026-02-12 05:10:00+00:00,1,0.49765392745879167
2026-02-12 05:15:00+00:00,1,0.49595153093195365
2026-02-12 05:20:00+00:00,1,0.4764622309323164
2026-02-12 05:25:00+00:00,1,0.479879886138326
2026-02-12 05:30:00+00:00,0,0.4640531947688276
2026-02-12 05:35:00+00:00,1,0.47363675970417574
2026-02-12 05:40:00+00:00,1,0.46767752355337117
2026-02-12 05:45:00+00:00,1,0.4749355884665183
2026-02-12 05:50:00+00:00,1,0.46886229076433983
2026-02-12 05:55:00+00:00,1,0.47709269828443374
2026-02-12 06:00:00+00:00,1,0.4876624271023259
2026-02-12 06:05:00+00:00,1,0.47978009579511616
2026-02-12 06:10:00+00:00,1,0.4750424209644297
2026-02-12 06:15:00+00:00,1,0.4798138144854871
2026-02-12 06:20:00+00:00,0,0.46916812052221046
2026-02-12 06:25:00+00:00,0,0.46772898338900876
2026-02-12 06:30:00+00:00,0,0.4703149021401576
2026-02-12 06:35:00+00:00,0,0.46778142314074356
2026-02-12 06:40:00+00:00,0,0.47053404704594515
2026-02-12 06:45:00+00:00,0,0.48000528403849757
2026-02-12 06:50:00+00:00,1,0.49011118060325615
2026-02-12 06:55:00+00:00,1,0.48933655758841815
2026-02-12 07:00:00+00:00,1,0.4857774841623875
2026-02-12 07:05:00+00:00,1,0.4951799406151172
2026-02-12 07:10:00+00:00,1,0.5015489820104648
2026-02-12 07:15:00+00:00,1,0.4973672199763042
2026-02-12 07:20:00+00:00,1,0.48934280463620183
2026-02-12 07:25:00+00:00,1,0.48424156172640564
2026-02-12 07:30:00+00:00,1,0.48580362658990905
2026-02-12 07:35:00+00:00,0,0.47562129450386875
2026-02-12 07:40:00+00:00,1,0.4888378449754829
2026-02-12 07:45:00+00:00,0,0.4693854679125012
2026-02-12 07:50:00+00:00,0,0.46899078745812417
2026-02-12 07:55:00+00:00,0,0.47107336937239386
2026-02-12 08:00:00+00:00,0,0.4907997527156236
2026-02-12 08:05:00+00:00,0,0.47580703386783246
2026-02-12 08:10:00+00:00,0,0.47378986694048647
2026-02-12 08:15:00+00:00,0,0.49963596048188996
2026-02-12 08:20:00+00:00,0,0.48117252839798913
2026-02-12 08:25:00+00:00,0,0.5018499440826407
2026-02-12 08:30:00+00:00,1,0.5029617464827228
2026-02-12 08:35:00+00:00,1,0.503155361607131
2026-02-12 08:40:00+00:00,1,0.50486110019356
2026-02-12 08:45:00+00:00,1,0.5043765571820064
2026-02-12 08:50:00+00:00,0,0.4990546225587728
2026-02-12 08:55:00+00:00,1,0.49996541229558633
2026-02-12 09:00:00+00:00,1,0.5017408931437355
2026-02-12 09:05:00+00:00,1,0.5019323486423768
2026-02-12 09:10:00+00:00,1,0.4995840675310592
2026-02-12 09:15:00+00:00,1,0.4989826030470848
2026-02-12 09:20:00+00:00,1,0.5005355857349381
2026-02-12 09:25:00+00:00,1,0.498978725356203
2026-02-12 09:30:00+00:00,0,0.47459079125940495
2026-02-12 09:35:00+00:00,0,0.4814037890413937
2026-02-12 09:40:00+00:00,0,0.48206586046529176
2026-02-12 09:45:00+00:00,0,0.46822783170843074
2026-02-12 09:50:00+00:00,0,0.49318950866481415
2026-02-12 09:55:00+00:00,0,0.47701061293869396
2026-02-12 10:00:00+00:00,0,0.48444722709248517
2026-02-12 10:05:00+00:00,1,0.4945188560781084
2026-02-12 10:10:00+00:00,1,0.5027276475395783
2026-02-12 10:15:00+00:00,1,0.4989600707511754
2026-02-12 10:20:00+00:00,1,0.5035129351755016
2026-02-12 10:25:00+00:00,1,0.4953888149711926
2026-02-12 10:30:00+00:00,1,0.4798126479970785
2026-02-12 10:35:00+00:00,1,0.48595045693504796
2026-02-12 10:40:00+00:00,1,0.4895356002291749
2026-02-12 10:45:00+00:00,1,0.47856514906380626
2026-02-12 10:50:00+00:00,1,0.4821174026770271
2026-02-12 10:55:00+00:00,1,0.47660208308934626
2026-02-12 11:00:00+00:00,1,0.4877764228225257
2026-02-12 11:05:00+00:00,1,0.4845614393874644
2026-02-12 11:10:00+00:00,1,0.5018470901358243
2026-02-12 11:15:00+00:00,1,0.49417239131835133
2026-02-12 11:20:00+00:00,0,0.4880822543623657
2026-02-12 11:25:00+00:00,0,0.485643988480583
2026-02-12 11:30:00+00:00,0,0.4880316020229201
2026-02-12 11:35:00+00:00,0,0.498174345765807
2026-02-12 11:40:00+00:00,0,0.4959181802678929
2026-02-12 11:45:00+00:00,0,0.501965638885667
2026-02-12 11:50:00+00:00,0,0.49590372849914255
2026-02-12 11:55:00+00:00,0,0.5124456463822871
2026-02-12 12:00:00+00:00,0,0.5099709997803761
2026-02-12 12:05:00+00:00,0,0.5180204291252091
2026-02-12 12:10:00+00:00,0,0.5175378015823898
2026-02-12 12:15:00+00:00,0,0.5146393489977659
2026-02-12 12:20:00+00:00,0,0.530224127751848
2026-02-12 12:25:00+00:00,0,0.5178484832255948
2026-02-12 12:30:00+00:00,0,0.5210558624260111
2026-02-12 12:35:00+00:00,0,0.5281173176064136
2026-02-12 12:40:00+00:00,0,0.5317184007727349
2026-02-12 12:45:00+00:00,0,0.5288013541099199
2026-02-12 12:50:00+00:00,0,0.5389831970847506
2026-02-12 12:55:00+00:00,0,0.5310022801477456
2026-02-12 13:00:00+00:00,0,0.540326065486934
2026-02-12 13:05:00+00:00,1,0.5392764564730517
2026-02-12 13:10:00+00:00,1,0.5418151787685421
2026-02-12 13:15:00+00:00,1,0.5378061394231025
2026-02-12 13:20:00+00:00,1,0.5319883606032936
2026-02-12 13:25:00+00:00,1,0.5385132993707793
2026-02-12 13:30:00+00:00,0,0.5115497456398947
2026-02-12 13:35:00+00:00,0,0.5118065024161101
2026-02-12 13:40:00+00:00,0,0.5096961659602881
2026-02-12 13:45:00+00:00,0,0.512900130329996
2026-02-12 13:50:00+00:00,0,0.511167819567361
2026-02-12 13:55:00+00:00,0,0.501756343048114
2026-02-12 14:00:00+00:00,1,0.522438431653701
2026-02-12 14:05:00+00:00,1,0.5208331151736206
2026-02-12 14:10:00+00:00,1,0.5198266149235219
2026-02-12 14:15:00+00:00,1,0.5222959486031491
2026-02-12 14:20:00+00:00,1,0.517554892026887
2026-02-12 14:25:00+00:00,1,0.5188530178357423
2026-02-12 14:30:00+00:00,0,0.5004066836937138
2026-02-12 14:35:00+00:00,0,0.515199910190162
2026-02-12 14:40:00+00:00,1,0.5188317471827564
2026-02-12 14:45:00+00:00,1,0.5073868566763983
2026-02-12 14:50:00+00:00,1,0.4691733465372521
2026-02-12 14:55:00+00:00,1,0.5119288322055314
2026-02-12 15:00:00+00:00,1,0.5216156894972901
2026-02-12 15:05:00+00:00,1,0.5242778062493215
2026-02-12 15:10:00+00:00,1,0.5177140615098412
2026-02-12 15:15:00+00:00,1,0.49030821091913973
2026-02-12 15:20:00+00:00,0,0.4919424105151001
2026-02-12 15:25:00+00:00,0,0.49323240717061667
2026-02-12 15:30:00+00:00,0,0.4731959933826142
2026-02-12 15:35:00+00:00,0,0.5038509197336474
2026-02-12 15:40:00+00:00,0,0.4995358331038486
2026-02-12 15:45:00+00:00,0,0.5032741472574999
2026-02-12 15:50:00+00:00,0,0.5197461382049529
2026-02-12 15:55:00+00:00,0,0.5225450708733749
2026-02-12 16:00:00+00:00,0,0.5205340976868585
2026-02-12 16:05:00+00:00,1,0.5320336429942013
2026-02-12 16:10:00+00:00,1,0.5300707387128932
2026-02-12 16:15:00+00:00,1,0.5328443868956151
2026-02-12 16:20:00+00:00,0,0.5413881299228545
2026-02-12 16:25:00+00:00,1,0.535200083233006
2026-02-12 16:30:00+00:00,1,0.5431259579352025
2026-02-12 16:35:00+00:00,0,0.5193759324476263
2026-02-12 16:40:00+00:00,0,0.5219752879872612
2026-02-12 16:45:00+00:00,0,0.520571639170234
2026-02-12 16:50:00+00:00,1,0.5258373647503732
2026-02-12 16:55:00+00:00,1,0.5221660277995188
2026-02-12 17:00:00+00:00,1,0.5176974860311807
2026-02-12 17:05:00+00:00,0,0.5172554556834256
2026-02-12 17:10:00+00:00,1,0.5147892357112878
2026-02-12 17:15:00+00:00,1,0.5158740450048743
2026-02-12 17:20:00+00:00,0,0.5097512379551629
2026-02-12 17:25:00+00:00,0,0.5209753914322919
2026-02-12 17:30:00+00:00,0,0.51607617775946
2026-02-12 17:35:00+00:00,1,0.5124814488363902
2026-02-12 17:40:00+00:00,0,0.5145257220117182
2026-02-12 17:45:00+00:00,0,0.5224382180946217
2026-02-12 17:50:00+00:00,0,0.5237320415747089
2026-02-12 17:55:00+00:00,1,0.5220884969773006
2026-02-12 18:00:00+00:00,0,0.5223730309420676
2026-02-12 18:05:00+00:00,0,0.4910431060273846
2026-02-12 18:10:00+00:00,0,0.5000285681891374
2026-02-12 18:15:00+00:00,1,0.525989203184545
2026-02-12 18:20:00+00:00,1,0.5187313424304663
2026-02-12 18:25:00+00:00,1,0.5256719529746057
2026-02-12 18:30:00+00:00,1,0.5222018993570133
2026-02-12 18:35:00+00:00,0,0.4861292353836671
2026-02-12 18:40:00+00:00,1,0.5100099234729367
2026-02-12 18:45:00+00:00,1,0.4813232927534439
2026-02-12 18:50:00+00:00,1,0.47708328385465665
2026-02-12 18:55:00+00:00,1,0.4758782916833744
2026-02-12 19:00:00+00:00,1,0.4918069489621926
2026-02-12 19:05:00+00:00,1,0.4879969381442792
2026-02-12 19:10:00+00:00,1,0.4808039219147237
2026-02-12 19:15:00+00:00,1,0.4688996406235926
2026-02-12 19:20:00+00:00,0,0.4673046889694216
2026-02-12 19:25:00+00:00,0,0.4688720208701323
2026-02-12 19:30:00+00:00,0,0.45513236968666737
2026-02-12 19:35:00+00:00,0,0.4580638226331175
2026-02-12 19:40:00+00:00,0,0.47187089185898123
2026-02-12 19:45:00+00:00,0,0.46783055446341754
2026-02-12 19:50:00+00:00,0,0.4766892054299432
2026-02-12 19:55:00+00:00,0,0.4825807523528193
2026-02-12 20:00:00+00:00,0,0.48287912147571754
2026-02-12 20:05:00+00:00,0,0.49762375473556053
2026-02-12 20:10:00+00:00,0,0.507749743790967
2026-02-12 20:15:00+00:00,0,0.5126337769673676
2026-02-12 20:20:00+00:00,0,0.5087500859094327
2026-02-12 20:25:00+00:00,0,0.5164653414208741
2026-02-12 20:30:00+00:00,0,0.5164444252584992
2026-02-12 20:35:00+00:00,0,0.5155728073814472
2026-02-12 20:40:00+00:00,0,0.5193753102288575
2026-02-12 20:45:00+00:00,1,0.5229284729183248
2026-02-12 20:50:00+00:00,1,0.5255154368057187
2026-02-12 20:55:00+00:00,1,0.5218978441901805
2026-02-12 21:00:00+00:00,1,0.5219092846116271
2026-02-12 21:05:00+00:00,1,0.5132550569019767
2026-02-12 21:10:00+00:00,1,0.5089765397193267
2026-02-12 21:15:00+00:00,0,0.5066421932307299
2026-02-12 21:20:00+00:00,1,0.5119814697012626
2026-02-12 21:25:00+00:00,1,0.5129070186548511
2026-02-12 21:30:00+00:00,0,0.5071814997178238
2026-02-12 21:35:00+00:00,0,0.5122369832659249
2026-02-12 21:40:00+00:00,0,0.5162530586255231
2026-02-12 21:45:00+00:00,0,0.5080305782075123
2026-02-12 21:50:00+00:00,0,0.5068864995396453
2026-02-12 21:55:00+00:00,1,0.5141648811850837
2026-02-12 22:00:00+00:00,1,0.5176597379393733
2026-02-12 22:05:00+00:00,1,0.5135709861252472
2026-02-12 22:10:00+00:00,1,0.5027757603587483
2026-02-12 22:15:00+00:00,1,0.49901242050765354
2026-02-12 22:20:00+00:00,1,0.49066105261599735
2026-02-12 22:25:00+00:00,1,0.48770060575060575
2026-02-12 22:30:00+00:00,1,0.49079664064555734
2026-02-12 22:35:00+00:00,1,0.4686626987092621
2026-02-12 22:40:00+00:00,1,0.47712692608270685
2026-02-12 22:45:00+00:00,1,0.46519520319300783
2026-02-12 22:50:00+00:00,1,0.47012840913656406
2026-02-12 22:55:00+00:00,1,0.46246615760297866
2026-02-12 23:00:00+00:00,1,0.4521061958208253
2026-02-12 23:05:00+00:00,1,0.4567193876320907
2026-02-12 23:10:00+00:00,1,0.4547986312010892
2026-02-12 23:15:00+00:00,1,0.45495950399084356
2026-02-12 23:20:00+00:00,0,0.45200043644052806
2026-02-12 23:25:00+00:00,1,0.4540697001880602
2026-02-12 23:30:00+00:00,1,0.45798549116840936
2026-02-12 23:35:00+00:00,0,0.45914061464475786
2026-02-12 23:40:00+00:00,0,0.4553047053638602
2026-02-12 23:45:00+00:00,0,0.4649310803747953
2026-02-12 23:50:00+00:00,0,0.45870453697748653
2026-02-12 23:55:00+00:00,0,0.4591372323023821
2026-02-13 00:00:00+00:00,0,0.45797323219224656
2026-02-13 00:05:00+00:00,0,0.47754484614202947
2026-02-13 00:10:00+00:00,0,0.48113068686626975
2026-02-13 00:15:00+00:00,0,0.48880336066540947
2026-02-13 00:20:00+00:00,0,0.48872546239127723
2026-02-13 00:25:00+00:00,0,0.4871194790358381
2026-02-13 00:30:00+00:00,0,0.5181918560159616
2026-02-13 00:35:00+00:00,0,0.5168412054180441
2026-02-13 00:40:00+00:00,1,0.5219703101142802
2026-02-13 00:45:00+00:00,1,0.5239575646419248
2026-02-13 00:50:00+00:00,0,0.5105981290858438
2026-02-13 00:55:00+00:00,0,0.5220475745628435
2026-02-13 01:00:00+00:00,0,0.5218188924746777
2026-02-13 01:05:00+00:00,0,0.5139716760162705
2026-02-13 01:10:00+00:00,0,0.5106583987948048
2026-02-13 01:15:00+00:00,0,0.512777651847791
2026-02-13 01:20:00+00:00,0,0.5206315724624355
2026-02-13 01:25:00+00:00,0,0.5177071223346964
2026-02-13 01:30:00+00:00,0,0.5106289558785603
2026-02-13 01:35:00+00:00,0,0.5117620104884704
2026-02-13 01:40:00+00:00,0,0.5144634660502975
2026-02-13 01:45:00+00:00,0,0.5072648676540973
2026-02-13 01:50:00+00:00,1,0.5145174717429887
2026-02-13 01:55:00+00:00,1,0.5099111979762578
2026-02-13 02:00:00+00:00,1,0.5037225051667601
2026-02-13 02:05:00+00:00,0,0.503456496700185
2026-02-13 02:10:00+00:00,1,0.5057405269161606
2026-02-13 02:15:00+00:00,0,0.5021691630897243
2026-02-13 02:20:00+00:00,1,0.5027974055504663
2026-02-13 02:25:00+00:00,1,0.5048880664775948
2026-02-13 02:30:00+00:00,0,0.503801336758029
2026-02-13 02:35:00+00:00,0,0.5059211102022257
2026-02-13 02:40:00+00:00,0,0.4852315664398452
2026-02-13 02:45:00+00:00,0,0.49513005250673436
2026-02-13 02:50:00+00:00,0,0.4785853975058199
2026-02-13 02:55:00+00:00,0,0.4788511402489653
2026-02-13 03:00:00+00:00,1,0.5018740239215445
2026-02-13 03:05:00+00:00,1,0.5037567998580746
2026-02-13 03:10:00+00:00,1,0.5024342639934328
2026-02-13 03:15:00+00:00,1,0.5030741808189219
2026-02-13 03:20:00+00:00,1,0.5026493806574838
2026-02-13 03:25:00+00:00,1,0.5018303195876703
2026-02-13 03:30:00+00:00,0,0.4914045257943821
2026-02-13 03:35:00+00:00,0,0.49720101900373687
2026-02-13 03:40:00+00:00,0,0.5047474796321222
2026-02-13 03:45:00+00:00,0,0.5049764079607284
2026-02-13 03:50:00+00:00,0,0.506100640854509
2026-02-13 03:55:00+00:00,0,0.5100629518948431
2026-02-13 04:00:00+00:00,0,0.5148441917988551
2026-02-13 04:05:00+00:00,0,0.5155317554087994
2026-02-13 04:10:00+00:00,0,0.515366146067718
2026-02-13 04:15:00+00:00,0,0.513146587962073
2026-02-13 04:20:00+00:00,1,0.5045359691831928
2026-02-13 04:25:00+00:00,1,0.5036204661703705
2026-02-13 04:30:00+00:00,1,0.5020609519713211
2026-02-13 04:35:00+00:00,0,0.500710136383094
2026-02-13 04:40:00+00:00,0,0.5116575160377779
2026-02-13 04:45:00+00:00,0,0.5080153796759783
2026-02-13 04:50:00+00:00,0,0.49969773322585126
2026-02-13 04:55:00+00:00,0,0.5089732915531207
2026-02-13 05:00:00+00:00,0,0.5096056010573813
2026-02-13 05:05:00+00:00,0,0.5088776227336704
2026-02-13 05:10:00+00:00,1,0.5121600690177107
2026-02-13 05:15:00+00:00,1,0.5118303993830584
2026-02-13 05:20:00+00:00,0,0.5205415864142506
2026-02-13 05:25:00+00:00,0,0.5172944066347259
2026-02-13 05:30:00+00:00,0,0.5068914644843682
2026-02-13 05:35:00+00:00,0,0.5098795379347805
2026-02-13 05:40:00+00:00,0,0.5021856044473603
2026-02-13 05:45:00+00:00,0,0.5089309374143695
2026-02-13 05:50:00+00:00,0,0.5163919567947248
2026-02-13 05:55:00+00:00,0,0.5130991765395971
2026-02-13 06:00:00+00:00,0,0.5129297191661543
2026-02-13 06:05:00+00:00,0,0.5189427822864267
2026-02-13 06:10:00+00:00,0,0.5161709555170346
2026-02-13 06:15:00+00:00,1,0.519874723936182
2026-02-13 06:20:00+00:00,1,0.5189678732046863
2026-02-13 06:25:00+00:00,1,0.5173310915301752
2026-02-13 06:30:00+00:00,1,0.5126448333503847
2026-02-13 06:35:00+00:00,1,0.5055599467686129
2026-02-13 06:40:00+00:00,1,0.5066473617001178
2026-02-13 06:45:00+00:00,1,0.5058248522208024
2026-02-13 06:50:00+00:00,1,0.4755227599652553
2026-02-13 06:55:00+00:00,1,0.47615574953817025
2026-02-13 07:00:00+00:00,1,0.46448060242380396
2026-02-13 07:05:00+00:00,1,0.4672875216257976
2026-02-13 07:10:00+00:00,0,0.4579498983150826
2026-02-13 07:15:00+00:00,0,0.453893392086288
2026-02-13 07:20:00+00:00,0,0.4573233451064896
2026-02-13 07:25:00+00:00,0,0.4641332598917999
2026-02-13 07:30:00+00:00,1,0.4668137873333875
2026-02-13 07:35:00+00:00,1,0.489764423643904
2026-02-13 07:40:00+00:00,1,0.4651807966354356
2026-02-13 07:45:00+00:00,1,0.4824030345105307
2026-02-13 07:50:00+00:00,1,0.4826874449729175
2026-02-13 07:55:00+00:00,1,0.4933428005648065
2026-02-13 08:00:00+00:00,1,0.4710694667931123
2026-02-13 08:05:00+00:00,1,0.4815626121025677
2026-02-13 08:10:00+00:00,1,0.48683823343894367
2026-02-13 08:15:00+00:00,1,0.4833004218568313
2026-02-13 08:20:00+00:00,1,0.4742419851057536
2026-02-13 08:25:00+00:00,1,0.4726404303690117
2026-02-13 08:30:00+00:00,0,0.47138105187243357
2026-02-13 08:35:00+00:00,0,0.4793476847998422
2026-02-13 08:40:00+00:00,0,0.47975186138430714
2026-02-13 08:45:00+00:00,0,0.469928487998902
2026-02-13 08:50:00+00:00,0,0.45876349018463436
2026-02-13 08:55:00+00:00,0,0.4657124814703284
2026-02-13 09:00:00+00:00,0,0.4706374602830738
2026-02-13 09:05:00+00:00,0,0.4630441770560856
2026-02-13 09:10:00+00:00,0,0.472513645783037
2026-02-13 09:15:00+00:00,1,0.4755021495753431
2026-02-13 09:20:00+00:00,0,0.4722035866035413
2026-02-13 09:25:00+00:00,0,0.4733746962234882
2026-02-13 09:30:00+00:00,0,0.46953794845108854
2026-02-13 09:35:00+00:00,0,0.48358035086871304
2026-02-13 09:40:00+00:00,1,0.493450322654424
2026-02-13 09:45:00+00:00,1,0.48555359083776667
2026-02-13 09:50:00+00:00,1,0.48057813866961835
2026-02-13 09:55:00+00:00,1,0.4925131153073974
2026-02-13 10:00:00+00:00,1,0.4996752879095146
2026-02-13 10:05:00+00:00,1,0.5027873452009981
2026-02-13 10:10:00+00:00,1,0.4999683759943529
2026-02-13 10:15:00+00:00,0,0.47453888560003704
2026-02-13 10:20:00+00:00,0,0.5056782164524511
2026-02-13 10:25:00+00:00,1,0.49675687953889736
2026-02-13 10:30:00+00:00,0,0.46660876712878346
2026-02-13 10:35:00+00:00,0,0.4803866605059088
2026-02-13 10:40:00+00:00,0,0.464367765126344
2026-02-13 10:45:00+00:00,0,0.4810200555310788
2026-02-13 10:50:00+00:00,1,0.5017230229382581
2026-02-13 10:55:00+00:00,0,0.4940241459382459
2026-02-13 11:00:00+00:00,0,0.5075109324693879
2026-02-13 11:05:00+00:00,0,0.5074364090319958
2026-02-13 11:10:00+00:00,1,0.5108772315789181
2026-02-13 11:15:00+00:00,1,0.5071591587986919
2026-02-13 11:20:00+00:00,0,0.49479842702429927
2026-02-13 11:25:00+00:00,0,0.5040713413244756
2026-02-13 11:30:00+00:00,0,0.5052928619080082
2026-02-13 11:35:00+00:00,0,0.5051544753497816
2026-02-13 11:40:00+00:00,0,0.5035852572333748
2026-02-13 11:45:00+00:00,0,0.509719108858297
2026-02-13 11:50:00+00:00,0,0.508208536066997
2026-02-13 11:55:00+00:00,0,0.5083571159622824
2026-02-13 12:00:00+00:00,0,0.5140211342539605
2026-02-13 12:05:00+00:00,1,0.5125575455693684
2026-02-13 12:10:00+00:00,1,0.5142644649103538
2026-02-13 12:15:00+00:00,1,0.5164211966984614
2026-02-13 12:20:00+00:00,1,0.5116226771591484
2026-02-13 12:25:00+00:00,0,0.5079850386037261
2026-02-13 12:30:00+00:00,1,0.5115764212393773
2026-02-13 12:35:00+00:00,0,0.5067436029554531
2026-02-13 12:40:00+00:00,0,0.5097004432114433
2026-02-13 12:45:00+00:00,1,0.5101673166491287
2026-02-13 12:50:00+00:00,1,0.5097608824629974
2026-02-13 12:55:00+00:00,1,0.5131728921504939
2026-02-13 13:00:00+00:00,1,0.5077588590893325
2026-02-13 13:05:00+00:00,1,0.5125370912716841
2026-02-13 13:10:00+00:00,1,0.5075239755053058
2026-02-13 13:15:00+00:00,1,0.5002432917923139
2026-02-13 13:20:00+00:00,1,0.46697818261298657
2026-02-13 13:25:00+00:00,0,0.455356618323501
2026-02-13 13:30:00+00:00,0,0.46024730565540295
2026-02-13 13:35:00+00:00,0,0.4748552455689699
2026-02-13 13:40:00+00:00,0,0.46774615562632677
2026-02-13 13:45:00+00:00,0,0.4668096499868599
2026-02-13 13:50:00+00:00,0,0.46651816035529386
2026-02-13 13:55:00+00:00,0,0.46491142565606736
2026-02-13 14:00:00+00:00,1,0.4924200372039303
2026-02-13 14:05:00+00:00,1,0.5109997342548571
2026-02-13 14:10:00+00:00,1,0.5152440823006288
2026-02-13 14:15:00+00:00,1,0.4890356288092867
2026-02-13 14:20:00+00:00,1,0.5020724424865914
2026-02-13 14:25:00+00:00,1,0.4597709974138262
2026-02-13 14:30:00+00:00,0,0.4609441766935615
2026-02-13 14:35:00+00:00,1,0.4663381541663375
2026-02-13 14:40:00+00:00,1,0.4713211121846279
2026-02-13 14:45:00+00:00,1,0.4732627396860629
2026-02-13 14:50:00+00:00,1,0.4672507696979541
2026-02-13 14:55:00+00:00,1,0.46772435974753074
2026-02-13 15:00:00+00:00,1,0.47548332346222305
2026-02-13 15:05:00+00:00,1,0.46996844595524856
2026-02-13 15:10:00+00:00,1,0.47017135962799034
2026-02-13 15:15:00+00:00,0,0.4696138511705291
2026-02-13 15:20:00+00:00,0,0.475717257326803
2026-02-13 15:25:00+00:00,0,0.47106911554138287
2026-02-13 15:30:00+00:00,0,0.4728925283715802
2026-02-13 15:35:00+00:00,0,0.4710105800964471
2026-02-13 15:40:00+00:00,1,0.471800986520069
2026-02-13 15:45:00+00:00,1,0.471639658115066
2026-02-13 15:50:00+00:00,1,0.47028578585660646
2026-02-13 15:55:00+00:00,1,0.4702002593720488
2026-02-13 16:00:00+00:00,1,0.4884373594547847
2026-02-13 16:05:00+00:00,1,0.46682046102160063
2026-02-13 16:10:00+00:00,1,0.4688574343216705
2026-02-13 16:15:00+00:00,1,0.4675436830254085
2026-02-13 16:20:00+00:00,1,0.46814728483349144
2026-02-13 16:25:00+00:00,1,0.47222409500764856
2026-02-13 16:30:00+00:00,0,0.46845461180850106
2026-02-13 16:35:00+00:00,0,0.4693650262329017
2026-02-13 16:40:00+00:00,1,0.471803283293002
2026-02-13 16:45:00+00:00,1,0.47288361030976106
2026-02-13 16:50:00+00:00,1,0.4699384154724362
2026-02-13 16:55:00+00:00,1,0.4708046128771916
2026-02-13 17:00:00+00:00,1,0.4681528343229497
2026-02-13 17:05:00+00:00,1,0.48046678871463366
2026-02-13 17:10:00+00:00,1,0.47080587508979993
2026-02-13 17:15:00+00:00,1,0.47578461396512334
2026-02-13 17:20:00+00:00,1,0.47087393670374633
2026-02-13 17:25:00+00:00,0,0.47479583014160587
2026-02-13 17:30:00+00:00,0,0.4700554464316574
2026-02-13 17:35:00+00:00,0,0.47283468436656334
2026-02-13 17:40:00+00:00,0,0.4681696453469474
2026-02-13 17:45:00+00:00,0,0.47492178350386
2026-02-13 17:50:00+00:00,0,0.47279055874311005
2026-02-13 17:55:00+00:00,0,0.47705302361415847
2026-02-13 18:00:00+00:00,1,0.5012285386320602
2026-02-13 18:05:00+00:00,1,0.5075849289517333
2026-02-13 18:10:00+00:00,1,0.4977838988569492
2026-02-13 18:15:00+00:00,1,0.48638974201010443
2026-02-13 18:20:00+00:00,1,0.48309936504403295
2026-02-13 18:25:00+00:00,1,0.48052823652972393
2026-02-13 18:30:00+00:00,0,0.49350899396327363
2026-02-13 18:35:00+00:00,0,0.4702025172559883
2026-02-13 18:40:00+00:00,0,0.4722618926562386
2026-02-13 18:45:00+00:00,1,0.4699589622620529
2026-02-13 18:50:00+00:00,1,0.47450261581400865
2026-02-13 18:55:00+00:00,1,0.48524294407639745
2026-02-13 19:00:00+00:00,1,0.508725475902295
2026-02-13 19:05:00+00:00,0,0.4819685063277101
2026-02-13 19:10:00+00:00,0,0.47864684081116915
2026-02-13 19:15:00+00:00,0,0.47330189552561597
2026-02-13 19:20:00+00:00,0,0.4841563145924621
2026-02-13 19:25:00+00:00,0,0.4933123284440999
2026-02-13 19:30:00+00:00,1,0.5048439425825341
2026-02-13 19:35:00+00:00,0,0.501341230183069
2026-02-13 19:40:00+00:00,0,0.5133711062863434
2026-02-13 19:45:00+00:00,1,0.5125768511652421
2026-02-13 19:50:00+00:00,0,0.494293384795528
2026-02-13 19:55:00+00:00,0,0.5112493858648679
2026-02-13 20:00:00+00:00,0,0.5138008141534661
2026-02-13 20:05:00+00:00,0,0.502056830646772
2026-02-13 20:10:00+00:00,1,0.5121865904060472
2026-02-13 20:15:00+00:00,1,0.5017961425579132
2026-02-13 20:20:00+00:00,1,0.5134123867517977
2026-02-13 20:25:00+00:00,1,0.5131127130496831
2026-02-13 20:30:00+00:00,1,0.510116159541723
2026-02-13 20:35:00+00:00,1,0.5151582446714837
2026-02-13 20:40:00+00:00,1,0.511335412288132
2026-02-13 20:45:00+00:00,1,0.49252152205439104
2026-02-13 20:50:00+00:00,1,0.4949793454012743
2026-02-13 20:55:00+00:00,1,0.5096352081077322
2026-02-13 21:00:00+00:00,0,0.48642900417354423
2026-02-13 21:05:00+00:00,0,0.49214639760711876
2026-02-13 21:10:00+00:00,0,0.4929775856379122
2026-02-13 21:15:00+00:00,0,0.4882628639353147
2026-02-13 21:20:00+00:00,0,0.4817257958335264
2026-02-13 21:25:00+00:00,1,0.4996656289735653
2026-02-13 21:30:00+00:00,1,0.4986723885874688
2026-02-13 21:35:00+00:00,1,0.5141789148641291
2026-02-13 21:40:00+00:00,0,0.49188762680863085
2026-02-13 21:45:00+00:00,0,0.501067803624547
2026-02-13 21:50:00+00:00,1,0.5059937674970338
2026-02-13 21:55:00+00:00,0,0.4858313613839191
2026-02-13 22:00:00+00:00,0,0.48121327847635564
2026-02-13 22:05:00+00:00,0,0.47878901544187175
2026-02-13 22:10:00+00:00,1,0.5124034686423251
2026-02-13 22:15:00+00:00,0,0.5032823050526861
2026-02-13 22:20:00+00:00,0,0.49521816289731946
2026-02-13 22:25:00+00:00,0,0.48333111194515305
2026-02-13 22:30:00+00:00,0,0.50282596936834
2026-02-13 22:35:00+00:00,0,0.511836180229816
2026-02-13 22:40:00+00:00,0,0.5053510089098862
2026-02-13 22:45:00+00:00,0,0.5081471811982068
2026-02-13 22:50:00+00:00,0,0.5052686697552707
2026-02-13 22:55:00+00:00,0,0.5059725568223044
2026-02-13 23:00:00+00:00,0,0.5116620789833654
2026-02-13 23:05:00+00:00,0,0.5129642279184111
2026-02-13 23:10:00+00:00,0,0.5105395728801038
2026-02-13 23:15:00+00:00,0,0.5089042390071227
2026-02-13 23:20:00+00:00,0,0.5145675189706335
2026-02-13 23:25:00+00:00,0,0.511106257681464
2026-02-13 23:30:00+00:00,0,0.5102203767595077
2026-02-13 23:35:00+00:00,1,0.5110812001665022
2026-02-13 23:40:00+00:00,1,0.5166047165416419
2026-02-13 23:45:00+00:00,0,0.5151962404143565
2026-02-13 23:50:00+00:00,0,0.5115027424399363
2026-02-13 23:55:00+00:00,0,0.5140585568575257
2026-02-14 00:00:00+00:00,0,0.5047327033393217
2026-02-14 00:05:00+00:00,0,0.5065204371663777
2026-02-14 00:10:00+00:00,1,0.5059381877795908
2026-02-14 00:15:00+00:00,1,0.5123791915490705
2026-02-14 00:20:00+00:00,1,0.5220576091532585
2026-02-14 00:25:00+00:00,1,0.5171698504815367
2026-02-14 00:30:00+00:00,1,0.5104770714717204
2026-02-14 00:35:00+00:00,1,0.5063502474974841
2026-02-14 00:40:00+00:00,0,0.47259708212055435
2026-02-14 00:45:00+00:00,0,0.47416548718919477
2026-02-14 00:50:00+00:00,0,0.4672101909865822
2026-02-14 00:55:00+00:00,1,0.48167656556608074
2026-02-14 01:00:00+00:00,1,0.5027500358968509
2026-02-14 01:05:00+00:00,0,0.4946857477997137
2026-02-14 01:10:00+00:00,1,0.512067735953082
2026-02-14 01:15:00+00:00,0,0.4752912427553149
2026-02-14 01:20:00+00:00,1,0.5064810634557955
2026-02-14 01:25:00+00:00,0,0.4694847142396622
2026-02-14 01:30:00+00:00,1,0.5103100568530763
2026-02-14 01:35:00+00:00,1,0.4955542341397996
2026-02-14 01:40:00+00:00,1,0.47576585936069626
2026-02-14 01:45:00+00:00,1,0.47828570617313704
2026-02-14 01:50:00+00:00,0,0.4648798985010996
2026-02-14 01:55:00+00:00,1,0.4777632464104645
2026-02-14 02:00:00+00:00,0,0.4719857278354387
2026-02-14 02:05:00+00:00,1,0.4733262427656621
2026-02-14 02:10:00+00:00,0,0.4599201683073192
2026-02-14 02:15:00+00:00,0,0.46290323182329146
2026-02-14 02:20:00+00:00,1,0.49828540805100674
2026-02-14 02:25:00+00:00,0,0.4913079770038651
2026-02-14 02:30:00+00:00,1,0.4924607660158973
2026-02-14 02:35:00+00:00,0,0.46467525362566137
2026-02-14 02:40:00+00:00,1,0.47901241411926804
2026-02-14 02:45:00+00:00,1,0.48442050003808573
2026-02-14 02:50:00+00:00,0,0.48728560417673455
2026-02-14 02:55:00+00:00,1,0.5063406450887732
2026-02-14 03:00:00+00:00,1,0.4908925070207664
2026-02-14 03:05:00+00:00,1,0.5066492208304779
2026-02-14 03:10:00+00:00,0,0.46683159686567777
2026-02-14 03:15:00+00:00,0,0.4800129599943169
2026-02-14 03:20:00+00:00,0,0.4997272635070249
2026-02-14 03:25:00+00:00,0,0.47898284038990674
2026-02-14 03:30:00+00:00,0,0.46741401508372205
2026-02-14 03:35:00+00:00,0,0.47504257751783874
2026-02-14 03:40:00+00:00,0,0.47007592347968236
2026-02-14 03:45:00+00:00,0,0.49894733614189235
2026-02-14 03:50:00+00:00,0,0.5022754486319142
2026-02-14 03:55:00+00:00,0,0.5016242904719121
2026-02-14 04:00:00+00:00,0,0.4938426094849481
2026-02-14 04:05:00+00:00,1,0.503835931165625
2026-02-14 04:10:00+00:00,1,0.5018128287770826
2026-02-14 04:15:00+00:00,1,0.5028764946299917
2026-02-14 04:20:00+00:00,1,0.5036553451944744
2026-02-14 04:25:00+00:00,0,0.5007067007380104
2026-02-14 04:30:00+00:00,1,0.5011394045166037
2026-02-14 04:35:00+00:00,0,0.5004992893523821
2026-02-14 04:40:00+00:00,1,0.5007081870748689
2026-02-14 04:45:00+00:00,1,0.4938420280937202
2026-02-14 04:50:00+00:00,1,0.5010882919938308
2026-02-14 04:55:00+00:00,0,0.5118648849668647
2026-02-14 05:00:00+00:00,0,0.5106374295841511
2026-02-14 05:05:00+00:00,0,0.5096163574174557
2026-02-14 05:10:00+00:00,0,0.48610484438535323
2026-02-14 05:15:00+00:00,0,0.48582215326267414
2026-02-14 05:20:00+00:00,0,0.49645621351923386
2026-02-14 05:25:00+00:00,0,0.5018289868365801
2026-02-14 05:30:00+00:00,0,0.499730544422468
2026-02-14 05:35:00+00:00,0,0.5004624596998348
2026-02-14 05:40:00+00:00,0,0.5049444695621794
2026-02-14 05:45:00+00:00,0,0.5065171179530424
2026-02-14 05:50:00+00:00,0,0.5072192331390991
2026-02-14 05:55:00+00:00,0,0.5094592885063323
2026-02-14 06:00:00+00:00,0,0.5110418135717432
2026-02-14 06:05:00+00:00,1,0.5157198633877584
2026-02-14 06:10:00+00:00,0,0.5069798546745585
2026-02-14 06:15:00+00:00,0,0.5098739582698043
2026-02-14 06:20:00+00:00,1,0.5080834942539895
2026-02-14 06:25:00+00:00,1,0.5086804758219553
2026-02-14 06:30:00+00:00,1,0.509706604030319
2026-02-14 06:35:00+00:00,1,0.5096555206915663
2026-02-14 06:40:00+00:00,1,0.5149491828066232
2026-02-14 06:45:00+00:00,1,0.514587499431879
2026-02-14 06:50:00+00:00,1,0.5074608667717215
2026-02-14 06:55:00+00:00,1,0.5094260157225435
2026-02-14 07:00:00+00:00,1,0.5031014017524645
2026-02-14 07:05:00+00:00,1,0.5088788146547257
2026-02-14 07:10:00+00:00,1,0.4857712312313478
2026-02-14 07:15:00+00:00,0,0.47714664652079863
2026-02-14 07:20:00+00:00,0,0.4742175306624934
2026-02-14 07:25:00+00:00,0,0.4788251577913083
2026-02-14 07:30:00+00:00,1,0.4723189025791882
2026-02-14 07:35:00+00:00,1,0.4919664357065648
2026-02-14 07:40:00+00:00,1,0.47537699794731125
2026-02-14 07:45:00+00:00,1,0.4843763663243568
2026-02-14 07:50:00+00:00,1,0.47721200361862876
2026-02-14 07:55:00+00:00,1,0.4775559867465936
2026-02-14 08:00:00+00:00,1,0.4606848809836551
2026-02-14 08:05:00+00:00,1,0.45540970321410457
2026-02-14 08:10:00+00:00,1,0.46363150304851075
2026-02-14 08:15:00+00:00,1,0.4686633234271834
2026-02-14 08:20:00+00:00,1,0.4667737145778995
2026-02-14 08:25:00+00:00,1,0.4630453493076658
2026-02-14 08:30:00+00:00,1,0.46682028389560865
2026-02-14 08:35:00+00:00,1,0.45686947451662907
2026-02-14 08:40:00+00:00,1,0.4590571095066593
2026-02-14 08:45:00+00:00,1,0.45523944305854847
2026-02-14 08:50:00+00:00,0,0.4567670809172915
2026-02-14 08:55:00+00:00,0,0.4565712488245994
2026-02-14 09:00:00+00:00,0,0.4665817740691145
2026-02-14 09:05:00+00:00,1,0.47182624573329046
2026-02-14 09:10:00+00:00,1,0.4684840432847244
2026-02-14 09:15:00+00:00,0,0.4623470401065144
2026-02-14 09:20:00+00:00,1,0.47704408207562593
2026-02-14 09:25:00+00:00,1,0.46668437298849097
2026-02-14 09:30:00+00:00,0,0.4648979693100494
2026-02-14 09:35:00+00:00,0,0.4642676019142231
2026-02-14 09:40:00+00:00,0,0.4653108005048983
2026-02-14 09:45:00+00:00,0,0.46405611691713355
2026-02-14 09:50:00+00:00,0,0.46449812792856443
2026-02-14 09:55:00+00:00,0,0.479469645257267
2026-02-14 10:00:00+00:00,1,0.4949763367699279
2026-02-14 10:05:00+00:00,1,0.4885614447486634
2026-02-14 10:10:00+00:00,0,0.48620640072053206
2026-02-14 10:15:00+00:00,0,0.48658656950329365
2026-02-14 10:20:00+00:00,0,0.5110426733847963
2026-02-14 10:25:00+00:00,1,0.5059855405925884
2026-02-14 10:30:00+00:00,1,0.5029968658232462
2026-02-14 10:35:00+00:00,0,0.4957688133598914
2026-02-14 10:40:00+00:00,1,0.5045413018793385
2026-02-14 10:45:00+00:00,1,0.5057356322676747
2026-02-14 10:50:00+00:00,1,0.5007462455527595
2026-02-14 10:55:00+00:00,1,0.5054774242002952
2026-02-14 11:00:00+00:00,1,0.5027258602271583
2026-02-14 11:05:00+00:00,1,0.510805421951129
2026-02-14 11:10:00+00:00,1,0.46316899682331225
2026-02-14 11:15:00+00:00,1,0.4675455048623642
2026-02-14 11:20:00+00:00,1,0.454083716098545
2026-02-14 11:25:00+00:00,1,0.4565394356529077
2026-02-14 11:30:00+00:00,1,0.4603371950929598
2026-02-14 11:35:00+00:00,1,0.4633234267762687
2026-02-14 11:40:00+00:00,1,0.4561613820020204
2026-02-14 11:45:00+00:00,1,0.45717215705369163
2026-02-14 11:50:00+00:00,1,0.4524861146763688
2026-02-14 11:55:00+00:00,1,0.45470024239948237
2026-02-14 12:00:00+00:00,1,0.4512303117757244
2026-02-14 12:05:00+00:00,0,0.45323154887903483
2026-02-14 12:10:00+00:00,0,0.4584644548578371
2026-02-14 12:15:00+00:00,0,0.47142234454669935
2026-02-14 12:20:00+00:00,0,0.45580754992073863
2026-02-14 12:25:00+00:00,0,0.46090858751289027
2026-02-14 12:30:00+00:00,0,0.4656516372549133
2026-02-14 12:35:00+00:00,0,0.49342914433226176
2026-02-14 12:40:00+00:00,0,0.49083434691464944
2026-02-14 12:45:00+00:00,0,0.49974401891372827
2026-02-14 12:50:00+00:00,0,0.4988561335506262
2026-02-14 12:55:00+00:00,0,0.5043076679127589
2026-02-14 13:00:00+00:00,0,0.5075530346775046
2026-02-14 13:05:00+00:00,0,0.49727600132121597
2026-02-14 13:10:00+00:00,0,0.5121043217081335
2026-02-14 13:15:00+00:00,1,0.5203456171415944
2026-02-14 13:20:00+00:00,0,0.5179552785843203
2026-02-14 13:25:00+00:00,1,0.5224300920282985
2026-02-14 13:30:00+00:00,1,0.5204159429264162
2026-02-14 13:35:00+00:00,1,0.5174773211870012
2026-02-14 13:40:00+00:00,1,0.5222689211367553
2026-02-14 13:45:00+00:00,1,0.5081825489457014
2026-02-14 13:50:00+00:00,1,0.5144647892806918
2026-02-14 13:55:00+00:00,1,0.5086934217608721
2026-02-14 14:00:00+00:00,1,0.5067384243671802
2026-02-14 14:05:00+00:00,1,0.5031740485663294
2026-02-14 14:10:00+00:00,1,0.5025771890170351
2026-02-14 14:15:00+00:00,1,0.4980847845896563
2026-02-14 14:20:00+00:00,1,0.5101716542769973
2026-02-14 14:25:00+00:00,1,0.5040564242306241
2026-02-14 14:30:00+00:00,1,0.4764532367888009
2026-02-14 14:35:00+00:00,1,0.46456614828798953
2026-02-14 14:40:00+00:00,1,0.46622997171464825
2026-02-14 14:45:00+00:00,1,0.455474908985001
2026-02-14 14:50:00+00:00,0,0.4524509890976992
2026-02-14 14:55:00+00:00,0,0.4509766378449824
2026-02-14 15:00:00+00:00,0,0.4717639921591746
2026-02-14 15:05:00+00:00,0,0.4600329104689649
2026-02-14 15:10:00+00:00,0,0.4653625944245323
2026-02-14 15:15:00+00:00,0,0.46014940577033614
2026-02-14 15:20:00+00:00,0,0.46718904014563756
2026-02-14 15:25:00+00:00,1,0.48540132305473627
2026-02-14 15:30:00+00:00,1,0.4888684726588243
2026-02-14 15:35:00+00:00,1,0.48162653875909406
2026-02-14 15:40:00+00:00,1,0.4826034923573246
2026-02-14 15:45:00+00:00,1,0.47943161296256753
2026-02-14 15:50:00+00:00,0,0.4908751596313847
2026-02-14 15:55:00+00:00,0,0.4724020328377425
2026-02-14 16:00:00+00:00,0,0.4747241964987788
2026-02-14 16:05:00+00:00,0,0.47722604834613136
2026-02-14 16:10:00+00:00,1,0.4793387111265195
2026-02-14 16:15:00+00:00,1,0.4794099429245361
2026-02-14 16:20:00+00:00,1,0.5168354299489597
2026-02-14 16:25:00+00:00,1,0.5090274054785757
2026-02-14 16:30:00+00:00,1,0.5124466579350877
2026-02-14 16:35:00+00:00,1,0.5016524888040935
2026-02-14 16:40:00+00:00,1,0.47331701773706286
2026-02-14 16:45:00+00:00,1,0.4720879429248693
2026-02-14 16:50:00+00:00,1,0.4709920469067404
2026-02-14 16:55:00+00:00,1,0.47244149854404216
2026-02-14 17:00:00+00:00,1,0.4729350026689972
2026-02-14 17:05:00+00:00,0,0.4763508553006254
2026-02-14 17:10:00+00:00,0,0.4690293394993363
2026-02-14 17:15:00+00:00,0,0.4691266219542771
2026-02-14 17:20:00+00:00,0,0.4726446933894665
2026-02-14 17:25:00+00:00,0,0.4749332961506657
2026-02-14 17:30:00+00:00,0,0.473148513896179
2026-02-14 17:35:00+00:00,1,0.4824264551061178
2026-02-14 17:40:00+00:00,1,0.4822960949572018
2026-02-14 17:45:00+00:00,1,0.49700433792428056
2026-02-14 17:50:00+00:00,1,0.48323382087686967
2026-02-14 17:55:00+00:00,1,0.5031224552949579
2026-02-14 18:00:00+00:00,1,0.48866589364418744
2026-02-14 18:05:00+00:00,1,0.48833028396126515
2026-02-14 18:10:00+00:00,1,0.4825172766063651
2026-02-14 18:15:00+00:00,1,0.4763948686638212
2026-02-14 18:20:00+00:00,0,0.4879517645933542
2026-02-14 18:25:00+00:00,1,0.4778772924576787
2026-02-14 18:30:00+00:00,1,0.4985426104146285
2026-02-14 18:35:00+00:00,1,0.4758284342222177
2026-02-14 18:40:00+00:00,1,0.4870948235555973
2026-02-14 18:45:00+00:00,0,0.47439785761885034
2026-02-14 18:50:00+00:00,1,0.48989751906405027
2026-02-14 18:55:00+00:00,1,0.4824148760584431
2026-02-14 19:00:00+00:00,1,0.4843279512854258
2026-02-14 19:05:00+00:00,1,0.4808326510006395
2026-02-14 19:10:00+00:00,1,0.484513306145949
2026-02-14 19:15:00+00:00,1,0.4764710320026159
2026-02-14 19:20:00+00:00,1,0.48272849448012567
2026-02-14 19:25:00+00:00,1,0.4720398573747577
2026-02-14 19:30:00+00:00,1,0.4704767398276525
2026-02-14 19:35:00+00:00,0,0.47138096381542044
2026-02-14 19:40:00+00:00,0,0.47302730269521376
2026-02-14 19:45:00+00:00,0,0.46923575909320303
2026-02-14 19:50:00+00:00,0,0.4690109196261041
2026-02-14 19:55:00+00:00,0,0.47303330055471887
2026-02-14 20:00:00+00:00,0,0.47007898993507796
2026-02-14 20:05:00+00:00,0,0.4790028043623731
2026-02-14 20:10:00+00:00,0,0.4817410114216447
2026-02-14 20:15:00+00:00,0,0.49215965739335393
2026-02-14 20:20:00+00:00,0,0.4997779001083139
2026-02-14 20:25:00+00:00,1,0.5044026748501365
2026-02-14 20:30:00+00:00,1,0.4990082055312932
2026-02-14 20:35:00+00:00,1,0.5132344334231517
2026-02-14 20:40:00+00:00,1,0.5103360478266284
2026-02-14 20:45:00+00:00,1,0.5138332984110301
2026-02-14 20:50:00+00:00,1,0.5130324065473022
2026-02-14 20:55:00+00:00,0,0.4972172295581295
2026-02-14 21:00:00+00:00,0,0.48928701719339424
2026-02-14 21:05:00+00:00,0,0.47742458426266987
2026-02-14 21:10:00+00:00,0,0.4873493262910245
2026-02-14 21:15:00+00:00,0,0.4754558523873929
2026-02-14 21:20:00+00:00,0,0.5136182733928133
2026-02-14 21:25:00+00:00,0,0.5107489999267739
2026-02-14 21:30:00+00:00,1,0.5145117684905366
2026-02-14 21:35:00+00:00,1,0.5127364947806194
2026-02-14 21:40:00+00:00,1,0.5081892008049533
2026-02-14 21:45:00+00:00,1,0.509650337594527
2026-02-14 21:50:00+00:00,1,0.510520280309558
2026-02-14 21:55:00+00:00,1,0.5129102182484865
2026-02-14 22:00:00+00:00,1,0.5095604111571603
2026-02-14 22:05:00+00:00,1,0.50722981671235
2026-02-14 22:10:00+00:00,1,0.4820065939443526
2026-02-14 22:15:00+00:00,1,0.49897324793222125
2026-02-14 22:20:00+00:00,1,0.5109821035343157
2026-02-14 22:25:00+00:00,1,0.5047937680993514
2026-02-14 22:30:00+00:00,0,0.48382088300328213
2026-02-14 22:35:00+00:00,0,0.46753720994566045
2026-02-14 22:40:00+00:00,0,0.47082095297796
2026-02-14 22:45:00+00:00,0,0.47170917371934773
2026-02-14 22:50:00+00:00,0,0.47591993344874167
2026-02-14 22:55:00+00:00,0,0.4837383142102905
2026-02-14 23:00:00+00:00,0,0.5086560860357708
2026-02-14 23:05:00+00:00,0,0.49349445413949794
2026-02-14 23:10:00+00:00,0,0.4901820096776673
2026-02-14 23:15:00+00:00,0,0.5073023770147671
2026-02-14 23:20:00+00:00,0,0.5163774729707458
2026-02-14 23:25:00+00:00,0,0.5033710575043133
2026-02-14 23:30:00+00:00,0,0.5133050057343266
2026-02-14 23:35:00+00:00,0,0.5111793490810027
2026-02-14 23:40:00+00:00,0,0.5107843603779985
2026-02-14 23:45:00+00:00,0,0.5112409982520293
2026-02-14 23:50:00+00:00,0,0.5166958362784834
2026-02-14 23:55:00+00:00,0,0.5174852728568664
2026-02-15 00:00:00+00:00,0,0.5156230839537814
2026-02-15 00:05:00+00:00,0,0.52251008058246
2026-02-15 00:10:00+00:00,0,0.518187420860353
2026-02-15 00:15:00+00:00,0,0.5142402414897556
2026-02-15 00:20:00+00:00,0,0.5160143323365616
2026-02-15 00:25:00+00:00,1,0.5205299169892701
2026-02-15 00:30:00+00:00,1,0.5185358173918246
2026-02-15 00:35:00+00:00,1,0.5120153687939034
2026-02-15 00:40:00+00:00,1,0.5171408327135405
2026-02-15 00:45:00+00:00,1,0.5183650869256593
2026-02-15 00:50:00+00:00,0,0.5201184790821247
2026-02-15 00:55:00+00:00,0,0.5263443155012874
2026-02-15 01:00:00+00:00,0,0.5086857673369645
2026-02-15 01:05:00+00:00,0,0.4910650064467413
2026-02-15 01:10:00+00:00,0,0.5035604987791976
2026-02-15 01:15:00+00:00,0,0.5120115273927078
2026-02-15 01:20:00+00:00,0,0.5179203844868328
2026-02-15 01:25:00+00:00,1,0.5248981669277676
2026-02-15 01:30:00+00:00,1,0.5189407712815054
2026-02-15 01:35:00+00:00,1,0.5229630856005365
2026-02-15 01:40:00+00:00,1,0.5170168701264991
2026-02-15 01:45:00+00:00,1,0.5234501537040067
2026-02-15 01:50:00+00:00,0,0.5204791987516381
2026-02-15 01:55:00+00:00,0,0.5187662566892925
2026-02-15 02:00:00+00:00,0,0.5025058698131815
2026-02-15 02:05:00+00:00,0,0.5190677906299472
2026-02-15 02:10:00+00:00,0,0.5163555143984874
2026-02-15 02:15:00+00:00,0,0.5136702195604548
2026-02-15 02:20:00+00:00,1,0.5247043985341328
2026-02-15 02:25:00+00:00,1,0.5227185120983627
2026-02-15 02:30:00+00:00,1,0.5187874715359242
2026-02-15 02:35:00+00:00,1,0.5117228384969217
2026-02-15 02:40:00+00:00,0,0.5135731937097914
2026-02-15 02:45:00+00:00,1,0.5152236099415736
2026-02-15 02:50:00+00:00,0,0.5079557909690001
2026-02-15 02:55:00+00:00,0,0.5113656708416002
2026-02-15 03:00:00+00:00,0,0.5058310377215336
2026-02-15 03:05:00+00:00,0,0.49273932804785575
2026-02-15 03:10:00+00:00,0,0.5138567320500685
2026-02-15 03:15:00+00:00,0,0.511170261443824
2026-02-15 03:20:00+00:00,1,0.512151028853288
2026-02-15 03:25:00+00:00,1,0.5136158112411525
2026-02-15 03:30:00+00:00,1,0.5198288329011579
2026-02-15 03:35:00+00:00,1,0.5185320423232309
2026-02-15 03:40:00+00:00,1,0.5157547313417307
2026-02-15 03:45:00+00:00,1,0.5003768959575337
2026-02-15 03:50:00+00:00,1,0.5035522241092267
2026-02-15 03:55:00+00:00,1,0.4904377954330333
2026-02-15 04:00:00+00:00,1,0.46141461350682467
2026-02-15 04:05:00+00:00,0,0.45466313348460896
2026-02-15 04:10:00+00:00,0,0.454119847242072
2026-02-15 04:15:00+00:00,0,0.46313611959833734
2026-02-15 04:20:00+00:00,1,0.47879307771555235
2026-02-15 04:25:00+00:00,1,0.46980037471914843
2026-02-15 04:30:00+00:00,0,0.46398216568418527
2026-02-15 04:35:00+00:00,0,0.4647668078401735
2026-02-15 04:40:00+00:00,0,0.46296858781266725
2026-02-15 04:45:00+00:00,1,0.46404540423661605
2026-02-15 04:50:00+00:00,1,0.47261359797756536
2026-02-15 04:55:00+00:00,1,0.477175514497572
2026-02-15 05:00:00+00:00,1,0.4780056375696192
2026-02-15 05:05:00+00:00,1,0.4746511510865683
2026-02-15 05:10:00+00:00,1,0.4728165311166271
2026-02-15 05:15:00+00:00,1,0.46365473282746544
2026-02-15 05:20:00+00:00,1,0.4658839868477416
2026-02-15 05:25:00+00:00,0,0.46529944134124385
2026-02-15 05:30:00+00:00,0,0.4669608546801326
2026-02-15 05:35:00+00:00,0,0.4605098985050832
2026-02-15 05:40:00+00:00,0,0.46617698525292034
2026-02-15 05:45:00+00:00,0,0.47022726396339387
2026-02-15 05:50:00+00:00,0,0.4707148692902286
2026-02-15 05:55:00+00:00,0,0.4869342892049625
2026-02-15 06:00:00+00:00,1,0.4879312847523828
2026-02-15 06:05:00+00:00,0,0.5062083194369623
2026-02-15 06:10:00+00:00,0,0.49160739316182017
2026-02-15 06:15:00+00:00,0,0.493047003881765
2026-02-15 06:20:00+00:00,0,0.5082847157095924
2026-02-15 06:25:00+00:00,0,0.48737526800382835
2026-02-15 06:30:00+00:00,0,0.4923353591034868
2026-02-15 06:35:00+00:00,0,0.5047615806648289
2026-02-15 06:40:00+00:00,1,0.5034395803520851
2026-02-15 06:45:00+00:00,1,0.5054065697768106
2026-02-15 06:50:00+00:00,1,0.49985072247569107
2026-02-15 06:55:00+00:00,1,0.4979830380238506
2026-02-15 07:00:00+00:00,1,0.49391210356474596
2026-02-15 07:05:00+00:00,1,0.4958064093100022
2026-02-15 07:10:00+00:00,1,0.49924075498601206
2026-02-15 07:15:00+00:00,1,0.500482669891384
2026-02-15 07:20:00+00:00,1,0.4995099369186509
2026-02-15 07:25:00+00:00,1,0.5021291141171902
2026-02-15 07:30:00+00:00,1,0.49210351148526216
2026-02-15 07:35:00+00:00,0,0.4763042203019667
2026-02-15 07:40:00+00:00,0,0.5001245850335053
2026-02-15 07:45:00+00:00,0,0.49055201383728914
2026-02-15 07:50:00+00:00,0,0.5011520747160437
2026-02-15 07:55:00+00:00,0,0.4683039516857862
2026-02-15 08:00:00+00:00,0,0.4706232093674179
2026-02-15 08:05:00+00:00,0,0.49094791535347926
2026-02-15 08:10:00+00:00,0,0.49467484182150934
2026-02-15 08:15:00+00:00,0,0.47363751223540573
2026-02-15 08:20:00+00:00,0,0.49790022572368114
2026-02-15 08:25:00+00:00,0,0.49355197543521756
2026-02-15 08:30:00+00:00,1,0.5454798203147552
2026-02-15 08:35:00+00:00,1,0.5287868526000308
2026-02-15 08:40:00+00:00,1,0.5276981050855618
2026-02-15 08:45:00+00:00,1,0.5173659218332259
2026-02-15 08:50:00+00:00,1,0.51624918890504
2026-02-15 08:55:00+00:00,1,0.5081588746588332
2026-02-15 09:00:00+00:00,1,0.5148116916981748
2026-02-15 09:05:00+00:00,0,0.5067598945895316
2026-02-15 09:10:00+00:00,0,0.5157979445984
2026-02-15 09:15:00+00:00,1,0.515348356610668
2026-02-15 09:20:00+00:00,0,0.5116726600273319
2026-02-15 09:25:00+00:00,0,0.5038748693379383
2026-02-15 09:30:00+00:00,0,0.5060987419253213
2026-02-15 09:35:00+00:00,0,0.5198714343822315
2026-02-15 09:40:00+00:00,0,0.5055652263725908
2026-02-15 09:45:00+00:00,0,0.5046740763553192
2026-02-15 09:50:00+00:00,0,0.5087372597684507
2026-02-15 09:55:00+00:00,0,0.49974030388502705
2026-02-15 10:00:00+00:00,0,0.509780804003916
2026-02-15 10:05:00+00:00,0,0.5161599652618127
2026-02-15 10:10:00+00:00,1,0.5152209189632515
2026-02-15 10:15:00+00:00,1,0.5169893721788293
2026-02-15 10:20:00+00:00,1,0.5035036282244091
2026-02-15 10:25:00+00:00,1,0.5119555683940349
2026-02-15 10:30:00+00:00,1,0.5166789837358963
2026-02-15 10:35:00+00:00,1,0.5145881689482963
2026-02-15 10:40:00+00:00,1,0.5137384211522891
2026-02-15 10:45:00+00:00,0,0.5147057728946673
2026-02-15 10:50:00+00:00,0,0.5151610206277688
2026-02-15 10:55:00+00:00,0,0.5160349907446902
2026-02-15 11:00:00+00:00,0,0.5107177712352202
2026-02-15 11:05:00+00:00,0,0.5137544336585084
2026-02-15 11:10:00+00:00,0,0.5151099744022524
2026-02-15 11:15:00+00:00,0,0.516368544795633
2026-02-15 11:20:00+00:00,0,0.5210152598683756
2026-02-15 11:25:00+00:00,0,0.5216920472974216
2026-02-15 11:30:00+00:00,1,0.5043167223374563
2026-02-15 11:35:00+00:00,0,0.49979081402962344
2026-02-15 11:40:00+00:00,0,0.5019267033033437
2026-02-15 11:45:00+00:00,0,0.4996149340798869
2026-02-15 11:50:00+00:00,0,0.5034847820087901
2026-02-15 11:55:00+00:00,0,0.4990427428879876
2026-02-15 12:00:00+00:00,0,0.5031061337911238
2026-02-15 12:05:00+00:00,0,0.5260048273594822
2026-02-15 12:10:00+00:00,1,0.52186452345355
2026-02-15 12:15:00+00:00,0,0.521569018112437
2026-02-15 12:20:00+00:00,0,0.5213827577815511
2026-02-15 12:25:00+00:00,0,0.5231692310716495
2026-02-15 12:30:00+00:00,0,0.5147459191355336
2026-02-15 12:35:00+00:00,0,0.5229970055513733
2026-02-15 12:40:00+00:00,0,0.5159004828323986
2026-02-15 12:45:00+00:00,0,0.5214404457987285
2026-02-15 12:50:00+00:00,0,0.5367393597890029
2026-02-15 12:55:00+00:00,0,0.5606456025616331
2026-02-15 13:00:00+00:00,0,0.5256649423300643
2026-02-15 13:05:00+00:00,0,0.5255318547310839
2026-02-15 13:10:00+00:00,0,0.5272917276724669
2026-02-15 13:15:00+00:00,0,0.5231432706286221
2026-02-15 13:20:00+00:00,0,0.5280414419788133
2026-02-15 13:25:00+00:00,0,0.5326129270539437
2026-02-15 13:30:00+00:00,0,0.54104438687911
2026-02-15 13:35:00+00:00,0,0.5276880987021209
2026-02-15 13:40:00+00:00,0,0.529440179718514
2026-02-15 13:45:00+00:00,1,0.53677460526572
2026-02-15 13:50:00+00:00,1,0.5302417305749956
2026-02-15 13:55:00+00:00,1,0.5547979125204224
2026-02-15 14:00:00+00:00,1,0.5444735920221149
2026-02-15 14:05:00+00:00,1,0.5432025332164676
2026-02-15 14:10:00+00:00,1,0.5405668590617283
2026-02-15 14:15:00+00:00,1,0.5372527205879107
2026-02-15 14:20:00+00:00,1,0.5394791665477423
2026-02-15 14:25:00+00:00,1,0.5404496257376585
2026-02-15 14:30:00+00:00,1,0.5134869996976024
2026-02-15 14:35:00+00:00,1,0.5071902164972761
2026-02-15 14:40:00+00:00,1,0.5047587925851976
2026-02-15 14:45:00+00:00,1,0.506414760022729
2026-02-15 14:50:00+00:00,1,0.5060308348662441
2026-02-15 14:55:00+00:00,0,0.5011634655837187
2026-02-15 15:00:00+00:00,0,0.5075963982167577
2026-02-15 15:05:00+00:00,0,0.5003872203686123
2026-02-15 15:10:00+00:00,0,0.47943147391274077
2026-02-15 15:15:00+00:00,0,0.496093694547839
2026-02-15 15:20:00+00:00,0,0.4743656717200361
2026-02-15 15:25:00+00:00,0,0.47859081623788163
2026-02-15 15:30:00+00:00,0,0.4728172601108919
2026-02-15 15:35:00+00:00,0,0.48888081172773745
2026-02-15 15:40:00+00:00,0,0.5026555374239162
2026-02-15 15:45:00+00:00,1,0.4914749677224467
2026-02-15 15:50:00+00:00,0,0.5005063557685733
2026-02-15 15:55:00+00:00,0,0.49022184720359924
2026-02-15 16:00:00+00:00,0,0.5111942571157254
2026-02-15 16:05:00+00:00,1,0.5174309236718403
2026-02-15 16:10:00+00:00,0,0.5122178008068096
2026-02-15 16:15:00+00:00,0,0.5012265687388963
2026-02-15 16:20:00+00:00,1,0.5257001019171572
2026-02-15 16:25:00+00:00,0,0.5134103302928933
2026-02-15 16:30:00+00:00,1,0.5261620612008909
2026-02-15 16:35:00+00:00,1,0.5281979761477499
2026-02-15 16:40:00+00:00,1,0.5254653021756056
2026-02-15 16:45:00+00:00,0,0.520888722530171
2026-02-15 16:50:00+00:00,0,0.5224461180224682
2026-02-15 16:55:00+00:00,0,0.5197130122381811
2026-02-15 17:00:00+00:00,0,0.5158072718185186
2026-02-15 17:05:00+00:00,0,0.5166405439475487
2026-02-15 17:10:00+00:00,0,0.5196298067503708
2026-02-15 17:15:00+00:00,0,0.5326945474439628
2026-02-15 17:20:00+00:00,0,0.5219381205208754
2026-02-15 17:25:00+00:00,0,0.526602157196515
2026-02-15 17:30:00+00:00,0,0.523727099207345
2026-02-15 17:35:00+00:00,0,0.5151417761123978
2026-02-15 17:40:00+00:00,0,0.524046786021833
2026-02-15 17:45:00+00:00,1,0.5460008322523965
2026-02-15 17:50:00+00:00,1,0.5057851284673511
2026-02-15 17:55:00+00:00,0,0.5082603877409203
2026-02-15 18:00:00+00:00,0,0.5250079695526051
2026-02-15 18:05:00+00:00,0,0.5086058713318999
2026-02-15 18:10:00+00:00,0,0.5093128719463453
2026-02-15 18:15:00+00:00,0,0.5235592123987083
2026-02-15 18:20:00+00:00,0,0.5155511712638586
2026-02-15 18:25:00+00:00,0,0.5243822610365049
2026-02-15 18:30:00+00:00,0,0.5306000335914955
2026-02-15 18:35:00+00:00,0,0.5237334443088519
2026-02-15 18:40:00+00:00,0,0.5185151052795849
2026-02-15 18:45:00+00:00,0,0.530404995811709
2026-02-15 18:50:00+00:00,1,0.5214839226159103
2026-02-15 18:55:00+00:00,1,0.5215489959910912
2026-02-15 19:00:00+00:00,1,0.5294820253928851
2026-02-15 19:05:00+00:00,1,0.535674681579673
2026-02-15 19:10:00+00:00,0,0.5211135811554244
2026-02-15 19:15:00+00:00,1,0.5243996685343051
2026-02-15 19:20:00+00:00,0,0.5093392380174917
2026-02-15 19:25:00+00:00,0,0.5127414217189079
2026-02-15 19:30:00+00:00,0,0.5190984936659844
2026-02-15 19:35:00+00:00,1,0.5245893736365234
2026-02-15 19:40:00+00:00,1,0.5217427561602836
2026-02-15 19:45:00+00:00,1,0.522719496744577
2026-02-15 19:50:00+00:00,1,0.5250145084029723
2026-02-15 19:55:00+00:00,1,0.511070578722525
2026-02-15 20:00:00+00:00,1,0.5219138873898694
2026-02-15 20:05:00+00:00,1,0.5100011232444713
2026-02-15 20:10:00+00:00,1,0.47271283665119623
2026-02-15 20:15:00+00:00,1,0.5094291900821504
2026-02-15 20:20:00+00:00,1,0.48180715646176836
2026-02-15 20:25:00+00:00,0,0.47217915772446284
2026-02-15 20:30:00+00:00,1,0.4713148381438539
2026-02-15 20:35:00+00:00,1,0.47762780962366164
2026-02-15 20:40:00+00:00,1,0.46395480365794883
2026-02-15 20:45:00+00:00,1,0.4681702225372257
2026-02-15 20:50:00+00:00,1,0.46422469654889087
2026-02-15 20:55:00+00:00,1,0.46851665077776306
2026-02-15 21:00:00+00:00,1,0.4634925034846857
2026-02-15 21:05:00+00:00,0,0.48292876378930577
2026-02-15 21:10:00+00:00,0,0.48492868765853175
2026-02-15 21:15:00+00:00,0,0.48713675339458284
2026-02-15 21:20:00+00:00,0,0.4941930692709496
2026-02-15 21:25:00+00:00,1,0.5030486121089285
2026-02-15 21:30:00+00:00,0,0.4923357687318975
2026-02-15 21:35:00+00:00,1,0.490092646698259
2026-02-15 21:40:00+00:00,1,0.4934026656586619
2026-02-15 21:45:00+00:00,0,0.4910680491226485
2026-02-15 21:50:00+00:00,1,0.48529263603803147
2026-02-15 21:55:00+00:00,1,0.49052022990496746
2026-02-15 22:00:00+00:00,1,0.4891959814722091
2026-02-15 22:05:00+00:00,1,0.4696680704470232
2026-02-15 22:10:00+00:00,1,0.4865436893742925
2026-02-15 22:15:00+00:00,1,0.501470529305222
2026-02-15 22:20:00+00:00,1,0.47471590004583425
2026-02-15 22:25:00+00:00,1,0.4740705000744248
2026-02-15 22:30:00+00:00,0,0.4656968580082201
2026-02-15 22:35:00+00:00,0,0.47751704163318626
2026-02-15 22:40:00+00:00,0,0.47361721187607436
2026-02-15 22:45:00+00:00,0,0.47471588230490014
2026-02-15 22:50:00+00:00,0,0.4741930721087069
2026-02-15 22:55:00+00:00,0,0.47740198136824125
2026-02-15 23:00:00+00:00,1,0.5122678790243833
2026-02-15 23:05:00+00:00,1,0.5186278352223882
2026-02-15 23:10:00+00:00,1,0.5104134924433051
2026-02-15 23:15:00+00:00,1,0.5014572556575215
2026-02-15 23:20:00+00:00,1,0.5003137452481584
2026-02-15 23:25:00+00:00,1,0.5077937917347631
2026-02-15 23:30:00+00:00,1,0.48784583140089355
2026-02-15 23:35:00+00:00,1,0.5013294541222767
2026-02-15 23:40:00+00:00,1,0.4685994857031146
2026-02-15 23:45:00+00:00,1,0.4727059891728747
2026-02-15 23:50:00+00:00,0,0.4694532638868463
2026-02-15 23:55:00+00:00,0,0.4690489220312475
2026-02-16 00:00:00+00:00,1,0.4751501735894733
2026-02-16 00:05:00+00:00,0,0.4601811872598757
2026-02-16 00:10:00+00:00,0,0.4616794284987113
2026-02-16 00:15:00+00:00,0,0.4655822433968337
2026-02-16 00:20:00+00:00,1,0.47493235849702126
2026-02-16 00:25:00+00:00,1,0.48779755878219555
2026-02-16 00:30:00+00:00,0,0.4674594332341304
2026-02-16 00:35:00+00:00,1,0.48848894351645383
2026-02-16 00:40:00+00:00,0,0.495911318486049
2026-02-16 00:45:00+00:00,0,0.5002038235879336
2026-02-16 00:50:00+00:00,0,0.4741680253435092
2026-02-16 00:55:00+00:00,0,0.49046337105729576
2026-02-16 01:00:00+00:00,0,0.47204458252558806
2026-02-16 01:05:00+00:00,0,0.46923972061610153
2026-02-16 01:10:00+00:00,0,0.49980339958512204
2026-02-16 01:15:00+00:00,0,0.4972239504943287
2026-02-16 01:20:00+00:00,0,0.5051789254532356
2026-02-16 01:25:00+00:00,0,0.5080625949267
2026-02-16 01:30:00+00:00,1,0.5090313252791101
2026-02-16 01:35:00+00:00,1,0.5140781782254421
2026-02-16 01:40:00+00:00,1,0.5090451713925059
2026-02-16 01:45:00+00:00,0,0.5123114369714309
2026-02-16 01:50:00+00:00,0,0.5131123359545825
2026-02-16 01:55:00+00:00,0,0.5109607776086292
2026-02-16 02:00:00+00:00,0,0.5010561294400517
2026-02-16 02:05:00+00:00,0,0.5041589854171065
2026-02-16 02:10:00+00:00,0,0.5024125688767371
2026-02-16 02:15:00+00:00,0,0.5038037642751612
2026-02-16 02:20:00+00:00,0,0.5072403997949222
2026-02-16 02:25:00+00:00,0,0.5120234436694974
2026-02-16 02:30:00+00:00,0,0.5079804553566616
2026-02-16 02:35:00+00:00,0,0.5097929403430855
2026-02-16 02:40:00+00:00,0,0.5036594972748227
2026-02-16 02:45:00+00:00,1,0.5094024932663217
2026-02-16 02:50:00+00:00,0,0.5069154060608851
2026-02-16 02:55:00+00:00,0,0.5094368576905022
2026-02-16 03:00:00+00:00,0,0.5005935183082353
2026-02-16 03:05:00+00:00,0,0.5042884804935792
2026-02-16 03:10:00+00:00,1,0.4959620301812635
2026-02-16 03:15:00+00:00,0,0.48926995267577733
2026-02-16 03:20:00+00:00,1,0.5072162516779672
2026-02-16 03:25:00+00:00,1,0.5093201987987369
2026-02-16 03:30:00+00:00,1,0.5045883085562494
2026-02-16 03:35:00+00:00,1,0.5049030342288264
2026-02-16 03:40:00+00:00,1,0.5018510852536178
2026-02-16 03:45:00+00:00,1,0.4996849954602366
2026-02-16 03:50:00+00:00,1,0.49787680888885943
2026-02-16 03:55:00+00:00,1,0.4913874190004809
2026-02-16 04:00:00+00:00,1,0.4593236741392815
2026-02-16 04:05:00+00:00,0,0.45937341419258393
2026-02-16 04:10:00+00:00,1,0.4638283067364315
2026-02-16 04:15:00+00:00,0,0.4594596004970562
2026-02-16 04:20:00+00:00,1,0.4590501073285169
2026-02-16 04:25:00+00:00,1,0.4609679590043314
2026-02-16 04:30:00+00:00,0,0.4660211102114744
2026-02-16 04:35:00+00:00,0,0.4611620095635931
2026-02-16 04:40:00+00:00,0,0.4664115600952888
2026-02-16 04:45:00+00:00,0,0.46759522393579034
2026-02-16 04:50:00+00:00,0,0.4629920555789713
2026-02-16 04:55:00+00:00,0,0.4604070598383143
2026-02-16 05:00:00+00:00,0,0.4750539398394795
2026-02-16 05:05:00+00:00,0,0.48631059701434076
2026-02-16 05:10:00+00:00,0,0.5099335488850353
2026-02-16 05:15:00+00:00,0,0.5007425823482557
2026-02-16 05:20:00+00:00,1,0.5045058516704379
2026-02-16 05:25:00+00:00,0,0.5019159071866934
2026-02-16 05:30:00+00:00,1,0.5097062447808429
2026-02-16 05:35:00+00:00,1,0.5137707939142525
2026-02-16 05:40:00+00:00,1,0.5197808148000876
2026-02-16 05:45:00+00:00,1,0.5101403171401695
2026-02-16 05:50:00+00:00,0,0.5091381827253603
2026-02-16 05:55:00+00:00,1,0.5093597877258015
2026-02-16 06:00:00+00:00,1,0.5097204934790854
2026-02-16 06:05:00+00:00,1,0.5094448703567293
2026-02-16 06:10:00+00:00,1,0.5058037227881405
2026-02-16 06:15:00+00:00,1,0.5048169159289642
2026-02-16 06:20:00+00:00,1,0.5063602024719557
2026-02-16 06:25:00+00:00,1,0.5025137908824011
2026-02-16 06:30:00+00:00,0,0.49066876758046846
2026-02-16 06:35:00+00:00,0,0.4742680493086229
2026-02-16 06:40:00+00:00,0,0.4772752862159233
2026-02-16 06:45:00+00:00,0,0.4947481569031639
2026-02-16 06:50:00+00:00,0,0.49091844871833556
2026-02-16 06:55:00+00:00,0,0.4943665404060272
2026-02-16 07:00:00+00:00,1,0.4968564390397271
2026-02-16 07:05:00+00:00,0,0.4956522716361957
2026-02-16 07:10:00+00:00,0,0.4688927947140212
2026-02-16 07:15:00+00:00,0,0.4883777880185443
2026-02-16 07:20:00+00:00,0,0.48284757943041173
2026-02-16 07:25:00+00:00,0,0.4900785479282703
2026-02-16 07:30:00+00:00,0,0.4789252492668767
2026-02-16 07:35:00+00:00,1,0.4940768969962763
2026-02-16 07:40:00+00:00,1,0.5045012141599815
2026-02-16 07:45:00+00:00,1,0.49902547380543816
2026-02-16 07:50:00+00:00,1,0.5032233281860161
2026-02-16 08:00:00+00:00,1,0.4814093526270336
2026-02-16 08:05:00+00:00,0,0.4680880656842094
2026-02-16 08:10:00+00:00,1,0.5016281439934998
2026-02-16 08:15:00+00:00,0,0.47265439006303056
2026-02-16 08:20:00+00:00,0,0.4761484577333044
2026-02-16 08:25:00+00:00,0,0.4850532366873094
2026-02-16 08:30:00+00:00,1,0.47734768553306833
2026-02-16 08:35:00+00:00,1,0.4967143245890795
2026-02-16 08:40:00+00:00,1,0.49139173406708847
2026-02-16 08:45:00+00:00,1,0.4820401554491594
2026-02-16 08:50:00+00:00,1,0.49886226441818093
2026-02-16 08:55:00+00:00,1,0.4888023773027086
2026-02-16 09:00:00+00:00,0,0.46479272871043775
2026-02-16 09:05:00+00:00,1,0.47551894776731446
2026-02-16 09:10:00+00:00,1,0.4676103343775255
2026-02-16 09:15:00+00:00,1,0.47118690076206077
2026-02-16 09:20:00+00:00,1,0.4819412070147622
2026-02-16 09:25:00+00:00,1,0.4648364363327309
2026-02-16 09:30:00+00:00,1,0.4662162740965909
2026-02-16 09:35:00+00:00,0,0.4624212733794698
2026-02-16 09:40:00+00:00,0,0.4647743899453284
2026-02-16 09:45:00+00:00,0,0.4667975851614935
2026-02-16 09:50:00+00:00,0,0.46747511512758905
2026-02-16 09:55:00+00:00,0,0.4691571070858284
2026-02-16 10:00:00+00:00,0,0.49584938606956214
2026-02-16 10:05:00+00:00,0,0.47744643886988425
2026-02-16 10:10:00+00:00,0,0.4943680504577051
2026-02-16 10:15:00+00:00,0,0.4882794407411853
2026-02-16 10:20:00+00:00,0,0.49945518641324765
2026-02-16 10:25:00+00:00,0,0.4976848785050458
2026-02-16 10:30:00+00:00,0,0.5032802647466363
2026-02-16 10:35:00+00:00,0,0.5056305436251324
2026-02-16 10:40:00+00:00,0,0.5045711812716953
2026-02-16 10:45:00+00:00,0,0.4975492411612031
2026-02-16 10:50:00+00:00,0,0.5084653256090175
2026-02-16 10:55:00+00:00,0,0.5067802259436924
2026-02-16 11:00:00+00:00,0,0.5067198403649553
2026-02-16 11:05:00+00:00,0,0.516904316158953
2026-02-16 11:10:00+00:00,1,0.5226536861764067
2026-02-16 11:15:00+00:00,1,0.5239760834802492
2026-02-16 11:20:00+00:00,1,0.5395131939048012
2026-02-16 11:25:00+00:00,1,0.5015985155985783
2026-02-16 11:30:00+00:00,1,0.5109775058303782
2026-02-16 11:35:00+00:00,1,0.5090762523101802
2026-02-16 11:40:00+00:00,1,0.5128415764538652
2026-02-16 11:45:00+00:00,1,0.517059500667389
2026-02-16 11:50:00+00:00,0,0.4828448868523585
2026-02-16 11:55:00+00:00,1,0.5015216681075719
2026-02-16 12:00:00+00:00,1,0.49674205189453746
2026-02-16 12:05:00+00:00,1,0.4841977462561119
2026-02-16 12:10:00+00:00,1,0.47808526616284064
2026-02-16 12:15:00+00:00,1,0.5150427142710253
2026-02-16 12:20:00+00:00,1,0.5145312348182269
2026-02-16 12:25:00+00:00,1,0.4797433252463857
2026-02-16 12:30:00+00:00,1,0.47156270345200363
2026-02-16 12:35:00+00:00,1,0.4733296237755875
2026-02-16 12:40:00+00:00,1,0.4599934759457593
2026-02-16 12:45:00+00:00,1,0.46745375722070404
2026-02-16 12:50:00+00:00,0,0.46505163245122205
2026-02-16 12:55:00+00:00,0,0.4580365964361166
2026-02-16 13:00:00+00:00,0,0.45610636879233696
2026-02-16 13:05:00+00:00,0,0.4589120132866898
2026-02-16 13:10:00+00:00,0,0.46446648097440696
2026-02-16 13:15:00+00:00,0,0.4765459037829046
2026-02-16 13:20:00+00:00,0,0.5100896392834364
2026-02-16 13:25:00+00:00,0,0.5071680945484629
2026-02-16 13:30:00+00:00,0,0.4982261044834357
2026-02-16 13:35:00+00:00,0,0.5164567637115547
2026-02-16 13:40:00+00:00,0,0.4982728006993653
2026-02-16 13:45:00+00:00,0,0.5116639348446145
2026-02-16 13:50:00+00:00,1,0.5273979419408619
2026-02-16 13:55:00+00:00,0,0.5232123202252897
2026-02-16 14:00:00+00:00,0,0.5188827090229412
2026-02-16 14:05:00+00:00,0,0.5187661665664351
2026-02-16 14:10:00+00:00,1,0.5251341016452558
2026-02-16 14:15:00+00:00,1,0.5323860577810131
2026-02-16 14:20:00+00:00,0,0.522241487217907
2026-02-16 14:25:00+00:00,1,0.550982351739226
2026-02-16 14:30:00+00:00,1,0.5225102059092633
2026-02-16 14:35:00+00:00,1,0.5183336258026356
2026-02-16 14:40:00+00:00,0,0.5172817239181497
2026-02-16 14:45:00+00:00,0,0.5136218722647798
2026-02-16 14:50:00+00:00,0,0.5168374941811984
2026-02-16 14:55:00+00:00,0,0.510108015744932
2026-02-16 15:00:00+00:00,0,0.5030347680307082
2026-02-16 15:05:00+00:00,0,0.5068551890971423
2026-02-16 15:10:00+00:00,0,0.5164608701561114
2026-02-16 15:15:00+00:00,0,0.5157074940705706
2026-02-16 15:20:00+00:00,0,0.5191294398972457
2026-02-16 15:25:00+00:00,0,0.5162293928001688
2026-02-16 15:30:00+00:00,1,0.5671764033512311
2026-02-16 15:35:00+00:00,1,0.5341157726426112
2026-02-16 15:40:00+00:00,1,0.5255730108818726
2026-02-16 15:45:00+00:00,1,0.5337501763628765
2026-02-16 15:50:00+00:00,1,0.5253767936546772
2026-02-16 15:55:00+00:00,1,0.5279384258410079
2026-02-16 16:00:00+00:00,0,0.520038932781139
2026-02-16 16:05:00+00:00,0,0.5042050583973257
2026-02-16 16:10:00+00:00,0,0.5049017345665568
2026-02-16 16:15:00+00:00,1,0.5116910731731181
2026-02-16 16:20:00+00:00,0,0.5099835112308682
2026-02-16 16:25:00+00:00,1,0.511636239948163
2026-02-16 16:30:00+00:00,1,0.5265684730391892
2026-02-16 16:35:00+00:00,1,0.5130311921458022
2026-02-16 16:40:00+00:00,1,0.5018452535359799
2026-02-16 16:45:00+00:00,0,0.49829114554558634
2026-02-16 16:50:00+00:00,1,0.4983756904085847
2026-02-16 16:55:00+00:00,0,0.49213938837255256
2026-02-16 17:00:00+00:00,1,0.49318337007712343
2026-02-16 17:05:00+00:00,1,0.5027918503964216
2026-02-16 17:10:00+00:00,1,0.4804171324816536
2026-02-16 17:15:00+00:00,1,0.49690035974079494
2026-02-16 17:20:00+00:00,0,0.4828128797875739
2026-02-16 17:25:00+00:00,0,0.5027815086039885
2026-02-16 17:30:00+00:00,0,0.4638770510738863
2026-02-16 17:35:00+00:00,0,0.4797690770895799
2026-02-16 17:40:00+00:00,0,0.4752850619047906
2026-02-16 17:45:00+00:00,1,0.5076712638747732
2026-02-16 17:50:00+00:00,1,0.506479374369873
2026-02-16 17:55:00+00:00,1,0.5181644663303011
2026-02-16 18:00:00+00:00,1,0.4893115487799231
2026-02-16 18:05:00+00:00,0,0.5062161421023664
2026-02-16 18:10:00+00:00,0,0.4764198632837378
2026-02-16 18:15:00+00:00,0,0.4743591734392485
2026-02-16 18:20:00+00:00,0,0.4708513976318056
2026-02-16 18:25:00+00:00,0,0.5058632650950506
2026-02-16 18:30:00+00:00,0,0.4735160364490707
2026-02-16 18:35:00+00:00,0,0.5128857272423684
2026-02-16 18:40:00+00:00,1,0.5157695068951997
2026-02-16 18:45:00+00:00,0,0.5045358908726921
2026-02-16 18:50:00+00:00,1,0.4959518894765089
2026-02-16 18:55:00+00:00,1,0.5113753796478587
2026-02-16 19:00:00+00:00,1,0.5076717498219202
2026-02-16 19:05:00+00:00,1,0.5029112655787092
2026-02-16 19:10:00+00:00,1,0.4830718618647033
2026-02-16 19:15:00+00:00,1,0.5135960846850456
2026-02-16 19:20:00+00:00,1,0.4871616831243215
2026-02-16 19:25:00+00:00,1,0.4755714243226604
2026-02-16 19:30:00+00:00,1,0.47581136853637235
2026-02-16 19:35:00+00:00,0,0.4728798708412981
2026-02-16 19:40:00+00:00,0,0.46953275355430263
2026-02-16 19:45:00+00:00,0,0.4744797022553935
2026-02-16 19:50:00+00:00,0,0.47258032937629535
2026-02-16 19:55:00+00:00,1,0.479193708057559
2026-02-16 20:00:00+00:00,1,0.4823006740320814
2026-02-16 20:05:00+00:00,1,0.49251415407499416
2026-02-16 20:10:00+00:00,1,0.4939315317540976
2026-02-16 20:15:00+00:00,1,0.5062267258031118
2026-02-16 20:20:00+00:00,1,0.48574391248035553
2026-02-16 20:25:00+00:00,1,0.4733673420603035
2026-02-16 20:30:00+00:00,1,0.47483287854082185
2026-02-16 20:35:00+00:00,1,0.49589267503646617
2026-02-16 20:40:00+00:00,1,0.4867424506405002
2026-02-16 20:45:00+00:00,1,0.4753978076498038
2026-02-16 20:50:00+00:00,1,0.4720198275294583
2026-02-16 20:55:00+00:00,0,0.4911465932704807
2026-02-16 21:00:00+00:00,1,0.5030723899030966
2026-02-16 21:05:00+00:00,0,0.4891815847687448
2026-02-16 21:10:00+00:00,0,0.4718785035515435
2026-02-16 21:15:00+00:00,0,0.4743397253390958
2026-02-16 21:20:00+00:00,0,0.47241336627317176
2026-02-16 21:25:00+00:00,1,0.478824835205516
2026-02-16 21:30:00+00:00,1,0.4793940228113553
2026-02-16 21:35:00+00:00,1,0.4761804620720103
2026-02-16 21:40:00+00:00,1,0.47483867113098716
2026-02-16 21:45:00+00:00,1,0.4758259254197539
2026-02-16 21:50:00+00:00,1,0.47276457063551386
2026-02-16 21:55:00+00:00,0,0.47137942191766635
2026-02-16 22:00:00+00:00,0,0.4718385643128123
2026-02-16 22:05:00+00:00,0,0.4613347672013585
2026-02-16 22:10:00+00:00,0,0.47065016186535336
2026-02-16 22:15:00+00:00,0,0.47035053426961776
2026-02-16 22:20:00+00:00,1,0.493404470996871
2026-02-16 22:25:00+00:00,0,0.49440440386629736
2026-02-16 22:30:00+00:00,0,0.4923118051303153
2026-02-16 22:35:00+00:00,0,0.4829777049868774
2026-02-16 22:40:00+00:00,0,0.4899786786217421
2026-02-16 22:45:00+00:00,0,0.48154914458978454
2026-02-16 22:50:00+00:00,0,0.4835260153135203
2026-02-16 22:55:00+00:00,0,0.5093186399380931
2026-02-16 23:00:00+00:00,0,0.512526132504748
2026-02-16 23:05:00+00:00,0,0.5054656620726186
2026-02-16 23:10:00+00:00,0,0.4989448297211267
2026-02-16 23:15:00+00:00,0,0.5054886230550298
2026-02-16 23:20:00+00:00,0,0.5041930980168782
2026-02-16 23:25:00+00:00,1,0.5108592394592717
2026-02-16 23:30:00+00:00,1,0.5145171834612815
2026-02-16 23:35:00+00:00,1,0.50966177012562
2026-02-16 23:40:00+00:00,1,0.5144209563862954
2026-02-16 23:45:00+00:00,0,0.5121812045239127
2026-02-16 23:50:00+00:00,0,0.4991380937060137
2026-02-16 23:55:00+00:00,1,0.5026117008424801
2026-02-17 00:00:00+00:00,1,0.5074493912235631
2026-02-17 00:05:00+00:00,0,0.4742107174753087
2026-02-17 00:10:00+00:00,0,0.47844184620331304
2026-02-17 00:15:00+00:00,1,0.5110589888378063
2026-02-17 00:20:00+00:00,0,0.5019026921304662
2026-02-17 00:25:00+00:00,0,0.47755458447462007
2026-02-17 00:30:00+00:00,0,0.4940424790277754
2026-02-17 00:35:00+00:00,0,0.4828169946522119
2026-02-17 00:40:00+00:00,0,0.49262919558511503
2026-02-17 00:45:00+00:00,0,0.4641302657913413
2026-02-17 00:50:00+00:00,0,0.5013012400375471
2026-02-17 00:55:00+00:00,1,0.5054155140930535
2026-02-17 01:00:00+00:00,1,0.5056663044759017
2026-02-17 01:05:00+00:00,1,0.502835236985445
2026-02-17 01:10:00+00:00,0,0.5023283017014704
2026-02-17 01:15:00+00:00,0,0.5079704066299691
2026-02-17 01:20:00+00:00,0,0.507822409905377
2026-02-17 01:25:00+00:00,0,0.5043824424706479
2026-02-17 01:30:00+00:00,0,0.5016685967854656
2026-02-17 01:35:00+00:00,0,0.5073577775081662
2026-02-17 01:40:00+00:00,1,0.5090185158356565
2026-02-17 01:45:00+00:00,1,0.5124692809067782
2026-02-17 01:50:00+00:00,1,0.5142421249394468
2026-02-17 01:55:00+00:00,1,0.5152324269345966
2026-02-17 02:00:00+00:00,1,0.5126276410547734
2026-02-17 02:05:00+00:00,1,0.5020318474396257
2026-02-17 02:10:00+00:00,1,0.4671089945711444
2026-02-17 02:15:00+00:00,1,0.4802433565880165
2026-02-17 02:20:00+00:00,0,0.46480186719794114
2026-02-17 02:25:00+00:00,0,0.4751340037150549
2026-02-17 02:30:00+00:00,0,0.47081947471254965
2026-02-17 02:35:00+00:00,0,0.4789493108142484
2026-02-17 02:40:00+00:00,0,0.4595344317467851
2026-02-17 02:45:00+00:00,0,0.4726163762607456
2026-02-17 02:50:00+00:00,0,0.4648206453342334
2026-02-17 02:55:00+00:00,0,0.47792138596793626
2026-02-17 03:00:00+00:00,0,0.5061200235976423
2026-02-17 03:05:00+00:00,0,0.5057904574160447
2026-02-17 03:10:00+00:00,1,0.5061520859063323
2026-02-17 03:15:00+00:00,0,0.5010273023378801
2026-02-17 03:20:00+00:00,0,0.4961882440481739
2026-02-17 03:25:00+00:00,0,0.4944700406551605
2026-02-17 03:30:00+00:00,0,0.49284423676826533
2026-02-17 03:35:00+00:00,0,0.4974965073327903
2026-02-17 03:40:00+00:00,0,0.4893374683481668
2026-02-17 03:45:00+00:00,0,0.5053030706289977
2026-02-17 03:50:00+00:00,1,0.5039863309575607
2026-02-17 03:55:00+00:00,1,0.5077998194224861
2026-02-17 04:00:00+00:00,0,0.5047540731124543
2026-02-17 04:05:00+00:00,1,0.5085025431544563
2026-02-17 04:10:00+00:00,1,0.5081551565759344
2026-02-17 04:15:00+00:00,1,0.503771606853526
2026-02-17 04:20:00+00:00,0,0.48714920304179976
2026-02-17 04:25:00+00:00,0,0.49680132799623505
2026-02-17 04:30:00+00:00,0,0.5071285351610656
2026-02-17 04:35:00+00:00,0,0.4974246714738051
2026-02-17 04:40:00+00:00,0,0.4938718015656089
2026-02-17 04:45:00+00:00,0,0.5000787444073842
2026-02-17 04:50:00+00:00,0,0.5074812884863553
2026-02-17 05:00:00+00:00,0,0.506286069379846
2026-02-17 05:05:00+00:00,0,0.5031100335408444
2026-02-17 05:10:00+00:00,0,0.5064694333147335
2026-02-17 05:15:00+00:00,0,0.5061394005430491
2026-02-17 05:20:00+00:00,1,0.5162975290156022
2026-02-17 05:25:00+00:00,0,0.5135194786564736
2026-02-17 05:30:00+00:00,1,0.5369796518991502
2026-02-17 05:35:00+00:00,1,0.5264277104593859
2026-02-17 05:40:00+00:00,1,0.5110235560484448
2026-02-17 05:45:00+00:00,1,0.5102991286577406
2026-02-17 05:50:00+00:00,1,0.505860805638709
2026-02-17 05:55:00+00:00,1,0.5045293272290601
2026-02-17 06:00:00+00:00,1,0.5035760653163173
2026-02-17 06:05:00+00:00,1,0.506316765851055
2026-02-17 06:10:00+00:00,1,0.507924011636578
2026-02-17 06:15:00+00:00,1,0.5057135579868874
2026-02-17 06:20:00+00:00,1,0.5043590237113245
2026-02-17 06:25:00+00:00,0,0.5046125519845421
2026-02-17 06:30:00+00:00,0,0.5051347574977941
2026-02-17 06:35:00+00:00,0,0.5034867151554966
2026-02-17 06:40:00+00:00,0,0.49974009056767565
2026-02-17 06:45:00+00:00,0,0.5016585422410869
2026-02-17 06:50:00+00:00,0,0.5022227584672527
2026-02-17 06:55:00+00:00,0,0.5033955892686106
2026-02-17 07:00:00+00:00,0,0.49859541989250966
2026-02-17 07:05:00+00:00,1,0.5012236376140072
2026-02-17 07:10:00+00:00,0,0.5053024367110228
2026-02-17 07:15:00+00:00,1,0.5050734334956477
2026-02-17 07:20:00+00:00,1,0.5018885549526441
2026-02-17 07:25:00+00:00,1,0.5104352729954003
2026-02-17 07:30:00+00:00,1,0.5006258049532459
2026-02-17 07:35:00+00:00,1,0.48330339561983365
2026-02-17 07:40:00+00:00,1,0.5113463831325532
2026-02-17 07:45:00+00:00,0,0.4719624160759124
2026-02-17 07:50:00+00:00,0,0.4738438478013721
2026-02-17 07:55:00+00:00,0,0.506328694003411
2026-02-17 08:00:00+00:00,0,0.4690814562438389
2026-02-17 08:05:00+00:00,0,0.4726964241845108
2026-02-17 08:10:00+00:00,0,0.474379674577538
2026-02-17 08:15:00+00:00,0,0.48405121049044053
2026-02-17 08:20:00+00:00,0,0.48947979967603905
2026-02-17 08:25:00+00:00,0,0.5183937371391969
2026-02-17 08:30:00+00:00,0,0.5112248354820031
2026-02-17 08:35:00+00:00,0,0.5147166609279823
2026-02-17 08:40:00+00:00,0,0.5046396992789512
2026-02-17 08:45:00+00:00,0,0.5074641949571066
2026-02-17 08:50:00+00:00,0,0.5110661615235655
2026-02-17 08:55:00+00:00,0,0.5048279108009616
2026-02-17 09:00:00+00:00,0,0.5135231301262047
2026-02-17 09:05:00+00:00,0,0.5129968959031719
2026-02-17 09:10:00+00:00,0,0.5151368380405509
2026-02-17 09:15:00+00:00,0,0.512080062002916
2026-02-17 09:20:00+00:00,1,0.517483781805276
2026-02-17 09:25:00+00:00,0,0.509145218278349
2026-02-17 09:30:00+00:00,1,0.5090336219689179
2026-02-17 09:35:00+00:00,1,0.5099928248100467
2026-02-17 09:40:00+00:00,0,0.511085876540228
2026-02-17 09:45:00+00:00,0,0.512500060324236
2026-02-17 09:50:00+00:00,0,0.5090018093055316
2026-02-17 09:55:00+00:00,0,0.5098746110577141
2026-02-17 10:00:00+00:00,0,0.514452902978445
2026-02-17 10:05:00+00:00,0,0.5115661392406257
2026-02-17 10:10:00+00:00,0,0.5133609919226361
2026-02-17 10:15:00+00:00,1,0.5155475238808594
2026-02-17 10:20:00+00:00,1,0.5090411281011332
2026-02-17 10:25:00+00:00,1,0.5107160211209257
2026-02-17 10:30:00+00:00,1,0.4990697630082901
2026-02-17 10:35:00+00:00,1,0.49677206571653554
2026-02-17 10:40:00+00:00,1,0.5112843379378859
2026-02-17 10:45:00+00:00,1,0.5121668101960921
2026-02-17 10:50:00+00:00,1,0.5083238971542382
2026-02-17 10:55:00+00:00,1,0.5051753982316451
2026-02-17 11:00:00+00:00,1,0.5151696002032771
2026-02-17 11:05:00+00:00,0,0.49614165108729097
2026-02-17 11:10:00+00:00,1,0.49525082041461205
2026-02-17 11:15:00+00:00,0,0.49303627698027724
2026-02-17 11:20:00+00:00,0,0.492799920359292
2026-02-17 11:25:00+00:00,0,0.48848842850615926
2026-02-17 11:30:00+00:00,0,0.48061734179640747
2026-02-17 11:35:00+00:00,1,0.49939095461565663
2026-02-17 11:40:00+00:00,1,0.4796912676649951
2026-02-17 11:45:00+00:00,0,0.478590161354185
2026-02-17 11:50:00+00:00,0,0.4805229673729605
2026-02-17 11:55:00+00:00,1,0.4738880085157243
2026-02-17 12:00:00+00:00,1,0.4654924003292526
2026-02-17 12:05:00+00:00,0,0.4740340485058421
2026-02-17 12:10:00+00:00,0,0.47445079954640135
2026-02-17 12:15:00+00:00,0,0.4941549270160509
2026-02-17 12:20:00+00:00,0,0.4938116427347724
2026-02-17 12:25:00+00:00,0,0.4734972538882474
2026-02-17 12:30:00+00:00,0,0.4821113881656797
2026-02-17 12:35:00+00:00,0,0.4755298928055315
2026-02-17 12:40:00+00:00,1,0.49078242587394816
2026-02-17 12:45:00+00:00,1,0.5396307227626028
2026-02-17 12:50:00+00:00,1,0.5354461910462343
2026-02-17 12:55:00+00:00,1,0.5391965757435379
2026-02-17 13:00:00+00:00,1,0.5380478361633297
2026-02-17 13:05:00+00:00,1,0.5198826170779955
2026-02-17 13:10:00+00:00,0,0.4749219442075197
2026-02-17 13:15:00+00:00,1,0.5113816781167227
2026-02-17 13:20:00+00:00,1,0.47077218642410884
2026-02-17 13:25:00+00:00,1,0.5151428674411972
2026-02-17 13:30:00+00:00,1,0.4945232427479182
2026-02-17 13:35:00+00:00,1,0.5084133166250516
2026-02-17 13:40:00+00:00,1,0.5169709116978154
2026-02-17 13:45:00+00:00,1,0.4944692107304223
2026-02-17 13:50:00+00:00,0,0.48451235313804775
2026-02-17 13:55:00+00:00,0,0.4885536748932362
2026-02-17 14:00:00+00:00,1,0.499216517786348
2026-02-17 14:05:00+00:00,0,0.48583407550798535
2026-02-17 14:10:00+00:00,0,0.4909716736492337
2026-02-17 14:15:00+00:00,0,0.49835359649227134
2026-02-17 14:20:00+00:00,0,0.48296271527686807
2026-02-17 14:25:00+00:00,0,0.5019557893394212
2026-02-17 14:30:00+00:00,0,0.48192465851188154
2026-02-17 14:35:00+00:00,0,0.4980630501302487
2026-02-17 14:40:00+00:00,0,0.5192234680482872
2026-02-17 14:45:00+00:00,1,0.5124429965399883
2026-02-17 14:50:00+00:00,1,0.543785258311453
2026-02-17 14:55:00+00:00,1,0.5302940748537344
2026-02-17 15:00:00+00:00,0,0.5212145295545403
2026-02-17 15:05:00+00:00,0,0.5131716317491734
2026-02-17 15:10:00+00:00,1,0.5255476860547708
2026-02-17 15:15:00+00:00,0,0.5104748431129397
2026-02-17 15:20:00+00:00,1,0.5116710618162883
2026-02-17 15:25:00+00:00,1,0.5162591147779593
2026-02-17 15:30:00+00:00,1,0.5187117530181036
2026-02-17 15:35:00+00:00,1,0.5140859888101118
2026-02-17 15:40:00+00:00,1,0.511949730611679
2026-02-17 15:45:00+00:00,1,0.5076446160069408
2026-02-17 15:50:00+00:00,1,0.49731833856938956
2026-02-17 15:55:00+00:00,1,0.4904718900769575
2026-02-17 16:00:00+00:00,1,0.4580556825278109
2026-02-17 16:05:00+00:00,1,0.4519824250136497
2026-02-17 16:10:00+00:00,1,0.46300659689085377
2026-02-17 16:15:00+00:00,0,0.4532414611931358
2026-02-17 16:20:00+00:00,1,0.4595653689074697
2026-02-17 16:25:00+00:00,1,0.4585995724194645
2026-02-17 16:30:00+00:00,0,0.4579081147730155
2026-02-17 16:35:00+00:00,0,0.46605946976668433
2026-02-17 16:40:00+00:00,0,0.4637850252965264
2026-02-17 16:45:00+00:00,0,0.4690500968985953
2026-02-17 16:50:00+00:00,0,0.4700819715767269
2026-02-17 16:55:00+00:00,0,0.4863555714248397
2026-02-17 17:00:00+00:00,0,0.4793204703075766
2026-02-17 17:05:00+00:00,0,0.4799675691894362
2026-02-17 17:10:00+00:00,0,0.5060092533520484
2026-02-17 17:15:00+00:00,0,0.5005638986107898
2026-02-17 17:20:00+00:00,0,0.505755312183211
2026-02-17 17:25:00+00:00,0,0.5191238525956827
2026-02-17 17:30:00+00:00,0,0.5257070874384346
2026-02-17 17:35:00+00:00,0,0.5161838203517435
2026-02-17 17:40:00+00:00,1,0.5265393135472488
2026-02-17 17:45:00+00:00,1,0.5242870392701402
2026-02-17 17:50:00+00:00,1,0.5187110470493878
2026-02-17 17:55:00+00:00,1,0.5227671743614271
2026-02-17 18:00:00+00:00,1,0.5196545190448361
2026-02-17 18:05:00+00:00,1,0.5143080601089247
2026-02-17 18:10:00+00:00,1,0.5152298085862225
2026-02-17 18:15:00+00:00,1,0.5154768342189093
2026-02-17 18:20:00+00:00,1,0.4764024938814043
2026-02-17 18:25:00+00:00,0,0.4952736518927255
2026-02-17 18:30:00+00:00,1,0.4955608413251523
2026-02-17 18:35:00+00:00,0,0.4732843887629564
2026-02-17 18:40:00+00:00,0,0.46900509321991474
2026-02-17 18:45:00+00:00,0,0.4711559476904672
2026-02-17 18:50:00+00:00,0,0.46872700621753016
2026-02-17 18:55:00+00:00,0,0.4707549283375351
2026-02-17 19:00:00+00:00,0,0.4658385949045927
2026-02-17 19:05:00+00:00,0,0.4643915449061554
2026-02-17 19:10:00+00:00,0,0.4569194235967548
2026-02-17 19:15:00+00:00,0,0.4756049033199592
2026-02-17 19:20:00+00:00,0,0.46333362819699025
2026-02-17 19:25:00+00:00,0,0.4868616217422481
2026-02-17 19:30:00+00:00,0,0.4827537592566895
2026-02-17 19:35:00+00:00,0,0.5045193621608621
2026-02-17 19:40:00+00:00,0,0.49254715699471846
2026-02-17 19:45:00+00:00,0,0.5004362598796187
2026-02-17 19:50:00+00:00,0,0.5025564385491036
2026-02-17 19:55:00+00:00,0,0.502203974947674
2026-02-17 20:00:00+00:00,0,0.5117878170242665
2026-02-17 20:05:00+00:00,0,0.5142882103600065
2026-02-17 20:10:00+00:00,0,0.5113407531338381
2026-02-17 20:15:00+00:00,0,0.5049250008371062
2026-02-17 20:20:00+00:00,1,0.5143238506111303
2026-02-17 20:25:00+00:00,0,0.5082978677846796
2026-02-17 20:30:00+00:00,1,0.5142857391883965
2026-02-17 20:35:00+00:00,1,0.5295240165665532
2026-02-17 20:40:00+00:00,1,0.5094449344926737
2026-02-17 20:45:00+00:00,1,0.5121138287200351
2026-02-17 20:50:00+00:00,0,0.512425791962439
2026-02-17 20:55:00+00:00,0,0.5087259161479802
2026-02-17 21:00:00+00:00,0,0.5102118436347144
2026-02-17 21:05:00+00:00,0,0.5155603932552113
2026-02-17 21:10:00+00:00,0,0.5096369585764308
2026-02-17 21:15:00+00:00,0,0.518234554394963
2026-02-17 21:20:00+00:00,0,0.5173279887751946
2026-02-17 21:25:00+00:00,1,0.5158021359800762
2026-02-17 21:30:00+00:00,1,0.5210164221814848
2026-02-17 21:35:00+00:00,1,0.5194111038284978
2026-02-17 21:40:00+00:00,0,0.5204987025080373
2026-02-17 21:45:00+00:00,0,0.51408722903771
2026-02-17 21:50:00+00:00,1,0.5165832891462367
2026-02-17 21:55:00+00:00,0,0.49642478382697414
2026-02-17 22:00:00+00:00,0,0.49396217524377073
2026-02-17 22:05:00+00:00,1,0.4991703656433355
2026-02-17 22:10:00+00:00,0,0.4979940533451479
2026-02-17 22:15:00+00:00,0,0.4965302426142979
2026-02-17 22:20:00+00:00,0,0.4875404815658845
2026-02-17 22:25:00+00:00,0,0.5056320378658842
2026-02-17 22:30:00+00:00,0,0.4982851858653541
2026-02-17 22:35:00+00:00,0,0.5122442920147738
2026-02-17 22:40:00+00:00,0,0.5119151419058529
2026-02-17 22:45:00+00:00,0,0.5104038908960021
2026-02-17 22:50:00+00:00,1,0.5148095047651743
2026-02-17 22:55:00+00:00,1,0.5147084980033151
2026-02-17 23:00:00+00:00,0,0.5147904345480021
2026-02-17 23:05:00+00:00,1,0.5192471067517911
2026-02-17 23:10:00+00:00,1,0.5186447732905356
2026-02-17 23:15:00+00:00,0,0.5102609740327279
2026-02-17 23:20:00+00:00,0,0.5228642094394177
2026-02-17 23:25:00+00:00,0,0.521044192562606
2026-02-17 23:30:00+00:00,1,0.5263793651532392
2026-02-17 23:35:00+00:00,0,0.5187636456957361
2026-02-17 23:40:00+00:00,0,0.5208517383417726
2026-02-17 23:45:00+00:00,0,0.5338341144886605
2026-02-17 23:50:00+00:00,0,0.5210713930877959
2026-02-17 23:55:00+00:00,1,0.5233866937689635
2026-02-18 00:00:00+00:00,1,0.5302565651968262
2026-02-18 00:05:00+00:00,1,0.5223106955819578
2026-02-18 00:10:00+00:00,0,0.5261047144351522
2026-02-18 00:15:00+00:00,0,0.5233577393906611
2026-02-18 00:20:00+00:00,0,0.5297934906274117
2026-02-18 00:25:00+00:00,0,0.5060162773092426
2026-02-18 00:30:00+00:00,0,0.5021617361618557
2026-02-18 00:35:00+00:00,0,0.4890032667629429
2026-02-18 00:40:00+00:00,0,0.5275096858286735
2026-02-18 00:45:00+00:00,0,0.5300141613790064
2026-02-18 00:50:00+00:00,0,0.5256425904909192
2026-02-18 00:55:00+00:00,0,0.5273265251462466
2026-02-18 01:00:00+00:00,0,0.5279183038281055
2026-02-18 01:05:00+00:00,0,0.5248900169379577
2026-02-18 01:10:00+00:00,1,0.5231776718532644
2026-02-18 01:15:00+00:00,0,0.523051811203084
2026-02-18 01:20:00+00:00,0,0.5236277879335609
2026-02-18 01:25:00+00:00,1,0.5361381381648264
2026-02-18 01:30:00+00:00,1,0.5418585371111765
2026-02-18 01:35:00+00:00,1,0.5330333805391799
2026-02-18 01:40:00+00:00,1,0.5191641493745329
2026-02-18 01:45:00+00:00,1,0.5338097682677556
2026-02-18 01:50:00+00:00,1,0.5321996005975955
2026-02-18 01:55:00+00:00,1,0.506035139368246
2026-02-18 02:00:00+00:00,1,0.5026330761241296
2026-02-18 02:05:00+00:00,0,0.47754035763055414
2026-02-18 02:10:00+00:00,0,0.48686742555596807
2026-02-18 02:15:00+00:00,1,0.49149477509116446
2026-02-18 02:20:00+00:00,1,0.4931949015709652
2026-02-18 02:25:00+00:00,1,0.5079018035431913
2026-02-18 02:30:00+00:00,1,0.47920092894574445
2026-02-18 02:35:00+00:00,0,0.48635729562129976
2026-02-18 02:40:00+00:00,1,0.4758986941550324
2026-02-18 02:45:00+00:00,1,0.4877906164049693
2026-02-18 02:50:00+00:00,1,0.4833001685222043
2026-02-18 02:55:00+00:00,1,0.4851300351799802
2026-02-18 03:00:00+00:00,1,0.4839619928975185
2026-02-18 03:05:00+00:00,1,0.49354816109591243
2026-02-18 03:10:00+00:00,1,0.4765769880994492
2026-02-18 03:15:00+00:00,0,0.47686682228587296
2026-02-18 03:20:00+00:00,1,0.4827696404816719
2026-02-18 03:25:00+00:00,0,0.4809062239072193
2026-02-18 03:30:00+00:00,0,0.47917023819801735
2026-02-18 03:35:00+00:00,0,0.4774364322039925
2026-02-18 03:40:00+00:00,0,0.4787302437003816
2026-02-18 03:45:00+00:00,0,0.4925535865910846
2026-02-18 03:50:00+00:00,0,0.4812309276634126
2026-02-18 03:55:00+00:00,0,0.48319975939242404
2026-02-18 04:00:00+00:00,1,0.4980950764764324
2026-02-18 04:05:00+00:00,0,0.4841972586185063
2026-02-18 04:10:00+00:00,0,0.4939656605355998
2026-02-18 04:15:00+00:00,0,0.48613741262092036
2026-02-18 04:20:00+00:00,1,0.495355508167216
2026-02-18 04:25:00+00:00,0,0.4932598210975129
2026-02-18 04:30:00+00:00,0,0.4927514726825411
2026-02-18 04:35:00+00:00,0,0.4963461812794672
2026-02-18 04:40:00+00:00,1,0.506116738149802
2026-02-18 04:45:00+00:00,1,0.5018308298840223
2026-02-18 04:50:00+00:00,1,0.48279877030762974
2026-02-18 04:55:00+00:00,1,0.5115111848794577
2026-02-18 05:00:00+00:00,1,0.5131058930855549
2026-02-18 05:05:00+00:00,1,0.5135519570000009
2026-02-18 05:10:00+00:00,1,0.48300082327549304
2026-02-18 05:15:00+00:00,1,0.47242492265677727
2026-02-18 05:20:00+00:00,1,0.47985384822553373
2026-02-18 05:25:00+00:00,1,0.5010985377987891
2026-02-18 05:30:00+00:00,1,0.5005945486285419
2026-02-18 05:35:00+00:00,1,0.49125003136431594
2026-02-18 05:40:00+00:00,1,0.4932021128073341
2026-02-18 05:45:00+00:00,0,0.4658615811089132
2026-02-18 05:50:00+00:00,0,0.4811877447964396
2026-02-18 05:55:00+00:00,0,0.4736124743359493
2026-02-18 06:00:00+00:00,1,0.4797030226339285
2026-02-18 06:05:00+00:00,1,0.4924847005387038
2026-02-18 06:10:00+00:00,1,0.4803207828931885
2026-02-18 06:15:00+00:00,1,0.49695131288189687
2026-02-18 06:20:00+00:00,0,0.48188663292435374
2026-02-18 06:25:00+00:00,0,0.4874078277572241
2026-02-18 06:30:00+00:00,0,0.49744701328505525
2026-02-18 06:35:00+00:00,0,0.48662722384656065
2026-02-18 06:40:00+00:00,0,0.48916510951073056
2026-02-18 06:45:00+00:00,0,0.5155827003032869
2026-02-18 06:50:00+00:00,0,0.5149760235503614
2026-02-18 06:55:00+00:00,1,0.5214339153570385
2026-02-18 07:00:00+00:00,1,0.5137139372671778
2026-02-18 07:05:00+00:00,1,0.5066376747109129
2026-02-18 07:10:00+00:00,1,0.4991445829446009
2026-02-18 07:15:00+00:00,1,0.5027454295401358
2026-02-18 07:20:00+00:00,1,0.5046126316919831
2026-02-18 07:25:00+00:00,1,0.4954708286311857
2026-02-18 07:30:00+00:00,1,0.5001442193782427
2026-02-18 07:35:00+00:00,0,0.467173998356197
2026-02-18 07:40:00+00:00,0,0.4720364709061278
2026-02-18 07:45:00+00:00,0,0.4638622995274133
2026-02-18 07:50:00+00:00,1,0.4707365692235368
2026-02-18 07:55:00+00:00,1,0.48345192780341856
2026-02-18 08:00:00+00:00,1,0.48136312115099483
2026-02-18 08:05:00+00:00,0,0.4810574749629978
2026-02-18 08:10:00+00:00,0,0.4721833438823605
2026-02-18 08:15:00+00:00,0,0.46403011879054945
2026-02-18 08:20:00+00:00,0,0.4643813692991275
2026-02-18 08:25:00+00:00,0,0.4680391669025114
2026-02-18 08:30:00+00:00,0,0.4636773918462829
2026-02-18 08:35:00+00:00,0,0.482174142229981
2026-02-18 08:40:00+00:00,0,0.4904777414272639
2026-02-18 08:45:00+00:00,0,0.4761759071218625
2026-02-18 08:50:00+00:00,0,0.4928805357848628
2026-02-18 08:55:00+00:00,0,0.4908640113880514
2026-02-18 09:00:00+00:00,1,0.4913308050521437
2026-02-18 09:05:00+00:00,0,0.4934048106772647
2026-02-18 09:10:00+00:00,0,0.49446516333591006
2026-02-18 09:15:00+00:00,0,0.5004566163615572
2026-02-18 09:20:00+00:00,0,0.5003388336250363
2026-02-18 09:25:00+00:00,0,0.4968446597705196
2026-02-18 09:30:00+00:00,0,0.49702431968709526
2026-02-18 09:35:00+00:00,1,0.4987774568790117
2026-02-18 09:40:00+00:00,1,0.4993344048956256
2026-02-18 09:45:00+00:00,1,0.5022974126189775
2026-02-18 09:50:00+00:00,1,0.49782883301047876
2026-02-18 09:55:00+00:00,1,0.49936375457865745
2026-02-18 10:00:00+00:00,0,0.5028286297173437
2026-02-18 10:05:00+00:00,0,0.4955809355713561
2026-02-18 10:10:00+00:00,0,0.49017816418957966
2026-02-18 10:15:00+00:00,0,0.4992272407431619
2026-02-18 10:20:00+00:00,0,0.4967496698942513
2026-02-18 10:25:00+00:00,0,0.4996955404885525
2026-02-18 10:30:00+00:00,0,0.5121542447444983
2026-02-18 10:35:00+00:00,0,0.5071887188280313
2026-02-18 10:40:00+00:00,0,0.5170255023815113
2026-02-18 10:45:00+00:00,0,0.5193232597262376
2026-02-18 10:50:00+00:00,0,0.5229090798241025
2026-02-18 10:55:00+00:00,0,0.5172863906404362
2026-02-18 11:00:00+00:00,0,0.5258355078284009
2026-02-18 11:05:00+00:00,1,0.5474571742739754
2026-02-18 11:10:00+00:00,1,0.5227049308510316
2026-02-18 11:15:00+00:00,1,0.5115447602486036
2026-02-18 11:20:00+00:00,1,0.5099530001320864
2026-02-18 11:25:00+00:00,0,0.5038401365298449
2026-02-18 11:30:00+00:00,0,0.5166373632014207
2026-02-18 11:35:00+00:00,0,0.5163500551726675
2026-02-18 11:40:00+00:00,0,0.5167511365114786
2026-02-18 11:45:00+00:00,0,0.5160516320301513
2026-02-18 11:50:00+00:00,0,0.5185801790348706
2026-02-18 11:55:00+00:00,0,0.5233749642735845
2026-02-18 12:00:00+00:00,0,0.5174543276047436
2026-02-18 12:05:00+00:00,0,0.5191229820908121
2026-02-18 12:10:00+00:00,0,0.5235421898389131
2026-02-18 12:15:00+00:00,0,0.5255042518909365
2026-02-18 12:20:00+00:00,0,0.519939890141233
2026-02-18 12:30:00+00:00,0,0.5332083599828252
2026-02-18 12:35:00+00:00,0,0.5239820988600493
2026-02-18 12:40:00+00:00,0,0.520408038035602
2026-02-18 12:45:00+00:00,0,0.5220428830253092
2026-02-18 12:50:00+00:00,0,0.519449821185349
2026-02-18 12:55:00+00:00,0,0.5257499692324755
2026-02-18 13:00:00+00:00,0,0.5238489799158412
2026-02-18 13:05:00+00:00,0,0.5261721470368232
2026-02-18 13:10:00+00:00,0,0.5241275064781166
2026-02-18 13:15:00+00:00,0,0.5257850970524188
2026-02-18 13:20:00+00:00,0,0.5232068620512061
2026-02-18 13:25:00+00:00,0,0.5195986785538417
2026-02-18 13:30:00+00:00,0,0.5209731328610617
2026-02-18 13:35:00+00:00,0,0.5150142636879232
2026-02-18 13:40:00+00:00,0,0.5214440998361851
2026-02-18 13:45:00+00:00,0,0.5288835095883117
2026-02-18 13:50:00+00:00,0,0.5265496133438002
2026-02-18 13:55:00+00:00,0,0.5223514294795166
2026-02-18 14:00:00+00:00,0,0.5239380898355636
2026-02-18 14:05:00+00:00,1,0.520439074649991
2026-02-18 14:10:00+00:00,0,0.5261200045553243
2026-02-18 14:15:00+00:00,0,0.5261438428240836
2026-02-18 14:20:00+00:00,1,0.5193797001765421
2026-02-18 14:25:00+00:00,1,0.5272322248517295
2026-02-18 14:30:00+00:00,1,0.5201198928929387
2026-02-18 14:35:00+00:00,1,0.5064526220903689
2026-02-18 14:40:00+00:00,1,0.5209810008625767
2026-02-18 14:45:00+00:00,1,0.51830751314303
2026-02-18 14:50:00+00:00,1,0.4860933076939968
2026-02-18 14:55:00+00:00,1,0.5081369189288957
2026-02-18 15:00:00+00:00,1,0.47290901517726425
2026-02-18 15:05:00+00:00,1,0.47197453774473064
2026-02-18 15:10:00+00:00,1,0.4720388058322239
2026-02-18 15:15:00+00:00,1,0.46818082085869916
2026-02-18 15:20:00+00:00,1,0.46691367827132846
2026-02-18 15:25:00+00:00,1,0.47650392135281405
2026-02-18 15:30:00+00:00,0,0.4712919443969128
2026-02-18 15:35:00+00:00,0,0.46844317445144573
2026-02-18 15:40:00+00:00,0,0.4600030829799708
2026-02-18 15:45:00+00:00,0,0.4701259603005059
2026-02-18 15:50:00+00:00,0,0.46851889114099365
2026-02-18 15:55:00+00:00,0,0.47487631291073207
2026-02-18 16:00:00+00:00,0,0.4774689367674154
2026-02-18 16:05:00+00:00,0,0.5045498866927701
2026-02-18 16:10:00+00:00,0,0.52053508542263
2026-02-18 16:15:00+00:00,0,0.5150837071867482
2026-02-18 16:20:00+00:00,0,0.5079305524621482
2026-02-18 16:25:00+00:00,0,0.5088179646716018
2026-02-18 16:30:00+00:00,1,0.5227975305039547
2026-02-18 16:35:00+00:00,1,0.5184512778864923
2026-02-18 16:40:00+00:00,1,0.5266321031282643
2026-02-18 16:45:00+00:00,1,0.5244276836355262
2026-02-18 16:50:00+00:00,0,0.5259974863917661
2026-02-18 16:55:00+00:00,0,0.5201173079924092
2026-02-18 17:00:00+00:00,0,0.5174559067752345
2026-02-18 17:05:00+00:00,0,0.4973509347502442
2026-02-18 17:10:00+00:00,0,0.5227066954476436
2026-02-18 17:15:00+00:00,0,0.5137882433735617
2026-02-18 17:20:00+00:00,0,0.5355234278663201
2026-02-18 17:25:00+00:00,1,0.5329614826517393
2026-02-18 17:30:00+00:00,1,0.5276735565416574
2026-02-18 17:35:00+00:00,0,0.5137292746245926
2026-02-18 17:40:00+00:00,1,0.5310592109060791
2026-02-18 17:45:00+00:00,0,0.5217731647618143
2026-02-18 17:50:00+00:00,0,0.5195027202372623
2026-02-18 17:55:00+00:00,0,0.5185312118632164
2026-02-18 18:00:00+00:00,0,0.5185639759915502
2026-02-18 18:05:00+00:00,0,0.5209785940381607
2026-02-18 18:10:00+00:00,0,0.5169651522901433
2026-02-18 18:15:00+00:00,0,0.525311054225152
2026-02-18 18:20:00+00:00,0,0.5321824743086971
2026-02-18 18:25:00+00:00,0,0.5242688686930707
2026-02-18 18:30:00+00:00,0,0.5185517893036359
2026-02-18 18:35:00+00:00,0,0.5065483978360829
2026-02-18 18:40:00+00:00,0,0.530314431168536
2026-02-18 18:45:00+00:00,0,0.5135318337975875
2026-02-18 18:50:00+00:00,0,0.5191688306946699
2026-02-18 18:55:00+00:00,0,0.5181352093478594
2026-02-18 19:00:00+00:00,0,0.5157535274675721
2026-02-18 19:05:00+00:00,0,0.522547872616397
2026-02-18 19:10:00+00:00,0,0.5265425252387049
2026-02-18 19:15:00+00:00,0,0.5287988623658385
2026-02-18 19:20:00+00:00,0,0.5350428253652851
2026-02-18 19:25:00+00:00,0,0.526743747972963
2026-02-18 19:30:00+00:00,1,0.5439198339907777
2026-02-18 19:35:00+00:00,1,0.5351554694199998
2026-02-18 19:40:00+00:00,1,0.5247360883941347
2026-02-18 19:45:00+00:00,1,0.52683177226214
2026-02-18 19:50:00+00:00,1,0.525464606839409
2026-02-18 19:55:00+00:00,0,0.5186594035656967
2026-02-18 20:00:00+00:00,1,0.5174618597985866
2026-02-18 20:05:00+00:00,1,0.5197593863494195
2026-02-18 20:10:00+00:00,1,0.5217401806142488
2026-02-18 20:15:00+00:00,1,0.5177881541587781
2026-02-18 20:20:00+00:00,1,0.5137443042345887
2026-02-18 20:25:00+00:00,1,0.5191444355315028
2026-02-18 20:30:00+00:00,0,0.5092099838988481
2026-02-18 20:35:00+00:00,0,0.504240776861531
2026-02-18 20:40:00+00:00,0,0.5108476898838495
2026-02-18 20:45:00+00:00,0,0.47841546182360545
2026-02-18 20:50:00+00:00,0,0.511603218567158
2026-02-18 20:55:00+00:00,0,0.5249447941368021
2026-02-18 21:00:00+00:00,0,0.5273735731136826
2026-02-18 21:05:00+00:00,0,0.5224638371462202
2026-02-18 21:10:00+00:00,1,0.5259588911210755
2026-02-18 21:15:00+00:00,0,0.5201226371142706
2026-02-18 21:20:00+00:00,0,0.5278706141323504
2026-02-18 21:25:00+00:00,0,0.5202076626931857
2026-02-18 21:30:00+00:00,0,0.5225311467177023
2026-02-18 21:35:00+00:00,0,0.5225313800565481
2026-02-18 21:40:00+00:00,0,0.5213957238076956
2026-02-18 21:45:00+00:00,0,0.5256917164696536
2026-02-18 21:50:00+00:00,0,0.5268780198697682
2026-02-18 21:55:00+00:00,0,0.5236334058729084
2026-02-18 22:00:00+00:00,0,0.524124839471096
2026-02-18 22:05:00+00:00,1,0.5171872072071243
2026-02-18 22:10:00+00:00,1,0.5257698922668087
2026-02-18 22:15:00+00:00,1,0.5166188065023517
2026-02-18 22:20:00+00:00,1,0.5212335988742914
2026-02-18 22:25:00+00:00,1,0.5188002072980373
2026-02-18 22:30:00+00:00,1,0.5199064080772101
2026-02-18 22:35:00+00:00,0,0.5135354958075724
2026-02-18 22:40:00+00:00,1,0.5101045876633271
2026-02-18 22:45:00+00:00,0,0.5062235399301733
2026-02-18 22:50:00+00:00,0,0.5081381678708966
2026-02-18 22:55:00+00:00,0,0.5149427788614946
2026-02-18 23:00:00+00:00,1,0.5149603955540571
2026-02-18 23:05:00+00:00,0,0.5147869229143126
2026-02-18 23:10:00+00:00,0,0.5096381104984453
2026-02-18 23:15:00+00:00,0,0.5049948500207768
2026-02-18 23:20:00+00:00,1,0.5162109348504891
2026-02-18 23:25:00+00:00,1,0.5154252592281403
2026-02-18 23:30:00+00:00,0,0.48939189024166746
2026-02-18 23:35:00+00:00,1,0.4995673772342981
2026-02-18 23:40:00+00:00,0,0.5033122233839379
2026-02-18 23:45:00+00:00,0,0.5055789327590992
2026-02-18 23:50:00+00:00,0,0.5079860979224701
2026-02-18 23:55:00+00:00,0,0.5089312429933972
2026-02-19 00:00:00+00:00,0,0.5040182013243679
2026-02-19 00:05:00+00:00,0,0.5202114133889552
2026-02-19 00:10:00+00:00,1,0.5162661250268392
2026-02-19 00:15:00+00:00,0,0.5046996702496732
2026-02-19 00:20:00+00:00,0,0.5293202761697541
2026-02-19 00:25:00+00:00,0,0.5280121731808716
2026-02-19 00:30:00+00:00,0,0.520611859438819
2026-02-19 00:35:00+00:00,0,0.5217711705457907
2026-02-19 00:40:00+00:00,1,0.5002166881625453
2026-02-19 00:45:00+00:00,1,0.5255776344332982
2026-02-19 00:50:00+00:00,1,0.5173169128713156
2026-02-19 00:55:00+00:00,1,0.5104363214542227
2026-02-19 01:00:00+00:00,1,0.5102111913675649
2026-02-19 01:05:00+00:00,0,0.5154639310949963
2026-02-19 01:10:00+00:00,0,0.48599657178149847
2026-02-19 01:15:00+00:00,1,0.5212650517812437
2026-02-19 01:20:00+00:00,1,0.5120653097011946
2026-02-19 01:25:00+00:00,1,0.5200718798563694
2026-02-19 01:30:00+00:00,1,0.5174029281463378
2026-02-19 01:35:00+00:00,1,0.523385711271892
2026-02-19 01:40:00+00:00,1,0.5069585301551264
2026-02-19 01:45:00+00:00,1,0.4819048103041554
2026-02-19 01:50:00+00:00,1,0.4641945810193265
2026-02-19 01:55:00+00:00,1,0.45979646719040473
2026-02-19 02:00:00+00:00,0,0.46101487326694046
2026-02-19 02:05:00+00:00,0,0.46014301881110375
2026-02-19 02:10:00+00:00,0,0.46432382314634424
2026-02-19 02:15:00+00:00,0,0.46334085319515184
2026-02-19 02:20:00+00:00,0,0.4672389939567292
2026-02-19 02:25:00+00:00,0,0.47257038637815607
2026-02-19 02:30:00+00:00,0,0.48325686506428167
2026-02-19 02:35:00+00:00,0,0.49563065461901623
2026-02-19 02:40:00+00:00,0,0.48905333155572833
2026-02-19 02:45:00+00:00,0,0.49922518423099144
2026-02-19 02:50:00+00:00,0,0.4885617473779774
2026-02-19 02:55:00+00:00,0,0.4989869115065499
2026-02-19 03:00:00+00:00,1,0.4965734793631105
2026-02-19 03:05:00+00:00,1,0.5042119802078949
2026-02-19 03:10:00+00:00,1,0.5032105572891438
2026-02-19 03:15:00+00:00,0,0.49812763925692194
2026-02-19 03:20:00+00:00,1,0.5016807832605186
2026-02-19 03:25:00+00:00,0,0.5012613865891888
2026-02-19 03:30:00+00:00,1,0.4999656374865349
2026-02-19 03:35:00+00:00,1,0.5024912115800659
2026-02-19 03:40:00+00:00,1,0.49913984750256984
2026-02-19 03:45:00+00:00,1,0.5030592595131761
2026-02-19 03:50:00+00:00,0,0.5001110911417751
2026-02-19 03:55:00+00:00,1,0.49590805580719016
2026-02-19 04:00:00+00:00,1,0.4852521936742562
2026-02-19 04:05:00+00:00,1,0.4983548505977544
2026-02-19 04:10:00+00:00,1,0.49760674154483914
2026-02-19 04:15:00+00:00,1,0.4975940868828151
2026-02-19 04:20:00+00:00,1,0.49673410270447477
2026-02-19 04:25:00+00:00,0,0.48353164578413016
2026-02-19 04:30:00+00:00,0,0.46137498130493504
2026-02-19 04:35:00+00:00,0,0.47322652846931496
2026-02-19 04:40:00+00:00,0,0.47898202086864344
2026-02-19 04:45:00+00:00,0,0.469276619121914
2026-02-19 04:50:00+00:00,0,0.49564188044548785
2026-02-19 04:55:00+00:00,0,0.5004671422991073
2026-02-19 05:00:00+00:00,0,0.502718513955189
2026-02-19 05:05:00+00:00,0,0.5047839739043416
2026-02-19 05:10:00+00:00,0,0.5023835913105309
2026-02-19 05:15:00+00:00,0,0.5014416289368544
2026-02-19 05:20:00+00:00,0,0.5059795134496737
2026-02-19 05:25:00+00:00,0,0.5102004963872173
2026-02-19 05:30:00+00:00,1,0.5163393894461084
2026-02-19 05:35:00+00:00,1,0.5095732221671526
2026-02-19 05:40:00+00:00,1,0.505241695954807
2026-02-19 05:45:00+00:00,1,0.5220098859206902
2026-02-19 05:50:00+00:00,1,0.5092292923453366
2026-02-19 05:55:00+00:00,1,0.5058659836579331
2026-02-19 06:00:00+00:00,1,0.5093894894852482
2026-02-19 06:05:00+00:00,1,0.5111772047696231
2026-02-19 06:10:00+00:00,0,0.5096503659469134
2026-02-19 06:15:00+00:00,1,0.508968916129969
2026-02-19 06:20:00+00:00,0,0.48626992988630385
2026-02-19 06:25:00+00:00,0,0.4934264198412016
2026-02-19 06:30:00+00:00,0,0.504700947512705
2026-02-19 06:35:00+00:00,0,0.4993923308116782
2026-02-19 06:40:00+00:00,0,0.5081609140810877
2026-02-19 06:45:00+00:00,0,0.5081138063173956
2026-02-19 06:50:00+00:00,0,0.5134470448289581
2026-02-19 06:55:00+00:00,0,0.5148012118035504
2026-02-19 07:00:00+00:00,0,0.517274632296589
2026-02-19 07:05:00+00:00,1,0.5172378393513359
2026-02-19 07:10:00+00:00,0,0.509383436002161
2026-02-19 07:15:00+00:00,0,0.5148711567176298
2026-02-19 07:20:00+00:00,1,0.5139702737931161
2026-02-19 07:25:00+00:00,0,0.5011461091094905
2026-02-19 07:30:00+00:00,0,0.5057231290780395
2026-02-19 07:35:00+00:00,0,0.5055018590957563
2026-02-19 07:40:00+00:00,0,0.5158055939631658
2026-02-19 07:45:00+00:00,0,0.5101024591621672
2026-02-19 07:50:00+00:00,0,0.5100353978053433
2026-02-19 07:55:00+00:00,0,0.5150013400322719
2026-02-19 08:00:00+00:00,0,0.5163865467808144
2026-02-19 08:05:00+00:00,0,0.5422511425071229
2026-02-19 08:10:00+00:00,0,0.5265521990231775
2026-02-19 08:15:00+00:00,0,0.5199642296875928
2026-02-19 08:20:00+00:00,0,0.5355251575872101
2026-02-19 08:25:00+00:00,0,0.5308355656684314
2026-02-19 08:30:00+00:00,1,0.5460925212650247
2026-02-19 08:35:00+00:00,1,0.5273138217063723
2026-02-19 08:40:00+00:00,0,0.5272462652428452
2026-02-19 08:45:00+00:00,0,0.527554026768717
2026-02-19 08:50:00+00:00,1,0.523256414574619
2026-02-19 08:55:00+00:00,1,0.5279430837648014
2026-02-19 09:00:00+00:00,1,0.5291929700324132
2026-02-19 09:05:00+00:00,1,0.5253828099483776
2026-02-19 09:10:00+00:00,1,0.5275639104407468
2026-02-19 09:15:00+00:00,1,0.5178654672576716
2026-02-19 09:20:00+00:00,1,0.5048492890318409
2026-02-19 09:25:00+00:00,0,0.5049874255214711
2026-02-19 09:30:00+00:00,0,0.506761291816608
2026-02-19 09:35:00+00:00,0,0.5072772023913751
2026-02-19 09:40:00+00:00,0,0.4988678286982957
2026-02-19 09:45:00+00:00,0,0.5139771453365796
2026-02-19 09:50:00+00:00,0,0.49949252516151643
2026-02-19 09:55:00+00:00,0,0.50530797759052
2026-02-19 10:00:00+00:00,0,0.5169025710752658
2026-02-19 10:05:00+00:00,0,0.5134041097766417
2026-02-19 10:10:00+00:00,0,0.5059535669776796
2026-02-19 10:15:00+00:00,0,0.5071495479823485
2026-02-19 10:20:00+00:00,0,0.5098499295695587
2026-02-19 10:25:00+00:00,0,0.515478533895208
2026-02-19 10:30:00+00:00,0,0.5196323426346383
2026-02-19 10:35:00+00:00,0,0.5166081092685989
2026-02-19 10:40:00+00:00,0,0.49987107028662564
2026-02-19 10:45:00+00:00,0,0.5023478550092083
2026-02-19 10:50:00+00:00,1,0.5189473902848453
2026-02-19 10:55:00+00:00,1,0.5097459095445944
2026-02-19 11:00:00+00:00,1,0.5212227949996724
2026-02-19 11:05:00+00:00,0,0.5197637527527104
2026-02-19 11:10:00+00:00,1,0.5210769471299188
2026-02-19 11:15:00+00:00,0,0.5160358255134802
2026-02-19 11:20:00+00:00,0,0.5201945961059719
2026-02-19 11:25:00+00:00,0,0.5173285523882138
2026-02-19 11:30:00+00:00,0,0.5145640661571416
2026-02-19 11:35:00+00:00,1,0.5256044660503578
2026-02-19 11:40:00+00:00,0,0.5192893760430156
2026-02-19 11:45:00+00:00,0,0.524507948582487
2026-02-19 11:50:00+00:00,1,0.5236295057140123
2026-02-19 11:55:00+00:00,1,0.5111992075330221
2026-02-19 12:00:00+00:00,1,0.5235427017850914
2026-02-19 12:05:00+00:00,0,0.497052771140808
2026-02-19 12:10:00+00:00,1,0.5130930214007813
2026-02-19 12:15:00+00:00,0,0.5205353269094556
2026-02-19 12:20:00+00:00,0,0.5191831270078568
2026-02-19 12:25:00+00:00,0,0.5108883045562562
2026-02-19 12:30:00+00:00,0,0.5092566433078015
2026-02-19 12:35:00+00:00,0,0.49390072106954874
2026-02-19 12:40:00+00:00,0,0.5074208601887735
2026-02-19 12:45:00+00:00,0,0.5244479464481391
2026-02-19 12:50:00+00:00,0,0.5217946595848543
2026-02-19 12:55:00+00:00,0,0.5235315662113634
2026-02-19 13:00:00+00:00,0,0.5308852250020398
2026-02-19 13:05:00+00:00,0,0.5333717708049237
2026-02-19 13:10:00+00:00,0,0.5270045367999342
2026-02-19 13:15:00+00:00,0,0.5359954438164268
2026-02-19 13:20:00+00:00,0,0.5336064303635496
2026-02-19 13:25:00+00:00,0,0.5361376132353749
2026-02-19 13:30:00+00:00,0,0.5337743459968345
2026-02-19 13:35:00+00:00,0,0.5317187312708472
2026-02-19 13:40:00+00:00,0,0.5377630538810707
2026-02-19 13:45:00+00:00,0,0.5354749100106259
2026-02-19 13:50:00+00:00,0,0.5321419203979595
2026-02-19 13:55:00+00:00,0,0.5308851210891149
2026-02-19 14:00:00+00:00,0,0.5294759984326499
2026-02-19 14:05:00+00:00,0,0.5277337313156909
2026-02-19 14:10:00+00:00,0,0.5257477196531123
2026-02-19 14:15:00+00:00,0,0.529480763177122
2026-02-19 14:20:00+00:00,0,0.5274385653568971
2026-02-19 14:25:00+00:00,0,0.5386131444491667
2026-02-19 14:30:00+00:00,1,0.5408063719788937
2026-02-19 14:35:00+00:00,0,0.5368192978949045
2026-02-19 14:40:00+00:00,0,0.533807458362411
2026-02-19 14:45:00+00:00,0,0.5286128050150808
2026-02-19 14:50:00+00:00,0,0.516256142747396
2026-02-19 14:55:00+00:00,0,0.5209889263829607
2026-02-19 15:00:00+00:00,0,0.5194165799465041
2026-02-19 15:05:00+00:00,0,0.5239818018908057
2026-02-19 15:10:00+00:00,0,0.5204437463868257
2026-02-19 15:15:00+00:00,0,0.5201968802859522
2026-02-19 15:20:00+00:00,0,0.5228211335092733
2026-02-19 15:25:00+00:00,0,0.5193614462199707
2026-02-19 15:30:00+00:00,0,0.5265943418520278
2026-02-19 15:35:00+00:00,0,0.5184535749161046
2026-02-19 15:40:00+00:00,0,0.5197687537570704
2026-02-19 15:45:00+00:00,1,0.523690438485361
2026-02-19 15:50:00+00:00,1,0.53705356617485
2026-02-19 15:55:00+00:00,1,0.5299398066811852
2026-02-19 16:00:00+00:00,1,0.5293342454910808
2026-02-19 16:05:00+00:00,1,0.5268544819875057
2026-02-19 16:10:00+00:00,1,0.524283839885759
2026-02-19 16:15:00+00:00,0,0.49830753741438366
2026-02-19 16:20:00+00:00,1,0.5117128689345097
2026-02-19 16:25:00+00:00,0,0.5093855174812938
2026-02-19 16:30:00+00:00,0,0.4987496578508779
2026-02-19 16:35:00+00:00,0,0.4817801134317725
2026-02-19 16:40:00+00:00,0,0.47650149258231317
2026-02-19 16:45:00+00:00,1,0.5141425999117525
2026-02-19 16:50:00+00:00,1,0.5117852361119511
2026-02-19 16:55:00+00:00,1,0.5140204764993187
2026-02-19 17:00:00+00:00,0,0.5192686086533044
2026-02-19 17:05:00+00:00,0,0.5254401615520985
2026-02-19 17:10:00+00:00,0,0.48849582979014655
2026-02-19 17:15:00+00:00,0,0.4653847195013588
2026-02-19 17:20:00+00:00,0,0.4694762486797945
2026-02-19 17:25:00+00:00,0,0.5001398599355941
2026-02-19 17:30:00+00:00,1,0.5035694124839776
2026-02-19 17:35:00+00:00,1,0.5095902051205499
2026-02-19 17:40:00+00:00,1,0.5071379338613259
2026-02-19 17:45:00+00:00,1,0.508042987494591
2026-02-19 17:50:00+00:00,1,0.5214111324570851
2026-02-19 17:55:00+00:00,1,0.5145948393624238
2026-02-19 18:00:00+00:00,1,0.4782864781506623
2026-02-19 18:05:00+00:00,1,0.4893065206634228
2026-02-19 18:10:00+00:00,1,0.47056168669947523
2026-02-19 18:15:00+00:00,1,0.47339984892279824
2026-02-19 18:20:00+00:00,0,0.4719372897200276
2026-02-19 18:25:00+00:00,0,0.46684221914354085
2026-02-19 18:30:00+00:00,0,0.47615715253143115
2026-02-19 18:35:00+00:00,0,0.47436641602074675
2026-02-19 18:40:00+00:00,0,0.4680978791726772
2026-02-19 18:45:00+00:00,0,0.4699792173688172
2026-02-19 18:50:00+00:00,0,0.47529609713812937
2026-02-19 18:55:00+00:00,0,0.5107917539464044
2026-02-19 19:00:00+00:00,0,0.5096778139434922
2026-02-19 19:05:00+00:00,0,0.518343261617001
2026-02-19 19:10:00+00:00,0,0.5191687920844603
2026-02-19 19:15:00+00:00,0,0.5202283628820604
2026-02-19 19:20:00+00:00,0,0.5187231957120378
2026-02-19 19:25:00+00:00,0,0.5201022054104797
2026-02-19 19:30:00+00:00,1,0.5138702321456835
2026-02-19 19:35:00+00:00,1,0.5370454729588701
2026-02-19 19:40:00+00:00,1,0.5249028408067332
2026-02-19 19:45:00+00:00,1,0.5364393808415688
2026-02-19 19:50:00+00:00,0,0.527802643157861
2026-02-19 19:55:00+00:00,1,0.5262652360843572
2026-02-19 20:00:00+00:00,1,0.5195194265228004
2026-02-19 20:05:00+00:00,1,0.5160647070414937
2026-02-19 20:10:00+00:00,1,0.5084563249755266
2026-02-19 20:15:00+00:00,1,0.5148695166748366
2026-02-19 20:20:00+00:00,1,0.5148818704977755
2026-02-19 20:25:00+00:00,0,0.5078662351147283
2026-02-19 20:30:00+00:00,0,0.48715908675564074
2026-02-19 20:35:00+00:00,0,0.5035146424079006
2026-02-19 20:40:00+00:00,0,0.5022191182949615
2026-02-19 20:45:00+00:00,0,0.4957326314364613
2026-02-19 20:50:00+00:00,0,0.5030364471949078
2026-02-19 20:55:00+00:00,1,0.5140660767635691
2026-02-19 21:00:00+00:00,0,0.49734265072625694
2026-02-19 21:05:00+00:00,0,0.5041995030392247
2026-02-19 21:10:00+00:00,1,0.5099014396133622
2026-02-19 21:15:00+00:00,0,0.50751561492967
2026-02-19 21:20:00+00:00,0,0.5047877683784627
2026-02-19 21:25:00+00:00,0,0.47399574076900286
2026-02-19 21:30:00+00:00,0,0.5077584467848842
2026-02-19 21:35:00+00:00,0,0.5055924513574169
2026-02-19 21:40:00+00:00,0,0.5060527494950154
2026-02-19 21:45:00+00:00,0,0.51865292537864
2026-02-19 21:50:00+00:00,0,0.5173384041343444
2026-02-19 21:55:00+00:00,0,0.5165985858147532
2026-02-19 22:00:00+00:00,0,0.5102364347637859
2026-02-19 22:05:00+00:00,0,0.5231130533208415
2026-02-19 22:10:00+00:00,1,0.526561770029025
2026-02-19 22:15:00+00:00,0,0.5201451504664188
2026-02-19 22:20:00+00:00,0,0.512251419032675
2026-02-19 22:25:00+00:00,1,0.5164211032404186
2026-02-19 22:30:00+00:00,0,0.5215596073124034
2026-02-19 22:35:00+00:00,1,0.5214861130741464
2026-02-19 22:40:00+00:00,0,0.5175131305048922
2026-02-19 22:45:00+00:00,1,0.5222663056527809
2026-02-19 22:50:00+00:00,1,0.5150246364514716
2026-02-19 22:55:00+00:00,1,0.5118824296185006
2026-02-19 23:00:00+00:00,1,0.524198264275253
2026-02-19 23:05:00+00:00,1,0.5196300364696153
2026-02-19 23:10:00+00:00,1,0.5115622723407338
2026-02-19 23:15:00+00:00,1,0.5099351886129395
2026-02-19 23:20:00+00:00,1,0.5102651985925877
2026-02-19 23:25:00+00:00,0,0.49456144036221844
2026-02-19 23:30:00+00:00,0,0.4648754638566326
2026-02-19 23:35:00+00:00,0,0.46872580444689455
2026-02-19 23:40:00+00:00,0,0.47626319902465825
2026-02-19 23:45:00+00:00,1,0.5223007518818563
2026-02-19 23:50:00+00:00,0,0.48514151797604954
2026-02-19 23:55:00+00:00,1,0.49355448209155894
2026-02-20 00:00:00+00:00,1,0.5018203285931806
2026-02-20 00:05:00+00:00,1,0.5152877425208989
2026-02-20 00:10:00+00:00,1,0.47212733596096174
2026-02-20 00:15:00+00:00,0,0.47594599711024393
2026-02-20 00:20:00+00:00,1,0.5198842390308622
2026-02-20 00:25:00+00:00,0,0.46068620115858444
2026-02-20 00:30:00+00:00,0,0.463150625733195
2026-02-20 00:35:00+00:00,0,0.4613614363822255
2026-02-20 00:40:00+00:00,0,0.4726349533016642
2026-02-20 00:45:00+00:00,0,0.4997755194094755
2026-02-20 00:50:00+00:00,0,0.47597633405710965
2026-02-20 00:55:00+00:00,0,0.47370205453086006
2026-02-20 01:00:00+00:00,0,0.47312638479759556
2026-02-20 01:05:00+00:00,0,0.473758483983666
2026-02-20 01:10:00+00:00,0,0.5163052229090179
2026-02-20 01:15:00+00:00,0,0.5283347473533566
2026-02-20 01:20:00+00:00,1,0.540470352904282
2026-02-20 01:25:00+00:00,1,0.5235498708373512
2026-02-20 01:30:00+00:00,1,0.5089319474236091
2026-02-20 01:35:00+00:00,1,0.5153039177096472
2026-02-20 01:40:00+00:00,1,0.514388825691488
2026-02-20 01:45:00+00:00,1,0.53462960309766
2026-02-20 01:50:00+00:00,1,0.5206596379808593
2026-02-20 01:55:00+00:00,1,0.5161321899062057
2026-02-20 02:00:00+00:00,1,0.5039673711477203
2026-02-20 02:05:00+00:00,1,0.5067818244554819
2026-02-20 02:10:00+00:00,1,0.4793224928018492
2026-02-20 02:15:00+00:00,0,0.48864724780822627
2026-02-20 02:20:00+00:00,0,0.5080625488864596
2026-02-20 02:25:00+00:00,0,0.4707768152835342
2026-02-20 02:30:00+00:00,0,0.469184988934032
2026-02-20 02:35:00+00:00,0,0.4692937575129827
2026-02-20 02:40:00+00:00,0,0.4706572800449267
2026-02-20 02:45:00+00:00,0,0.4889026424695518
2026-02-20 02:50:00+00:00,1,0.5171441042571171
2026-02-20 02:55:00+00:00,1,0.5104930949246274
2026-02-20 03:00:00+00:00,1,0.5008397218936704
2026-02-20 03:05:00+00:00,1,0.5070933721517236
2026-02-20 03:10:00+00:00,1,0.496347306164341
2026-02-20 03:15:00+00:00,1,0.505111631504716
2026-02-20 03:20:00+00:00,1,0.4920657038518904
2026-02-20 03:25:00+00:00,0,0.4707370831670134
2026-02-20 03:30:00+00:00,0,0.46609362900776236
2026-02-20 03:35:00+00:00,0,0.4622190558449063
2026-02-20 03:40:00+00:00,0,0.46786395076405457
2026-02-20 03:45:00+00:00,0,0.47051321452851164
2026-02-20 03:50:00+00:00,0,0.4777462246621216
2026-02-20 03:55:00+00:00,0,0.4908881948313982
2026-02-20 04:00:00+00:00,0,0.4968742415528938
2026-02-20 04:05:00+00:00,0,0.5000334831935503
2026-02-20 04:10:00+00:00,0,0.49882646098518973
2026-02-20 04:15:00+00:00,1,0.5366355576709446
2026-02-20 04:20:00+00:00,1,0.5178249435764267
2026-02-20 04:25:00+00:00,1,0.518728647489107
2026-02-20 04:30:00+00:00,1,0.5080953041560166
2026-02-20 04:35:00+00:00,0,0.5051716733846852
2026-02-20 04:40:00+00:00,0,0.5066766463433625
2026-02-20 04:45:00+00:00,0,0.5133980121455927
2026-02-20 04:50:00+00:00,0,0.5129235871942206
2026-02-20 04:55:00+00:00,0,0.5131286355088002
2026-02-20 05:00:00+00:00,1,0.5216742147047281
2026-02-20 05:05:00+00:00,1,0.5332415459111831
2026-02-20 05:10:00+00:00,1,0.5196950536687602
2026-02-20 05:15:00+00:00,1,0.5413192044054488
2026-02-20 05:20:00+00:00,1,0.5434857553299931
2026-02-20 05:25:00+00:00,1,0.5285565592503654
2026-02-20 05:30:00+00:00,1,0.5026569421917899
2026-02-20 05:35:00+00:00,1,0.5053825196485563
2026-02-20 05:40:00+00:00,0,0.4899841644670992
2026-02-20 05:45:00+00:00,0,0.4851659309847644
2026-02-20 05:50:00+00:00,0,0.4882666424075619
2026-02-20 05:55:00+00:00,0,0.48695377129170814
2026-02-20 06:00:00+00:00,0,0.5037051186441664
2026-02-20 06:05:00+00:00,0,0.5074195625052444
2026-02-20 06:10:00+00:00,1,0.5134631202095613
2026-02-20 06:15:00+00:00,1,0.510902298304678
2026-02-20 06:20:00+00:00,1,0.5110254708164489
2026-02-20 06:25:00+00:00,1,0.5098854761355687
2026-02-20 06:30:00+00:00,0,0.5059981421806956
2026-02-20 06:35:00+00:00,0,0.5024469770724561
2026-02-20 06:40:00+00:00,0,0.501462912500109
2026-02-20 06:45:00+00:00,0,0.4957186873620221
2026-02-20 06:50:00+00:00,0,0.4964307035570268
2026-02-20 06:55:00+00:00,0,0.49840776651066315
2026-02-20 07:00:00+00:00,0,0.5025972079920745
2026-02-20 07:05:00+00:00,0,0.5061150824172564
2026-02-20 07:10:00+00:00,0,0.5102744116315252
2026-02-20 07:15:00+00:00,0,0.49887620765866225
2026-02-20 07:20:00+00:00,1,0.4992301954142978
2026-02-20 07:25:00+00:00,1,0.501261030811664
2026-02-20 07:30:00+00:00,1,0.503452926253837
2026-02-20 07:35:00+00:00,1,0.5039968739432799
2026-02-20 07:40:00+00:00,0,0.5046484113762889
2026-02-20 07:45:00+00:00,0,0.49895400636062937
2026-02-20 07:50:00+00:00,0,0.4858998429345047
2026-02-20 07:55:00+00:00,0,0.48076548497409893
2026-02-20 08:00:00+00:00,0,0.48360185599602235
2026-02-20 08:05:00+00:00,0,0.4847346782380506
2026-02-20 08:10:00+00:00,1,0.49151352115168606
2026-02-20 08:15:00+00:00,1,0.5030983692279584
2026-02-20 08:20:00+00:00,1,0.503814197649006
2026-02-20 08:25:00+00:00,1,0.5104202548698449
2026-02-20 08:30:00+00:00,1,0.5120585960782867
2026-02-20 08:35:00+00:00,1,0.5112444453523693
2026-02-20 08:40:00+00:00,1,0.5085858124518008
2026-02-20 08:45:00+00:00,1,0.5147132062373179
2026-02-20 08:50:00+00:00,1,0.4972387942499765
2026-02-20 08:55:00+00:00,1,0.5118418077706688
2026-02-20 09:00:00+00:00,0,0.46668438118766714
2026-02-20 09:05:00+00:00,0,0.49404136576365987
2026-02-20 09:10:00+00:00,0,0.505003166950039
2026-02-20 09:15:00+00:00,0,0.4682182039045871
2026-02-20 09:20:00+00:00,1,0.4699133327704042
2026-02-20 09:25:00+00:00,1,0.49831609134165555
2026-02-20 09:30:00+00:00,1,0.49665888015654985
2026-02-20 09:35:00+00:00,1,0.5067363914905443
2026-02-20 09:40:00+00:00,1,0.505601944287099
2026-02-20 09:45:00+00:00,1,0.4722759450510147
2026-02-20 09:50:00+00:00,0,0.45935575940946083
2026-02-20 09:55:00+00:00,0,0.4668032471121636
2026-02-20 10:00:00+00:00,0,0.4619320816588115
2026-02-20 10:05:00+00:00,0,0.46229676069931896
2026-02-20 10:10:00+00:00,0,0.46274341920198436
2026-02-20 10:15:00+00:00,0,0.46696506139514254
2026-02-20 10:20:00+00:00,0,0.494235381387943
2026-02-20 10:25:00+00:00,0,0.4936459725293669
2026-02-20 10:30:00+00:00,0,0.510462004719955
2026-02-20 10:35:00+00:00,0,0.5105413291029675
2026-02-20 10:40:00+00:00,0,0.5161348495356638
2026-02-20 10:45:00+00:00,0,0.5186580760371616
2026-02-20 10:50:00+00:00,0,0.5113100691403663
2026-02-20 10:55:00+00:00,0,0.5098627621626722
2026-02-20 11:00:00+00:00,0,0.5229233617673292
2026-02-20 11:05:00+00:00,0,0.5241082747892556
2026-02-20 11:10:00+00:00,0,0.5312822883228037
2026-02-20 11:15:00+00:00,0,0.534935688618951
2026-02-20 11:20:00+00:00,0,0.5373366282052463
2026-02-20 11:25:00+00:00,0,0.5379121010877342
2026-02-20 11:30:00+00:00,0,0.525970186360392
2026-02-20 11:35:00+00:00,0,0.5354210696560289
2026-02-20 11:40:00+00:00,0,0.5373843152807555
2026-02-20 11:45:00+00:00,0,0.5313423703120024
2026-02-20 11:50:00+00:00,0,0.5283972112343632
2026-02-20 11:55:00+00:00,0,0.5313926822735662
2026-02-20 12:00:00+00:00,1,0.5408366432557336
2026-02-20 12:05:00+00:00,1,0.5310302502840135
2026-02-20 12:10:00+00:00,1,0.5227028701061716
2026-02-20 12:15:00+00:00,1,0.5274315232076904
2026-02-20 12:20:00+00:00,1,0.5243509338427449
2026-02-20 12:25:00+00:00,1,0.5270106660311543
2026-02-20 12:30:00+00:00,1,0.5232560890684593
2026-02-20 12:35:00+00:00,0,0.5001901999566007
2026-02-20 12:40:00+00:00,0,0.50431911408794
2026-02-20 12:45:00+00:00,0,0.5013968322792911
2026-02-20 12:50:00+00:00,0,0.5039464490151017
2026-02-20 12:55:00+00:00,0,0.5020824986794062
2026-02-20 13:00:00+00:00,0,0.5233176339409927
2026-02-20 13:05:00+00:00,0,0.5058349944513492
2026-02-20 13:10:00+00:00,0,0.5116841171624019
2026-02-20 13:15:00+00:00,0,0.5064291644106735
2026-02-20 13:20:00+00:00,1,0.5125174361191001
2026-02-20 13:25:00+00:00,0,0.5149749488964914
2026-02-20 13:30:00+00:00,1,0.5230117177892705
2026-02-20 13:35:00+00:00,1,0.5241933092603902
2026-02-20 13:40:00+00:00,1,0.5075744187610419
2026-02-20 13:45:00+00:00,1,0.5084377923204748
2026-02-20 13:50:00+00:00,1,0.5159668824804483
2026-02-20 13:55:00+00:00,1,0.521356621689292
2026-02-20 14:00:00+00:00,1,0.48748409596945075
2026-02-20 14:05:00+00:00,1,0.4905941419785428
2026-02-20 14:10:00+00:00,1,0.4980210524698995
2026-02-20 14:15:00+00:00,1,0.5221500502852838
2026-02-20 14:20:00+00:00,1,0.4955616455835841
2026-02-20 14:25:00+00:00,1,0.4913573864276543
2026-02-20 14:30:00+00:00,1,0.5016883272563638
2026-02-20 14:35:00+00:00,1,0.4900557338351241
2026-02-20 14:40:00+00:00,1,0.48832065908737493
2026-02-20 14:45:00+00:00,1,0.4855434833775225
2026-02-20 14:50:00+00:00,1,0.4658816310495449
2026-02-20 14:55:00+00:00,1,0.4973943179916294
2026-02-20 15:00:00+00:00,0,0.4816654303697717
2026-02-20 15:05:00+00:00,0,0.472878631190148
2026-02-20 15:10:00+00:00,0,0.4765541342466172
2026-02-20 15:15:00+00:00,0,0.4769640978847006
2026-02-20 15:20:00+00:00,0,0.47429189278787254
2026-02-20 15:25:00+00:00,0,0.4856376056239611
2026-02-20 15:30:00+00:00,1,0.4967434357392455
2026-02-20 15:35:00+00:00,1,0.48937337697883726
2026-02-20 15:40:00+00:00,1,0.4898130414633137
2026-02-20 15:45:00+00:00,1,0.5011448898958762
2026-02-20 15:50:00+00:00,1,0.5001239483057216
2026-02-20 15:55:00+00:00,0,0.49152541107345454
2026-02-20 16:00:00+00:00,0,0.4961315887978251
2026-02-20 16:05:00+00:00,0,0.4953566685134549
2026-02-20 16:10:00+00:00,0,0.499105859622532
2026-02-20 16:15:00+00:00,1,0.505203609318832
2026-02-20 16:20:00+00:00,0,0.5049660602099664
2026-02-20 16:25:00+00:00,1,0.5280197527939614
2026-02-20 16:30:00+00:00,1,0.5303698616780492
2026-02-20 16:35:00+00:00,0,0.5064028147729316
2026-02-20 16:40:00+00:00,0,0.5273418742141005
2026-02-20 16:45:00+00:00,0,0.5125238131098544
2026-02-20 16:50:00+00:00,0,0.4997939608805664
2026-02-20 16:55:00+00:00,0,0.4931251438705263
2026-02-20 17:00:00+00:00,0,0.521194094268119
2026-02-20 17:05:00+00:00,0,0.5311238052178178
2026-02-20 17:10:00+00:00,0,0.5505002331197673
2026-02-20 17:15:00+00:00,1,0.561631102376247
2026-02-20 17:20:00+00:00,1,0.5715217351918958
2026-02-20 17:25:00+00:00,1,0.5578146009414939
2026-02-20 17:30:00+00:00,1,0.53546450248599
2026-02-20 17:35:00+00:00,1,0.5178893684456665
2026-02-20 17:40:00+00:00,1,0.5189050139991873
2026-02-20 17:45:00+00:00,1,0.5039963425047638
2026-02-20 17:50:00+00:00,1,0.49820666041222994
2026-02-20 17:55:00+00:00,0,0.4750767521100798
2026-02-20 18:00:00+00:00,0,0.4829026974347564
2026-02-20 18:05:00+00:00,0,0.47538823457060725
2026-02-20 18:10:00+00:00,1,0.5062924949494929
2026-02-20 18:15:00+00:00,1,0.5004108712526006
2026-02-20 18:20:00+00:00,1,0.4914319395292497
2026-02-20 18:25:00+00:00,1,0.4923245804799865
2026-02-20 18:30:00+00:00,0,0.47268706793213333
2026-02-20 18:35:00+00:00,1,0.48662992388696447
2026-02-20 18:40:00+00:00,0,0.4727577796399027
2026-02-20 18:45:00+00:00,0,0.46948793477688183
2026-02-20 18:50:00+00:00,0,0.4699087979431507
2026-02-20 18:55:00+00:00,0,0.4682079551463573
2026-02-20 19:00:00+00:00,1,0.47685837730954206
2026-02-20 19:05:00+00:00,1,0.4914223905404078
2026-02-20 19:10:00+00:00,1,0.5083234155394675
2026-02-20 19:15:00+00:00,0,0.48962517478273554
2026-02-20 19:20:00+00:00,1,0.4870974105468983
2026-02-20 19:25:00+00:00,1,0.49524642590482737
2026-02-20 19:30:00+00:00,0,0.472177727947233
2026-02-20 19:35:00+00:00,0,0.483699303811467
2026-02-20 19:40:00+00:00,1,0.5106928976887981
2026-02-20 19:45:00+00:00,1,0.5135854786626362
2026-02-20 19:50:00+00:00,1,0.4875739155709446
2026-02-20 19:55:00+00:00,0,0.48006154403819745
2026-02-20 20:00:00+00:00,0,0.49445410296813785
2026-02-20 20:05:00+00:00,0,0.48125805238069524
2026-02-20 20:10:00+00:00,0,0.49553301150929147
2026-02-20 20:15:00+00:00,0,0.48582798335162897
2026-02-20 20:20:00+00:00,0,0.5190124561346948
2026-02-20 20:25:00+00:00,0,0.5192890682168506
2026-02-20 20:30:00+00:00,1,0.5188169799397607
2026-02-20 20:35:00+00:00,0,0.5115765740125978
2026-02-20 20:40:00+00:00,0,0.515193890396186
2026-02-20 20:45:00+00:00,0,0.514074506609887
2026-02-20 20:50:00+00:00,0,0.5070764893616501
2026-02-20 20:55:00+00:00,0,0.5158364886534699
2026-02-20 21:00:00+00:00,0,0.5222772587642471
2026-02-20 21:05:00+00:00,0,0.5109810727004175
2026-02-20 21:10:00+00:00,1,0.5206991532274182
2026-02-20 21:15:00+00:00,1,0.5211704160819045
2026-02-20 21:20:00+00:00,1,0.5150097380627682
2026-02-20 21:25:00+00:00,1,0.4968256231858529
2026-02-20 21:30:00+00:00,1,0.5000700077370455
2026-02-20 21:35:00+00:00,1,0.4978217345773389
2026-02-20 21:40:00+00:00,0,0.4917768793002621
2026-02-20 21:45:00+00:00,0,0.4946592663816805
2026-02-20 21:50:00+00:00,1,0.4896881714008516
2026-02-20 21:55:00+00:00,1,0.4946246889270528
2026-02-20 22:00:00+00:00,1,0.48433064695978345
2026-02-20 22:05:00+00:00,1,0.4978658849929606
2026-02-20 22:10:00+00:00,1,0.4932590542288376
2026-02-20 22:15:00+00:00,1,0.4958751522956877
2026-02-20 22:20:00+00:00,1,0.46913277108276186
2026-02-20 22:25:00+00:00,1,0.472730726718974
2026-02-20 22:30:00+00:00,1,0.46971782738106266
2026-02-20 22:35:00+00:00,1,0.4685594602447312
2026-02-20 22:40:00+00:00,1,0.47115308365532066
2026-02-20 22:45:00+00:00,1,0.46786242897413566
2026-02-20 22:50:00+00:00,0,0.4675830870241009
2026-02-20 22:55:00+00:00,0,0.4764895168402285
2026-02-20 23:00:00+00:00,1,0.4698558712285867
2026-02-20 23:05:00+00:00,0,0.46481181143518185
2026-02-20 23:10:00+00:00,1,0.4680636392237531
2026-02-20 23:15:00+00:00,1,0.4667475444956562
2026-02-20 23:20:00+00:00,1,0.4705803398077123
2026-02-20 23:25:00+00:00,0,0.4628894391977474
2026-02-20 23:30:00+00:00,0,0.4659786445893812
2026-02-20 23:35:00+00:00,0,0.491939936505913
2026-02-20 23:40:00+00:00,0,0.4832151517287847
2026-02-20 23:45:00+00:00,0,0.46073476130727664
2026-02-20 23:50:00+00:00,0,0.4631163800425708
2026-02-20 23:55:00+00:00,0,0.4922960773663299
2026-02-21 00:00:00+00:00,1,0.5126032883684404
2026-02-21 00:05:00+00:00,1,0.501036215480728
2026-02-21 00:10:00+00:00,0,0.49668938784508976
2026-02-21 00:15:00+00:00,1,0.49865084597195897
2026-02-21 00:20:00+00:00,1,0.5050475138564703
2026-02-21 00:25:00+00:00,0,0.5069247107487681
2026-02-21 00:30:00+00:00,1,0.5112617781492639
2026-02-21 00:35:00+00:00,1,0.509084920321112
2026-02-21 00:40:00+00:00,1,0.5143380071061878
2026-02-21 00:45:00+00:00,0,0.5028020060837687
2026-02-21 00:50:00+00:00,0,0.5139813809640077
2026-02-21 00:55:00+00:00,0,0.511967477205949
2026-02-21 01:00:00+00:00,0,0.5041912006070762
2026-02-21 01:05:00+00:00,1,0.5071575527517684
2026-02-21 01:10:00+00:00,0,0.5098837856733257
2026-02-21 01:15:00+00:00,1,0.517426174494123
2026-02-21 01:20:00+00:00,1,0.5150581112966901
2026-02-21 01:25:00+00:00,1,0.5164513502734583
2026-02-21 01:30:00+00:00,0,0.5096171802695448
2026-02-21 01:35:00+00:00,0,0.48725719373086546
2026-02-21 01:40:00+00:00,0,0.5100211885780023
2026-02-21 01:45:00+00:00,0,0.49813541672264866
2026-02-21 01:50:00+00:00,0,0.5084652213319074
2026-02-21 01:55:00+00:00,0,0.5107489172354128
2026-02-21 02:00:00+00:00,1,0.5080882915057289
2026-02-21 02:05:00+00:00,1,0.5050065771293404
2026-02-21 02:10:00+00:00,1,0.5090130123717997
2026-02-21 02:15:00+00:00,1,0.5052742125370702
2026-02-21 02:20:00+00:00,1,0.5063793361514141
2026-02-21 02:25:00+00:00,1,0.507826185094669
2026-02-21 02:30:00+00:00,0,0.48109994040979376
2026-02-21 02:35:00+00:00,0,0.47717265063679315
2026-02-21 02:40:00+00:00,0,0.48419793077212214
2026-02-21 02:45:00+00:00,0,0.5034639550227759
2026-02-21 02:50:00+00:00,1,0.5053877717569036
2026-02-21 02:55:00+00:00,1,0.48234406678242825
2026-02-21 03:00:00+00:00,1,0.5055746872417447
2026-02-21 03:05:00+00:00,1,0.5008691497051992
2026-02-21 03:10:00+00:00,0,0.5006284182453671
2026-02-21 03:15:00+00:00,0,0.5032671381883463
2026-02-21 03:20:00+00:00,0,0.47720815763095686
2026-02-21 03:25:00+00:00,0,0.469696794157193
2026-02-21 03:30:00+00:00,0,0.49281870405919515
2026-02-21 03:35:00+00:00,0,0.4927967783903535
2026-02-21 03:40:00+00:00,1,0.5086477281431533
2026-02-21 03:45:00+00:00,1,0.5056818464853715
2026-02-21 03:50:00+00:00,1,0.4970687526934326
2026-02-21 03:55:00+00:00,1,0.5027271716937733
2026-02-21 04:00:00+00:00,1,0.48741734939056686
2026-02-21 04:05:00+00:00,1,0.47545614879656817
2026-02-21 04:10:00+00:00,1,0.4951312168939515
2026-02-21 04:15:00+00:00,0,0.48372956650052745
2026-02-21 04:20:00+00:00,0,0.48533873167484
2026-02-21 04:25:00+00:00,1,0.48021154061572896
2026-02-21 04:35:00+00:00,1,0.4802577341969392
2026-02-21 04:40:00+00:00,1,0.4835607883221226
2026-02-21 04:45:00+00:00,1,0.5030313947723442
2026-02-21 04:50:00+00:00,1,0.48896217084707955
2026-02-21 04:55:00+00:00,1,0.46282459728429254
2026-02-21 05:00:00+00:00,1,0.47665697083457437
2026-02-21 05:05:00+00:00,1,0.47846247127128244
2026-02-21 05:10:00+00:00,1,0.45828686337155267
2026-02-21 05:15:00+00:00,0,0.45518675988523877
2026-02-21 05:20:00+00:00,0,0.47740537116135834
2026-02-21 05:25:00+00:00,0,0.45537167205510604
2026-02-21 05:30:00+00:00,0,0.45636443407345817
2026-02-21 05:35:00+00:00,1,0.4604473011370592
2026-02-21 05:40:00+00:00,1,0.48106178475761235
2026-02-21 05:45:00+00:00,1,0.4836813922748106
2026-02-21 05:50:00+00:00,1,0.4736562153454473
2026-02-21 05:55:00+00:00,1,0.4594676328007629
2026-02-21 06:00:00+00:00,1,0.4677869165416817
2026-02-21 06:05:00+00:00,0,0.4617846921628574
2026-02-21 06:10:00+00:00,0,0.4596407598399885
2026-02-21 06:15:00+00:00,0,0.46040302888476026
2026-02-21 06:20:00+00:00,0,0.46613816532559127
2026-02-21 06:25:00+00:00,0,0.4635525044909774
2026-02-21 06:30:00+00:00,0,0.4846629938362775
2026-02-21 06:35:00+00:00,0,0.4853308902507703
2026-02-21 06:40:00+00:00,0,0.4866514377770209
2026-02-21 06:45:00+00:00,0,0.48868355060537566
2026-02-21 06:50:00+00:00,0,0.49100917606446154
2026-02-21 06:55:00+00:00,0,0.48843736006765154
2026-02-21 07:00:00+00:00,1,0.4989634631544746
2026-02-21 07:05:00+00:00,1,0.4877004866919675
2026-02-21 07:10:00+00:00,1,0.49010095227854317
2026-02-21 07:15:00+00:00,1,0.49685868923729104
2026-02-21 07:20:00+00:00,1,0.5015748323567238
2026-02-21 07:25:00+00:00,1,0.4930660040548909
2026-02-21 07:30:00+00:00,1,0.5042912827518574
2026-02-21 07:35:00+00:00,1,0.4704820582027784
2026-02-21 07:40:00+00:00,1,0.474452199504569
2026-02-21 07:45:00+00:00,1,0.4616602333763221
2026-02-21 07:50:00+00:00,1,0.46939690799280887
2026-02-21 07:55:00+00:00,1,0.4586157248092951
2026-02-21 08:00:00+00:00,1,0.4583199794274694
2026-02-21 08:05:00+00:00,1,0.46092244995063025
2026-02-21 08:10:00+00:00,1,0.4598364486860522
2026-02-21 08:15:00+00:00,1,0.45496375078133616
2026-02-21 08:20:00+00:00,1,0.45638631193944634
2026-02-21 08:25:00+00:00,1,0.454248736832916
2026-02-21 08:30:00+00:00,1,0.45588751774960207
2026-02-21 08:35:00+00:00,1,0.45410099041924534
2026-02-21 08:40:00+00:00,1,0.4552356975613596
2026-02-21 08:45:00+00:00,1,0.5030941251594655
2026-02-21 08:50:00+00:00,1,0.5065233634608642
2026-02-21 08:55:00+00:00,1,0.5168858177095614
2026-02-21 09:00:00+00:00,1,0.5186677840227847
2026-02-21 09:05:00+00:00,0,0.5239084231131744
2026-02-21 09:10:00+00:00,1,0.5048614303194202
2026-02-21 09:15:00+00:00,0,0.509030267273369
2026-02-21 09:20:00+00:00,0,0.5072475561482748
2026-02-21 09:25:00+00:00,0,0.5077240697935641
2026-02-21 09:30:00+00:00,0,0.5024450258858598
2026-02-21 09:35:00+00:00,0,0.4958112782290776
2026-02-21 09:40:00+00:00,1,0.4923572010863316
2026-02-21 09:45:00+00:00,1,0.4906630775355667
2026-02-21 09:50:00+00:00,1,0.5010346076712348
2026-02-21 09:55:00+00:00,1,0.5109415414670653
2026-02-21 10:00:00+00:00,1,0.48392338592641543
2026-02-21 10:05:00+00:00,1,0.47644984976905574
2026-02-21 10:10:00+00:00,1,0.4739193453207748
2026-02-21 10:15:00+00:00,0,0.4937055980435973
2026-02-21 10:20:00+00:00,0,0.4609101932467313
2026-02-21 10:25:00+00:00,0,0.4703893928305829
2026-02-21 10:30:00+00:00,0,0.4664745073954888
2026-02-21 10:35:00+00:00,0,0.4666883336987637
2026-02-21 10:40:00+00:00,0,0.4848837221555702
2026-02-21 10:45:00+00:00,1,0.5029038413511414
2026-02-21 10:50:00+00:00,1,0.49627165478615
2026-02-21 10:55:00+00:00,1,0.4931144506984671
2026-02-21 11:00:00+00:00,1,0.4868186955251943
2026-02-21 11:05:00+00:00,0,0.4779997598459515
2026-02-21 11:10:00+00:00,0,0.5008092727802907
2026-02-21 11:15:00+00:00,0,0.46621889580751885
2026-02-21 11:20:00+00:00,0,0.49932454144784527
2026-02-21 11:25:00+00:00,0,0.466660366684828
2026-02-21 11:30:00+00:00,0,0.4910245509727851
2026-02-21 11:35:00+00:00,0,0.5121579104177729
2026-02-21 11:40:00+00:00,0,0.5085609838898993
2026-02-21 11:45:00+00:00,0,0.5124046771229002
2026-02-21 11:50:00+00:00,0,0.5176049587415089
2026-02-21 11:55:00+00:00,1,0.5103474101064925
2026-02-21 12:00:00+00:00,0,0.501339682051764
2026-02-21 12:05:00+00:00,0,0.5152226856334001
2026-02-21 12:10:00+00:00,0,0.5117123111962026
2026-02-21 12:15:00+00:00,0,0.5154589169441993
2026-02-21 12:20:00+00:00,0,0.5201277246915933
2026-02-21 12:25:00+00:00,0,0.5112628503490857
2026-02-21 12:30:00+00:00,0,0.5190445601472894
2026-02-21 12:35:00+00:00,0,0.5277584986013498
2026-02-21 12:40:00+00:00,0,0.5279756998734624
2026-02-21 12:45:00+00:00,0,0.5262606160173964
2026-02-21 12:50:00+00:00,0,0.5321029016882715
2026-02-21 12:55:00+00:00,0,0.5287416557281329
2026-02-21 13:00:00+00:00,0,0.5265668473284686
2026-02-21 13:05:00+00:00,0,0.5306401444613603
2026-02-21 13:10:00+00:00,0,0.5325302535194553
2026-02-21 13:15:00+00:00,0,0.548921906827715
2026-02-21 13:20:00+00:00,0,0.5393269675677602
2026-02-21 13:25:00+00:00,0,0.5546554511198013
2026-02-21 13:30:00+00:00,0,0.549847657463227
2026-02-21 13:35:00+00:00,0,0.5344950877968614
2026-02-21 13:40:00+00:00,0,0.548685317892154
2026-02-21 13:45:00+00:00,0,0.5424146529676027
2026-02-21 13:50:00+00:00,1,0.5478668224914536
2026-02-21 13:55:00+00:00,0,0.5370612355551675
2026-02-21 14:00:00+00:00,0,0.5360826919397862
2026-02-21 14:05:00+00:00,0,0.5413989494219037
2026-02-21 14:10:00+00:00,0,0.5314454302047769
2026-02-21 14:15:00+00:00,0,0.5405390728089889
2026-02-21 14:20:00+00:00,0,0.5184405055735101
2026-02-21 14:25:00+00:00,0,0.5329510133539761
2026-02-21 14:30:00+00:00,0,0.5312313367400678
2026-02-21 14:35:00+00:00,0,0.5181057802982327
2026-02-21 14:40:00+00:00,0,0.5179904390304062
2026-02-21 14:45:00+00:00,0,0.5254858031784582
2026-02-21 14:50:00+00:00,1,0.5215250901589166
2026-02-21 14:55:00+00:00,0,0.5241528890045177
2026-02-21 15:00:00+00:00,0,0.5241855538613897
2026-02-21 15:05:00+00:00,0,0.5216685960343972
2026-02-21 15:10:00+00:00,0,0.5215551475152993
2026-02-21 15:15:00+00:00,1,0.5156391093665534
2026-02-21 15:20:00+00:00,0,0.5077907284274432
2026-02-21 15:25:00+00:00,1,0.5253548246715666
2026-02-21 15:30:00+00:00,0,0.521597882751633
2026-02-21 15:35:00+00:00,0,0.522438326655683
2026-02-21 15:40:00+00:00,0,0.5107968252509885
2026-02-21 15:45:00+00:00,0,0.5282784786797703
2026-02-21 15:50:00+00:00,0,0.527412963138307
2026-02-21 15:55:00+00:00,0,0.5196924205448012
2026-02-21 16:00:00+00:00,0,0.5243768213150576
2026-02-21 16:05:00+00:00,0,0.5177867448086264
2026-02-21 16:10:00+00:00,0,0.5238670559061783
2026-02-21 16:15:00+00:00,0,0.520114688754133
2026-02-21 16:20:00+00:00,0,0.5236198486880884
2026-02-21 16:25:00+00:00,0,0.5250949990007985
2026-02-21 16:30:00+00:00,1,0.5222369351840084
2026-02-21 16:35:00+00:00,0,0.5209909241321536
2026-02-21 16:40:00+00:00,0,0.5216645561727813
2026-02-21 16:45:00+00:00,0,0.5194105432239717
2026-02-21 16:50:00+00:00,0,0.5219539385683479
2026-02-21 16:55:00+00:00,1,0.5240514620021984
2026-02-21 17:00:00+00:00,0,0.520710895341461
2026-02-21 17:05:00+00:00,0,0.5184123396743275
2026-02-21 17:10:00+00:00,1,0.5226087040358843
2026-02-21 17:15:00+00:00,1,0.525374458636583
2026-02-21 17:20:00+00:00,1,0.5189313280230258
2026-02-21 17:25:00+00:00,0,0.5198408864467068
2026-02-21 17:30:00+00:00,1,0.5196153409709392
2026-02-21 17:35:00+00:00,1,0.5191820414549991
2026-02-21 17:40:00+00:00,0,0.49902472825927985
2026-02-21 17:45:00+00:00,0,0.512159685056806
2026-02-21 17:50:00+00:00,0,0.519424908880076
2026-02-21 17:55:00+00:00,0,0.5160194424244271
2026-02-21 18:00:00+00:00,0,0.4842283982847576
2026-02-21 18:05:00+00:00,0,0.5267215808209396
2026-02-21 18:10:00+00:00,0,0.5117986980873807
2026-02-21 18:15:00+00:00,0,0.5179930412867999
2026-02-21 18:20:00+00:00,1,0.5260635760362402
2026-02-21 18:25:00+00:00,1,0.5310104179085996
2026-02-21 18:30:00+00:00,1,0.5247847396473925
2026-02-21 18:35:00+00:00,1,0.5176627614472408
2026-02-21 18:40:00+00:00,1,0.5223055038016412
2026-02-21 18:45:00+00:00,1,0.520905328250088
2026-02-21 18:50:00+00:00,1,0.5104795378426085
2026-02-21 18:55:00+00:00,1,0.5099152099470063
2026-02-21 19:00:00+00:00,0,0.47682176508855406
2026-02-21 19:05:00+00:00,0,0.47360230719351876
2026-02-21 19:10:00+00:00,0,0.4807340807652769
2026-02-21 19:15:00+00:00,0,0.4763621724820989
2026-02-21 19:20:00+00:00,0,0.5003083061876736
2026-02-21 19:25:00+00:00,0,0.5005569976325778
2026-02-21 19:30:00+00:00,0,0.5311649483103471
2026-02-21 19:35:00+00:00,0,0.5245192460262313
2026-02-21 19:40:00+00:00,0,0.5268672482492619
2026-02-21 19:45:00+00:00,1,0.5256916134409415
2026-02-21 19:50:00+00:00,1,0.5274529197014138
2026-02-21 19:55:00+00:00,1,0.5213230643853347
2026-02-21 20:00:00+00:00,1,0.5223278363760225
2026-02-21 20:05:00+00:00,1,0.526132485907004
2026-02-21 20:10:00+00:00,0,0.5204955240666873
2026-02-21 20:15:00+00:00,0,0.5149229718583836
2026-02-21 20:20:00+00:00,0,0.48388341276597396
2026-02-21 20:25:00+00:00,0,0.49174150210083484
2026-02-21 20:30:00+00:00,0,0.500666112825696
2026-02-21 20:35:00+00:00,0,0.5189169821006899
2026-02-21 20:40:00+00:00,0,0.5144679307504316
2026-02-21 20:45:00+00:00,0,0.5224266791785621
2026-02-21 20:50:00+00:00,1,0.5275762610864523
2026-02-21 20:55:00+00:00,1,0.5195912245082188
2026-02-21 21:00:00+00:00,1,0.5146213281706832
2026-02-21 21:05:00+00:00,1,0.5190770676484907
2026-02-21 21:10:00+00:00,1,0.5189794425117047
2026-02-21 21:15:00+00:00,1,0.5111873179838546
2026-02-21 21:20:00+00:00,1,0.5100204111646963
2026-02-21 21:25:00+00:00,1,0.5151742066343751
2026-02-21 21:30:00+00:00,1,0.5102430220083275
2026-02-21 21:35:00+00:00,0,0.5004923880980204
2026-02-21 21:40:00+00:00,0,0.5190533571714246
2026-02-21 21:45:00+00:00,0,0.4989525849727898
2026-02-21 21:50:00+00:00,0,0.4800693546967836
2026-02-21 21:55:00+00:00,0,0.48621950580349477
2026-02-21 22:00:00+00:00,0,0.493859348092202
2026-02-21 22:05:00+00:00,0,0.5129433495636414
2026-02-21 22:10:00+00:00,0,0.4987241756028105
2026-02-21 22:20:00+00:00,0,0.5114656833744404
2026-02-21 22:25:00+00:00,0,0.51163863724863
2026-02-21 22:30:00+00:00,0,0.5165588908036416
2026-02-21 22:35:00+00:00,1,0.5079528911255674
2026-02-21 22:40:00+00:00,0,0.5204708281979746
2026-02-21 22:45:00+00:00,0,0.5159464028151823
2026-02-21 22:50:00+00:00,0,0.5174935997295843
2026-02-21 22:55:00+00:00,1,0.5109287116263345
2026-02-21 23:00:00+00:00,1,0.5186935176481053
2026-02-21 23:05:00+00:00,0,0.5219165353429382
2026-02-21 23:10:00+00:00,1,0.5240302362173188
2026-02-21 23:15:00+00:00,0,0.5162749044424398
2026-02-21 23:20:00+00:00,0,0.5207536665066549
2026-02-21 23:25:00+00:00,0,0.5174760408946546
2026-02-21 23:30:00+00:00,0,0.5189750141111265
2026-02-21 23:35:00+00:00,0,0.515573430534347
2026-02-21 23:40:00+00:00,0,0.5235723208464658
2026-02-21 23:45:00+00:00,0,0.5203638790909505
2026-02-21 23:50:00+00:00,0,0.5279552704218379
2026-02-21 23:55:00+00:00,0,0.5316717252740673
2026-02-22 00:00:00+00:00,0,0.5318805831092539
2026-02-22 00:05:00+00:00,0,0.5281536448799832
2026-02-22 00:10:00+00:00,0,0.5270073268302046
2026-02-22 00:15:00+00:00,0,0.5196531958728455
2026-02-22 00:20:00+00:00,0,0.5292353190420872
2026-02-22 00:25:00+00:00,0,0.5210588161172695
2026-02-22 00:30:00+00:00,0,0.5249834814747545
2026-02-22 00:35:00+00:00,1,0.5468041127344395
2026-02-22 00:40:00+00:00,1,0.5536041384028576
2026-02-22 00:45:00+00:00,1,0.5460245379894584
2026-02-22 00:50:00+00:00,1,0.5232928700700508
2026-02-22 00:55:00+00:00,0,0.5193583882058799
2026-02-22 01:00:00+00:00,1,0.524763749507423
2026-02-22 01:05:00+00:00,0,0.5230769830874287
2026-02-22 01:10:00+00:00,0,0.520100266383327
2026-02-22 01:15:00+00:00,0,0.517720030254886
2026-02-22 01:20:00+00:00,0,0.5191805100208233
2026-02-22 01:25:00+00:00,0,0.5203250721455245
2026-02-22 01:30:00+00:00,0,0.5141716874829324
2026-02-22 01:35:00+00:00,1,0.522835892736628
2026-02-22 01:40:00+00:00,1,0.528494923962208
2026-02-22 01:45:00+00:00,0,0.5194483605257073
2026-02-22 01:50:00+00:00,0,0.522430429786208
2026-02-22 01:55:00+00:00,0,0.5171827330946838
2026-02-22 02:00:00+00:00,0,0.5079739704621544
2026-02-22 02:05:00+00:00,0,0.49703824065407765
2026-02-22 02:10:00+00:00,0,0.5098270617996594
2026-02-22 02:15:00+00:00,0,0.519902853657458
2026-02-22 02:20:00+00:00,0,0.5134713343517898
2026-02-22 02:25:00+00:00,0,0.519345374248368
2026-02-22 02:30:00+00:00,0,0.5187415064842484
2026-02-22 02:35:00+00:00,0,0.5219726178554973
2026-02-22 02:40:00+00:00,0,0.5146343029038838
2026-02-22 02:45:00+00:00,0,0.516617247393255
2026-02-22 02:50:00+00:00,0,0.5161276119705824
2026-02-22 02:55:00+00:00,0,0.5222203978879147
2026-02-22 03:00:00+00:00,0,0.5152343043111416
2026-02-22 03:05:00+00:00,0,0.5142932999976769
2026-02-22 03:10:00+00:00,0,0.5169485305237587
2026-02-22 03:15:00+00:00,1,0.5189827340759829
2026-02-22 03:20:00+00:00,0,0.5206663934190103
2026-02-22 03:25:00+00:00,0,0.5123574228957986
2026-02-22 03:30:00+00:00,0,0.5083442943308443
2026-02-22 03:35:00+00:00,0,0.5150392340265733
2026-02-22 03:40:00+00:00,0,0.5129115189661946
2026-02-22 03:45:00+00:00,0,0.5123730168940481
2026-02-22 03:50:00+00:00,0,0.5147902869639613
2026-02-22 03:55:00+00:00,0,0.5154161648207163
2026-02-22 04:00:00+00:00,0,0.5136599647073703
2026-02-22 04:05:00+00:00,0,0.5143675393274983
2026-02-22 04:10:00+00:00,0,0.510076330984468
2026-02-22 04:15:00+00:00,0,0.5143619537043422
2026-02-22 04:20:00+00:00,1,0.5140589003177095
2026-02-22 04:25:00+00:00,0,0.512431330683637
2026-02-22 04:30:00+00:00,0,0.5153905396859522
2026-02-22 04:35:00+00:00,0,0.5171268533920008
2026-02-22 04:40:00+00:00,0,0.5138951253841401
2026-02-22 04:45:00+00:00,0,0.5057122104819096
2026-02-22 04:50:00+00:00,0,0.5267361195851391
2026-02-22 04:55:00+00:00,0,0.5155485322721352
2026-02-22 05:00:00+00:00,0,0.5134760151041114
2026-02-22 05:05:00+00:00,0,0.513405148882152
2026-02-22 05:10:00+00:00,0,0.50197262795406
2026-02-22 05:15:00+00:00,0,0.5200159564305206
2026-02-22 05:20:00+00:00,0,0.5173027404537988
2026-02-22 05:25:00+00:00,0,0.5179504075428185
2026-02-22 05:30:00+00:00,0,0.5185722721248208
2026-02-22 05:35:00+00:00,0,0.5193028840457903
2026-02-22 05:40:00+00:00,0,0.5169748474033347
2026-02-22 05:45:00+00:00,0,0.530941680352265
2026-02-22 05:50:00+00:00,0,0.5276670962366591
2026-02-22 05:55:00+00:00,0,0.5310940813213277
2026-02-22 06:00:00+00:00,0,0.5349996677611452
2026-02-22 06:05:00+00:00,1,0.5440488227935725
2026-02-22 06:10:00+00:00,1,0.5409747042902101
2026-02-22 06:15:00+00:00,1,0.5350893057956521
2026-02-22 06:20:00+00:00,1,0.5325550037166742
2026-02-22 06:25:00+00:00,1,0.5446631733527552
2026-02-22 06:30:00+00:00,1,0.5333165731679198
2026-02-22 06:35:00+00:00,1,0.5155710861564721
2026-02-22 06:40:00+00:00,1,0.5158591365566084
2026-02-22 06:45:00+00:00,1,0.49871304366295854
2026-02-22 06:50:00+00:00,1,0.5035973525482044
2026-02-22 06:55:00+00:00,1,0.5159738337711501
2026-02-22 07:00:00+00:00,1,0.5061106354939362
2026-02-22 07:05:00+00:00,1,0.5046812744113727
2026-02-22 07:10:00+00:00,1,0.4957981502060011
2026-02-22 07:15:00+00:00,0,0.4716715303439467
2026-02-22 07:20:00+00:00,0,0.46940488983252115
2026-02-22 07:25:00+00:00,0,0.47171226131592775
2026-02-22 07:30:00+00:00,0,0.47668606594418017
2026-02-22 07:35:00+00:00,0,0.47444985451225546
2026-02-22 07:40:00+00:00,0,0.48089618083154856
2026-02-22 07:45:00+00:00,1,0.49347394411385165
2026-02-22 07:50:00+00:00,1,0.530822462433467
2026-02-22 07:55:00+00:00,1,0.5158270025987411
2026-02-22 08:00:00+00:00,1,0.5147306310418263
2026-02-22 08:05:00+00:00,1,0.511463920569931
2026-02-22 08:10:00+00:00,0,0.47892599183290563
2026-02-22 08:15:00+00:00,0,0.48266333625738045
2026-02-22 08:20:00+00:00,0,0.49040783030436974
2026-02-22 08:25:00+00:00,0,0.500726894984241
2026-02-22 08:30:00+00:00,0,0.4857995231444573
2026-02-22 08:35:00+00:00,0,0.49244858707371153
2026-02-22 08:40:00+00:00,0,0.4968037480568582
2026-02-22 08:45:00+00:00,1,0.5007137053123677
2026-02-22 08:50:00+00:00,1,0.5049032052265208
2026-02-22 08:55:00+00:00,1,0.5075581424748364
2026-02-22 09:00:00+00:00,1,0.5101474179182932
2026-02-22 09:05:00+00:00,0,0.5040414574101981
2026-02-22 09:10:00+00:00,1,0.5060624977553958
2026-02-22 09:15:00+00:00,0,0.49227708707679246
2026-02-22 09:20:00+00:00,1,0.5030506426316618
2026-02-22 09:25:00+00:00,1,0.5037798459286291
2026-02-22 09:30:00+00:00,1,0.5021749587854846
2026-02-22 09:35:00+00:00,1,0.49557429795488256
2026-02-22 09:40:00+00:00,1,0.5038784709060419
2026-02-22 09:45:00+00:00,1,0.5074743636221922
2026-02-22 09:50:00+00:00,1,0.5001881032013894
2026-02-22 09:55:00+00:00,1,0.48272338390556835
2026-02-22 10:00:00+00:00,1,0.4772690709488944
2026-02-22 10:05:00+00:00,1,0.46237289775398666
2026-02-22 10:10:00+00:00,1,0.45925011596256765
2026-02-22 10:15:00+00:00,0,0.464079994896736
2026-02-22 10:20:00+00:00,0,0.4598944324941142
2026-02-22 10:25:00+00:00,0,0.46358150864449194
2026-02-22 10:30:00+00:00,1,0.4715863370816325
2026-02-22 10:35:00+00:00,1,0.4640646781121142
2026-02-22 10:40:00+00:00,0,0.46479508820558024
2026-02-22 10:45:00+00:00,0,0.47070709080466216
2026-02-22 10:50:00+00:00,0,0.4778812435791249
2026-02-22 10:55:00+00:00,0,0.47375631860518175
2026-02-22 11:00:00+00:00,0,0.4625598277006938
2026-02-22 11:05:00+00:00,0,0.4591121071980453
2026-02-22 11:10:00+00:00,0,0.4700571553125903
2026-02-22 11:15:00+00:00,0,0.4994316680846277
2026-02-22 11:20:00+00:00,0,0.4966893980981096
2026-02-22 11:25:00+00:00,0,0.5146210617571454
2026-02-22 11:30:00+00:00,0,0.5160680330956247
2026-02-22 11:35:00+00:00,0,0.5149832263288987
2026-02-22 11:40:00+00:00,0,0.5107493877855492
2026-02-22 11:50:00+00:00,0,0.5152342310841632
2026-02-22 11:55:00+00:00,0,0.5184786798555282
2026-02-22 12:00:00+00:00,0,0.5392371239977384
2026-02-22 12:05:00+00:00,0,0.5351803675610545
2026-02-22 12:10:00+00:00,0,0.5362221233917032
2026-02-22 12:15:00+00:00,0,0.527021634965489
2026-02-22 12:20:00+00:00,1,0.5330385727256925
2026-02-22 12:25:00+00:00,0,0.5259558233055713
2026-02-22 12:30:00+00:00,0,0.5321572780281604
2026-02-22 12:35:00+00:00,0,0.5272447782048877
2026-02-22 12:40:00+00:00,0,0.5316363045839183
2026-02-22 12:45:00+00:00,0,0.523427624101172
2026-02-22 12:50:00+00:00,0,0.5254349521527395
2026-02-22 12:55:00+00:00,0,0.5373491946634578
2026-02-22 13:00:00+00:00,0,0.5255363390846167
2026-02-22 13:05:00+00:00,0,0.5421368667246261
2026-02-22 13:10:00+00:00,0,0.534851441864983
2026-02-22 13:15:00+00:00,0,0.5216542174041016
2026-02-22 13:20:00+00:00,0,0.5288709428311212
2026-02-22 13:25:00+00:00,0,0.5220633003327565
2026-02-22 13:30:00+00:00,0,0.5185211014926954
2026-02-22 13:35:00+00:00,0,0.5231792198375852
2026-02-22 13:40:00+00:00,1,0.5238620109507559
2026-02-22 13:45:00+00:00,0,0.5220838356058197
2026-02-22 13:50:00+00:00,1,0.5277443578412118
2026-02-22 13:55:00+00:00,0,0.5216716649112775
2026-02-22 14:00:00+00:00,0,0.5182594177876533
2026-02-22 14:05:00+00:00,0,0.5198416356249785
2026-02-22 14:10:00+00:00,0,0.5161982567209255
2026-02-22 14:15:00+00:00,0,0.5231662470233163
2026-02-22 14:20:00+00:00,0,0.517751353689153
2026-02-22 14:25:00+00:00,0,0.5231908529977409
2026-02-22 14:30:00+00:00,0,0.5235207184155736
2026-02-22 14:35:00+00:00,0,0.5254567261053518
2026-02-22 14:40:00+00:00,1,0.5234348777668243
2026-02-22 14:45:00+00:00,1,0.5304309515050656
2026-02-22 14:50:00+00:00,1,0.5207752181925887
2026-02-22 14:55:00+00:00,1,0.5229366487512037
2026-02-22 15:00:00+00:00,1,0.5153395069872929
2026-02-22 15:05:00+00:00,1,0.5215995681540694
2026-02-22 15:10:00+00:00,1,0.5202181437139937
2026-02-22 15:15:00+00:00,1,0.5231616861225471
2026-02-22 15:20:00+00:00,1,0.5229732187089594
2026-02-22 15:25:00+00:00,1,0.48563727118623823
2026-02-22 15:30:00+00:00,1,0.47491912561174215
2026-02-22 15:35:00+00:00,0,0.4925793542979291
2026-02-22 15:40:00+00:00,0,0.5000993307555184
2026-02-22 15:45:00+00:00,0,0.501359065640807
2026-02-22 15:50:00+00:00,0,0.5007822935877756
2026-02-22 15:55:00+00:00,0,0.49301196855896134
2026-02-22 16:00:00+00:00,0,0.4860812596707803
2026-02-22 16:05:00+00:00,0,0.4875921156142366
2026-02-22 16:10:00+00:00,0,0.5224475943436713
2026-02-22 16:15:00+00:00,1,0.5141647384442872
2026-02-22 16:20:00+00:00,1,0.49700314056813255
2026-02-22 16:25:00+00:00,1,0.5061021821016075
2026-02-22 16:30:00+00:00,1,0.5122446112943474
2026-02-22 16:35:00+00:00,1,0.5060933614649735
2026-02-22 16:40:00+00:00,0,0.5165833987682178
2026-02-22 16:45:00+00:00,0,0.4950429423512475
2026-02-22 16:50:00+00:00,0,0.4873161620462312
2026-02-22 16:55:00+00:00,0,0.48720775326134563
2026-02-22 17:00:00+00:00,0,0.4838160580104245
2026-02-22 17:05:00+00:00,0,0.5008077398307962
2026-02-22 17:10:00+00:00,0,0.5166692851624042
2026-02-22 17:15:00+00:00,1,0.5195080051350561
2026-02-22 17:20:00+00:00,0,0.5168498855425322
2026-02-22 17:25:00+00:00,0,0.5145397610744887
2026-02-22 17:30:00+00:00,1,0.5262346821817522
2026-02-22 17:35:00+00:00,1,0.519487018305551
2026-02-22 17:40:00+00:00,1,0.5184457694430948
2026-02-22 17:45:00+00:00,1,0.5069613740896068
2026-02-22 17:50:00+00:00,1,0.5120379501508578
2026-02-22 17:55:00+00:00,1,0.5190820373481099
2026-02-22 18:00:00+00:00,1,0.5172060817778832
2026-02-22 18:05:00+00:00,1,0.5106889975201591
2026-02-22 18:10:00+00:00,0,0.49937659863770356
2026-02-22 18:15:00+00:00,0,0.5024532735846643
2026-02-22 18:20:00+00:00,0,0.5045577162373145
2026-02-22 18:25:00+00:00,0,0.4891948925393196
2026-02-22 18:30:00+00:00,0,0.4883139934327898
2026-02-22 18:35:00+00:00,0,0.49580383662733013
2026-02-22 18:40:00+00:00,0,0.49816361654102925
2026-02-22 18:45:00+00:00,0,0.5173669722249024
2026-02-22 18:50:00+00:00,0,0.5135045082410188
2026-02-22 18:55:00+00:00,0,0.503859308146205
2026-02-22 19:00:00+00:00,0,0.5162878026859348
2026-02-22 19:05:00+00:00,0,0.5217908956653028
2026-02-22 19:10:00+00:00,1,0.5120038386286186
2026-02-22 19:15:00+00:00,0,0.50617360724393
2026-02-22 19:20:00+00:00,1,0.5133882994445509
2026-02-22 19:25:00+00:00,1,0.5210546323751207
2026-02-22 19:30:00+00:00,1,0.5177058558195747
2026-02-22 19:35:00+00:00,0,0.5117458294593175
2026-02-22 19:40:00+00:00,0,0.5089060716432122
2026-02-22 19:45:00+00:00,1,0.5097518976879999
2026-02-22 19:50:00+00:00,1,0.5035307244553652
2026-02-22 19:55:00+00:00,0,0.5050828621335718
2026-02-22 20:00:00+00:00,0,0.5019824496685178
2026-02-22 20:05:00+00:00,1,0.5210823126681042
2026-02-22 20:10:00+00:00,1,0.5179048323707547
2026-02-22 20:15:00+00:00,0,0.5125406489493141
2026-02-22 20:20:00+00:00,0,0.49195537753627505
2026-02-22 20:25:00+00:00,0,0.5193555928871799
2026-02-22 20:30:00+00:00,0,0.502449862812965
2026-02-22 20:35:00+00:00,0,0.518070658804024
2026-02-22 20:40:00+00:00,0,0.5354944510253238
2026-02-22 20:45:00+00:00,0,0.5131877312817463
2026-02-22 20:50:00+00:00,1,0.5217780998576147
2026-02-22 20:55:00+00:00,0,0.5130921405714974
2026-02-22 21:00:00+00:00,0,0.5130953855203592
2026-02-22 21:05:00+00:00,1,0.5181604070442373
2026-02-22 21:10:00+00:00,1,0.5139567752851479
2026-02-22 21:15:00+00:00,1,0.5170288139966093
2026-02-22 21:20:00+00:00,1,0.5130188333611908
2026-02-22 21:25:00+00:00,1,0.5191936257820088
2026-02-22 21:30:00+00:00,1,0.5124442994731638
2026-02-22 21:35:00+00:00,0,0.510678769897908
2026-02-22 21:40:00+00:00,0,0.5118259844121088
2026-02-22 21:45:00+00:00,1,0.5110514892119474
2026-02-22 21:50:00+00:00,1,0.513629681899925
2026-02-22 21:55:00+00:00,1,0.5161679870726849
2026-02-22 22:00:00+00:00,1,0.5155801223699564
2026-02-22 22:05:00+00:00,1,0.5140776828048231
2026-02-22 22:10:00+00:00,1,0.50281028115607
2026-02-22 22:15:00+00:00,1,0.48926757170993795
2026-02-22 22:20:00+00:00,1,0.4784186323965618
2026-02-22 22:25:00+00:00,1,0.47997623932017575
2026-02-22 22:30:00+00:00,1,0.4680466119359836
2026-02-22 22:35:00+00:00,1,0.4712021277017076
2026-02-22 22:40:00+00:00,0,0.4655558493885554
2026-02-22 22:45:00+00:00,0,0.4734289145913859
2026-02-22 22:50:00+00:00,0,0.46706197913371755
2026-02-22 22:55:00+00:00,0,0.46911903313120923
2026-02-22 23:00:00+00:00,0,0.4605937064742945
2026-02-22 23:05:00+00:00,0,0.470321940071505
2026-02-22 23:10:00+00:00,0,0.4693461011287405
2026-02-22 23:15:00+00:00,0,0.4890722655075688
2026-02-22 23:20:00+00:00,1,0.49159849420960733
2026-02-22 23:25:00+00:00,1,0.47875492709046324
2026-02-22 23:30:00+00:00,1,0.4883493143115353
2026-02-22 23:35:00+00:00,1,0.48907026530887804
2026-02-22 23:40:00+00:00,1,0.5061590823257627
2026-02-22 23:45:00+00:00,1,0.5047619654818196
2026-02-22 23:50:00+00:00,1,0.48646988664938284
2026-02-22 23:55:00+00:00,1,0.4696223768986232
2026-02-23 00:00:00+00:00,0,0.46900023400254753
2026-02-23 00:05:00+00:00,0,0.4685909726118499
2026-02-23 00:10:00+00:00,0,0.47279615556903976
2026-02-23 00:15:00+00:00,0,0.4660432485292167
2026-02-23 00:20:00+00:00,0,0.46963650583791117
2026-02-23 00:25:00+00:00,0,0.46927052882796966
2026-02-23 00:30:00+00:00,0,0.4925345374840778
2026-02-23 00:35:00+00:00,0,0.5123449044586725
2026-02-23 00:40:00+00:00,0,0.5060942921126185
2026-02-23 00:45:00+00:00,0,0.5079634794987737
2026-02-23 00:50:00+00:00,0,0.5028619547288715
2026-02-23 00:55:00+00:00,0,0.5172889809153167
2026-02-23 01:00:00+00:00,0,0.5773631499603117
2026-02-23 01:05:00+00:00,0,0.5628752488857164
2026-02-23 01:10:00+00:00,0,0.5329087699714692
2026-02-23 01:15:00+00:00,1,0.5544733337517418
2026-02-23 01:20:00+00:00,1,0.539805178743884
2026-02-23 01:25:00+00:00,1,0.5275685445490981
2026-02-23 01:30:00+00:00,1,0.5705146389516026
2026-02-23 01:35:00+00:00,0,0.5880155414847327
2026-02-23 01:40:00+00:00,1,0.5894046706062541
2026-02-23 01:45:00+00:00,1,0.5796742047894372
2026-02-23 01:50:00+00:00,1,0.5169592699245864
2026-02-23 01:55:00+00:00,1,0.5198351372194329
2026-02-23 02:00:00+00:00,1,0.5195704983058108
2026-02-23 02:05:00+00:00,0,0.5278395434221208
2026-02-23 02:10:00+00:00,1,0.5374002484851644
2026-02-23 02:15:00+00:00,1,0.5264382391804459
2026-02-23 02:20:00+00:00,1,0.5178736266407831
2026-02-23 02:25:00+00:00,1,0.5096453688652657
2026-02-23 02:30:00+00:00,1,0.5204973554653632
2026-02-23 02:35:00+00:00,1,0.5247334998608593
2026-02-23 02:40:00+00:00,1,0.5182455655351356
2026-02-23 02:45:00+00:00,1,0.5112242123123518
2026-02-23 02:50:00+00:00,1,0.500083829802895
2026-02-23 02:55:00+00:00,0,0.5166698932269462
2026-02-23 03:00:00+00:00,0,0.5076867741885573
2026-02-23 03:05:00+00:00,0,0.474040994333113
2026-02-23 03:10:00+00:00,0,0.4794601298467812
2026-02-23 03:15:00+00:00,0,0.49867879926708325
2026-02-23 03:20:00+00:00,0,0.47973233354568123
2026-02-23 03:25:00+00:00,1,0.5041661544720234
2026-02-23 03:30:00+00:00,0,0.483764370043618
2026-02-23 03:35:00+00:00,1,0.48387722521775095
2026-02-23 03:40:00+00:00,1,0.483617540385173
2026-02-23 03:45:00+00:00,1,0.4826122666583398
2026-02-23 03:50:00+00:00,0,0.47956311256670614
2026-02-23 03:55:00+00:00,0,0.493686840620355
2026-02-23 04:00:00+00:00,0,0.492676031862426
2026-02-23 04:05:00+00:00,0,0.494487586735981
2026-02-23 04:10:00+00:00,0,0.49269456755026897
2026-02-23 04:15:00+00:00,0,0.48744689073125863
2026-02-23 04:20:00+00:00,0,0.49300881953146136
2026-02-23 04:25:00+00:00,1,0.4974873302000755
2026-02-23 04:30:00+00:00,1,0.4982006007067627
2026-02-23 04:35:00+00:00,1,0.5050478243983567
2026-02-23 04:40:00+00:00,1,0.4992680477019817
2026-02-23 04:45:00+00:00,1,0.5037779813219145
2026-02-23 04:50:00+00:00,1,0.5029497426805136
2026-02-23 04:55:00+00:00,1,0.49265440602584315
2026-02-23 05:00:00+00:00,1,0.46629115946270067
2026-02-23 05:05:00+00:00,1,0.46940047858881223
2026-02-23 05:10:00+00:00,1,0.46412721138316615
2026-02-23 05:15:00+00:00,1,0.4565140572839795
2026-02-23 05:20:00+00:00,0,0.4607519122481578
2026-02-23 05:25:00+00:00,0,0.46227518596891265
2026-02-23 05:30:00+00:00,1,0.4556279625906492
2026-02-23 05:35:00+00:00,1,0.45658492713386956
2026-02-23 05:40:00+00:00,1,0.45340906060192077
2026-02-23 05:45:00+00:00,1,0.4688624615537609
2026-02-23 05:50:00+00:00,1,0.4640483540429925
2026-02-23 05:55:00+00:00,1,0.4644050831252802
2026-02-23 06:00:00+00:00,1,0.4571465203730151
2026-02-23 06:05:00+00:00,1,0.4526139349373311
2026-02-23 06:10:00+00:00,0,0.4653531333974235
2026-02-23 06:15:00+00:00,0,0.46330184843388394
2026-02-23 06:20:00+00:00,0,0.46687505365199927
2026-02-23 06:25:00+00:00,0,0.4660911808004795
2026-02-23 06:30:00+00:00,0,0.46171195570539547
2026-02-23 06:35:00+00:00,0,0.4657115047113043
2026-02-23 06:40:00+00:00,0,0.46562895045600233
2026-02-23 06:45:00+00:00,0,0.4643696997530813
2026-02-23 06:50:00+00:00,0,0.46844950161957927
2026-02-23 06:55:00+00:00,0,0.4681029362516966
2026-02-23 07:00:00+00:00,0,0.4856651149550222
2026-02-23 07:05:00+00:00,1,0.4770773303703067
2026-02-23 07:10:00+00:00,0,0.46482453926820644
2026-02-23 07:15:00+00:00,1,0.49282504182466363
2026-02-23 07:20:00+00:00,0,0.4899446939477778
2026-02-23 07:25:00+00:00,1,0.5052257736464888
2026-02-23 07:30:00+00:00,0,0.49368544794767283
2026-02-23 07:35:00+00:00,0,0.4710380226923439
2026-02-23 07:40:00+00:00,0,0.4821967085701484
2026-02-23 07:45:00+00:00,0,0.4800166690968205
2026-02-23 07:50:00+00:00,0,0.4924855706910502
2026-02-23 07:55:00+00:00,0,0.49486854949256165
2026-02-23 08:00:00+00:00,1,0.5034295774315739
2026-02-23 08:05:00+00:00,1,0.504209371419405
2026-02-23 08:10:00+00:00,1,0.5019964303379544
2026-02-23 08:15:00+00:00,1,0.49913679074582284
2026-02-23 08:20:00+00:00,0,0.501010961024765
2026-02-23 08:25:00+00:00,0,0.5015889869698789
2026-02-23 08:30:00+00:00,1,0.5006824374759019
2026-02-23 08:35:00+00:00,1,0.5012166185236895
2026-02-23 08:40:00+00:00,1,0.5016672018383956
2026-02-23 08:45:00+00:00,0,0.49918150864297145
2026-02-23 08:50:00+00:00,1,0.5007860333709337
2026-02-23 08:55:00+00:00,1,0.49792354651117265
2026-02-23 09:00:00+00:00,1,0.4873768858337635
2026-02-23 09:05:00+00:00,1,0.4836360626187315
2026-02-23 09:10:00+00:00,1,0.4637397559669778
2026-02-23 09:15:00+00:00,1,0.5000632099447679
2026-02-23 09:20:00+00:00,1,0.5000420305461705
2026-02-23 09:25:00+00:00,1,0.4807116375854765
2026-02-23 09:30:00+00:00,1,0.45396366634612306
2026-02-23 09:35:00+00:00,0,0.459254214175478
2026-02-23 09:40:00+00:00,1,0.46448037483657634
2026-02-23 09:45:00+00:00,1,0.4845364815573964
2026-02-23 09:50:00+00:00,0,0.45544743928540604
2026-02-23 09:55:00+00:00,0,0.4621641832011509
2026-02-23 10:00:00+00:00,0,0.4564312182532139
2026-02-23 10:05:00+00:00,0,0.458825901207276
2026-02-23 10:10:00+00:00,0,0.46435191289158717
2026-02-23 10:15:00+00:00,0,0.46438366985309204
2026-02-23 10:20:00+00:00,1,0.46879857080906867
2026-02-23 10:25:00+00:00,1,0.503301899488089
2026-02-23 10:30:00+00:00,1,0.4801968631359505
2026-02-23 10:35:00+00:00,1,0.48340544419735926
2026-02-23 10:40:00+00:00,1,0.47820392075985696
2026-02-23 10:45:00+00:00,1,0.48430563468184346
2026-02-23 10:50:00+00:00,1,0.4750656512383707
2026-02-23 10:55:00+00:00,1,0.481738196834913
2026-02-23 11:00:00+00:00,1,0.4882267473072542
2026-02-23 11:05:00+00:00,1,0.47121979773314826
2026-02-23 11:10:00+00:00,0,0.47228856734291547
2026-02-23 11:15:00+00:00,0,0.46797276479379407
2026-02-23 11:20:00+00:00,1,0.4916967247561442
2026-02-23 11:25:00+00:00,1,0.464016901690964
2026-02-23 11:30:00+00:00,1,0.4720892272170968
2026-02-23 11:35:00+00:00,1,0.4797190086296531
2026-02-23 11:40:00+00:00,1,0.47654375636773216
2026-02-23 11:45:00+00:00,1,0.491408108191283
2026-02-23 11:50:00+00:00,1,0.4665668310927041
2026-02-23 11:55:00+00:00,0,0.4675303828219649
2026-02-23 12:00:00+00:00,0,0.4728617653353942
2026-02-23 12:05:00+00:00,1,0.4639454330789499
2026-02-23 12:10:00+00:00,1,0.46898155510078815
2026-02-23 12:15:00+00:00,0,0.46408689135534975
2026-02-23 12:20:00+00:00,0,0.46392596883824994
2026-02-23 12:25:00+00:00,1,0.46881571453209003
2026-02-23 12:30:00+00:00,1,0.5157549682405571
2026-02-23 12:35:00+00:00,0,0.4573813384656098
2026-02-23 12:40:00+00:00,0,0.4863053287634329
2026-02-23 12:45:00+00:00,0,0.4963807500621511
2026-02-23 12:50:00+00:00,0,0.4795183095573702
2026-02-23 12:55:00+00:00,0,0.48631051089784194
2026-02-23 13:00:00+00:00,0,0.4854478580406188
2026-02-23 13:05:00+00:00,0,0.4801049148395346
2026-02-23 13:10:00+00:00,0,0.487587755397921
2026-02-23 13:15:00+00:00,0,0.5055156718529674
2026-02-23 13:20:00+00:00,0,0.5120394256222792
2026-02-23 13:25:00+00:00,0,0.5104443288438791
2026-02-23 13:30:00+00:00,0,0.5139513184682887
2026-02-23 13:35:00+00:00,0,0.5082043705396068
2026-02-23 13:40:00+00:00,0,0.5105746813705017
2026-02-23 13:45:00+00:00,0,0.5157718159590309
2026-02-23 13:50:00+00:00,0,0.5185610440720557
2026-02-23 13:55:00+00:00,0,0.5187835092987497
2026-02-23 14:00:00+00:00,0,0.5116918674046619
2026-02-23 14:05:00+00:00,0,0.519980559949138
2026-02-23 14:10:00+00:00,0,0.5101685907816406
2026-02-23 14:15:00+00:00,0,0.5241664062236915
2026-02-23 14:20:00+00:00,1,0.5398728809786459
2026-02-23 14:25:00+00:00,1,0.5341512488825779
2026-02-23 14:30:00+00:00,0,0.5194683715947006
2026-02-23 14:35:00+00:00,0,0.5224633718114009
2026-02-23 14:40:00+00:00,0,0.5042540830318246
2026-02-23 14:45:00+00:00,0,0.5111909129340522
2026-02-23 14:50:00+00:00,0,0.5101463708606985
2026-02-23 14:55:00+00:00,0,0.5119028516967548
2026-02-23 15:00:00+00:00,0,0.525218007760192
2026-02-23 15:05:00+00:00,0,0.5181068269076624
2026-02-23 15:10:00+00:00,0,0.5285048667466455
2026-02-23 15:15:00+00:00,0,0.5215412704892541
2026-02-23 15:20:00+00:00,0,0.5160185353468333
2026-02-23 15:25:00+00:00,0,0.5186277880867979
2026-02-23 15:30:00+00:00,0,0.5249207514841935
2026-02-23 15:35:00+00:00,0,0.5252470030103363
2026-02-23 15:40:00+00:00,0,0.5202152373476907
2026-02-23 15:45:00+00:00,0,0.5241047572501081
2026-02-23 15:50:00+00:00,0,0.5370450273329515
2026-02-23 15:55:00+00:00,1,0.5321229173978985
2026-02-23 16:00:00+00:00,1,0.5398702123983582
2026-02-23 16:05:00+00:00,1,0.5325067241856482
2026-02-23 16:10:00+00:00,1,0.5340273229328507
2026-02-23 16:15:00+00:00,0,0.5179566525068773
2026-02-23 16:20:00+00:00,0,0.5215800410398933
2026-02-23 16:25:00+00:00,0,0.5204619769480217
2026-02-23 16:30:00+00:00,0,0.5205459198355452
2026-02-23 16:35:00+00:00,0,0.5196436707047497
2026-02-23 16:40:00+00:00,0,0.5258639087488667
2026-02-23 16:45:00+00:00,0,0.5198352614865408
2026-02-23 16:50:00+00:00,0,0.5188080128858504
2026-02-23 16:55:00+00:00,0,0.5232086789992454
2026-02-23 17:00:00+00:00,0,0.5182062331286408
2026-02-23 17:05:00+00:00,0,0.5224963196302441
2026-02-23 17:10:00+00:00,0,0.5293442565559199
2026-02-23 17:15:00+00:00,0,0.5272092934466079
2026-02-23 17:20:00+00:00,0,0.5201931789854664
2026-02-23 17:25:00+00:00,1,0.5345842692878922
2026-02-23 17:30:00+00:00,1,0.5313273885325135
2026-02-23 17:35:00+00:00,1,0.536841074997783
2026-02-23 17:40:00+00:00,1,0.5295157412253434
2026-02-23 17:45:00+00:00,1,0.5226328911481702
2026-02-23 17:50:00+00:00,1,0.5203069666581088
2026-02-23 17:55:00+00:00,1,0.5033969937549859
2026-02-23 18:00:00+00:00,1,0.481539292610195
2026-02-23 18:05:00+00:00,1,0.48462110270589176
2026-02-23 18:10:00+00:00,1,0.48527008054653337
2026-02-23 18:15:00+00:00,1,0.4927394452159461
2026-02-23 18:20:00+00:00,0,0.4836630014868863
2026-02-23 18:25:00+00:00,0,0.49990628097741996
2026-02-23 18:30:00+00:00,0,0.4658001148766911
2026-02-23 18:35:00+00:00,0,0.4682920725847819
2026-02-23 18:40:00+00:00,0,0.46930307365143437
2026-02-23 18:45:00+00:00,0,0.4825677527819704
2026-02-23 18:50:00+00:00,0,0.5111179875373985
2026-02-23 18:55:00+00:00,0,0.5011149218019026
2026-02-23 19:00:00+00:00,1,0.5180616573710409
2026-02-23 19:05:00+00:00,0,0.5040335516964233
2026-02-23 19:10:00+00:00,0,0.5098216661836515
2026-02-23 19:15:00+00:00,0,0.5113521411967291
2026-02-23 19:20:00+00:00,0,0.518187498749358
2026-02-23 19:25:00+00:00,0,0.5042663688075566
2026-02-23 19:30:00+00:00,1,0.508715914661391
2026-02-23 19:35:00+00:00,1,0.5252389066861195
2026-02-23 19:40:00+00:00,0,0.5241924874418398
2026-02-23 19:45:00+00:00,1,0.5224701186854753
2026-02-23 19:50:00+00:00,1,0.5186042745159152
2026-02-23 19:55:00+00:00,0,0.5185439364464117
2026-02-23 20:00:00+00:00,1,0.5095998914348286
2026-02-23 20:05:00+00:00,1,0.5214309074657922
2026-02-23 20:10:00+00:00,1,0.5221442873983458
2026-02-23 20:15:00+00:00,1,0.5182691940648634
2026-02-23 20:20:00+00:00,1,0.5234108157747808
2026-02-23 20:25:00+00:00,1,0.5237665627027082
2026-02-23 20:30:00+00:00,1,0.4841661838169571
2026-02-23 20:35:00+00:00,1,0.47312354042933763
2026-02-23 20:40:00+00:00,1,0.47520943892371975
2026-02-23 20:45:00+00:00,1,0.47444177692170714
2026-02-23 20:50:00+00:00,1,0.4707313559863148
2026-02-23 20:55:00+00:00,1,0.46961966910745007
2026-02-23 21:00:00+00:00,1,0.4713076675591109
2026-02-23 21:05:00+00:00,1,0.47445898903122846
2026-02-23 21:10:00+00:00,1,0.47135738382537135
2026-02-23 21:15:00+00:00,1,0.4717230546203566
2026-02-23 21:20:00+00:00,1,0.4725649678369944
2026-02-23 21:25:00+00:00,0,0.47221830734776005
2026-02-23 21:30:00+00:00,1,0.47071503352529054
2026-02-23 21:35:00+00:00,1,0.47458666060756566
2026-02-23 21:40:00+00:00,1,0.47309905066860475
2026-02-23 21:45:00+00:00,1,0.4729526528753694
2026-02-23 21:50:00+00:00,1,0.4754414499380529
2026-02-23 21:55:00+00:00,1,0.48491215852512015
2026-02-23 22:00:00+00:00,0,0.46375269907505773
2026-02-23 22:05:00+00:00,0,0.4636529482829648
2026-02-23 22:10:00+00:00,0,0.4666166162590731
2026-02-23 22:15:00+00:00,0,0.46960097802534106
2026-02-23 22:20:00+00:00,0,0.46756276336120556
2026-02-23 22:25:00+00:00,0,0.4841109951270754
2026-02-23 22:30:00+00:00,0,0.4847561483225735
2026-02-23 22:35:00+00:00,0,0.4783799971886886
2026-02-23 22:40:00+00:00,0,0.49312833551867313
2026-02-23 22:45:00+00:00,0,0.4940520624498715
2026-02-23 22:50:00+00:00,1,0.516309531994783
2026-02-23 22:55:00+00:00,1,0.5164340838196163
2026-02-23 23:00:00+00:00,1,0.5126726231859235
2026-02-23 23:05:00+00:00,0,0.5092656976548723
2026-02-23 23:10:00+00:00,0,0.5115276341631155
2026-02-23 23:15:00+00:00,0,0.509151746690482
2026-02-23 23:20:00+00:00,0,0.508886852416327
2026-02-23 23:25:00+00:00,0,0.5163092616063971
2026-02-23 23:30:00+00:00,0,0.5113059466865302
2026-02-23 23:35:00+00:00,1,0.5134625355110873
2026-02-23 23:40:00+00:00,1,0.5139043310940467
2026-02-23 23:45:00+00:00,1,0.510281477141413
2026-02-23 23:50:00+00:00,1,0.5135559629483158
2026-02-23 23:55:00+00:00,1,0.509344655224926
2026-02-24 00:00:00+00:00,1,0.5135466669771245
2026-02-24 00:05:00+00:00,1,0.496354096984468
2026-02-24 00:10:00+00:00,1,0.5018192665029361
2026-02-24 00:15:00+00:00,1,0.4953358552494504
2026-02-24 00:20:00+00:00,1,0.4981232364376405
2026-02-24 00:25:00+00:00,0,0.5008233453227467
2026-02-24 00:30:00+00:00,0,0.48728289932689356
2026-02-24 00:35:00+00:00,0,0.4867748693515943
2026-02-24 00:40:00+00:00,0,0.47189383128940354
2026-02-24 00:45:00+00:00,0,0.4735525597179172
2026-02-24 00:50:00+00:00,0,0.47604431036606754
2026-02-24 00:55:00+00:00,0,0.49027482129710714
2026-02-24 01:00:00+00:00,1,0.5100026360718393
2026-02-24 01:05:00+00:00,1,0.5141923220692595
2026-02-24 01:10:00+00:00,1,0.5143608584701075
2026-02-24 01:15:00+00:00,1,0.5235595705943528
2026-02-24 01:20:00+00:00,0,0.5019155451385781
2026-02-24 01:25:00+00:00,0,0.48362579412174506
2026-02-24 01:30:00+00:00,0,0.4762556494865442
2026-02-24 01:35:00+00:00,0,0.5023987770428382
2026-02-24 01:40:00+00:00,0,0.4951888026329484
2026-02-24 01:45:00+00:00,0,0.5090207520091701
2026-02-24 01:50:00+00:00,1,0.5104645585970934
2026-02-24 01:55:00+00:00,1,0.5132012834761994
2026-02-24 02:00:00+00:00,1,0.5080850250567931
2026-02-24 02:05:00+00:00,1,0.5074478226675333
2026-02-24 02:10:00+00:00,1,0.511036665124897
2026-02-24 02:15:00+00:00,1,0.5106189870410689
2026-02-24 02:20:00+00:00,0,0.5059108615053355
2026-02-24 02:25:00+00:00,0,0.4932614894586678
2026-02-24 02:30:00+00:00,0,0.47574224729277786
2026-02-24 02:35:00+00:00,0,0.47964690732605986
2026-02-24 02:40:00+00:00,0,0.505514272407418
2026-02-24 02:45:00+00:00,0,0.4931167693180354
2026-02-24 02:50:00+00:00,0,0.5006938077050855
2026-02-24 02:55:00+00:00,0,0.49881308650767475
2026-02-24 03:00:00+00:00,0,0.5135349400284279
2026-02-24 03:05:00+00:00,1,0.5138749842501479
2026-02-24 03:10:00+00:00,0,0.5144758934212664
2026-02-24 03:15:00+00:00,0,0.5102095536087409
2026-02-24 03:20:00+00:00,0,0.5105651272943963
2026-02-24 03:25:00+00:00,1,0.511015931178521
2026-02-24 03:30:00+00:00,1,0.5093549227299912
2026-02-24 03:35:00+00:00,1,0.5108885811720855
2026-02-24 03:40:00+00:00,0,0.5093119608597427
2026-02-24 03:45:00+00:00,0,0.509525829822269
2026-02-24 03:50:00+00:00,0,0.5020242801881284
2026-02-24 03:55:00+00:00,0,0.495046506635913
2026-02-24 04:00:00+00:00,0,0.4899194105584387
2026-02-24 04:05:00+00:00,0,0.5046267161235771
2026-02-24 04:10:00+00:00,0,0.5161196473697792
2026-02-24 04:15:00+00:00,1,0.5185681585278205
2026-02-24 04:20:00+00:00,0,0.5040184613764471
2026-02-24 04:25:00+00:00,0,0.5013620315066798
2026-02-24 04:30:00+00:00,1,0.5077082655391721
2026-02-24 04:35:00+00:00,0,0.5078484932723223
2026-02-24 04:40:00+00:00,0,0.50727381983376
2026-02-24 04:45:00+00:00,0,0.5105887293603836
2026-02-24 04:50:00+00:00,0,0.5129645021669742
2026-02-24 04:55:00+00:00,0,0.5081296190243944
2026-02-24 05:00:00+00:00,0,0.5105632693801345
2026-02-24 05:05:00+00:00,0,0.510829678659107
2026-02-24 05:10:00+00:00,0,0.5150462219381782
2026-02-24 05:15:00+00:00,0,0.5346178799746608
2026-02-24 05:20:00+00:00,1,0.5410666586940177
2026-02-24 05:25:00+00:00,1,0.528880529274083
2026-02-24 05:30:00+00:00,0,0.5304259625958498
2026-02-24 05:35:00+00:00,1,0.5232670905708567
2026-02-24 05:40:00+00:00,1,0.5286066544532672
2026-02-24 05:45:00+00:00,1,0.5210724462617459
2026-02-24 05:50:00+00:00,1,0.5242254706743075
2026-02-24 05:55:00+00:00,1,0.5198713472766269
2026-02-24 06:00:00+00:00,1,0.5323510586278292
2026-02-24 06:05:00+00:00,0,0.511754519906968
2026-02-24 06:10:00+00:00,1,0.5231826038592127
2026-02-24 06:15:00+00:00,0,0.5064127521239017
2026-02-24 06:20:00+00:00,0,0.5064243504737047
2026-02-24 06:25:00+00:00,0,0.5089062223085746
2026-02-24 06:30:00+00:00,0,0.5108142833974416
2026-02-24 06:35:00+00:00,1,0.51938488546613
2026-02-24 06:40:00+00:00,1,0.510300039308389
2026-02-24 06:45:00+00:00,0,0.5114094803067644
2026-02-24 06:50:00+00:00,1,0.517842135640782
2026-02-24 06:55:00+00:00,1,0.5143723570332723
2026-02-24 07:00:00+00:00,1,0.5171685964710505
2026-02-24 07:05:00+00:00,1,0.4930514299069005
2026-02-24 07:10:00+00:00,0,0.4856413430764565
2026-02-24 07:15:00+00:00,0,0.48863703333592895
2026-02-24 07:20:00+00:00,0,0.4914581292450353
2026-02-24 07:25:00+00:00,0,0.4971345724024234
2026-02-24 07:30:00+00:00,0,0.47989109883635916
2026-02-24 07:35:00+00:00,0,0.4823115838773301
2026-02-24 07:40:00+00:00,0,0.5097691587829113
2026-02-24 07:45:00+00:00,0,0.5139985664536658
2026-02-24 07:50:00+00:00,0,0.5040402142033994
2026-02-24 07:55:00+00:00,0,0.5123767125758031
2026-02-24 08:00:00+00:00,1,0.5159594452476115
2026-02-24 08:05:00+00:00,1,0.5172766708225277
2026-02-24 08:10:00+00:00,1,0.5134392313415805
2026-02-24 08:15:00+00:00,1,0.5146409606264817
2026-02-24 08:20:00+00:00,0,0.5036025857503635
2026-02-24 08:25:00+00:00,0,0.5113902795483724
2026-02-24 08:30:00+00:00,0,0.5012002674095821
2026-02-24 08:35:00+00:00,0,0.4953136423782641
2026-02-24 08:40:00+00:00,0,0.5008722101841351
2026-02-24 08:45:00+00:00,0,0.5130812487458773
2026-02-24 08:50:00+00:00,0,0.5072826529605584
2026-02-24 08:55:00+00:00,0,0.5138099045723628
2026-02-24 09:00:00+00:00,0,0.5174403271948037
2026-02-24 09:05:00+00:00,0,0.5135373131049425
2026-02-24 09:10:00+00:00,1,0.5107269225114572
2026-02-24 09:15:00+00:00,1,0.5123032593182185
2026-02-24 09:20:00+00:00,1,0.5149327965941662
2026-02-24 09:25:00+00:00,1,0.5110615901692347
2026-02-24 09:30:00+00:00,1,0.5122273812917036
2026-02-24 09:35:00+00:00,0,0.5104164348905756
2026-02-24 09:40:00+00:00,0,0.5012681085642795
2026-02-24 09:45:00+00:00,1,0.5105662115813739
2026-02-24 09:50:00+00:00,1,0.5007933000052186
2026-02-24 09:55:00+00:00,1,0.5008727659218457
2026-02-24 10:00:00+00:00,1,0.5168454229449714
2026-02-24 10:05:00+00:00,1,0.5183108988329025
2026-02-24 10:10:00+00:00,1,0.5115644387521207
2026-02-24 10:15:00+00:00,0,0.4858526929906257
2026-02-24 10:20:00+00:00,1,0.48410674248371954
2026-02-24 10:25:00+00:00,1,0.5046082796980866
2026-02-24 10:30:00+00:00,1,0.4832504795897763
2026-02-24 10:35:00+00:00,1,0.4841773455397955
2026-02-24 10:40:00+00:00,1,0.4677968223686765
2026-02-24 10:45:00+00:00,1,0.4970015444756528
2026-02-24 10:50:00+00:00,1,0.462105383012265
2026-02-24 10:55:00+00:00,1,0.4670405610569277
2026-02-24 11:00:00+00:00,1,0.4689331515580394
2026-02-24 11:05:00+00:00,0,0.4682954389969276
2026-02-24 11:10:00+00:00,1,0.4711816089685515
2026-02-24 11:15:00+00:00,0,0.4700675047834894
2026-02-24 11:20:00+00:00,0,0.4672844097348572
2026-02-24 11:25:00+00:00,1,0.46858823091930707
2026-02-24 11:30:00+00:00,0,0.4848883052758515
2026-02-24 11:35:00+00:00,1,0.502001442342726
2026-02-24 11:40:00+00:00,1,0.48331670695305173
2026-02-24 11:45:00+00:00,1,0.4935640105714241
2026-02-24 11:50:00+00:00,1,0.48321078919691574
2026-02-24 11:55:00+00:00,1,0.47345478776252475
2026-02-24 12:00:00+00:00,1,0.5151587271948865
2026-02-24 12:05:00+00:00,1,0.4783799675095335
2026-02-24 12:10:00+00:00,0,0.47924821438615245
2026-02-24 12:15:00+00:00,0,0.4923005207462139
2026-02-24 12:20:00+00:00,0,0.4930276101143069
2026-02-24 12:25:00+00:00,0,0.4783000461263457
2026-02-24 12:30:00+00:00,0,0.46756393381676675
2026-02-24 12:35:00+00:00,0,0.5006180145996025
2026-02-24 12:40:00+00:00,0,0.5078858657507436
2026-02-24 12:45:00+00:00,0,0.5096467948284001
2026-02-24 12:50:00+00:00,0,0.5082018200432722
2026-02-24 12:55:00+00:00,0,0.5162856843156598
2026-02-24 13:00:00+00:00,0,0.5178966598458198
2026-02-24 13:05:00+00:00,0,0.5187155599137482
2026-02-24 13:10:00+00:00,0,0.516995312503097
2026-02-24 13:15:00+00:00,0,0.5153551291618443
2026-02-24 13:20:00+00:00,1,0.5204505318858591
2026-02-24 13:25:00+00:00,0,0.5242217023916248
2026-02-24 13:30:00+00:00,0,0.525650756534224
2026-02-24 13:35:00+00:00,0,0.5194498007515296
2026-02-24 13:40:00+00:00,0,0.5197182500109334
2026-02-24 13:45:00+00:00,0,0.5258208297523663
2026-02-24 13:50:00+00:00,0,0.5151624149346796
2026-02-24 13:55:00+00:00,0,0.5230423240251296
2026-02-24 14:00:00+00:00,0,0.5225397059219051
2026-02-24 14:05:00+00:00,1,0.5242707216229262
2026-02-24 14:10:00+00:00,1,0.5222643936210115
2026-02-24 14:15:00+00:00,1,0.5224965791221318
2026-02-24 14:20:00+00:00,1,0.5200139231316565
2026-02-24 14:25:00+00:00,1,0.5212874378550316
2026-02-24 14:30:00+00:00,1,0.5266788931027905
2026-02-24 14:35:00+00:00,1,0.5083158911070325
2026-02-24 14:40:00+00:00,1,0.48567195155267995
2026-02-24 14:45:00+00:00,1,0.4842683030760282
2026-02-24 14:50:00+00:00,1,0.49403282979569374
2026-02-24 14:55:00+00:00,1,0.49956011319280685
2026-02-24 15:00:00+00:00,1,0.478778928549243
2026-02-24 15:05:00+00:00,0,0.4713132084818827
2026-02-24 15:10:00+00:00,0,0.4766222275731693
2026-02-24 15:15:00+00:00,0,0.47217277652686973
2026-02-24 15:20:00+00:00,0,0.4719113246895965
2026-02-24 15:25:00+00:00,0,0.47832945303062546
2026-02-24 15:30:00+00:00,1,0.47251177341661205
2026-02-24 15:35:00+00:00,1,0.4804083167239975
2026-02-24 15:40:00+00:00,1,0.4733328305410289
2026-02-24 15:45:00+00:00,1,0.4711613190392549
2026-02-24 15:50:00+00:00,0,0.48326163703217645
2026-02-24 15:55:00+00:00,0,0.47117915794146137
2026-02-24 16:00:00+00:00,0,0.4841692456016715
2026-02-24 16:05:00+00:00,0,0.4739842771448124
2026-02-24 16:10:00+00:00,0,0.4746946763445319
2026-02-24 16:15:00+00:00,0,0.48325276786492133
2026-02-24 16:20:00+00:00,1,0.490402231682525
2026-02-24 16:25:00+00:00,1,0.48975511063857646
2026-02-24 16:30:00+00:00,1,0.5120734923211735
2026-02-24 16:35:00+00:00,1,0.48737957850726843
2026-02-24 16:40:00+00:00,1,0.47580957909005617
2026-02-24 16:45:00+00:00,1,0.4819017839819849
2026-02-24 16:50:00+00:00,0,0.4767929104962866
2026-02-24 16:55:00+00:00,0,0.46817296662302005
2026-02-24 17:00:00+00:00,0,0.4681070479443024
2026-02-24 17:05:00+00:00,0,0.47927862278055805
2026-02-24 17:10:00+00:00,0,0.48054426148174606
2026-02-24 17:15:00+00:00,0,0.47543598559975436
2026-02-24 17:20:00+00:00,0,0.4966292005700657
2026-02-24 17:25:00+00:00,0,0.4958563545096543
2026-02-24 17:30:00+00:00,0,0.5066987950828742
2026-02-24 17:35:00+00:00,0,0.4945396654728066
2026-02-24 17:40:00+00:00,0,0.4998008504440347
2026-02-24 17:45:00+00:00,0,0.4987020543715708
2026-02-24 17:50:00+00:00,0,0.5101967989175065
2026-02-24 17:55:00+00:00,0,0.4936852691718051
2026-02-24 18:00:00+00:00,0,0.5063940833886494
2026-02-24 18:05:00+00:00,0,0.5074938775504588
2026-02-24 18:10:00+00:00,1,0.5118276040949162
2026-02-24 18:15:00+00:00,0,0.4923351254072382
2026-02-24 18:20:00+00:00,0,0.48877937635165336
2026-02-24 18:25:00+00:00,0,0.4941997736271194
2026-02-24 18:30:00+00:00,0,0.4952629328479683
2026-02-24 18:35:00+00:00,0,0.5016948281202075
2026-02-24 18:40:00+00:00,0,0.5082630998639057
2026-02-24 18:45:00+00:00,0,0.508540699643768
2026-02-24 18:50:00+00:00,0,0.5097340854830807
2026-02-24 18:55:00+00:00,0,0.511295256893329
2026-02-24 19:00:00+00:00,0,0.5118434019101701
2026-02-24 19:05:00+00:00,1,0.5028487241710451
2026-02-24 19:10:00+00:00,1,0.5097090694438234
2026-02-24 19:15:00+00:00,1,0.5123510538027918
2026-02-24 19:20:00+00:00,1,0.5082442340035139
2026-02-24 19:25:00+00:00,1,0.5120082943800786
2026-02-24 19:30:00+00:00,1,0.5068934158971847
2026-02-24 19:35:00+00:00,1,0.4896119618697071
2026-02-24 19:40:00+00:00,0,0.47370369493055675
2026-02-24 19:45:00+00:00,0,0.4688819737253162
2026-02-24 19:50:00+00:00,0,0.4734330422905218
2026-02-24 19:55:00+00:00,1,0.49182927766932866
2026-02-24 20:00:00+00:00,0,0.4770873095326097
2026-02-24 20:05:00+00:00,0,0.4837463666906466
2026-02-24 20:10:00+00:00,0,0.495123180638767
2026-02-24 20:15:00+00:00,0,0.4908804338838649
2026-02-24 20:20:00+00:00,0,0.493814721795248
2026-02-24 20:25:00+00:00,0,0.48404591428776833
2026-02-24 20:30:00+00:00,0,0.4907003151581221
2026-02-24 20:35:00+00:00,0,0.5087416418683478
2026-02-24 20:40:00+00:00,0,0.4988043364278329
2026-02-24 20:45:00+00:00,0,0.5082988623810376
2026-02-24 20:50:00+00:00,0,0.496497273576377
2026-02-24 20:55:00+00:00,0,0.49835889822804924
2026-02-24 21:00:00+00:00,1,0.5268758482242186
2026-02-24 21:05:00+00:00,0,0.5228406091559072
2026-02-24 21:10:00+00:00,0,0.5161683878174126
2026-02-24 21:15:00+00:00,1,0.5241979081196313
2026-02-24 21:20:00+00:00,1,0.5078164453246875
2026-02-24 21:25:00+00:00,1,0.5226370300990244
2026-02-24 21:30:00+00:00,1,0.5084287496375048
2026-02-24 21:35:00+00:00,1,0.5112280767046244
2026-02-24 21:40:00+00:00,1,0.5100358706379585
2026-02-24 21:45:00+00:00,1,0.5142580303993388
2026-02-24 21:50:00+00:00,1,0.5152056034545383
2026-02-24 21:55:00+00:00,1,0.5120250537139837
2026-02-24 22:00:00+00:00,0,0.48275793198647965
2026-02-24 22:05:00+00:00,0,0.48943806870268264
2026-02-24 22:10:00+00:00,0,0.46921802447833905
2026-02-24 22:15:00+00:00,0,0.5078843928707111
2026-02-24 22:20:00+00:00,0,0.5133114905245004
2026-02-24 22:25:00+00:00,0,0.4784774504219583
2026-02-24 22:30:00+00:00,0,0.508688219549293
2026-02-24 22:35:00+00:00,0,0.5155011144278382
2026-02-24 22:40:00+00:00,0,0.5002978874693015
2026-02-24 22:45:00+00:00,0,0.518775069376915
2026-02-24 22:50:00+00:00,0,0.5235298618410514
2026-02-24 22:55:00+00:00,0,0.5156324893216632
2026-02-24 23:00:00+00:00,1,0.519842934497358
2026-02-24 23:05:00+00:00,1,0.5201732517752223
2026-02-24 23:10:00+00:00,0,0.5110612589443633
2026-02-24 23:15:00+00:00,0,0.5182785806637202
2026-02-24 23:20:00+00:00,0,0.5228625753682317
2026-02-24 23:25:00+00:00,0,0.48887865236337563
2026-02-24 23:30:00+00:00,0,0.5072099324016492
2026-02-24 23:35:00+00:00,0,0.5144893266595832
2026-02-24 23:40:00+00:00,1,0.5219920906406305
2026-02-24 23:45:00+00:00,0,0.5186481836649497
2026-02-24 23:50:00+00:00,1,0.5186180171281239
2026-02-24 23:55:00+00:00,1,0.5248642927502286
2026-02-25 00:00:00+00:00,1,0.5222702121330522
2026-02-25 00:05:00+00:00,1,0.5214579873398795
2026-02-25 00:10:00+00:00,1,0.5041642789596001
2026-02-25 00:15:00+00:00,0,0.5077567415113159
2026-02-25 00:20:00+00:00,1,0.5092304462890151
2026-02-25 00:25:00+00:00,0,0.5171267611302588
2026-02-25 00:30:00+00:00,0,0.5156219761415126
2026-02-25 00:35:00+00:00,1,0.519235029224696
2026-02-25 00:40:00+00:00,1,0.48800247024954735
2026-02-25 00:45:00+00:00,1,0.5200940651539726
2026-02-25 00:50:00+00:00,1,0.505047867320927
2026-02-25 00:55:00+00:00,1,0.5215505148100635
2026-02-25 01:00:00+00:00,1,0.5238288777876849
2026-02-25 01:05:00+00:00,1,0.515540342485631
2026-02-25 01:10:00+00:00,1,0.5069641138681344
2026-02-25 01:15:00+00:00,0,0.5406951442154047
2026-02-25 01:20:00+00:00,0,0.5359405780226036
2026-02-25 01:25:00+00:00,0,0.5272426524285122
2026-02-25 01:30:00+00:00,0,0.5135277578722826
2026-02-25 01:35:00+00:00,1,0.5012971007385388
2026-02-25 01:40:00+00:00,1,0.5119162005386141
2026-02-25 01:45:00+00:00,1,0.49332232778911467
2026-02-25 01:50:00+00:00,1,0.49260364967899234
2026-02-25 01:55:00+00:00,0,0.49916680323378565
2026-02-25 02:00:00+00:00,0,0.46828253370826467
2026-02-25 02:05:00+00:00,0,0.45528260672507576
2026-02-25 02:10:00+00:00,0,0.4513759582501369
2026-02-25 02:15:00+00:00,0,0.4638060756351492
2026-02-25 02:20:00+00:00,0,0.47839786481757685
2026-02-25 02:25:00+00:00,0,0.4869873587761039
2026-02-25 02:30:00+00:00,0,0.4881520805919655
2026-02-25 02:35:00+00:00,0,0.4924245133408689
2026-02-25 02:40:00+00:00,0,0.49066489754838627
2026-02-25 02:45:00+00:00,0,0.48767267845826645
2026-02-25 02:50:00+00:00,0,0.4970373159767525
2026-02-25 02:55:00+00:00,0,0.4962174817689553
2026-02-25 03:00:00+00:00,0,0.49820760424419985
2026-02-25 03:05:00+00:00,0,0.49782439625034575
2026-02-25 03:10:00+00:00,0,0.4944983251536447
2026-02-25 03:15:00+00:00,0,0.523378109308523
2026-02-25 03:20:00+00:00,0,0.5361533014856729
2026-02-25 03:25:00+00:00,0,0.5325787550318525
2026-02-25 03:30:00+00:00,0,0.5275292775857467
2026-02-25 03:35:00+00:00,0,0.548738420067444
2026-02-25 03:40:00+00:00,0,0.5356906659398684
2026-02-25 03:45:00+00:00,0,0.5443326226893153
2026-02-25 03:50:00+00:00,0,0.5464537683305923
2026-02-25 03:55:00+00:00,0,0.5449837611864624
2026-02-25 04:00:00+00:00,1,0.5426766644347523
2026-02-25 04:05:00+00:00,1,0.5513282863815987
2026-02-25 04:10:00+00:00,1,0.5362884537938654
2026-02-25 04:15:00+00:00,1,0.5346358438769222
2026-02-25 04:20:00+00:00,1,0.5317496342951321
2026-02-25 04:25:00+00:00,1,0.5172805467425852
2026-02-25 04:30:00+00:00,1,0.4954924186115597
2026-02-25 04:35:00+00:00,0,0.49254799773895014
2026-02-25 04:40:00+00:00,0,0.4891203070165527
2026-02-25 04:45:00+00:00,0,0.48687314246865493
2026-02-25 04:50:00+00:00,0,0.48168386864236923
2026-02-25 04:55:00+00:00,0,0.47798339843293064
2026-02-25 05:00:00+00:00,0,0.49017840485749276
2026-02-25 05:05:00+00:00,0,0.4878559887725922
2026-02-25 05:10:00+00:00,0,0.4892496045684428
2026-02-25 05:15:00+00:00,0,0.48777587680774664
2026-02-25 05:20:00+00:00,0,0.5006977430398175
2026-02-25 05:25:00+00:00,0,0.499986118190659
2026-02-25 05:30:00+00:00,1,0.5042958065848226
2026-02-25 05:35:00+00:00,1,0.5198614583610333
2026-02-25 05:40:00+00:00,1,0.5036569234647102
2026-02-25 05:45:00+00:00,1,0.5072895762803619
2026-02-25 05:50:00+00:00,1,0.5096596186339587
2026-02-25 05:55:00+00:00,1,0.5022637592238955
2026-02-25 06:00:00+00:00,1,0.49773529519134735
2026-02-25 06:05:00+00:00,1,0.5025824426968107
2026-02-25 06:10:00+00:00,1,0.5062757046296025
2026-02-25 06:15:00+00:00,1,0.5029243964010887
2026-02-25 06:20:00+00:00,0,0.49317821837083164
2026-02-25 06:25:00+00:00,0,0.5009357113169746
2026-02-25 06:30:00+00:00,0,0.4779427041971004
2026-02-25 06:35:00+00:00,0,0.4676184481714246
2026-02-25 06:40:00+00:00,0,0.47486962351516765
2026-02-25 06:45:00+00:00,0,0.49733504284422575
2026-02-25 06:50:00+00:00,1,0.5101251878497177
2026-02-25 06:55:00+00:00,1,0.5093590104522872
2026-02-25 07:00:00+00:00,1,0.4996836853710992
2026-02-25 07:05:00+00:00,1,0.49625531811885293
2026-02-25 07:10:00+00:00,1,0.49897052566620576
2026-02-25 07:15:00+00:00,1,0.49317147412524903
2026-02-25 07:20:00+00:00,1,0.4960876391524718
2026-02-25 07:25:00+00:00,1,0.5014641180803745
2026-02-25 07:30:00+00:00,1,0.4706317857483127
2026-02-25 07:35:00+00:00,1,0.47063771006944227
2026-02-25 07:40:00+00:00,1,0.4704968572661825
2026-02-25 07:45:00+00:00,1,0.47288998172070523
2026-02-25 07:50:00+00:00,1,0.46937998864525504
2026-02-25 07:55:00+00:00,1,0.468647035717555
2026-02-25 08:00:00+00:00,1,0.4685826295729726
2026-02-25 08:05:00+00:00,1,0.47447000696531033
2026-02-25 08:10:00+00:00,1,0.4690855398772745
2026-02-25 08:15:00+00:00,1,0.4826256802309917
2026-02-25 08:20:00+00:00,1,0.48805781228521034
2026-02-25 08:25:00+00:00,1,0.46666956677312865
2026-02-25 08:30:00+00:00,1,0.46470200788621413
2026-02-25 08:35:00+00:00,1,0.46432424134640304
2026-02-25 08:40:00+00:00,1,0.46075183756175925
2026-02-25 08:45:00+00:00,1,0.46447185085477644
2026-02-25 08:50:00+00:00,1,0.46387161710107255
2026-02-25 08:55:00+00:00,1,0.4665217886155558
2026-02-25 09:00:00+00:00,1,0.46398949594006356
2026-02-25 09:05:00+00:00,0,0.4578392888270575
2026-02-25 09:10:00+00:00,0,0.46354745998089436
2026-02-25 09:15:00+00:00,0,0.45275343671406476
2026-02-25 09:20:00+00:00,0,0.453071614324491
2026-02-25 09:25:00+00:00,0,0.4513964001686168
2026-02-25 09:30:00+00:00,1,0.46650634903742466
2026-02-25 09:35:00+00:00,1,0.4713787244645438
2026-02-25 09:40:00+00:00,1,0.4717045886603896
2026-02-25 09:45:00+00:00,1,0.4637517297648392
2026-02-25 09:50:00+00:00,1,0.4751948845843592
2026-02-25 09:55:00+00:00,1,0.4751123391974195
2026-02-25 10:00:00+00:00,0,0.46333658319012244
2026-02-25 10:05:00+00:00,0,0.46371457840935
2026-02-25 10:10:00+00:00,0,0.4626842064435995
2026-02-25 10:15:00+00:00,0,0.4705393811639365
2026-02-25 10:20:00+00:00,0,0.48015905513561175
2026-02-25 10:25:00+00:00,0,0.47599716539338516
2026-02-25 10:30:00+00:00,0,0.4740888457525018
2026-02-25 10:35:00+00:00,0,0.4768001115638287
2026-02-25 10:40:00+00:00,0,0.4890511170828093
2026-02-25 10:45:00+00:00,0,0.4762588493239668
2026-02-25 10:50:00+00:00,1,0.5008244305139621
2026-02-25 10:55:00+00:00,1,0.48724871248356516
2026-02-25 11:00:00+00:00,1,0.5131640847128365
2026-02-25 11:05:00+00:00,1,0.5113896098543701
2026-02-25 11:10:00+00:00,1,0.5112289045219526
2026-02-25 11:15:00+00:00,1,0.5138551941476416
2026-02-25 11:20:00+00:00,1,0.4680082562139639
2026-02-25 11:25:00+00:00,1,0.47094054936098495
2026-02-25 11:30:00+00:00,1,0.47706798830802777
2026-02-25 11:35:00+00:00,1,0.46110449628985406
2026-02-25 11:40:00+00:00,1,0.4634832134228475
2026-02-25 11:45:00+00:00,1,0.46268054000070946
2026-02-25 11:50:00+00:00,1,0.46129379741065557
2026-02-25 11:55:00+00:00,1,0.46213828564852405
2026-02-25 12:00:00+00:00,1,0.46832328144431024
2026-02-25 12:05:00+00:00,1,0.45940167757821243
2026-02-25 12:10:00+00:00,1,0.465731033661671
2026-02-25 12:15:00+00:00,1,0.45969920677943776
2026-02-25 12:20:00+00:00,1,0.4511752619715466
2026-02-25 12:25:00+00:00,1,0.45690799828981327
2026-02-25 12:30:00+00:00,1,0.450991262273719
2026-02-25 12:35:00+00:00,1,0.45961380839870314
2026-02-25 12:40:00+00:00,1,0.4614291415694026
2026-02-25 12:45:00+00:00,1,0.4514970733605121
2026-02-25 12:50:00+00:00,0,0.45612331946949536
2026-02-25 12:55:00+00:00,1,0.46555242439975336
2026-02-25 13:00:00+00:00,1,0.45842148699786167
2026-02-25 13:05:00+00:00,1,0.4542982312411077
2026-02-25 13:10:00+00:00,1,0.4514617392134668
2026-02-25 13:15:00+00:00,1,0.4527529352703777
2026-02-25 13:20:00+00:00,1,0.4584676932413915
2026-02-25 13:25:00+00:00,0,0.4526616108199931
2026-02-25 13:30:00+00:00,0,0.46225949500974395
2026-02-25 13:35:00+00:00,0,0.454751748638031
2026-02-25 13:40:00+00:00,0,0.4610900544806205
2026-02-25 13:45:00+00:00,0,0.45267141097727476
2026-02-25 13:50:00+00:00,1,0.4646000214550956
2026-02-25 13:55:00+00:00,1,0.4879324453026619
2026-02-25 14:00:00+00:00,1,0.47702538036887093
2026-02-25 14:05:00+00:00,1,0.4832832824731251
2026-02-25 14:10:00+00:00,1,0.4698780232634713
2026-02-25 14:15:00+00:00,1,0.47852970218221563
2026-02-25 14:20:00+00:00,1,0.4693473710702004
2026-02-25 14:25:00+00:00,1,0.4667947832862884
2026-02-25 14:30:00+00:00,1,0.4654383933404915
2026-02-25 14:35:00+00:00,1,0.48303251343008247
2026-02-25 14:40:00+00:00,1,0.47480509841548835
2026-02-25 14:45:00+00:00,1,0.46236119913672286
2026-02-25 14:50:00+00:00,1,0.47422323110035863
2026-02-25 14:55:00+00:00,1,0.4634668895803499
2026-02-25 15:00:00+00:00,1,0.47275635675665356
2026-02-25 15:05:00+00:00,1,0.47118754909077054
2026-02-25 15:10:00+00:00,1,0.47033914304633334
2026-02-25 15:15:00+00:00,1,0.4826700688044987
2026-02-25 15:20:00+00:00,1,0.47215358078545977
2026-02-25 15:25:00+00:00,1,0.48246048088910887
2026-02-25 15:30:00+00:00,1,0.5149509675746738
2026-02-25 15:35:00+00:00,1,0.5181828767188967
2026-02-25 15:40:00+00:00,1,0.5184650966526008
2026-02-25 15:45:00+00:00,1,0.51452452835579
2026-02-25 15:50:00+00:00,1,0.5006899006265699
2026-02-25 15:55:00+00:00,1,0.4902708717866625
2026-02-25 16:00:00+00:00,1,0.48976634360925536
2026-02-25 16:05:00+00:00,1,0.48457810620148245
2026-02-25 16:10:00+00:00,1,0.494475845601334
2026-02-25 16:15:00+00:00,1,0.5009503647273186
2026-02-25 16:20:00+00:00,1,0.5084172051952301
2026-02-25 16:25:00+00:00,1,0.5091724164397449
2026-02-25 16:30:00+00:00,0,0.5144468269611268
2026-02-25 16:35:00+00:00,0,0.5121400373146323
2026-02-25 16:40:00+00:00,0,0.5095324691794771
2026-02-25 16:45:00+00:00,1,0.513905265759812
2026-02-25 16:50:00+00:00,0,0.5418650788975171
2026-02-25 16:55:00+00:00,1,0.5276033706382867
2026-02-25 17:00:00+00:00,1,0.5222886347635165
2026-02-25 17:05:00+00:00,1,0.5054786610150525
2026-02-25 17:10:00+00:00,1,0.504219840502674
2026-02-25 17:15:00+00:00,0,0.5108376900373914
2026-02-25 17:20:00+00:00,1,0.5056615081580076
2026-02-25 17:25:00+00:00,0,0.5059029719581396
2026-02-25 17:30:00+00:00,0,0.5049202486882721
2026-02-25 17:35:00+00:00,0,0.5078412039090153
2026-02-25 17:40:00+00:00,0,0.5214952109885008
2026-02-25 17:45:00+00:00,0,0.5186740843038301
2026-02-25 17:50:00+00:00,0,0.49182780239860996
2026-02-25 17:55:00+00:00,1,0.5182339241159265
2026-02-25 18:00:00+00:00,1,0.516332104251071
2026-02-25 18:05:00+00:00,1,0.51607864963747
2026-02-25 18:10:00+00:00,1,0.5152467709037013
2026-02-25 18:15:00+00:00,1,0.5307201864041066
2026-02-25 18:20:00+00:00,1,0.5293229635006571
2026-02-25 18:25:00+00:00,0,0.533522544952639
2026-02-25 18:30:00+00:00,0,0.5123591994847918
2026-02-25 18:35:00+00:00,0,0.5126232455548027
2026-02-25 18:40:00+00:00,0,0.515698035037686
2026-02-25 18:45:00+00:00,1,0.49693010713159663
2026-02-25 18:50:00+00:00,1,0.5249125478401827
2026-02-25 18:55:00+00:00,0,0.5367029999560062
2026-02-25 19:00:00+00:00,1,0.5116112587462551
2026-02-25 19:05:00+00:00,1,0.514578776984886
2026-02-25 19:10:00+00:00,1,0.5127275399513757
2026-02-25 19:15:00+00:00,1,0.5095386108558416
2026-02-25 19:20:00+00:00,1,0.5066068702125966
2026-02-25 19:25:00+00:00,1,0.5077706661851815
2026-02-25 19:30:00+00:00,1,0.5078277949904705
2026-02-25 19:35:00+00:00,1,0.5014999187310688
2026-02-25 19:40:00+00:00,1,0.49564605545979523
2026-02-25 19:45:00+00:00,0,0.47195545236839154
2026-02-25 19:50:00+00:00,0,0.47652464219708973
2026-02-25 19:55:00+00:00,0,0.47231185358394995
2026-02-25 20:00:00+00:00,1,0.47449099793604327
2026-02-25 20:05:00+00:00,1,0.4745563905035142
2026-02-25 20:10:00+00:00,1,0.5050489873777884
2026-02-25 20:15:00+00:00,1,0.4928417291068563
2026-02-25 20:20:00+00:00,1,0.4880965117920333
2026-02-25 20:25:00+00:00,1,0.4800030177873236
2026-02-25 20:30:00+00:00,0,0.47180367961610714
2026-02-25 20:35:00+00:00,1,0.47463580469085653
2026-02-25 20:40:00+00:00,0,0.49986769722470237
2026-02-25 20:45:00+00:00,0,0.47232770471491436
2026-02-25 20:50:00+00:00,0,0.4731731782446982
2026-02-25 20:55:00+00:00,0,0.47720392224846697
2026-02-25 21:00:00+00:00,1,0.47692202307537074
2026-02-25 21:05:00+00:00,1,0.4808420688136404
2026-02-25 21:10:00+00:00,1,0.49628595782409946
2026-02-25 21:15:00+00:00,1,0.5100517791200422
2026-02-25 21:20:00+00:00,1,0.49824856334198836
2026-02-25 21:25:00+00:00,1,0.4893326044429463
2026-02-25 21:30:00+00:00,0,0.47504637806008865
2026-02-25 21:35:00+00:00,0,0.47467562554858184
2026-02-25 21:40:00+00:00,0,0.4736994762516689
2026-02-25 21:45:00+00:00,0,0.47435439371225135
2026-02-25 21:50:00+00:00,0,0.47623381610708326
2026-02-25 21:55:00+00:00,0,0.4886998471714522
2026-02-25 22:00:00+00:00,0,0.47928297515017043
2026-02-25 22:05:00+00:00,0,0.4965648362810958
2026-02-25 22:10:00+00:00,0,0.4750734089683097
2026-02-25 22:15:00+00:00,0,0.49738589202694317
2026-02-25 22:20:00+00:00,0,0.5115265471219524
2026-02-25 22:25:00+00:00,0,0.5164060053086155
2026-02-25 22:30:00+00:00,0,0.5099831104474396
2026-02-25 22:35:00+00:00,0,0.517121220263921
2026-02-25 22:40:00+00:00,0,0.5148655890555431
2026-02-25 22:45:00+00:00,0,0.5101253138953653
2026-02-25 22:50:00+00:00,0,0.5376274750377142
2026-02-25 22:55:00+00:00,0,0.5141017742549127
2026-02-25 23:00:00+00:00,0,0.5269619655692233
2026-02-25 23:05:00+00:00,0,0.517003712595859
2026-02-25 23:10:00+00:00,0,0.5140110394083195
2026-02-25 23:15:00+00:00,0,0.530200591638268
2026-02-25 23:20:00+00:00,0,0.5488255113710668
2026-02-25 23:25:00+00:00,0,0.539757048162851
2026-02-25 23:30:00+00:00,0,0.5535575002466906
2026-02-25 23:35:00+00:00,0,0.5691670318184044
2026-02-25 23:40:00+00:00,1,0.5534106281853041
2026-02-25 23:45:00+00:00,1,0.547174454640103
2026-02-25 23:50:00+00:00,0,0.5351156709193894
2026-02-25 23:55:00+00:00,0,0.5266094754086438
2026-02-26 00:00:00+00:00,0,0.5337430786263415
2026-02-26 00:05:00+00:00,0,0.5196214026501829
2026-02-26 00:10:00+00:00,0,0.5185271594355076
2026-02-26 00:15:00+00:00,0,0.522830313242008
2026-02-26 00:20:00+00:00,0,0.5266760242971457
2026-02-26 00:25:00+00:00,0,0.5220073286834858
2026-02-26 00:30:00+00:00,0,0.524506010953869
2026-02-26 00:35:00+00:00,1,0.5284452217360012
2026-02-26 00:40:00+00:00,0,0.5216762100792072
2026-02-26 00:45:00+00:00,0,0.5233911265975717
2026-02-26 00:50:00+00:00,0,0.5289969400221747
2026-02-26 00:55:00+00:00,0,0.5280895009567994
2026-02-26 01:00:00+00:00,1,0.5307137429758501
2026-02-26 01:05:00+00:00,0,0.5329178270536364
2026-02-26 01:10:00+00:00,1,0.5333616584534246
2026-02-26 01:15:00+00:00,1,0.5345129608735892
2026-02-26 01:20:00+00:00,0,0.5440887880790278
2026-02-26 01:25:00+00:00,1,0.526771962756809
2026-02-26 01:30:00+00:00,0,0.5161080922287373
2026-02-26 01:35:00+00:00,0,0.5119712397776588
2026-02-26 01:40:00+00:00,0,0.5061307471867549
2026-02-26 01:45:00+00:00,1,0.509472391263854
2026-02-26 01:50:00+00:00,1,0.5252549196074378
2026-02-26 01:55:00+00:00,0,0.5109546843525214
2026-02-26 02:00:00+00:00,1,0.5197458218066171
2026-02-26 02:05:00+00:00,1,0.5202335575624207
2026-02-26 02:10:00+00:00,1,0.516394225163729
2026-02-26 02:15:00+00:00,1,0.48131015509042974
2026-02-26 02:20:00+00:00,1,0.5095467286604101
2026-02-26 02:25:00+00:00,1,0.49310629642807075
2026-02-26 02:30:00+00:00,0,0.46212598463524296
2026-02-26 02:35:00+00:00,0,0.4761636694179556
2026-02-26 02:40:00+00:00,0,0.464805507095439
2026-02-26 02:45:00+00:00,0,0.47421548858974605
2026-02-26 02:50:00+00:00,0,0.4700651986150299
2026-02-26 02:55:00+00:00,0,0.4699267008752953
2026-02-26 03:00:00+00:00,0,0.4681420226647105
2026-02-26 03:05:00+00:00,0,0.4889738763567017
2026-02-26 03:10:00+00:00,1,0.5063302226200025
2026-02-26 03:15:00+00:00,1,0.5031382991180244
2026-02-26 03:20:00+00:00,1,0.5022240940745776
2026-02-26 03:25:00+00:00,1,0.4995912056516879
2026-02-26 03:30:00+00:00,1,0.49604798924366406
2026-02-26 03:35:00+00:00,1,0.5050295345138496
2026-02-26 03:40:00+00:00,0,0.4756090831848319
2026-02-26 03:45:00+00:00,0,0.4650840589994623
2026-02-26 03:50:00+00:00,1,0.4846084799392678
2026-02-26 03:55:00+00:00,1,0.48102347994763667
2026-02-26 04:00:00+00:00,1,0.4697391377586183
2026-02-26 04:05:00+00:00,1,0.4543174380981966
2026-02-26 04:10:00+00:00,1,0.4893493447402342
2026-02-26 04:15:00+00:00,1,0.511849490488781
2026-02-26 04:20:00+00:00,1,0.48532962917737016
2026-02-26 04:25:00+00:00,1,0.4729358189341065
2026-02-26 04:30:00+00:00,1,0.4746922643968178
2026-02-26 04:35:00+00:00,0,0.4615089569467322
2026-02-26 04:40:00+00:00,0,0.4614459588731294
2026-02-26 04:45:00+00:00,0,0.4564721226548535
2026-02-26 04:50:00+00:00,0,0.4565647881116731
2026-02-26 04:55:00+00:00,1,0.46192405804446757
2026-02-26 05:00:00+00:00,0,0.45747833498425317
2026-02-26 05:05:00+00:00,1,0.483670043133537
2026-02-26 05:10:00+00:00,1,0.4984869865530917
2026-02-26 05:15:00+00:00,1,0.5118153716617054
2026-02-26 05:20:00+00:00,1,0.4805758928755903
2026-02-26 05:25:00+00:00,0,0.46624157466706123
2026-02-26 05:30:00+00:00,0,0.46377100217367984
2026-02-26 05:35:00+00:00,1,0.47904524651953573
2026-02-26 05:40:00+00:00,1,0.4755948984981995
2026-02-26 05:45:00+00:00,1,0.46996074446899816
2026-02-26 05:50:00+00:00,1,0.486244729164889
2026-02-26 05:55:00+00:00,0,0.47329000658944886
2026-02-26 06:00:00+00:00,1,0.4976466059152781
2026-02-26 06:05:00+00:00,0,0.49157910932989496
2026-02-26 06:10:00+00:00,0,0.4654215375905338
2026-02-26 06:15:00+00:00,0,0.500813662920454
2026-02-26 06:20:00+00:00,0,0.48187057810431033
2026-02-26 06:25:00+00:00,1,0.5007644731709047
2026-02-26 06:30:00+00:00,1,0.496456842846993
2026-02-26 06:35:00+00:00,1,0.5035636042194176
2026-02-26 06:40:00+00:00,0,0.49405829862561396
2026-02-26 06:45:00+00:00,0,0.4889695666222995
2026-02-26 06:50:00+00:00,1,0.495290488673917
2026-02-26 06:55:00+00:00,1,0.4969987468258265
2026-02-26 07:00:00+00:00,0,0.4704682389659072
2026-02-26 07:05:00+00:00,0,0.466716752236795
2026-02-26 07:10:00+00:00,0,0.5003737702185599
2026-02-26 07:15:00+00:00,0,0.49129864950596946
2026-02-26 07:20:00+00:00,0,0.46842170592603094
2026-02-26 07:25:00+00:00,0,0.48086508806186395
2026-02-26 07:30:00+00:00,1,0.4934382075517986
2026-02-26 07:35:00+00:00,1,0.5001849085121436
2026-02-26 07:40:00+00:00,1,0.5044234460688373
2026-02-26 07:45:00+00:00,0,0.5019148710517528
2026-02-26 07:50:00+00:00,1,0.5026536767578225
2026-02-26 07:55:00+00:00,1,0.5011641612743976
2026-02-26 08:00:00+00:00,0,0.4949717447353475
2026-02-26 08:05:00+00:00,1,0.4986960246916339
2026-02-26 08:10:00+00:00,1,0.48998542023241926
2026-02-26 08:15:00+00:00,1,0.49884861143812137
2026-02-26 08:20:00+00:00,1,0.4982128918390286
2026-02-26 08:25:00+00:00,1,0.49886003860413325
2026-02-26 08:30:00+00:00,1,0.49866460252514877
2026-02-26 08:35:00+00:00,1,0.4923462994614779
2026-02-26 08:40:00+00:00,1,0.47525168805953233
2026-02-26 08:45:00+00:00,1,0.45390431660866404
2026-02-26 08:50:00+00:00,1,0.46448077021381257
2026-02-26 08:55:00+00:00,1,0.48977637370835403
2026-02-26 09:00:00+00:00,1,0.4711056123655421
2026-02-26 09:05:00+00:00,1,0.46118174414118834
2026-02-26 09:10:00+00:00,1,0.4562215189746707
2026-02-26 09:15:00+00:00,1,0.44744084009333784
2026-02-26 09:20:00+00:00,1,0.4475163935354086
2026-02-26 09:25:00+00:00,0,0.4643072311697511
2026-02-26 09:30:00+00:00,0,0.4528682559653116
2026-02-26 09:35:00+00:00,0,0.44806131829693013
2026-02-26 09:40:00+00:00,0,0.4547400637752431
2026-02-26 09:45:00+00:00,0,0.4643245743609187
2026-02-26 09:50:00+00:00,0,0.4617215562244346
2026-02-26 09:55:00+00:00,0,0.46620572515868697
2026-02-26 10:00:00+00:00,0,0.46395542374394955
2026-02-26 10:05:00+00:00,0,0.4633704560614927
2026-02-26 10:10:00+00:00,0,0.47941965851626633
2026-02-26 10:15:00+00:00,0,0.49761316798521693
2026-02-26 10:20:00+00:00,0,0.505748262677272
2026-02-26 10:25:00+00:00,0,0.5082823473029947
2026-02-26 10:30:00+00:00,0,0.5219785748404775
2026-02-26 10:35:00+00:00,0,0.5113764116118537
2026-02-26 10:40:00+00:00,0,0.5140822247360323
2026-02-26 10:45:00+00:00,0,0.5324798046068019
2026-02-26 10:50:00+00:00,0,0.5298452303320356
2026-02-26 10:55:00+00:00,0,0.529252359690257
2026-02-26 11:00:00+00:00,0,0.5225554473662857
2026-02-26 11:05:00+00:00,0,0.5346505934680715
2026-02-26 11:10:00+00:00,0,0.5411770056407714
2026-02-26 11:15:00+00:00,1,0.5463572975429585
2026-02-26 11:20:00+00:00,1,0.5398573977109901
2026-02-26 11:25:00+00:00,1,0.5321323924347829
2026-02-26 11:30:00+00:00,1,0.5339072150152137
2026-02-26 11:35:00+00:00,1,0.5308429193170361
2026-02-26 11:40:00+00:00,1,0.5282818031069832
2026-02-26 11:45:00+00:00,1,0.5286662543212415
2026-02-26 11:50:00+00:00,1,0.5288761351806
2026-02-26 11:55:00+00:00,1,0.5317842555164302
2026-02-26 12:00:00+00:00,1,0.5209789505207041
2026-02-26 12:05:00+00:00,1,0.5069999421578913
2026-02-26 12:10:00+00:00,1,0.510162451577344
2026-02-26 12:15:00+00:00,1,0.5104763824303558
2026-02-26 12:20:00+00:00,1,0.4950099272352482
2026-02-26 12:25:00+00:00,1,0.4701992996501348
2026-02-26 12:30:00+00:00,0,0.47800590599943826
2026-02-26 12:35:00+00:00,0,0.4534311247343379
2026-02-26 12:40:00+00:00,0,0.48513664381370686
2026-02-26 12:45:00+00:00,0,0.46330875496497276
2026-02-26 12:50:00+00:00,0,0.4637764169832949
2026-02-26 12:55:00+00:00,1,0.46001906368023093
2026-02-26 13:00:00+00:00,0,0.47046052900861307
2026-02-26 13:05:00+00:00,0,0.4675883888310372
2026-02-26 13:10:00+00:00,1,0.49119464929523027
2026-02-26 13:15:00+00:00,1,0.4680136905947211
2026-02-26 13:20:00+00:00,0,0.4885873102909086
2026-02-26 13:25:00+00:00,0,0.4663852273781713
2026-02-26 13:30:00+00:00,0,0.5027032915624724
2026-02-26 13:35:00+00:00,0,0.5202777906658881
2026-02-26 13:40:00+00:00,0,0.49949976281131997
2026-02-26 13:45:00+00:00,0,0.4739864860153227
2026-02-26 13:50:00+00:00,1,0.512779786831131
2026-02-26 13:55:00+00:00,0,0.5141779942407607
2026-02-26 14:00:00+00:00,1,0.522528486491263
2026-02-26 14:05:00+00:00,0,0.5241826214371228
2026-02-26 14:10:00+00:00,0,0.5202474040322994
2026-02-26 14:15:00+00:00,0,0.5198391415151821
2026-02-26 14:20:00+00:00,0,0.5176529292092076
2026-02-26 14:25:00+00:00,1,0.5250054688153388
2026-02-26 14:30:00+00:00,0,0.516180018813685
2026-02-26 14:35:00+00:00,0,0.5250026743657547
2026-02-26 14:40:00+00:00,1,0.5160531135393268
2026-02-26 14:45:00+00:00,0,0.5241697700807887
2026-02-26 14:50:00+00:00,1,0.5136866906767431
2026-02-26 14:55:00+00:00,0,0.49022908666329895
2026-02-26 15:00:00+00:00,0,0.5114910535776339
2026-02-26 15:05:00+00:00,1,0.5207161209163559
2026-02-26 15:10:00+00:00,1,0.5209486165134443
2026-02-26 15:15:00+00:00,1,0.5222281208100018
2026-02-26 15:20:00+00:00,1,0.5197290917843038
2026-02-26 15:25:00+00:00,1,0.5217462063867891
2026-02-26 15:30:00+00:00,1,0.5232485753642969
2026-02-26 15:35:00+00:00,0,0.49288600153565676
2026-02-26 15:40:00+00:00,0,0.48989230521345895
2026-02-26 15:45:00+00:00,0,0.47854184889816637
2026-02-26 15:50:00+00:00,0,0.47822265972820305
2026-02-26 15:55:00+00:00,0,0.4893648719674306
2026-02-26 16:00:00+00:00,0,0.5126462370158101
2026-02-26 16:05:00+00:00,0,0.5157784298220386
2026-02-26 16:10:00+00:00,0,0.5137506293746408
2026-02-26 16:15:00+00:00,0,0.5117084856088685
2026-02-26 16:20:00+00:00,0,0.5117228743326769
2026-02-26 16:25:00+00:00,0,0.5136677087556645
2026-02-26 16:30:00+00:00,0,0.5220909852300388
2026-02-26 16:35:00+00:00,0,0.5304733110909741
2026-02-26 16:40:00+00:00,0,0.5322800637231753
2026-02-26 16:45:00+00:00,0,0.5446245850280814
2026-02-26 16:50:00+00:00,1,0.5921178313067207
2026-02-26 16:55:00+00:00,1,0.5560030010481272
2026-02-26 17:00:00+00:00,1,0.5154724516481958
2026-02-26 17:05:00+00:00,0,0.5134682622730194
2026-02-26 17:10:00+00:00,1,0.5161793632418007
2026-02-26 17:15:00+00:00,0,0.5159535974947645
2026-02-26 17:20:00+00:00,0,0.5130885709574087
2026-02-26 17:25:00+00:00,0,0.5136528772603272
2026-02-26 17:30:00+00:00,0,0.5153219414883357
2026-02-26 17:35:00+00:00,0,0.5154604667690417
2026-02-26 17:40:00+00:00,1,0.523793519011551
2026-02-26 17:45:00+00:00,1,0.5252768981283196
2026-02-26 17:50:00+00:00,1,0.5236493151233987
2026-02-26 17:55:00+00:00,1,0.5311238713350797
2026-02-26 18:00:00+00:00,1,0.4891476499036762
2026-02-26 18:05:00+00:00,1,0.5004193300417971
2026-02-26 18:10:00+00:00,1,0.4965000402329627
2026-02-26 18:15:00+00:00,1,0.49627896902455665
2026-02-26 18:20:00+00:00,1,0.49643992783664237
2026-02-26 18:25:00+00:00,1,0.4828517444476708
2026-02-26 18:30:00+00:00,1,0.4556640815041437
2026-02-26 18:35:00+00:00,1,0.4566271550623126
2026-02-26 18:40:00+00:00,1,0.45605503942604225
2026-02-26 18:45:00+00:00,1,0.45472662130682173
2026-02-26 18:50:00+00:00,1,0.4516238869080829
2026-02-26 18:55:00+00:00,1,0.45802491394023215
2026-02-26 19:00:00+00:00,0,0.481514767957942
2026-02-26 19:05:00+00:00,0,0.47014935150833415
2026-02-26 19:10:00+00:00,0,0.46906549759263383
2026-02-26 19:15:00+00:00,0,0.46811850201737326
2026-02-26 19:20:00+00:00,0,0.4697441252760822
2026-02-26 19:25:00+00:00,1,0.4615096032744384
2026-02-26 19:30:00+00:00,1,0.44748281985144805
2026-02-26 19:35:00+00:00,1,0.46810941109788684
2026-02-26 19:40:00+00:00,1,0.4630964933519579
2026-02-26 19:45:00+00:00,1,0.44864293192748533
2026-02-26 19:50:00+00:00,1,0.47826581656419953
2026-02-26 19:55:00+00:00,0,0.4659389296987784
2026-02-26 20:00:00+00:00,0,0.470846982609019
2026-02-26 20:05:00+00:00,0,0.47124009921758725
2026-02-26 20:10:00+00:00,0,0.472717588093722
2026-02-26 20:15:00+00:00,0,0.46972365056061555
2026-02-26 20:20:00+00:00,0,0.49022877703926826
2026-02-26 20:25:00+00:00,0,0.48932513958926543
2026-02-26 20:30:00+00:00,0,0.4953505061948752
2026-02-26 20:35:00+00:00,0,0.5134481765956029
2026-02-26 20:40:00+00:00,0,0.5158545114346833
2026-02-26 20:45:00+00:00,0,0.5219650488500168
2026-02-26 20:50:00+00:00,1,0.5105190511110828
2026-02-26 20:55:00+00:00,1,0.5075589161693191
2026-02-26 21:00:00+00:00,1,0.5137573001765425
2026-02-26 21:05:00+00:00,1,0.5174850166819089
2026-02-26 21:10:00+00:00,1,0.5093928928761958
2026-02-26 21:15:00+00:00,1,0.5116987460063527
2026-02-26 21:20:00+00:00,1,0.5084810466891381
2026-02-26 21:25:00+00:00,1,0.48638700231807214
2026-02-26 21:30:00+00:00,1,0.5072864103003528
2026-02-26 21:35:00+00:00,1,0.5040609430208
2026-02-26 21:40:00+00:00,1,0.4813392583980839
2026-02-26 21:45:00+00:00,0,0.4781715732242813
2026-02-26 21:50:00+00:00,1,0.4865127738796138
2026-02-26 21:55:00+00:00,1,0.4789845267599678
2026-02-26 22:00:00+00:00,0,0.47053045439521995
2026-02-26 22:05:00+00:00,0,0.4687028166767144
2026-02-26 22:10:00+00:00,0,0.4664306605044369
2026-02-26 22:15:00+00:00,1,0.47318351501745687
2026-02-26 22:20:00+00:00,1,0.46989542537439233
2026-02-26 22:25:00+00:00,1,0.4693823443724633
2026-02-26 22:30:00+00:00,1,0.48222550654288604
2026-02-26 22:35:00+00:00,1,0.4688478747928123
2026-02-26 22:40:00+00:00,1,0.46945218890334367
2026-02-26 22:45:00+00:00,1,0.46963299155542304
2026-02-26 22:50:00+00:00,0,0.4619966136749307
2026-02-26 22:55:00+00:00,0,0.46484853940144477
2026-02-26 23:00:00+00:00,1,0.4709903043411805
2026-02-26 23:05:00+00:00,0,0.45599738102277243
2026-02-26 23:10:00+00:00,0,0.45517251132128533
2026-02-26 23:15:00+00:00,0,0.4659113776659713
2026-02-26 23:20:00+00:00,0,0.47127276586695205
2026-02-26 23:25:00+00:00,0,0.46378075995368717
2026-02-26 23:30:00+00:00,0,0.46373247114913274
2026-02-26 23:35:00+00:00,0,0.475085551128198
2026-02-26 23:40:00+00:00,0,0.47979453843140385
2026-02-26 23:45:00+00:00,0,0.4963125115181206
2026-02-26 23:50:00+00:00,0,0.4900553270595526
2026-02-26 23:55:00+00:00,0,0.4819935603539104
2026-02-27 00:00:00+00:00,0,0.47616689819586056
2026-02-27 00:05:00+00:00,0,0.4848819366430331
2026-02-27 00:10:00+00:00,0,0.5047981822339223
2026-02-27 00:15:00+00:00,0,0.5099059361620984
2026-02-27 00:20:00+00:00,1,0.5108735447767339
2026-02-27 00:25:00+00:00,1,0.4996010855933439
2026-02-27 00:30:00+00:00,1,0.5104674353864718
2026-02-27 00:35:00+00:00,1,0.5068259667289755
2026-02-27 00:40:00+00:00,1,0.5116716279054758
2026-02-27 00:45:00+00:00,1,0.5076245788107072
2026-02-27 00:50:00+00:00,1,0.5027862842378056
2026-02-27 00:55:00+00:00,0,0.49537758866988446
2026-02-27 01:00:00+00:00,1,0.5085240522873062
2026-02-27 01:05:00+00:00,1,0.5038537575154877
2026-02-27 01:10:00+00:00,0,0.5119897979106763
2026-02-27 01:15:00+00:00,0,0.5006531573020079
2026-02-27 01:20:00+00:00,0,0.5044251548137753
2026-02-27 01:25:00+00:00,1,0.5153690543238029
2026-02-27 01:30:00+00:00,1,0.46361497198731977
2026-02-27 01:35:00+00:00,1,0.5039092399310564
2026-02-27 01:40:00+00:00,1,0.5086493263309879
2026-02-27 01:45:00+00:00,1,0.5054694876929386
2026-02-27 01:50:00+00:00,1,0.4739736876887423
2026-02-27 01:55:00+00:00,1,0.4658478516500134
2026-02-27 02:00:00+00:00,1,0.4624806572570758
2026-02-27 02:05:00+00:00,1,0.4682028061048801
2026-02-27 02:10:00+00:00,0,0.46915976754140454
2026-02-27 02:15:00+00:00,1,0.4634900577770074
2026-02-27 02:20:00+00:00,1,0.4672373387770053
2026-02-27 02:25:00+00:00,1,0.46229606189493155
2026-02-27 02:30:00+00:00,1,0.4623616380634321
2026-02-27 02:35:00+00:00,1,0.467860576420599
2026-02-27 02:40:00+00:00,1,0.4659881488552524
2026-02-27 02:45:00+00:00,1,0.46059373672861426
2026-02-27 02:50:00+00:00,0,0.45369083397993476
2026-02-27 02:55:00+00:00,0,0.4552622105337336
2026-02-27 03:00:00+00:00,1,0.46471510720133674
2026-02-27 03:05:00+00:00,1,0.4632649587284594
2026-02-27 03:10:00+00:00,1,0.4672958721431565
2026-02-27 03:15:00+00:00,1,0.4643394098047623
2026-02-27 03:20:00+00:00,1,0.4691580683897203
2026-02-27 03:25:00+00:00,1,0.4558100647763218
2026-02-27 03:30:00+00:00,1,0.4555564724747282
2026-02-27 03:35:00+00:00,1,0.4543955873747771
2026-02-27 03:40:00+00:00,1,0.46186555141246116
2026-02-27 03:45:00+00:00,1,0.46124995336855007
2026-02-27 03:50:00+00:00,1,0.4479151750213295
2026-02-27 03:55:00+00:00,1,0.4492011633464049
2026-02-27 04:00:00+00:00,1,0.4489716322489749
2026-02-27 04:05:00+00:00,1,0.443762842774132
2026-02-27 04:10:00+00:00,0,0.445585260280969
2026-02-27 04:15:00+00:00,0,0.4513612063626112
2026-02-27 04:20:00+00:00,0,0.44636475501537304
2026-02-27 04:25:00+00:00,0,0.44381130059051144
2026-02-27 04:30:00+00:00,1,0.4477686350372548
2026-02-27 04:35:00+00:00,0,0.45091563056964973
2026-02-27 04:40:00+00:00,1,0.4618324929577296
2026-02-27 04:45:00+00:00,1,0.4569065009972717
2026-02-27 04:50:00+00:00,0,0.45886953714864254
2026-02-27 04:55:00+00:00,1,0.46078888436745047
2026-02-27 05:00:00+00:00,0,0.4559928521926297
2026-02-27 05:05:00+00:00,1,0.4726084628757309
2026-02-27 05:10:00+00:00,1,0.4720221666250989
2026-02-27 05:15:00+00:00,1,0.46008453779785197
2026-02-27 05:20:00+00:00,1,0.49063553718641395
2026-02-27 05:25:00+00:00,1,0.4792059074771517
2026-02-27 05:30:00+00:00,0,0.4721948201989025
2026-02-27 05:35:00+00:00,0,0.4603992939234572
2026-02-27 05:40:00+00:00,0,0.4644455561033202
2026-02-27 05:45:00+00:00,0,0.47473828847499183
2026-02-27 05:50:00+00:00,1,0.4836661685132812
2026-02-27 05:55:00+00:00,1,0.4786792854767519
2026-02-27 06:00:00+00:00,1,0.492858692208089
2026-02-27 06:05:00+00:00,1,0.4803555203363844
2026-02-27 06:10:00+00:00,1,0.48362365507001853
2026-02-27 06:15:00+00:00,1,0.4805473656353246
2026-02-27 06:20:00+00:00,1,0.4810188189154112
2026-02-27 06:25:00+00:00,1,0.4800615507092016
2026-02-27 06:30:00+00:00,1,0.4932730571299957
2026-02-27 06:35:00+00:00,1,0.4741464576255792
2026-02-27 06:40:00+00:00,1,0.4802454165339225
2026-02-27 06:45:00+00:00,0,0.46838814336612505
2026-02-27 06:50:00+00:00,1,0.46721053732493945
2026-02-27 06:55:00+00:00,1,0.47123314885550527
2026-02-27 07:00:00+00:00,1,0.48570037161398516
2026-02-27 07:05:00+00:00,1,0.4653333725438548
2026-02-27 07:10:00+00:00,1,0.463880865372144
2026-02-27 07:15:00+00:00,1,0.4697494948960152
2026-02-27 07:20:00+00:00,1,0.452949741248485
2026-02-27 07:25:00+00:00,1,0.4577332891105549
2026-02-27 07:30:00+00:00,1,0.4535562660359457
2026-02-27 07:35:00+00:00,1,0.46103325612613655
2026-02-27 07:40:00+00:00,1,0.4562308849715946
2026-02-27 07:45:00+00:00,1,0.4592813750561473
2026-02-27 07:50:00+00:00,1,0.48269496715672006
2026-02-27 07:55:00+00:00,1,0.47646246067468845
2026-02-27 08:00:00+00:00,1,0.4877997843161662
2026-02-27 08:05:00+00:00,1,0.5152852194073329
2026-02-27 08:10:00+00:00,1,0.5116659319248672
2026-02-27 08:15:00+00:00,1,0.5080060729060349
2026-02-27 08:20:00+00:00,1,0.5185017178335388
2026-02-27 08:25:00+00:00,1,0.5232941749306808
2026-02-27 08:30:00+00:00,1,0.5150778431825903
2026-02-27 08:35:00+00:00,1,0.5183307374876425
2026-02-27 08:40:00+00:00,1,0.5213296315932167
2026-02-27 08:45:00+00:00,1,0.5231192238302012
2026-02-27 08:50:00+00:00,1,0.5004063536806278
2026-02-27 08:55:00+00:00,1,0.4938583571257747
2026-02-27 09:00:00+00:00,1,0.5318390403858007
2026-02-27 09:05:00+00:00,1,0.5176168448188536
2026-02-27 09:10:00+00:00,1,0.5363253814196642
2026-02-27 09:15:00+00:00,0,0.5371902933749432
2026-02-27 09:20:00+00:00,0,0.5531075560308251
2026-02-27 09:25:00+00:00,0,0.5486224983647061
2026-02-27 09:30:00+00:00,0,0.5608611877605977
2026-02-27 09:35:00+00:00,0,0.5648660494019879
2026-02-27 09:40:00+00:00,0,0.5385887890874659
2026-02-27 09:45:00+00:00,0,0.5495180197334419
2026-02-27 09:50:00+00:00,0,0.5544112810952042
2026-02-27 09:55:00+00:00,0,0.5498487905285097
2026-02-27 10:00:00+00:00,0,0.5783605192104802
2026-02-27 10:05:00+00:00,0,0.5763275596628018
2026-02-27 10:10:00+00:00,1,0.5444889468728775
2026-02-27 10:15:00+00:00,0,0.5504677904137222
2026-02-27 10:20:00+00:00,0,0.5535770043136501
2026-02-27 10:25:00+00:00,0,0.5795421056304063
2026-02-27 10:30:00+00:00,0,0.5769729442025006
2026-02-27 10:35:00+00:00,0,0.5551592678175354
2026-02-27 10:40:00+00:00,0,0.5518836276104238
2026-02-27 10:45:00+00:00,0,0.5387011612642084
2026-02-27 10:50:00+00:00,0,0.564252661111357
2026-02-27 10:55:00+00:00,0,0.5391313766259943
2026-02-27 11:00:00+00:00,0,0.6314804140097549
2026-02-27 11:05:00+00:00,0,0.6139712432757645
2026-02-27 11:10:00+00:00,0,0.6041659029225663
2026-02-27 11:15:00+00:00,0,0.6012526213876678
2026-02-27 11:20:00+00:00,0,0.6135113324913994
2026-02-27 11:25:00+00:00,0,0.6189723026556766
2026-02-27 11:30:00+00:00,0,0.6048266515174779
2026-02-27 11:35:00+00:00,0,0.6100464196594686
2026-02-27 11:40:00+00:00,0,0.5844389277002086
2026-02-27 11:45:00+00:00,0,0.5934199683965242
2026-02-27 11:50:00+00:00,1,0.5839241975028274
2026-02-27 11:55:00+00:00,0,0.5717501089593172
2026-02-27 12:00:00+00:00,1,0.5711411754278991
2026-02-27 12:05:00+00:00,1,0.5669612617012736
2026-02-27 12:10:00+00:00,0,0.5712904823407928
2026-02-27 12:15:00+00:00,0,0.5261282167439443
2026-02-27 12:20:00+00:00,0,0.5175362169978743
2026-02-27 12:25:00+00:00,0,0.5117874646732262
2026-02-27 12:30:00+00:00,0,0.5053396211825836
2026-02-27 12:35:00+00:00,0,0.5215240906703724
2026-02-27 12:40:00+00:00,0,0.5246376993293016
2026-02-27 12:45:00+00:00,0,0.5250888879064428
2026-02-27 12:50:00+00:00,0,0.5193758589194646
2026-02-27 12:55:00+00:00,0,0.5228857343950347
2026-02-27 13:00:00+00:00,0,0.5221682169687797
2026-02-27 13:05:00+00:00,0,0.5233864546545332
2026-02-27 13:10:00+00:00,0,0.5185881776597564
2026-02-27 13:15:00+00:00,0,0.5205720547496623
2026-02-27 13:20:00+00:00,0,0.5260885576472714
2026-02-27 13:25:00+00:00,0,0.5267434574888344
2026-02-27 13:30:00+00:00,1,0.5407438869979128
2026-02-27 13:35:00+00:00,1,0.5288891815663146
2026-02-27 13:40:00+00:00,1,0.5289347377166633
2026-02-27 13:45:00+00:00,0,0.5323569839350342
2026-02-27 13:50:00+00:00,0,0.5303286082663243
2026-02-27 13:55:00+00:00,0,0.5032423441500226
2026-02-27 14:00:00+00:00,0,0.5164072768396937
2026-02-27 14:05:00+00:00,0,0.5143024442987572
2026-02-27 14:10:00+00:00,0,0.5140830025894925
2026-02-27 14:15:00+00:00,0,0.5306888727555173
2026-02-27 14:20:00+00:00,0,0.5260785745863084
2026-02-27 14:25:00+00:00,1,0.5311224905132906
2026-02-27 14:30:00+00:00,0,0.5211496910167209
2026-02-27 14:35:00+00:00,0,0.5140801719609902
2026-02-27 14:40:00+00:00,0,0.5251878352454843
2026-02-27 14:45:00+00:00,1,0.5247259073799327
2026-02-27 14:50:00+00:00,1,0.5307010572879709
2026-02-27 14:55:00+00:00,1,0.5220548250671194
2026-02-27 15:00:00+00:00,0,0.5244273443861829
2026-02-27 15:05:00+00:00,0,0.5147787919986617
2026-02-27 15:10:00+00:00,0,0.5238198414990396
2026-02-27 15:15:00+00:00,0,0.4885226151924216
2026-02-27 15:20:00+00:00,0,0.49703702907227987
2026-02-27 15:25:00+00:00,0,0.508257444923303
2026-02-27 15:30:00+00:00,0,0.5170906777873269
2026-02-27 15:35:00+00:00,0,0.5236123462941069
2026-02-27 15:40:00+00:00,0,0.5219427599914265
2026-02-27 15:45:00+00:00,0,0.5228919917141323
2026-02-27 15:50:00+00:00,1,0.5173795036023532
2026-02-27 15:55:00+00:00,1,0.520365700987469
2026-02-27 16:00:00+00:00,1,0.5208235940492429
2026-02-27 16:05:00+00:00,1,0.5275386766874726
2026-02-27 16:10:00+00:00,0,0.5181881877398476
2026-02-27 16:15:00+00:00,0,0.5221028661745052
2026-02-27 16:20:00+00:00,0,0.5189326850494738
2026-02-27 16:25:00+00:00,0,0.5191680119788296
2026-02-27 16:30:00+00:00,0,0.5211643740292597
2026-02-27 16:35:00+00:00,0,0.5221538244570499
2026-02-27 16:40:00+00:00,0,0.5222134560741118
2026-02-27 16:45:00+00:00,0,0.5252385287764969
2026-02-27 16:50:00+00:00,0,0.523206733171377
2026-02-27 16:55:00+00:00,0,0.52416463927327
2026-02-27 17:00:00+00:00,0,0.5270444072661674
2026-02-27 17:05:00+00:00,1,0.5194409819822883
2026-02-27 17:10:00+00:00,1,0.5309019771702139
2026-02-27 17:15:00+00:00,1,0.5295001413896313
2026-02-27 17:20:00+00:00,1,0.5201293801648208
2026-02-27 17:25:00+00:00,1,0.5283697878201485
2026-02-27 17:30:00+00:00,1,0.5229477539517925
2026-02-27 17:35:00+00:00,1,0.5130741996173973
2026-02-27 17:40:00+00:00,1,0.5112936013470416
2026-02-27 17:45:00+00:00,1,0.48527979991603354
2026-02-27 17:50:00+00:00,0,0.4726811995514493
2026-02-27 17:55:00+00:00,0,0.4707483783537541
2026-02-27 18:00:00+00:00,0,0.4714264424051546
2026-02-27 18:05:00+00:00,0,0.49241744653748926
2026-02-27 18:10:00+00:00,0,0.47521904406644533
2026-02-27 18:15:00+00:00,0,0.48320638971508
2026-02-27 18:20:00+00:00,0,0.5238244537549454
2026-02-27 18:25:00+00:00,0,0.4775470717541132
2026-02-27 18:30:00+00:00,0,0.4776103850247025
2026-02-27 18:35:00+00:00,0,0.47660726045289764
2026-02-27 18:40:00+00:00,0,0.47336555320597656
2026-02-27 18:45:00+00:00,0,0.4897113407841421
2026-02-27 18:50:00+00:00,0,0.5147109606352098
2026-02-27 18:55:00+00:00,0,0.5151438916719466
2026-02-27 19:00:00+00:00,0,0.5114293409306494
2026-02-27 19:05:00+00:00,0,0.5285893040834493
2026-02-27 19:10:00+00:00,0,0.5224845029714423
2026-02-27 19:15:00+00:00,0,0.5257280154347626
2026-02-27 19:20:00+00:00,0,0.52306356251186
2026-02-27 19:25:00+00:00,0,0.5278035641562163
2026-02-27 19:30:00+00:00,0,0.5253503450412709
2026-02-27 19:35:00+00:00,1,0.5341329418221438
2026-02-27 19:40:00+00:00,1,0.5362480323499191
2026-02-27 19:45:00+00:00,1,0.5323575819882356
2026-02-27 19:50:00+00:00,1,0.5268245090858692
2026-02-27 19:55:00+00:00,1,0.525751092730308
2026-02-27 20:00:00+00:00,1,0.5230119884300426
2026-02-27 20:05:00+00:00,1,0.513624433461807
2026-02-27 20:10:00+00:00,0,0.510876318295942
2026-02-27 20:15:00+00:00,0,0.5032795521889062
2026-02-27 20:20:00+00:00,0,0.5052191578723632
2026-02-27 20:25:00+00:00,0,0.5132920974366918
2026-02-27 20:30:00+00:00,1,0.5205758102585692
2026-02-27 20:35:00+00:00,1,0.5122952646475903
2026-02-27 20:40:00+00:00,0,0.5120803112449736
2026-02-27 20:45:00+00:00,0,0.5123148529259469
2026-02-27 20:50:00+00:00,0,0.502533090310047
2026-02-27 20:55:00+00:00,0,0.5193962494058352
2026-02-27 21:00:00+00:00,0,0.48881263024796673
2026-02-27 21:05:00+00:00,0,0.47326372175698117
2026-02-27 21:10:00+00:00,0,0.5011377307422602
2026-02-27 21:15:00+00:00,0,0.5047877920537249
2026-02-27 21:20:00+00:00,0,0.5144106163852392
2026-02-27 21:25:00+00:00,0,0.5073704946064843
2026-02-27 21:30:00+00:00,1,0.5234965408480877
2026-02-27 21:35:00+00:00,1,0.5195075145359875
2026-02-27 21:40:00+00:00,1,0.5185672712390417
2026-02-27 21:45:00+00:00,1,0.5255693893395734
2026-02-27 21:50:00+00:00,0,0.5222707698589938
2026-02-27 21:55:00+00:00,0,0.5139683192806939
2026-02-27 22:00:00+00:00,0,0.5168952757148949
2026-02-27 22:05:00+00:00,0,0.5197299058676476
2026-02-27 22:10:00+00:00,0,0.5154358006968254
2026-02-27 22:15:00+00:00,0,0.5128246591788572
2026-02-27 22:20:00+00:00,1,0.5314560481539403
2026-02-27 22:25:00+00:00,1,0.5338873958660819
2026-02-27 22:30:00+00:00,1,0.5527825741947159
2026-02-27 22:35:00+00:00,1,0.5163729107273203
2026-02-27 22:40:00+00:00,1,0.5079307619958982
2026-02-27 22:45:00+00:00,1,0.5094117443599143
2026-02-27 22:50:00+00:00,1,0.5025916726704627
2026-02-27 22:55:00+00:00,1,0.5094579966047228
2026-02-27 23:00:00+00:00,1,0.464622113540238
2026-02-27 23:05:00+00:00,0,0.46736670806318464
2026-02-27 23:10:00+00:00,1,0.4803652463406368
2026-02-27 23:15:00+00:00,1,0.4696318500531863
2026-02-27 23:20:00+00:00,0,0.459451223186258
2026-02-27 23:25:00+00:00,0,0.45912152629926145
2026-02-27 23:30:00+00:00,0,0.4690645718331934
2026-02-27 23:35:00+00:00,1,0.46440316580903873
2026-02-27 23:40:00+00:00,1,0.46338368178883804
2026-02-27 23:45:00+00:00,0,0.4637623138669853
2026-02-27 23:50:00+00:00,0,0.46402451744702977
2026-02-27 23:55:00+00:00,0,0.4624712185698738
2026-02-28 00:00:00+00:00,0,0.46808479913359874
2026-02-28 00:05:00+00:00,0,0.461383545937615
2026-02-28 00:10:00+00:00,0,0.4557684624575999
2026-02-28 00:15:00+00:00,1,0.49352849969636464
2026-02-28 00:20:00+00:00,1,0.48132286218403064
2026-02-28 00:25:00+00:00,1,0.4866567809185667
2026-02-28 00:30:00+00:00,1,0.4895035902095249
2026-02-28 00:35:00+00:00,1,0.4828902331094204
2026-02-28 00:40:00+00:00,0,0.46725249158319726
2026-02-28 00:45:00+00:00,0,0.4498235206559961
2026-02-28 00:50:00+00:00,0,0.47195069726389804
2026-02-28 00:55:00+00:00,0,0.4649524209545976
2026-02-28 01:00:00+00:00,0,0.469633955378581
2026-02-28 01:05:00+00:00,0,0.49453984098823744
2026-02-28 01:10:00+00:00,0,0.5112834580722181
2026-02-28 01:15:00+00:00,0,0.5115071879789713
2026-02-28 01:20:00+00:00,0,0.5077565303011955
2026-02-28 01:25:00+00:00,0,0.5206441780128634
2026-02-28 01:30:00+00:00,0,0.5202838758619803
2026-02-28 01:35:00+00:00,0,0.5144802823610604
2026-02-28 01:40:00+00:00,0,0.5170692806374964
2026-02-28 01:45:00+00:00,0,0.5166344079038879
2026-02-28 01:50:00+00:00,0,0.5212854710763153
2026-02-28 01:55:00+00:00,1,0.5184850995151424
2026-02-28 02:00:00+00:00,1,0.5186392949343054
2026-02-28 02:05:00+00:00,1,0.5138426812372959
2026-02-28 02:10:00+00:00,1,0.5174878254065304
2026-02-28 02:15:00+00:00,1,0.49405674968787794
2026-02-28 02:20:00+00:00,1,0.49427558566952046
2026-02-28 02:25:00+00:00,1,0.4841806856461725
2026-02-28 02:30:00+00:00,0,0.48418778776515015
2026-02-28 02:35:00+00:00,1,0.4913449974551235
2026-02-28 02:40:00+00:00,0,0.47486724333853075
2026-02-28 02:45:00+00:00,0,0.46741277450841695
2026-02-28 02:50:00+00:00,0,0.4709056127869484
2026-02-28 02:55:00+00:00,0,0.48185549699935665
2026-02-28 03:00:00+00:00,0,0.5008995769646917
2026-02-28 03:05:00+00:00,0,0.462064598336453
2026-02-28 03:10:00+00:00,0,0.5029996175436002
2026-02-28 03:15:00+00:00,0,0.48430211031733605
2026-02-28 03:20:00+00:00,0,0.49094288697943084
2026-02-28 03:25:00+00:00,0,0.5027772993755789
2026-02-28 03:30:00+00:00,0,0.49800659597128216
2026-02-28 03:35:00+00:00,0,0.5031934596007543
2026-02-28 03:40:00+00:00,1,0.5035572743853836
2026-02-28 03:45:00+00:00,1,0.503591829242309
2026-02-28 03:50:00+00:00,1,0.5029162410138872
2026-02-28 03:55:00+00:00,1,0.5096897261179133
2026-02-28 04:00:00+00:00,1,0.5184655160470004
2026-02-28 04:05:00+00:00,1,0.5186762065613943
2026-02-28 04:10:00+00:00,1,0.506435557783363
2026-02-28 04:15:00+00:00,1,0.5056980271385217
2026-02-28 04:20:00+00:00,0,0.5056548721115756
2026-02-28 04:25:00+00:00,1,0.5112068775118364
2026-02-28 04:30:00+00:00,1,0.510728826790801
2026-02-28 04:35:00+00:00,1,0.5097730355972986
2026-02-28 04:40:00+00:00,0,0.5002076203906569
2026-02-28 04:45:00+00:00,0,0.5002113453221516
2026-02-28 04:50:00+00:00,0,0.5000207410335618
2026-02-28 04:55:00+00:00,0,0.4904517881633528
2026-02-28 05:00:00+00:00,0,0.49045053866177724
2026-02-28 05:05:00+00:00,0,0.5006179346629658
2026-02-28 05:10:00+00:00,0,0.4890559134725605
2026-02-28 05:15:00+00:00,0,0.48150235971804894
2026-02-28 05:20:00+00:00,0,0.48866212919530283
2026-02-28 05:25:00+00:00,0,0.507178951403199
2026-02-28 05:30:00+00:00,0,0.506453166262092
2026-02-28 05:35:00+00:00,0,0.5144598244931463
2026-02-28 05:40:00+00:00,0,0.5060731610469688
2026-02-28 05:45:00+00:00,0,0.5048117896453794
2026-02-28 05:50:00+00:00,0,0.50983646867302
2026-02-28 05:55:00+00:00,0,0.5106416776871301
2026-02-28 06:00:00+00:00,0,0.5113600276461991
2026-02-28 06:05:00+00:00,0,0.5090239773282478
2026-02-28 06:10:00+00:00,0,0.5232316753981765
2026-02-28 06:15:00+00:00,0,0.5688923021783299
2026-02-28 06:20:00+00:00,0,0.5400935263498852
2026-02-28 06:25:00+00:00,0,0.5545517133599442
2026-02-28 06:30:00+00:00,0,0.5816936481245704
2026-02-28 06:35:00+00:00,0,0.5947726605976521
2026-02-28 06:40:00+00:00,0,0.5461744638202459
2026-02-28 06:45:00+00:00,0,0.5676643319357949
2026-02-28 06:50:00+00:00,0,0.5478289670633588
2026-02-28 06:55:00+00:00,1,0.5491439403074289
2026-02-28 07:00:00+00:00,1,0.5223778223073325
2026-02-28 07:05:00+00:00,1,0.5147793634988295
2026-02-28 07:10:00+00:00,1,0.5168944725215566
2026-02-28 07:15:00+00:00,1,0.5141923003372245
2026-02-28 07:20:00+00:00,1,0.5062201366352046
2026-02-28 07:25:00+00:00,1,0.5092871253753093
2026-02-28 07:30:00+00:00,1,0.5188190039068252
2026-02-28 07:35:00+00:00,0,0.5104511996235307
2026-02-28 07:40:00+00:00,0,0.5047753550716824
2026-02-28 07:45:00+00:00,0,0.4982568743315244
2026-02-28 07:50:00+00:00,0,0.4996491081922107
2026-02-28 07:55:00+00:00,0,0.510814293738364
2026-02-28 08:00:00+00:00,0,0.5071414740932023
2026-02-28 08:05:00+00:00,0,0.5127976261724018
2026-02-28 08:10:00+00:00,0,0.5153513513254062
2026-02-28 08:15:00+00:00,0,0.5277847638545823
2026-02-28 08:20:00+00:00,0,0.5173132511999579
2026-02-28 08:25:00+00:00,0,0.5096364847873232
2026-02-28 08:30:00+00:00,0,0.5110334158089281
2026-02-28 08:35:00+00:00,0,0.5057002169657286
2026-02-28 08:40:00+00:00,1,0.5089417632886316
2026-02-28 08:45:00+00:00,0,0.5047998200166632
2026-02-28 08:50:00+00:00,0,0.5133239381677828
2026-02-28 08:55:00+00:00,1,0.5120113708746921
2026-02-28 09:00:00+00:00,0,0.510435660151745
2026-02-28 09:05:00+00:00,0,0.5190687845863929
2026-02-28 09:10:00+00:00,0,0.5084947654471434
2026-02-28 09:15:00+00:00,0,0.5197408224899059
2026-02-28 09:20:00+00:00,0,0.5080707379886394
2026-02-28 09:25:00+00:00,0,0.5116753934373919
2026-02-28 09:30:00+00:00,0,0.5114996947379578
2026-02-28 09:35:00+00:00,0,0.5169541338786096
2026-02-28 09:40:00+00:00,0,0.530371831855595
2026-02-28 09:45:00+00:00,0,0.5464777856039911
2026-02-28 09:50:00+00:00,0,0.5112182036841587
2026-02-28 09:55:00+00:00,0,0.5394134609516145
2026-02-28 10:00:00+00:00,1,0.5534527644990447
2026-02-28 10:05:00+00:00,1,0.5464623734449325
2026-02-28 10:10:00+00:00,1,0.5471160442886123
2026-02-28 10:15:00+00:00,0,0.5260109037510032
2026-02-28 10:20:00+00:00,0,0.5154501074317615
2026-02-28 10:25:00+00:00,0,0.5448641945213106
2026-02-28 10:30:00+00:00,0,0.5086924266785602
2026-02-28 10:35:00+00:00,0,0.5127673301890852
2026-02-28 10:40:00+00:00,1,0.5216698381427297
2026-02-28 10:45:00+00:00,1,0.5240701250272332
2026-02-28 10:50:00+00:00,1,0.5193068325510953
2026-02-28 10:55:00+00:00,1,0.5254955261258929
2026-02-28 11:00:00+00:00,1,0.5240293531581982
2026-02-28 11:05:00+00:00,1,0.5320323638774567
2026-02-28 11:10:00+00:00,0,0.5113697706782373
2026-02-28 11:15:00+00:00,0,0.5139846789835087
2026-02-28 11:20:00+00:00,0,0.5163351153504105
2026-02-28 11:25:00+00:00,0,0.5251124185149445
2026-02-28 11:30:00+00:00,0,0.520196763578101
2026-02-28 11:35:00+00:00,0,0.5159656353808818
2026-02-28 11:40:00+00:00,0,0.5224208729606221
2026-02-28 11:45:00+00:00,0,0.5199819224991125
2026-02-28 11:50:00+00:00,0,0.524209187327551
2026-02-28 11:55:00+00:00,1,0.5253660877516912
2026-02-28 12:00:00+00:00,1,0.5324869955673674
2026-02-28 12:05:00+00:00,1,0.5293871397604932
2026-02-28 12:10:00+00:00,1,0.5211105976395486
2026-02-28 12:15:00+00:00,0,0.5218758674058172
2026-02-28 12:20:00+00:00,1,0.524297134998564
2026-02-28 12:25:00+00:00,1,0.5165491851386952
2026-02-28 12:30:00+00:00,1,0.5197101762382699
2026-02-28 12:35:00+00:00,1,0.5253130333653797
2026-02-28 12:40:00+00:00,1,0.5204296798504164
2026-02-28 12:45:00+00:00,1,0.5198228928901595
2026-02-28 12:50:00+00:00,0,0.5121411953429267
2026-02-28 12:55:00+00:00,0,0.5110606617932214
2026-02-28 13:00:00+00:00,0,0.5115843845582545
2026-02-28 13:05:00+00:00,0,0.4797687814583665
2026-02-28 13:10:00+00:00,0,0.46671429811331516
2026-02-28 13:15:00+00:00,1,0.4973743114938749
2026-02-28 13:20:00+00:00,1,0.5130230478449304
2026-02-28 13:25:00+00:00,1,0.5092504440960022
2026-02-28 13:30:00+00:00,1,0.5208019665241919
2026-02-28 13:35:00+00:00,1,0.5190408048303047
2026-02-28 13:40:00+00:00,1,0.5082531456805364
2026-02-28 13:45:00+00:00,0,0.4517821213327911
2026-02-28 13:50:00+00:00,0,0.45457169781700385
2026-02-28 13:55:00+00:00,0,0.45415219836553455
2026-02-28 14:00:00+00:00,0,0.4649489799755837
2026-02-28 14:05:00+00:00,1,0.46186392029325246
2026-02-28 14:10:00+00:00,1,0.46503063924018123
2026-02-28 14:15:00+00:00,1,0.46410308579399945
2026-02-28 14:20:00+00:00,0,0.4619978421447975
2026-02-28 14:25:00+00:00,0,0.4564808750346305
2026-02-28 14:30:00+00:00,0,0.46690606480515123
2026-02-28 14:35:00+00:00,0,0.46027356549700776
2026-02-28 14:40:00+00:00,0,0.4667079536401748
2026-02-28 14:45:00+00:00,0,0.4708375085906983
2026-02-28 14:50:00+00:00,0,0.5071907783978409
2026-02-28 14:55:00+00:00,1,0.48839510688401583
2026-02-28 15:00:00+00:00,0,0.4888517920094016
2026-02-28 15:05:00+00:00,1,0.5067598171191264
2026-02-28 15:10:00+00:00,1,0.5141408119824934
2026-02-28 15:15:00+00:00,1,0.5118886403519979
2026-02-28 15:20:00+00:00,1,0.5034381755219166
2026-02-28 15:25:00+00:00,0,0.4992306898248624
2026-02-28 15:30:00+00:00,0,0.4967056263681177
2026-02-28 15:35:00+00:00,1,0.5115667122522654
2026-02-28 15:40:00+00:00,0,0.49894657025889566
2026-02-28 15:45:00+00:00,0,0.5191532310952319
2026-02-28 15:50:00+00:00,0,0.5037884590368668
2026-02-28 15:55:00+00:00,0,0.5064072454208672
2026-02-28 16:00:00+00:00,0,0.5140174598601244
2026-02-28 16:05:00+00:00,0,0.5073238523821473
2026-02-28 16:10:00+00:00,0,0.5129820148960353
2026-02-28 16:15:00+00:00,0,0.5042483120262218
2026-02-28 16:20:00+00:00,0,0.5102769091107063
2026-02-28 16:25:00+00:00,0,0.5094957715684967
2026-02-28 16:30:00+00:00,1,0.5356567953431203
2026-02-28 16:35:00+00:00,1,0.5372221892991061
2026-02-28 16:40:00+00:00,0,0.5159024240746083
2026-02-28 16:45:00+00:00,0,0.5248176699941113
2026-02-28 16:50:00+00:00,0,0.5119282265763112
2026-02-28 16:55:00+00:00,0,0.5145782070478099
2026-02-28 17:00:00+00:00,1,0.5141842938182566
2026-02-28 17:05:00+00:00,1,0.5292547691934549
2026-02-28 17:10:00+00:00,0,0.529752745195223
2026-02-28 17:15:00+00:00,1,0.5313094385762348
2026-02-28 17:20:00+00:00,1,0.5269245811840295
2026-02-28 17:25:00+00:00,1,0.5091787628320008
2026-02-28 17:30:00+00:00,1,0.4971735794191361
2026-02-28 17:35:00+00:00,1,0.48661570261106574
2026-02-28 17:40:00+00:00,1,0.513141460293239
2026-02-28 17:45:00+00:00,1,0.5059815938951653
2026-02-28 17:50:00+00:00,1,0.5187648964362793
2026-02-28 17:55:00+00:00,0,0.49155793955567767
2026-02-28 18:00:00+00:00,1,0.49481489823253205
2026-02-28 18:05:00+00:00,1,0.4948168036335143
2026-02-28 18:10:00+00:00,1,0.49319096834137993
2026-02-28 18:15:00+00:00,1,0.49098343605618244
2026-02-28 18:20:00+00:00,1,0.47845333346025243
2026-02-28 18:25:00+00:00,1,0.47306731389545154
2026-02-28 18:30:00+00:00,1,0.4688774136118517
2026-02-28 18:35:00+00:00,0,0.4712335180317838
2026-02-28 18:40:00+00:00,0,0.47028067792519473
2026-02-28 18:45:00+00:00,0,0.47136206572363
2026-02-28 18:50:00+00:00,0,0.469557931627633
2026-02-28 18:55:00+00:00,0,0.4732094664117012
2026-02-28 19:00:00+00:00,1,0.4736608659570074
2026-02-28 19:05:00+00:00,1,0.4704342836811239
2026-02-28 19:10:00+00:00,1,0.4724427702642035
2026-02-28 19:15:00+00:00,1,0.4705092482696493
2026-02-28 19:20:00+00:00,1,0.46959196534598724
2026-02-28 19:25:00+00:00,1,0.4692668400444534
2026-02-28 19:30:00+00:00,1,0.468397899236513
2026-02-28 19:35:00+00:00,0,0.47880360444641185
2026-02-28 19:40:00+00:00,1,0.4776784798578977
2026-02-28 19:45:00+00:00,0,0.48404111639659847
2026-02-28 19:50:00+00:00,1,0.4802964955286354
2026-02-28 19:55:00+00:00,1,0.4766885362516551
2026-02-28 20:00:00+00:00,1,0.47540085890715444
2026-02-28 20:05:00+00:00,1,0.47252539480782646
2026-02-28 20:10:00+00:00,1,0.4823860992867285
2026-02-28 20:15:00+00:00,1,0.4721848150365304
2026-02-28 20:20:00+00:00,1,0.5417635513303644
2026-02-28 20:25:00+00:00,1,0.48590156496752923
2026-02-28 20:30:00+00:00,1,0.47355285639380074
2026-02-28 20:35:00+00:00,1,0.4854905674993597
2026-02-28 20:40:00+00:00,0,0.4722456278633896
2026-02-28 20:45:00+00:00,0,0.5287230688544854
2026-02-28 20:50:00+00:00,0,0.5300211149429086
2026-02-28 20:55:00+00:00,0,0.47689264408956766
2026-02-28 21:00:00+00:00,0,0.47280000680075657
2026-02-28 21:05:00+00:00,1,0.49614267713780263
2026-02-28 21:10:00+00:00,1,0.48492556109849133
2026-02-28 21:15:00+00:00,1,0.4976549780402618
2026-02-28 21:20:00+00:00,1,0.49177065975654183
2026-02-28 21:25:00+00:00,1,0.497584916227795
2026-02-28 21:30:00+00:00,1,0.5080123304816735
2026-02-28 21:35:00+00:00,1,0.5025734439587265
2026-02-28 21:40:00+00:00,1,0.5008496240104552
2026-02-28 21:45:00+00:00,1,0.51029845599054
2026-02-28 21:50:00+00:00,1,0.5054354434769811
2026-02-28 21:55:00+00:00,1,0.5063251112942794
2026-02-28 22:00:00+00:00,1,0.49912371025373553
2026-02-28 22:05:00+00:00,1,0.49265543254996635
2026-02-28 22:10:00+00:00,1,0.49724003851414117
2026-02-28 22:15:00+00:00,1,0.49595812671186223
2026-02-28 22:20:00+00:00,0,0.4951284015580011
2026-02-28 22:25:00+00:00,1,0.49440319462702853
2026-02-28 22:30:00+00:00,0,0.49322951342244453
2026-02-28 22:35:00+00:00,0,0.4983872555589121
2026-02-28 22:40:00+00:00,0,0.49815976341083507
2026-02-28 22:45:00+00:00,0,0.5005164406473473
2026-02-28 22:50:00+00:00,1,0.5010307821603112
2026-02-28 22:55:00+00:00,1,0.4982245840983429
2026-02-28 23:00:00+00:00,1,0.49371933874688056
2026-02-28 23:05:00+00:00,0,0.49214172040883947
2026-02-28 23:10:00+00:00,1,0.4997030913930283
2026-02-28 23:15:00+00:00,0,0.4875744680097413
2026-02-28 23:20:00+00:00,0,0.49432466946038667
2026-02-28 23:25:00+00:00,1,0.5125191278013392
2026-02-28 23:30:00+00:00,1,0.5040171427036166
2026-02-28 23:35:00+00:00,1,0.5084366621299794
2026-02-28 23:40:00+00:00,1,0.5042004410907656
2026-02-28 23:45:00+00:00,0,0.495086928810731
2026-02-28 23:50:00+00:00,1,0.49717962280579414
2026-02-28 23:55:00+00:00,0,0.4892743565312372
2026-03-01 00:00:00+00:00,0,0.4837214192540783
2026-03-01 00:05:00+00:00,0,0.5020613205572421
2026-03-01 00:10:00+00:00,0,0.4989935244109105
2026-03-01 00:15:00+00:00,0,0.5040213268424932
2026-03-01 00:20:00+00:00,0,0.5016811353825736
2026-03-01 00:25:00+00:00,0,0.5115478406166735
2026-03-01 00:30:00+00:00,0,0.5119024393247689
2026-03-01 00:35:00+00:00,0,0.5118060590086224
2026-03-01 00:40:00+00:00,0,0.5101458389120792
2026-03-01 00:45:00+00:00,0,0.5115369392100874
2026-03-01 00:50:00+00:00,0,0.5004643023696653
2026-03-01 00:55:00+00:00,0,0.5067015481585753
2026-03-01 01:00:00+00:00,1,0.5121447572177488
2026-03-01 01:05:00+00:00,1,0.5131298258725852
2026-03-01 01:10:00+00:00,1,0.5221769437296175
2026-03-01 01:15:00+00:00,1,0.5221185965126197
2026-03-01 01:20:00+00:00,1,0.5102179369221629
2026-03-01 01:25:00+00:00,1,0.5083822062269922
2026-03-01 01:30:00+00:00,1,0.5006954864984646
2026-03-01 01:35:00+00:00,1,0.4581976321784334
2026-03-01 01:40:00+00:00,1,0.46467892834393487
2026-03-01 01:45:00+00:00,1,0.46528431346318255
2026-03-01 01:50:00+00:00,1,0.4788207074224631
2026-03-01 01:55:00+00:00,1,0.48486461689900395
2026-03-01 02:00:00+00:00,0,0.5343009105938914
2026-03-01 02:05:00+00:00,0,0.5214219552287327
2026-03-01 02:10:00+00:00,0,0.5368290830181427
2026-03-01 02:15:00+00:00,0,0.5118584233840182
2026-03-01 02:20:00+00:00,1,0.5008253557401497
2026-03-01 02:25:00+00:00,1,0.5055495001447986
2026-03-01 02:30:00+00:00,1,0.5132715380040098
2026-03-01 02:35:00+00:00,1,0.4711400822162093
2026-03-01 02:40:00+00:00,0,0.48629828836961025
2026-03-01 02:45:00+00:00,0,0.4986387033497303
2026-03-01 02:50:00+00:00,0,0.4824169312809768
2026-03-01 02:55:00+00:00,0,0.4798494927072644
2026-03-01 03:00:00+00:00,0,0.4736524183965327
2026-03-01 03:05:00+00:00,0,0.4767811748862662
2026-03-01 03:10:00+00:00,0,0.4772138455878009
2026-03-01 03:15:00+00:00,0,0.48906790175454057
2026-03-01 03:20:00+00:00,0,0.4991112834896733
2026-03-01 03:25:00+00:00,0,0.49448784681608265
2026-03-01 03:30:00+00:00,0,0.502555170012496
2026-03-01 03:35:00+00:00,0,0.4961929471940689
2026-03-01 03:40:00+00:00,0,0.4967641792922875
2026-03-01 03:45:00+00:00,0,0.5104972303614856
2026-03-01 03:50:00+00:00,0,0.514078185198865
2026-03-01 03:55:00+00:00,0,0.515469037356327
2026-03-01 04:00:00+00:00,0,0.5030595256938691
2026-03-01 04:05:00+00:00,0,0.5054186852641878
2026-03-01 04:10:00+00:00,0,0.5144847738047407
2026-03-01 04:15:00+00:00,1,0.5440631899488849
2026-03-01 04:20:00+00:00,1,0.5276121237295919
2026-03-01 04:25:00+00:00,1,0.5236828701051325
2026-03-01 04:30:00+00:00,1,0.5230741057280688
2026-03-01 04:35:00+00:00,1,0.5017883260394301
2026-03-01 04:40:00+00:00,0,0.500300937169629
2026-03-01 04:45:00+00:00,1,0.5016749747829061
2026-03-01 04:50:00+00:00,1,0.5025048646939783
2026-03-01 04:55:00+00:00,1,0.5038719055618919
2026-03-01 05:00:00+00:00,1,0.4994354388315022
2026-03-01 05:05:00+00:00,1,0.47842910357975077
2026-03-01 05:10:00+00:00,1,0.4918787195931772
2026-03-01 05:15:00+00:00,1,0.4787870094142637
2026-03-01 05:20:00+00:00,0,0.4699910202093976
2026-03-01 05:25:00+00:00,1,0.4696682146352119
2026-03-01 05:30:00+00:00,0,0.4656469464607481
2026-03-01 05:35:00+00:00,0,0.46807007586393445
2026-03-01 05:40:00+00:00,0,0.4790780350894455
2026-03-01 05:45:00+00:00,0,0.4784045304425418
2026-03-01 05:50:00+00:00,0,0.4883989380208241
2026-03-01 05:55:00+00:00,0,0.488088156892744
2026-03-01 06:00:00+00:00,0,0.5014755205411476
2026-03-01 06:05:00+00:00,0,0.5088458474217922
2026-03-01 06:10:00+00:00,0,0.5023381410334808
2026-03-01 06:15:00+00:00,0,0.49792508732425944
2026-03-01 06:20:00+00:00,0,0.5026419586122389
2026-03-01 06:25:00+00:00,0,0.5005004227247674
2026-03-01 06:30:00+00:00,0,0.5054818157182356
2026-03-01 06:35:00+00:00,0,0.5151086424909499
2026-03-01 06:40:00+00:00,1,0.5151171824226577
2026-03-01 06:45:00+00:00,1,0.518418115021489
2026-03-01 06:50:00+00:00,1,0.5193200062700727
2026-03-01 06:55:00+00:00,1,0.5221974162671246
2026-03-01 07:00:00+00:00,1,0.5293716988797228
2026-03-01 07:05:00+00:00,1,0.5268800428733897
2026-03-01 07:10:00+00:00,1,0.5183845109389412
2026-03-01 07:15:00+00:00,1,0.5082282160042189
2026-03-01 07:20:00+00:00,1,0.5078673515449735
2026-03-01 07:25:00+00:00,1,0.5093666612995498
2026-03-01 07:30:00+00:00,1,0.49844014236000084
2026-03-01 07:35:00+00:00,1,0.48745218393793105
2026-03-01 07:40:00+00:00,1,0.5004994374980491
2026-03-01 07:45:00+00:00,1,0.46493159571686776
2026-03-01 07:50:00+00:00,1,0.4676666355402477
2026-03-01 07:55:00+00:00,1,0.4647460368742923
2026-03-01 08:00:00+00:00,1,0.4729017694859501
2026-03-01 08:05:00+00:00,0,0.4638825322651596
2026-03-01 08:10:00+00:00,0,0.4570143261570215
2026-03-01 08:15:00+00:00,0,0.454540276753305
2026-03-01 08:20:00+00:00,0,0.4601050056684267
2026-03-01 08:25:00+00:00,0,0.46846682650408517
2026-03-01 08:30:00+00:00,0,0.46915190411991586
2026-03-01 08:35:00+00:00,0,0.4700710946066727
2026-03-01 08:40:00+00:00,0,0.48128658825219356
2026-03-01 08:45:00+00:00,0,0.49517884920534255
2026-03-01 08:50:00+00:00,1,0.5172582896274495
2026-03-01 08:55:00+00:00,1,0.5145536983364282
2026-03-01 09:00:00+00:00,0,0.5058805376943694
2026-03-01 09:05:00+00:00,0,0.5017354313618216
2026-03-01 09:10:00+00:00,0,0.4965981726889364
2026-03-01 09:15:00+00:00,0,0.4980168369942792
2026-03-01 09:20:00+00:00,0,0.5004465243029114
2026-03-01 09:25:00+00:00,0,0.5082222853339856
2026-03-01 09:30:00+00:00,0,0.5215321840511518
2026-03-01 09:35:00+00:00,0,0.5379013015005054
2026-03-01 09:40:00+00:00,0,0.5342117279311986
2026-03-01 09:45:00+00:00,0,0.5432080727425653
2026-03-01 09:50:00+00:00,0,0.5436401905491286
2026-03-01 09:55:00+00:00,0,0.5342299524410035
2026-03-01 10:00:00+00:00,0,0.5468767891280119
2026-03-01 10:05:00+00:00,0,0.5209760999616495
2026-03-01 10:10:00+00:00,1,0.518069622813671
2026-03-01 10:15:00+00:00,1,0.5458761813836358
2026-03-01 10:20:00+00:00,1,0.5323729297337751
2026-03-01 10:25:00+00:00,1,0.5084439189453449
2026-03-01 10:30:00+00:00,1,0.5166179880234132
2026-03-01 10:35:00+00:00,1,0.5101340122606175
2026-03-01 10:40:00+00:00,0,0.49802874956327636
2026-03-01 10:45:00+00:00,0,0.4956630471262101
2026-03-01 10:50:00+00:00,1,0.5088665988505159
2026-03-01 10:55:00+00:00,1,0.5118835438112118
2026-03-01 11:00:00+00:00,0,0.5106488152399183
2026-03-01 11:05:00+00:00,1,0.5136632807712325
2026-03-01 11:10:00+00:00,1,0.5156992032492483
2026-03-01 11:15:00+00:00,0,0.4996485739018437
2026-03-01 11:20:00+00:00,0,0.5010761812054814
2026-03-01 11:25:00+00:00,0,0.503348863849939
2026-03-01 11:30:00+00:00,1,0.5179491700518937
2026-03-01 11:35:00+00:00,0,0.46692789017783987
2026-03-01 11:40:00+00:00,0,0.4847202213897588
2026-03-01 11:45:00+00:00,1,0.4767954650846666
2026-03-01 11:50:00+00:00,0,0.5130800413325978
2026-03-01 11:55:00+00:00,0,0.5048117627667392
2026-03-01 12:00:00+00:00,0,0.5070129564933733
2026-03-01 12:05:00+00:00,0,0.481200973957381
2026-03-01 12:10:00+00:00,1,0.5219511122656706
2026-03-01 12:15:00+00:00,0,0.4692232165192185
2026-03-01 12:20:00+00:00,0,0.5203834735380528
2026-03-01 12:25:00+00:00,0,0.5149237323127642
2026-03-01 12:30:00+00:00,0,0.524640612234581
2026-03-01 12:35:00+00:00,0,0.4792976897591192
2026-03-01 12:40:00+00:00,0,0.49822643705615777
2026-03-01 12:45:00+00:00,0,0.5159778553543064
2026-03-01 12:50:00+00:00,0,0.5161065744690382
2026-03-01 12:55:00+00:00,0,0.5211391774689875
2026-03-01 13:00:00+00:00,0,0.5246921637101934
2026-03-01 13:05:00+00:00,0,0.5240139828199177
2026-03-01 13:10:00+00:00,0,0.5126819056307713
2026-03-01 13:15:00+00:00,1,0.5140758725763112
2026-03-01 13:20:00+00:00,1,0.5130651236283947
2026-03-01 13:25:00+00:00,1,0.5122409879556499
2026-03-01 13:30:00+00:00,1,0.5197827000828693
2026-03-01 13:35:00+00:00,1,0.5179373543852714
2026-03-01 13:40:00+00:00,1,0.5118737697301851
2026-03-01 13:45:00+00:00,1,0.500416839997053
2026-03-01 13:50:00+00:00,0,0.4646057041845518
2026-03-01 13:55:00+00:00,0,0.46212145036069235
2026-03-01 14:00:00+00:00,0,0.4592012106774808
2026-03-01 14:05:00+00:00,0,0.4558030562711519
2026-03-01 14:10:00+00:00,0,0.4699922907977121
2026-03-01 14:15:00+00:00,0,0.44984445313708094
2026-03-01 14:20:00+00:00,0,0.45272510464945276
2026-03-01 14:25:00+00:00,0,0.47347890708327006
2026-03-01 14:30:00+00:00,0,0.4603738617797426
2026-03-01 14:35:00+00:00,1,0.4621306126720431
2026-03-01 14:40:00+00:00,1,0.4823505260623394
2026-03-01 14:45:00+00:00,0,0.48283044875975956
2026-03-01 14:50:00+00:00,0,0.48186849326817405
2026-03-01 14:55:00+00:00,0,0.4998356271246017
2026-03-01 15:00:00+00:00,0,0.48201939995126614
2026-03-01 15:05:00+00:00,0,0.4970338644222285
2026-03-01 15:10:00+00:00,0,0.4988422291561618
2026-03-01 15:15:00+00:00,0,0.48842668449314786
2026-03-01 15:20:00+00:00,1,0.5116141020047864
2026-03-01 15:25:00+00:00,0,0.5108564782206744
2026-03-01 15:30:00+00:00,1,0.5158836914312718
2026-03-01 15:35:00+00:00,1,0.5020747452892759
2026-03-01 15:40:00+00:00,1,0.517208372782511
2026-03-01 15:45:00+00:00,1,0.5151915299532408
2026-03-01 15:50:00+00:00,0,0.5064108025224854
2026-03-01 15:55:00+00:00,1,0.5253346534792462
2026-03-01 16:00:00+00:00,1,0.5333720720226172
2026-03-01 16:05:00+00:00,1,0.5175732785598343
2026-03-01 16:10:00+00:00,0,0.5134232549857188
2026-03-01 16:15:00+00:00,0,0.5134781227206221
2026-03-01 16:20:00+00:00,0,0.5083917302968749
2026-03-01 16:25:00+00:00,0,0.5034541961617436
2026-03-01 16:30:00+00:00,0,0.5025574248843934
2026-03-01 16:35:00+00:00,0,0.48365052286555793
2026-03-01 16:40:00+00:00,0,0.5099647956882112
2026-03-01 16:45:00+00:00,0,0.5452199579302442
2026-03-01 16:50:00+00:00,0,0.5446475331428814
2026-03-01 16:55:00+00:00,0,0.5297021157787924
2026-03-01 17:00:00+00:00,0,0.5361006099164319
2026-03-01 17:05:00+00:00,0,0.5290069939276862
2026-03-01 17:10:00+00:00,0,0.5302946897696387
2026-03-01 17:15:00+00:00,1,0.5526241219672738
2026-03-01 17:20:00+00:00,0,0.5305978579131586
2026-03-01 17:25:00+00:00,0,0.536325914354518
2026-03-01 17:30:00+00:00,1,0.5272241786323772
2026-03-01 17:35:00+00:00,1,0.5288167932229805
2026-03-01 17:40:00+00:00,1,0.5286634811790625
2026-03-01 17:45:00+00:00,1,0.5263222227241948
2026-03-01 17:50:00+00:00,1,0.534651579034252
2026-03-01 17:55:00+00:00,1,0.5326697735561413
2026-03-01 18:00:00+00:00,0,0.49896103903627703
2026-03-01 18:05:00+00:00,0,0.4741737909769136
2026-03-01 18:10:00+00:00,0,0.4989381707488157
2026-03-01 18:15:00+00:00,0,0.4922500676803623
2026-03-01 18:20:00+00:00,0,0.504862001711911
2026-03-01 18:25:00+00:00,0,0.5066660204000358
2026-03-01 18:30:00+00:00,0,0.5056430622399763
2026-03-01 18:35:00+00:00,0,0.5007324604372787
2026-03-01 18:40:00+00:00,0,0.49362798003836383
2026-03-01 18:45:00+00:00,0,0.5051212696769154
2026-03-01 18:50:00+00:00,0,0.49970418873689526
2026-03-01 18:55:00+00:00,0,0.5056589386880705
2026-03-01 19:00:00+00:00,0,0.5109167258461587
2026-03-01 19:05:00+00:00,0,0.5088915483451701
2026-03-01 19:10:00+00:00,0,0.5189357211179658
2026-03-01 19:15:00+00:00,0,0.5212729558802173
2026-03-01 19:20:00+00:00,0,0.518440092402318
2026-03-01 19:25:00+00:00,0,0.5153939964944988
2026-03-01 19:30:00+00:00,0,0.5235741323389508
2026-03-01 19:35:00+00:00,0,0.5171632276763629
2026-03-01 19:40:00+00:00,0,0.5308356055180664
2026-03-01 19:45:00+00:00,0,0.5451521477968276
2026-03-01 19:50:00+00:00,0,0.5403763494107469
2026-03-01 19:55:00+00:00,0,0.5296817285423152
2026-03-01 20:00:00+00:00,0,0.5285841626983058
2026-03-01 20:05:00+00:00,0,0.5420264548047963
2026-03-01 20:10:00+00:00,0,0.5625826672409935
2026-03-01 20:15:00+00:00,0,0.5564969950260322
2026-03-01 20:20:00+00:00,0,0.5364290482591335
2026-03-01 20:25:00+00:00,0,0.5333988704577013
2026-03-01 20:30:00+00:00,0,0.5369517288675242
2026-03-01 20:35:00+00:00,1,0.538031780322628
2026-03-01 20:40:00+00:00,1,0.5386005845225224
2026-03-01 20:45:00+00:00,1,0.5380404099019711
2026-03-01 20:50:00+00:00,1,0.528475114397069
2026-03-01 20:55:00+00:00,1,0.5340954934435984
2026-03-01 21:00:00+00:00,1,0.5280009891589613
2026-03-01 21:05:00+00:00,1,0.5170609519399607
2026-03-01 21:10:00+00:00,1,0.5073139694462279
2026-03-01 21:15:00+00:00,1,0.4999828294562327
2026-03-01 21:20:00+00:00,0,0.478713305595752
2026-03-01 21:25:00+00:00,1,0.4765419982110697
2026-03-01 21:30:00+00:00,1,0.48228609123391186
2026-03-01 21:35:00+00:00,0,0.4722397141869569
2026-03-01 21:40:00+00:00,1,0.47944168417520855
2026-03-01 21:45:00+00:00,1,0.474452650270075
2026-03-01 21:50:00+00:00,1,0.4738152903736058
2026-03-01 21:55:00+00:00,1,0.47283680295317454
2026-03-01 22:00:00+00:00,1,0.47139323294261337
2026-03-01 22:05:00+00:00,1,0.47060170572901666
2026-03-01 22:10:00+00:00,0,0.4633379491234424
2026-03-01 22:15:00+00:00,0,0.46329087350935017
2026-03-01 22:20:00+00:00,0,0.46289234940084667
2026-03-01 22:25:00+00:00,0,0.46870241268842305
2026-03-01 22:30:00+00:00,1,0.4757728890379048
2026-03-01 22:35:00+00:00,1,0.46025559874003685
2026-03-01 22:40:00+00:00,1,0.4630479405966299
2026-03-01 22:45:00+00:00,1,0.4743572035612168
2026-03-01 22:50:00+00:00,1,0.466491640445881
2026-03-01 22:55:00+00:00,1,0.48377297247375567
2026-03-01 23:00:00+00:00,1,0.457735727257315
2026-03-01 23:05:00+00:00,0,0.4519234883095206
2026-03-01 23:10:00+00:00,0,0.45402962168288186
2026-03-01 23:15:00+00:00,0,0.45709629214887326
2026-03-01 23:20:00+00:00,0,0.4547569376939895
2026-03-01 23:25:00+00:00,0,0.4639224042050185
2026-03-01 23:30:00+00:00,0,0.47069183582447927
2026-03-01 23:35:00+00:00,1,0.4628888589944571
2026-03-01 23:40:00+00:00,1,0.46528630136483257
2026-03-01 23:45:00+00:00,1,0.45908236288787824
2026-03-01 23:50:00+00:00,1,0.4855116098360048
2026-03-01 23:55:00+00:00,1,0.4900374330341443
2026-03-02 00:00:00+00:00,1,0.49403939917833417
2026-03-02 00:05:00+00:00,1,0.4635934224016656
2026-03-02 00:10:00+00:00,1,0.4697322772182639
2026-03-02 00:15:00+00:00,1,0.46409284987780663
2026-03-02 00:20:00+00:00,1,0.45993161530932847
2026-03-02 00:25:00+00:00,1,0.46303996179000584
2026-03-02 00:30:00+00:00,1,0.4630324526204353
2026-03-02 00:35:00+00:00,1,0.45274160811683856
2026-03-02 00:40:00+00:00,1,0.4522401682329898
2026-03-02 00:45:00+00:00,1,0.4483857927186803
2026-03-02 00:50:00+00:00,0,0.45829917772195683
2026-03-02 00:55:00+00:00,0,0.4537603594928336
2026-03-02 01:00:00+00:00,1,0.4667892481163459
2026-03-02 01:05:00+00:00,1,0.45698527593133226
2026-03-02 01:10:00+00:00,0,0.4797510993445796
2026-03-02 01:15:00+00:00,0,0.45409651455427136
2026-03-02 01:20:00+00:00,1,0.4634424238496721
2026-03-02 01:25:00+00:00,1,0.45662543565357083
2026-03-02 01:30:00+00:00,0,0.4634256051246972
2026-03-02 01:35:00+00:00,0,0.46415357352999853
2026-03-02 01:40:00+00:00,0,0.48118051602433376
2026-03-02 01:45:00+00:00,0,0.48431499007450346
2026-03-02 01:50:00+00:00,0,0.48015142997614263
2026-03-02 01:55:00+00:00,0,0.5025325274729368
2026-03-02 02:00:00+00:00,0,0.5071294984046503
2026-03-02 02:05:00+00:00,1,0.5122244247997635
2026-03-02 02:10:00+00:00,1,0.5109399833875898
2026-03-02 02:15:00+00:00,1,0.512786243973852
2026-03-02 02:20:00+00:00,1,0.5083494276225965
2026-03-02 02:25:00+00:00,1,0.5140436071392783
2026-03-02 02:30:00+00:00,0,0.504644019724886
2026-03-02 02:35:00+00:00,0,0.5073245564604326
2026-03-02 02:40:00+00:00,1,0.5108457205902579
2026-03-02 02:45:00+00:00,1,0.5095952139297516
2026-03-02 02:50:00+00:00,1,0.5197434910081702
2026-03-02 02:55:00+00:00,1,0.5105535833827475
2026-03-02 03:00:00+00:00,1,0.509724083396145
2026-03-02 03:05:00+00:00,1,0.5054908527896401
2026-03-02 03:10:00+00:00,1,0.5019287517295387
2026-03-02 03:15:00+00:00,0,0.4863633509091908
2026-03-02 03:20:00+00:00,1,0.4884916378764846
2026-03-02 03:25:00+00:00,1,0.4894899217575809
2026-03-02 03:30:00+00:00,1,0.49788598146386404
2026-03-02 03:35:00+00:00,1,0.49811252550892937
2026-03-02 03:40:00+00:00,1,0.4989738568417355
2026-03-02 03:45:00+00:00,1,0.4884234787467778
2026-03-02 03:50:00+00:00,1,0.47588379362036476
2026-03-02 03:55:00+00:00,1,0.4663265387387136
2026-03-02 04:00:00+00:00,1,0.4681063300491553
2026-03-02 04:05:00+00:00,1,0.4553642720241973
2026-03-02 04:10:00+00:00,1,0.4609417045142284
2026-03-02 04:15:00+00:00,0,0.45749884631147614
2026-03-02 04:20:00+00:00,0,0.47633089869983936
2026-03-02 04:25:00+00:00,0,0.47564585706335677
2026-03-02 04:30:00+00:00,0,0.480705462639731
2026-03-02 04:35:00+00:00,0,0.47548537684840947
2026-03-02 04:40:00+00:00,0,0.45789310984681697
2026-03-02 04:45:00+00:00,0,0.47067627486795965
2026-03-02 04:50:00+00:00,0,0.482865933531898
2026-03-02 04:55:00+00:00,0,0.48059948301260513
2026-03-02 05:00:00+00:00,0,0.5032556756932943
2026-03-02 05:05:00+00:00,1,0.5097949141066205
2026-03-02 05:10:00+00:00,1,0.5055294404100329
2026-03-02 05:15:00+00:00,1,0.5046204074387284
2026-03-02 05:20:00+00:00,0,0.5046603472101143
2026-03-02 05:25:00+00:00,0,0.5051786561450664
2026-03-02 05:30:00+00:00,0,0.5034928403238964
2026-03-02 05:35:00+00:00,0,0.50415693545991
2026-03-02 05:40:00+00:00,0,0.497215998598921
2026-03-02 05:45:00+00:00,0,0.5085438491347682
2026-03-02 05:50:00+00:00,0,0.5099867456250344
2026-03-02 05:55:00+00:00,0,0.5144751708167066
2026-03-02 06:00:00+00:00,0,0.5219441477372405
2026-03-02 06:05:00+00:00,0,0.5289109844199834
2026-03-02 06:10:00+00:00,0,0.5314093608479398
2026-03-02 06:15:00+00:00,1,0.5363514659832105
2026-03-02 06:20:00+00:00,1,0.5347535891844827
2026-03-02 06:25:00+00:00,0,0.5189532827313227
2026-03-02 06:30:00+00:00,0,0.5062277579717208
2026-03-02 06:35:00+00:00,0,0.5068549734001513
2026-03-02 06:40:00+00:00,0,0.5183368485781554
2026-03-02 06:45:00+00:00,0,0.5259484551658288
2026-03-02 06:50:00+00:00,0,0.5209163796014651
2026-03-02 06:55:00+00:00,0,0.5202106998222916
2026-03-02 07:00:00+00:00,0,0.5374950973343122
2026-03-02 07:05:00+00:00,1,0.5509481385675837
2026-03-02 07:10:00+00:00,1,0.532020306238302
2026-03-02 07:15:00+00:00,1,0.5310330416529356
2026-03-02 07:20:00+00:00,1,0.5271678951192758
2026-03-02 07:25:00+00:00,0,0.5109705781942679
2026-03-02 07:30:00+00:00,0,0.5126219057907422
2026-03-02 07:35:00+00:00,0,0.5122831408549677
2026-03-02 07:40:00+00:00,0,0.5104854886804271
2026-03-02 07:45:00+00:00,0,0.5107190532647404
2026-03-02 07:50:00+00:00,0,0.5145563533716424
2026-03-02 07:55:00+00:00,0,0.5131297064864997
2026-03-02 08:00:00+00:00,0,0.5161114500391788
2026-03-02 08:05:00+00:00,1,0.5109755629776656
2026-03-02 08:10:00+00:00,1,0.5127351695837975
2026-03-02 08:15:00+00:00,1,0.5099271988050261
2026-03-02 08:20:00+00:00,1,0.5031814146946648
2026-03-02 08:25:00+00:00,1,0.4939895218312628
2026-03-02 08:30:00+00:00,1,0.49248873998281595
2026-03-02 08:35:00+00:00,1,0.4973301260574667
2026-03-02 08:40:00+00:00,1,0.4928674891734906
2026-03-02 08:45:00+00:00,1,0.48099569351254984
2026-03-02 08:50:00+00:00,1,0.4609748412335607
2026-03-02 08:55:00+00:00,1,0.45765163272610726
2026-03-02 09:00:00+00:00,1,0.45939149883121877
2026-03-02 09:05:00+00:00,1,0.4490678016887111
2026-03-02 09:10:00+00:00,1,0.4467450886837257
2026-03-02 09:15:00+00:00,0,0.44256102999131314
2026-03-02 09:20:00+00:00,0,0.44429364359234064
2026-03-02 09:25:00+00:00,0,0.4487932244510685
2026-03-02 09:30:00+00:00,0,0.4424198668194849
2026-03-02 09:35:00+00:00,0,0.44877002662150717
2026-03-02 09:40:00+00:00,0,0.44455130349026944
2026-03-02 09:45:00+00:00,0,0.465211175374463
2026-03-02 09:50:00+00:00,0,0.4656163352515646
2026-03-02 09:55:00+00:00,0,0.4781730996001993
2026-03-02 10:00:00+00:00,0,0.47445209251227843
2026-03-02 10:05:00+00:00,0,0.4755359302532012
2026-03-02 10:10:00+00:00,0,0.49204936371301
2026-03-02 10:15:00+00:00,0,0.4813330488132093
2026-03-02 10:20:00+00:00,0,0.4789396097016855
2026-03-02 10:25:00+00:00,1,0.49226813620285326
2026-03-02 10:30:00+00:00,1,0.5021512398749343
2026-03-02 10:35:00+00:00,1,0.5110417926281139
2026-03-02 10:40:00+00:00,1,0.5155561942206812
2026-03-02 10:45:00+00:00,1,0.5120102599200663
2026-03-02 10:50:00+00:00,1,0.5147609158511733
2026-03-02 10:55:00+00:00,1,0.5068330050928512
2026-03-02 11:00:00+00:00,1,0.48750030061669997
2026-03-02 11:05:00+00:00,1,0.5141151328427898
2026-03-02 11:10:00+00:00,1,0.48955046925427126
2026-03-02 11:15:00+00:00,1,0.5067313666900476
2026-03-02 11:20:00+00:00,1,0.46400028232711904
2026-03-02 11:25:00+00:00,1,0.47898140484671875
2026-03-02 11:30:00+00:00,1,0.4869779638691
2026-03-02 11:35:00+00:00,0,0.4594528371574378
2026-03-02 11:40:00+00:00,1,0.4605911620566575
2026-03-02 11:45:00+00:00,0,0.45822621625779064
2026-03-02 11:50:00+00:00,0,0.46457893286855606
2026-03-02 11:55:00+00:00,0,0.4612158177252367
2026-03-02 12:00:00+00:00,0,0.45949787772259115
2026-03-02 12:05:00+00:00,0,0.4653977147982237
2026-03-02 12:10:00+00:00,0,0.46685403393500713
2026-03-02 12:15:00+00:00,0,0.4904421698774541
2026-03-02 12:20:00+00:00,1,0.503105987475611
2026-03-02 12:25:00+00:00,0,0.4833354486427984
2026-03-02 12:30:00+00:00,0,0.4815973542640643
2026-03-02 12:35:00+00:00,0,0.48813381422552543
2026-03-02 12:40:00+00:00,0,0.4960091736711389
2026-03-02 12:45:00+00:00,0,0.4874555969645968
2026-03-02 12:50:00+00:00,1,0.5144454128742777
2026-03-02 12:55:00+00:00,1,0.5153073196900199
2026-03-02 13:00:00+00:00,1,0.5183595181486111
2026-03-02 13:05:00+00:00,1,0.518904433588319
2026-03-02 13:10:00+00:00,1,0.5107039109726181
2026-03-02 13:15:00+00:00,1,0.5056401798347027
2026-03-02 13:20:00+00:00,0,0.49709865731311004
2026-03-02 13:25:00+00:00,1,0.49119352254940574
2026-03-02 13:30:00+00:00,0,0.48785048254663826
2026-03-02 13:35:00+00:00,1,0.49294380574537205
2026-03-02 13:40:00+00:00,1,0.4936838549305352
2026-03-02 13:45:00+00:00,1,0.4847108567818676
2026-03-02 13:50:00+00:00,1,0.5013695317219905
2026-03-02 13:55:00+00:00,1,0.4695551103145379
2026-03-02 14:00:00+00:00,1,0.4857550743131484
2026-03-02 14:05:00+00:00,1,0.4677201588313109
2026-03-02 14:10:00+00:00,1,0.47044275885674125
2026-03-02 14:15:00+00:00,1,0.4695022078424014
2026-03-02 14:20:00+00:00,1,0.46927472028058886
2026-03-02 14:25:00+00:00,1,0.4674879586453685
2026-03-02 14:30:00+00:00,1,0.47260256274148105
2026-03-02 14:35:00+00:00,1,0.47336324660274537
2026-03-02 14:40:00+00:00,1,0.5032212881146017
2026-03-02 14:45:00+00:00,1,0.5221845456688772
2026-03-02 14:50:00+00:00,1,0.5357289928841893
2026-03-02 14:55:00+00:00,1,0.5432272949651125
2026-03-02 15:00:00+00:00,1,0.5057474460679477
2026-03-02 15:05:00+00:00,0,0.6045598312668425
2026-03-02 15:10:00+00:00,0,0.640017736072027
2026-03-02 15:15:00+00:00,0,0.6399387345625928
2026-03-02 15:20:00+00:00,0,0.6151878776992771
2026-03-02 15:25:00+00:00,0,0.6078813546387635
2026-03-02 15:30:00+00:00,0,0.5467162717826155
2026-03-02 15:35:00+00:00,1,0.5741744907148886
2026-03-02 15:40:00+00:00,1,0.5774151763555919
2026-03-02 15:45:00+00:00,0,0.559057450180497
2026-03-02 15:50:00+00:00,1,0.5207764636055812
2026-03-02 15:55:00+00:00,1,0.5123665357022269
2026-03-02 16:00:00+00:00,0,0.5316957315673262
2026-03-02 16:05:00+00:00,0,0.5606536225473027
2026-03-02 16:10:00+00:00,0,0.5595259176409749
2026-03-02 16:15:00+00:00,1,0.5353508747816094
2026-03-02 16:20:00+00:00,0,0.5377545853806847
2026-03-02 16:25:00+00:00,0,0.5355682231972729
2026-03-02 16:30:00+00:00,1,0.5608773940059344
2026-03-02 16:35:00+00:00,1,0.5693962249236931
2026-03-02 16:40:00+00:00,0,0.5704845878633676
2026-03-02 16:45:00+00:00,0,0.5825266785876886
2026-03-02 16:50:00+00:00,0,0.5675015508033304
2026-03-02 16:55:00+00:00,0,0.5675671902622675
2026-03-02 17:00:00+00:00,0,0.5394391824902722
2026-03-02 17:05:00+00:00,0,0.5496005021535363
2026-03-02 17:10:00+00:00,0,0.5424431623761016
2026-03-02 17:15:00+00:00,1,0.5533168096024835
2026-03-02 17:20:00+00:00,1,0.5400646266362186
2026-03-02 17:25:00+00:00,1,0.5384614278903309
2026-03-02 17:30:00+00:00,0,0.5516659318051379
2026-03-02 17:35:00+00:00,0,0.535181481433904
2026-03-02 17:40:00+00:00,1,0.5464529662723921
2026-03-02 17:45:00+00:00,0,0.5229447186732934
2026-03-02 17:50:00+00:00,0,0.518474713667699
2026-03-02 17:55:00+00:00,0,0.5197693740489389
2026-03-02 18:00:00+00:00,1,0.5456645674989368
2026-03-02 18:05:00+00:00,0,0.5177894918322455
2026-03-02 18:10:00+00:00,0,0.511280531996299
2026-03-02 18:15:00+00:00,1,0.5207601374431878
2026-03-02 18:20:00+00:00,0,0.5168205229083953
2026-03-02 18:25:00+00:00,0,0.5138204583334699
2026-03-02 18:30:00+00:00,0,0.5106025918693488
2026-03-02 18:35:00+00:00,0,0.5129915171478803
2026-03-02 18:40:00+00:00,0,0.5110854387051775
2026-03-02 18:45:00+00:00,0,0.5062915653155498
2026-03-02 18:50:00+00:00,0,0.49421706348993544
2026-03-02 18:55:00+00:00,0,0.506911077557548
2026-03-02 19:00:00+00:00,0,0.49908556319936054
2026-03-02 19:05:00+00:00,1,0.5104850026067814
2026-03-02 19:10:00+00:00,1,0.49829073608245117
2026-03-02 19:15:00+00:00,1,0.49158319571716086
2026-03-02 19:20:00+00:00,1,0.5102305193877539
2026-03-02 19:25:00+00:00,1,0.4981491827586634
2026-03-02 19:30:00+00:00,1,0.49447359829369497
2026-03-02 19:35:00+00:00,0,0.4869823567983839
2026-03-02 19:40:00+00:00,0,0.5069410621920517
2026-03-02 19:45:00+00:00,0,0.4881280084772445
2026-03-02 19:50:00+00:00,0,0.4890837942165359
2026-03-02 19:55:00+00:00,0,0.4859055776822893
2026-03-02 20:00:00+00:00,0,0.49741970493794246
2026-03-02 20:05:00+00:00,0,0.5321112557462402
2026-03-02 20:10:00+00:00,1,0.5280557634032941
2026-03-02 20:15:00+00:00,1,0.5232147331833409
2026-03-02 20:20:00+00:00,1,0.5224160811963138
2026-03-02 20:25:00+00:00,0,0.5202597290768783
2026-03-02 20:30:00+00:00,0,0.521074914303632
2026-03-02 20:35:00+00:00,0,0.5197825445415258
2026-03-02 20:40:00+00:00,0,0.5185245408535618
2026-03-02 20:45:00+00:00,0,0.5168044752336707
2026-03-02 20:50:00+00:00,0,0.5199381812155284
2026-03-02 20:55:00+00:00,0,0.5145506112458773
2026-03-02 21:00:00+00:00,1,0.5194992609548145
2026-03-02 21:05:00+00:00,1,0.5147174765543153
2026-03-02 21:10:00+00:00,1,0.5128521529653779
2026-03-02 21:15:00+00:00,1,0.5217997405251132
2026-03-02 21:20:00+00:00,1,0.5169439808949512
2026-03-02 21:25:00+00:00,1,0.5169366000984713
2026-03-02 21:30:00+00:00,1,0.5099380452760203
2026-03-02 21:35:00+00:00,1,0.5185229205209572
2026-03-02 21:40:00+00:00,1,0.5124854140109504
2026-03-02 21:45:00+00:00,1,0.5189304871204539
2026-03-02 21:50:00+00:00,1,0.4985258562362824
2026-03-02 21:55:00+00:00,1,0.5134300511235292
2026-03-02 22:00:00+00:00,0,0.48133409912215513
2026-03-02 22:05:00+00:00,0,0.475158000855946
2026-03-02 22:10:00+00:00,1,0.4924386096526326
2026-03-02 22:15:00+00:00,0,0.4825168536644512
2026-03-02 22:20:00+00:00,0,0.48179970878917244
2026-03-02 22:25:00+00:00,0,0.4682662909385247
2026-03-02 22:30:00+00:00,0,0.4764989173016116
2026-03-02 22:35:00+00:00,0,0.47098058332223375
2026-03-02 22:40:00+00:00,0,0.47143106484108843
2026-03-02 22:45:00+00:00,0,0.5056374381696633
2026-03-02 22:50:00+00:00,0,0.5134238602108955
2026-03-02 22:55:00+00:00,0,0.5078794791267193
2026-03-02 23:00:00+00:00,0,0.5158490486298921
2026-03-02 23:05:00+00:00,0,0.5186520258489995
2026-03-02 23:10:00+00:00,0,0.5281642249681116
2026-03-02 23:15:00+00:00,0,0.5316092435738281
2026-03-02 23:20:00+00:00,0,0.5340540367719736
2026-03-02 23:25:00+00:00,1,0.5417388733457263
2026-03-02 23:30:00+00:00,1,0.5430798782691612
2026-03-02 23:35:00+00:00,1,0.5339845872371393
2026-03-02 23:40:00+00:00,1,0.5384806466936922
2026-03-02 23:45:00+00:00,0,0.5277172070358656
2026-03-02 23:50:00+00:00,0,0.5256047963452367
2026-03-03 00:00:00+00:00,0,0.5262772113406892
2026-03-03 00:05:00+00:00,0,0.5258595232425288
2026-03-03 00:10:00+00:00,1,0.5285994196271757
2026-03-03 00:15:00+00:00,0,0.5388530779746663
2026-03-03 00:20:00+00:00,1,0.5475215770452183
2026-03-03 00:25:00+00:00,1,0.5191585279489798
2026-03-03 00:30:00+00:00,1,0.5173446356287212
2026-03-03 00:35:00+00:00,1,0.5051941441358484
2026-03-03 00:40:00+00:00,1,0.5143128557570481
2026-03-03 00:45:00+00:00,1,0.5216200891555998
2026-03-03 00:50:00+00:00,1,0.5194481080059586
2026-03-03 00:55:00+00:00,0,0.5110620599118857
2026-03-03 01:00:00+00:00,0,0.5086085880797145
2026-03-03 01:05:00+00:00,0,0.471616297927526
2026-03-03 01:10:00+00:00,0,0.46900085772066236
2026-03-03 01:15:00+00:00,1,0.5040442327592015
2026-03-03 01:20:00+00:00,0,0.49537844001379766
2026-03-03 01:25:00+00:00,0,0.5219380620142318
2026-03-03 01:30:00+00:00,0,0.4779193820050603
2026-03-03 01:35:00+00:00,0,0.5045387236082994
2026-03-03 01:40:00+00:00,0,0.5093356031929663
2026-03-03 01:45:00+00:00,0,0.46856127609732184
2026-03-03 01:50:00+00:00,0,0.5150257765107723
2026-03-03 01:55:00+00:00,0,0.5126379172646814
2026-03-03 02:00:00+00:00,1,0.5104617889517422
2026-03-03 02:05:00+00:00,1,0.5047533543682303
2026-03-03 02:10:00+00:00,1,0.5174693158894226
2026-03-03 02:15:00+00:00,1,0.5183725587807685
2026-03-03 02:20:00+00:00,1,0.5198253828933218
2026-03-03 02:25:00+00:00,1,0.5160932729884867
2026-03-03 02:30:00+00:00,0,0.5162365438788119
2026-03-03 02:35:00+00:00,0,0.5126049573845171
2026-03-03 02:40:00+00:00,0,0.5150864948623677
2026-03-03 02:45:00+00:00,0,0.5105820605208201
2026-03-03 02:50:00+00:00,0,0.5166062412443492
2026-03-03 02:55:00+00:00,0,0.5157074790507812
2026-03-03 03:00:00+00:00,1,0.5142523120024791
2026-03-03 03:05:00+00:00,1,0.5173712582596727
2026-03-03 03:10:00+00:00,1,0.507828095902818
2026-03-03 03:15:00+00:00,1,0.5147258329138407
2026-03-03 03:20:00+00:00,1,0.5147671003094164
2026-03-03 03:25:00+00:00,1,0.5137580661290171
2026-03-03 03:30:00+00:00,1,0.49558267811233725
2026-03-03 03:35:00+00:00,0,0.4891920735928103
2026-03-03 03:40:00+00:00,0,0.464904250268088
2026-03-03 03:45:00+00:00,0,0.47897011283769864
2026-03-03 03:50:00+00:00,0,0.47194891658653826
2026-03-03 03:55:00+00:00,0,0.46644806435122665
2026-03-03 04:00:00+00:00,0,0.47609051776868894
2026-03-03 04:05:00+00:00,0,0.5027563644582009
2026-03-03 04:10:00+00:00,0,0.5046954667448559
2026-03-03 04:15:00+00:00,0,0.4851239074488257
2026-03-03 04:20:00+00:00,0,0.5051808225519887
2026-03-03 04:25:00+00:00,0,0.5048420254805865
2026-03-03 04:30:00+00:00,0,0.5014560335848031
2026-03-03 04:35:00+00:00,0,0.5066804653404963
2026-03-03 04:40:00+00:00,0,0.5041680766210319
2026-03-03 04:45:00+00:00,1,0.5124273275480686
2026-03-03 04:50:00+00:00,1,0.5109367752515879
2026-03-03 04:55:00+00:00,1,0.5209364825264831
2026-03-03 05:00:00+00:00,1,0.511248563995472
2026-03-03 05:05:00+00:00,1,0.5047104996481727
2026-03-03 05:10:00+00:00,1,0.5036227829548886
2026-03-03 05:15:00+00:00,0,0.46521733527230735
2026-03-03 05:20:00+00:00,0,0.4745759717789225
2026-03-03 05:25:00+00:00,0,0.46989192867498114
2026-03-03 05:30:00+00:00,0,0.4983041845596059
2026-03-03 05:35:00+00:00,1,0.5029735476912462
2026-03-03 05:40:00+00:00,0,0.5020631383517007
2026-03-03 05:45:00+00:00,0,0.5028050207837813
2026-03-03 05:50:00+00:00,0,0.5029936210879373
2026-03-03 05:55:00+00:00,0,0.5019291584828064
2026-03-03 06:00:00+00:00,0,0.50258240364296
2026-03-03 06:05:00+00:00,0,0.500105671331903
2026-03-03 06:10:00+00:00,0,0.513079596954725
2026-03-03 06:15:00+00:00,0,0.5122351158497044
2026-03-03 06:20:00+00:00,1,0.5143804899731931
2026-03-03 06:25:00+00:00,1,0.5122999493464531
2026-03-03 06:30:00+00:00,1,0.5148976860872737
2026-03-03 06:35:00+00:00,0,0.5022740196054283
2026-03-03 06:40:00+00:00,1,0.5105704589429036
2026-03-03 06:45:00+00:00,1,0.509869339455472
2026-03-03 06:50:00+00:00,1,0.5032338904005784
2026-03-03 06:55:00+00:00,1,0.502413599044046
2026-03-03 07:00:00+00:00,0,0.4996015860511546
2026-03-03 07:05:00+00:00,1,0.5059530552852639
2026-03-03 07:10:00+00:00,0,0.50191564328496
2026-03-03 07:15:00+00:00,0,0.4767894563013882
2026-03-03 07:20:00+00:00,0,0.496714445719114
2026-03-03 07:25:00+00:00,1,0.5028047947621485
2026-03-03 07:30:00+00:00,1,0.5046703013859137
2026-03-03 07:35:00+00:00,1,0.5049913162169628
2026-03-03 07:40:00+00:00,0,0.5051016382846734
2026-03-03 07:45:00+00:00,0,0.5033495466720814
2026-03-03 07:50:00+00:00,0,0.4994314517553638
2026-03-03 07:55:00+00:00,0,0.5009622884862932
2026-03-03 08:00:00+00:00,0,0.4930322547791166
2026-03-03 08:05:00+00:00,0,0.46924465565275225
2026-03-03 08:10:00+00:00,0,0.5115283649452148
2026-03-03 08:15:00+00:00,0,0.507986138543094
2026-03-03 08:20:00+00:00,0,0.4952625404006438
2026-03-03 08:25:00+00:00,0,0.5000395882210785
2026-03-03 08:30:00+00:00,0,0.505443814436416
2026-03-03 08:35:00+00:00,0,0.5087089537782981
2026-03-03 08:40:00+00:00,1,0.5178424384749065
2026-03-03 08:45:00+00:00,1,0.5132752506134312
2026-03-03 08:50:00+00:00,1,0.51366713193073
2026-03-03 08:55:00+00:00,0,0.5152053676293723
2026-03-03 09:00:00+00:00,0,0.5162333258938062
2026-03-03 09:05:00+00:00,0,0.5036289562030182
2026-03-03 09:10:00+00:00,0,0.49985104854779494
2026-03-03 09:15:00+00:00,0,0.49603153890365953
2026-03-03 09:20:00+00:00,0,0.512188875123764
2026-03-03 09:25:00+00:00,0,0.5278786028114982
2026-03-03 09:30:00+00:00,0,0.5136014596548896
2026-03-03 09:35:00+00:00,0,0.5179067439059682
2026-03-03 09:40:00+00:00,0,0.5229613461185795
2026-03-03 09:45:00+00:00,0,0.52287564653961
2026-03-03 09:50:00+00:00,1,0.5220774442876254
2026-03-03 09:55:00+00:00,1,0.5196145858394429
2026-03-03 10:00:00+00:00,1,0.5134151573749816
2026-03-03 10:05:00+00:00,1,0.5239333348663865
2026-03-03 10:10:00+00:00,1,0.514920393051186
2026-03-03 10:15:00+00:00,1,0.5163979382571945
2026-03-03 10:20:00+00:00,1,0.5200613554233048
2026-03-03 10:25:00+00:00,1,0.5228362071208876
2026-03-03 10:30:00+00:00,1,0.5169892421171413
2026-03-03 10:35:00+00:00,1,0.5244833592780682
2026-03-03 10:40:00+00:00,0,0.5090844995763422
2026-03-03 10:45:00+00:00,0,0.5022602886736101
2026-03-03 10:50:00+00:00,1,0.511462754528234
2026-03-03 10:55:00+00:00,0,0.49809091600843536
2026-03-03 11:00:00+00:00,0,0.5061668516656184
2026-03-03 11:05:00+00:00,0,0.5120100126850968
2026-03-03 11:10:00+00:00,1,0.5263626018522709
2026-03-03 11:15:00+00:00,1,0.5234966234033492
2026-03-03 11:20:00+00:00,0,0.4754716515463819
2026-03-03 11:25:00+00:00,1,0.5143614968482458
2026-03-03 11:30:00+00:00,1,0.503034317002546
2026-03-03 11:35:00+00:00,1,0.4721884605861452
2026-03-03 11:40:00+00:00,1,0.47607728937470156
2026-03-03 11:45:00+00:00,1,0.5183169071115731
2026-03-03 11:50:00+00:00,1,0.4659639427723075
2026-03-03 11:55:00+00:00,1,0.49360658887744313
2026-03-03 12:00:00+00:00,1,0.4849372468297324
2026-03-03 12:05:00+00:00,1,0.45779670221867186
2026-03-03 12:10:00+00:00,0,0.4530368195547599
2026-03-03 12:15:00+00:00,0,0.4608714407893924
2026-03-03 12:20:00+00:00,0,0.468157243321666
2026-03-03 12:25:00+00:00,0,0.46823108816882825
2026-03-03 12:30:00+00:00,0,0.47332860802239646
2026-03-03 12:35:00+00:00,0,0.4996596824494126
2026-03-03 12:40:00+00:00,0,0.46693527432395165
2026-03-03 12:45:00+00:00,0,0.48359778327380876
2026-03-03 12:50:00+00:00,0,0.48469785392577036
2026-03-03 12:55:00+00:00,0,0.47458630145755826
2026-03-03 13:00:00+00:00,0,0.5128082028337079
2026-03-03 13:05:00+00:00,0,0.5091866312937833
2026-03-03 13:10:00+00:00,0,0.5200972507194093
2026-03-03 13:15:00+00:00,0,0.5119912559652522
2026-03-03 13:20:00+00:00,0,0.5259716016485267
2026-03-03 13:25:00+00:00,0,0.5310888325768065
2026-03-03 13:30:00+00:00,1,0.5371514037879455
2026-03-03 13:35:00+00:00,1,0.5295894227693534
2026-03-03 13:40:00+00:00,1,0.5345282974268215
2026-03-03 13:45:00+00:00,1,0.5335898376984026
2026-03-03 13:50:00+00:00,1,0.528425206278312
2026-03-03 13:55:00+00:00,1,0.5251952059481703
2026-03-03 14:00:00+00:00,0,0.5213000908758157
2026-03-03 14:05:00+00:00,1,0.5152137137094399
2026-03-03 14:10:00+00:00,0,0.5273339037236436
2026-03-03 14:15:00+00:00,0,0.5250418894681488
2026-03-03 14:20:00+00:00,1,0.5165195901807733
2026-03-03 14:25:00+00:00,0,0.5152061355385726
2026-03-03 14:30:00+00:00,0,0.5198871830033782
2026-03-03 14:35:00+00:00,0,0.4945418524081552
2026-03-03 14:40:00+00:00,1,0.5162566422730189
2026-03-03 14:45:00+00:00,1,0.5178189913893925
2026-03-03 14:50:00+00:00,0,0.5011026792014333
2026-03-03 14:55:00+00:00,1,0.5062222662636555
2026-03-03 15:00:00+00:00,1,0.5151125850478467
2026-03-03 15:05:00+00:00,1,0.5070736162902536
2026-03-03 15:10:00+00:00,1,0.514222551754847
2026-03-03 15:15:00+00:00,1,0.5119430534295697
2026-03-03 15:20:00+00:00,1,0.5075459177973842
2026-03-03 15:25:00+00:00,1,0.5135199752450038
2026-03-03 15:30:00+00:00,1,0.49895186040350514
2026-03-03 15:35:00+00:00,1,0.5004811492063191
2026-03-03 15:40:00+00:00,1,0.5024327781158073
2026-03-03 15:45:00+00:00,1,0.5025046234385263
2026-03-03 15:50:00+00:00,1,0.49394953778086564
2026-03-03 15:55:00+00:00,1,0.4919442974756201
2026-03-03 16:00:00+00:00,1,0.4828373662699139
2026-03-03 16:05:00+00:00,0,0.4725339706877563
2026-03-03 16:10:00+00:00,0,0.5138453518993208
2026-03-03 16:15:00+00:00,0,0.47159237630260187
2026-03-03 16:20:00+00:00,0,0.49542917538063797
2026-03-03 16:25:00+00:00,0,0.4932584899843871
2026-03-03 16:30:00+00:00,0,0.486753701042189
2026-03-03 16:35:00+00:00,1,0.5184022368204635
2026-03-03 16:40:00+00:00,0,0.5076728353612691
2026-03-03 16:45:00+00:00,0,0.5163166979755132
2026-03-03 16:50:00+00:00,0,0.521692327109101
2026-03-03 16:55:00+00:00,0,0.5124675410935694
2026-03-03 17:00:00+00:00,0,0.512889833193999
2026-03-03 17:05:00+00:00,1,0.5351645122945022
2026-03-03 17:10:00+00:00,1,0.530957894407644
2026-03-03 17:15:00+00:00,1,0.5238475796494589
2026-03-03 17:20:00+00:00,1,0.5211495178644954
2026-03-03 17:25:00+00:00,1,0.5181484051879957
2026-03-03 17:30:00+00:00,1,0.5161093866150582
2026-03-03 17:35:00+00:00,1,0.5098335075396032
2026-03-03 17:40:00+00:00,1,0.5009997261694918
2026-03-03 17:45:00+00:00,1,0.49240742440005114
2026-03-03 17:50:00+00:00,1,0.49343523068756107
2026-03-03 17:55:00+00:00,1,0.4975680662112213
2026-03-03 18:00:00+00:00,1,0.5015034348135615
2026-03-03 18:05:00+00:00,1,0.49309380833519734
2026-03-03 18:10:00+00:00,1,0.5029810713849758
2026-03-03 18:15:00+00:00,1,0.4958292356182564
2026-03-03 18:20:00+00:00,0,0.4962522786644815
2026-03-03 18:25:00+00:00,0,0.5078886178944729
2026-03-03 18:30:00+00:00,0,0.5094723897129313
2026-03-03 18:35:00+00:00,0,0.49669849301596064
2026-03-03 18:40:00+00:00,0,0.48978314054276884
2026-03-03 18:45:00+00:00,0,0.4977147218056615
2026-03-03 18:50:00+00:00,0,0.5055960453464575
2026-03-03 18:55:00+00:00,0,0.5107599460181977
2026-03-03 19:00:00+00:00,1,0.5153399468006338
2026-03-03 19:05:00+00:00,1,0.5209669317125253
2026-03-03 19:10:00+00:00,1,0.517736062464208
2026-03-03 19:15:00+00:00,1,0.5141382093914653
2026-03-03 19:20:00+00:00,1,0.5106384687474508
2026-03-03 19:25:00+00:00,1,0.5091395432046135
2026-03-03 19:30:00+00:00,1,0.5050151497743633
2026-03-03 19:35:00+00:00,0,0.4960019546880266
2026-03-03 19:40:00+00:00,0,0.4857308668764081
2026-03-03 19:45:00+00:00,0,0.48051389687728396
2026-03-03 19:50:00+00:00,0,0.49159115877546455
2026-03-03 19:55:00+00:00,0,0.4986891383346621
2026-03-03 20:00:00+00:00,0,0.49143440990117326
2026-03-03 20:05:00+00:00,0,0.5122642427935554
2026-03-03 20:10:00+00:00,1,0.5126335962307176
2026-03-03 20:15:00+00:00,1,0.5128456552318621
2026-03-03 20:20:00+00:00,0,0.5099808941550796
2026-03-03 20:25:00+00:00,0,0.5149770800141826
2026-03-03 20:30:00+00:00,0,0.5157112856728419
2026-03-03 20:35:00+00:00,0,0.5088740587655753
2026-03-03 20:40:00+00:00,0,0.5086102299065953
2026-03-03 20:45:00+00:00,0,0.5036007925199548
2026-03-03 20:50:00+00:00,0,0.515456738159923
2026-03-03 20:55:00+00:00,0,0.5182193867777151
2026-03-03 21:00:00+00:00,0,0.5129767871224478
2026-03-03 21:05:00+00:00,0,0.5207552781136198
2026-03-03 21:10:00+00:00,0,0.5163083379926399
2026-03-03 21:15:00+00:00,0,0.5225693356909542
2026-03-03 21:20:00+00:00,0,0.5197098056744512
2026-03-03 21:25:00+00:00,1,0.5229921290396884
2026-03-03 21:30:00+00:00,1,0.523053176026784
2026-03-03 21:35:00+00:00,1,0.5186677091989861
2026-03-03 21:40:00+00:00,1,0.5208748979173184
2026-03-03 21:45:00+00:00,1,0.5180799607005314
2026-03-03 21:50:00+00:00,1,0.5107648493690627
2026-03-03 21:55:00+00:00,1,0.5144198108959093
2026-03-03 22:00:00+00:00,0,0.4759218092574531
2026-03-03 22:05:00+00:00,0,0.46629522137030727
2026-03-03 22:10:00+00:00,0,0.4737851699289358
2026-03-03 22:15:00+00:00,0,0.4746396568968174
2026-03-03 22:20:00+00:00,0,0.47088030898430233
2026-03-03 22:25:00+00:00,0,0.4947107648060664
2026-03-03 22:30:00+00:00,0,0.471793272611324
2026-03-03 22:35:00+00:00,1,0.4725615037474267
2026-03-03 22:40:00+00:00,1,0.47048957229653426
2026-03-03 22:45:00+00:00,1,0.503941470318395
2026-03-03 22:50:00+00:00,1,0.47723463522706633
2026-03-03 22:55:00+00:00,1,0.4947724114644761
2026-03-03 23:00:00+00:00,0,0.49615089923097855
2026-03-03 23:05:00+00:00,0,0.4876971952617167
2026-03-03 23:10:00+00:00,0,0.4837815145462562
2026-03-03 23:15:00+00:00,0,0.505618521585071
2026-03-03 23:20:00+00:00,0,0.500896221291113
2026-03-03 23:25:00+00:00,0,0.5010922711908412
2026-03-03 23:30:00+00:00,0,0.5180397379489475
2026-03-03 23:35:00+00:00,0,0.511578141282223
2026-03-03 23:40:00+00:00,0,0.5071883884763697
2026-03-03 23:45:00+00:00,1,0.5110009546399584
2026-03-03 23:50:00+00:00,1,0.5181812521799946
2026-03-03 23:55:00+00:00,1,0.5141227867230662
2026-03-04 00:00:00+00:00,0,0.5176059574284785
2026-03-04 00:05:00+00:00,0,0.5063255507169265
2026-03-04 00:10:00+00:00,0,0.5040397422000795
2026-03-04 00:15:00+00:00,0,0.4632317622014388
2026-03-04 00:20:00+00:00,0,0.5157704113812056
2026-03-04 00:25:00+00:00,0,0.4741959523889408
2026-03-04 00:30:00+00:00,1,0.5138304564980396
2026-03-04 00:35:00+00:00,1,0.5200522454792601
2026-03-04 00:40:00+00:00,1,0.5096250897079336
2026-03-04 00:45:00+00:00,0,0.48120466814923446
2026-03-04 00:50:00+00:00,1,0.5147798936790917
2026-03-04 00:55:00+00:00,1,0.5055421130726309
2026-03-04 01:00:00+00:00,0,0.46534324146478867
2026-03-04 01:05:00+00:00,1,0.4718147202467096
2026-03-04 01:10:00+00:00,1,0.5144333359857973
2026-03-04 01:15:00+00:00,0,0.5107466272638063
2026-03-04 01:20:00+00:00,1,0.5182485938412367
2026-03-04 01:25:00+00:00,0,0.4835212087134178
2026-03-04 01:30:00+00:00,0,0.46916085276865327
2026-03-04 01:35:00+00:00,0,0.4636804067576598
2026-03-04 01:40:00+00:00,0,0.46426040936803764
2026-03-04 01:45:00+00:00,0,0.5083126267202697
2026-03-04 01:50:00+00:00,0,0.508314685511351
2026-03-04 01:55:00+00:00,0,0.5031682205075046
2026-03-04 02:00:00+00:00,0,0.5071332530767684
2026-03-04 02:05:00+00:00,1,0.5075963280596527
2026-03-04 02:10:00+00:00,1,0.5045859878886008
2026-03-04 02:15:00+00:00,1,0.4968475793116549
2026-03-04 02:20:00+00:00,1,0.49902770136588864
2026-03-04 02:25:00+00:00,1,0.5089713871271742
2026-03-04 02:30:00+00:00,1,0.5062087950782084
2026-03-04 02:35:00+00:00,1,0.5026416441601331
2026-03-04 02:40:00+00:00,1,0.4888368296620406
2026-03-04 02:45:00+00:00,1,0.4688036394108464
2026-03-04 02:50:00+00:00,0,0.46894971579998396
2026-03-04 02:55:00+00:00,0,0.46676099362273044
2026-03-04 03:00:00+00:00,0,0.4632792959370942
2026-03-04 03:05:00+00:00,0,0.4621999447077709
2026-03-04 03:10:00+00:00,0,0.46380188160167235
2026-03-04 03:15:00+00:00,0,0.466460250125466
2026-03-04 03:20:00+00:00,0,0.4760769448228909
2026-03-04 03:25:00+00:00,0,0.5042855261960137
2026-03-04 03:30:00+00:00,1,0.51131251064262
2026-03-04 03:35:00+00:00,0,0.4992078413074666
2026-03-04 03:40:00+00:00,1,0.5029500415681484
2026-03-04 03:45:00+00:00,0,0.4971442027712491
2026-03-04 03:50:00+00:00,0,0.5052104062356346
2026-03-04 03:55:00+00:00,0,0.5006075211396724
2026-03-04 04:00:00+00:00,0,0.5023611379783212
2026-03-04 04:05:00+00:00,0,0.5004451590777466
2026-03-04 04:10:00+00:00,0,0.4996644607333667
2026-03-04 04:15:00+00:00,0,0.5095362773834501
2026-03-04 04:20:00+00:00,1,0.5176818529330203
2026-03-04 04:25:00+00:00,1,0.5209241005919312
2026-03-04 04:30:00+00:00,1,0.5182536447326371
2026-03-04 04:35:00+00:00,1,0.5264972321428553
2026-03-04 04:40:00+00:00,1,0.5131835106326642
2026-03-04 04:45:00+00:00,1,0.5035375852730071
2026-03-04 04:50:00+00:00,0,0.49990489829291535
2026-03-04 04:55:00+00:00,0,0.50690719423043
2026-03-04 05:00:00+00:00,0,0.5042997719633611
2026-03-04 05:05:00+00:00,0,0.5036803585658752
2026-03-04 05:10:00+00:00,0,0.5036868339396083
2026-03-04 05:15:00+00:00,0,0.5049873394714107
2026-03-04 05:20:00+00:00,1,0.5067651183024457
2026-03-04 05:25:00+00:00,1,0.5116532508197227
2026-03-04 05:30:00+00:00,1,0.5073925299357104
2026-03-04 05:35:00+00:00,0,0.5011317617767118
2026-03-04 05:40:00+00:00,0,0.49565012328959734
2026-03-04 05:45:00+00:00,0,0.5036630460726935
2026-03-04 05:50:00+00:00,0,0.5024935117994592
2026-03-04 05:55:00+00:00,0,0.5062742505869291
2026-03-04 06:00:00+00:00,1,0.5156039552179731
2026-03-04 06:05:00+00:00,1,0.5208858735624012
2026-03-04 06:10:00+00:00,1,0.5133457804706949
2026-03-04 06:15:00+00:00,1,0.5179051757425275
2026-03-04 06:20:00+00:00,1,0.5129492555822405
2026-03-04 06:25:00+00:00,1,0.5111193916825941
2026-03-04 06:30:00+00:00,0,0.48797313323971986
2026-03-04 06:35:00+00:00,0,0.49109354753271683
2026-03-04 06:40:00+00:00,0,0.48650797602348556
2026-03-04 06:45:00+00:00,0,0.4937581231036456
2026-03-04 06:50:00+00:00,1,0.4972840133780494
2026-03-04 06:55:00+00:00,1,0.5042179071239654
2026-03-04 07:00:00+00:00,1,0.5041723917529629
2026-03-04 07:05:00+00:00,1,0.5017746153497803
2026-03-04 07:10:00+00:00,1,0.5015136784232289
2026-03-04 07:15:00+00:00,1,0.5045900906211884
2026-03-04 07:20:00+00:00,1,0.47575422185396604
2026-03-04 07:25:00+00:00,1,0.4645677951912963
2026-03-04 07:30:00+00:00,1,0.46758631333738426
2026-03-04 07:35:00+00:00,1,0.46360709342392775
2026-03-04 07:40:00+00:00,1,0.46471585475031113
2026-03-04 07:45:00+00:00,0,0.4559319220856113
2026-03-04 07:50:00+00:00,0,0.47171226351367573
2026-03-04 07:55:00+00:00,0,0.4601532551911675
2026-03-04 08:00:00+00:00,0,0.4668526686890928
2026-03-04 08:05:00+00:00,0,0.454014464223741
2026-03-04 08:10:00+00:00,1,0.4733232291356406
2026-03-04 08:15:00+00:00,1,0.46793595310547426
2026-03-04 08:20:00+00:00,1,0.4914637563949001
2026-03-04 08:25:00+00:00,1,0.49191150715509296
2026-03-04 08:30:00+00:00,1,0.47083994449326794
2026-03-04 08:35:00+00:00,1,0.4772337613747245
2026-03-04 08:40:00+00:00,1,0.46346504365708996
2026-03-04 08:45:00+00:00,1,0.4549562666946772
2026-03-04 08:50:00+00:00,1,0.45691436322575923
2026-03-04 08:55:00+00:00,1,0.45230404903760535
2026-03-04 09:00:00+00:00,1,0.45675652941219097
2026-03-04 09:05:00+00:00,1,0.45588220969142695
2026-03-04 09:10:00+00:00,1,0.4542164674761245
2026-03-04 09:15:00+00:00,1,0.45324858239075994
2026-03-04 09:20:00+00:00,0,0.4536795286593936
2026-03-04 09:25:00+00:00,0,0.4570198987215056
2026-03-04 09:30:00+00:00,0,0.45290337737923947
2026-03-04 09:35:00+00:00,0,0.45433300616900607
2026-03-04 09:40:00+00:00,0,0.4674648602085456
2026-03-04 09:45:00+00:00,0,0.4545406927385788
2026-03-04 09:50:00+00:00,0,0.48427941528503893
2026-03-04 09:55:00+00:00,0,0.4795656548934863
2026-03-04 10:00:00+00:00,0,0.48238763757237924
2026-03-04 10:05:00+00:00,0,0.4847568569623394
2026-03-04 10:10:00+00:00,0,0.49447341307479326
2026-03-04 10:15:00+00:00,0,0.5001892657714194
2026-03-04 10:20:00+00:00,0,0.5098721247509231
2026-03-04 10:25:00+00:00,1,0.5067856355061341
2026-03-04 10:30:00+00:00,1,0.5176570890024026
2026-03-04 10:35:00+00:00,1,0.5149642348746478
2026-03-04 10:40:00+00:00,1,0.5181085218025826
2026-03-04 10:45:00+00:00,1,0.5146191203690579
2026-03-04 10:50:00+00:00,1,0.5151032152517737
2026-03-04 10:55:00+00:00,0,0.5112692717954487
2026-03-04 11:00:00+00:00,0,0.5128024960705365
2026-03-04 11:05:00+00:00,0,0.5036025742390607
2026-03-04 11:10:00+00:00,0,0.5027949202033944
2026-03-04 11:15:00+00:00,0,0.5073551908482744
2026-03-04 11:20:00+00:00,0,0.5045421706782425
2026-03-04 11:25:00+00:00,0,0.5095117498752311
2026-03-04 11:30:00+00:00,1,0.5148424129525964
2026-03-04 11:35:00+00:00,1,0.5393836368442119
2026-03-04 11:40:00+00:00,1,0.511696459065045
2026-03-04 11:45:00+00:00,0,0.5067185009211866
2026-03-04 11:50:00+00:00,0,0.5023602241652073
2026-03-04 11:55:00+00:00,0,0.5093723550696468
2026-03-04 12:00:00+00:00,0,0.5076208213713658
2026-03-04 12:05:00+00:00,0,0.510723759427936
2026-03-04 12:10:00+00:00,0,0.5105785701186771
2026-03-04 12:15:00+00:00,0,0.5198932764991442
2026-03-04 12:20:00+00:00,0,0.5208854322295684
2026-03-04 12:25:00+00:00,1,0.5258457540640439
2026-03-04 12:30:00+00:00,1,0.511377502332436
2026-03-04 12:35:00+00:00,1,0.5083519394794783
2026-03-04 12:40:00+00:00,1,0.5129891822889568
2026-03-04 12:45:00+00:00,0,0.5113235062134152
2026-03-04 12:50:00+00:00,1,0.51222520554095
2026-03-04 12:55:00+00:00,1,0.5122688639370537
2026-03-04 13:00:00+00:00,1,0.5056930079694039
2026-03-04 13:05:00+00:00,0,0.49928724705188016
2026-03-04 13:10:00+00:00,1,0.5028971523389879
2026-03-04 13:15:00+00:00,1,0.5072510617118483
2026-03-04 13:20:00+00:00,1,0.5086557483471651
2026-03-04 13:25:00+00:00,1,0.5009844391804394
2026-03-04 13:30:00+00:00,0,0.5029173438294618
2026-03-04 13:35:00+00:00,0,0.5005071634250796
2026-03-04 13:40:00+00:00,1,0.48770531033371434
2026-03-04 13:45:00+00:00,1,0.5067342735745026
2026-03-04 13:50:00+00:00,1,0.5004770439744438
2026-03-04 13:55:00+00:00,1,0.47399520764644143
2026-03-04 14:00:00+00:00,1,0.488685137068213
2026-03-04 14:05:00+00:00,1,0.5013737858541681
2026-03-04 14:10:00+00:00,0,0.4696597752222975
2026-03-04 14:15:00+00:00,0,0.47597759459264855
2026-03-04 14:20:00+00:00,0,0.4842378796794633
2026-03-04 14:25:00+00:00,0,0.4699515780072832
2026-03-04 14:30:00+00:00,0,0.4655777855967602
2026-03-04 14:35:00+00:00,0,0.46838531629491215
2026-03-04 14:40:00+00:00,1,0.517366531279357
2026-03-04 14:45:00+00:00,1,0.5042461524267248
2026-03-04 14:50:00+00:00,1,0.5033908667413213
2026-03-04 14:55:00+00:00,1,0.5094181734450915
2026-03-04 15:00:00+00:00,1,0.5158029308743292
2026-03-04 15:05:00+00:00,1,0.49941416428344665
2026-03-04 15:10:00+00:00,1,0.5123558987366091
2026-03-04 15:15:00+00:00,1,0.47462004383986384
2026-03-04 15:20:00+00:00,1,0.47786817283807387
2026-03-04 15:25:00+00:00,1,0.4680062284436924
2026-03-04 15:30:00+00:00,1,0.46814482218117887
2026-03-04 15:35:00+00:00,1,0.4729089227668113
2026-03-04 15:40:00+00:00,0,0.467005925288521
2026-03-04 15:45:00+00:00,0,0.47131683440279504
2026-03-04 15:50:00+00:00,0,0.46767562410751645
2026-03-04 15:55:00+00:00,0,0.47422303012384104
2026-03-04 16:00:00+00:00,0,0.46887965379552404
2026-03-04 16:05:00+00:00,0,0.47533027954941026
2026-03-04 16:10:00+00:00,0,0.4862283753917723
2026-03-04 16:15:00+00:00,0,0.48308120369120866
2026-03-04 16:20:00+00:00,1,0.5059747698813115
2026-03-04 16:25:00+00:00,0,0.48755545632548114
2026-03-04 16:30:00+00:00,0,0.48029717102511293
2026-03-04 16:35:00+00:00,0,0.48261135533507593
2026-03-04 16:40:00+00:00,1,0.4901894473566519
2026-03-04 16:45:00+00:00,0,0.4847120132551861
2026-03-04 16:50:00+00:00,0,0.4972235469839648
2026-03-04 16:55:00+00:00,0,0.5035083978338426
2026-03-04 17:00:00+00:00,0,0.4880622226555035
2026-03-04 17:05:00+00:00,1,0.5135144587931808
2026-03-04 17:10:00+00:00,0,0.484886096445723
2026-03-04 17:15:00+00:00,1,0.5157440007173146
2026-03-04 17:20:00+00:00,1,0.5117572155520607
2026-03-04 17:25:00+00:00,1,0.5113255630480935
2026-03-04 17:30:00+00:00,1,0.5077437765800469
2026-03-04 17:35:00+00:00,1,0.4963016900772853
2026-03-04 17:40:00+00:00,1,0.5072417014472315
2026-03-04 17:45:00+00:00,1,0.48987755162639607
2026-03-04 17:50:00+00:00,0,0.46993890443761366
2026-03-04 17:55:00+00:00,1,0.4746687977485235
2026-03-04 18:00:00+00:00,0,0.47491535376731137
2026-03-04 18:05:00+00:00,0,0.47771464116746154
2026-03-04 18:10:00+00:00,1,0.4992847033583355
2026-03-04 18:15:00+00:00,1,0.4799253775836608
2026-03-04 18:20:00+00:00,1,0.47626465254400635
2026-03-04 18:25:00+00:00,1,0.47395603071812986
2026-03-04 18:30:00+00:00,1,0.4987320081819441
2026-03-04 18:35:00+00:00,1,0.49661596138840536
2026-03-04 18:40:00+00:00,1,0.47334804032549327
2026-03-04 18:45:00+00:00,1,0.4729783475629742
2026-03-04 18:50:00+00:00,1,0.47272959135461917
2026-03-04 18:55:00+00:00,1,0.47142289366151746
2026-03-04 19:00:00+00:00,1,0.4712054825845182
2026-03-04 19:05:00+00:00,1,0.47820942869821237
2026-03-04 19:10:00+00:00,1,0.46939963886895714
2026-03-04 19:15:00+00:00,0,0.4693407426923292
2026-03-04 19:20:00+00:00,1,0.47197012267807736
2026-03-04 19:25:00+00:00,0,0.472984061387235
2026-03-04 19:30:00+00:00,1,0.4758242519785673
2026-03-04 19:35:00+00:00,0,0.4708898964639161
2026-03-04 19:40:00+00:00,0,0.470861421822222
2026-03-04 19:45:00+00:00,0,0.46797491940962066
2026-03-04 19:50:00+00:00,0,0.4769565334220405
2026-03-04 19:55:00+00:00,0,0.47646777558718467
2026-03-04 20:00:00+00:00,0,0.4756043637087624
2026-03-04 20:05:00+00:00,1,0.48759972803963353
2026-03-04 20:10:00+00:00,1,0.5056708406784417
2026-03-04 20:15:00+00:00,1,0.49606425099883295
2026-03-04 20:20:00+00:00,0,0.5048877689263129
2026-03-04 20:25:00+00:00,0,0.5040254070231942
2026-03-04 20:30:00+00:00,0,0.5027010684726432
2026-03-04 20:35:00+00:00,0,0.5104323550625582
2026-03-04 20:40:00+00:00,0,0.4967295002435631
2026-03-04 20:45:00+00:00,0,0.5026267387547396
2026-03-04 20:50:00+00:00,0,0.5150316586420943
2026-03-04 20:55:00+00:00,1,0.5184937137376163
2026-03-04 21:00:00+00:00,0,0.5203608152468304
2026-03-04 21:05:00+00:00,1,0.5181955390352002
2026-03-04 21:10:00+00:00,1,0.5138876310877524
2026-03-04 21:15:00+00:00,1,0.511853874513678
2026-03-04 21:20:00+00:00,1,0.5126978597981531
2026-03-04 21:25:00+00:00,1,0.511484215141617
2026-03-04 21:30:00+00:00,1,0.5144075163650228
2026-03-04 21:35:00+00:00,0,0.506393059303244
2026-03-04 21:40:00+00:00,1,0.5106298507610146
2026-03-04 21:45:00+00:00,0,0.5083204689655905
2026-03-04 21:50:00+00:00,1,0.5093492883590626
2026-03-04 21:55:00+00:00,0,0.5102013701199954
2026-03-04 22:00:00+00:00,0,0.5042453505850375
2026-03-04 22:05:00+00:00,0,0.5080305225873271
2026-03-04 22:10:00+00:00,0,0.5118183138621932
2026-03-04 22:15:00+00:00,0,0.5110557253558303
2026-03-04 22:20:00+00:00,0,0.5009376202170285
2026-03-04 22:25:00+00:00,0,0.5049837195092196
2026-03-04 22:30:00+00:00,0,0.5116294083846352
2026-03-04 22:35:00+00:00,0,0.5111987408410801
2026-03-04 22:40:00+00:00,0,0.5153729377370782
2026-03-04 22:45:00+00:00,0,0.5148796974299071
2026-03-04 22:50:00+00:00,0,0.5160044209905386
2026-03-04 22:55:00+00:00,0,0.5159080103319281
2026-03-04 23:00:00+00:00,0,0.5227249938154326
2026-03-04 23:05:00+00:00,1,0.5220282659098421
2026-03-04 23:10:00+00:00,1,0.5155156027268724
2026-03-04 23:15:00+00:00,1,0.5204040660094256
2026-03-04 23:20:00+00:00,1,0.543612870872619
2026-03-04 23:25:00+00:00,1,0.5339909553954374
2026-03-04 23:30:00+00:00,1,0.5348366831459782
2026-03-04 23:35:00+00:00,0,0.5050149856099059
2026-03-04 23:40:00+00:00,1,0.5081254722418815
2026-03-04 23:45:00+00:00,0,0.5056974444383251
2026-03-04 23:50:00+00:00,0,0.507651158934925
2026-03-04 23:55:00+00:00,0,0.5098429878309706
2026-03-05 00:00:00+00:00,0,0.5112295795148579
2026-03-05 00:05:00+00:00,0,0.5187284397580827
2026-03-05 00:10:00+00:00,0,0.5099972449092475
2026-03-05 00:15:00+00:00,0,0.5211160449972686
2026-03-05 00:20:00+00:00,0,0.5232999479471655
2026-03-05 00:25:00+00:00,0,0.5219282033719628
2026-03-05 00:30:00+00:00,0,0.5272797352899471
2026-03-05 00:35:00+00:00,1,0.5241719660187982
2026-03-05 00:40:00+00:00,1,0.520947087808772
2026-03-05 00:45:00+00:00,1,0.5166522198252175
2026-03-05 00:50:00+00:00,0,0.525655125423999
2026-03-05 00:55:00+00:00,0,0.5206704053484529
2026-03-05 01:00:00+00:00,0,0.5234853580356444
2026-03-05 01:05:00+00:00,0,0.5082969649141781
2026-03-05 01:10:00+00:00,0,0.4994457176597015
2026-03-05 01:15:00+00:00,0,0.5138152570760672
2026-03-05 01:20:00+00:00,0,0.5195291325035969
2026-03-05 01:25:00+00:00,0,0.5168198288541928
2026-03-05 01:30:00+00:00,0,0.5236859638120339
2026-03-05 01:35:00+00:00,1,0.526243293556875
2026-03-05 01:40:00+00:00,1,0.5250433499305194
2026-03-05 01:45:00+00:00,1,0.5266903536464749
2026-03-05 01:50:00+00:00,1,0.5264727846880821
2026-03-05 01:55:00+00:00,1,0.5239905484632933
2026-03-05 02:00:00+00:00,0,0.5160483651822354
2026-03-05 02:05:00+00:00,0,0.5052961847988305
2026-03-05 02:10:00+00:00,0,0.5069011578417356
2026-03-05 02:15:00+00:00,0,0.5068015837061504
2026-03-05 02:20:00+00:00,0,0.5101249416398899
2026-03-05 02:25:00+00:00,0,0.5083555198661487
2026-03-05 02:30:00+00:00,1,0.5168892492774279
2026-03-05 02:35:00+00:00,1,0.5161752346703461
2026-03-05 02:40:00+00:00,1,0.5173730287467964
2026-03-05 02:45:00+00:00,0,0.5155769055025429
2026-03-05 02:50:00+00:00,1,0.5197868281319202
2026-03-05 02:55:00+00:00,0,0.5137770360387479
2026-03-05 03:00:00+00:00,0,0.5115080619395386
2026-03-05 03:05:00+00:00,0,0.5163612253087198
2026-03-05 03:10:00+00:00,0,0.5073688468781481
2026-03-05 03:15:00+00:00,0,0.5147338481215409
2026-03-05 03:20:00+00:00,0,0.5132704466737643
2026-03-05 03:25:00+00:00,0,0.5103738971356624
2026-03-05 03:30:00+00:00,1,0.519902827342779
2026-03-05 03:35:00+00:00,1,0.5146872877989506
2026-03-05 03:40:00+00:00,1,0.5127454181625416
2026-03-05 03:45:00+00:00,1,0.5051325872104716
2026-03-05 03:50:00+00:00,1,0.5071411242548577
2026-03-05 03:55:00+00:00,1,0.5093552796093411
2026-03-05 04:00:00+00:00,0,0.5059515297116964
2026-03-05 04:05:00+00:00,1,0.5098427867343404
2026-03-05 04:10:00+00:00,1,0.5084109038697076
2026-03-05 04:15:00+00:00,1,0.5087490643689214
2026-03-05 04:20:00+00:00,0,0.4949636792987726
2026-03-05 04:25:00+00:00,1,0.49178521629745653
2026-03-05 04:30:00+00:00,1,0.5084826537502586
2026-03-05 04:35:00+00:00,1,0.5024412741485669
2026-03-05 04:40:00+00:00,1,0.4639572759732347
2026-03-05 04:45:00+00:00,0,0.4678212215193639
2026-03-05 04:50:00+00:00,0,0.5000471785800611
2026-03-05 04:55:00+00:00,0,0.46466530708598314
2026-03-05 05:00:00+00:00,0,0.46298368707589305
2026-03-05 05:05:00+00:00,0,0.46490781218839267
2026-03-05 05:10:00+00:00,0,0.4691279063177505
2026-03-05 05:15:00+00:00,0,0.4818357193283668
2026-03-05 05:20:00+00:00,0,0.5053445729113553
2026-03-05 05:25:00+00:00,0,0.5094296170426843
2026-03-05 05:30:00+00:00,0,0.5050376658140957
2026-03-05 05:35:00+00:00,0,0.5115958861126078
2026-03-05 05:40:00+00:00,0,0.509514960127579
2026-03-05 05:45:00+00:00,0,0.5123180827366702
2026-03-05 05:50:00+00:00,1,0.5109627770679297
2026-03-05 05:55:00+00:00,0,0.5095134844754806
2026-03-05 06:00:00+00:00,0,0.5047406544201664
2026-03-05 06:05:00+00:00,1,0.5168133923212995
2026-03-05 06:10:00+00:00,1,0.5150072548959972
2026-03-05 06:15:00+00:00,1,0.5149714910247172
2026-03-05 06:20:00+00:00,1,0.5077180943847693
2026-03-05 06:25:00+00:00,1,0.5119129887126512
2026-03-05 06:30:00+00:00,1,0.5045681287840221
2026-03-05 06:35:00+00:00,1,0.5011176554832262
2026-03-05 06:40:00+00:00,1,0.5048817886126041
2026-03-05 06:45:00+00:00,1,0.49835630113624624
2026-03-05 06:50:00+00:00,0,0.47214374745527715
2026-03-05 06:55:00+00:00,0,0.4780934088957904
2026-03-05 07:00:00+00:00,0,0.4974331241198918
2026-03-05 07:05:00+00:00,0,0.49458063208044967
2026-03-05 07:10:00+00:00,0,0.4618045586198821
2026-03-05 07:15:00+00:00,0,0.45826636102174645
2026-03-05 07:20:00+00:00,0,0.46642586738270886
2026-03-05 07:25:00+00:00,0,0.4831126486790597
2026-03-05 07:30:00+00:00,0,0.4926050383164972
2026-03-05 07:35:00+00:00,0,0.5057707313550973
2026-03-05 07:40:00+00:00,0,0.5027509873507964
2026-03-05 07:45:00+00:00,0,0.4972751093225709
2026-03-05 07:50:00+00:00,1,0.5154172212803997
2026-03-05 07:55:00+00:00,0,0.5013967102846464
2026-03-05 08:00:00+00:00,1,0.5110736181426598
2026-03-05 08:05:00+00:00,1,0.5036314646054969
2026-03-05 08:10:00+00:00,1,0.5042162593505156
2026-03-05 08:15:00+00:00,1,0.5098600156885698
2026-03-05 08:20:00+00:00,1,0.5018739029941593
2026-03-05 08:25:00+00:00,1,0.5034182936146394
2026-03-05 08:30:00+00:00,1,0.48903336441320816
2026-03-05 08:35:00+00:00,1,0.5001418423371371
2026-03-05 08:40:00+00:00,1,0.4862113182877653
2026-03-05 08:45:00+00:00,1,0.48896897877738044
2026-03-05 08:50:00+00:00,1,0.4981147199758224
2026-03-05 08:55:00+00:00,1,0.48531392139048907
2026-03-05 09:00:00+00:00,1,0.48718094292283937
2026-03-05 09:05:00+00:00,0,0.490925530573584
2026-03-05 09:10:00+00:00,0,0.4850617036299002
2026-03-05 09:15:00+00:00,0,0.4777851439571167
2026-03-05 09:20:00+00:00,0,0.47654127574623073
2026-03-05 09:25:00+00:00,0,0.48291280701851713
2026-03-05 09:30:00+00:00,0,0.4703643191021336
2026-03-05 09:35:00+00:00,0,0.46804578250323947
2026-03-05 09:40:00+00:00,0,0.4691818523481849
2026-03-05 09:45:00+00:00,0,0.49490745686754045
2026-03-05 09:50:00+00:00,0,0.46755986213658135
2026-03-05 09:55:00+00:00,1,0.49150943391105506
2026-03-05 10:00:00+00:00,1,0.4929866000522475
2026-03-05 10:05:00+00:00,1,0.48092440464281877
2026-03-05 10:10:00+00:00,1,0.48082299398989925
2026-03-05 10:15:00+00:00,1,0.48943816947808066
2026-03-05 10:20:00+00:00,1,0.4846292384636709
2026-03-05 10:25:00+00:00,1,0.46736414151426764
2026-03-05 10:30:00+00:00,0,0.45659803078803185
2026-03-05 10:35:00+00:00,0,0.46318628351296
2026-03-05 10:40:00+00:00,1,0.46559432862086214
2026-03-05 10:45:00+00:00,0,0.4580222840419161
2026-03-05 10:50:00+00:00,0,0.4549251018947193
2026-03-05 10:55:00+00:00,0,0.46769817950665576
2026-03-05 11:00:00+00:00,0,0.4640214822906929
2026-03-05 11:05:00+00:00,0,0.46277182891142205
2026-03-05 11:10:00+00:00,0,0.4725691723107658
2026-03-05 11:15:00+00:00,0,0.4853332229196895
2026-03-05 11:20:00+00:00,0,0.507710786726118
2026-03-05 11:25:00+00:00,0,0.4957786820375856
2026-03-05 11:30:00+00:00,0,0.5118529181969191
2026-03-05 11:35:00+00:00,1,0.5189445577925018
2026-03-05 11:40:00+00:00,1,0.5147379847373873
2026-03-05 11:45:00+00:00,1,0.516989219915771
2026-03-05 11:50:00+00:00,1,0.5154992639442417
2026-03-05 11:55:00+00:00,1,0.5166594532463078
2026-03-05 12:00:00+00:00,1,0.5191262312245866
2026-03-05 12:05:00+00:00,1,0.5128011121607168
2026-03-05 12:10:00+00:00,1,0.5165117602679034
2026-03-05 12:15:00+00:00,1,0.5084814148020282
2026-03-05 12:20:00+00:00,1,0.5054544060433143
2026-03-05 12:25:00+00:00,1,0.5086047528310231
2026-03-05 12:30:00+00:00,0,0.5032926292102643
2026-03-05 12:35:00+00:00,0,0.5079772071182035
2026-03-05 12:40:00+00:00,0,0.5050651212612047
2026-03-05 12:45:00+00:00,0,0.48678721891916465
2026-03-05 12:50:00+00:00,0,0.4944214437311125
2026-03-05 12:55:00+00:00,0,0.494679053771222
2026-03-05 13:00:00+00:00,0,0.5128683462816884
2026-03-05 13:05:00+00:00,0,0.5085545120449914
2026-03-05 13:10:00+00:00,0,0.5087564181527879
2026-03-05 13:15:00+00:00,1,0.5016407572753941
2026-03-05 13:20:00+00:00,1,0.5037610023006066
2026-03-05 13:25:00+00:00,1,0.5001728247749514
2026-03-05 13:30:00+00:00,1,0.5118694263873356
2026-03-05 13:35:00+00:00,1,0.5063123782080636
2026-03-05 13:40:00+00:00,1,0.4956575000636619
2026-03-05 13:45:00+00:00,1,0.49575195470939204
2026-03-05 13:50:00+00:00,1,0.47834123814684515
2026-03-05 13:55:00+00:00,1,0.4769898651010243
2026-03-05 14:00:00+00:00,1,0.48733694759380525
2026-03-05 14:05:00+00:00,1,0.48724052417180613
2026-03-05 14:10:00+00:00,0,0.4787220947845259
2026-03-05 14:15:00+00:00,1,0.47949174781798926
2026-03-05 14:20:00+00:00,1,0.4684859294281579
2026-03-05 14:25:00+00:00,1,0.4747962124532662
2026-03-05 14:30:00+00:00,0,0.46441456338011683
2026-03-05 14:35:00+00:00,0,0.471362794978576
2026-03-05 14:40:00+00:00,0,0.47147147737801276
2026-03-05 14:45:00+00:00,0,0.47441303879887214
2026-03-05 14:50:00+00:00,0,0.47272317561187477
2026-03-05 14:55:00+00:00,0,0.4656631437437139
2026-03-05 15:00:00+00:00,0,0.47996942420775385
2026-03-05 15:05:00+00:00,1,0.5132173167562707
2026-03-05 15:10:00+00:00,0,0.5020197777910217
2026-03-05 15:15:00+00:00,0,0.5146496263797268
2026-03-05 15:20:00+00:00,1,0.5162846013036556
2026-03-05 15:25:00+00:00,1,0.5193837689021533
2026-03-05 15:30:00+00:00,0,0.5175738482087907
2026-03-05 15:35:00+00:00,0,0.5105161369046569
2026-03-05 15:40:00+00:00,0,0.5144587121683319
2026-03-05 15:45:00+00:00,0,0.5240220087294233
2026-03-05 15:50:00+00:00,0,0.5185939422639272
2026-03-05 15:55:00+00:00,0,0.5181022188071943
2026-03-05 16:00:00+00:00,0,0.527075687457861
2026-03-05 16:05:00+00:00,1,0.5940639217319273
2026-03-05 16:10:00+00:00,1,0.5478917959480278
2026-03-05 16:15:00+00:00,1,0.5317848051091708
2026-03-05 16:20:00+00:00,1,0.5178208626687728
2026-03-05 16:25:00+00:00,0,0.5314646981205676
2026-03-05 16:30:00+00:00,1,0.5159655265740863
2026-03-05 16:35:00+00:00,0,0.5133348921153352
2026-03-05 16:40:00+00:00,0,0.5132048417754018
2026-03-05 16:45:00+00:00,0,0.5148744596421516
2026-03-05 16:50:00+00:00,0,0.5184878850674476
2026-03-05 16:55:00+00:00,0,0.5328799092373615
2026-03-05 17:00:00+00:00,0,0.5104879676393385
2026-03-05 17:05:00+00:00,0,0.5232142617118732
2026-03-05 17:10:00+00:00,0,0.5206427595841487
2026-03-05 17:15:00+00:00,0,0.5296463346220996
2026-03-05 17:20:00+00:00,0,0.5274835707150336
2026-03-05 17:25:00+00:00,0,0.5270217526544508
2026-03-05 17:30:00+00:00,1,0.5287161489358151
2026-03-05 17:35:00+00:00,0,0.5254734071269803
2026-03-05 17:40:00+00:00,1,0.5281057642547774
2026-03-05 17:45:00+00:00,1,0.5302764244554451
2026-03-05 17:50:00+00:00,1,0.5288967934321746
2026-03-05 17:55:00+00:00,1,0.5291498614763949
2026-03-05 18:00:00+00:00,1,0.5158923578662236
2026-03-05 18:05:00+00:00,1,0.5127771255010726
2026-03-05 18:10:00+00:00,1,0.507671789651065
2026-03-05 18:15:00+00:00,1,0.5067181254557742
2026-03-05 18:20:00+00:00,1,0.4874364928625676
2026-03-05 18:25:00+00:00,1,0.4894258930360753
2026-03-05 18:30:00+00:00,1,0.4864314464644165
2026-03-05 18:35:00+00:00,1,0.4966786231561511
2026-03-05 18:40:00+00:00,1,0.4882656689291652
2026-03-05 18:45:00+00:00,1,0.48952539890720254
2026-03-05 18:50:00+00:00,1,0.4876983635281
2026-03-05 18:55:00+00:00,1,0.47988531253184996
2026-03-05 19:00:00+00:00,1,0.46946075860518166
2026-03-05 19:05:00+00:00,0,0.4739988233968889
2026-03-05 19:10:00+00:00,0,0.4734917912879979
2026-03-05 19:15:00+00:00,0,0.4774469050055654
2026-03-05 19:20:00+00:00,0,0.4734209630598393
2026-03-05 19:25:00+00:00,0,0.47272100946412204
2026-03-05 19:30:00+00:00,1,0.4739578388168249
2026-03-05 19:35:00+00:00,1,0.5004502712258619
2026-03-05 19:40:00+00:00,1,0.4760104217122165
2026-03-05 19:45:00+00:00,1,0.47690495506647024
2026-03-05 19:50:00+00:00,1,0.4886983452281932
2026-03-05 19:55:00+00:00,1,0.4935116192125566
2026-03-05 20:00:00+00:00,1,0.4978704175391238
2026-03-05 20:05:00+00:00,1,0.4905513292950101
2026-03-05 20:10:00+00:00,1,0.4908634696764922
2026-03-05 20:15:00+00:00,0,0.48736783009513523
2026-03-05 20:20:00+00:00,0,0.483967236434974
2026-03-05 20:25:00+00:00,0,0.4731873649506225
2026-03-05 20:30:00+00:00,1,0.4731698965846618
2026-03-05 20:35:00+00:00,1,0.47486559289657343
2026-03-05 20:40:00+00:00,1,0.4790846273899539
2026-03-05 20:45:00+00:00,1,0.4745299623095953
2026-03-05 20:50:00+00:00,1,0.48348970837234334
2026-03-05 20:55:00+00:00,1,0.4812983880382741
2026-03-05 21:00:00+00:00,0,0.47304155791646657
2026-03-05 21:05:00+00:00,0,0.49876762478163456
2026-03-05 21:10:00+00:00,0,0.49582181817676146
2026-03-05 21:15:00+00:00,0,0.46446403725410207
2026-03-05 21:20:00+00:00,0,0.4669226355171115
2026-03-05 21:25:00+00:00,0,0.46403450842033983
2026-03-05 21:30:00+00:00,0,0.49028284334741024
2026-03-05 21:35:00+00:00,0,0.4974470425399705
2026-03-05 21:40:00+00:00,0,0.4993028900824509
2026-03-05 21:45:00+00:00,0,0.482293857411115
2026-03-05 21:50:00+00:00,0,0.5032605863541695
2026-03-05 21:55:00+00:00,0,0.5050222877425492
2026-03-05 22:00:00+00:00,0,0.5093104116155773
2026-03-05 22:05:00+00:00,0,0.5099699408360038
2026-03-05 22:10:00+00:00,1,0.5132552476541187
2026-03-05 22:15:00+00:00,1,0.5090536566365516
2026-03-05 22:20:00+00:00,1,0.5109188097540049
2026-03-05 22:25:00+00:00,0,0.5164983177143406
2026-03-05 22:30:00+00:00,0,0.5100600344096666
2026-03-05 22:35:00+00:00,0,0.513204755922378
2026-03-05 22:40:00+00:00,0,0.5059150419032118
2026-03-05 22:45:00+00:00,0,0.511936357668721
2026-03-05 22:50:00+00:00,0,0.5089547568005471
2026-03-05 22:55:00+00:00,1,0.5107941509596423
2026-03-05 23:00:00+00:00,0,0.5075671436264309
2026-03-05 23:05:00+00:00,0,0.5124777652808923
2026-03-05 23:10:00+00:00,0,0.5147795237976147
2026-03-05 23:15:00+00:00,0,0.515075481733433
2026-03-05 23:20:00+00:00,0,0.5085062044472033
2026-03-05 23:25:00+00:00,0,0.5064864006857814
2026-03-05 23:30:00+00:00,1,0.5137465560582543
2026-03-05 23:35:00+00:00,0,0.5121344680055258
2026-03-05 23:40:00+00:00,0,0.5106294342843221
2026-03-05 23:45:00+00:00,0,0.5128696968686681
2026-03-05 23:50:00+00:00,0,0.514490176090667
2026-03-05 23:55:00+00:00,0,0.5132226004466879
2026-03-06 00:00:00+00:00,0,0.5114872396586894
2026-03-06 00:05:00+00:00,1,0.5229951891443545
2026-03-06 00:10:00+00:00,0,0.5219864387097567
2026-03-06 00:15:00+00:00,0,0.5216112682928842
2026-03-06 00:20:00+00:00,0,0.5197363272998025
2026-03-06 00:25:00+00:00,0,0.5232463635582661
2026-03-06 00:30:00+00:00,0,0.5093420452064419
2026-03-06 00:35:00+00:00,1,0.5124043041824659
2026-03-06 00:40:00+00:00,1,0.5118028359334366
2026-03-06 00:45:00+00:00,1,0.5196250475798389
2026-03-06 00:50:00+00:00,1,0.5102058934453398
2026-03-06 00:55:00+00:00,0,0.5196348455157637
2026-03-06 01:00:00+00:00,1,0.5242070171432538
2026-03-06 01:05:00+00:00,1,0.5078373616862355
2026-03-06 01:10:00+00:00,1,0.5156136427581829
2026-03-06 01:15:00+00:00,1,0.5122665878030968
2026-03-06 01:20:00+00:00,1,0.5137974410743755
2026-03-06 01:25:00+00:00,1,0.5268177029301253
2026-03-06 01:30:00+00:00,1,0.4811117121194235
2026-03-06 01:35:00+00:00,1,0.48665203479552277
2026-03-06 01:40:00+00:00,1,0.45864937408834033
2026-03-06 01:45:00+00:00,1,0.4577786356074728
2026-03-06 01:50:00+00:00,1,0.4752730674117347
2026-03-06 01:55:00+00:00,1,0.48775175514907493
2026-03-06 02:00:00+00:00,1,0.48703690071423283
2026-03-06 02:05:00+00:00,1,0.4704835422793617
2026-03-06 02:10:00+00:00,1,0.45540255959793347
2026-03-06 02:15:00+00:00,1,0.46361896632323396
2026-03-06 02:20:00+00:00,1,0.49470717520032176
2026-03-06 02:25:00+00:00,0,0.48649704005711614
2026-03-06 02:30:00+00:00,1,0.469089815941817
2026-03-06 02:35:00+00:00,0,0.4637462622835983
2026-03-06 02:40:00+00:00,0,0.4554787350675624
2026-03-06 02:45:00+00:00,0,0.46238088962588597
2026-03-06 02:50:00+00:00,1,0.4837219079826495
2026-03-06 02:55:00+00:00,1,0.5018851102184826
2026-03-06 03:00:00+00:00,0,0.49229260125968716
2026-03-06 03:05:00+00:00,0,0.5040641942562452
2026-03-06 03:10:00+00:00,1,0.5063384750408444
2026-03-06 03:15:00+00:00,1,0.4979627077183855
2026-03-06 03:20:00+00:00,0,0.4894552919681029
2026-03-06 03:25:00+00:00,0,0.495462033579305
2026-03-06 03:30:00+00:00,1,0.49639231835914627
2026-03-06 03:35:00+00:00,1,0.4938661909391422
2026-03-06 03:40:00+00:00,1,0.5027554901943837
2026-03-06 03:45:00+00:00,1,0.5036936941452309
2026-03-06 03:50:00+00:00,1,0.5045441037730957
2026-03-06 03:55:00+00:00,0,0.48493229215193345
2026-03-06 04:00:00+00:00,0,0.47608032002992934
2026-03-06 04:05:00+00:00,0,0.4891415509414739
2026-03-06 04:10:00+00:00,0,0.4808473923631336
2026-03-06 04:15:00+00:00,0,0.5004144488543989
2026-03-06 04:20:00+00:00,0,0.5026950714015078
2026-03-06 04:25:00+00:00,0,0.5036647438104475
2026-03-06 04:30:00+00:00,0,0.5054266883559444
2026-03-06 04:35:00+00:00,0,0.5036201464882745
2026-03-06 04:40:00+00:00,1,0.5051023403103654
2026-03-06 04:45:00+00:00,1,0.5037091228393163
2026-03-06 04:50:00+00:00,1,0.5010661594446676
2026-03-06 04:55:00+00:00,0,0.4965972699465733
2026-03-06 05:00:00+00:00,0,0.4978816667584482
2026-03-06 05:05:00+00:00,0,0.5026535576251129
2026-03-06 05:10:00+00:00,0,0.5029546267336219
2026-03-06 05:15:00+00:00,0,0.5031996404814804
2026-03-06 05:20:00+00:00,1,0.5038488367494404
2026-03-06 05:25:00+00:00,1,0.5043814983896926
2026-03-06 05:30:00+00:00,1,0.5035733195316738
2026-03-06 05:35:00+00:00,1,0.5130372066377916
2026-03-06 05:40:00+00:00,1,0.5091879425902234
2026-03-06 05:45:00+00:00,1,0.505472523536444
2026-03-06 05:50:00+00:00,1,0.49788095495897566
2026-03-06 05:55:00+00:00,1,0.4972426852935224
2026-03-06 06:00:00+00:00,0,0.49990456514641196
2026-03-06 06:05:00+00:00,1,0.49921570470205395
2026-03-06 06:10:00+00:00,1,0.4976082920426972
2026-03-06 06:15:00+00:00,1,0.49863481280297833
2026-03-06 06:20:00+00:00,1,0.4875261051819472
2026-03-06 06:25:00+00:00,1,0.49014740478517027
2026-03-06 06:30:00+00:00,1,0.49135303554819937
2026-03-06 06:35:00+00:00,1,0.48870337703969324
2026-03-06 06:40:00+00:00,0,0.48503500447425646
2026-03-06 06:45:00+00:00,0,0.4710973883399275
2026-03-06 06:50:00+00:00,1,0.4758847156135942
2026-03-06 06:55:00+00:00,1,0.4818172518700593
2026-03-06 07:00:00+00:00,1,0.4629770212275218
2026-03-06 07:05:00+00:00,1,0.46848442831923165
2026-03-06 07:10:00+00:00,1,0.4881830946593268
2026-03-06 07:15:00+00:00,1,0.485717292364489
2026-03-06 07:20:00+00:00,1,0.4629036087342982
2026-03-06 07:25:00+00:00,1,0.45545213818436886
2026-03-06 07:30:00+00:00,1,0.4669679246047104
2026-03-06 07:35:00+00:00,1,0.4675867016147307
2026-03-06 07:40:00+00:00,0,0.46255769283047354
2026-03-06 07:45:00+00:00,0,0.4600658658299565
2026-03-06 07:50:00+00:00,0,0.45914095043627445
2026-03-06 07:55:00+00:00,0,0.4670240300706277
2026-03-06 08:00:00+00:00,0,0.4656194542101625
2026-03-06 08:05:00+00:00,0,0.46863738337218747
2026-03-06 08:10:00+00:00,1,0.4766096037757729
2026-03-06 08:15:00+00:00,0,0.46321738373027604
2026-03-06 08:20:00+00:00,1,0.4697942049959767
2026-03-06 08:25:00+00:00,0,0.47309736180244466
2026-03-06 08:30:00+00:00,1,0.4856854289024192
2026-03-06 08:35:00+00:00,0,0.4928377468500891
2026-03-06 08:40:00+00:00,0,0.4820890606313028
2026-03-06 08:45:00+00:00,0,0.4699528609787037
2026-03-06 08:50:00+00:00,0,0.4676115557938028
2026-03-06 08:55:00+00:00,0,0.47800609598641247
2026-03-06 09:00:00+00:00,0,0.4675398463177779
2026-03-06 09:05:00+00:00,0,0.49955727346875933
2026-03-06 09:10:00+00:00,0,0.5130318644597933
2026-03-06 09:15:00+00:00,0,0.5087243612720358
2026-03-06 09:20:00+00:00,0,0.5256015604154617
2026-03-06 09:25:00+00:00,1,0.5286770161465973
2026-03-06 09:30:00+00:00,1,0.532332981560499
2026-03-06 09:35:00+00:00,1,0.5317315265334066
2026-03-06 09:40:00+00:00,1,0.5229331236197079
2026-03-06 09:45:00+00:00,1,0.5229086451049786
2026-03-06 09:50:00+00:00,1,0.520300671584916
2026-03-06 09:55:00+00:00,1,0.5097838763184077
2026-03-06 10:00:00+00:00,0,0.48789967403345197
2026-03-06 10:05:00+00:00,0,0.49079157410004615
2026-03-06 10:10:00+00:00,0,0.48870087732645856
2026-03-06 10:15:00+00:00,0,0.4826286663853992
2026-03-06 10:20:00+00:00,0,0.4776748769864217
2026-03-06 10:25:00+00:00,0,0.4904236010888308
2026-03-06 10:30:00+00:00,0,0.5042153173126529
2026-03-06 10:35:00+00:00,0,0.49448408747357325
2026-03-06 10:40:00+00:00,0,0.49247668316674686
2026-03-06 10:45:00+00:00,0,0.48802440453582663
2026-03-06 10:50:00+00:00,0,0.4802781859365578
2026-03-06 10:55:00+00:00,0,0.4828412164809828
2026-03-06 11:00:00+00:00,0,0.5089144970213821
2026-03-06 11:05:00+00:00,0,0.5086246270709416
2026-03-06 11:10:00+00:00,0,0.5037831605814428
2026-03-06 11:15:00+00:00,0,0.5136898770012985
2026-03-06 11:20:00+00:00,0,0.5164584114375274
2026-03-06 11:25:00+00:00,0,0.5080710650391415
2026-03-06 11:30:00+00:00,0,0.5247885451239047
2026-03-06 11:35:00+00:00,0,0.5252379157277399
2026-03-06 11:40:00+00:00,0,0.5339051567669243
2026-03-06 11:45:00+00:00,1,0.5241656801092331
2026-03-06 11:55:00+00:00,1,0.5296459578260662
2026-03-06 12:00:00+00:00,1,0.5472696466598334
2026-03-06 12:05:00+00:00,1,0.5616440112414885
2026-03-06 12:10:00+00:00,0,0.5512446888669649
2026-03-06 12:15:00+00:00,0,0.5106169054744634
2026-03-06 12:20:00+00:00,0,0.5096401356463223
2026-03-06 12:25:00+00:00,0,0.5078519026819869
2026-03-06 12:30:00+00:00,1,0.5214007619166265
2026-03-06 12:35:00+00:00,1,0.5197641121191986
2026-03-06 12:40:00+00:00,1,0.5242568306813854
2026-03-06 12:45:00+00:00,1,0.5208805728865783
2026-03-06 12:50:00+00:00,1,0.5165571182774366
2026-03-06 12:55:00+00:00,1,0.5127493767984678
2026-03-06 13:00:00+00:00,1,0.5125885140420177
2026-03-06 13:05:00+00:00,1,0.5090390024464185
2026-03-06 13:10:00+00:00,1,0.5119766905582662
2026-03-06 13:15:00+00:00,1,0.5003064500520111
2026-03-06 13:20:00+00:00,0,0.49856968325029166
2026-03-06 13:25:00+00:00,0,0.4698111874705726
2026-03-06 13:30:00+00:00,0,0.4669067406865499
2026-03-06 13:35:00+00:00,0,0.47781915149511023
2026-03-06 13:40:00+00:00,0,0.4698704979076544
2026-03-06 13:45:00+00:00,0,0.47778794062600677
2026-03-06 13:50:00+00:00,0,0.5046020269769211
2026-03-06 13:55:00+00:00,0,0.5485120648013907
2026-03-06 14:00:00+00:00,0,0.5117874238709712
2026-03-06 14:05:00+00:00,0,0.5449545783930023
2026-03-06 14:10:00+00:00,0,0.5298003912360022
2026-03-06 14:15:00+00:00,0,0.5237990878716005
2026-03-06 14:20:00+00:00,0,0.5154574405450787
2026-03-06 14:25:00+00:00,0,0.5152570271875617
2026-03-06 14:30:00+00:00,0,0.5227201350226791
2026-03-06 14:35:00+00:00,0,0.5331455055052169
2026-03-06 14:40:00+00:00,1,0.5164919122671702
2026-03-06 14:45:00+00:00,1,0.551812729684745
2026-03-06 14:50:00+00:00,1,0.521453208989349
2026-03-06 14:55:00+00:00,1,0.5192394855572567
2026-03-06 15:00:00+00:00,1,0.5180618269634312
2026-03-06 15:05:00+00:00,1,0.5222890311490707
2026-03-06 15:10:00+00:00,0,0.5193391954353413
2026-03-06 15:15:00+00:00,0,0.5087534693808425
2026-03-06 15:20:00+00:00,0,0.5091373778427175
2026-03-06 15:25:00+00:00,0,0.5289209944971137
2026-03-06 15:30:00+00:00,0,0.5109465189560211
2026-03-06 15:35:00+00:00,0,0.5051713674102168
2026-03-06 15:40:00+00:00,0,0.5176996579478031
2026-03-06 15:45:00+00:00,0,0.5275048808645219
2026-03-06 15:50:00+00:00,1,0.5302799818805429
2026-03-06 15:55:00+00:00,0,0.5224345509875328
2026-03-06 16:00:00+00:00,0,0.518672916560966
2026-03-06 16:05:00+00:00,1,0.5283729793280215
2026-03-06 16:10:00+00:00,1,0.5210110531458753
2026-03-06 16:15:00+00:00,1,0.5181883727843545
2026-03-06 16:20:00+00:00,1,0.5200026490508997
2026-03-06 16:25:00+00:00,0,0.5257527141029626
2026-03-06 16:30:00+00:00,1,0.5217739620621727
2026-03-06 16:35:00+00:00,0,0.505997501539271
2026-03-06 16:40:00+00:00,0,0.5146603774327041
2026-03-06 16:45:00+00:00,0,0.5152208083608127
2026-03-06 16:50:00+00:00,1,0.5223536135440725
2026-03-06 16:55:00+00:00,0,0.5262077917219474
2026-03-06 17:00:00+00:00,0,0.5135960935942335
2026-03-06 17:05:00+00:00,0,0.5082146802178397
2026-03-06 17:10:00+00:00,0,0.524020789363505
2026-03-06 17:15:00+00:00,0,0.5128025209704888
2026-03-06 17:20:00+00:00,0,0.5103405302901957
2026-03-06 17:25:00+00:00,0,0.5281758121603785
2026-03-06 17:30:00+00:00,1,0.5254107473670638
2026-03-06 17:35:00+00:00,1,0.5383736331963233
2026-03-06 17:40:00+00:00,1,0.528351220551669
2026-03-06 17:45:00+00:00,1,0.520169037681371
2026-03-06 17:50:00+00:00,1,0.5218784251685701
2026-03-06 17:55:00+00:00,1,0.5211631608218171
2026-03-06 18:00:00+00:00,1,0.5181862455061009
2026-03-06 18:05:00+00:00,1,0.4965271429501649
2026-03-06 18:10:00+00:00,1,0.4720610876670935
2026-03-06 18:15:00+00:00,1,0.48522544668119155
2026-03-06 18:20:00+00:00,1,0.48210229132918514
2026-03-06 18:25:00+00:00,1,0.47895908796263387
2026-03-06 18:30:00+00:00,1,0.46824460198598955
2026-03-06 18:35:00+00:00,1,0.47074304507719433
2026-03-06 18:40:00+00:00,1,0.4672025246690106
2026-03-06 18:45:00+00:00,1,0.46790954718494987
2026-03-06 18:50:00+00:00,1,0.46243917536738904
2026-03-06 18:55:00+00:00,0,0.4719228668706235
2026-03-06 19:00:00+00:00,0,0.47062527488624967
2026-03-06 19:05:00+00:00,0,0.4748374887454135
2026-03-06 19:10:00+00:00,0,0.4694845831806954
2026-03-06 19:15:00+00:00,0,0.4713054868837173
2026-03-06 19:20:00+00:00,0,0.4796854010722757
2026-03-06 19:25:00+00:00,0,0.48847446639921194
2026-03-06 19:30:00+00:00,0,0.48471587367788616
2026-03-06 19:35:00+00:00,0,0.4926163525866291
2026-03-06 19:40:00+00:00,0,0.4913712823859099
2026-03-06 19:45:00+00:00,1,0.49526874817076655
2026-03-06 19:50:00+00:00,1,0.5015630471452559
2026-03-06 19:55:00+00:00,0,0.516919430397434
2026-03-06 20:00:00+00:00,0,0.4877432197301493
2026-03-06 20:05:00+00:00,0,0.5156096531714147
2026-03-06 20:10:00+00:00,0,0.5120784279111059
2026-03-06 20:15:00+00:00,0,0.5116809373676057
2026-03-06 20:20:00+00:00,1,0.5152720187568389
2026-03-06 20:25:00+00:00,1,0.5191727527088421
2026-03-06 20:30:00+00:00,1,0.5231370560517401
2026-03-06 20:35:00+00:00,1,0.5145728119718789
2026-03-06 20:40:00+00:00,1,0.5117481116801151
2026-03-06 20:45:00+00:00,0,0.5047935610069814
2026-03-06 20:50:00+00:00,0,0.5006938351853454
2026-03-06 20:55:00+00:00,0,0.5039922799656802
2026-03-06 21:00:00+00:00,0,0.5063645869949481
2026-03-06 21:05:00+00:00,0,0.5043500132515117
2026-03-06 21:10:00+00:00,0,0.5016198492983314
2026-03-06 21:15:00+00:00,0,0.4934874906109078
2026-03-06 21:20:00+00:00,1,0.5122537935235324
2026-03-06 21:25:00+00:00,1,0.5076867572439615
2026-03-06 21:30:00+00:00,1,0.5108743360904778
2026-03-06 21:35:00+00:00,1,0.507945916341198
2026-03-06 21:40:00+00:00,1,0.507550634890351
2026-03-06 21:45:00+00:00,1,0.49035098846995423
2026-03-06 21:50:00+00:00,1,0.5041311990061002
2026-03-06 21:55:00+00:00,0,0.4821743980302884
2026-03-06 22:00:00+00:00,1,0.48287059632088725
2026-03-06 22:05:00+00:00,0,0.47294549657888374
2026-03-06 22:15:00+00:00,1,0.46990038531930944
2026-03-06 22:20:00+00:00,1,0.4731662946140841
2026-03-06 22:30:00+00:00,0,0.4671575638939721
2026-03-06 22:35:00+00:00,0,0.47592184576424335
2026-03-06 22:40:00+00:00,0,0.466430509734659
2026-03-06 22:45:00+00:00,0,0.463557177788711
2026-03-06 22:50:00+00:00,0,0.4672529947966158
2026-03-06 22:55:00+00:00,0,0.47471379635496236
2026-03-06 23:00:00+00:00,0,0.4866898196986012
2026-03-06 23:05:00+00:00,0,0.5046335651975065
2026-03-06 23:10:00+00:00,0,0.5117623581222926
2026-03-06 23:15:00+00:00,0,0.49951601161082415
2026-03-06 23:20:00+00:00,0,0.5020580729251558
2026-03-06 23:25:00+00:00,0,0.5005815559468989
2026-03-06 23:30:00+00:00,1,0.5115916676042527
2026-03-06 23:35:00+00:00,1,0.5127815116989086
2026-03-06 23:40:00+00:00,1,0.5210820970170762
2026-03-06 23:45:00+00:00,1,0.5047086967906296
2026-03-06 23:50:00+00:00,1,0.5294090966458045
2026-03-06 23:55:00+00:00,1,0.5110398389104582
2026-03-07 00:00:00+00:00,1,0.5290870854469053
2026-03-07 00:05:00+00:00,0,0.4892056918908132
2026-03-07 00:10:00+00:00,0,0.48405955444953114
2026-03-07 00:15:00+00:00,0,0.483038238437492
2026-03-07 00:20:00+00:00,0,0.4815500687876188
2026-03-07 00:25:00+00:00,0,0.5103128105041693
2026-03-07 00:30:00+00:00,0,0.5138680508186578
2026-03-07 00:35:00+00:00,0,0.5236871193286433
2026-03-07 00:40:00+00:00,0,0.5203517369076804
2026-03-07 00:45:00+00:00,0,0.5164517616192587
2026-03-07 00:50:00+00:00,0,0.5017048322505826
2026-03-07 00:55:00+00:00,0,0.5103768977580327
2026-03-07 01:00:00+00:00,0,0.5095849879650682
2026-03-07 01:05:00+00:00,0,0.5079916502727638
2026-03-07 01:10:00+00:00,1,0.5179560189486526
2026-03-07 01:15:00+00:00,1,0.5164802746532582
2026-03-07 01:20:00+00:00,1,0.5185263908003778
2026-03-07 01:25:00+00:00,0,0.502046741283116
2026-03-07 01:30:00+00:00,1,0.5159619011944246
2026-03-07 01:35:00+00:00,1,0.5079131802986284
2026-03-07 01:40:00+00:00,1,0.5097378649339774
2026-03-07 01:45:00+00:00,1,0.5078437886778687
2026-03-07 01:50:00+00:00,0,0.5068762516991484
2026-03-07 01:55:00+00:00,1,0.512214994487644
2026-03-07 02:00:00+00:00,0,0.49959695232991214
2026-03-07 02:05:00+00:00,0,0.5019907155661031
2026-03-07 02:10:00+00:00,0,0.5074360787964711
2026-03-07 02:15:00+00:00,0,0.5019913789271073
2026-03-07 02:20:00+00:00,1,0.5051603937424688
2026-03-07 02:25:00+00:00,1,0.4964604355628887
2026-03-07 02:30:00+00:00,1,0.5093169069838174
2026-03-07 02:35:00+00:00,1,0.5094351952559188
2026-03-07 02:40:00+00:00,1,0.5078269981031129
2026-03-07 02:45:00+00:00,1,0.5024502021642939
2026-03-07 02:50:00+00:00,1,0.49535564037693924
2026-03-07 02:55:00+00:00,1,0.4732279306579404
2026-03-07 03:00:00+00:00,0,0.47716116348604465
2026-03-07 03:05:00+00:00,0,0.4717661193137661
2026-03-07 03:10:00+00:00,0,0.46012026322847704
2026-03-07 03:15:00+00:00,0,0.4842217357748529
2026-03-07 03:20:00+00:00,0,0.46466226004924577
2026-03-07 03:25:00+00:00,0,0.47684323422717184
2026-03-07 03:30:00+00:00,0,0.49267062697928843
2026-03-07 03:35:00+00:00,0,0.4980756122083592
2026-03-07 03:40:00+00:00,0,0.5068650162554605
2026-03-07 03:45:00+00:00,0,0.49581073478690557
2026-03-07 03:50:00+00:00,0,0.5055700209247974
2026-03-07 03:55:00+00:00,1,0.5055946682132837
2026-03-07 04:00:00+00:00,1,0.5097667249665103
2026-03-07 04:05:00+00:00,1,0.5131343877193941
2026-03-07 04:10:00+00:00,1,0.5012787956472851
2026-03-07 04:15:00+00:00,1,0.4999197756134872
2026-03-07 04:20:00+00:00,1,0.49986147100594686
2026-03-07 04:25:00+00:00,0,0.4830315539755547
2026-03-07 04:30:00+00:00,0,0.49623333903001887
2026-03-07 04:35:00+00:00,0,0.472813076134456
2026-03-07 04:40:00+00:00,0,0.47696900452410984
2026-03-07 04:45:00+00:00,0,0.4978419134795851
2026-03-07 04:50:00+00:00,0,0.48512460377854083
2026-03-07 04:55:00+00:00,0,0.5015600077427146
2026-03-07 05:00:00+00:00,0,0.5019336962629164
2026-03-07 05:05:00+00:00,0,0.5051553032957597
2026-03-07 05:10:00+00:00,0,0.5028288945068908
2026-03-07 05:15:00+00:00,1,0.5057061683168107
2026-03-07 05:20:00+00:00,0,0.5020149981051014
2026-03-07 05:25:00+00:00,0,0.5026183905259081
2026-03-07 05:30:00+00:00,1,0.5030627347647187
2026-03-07 05:35:00+00:00,0,0.5058483844526112
2026-03-07 05:40:00+00:00,0,0.493251982982649
2026-03-07 05:45:00+00:00,0,0.4899895909210821
2026-03-07 05:50:00+00:00,0,0.5021012913712467
2026-03-07 05:55:00+00:00,0,0.5024498555774489
2026-03-07 06:00:00+00:00,0,0.5028681604100878
2026-03-07 06:05:00+00:00,0,0.504672038167861
2026-03-07 06:10:00+00:00,0,0.5029367788732915
2026-03-07 06:15:00+00:00,0,0.5047445091619249
2026-03-07 06:20:00+00:00,0,0.5059854747701307
2026-03-07 06:25:00+00:00,0,0.5078214080092044
2026-03-07 06:30:00+00:00,0,0.5025890854319784
2026-03-07 06:35:00+00:00,0,0.5054064146404236
2026-03-07 06:40:00+00:00,0,0.5057547461563947
2026-03-07 06:45:00+00:00,0,0.5124946020687916
2026-03-07 06:50:00+00:00,0,0.5111435867942896
2026-03-07 06:55:00+00:00,1,0.5270044307684936
2026-03-07 07:00:00+00:00,1,0.5222766431373657
2026-03-07 07:05:00+00:00,1,0.5217486889545018
2026-03-07 07:10:00+00:00,0,0.5144160050405425
2026-03-07 07:15:00+00:00,1,0.5214210890004268
2026-03-07 07:20:00+00:00,1,0.5107401285059419
2026-03-07 07:25:00+00:00,1,0.5120987720748236
2026-03-07 07:30:00+00:00,1,0.5057060338861374
2026-03-07 07:35:00+00:00,1,0.5194679737621872
2026-03-07 07:40:00+00:00,1,0.5094363426219798
2026-03-07 07:45:00+00:00,1,0.5115954045941621
2026-03-07 07:50:00+00:00,1,0.5120939301507946
2026-03-07 07:55:00+00:00,1,0.5068373927850566
2026-03-07 08:00:00+00:00,1,0.4979175068975963
2026-03-07 08:05:00+00:00,1,0.5076563803558515
2026-03-07 08:10:00+00:00,1,0.49854225990681117
2026-03-07 08:15:00+00:00,0,0.4612181119224223
2026-03-07 08:20:00+00:00,0,0.46107423431033484
2026-03-07 08:25:00+00:00,0,0.4588307524245019
2026-03-07 08:30:00+00:00,0,0.4588420860614522
2026-03-07 08:35:00+00:00,0,0.453975473410959
2026-03-07 08:40:00+00:00,0,0.46607096101266676
2026-03-07 08:45:00+00:00,0,0.4699141664233336
2026-03-07 08:50:00+00:00,1,0.4882851290755709
2026-03-07 08:55:00+00:00,1,0.5017616361398516
2026-03-07 09:00:00+00:00,1,0.4992533258973411
2026-03-07 09:05:00+00:00,1,0.504770067931888
2026-03-07 09:10:00+00:00,1,0.5031962322377538
2026-03-07 09:15:00+00:00,0,0.4715160916159353
2026-03-07 09:20:00+00:00,0,0.47461636356976294
2026-03-07 09:25:00+00:00,0,0.4701784597753367
2026-03-07 09:30:00+00:00,1,0.49235659612196075
2026-03-07 09:35:00+00:00,0,0.4773476880644009
2026-03-07 09:40:00+00:00,0,0.5039102509896164
2026-03-07 09:45:00+00:00,0,0.4885900186915125
2026-03-07 09:50:00+00:00,0,0.5089064701870045
2026-03-07 09:55:00+00:00,0,0.5082571677356742
2026-03-07 10:00:00+00:00,0,0.5089652883595908
2026-03-07 10:05:00+00:00,0,0.5155770130331381
2026-03-07 10:10:00+00:00,0,0.5136840000737344
2026-03-07 10:15:00+00:00,1,0.5127714190823691
2026-03-07 10:20:00+00:00,1,0.5094239580298611
2026-03-07 10:25:00+00:00,0,0.5121125437935854
2026-03-07 10:30:00+00:00,0,0.5128578203614593
2026-03-07 10:35:00+00:00,0,0.5054877830918454
2026-03-07 10:40:00+00:00,1,0.501651482697068
2026-03-07 10:45:00+00:00,1,0.49630225372930853
2026-03-07 10:50:00+00:00,1,0.5049219762875816
2026-03-07 10:55:00+00:00,1,0.5069593655629094
2026-03-07 11:00:00+00:00,1,0.5244867326616309
2026-03-07 11:05:00+00:00,1,0.5166152770880723
2026-03-07 11:10:00+00:00,0,0.45583340713451714
2026-03-07 11:15:00+00:00,0,0.4650246571096785
2026-03-07 11:20:00+00:00,1,0.48271447668023404
2026-03-07 11:25:00+00:00,1,0.5011913274265177
2026-03-07 11:30:00+00:00,1,0.49219318177752747
2026-03-07 11:35:00+00:00,0,0.5059605786813456
2026-03-07 11:40:00+00:00,1,0.5084912773301375
2026-03-07 11:45:00+00:00,0,0.47992502652144636
2026-03-07 11:50:00+00:00,0,0.46984548890984246
2026-03-07 11:55:00+00:00,0,0.4925243393696699
2026-03-07 12:00:00+00:00,0,0.4898201288613472
2026-03-07 12:05:00+00:00,0,0.5114122820233739
2026-03-07 12:10:00+00:00,0,0.49903294968063705
2026-03-07 12:15:00+00:00,0,0.5129231756226436
2026-03-07 12:20:00+00:00,0,0.5025361924786957
2026-03-07 12:25:00+00:00,0,0.5093337527582895
2026-03-07 12:30:00+00:00,0,0.5094653133365078
2026-03-07 12:35:00+00:00,0,0.5126345760739367
2026-03-07 12:40:00+00:00,1,0.5133989332937798
2026-03-07 12:45:00+00:00,1,0.5178270557583998
2026-03-07 12:50:00+00:00,1,0.5119608720423859
2026-03-07 12:55:00+00:00,1,0.5090358445938135
2026-03-07 13:00:00+00:00,0,0.5095804814694949
2026-03-07 13:05:00+00:00,0,0.5076157496861776
2026-03-07 13:10:00+00:00,0,0.5050422384540262
2026-03-07 13:15:00+00:00,1,0.519125680109402
2026-03-07 13:20:00+00:00,0,0.5112475171077956
2026-03-07 13:25:00+00:00,0,0.516404112468867
2026-03-07 13:30:00+00:00,0,0.5120085915681767
2026-03-07 13:35:00+00:00,0,0.5173839451267315
2026-03-07 13:40:00+00:00,0,0.5231714612074811
2026-03-07 13:45:00+00:00,0,0.5150500988007055
2026-03-07 13:50:00+00:00,0,0.5161740447455592
2026-03-07 13:55:00+00:00,0,0.5100463001015209
2026-03-07 14:00:00+00:00,0,0.5172295420929442
2026-03-07 14:05:00+00:00,1,0.5217049719973804
2026-03-07 14:10:00+00:00,1,0.5162419744898552
2026-03-07 14:15:00+00:00,1,0.5102148479967696
2026-03-07 14:20:00+00:00,1,0.5138878059862987
2026-03-07 14:25:00+00:00,1,0.5167758593956067
2026-03-07 14:30:00+00:00,1,0.5194768348712713
2026-03-07 14:35:00+00:00,0,0.5088291015002196
2026-03-07 14:40:00+00:00,0,0.5188376693547925
2026-03-07 14:45:00+00:00,0,0.5168049548927252
2026-03-07 14:50:00+00:00,0,0.516946318178467
2026-03-07 14:55:00+00:00,0,0.5255959133562562
2026-03-07 15:00:00+00:00,0,0.5243020431424344
2026-03-07 15:05:00+00:00,0,0.520225641794924
2026-03-07 15:10:00+00:00,0,0.5194011656380807
2026-03-07 15:15:00+00:00,0,0.525774288637653
2026-03-07 15:20:00+00:00,0,0.5237990922253571
2026-03-07 15:25:00+00:00,0,0.5238914442773814
2026-03-07 15:30:00+00:00,0,0.5231578343701901
2026-03-07 15:35:00+00:00,1,0.5361951672579726
2026-03-07 15:40:00+00:00,1,0.5295678450960671
2026-03-07 15:45:00+00:00,1,0.5227988834800882
2026-03-07 15:50:00+00:00,0,0.5193598318397074
2026-03-07 15:55:00+00:00,1,0.5190851535139778
2026-03-07 16:00:00+00:00,1,0.5234184346685652
2026-03-07 16:05:00+00:00,0,0.521372442638772
2026-03-07 16:10:00+00:00,0,0.5200100568960065
2026-03-07 16:15:00+00:00,0,0.5243447975337997
2026-03-07 16:20:00+00:00,0,0.5211033613235926
2026-03-07 16:25:00+00:00,0,0.5151948546353823
2026-03-07 16:30:00+00:00,1,0.5224180339983637
2026-03-07 16:35:00+00:00,1,0.5218758822903158
2026-03-07 16:40:00+00:00,1,0.5203226222877582
2026-03-07 16:45:00+00:00,1,0.5166455837575596
2026-03-07 16:50:00+00:00,1,0.5045372747120944
2026-03-07 16:55:00+00:00,1,0.5069797130920339
2026-03-07 17:00:00+00:00,1,0.4666562682688638
2026-03-07 17:05:00+00:00,1,0.46883473486144994
2026-03-07 17:10:00+00:00,1,0.47441991306666137
2026-03-07 17:15:00+00:00,1,0.4583317599029957
2026-03-07 17:20:00+00:00,0,0.45411071962787003
2026-03-07 17:25:00+00:00,0,0.452897860912352
2026-03-07 17:30:00+00:00,0,0.453397351489004
2026-03-07 17:35:00+00:00,0,0.44938388293570086
2026-03-07 17:45:00+00:00,0,0.4579457048020879
2026-03-07 17:50:00+00:00,0,0.4651650009184067
2026-03-07 17:55:00+00:00,0,0.4674439908643187
2026-03-07 18:00:00+00:00,1,0.5095994142552327
2026-03-07 18:05:00+00:00,1,0.5034274803542526
2026-03-07 18:10:00+00:00,1,0.49990769302563265
2026-03-07 18:15:00+00:00,1,0.4973026058317745
2026-03-07 18:20:00+00:00,1,0.48691420982937417
2026-03-07 18:25:00+00:00,0,0.494630227613361
2026-03-07 18:30:00+00:00,0,0.5059304913617302
2026-03-07 18:35:00+00:00,0,0.5038250308658518
2026-03-07 18:40:00+00:00,0,0.5141749767387851
2026-03-07 18:45:00+00:00,0,0.506948606351822
2026-03-07 18:50:00+00:00,0,0.5068633762242406
2026-03-07 18:55:00+00:00,0,0.5195035900427192
2026-03-07 19:00:00+00:00,0,0.5211469689500497
2026-03-07 19:05:00+00:00,0,0.5157584041519002
2026-03-07 19:10:00+00:00,0,0.5204364208140262
2026-03-07 19:15:00+00:00,0,0.5261422188679399
2026-03-07 19:20:00+00:00,0,0.5207876790826884
2026-03-07 19:25:00+00:00,0,0.5247683207612017
2026-03-07 19:30:00+00:00,0,0.5193135675175855
2026-03-07 19:35:00+00:00,0,0.5111155123274752
2026-03-07 19:40:00+00:00,0,0.5185731170861934
2026-03-07 19:45:00+00:00,1,0.5289849990933301
2026-03-07 19:50:00+00:00,1,0.5300382036754424
2026-03-07 19:55:00+00:00,1,0.5270996143668998
2026-03-07 20:00:00+00:00,1,0.518990004613807
2026-03-07 20:05:00+00:00,1,0.5201377924126034
2026-03-07 20:10:00+00:00,1,0.5166200671608194
2026-03-07 20:15:00+00:00,1,0.5221989867360091
2026-03-07 20:20:00+00:00,1,0.5159170532675484
2026-03-07 20:25:00+00:00,1,0.5185677255915373
2026-03-07 20:30:00+00:00,0,0.5129926340903004
2026-03-07 20:35:00+00:00,1,0.5056941895907087
2026-03-07 20:40:00+00:00,0,0.5134428289497055
2026-03-07 20:45:00+00:00,0,0.5090200937687958
2026-03-07 20:50:00+00:00,0,0.5009462570668337
2026-03-07 20:55:00+00:00,1,0.5123399296006774
2026-03-07 21:00:00+00:00,1,0.5099406827756929
2026-03-07 21:05:00+00:00,0,0.47999754279387213
2026-03-07 21:10:00+00:00,0,0.512186943011205
2026-03-07 21:15:00+00:00,0,0.5173643336451598
2026-03-07 21:20:00+00:00,0,0.49509799487433853
2026-03-07 21:25:00+00:00,0,0.4926057389987967
2026-03-07 21:30:00+00:00,1,0.5021913934093378
2026-03-07 21:35:00+00:00,1,0.5023726137894424
2026-03-07 21:40:00+00:00,0,0.5121248346163317
2026-03-07 21:45:00+00:00,0,0.5093170566887529
2026-03-07 21:50:00+00:00,0,0.5148052619766024
2026-03-07 21:55:00+00:00,0,0.5036042156884035
2026-03-07 22:00:00+00:00,0,0.47990961627850304
2026-03-07 22:05:00+00:00,0,0.5144653272313618
2026-03-07 22:10:00+00:00,0,0.5205282323746168
2026-03-07 22:15:00+00:00,0,0.5184764001640406
2026-03-07 22:20:00+00:00,1,0.525623290750676
2026-03-07 22:25:00+00:00,0,0.5178907276869079
2026-03-07 22:30:00+00:00,1,0.5198691521543543
2026-03-07 22:35:00+00:00,1,0.5154035544800939
2026-03-07 22:40:00+00:00,1,0.5227434007625612
2026-03-07 22:45:00+00:00,1,0.5180025655912073
2026-03-07 22:50:00+00:00,1,0.5257523949121542
2026-03-07 22:55:00+00:00,1,0.5230258734495351
2026-03-07 23:00:00+00:00,1,0.5142063930733638
2026-03-07 23:05:00+00:00,1,0.5181961391153528
2026-03-07 23:10:00+00:00,1,0.5115194363717483
2026-03-07 23:15:00+00:00,1,0.4980313449919628
2026-03-07 23:20:00+00:00,0,0.47556630038811
2026-03-07 23:25:00+00:00,1,0.5123930893785501
2026-03-07 23:30:00+00:00,0,0.4757037113555769
2026-03-07 23:35:00+00:00,0,0.47615471679142146
2026-03-07 23:40:00+00:00,0,0.4800208483251612
2026-03-07 23:45:00+00:00,0,0.4871102852197406
2026-03-07 23:50:00+00:00,0,0.4881858808623458
2026-03-07 23:55:00+00:00,0,0.47146679721098983
2026-03-08 00:00:00+00:00,0,0.516997437091911
2026-03-08 00:05:00+00:00,0,0.5076124992359481
2026-03-08 00:10:00+00:00,0,0.5122204291228855
2026-03-08 00:15:00+00:00,0,0.5134864216164243
2026-03-08 00:20:00+00:00,0,0.5203146522050344
2026-03-08 00:25:00+00:00,0,0.5173306080617894
2026-03-08 00:30:00+00:00,0,0.5236715126477782
2026-03-08 00:35:00+00:00,1,0.5312149850161901
2026-03-08 00:40:00+00:00,1,0.5192357355991297
2026-03-08 00:45:00+00:00,1,0.519870714940247
2026-03-08 00:50:00+00:00,1,0.5106993567992302
2026-03-08 00:55:00+00:00,1,0.5167103096982798
2026-03-08 01:00:00+00:00,0,0.5226848392320638
2026-03-08 01:05:00+00:00,1,0.510998203337577
2026-03-08 01:10:00+00:00,1,0.5206954256456935
2026-03-08 01:15:00+00:00,1,0.5172302116434284
2026-03-08 01:20:00+00:00,1,0.5077979106855974
2026-03-08 01:25:00+00:00,1,0.5196393898498239
2026-03-08 01:30:00+00:00,1,0.5199022965024858
2026-03-08 01:35:00+00:00,0,0.5117222789070254
2026-03-08 01:40:00+00:00,0,0.5135026321252691
2026-03-08 01:45:00+00:00,0,0.5022611289866709
2026-03-08 01:50:00+00:00,0,0.500441507600973
2026-03-08 01:55:00+00:00,0,0.505103392119583
2026-03-08 02:00:00+00:00,0,0.5086565032353461
2026-03-08 02:05:00+00:00,0,0.5097233827050922
2026-03-08 02:10:00+00:00,1,0.5086022114554214
2026-03-08 02:15:00+00:00,0,0.5103000070923129
2026-03-08 02:20:00+00:00,0,0.5115185735586475
2026-03-08 02:25:00+00:00,0,0.5166181204726858
2026-03-08 02:30:00+00:00,0,0.5207364558200525
2026-03-08 02:35:00+00:00,0,0.5115248531649857
2026-03-08 02:40:00+00:00,0,0.49279681191560953
2026-03-08 02:45:00+00:00,0,0.5085155834101568
2026-03-08 02:50:00+00:00,1,0.5146045896240214
2026-03-08 02:55:00+00:00,1,0.5197742381639049
2026-03-08 03:00:00+00:00,1,0.5141418714837078
2026-03-08 03:05:00+00:00,1,0.5110374290075947
2026-03-08 03:10:00+00:00,1,0.5200347109648515
2026-03-08 03:15:00+00:00,1,0.5104391027953722
2026-03-08 03:20:00+00:00,1,0.5044008639985402
2026-03-08 03:25:00+00:00,0,0.5019081237860822
2026-03-08 03:30:00+00:00,1,0.5018395889763501
2026-03-08 03:35:00+00:00,0,0.5019831299445935
2026-03-08 03:40:00+00:00,0,0.501967795365767
2026-03-08 03:45:00+00:00,1,0.4936639312998154
2026-03-08 03:50:00+00:00,0,0.49135260463960706
2026-03-08 03:55:00+00:00,0,0.504610967611219
2026-03-08 04:00:00+00:00,0,0.49059490481516926
2026-03-08 04:05:00+00:00,0,0.4903506050823493
2026-03-08 04:10:00+00:00,0,0.5063190997755529
2026-03-08 04:15:00+00:00,0,0.4952103275613999
2026-03-08 04:20:00+00:00,0,0.5010264861696673
2026-03-08 04:25:00+00:00,0,0.5147197652551836
2026-03-08 04:30:00+00:00,0,0.5154300714995503
2026-03-08 04:35:00+00:00,1,0.5145009806605928
2026-03-08 04:40:00+00:00,1,0.5090473834897239
2026-03-08 04:45:00+00:00,1,0.5185461721528832
2026-03-08 04:50:00+00:00,1,0.5192592750004819
2026-03-08 04:55:00+00:00,1,0.5168118198623064
2026-03-08 05:00:00+00:00,1,0.5129040700225471
2026-03-08 05:05:00+00:00,1,0.5005189295577985
2026-03-08 05:10:00+00:00,1,0.49459436053825917
2026-03-08 05:15:00+00:00,1,0.4876066848624509
2026-03-08 05:20:00+00:00,0,0.48172270252496363
2026-03-08 05:25:00+00:00,0,0.48128301249178757
2026-03-08 05:30:00+00:00,0,0.491154959533422
2026-03-08 05:35:00+00:00,0,0.4827801082907777
2026-03-08 05:40:00+00:00,0,0.4791869795676648
2026-03-08 05:45:00+00:00,0,0.49137786482362983
2026-03-08 05:50:00+00:00,0,0.483730714182051
2026-03-08 05:55:00+00:00,0,0.49502278500537394
2026-03-08 06:00:00+00:00,0,0.5095218514141296
2026-03-08 06:05:00+00:00,0,0.5152302360927025
2026-03-08 06:10:00+00:00,1,0.5129071769082598
2026-03-08 06:15:00+00:00,1,0.5007226665970381
2026-03-08 06:20:00+00:00,1,0.5150869401009707
2026-03-08 06:25:00+00:00,1,0.5130874943286918
2026-03-08 06:30:00+00:00,1,0.5168916811424782
2026-03-08 06:35:00+00:00,1,0.5088651353422432
2026-03-08 06:40:00+00:00,1,0.5102678264727382
2026-03-08 06:45:00+00:00,1,0.5195552756376867
2026-03-08 06:50:00+00:00,1,0.513969816283771
2026-03-08 06:55:00+00:00,1,0.5132301575741947
2026-03-08 07:00:00+00:00,1,0.49321946235588787
2026-03-08 07:05:00+00:00,0,0.4874527500325459
2026-03-08 07:10:00+00:00,0,0.48699334910003084
2026-03-08 07:15:00+00:00,0,0.48643884332460025
2026-03-08 07:20:00+00:00,0,0.49032939233015105
2026-03-08 07:25:00+00:00,0,0.4726210561757811
2026-03-08 07:30:00+00:00,0,0.49252073595724694
2026-03-08 07:35:00+00:00,0,0.4804638979109687
2026-03-08 07:40:00+00:00,0,0.47401141142925945
2026-03-08 07:45:00+00:00,0,0.4850900422639716
2026-03-08 07:50:00+00:00,0,0.4713489054582773
2026-03-08 07:55:00+00:00,0,0.492529916020376
2026-03-08 08:00:00+00:00,0,0.4947144488948674
2026-03-08 08:05:00+00:00,0,0.49714810170993745
2026-03-08 08:10:00+00:00,1,0.498951939498198
2026-03-08 08:15:00+00:00,1,0.5075937766013114
2026-03-08 08:20:00+00:00,1,0.5081785861648381
2026-03-08 08:25:00+00:00,1,0.5057854641381485
2026-03-08 08:30:00+00:00,1,0.504314996026979
2026-03-08 08:35:00+00:00,1,0.5031793848210938
2026-03-08 08:40:00+00:00,1,0.49791382520619865
2026-03-08 08:45:00+00:00,1,0.49904701711031807
2026-03-08 08:50:00+00:00,1,0.49932247166964855
2026-03-08 08:55:00+00:00,1,0.49837399734807697
2026-03-08 09:00:00+00:00,1,0.5033629586053661
2026-03-08 09:05:00+00:00,1,0.5048751019211559
2026-03-08 09:10:00+00:00,1,0.47382765708747543
2026-03-08 09:15:00+00:00,0,0.4612955965764257
2026-03-08 09:20:00+00:00,0,0.4662159418380879
2026-03-08 09:25:00+00:00,0,0.4621947774269091
2026-03-08 09:30:00+00:00,0,0.4612705120532071
2026-03-08 09:35:00+00:00,0,0.4620154915374963
2026-03-08 09:40:00+00:00,1,0.4661846941997525
2026-03-08 09:45:00+00:00,1,0.4695629560982247
2026-03-08 09:50:00+00:00,1,0.46707398382788007
2026-03-08 09:55:00+00:00,1,0.46701391355766936
2026-03-08 10:00:00+00:00,1,0.4651565206573368
2026-03-08 10:05:00+00:00,1,0.4649052154259698
2026-03-08 10:10:00+00:00,1,0.4640857354307953
2026-03-08 10:15:00+00:00,1,0.46373606466570017
2026-03-08 10:20:00+00:00,0,0.45327796548555155
2026-03-08 10:25:00+00:00,0,0.45547477237937195
2026-03-08 10:30:00+00:00,0,0.4624832486415276
2026-03-08 10:35:00+00:00,0,0.4617447335557154
2026-03-08 10:40:00+00:00,0,0.4615033697748037
2026-03-08 10:45:00+00:00,0,0.47251581565181966
2026-03-08 10:50:00+00:00,0,0.47083864502709327
2026-03-08 10:55:00+00:00,0,0.46290993470969277
2026-03-08 11:00:00+00:00,0,0.49091391772474274
2026-03-08 11:05:00+00:00,1,0.5136342878240285
2026-03-08 11:10:00+00:00,1,0.5011257952538419
2026-03-08 11:15:00+00:00,0,0.5010552844143122
2026-03-08 11:20:00+00:00,0,0.4923475522114186
2026-03-08 11:25:00+00:00,1,0.5072966388792008
2026-03-08 11:30:00+00:00,1,0.5079855305568136
2026-03-08 11:35:00+00:00,0,0.5065668276810222
2026-03-08 11:40:00+00:00,0,0.5138107214220871
2026-03-08 11:45:00+00:00,0,0.5057090877822765
2026-03-08 11:50:00+00:00,1,0.5033911244097508
2026-03-08 11:55:00+00:00,1,0.5014339683425793
2026-03-08 12:00:00+00:00,1,0.5051140346335847
2026-03-08 12:05:00+00:00,1,0.5261855615149795
2026-03-08 12:10:00+00:00,1,0.5292288259116731
2026-03-08 12:15:00+00:00,1,0.5169363741396
2026-03-08 12:20:00+00:00,1,0.4804527924833853
2026-03-08 12:25:00+00:00,0,0.4646121550976941
2026-03-08 12:30:00+00:00,0,0.46761046139299667
2026-03-08 12:35:00+00:00,0,0.46432163846727037
2026-03-08 12:40:00+00:00,0,0.47043673840774397
2026-03-08 12:45:00+00:00,0,0.46436166617112656
2026-03-08 12:50:00+00:00,0,0.47130406906942107
2026-03-08 12:55:00+00:00,0,0.46831050737811686
2026-03-08 13:00:00+00:00,0,0.5047289568115916
2026-03-08 13:05:00+00:00,0,0.5044330222281056
2026-03-08 13:10:00+00:00,1,0.5154764038567894
2026-03-08 13:15:00+00:00,1,0.513825402027715
2026-03-08 13:20:00+00:00,1,0.5142420003967036
2026-03-08 13:25:00+00:00,1,0.5089935893301192
2026-03-08 13:30:00+00:00,1,0.5137926119546814
2026-03-08 13:35:00+00:00,1,0.5105886222625072
2026-03-08 13:40:00+00:00,1,0.5171160183491579
2026-03-08 13:45:00+00:00,0,0.4967831443258622
2026-03-08 13:50:00+00:00,0,0.507070216270752
2026-03-08 13:55:00+00:00,0,0.5141806650104336
2026-03-08 14:00:00+00:00,0,0.514129959702231
2026-03-08 14:05:00+00:00,0,0.5116440699926064
2026-03-08 14:10:00+00:00,0,0.5120764852369731
2026-03-08 14:15:00+00:00,0,0.5023554829719687
2026-03-08 14:20:00+00:00,0,0.5097122569006867
2026-03-08 14:25:00+00:00,1,0.5227469148287144
2026-03-08 14:30:00+00:00,0,0.5155417621509576
2026-03-08 14:35:00+00:00,0,0.512396131611229
2026-03-08 14:40:00+00:00,0,0.5188495416430517
2026-03-08 14:45:00+00:00,1,0.5194718224554048
2026-03-08 14:50:00+00:00,0,0.5108990432953289
2026-03-08 14:55:00+00:00,0,0.5136957149145831
2026-03-08 15:00:00+00:00,0,0.5153483762229922
2026-03-08 15:05:00+00:00,0,0.5209872469971746
2026-03-08 15:10:00+00:00,0,0.5162555244766512
2026-03-08 15:15:00+00:00,0,0.5200579318264011
2026-03-08 15:20:00+00:00,0,0.5247029232243969
2026-03-08 15:25:00+00:00,1,0.5273914044173454
2026-03-08 15:30:00+00:00,1,0.5317027300401217
2026-03-08 15:35:00+00:00,1,0.5239770220417067
2026-03-08 15:40:00+00:00,0,0.5234583036095137
2026-03-08 15:45:00+00:00,1,0.5268419873420622
2026-03-08 15:50:00+00:00,1,0.5180795113368877
2026-03-08 15:55:00+00:00,0,0.5168443609248138
2026-03-08 16:00:00+00:00,0,0.523070421124328
2026-03-08 16:05:00+00:00,0,0.5154201252953294
2026-03-08 16:10:00+00:00,0,0.5209328699924146
2026-03-08 16:15:00+00:00,0,0.5155554729254397
2026-03-08 16:20:00+00:00,0,0.5137587117018256
2026-03-08 16:25:00+00:00,0,0.5142448692168651
2026-03-08 16:30:00+00:00,1,0.5237208253574657
2026-03-08 16:35:00+00:00,1,0.5272651112610501
2026-03-08 16:40:00+00:00,1,0.5223276119962577
2026-03-08 16:45:00+00:00,1,0.5271376474128295
2026-03-08 16:50:00+00:00,1,0.5229273993826055
2026-03-08 16:55:00+00:00,1,0.5213712355186562
2026-03-08 17:00:00+00:00,0,0.47338495503904027
2026-03-08 17:05:00+00:00,0,0.47461891121062294
2026-03-08 17:10:00+00:00,0,0.48815665055105084
2026-03-08 17:15:00+00:00,0,0.47289691253930977
2026-03-08 17:20:00+00:00,0,0.4846863704656594
2026-03-08 17:25:00+00:00,0,0.48357810759500114
2026-03-08 17:30:00+00:00,1,0.4917498981371443
2026-03-08 17:35:00+00:00,0,0.4970551353852404
2026-03-08 17:40:00+00:00,0,0.49542605662794625
2026-03-08 17:45:00+00:00,0,0.4778595591770266
2026-03-08 17:50:00+00:00,0,0.48683214824696586
2026-03-08 17:55:00+00:00,0,0.5093243919803538
2026-03-08 18:00:00+00:00,0,0.5032809536947837
2026-03-08 18:05:00+00:00,1,0.5186661623332306
2026-03-08 18:10:00+00:00,0,0.5107470238520034
2026-03-08 18:15:00+00:00,1,0.5274435765168269
2026-03-08 18:20:00+00:00,0,0.5159101750819274
2026-03-08 18:25:00+00:00,1,0.5150206658022717
2026-03-08 18:30:00+00:00,1,0.5062269455047493
2026-03-08 18:35:00+00:00,1,0.5001999083422369
2026-03-08 18:40:00+00:00,1,0.5210405054813135
2026-03-08 18:45:00+00:00,1,0.5211842474494703
2026-03-08 18:50:00+00:00,1,0.5231772240322777
2026-03-08 18:55:00+00:00,1,0.5098695495979014
2026-03-08 19:00:00+00:00,1,0.48992616160637725
2026-03-08 19:05:00+00:00,1,0.47588573253162264
2026-03-08 19:10:00+00:00,1,0.47118885239171826
2026-03-08 19:15:00+00:00,1,0.46915994892350626
2026-03-08 19:20:00+00:00,0,0.468395343158181
2026-03-08 19:25:00+00:00,0,0.4686896483517111
2026-03-08 19:30:00+00:00,0,0.4630798795339128
2026-03-08 19:35:00+00:00,0,0.46093061783956046
2026-03-08 19:40:00+00:00,0,0.463638232655464
2026-03-08 19:45:00+00:00,0,0.4717606779485554
2026-03-08 19:50:00+00:00,0,0.47486212378252746
2026-03-08 19:55:00+00:00,0,0.46419309684064247
2026-03-08 20:00:00+00:00,1,0.47246297297991546
2026-03-08 20:05:00+00:00,1,0.48517085847089464
2026-03-08 20:10:00+00:00,1,0.5111560152213126
2026-03-08 20:15:00+00:00,1,0.5068878463450749
2026-03-08 20:20:00+00:00,1,0.5059824245184452
2026-03-08 20:25:00+00:00,1,0.5088341530688931
2026-03-08 20:30:00+00:00,0,0.47483585268001127
2026-03-08 20:35:00+00:00,0,0.48177299715507815
2026-03-08 20:40:00+00:00,0,0.4930415734987294
2026-03-08 20:45:00+00:00,0,0.5059797528637955
2026-03-08 20:50:00+00:00,0,0.499667126877467
2026-03-08 20:55:00+00:00,1,0.5142098265452394
2026-03-08 21:00:00+00:00,1,0.5136714719171034
2026-03-08 21:05:00+00:00,1,0.5134331642178147
2026-03-08 21:10:00+00:00,1,0.5097407220298948
2026-03-08 21:15:00+00:00,1,0.50747346324862
2026-03-08 21:20:00+00:00,1,0.5106707284127479
2026-03-08 21:25:00+00:00,1,0.5132856146606176
2026-03-08 21:30:00+00:00,0,0.5113569299425965
2026-03-08 21:35:00+00:00,0,0.51094734361798
2026-03-08 21:40:00+00:00,0,0.5071752113794785
2026-03-08 21:45:00+00:00,0,0.5051068066493071
2026-03-08 21:50:00+00:00,0,0.493017188136751
2026-03-08 21:55:00+00:00,0,0.4983620683407321
2026-03-08 22:00:00+00:00,1,0.5601204496279844
2026-03-08 22:05:00+00:00,1,0.5224557223070296
2026-03-08 22:10:00+00:00,1,0.5114489304243758
2026-03-08 22:15:00+00:00,1,0.5249303906389434
2026-03-08 22:20:00+00:00,1,0.5313377338959677
2026-03-08 22:25:00+00:00,1,0.5167545885670993
2026-03-08 22:30:00+00:00,1,0.5267735011790794
2026-03-08 22:35:00+00:00,0,0.5109077124905682
2026-03-08 22:40:00+00:00,1,0.5142647743013439
2026-03-08 22:45:00+00:00,0,0.4812169565168067
2026-03-08 22:50:00+00:00,1,0.48890318187195875
2026-03-08 22:55:00+00:00,1,0.5064973940828164
2026-03-08 23:00:00+00:00,0,0.4762277211448181
2026-03-08 23:05:00+00:00,0,0.5121890086181974
2026-03-08 23:10:00+00:00,0,0.4884034852630267
2026-03-08 23:15:00+00:00,0,0.4947725834233036
2026-03-08 23:20:00+00:00,0,0.47285234680269256
2026-03-08 23:25:00+00:00,0,0.48002713436983646
2026-03-08 23:30:00+00:00,0,0.5054739129946446
2026-03-08 23:35:00+00:00,1,0.5130211327253869
2026-03-08 23:40:00+00:00,1,0.5053219789179338
2026-03-08 23:45:00+00:00,1,0.5156281860354438
2026-03-08 23:50:00+00:00,0,0.5177015534855535
2026-03-08 23:55:00+00:00,1,0.5112423464334481
2026-03-09 00:00:00+00:00,1,0.5082826647635407
2026-03-09 00:05:00+00:00,1,0.5005667164114224
2026-03-09 00:10:00+00:00,1,0.515738116929104
2026-03-09 00:15:00+00:00,1,0.5170047251388896
2026-03-09 00:20:00+00:00,1,0.519171842295418
2026-03-09 00:25:00+00:00,1,0.5186350657269584
2026-03-09 00:30:00+00:00,0,0.47841894859166884
2026-03-09 00:35:00+00:00,0,0.4748573598845382
2026-03-09 00:40:00+00:00,0,0.48472878308472106
2026-03-09 00:45:00+00:00,0,0.4905928442831366
2026-03-09 00:50:00+00:00,1,0.5163641279612903
2026-03-09 00:55:00+00:00,1,0.4976359915335098
2026-03-09 01:00:00+00:00,1,0.5237098460329812
2026-03-09 01:05:00+00:00,1,0.5179925742910304
2026-03-09 01:10:00+00:00,1,0.4993401122495043
2026-03-09 01:15:00+00:00,1,0.4751377384337882
2026-03-09 01:20:00+00:00,0,0.4629922155285581
2026-03-09 01:25:00+00:00,0,0.47578077984073525
2026-03-09 01:30:00+00:00,0,0.4602786059403626
2026-03-09 01:35:00+00:00,0,0.46283394059192373
2026-03-09 01:40:00+00:00,0,0.46382106088443853
2026-03-09 01:45:00+00:00,0,0.49336042416165454
2026-03-09 01:50:00+00:00,0,0.48835904027378724
2026-03-09 01:55:00+00:00,0,0.5205306868142583
2026-03-09 02:00:00+00:00,1,0.5009042216951372
2026-03-09 02:05:00+00:00,1,0.5075268183962713
2026-03-09 02:10:00+00:00,1,0.5123967375868764
2026-03-09 02:15:00+00:00,1,0.512987380404845
2026-03-09 02:20:00+00:00,1,0.510846074867089
2026-03-09 02:25:00+00:00,1,0.5147767577544297
2026-03-09 02:30:00+00:00,1,0.510602787969557
2026-03-09 02:35:00+00:00,1,0.48778975941765024
2026-03-09 02:40:00+00:00,1,0.4855234167824156
2026-03-09 02:45:00+00:00,1,0.48750101727270284
2026-03-09 02:50:00+00:00,1,0.48949384363860554
2026-03-09 02:55:00+00:00,1,0.5049249169354575
2026-03-09 03:00:00+00:00,1,0.486800504849686
2026-03-09 03:05:00+00:00,0,0.49058829113006924
2026-03-09 03:10:00+00:00,0,0.4709371777035664
2026-03-09 03:15:00+00:00,0,0.49682855774461465
2026-03-09 03:20:00+00:00,0,0.492094449344383
2026-03-09 03:25:00+00:00,0,0.4837498415509183
2026-03-09 03:30:00+00:00,0,0.4962776079155797
2026-03-09 03:35:00+00:00,1,0.4805271764629907
2026-03-09 03:40:00+00:00,1,0.4779017724223755
2026-03-09 03:45:00+00:00,1,0.47696956656005685
2026-03-09 03:50:00+00:00,1,0.4905156872089234
2026-03-09 03:55:00+00:00,1,0.4841753076468288
2026-03-09 04:00:00+00:00,1,0.47781745633297007
2026-03-09 04:05:00+00:00,1,0.47466289344268886
2026-03-09 04:10:00+00:00,1,0.4782906952692869
2026-03-09 04:15:00+00:00,1,0.47882480729289406
2026-03-09 04:20:00+00:00,1,0.46850342014825286
2026-03-09 04:25:00+00:00,0,0.4634787621574391
2026-03-09 04:30:00+00:00,0,0.46626962328044597
2026-03-09 04:35:00+00:00,0,0.4551620460994773
2026-03-09 04:40:00+00:00,0,0.46289245178350646
2026-03-09 04:45:00+00:00,0,0.46510053721632055
2026-03-09 04:50:00+00:00,1,0.47726056464842304
2026-03-09 04:55:00+00:00,1,0.48313570634149194
2026-03-09 05:00:00+00:00,1,0.49000510485810667
2026-03-09 05:05:00+00:00,1,0.4789329419360155
2026-03-09 05:10:00+00:00,1,0.49484387558148835
2026-03-09 05:15:00+00:00,1,0.4679459330791416
2026-03-09 05:20:00+00:00,1,0.45956844030063154
2026-03-09 05:25:00+00:00,1,0.46292969964389896
2026-03-09 05:30:00+00:00,1,0.4634479467891312
2026-03-09 05:35:00+00:00,1,0.4545043198726665
2026-03-09 05:40:00+00:00,0,0.45409899295682116
2026-03-09 05:45:00+00:00,0,0.4468124108478492
2026-03-09 05:50:00+00:00,0,0.4610223527503308
2026-03-09 05:55:00+00:00,0,0.45351034634026427
2026-03-09 06:00:00+00:00,0,0.4589429413789082
2026-03-09 06:05:00+00:00,0,0.4635337671332314
2026-03-09 06:10:00+00:00,0,0.47507547427711266
2026-03-09 06:15:00+00:00,0,0.46785581819523864
2026-03-09 06:20:00+00:00,0,0.4762536254894472
2026-03-09 06:25:00+00:00,0,0.4883410603419718
2026-03-09 06:30:00+00:00,0,0.49057198022436327
2026-03-09 06:35:00+00:00,0,0.5060490344883902
2026-03-09 06:40:00+00:00,0,0.5070181873070182
2026-03-09 06:45:00+00:00,0,0.5070692670786348
2026-03-09 06:50:00+00:00,0,0.5074923634644444
2026-03-09 06:55:00+00:00,0,0.5051557733588474
2026-03-09 07:00:00+00:00,1,0.5079404776522539
2026-03-09 07:05:00+00:00,1,0.5095630794360961
2026-03-09 07:10:00+00:00,1,0.5097190599944578
2026-03-09 07:15:00+00:00,1,0.5343986231254184
2026-03-09 07:20:00+00:00,1,0.5051411968714453
2026-03-09 07:25:00+00:00,1,0.5174912870722124
2026-03-09 07:30:00+00:00,0,0.4991298252876319
2026-03-09 07:35:00+00:00,1,0.49397960674882635
2026-03-09 07:40:00+00:00,0,0.49898407169793885
2026-03-09 07:45:00+00:00,0,0.50435390729264
2026-03-09 07:50:00+00:00,1,0.5021264803325537
2026-03-09 07:55:00+00:00,1,0.501831131153549
2026-03-09 08:00:00+00:00,1,0.5020461039199986
2026-03-09 08:05:00+00:00,0,0.5000452462829261
2026-03-09 08:10:00+00:00,0,0.5003053338085027
2026-03-09 08:15:00+00:00,1,0.5042081487549205
2026-03-09 08:20:00+00:00,0,0.46860331740685734
2026-03-09 08:25:00+00:00,0,0.464440688980982
2026-03-09 08:30:00+00:00,0,0.47013381450437597
2026-03-09 08:35:00+00:00,0,0.49430876713836897
2026-03-09 08:40:00+00:00,0,0.49339774570310196
2026-03-09 08:45:00+00:00,0,0.4940102626418847
2026-03-09 08:50:00+00:00,0,0.4912897390535148
2026-03-09 08:55:00+00:00,1,0.4930346647116138
2026-03-09 09:00:00+00:00,1,0.5011660278307923
2026-03-09 09:05:00+00:00,1,0.503186827524377
2026-03-09 09:10:00+00:00,1,0.5008287328246668
2026-03-09 09:15:00+00:00,1,0.502544025531057
2026-03-09 09:20:00+00:00,1,0.49875887955867426
2026-03-09 09:25:00+00:00,0,0.49902504126358826
2026-03-09 09:30:00+00:00,0,0.48487638864865135
2026-03-09 09:35:00+00:00,0,0.4832225088074518
2026-03-09 09:40:00+00:00,0,0.48302244461015903
2026-03-09 09:45:00+00:00,0,0.49388002742986814
2026-03-09 09:50:00+00:00,0,0.4929961913862727
2026-03-09 09:55:00+00:00,1,0.5054731772170363
2026-03-09 10:00:00+00:00,1,0.5072825663716476
2026-03-09 10:05:00+00:00,1,0.5050302052825628
2026-03-09 10:10:00+00:00,1,0.5067195858815929
2026-03-09 10:15:00+00:00,1,0.5053549673624004
2026-03-09 10:20:00+00:00,0,0.5042026026751695
2026-03-09 10:25:00+00:00,0,0.5049981804369386
2026-03-09 10:30:00+00:00,0,0.49323826698287154
2026-03-09 10:35:00+00:00,1,0.5034506405145787
2026-03-09 10:40:00+00:00,0,0.5086484186071111
2026-03-09 10:45:00+00:00,0,0.5022995027212752
2026-03-09 10:50:00+00:00,0,0.5104484971504223
2026-03-09 10:55:00+00:00,0,0.5056087231855619
2026-03-09 11:00:00+00:00,1,0.5225755848737299
2026-03-09 11:05:00+00:00,1,0.49152244349957885
2026-03-09 11:10:00+00:00,1,0.520222396927259
2026-03-09 11:15:00+00:00,1,0.5255877184574537
2026-03-09 11:20:00+00:00,1,0.5179444657401144
2026-03-09 11:25:00+00:00,1,0.5209461610515959
2026-03-09 11:30:00+00:00,1,0.5022083812152578
2026-03-09 11:35:00+00:00,0,0.46312641466788684
2026-03-09 11:40:00+00:00,1,0.49737826526817336
2026-03-09 11:45:00+00:00,1,0.48859675604085906
2026-03-09 11:50:00+00:00,1,0.45892908489734
2026-03-09 11:55:00+00:00,1,0.47973299363209143
2026-03-09 12:00:00+00:00,1,0.4624798991623036
2026-03-09 12:05:00+00:00,1,0.46481501870582465
2026-03-09 12:10:00+00:00,0,0.4548286380118471
2026-03-09 12:15:00+00:00,0,0.4383620098381744
2026-03-09 12:20:00+00:00,0,0.4515345878412878
2026-03-09 12:25:00+00:00,0,0.45724516975471113
2026-03-09 12:30:00+00:00,0,0.45737459862030283
2026-03-09 12:35:00+00:00,0,0.454632740097142
2026-03-09 12:40:00+00:00,1,0.4750808029640571
2026-03-09 12:45:00+00:00,1,0.5012455511011892
2026-03-09 12:50:00+00:00,1,0.5014353967003681
2026-03-09 12:55:00+00:00,1,0.4988190124496365
2026-03-09 13:00:00+00:00,1,0.5025580521773437
2026-03-09 13:05:00+00:00,1,0.5033952110972573
2026-03-09 13:10:00+00:00,1,0.46068908054213575
2026-03-09 13:15:00+00:00,1,0.47752291346532916
2026-03-09 13:20:00+00:00,1,0.5026533670336886
2026-03-09 13:25:00+00:00,1,0.463580495829965
2026-03-09 13:30:00+00:00,0,0.4567458212405586
2026-03-09 13:35:00+00:00,0,0.4628507659076754
2026-03-09 13:40:00+00:00,0,0.46765559201374707
2026-03-09 13:45:00+00:00,1,0.46730026166715016
2026-03-09 13:50:00+00:00,1,0.4995125486447033
2026-03-09 13:55:00+00:00,1,0.46586202009903327
2026-03-09 14:00:00+00:00,1,0.47876854511224787
2026-03-09 14:05:00+00:00,1,0.5050884022313855
2026-03-09 14:10:00+00:00,1,0.5057792473172958
2026-03-09 14:15:00+00:00,0,0.4634575810113752
2026-03-09 14:20:00+00:00,0,0.4673126045072857
2026-03-09 14:25:00+00:00,0,0.4675722381612748
2026-03-09 14:30:00+00:00,0,0.46546811186863
2026-03-09 14:35:00+00:00,0,0.4675385571859898
2026-03-09 14:40:00+00:00,0,0.4680373644592656
2026-03-09 14:45:00+00:00,0,0.4791055196743618
2026-03-09 14:50:00+00:00,0,0.5059514323575428
2026-03-09 14:55:00+00:00,0,0.489681830010041
2026-03-09 15:00:00+00:00,0,0.4940317830038341
2026-03-09 15:05:00+00:00,0,0.5085160315566803
2026-03-09 15:10:00+00:00,0,0.4953099080078703
2026-03-09 15:15:00+00:00,1,0.5112210737911771
2026-03-09 15:20:00+00:00,1,0.5128046475709286
2026-03-09 15:25:00+00:00,1,0.5121634353436217
2026-03-09 15:30:00+00:00,1,0.5121961741543902
2026-03-09 15:35:00+00:00,1,0.5105068325503648
2026-03-09 15:40:00+00:00,1,0.5093126437378941
2026-03-09 15:45:00+00:00,1,0.49748476126388746
2026-03-09 15:50:00+00:00,1,0.49958114834132705
2026-03-09 15:55:00+00:00,1,0.5032930759979645
2026-03-09 16:00:00+00:00,0,0.49426399387198233
2026-03-09 16:05:00+00:00,1,0.49116099210245073
2026-03-09 16:10:00+00:00,0,0.4729568988297856
2026-03-09 16:15:00+00:00,0,0.47715856139477664
2026-03-09 16:20:00+00:00,0,0.49773531449087755
2026-03-09 16:25:00+00:00,0,0.5003098558747765
2026-03-09 16:30:00+00:00,0,0.5001203430665221
2026-03-09 16:35:00+00:00,0,0.4847788086813244
2026-03-09 16:40:00+00:00,0,0.4976336399037782
2026-03-09 16:45:00+00:00,1,0.5045120324468318
2026-03-09 16:50:00+00:00,1,0.5079444984170961
2026-03-09 16:55:00+00:00,1,0.5081448497244331
2026-03-09 17:00:00+00:00,1,0.5039886480642233
2026-03-09 17:05:00+00:00,0,0.48518246891152067
2026-03-09 17:10:00+00:00,0,0.5017725641484736
2026-03-09 17:15:00+00:00,0,0.5045426059410931
2026-03-09 17:20:00+00:00,1,0.49272292343195284
2026-03-09 17:25:00+00:00,0,0.4999564197721695
2026-03-09 17:30:00+00:00,0,0.49458344644177243
2026-03-09 17:35:00+00:00,0,0.4984307723809443
2026-03-09 17:40:00+00:00,0,0.49910472829129277
2026-03-09 17:45:00+00:00,1,0.5052988711133914
2026-03-09 17:50:00+00:00,0,0.5041354676306734
2026-03-09 17:55:00+00:00,1,0.5115341085742511
2026-03-09 18:00:00+00:00,1,0.5138934689465349
2026-03-09 18:05:00+00:00,1,0.5163487320771006
2026-03-09 18:10:00+00:00,1,0.5138493656199767
2026-03-09 18:15:00+00:00,0,0.5037151068187674
2026-03-09 18:20:00+00:00,0,0.5107835837918349
2026-03-09 18:25:00+00:00,0,0.5053628292788761
2026-03-09 18:30:00+00:00,0,0.475590641746928
2026-03-09 18:35:00+00:00,0,0.5009349401181589
2026-03-09 18:40:00+00:00,0,0.5086330205422128
2026-03-09 18:45:00+00:00,1,0.514811193153146
2026-03-09 18:50:00+00:00,1,0.510175375843655
2026-03-09 18:55:00+00:00,1,0.5113901336858667
2026-03-09 19:00:00+00:00,1,0.5060867407856658
2026-03-09 19:05:00+00:00,1,0.5127506979677595
2026-03-09 19:10:00+00:00,1,0.5168443989367627
2026-03-09 19:15:00+00:00,1,0.4711965193920028
2026-03-09 19:20:00+00:00,0,0.4593966078960661
2026-03-09 19:25:00+00:00,0,0.4698258519830201
2026-03-09 19:30:00+00:00,0,0.4728241925051354
2026-03-09 19:35:00+00:00,0,0.47351153304048976
2026-03-09 19:40:00+00:00,0,0.47324422299344354
2026-03-09 19:45:00+00:00,0,0.4827993987430266
2026-03-09 19:50:00+00:00,0,0.471507534188423
2026-03-09 19:55:00+00:00,0,0.4727267214785722
2026-03-09 20:00:00+00:00,0,0.4931497262689384
2026-03-09 20:05:00+00:00,0,0.5072887937199075
2026-03-09 20:10:00+00:00,0,0.5073568517183793
2026-03-09 20:15:00+00:00,0,0.5035966482289239
2026-03-09 20:20:00+00:00,0,0.4972318497527356
2026-03-09 20:25:00+00:00,1,0.49918345880247394
2026-03-09 20:30:00+00:00,1,0.5175888114210749
2026-03-09 20:35:00+00:00,1,0.5172533605818485
2026-03-09 20:40:00+00:00,1,0.5242593317718794
2026-03-09 20:45:00+00:00,1,0.5191313644471117
2026-03-09 20:50:00+00:00,1,0.5192725475459163
2026-03-09 20:55:00+00:00,0,0.50609747863799
2026-03-09 21:00:00+00:00,0,0.494398691735555
2026-03-09 21:05:00+00:00,0,0.49035721949562144
2026-03-09 21:10:00+00:00,0,0.5002255302646497
2026-03-09 21:15:00+00:00,0,0.5095273220578307
2026-03-09 21:20:00+00:00,1,0.5249856885178092
2026-03-09 21:25:00+00:00,1,0.5186533181410031
2026-03-09 21:30:00+00:00,0,0.5116743010707934
2026-03-09 21:35:00+00:00,0,0.5201967261336964
2026-03-09 21:40:00+00:00,0,0.5172388041594035
2026-03-09 21:45:00+00:00,0,0.5130965628563203
2026-03-09 21:50:00+00:00,0,0.5148990385800406
2026-03-09 21:55:00+00:00,0,0.5125875051339387
2026-03-09 22:00:00+00:00,0,0.5209534936374407
2026-03-09 22:05:00+00:00,0,0.5184382790744535
2026-03-09 22:10:00+00:00,0,0.5161781808522362
2026-03-09 22:15:00+00:00,0,0.5198793798321014
2026-03-09 22:20:00+00:00,0,0.52840568573694
2026-03-09 22:25:00+00:00,0,0.5188968287052846
2026-03-09 22:30:00+00:00,0,0.5181216180357678
2026-03-09 22:35:00+00:00,1,0.5372185440945982
2026-03-09 22:40:00+00:00,1,0.5168934158130469
2026-03-09 22:45:00+00:00,0,0.5186313816489169
2026-03-09 22:50:00+00:00,0,0.5297117029041147
2026-03-09 22:55:00+00:00,1,0.528904474725123
2026-03-09 23:00:00+00:00,0,0.5216960738129183
2026-03-09 23:05:00+00:00,0,0.521982641352224
2026-03-09 23:10:00+00:00,0,0.516640781252315
2026-03-09 23:15:00+00:00,0,0.5234685922435205
2026-03-09 23:20:00+00:00,0,0.5250145135913084
2026-03-09 23:25:00+00:00,0,0.5264039239006715
2026-03-09 23:30:00+00:00,0,0.5273342132023465
2026-03-09 23:35:00+00:00,0,0.5230204998216055
2026-03-09 23:40:00+00:00,0,0.5233490044358323
2026-03-09 23:45:00+00:00,1,0.52587481130073
2026-03-09 23:50:00+00:00,1,0.5298948857687517
2026-03-09 23:55:00+00:00,1,0.5202641776457955
2026-03-10 00:00:00+00:00,1,0.5231813634719898
2026-03-10 00:05:00+00:00,1,0.5211318306982519
2026-03-10 00:10:00+00:00,1,0.5229434406333233
2026-03-10 00:15:00+00:00,1,0.5083613927993853
2026-03-10 00:20:00+00:00,1,0.47722990537961857
2026-03-10 00:25:00+00:00,0,0.4747752986618994
2026-03-10 00:30:00+00:00,0,0.47382881797960735
2026-03-10 00:35:00+00:00,0,0.46193378736807994
2026-03-10 00:40:00+00:00,0,0.46266001522819294
2026-03-10 00:45:00+00:00,0,0.46217318856301864
2026-03-10 00:50:00+00:00,0,0.4749204679254931
2026-03-10 00:55:00+00:00,0,0.47250940315558465
2026-03-10 01:00:00+00:00,0,0.4635813658681866
2026-03-10 01:05:00+00:00,0,0.46213721035311167
2026-03-10 01:10:00+00:00,0,0.4613813391853352
2026-03-10 01:15:00+00:00,0,0.4632655101695693
2026-03-10 01:20:00+00:00,1,0.47893469562783514
2026-03-10 01:25:00+00:00,1,0.4742915870584801
2026-03-10 01:30:00+00:00,0,0.47800567454202564
2026-03-10 01:35:00+00:00,1,0.5106734415828333
2026-03-10 01:40:00+00:00,1,0.4910325344866681
2026-03-10 01:45:00+00:00,1,0.4875505032430844
2026-03-10 01:50:00+00:00,0,0.4654238103475622
2026-03-10 01:55:00+00:00,1,0.4709825611987781
2026-03-10 02:00:00+00:00,1,0.48876726748679644
2026-03-10 02:05:00+00:00,1,0.5092490368196068
2026-03-10 02:10:00+00:00,1,0.4802828242076118
2026-03-10 02:15:00+00:00,1,0.4836438653905055
2026-03-10 02:20:00+00:00,1,0.47660811878520176
2026-03-10 02:25:00+00:00,1,0.4639552605954983
2026-03-10 02:30:00+00:00,0,0.4531447750405131
2026-03-10 02:35:00+00:00,0,0.45576236156446837
2026-03-10 02:40:00+00:00,0,0.45469000743651505
2026-03-10 02:45:00+00:00,0,0.452958373130356
2026-03-10 02:50:00+00:00,0,0.46343274410566115
2026-03-10 02:55:00+00:00,0,0.4627754939663522
2026-03-10 03:00:00+00:00,1,0.4656060577241118
2026-03-10 03:05:00+00:00,0,0.4670869557732405
2026-03-10 03:10:00+00:00,0,0.47095663356670575
2026-03-10 03:15:00+00:00,0,0.4696806312550981
2026-03-10 03:20:00+00:00,0,0.46601964525282896
2026-03-10 03:25:00+00:00,0,0.47601844508139257
2026-03-10 03:30:00+00:00,0,0.4795727924199084
2026-03-10 03:35:00+00:00,0,0.48494829483960555
2026-03-10 03:40:00+00:00,1,0.49841263807369496
2026-03-10 03:45:00+00:00,1,0.5040971240010885
2026-03-10 03:50:00+00:00,1,0.5033979896211102
2026-03-10 03:55:00+00:00,1,0.5123741336627439
2026-03-10 04:00:00+00:00,1,0.51112545092681
2026-03-10 04:05:00+00:00,1,0.5018236222335504
2026-03-10 04:10:00+00:00,1,0.5012464797668871
2026-03-10 04:15:00+00:00,1,0.501796079846425
2026-03-10 04:20:00+00:00,1,0.4818281478684547
2026-03-10 04:25:00+00:00,0,0.4746991756066705
2026-03-10 04:30:00+00:00,1,0.47416634913013345
2026-03-10 04:35:00+00:00,0,0.463060592924763
2026-03-10 04:40:00+00:00,0,0.46374929188801867
2026-03-10 04:45:00+00:00,1,0.46876859199044285
2026-03-10 04:50:00+00:00,1,0.48153177582655343
2026-03-10 04:55:00+00:00,1,0.47329184221784365
2026-03-10 05:00:00+00:00,0,0.4612749555639997
2026-03-10 05:05:00+00:00,0,0.46827458612040673
2026-03-10 05:10:00+00:00,0,0.4643209609268961
2026-03-10 05:15:00+00:00,0,0.464647774593709
2026-03-10 05:20:00+00:00,0,0.47241344167512944
2026-03-10 05:25:00+00:00,0,0.4762516467218115
2026-03-10 05:30:00+00:00,0,0.49461053361279883
2026-03-10 05:35:00+00:00,0,0.4967442006952286
2026-03-10 05:40:00+00:00,0,0.5035625090979696
2026-03-10 05:45:00+00:00,0,0.5040091093159377
2026-03-10 05:50:00+00:00,0,0.5039930946862534
2026-03-10 05:55:00+00:00,0,0.5103213453727978
2026-03-10 06:00:00+00:00,0,0.5122694971732754
2026-03-10 06:05:00+00:00,0,0.5077335568777388
2026-03-10 06:10:00+00:00,0,0.5005360452512708
2026-03-10 06:15:00+00:00,1,0.5030801030646295
2026-03-10 06:20:00+00:00,1,0.5025572193131275
2026-03-10 06:25:00+00:00,1,0.5030187643508179
2026-03-10 06:30:00+00:00,1,0.5063992223509106
2026-03-10 06:35:00+00:00,1,0.511894866769355
2026-03-10 06:40:00+00:00,1,0.5184972045842516
2026-03-10 06:45:00+00:00,1,0.5005286518542098
2026-03-10 06:50:00+00:00,1,0.4990236640501385
2026-03-10 06:55:00+00:00,1,0.4976848766009152
2026-03-10 07:00:00+00:00,1,0.49895911584799235
2026-03-10 07:05:00+00:00,1,0.49447532496041297
2026-03-10 07:10:00+00:00,0,0.469771504734605
2026-03-10 07:15:00+00:00,0,0.4664428350358661
2026-03-10 07:20:00+00:00,0,0.46211653335137426
2026-03-10 07:25:00+00:00,0,0.46521789417016907
2026-03-10 07:30:00+00:00,1,0.4659486797806832
2026-03-10 07:35:00+00:00,1,0.4665755056195988
2026-03-10 07:40:00+00:00,1,0.4673201777630627
2026-03-10 07:45:00+00:00,1,0.46648461779422834
2026-03-10 07:50:00+00:00,0,0.4661443311050263
2026-03-10 07:55:00+00:00,0,0.4661580956812327
2026-03-10 08:00:00+00:00,0,0.45994675383670974
2026-03-10 08:05:00+00:00,0,0.45313677618831283
2026-03-10 08:10:00+00:00,0,0.46246945356540986
2026-03-10 08:15:00+00:00,0,0.4653875571818601
2026-03-10 08:20:00+00:00,1,0.48618346851783334
2026-03-10 08:25:00+00:00,1,0.4783917615880678
2026-03-10 08:30:00+00:00,0,0.47639808888197976
2026-03-10 08:35:00+00:00,0,0.4757792941361126
2026-03-10 08:40:00+00:00,1,0.48053484097181787
2026-03-10 08:45:00+00:00,1,0.4978164085234025
2026-03-10 08:50:00+00:00,1,0.49669072966238464
2026-03-10 08:55:00+00:00,1,0.5020353022154282
2026-03-10 09:00:00+00:00,1,0.4976702922002345
2026-03-10 09:05:00+00:00,1,0.49902435485763846
2026-03-10 09:10:00+00:00,1,0.48062774951805465
2026-03-10 09:15:00+00:00,1,0.48195210091292884
2026-03-10 09:20:00+00:00,0,0.48189264189234315
2026-03-10 09:25:00+00:00,0,0.47045328655827523
2026-03-10 09:30:00+00:00,0,0.4641584825985816
2026-03-10 09:35:00+00:00,0,0.4660442807636614
2026-03-10 09:40:00+00:00,0,0.46726566180895474
2026-03-10 09:45:00+00:00,0,0.47967618456933786
2026-03-10 09:50:00+00:00,0,0.4790472225749294
2026-03-10 09:55:00+00:00,0,0.4734806506322681
2026-03-10 10:00:00+00:00,0,0.49128824243897184
2026-03-10 10:05:00+00:00,0,0.4984841166656089
2026-03-10 10:10:00+00:00,0,0.49623056160111056
2026-03-10 10:15:00+00:00,0,0.5021426733145702
2026-03-10 10:20:00+00:00,1,0.49488058401340657
2026-03-10 10:25:00+00:00,1,0.4997527136925377
2026-03-10 10:30:00+00:00,1,0.49676538274994914
2026-03-10 10:35:00+00:00,1,0.5074097309961834
2026-03-10 10:40:00+00:00,0,0.5131256084066451
2026-03-10 10:45:00+00:00,0,0.5066150812770259
2026-03-10 10:50:00+00:00,0,0.5041622954386245
2026-03-10 10:55:00+00:00,0,0.5041503628083812
2026-03-10 11:00:00+00:00,0,0.5099149082993896
2026-03-10 11:05:00+00:00,1,0.5186759856384839
2026-03-10 11:10:00+00:00,1,0.5161651204864768
2026-03-10 11:15:00+00:00,1,0.5166282265383759
2026-03-10 11:20:00+00:00,0,0.5079999512903687
2026-03-10 11:25:00+00:00,1,0.5154299496283918
2026-03-10 11:30:00+00:00,0,0.5062692091303056
2026-03-10 11:35:00+00:00,0,0.5125778335894869
2026-03-10 11:40:00+00:00,0,0.5150983016912641
2026-03-10 11:45:00+00:00,0,0.5140808930884497
2026-03-10 11:50:00+00:00,0,0.513866126620395
2026-03-10 11:55:00+00:00,0,0.5062719257928456
2026-03-10 12:00:00+00:00,0,0.5168498741451235
2026-03-10 12:05:00+00:00,1,0.5202812279362432
2026-03-10 12:10:00+00:00,0,0.5127443318629937
2026-03-10 12:15:00+00:00,0,0.5212503729010275
2026-03-10 12:20:00+00:00,1,0.5262399701288554
2026-03-10 12:25:00+00:00,1,0.5264607749335569
2026-03-10 12:30:00+00:00,1,0.5207602367332076
2026-03-10 12:35:00+00:00,1,0.4992973192862557
2026-03-10 12:40:00+00:00,1,0.5140797609263865
2026-03-10 12:45:00+00:00,1,0.5155857767567127
2026-03-10 12:50:00+00:00,1,0.5106270028212008
2026-03-10 12:55:00+00:00,1,0.5162855512295321
2026-03-10 13:00:00+00:00,0,0.5233651776461258
2026-03-10 13:05:00+00:00,0,0.4904142425837263
2026-03-10 13:10:00+00:00,0,0.49715307379290347
2026-03-10 13:15:00+00:00,1,0.5176766378528272
2026-03-10 13:20:00+00:00,0,0.4840499393252006
2026-03-10 13:25:00+00:00,0,0.48847063123734175
2026-03-10 13:30:00+00:00,1,0.5162928666257032
2026-03-10 13:35:00+00:00,0,0.5119386692459941
2026-03-10 13:40:00+00:00,0,0.5020674860746293
2026-03-10 13:45:00+00:00,0,0.46547449767292554
2026-03-10 13:50:00+00:00,0,0.4777255350955372
2026-03-10 13:55:00+00:00,0,0.5101511090514438
2026-03-10 14:00:00+00:00,0,0.5031998058968488
2026-03-10 14:05:00+00:00,1,0.5219552191757392
2026-03-10 14:10:00+00:00,1,0.5221950295664424
2026-03-10 14:15:00+00:00,1,0.5199842572043759
2026-03-10 14:20:00+00:00,1,0.5088684224669202
2026-03-10 14:25:00+00:00,1,0.5135264547748786
2026-03-10 14:30:00+00:00,1,0.5119672119331596
2026-03-10 14:35:00+00:00,1,0.4761588681036425
2026-03-10 14:40:00+00:00,1,0.46987008105561434
2026-03-10 14:45:00+00:00,1,0.46378823270129027
2026-03-10 14:50:00+00:00,0,0.4617843429285996
2026-03-10 14:55:00+00:00,0,0.46205180235821347
2026-03-10 15:00:00+00:00,0,0.46879831169972896
2026-03-10 15:05:00+00:00,0,0.4699940825263323
2026-03-10 15:10:00+00:00,0,0.4717495076712329
2026-03-10 15:15:00+00:00,0,0.47645205306151306
2026-03-10 15:20:00+00:00,0,0.4730093234998226
2026-03-10 15:25:00+00:00,1,0.4758021657811669
2026-03-10 15:30:00+00:00,0,0.48470921995250044
2026-03-10 15:35:00+00:00,0,0.4864219252251777
2026-03-10 15:40:00+00:00,0,0.49560316575093777
2026-03-10 15:45:00+00:00,1,0.4829476111903801
2026-03-10 15:50:00+00:00,1,0.48639477004428017
2026-03-10 15:55:00+00:00,0,0.4767040229491116
2026-03-10 16:00:00+00:00,1,0.48599791653795826
2026-03-10 16:05:00+00:00,1,0.5021871330376484
2026-03-10 16:10:00+00:00,1,0.503091329679204
2026-03-10 16:15:00+00:00,1,0.47489441033254587
2026-03-10 16:20:00+00:00,1,0.4831814532964621
2026-03-10 16:25:00+00:00,1,0.47823682264836626
2026-03-10 16:30:00+00:00,0,0.48202157519717226
2026-03-10 16:35:00+00:00,1,0.488880044388314
2026-03-10 16:40:00+00:00,0,0.48045519841648443
2026-03-10 16:45:00+00:00,0,0.4842947162372821
2026-03-10 16:50:00+00:00,0,0.48138145640373975
2026-03-10 16:55:00+00:00,0,0.48092075354736985
2026-03-10 17:00:00+00:00,0,0.4798167078648365
2026-03-10 17:05:00+00:00,0,0.47868211561076984
2026-03-10 17:10:00+00:00,0,0.4952624145731218
2026-03-10 17:15:00+00:00,0,0.5023920647972346
2026-03-10 17:20:00+00:00,0,0.4921473907535285
2026-03-10 17:25:00+00:00,0,0.5082240072574983
2026-03-10 17:30:00+00:00,0,0.5005901659032527
2026-03-10 17:35:00+00:00,0,0.5154263011012857
2026-03-10 17:40:00+00:00,0,0.5114264792281076
2026-03-10 17:45:00+00:00,0,0.495556134651857
2026-03-10 17:50:00+00:00,0,0.49877139300971357
2026-03-10 17:55:00+00:00,0,0.511187510722991
2026-03-10 18:00:00+00:00,0,0.5101620339950224
2026-03-10 18:05:00+00:00,0,0.5167089287011041
2026-03-10 18:10:00+00:00,0,0.5311710261126319
2026-03-10 18:15:00+00:00,0,0.5484556583468195
2026-03-10 18:20:00+00:00,0,0.541901886526329
2026-03-10 18:25:00+00:00,0,0.5330808883368938
2026-03-10 18:30:00+00:00,0,0.5289071579144154
2026-03-10 18:35:00+00:00,0,0.5389518935774896
2026-03-10 18:40:00+00:00,0,0.543159674370387
2026-03-10 18:45:00+00:00,0,0.5466936813582524
2026-03-10 18:50:00+00:00,0,0.5464831823370239
2026-03-10 18:55:00+00:00,0,0.5366642664099501
2026-03-10 19:00:00+00:00,0,0.5345438657527574
2026-03-10 19:05:00+00:00,0,0.5295483112884394
2026-03-10 19:10:00+00:00,1,0.5306622681319646
2026-03-10 19:15:00+00:00,0,0.5316654587511481
2026-03-10 19:20:00+00:00,1,0.5311289357429506
2026-03-10 19:25:00+00:00,1,0.531560965954993
2026-03-10 19:30:00+00:00,1,0.5222826599396702
2026-03-10 19:35:00+00:00,1,0.5175258528053223
2026-03-10 19:40:00+00:00,1,0.5173725425389253
2026-03-10 19:45:00+00:00,1,0.5202790891939956
2026-03-10 19:50:00+00:00,1,0.5172114164257449
2026-03-10 19:55:00+00:00,1,0.5099278086577462
2026-03-10 20:00:00+00:00,1,0.5099943257583412
2026-03-10 20:05:00+00:00,1,0.5239754754797393
2026-03-10 20:10:00+00:00,0,0.5115616226873433
2026-03-10 20:15:00+00:00,0,0.5093660816493274
2026-03-10 20:20:00+00:00,0,0.5090892093955379
2026-03-10 20:25:00+00:00,0,0.5108640461338275
2026-03-10 20:30:00+00:00,1,0.4874527046863416
2026-03-10 20:35:00+00:00,0,0.4802053424001616
2026-03-10 20:40:00+00:00,0,0.48512598809339347
2026-03-10 20:45:00+00:00,0,0.5033453497055238
2026-03-10 20:50:00+00:00,0,0.4968116078000733
2026-03-10 20:55:00+00:00,0,0.49785809771599226
2026-03-10 21:00:00+00:00,0,0.4715526188329529
2026-03-10 21:05:00+00:00,0,0.4769660964806019
2026-03-10 21:10:00+00:00,0,0.5150607063103603
2026-03-10 21:15:00+00:00,0,0.5051156102031233
2026-03-10 21:20:00+00:00,0,0.5049358494930478
2026-03-10 21:25:00+00:00,0,0.5210867382168639
2026-03-10 21:30:00+00:00,0,0.5212661608322153
2026-03-10 21:35:00+00:00,0,0.5216336884318433
2026-03-10 21:40:00+00:00,0,0.5269484775911906
2026-03-10 21:45:00+00:00,0,0.5260115375807657
2026-03-10 21:50:00+00:00,1,0.5220622563153796
2026-03-10 21:55:00+00:00,1,0.5229524195379183
2026-03-10 22:00:00+00:00,1,0.5246793552385985
2026-03-10 22:05:00+00:00,1,0.5287345358214367
2026-03-10 22:10:00+00:00,1,0.5235093951431032
2026-03-10 22:15:00+00:00,1,0.5262517793971648
2026-03-10 22:20:00+00:00,1,0.5188189044770819
2026-03-10 22:25:00+00:00,0,0.5130720804664114
2026-03-10 22:30:00+00:00,1,0.5120808890636829
2026-03-10 22:35:00+00:00,1,0.5118226137949171
2026-03-10 22:40:00+00:00,1,0.5103156819645005
2026-03-10 22:45:00+00:00,1,0.509983004539762
2026-03-10 22:50:00+00:00,1,0.5132917063189083
2026-03-10 22:55:00+00:00,1,0.5041482497559455
2026-03-10 23:00:00+00:00,0,0.48514781670565954
2026-03-10 23:05:00+00:00,0,0.4722513256826386
2026-03-10 23:10:00+00:00,0,0.4754187466824255
2026-03-10 23:15:00+00:00,0,0.48758837490821433
2026-03-10 23:20:00+00:00,0,0.4883462621614889
2026-03-10 23:25:00+00:00,1,0.4774098997530677
2026-03-10 23:30:00+00:00,0,0.46877115145016246
2026-03-10 23:35:00+00:00,0,0.4640348962646819
2026-03-10 23:40:00+00:00,0,0.4950228072988977
2026-03-10 23:45:00+00:00,1,0.4867032490013101
2026-03-10 23:50:00+00:00,0,0.49072134609675977
2026-03-10 23:55:00+00:00,0,0.4658335774768229
2026-03-11 00:00:00+00:00,0,0.5063305608694952
2026-03-11 00:05:00+00:00,0,0.4883021744886418
2026-03-11 00:10:00+00:00,0,0.5166433943394189
2026-03-11 00:15:00+00:00,0,0.48095824474269333
2026-03-11 00:20:00+00:00,1,0.5138884787305882
2026-03-11 00:25:00+00:00,1,0.5114781991467969
2026-03-11 00:30:00+00:00,1,0.5241062197177445
2026-03-11 00:35:00+00:00,1,0.5215752748431468
2026-03-11 00:40:00+00:00,1,0.5231615023593142
2026-03-11 00:45:00+00:00,1,0.5171241579556862
2026-03-11 00:50:00+00:00,0,0.505304685314231
2026-03-11 00:55:00+00:00,1,0.5115540337829212
2026-03-11 01:00:00+00:00,1,0.5191819967754108
2026-03-11 01:05:00+00:00,0,0.5072393269105107
2026-03-11 01:10:00+00:00,0,0.4835178751828579
2026-03-11 01:15:00+00:00,0,0.5128314252483722
2026-03-11 01:20:00+00:00,1,0.508120770560197
2026-03-11 01:25:00+00:00,0,0.4921985834880831
2026-03-11 01:30:00+00:00,0,0.4780634542305583
2026-03-11 01:35:00+00:00,0,0.5157092068024536
2026-03-11 01:40:00+00:00,0,0.4812541788276754
2026-03-11 01:45:00+00:00,0,0.5023591140765624
2026-03-11 01:50:00+00:00,0,0.47562748369358215
2026-03-11 01:55:00+00:00,0,0.5111604097648206
2026-03-11 02:00:00+00:00,0,0.5114314399197032
2026-03-11 02:05:00+00:00,0,0.5086984369763282
2026-03-11 02:10:00+00:00,0,0.5045229021281685
2026-03-11 02:15:00+00:00,0,0.49965989943217354
2026-03-11 02:20:00+00:00,0,0.5016345263643109
2026-03-11 02:25:00+00:00,1,0.5030025717704811
2026-03-11 02:30:00+00:00,1,0.5139051187857253
2026-03-11 02:35:00+00:00,1,0.515405904050867
2026-03-11 02:40:00+00:00,1,0.512332308813498
2026-03-11 02:45:00+00:00,1,0.5022772672532982
2026-03-11 02:50:00+00:00,1,0.5004916539262179
2026-03-11 02:55:00+00:00,0,0.49970655133898256
2026-03-11 03:00:00+00:00,0,0.48641270260606484
2026-03-11 03:05:00+00:00,0,0.5017983917158112
2026-03-11 03:10:00+00:00,0,0.500696118902467
2026-03-11 03:15:00+00:00,1,0.5007675154760822
2026-03-11 03:20:00+00:00,1,0.5053315051776174
2026-03-11 03:25:00+00:00,1,0.5062019032504638
2026-03-11 03:30:00+00:00,0,0.50138706219291
2026-03-11 03:35:00+00:00,0,0.5011974516454746
2026-03-11 03:40:00+00:00,0,0.49508089139766426
2026-03-11 03:45:00+00:00,0,0.4923890123899229
2026-03-11 03:50:00+00:00,0,0.49143460835022124
2026-03-11 03:55:00+00:00,1,0.5014778383325147
2026-03-11 04:00:00+00:00,1,0.5080534975487696
2026-03-11 04:05:00+00:00,1,0.5087736437386333
2026-03-11 04:10:00+00:00,1,0.508565748469405
2026-03-11 04:15:00+00:00,1,0.5001273219993752
2026-03-11 04:20:00+00:00,1,0.4982829088092345
2026-03-11 04:25:00+00:00,1,0.4764222672758974
2026-03-11 04:30:00+00:00,0,0.4801109175606677
2026-03-11 04:35:00+00:00,1,0.4976354010204126
2026-03-11 04:40:00+00:00,0,0.4920411766624724
2026-03-11 04:45:00+00:00,0,0.4832890452157953
2026-03-11 04:50:00+00:00,0,0.47743865053341833
2026-03-11 04:55:00+00:00,0,0.4864563772759612
2026-03-11 05:00:00+00:00,0,0.4878726617651967
2026-03-11 05:05:00+00:00,0,0.4995718848255488
2026-03-11 05:10:00+00:00,0,0.501565623010914
2026-03-11 05:15:00+00:00,0,0.5032442765828707
2026-03-11 05:20:00+00:00,0,0.5024322196480773
2026-03-11 05:25:00+00:00,0,0.5050722451448326
2026-03-11 05:30:00+00:00,0,0.5044175903303336
2026-03-11 05:35:00+00:00,1,0.5089074871822183
2026-03-11 05:40:00+00:00,1,0.505831523108286
2026-03-11 05:50:00+00:00,1,0.5091536601001363
2026-03-11 05:55:00+00:00,1,0.5065571648825393
2026-03-11 06:00:00+00:00,1,0.5048227818456997
2026-03-11 06:05:00+00:00,1,0.5061310648857157
2026-03-11 06:10:00+00:00,1,0.5052368786454707
2026-03-11 06:15:00+00:00,1,0.49354859276008356
2026-03-11 06:20:00+00:00,1,0.49385961747608254
2026-03-11 06:25:00+00:00,1,0.48482391751294235
2026-03-11 06:30:00+00:00,1,0.48272992034680784
2026-03-11 06:35:00+00:00,1,0.47924323401508767
2026-03-11 06:40:00+00:00,1,0.4806077714463367
2026-03-11 06:45:00+00:00,1,0.4881497185582074
2026-03-11 06:50:00+00:00,1,0.4683743459596537
2026-03-11 06:55:00+00:00,0,0.47047298986790514
2026-03-11 07:00:00+00:00,0,0.4608555271736744
2026-03-11 07:05:00+00:00,0,0.460869579265186
2026-03-11 07:10:00+00:00,0,0.46230031015305145
2026-03-11 07:15:00+00:00,0,0.46510011055606976
2026-03-11 07:20:00+00:00,0,0.4685227901861149
2026-03-11 07:25:00+00:00,0,0.46432898321024674
2026-03-11 07:30:00+00:00,0,0.48077797649424636
2026-03-11 07:35:00+00:00,0,0.4912561299971573
2026-03-11 07:40:00+00:00,1,0.4936335126676411
2026-03-11 07:45:00+00:00,1,0.4937635704243686
2026-03-11 07:50:00+00:00,1,0.49453412834267924
2026-03-11 07:55:00+00:00,1,0.5016262911850545
2026-03-11 08:00:00+00:00,1,0.47921153209301615
2026-03-11 08:05:00+00:00,1,0.49912126304808785
2026-03-11 08:10:00+00:00,1,0.49098303718815456
2026-03-11 08:15:00+00:00,1,0.4973479187737174
2026-03-11 08:20:00+00:00,1,0.4771840593956127
2026-03-11 08:25:00+00:00,1,0.49320961145568
2026-03-11 08:30:00+00:00,0,0.4826883088183168
2026-03-11 08:35:00+00:00,1,0.4945000639498594
2026-03-11 08:40:00+00:00,0,0.47063033430236945
2026-03-11 08:45:00+00:00,1,0.49542789686699473
2026-03-11 08:50:00+00:00,1,0.48811659002896074
2026-03-11 08:55:00+00:00,1,0.48899274037437673
2026-03-11 09:00:00+00:00,1,0.49402667227023295
2026-03-11 09:05:00+00:00,1,0.4737622766382572
2026-03-11 09:10:00+00:00,1,0.48619174746732396
2026-03-11 09:15:00+00:00,1,0.47765404442866743
2026-03-11 09:20:00+00:00,0,0.46095103330216086
2026-03-11 09:25:00+00:00,0,0.4624322128063932
2026-03-11 09:30:00+00:00,0,0.4602410772817461
2026-03-11 09:35:00+00:00,0,0.46326981794075095
2026-03-11 09:40:00+00:00,0,0.4620618331272413
2026-03-11 09:45:00+00:00,0,0.4604431952141794
2026-03-11 09:50:00+00:00,1,0.467489235486815
2026-03-11 09:55:00+00:00,1,0.49067976839699157
2026-03-11 10:00:00+00:00,1,0.4808089573135049
2026-03-11 10:05:00+00:00,1,0.4808802719692059
2026-03-11 10:10:00+00:00,1,0.48750271955931285
2026-03-11 10:15:00+00:00,1,0.461988482335166
2026-03-11 10:20:00+00:00,1,0.47354806147786443
2026-03-11 10:25:00+00:00,1,0.4604448374841273
2026-03-11 10:30:00+00:00,0,0.4631413101949478
2026-03-11 10:35:00+00:00,1,0.46915763065419613
2026-03-11 10:40:00+00:00,0,0.45449429104692685
2026-03-11 10:45:00+00:00,0,0.46946097506309653
2026-03-11 10:50:00+00:00,0,0.46473991717267155
2026-03-11 10:55:00+00:00,0,0.47036704586677675
2026-03-11 11:00:00+00:00,1,0.48234652394064365
2026-03-11 11:05:00+00:00,0,0.4654064096392018
2026-03-11 11:10:00+00:00,0,0.46568809672945943
2026-03-11 11:15:00+00:00,0,0.4734897280686326
2026-03-11 11:20:00+00:00,0,0.484097144735146
2026-03-11 11:25:00+00:00,1,0.4948747627789941
2026-03-11 11:30:00+00:00,0,0.4781945471544967
2026-03-11 11:35:00+00:00,0,0.48390159150168693
2026-03-11 11:40:00+00:00,1,0.5028833804562588
2026-03-11 11:45:00+00:00,1,0.5070150013126044
2026-03-11 11:50:00+00:00,1,0.5021493796363171
2026-03-11 11:55:00+00:00,1,0.49997393672589696
2026-03-11 12:00:00+00:00,1,0.5044748797773226
2026-03-11 12:05:00+00:00,1,0.513274536601165
2026-03-11 12:10:00+00:00,1,0.47394133539831623
2026-03-11 12:15:00+00:00,1,0.4603988966819098
2026-03-11 12:20:00+00:00,1,0.4540269266790771
2026-03-11 12:25:00+00:00,0,0.452901818470977
2026-03-11 12:30:00+00:00,0,0.45432140745822197
2026-03-11 12:35:00+00:00,0,0.45595621908403144
2026-03-11 12:40:00+00:00,1,0.45583939367912385
2026-03-11 12:45:00+00:00,1,0.45976859383825297
2026-03-11 12:50:00+00:00,1,0.46392664423510516
2026-03-11 12:55:00+00:00,1,0.45270687229639583
2026-03-11 13:00:00+00:00,1,0.45634882888227357
2026-03-11 13:05:00+00:00,1,0.44906411288060544
2026-03-11 13:10:00+00:00,1,0.4424332243972664
2026-03-11 13:15:00+00:00,1,0.45400237412839134
2026-03-11 13:20:00+00:00,0,0.44232982532496723
2026-03-11 13:25:00+00:00,1,0.4436978073151424
2026-03-11 13:30:00+00:00,1,0.445642832704307
2026-03-11 13:35:00+00:00,0,0.44659313940124057
2026-03-11 13:40:00+00:00,1,0.4655777208289678
2026-03-11 13:45:00+00:00,1,0.4627790057612038
2026-03-11 13:50:00+00:00,1,0.48148224285642205
2026-03-11 13:55:00+00:00,1,0.45846790749021726
2026-03-11 14:00:00+00:00,0,0.46526440943947106
2026-03-11 14:05:00+00:00,1,0.4684122261382131
2026-03-11 14:10:00+00:00,1,0.47354922137986544
2026-03-11 14:15:00+00:00,0,0.46763782205394755
2026-03-11 14:20:00+00:00,0,0.4726037840996713
2026-03-11 14:25:00+00:00,0,0.4680030341468723
2026-03-11 14:30:00+00:00,0,0.4862715976662759
2026-03-11 14:35:00+00:00,0,0.4683308011594169
2026-03-11 14:40:00+00:00,0,0.48741375595451414
2026-03-11 14:45:00+00:00,0,0.4896537776270886
2026-03-11 14:50:00+00:00,0,0.4904736973499599
2026-03-11 14:55:00+00:00,0,0.5142994463571217
2026-03-11 15:00:00+00:00,0,0.5152207349043799
2026-03-11 15:05:00+00:00,1,0.5172066586227979
2026-03-11 15:10:00+00:00,0,0.5192733985830729
2026-03-11 15:15:00+00:00,0,0.5189277866405883
2026-03-11 15:20:00+00:00,0,0.5101171576834378
2026-03-11 15:25:00+00:00,0,0.5124000703695806
2026-03-11 15:30:00+00:00,0,0.5187004272585721
2026-03-11 15:35:00+00:00,0,0.511184638303603
2026-03-11 15:40:00+00:00,1,0.5181247118889913
2026-03-11 15:45:00+00:00,1,0.5295781232636415
2026-03-11 15:50:00+00:00,1,0.5192780211033372
2026-03-11 15:55:00+00:00,1,0.5211239423157761
2026-03-11 16:00:00+00:00,1,0.5165257505851407
2026-03-11 16:05:00+00:00,1,0.5142744884678128
2026-03-11 16:10:00+00:00,1,0.5045362373899802
2026-03-11 16:15:00+00:00,1,0.5001619241756776
2026-03-11 16:20:00+00:00,1,0.4869021087138025
2026-03-11 16:25:00+00:00,1,0.48661337301363516
2026-03-11 16:30:00+00:00,1,0.47848788604007003
2026-03-11 16:35:00+00:00,1,0.4808073760282216
2026-03-11 16:40:00+00:00,0,0.49024124278992987
2026-03-11 16:45:00+00:00,1,0.48855311579175414
2026-03-11 16:50:00+00:00,1,0.4747115388941093
2026-03-11 16:55:00+00:00,1,0.4971855085457479
2026-03-11 17:00:00+00:00,0,0.47181159911934933
2026-03-11 17:05:00+00:00,0,0.4767603423009512
2026-03-11 17:10:00+00:00,0,0.4751471587210899
2026-03-11 17:15:00+00:00,0,0.4731206254370088
2026-03-11 17:20:00+00:00,0,0.47230946223551556
2026-03-11 17:25:00+00:00,0,0.4756475731447739
2026-03-11 17:30:00+00:00,1,0.4888341712583093
2026-03-11 17:35:00+00:00,1,0.5107182825124774
2026-03-11 17:40:00+00:00,1,0.4819777245436134
2026-03-11 17:45:00+00:00,1,0.49958748824281507
2026-03-11 17:50:00+00:00,1,0.5091698220292395
2026-03-11 17:55:00+00:00,1,0.5022991175091807
2026-03-11 18:00:00+00:00,1,0.48991605840576036
2026-03-11 18:05:00+00:00,1,0.502307796705345
2026-03-11 18:10:00+00:00,0,0.5029200924513902
2026-03-11 18:15:00+00:00,1,0.5157815821489532
2026-03-11 18:20:00+00:00,1,0.5135022001995239
2026-03-11 18:25:00+00:00,1,0.4953931844752566
2026-03-11 18:30:00+00:00,0,0.49987720974447614
2026-03-11 18:35:00+00:00,0,0.5195316512042432
2026-03-11 18:40:00+00:00,0,0.5161133048261798
2026-03-11 18:45:00+00:00,0,0.5002866306688079
2026-03-11 18:50:00+00:00,0,0.49055762898667943
2026-03-11 18:55:00+00:00,0,0.4986847986411603
2026-03-11 19:00:00+00:00,0,0.5329546768279133
2026-03-11 19:05:00+00:00,1,0.5273164450424658
2026-03-11 19:10:00+00:00,1,0.5155374680102315
2026-03-11 19:15:00+00:00,0,0.5202188895170674
2026-03-11 19:20:00+00:00,0,0.523432649625411
2026-03-11 19:25:00+00:00,0,0.5303545282470254
2026-03-11 19:30:00+00:00,0,0.5085579950140423
2026-03-11 19:35:00+00:00,0,0.5198108820991085
2026-03-11 19:40:00+00:00,0,0.522687427844676
2026-03-11 19:45:00+00:00,0,0.5198292779660051
2026-03-11 19:50:00+00:00,0,0.5165604536940709
2026-03-11 19:55:00+00:00,0,0.5094202074016185
2026-03-11 20:00:00+00:00,0,0.5028947691005061
2026-03-11 20:05:00+00:00,0,0.5018244715868074
2026-03-11 20:10:00+00:00,0,0.5003184902480222
2026-03-11 20:15:00+00:00,0,0.5006024144081198
2026-03-11 20:20:00+00:00,0,0.5065384242004968
2026-03-11 20:25:00+00:00,0,0.5153627108226696
2026-03-11 20:30:00+00:00,1,0.5180790333077107
2026-03-11 20:35:00+00:00,1,0.5279821176268744
2026-03-11 20:40:00+00:00,1,0.5178782493258376
2026-03-11 20:45:00+00:00,1,0.5145637902512379
2026-03-11 20:50:00+00:00,1,0.5134093859627447
2026-03-11 20:55:00+00:00,0,0.5126463806458076
2026-03-11 21:00:00+00:00,0,0.5065042987224644
2026-03-11 21:05:00+00:00,1,0.5114019471261652
2026-03-11 21:10:00+00:00,0,0.5149252529653183
2026-03-11 21:15:00+00:00,1,0.5177863838822964
2026-03-11 21:20:00+00:00,1,0.5110144972278943
2026-03-11 21:25:00+00:00,1,0.5194532783970286
2026-03-11 21:30:00+00:00,1,0.5180268001925102
2026-03-11 21:35:00+00:00,0,0.5136860392439307
2026-03-11 21:40:00+00:00,1,0.5166927501170071
2026-03-11 21:45:00+00:00,0,0.5145104882461267
2026-03-11 21:50:00+00:00,0,0.5071144368377135
2026-03-11 21:55:00+00:00,0,0.4923298469732816
2026-03-11 22:00:00+00:00,0,0.5103731388452144
2026-03-11 22:05:00+00:00,0,0.5289912421689348
2026-03-11 22:10:00+00:00,0,0.5149631731150685
2026-03-11 22:15:00+00:00,0,0.5252027705712529
2026-03-11 22:20:00+00:00,0,0.5208036388149678
2026-03-11 22:25:00+00:00,1,0.5295060844139513
2026-03-11 22:30:00+00:00,1,0.5174581848464019
2026-03-11 22:35:00+00:00,1,0.5187781346292916
2026-03-11 22:40:00+00:00,1,0.5272866887657681
2026-03-11 22:45:00+00:00,0,0.5170381269452535
2026-03-11 22:50:00+00:00,0,0.5185626397981171
2026-03-11 22:55:00+00:00,0,0.503865256578056
2026-03-11 23:00:00+00:00,0,0.5106317321430304
2026-03-11 23:05:00+00:00,0,0.5171829109131864
2026-03-11 23:10:00+00:00,0,0.5209584893739788
2026-03-11 23:15:00+00:00,0,0.5240989690618947
2026-03-11 23:20:00+00:00,0,0.5171885529956642
2026-03-11 23:25:00+00:00,0,0.5256204158059413
2026-03-11 23:30:00+00:00,0,0.5244410889319543
2026-03-11 23:35:00+00:00,0,0.5234582123004483
2026-03-11 23:40:00+00:00,1,0.5278497756829372
2026-03-11 23:45:00+00:00,1,0.5310944667730026
2026-03-11 23:50:00+00:00,1,0.5285140175062625
2026-03-11 23:55:00+00:00,1,0.5206056193901789
2026-03-12 00:00:00+00:00,0,0.5261723130345533
2026-03-12 00:05:00+00:00,1,0.5202963183681103
2026-03-12 00:10:00+00:00,1,0.5155304321785961
2026-03-12 00:15:00+00:00,1,0.5231268461248084
2026-03-12 00:20:00+00:00,0,0.5177205908249369
2026-03-12 00:25:00+00:00,0,0.522597830679753
2026-03-12 00:30:00+00:00,0,0.5295358875249989
2026-03-12 00:35:00+00:00,0,0.5132141246066874
2026-03-12 00:40:00+00:00,0,0.5142645445572492
2026-03-12 00:45:00+00:00,0,0.5131704880352816
2026-03-12 00:50:00+00:00,0,0.5275286392847869
2026-03-12 00:55:00+00:00,0,0.5242327902639026
2026-03-12 01:00:00+00:00,0,0.5265529347130262
2026-03-12 01:05:00+00:00,0,0.5240269702072571
2026-03-12 01:10:00+00:00,1,0.5228471703259496
2026-03-12 01:15:00+00:00,0,0.5193863793127776
2026-03-12 01:20:00+00:00,0,0.5231298574589913
2026-03-12 01:25:00+00:00,1,0.5219256208467818
2026-03-12 01:30:00+00:00,1,0.5243199503148651
2026-03-12 01:35:00+00:00,1,0.5273338493851952
2026-03-12 01:40:00+00:00,1,0.5161914150753119
2026-03-12 01:45:00+00:00,1,0.5149026602975195
2026-03-12 01:50:00+00:00,1,0.5211783573972233
2026-03-12 01:55:00+00:00,1,0.5236131868536242
2026-03-12 02:00:00+00:00,0,0.5094147213945406
2026-03-12 02:05:00+00:00,0,0.5115486172162166
2026-03-12 02:10:00+00:00,0,0.48125473214317205
2026-03-12 02:15:00+00:00,0,0.5063101004154632
2026-03-12 02:20:00+00:00,0,0.5172744559623897
2026-03-12 02:25:00+00:00,0,0.5092586201099375
2026-03-12 02:30:00+00:00,0,0.5154655748678048
2026-03-12 02:35:00+00:00,0,0.5235775987446162
2026-03-12 02:40:00+00:00,0,0.5175534654698946
2026-03-12 02:45:00+00:00,0,0.5175368696983849
2026-03-12 02:50:00+00:00,1,0.5218814753782266
2026-03-12 02:55:00+00:00,1,0.5214512101802955
2026-03-12 03:00:00+00:00,1,0.5149704628192207
2026-03-12 03:05:00+00:00,1,0.512796226104848
2026-03-12 03:10:00+00:00,1,0.5137323370898836
2026-03-12 03:15:00+00:00,0,0.511199121435506
2026-03-12 03:20:00+00:00,0,0.5101695066451104
2026-03-12 03:25:00+00:00,0,0.5134364945124978
2026-03-12 03:30:00+00:00,0,0.5098339859450354
2026-03-12 03:35:00+00:00,0,0.5051026382420117
2026-03-12 03:40:00+00:00,0,0.5096731243762036
2026-03-12 03:45:00+00:00,1,0.5120780892731921
2026-03-12 03:50:00+00:00,0,0.5035078467024722
2026-03-12 03:55:00+00:00,0,0.5124058230163177
2026-03-12 04:00:00+00:00,0,0.5124098285728919
2026-03-12 04:05:00+00:00,0,0.5126269872696314
2026-03-12 04:10:00+00:00,0,0.5110005359199095
2026-03-12 04:15:00+00:00,0,0.511388888946701
2026-03-12 04:20:00+00:00,0,0.5150270646708032
2026-03-12 04:25:00+00:00,0,0.5147795205291082
2026-03-12 04:30:00+00:00,1,0.5185104905403574
2026-03-12 04:35:00+00:00,0,0.5091032609756596
2026-03-12 04:40:00+00:00,0,0.5143481830881902
2026-03-12 04:45:00+00:00,0,0.5114412820981132
2026-03-12 04:50:00+00:00,0,0.5078100906159446
2026-03-12 04:55:00+00:00,0,0.5114542524627315
2026-03-12 05:00:00+00:00,0,0.501436928536288
2026-03-12 05:05:00+00:00,0,0.508979806680252
2026-03-12 05:10:00+00:00,0,0.517645639431709
2026-03-12 05:15:00+00:00,0,0.5153372947545037
2026-03-12 05:20:00+00:00,1,0.5177604797665873
2026-03-12 05:25:00+00:00,1,0.5169248574008762
2026-03-12 05:30:00+00:00,1,0.5121011632009318
2026-03-12 05:35:00+00:00,1,0.5126666306249308
2026-03-12 05:40:00+00:00,1,0.5092812062059506
2026-03-12 05:45:00+00:00,1,0.5113989190094445
2026-03-12 05:50:00+00:00,1,0.5106717662651765
2026-03-12 05:55:00+00:00,1,0.5041358427620505
2026-03-12 06:00:00+00:00,1,0.5036127158906436
2026-03-12 06:05:00+00:00,0,0.4968924857263013
2026-03-12 06:10:00+00:00,0,0.48358426544997
2026-03-12 06:15:00+00:00,1,0.5014763283433082
2026-03-12 06:20:00+00:00,1,0.502166257733634
2026-03-12 06:25:00+00:00,0,0.49361834270003024
2026-03-12 06:30:00+00:00,0,0.5058135621594061
2026-03-12 06:35:00+00:00,0,0.5042852424826303
2026-03-12 06:40:00+00:00,0,0.4779312418348781
2026-03-12 06:45:00+00:00,0,0.475956291438177
2026-03-12 06:50:00+00:00,0,0.47818581525249365
2026-03-12 06:55:00+00:00,1,0.50191814283177
2026-03-12 07:00:00+00:00,1,0.48739411901067925
2026-03-12 07:05:00+00:00,1,0.5089321742991303
2026-03-12 07:10:00+00:00,1,0.49451516710566756
2026-03-12 07:15:00+00:00,1,0.49534737646182525
2026-03-12 07:20:00+00:00,1,0.4749832214732465
2026-03-12 07:25:00+00:00,1,0.46955598133356213
2026-03-12 07:30:00+00:00,0,0.46176379959986796
2026-03-12 07:35:00+00:00,0,0.46478424770459076
2026-03-12 07:40:00+00:00,0,0.4675391255310663
2026-03-12 07:45:00+00:00,1,0.46367739266922875
2026-03-12 07:50:00+00:00,1,0.4647335090603194
2026-03-12 07:55:00+00:00,0,0.4823147414193895
2026-03-12 08:00:00+00:00,0,0.48964706234012406
2026-03-12 08:05:00+00:00,0,0.4998265798922061
2026-03-12 08:10:00+00:00,1,0.4983080996002184
2026-03-12 08:15:00+00:00,0,0.4628760200176534
2026-03-12 08:20:00+00:00,0,0.46680939008836175
2026-03-12 08:25:00+00:00,0,0.4826472986823259
2026-03-12 08:30:00+00:00,1,0.4902680813547457
2026-03-12 08:35:00+00:00,0,0.4864448138354676
2026-03-12 08:40:00+00:00,0,0.4938892156908048
2026-03-12 08:45:00+00:00,0,0.4801386785533081
2026-03-12 08:50:00+00:00,0,0.47958066050119696
2026-03-12 08:55:00+00:00,0,0.4773497116435349
2026-03-12 09:00:00+00:00,0,0.47506060499557007
2026-03-12 09:05:00+00:00,0,0.5032286434189283
2026-03-12 09:10:00+00:00,1,0.5010604328812219
2026-03-12 09:15:00+00:00,1,0.5004582271153433
2026-03-12 09:20:00+00:00,1,0.5005513741235859
2026-03-12 09:25:00+00:00,1,0.5014101255683784
2026-03-12 09:30:00+00:00,1,0.5003611394002467
2026-03-12 09:35:00+00:00,1,0.4994843745571849
2026-03-12 09:40:00+00:00,0,0.46045211955547855
2026-03-12 09:45:00+00:00,1,0.47780571107816977
2026-03-12 09:50:00+00:00,1,0.4624237348218329
2026-03-12 09:55:00+00:00,1,0.4704887280859933
2026-03-12 10:00:00+00:00,1,0.46496299852899065
2026-03-12 10:05:00+00:00,1,0.47602996119710594
2026-03-12 10:10:00+00:00,1,0.46650473292387373
2026-03-12 10:15:00+00:00,1,0.4637902363972184
2026-03-12 10:20:00+00:00,1,0.45002037128829253
2026-03-12 10:25:00+00:00,0,0.4480421305272606
2026-03-12 10:30:00+00:00,0,0.4557524317753349
2026-03-12 10:35:00+00:00,0,0.4555076138289067
2026-03-12 10:40:00+00:00,0,0.45583503323760266
2026-03-12 10:45:00+00:00,0,0.4551190067360223
2026-03-12 10:50:00+00:00,0,0.46010404529558147
2026-03-12 10:55:00+00:00,0,0.46837994523743814
2026-03-12 11:00:00+00:00,0,0.4895424166342638
2026-03-12 11:05:00+00:00,0,0.49766320512220213
2026-03-12 11:10:00+00:00,0,0.5006252154318072
2026-03-12 11:15:00+00:00,0,0.488248080174835
2026-03-12 11:20:00+00:00,0,0.5107418369376249
2026-03-12 11:25:00+00:00,0,0.5070743033423287
2026-03-12 11:30:00+00:00,0,0.4951414661466322
2026-03-12 11:35:00+00:00,0,0.4960868783898227
2026-03-12 11:40:00+00:00,0,0.49745440301605626
2026-03-12 11:45:00+00:00,0,0.5002249854559753
2026-03-12 11:50:00+00:00,1,0.5264078974729867
2026-03-12 11:55:00+00:00,1,0.5137252391133291
2026-03-12 12:00:00+00:00,1,0.5238166477924336
2026-03-12 12:05:00+00:00,1,0.5282412597889501
2026-03-12 12:10:00+00:00,1,0.5146323109335788
2026-03-12 12:15:00+00:00,1,0.5139741954383369
2026-03-12 12:20:00+00:00,1,0.5214934855079805
2026-03-12 12:25:00+00:00,1,0.513116269298036
2026-03-12 12:30:00+00:00,0,0.5182639755619629
2026-03-12 12:35:00+00:00,0,0.5142668381735126
2026-03-12 12:40:00+00:00,1,0.5152277150123539
2026-03-12 12:45:00+00:00,0,0.5032267915277531
2026-03-12 12:50:00+00:00,0,0.5048784340863836
2026-03-12 12:55:00+00:00,0,0.4927444750870489
2026-03-12 13:00:00+00:00,1,0.49960295792012216
2026-03-12 13:05:00+00:00,1,0.4902384030549557
2026-03-12 13:10:00+00:00,0,0.48712880391673585
2026-03-12 13:15:00+00:00,1,0.5198655835954336
2026-03-12 13:20:00+00:00,0,0.5248376539751581
2026-03-12 13:25:00+00:00,0,0.5176526007178701
2026-03-12 13:30:00+00:00,0,0.4632428848486939
2026-03-12 13:35:00+00:00,0,0.47596357268388323
2026-03-12 13:40:00+00:00,1,0.49444554898935583
2026-03-12 13:45:00+00:00,0,0.49663040962150357
2026-03-12 13:50:00+00:00,0,0.5097493043298008
2026-03-12 13:55:00+00:00,0,0.5114755838202931
2026-03-12 14:00:00+00:00,0,0.4848147079055481
2026-03-12 14:05:00+00:00,0,0.5106723734669834
2026-03-12 14:10:00+00:00,0,0.5076347443073947
2026-03-12 14:15:00+00:00,0,0.5183663896542228
2026-03-12 14:20:00+00:00,0,0.5137230187216283
2026-03-12 14:25:00+00:00,1,0.5303963657693767
2026-03-12 14:30:00+00:00,1,0.5238303393720394
2026-03-12 14:35:00+00:00,1,0.5270950570365421
2026-03-12 14:40:00+00:00,1,0.5290859383275561
2026-03-12 14:45:00+00:00,1,0.5275481465092359
2026-03-12 14:50:00+00:00,1,0.5172900993078158
2026-03-12 14:55:00+00:00,1,0.5171816408508119
2026-03-12 15:00:00+00:00,1,0.5104461650806396
2026-03-12 15:05:00+00:00,1,0.5165657308707813
2026-03-12 15:10:00+00:00,1,0.5108789162905762
2026-03-12 15:15:00+00:00,1,0.5195266367875114
2026-03-12 15:20:00+00:00,1,0.5140447756060955
2026-03-12 15:25:00+00:00,0,0.4841927369139654
2026-03-12 15:30:00+00:00,1,0.4808186543733541
2026-03-12 15:35:00+00:00,0,0.473169322387925
2026-03-12 15:40:00+00:00,0,0.483674185816295
2026-03-12 15:45:00+00:00,1,0.4783922462942823
2026-03-12 15:50:00+00:00,1,0.4870025949231699
2026-03-12 15:55:00+00:00,1,0.4976234739401875
2026-03-12 16:00:00+00:00,1,0.47562981512982555
2026-03-12 16:05:00+00:00,1,0.4811729057835046
2026-03-12 16:10:00+00:00,1,0.4756982432752344
2026-03-12 16:15:00+00:00,1,0.47387751972193287
2026-03-12 16:20:00+00:00,1,0.4737119859169357
2026-03-12 16:25:00+00:00,1,0.4805664882260634
2026-03-12 16:30:00+00:00,0,0.47349002233203075
2026-03-12 16:35:00+00:00,0,0.47078467115695216
2026-03-12 16:40:00+00:00,0,0.47341970884952617
2026-03-12 16:45:00+00:00,0,0.4776050199412212
2026-03-12 16:50:00+00:00,0,0.4745541025003247
2026-03-12 16:55:00+00:00,0,0.47330520703379064
2026-03-12 17:00:00+00:00,0,0.48226071205918086
2026-03-12 17:05:00+00:00,1,0.4860533546202463
2026-03-12 17:10:00+00:00,1,0.48135300095913336
2026-03-12 17:15:00+00:00,1,0.5018335949086203
2026-03-12 17:20:00+00:00,0,0.4811096172201148
2026-03-12 17:25:00+00:00,0,0.4847117878456803
2026-03-12 17:30:00+00:00,0,0.48446909686324424
2026-03-12 17:35:00+00:00,0,0.47466993795901474
2026-03-12 17:40:00+00:00,0,0.4896739459377729
2026-03-12 17:45:00+00:00,0,0.485159145283944
2026-03-12 17:50:00+00:00,0,0.5015328756287957
2026-03-12 17:55:00+00:00,1,0.5127941446045093
2026-03-12 18:00:00+00:00,1,0.5138000478358741
2026-03-12 18:05:00+00:00,1,0.5168858086096784
2026-03-12 18:10:00+00:00,0,0.5138692917108476
2026-03-12 18:15:00+00:00,1,0.5125313421102919
2026-03-12 18:20:00+00:00,1,0.5144759281571988
2026-03-12 18:25:00+00:00,0,0.5119495441022051
2026-03-12 18:30:00+00:00,1,0.5144474384467768
2026-03-12 18:35:00+00:00,0,0.5058618376095793
2026-03-12 18:40:00+00:00,1,0.5093695692503057
2026-03-12 18:45:00+00:00,1,0.5099391272857523
2026-03-12 18:50:00+00:00,1,0.5129261989008328
2026-03-12 18:55:00+00:00,1,0.5111738958866714
2026-03-12 19:00:00+00:00,1,0.5062657199245605
2026-03-12 19:05:00+00:00,1,0.5047285795708975
2026-03-12 19:10:00+00:00,1,0.504131094189583
2026-03-12 19:15:00+00:00,1,0.47130707294952856
2026-03-12 19:20:00+00:00,1,0.4637347003264982
2026-03-12 19:25:00+00:00,0,0.4610641946050644
2026-03-12 19:30:00+00:00,0,0.47052786402814933
2026-03-12 19:35:00+00:00,0,0.4743942366368584
2026-03-12 19:40:00+00:00,0,0.4713177485001863
2026-03-12 19:45:00+00:00,0,0.4716333319614499
2026-03-12 19:50:00+00:00,0,0.4718451177002116
2026-03-12 19:55:00+00:00,0,0.47673107894506417
2026-03-12 20:00:00+00:00,0,0.47150301527404037
2026-03-12 20:05:00+00:00,0,0.4784443626199996
2026-03-12 20:10:00+00:00,0,0.4901522788676856
2026-03-12 20:15:00+00:00,0,0.5013554218917312
2026-03-12 20:20:00+00:00,0,0.4898512699726271
2026-03-12 20:25:00+00:00,0,0.5156907345498787
2026-03-12 20:30:00+00:00,0,0.513680885884746
2026-03-12 20:35:00+00:00,1,0.5080312866443203
2026-03-12 20:40:00+00:00,1,0.5149034326849665
2026-03-12 20:45:00+00:00,1,0.5099448842005558
2026-03-12 20:50:00+00:00,1,0.5146199333653786
2026-03-12 20:55:00+00:00,1,0.5183014883843758
2026-03-12 21:00:00+00:00,1,0.5154213490089827
2026-03-12 21:05:00+00:00,1,0.5130278573369909
2026-03-12 21:10:00+00:00,1,0.5020876912171787
2026-03-12 21:15:00+00:00,1,0.49649297131351167
2026-03-12 21:20:00+00:00,1,0.4893544870215547
2026-03-12 21:25:00+00:00,1,0.48310089390151717
2026-03-12 21:30:00+00:00,1,0.4915937838065432
2026-03-12 21:35:00+00:00,1,0.4941486462198298
2026-03-12 21:40:00+00:00,1,0.4882599543737638
2026-03-12 21:45:00+00:00,1,0.4761327131193614
2026-03-12 21:50:00+00:00,1,0.4819811872165593
2026-03-12 21:55:00+00:00,0,0.47408378479858
2026-03-12 22:00:00+00:00,0,0.4640990014943705
2026-03-12 22:05:00+00:00,0,0.47075220593581446
2026-03-12 22:10:00+00:00,0,0.4658564631766968
2026-03-12 22:15:00+00:00,0,0.46947765012080167
2026-03-12 22:20:00+00:00,0,0.467780940511423
2026-03-12 22:25:00+00:00,1,0.4743774102149313
2026-03-12 22:30:00+00:00,1,0.48742233765334864
2026-03-12 22:35:00+00:00,1,0.4738002513090571
2026-03-12 22:40:00+00:00,1,0.47850935300925124
2026-03-12 22:45:00+00:00,1,0.5047872447243958
2026-03-12 22:50:00+00:00,1,0.4989690005766237
2026-03-12 22:55:00+00:00,1,0.46799991829099347
2026-03-12 23:00:00+00:00,0,0.4613967183948068
2026-03-12 23:05:00+00:00,0,0.480374284845849
2026-03-12 23:10:00+00:00,0,0.47007385536673163
2026-03-12 23:15:00+00:00,1,0.4761332275138293
2026-03-12 23:20:00+00:00,1,0.46725409922542155
2026-03-12 23:25:00+00:00,1,0.4858757197224752
2026-03-12 23:30:00+00:00,1,0.49370500472274814
2026-03-12 23:35:00+00:00,1,0.5037712110878344
2026-03-12 23:40:00+00:00,1,0.4987034128242646
2026-03-12 23:45:00+00:00,1,0.495004487486532
2026-03-12 23:50:00+00:00,1,0.4832382015816436
2026-03-12 23:55:00+00:00,1,0.5015804411156102
2026-03-13 00:00:00+00:00,1,0.509003586232165
2026-03-13 00:05:00+00:00,1,0.48104076577212773
2026-03-13 00:10:00+00:00,1,0.484143156825623
2026-03-13 00:15:00+00:00,0,0.47841391839183034
2026-03-13 00:20:00+00:00,0,0.4752273937391859
2026-03-13 00:25:00+00:00,0,0.46090635551124953
2026-03-13 00:30:00+00:00,0,0.45840786314574156
2026-03-13 00:35:00+00:00,1,0.49557513391146424
2026-03-13 00:40:00+00:00,1,0.5063535277542877
2026-03-13 00:45:00+00:00,1,0.5115083409703373
2026-03-13 00:50:00+00:00,1,0.4907204523666671
2026-03-13 00:55:00+00:00,1,0.4676013584266471
2026-03-13 01:00:00+00:00,1,0.4658246391564023
2026-03-13 01:05:00+00:00,0,0.4571156879945892
2026-03-13 01:10:00+00:00,1,0.45855333113536795
2026-03-13 01:15:00+00:00,1,0.4637272881191081
2026-03-13 01:20:00+00:00,1,0.4633233177187943
2026-03-13 01:25:00+00:00,1,0.46254017147391147
2026-03-13 01:30:00+00:00,1,0.4706829550341039
2026-03-13 01:35:00+00:00,1,0.48067847121712026
2026-03-13 01:40:00+00:00,1,0.4549106639065922
2026-03-13 01:45:00+00:00,1,0.46856832571581675
2026-03-13 01:50:00+00:00,0,0.452275087643921
2026-03-13 01:55:00+00:00,0,0.4542146174385469
2026-03-13 02:00:00+00:00,0,0.46130467543733816
2026-03-13 02:05:00+00:00,0,0.4625811073812099
2026-03-13 02:10:00+00:00,0,0.46366443386886025
2026-03-13 02:15:00+00:00,0,0.4929198281644018
2026-03-13 02:20:00+00:00,0,0.5005393354530557
2026-03-13 02:25:00+00:00,0,0.4976369316841213
2026-03-13 02:30:00+00:00,1,0.5095162179634632
2026-03-13 02:35:00+00:00,1,0.5098357458104615
2026-03-13 02:40:00+00:00,1,0.5013721897369824
2026-03-13 02:45:00+00:00,1,0.5073757300967479
2026-03-13 02:50:00+00:00,1,0.5079839222833986
2026-03-13 02:55:00+00:00,1,0.49569451874860165
2026-03-13 03:00:00+00:00,1,0.4981174830268474
2026-03-13 03:05:00+00:00,0,0.4896730433798392
2026-03-13 03:10:00+00:00,0,0.4922700424971192
2026-03-13 03:15:00+00:00,0,0.4940285211739196
2026-03-13 03:20:00+00:00,1,0.488472476894043
2026-03-13 03:25:00+00:00,1,0.49220397062787996
2026-03-13 03:30:00+00:00,1,0.492342645062208
2026-03-13 03:35:00+00:00,1,0.502148122248976
2026-03-13 03:40:00+00:00,1,0.5005562979974318
2026-03-13 03:45:00+00:00,1,0.4995517305374749
2026-03-13 03:50:00+00:00,0,0.4848631840193861
2026-03-13 03:55:00+00:00,0,0.4994023832846327
2026-03-13 04:00:00+00:00,0,0.49720407477445006
2026-03-13 04:05:00+00:00,0,0.49395280269702135
2026-03-13 04:10:00+00:00,0,0.4956043955093303
2026-03-13 04:15:00+00:00,0,0.49248532366904224
2026-03-13 04:20:00+00:00,0,0.4949086285526028
2026-03-13 04:25:00+00:00,1,0.49703808948477707
2026-03-13 04:30:00+00:00,0,0.49876755179398435
2026-03-13 04:35:00+00:00,1,0.498667670689812
2026-03-13 04:40:00+00:00,0,0.5026603408880118
2026-03-13 04:45:00+00:00,1,0.5094387337832125
2026-03-13 04:50:00+00:00,1,0.5061681436605459
2026-03-13 04:55:00+00:00,1,0.49132170155676064
2026-03-13 05:00:00+00:00,1,0.5065641383381986
2026-03-13 05:05:00+00:00,1,0.4935923060093469
2026-03-13 05:10:00+00:00,1,0.501395514584318
2026-03-13 05:15:00+00:00,1,0.4924699895149825
2026-03-13 05:20:00+00:00,1,0.49501683438711885
2026-03-13 05:25:00+00:00,1,0.49211376267491763
2026-03-13 05:30:00+00:00,0,0.4859009594938643
2026-03-13 05:35:00+00:00,0,0.4952240954647117
2026-03-13 05:40:00+00:00,0,0.48727086483224147
2026-03-13 05:45:00+00:00,0,0.4949623614398584
2026-03-13 05:50:00+00:00,0,0.4909774999680878
2026-03-13 05:55:00+00:00,0,0.49840417710715756
2026-03-13 06:00:00+00:00,0,0.5058640408910773
2026-03-13 06:05:00+00:00,0,0.5049591525800485
2026-03-13 06:10:00+00:00,1,0.5148226114963804
2026-03-13 06:15:00+00:00,1,0.5118034427263113
2026-03-13 06:20:00+00:00,1,0.5122227879623962
2026-03-13 06:25:00+00:00,1,0.5129247487392664
2026-03-13 06:30:00+00:00,1,0.510279085054212
2026-03-13 06:35:00+00:00,1,0.5094674291525264
2026-03-13 06:40:00+00:00,0,0.5004344748757188
2026-03-13 06:45:00+00:00,0,0.5031421270540086
2026-03-13 06:50:00+00:00,0,0.497160288495627
2026-03-13 06:55:00+00:00,0,0.503877166682111
2026-03-13 07:00:00+00:00,0,0.4993873827319769
2026-03-13 07:05:00+00:00,0,0.4998176446448161
2026-03-13 07:10:00+00:00,0,0.5023867405403435
2026-03-13 07:15:00+00:00,0,0.5007248766051086
2026-03-13 07:20:00+00:00,1,0.5018308527303013
2026-03-13 07:25:00+00:00,0,0.5023148702461778
2026-03-13 07:30:00+00:00,1,0.5020854685402184
2026-03-13 07:35:00+00:00,1,0.5018891826908556
2026-03-13 07:40:00+00:00,0,0.4993852534557592
2026-03-13 07:45:00+00:00,1,0.4983513065263559
2026-03-13 07:50:00+00:00,1,0.5005042148568698
2026-03-13 07:55:00+00:00,1,0.5015595256662159
2026-03-13 08:00:00+00:00,1,0.4968578391012569
2026-03-13 08:05:00+00:00,1,0.49344098059521124
2026-03-13 08:10:00+00:00,1,0.4997304056905039
2026-03-13 08:15:00+00:00,1,0.49405448386028616
2026-03-13 08:20:00+00:00,1,0.4861995745704501
2026-03-13 08:25:00+00:00,1,0.47922214981793304
2026-03-13 08:30:00+00:00,1,0.47939469719280725
2026-03-13 08:35:00+00:00,0,0.4604942983192886
2026-03-13 08:40:00+00:00,1,0.46879283201902927
2026-03-13 08:45:00+00:00,0,0.4925132536469735
2026-03-13 08:50:00+00:00,0,0.4907758414561903
2026-03-13 08:55:00+00:00,1,0.4765687116477973
2026-03-13 09:00:00+00:00,1,0.493162489872672
2026-03-13 09:05:00+00:00,1,0.48708044457110977
2026-03-13 09:10:00+00:00,0,0.4826520928031373
2026-03-13 09:15:00+00:00,1,0.48491848367964613
2026-03-13 09:20:00+00:00,1,0.496350253424141
2026-03-13 09:25:00+00:00,1,0.4900011546545201
2026-03-13 09:30:00+00:00,1,0.4820808322627024
2026-03-13 09:35:00+00:00,1,0.4870941443436785
2026-03-13 09:40:00+00:00,1,0.4829557529904107
2026-03-13 09:45:00+00:00,1,0.4880617654032863
2026-03-13 09:50:00+00:00,1,0.4844993824224706
2026-03-13 09:55:00+00:00,1,0.483265205571629
2026-03-13 10:00:00+00:00,0,0.4701456153965192
2026-03-13 10:05:00+00:00,0,0.46626163908454216
2026-03-13 10:10:00+00:00,0,0.4773603840691985
2026-03-13 10:15:00+00:00,0,0.46327383970806485
2026-03-13 10:20:00+00:00,0,0.4659665821093855
2026-03-13 10:25:00+00:00,0,0.4763730241935874
2026-03-13 10:30:00+00:00,0,0.48431869310078035
2026-03-13 10:35:00+00:00,0,0.47609403345057155
2026-03-13 10:40:00+00:00,0,0.48254078331510264
2026-03-13 10:45:00+00:00,0,0.47146119830987715
2026-03-13 10:50:00+00:00,0,0.4987756774112368
2026-03-13 10:55:00+00:00,0,0.49911043125492355
2026-03-13 11:00:00+00:00,0,0.5016159505178471
2026-03-13 11:05:00+00:00,0,0.5077311249990129
2026-03-13 11:10:00+00:00,1,0.5158543854132263
2026-03-13 11:15:00+00:00,1,0.514357563626796
2026-03-13 11:20:00+00:00,1,0.5180245928553354
2026-03-13 11:25:00+00:00,1,0.5137250463491736
2026-03-13 11:30:00+00:00,1,0.5193128094265738
2026-03-13 11:35:00+00:00,1,0.5146773467198749
2026-03-13 11:40:00+00:00,1,0.5090117669031916
2026-03-13 11:45:00+00:00,1,0.5080606110850071
2026-03-13 11:50:00+00:00,1,0.5092891507406463
2026-03-13 11:55:00+00:00,0,0.5038634484808194
2026-03-13 12:00:00+00:00,0,0.48167891996806
2026-03-13 12:05:00+00:00,0,0.48156448952807035
2026-03-13 12:10:00+00:00,0,0.4892794849602704
2026-03-13 12:15:00+00:00,1,0.5066110158605001
2026-03-13 12:20:00+00:00,1,0.46824787958228165
2026-03-13 12:25:00+00:00,1,0.5147235089907278
2026-03-13 12:30:00+00:00,1,0.5055588716782208
2026-03-13 12:35:00+00:00,1,0.49535278336405575
2026-03-13 12:40:00+00:00,1,0.49968707725492384
2026-03-13 12:45:00+00:00,1,0.4654327901176101
2026-03-13 12:50:00+00:00,1,0.47319766283916415
2026-03-13 12:55:00+00:00,1,0.49990223900436903
2026-03-13 13:00:00+00:00,1,0.47253915359139415
2026-03-13 13:05:00+00:00,1,0.4706470097909574
2026-03-13 13:10:00+00:00,1,0.4844619643577409
2026-03-13 13:15:00+00:00,1,0.45714602254128267
2026-03-13 13:20:00+00:00,1,0.4606236038010893
2026-03-13 13:25:00+00:00,1,0.46806642546910576
2026-03-13 13:30:00+00:00,1,0.47433967489642315
2026-03-13 13:35:00+00:00,0,0.4639912499160736
2026-03-13 13:40:00+00:00,0,0.4574979270578881
2026-03-13 13:45:00+00:00,1,0.4568366355356225
2026-03-13 13:50:00+00:00,1,0.45642274294964985
2026-03-13 13:55:00+00:00,1,0.4657611842506424
2026-03-13 14:00:00+00:00,1,0.4718821195601771
2026-03-13 14:05:00+00:00,0,0.474346146452649
2026-03-13 14:10:00+00:00,0,0.4669385790518386
2026-03-13 14:15:00+00:00,0,0.46323368565367573
2026-03-13 14:20:00+00:00,0,0.46723839308716947
2026-03-13 14:25:00+00:00,0,0.4693331064696742
2026-03-13 14:30:00+00:00,0,0.4820628567147136
2026-03-13 14:35:00+00:00,1,0.49490785897193407
2026-03-13 14:40:00+00:00,1,0.5049135909494362
2026-03-13 14:45:00+00:00,1,0.49248495519778634
2026-03-13 14:50:00+00:00,1,0.508597579946022
2026-03-13 14:55:00+00:00,1,0.5162973571483085
2026-03-13 15:00:00+00:00,0,0.506428938377714
2026-03-13 15:05:00+00:00,0,0.4985868471442009
2026-03-13 15:10:00+00:00,0,0.5009654865211454
2026-03-13 15:15:00+00:00,0,0.5013645723631924
2026-03-13 15:20:00+00:00,0,0.5037386158740444
2026-03-13 15:25:00+00:00,0,0.5099716305504481
2026-03-13 15:30:00+00:00,0,0.5135140741458462
2026-03-13 15:35:00+00:00,0,0.5126611262159013
2026-03-13 15:40:00+00:00,0,0.5158544992035945
2026-03-13 15:45:00+00:00,0,0.5091555138832229
2026-03-13 15:50:00+00:00,0,0.5159026444150688
2026-03-13 15:55:00+00:00,0,0.5142660734446147
2026-03-13 16:00:00+00:00,0,0.5142569886318935
2026-03-13 16:05:00+00:00,0,0.5142272055921204
2026-03-13 16:10:00+00:00,1,0.5142518621111265
2026-03-13 16:15:00+00:00,1,0.5348603691707491
2026-03-13 16:20:00+00:00,1,0.5334256372216781
2026-03-13 16:25:00+00:00,1,0.5356402917014446
2026-03-13 16:30:00+00:00,1,0.5300565405984244
2026-03-13 16:35:00+00:00,1,0.5137352857650412
2026-03-13 16:40:00+00:00,0,0.507762733389725
2026-03-13 16:45:00+00:00,0,0.5088771571481684
2026-03-13 16:50:00+00:00,0,0.5099764331999416
2026-03-13 16:55:00+00:00,0,0.5111530192112815
2026-03-13 17:00:00+00:00,0,0.508314531937758
2026-03-13 17:05:00+00:00,0,0.5063479221555326
2026-03-13 17:10:00+00:00,0,0.5110822030014325
2026-03-13 17:15:00+00:00,0,0.5078047089531956
2026-03-13 17:20:00+00:00,0,0.5184934796983859
2026-03-13 17:25:00+00:00,0,0.5200118210402305
2026-03-13 17:30:00+00:00,0,0.5156114304205507
2026-03-13 17:35:00+00:00,0,0.5222104104420413
2026-03-13 17:40:00+00:00,1,0.5321171707965422
2026-03-13 17:45:00+00:00,1,0.5369456249935187
2026-03-13 17:50:00+00:00,0,0.531574672036175
2026-03-13 17:55:00+00:00,0,0.5309710818894817
2026-03-13 18:00:00+00:00,0,0.5224775457578154
2026-03-13 18:05:00+00:00,1,0.5228031999776511
2026-03-13 18:10:00+00:00,1,0.5165365766787527
2026-03-13 18:15:00+00:00,1,0.5271466668748394
2026-03-13 18:20:00+00:00,1,0.5316022451658723
2026-03-13 18:25:00+00:00,0,0.5248440591106233
2026-03-13 18:30:00+00:00,0,0.5225650297455442
2026-03-13 18:35:00+00:00,0,0.5116084197387656
2026-03-13 18:40:00+00:00,0,0.5145045855095004
2026-03-13 18:45:00+00:00,0,0.5175140828972367
2026-03-13 18:50:00+00:00,0,0.5220213334753034
2026-03-13 18:55:00+00:00,0,0.5222068822392363
2026-03-13 19:00:00+00:00,0,0.5253793704787271
2026-03-13 19:05:00+00:00,0,0.5228648711078732
2026-03-13 19:10:00+00:00,0,0.5153576699735011
2026-03-13 19:15:00+00:00,0,0.5248386886471237
2026-03-13 19:20:00+00:00,1,0.5205603897038737
2026-03-13 19:25:00+00:00,1,0.5210405820549806
2026-03-13 19:30:00+00:00,1,0.520836506509399
2026-03-13 19:35:00+00:00,1,0.5247976627870383
2026-03-13 19:40:00+00:00,1,0.5164861318523944
2026-03-13 19:45:00+00:00,1,0.519418500024344
2026-03-13 19:50:00+00:00,1,0.5084322787477568
2026-03-13 19:55:00+00:00,0,0.5067440398435064
2026-03-13 20:00:00+00:00,1,0.5111727125967965
2026-03-13 20:05:00+00:00,1,0.5181332740186017
2026-03-13 20:10:00+00:00,0,0.5120626920719722
2026-03-13 20:15:00+00:00,0,0.5055417056032888
2026-03-13 20:20:00+00:00,0,0.4881771749896474
2026-03-13 20:25:00+00:00,1,0.5124832148146587
2026-03-13 20:30:00+00:00,1,0.5117868007618619
2026-03-13 20:35:00+00:00,1,0.5154288631546301
2026-03-13 20:40:00+00:00,1,0.5188135915630725
2026-03-13 20:45:00+00:00,1,0.5181481449538045
2026-03-13 20:50:00+00:00,1,0.48819501297374623
2026-03-13 20:55:00+00:00,1,0.5094804994365141
2026-03-13 21:00:00+00:00,0,0.48539424770772155
2026-03-13 21:05:00+00:00,0,0.48625234666862566
2026-03-13 21:10:00+00:00,0,0.49443950906465406
2026-03-13 21:15:00+00:00,0,0.49344267606480335
2026-03-13 21:20:00+00:00,0,0.4843115452526044
2026-03-13 21:25:00+00:00,0,0.5124603929854963
2026-03-13 21:30:00+00:00,0,0.5217865428717096
2026-03-13 21:35:00+00:00,0,0.5280298743243997
2026-03-13 21:40:00+00:00,0,0.5303173307869958
2026-03-13 21:45:00+00:00,0,0.5129375811157562
2026-03-13 21:50:00+00:00,0,0.5220594537057959
2026-03-13 21:55:00+00:00,0,0.5276427120960541
2026-03-13 22:00:00+00:00,0,0.5310483997086369
2026-03-13 22:05:00+00:00,0,0.5229219235868692
2026-03-13 22:10:00+00:00,0,0.5223333516137728
2026-03-13 22:15:00+00:00,0,0.5272605668956986
2026-03-13 22:20:00+00:00,1,0.5370125040823512
2026-03-13 22:25:00+00:00,1,0.5347928604977362
2026-03-13 22:30:00+00:00,1,0.5373953982941522
2026-03-13 22:35:00+00:00,1,0.532917318695712
2026-03-13 22:40:00+00:00,1,0.5255907112652065
2026-03-13 22:45:00+00:00,1,0.5207788607002232
2026-03-13 22:50:00+00:00,1,0.5125907049056321
2026-03-13 22:55:00+00:00,1,0.5161152667027809
2026-03-13 23:00:00+00:00,1,0.5074313487302047
2026-03-13 23:05:00+00:00,1,0.5081500991961676
2026-03-13 23:10:00+00:00,1,0.5040858067564397
2026-03-13 23:15:00+00:00,0,0.5000068962405758
2026-03-13 23:20:00+00:00,0,0.4929151963979655
2026-03-13 23:25:00+00:00,0,0.5067983295004261
2026-03-13 23:30:00+00:00,0,0.4941853442238299
2026-03-13 23:35:00+00:00,0,0.49896404402324557
2026-03-13 23:40:00+00:00,0,0.48674168578979227
2026-03-13 23:45:00+00:00,0,0.4943431975808469
2026-03-13 23:50:00+00:00,0,0.4898611217284669
2026-03-13 23:55:00+00:00,0,0.5037790630199355
2026-03-14 00:00:00+00:00,0,0.508723943834112
2026-03-14 00:05:00+00:00,0,0.5138226698829534
2026-03-14 00:10:00+00:00,0,0.5114977847736798
2026-03-14 00:15:00+00:00,0,0.513218512575358
2026-03-14 00:20:00+00:00,0,0.5043108101645928
2026-03-14 00:25:00+00:00,0,0.5060425250993886
2026-03-14 00:30:00+00:00,0,0.5217055203664371
2026-03-14 00:35:00+00:00,0,0.5229099782642892
2026-03-14 00:40:00+00:00,0,0.5293822447634448
2026-03-14 00:45:00+00:00,1,0.5282083356156969
2026-03-14 00:50:00+00:00,1,0.5240066078568626
2026-03-14 00:55:00+00:00,1,0.5236748936878299
2026-03-14 01:00:00+00:00,1,0.5223352295261142
2026-03-14 01:05:00+00:00,1,0.517730618689431
2026-03-14 01:10:00+00:00,1,0.5198257846875994
2026-03-14 01:15:00+00:00,1,0.5177772009823358
2026-03-14 01:20:00+00:00,1,0.5083878986725532
2026-03-14 01:25:00+00:00,1,0.5098644533164333
2026-03-14 01:30:00+00:00,1,0.5076550252995433
2026-03-14 01:35:00+00:00,0,0.5100099426487694
2026-03-14 01:40:00+00:00,1,0.5147100470607487
2026-03-14 01:45:00+00:00,0,0.4633677716053691
2026-03-14 01:50:00+00:00,0,0.4711878418181771
2026-03-14 01:55:00+00:00,0,0.4719545953941919
2026-03-14 02:00:00+00:00,0,0.4640851090775034
2026-03-14 02:05:00+00:00,0,0.5092507196999886
2026-03-14 02:10:00+00:00,0,0.4876409949949948
2026-03-14 02:15:00+00:00,0,0.47054418619635746
2026-03-14 02:20:00+00:00,1,0.5073923971538282
2026-03-14 02:25:00+00:00,1,0.5088613393273027
2026-03-14 02:30:00+00:00,1,0.5087326406720785
2026-03-14 02:35:00+00:00,1,0.510231783591756
2026-03-14 02:40:00+00:00,1,0.5048254524518595
2026-03-14 02:45:00+00:00,1,0.4827574840815352
2026-03-14 02:50:00+00:00,1,0.4803125630153978
2026-03-14 02:55:00+00:00,1,0.48848327248841683
2026-03-14 03:00:00+00:00,1,0.47830469684027244
2026-03-14 03:05:00+00:00,1,0.4678131584870001
2026-03-14 03:10:00+00:00,1,0.4699976909815136
2026-03-14 03:15:00+00:00,0,0.46524154381356525
2026-03-14 03:20:00+00:00,1,0.46491391864003895
2026-03-14 03:25:00+00:00,0,0.4630064416253187
2026-03-14 03:30:00+00:00,1,0.46763021288619655
2026-03-14 03:35:00+00:00,1,0.4679804183235995
2026-03-14 03:40:00+00:00,1,0.4717932769344003
2026-03-14 03:45:00+00:00,1,0.46747642509695475
2026-03-14 03:50:00+00:00,0,0.4659841268528772
2026-03-14 03:55:00+00:00,1,0.4814938963613842
2026-03-14 04:00:00+00:00,0,0.45792728073821
2026-03-14 04:05:00+00:00,0,0.46575806041633044
2026-03-14 04:10:00+00:00,1,0.4613169388743979
2026-03-14 04:15:00+00:00,1,0.4844960529212246
2026-03-14 04:20:00+00:00,0,0.4768218983328022
2026-03-14 04:25:00+00:00,0,0.47265428119932806
2026-03-14 04:30:00+00:00,0,0.4840457576936916
2026-03-14 04:35:00+00:00,0,0.46256056268401385
2026-03-14 04:40:00+00:00,0,0.4677628559890173
2026-03-14 04:45:00+00:00,0,0.4686280616795367
2026-03-14 04:50:00+00:00,0,0.49921825186843705
2026-03-14 04:55:00+00:00,0,0.49282432959118294
2026-03-14 05:00:00+00:00,0,0.497217905498896
2026-03-14 05:05:00+00:00,0,0.49753595952382645
2026-03-14 05:10:00+00:00,0,0.4974001549026553
2026-03-14 05:15:00+00:00,0,0.49902080360916307
2026-03-14 05:20:00+00:00,0,0.4995365410305588
2026-03-14 05:25:00+00:00,0,0.5013455387936552
2026-03-14 05:30:00+00:00,0,0.5071373000205248
2026-03-14 05:35:00+00:00,0,0.5029418022362709
2026-03-14 05:40:00+00:00,0,0.5054161400538176
2026-03-14 05:45:00+00:00,0,0.5029241722912857
2026-03-14 05:50:00+00:00,0,0.5119557051307185
2026-03-14 05:55:00+00:00,0,0.5009690498436273
2026-03-14 06:00:00+00:00,0,0.5150951064299878
2026-03-14 06:05:00+00:00,0,0.5070216273061641
2026-03-14 06:10:00+00:00,0,0.5025127034548069
2026-03-14 06:15:00+00:00,0,0.5095976521480484
2026-03-14 06:20:00+00:00,0,0.5165364435123752
2026-03-14 06:25:00+00:00,1,0.5392970946959206
2026-03-14 06:30:00+00:00,0,0.5329083876158882
2026-03-14 06:35:00+00:00,1,0.5382103773147534
2026-03-14 06:40:00+00:00,1,0.5292139372242175
2026-03-14 06:45:00+00:00,0,0.5051643270869167
2026-03-14 06:50:00+00:00,0,0.5068306070214079
2026-03-14 06:55:00+00:00,0,0.5108389297943754
2026-03-14 07:00:00+00:00,0,0.5107392577301748
2026-03-14 07:05:00+00:00,0,0.5098220182695669
2026-03-14 07:10:00+00:00,0,0.5111345331967864
2026-03-14 07:15:00+00:00,0,0.5189721558910346
2026-03-14 07:20:00+00:00,0,0.5172886542206769
2026-03-14 07:25:00+00:00,0,0.5133049861320683
2026-03-14 07:30:00+00:00,0,0.5120211953499773
2026-03-14 07:35:00+00:00,0,0.5110840541520182
2026-03-14 07:40:00+00:00,0,0.5119117300016753
2026-03-14 07:45:00+00:00,0,0.5128072016678769
2026-03-14 07:50:00+00:00,0,0.5061495909642852
2026-03-14 07:55:00+00:00,0,0.5033652524017439
2026-03-14 08:00:00+00:00,0,0.5001585218877503
2026-03-14 08:05:00+00:00,0,0.504247495022184
2026-03-14 08:10:00+00:00,0,0.5046228237005307
2026-03-14 08:15:00+00:00,0,0.5142399407821
2026-03-14 08:20:00+00:00,0,0.5116048368067464
2026-03-14 08:25:00+00:00,0,0.5114647453243004
2026-03-14 08:30:00+00:00,0,0.5161273072787389
2026-03-14 08:35:00+00:00,0,0.5120013366200514
2026-03-14 08:40:00+00:00,1,0.513765949966271
2026-03-14 08:45:00+00:00,1,0.513312361248923
2026-03-14 08:50:00+00:00,0,0.514400603971025
2026-03-14 08:55:00+00:00,1,0.5163984788720933
2026-03-14 09:00:00+00:00,0,0.5106648878389867
2026-03-14 09:05:00+00:00,0,0.5123705715709582
2026-03-14 09:10:00+00:00,0,0.5126620664072092
2026-03-14 09:15:00+00:00,0,0.5191077309669528
2026-03-14 09:20:00+00:00,0,0.5173234538263504
2026-03-14 09:25:00+00:00,0,0.5181188709134701
2026-03-14 09:30:00+00:00,0,0.5254024929278106
2026-03-14 09:35:00+00:00,0,0.5262496380961068
2026-03-14 09:40:00+00:00,0,0.5300314427229149
2026-03-14 09:45:00+00:00,0,0.5160393425433786
2026-03-14 09:50:00+00:00,0,0.5022956603966704
2026-03-14 09:55:00+00:00,0,0.5070968319381955
2026-03-14 10:00:00+00:00,0,0.5034838318787966
2026-03-14 10:05:00+00:00,0,0.5069666901247841
2026-03-14 10:10:00+00:00,0,0.5140095053122947
2026-03-14 10:15:00+00:00,0,0.5185768230977733
2026-03-14 10:20:00+00:00,0,0.5168577827092042
2026-03-14 10:25:00+00:00,0,0.5202063053626799
2026-03-14 10:30:00+00:00,1,0.5166253508581989
2026-03-14 10:35:00+00:00,1,0.5184812823819147
2026-03-14 10:40:00+00:00,1,0.5193042480319366
2026-03-14 10:45:00+00:00,1,0.5122248210176537
2026-03-14 10:50:00+00:00,1,0.5149483799346068
2026-03-14 10:55:00+00:00,1,0.5183560909861411
2026-03-14 11:00:00+00:00,1,0.5120398454110728
2026-03-14 11:05:00+00:00,1,0.5102726619479462
2026-03-14 11:10:00+00:00,1,0.5130621326020053
2026-03-14 11:15:00+00:00,1,0.5163730078095373
2026-03-14 11:20:00+00:00,1,0.5158581460778724
2026-03-14 11:25:00+00:00,1,0.5091758456209448
2026-03-14 11:30:00+00:00,1,0.5106786884939428
2026-03-14 11:35:00+00:00,0,0.47177141561034347
2026-03-14 11:40:00+00:00,0,0.47641995673054816
2026-03-14 11:45:00+00:00,0,0.46995243232604067
2026-03-14 11:50:00+00:00,1,0.4696291143046076
2026-03-14 11:55:00+00:00,0,0.47075520369430784
2026-03-14 12:00:00+00:00,0,0.49409315795264414
2026-03-14 12:05:00+00:00,0,0.4801315303125181
2026-03-14 12:10:00+00:00,0,0.48580018038209216
2026-03-14 12:15:00+00:00,0,0.49057057061797965
2026-03-14 12:20:00+00:00,0,0.47747432846767773
2026-03-14 12:25:00+00:00,0,0.5107114394572951
2026-03-14 12:30:00+00:00,1,0.5223438836568299
2026-03-14 12:35:00+00:00,1,0.5233934498966211
2026-03-14 12:40:00+00:00,1,0.5265917890874228
2026-03-14 12:45:00+00:00,1,0.5109946404539353
2026-03-14 12:50:00+00:00,1,0.5115248338093629
2026-03-14 12:55:00+00:00,1,0.48634792088679263
2026-03-14 13:00:00+00:00,1,0.48765181575302335
2026-03-14 13:05:00+00:00,1,0.47885223356073214
2026-03-14 13:10:00+00:00,1,0.4866300535273683
2026-03-14 13:15:00+00:00,1,0.46904421929652435
2026-03-14 13:20:00+00:00,1,0.4603057141242898
2026-03-14 13:25:00+00:00,1,0.4630024643041332
2026-03-14 13:30:00+00:00,1,0.46905552739804146
2026-03-14 13:35:00+00:00,0,0.47479709284635535
2026-03-14 13:40:00+00:00,0,0.4705419060335307
2026-03-14 13:45:00+00:00,1,0.4720143467203501
2026-03-14 13:50:00+00:00,0,0.4631793525176288
2026-03-14 13:55:00+00:00,0,0.4627499002706875
2026-03-14 14:00:00+00:00,0,0.4723514521481429
2026-03-14 14:05:00+00:00,0,0.4750663599639452
2026-03-14 14:10:00+00:00,0,0.47497628824409127
2026-03-14 14:15:00+00:00,0,0.4703114996546551
2026-03-14 14:20:00+00:00,0,0.4822273923743153
2026-03-14 14:25:00+00:00,0,0.4650975812484431
2026-03-14 14:30:00+00:00,0,0.4969865317631655
2026-03-14 14:35:00+00:00,1,0.4932406961078389
2026-03-14 14:40:00+00:00,1,0.5061745129612443
2026-03-14 14:45:00+00:00,0,0.49556859723104507
2026-03-14 14:50:00+00:00,0,0.49568571602592704
2026-03-14 14:55:00+00:00,0,0.5075538246203753
2026-03-14 15:00:00+00:00,0,0.5049739399859835
2026-03-14 15:05:00+00:00,0,0.5042344085168703
2026-03-14 15:10:00+00:00,0,0.5100089843970641
2026-03-14 15:15:00+00:00,0,0.5105192506491083
2026-03-14 15:20:00+00:00,1,0.5141544336117074
2026-03-14 15:25:00+00:00,1,0.511831573300898
2026-03-14 15:30:00+00:00,1,0.5170382202658902
2026-03-14 15:35:00+00:00,1,0.5127895417138606
2026-03-14 15:40:00+00:00,1,0.516510707496583
2026-03-14 15:45:00+00:00,1,0.5120744016520341
2026-03-14 15:50:00+00:00,0,0.5061762202341675
2026-03-14 15:55:00+00:00,1,0.5061326685161202
2026-03-14 16:00:00+00:00,1,0.5114035840494704
2026-03-14 16:05:00+00:00,1,0.5117289653254908
2026-03-14 16:10:00+00:00,1,0.5081276685767394
2026-03-14 16:15:00+00:00,1,0.49451650378123524
2026-03-14 16:20:00+00:00,1,0.49352953254449927
2026-03-14 16:25:00+00:00,1,0.4960991255839455
2026-03-14 16:30:00+00:00,0,0.4789817025575136
2026-03-14 16:35:00+00:00,1,0.4819391922774701
2026-03-14 16:40:00+00:00,0,0.4795865269137983
2026-03-14 16:45:00+00:00,0,0.4804708253926631
2026-03-14 16:50:00+00:00,0,0.4792462844811281
2026-03-14 16:55:00+00:00,0,0.47968213750912125
2026-03-14 17:00:00+00:00,0,0.49543880313784056
2026-03-14 17:05:00+00:00,0,0.4927056857372898
2026-03-14 17:10:00+00:00,0,0.49093262527501014
2026-03-14 17:15:00+00:00,0,0.4840530910018781
2026-03-14 17:20:00+00:00,0,0.4961388142410128
2026-03-14 17:25:00+00:00,0,0.4951516507150554
2026-03-14 17:30:00+00:00,0,0.5191340832581527
2026-03-14 17:35:00+00:00,0,0.5144083226100867
2026-03-14 17:40:00+00:00,0,0.5108475020078139
2026-03-14 17:45:00+00:00,0,0.5232241737523822
2026-03-14 17:50:00+00:00,0,0.5158701922085314
2026-03-14 17:55:00+00:00,0,0.5174666573645605
2026-03-14 18:00:00+00:00,0,0.5244869784331408
2026-03-14 18:05:00+00:00,1,0.524139888525091
2026-03-14 18:10:00+00:00,1,0.5252939552567412
2026-03-14 18:15:00+00:00,1,0.5286382994955775
2026-03-14 18:20:00+00:00,1,0.5309230867767443
2026-03-14 18:25:00+00:00,1,0.5337774233775805
2026-03-14 18:30:00+00:00,0,0.5230485541185235
2026-03-14 18:35:00+00:00,0,0.5334278298902986
2026-03-14 18:40:00+00:00,0,0.5087860706165864
2026-03-14 18:45:00+00:00,0,0.48831979248910484
2026-03-14 18:50:00+00:00,0,0.5255523461023263
2026-03-14 18:55:00+00:00,0,0.5209154338679355
2026-03-14 19:00:00+00:00,0,0.5387539207702718
2026-03-14 19:05:00+00:00,0,0.538327302860576
2026-03-14 19:10:00+00:00,0,0.5392066613596064
2026-03-14 19:15:00+00:00,0,0.5239955213525187
2026-03-14 19:20:00+00:00,0,0.5258631095612377
2026-03-14 19:25:00+00:00,0,0.5248299828012424
2026-03-14 19:30:00+00:00,0,0.5154141978841229
2026-03-14 19:35:00+00:00,0,0.5231154821010469
2026-03-14 19:40:00+00:00,0,0.5162130447059314
2026-03-14 19:45:00+00:00,0,0.5218497838563168
2026-03-14 19:50:00+00:00,0,0.5274306954297511
2026-03-14 19:55:00+00:00,0,0.5276050512231975
2026-03-14 20:00:00+00:00,0,0.5339848638707639
2026-03-14 20:05:00+00:00,0,0.5302646865458928
2026-03-14 20:10:00+00:00,1,0.527891949033197
2026-03-14 20:15:00+00:00,0,0.5273943376657014
2026-03-14 20:20:00+00:00,1,0.5315175786937091
2026-03-14 20:25:00+00:00,1,0.5265466604811471
2026-03-14 20:30:00+00:00,1,0.5225890110893698
2026-03-14 20:35:00+00:00,1,0.5306492838921993
2026-03-14 20:40:00+00:00,0,0.5183206085992
2026-03-14 20:45:00+00:00,0,0.5226601622058829
2026-03-14 20:50:00+00:00,0,0.5219156916265084
2026-03-14 20:55:00+00:00,0,0.5383076633712143
2026-03-14 21:00:00+00:00,0,0.5082150542288861
2026-03-14 21:05:00+00:00,0,0.5250339473487674
2026-03-14 21:10:00+00:00,1,0.5275717830319453
2026-03-14 21:15:00+00:00,1,0.5238808703011432
2026-03-14 21:20:00+00:00,1,0.5220988512150417
2026-03-14 21:25:00+00:00,1,0.5271365954386473
2026-03-14 21:30:00+00:00,1,0.5270996654690323
2026-03-14 21:35:00+00:00,1,0.5274589212624522
2026-03-14 21:40:00+00:00,0,0.5040201999206458
2026-03-14 21:45:00+00:00,0,0.5084471947333015
2026-03-14 21:55:00+00:00,1,0.5170584260014042
2026-03-14 22:00:00+00:00,0,0.48822902158366077
2026-03-14 22:05:00+00:00,1,0.5300890565574381
2026-03-14 22:10:00+00:00,1,0.5238829484608156
2026-03-14 22:15:00+00:00,1,0.5240920211031612
2026-03-14 22:20:00+00:00,0,0.4895106058775132
2026-03-14 22:25:00+00:00,0,0.5091515200120497
2026-03-14 22:30:00+00:00,1,0.4920955054908322
2026-03-14 22:35:00+00:00,1,0.47958635726531684
2026-03-14 22:40:00+00:00,1,0.48292613772669724
2026-03-14 22:45:00+00:00,1,0.5247613757392168
2026-03-14 22:50:00+00:00,1,0.5289191087284779
2026-03-14 22:55:00+00:00,1,0.5292782231438773
2026-03-14 23:00:00+00:00,1,0.4725320984870762
2026-03-14 23:05:00+00:00,1,0.4731778292820845
2026-03-14 23:10:00+00:00,1,0.47627699897072306
2026-03-14 23:15:00+00:00,1,0.48830865811189234
2026-03-14 23:20:00+00:00,1,0.4883374035141669
2026-03-14 23:25:00+00:00,1,0.4825185229402539
2026-03-14 23:30:00+00:00,0,0.47503720619599366
2026-03-14 23:35:00+00:00,0,0.48498582717752314
2026-03-14 23:40:00+00:00,0,0.46839185542036593
2026-03-14 23:45:00+00:00,0,0.4647569568976273
2026-03-14 23:50:00+00:00,0,0.4682184151843794
2026-03-14 23:55:00+00:00,0,0.46705749602544655
2026-03-15 00:00:00+00:00,0,0.46595185707995285
2026-03-15 00:05:00+00:00,0,0.4857591666416711
2026-03-15 00:10:00+00:00,0,0.4877498144964265
2026-03-15 00:15:00+00:00,0,0.5126686174005483
2026-03-15 00:20:00+00:00,0,0.5129208404311857
2026-03-15 00:25:00+00:00,0,0.5138768931087947
2026-03-15 00:30:00+00:00,0,0.4900111062187012
2026-03-15 00:35:00+00:00,0,0.5016686847275103
2026-03-15 00:40:00+00:00,0,0.496349151057729
2026-03-15 00:45:00+00:00,1,0.5149648052194225
2026-03-15 00:50:00+00:00,0,0.5163702065100155
2026-03-15 00:55:00+00:00,1,0.514213671810269
2026-03-15 01:00:00+00:00,1,0.5091297864071191
2026-03-15 01:05:00+00:00,1,0.5147275260601171
2026-03-15 01:10:00+00:00,1,0.5131467667035179
2026-03-15 01:15:00+00:00,1,0.5113061792903154
2026-03-15 01:20:00+00:00,1,0.5082868221006456
2026-03-15 01:25:00+00:00,1,0.5076171241690289
2026-03-15 01:30:00+00:00,1,0.5001127960539091
2026-03-15 01:35:00+00:00,1,0.47919169864212274
2026-03-15 01:40:00+00:00,1,0.4759352822285672
2026-03-15 01:45:00+00:00,1,0.47527065980595706
2026-03-15 01:50:00+00:00,1,0.4650571799160964
2026-03-15 01:55:00+00:00,1,0.4660300162660333
2026-03-15 02:00:00+00:00,0,0.45568135554375677
2026-03-15 02:05:00+00:00,0,0.4333294187801201
2026-03-15 02:10:00+00:00,1,0.43596567448557666
2026-03-15 02:15:00+00:00,1,0.4395688109093456
2026-03-15 02:20:00+00:00,1,0.4558564163572022
2026-03-15 02:25:00+00:00,1,0.45847778243453263
2026-03-15 02:30:00+00:00,1,0.46807191217276783
2026-03-15 02:35:00+00:00,1,0.4656496828902464
2026-03-15 02:40:00+00:00,1,0.4530164241779333
2026-03-15 02:45:00+00:00,0,0.45554577924446965
2026-03-15 02:50:00+00:00,0,0.45880511939998136
2026-03-15 02:55:00+00:00,0,0.46186911533721053
2026-03-15 03:00:00+00:00,0,0.4614479855885547
2026-03-15 03:05:00+00:00,0,0.45904121348872073
2026-03-15 03:10:00+00:00,0,0.45585462594469667
2026-03-15 03:15:00+00:00,0,0.49051390846037096
2026-03-15 03:20:00+00:00,0,0.4895407902517321
2026-03-15 03:25:00+00:00,1,0.49690004409235256
2026-03-15 03:30:00+00:00,1,0.5011710510960043
2026-03-15 03:35:00+00:00,1,0.49510286353646593
2026-03-15 03:40:00+00:00,1,0.5036275288176886
2026-03-15 03:45:00+00:00,1,0.504595908553522
2026-03-15 03:50:00+00:00,1,0.5044701346750292
2026-03-15 03:55:00+00:00,0,0.4963571737944267
2026-03-15 04:00:00+00:00,0,0.49039688653294017
2026-03-15 04:05:00+00:00,0,0.4849514766224559
2026-03-15 04:10:00+00:00,0,0.47146924064882384
2026-03-15 04:15:00+00:00,0,0.4897022430141632
2026-03-15 04:20:00+00:00,0,0.5034888804011886
2026-03-15 04:25:00+00:00,1,0.5044317779103676
2026-03-15 04:30:00+00:00,0,0.5025250896720811
2026-03-15 04:35:00+00:00,0,0.5032581675788639
2026-03-15 04:40:00+00:00,0,0.5025834116620953
2026-03-15 04:45:00+00:00,1,0.5028097983095583
2026-03-15 04:50:00+00:00,1,0.5016694533930621
2026-03-15 05:00:00+00:00,1,0.5038648653916926
2026-03-15 05:05:00+00:00,1,0.5035113829615129
2026-03-15 05:10:00+00:00,1,0.5048187894145988
2026-03-15 05:15:00+00:00,0,0.4965534835542796
2026-03-15 05:20:00+00:00,0,0.49472008230450454
2026-03-15 05:25:00+00:00,0,0.4977925037592692
2026-03-15 05:30:00+00:00,0,0.4910324286413921
2026-03-15 05:35:00+00:00,0,0.4976799805211627
2026-03-15 05:40:00+00:00,0,0.49002259215281063
2026-03-15 05:45:00+00:00,0,0.5038815082445058
2026-03-15 05:50:00+00:00,0,0.5011705004388289
2026-03-15 05:55:00+00:00,0,0.5016041603625253
2026-03-15 06:00:00+00:00,0,0.5013752603319598
2026-03-15 06:05:00+00:00,0,0.5023999801500006
2026-03-15 06:10:00+00:00,0,0.5052653568614072
2026-03-15 06:15:00+00:00,0,0.5040685550029632
2026-03-15 06:25:00+00:00,0,0.5034286344511708
2026-03-15 06:30:00+00:00,1,0.5043637442178582
2026-03-15 06:35:00+00:00,1,0.5040559992156957
2026-03-15 06:40:00+00:00,1,0.5037802079625667
2026-03-15 06:45:00+00:00,1,0.5020760833187436
2026-03-15 06:50:00+00:00,0,0.49894646866918646
2026-03-15 06:55:00+00:00,1,0.4944872219890316
2026-03-15 07:00:00+00:00,0,0.4948458620613874
2026-03-15 07:05:00+00:00,0,0.5034335538669823
2026-03-15 07:10:00+00:00,0,0.4946724795588573
2026-03-15 07:15:00+00:00,1,0.5005618826852676
2026-03-15 07:20:00+00:00,1,0.4999979562191902
2026-03-15 07:25:00+00:00,1,0.5039040382331613
2026-03-15 07:30:00+00:00,1,0.5052717402603853
2026-03-15 07:35:00+00:00,1,0.5062507322334566
2026-03-15 07:40:00+00:00,1,0.5047562776295136
2026-03-15 07:45:00+00:00,1,0.5024795241674983
2026-03-15 07:50:00+00:00,1,0.49337827689074126
2026-03-15 07:55:00+00:00,0,0.479999889913023
2026-03-15 08:00:00+00:00,0,0.47363867994031755
2026-03-15 08:05:00+00:00,1,0.4792709949313657
2026-03-15 08:10:00+00:00,0,0.48232487315522543
2026-03-15 08:15:00+00:00,0,0.4835760864780475
2026-03-15 08:20:00+00:00,0,0.4738935147269506
2026-03-15 08:25:00+00:00,1,0.5019017085584188
2026-03-15 08:30:00+00:00,1,0.4865118323677947
2026-03-15 08:35:00+00:00,1,0.47240512146022495
2026-03-15 08:40:00+00:00,1,0.5041555984013116
2026-03-15 08:45:00+00:00,1,0.47766063151419014
2026-03-15 08:50:00+00:00,1,0.5020742865121527
2026-03-15 08:55:00+00:00,1,0.4887913976472769
2026-03-15 09:00:00+00:00,0,0.4669376081159557
2026-03-15 09:05:00+00:00,0,0.4623534423559728
2026-03-15 09:10:00+00:00,0,0.47247762382860464
2026-03-15 09:15:00+00:00,0,0.47033224129903867
2026-03-15 09:20:00+00:00,0,0.463207300816876
2026-03-15 09:25:00+00:00,0,0.4890929483591007
2026-03-15 09:30:00+00:00,0,0.4815046228155747
2026-03-15 09:35:00+00:00,0,0.49546358437308874
2026-03-15 09:40:00+00:00,1,0.4966208336178587
2026-03-15 09:45:00+00:00,1,0.497934868407839
2026-03-15 09:50:00+00:00,1,0.49981421530949705
2026-03-15 09:55:00+00:00,1,0.50071219127006
2026-03-15 10:00:00+00:00,1,0.5095642033163417
2026-03-15 10:05:00+00:00,1,0.4975172896374835
2026-03-15 10:10:00+00:00,0,0.4743331006578038
2026-03-15 10:15:00+00:00,0,0.4832363625670568
2026-03-15 10:20:00+00:00,1,0.48784452752607477
2026-03-15 10:25:00+00:00,1,0.48801965760886695
2026-03-15 10:30:00+00:00,1,0.4818003000447228
2026-03-15 10:35:00+00:00,0,0.4786866100064988
2026-03-15 10:40:00+00:00,1,0.49951620481493386
2026-03-15 10:45:00+00:00,0,0.483634203777174
2026-03-15 10:50:00+00:00,0,0.4787071078138699
2026-03-15 10:55:00+00:00,0,0.49293868178407374
2026-03-15 11:00:00+00:00,0,0.47125685381747856
2026-03-15 11:05:00+00:00,0,0.4660967458959764
2026-03-15 11:10:00+00:00,1,0.47485019574405873
2026-03-15 11:15:00+00:00,1,0.47819215330817244
2026-03-15 11:20:00+00:00,0,0.45830658749673814
2026-03-15 11:25:00+00:00,0,0.4917536078688039
2026-03-15 11:30:00+00:00,1,0.50198700243361
2026-03-15 11:35:00+00:00,1,0.4978403865804357
2026-03-15 11:40:00+00:00,0,0.46041821685399525
2026-03-15 11:45:00+00:00,1,0.47905342230451586
2026-03-15 11:50:00+00:00,0,0.47274195889562826
2026-03-15 11:55:00+00:00,1,0.49558849682169287
2026-03-15 12:00:00+00:00,1,0.47492310103457636
2026-03-15 12:05:00+00:00,1,0.4903468534431208
2026-03-15 12:10:00+00:00,1,0.4707355943386387
2026-03-15 12:15:00+00:00,1,0.4781715957955366
2026-03-15 12:20:00+00:00,1,0.49456600026237013
2026-03-15 12:25:00+00:00,0,0.45971292658864565
2026-03-15 12:30:00+00:00,0,0.4590098795269373
2026-03-15 12:35:00+00:00,0,0.46281603318083575
2026-03-15 12:40:00+00:00,0,0.4651161366893312
2026-03-15 12:45:00+00:00,0,0.4702982803997131
2026-03-15 12:50:00+00:00,0,0.48762841279279434
2026-03-15 12:55:00+00:00,0,0.5131101199697788
2026-03-15 13:00:00+00:00,0,0.5146316736584666
2026-03-15 13:05:00+00:00,0,0.5129387113039079
2026-03-15 13:10:00+00:00,0,0.5175128471609713
2026-03-15 13:15:00+00:00,1,0.5440615995920939
2026-03-15 13:20:00+00:00,1,0.5142892114452543
2026-03-15 13:25:00+00:00,1,0.49987030014456885
2026-03-15 13:30:00+00:00,1,0.5184407717694112
2026-03-15 13:35:00+00:00,1,0.5161936866052378
2026-03-15 13:40:00+00:00,1,0.5215567585150227
2026-03-15 13:45:00+00:00,1,0.5251475893359165
2026-03-15 13:50:00+00:00,0,0.5263189787400139
2026-03-15 13:55:00+00:00,0,0.5136475188263254
2026-03-15 14:00:00+00:00,0,0.5202721826303602
2026-03-15 14:05:00+00:00,0,0.5111900882184299
2026-03-15 14:10:00+00:00,0,0.514652780299717
2026-03-15 14:15:00+00:00,0,0.5201423033232424
2026-03-15 14:20:00+00:00,0,0.519009784204042
2026-03-15 14:25:00+00:00,1,0.5189994284971924
2026-03-15 14:30:00+00:00,1,0.5229773607947011
2026-03-15 14:35:00+00:00,1,0.5224978170509027
2026-03-15 14:40:00+00:00,0,0.5181318627401302
2026-03-15 14:45:00+00:00,0,0.5163552136560551
2026-03-15 14:50:00+00:00,0,0.5238432459369544
2026-03-15 14:55:00+00:00,0,0.5056607508320555
2026-03-15 15:00:00+00:00,0,0.5048267432465956
2026-03-15 15:05:00+00:00,0,0.516028843234258
2026-03-15 15:10:00+00:00,0,0.5240621871401289
2026-03-15 15:15:00+00:00,0,0.5132914588043955
2026-03-15 15:20:00+00:00,0,0.5209272830399677
2026-03-15 15:25:00+00:00,0,0.5193811444875673
2026-03-15 15:30:00+00:00,1,0.5180561964928065
2026-03-15 15:35:00+00:00,1,0.5185799753784006
2026-03-15 15:40:00+00:00,1,0.5203189238202821
2026-03-15 15:45:00+00:00,1,0.5151539808503202
2026-03-15 15:50:00+00:00,1,0.5081706508869808
2026-03-15 15:55:00+00:00,1,0.5172275846271946
2026-03-15 16:00:00+00:00,0,0.5025143483324171
2026-03-15 16:05:00+00:00,0,0.48349341953854785
2026-03-15 16:10:00+00:00,0,0.4753423013003932
2026-03-15 16:15:00+00:00,0,0.4961289081573524
2026-03-15 16:20:00+00:00,0,0.5002863434967312
2026-03-15 16:25:00+00:00,0,0.49974097482475216
2026-03-15 16:30:00+00:00,1,0.5166764764287474
2026-03-15 16:35:00+00:00,1,0.4937466025397058
2026-03-15 16:40:00+00:00,1,0.5201906821903846
2026-03-15 16:45:00+00:00,1,0.5271534209666546
2026-03-15 16:50:00+00:00,1,0.5267638640147143
2026-03-15 16:55:00+00:00,1,0.525171951147163
2026-03-15 17:00:00+00:00,1,0.4892678897673664
2026-03-15 17:05:00+00:00,0,0.4741264009771416
2026-03-15 17:10:00+00:00,0,0.47609923282978356
2026-03-15 17:15:00+00:00,0,0.473512533759648
2026-03-15 17:20:00+00:00,1,0.4792310371269541
2026-03-15 17:25:00+00:00,1,0.47939885517477604
2026-03-15 17:30:00+00:00,1,0.48716790999771364
2026-03-15 17:35:00+00:00,1,0.48909207738539684
2026-03-15 17:40:00+00:00,1,0.49392767526634074
2026-03-15 17:45:00+00:00,1,0.48463819423274046
2026-03-15 17:50:00+00:00,0,0.4901670977747898
2026-03-15 17:55:00+00:00,0,0.4964939101189079
2026-03-15 18:00:00+00:00,0,0.4821280061188542
2026-03-15 18:05:00+00:00,0,0.47239097641722877
2026-03-15 18:10:00+00:00,0,0.4736540409940737
2026-03-15 18:15:00+00:00,0,0.47802771990386694
2026-03-15 18:20:00+00:00,0,0.5013710054679728
2026-03-15 18:25:00+00:00,0,0.4860535188894721
2026-03-15 18:30:00+00:00,0,0.49295311447720863
2026-03-15 18:35:00+00:00,0,0.5116237616915672
2026-03-15 18:40:00+00:00,1,0.5086907756812377
2026-03-15 18:45:00+00:00,1,0.5170268800021476
2026-03-15 18:50:00+00:00,1,0.5192803747227228
2026-03-15 18:55:00+00:00,1,0.5180855249212406
2026-03-15 19:00:00+00:00,1,0.5135532251356397
2026-03-15 19:05:00+00:00,1,0.5173614301865033
2026-03-15 19:10:00+00:00,1,0.4792281273087526
2026-03-15 19:15:00+00:00,1,0.4971959476265401
2026-03-15 19:20:00+00:00,1,0.5139468113346249
2026-03-15 19:25:00+00:00,1,0.49606818920400064
2026-03-15 19:30:00+00:00,1,0.4896063938123383
2026-03-15 19:35:00+00:00,1,0.5009875160545287
2026-03-15 19:40:00+00:00,1,0.4929342011023751
2026-03-15 19:45:00+00:00,0,0.49282923693177366
2026-03-15 19:50:00+00:00,0,0.48041036166286444
2026-03-15 19:55:00+00:00,0,0.4717618780002383
2026-03-15 20:00:00+00:00,1,0.480374166578244
2026-03-15 20:05:00+00:00,1,0.5023459028948666
2026-03-15 20:10:00+00:00,1,0.4825551292661798
2026-03-15 20:15:00+00:00,1,0.5096860902514591
2026-03-15 20:20:00+00:00,1,0.5074608993061042
2026-03-15 20:25:00+00:00,1,0.5095374178173767
2026-03-15 20:30:00+00:00,0,0.4867755403970462
2026-03-15 20:35:00+00:00,0,0.4720251997473788
2026-03-15 20:40:00+00:00,0,0.475963355387781
2026-03-15 20:45:00+00:00,0,0.47989856606095543
2026-03-15 20:50:00+00:00,0,0.4753561290572076
2026-03-15 20:55:00+00:00,0,0.4751241619887262
2026-03-15 21:00:00+00:00,1,0.486922730224404
2026-03-15 21:05:00+00:00,1,0.4905719922719737
2026-03-15 21:10:00+00:00,1,0.4945963251853584
2026-03-15 21:15:00+00:00,1,0.48827146049030795
2026-03-15 21:20:00+00:00,1,0.4795617665363015
2026-03-15 21:25:00+00:00,1,0.4831039301466008
2026-03-15 21:30:00+00:00,1,0.4663460872336976
2026-03-15 21:35:00+00:00,0,0.46667278751809754
2026-03-15 21:40:00+00:00,0,0.4755436993393497
2026-03-15 21:45:00+00:00,0,0.4782320815410545
2026-03-15 21:50:00+00:00,0,0.47190592506142
2026-03-15 21:55:00+00:00,0,0.4793978149397591
2026-03-15 22:00:00+00:00,0,0.4664059957132267
2026-03-15 22:05:00+00:00,1,0.48490052492497177
2026-03-15 22:10:00+00:00,1,0.5053237597616185
2026-03-15 22:15:00+00:00,1,0.5044618801084506
2026-03-15 22:20:00+00:00,1,0.5021051451258471
2026-03-15 22:25:00+00:00,1,0.5071998658686274
2026-03-15 22:30:00+00:00,1,0.4703298142546244
2026-03-15 22:35:00+00:00,1,0.46802489993331453
2026-03-15 22:40:00+00:00,1,0.46870803636224784
2026-03-15 22:45:00+00:00,0,0.46516591944500635
2026-03-15 22:50:00+00:00,0,0.4670476678396771
2026-03-15 22:55:00+00:00,0,0.4674586011949714
2026-03-15 23:00:00+00:00,0,0.4588458009660231
2026-03-15 23:05:00+00:00,0,0.4582664569260995
2026-03-15 23:10:00+00:00,0,0.46356780609855164
2026-03-15 23:15:00+00:00,0,0.4832749630516265
2026-03-15 23:20:00+00:00,1,0.508805277143569
2026-03-15 23:25:00+00:00,1,0.501148517091341
2026-03-15 23:30:00+00:00,1,0.49750361939650795
2026-03-15 23:35:00+00:00,1,0.501099337095789
2026-03-15 23:40:00+00:00,1,0.49823860594493274
2026-03-15 23:45:00+00:00,0,0.4818471000895253
2026-03-15 23:50:00+00:00,1,0.49551136568502513
2026-03-15 23:55:00+00:00,0,0.46497582470070337
2026-03-16 00:00:00+00:00,0,0.465936417955686
2026-03-16 00:05:00+00:00,0,0.46719123027920484
2026-03-16 00:10:00+00:00,0,0.4708852834612614
2026-03-16 00:15:00+00:00,1,0.5066024127987924
2026-03-16 00:20:00+00:00,1,0.5134679942502595
2026-03-16 00:25:00+00:00,1,0.5113973265181069
2026-03-16 00:30:00+00:00,1,0.5124253730109793
2026-03-16 00:35:00+00:00,1,0.5109818629660235
2026-03-16 00:40:00+00:00,0,0.5144473976600624
2026-03-16 00:45:00+00:00,0,0.4830393402402005
2026-03-16 00:50:00+00:00,1,0.4858056520664553
2026-03-16 00:55:00+00:00,1,0.4684426021992024
2026-03-16 01:00:00+00:00,0,0.5019817652581573
2026-03-16 01:05:00+00:00,1,0.5098907056927541
2026-03-16 01:10:00+00:00,1,0.51479332993669
2026-03-16 01:15:00+00:00,1,0.5056096479375625
2026-03-16 01:20:00+00:00,1,0.48587831922682545
2026-03-16 01:25:00+00:00,1,0.48129019794470485
2026-03-16 01:30:00+00:00,1,0.5155733704813492
2026-03-16 01:35:00+00:00,1,0.5015044482512335
2026-03-16 01:40:00+00:00,1,0.5099342641564093
2026-03-16 01:45:00+00:00,1,0.4936319032453417
2026-03-16 01:50:00+00:00,0,0.4620728167157068
2026-03-16 01:55:00+00:00,0,0.46265347253843003
2026-03-16 02:00:00+00:00,0,0.4690040874346007
2026-03-16 02:05:00+00:00,0,0.4704329119958714
2026-03-16 02:10:00+00:00,0,0.47610415922364235
2026-03-16 02:15:00+00:00,0,0.5047913059411732
2026-03-16 02:20:00+00:00,1,0.49669991913078826
2026-03-16 02:25:00+00:00,1,0.5061922264211708
2026-03-16 02:30:00+00:00,1,0.5066635639906027
2026-03-16 02:35:00+00:00,1,0.5071676349593917
2026-03-16 02:40:00+00:00,1,0.4986674671221343
2026-03-16 02:45:00+00:00,1,0.5084416925827006
2026-03-16 02:50:00+00:00,1,0.4669409668608784
2026-03-16 02:55:00+00:00,1,0.4661904305510315
2026-03-16 03:00:00+00:00,1,0.467259444536067
2026-03-16 03:05:00+00:00,1,0.47364247019314587
2026-03-16 03:10:00+00:00,1,0.4684563852817377
2026-03-16 03:15:00+00:00,1,0.4886160965796222
2026-03-16 03:20:00+00:00,1,0.4588029487253971
2026-03-16 03:25:00+00:00,1,0.4646224230108327
2026-03-16 03:30:00+00:00,0,0.4505061211252318
2026-03-16 03:35:00+00:00,0,0.45064084389038933
2026-03-16 03:40:00+00:00,1,0.45998026485743054
2026-03-16 03:45:00+00:00,1,0.44784794763790975
2026-03-16 03:50:00+00:00,1,0.444025078385256
2026-03-16 03:55:00+00:00,1,0.44473524803253733
2026-03-16 04:00:00+00:00,1,0.4435308546674937
2026-03-16 04:05:00+00:00,1,0.4428783114941745
2026-03-16 04:10:00+00:00,1,0.4509122311118861
2026-03-16 04:15:00+00:00,1,0.4558293768893258
2026-03-16 04:20:00+00:00,1,0.45222970930277967
2026-03-16 04:25:00+00:00,1,0.462541754690727
2026-03-16 04:30:00+00:00,1,0.45967175730637444
2026-03-16 04:35:00+00:00,1,0.4564716453705486
2026-03-16 04:40:00+00:00,1,0.4650778030678687
2026-03-16 04:45:00+00:00,1,0.4571886589084264
2026-03-16 04:50:00+00:00,1,0.4552035985984969
2026-03-16 04:55:00+00:00,1,0.4636556612088683
2026-03-16 05:00:00+00:00,1,0.4595007101720501
2026-03-16 05:05:00+00:00,1,0.46111934646087976
2026-03-16 05:10:00+00:00,1,0.4873103818321472
2026-03-16 05:15:00+00:00,1,0.4779600021717809
2026-03-16 05:20:00+00:00,1,0.4869388190964121
2026-03-16 05:25:00+00:00,1,0.45790368335900644
2026-03-16 05:30:00+00:00,1,0.4624810680094663
2026-03-16 05:35:00+00:00,0,0.48383641189601223
2026-03-16 05:40:00+00:00,0,0.4747938919919347
2026-03-16 05:45:00+00:00,1,0.4792772341451451
2026-03-16 05:50:00+00:00,0,0.4695059680387609
2026-03-16 05:55:00+00:00,0,0.4657361909544014
2026-03-16 06:00:00+00:00,1,0.48813107703312986
2026-03-16 06:05:00+00:00,1,0.4933268106950896
2026-03-16 06:10:00+00:00,1,0.49065078307354354
2026-03-16 06:15:00+00:00,1,0.4613096068311384
2026-03-16 06:20:00+00:00,1,0.4755312485678912
2026-03-16 06:25:00+00:00,1,0.4804587208173499
2026-03-16 06:30:00+00:00,1,0.4786096312011703
2026-03-16 06:35:00+00:00,1,0.4745290386870834
2026-03-16 06:40:00+00:00,1,0.47625849795675934
2026-03-16 06:45:00+00:00,0,0.4729501016352395
2026-03-16 06:50:00+00:00,0,0.47415693916334545
2026-03-16 06:55:00+00:00,1,0.4788776974713796
2026-03-16 07:00:00+00:00,1,0.4644054626975192
2026-03-16 07:05:00+00:00,0,0.46580694928868593
2026-03-16 07:10:00+00:00,1,0.4824457647570636
2026-03-16 07:15:00+00:00,0,0.49273988484531356
2026-03-16 07:20:00+00:00,1,0.4980801340910024
2026-03-16 07:25:00+00:00,0,0.4895732182171977
2026-03-16 07:30:00+00:00,1,0.4956651710688131
2026-03-16 07:35:00+00:00,1,0.4987879392123822
2026-03-16 07:40:00+00:00,1,0.4672041961350054
2026-03-16 07:45:00+00:00,1,0.4808352541537968
2026-03-16 07:50:00+00:00,1,0.4710368064019257
2026-03-16 07:55:00+00:00,0,0.48725174978965463
2026-03-16 08:00:00+00:00,0,0.46439484645136553
2026-03-16 08:05:00+00:00,0,0.4562782752216637
2026-03-16 08:10:00+00:00,0,0.4709379853607981
2026-03-16 08:15:00+00:00,0,0.4609277550956535
2026-03-16 08:20:00+00:00,0,0.4709502429378032
2026-03-16 08:25:00+00:00,0,0.49394438310619404
2026-03-16 08:30:00+00:00,0,0.49741391319013195
2026-03-16 08:35:00+00:00,1,0.4954151247500353
2026-03-16 08:40:00+00:00,1,0.4972622301183417
2026-03-16 08:45:00+00:00,1,0.4980905414250526
2026-03-16 08:50:00+00:00,1,0.5019204808257127
2026-03-16 08:55:00+00:00,1,0.501279546443385
2026-03-16 09:00:00+00:00,0,0.5006252659953271
2026-03-16 09:05:00+00:00,0,0.49955814755383704
2026-03-16 09:10:00+00:00,0,0.500361383183571
2026-03-16 09:15:00+00:00,0,0.5013168830182682
2026-03-16 09:20:00+00:00,0,0.49945210295013404
2026-03-16 09:25:00+00:00,0,0.4995275545069086
2026-03-16 09:30:00+00:00,1,0.512713996708715
2026-03-16 09:35:00+00:00,0,0.503669283279005
2026-03-16 09:40:00+00:00,0,0.5014975271366076
2026-03-16 09:45:00+00:00,0,0.5010855287311862
2026-03-16 09:50:00+00:00,0,0.4986890101251628
2026-03-16 09:55:00+00:00,0,0.49990355243487267
2026-03-16 10:00:00+00:00,0,0.5030534005002673
2026-03-16 10:05:00+00:00,0,0.5053665829143905
2026-03-16 10:10:00+00:00,0,0.5049301903306435
2026-03-16 10:15:00+00:00,0,0.5007266005152274
2026-03-16 10:20:00+00:00,0,0.5043951007976709
2026-03-16 10:25:00+00:00,1,0.5065434286391393
2026-03-16 10:30:00+00:00,1,0.5130391852723853
2026-03-16 10:35:00+00:00,1,0.5155099273971768
2026-03-16 10:40:00+00:00,1,0.5122901546306992
2026-03-16 10:45:00+00:00,1,0.5100223292804732
2026-03-16 10:50:00+00:00,0,0.5081273576767792
2026-03-16 10:55:00+00:00,0,0.5045290598462958
2026-03-16 11:00:00+00:00,0,0.5025928486581627
2026-03-16 11:05:00+00:00,0,0.5071225741411013
2026-03-16 11:10:00+00:00,1,0.5144973060693596
2026-03-16 11:15:00+00:00,0,0.5173665556728001
2026-03-16 11:20:00+00:00,1,0.5196170762226351
2026-03-16 11:25:00+00:00,0,0.5203218333247962
2026-03-16 11:30:00+00:00,0,0.5162364403745028
2026-03-16 11:35:00+00:00,0,0.5226790730299696
2026-03-16 11:40:00+00:00,0,0.5219970051951638
2026-03-16 11:45:00+00:00,0,0.5187512136035
2026-03-16 11:50:00+00:00,1,0.5217084856687643
2026-03-16 11:55:00+00:00,1,0.5256382082161137
2026-03-16 12:00:00+00:00,1,0.521098556210655
2026-03-16 12:05:00+00:00,1,0.5262422446079832
2026-03-16 12:10:00+00:00,0,0.5241653416843078
2026-03-16 12:15:00+00:00,1,0.49435657158761165
2026-03-16 12:20:00+00:00,0,0.5036085766351931
2026-03-16 12:25:00+00:00,0,0.47502560975536845
2026-03-16 12:30:00+00:00,1,0.5092018661421531
2026-03-16 12:35:00+00:00,0,0.5041587178420426
2026-03-16 12:40:00+00:00,1,0.5277767010954787
2026-03-16 12:45:00+00:00,0,0.4938208331717249
2026-03-16 12:50:00+00:00,1,0.5198731153937515
2026-03-16 12:55:00+00:00,1,0.4942782916698834
2026-03-16 13:00:00+00:00,1,0.4706246449802768
2026-03-16 13:05:00+00:00,1,0.4816818344499593
2026-03-16 13:10:00+00:00,0,0.46964910700539503
2026-03-16 13:15:00+00:00,0,0.5192396980505859
2026-03-16 13:20:00+00:00,0,0.4652639205980488
2026-03-16 13:25:00+00:00,0,0.48852325613231284
2026-03-16 13:30:00+00:00,0,0.46264222664343024
2026-03-16 13:35:00+00:00,0,0.4593191196459294
2026-03-16 13:40:00+00:00,1,0.5108314933207414
2026-03-16 13:45:00+00:00,1,0.5028247007614006
2026-03-16 13:50:00+00:00,1,0.5050699933660763
2026-03-16 13:55:00+00:00,0,0.5019704111152699
2026-03-16 14:00:00+00:00,0,0.49966256872623155
2026-03-16 14:05:00+00:00,0,0.46904133116034985
2026-03-16 14:10:00+00:00,0,0.5130830924348477
2026-03-16 14:15:00+00:00,0,0.510483433338173
2026-03-16 14:20:00+00:00,0,0.5134776583499561
2026-03-16 14:25:00+00:00,1,0.5162794891915674
2026-03-16 14:30:00+00:00,1,0.5211040697451463
2026-03-16 14:35:00+00:00,1,0.521978954159275
2026-03-16 14:40:00+00:00,1,0.5195169291608916
2026-03-16 14:45:00+00:00,1,0.5219698149779286
2026-03-16 14:50:00+00:00,0,0.519017778310972
2026-03-16 14:55:00+00:00,0,0.5055539838321444
2026-03-16 15:00:00+00:00,0,0.5165727885691976
2026-03-16 15:05:00+00:00,0,0.5129617109372095
2026-03-16 15:10:00+00:00,0,0.515313197388724
2026-03-16 15:15:00+00:00,0,0.5156405883639629
2026-03-16 15:20:00+00:00,0,0.5121643705857326
2026-03-16 15:25:00+00:00,0,0.5205662383714684
2026-03-16 15:30:00+00:00,0,0.5182969137150184
2026-03-16 15:35:00+00:00,0,0.5144493099578503
2026-03-16 15:40:00+00:00,1,0.5204629026238405
2026-03-16 15:45:00+00:00,1,0.5088285207082521
2026-03-16 15:50:00+00:00,1,0.5137372277453619
2026-03-16 15:55:00+00:00,1,0.5170337010630538
2026-03-16 16:00:00+00:00,1,0.522136245156011
2026-03-16 16:05:00+00:00,1,0.5160896633102422
2026-03-16 16:10:00+00:00,1,0.5108896126378986
2026-03-16 16:15:00+00:00,1,0.4750933126726133
2026-03-16 16:20:00+00:00,1,0.4775601644334347
2026-03-16 16:25:00+00:00,1,0.4764346115105279
2026-03-16 16:30:00+00:00,1,0.4712743948338013
2026-03-16 16:35:00+00:00,1,0.47253104391186795
2026-03-16 16:40:00+00:00,1,0.46992360023579577
2026-03-16 16:45:00+00:00,1,0.4711235535126036
2026-03-16 16:50:00+00:00,0,0.4701219826348937
2026-03-16 16:55:00+00:00,1,0.47166043075182074
2026-03-16 17:00:00+00:00,1,0.46145797224905055
2026-03-16 17:05:00+00:00,1,0.4711406482028988
2026-03-16 17:10:00+00:00,1,0.4680221229755381
2026-03-16 17:15:00+00:00,1,0.470814854286414
2026-03-16 17:20:00+00:00,1,0.4717973932395425
2026-03-16 17:25:00+00:00,1,0.470275230935371
2026-03-16 17:30:00+00:00,0,0.4723528587120184
2026-03-16 17:35:00+00:00,1,0.47262808555072267
2026-03-16 17:40:00+00:00,0,0.47311544878845113
2026-03-16 17:45:00+00:00,1,0.4777949065066547
2026-03-16 17:50:00+00:00,1,0.4812623819757259
2026-03-16 17:55:00+00:00,1,0.4744728101523026
2026-03-16 18:00:00+00:00,1,0.49070653618263294
2026-03-16 18:05:00+00:00,0,0.4711867448830145
2026-03-16 18:10:00+00:00,1,0.47827180293021454
2026-03-16 18:15:00+00:00,0,0.4742502522609921
2026-03-16 18:20:00+00:00,0,0.47033257266800765
2026-03-16 18:25:00+00:00,0,0.47451535352015756
2026-03-16 18:30:00+00:00,0,0.4819019996125861
2026-03-16 18:35:00+00:00,1,0.4944268214242177
2026-03-16 18:40:00+00:00,1,0.4781440500272136
2026-03-16 18:45:00+00:00,1,0.4944392426848111
2026-03-16 18:50:00+00:00,1,0.5046817534228006
2026-03-16 18:55:00+00:00,1,0.5149473162613163
2026-03-16 19:00:00+00:00,1,0.5116632417671686
2026-03-16 19:05:00+00:00,0,0.4734245602904577
2026-03-16 19:10:00+00:00,0,0.47514678170396657
2026-03-16 19:15:00+00:00,0,0.4819718518797882
2026-03-16 19:20:00+00:00,0,0.4836314246939876
2026-03-16 19:25:00+00:00,0,0.49943265210498
2026-03-16 19:30:00+00:00,0,0.49750846427468504
2026-03-16 19:35:00+00:00,0,0.4997369297507385
2026-03-16 19:40:00+00:00,0,0.5099159482278034
2026-03-16 19:45:00+00:00,1,0.5135649291595544
2026-03-16 19:50:00+00:00,1,0.5084446744985731
2026-03-16 19:55:00+00:00,1,0.5125397824020105
2026-03-16 20:00:00+00:00,1,0.5126541025452629
2026-03-16 20:05:00+00:00,1,0.5104056645128733
2026-03-16 20:10:00+00:00,1,0.5127881057668296
2026-03-16 20:15:00+00:00,1,0.5130812431885259
2026-03-16 20:20:00+00:00,1,0.5073330260995135
2026-03-16 20:25:00+00:00,1,0.4834753064190051
2026-03-16 20:30:00+00:00,1,0.4742095657761392
2026-03-16 20:35:00+00:00,0,0.47929881665714424
2026-03-16 20:40:00+00:00,1,0.4767726754410689
2026-03-16 20:45:00+00:00,1,0.4867772374131536
2026-03-16 20:50:00+00:00,1,0.4881691059781332
2026-03-16 20:55:00+00:00,1,0.476419326518315
2026-03-16 21:00:00+00:00,1,0.47279992474347515
2026-03-16 21:05:00+00:00,1,0.47144587690835027
2026-03-16 21:10:00+00:00,1,0.4643867248807587
2026-03-16 21:15:00+00:00,1,0.4717413217258251
2026-03-16 21:20:00+00:00,1,0.46845631594649595
2026-03-16 21:25:00+00:00,1,0.4670222281144713
2026-03-16 21:30:00+00:00,1,0.4640347938934758
2026-03-16 21:35:00+00:00,1,0.4684854549364108
2026-03-16 21:40:00+00:00,1,0.46231210722077776
2026-03-16 21:45:00+00:00,1,0.4718704213643544
2026-03-16 21:50:00+00:00,1,0.4682211333351754
2026-03-16 21:55:00+00:00,1,0.4770206597086945
2026-03-16 22:00:00+00:00,1,0.46406980264116243
2026-03-16 22:05:00+00:00,0,0.46236385296481125
2026-03-16 22:10:00+00:00,0,0.4649063667402784
2026-03-16 22:15:00+00:00,0,0.47228154627452246
2026-03-16 22:20:00+00:00,1,0.4773344441395252
2026-03-16 22:25:00+00:00,0,0.4697698181619095
2026-03-16 22:30:00+00:00,0,0.46982407859186226
2026-03-16 22:35:00+00:00,0,0.4681083504912412
2026-03-16 22:40:00+00:00,0,0.47294539715187844
2026-03-16 22:45:00+00:00,0,0.4675592246598934
2026-03-16 22:50:00+00:00,0,0.47094001575223077
2026-03-16 22:55:00+00:00,0,0.49460451908573
2026-03-16 23:00:00+00:00,1,0.5149529024331346
2026-03-16 23:05:00+00:00,1,0.5120318367637289
2026-03-16 23:10:00+00:00,1,0.5085054337549865
2026-03-16 23:15:00+00:00,1,0.5083172734863102
2026-03-16 23:20:00+00:00,1,0.5003253676520933
2026-03-16 23:25:00+00:00,0,0.4930870453464753
2026-03-16 23:30:00+00:00,0,0.49324729359232405
2026-03-16 23:35:00+00:00,0,0.48060498567786836
2026-03-16 23:40:00+00:00,0,0.4829384617548474
2026-03-16 23:45:00+00:00,0,0.5079314447103603
2026-03-16 23:50:00+00:00,0,0.5105251501550518
2026-03-16 23:55:00+00:00,1,0.5148435940390255
2026-03-17 00:00:00+00:00,1,0.5150936140989888
2026-03-17 00:05:00+00:00,1,0.5124254620688642
2026-03-17 00:10:00+00:00,0,0.5040185787304462
2026-03-17 00:15:00+00:00,1,0.5125625882213687
2026-03-17 00:20:00+00:00,1,0.5088621873821226
2026-03-17 00:25:00+00:00,1,0.49569754345682837
2026-03-17 00:30:00+00:00,0,0.4721583924413747
2026-03-17 00:35:00+00:00,0,0.5030684876816963
2026-03-17 00:40:00+00:00,1,0.5094843255766361
2026-03-17 00:45:00+00:00,0,0.4888066605239038
2026-03-17 00:50:00+00:00,0,0.5131753890936801
2026-03-17 00:55:00+00:00,0,0.4981588876417237
2026-03-17 01:00:00+00:00,1,0.5122043046575873
2026-03-17 01:05:00+00:00,0,0.5062740439222058
2026-03-17 01:10:00+00:00,0,0.505255864205659
2026-03-17 01:15:00+00:00,0,0.5133472506060075
2026-03-17 01:20:00+00:00,0,0.5130238682991695
2026-03-17 01:25:00+00:00,0,0.5101769992440347
2026-03-17 01:30:00+00:00,0,0.5098474732756327
2026-03-17 01:35:00+00:00,0,0.5123025114034724
2026-03-17 01:40:00+00:00,1,0.517150253145648
2026-03-17 01:45:00+00:00,0,0.5151122436809463
2026-03-17 01:50:00+00:00,1,0.5151933325282886
2026-03-17 01:55:00+00:00,0,0.5110838733259139
2026-03-17 02:00:00+00:00,0,0.5010135765503998
2026-03-17 02:05:00+00:00,1,0.5101476137887989
2026-03-17 02:10:00+00:00,1,0.5055908149971016
2026-03-17 02:15:00+00:00,1,0.5063832713368306
2026-03-17 02:20:00+00:00,1,0.5081562738542764
2026-03-17 02:25:00+00:00,0,0.5092455253896765
2026-03-17 02:30:00+00:00,0,0.5027262360078057
2026-03-17 02:35:00+00:00,0,0.49154394945386803
2026-03-17 02:40:00+00:00,0,0.5031424420479356
2026-03-17 02:45:00+00:00,0,0.5095614973653672
2026-03-17 02:50:00+00:00,0,0.508248477082001
2026-03-17 02:55:00+00:00,0,0.5166016220020677
2026-03-17 03:00:00+00:00,0,0.5123105556193002
2026-03-17 03:05:00+00:00,0,0.5153669264455921
2026-03-17 03:10:00+00:00,0,0.5187798844620599
2026-03-17 03:15:00+00:00,0,0.5177569426032002
2026-03-17 03:20:00+00:00,0,0.5146691835464527
2026-03-17 03:25:00+00:00,0,0.5125998444078093
2026-03-17 03:30:00+00:00,0,0.5190102990318056
2026-03-17 03:35:00+00:00,0,0.5293194232129512
2026-03-17 03:40:00+00:00,1,0.5385296878971517
2026-03-17 03:45:00+00:00,0,0.5415151245340558
2026-03-17 03:50:00+00:00,0,0.5330386048668138
2026-03-17 03:55:00+00:00,0,0.5208150082967364
2026-03-17 04:00:00+00:00,0,0.5199111184344435
2026-03-17 04:05:00+00:00,0,0.5158134185314416
2026-03-17 04:10:00+00:00,0,0.5119715046130613
2026-03-17 04:15:00+00:00,0,0.5393710801473782
2026-03-17 04:20:00+00:00,0,0.5455275361679913
2026-03-17 04:25:00+00:00,0,0.5351610802766906
2026-03-17 04:30:00+00:00,1,0.5556388809632042
2026-03-17 04:35:00+00:00,1,0.5630299747582371
2026-03-17 04:40:00+00:00,1,0.5477853868242875
2026-03-17 04:45:00+00:00,1,0.5352360123037151
2026-03-17 04:50:00+00:00,0,0.5201384594103687
2026-03-17 04:55:00+00:00,0,0.5128386493793837
2026-03-17 05:00:00+00:00,1,0.5134262943830361
2026-03-17 05:05:00+00:00,0,0.5115754891583024
2026-03-17 05:10:00+00:00,0,0.5111078094435304
2026-03-17 05:15:00+00:00,0,0.5141089887968306
2026-03-17 05:20:00+00:00,0,0.514304995829714
2026-03-17 05:25:00+00:00,0,0.5103390005657703
2026-03-17 05:30:00+00:00,0,0.5117392521762854
2026-03-17 05:35:00+00:00,0,0.5151375873341941
2026-03-17 05:40:00+00:00,1,0.5109643709604782
2026-03-17 05:45:00+00:00,1,0.5111712601074216
2026-03-17 05:50:00+00:00,1,0.5097834522373542
2026-03-17 05:55:00+00:00,1,0.5145497123690475
2026-03-17 06:00:00+00:00,1,0.5151224153002351
2026-03-17 06:05:00+00:00,1,0.5125674320401024
2026-03-17 06:10:00+00:00,0,0.501876421361203
2026-03-17 06:15:00+00:00,0,0.494913930844652
2026-03-17 06:20:00+00:00,0,0.47820392799490924
2026-03-17 06:25:00+00:00,0,0.4785027750207845
2026-03-17 06:30:00+00:00,1,0.4822797134017368
2026-03-17 06:35:00+00:00,1,0.50034150176918
2026-03-17 06:40:00+00:00,1,0.5218812204606073
2026-03-17 06:45:00+00:00,1,0.5161587218863004
2026-03-17 06:50:00+00:00,1,0.49784712030438333
2026-03-17 06:55:00+00:00,1,0.48693301454520715
2026-03-17 07:00:00+00:00,1,0.46916835247971783
2026-03-17 07:05:00+00:00,1,0.46588140986137
2026-03-17 07:10:00+00:00,1,0.4683561184871378
2026-03-17 07:15:00+00:00,0,0.46034583805286494
2026-03-17 07:20:00+00:00,0,0.46498168862982076
2026-03-17 07:25:00+00:00,0,0.4597286818181108
2026-03-17 07:30:00+00:00,0,0.4657276296520573
2026-03-17 07:35:00+00:00,0,0.4660270933179255
2026-03-17 07:40:00+00:00,0,0.4746711885873713
2026-03-17 07:45:00+00:00,0,0.4699012371125157
2026-03-17 07:50:00+00:00,0,0.4727548131153628
2026-03-17 07:55:00+00:00,1,0.4809481064948823
2026-03-17 08:00:00+00:00,0,0.46177458033829233
2026-03-17 08:05:00+00:00,0,0.4770530365107195
2026-03-17 08:10:00+00:00,0,0.4779046248794778
2026-03-17 08:15:00+00:00,0,0.46238984158253177
2026-03-17 08:20:00+00:00,0,0.47556283317872006
2026-03-17 08:25:00+00:00,0,0.48463536594867385
2026-03-17 08:30:00+00:00,0,0.4833938010377997
2026-03-17 08:35:00+00:00,0,0.48468003847700364
2026-03-17 08:40:00+00:00,0,0.4840140262717057
2026-03-17 08:45:00+00:00,1,0.5003488677936548
2026-03-17 08:50:00+00:00,0,0.4999269997308219
2026-03-17 08:55:00+00:00,1,0.5061943442667013
2026-03-17 09:00:00+00:00,1,0.5046651200139719
2026-03-17 09:05:00+00:00,1,0.5049981241953054
2026-03-17 09:10:00+00:00,1,0.5045540136898125
2026-03-17 09:15:00+00:00,0,0.49833284916035203
2026-03-17 09:20:00+00:00,0,0.5009266501386034
2026-03-17 09:25:00+00:00,0,0.49753862717381414
2026-03-17 09:30:00+00:00,0,0.5012072318167323
2026-03-17 09:35:00+00:00,0,0.4962106486959766
2026-03-17 09:40:00+00:00,0,0.482022067858463
2026-03-17 09:45:00+00:00,0,0.4971959609171902
2026-03-17 09:50:00+00:00,0,0.504857004173045
2026-03-17 09:55:00+00:00,0,0.5028762911369485
2026-03-17 10:00:00+00:00,0,0.5097647136044539
2026-03-17 10:05:00+00:00,1,0.5126865850170872
2026-03-17 10:10:00+00:00,0,0.5048490970094494
2026-03-17 10:15:00+00:00,0,0.5086399227219885
2026-03-17 10:20:00+00:00,0,0.5085174510512741
2026-03-17 10:25:00+00:00,1,0.5094026899445714
2026-03-17 10:30:00+00:00,1,0.5061753425968121
2026-03-17 10:35:00+00:00,1,0.5040462039465172
2026-03-17 10:40:00+00:00,1,0.5083581822071053
2026-03-17 10:45:00+00:00,1,0.4988483277375507
2026-03-17 10:50:00+00:00,1,0.4911292258104142
2026-03-17 10:55:00+00:00,1,0.4939987735606692
2026-03-17 11:00:00+00:00,0,0.46620140631337526
2026-03-17 11:05:00+00:00,0,0.47456036164322996
2026-03-17 11:10:00+00:00,0,0.46970026669922943
2026-03-17 11:15:00+00:00,0,0.4675798506739973
2026-03-17 11:20:00+00:00,0,0.46512357809557026
2026-03-17 11:25:00+00:00,0,0.4664710785643368
2026-03-17 11:30:00+00:00,0,0.4995253171100367
2026-03-17 11:35:00+00:00,0,0.5063308807292248
2026-03-17 11:40:00+00:00,0,0.497221798496429
2026-03-17 11:45:00+00:00,0,0.4966137450951588
2026-03-17 11:50:00+00:00,0,0.5085077983773979
2026-03-17 11:55:00+00:00,0,0.5138846838536982
2026-03-17 12:00:00+00:00,0,0.5150467541685068
2026-03-17 12:05:00+00:00,0,0.5146448559099973
2026-03-17 12:10:00+00:00,0,0.5208093584296299
2026-03-17 12:15:00+00:00,0,0.5218015434083298
2026-03-17 12:20:00+00:00,0,0.5259363096670703
2026-03-17 12:25:00+00:00,0,0.5299455427180166
2026-03-17 12:30:00+00:00,0,0.5312506676637718
2026-03-17 12:35:00+00:00,0,0.5293899852192847
2026-03-17 12:40:00+00:00,0,0.5258547165619375
2026-03-17 12:45:00+00:00,0,0.5206937540194209
2026-03-17 12:50:00+00:00,0,0.5258327853868408
2026-03-17 12:55:00+00:00,0,0.535779239737056
2026-03-17 13:00:00+00:00,1,0.5288443237340504
2026-03-17 13:05:00+00:00,1,0.524611747937924
2026-03-17 13:10:00+00:00,0,0.5230014449009299
2026-03-17 13:15:00+00:00,0,0.5212601106347654
2026-03-17 13:20:00+00:00,0,0.5233294981856512
2026-03-17 13:25:00+00:00,1,0.5220765016543811
2026-03-17 13:30:00+00:00,0,0.5123148913627799
2026-03-17 13:35:00+00:00,0,0.5133793168519829
2026-03-17 13:40:00+00:00,1,0.519701153461463
2026-03-17 13:45:00+00:00,1,0.5231091767492313
2026-03-17 13:50:00+00:00,1,0.520674418214331
2026-03-17 13:55:00+00:00,1,0.5194750200505273
2026-03-17 14:00:00+00:00,1,0.5203967960003816
2026-03-17 14:05:00+00:00,1,0.5086561712906856
2026-03-17 14:10:00+00:00,1,0.49751632725091405
2026-03-17 14:15:00+00:00,1,0.5235687812027375
2026-03-17 14:20:00+00:00,1,0.47145420483307526
2026-03-17 14:25:00+00:00,1,0.47081691458069597
2026-03-17 14:30:00+00:00,1,0.47208370398300536
2026-03-17 14:35:00+00:00,0,0.46863994529861935
2026-03-17 14:40:00+00:00,0,0.4669551028656977
2026-03-17 14:45:00+00:00,0,0.4757613682066703
2026-03-17 14:50:00+00:00,0,0.4674767048889011
2026-03-17 14:55:00+00:00,0,0.4680825762803104
2026-03-17 15:00:00+00:00,0,0.4724612434598172
2026-03-17 15:05:00+00:00,0,0.4981937521545862
2026-03-17 15:10:00+00:00,0,0.5150202187820745
2026-03-17 15:15:00+00:00,0,0.5084635143448295
2026-03-17 15:20:00+00:00,1,0.5208066889163088
2026-03-17 15:25:00+00:00,1,0.5203907891495229
2026-03-17 15:30:00+00:00,1,0.5195185958473387
2026-03-17 15:35:00+00:00,1,0.5165179537261295
2026-03-17 15:40:00+00:00,1,0.5170510041306716
2026-03-17 15:45:00+00:00,1,0.5210664595001756
2026-03-17 15:50:00+00:00,1,0.5090167819582215
2026-03-17 15:55:00+00:00,1,0.4856632252716508
2026-03-17 16:00:00+00:00,1,0.5188180958109381
2026-03-17 16:05:00+00:00,0,0.4801007186706299
2026-03-17 16:10:00+00:00,1,0.5156284116057912
2026-03-17 16:15:00+00:00,0,0.48555787213904333
2026-03-17 16:20:00+00:00,0,0.4797617206178201
2026-03-17 16:25:00+00:00,0,0.49245611343057555
2026-03-17 16:30:00+00:00,1,0.5128763593715626
2026-03-17 16:35:00+00:00,1,0.507860374030094
2026-03-17 16:40:00+00:00,1,0.5078528474195556
2026-03-17 16:45:00+00:00,1,0.5060641654798683
2026-03-17 16:50:00+00:00,1,0.46658971917377123
2026-03-17 16:55:00+00:00,1,0.4896131880963801
2026-03-17 17:00:00+00:00,0,0.4595014963842389
2026-03-17 17:05:00+00:00,1,0.4660336215856454
2026-03-17 17:10:00+00:00,1,0.4798774237928783
2026-03-17 17:15:00+00:00,1,0.4669748868535592
2026-03-17 17:20:00+00:00,1,0.46653028545430986
2026-03-17 17:25:00+00:00,1,0.4661820277108228
2026-03-17 17:30:00+00:00,1,0.48574442334174917
2026-03-17 17:35:00+00:00,1,0.4712029071988171
2026-03-17 17:40:00+00:00,1,0.4614644105714676
2026-03-17 17:45:00+00:00,0,0.4614257563792268
2026-03-17 17:50:00+00:00,0,0.46587461004970976
2026-03-17 17:55:00+00:00,0,0.4644790402314138
2026-03-17 18:00:00+00:00,0,0.4631637784810036
2026-03-17 18:05:00+00:00,0,0.47427857969978476
2026-03-17 18:10:00+00:00,0,0.4746200154234903
2026-03-17 18:15:00+00:00,0,0.47522857368208604
2026-03-17 18:20:00+00:00,1,0.48729212474873684
2026-03-17 18:25:00+00:00,1,0.48731875369872285
2026-03-17 18:30:00+00:00,0,0.4843379163561215
2026-03-17 18:35:00+00:00,0,0.47563769358027885
2026-03-17 18:40:00+00:00,0,0.48536508310553456
2026-03-17 18:45:00+00:00,0,0.48036313820406096
2026-03-17 18:50:00+00:00,0,0.47434700128667173
2026-03-17 18:55:00+00:00,0,0.48796294385319855
2026-03-17 19:00:00+00:00,0,0.5062162240428705
2026-03-17 19:05:00+00:00,0,0.4892531705232674
2026-03-17 19:10:00+00:00,0,0.4900179234815678
2026-03-17 19:15:00+00:00,0,0.5048973333309392
2026-03-17 19:20:00+00:00,0,0.5145759536418344
2026-03-17 19:25:00+00:00,0,0.5168033896962287
2026-03-17 19:30:00+00:00,0,0.5186605715165631
2026-03-17 19:35:00+00:00,0,0.49850177410508245
2026-03-17 19:40:00+00:00,0,0.5168238410957562
2026-03-17 19:45:00+00:00,0,0.5171205878837396
2026-03-17 19:50:00+00:00,1,0.51700059794584
2026-03-17 19:55:00+00:00,1,0.5207877629320171
2026-03-17 20:00:00+00:00,1,0.5200477376412156
2026-03-17 20:05:00+00:00,1,0.5163634352284441
2026-03-17 20:10:00+00:00,1,0.5192773665305893
2026-03-17 20:15:00+00:00,1,0.5147546953731094
2026-03-17 20:20:00+00:00,1,0.5064410725955186
2026-03-17 20:25:00+00:00,1,0.506002935501416
2026-03-17 20:30:00+00:00,1,0.5069095262086148
2026-03-17 20:35:00+00:00,1,0.5012869443278736
2026-03-17 20:40:00+00:00,1,0.4973443035536668
2026-03-17 20:45:00+00:00,1,0.5093449921127049
2026-03-17 20:50:00+00:00,1,0.49085464292200803
2026-03-17 20:55:00+00:00,1,0.4909629233337718
2026-03-17 21:00:00+00:00,1,0.4968944646590344
2026-03-17 21:05:00+00:00,1,0.47452165087767634
2026-03-17 21:10:00+00:00,0,0.47142716962685105
2026-03-17 21:15:00+00:00,1,0.47948616540917965
2026-03-17 21:20:00+00:00,0,0.46808394341175147
2026-03-17 21:25:00+00:00,1,0.4693661943994025
2026-03-17 21:30:00+00:00,1,0.46741509953201166
2026-03-17 21:35:00+00:00,0,0.4671358853208444
2026-03-17 21:40:00+00:00,0,0.4627988801892734
2026-03-17 21:45:00+00:00,0,0.4627835968402053
2026-03-17 21:50:00+00:00,0,0.467059166026211
2026-03-17 21:55:00+00:00,0,0.4664114168043023
2026-03-17 22:00:00+00:00,0,0.4542375450714632
2026-03-17 22:05:00+00:00,0,0.4841453668453617
2026-03-17 22:10:00+00:00,0,0.5037985186140705
2026-03-17 22:15:00+00:00,0,0.5056698979292967
2026-03-17 22:20:00+00:00,0,0.5089542386608951
2026-03-17 22:25:00+00:00,1,0.5103339587839075
2026-03-17 22:30:00+00:00,1,0.5136863512786125
2026-03-17 22:35:00+00:00,1,0.5162958727676437
2026-03-17 22:40:00+00:00,1,0.5088661717158502
2026-03-17 22:45:00+00:00,0,0.5072987304377574
2026-03-17 22:50:00+00:00,0,0.5104852284322895
2026-03-17 22:55:00+00:00,0,0.508987036936397
2026-03-17 23:00:00+00:00,0,0.5146957733608754
2026-03-17 23:05:00+00:00,0,0.5161628821808032
2026-03-17 23:10:00+00:00,0,0.510477203424436
2026-03-17 23:15:00+00:00,0,0.5184489713513644
2026-03-17 23:20:00+00:00,0,0.5138338487353267
2026-03-17 23:25:00+00:00,0,0.5157755717590142
