open_time,target_6,prediction
2026-01-19 00:35:00+00:00,1,0.5450943116604234
2026-01-19 00:40:00+00:00,1,0.5481360113429747
2026-01-19 00:45:00+00:00,0,0.5334752538907915
2026-01-19 00:50:00+00:00,0,0.5524752983023427
2026-01-19 00:55:00+00:00,0,0.5270609553424145
2026-01-19 01:00:00+00:00,1,0.5276104530411241
2026-01-19 01:05:00+00:00,0,0.5056775368653498
2026-01-19 01:10:00+00:00,0,0.5102049273724044
2026-01-19 01:15:00+00:00,0,0.5156175701295966
2026-01-19 01:20:00+00:00,0,0.53219189071594
2026-01-19 01:25:00+00:00,0,0.527030521041012
2026-01-19 01:30:00+00:00,0,0.5320802481886181
2026-01-19 01:35:00+00:00,0,0.5410752737665258
2026-01-19 01:40:00+00:00,1,0.5547446828231835
2026-01-19 01:45:00+00:00,1,0.5462042943555574
2026-01-19 01:50:00+00:00,1,0.5315861769351072
2026-01-19 01:55:00+00:00,1,0.5200153791354974
2026-01-19 02:00:00+00:00,1,0.5210642347595289
2026-01-19 02:05:00+00:00,1,0.5095868860465058
2026-01-19 02:10:00+00:00,1,0.49776493115052783
2026-01-19 02:15:00+00:00,1,0.49965969631900253
2026-01-19 02:20:00+00:00,0,0.4980507532990442
2026-01-19 02:25:00+00:00,1,0.5061595974886856
2026-01-19 02:30:00+00:00,0,0.47328271568142743
2026-01-19 02:35:00+00:00,1,0.4724669320738532
2026-01-19 02:40:00+00:00,1,0.46981634390127297
2026-01-19 02:45:00+00:00,1,0.4702558765789176
2026-01-19 02:50:00+00:00,1,0.4675553480102569
2026-01-19 02:55:00+00:00,1,0.4653776010791458
2026-01-19 03:00:00+00:00,0,0.4607548528883783
2026-01-19 03:05:00+00:00,0,0.4421727984866162
2026-01-19 03:10:00+00:00,0,0.4415164473806141
2026-01-19 03:15:00+00:00,0,0.4391070452670871
2026-01-19 03:20:00+00:00,1,0.4645823659104597
2026-01-19 03:25:00+00:00,1,0.44794196050630325
2026-01-19 03:30:00+00:00,1,0.4689761393550501
2026-01-19 03:35:00+00:00,1,0.46606046069112606
2026-01-19 03:40:00+00:00,1,0.45546182859806345
2026-01-19 03:45:00+00:00,1,0.44752698793200135
2026-01-19 03:50:00+00:00,0,0.44892390753790795
2026-01-19 03:55:00+00:00,0,0.44840856600969864
2026-01-19 04:00:00+00:00,0,0.4506857897177304
2026-01-19 04:05:00+00:00,0,0.44780343688083757
2026-01-19 04:10:00+00:00,0,0.4490605877063628
2026-01-19 04:15:00+00:00,0,0.4495865239826307
2026-01-19 04:20:00+00:00,0,0.4730939170975213
2026-01-19 04:25:00+00:00,0,0.46527538144441993
2026-01-19 04:30:00+00:00,0,0.471862835079711
2026-01-19 04:35:00+00:00,0,0.46483469425312013
2026-01-19 04:40:00+00:00,0,0.4944465742642571
2026-01-19 04:45:00+00:00,0,0.510279622974931
2026-01-19 04:50:00+00:00,0,0.5136918897544192
2026-01-19 04:55:00+00:00,0,0.5212607556369862
2026-01-19 05:00:00+00:00,0,0.5177557628237608
2026-01-19 05:05:00+00:00,0,0.5162693165723017
2026-01-19 05:10:00+00:00,0,0.527682981734014
2026-01-19 05:15:00+00:00,0,0.5278176196425248
2026-01-19 05:20:00+00:00,0,0.5227990130666496
2026-01-19 05:25:00+00:00,0,0.5152148597461136
2026-01-19 05:30:00+00:00,0,0.5244142319977381
2026-01-19 05:35:00+00:00,0,0.5107100889880323
2026-01-19 05:40:00+00:00,0,0.5128099291261254
2026-01-19 05:45:00+00:00,0,0.5263215195342502
2026-01-19 05:50:00+00:00,1,0.5285289838600207
2026-01-19 05:55:00+00:00,1,0.5198131366222438
2026-01-19 06:00:00+00:00,1,0.5263741109298912
2026-01-19 06:05:00+00:00,0,0.5260545122379116
2026-01-19 06:10:00+00:00,0,0.5107377324714256
2026-01-19 06:15:00+00:00,0,0.5120270255487943
2026-01-19 06:20:00+00:00,0,0.5097117252188912
2026-01-19 06:25:00+00:00,0,0.509846424409553
2026-01-19 06:30:00+00:00,0,0.5100914034746882
2026-01-19 06:35:00+00:00,1,0.520952407083576
2026-01-19 06:40:00+00:00,1,0.512648754349272
2026-01-19 06:45:00+00:00,0,0.51336833244895
2026-01-19 06:50:00+00:00,1,0.516284219869215
2026-01-19 06:55:00+00:00,1,0.5146220718651889
2026-01-19 07:00:00+00:00,1,0.5018229981039447
2026-01-19 07:05:00+00:00,1,0.5020360991240538
2026-01-19 07:10:00+00:00,1,0.5011382896259947
2026-01-19 07:15:00+00:00,1,0.5010978569235515
2026-01-19 07:20:00+00:00,1,0.49802236625729135
2026-01-19 07:25:00+00:00,0,0.4995814850136069
2026-01-19 07:30:00+00:00,1,0.4991837911400215
2026-01-19 07:35:00+00:00,0,0.49755793824579125
2026-01-19 07:40:00+00:00,0,0.5003044751034672
2026-01-19 07:45:00+00:00,0,0.49766109682119514
2026-01-19 07:50:00+00:00,1,0.4903517249588018
2026-01-19 07:55:00+00:00,1,0.502010696674829
2026-01-19 08:00:00+00:00,1,0.4994897318422356
2026-01-19 08:05:00+00:00,1,0.5013900859364282
2026-01-19 08:10:00+00:00,1,0.5103215581795578
2026-01-19 08:15:00+00:00,1,0.49624760719319055
2026-01-19 08:20:00+00:00,1,0.46930970604357874
2026-01-19 08:25:00+00:00,1,0.4717543025470379
2026-01-19 08:30:00+00:00,1,0.47046373151205145
2026-01-19 08:35:00+00:00,1,0.47032170370465165
2026-01-19 08:40:00+00:00,0,0.47170092156057447
2026-01-19 08:45:00+00:00,0,0.469631549392508
2026-01-19 08:50:00+00:00,0,0.474133503487658
2026-01-19 08:55:00+00:00,0,0.4684057134402872
2026-01-19 09:00:00+00:00,0,0.47226073504639676
2026-01-19 09:05:00+00:00,0,0.48261293876730266
2026-01-19 09:10:00+00:00,0,0.48376860283007805
2026-01-19 09:15:00+00:00,1,0.47981595305038194
2026-01-19 09:20:00+00:00,0,0.48448946659937625
2026-01-19 09:25:00+00:00,0,0.4833418567072433
2026-01-19 09:30:00+00:00,0,0.48754190233271383
2026-01-19 09:35:00+00:00,0,0.481972527790672
2026-01-19 09:40:00+00:00,0,0.49812875997521067
2026-01-19 09:45:00+00:00,0,0.48321741930782064
2026-01-19 09:50:00+00:00,0,0.5000166730065582
2026-01-19 09:55:00+00:00,0,0.48406470964830506
2026-01-19 10:00:00+00:00,0,0.5089222236885858
2026-01-19 10:05:00+00:00,0,0.5120737217819481
2026-01-19 10:10:00+00:00,0,0.5109002753062036
2026-01-19 10:15:00+00:00,0,0.5058864068180311
2026-01-19 10:20:00+00:00,0,0.5082770583570381
2026-01-19 10:25:00+00:00,0,0.5106464713820007
2026-01-19 10:30:00+00:00,1,0.5145083329307689
2026-01-19 10:35:00+00:00,1,0.5062420545339907
2026-01-19 10:40:00+00:00,0,0.5061060713392844
2026-01-19 10:45:00+00:00,0,0.5138776192057448
2026-01-19 10:50:00+00:00,1,0.5080463431405772
2026-01-19 10:55:00+00:00,1,0.502601660357508
2026-01-19 11:00:00+00:00,1,0.5100969090822395
2026-01-19 11:05:00+00:00,1,0.5030151008167941
2026-01-19 11:10:00+00:00,1,0.5085467721873966
2026-01-19 11:15:00+00:00,1,0.5099833482687256
2026-01-19 11:20:00+00:00,0,0.5034239467498908
2026-01-19 11:25:00+00:00,0,0.5063795454643871
2026-01-19 11:30:00+00:00,0,0.5120176523966757
2026-01-19 11:35:00+00:00,0,0.4840136308612518
2026-01-19 11:40:00+00:00,0,0.4803098029708801
2026-01-19 11:45:00+00:00,0,0.4969194564533238
2026-01-19 11:50:00+00:00,0,0.5077608647254861
2026-01-19 11:55:00+00:00,0,0.50405054055925
2026-01-19 12:00:00+00:00,1,0.51788871883925
2026-01-19 12:05:00+00:00,0,0.5067919652075991
2026-01-19 12:10:00+00:00,1,0.5147570634192162
2026-01-19 12:15:00+00:00,1,0.5110547894035291
2026-01-19 12:20:00+00:00,1,0.5114720193332107
2026-01-19 12:25:00+00:00,1,0.5061657583032826
2026-01-19 12:30:00+00:00,0,0.5008872302659715
2026-01-19 12:35:00+00:00,1,0.5050641167222565
2026-01-19 12:40:00+00:00,1,0.504737711099905
2026-01-19 12:45:00+00:00,0,0.5048064323011673
2026-01-19 12:50:00+00:00,0,0.5029632305529109
2026-01-19 12:55:00+00:00,0,0.5025299845659076
2026-01-19 13:00:00+00:00,0,0.5046863512396654
2026-01-19 13:05:00+00:00,0,0.4951720321887538
2026-01-19 13:10:00+00:00,1,0.5020762429258635
2026-01-19 13:15:00+00:00,1,0.505404232151816
2026-01-19 13:20:00+00:00,1,0.505145590474716
2026-01-19 13:25:00+00:00,0,0.504251885084312
2026-01-19 13:30:00+00:00,0,0.5056442704149443
2026-01-19 13:35:00+00:00,0,0.49901519617987067
2026-01-19 13:40:00+00:00,0,0.4882307282027864
2026-01-19 13:45:00+00:00,0,0.5033696999375271
2026-01-19 13:50:00+00:00,0,0.49702205410308054
2026-01-19 13:55:00+00:00,0,0.5085453465278309
2026-01-19 14:00:00+00:00,0,0.5073283135392987
2026-01-19 14:05:00+00:00,0,0.5163376949413809
2026-01-19 14:10:00+00:00,1,0.5185903356463814
2026-01-19 14:15:00+00:00,1,0.5074346679246003
2026-01-19 14:20:00+00:00,1,0.5107414756992519
2026-01-19 14:25:00+00:00,1,0.5050653849272957
2026-01-19 14:30:00+00:00,1,0.5078609351684061
2026-01-19 14:35:00+00:00,1,0.5089174078068237
2026-01-19 14:40:00+00:00,1,0.5018270546556417
2026-01-19 14:45:00+00:00,0,0.479789467317723
2026-01-19 14:50:00+00:00,0,0.5047146441944708
2026-01-19 14:55:00+00:00,0,0.504511226062759
2026-01-19 15:00:00+00:00,0,0.48426869458687827
2026-01-19 15:05:00+00:00,0,0.5037672574381478
2026-01-19 15:10:00+00:00,0,0.5108993896904254
2026-01-19 15:15:00+00:00,1,0.5036660840644314
2026-01-19 15:20:00+00:00,1,0.5084663868054747
2026-01-19 15:25:00+00:00,1,0.5092481512632288
2026-01-19 15:30:00+00:00,1,0.5023209252417423
2026-01-19 15:35:00+00:00,1,0.5094016899981535
2026-01-19 15:40:00+00:00,1,0.5067786343180194
2026-01-19 15:45:00+00:00,1,0.4820514864315726
2026-01-19 15:50:00+00:00,1,0.48077042019399374
2026-01-19 15:55:00+00:00,1,0.4817371041589751
2026-01-19 16:00:00+00:00,1,0.4743975743286412
2026-01-19 16:05:00+00:00,1,0.47313127403662547
2026-01-19 16:10:00+00:00,1,0.47627559931388197
2026-01-19 16:15:00+00:00,1,0.4763835257644495
2026-01-19 16:20:00+00:00,1,0.47024246113095947
2026-01-19 16:25:00+00:00,1,0.47105924102031094
2026-01-19 16:30:00+00:00,1,0.4709969272355199
2026-01-19 16:35:00+00:00,1,0.4739048668976978
2026-01-19 16:40:00+00:00,1,0.4730890419083961
2026-01-19 16:45:00+00:00,1,0.47364667136716476
2026-01-19 16:50:00+00:00,0,0.46831245576954106
2026-01-19 16:55:00+00:00,0,0.4722766592506761
2026-01-19 17:00:00+00:00,0,0.47144699629314923
2026-01-19 17:05:00+00:00,0,0.4708061969554768
2026-01-19 17:10:00+00:00,0,0.47009283903694277
2026-01-19 17:15:00+00:00,0,0.47526129302569287
2026-01-19 17:20:00+00:00,0,0.47623077377855816
2026-01-19 17:25:00+00:00,0,0.4742593085034373
2026-01-19 17:30:00+00:00,0,0.47940412709951413
2026-01-19 17:35:00+00:00,0,0.48397461350744714
2026-01-19 17:40:00+00:00,0,0.48555102746406226
2026-01-19 17:45:00+00:00,0,0.48504669884050156
2026-01-19 17:50:00+00:00,0,0.486146311043873
2026-01-19 17:55:00+00:00,0,0.4911215499692664
2026-01-19 18:00:00+00:00,1,0.5016426235258543
2026-01-19 18:05:00+00:00,1,0.5071085071405501
2026-01-19 18:10:00+00:00,1,0.5105987046054331
2026-01-19 18:15:00+00:00,1,0.5035315286463968
2026-01-19 18:20:00+00:00,1,0.4766186670050093
2026-01-19 18:25:00+00:00,1,0.4719885341787219
2026-01-19 18:30:00+00:00,1,0.4918447700492845
2026-01-19 18:35:00+00:00,0,0.49404057945240853
2026-01-19 18:40:00+00:00,1,0.49072597614822394
2026-01-19 18:45:00+00:00,1,0.5101161270135143
2026-01-19 18:50:00+00:00,1,0.5069306647045128
2026-01-19 18:55:00+00:00,1,0.5043067860805349
2026-01-19 19:00:00+00:00,1,0.5055389994922451
2026-01-19 19:05:00+00:00,1,0.5117486678346456
2026-01-19 19:10:00+00:00,1,0.48067036942231717
2026-01-19 19:15:00+00:00,0,0.47143393025435654
2026-01-19 19:20:00+00:00,0,0.48296247916279234
2026-01-19 19:25:00+00:00,1,0.4865740800383752
2026-01-19 19:30:00+00:00,1,0.4817764570068458
2026-01-19 19:35:00+00:00,1,0.48637969479789633
2026-01-19 19:40:00+00:00,0,0.4851449374336049
2026-01-19 19:45:00+00:00,0,0.4847532600585433
2026-01-19 19:50:00+00:00,1,0.4916191975453358
2026-01-19 19:55:00+00:00,1,0.4940469580444409
2026-01-19 20:00:00+00:00,0,0.4843869029723398
2026-01-19 20:05:00+00:00,0,0.49543741671301905
2026-01-19 20:10:00+00:00,0,0.49117850177836236
2026-01-19 20:15:00+00:00,0,0.48710997773425635
2026-01-19 20:20:00+00:00,0,0.4905118846487313
2026-01-19 20:25:00+00:00,0,0.4893401567025198
2026-01-19 20:30:00+00:00,1,0.5167217758308746
2026-01-19 20:35:00+00:00,1,0.5072770842256171
2026-01-19 20:40:00+00:00,1,0.5241176765601591
2026-01-19 20:45:00+00:00,0,0.5105863660295596
2026-01-19 20:50:00+00:00,1,0.5195257243665071
2026-01-19 20:55:00+00:00,0,0.5115038249004914
2026-01-19 21:00:00+00:00,0,0.4952945911255675
2026-01-19 21:05:00+00:00,0,0.5134201004253027
2026-01-19 21:10:00+00:00,0,0.5153870055148525
2026-01-19 21:15:00+00:00,0,0.5149567389105899
2026-01-19 21:20:00+00:00,0,0.5108078948352575
2026-01-19 21:25:00+00:00,0,0.5148008820954958
2026-01-19 21:30:00+00:00,1,0.5206898305992943
2026-01-19 21:35:00+00:00,0,0.513515719246299
2026-01-19 21:40:00+00:00,0,0.506757093538638
2026-01-19 21:45:00+00:00,0,0.5154710608302333
2026-01-19 21:50:00+00:00,1,0.5173554298329059
2026-01-19 21:55:00+00:00,0,0.5146305012020821
2026-01-19 22:00:00+00:00,0,0.5108358149604815
2026-01-19 22:05:00+00:00,0,0.5182127603487131
2026-01-19 22:10:00+00:00,0,0.524993786328136
2026-01-19 22:15:00+00:00,0,0.515349856998088
2026-01-19 22:20:00+00:00,0,0.5067892757533213
2026-01-19 22:25:00+00:00,0,0.5145036203522555
2026-01-19 22:30:00+00:00,0,0.515988620473336
2026-01-19 22:35:00+00:00,1,0.5125323944807649
2026-01-19 22:40:00+00:00,1,0.5157581631207337
2026-01-19 22:45:00+00:00,0,0.5145648128716845
2026-01-19 22:50:00+00:00,0,0.5164549725189895
2026-01-19 22:55:00+00:00,1,0.5207817559938795
2026-01-19 23:00:00+00:00,1,0.5096222893380742
2026-01-19 23:05:00+00:00,1,0.5081831713119332
2026-01-19 23:10:00+00:00,1,0.5136956000049256
2026-01-19 23:15:00+00:00,1,0.5194677070027934
2026-01-19 23:20:00+00:00,1,0.5103508577790167
2026-01-19 23:25:00+00:00,1,0.5075698748903404
2026-01-19 23:30:00+00:00,0,0.4775744672511145
2026-01-19 23:35:00+00:00,0,0.4924493930167503
2026-01-19 23:40:00+00:00,0,0.49208111332490123
2026-01-19 23:45:00+00:00,0,0.48951821247645627
2026-01-19 23:50:00+00:00,0,0.5078184224688215
2026-01-19 23:55:00+00:00,0,0.5041053584285612
2026-01-20 00:00:00+00:00,0,0.5038612082990915
2026-01-20 00:05:00+00:00,0,0.5080402365154805
2026-01-20 00:10:00+00:00,0,0.5063232058749475
2026-01-20 00:15:00+00:00,0,0.5128817318483391
2026-01-20 00:20:00+00:00,0,0.5216254046931362
2026-01-20 00:25:00+00:00,0,0.5168832792842645
2026-01-20 00:30:00+00:00,0,0.5096203651573181
2026-01-20 00:35:00+00:00,0,0.5052008332755628
2026-01-20 00:40:00+00:00,1,0.5184014416970346
2026-01-20 00:45:00+00:00,1,0.5163502096567053
2026-01-20 00:50:00+00:00,1,0.5160943321616646
2026-01-20 00:55:00+00:00,1,0.5263092881504641
2026-01-20 01:00:00+00:00,1,0.5199408641076535
2026-01-20 01:05:00+00:00,0,0.5084881615984087
2026-01-20 01:10:00+00:00,0,0.491138760782073
2026-01-20 01:15:00+00:00,0,0.4790242408500963
2026-01-20 01:20:00+00:00,0,0.48350528858773073
2026-01-20 01:25:00+00:00,0,0.4772843425115439
2026-01-20 01:30:00+00:00,0,0.5136174824185185
2026-01-20 01:35:00+00:00,0,0.5149326872839758
2026-01-20 01:40:00+00:00,0,0.5140334629523292
2026-01-20 01:45:00+00:00,0,0.512238595970006
2026-01-20 01:50:00+00:00,0,0.5134833086596474
2026-01-20 01:55:00+00:00,0,0.511267094092809
2026-01-20 02:00:00+00:00,1,0.515101773242079
2026-01-20 02:05:00+00:00,1,0.5223261178247365
2026-01-20 02:10:00+00:00,1,0.5231121224313227
2026-01-20 02:15:00+00:00,1,0.5187483349154555
2026-01-20 02:20:00+00:00,1,0.5225903181731981
2026-01-20 02:25:00+00:00,1,0.5141368325019726
2026-01-20 02:30:00+00:00,1,0.5054014184483401
2026-01-20 02:35:00+00:00,1,0.49818258107551394
2026-01-20 02:40:00+00:00,1,0.508147631734283
2026-01-20 02:45:00+00:00,0,0.4854620953414942
2026-01-20 02:50:00+00:00,0,0.49004392346596354
2026-01-20 02:55:00+00:00,0,0.504144199994035
2026-01-20 03:00:00+00:00,0,0.4878358160374566
2026-01-20 03:05:00+00:00,0,0.5024369262236299
2026-01-20 03:10:00+00:00,0,0.5001847379891494
2026-01-20 03:15:00+00:00,1,0.5094080893043387
2026-01-20 03:20:00+00:00,1,0.5114498537446818
2026-01-20 03:25:00+00:00,1,0.5104592598894535
2026-01-20 03:30:00+00:00,1,0.5116997413441571
2026-01-20 03:35:00+00:00,1,0.5097333126674246
2026-01-20 03:40:00+00:00,1,0.5005702438175486
2026-01-20 03:45:00+00:00,0,0.4826537137264707
2026-01-20 03:50:00+00:00,0,0.4864156162764079
2026-01-20 03:55:00+00:00,1,0.48723077734006887
2026-01-20 04:00:00+00:00,1,0.4936174788413191
2026-01-20 04:05:00+00:00,1,0.4953836671520114
2026-01-20 04:10:00+00:00,1,0.5014450875059384
2026-01-20 04:15:00+00:00,1,0.5002302713754264
2026-01-20 04:20:00+00:00,0,0.4973382655342088
2026-01-20 04:25:00+00:00,0,0.49487840177622244
2026-01-20 04:30:00+00:00,0,0.48236508411879664
2026-01-20 04:35:00+00:00,0,0.4913730685305963
2026-01-20 04:40:00+00:00,0,0.5118986121655483
2026-01-20 04:45:00+00:00,0,0.5100732441021748
2026-01-20 04:50:00+00:00,0,0.5207766564690763
2026-01-20 04:55:00+00:00,1,0.5229640579268657
2026-01-20 05:00:00+00:00,0,0.5065945934975584
2026-01-20 05:05:00+00:00,0,0.5119044730286256
2026-01-20 05:10:00+00:00,0,0.5161968654417556
2026-01-20 05:15:00+00:00,1,0.5093612781572513
2026-01-20 05:20:00+00:00,1,0.5151268523885622
2026-01-20 05:25:00+00:00,0,0.5087176367790708
2026-01-20 05:30:00+00:00,0,0.5069810284945138
2026-01-20 05:35:00+00:00,1,0.5185057248573208
2026-01-20 05:40:00+00:00,1,0.5143027395005791
2026-01-20 05:45:00+00:00,0,0.5070634274388895
2026-01-20 05:50:00+00:00,1,0.5100644230076615
2026-01-20 05:55:00+00:00,1,0.5118608256536539
2026-01-20 06:00:00+00:00,1,0.5103790547105794
2026-01-20 06:05:00+00:00,0,0.5077432804374576
2026-01-20 06:10:00+00:00,1,0.5061457141238921
2026-01-20 06:15:00+00:00,1,0.5187987645863826
2026-01-20 06:20:00+00:00,0,0.5033775585561858
2026-01-20 06:25:00+00:00,0,0.47513710602456904
2026-01-20 06:30:00+00:00,0,0.5092319402683082
2026-01-20 06:35:00+00:00,0,0.5106503119269512
2026-01-20 06:40:00+00:00,0,0.5035007568729882
2026-01-20 06:45:00+00:00,1,0.5160767473206822
2026-01-20 06:50:00+00:00,0,0.5161960519630323
2026-01-20 06:55:00+00:00,1,0.5106582274843915
2026-01-20 07:00:00+00:00,0,0.5100378166045602
2026-01-20 07:05:00+00:00,0,0.5027082642007462
2026-01-20 07:10:00+00:00,0,0.5006829751299346
2026-01-20 07:15:00+00:00,0,0.5032393686209243
2026-01-20 07:20:00+00:00,0,0.5075721907376741
2026-01-20 07:25:00+00:00,0,0.4997981639905865
2026-01-20 07:30:00+00:00,0,0.5087030515698585
2026-01-20 07:35:00+00:00,0,0.5076921695668534
2026-01-20 07:40:00+00:00,0,0.5090232241124623
2026-01-20 07:45:00+00:00,0,0.5193818186342627
2026-01-20 07:50:00+00:00,0,0.5155211892253005
2026-01-20 07:55:00+00:00,1,0.5170363532107032
2026-01-20 08:00:00+00:00,0,0.5142671138093806
2026-01-20 08:05:00+00:00,0,0.5105422621239026
2026-01-20 08:10:00+00:00,0,0.523237585028398
2026-01-20 08:15:00+00:00,0,0.5205308083227032
2026-01-20 08:20:00+00:00,0,0.5048953232326755
2026-01-20 08:25:00+00:00,0,0.5131047569076687
2026-01-20 08:30:00+00:00,1,0.519673991275416
2026-01-20 08:35:00+00:00,1,0.5273636969456013
2026-01-20 08:40:00+00:00,1,0.5155042061519926
2026-01-20 08:45:00+00:00,1,0.5137395118182035
2026-01-20 08:50:00+00:00,1,0.5120651227710072
2026-01-20 08:55:00+00:00,0,0.4996716059808387
2026-01-20 09:00:00+00:00,0,0.4986762060539421
2026-01-20 09:05:00+00:00,0,0.503994356568327
2026-01-20 09:10:00+00:00,0,0.5000103470420497
2026-01-20 09:15:00+00:00,0,0.5062946826369881
2026-01-20 09:20:00+00:00,0,0.5050903588576079
2026-01-20 09:25:00+00:00,0,0.5046741771379072
2026-01-20 09:30:00+00:00,0,0.5044790126425169
2026-01-20 09:35:00+00:00,0,0.5049885663998037
2026-01-20 09:40:00+00:00,1,0.5065105072525343
2026-01-20 09:45:00+00:00,1,0.504339339180629
2026-01-20 09:50:00+00:00,1,0.5063795143813246
2026-01-20 09:55:00+00:00,1,0.5091921396906438
2026-01-20 10:00:00+00:00,1,0.5046271785473296
2026-01-20 10:05:00+00:00,0,0.4659013020629675
2026-01-20 10:10:00+00:00,0,0.4993179091621726
2026-01-20 10:15:00+00:00,0,0.49396791725968275
2026-01-20 10:20:00+00:00,0,0.4983084626980415
2026-01-20 10:25:00+00:00,0,0.4929331881378796
2026-01-20 10:30:00+00:00,0,0.5049554180736182
2026-01-20 10:35:00+00:00,1,0.5093513018516912
2026-01-20 10:40:00+00:00,1,0.5036638050522458
2026-01-20 10:45:00+00:00,1,0.5089470251527464
2026-01-20 10:50:00+00:00,1,0.5117899640356698
2026-01-20 10:55:00+00:00,1,0.5054162939248357
2026-01-20 11:00:00+00:00,0,0.49899631144570794
2026-01-20 11:05:00+00:00,0,0.5000350362353608
2026-01-20 11:10:00+00:00,0,0.5055956302049449
2026-01-20 11:15:00+00:00,0,0.5053258464134492
2026-01-20 11:20:00+00:00,0,0.5038257172634001
2026-01-20 11:25:00+00:00,0,0.5035555122248736
2026-01-20 11:30:00+00:00,0,0.5116648736894618
2026-01-20 11:35:00+00:00,0,0.5127994810990584
2026-01-20 11:40:00+00:00,0,0.5182512229844959
2026-01-20 11:45:00+00:00,0,0.5147160592360087
2026-01-20 11:50:00+00:00,0,0.517928537360513
2026-01-20 11:55:00+00:00,1,0.5176588626347584
2026-01-20 12:00:00+00:00,1,0.5094828469330871
2026-01-20 12:05:00+00:00,0,0.5018473228894815
2026-01-20 12:10:00+00:00,1,0.508676751085103
2026-01-20 12:15:00+00:00,1,0.5168243147394224
2026-01-20 12:20:00+00:00,1,0.5079165641062965
2026-01-20 12:25:00+00:00,1,0.506499239333518
2026-01-20 12:30:00+00:00,0,0.505907918311784
2026-01-20 12:35:00+00:00,0,0.5081464994750515
2026-01-20 12:40:00+00:00,0,0.5040173821144062
2026-01-20 12:45:00+00:00,0,0.5004324031176476
2026-01-20 12:50:00+00:00,0,0.5036944158455252
2026-01-20 12:55:00+00:00,0,0.5075658164900992
2026-01-20 13:00:00+00:00,0,0.5114957573678633
2026-01-20 13:05:00+00:00,1,0.5251932866672693
2026-01-20 13:10:00+00:00,1,0.5212919263732846
2026-01-20 13:15:00+00:00,1,0.5209463295707222
2026-01-20 13:20:00+00:00,0,0.5216916178518343
2026-01-20 13:25:00+00:00,0,0.5145301892523804
2026-01-20 13:30:00+00:00,1,0.5062532281033284
2026-01-20 13:35:00+00:00,0,0.49731767034537055
2026-01-20 13:40:00+00:00,0,0.5040748693112532
2026-01-20 13:45:00+00:00,0,0.5036674933359334
2026-01-20 13:50:00+00:00,1,0.5090482232705287
2026-01-20 13:55:00+00:00,1,0.5104384935454184
2026-01-20 14:00:00+00:00,0,0.5062230337349288
2026-01-20 14:05:00+00:00,1,0.5035111631968989
2026-01-20 14:10:00+00:00,1,0.5067204244239507
2026-01-20 14:15:00+00:00,1,0.5119804419237359
2026-01-20 14:20:00+00:00,1,0.501128061594027
2026-01-20 14:25:00+00:00,1,0.5078839664277768
2026-01-20 14:30:00+00:00,1,0.5043662605097107
2026-01-20 14:35:00+00:00,0,0.47984666349877036
2026-01-20 14:40:00+00:00,0,0.4752958125784168
2026-01-20 14:45:00+00:00,0,0.47938821738824855
2026-01-20 14:50:00+00:00,0,0.47841596760515187
2026-01-20 14:55:00+00:00,0,0.4758931984623669
2026-01-20 15:00:00+00:00,0,0.4745486117437569
2026-01-20 15:05:00+00:00,0,0.5032075267271038
2026-01-20 15:10:00+00:00,0,0.4752460458578435
2026-01-20 15:15:00+00:00,0,0.5054687296293674
2026-01-20 15:20:00+00:00,0,0.4791728621780181
2026-01-20 15:25:00+00:00,1,0.5092260084714134
2026-01-20 15:30:00+00:00,1,0.5032764002863842
2026-01-20 15:35:00+00:00,1,0.516145748885691
2026-01-20 15:40:00+00:00,1,0.5083813167235323
2026-01-20 15:45:00+00:00,1,0.5100926171757328
2026-01-20 15:50:00+00:00,1,0.5117519707015828
2026-01-20 15:55:00+00:00,0,0.4857271514942831
2026-01-20 16:00:00+00:00,0,0.48549570444360435
2026-01-20 16:05:00+00:00,0,0.49994721071682185
2026-01-20 16:10:00+00:00,0,0.47765127898776216
2026-01-20 16:15:00+00:00,0,0.48013311459321106
2026-01-20 16:20:00+00:00,0,0.5147038934052264
2026-01-20 16:25:00+00:00,0,0.5184957481721927
2026-01-20 16:30:00+00:00,0,0.5193480354682928
2026-01-20 16:35:00+00:00,0,0.5151606373611538
2026-01-20 16:40:00+00:00,1,0.5396040656943697
2026-01-20 16:45:00+00:00,1,0.5312097567295824
2026-01-20 16:50:00+00:00,1,0.5227556961219261
2026-01-20 16:55:00+00:00,1,0.522068984936184
2026-01-20 17:00:00+00:00,0,0.5186380179276805
2026-01-20 17:05:00+00:00,0,0.5008619678288658
2026-01-20 17:10:00+00:00,0,0.4996231392479437
2026-01-20 17:15:00+00:00,0,0.49833461041678445
2026-01-20 17:20:00+00:00,0,0.5039356460956291
2026-01-20 17:25:00+00:00,0,0.5040078904981529
2026-01-20 17:30:00+00:00,1,0.5094167865863047
2026-01-20 17:35:00+00:00,1,0.5161650491214578
2026-01-20 17:40:00+00:00,1,0.512445145353039
2026-01-20 17:45:00+00:00,0,0.5114487553532904
2026-01-20 17:50:00+00:00,0,0.5095135965427743
2026-01-20 17:55:00+00:00,0,0.5095133261411203
2026-01-20 18:00:00+00:00,0,0.503921856882213
2026-01-20 18:05:00+00:00,0,0.5091965393467476
2026-01-20 18:10:00+00:00,0,0.5078121587769868
2026-01-20 18:15:00+00:00,0,0.5113657172224145
2026-01-20 18:20:00+00:00,0,0.5113410167529525
2026-01-20 18:25:00+00:00,1,0.5180009463268025
2026-01-20 18:30:00+00:00,1,0.5135403492185443
2026-01-20 18:35:00+00:00,1,0.5154903197523701
2026-01-20 18:40:00+00:00,1,0.5119060746987147
2026-01-20 18:45:00+00:00,1,0.5096373490801226
2026-01-20 18:50:00+00:00,1,0.5099134461628272
2026-01-20 18:55:00+00:00,0,0.5058091486035093
2026-01-20 19:00:00+00:00,0,0.4789782448045423
2026-01-20 19:05:00+00:00,0,0.4932627203941376
2026-01-20 19:10:00+00:00,0,0.5092567950319747
2026-01-20 19:15:00+00:00,0,0.5061706603002353
2026-01-20 19:20:00+00:00,1,0.5059424973390283
2026-01-20 19:25:00+00:00,1,0.5138379425586477
2026-01-20 19:30:00+00:00,0,0.515291901466239
2026-01-20 19:35:00+00:00,1,0.5113061994818326
2026-01-20 19:40:00+00:00,0,0.5084526403031504
2026-01-20 19:45:00+00:00,1,0.5110306724674546
2026-01-20 19:50:00+00:00,1,0.4827560581082101
2026-01-20 19:55:00+00:00,1,0.48915384477612794
2026-01-20 20:00:00+00:00,1,0.5139619593397989
2026-01-20 20:05:00+00:00,1,0.5058839887891157
2026-01-20 20:10:00+00:00,1,0.5105740496439444
2026-01-20 20:15:00+00:00,0,0.47637043331672796
2026-01-20 20:20:00+00:00,0,0.48087096447750194
2026-01-20 20:25:00+00:00,0,0.4744576548261981
2026-01-20 20:30:00+00:00,0,0.48329125842318815
2026-01-20 20:35:00+00:00,0,0.48786947303513944
2026-01-20 20:40:00+00:00,0,0.4940286833490247
2026-01-20 20:45:00+00:00,0,0.48173328661053527
2026-01-20 20:50:00+00:00,0,0.4840523181863739
2026-01-20 20:55:00+00:00,0,0.481899745868805
2026-01-20 21:00:00+00:00,0,0.507158972649643
2026-01-20 21:05:00+00:00,0,0.5025251395809137
2026-01-20 21:10:00+00:00,0,0.5083834824012445
2026-01-20 21:15:00+00:00,0,0.5127482057386799
2026-01-20 21:20:00+00:00,0,0.5125938451417954
2026-01-20 21:25:00+00:00,0,0.5121813582486308
2026-01-20 21:30:00+00:00,1,0.5235358587622104
2026-01-20 21:35:00+00:00,1,0.5141412758661881
2026-01-20 21:40:00+00:00,1,0.5164333199800204
2026-01-20 21:45:00+00:00,1,0.5227940774925656
2026-01-20 21:50:00+00:00,1,0.5159526935770521
2026-01-20 21:55:00+00:00,1,0.5088558112256941
2026-01-20 22:00:00+00:00,0,0.5089099798923068
2026-01-20 22:05:00+00:00,0,0.5103603405093955
2026-01-20 22:10:00+00:00,0,0.5068044701496518
2026-01-20 22:15:00+00:00,0,0.5025478602000061
2026-01-20 22:20:00+00:00,0,0.5112853685969391
2026-01-20 22:25:00+00:00,0,0.5150990040097063
2026-01-20 22:30:00+00:00,1,0.5855423190671942
2026-01-20 22:35:00+00:00,0,0.5559694848749648
2026-01-20 22:40:00+00:00,0,0.537188557157583
2026-01-20 22:45:00+00:00,0,0.5351061077682199
2026-01-20 22:50:00+00:00,0,0.5341163264627513
2026-01-20 22:55:00+00:00,0,0.518631469492652
2026-01-20 23:00:00+00:00,0,0.5185105935205467
2026-01-20 23:05:00+00:00,0,0.515576734552874
2026-01-20 23:10:00+00:00,0,0.5140219277448561
2026-01-20 23:15:00+00:00,0,0.5221147037328415
2026-01-20 23:20:00+00:00,0,0.5199405409355375
2026-01-20 23:25:00+00:00,0,0.5196605034616137
2026-01-20 23:30:00+00:00,1,0.515486900634513
2026-01-20 23:35:00+00:00,1,0.5189456884861932
2026-01-20 23:40:00+00:00,1,0.5116229712133141
2026-01-20 23:45:00+00:00,1,0.5089980044625928
2026-01-20 23:50:00+00:00,1,0.5136998981763291
2026-01-20 23:55:00+00:00,1,0.5143352503908436
2026-01-21 00:00:00+00:00,1,0.5061374575253504
2026-01-21 00:05:00+00:00,1,0.5070048860331653
2026-01-21 00:10:00+00:00,1,0.5022162822039403
2026-01-21 00:15:00+00:00,1,0.5051182443800061
2026-01-21 00:20:00+00:00,1,0.5159814411775073
2026-01-21 00:25:00+00:00,1,0.49686657000666345
2026-01-21 00:30:00+00:00,1,0.4722239272759852
2026-01-21 00:35:00+00:00,1,0.47269837968592926
2026-01-21 00:40:00+00:00,1,0.47296928730185517
2026-01-21 00:45:00+00:00,1,0.49189864494800434
2026-01-21 00:50:00+00:00,1,0.48339328880110516
2026-01-21 00:55:00+00:00,1,0.4806388295641063
2026-01-21 01:00:00+00:00,1,0.4695204319469859
2026-01-21 01:05:00+00:00,1,0.46982578335645503
2026-01-21 01:10:00+00:00,0,0.4726744293305243
2026-01-21 01:15:00+00:00,0,0.4734210978775679
2026-01-21 01:20:00+00:00,0,0.4703705608095405
2026-01-21 01:25:00+00:00,0,0.47359557432700156
2026-01-21 01:30:00+00:00,1,0.4726383582812319
2026-01-21 01:35:00+00:00,1,0.4741526652842988
2026-01-21 01:40:00+00:00,1,0.47625134737912933
2026-01-21 01:45:00+00:00,1,0.48072754837753323
2026-01-21 01:50:00+00:00,1,0.4845516444455078
2026-01-21 01:55:00+00:00,1,0.4830956249521856
2026-01-21 02:00:00+00:00,0,0.47739151002865177
2026-01-21 02:05:00+00:00,0,0.4721512637476821
2026-01-21 02:10:00+00:00,0,0.47697260843545997
2026-01-21 02:15:00+00:00,0,0.4733759987876832
2026-01-21 02:20:00+00:00,0,0.4752627398152921
2026-01-21 02:25:00+00:00,0,0.48542315008430065
2026-01-21 02:30:00+00:00,1,0.4972402306561424
2026-01-21 02:35:00+00:00,1,0.49990502705930934
2026-01-21 02:40:00+00:00,1,0.4897071075062201
2026-01-21 02:45:00+00:00,1,0.49755152819579046
2026-01-21 02:50:00+00:00,1,0.49322028587574573
2026-01-21 02:55:00+00:00,1,0.49361669969545435
2026-01-21 03:00:00+00:00,0,0.49047395282292827
2026-01-21 03:05:00+00:00,1,0.49151111190285757
2026-01-21 03:10:00+00:00,1,0.5032654026134882
2026-01-21 03:15:00+00:00,1,0.4927694044185501
2026-01-21 03:20:00+00:00,0,0.4867909497288791
2026-01-21 03:25:00+00:00,0,0.4878597720421026
2026-01-21 03:30:00+00:00,1,0.5027354798661994
2026-01-21 03:35:00+00:00,0,0.480744427139568
2026-01-21 03:40:00+00:00,0,0.47873995850302864
2026-01-21 03:45:00+00:00,0,0.4991152944227786
2026-01-21 03:50:00+00:00,0,0.5159221939472203
2026-01-21 03:55:00+00:00,1,0.5148877506771959
2026-01-21 04:00:00+00:00,0,0.5138442064611393
2026-01-21 04:05:00+00:00,1,0.5179957568254565
2026-01-21 04:10:00+00:00,1,0.5187555820832549
2026-01-21 04:15:00+00:00,1,0.5124396035487954
2026-01-21 04:20:00+00:00,1,0.5083762165172521
2026-01-21 04:25:00+00:00,1,0.5010140672543303
2026-01-21 04:30:00+00:00,1,0.5118557911694673
2026-01-21 04:35:00+00:00,1,0.509311947936149
2026-01-21 04:40:00+00:00,1,0.4880696733129049
2026-01-21 04:45:00+00:00,1,0.5035055465888576
2026-01-21 04:50:00+00:00,1,0.5121578345597264
2026-01-21 04:55:00+00:00,1,0.49724810140240194
2026-01-21 05:00:00+00:00,1,0.4797827642457389
2026-01-21 05:05:00+00:00,1,0.47832569311567497
2026-01-21 05:10:00+00:00,1,0.474954225299305
2026-01-21 05:15:00+00:00,1,0.4805083314043305
2026-01-21 05:20:00+00:00,1,0.48541389895803727
2026-01-21 05:25:00+00:00,1,0.48292872926867964
2026-01-21 05:30:00+00:00,1,0.48307591907067804
2026-01-21 05:35:00+00:00,0,0.47521766313710334
2026-01-21 05:40:00+00:00,0,0.4745053927285586
2026-01-21 05:45:00+00:00,0,0.4794464567357911
2026-01-21 05:50:00+00:00,0,0.4805690483860773
2026-01-21 05:55:00+00:00,0,0.4814008410161341
2026-01-21 06:00:00+00:00,0,0.48564206372588054
2026-01-21 06:05:00+00:00,0,0.49461371249274827
2026-01-21 06:10:00+00:00,0,0.4904624433095602
2026-01-21 06:15:00+00:00,0,0.49479044350601614
2026-01-21 06:20:00+00:00,0,0.4912603354014111
2026-01-21 06:25:00+00:00,0,0.4952211342171979
2026-01-21 06:30:00+00:00,0,0.5078603009420275
2026-01-21 06:35:00+00:00,1,0.5138779989211373
2026-01-21 06:40:00+00:00,0,0.5162062552566272
2026-01-21 06:45:00+00:00,0,0.5135302914520347
2026-01-21 06:50:00+00:00,1,0.5180603314193117
2026-01-21 06:55:00+00:00,1,0.515351470565909
2026-01-21 07:00:00+00:00,0,0.5073249142508173
2026-01-21 07:05:00+00:00,0,0.5046737836627025
2026-01-21 07:10:00+00:00,0,0.5143745635075208
2026-01-21 07:15:00+00:00,0,0.5064481557004104
2026-01-21 07:20:00+00:00,0,0.5067730929844275
2026-01-21 07:25:00+00:00,0,0.50384309013928
2026-01-21 07:30:00+00:00,0,0.5155079488345562
2026-01-21 07:35:00+00:00,1,0.5148581911197259
2026-01-21 07:40:00+00:00,0,0.5100587226393463
2026-01-21 07:45:00+00:00,0,0.5081474669249164
2026-01-21 07:50:00+00:00,0,0.5121158500557638
2026-01-21 07:55:00+00:00,0,0.5124048850440209
2026-01-21 08:00:00+00:00,1,0.5128963335414719
2026-01-21 08:05:00+00:00,0,0.5071967868677565
2026-01-21 08:10:00+00:00,0,0.5125364050004377
2026-01-21 08:15:00+00:00,0,0.5061238367448159
2026-01-21 08:20:00+00:00,0,0.5099850810771326
2026-01-21 08:25:00+00:00,0,0.5066698362587115
2026-01-21 08:30:00+00:00,0,0.511542309947417
2026-01-21 08:35:00+00:00,1,0.5213185395348632
2026-01-21 08:40:00+00:00,1,0.5204807763225855
2026-01-21 08:45:00+00:00,1,0.5192719657387757
2026-01-21 08:50:00+00:00,1,0.5146162360908799
2026-01-21 08:55:00+00:00,1,0.5099983413469936
2026-01-21 09:00:00+00:00,1,0.5030856153575202
2026-01-21 09:05:00+00:00,1,0.49995081587444123
2026-01-21 09:10:00+00:00,1,0.49832810894171187
2026-01-21 09:15:00+00:00,0,0.5008252783110136
2026-01-21 09:20:00+00:00,0,0.4955468138543931
2026-01-21 09:25:00+00:00,0,0.49798690651148425
2026-01-21 09:30:00+00:00,1,0.5038466864280892
2026-01-21 09:35:00+00:00,1,0.504229438008576
2026-01-21 09:40:00+00:00,1,0.49879398954066384
2026-01-21 09:45:00+00:00,1,0.5048092939370004
2026-01-21 09:50:00+00:00,1,0.5059480060237084
2026-01-21 09:55:00+00:00,1,0.49675765051359455
2026-01-21 10:00:00+00:00,0,0.4746245311137594
2026-01-21 10:05:00+00:00,0,0.484908731538862
2026-01-21 10:10:00+00:00,0,0.48560003733335116
2026-01-21 10:15:00+00:00,0,0.47622143531168676
2026-01-21 10:20:00+00:00,0,0.48213891602207964
2026-01-21 10:25:00+00:00,0,0.49723518066772704
2026-01-21 10:30:00+00:00,0,0.50053605345575
2026-01-21 10:35:00+00:00,0,0.49461402283943795
2026-01-21 10:40:00+00:00,0,0.5041289237256612
2026-01-21 10:45:00+00:00,0,0.5072758797294761
2026-01-21 10:50:00+00:00,0,0.5089990909644277
2026-01-21 10:55:00+00:00,0,0.5106559204877258
2026-01-21 11:00:00+00:00,1,0.5208901054414917
2026-01-21 11:05:00+00:00,0,0.5201809576686541
2026-01-21 11:10:00+00:00,0,0.5194925808633672
2026-01-21 11:15:00+00:00,0,0.5107598486278313
2026-01-21 11:20:00+00:00,0,0.5164907557162701
2026-01-21 11:25:00+00:00,0,0.5105217257309236
2026-01-21 11:30:00+00:00,0,0.507950704925009
2026-01-21 11:35:00+00:00,0,0.5148378528644257
2026-01-21 11:40:00+00:00,0,0.5170659684961414
2026-01-21 11:45:00+00:00,0,0.5260711912422571
2026-01-21 11:50:00+00:00,0,0.5289787089678064
2026-01-21 11:55:00+00:00,0,0.5269711378871565
2026-01-21 12:00:00+00:00,0,0.5239491386993466
2026-01-21 12:05:00+00:00,0,0.5250468415143268
2026-01-21 12:10:00+00:00,1,0.5277229341939672
2026-01-21 12:15:00+00:00,1,0.522440009607346
2026-01-21 12:20:00+00:00,1,0.5165970679284179
2026-01-21 12:25:00+00:00,1,0.5120624681894629
2026-01-21 12:30:00+00:00,1,0.5210190097125033
2026-01-21 12:35:00+00:00,1,0.5030259161952222
2026-01-21 12:40:00+00:00,1,0.5017367510684325
2026-01-21 12:45:00+00:00,1,0.4997008494972423
2026-01-21 12:50:00+00:00,1,0.5049177431635098
2026-01-21 12:55:00+00:00,1,0.4957470067576156
2026-01-21 13:00:00+00:00,0,0.48860002598830876
2026-01-21 13:05:00+00:00,0,0.4813832454255632
2026-01-21 13:10:00+00:00,0,0.47523479687816145
2026-01-21 13:15:00+00:00,0,0.4805291414100377
2026-01-21 13:20:00+00:00,0,0.48876162386043265
2026-01-21 13:25:00+00:00,0,0.4804000267074518
2026-01-21 13:30:00+00:00,0,0.479121010596721
2026-01-21 13:35:00+00:00,1,0.5046703854018078
2026-01-21 13:40:00+00:00,1,0.5075458197636139
2026-01-21 13:45:00+00:00,1,0.5081032393933758
2026-01-21 13:50:00+00:00,1,0.4972063396358946
2026-01-21 13:55:00+00:00,1,0.5049298083999689
2026-01-21 14:00:00+00:00,1,0.49537831356883144
2026-01-21 14:05:00+00:00,1,0.4761939713029342
2026-01-21 14:10:00+00:00,1,0.4986058206930381
2026-01-21 14:15:00+00:00,1,0.47942381732974004
2026-01-21 14:20:00+00:00,1,0.4892521858856556
2026-01-21 14:25:00+00:00,1,0.476155136452106
2026-01-21 14:30:00+00:00,0,0.5051444352408784
2026-01-21 14:35:00+00:00,1,0.4729454924259552
2026-01-21 14:40:00+00:00,1,0.47249383258755434
2026-01-21 14:45:00+00:00,1,0.4723274037045931
2026-01-21 14:50:00+00:00,1,0.47086998154452187
2026-01-21 14:55:00+00:00,0,0.49080387077599125
2026-01-21 15:00:00+00:00,1,0.4783149269896939
2026-01-21 15:05:00+00:00,0,0.47516018805616356
2026-01-21 15:10:00+00:00,0,0.49376159944100134
2026-01-21 15:15:00+00:00,0,0.49683630620470304
2026-01-21 15:20:00+00:00,0,0.4754330711487328
2026-01-21 15:25:00+00:00,1,0.4851771726194716
2026-01-21 15:30:00+00:00,0,0.4817032619637913
2026-01-21 15:35:00+00:00,0,0.49077290950138197
2026-01-21 15:40:00+00:00,0,0.48196365447665057
2026-01-21 15:45:00+00:00,0,0.4902361131099164
2026-01-21 15:50:00+00:00,0,0.47974684302182635
2026-01-21 15:55:00+00:00,0,0.48290259793359464
2026-01-21 16:00:00+00:00,0,0.49345317473079464
2026-01-21 16:05:00+00:00,0,0.5174819764654703
2026-01-21 16:10:00+00:00,0,0.5184314488697818
2026-01-21 16:15:00+00:00,0,0.519315840062531
2026-01-21 16:20:00+00:00,0,0.523448261756546
2026-01-21 16:25:00+00:00,0,0.516882815415812
2026-01-21 16:30:00+00:00,0,0.5322507259869533
2026-01-21 16:35:00+00:00,0,0.5476524915325118
2026-01-21 16:40:00+00:00,0,0.5898116632069353
2026-01-21 16:45:00+00:00,0,0.5710539199391784
2026-01-21 16:50:00+00:00,0,0.5640343096929181
2026-01-21 16:55:00+00:00,1,0.6046889434627962
2026-01-21 17:00:00+00:00,0,0.5704890247530079
2026-01-21 17:05:00+00:00,0,0.5578493578911468
2026-01-21 17:10:00+00:00,1,0.5664433999438389
2026-01-21 17:15:00+00:00,0,0.5660703317586602
2026-01-21 17:20:00+00:00,1,0.5419953258621439
2026-01-21 17:25:00+00:00,1,0.5322446488935013
2026-01-21 17:30:00+00:00,1,0.5369523384185707
2026-01-21 17:35:00+00:00,1,0.5284094660119883
2026-01-21 17:40:00+00:00,1,0.5268540878731237
2026-01-21 17:45:00+00:00,1,0.5284850922024462
2026-01-21 17:50:00+00:00,1,0.5281425046666188
2026-01-21 17:55:00+00:00,1,0.5021070049520374
2026-01-21 18:00:00+00:00,1,0.5122276876540459
2026-01-21 18:05:00+00:00,1,0.5087265414496625
2026-01-21 18:10:00+00:00,0,0.4991202474107408
2026-01-21 18:15:00+00:00,1,0.4971135299980122
2026-01-21 18:20:00+00:00,1,0.5024378882357206
2026-01-21 18:25:00+00:00,1,0.4962184420332913
2026-01-21 18:30:00+00:00,1,0.4962118799427802
2026-01-21 18:35:00+00:00,1,0.48273903749663855
2026-01-21 18:40:00+00:00,1,0.4878240227141277
2026-01-21 18:45:00+00:00,0,0.48201486711592556
2026-01-21 18:50:00+00:00,0,0.4824945025283417
2026-01-21 18:55:00+00:00,1,0.48346837374053436
2026-01-21 19:00:00+00:00,1,0.47954452094137334
2026-01-21 19:05:00+00:00,1,0.4838700223656893
2026-01-21 19:10:00+00:00,1,0.477105430760795
2026-01-21 19:15:00+00:00,1,0.47603465349392543
2026-01-21 19:20:00+00:00,1,0.4688300940527262
2026-01-21 19:25:00+00:00,1,0.5413184891498142
2026-01-21 19:30:00+00:00,1,0.5664806401095699
2026-01-21 19:35:00+00:00,1,0.5681289128717018
2026-01-21 19:40:00+00:00,0,0.5686728781069712
2026-01-21 19:45:00+00:00,0,0.569700607077423
2026-01-21 19:50:00+00:00,0,0.5560598694128192
2026-01-21 19:55:00+00:00,0,0.5470842297720278
2026-01-21 20:00:00+00:00,0,0.5467407313158354
2026-01-21 20:05:00+00:00,0,0.5304599849735429
2026-01-21 20:10:00+00:00,0,0.5114568676537546
2026-01-21 20:15:00+00:00,1,0.4833328851538269
2026-01-21 20:20:00+00:00,1,0.48100508031016653
2026-01-21 20:25:00+00:00,1,0.48651582199463717
2026-01-21 20:30:00+00:00,1,0.4912521068484717
2026-01-21 20:35:00+00:00,1,0.49472607218903564
2026-01-21 20:40:00+00:00,1,0.48475823277703584
2026-01-21 20:45:00+00:00,1,0.48268711694602806
2026-01-21 20:50:00+00:00,0,0.47591772136688976
2026-01-21 20:55:00+00:00,0,0.4753179159716798
2026-01-21 21:00:00+00:00,0,0.4784477219567326
2026-01-21 21:05:00+00:00,0,0.4725788513514439
2026-01-21 21:10:00+00:00,0,0.47809416894232926
2026-01-21 21:15:00+00:00,0,0.4711300968326537
2026-01-21 21:20:00+00:00,0,0.49795965163674233
2026-01-21 21:25:00+00:00,1,0.5037399498822046
2026-01-21 21:30:00+00:00,1,0.49812255064369043
2026-01-21 21:35:00+00:00,1,0.49965918019077654
2026-01-21 21:40:00+00:00,0,0.49256910322180497
2026-01-21 21:45:00+00:00,1,0.4964244920803239
2026-01-21 21:50:00+00:00,0,0.4988716045210579
2026-01-21 21:55:00+00:00,0,0.49375498154524117
2026-01-21 22:00:00+00:00,0,0.4882900029807474
2026-01-21 22:05:00+00:00,0,0.48963170610772533
2026-01-21 22:10:00+00:00,0,0.4915696925025102
2026-01-21 22:15:00+00:00,0,0.4930096000705134
2026-01-21 22:20:00+00:00,0,0.5109251399089014
2026-01-21 22:25:00+00:00,0,0.5232593193946504
2026-01-21 22:30:00+00:00,0,0.5304933243497757
2026-01-21 22:35:00+00:00,0,0.533098401998363
2026-01-21 22:40:00+00:00,1,0.5271560711122637
2026-01-21 22:45:00+00:00,0,0.5211426824468788
2026-01-21 22:50:00+00:00,0,0.5168150348471646
2026-01-21 22:55:00+00:00,0,0.5216962844717024
2026-01-21 23:00:00+00:00,0,0.5276869437630815
2026-01-21 23:05:00+00:00,0,0.5258831810907946
2026-01-21 23:10:00+00:00,0,0.5168666453920928
2026-01-21 23:15:00+00:00,0,0.5266947034837581
2026-01-21 23:20:00+00:00,0,0.525420600039029
2026-01-21 23:25:00+00:00,0,0.5122677917874144
2026-01-21 23:30:00+00:00,0,0.517371848954429
2026-01-21 23:35:00+00:00,0,0.5201594762580061
2026-01-21 23:40:00+00:00,1,0.5297999806593661
2026-01-21 23:45:00+00:00,1,0.5324461806368356
2026-01-21 23:50:00+00:00,1,0.5313678148517058
2026-01-21 23:55:00+00:00,1,0.521660571798907
2026-01-22 00:00:00+00:00,1,0.5144371151392744
2026-01-22 00:05:00+00:00,1,0.5101227708734342
2026-01-22 00:10:00+00:00,1,0.5057332980609239
2026-01-22 00:15:00+00:00,1,0.506522418570131
2026-01-22 00:20:00+00:00,1,0.5053302769665245
2026-01-22 00:25:00+00:00,1,0.5061007992648738
2026-01-22 00:30:00+00:00,1,0.49668712911641283
2026-01-22 00:35:00+00:00,1,0.47474735514252864
2026-01-22 00:40:00+00:00,0,0.47133327789121926
2026-01-22 00:45:00+00:00,1,0.47168548461174653
2026-01-22 00:50:00+00:00,0,0.4668254673460631
2026-01-22 00:55:00+00:00,1,0.47430215629360295
2026-01-22 01:00:00+00:00,1,0.46822133228470897
2026-01-22 01:05:00+00:00,1,0.4733370558200458
2026-01-22 01:10:00+00:00,1,0.47834964858439205
2026-01-22 01:15:00+00:00,1,0.4735651698157551
2026-01-22 01:20:00+00:00,1,0.47482895447721024
2026-01-22 01:25:00+00:00,0,0.4737142649989365
2026-01-22 01:30:00+00:00,1,0.47709518034676557
2026-01-22 01:35:00+00:00,1,0.4771806015058216
2026-01-22 01:40:00+00:00,1,0.48136180347769164
2026-01-22 01:45:00+00:00,1,0.47728786637810716
2026-01-22 01:50:00+00:00,1,0.47939091485117474
2026-01-22 01:55:00+00:00,1,0.48198297566198295
2026-01-22 02:00:00+00:00,0,0.48260372917859934
2026-01-22 02:05:00+00:00,0,0.48183085790918245
2026-01-22 02:10:00+00:00,0,0.48290143619598114
2026-01-22 02:15:00+00:00,0,0.48350617591361367
2026-01-22 02:20:00+00:00,0,0.48806533207251057
2026-01-22 02:25:00+00:00,0,0.4915784358495568
2026-01-22 02:30:00+00:00,1,0.5160394857411079
2026-01-22 02:35:00+00:00,1,0.4977008774852161
2026-01-22 02:40:00+00:00,0,0.4998159457910952
2026-01-22 02:45:00+00:00,0,0.5073381537664834
2026-01-22 02:50:00+00:00,1,0.51834517722365
2026-01-22 02:55:00+00:00,0,0.5141688081187828
2026-01-22 03:00:00+00:00,0,0.5087812636240598
2026-01-22 03:05:00+00:00,0,0.5101157367206856
2026-01-22 03:10:00+00:00,0,0.5137156635658487
2026-01-22 03:15:00+00:00,0,0.5192484591591645
2026-01-22 03:20:00+00:00,0,0.5115011743019945
2026-01-22 03:25:00+00:00,0,0.5198528814149705
2026-01-22 03:30:00+00:00,1,0.5321567615513095
2026-01-22 03:35:00+00:00,1,0.531257945663831
2026-01-22 03:40:00+00:00,1,0.5221892838669772
2026-01-22 03:45:00+00:00,1,0.5215595968288127
2026-01-22 03:50:00+00:00,1,0.5212561474386372
2026-01-22 03:55:00+00:00,1,0.505812031436573
2026-01-22 04:00:00+00:00,1,0.5107507298277147
2026-01-22 04:05:00+00:00,1,0.5082257849377018
2026-01-22 04:10:00+00:00,1,0.5117231825610827
2026-01-22 04:15:00+00:00,1,0.5115239086586225
2026-01-22 04:20:00+00:00,1,0.5100724671062342
2026-01-22 04:25:00+00:00,1,0.5086799098535012
2026-01-22 04:30:00+00:00,0,0.5028969763656911
2026-01-22 04:35:00+00:00,0,0.5057381513155115
2026-01-22 04:40:00+00:00,0,0.49177355891015506
2026-01-22 04:45:00+00:00,0,0.49034983362476925
2026-01-22 04:50:00+00:00,0,0.4926013447828982
2026-01-22 04:55:00+00:00,0,0.49683167945231765
2026-01-22 05:00:00+00:00,0,0.5023642895958645
2026-01-22 05:05:00+00:00,0,0.5063860857599957
2026-01-22 05:10:00+00:00,0,0.5055842888227624
2026-01-22 05:15:00+00:00,1,0.5072165666637267
2026-01-22 05:20:00+00:00,1,0.5099106895366072
2026-01-22 05:25:00+00:00,1,0.510554692165858
2026-01-22 05:30:00+00:00,1,0.5089916786427747
2026-01-22 05:35:00+00:00,0,0.5021052868812705
2026-01-22 05:40:00+00:00,0,0.5035213270087086
2026-01-22 05:45:00+00:00,0,0.5105425131401836
2026-01-22 05:50:00+00:00,1,0.5136856269711486
2026-01-22 05:55:00+00:00,0,0.5101213776043005
2026-01-22 06:00:00+00:00,1,0.50815676436134
2026-01-22 06:05:00+00:00,1,0.517266502821395
2026-01-22 06:10:00+00:00,1,0.5163363787622413
2026-01-22 06:15:00+00:00,1,0.5107928190106462
2026-01-22 06:20:00+00:00,1,0.5146671282815485
2026-01-22 06:25:00+00:00,1,0.516178611846464
2026-01-22 06:30:00+00:00,0,0.49513121151200495
2026-01-22 06:35:00+00:00,0,0.49099184056314615
2026-01-22 06:40:00+00:00,0,0.4883281302044981
2026-01-22 06:45:00+00:00,0,0.4789149070816651
2026-01-22 06:50:00+00:00,0,0.4871481360207925
2026-01-22 06:55:00+00:00,0,0.48448287940404094
2026-01-22 07:00:00+00:00,0,0.5045532780047893
2026-01-22 07:05:00+00:00,0,0.504607436471462
2026-01-22 07:10:00+00:00,1,0.5025870446067395
2026-01-22 07:15:00+00:00,1,0.519017226186672
2026-01-22 07:20:00+00:00,1,0.5148388519414493
2026-01-22 07:25:00+00:00,0,0.5048414302996612
2026-01-22 07:30:00+00:00,1,0.5051595501791478
2026-01-22 07:35:00+00:00,1,0.5106696332912267
2026-01-22 07:40:00+00:00,0,0.49305547954342044
2026-01-22 07:45:00+00:00,0,0.5015185514397634
2026-01-22 07:50:00+00:00,0,0.5082575354437698
2026-01-22 07:55:00+00:00,1,0.50724724704911
2026-01-22 08:00:00+00:00,0,0.4835070022460882
2026-01-22 08:05:00+00:00,0,0.48911721250171153
2026-01-22 08:10:00+00:00,1,0.5124794390699318
2026-01-22 08:15:00+00:00,1,0.5092315502955382
2026-01-22 08:20:00+00:00,1,0.5109363269060768
2026-01-22 08:25:00+00:00,1,0.5066399448443216
2026-01-22 08:30:00+00:00,1,0.5085293639306266
2026-01-22 08:35:00+00:00,1,0.49941800044242013
2026-01-22 08:40:00+00:00,1,0.5049291259196125
2026-01-22 08:45:00+00:00,1,0.5024953916586437
2026-01-22 08:50:00+00:00,1,0.47698213932943645
2026-01-22 08:55:00+00:00,0,0.47254502425663875
2026-01-22 09:00:00+00:00,1,0.4831030653829016
2026-01-22 09:05:00+00:00,1,0.48088714163360113
2026-01-22 09:10:00+00:00,1,0.47052328552021255
2026-01-22 09:15:00+00:00,1,0.47985390988106474
2026-01-22 09:20:00+00:00,1,0.4874500785473736
2026-01-22 09:25:00+00:00,1,0.4825273149965968
2026-01-22 09:30:00+00:00,1,0.4808964569444714
2026-01-22 09:35:00+00:00,1,0.47668977981072924
2026-01-22 09:40:00+00:00,0,0.47545274257875075
2026-01-22 09:45:00+00:00,0,0.476230578875743
2026-01-22 09:50:00+00:00,0,0.48171614693352954
2026-01-22 09:55:00+00:00,0,0.4945929146835902
2026-01-22 10:00:00+00:00,0,0.48322322047184224
2026-01-22 10:05:00+00:00,0,0.48759467166803333
2026-01-22 10:10:00+00:00,0,0.4932585705245255
2026-01-22 10:15:00+00:00,0,0.49345492217684156
2026-01-22 10:20:00+00:00,0,0.49857773096812125
2026-01-22 10:25:00+00:00,0,0.4927967811555874
2026-01-22 10:30:00+00:00,0,0.5080349935153462
2026-01-22 10:35:00+00:00,0,0.5112217638920078
2026-01-22 10:40:00+00:00,0,0.5106811249404197
2026-01-22 10:45:00+00:00,0,0.5117931666871991
2026-01-22 10:50:00+00:00,0,0.5077776131198799
2026-01-22 10:55:00+00:00,0,0.5112503924483727
2026-01-22 11:00:00+00:00,0,0.5128879308704504
2026-01-22 11:05:00+00:00,0,0.5108268722363825
2026-01-22 11:10:00+00:00,1,0.5173954294041608
2026-01-22 11:15:00+00:00,0,0.5117418939560383
2026-01-22 11:20:00+00:00,1,0.5237736265064706
2026-01-22 11:25:00+00:00,1,0.5112908850121999
2026-01-22 11:30:00+00:00,1,0.5142076017761734
2026-01-22 11:35:00+00:00,1,0.5128312081264137
2026-01-22 11:40:00+00:00,1,0.5097460005469856
2026-01-22 11:45:00+00:00,1,0.5035260429330387
2026-01-22 11:50:00+00:00,1,0.5054917536046747
2026-01-22 11:55:00+00:00,0,0.5037286638952103
2026-01-22 12:00:00+00:00,0,0.5063970326128922
2026-01-22 12:05:00+00:00,0,0.5025443343365529
2026-01-22 12:10:00+00:00,0,0.5033105249185855
2026-01-22 12:15:00+00:00,0,0.5070247504213973
2026-01-22 12:20:00+00:00,0,0.5076973708027821
2026-01-22 12:25:00+00:00,0,0.5034237182641468
2026-01-22 12:30:00+00:00,0,0.509476875320056
2026-01-22 12:35:00+00:00,0,0.5110707026582593
2026-01-22 12:40:00+00:00,0,0.5079590237745714
2026-01-22 12:45:00+00:00,0,0.5078789587177432
2026-01-22 12:50:00+00:00,1,0.5100542982521
2026-01-22 12:55:00+00:00,1,0.5076369606838106
2026-01-22 13:00:00+00:00,0,0.4945655072489889
2026-01-22 13:05:00+00:00,0,0.5110541708653932
2026-01-22 13:10:00+00:00,0,0.5089485629168804
2026-01-22 13:15:00+00:00,0,0.5119226352523178
2026-01-22 13:20:00+00:00,0,0.5041725259132918
2026-01-22 13:25:00+00:00,0,0.4890345015502815
2026-01-22 13:30:00+00:00,0,0.5114635149571712
2026-01-22 13:35:00+00:00,0,0.5164452986723239
2026-01-22 13:40:00+00:00,1,0.5194933748484082
2026-01-22 13:45:00+00:00,0,0.5082366792465661
2026-01-22 13:50:00+00:00,0,0.5165532006838572
2026-01-22 13:55:00+00:00,0,0.5141444068665953
2026-01-22 14:00:00+00:00,0,0.5181504487432359
2026-01-22 14:05:00+00:00,0,0.5080170298774166
2026-01-22 14:10:00+00:00,0,0.5087791105248799
2026-01-22 14:15:00+00:00,0,0.5092133268596722
2026-01-22 14:20:00+00:00,0,0.5223941349990989
2026-01-22 14:25:00+00:00,0,0.5134836480024436
2026-01-22 14:30:00+00:00,0,0.5221613864272456
2026-01-22 14:35:00+00:00,0,0.5140073430915771
2026-01-22 14:40:00+00:00,0,0.5173938172600507
2026-01-22 14:45:00+00:00,1,0.5239778472606335
2026-01-22 14:50:00+00:00,0,0.5068872882676569
2026-01-22 14:55:00+00:00,0,0.5067762398412584
2026-01-22 15:00:00+00:00,0,0.5127126162108187
2026-01-22 15:05:00+00:00,0,0.5057477054362767
2026-01-22 15:10:00+00:00,1,0.500152109798881
2026-01-22 15:15:00+00:00,1,0.504453198486832
2026-01-22 15:20:00+00:00,1,0.5186012298301098
2026-01-22 15:25:00+00:00,1,0.5164178072181349
2026-01-22 15:30:00+00:00,1,0.5107377714547293
2026-01-22 15:35:00+00:00,1,0.5045195721107799
2026-01-22 15:40:00+00:00,0,0.4974105727269371
2026-01-22 15:45:00+00:00,0,0.49130385213917804
2026-01-22 15:50:00+00:00,1,0.5025823488645729
2026-01-22 15:55:00+00:00,1,0.4973440308454305
2026-01-22 16:00:00+00:00,0,0.48516162945965496
2026-01-22 16:05:00+00:00,1,0.4992205331768414
2026-01-22 16:10:00+00:00,1,0.5021212782036064
2026-01-22 16:15:00+00:00,1,0.5023205579337799
2026-01-22 16:20:00+00:00,1,0.47599172020761454
2026-01-22 16:25:00+00:00,1,0.48133917937977005
2026-01-22 16:30:00+00:00,1,0.5007271610625933
2026-01-22 16:35:00+00:00,1,0.47943431229501027
2026-01-22 16:40:00+00:00,1,0.4808454465935662
2026-01-22 16:45:00+00:00,1,0.47293045825603025
2026-01-22 16:50:00+00:00,1,0.4773402274310478
2026-01-22 16:55:00+00:00,0,0.47676743364225826
2026-01-22 17:00:00+00:00,0,0.47323481879444645
2026-01-22 17:05:00+00:00,0,0.47077398622721595
2026-01-22 17:10:00+00:00,0,0.47597364072015014
2026-01-22 17:15:00+00:00,0,0.4746915154626559
2026-01-22 17:20:00+00:00,1,0.4804469951428079
2026-01-22 17:25:00+00:00,1,0.5109501287330064
2026-01-22 17:30:00+00:00,1,0.4971244875464836
2026-01-22 17:35:00+00:00,1,0.5046370236284886
2026-01-22 17:40:00+00:00,1,0.49356992078158757
2026-01-22 17:45:00+00:00,1,0.47496235881502724
2026-01-22 17:50:00+00:00,1,0.47929133931996626
2026-01-22 17:55:00+00:00,0,0.47542370217189217
2026-01-22 18:00:00+00:00,1,0.4976225351367095
2026-01-22 18:05:00+00:00,1,0.4855447273181159
2026-01-22 18:10:00+00:00,1,0.48925155541440185
2026-01-22 18:15:00+00:00,0,0.4755321700453557
2026-01-22 18:20:00+00:00,0,0.4794846776540488
2026-01-22 18:25:00+00:00,0,0.49118693646206835
2026-01-22 18:30:00+00:00,0,0.4777628926925127
2026-01-22 18:35:00+00:00,0,0.4809132054184595
2026-01-22 18:40:00+00:00,0,0.4925210435687994
2026-01-22 18:45:00+00:00,0,0.5140108707815279
2026-01-22 18:50:00+00:00,1,0.5155248628158148
2026-01-22 18:55:00+00:00,1,0.5148885112676954
2026-01-22 19:00:00+00:00,1,0.5165845120495869
2026-01-22 19:05:00+00:00,1,0.5103975511700715
2026-01-22 19:10:00+00:00,1,0.512720080519748
2026-01-22 19:15:00+00:00,1,0.5085303580660689
2026-01-22 19:20:00+00:00,1,0.502589727954246
2026-01-22 19:25:00+00:00,1,0.5053702897109432
2026-01-22 19:30:00+00:00,1,0.5033727444873594
2026-01-22 19:35:00+00:00,0,0.4814018987322486
2026-01-22 19:40:00+00:00,0,0.4797803266845511
2026-01-22 19:45:00+00:00,1,0.5123150737884266
2026-01-22 19:50:00+00:00,0,0.4808576200353088
2026-01-22 19:55:00+00:00,0,0.49643112292839925
2026-01-22 20:00:00+00:00,0,0.5127620790739914
2026-01-22 20:05:00+00:00,0,0.5122075961168939
2026-01-22 20:10:00+00:00,0,0.48967087296295975
2026-01-22 20:15:00+00:00,0,0.49681468831333614
2026-01-22 20:20:00+00:00,0,0.5157678646361925
2026-01-22 20:25:00+00:00,1,0.5180240268781776
2026-01-22 20:30:00+00:00,0,0.5111339544324105
2026-01-22 20:35:00+00:00,1,0.5169347359199437
2026-01-22 20:40:00+00:00,1,0.5165254933904411
2026-01-22 20:45:00+00:00,1,0.5106041911548554
2026-01-22 20:50:00+00:00,1,0.5080912760196855
2026-01-22 20:55:00+00:00,0,0.5106216924395374
2026-01-22 21:00:00+00:00,0,0.5140101832754793
2026-01-22 21:05:00+00:00,0,0.5043075712716646
2026-01-22 21:10:00+00:00,0,0.5116084452380251
2026-01-22 21:15:00+00:00,0,0.5091764766799421
2026-01-22 21:20:00+00:00,0,0.5114490578520512
2026-01-22 21:25:00+00:00,0,0.5088636273848147
2026-01-22 21:30:00+00:00,0,0.5152991527515236
2026-01-22 21:35:00+00:00,0,0.5114596702530648
2026-01-22 21:40:00+00:00,1,0.5176232711277419
2026-01-22 21:45:00+00:00,0,0.5141767006064968
2026-01-22 21:50:00+00:00,1,0.5146338735220035
2026-01-22 21:55:00+00:00,1,0.5138925408628784
2026-01-22 22:00:00+00:00,0,0.5175041784076341
2026-01-22 22:05:00+00:00,0,0.515079206501552
2026-01-22 22:10:00+00:00,0,0.5103587991366769
2026-01-22 22:15:00+00:00,0,0.5166914333359257
2026-01-22 22:20:00+00:00,0,0.5121355869685822
2026-01-22 22:25:00+00:00,0,0.5155194057231114
2026-01-22 22:30:00+00:00,0,0.5201035584418864
2026-01-22 22:35:00+00:00,0,0.5173400327008493
2026-01-22 22:40:00+00:00,0,0.5152337488360526
2026-01-22 22:45:00+00:00,0,0.515192293720667
2026-01-22 22:50:00+00:00,0,0.5137529205933792
2026-01-22 22:55:00+00:00,0,0.5126320685179042
2026-01-22 23:00:00+00:00,1,0.5215205294428878
2026-01-22 23:05:00+00:00,1,0.5165598361423934
2026-01-22 23:10:00+00:00,0,0.5133159047693987
2026-01-22 23:15:00+00:00,1,0.5179257381382808
2026-01-22 23:20:00+00:00,1,0.5151839715679865
2026-01-22 23:25:00+00:00,1,0.5119967651646595
2026-01-22 23:30:00+00:00,0,0.4910789422759547
2026-01-22 23:35:00+00:00,1,0.5123371917689313
2026-01-22 23:40:00+00:00,1,0.511600909535617
2026-01-22 23:45:00+00:00,1,0.5077090977606827
2026-01-22 23:50:00+00:00,1,0.5115896920960012
2026-01-22 23:55:00+00:00,1,0.5078752376592522
2026-01-23 00:00:00+00:00,0,0.5082803178407596
2026-01-23 00:05:00+00:00,0,0.49426069110677456
2026-01-23 00:10:00+00:00,0,0.4845511973228943
2026-01-23 00:15:00+00:00,0,0.4796312227711204
2026-01-23 00:20:00+00:00,1,0.492100919932729
2026-01-23 00:25:00+00:00,0,0.4986648863520666
2026-01-23 00:30:00+00:00,1,0.5152018798207689
2026-01-23 00:35:00+00:00,1,0.5142702665946984
2026-01-23 00:40:00+00:00,1,0.5120122526632946
2026-01-23 00:45:00+00:00,1,0.5035807320668452
2026-01-23 00:50:00+00:00,1,0.4906240656931735
2026-01-23 00:55:00+00:00,1,0.5053120318684644
2026-01-23 01:00:00+00:00,1,0.485703921020235
2026-01-23 01:05:00+00:00,1,0.4867645071469845
2026-01-23 01:10:00+00:00,1,0.5015878229416957
2026-01-23 01:15:00+00:00,1,0.48657852983571226
2026-01-23 01:20:00+00:00,1,0.48935495269805024
2026-01-23 01:25:00+00:00,1,0.4859284349698425
2026-01-23 01:30:00+00:00,0,0.47729880006762826
2026-01-23 01:35:00+00:00,0,0.47808319183433523
2026-01-23 01:40:00+00:00,1,0.4819438704227988
2026-01-23 01:45:00+00:00,1,0.48080902081966154
2026-01-23 01:50:00+00:00,0,0.476515215573105
2026-01-23 01:55:00+00:00,0,0.47973786849834077
2026-01-23 02:00:00+00:00,0,0.4908455008090233
2026-01-23 02:05:00+00:00,0,0.48786378601701197
2026-01-23 02:10:00+00:00,0,0.48494659436566023
2026-01-23 02:15:00+00:00,0,0.4955188544278485
2026-01-23 02:20:00+00:00,0,0.49279888525339083
2026-01-23 02:25:00+00:00,0,0.4939041379937147
2026-01-23 02:30:00+00:00,0,0.49753168817409404
2026-01-23 02:35:00+00:00,1,0.4961510590918405
2026-01-23 02:40:00+00:00,1,0.5008965020524698
2026-01-23 02:45:00+00:00,1,0.5147373411937077
2026-01-23 02:50:00+00:00,1,0.5161940883896817
2026-01-23 02:55:00+00:00,1,0.5174601969587074
2026-01-23 03:00:00+00:00,1,0.5113207555450293
2026-01-23 03:05:00+00:00,1,0.4909922328662391
2026-01-23 03:10:00+00:00,1,0.49163836476872363
2026-01-23 03:15:00+00:00,0,0.47956790409373146
2026-01-23 03:20:00+00:00,0,0.48514476385884897
2026-01-23 03:25:00+00:00,0,0.48778998728193934
2026-01-23 03:30:00+00:00,0,0.49078948995167204
2026-01-23 03:35:00+00:00,0,0.4867681578173982
2026-01-23 03:40:00+00:00,1,0.48804138800257485
2026-01-23 03:45:00+00:00,1,0.49070566673938176
2026-01-23 03:50:00+00:00,1,0.5072781297834766
2026-01-23 03:55:00+00:00,1,0.48896097767320723
2026-01-23 04:00:00+00:00,1,0.505780260468242
2026-01-23 04:05:00+00:00,1,0.49380515740424447
2026-01-23 04:10:00+00:00,0,0.48109094344077896
2026-01-23 04:15:00+00:00,1,0.48880407001778997
2026-01-23 04:20:00+00:00,1,0.48961044824068495
2026-01-23 04:25:00+00:00,1,0.49857755612488625
2026-01-23 04:30:00+00:00,0,0.486869017802816
2026-01-23 04:35:00+00:00,1,0.5037029544164024
2026-01-23 04:40:00+00:00,1,0.4924075380521882
2026-01-23 04:45:00+00:00,0,0.49171820756715345
2026-01-23 04:50:00+00:00,0,0.4899387524290179
2026-01-23 04:55:00+00:00,0,0.5037118631231335
2026-01-23 05:00:00+00:00,0,0.5017144093219457
2026-01-23 05:05:00+00:00,0,0.49940978787383966
2026-01-23 05:10:00+00:00,0,0.5000358219896227
2026-01-23 05:15:00+00:00,0,0.5068105520541256
2026-01-23 05:20:00+00:00,0,0.5168995189655196
2026-01-23 05:25:00+00:00,1,0.5162276606655277
2026-01-23 05:30:00+00:00,1,0.516510530770463
2026-01-23 05:35:00+00:00,1,0.5173647740845656
2026-01-23 05:40:00+00:00,1,0.5170609755959091
2026-01-23 05:45:00+00:00,1,0.5166180395294501
2026-01-23 05:50:00+00:00,1,0.5181506264868587
2026-01-23 05:55:00+00:00,0,0.5121659965329928
2026-01-23 06:00:00+00:00,0,0.5125235411129317
2026-01-23 06:05:00+00:00,0,0.5142713701054522
2026-01-23 06:10:00+00:00,0,0.5097930585957158
2026-01-23 06:15:00+00:00,0,0.48943412831143923
2026-01-23 06:20:00+00:00,0,0.5174746118048112
2026-01-23 06:25:00+00:00,0,0.5230718173026263
2026-01-23 06:30:00+00:00,1,0.5175417673556765
2026-01-23 06:35:00+00:00,0,0.5151336087092646
2026-01-23 06:40:00+00:00,0,0.5127251795237092
2026-01-23 06:45:00+00:00,0,0.5129499048617553
2026-01-23 06:50:00+00:00,1,0.5114718329493615
2026-01-23 06:55:00+00:00,1,0.5151327725521724
2026-01-23 07:00:00+00:00,0,0.504786086903936
2026-01-23 07:05:00+00:00,1,0.517169940108979
2026-01-23 07:10:00+00:00,1,0.505828004345818
2026-01-23 07:15:00+00:00,0,0.5046056727720559
2026-01-23 07:20:00+00:00,0,0.5041595331929367
2026-01-23 07:25:00+00:00,1,0.5041692333766449
2026-01-23 07:30:00+00:00,1,0.5024423057148696
2026-01-23 07:35:00+00:00,0,0.5021461623510637
2026-01-23 07:40:00+00:00,0,0.5010508076901183
2026-01-23 07:45:00+00:00,1,0.5075689603413194
2026-01-23 07:50:00+00:00,0,0.5027411186561881
2026-01-23 07:55:00+00:00,0,0.5067039739998648
2026-01-23 08:00:00+00:00,0,0.5045109540875784
2026-01-23 08:05:00+00:00,0,0.5010490186988243
2026-01-23 08:10:00+00:00,0,0.5036768874297125
2026-01-23 08:15:00+00:00,0,0.5002807175971978
2026-01-23 08:20:00+00:00,0,0.507295629026543
2026-01-23 08:25:00+00:00,0,0.5142764517872563
2026-01-23 08:30:00+00:00,1,0.5250448789154
2026-01-23 08:35:00+00:00,1,0.522700601420711
2026-01-23 08:40:00+00:00,1,0.5187050847411774
2026-01-23 08:45:00+00:00,1,0.5235668226682869
2026-01-23 08:50:00+00:00,1,0.5201328621844036
2026-01-23 08:55:00+00:00,1,0.5122053220251827
2026-01-23 09:00:00+00:00,0,0.5083096471897351
2026-01-23 09:05:00+00:00,0,0.5036812842731895
2026-01-23 09:10:00+00:00,0,0.5064519453359609
2026-01-23 09:15:00+00:00,1,0.5079204508739007
2026-01-23 09:20:00+00:00,0,0.5067716158826047
2026-01-23 09:25:00+00:00,1,0.5065320185183074
2026-01-23 09:30:00+00:00,1,0.5128219806994149
2026-01-23 09:35:00+00:00,0,0.5107448713500876
2026-01-23 09:40:00+00:00,1,0.506521525185036
2026-01-23 09:45:00+00:00,1,0.5046676165744955
2026-01-23 09:50:00+00:00,1,0.5078601328478922
2026-01-23 09:55:00+00:00,1,0.5033302180818001
2026-01-23 10:00:00+00:00,0,0.5047555506890322
2026-01-23 10:05:00+00:00,1,0.5101148167969332
2026-01-23 10:10:00+00:00,0,0.4876878786628232
2026-01-23 10:15:00+00:00,0,0.4845680329777094
2026-01-23 10:20:00+00:00,0,0.4876816564309876
2026-01-23 10:25:00+00:00,0,0.5005851601505407
2026-01-23 10:30:00+00:00,1,0.5031983405300717
2026-01-23 10:35:00+00:00,1,0.5009761497997643
2026-01-23 10:40:00+00:00,1,0.5028883810714542
2026-01-23 10:45:00+00:00,1,0.5059881100890443
2026-01-23 10:50:00+00:00,1,0.5051985609011601
2026-01-23 10:55:00+00:00,1,0.503178977395377
2026-01-23 11:00:00+00:00,1,0.4838547882717555
2026-01-23 11:05:00+00:00,1,0.4857448399103719
2026-01-23 11:10:00+00:00,0,0.4812636684368166
2026-01-23 11:15:00+00:00,0,0.4872352709622858
2026-01-23 11:20:00+00:00,0,0.48756209295593494
2026-01-23 11:25:00+00:00,0,0.48923158318439064
2026-01-23 11:30:00+00:00,0,0.48126521697242675
2026-01-23 11:35:00+00:00,0,0.48808744176971525
2026-01-23 11:40:00+00:00,0,0.4895160719337216
2026-01-23 11:45:00+00:00,0,0.4938315092010061
2026-01-23 11:50:00+00:00,0,0.49248127003359393
2026-01-23 11:55:00+00:00,0,0.5100540262454722
2026-01-23 12:00:00+00:00,0,0.5146237896890916
2026-01-23 12:05:00+00:00,0,0.5044560987287746
2026-01-23 12:10:00+00:00,0,0.5067791793554173
2026-01-23 12:15:00+00:00,0,0.5117220962992645
2026-01-23 12:20:00+00:00,0,0.5110347529459047
2026-01-23 12:25:00+00:00,0,0.5121286302808301
2026-01-23 12:30:00+00:00,1,0.5215743762791707
2026-01-23 12:35:00+00:00,0,0.5117803970389397
2026-01-23 12:40:00+00:00,1,0.5142821097899302
2026-01-23 12:45:00+00:00,1,0.5090361322441713
2026-01-23 12:50:00+00:00,1,0.5141616927183768
2026-01-23 12:55:00+00:00,1,0.5051118304401787
2026-01-23 13:00:00+00:00,0,0.5094098879191082
2026-01-23 13:05:00+00:00,0,0.5065670809883983
2026-01-23 13:10:00+00:00,0,0.5042673167880601
2026-01-23 13:15:00+00:00,0,0.5007779055258506
2026-01-23 13:20:00+00:00,0,0.5036567508497033
2026-01-23 13:25:00+00:00,0,0.5081037247925421
2026-01-23 13:30:00+00:00,0,0.5105544495021043
2026-01-23 13:35:00+00:00,1,0.5118671108090571
2026-01-23 13:40:00+00:00,0,0.5077072783307266
2026-01-23 13:45:00+00:00,0,0.5112516884447592
2026-01-23 13:50:00+00:00,1,0.5117462064527696
2026-01-23 13:55:00+00:00,1,0.5091863752588234
2026-01-23 14:00:00+00:00,0,0.5084207347215874
2026-01-23 14:05:00+00:00,0,0.5077089991435287
2026-01-23 14:10:00+00:00,0,0.5079289989492408
2026-01-23 14:15:00+00:00,0,0.5072681979025215
2026-01-23 14:20:00+00:00,0,0.5082475366411062
2026-01-23 14:25:00+00:00,0,0.5025040240564741
2026-01-23 14:30:00+00:00,1,0.5150040507452055
2026-01-23 14:35:00+00:00,1,0.5235434262493268
2026-01-23 14:40:00+00:00,1,0.5082313106195129
2026-01-23 14:45:00+00:00,1,0.5104682874133264
2026-01-23 14:50:00+00:00,1,0.4998054407263344
2026-01-23 14:55:00+00:00,1,0.49816917217632617
2026-01-23 15:00:00+00:00,1,0.4968565260123106
2026-01-23 15:05:00+00:00,1,0.5038125629356877
2026-01-23 15:10:00+00:00,1,0.5049281629092056
2026-01-23 15:15:00+00:00,1,0.5056079698079015
2026-01-23 15:20:00+00:00,1,0.4967668196149808
2026-01-23 15:25:00+00:00,1,0.49535916101616645
2026-01-23 15:30:00+00:00,1,0.4869962799113928
2026-01-23 15:35:00+00:00,1,0.47721979598823094
2026-01-23 15:40:00+00:00,1,0.4804133097804748
2026-01-23 15:45:00+00:00,0,0.4827975387099751
2026-01-23 15:50:00+00:00,1,0.47322005457920635
2026-01-23 15:55:00+00:00,0,0.47128092967762636
2026-01-23 16:00:00+00:00,0,0.47379371371262535
2026-01-23 16:05:00+00:00,1,0.4740314525957158
2026-01-23 16:10:00+00:00,1,0.47440589323856175
2026-01-23 16:15:00+00:00,1,0.4773153752876518
2026-01-23 16:20:00+00:00,1,0.48020597812980625
2026-01-23 16:25:00+00:00,1,0.4836286807969648
2026-01-23 16:30:00+00:00,1,0.47848531999870714
2026-01-23 16:35:00+00:00,0,0.4709461220254157
2026-01-23 16:40:00+00:00,0,0.46924770619697986
2026-01-23 16:45:00+00:00,0,0.4692770118045049
2026-01-23 16:50:00+00:00,1,0.47672235797944695
2026-01-23 16:55:00+00:00,1,0.4795134381248068
2026-01-23 17:00:00+00:00,1,0.485827376543591
2026-01-23 17:05:00+00:00,1,0.4907269005271734
2026-01-23 17:10:00+00:00,1,0.48526855744512676
2026-01-23 17:15:00+00:00,1,0.4774760988365249
2026-01-23 17:20:00+00:00,1,0.4707512452262164
2026-01-23 17:25:00+00:00,0,0.47391810106346244
2026-01-23 17:30:00+00:00,0,0.475623796322046
2026-01-23 17:35:00+00:00,0,0.47157243294178514
2026-01-23 17:40:00+00:00,0,0.47197079219428306
2026-01-23 17:45:00+00:00,0,0.4709130117011774
2026-01-23 17:50:00+00:00,1,0.4879641193960197
2026-01-23 17:55:00+00:00,1,0.4844852214106345
2026-01-23 18:00:00+00:00,1,0.4814673558785476
2026-01-23 18:05:00+00:00,0,0.47197007091324045
2026-01-23 18:10:00+00:00,1,0.4862671025192724
2026-01-23 18:15:00+00:00,0,0.4811208252756801
2026-01-23 18:20:00+00:00,0,0.48246865733615274
2026-01-23 18:25:00+00:00,0,0.48639498863327835
2026-01-23 18:30:00+00:00,0,0.478833560422872
2026-01-23 18:35:00+00:00,0,0.4832138820996808
2026-01-23 18:40:00+00:00,0,0.48561421839292557
2026-01-23 18:45:00+00:00,0,0.4915558313918043
2026-01-23 18:50:00+00:00,0,0.5043628569332294
2026-01-23 18:55:00+00:00,0,0.5096276911006672
2026-01-23 19:00:00+00:00,0,0.5216856031163022
2026-01-23 19:05:00+00:00,0,0.5170224622717298
2026-01-23 19:10:00+00:00,0,0.523233930621702
2026-01-23 19:15:00+00:00,0,0.532659366285268
2026-01-23 19:20:00+00:00,0,0.5244012355272455
2026-01-23 19:25:00+00:00,0,0.5266602609306154
2026-01-23 19:30:00+00:00,1,0.5360041941591603
2026-01-23 19:35:00+00:00,1,0.5274756150524278
2026-01-23 19:40:00+00:00,1,0.5109733490462164
2026-01-23 19:45:00+00:00,1,0.5261159065767352
2026-01-23 19:50:00+00:00,0,0.5155786392470291
2026-01-23 19:55:00+00:00,0,0.5076393225595007
2026-01-23 20:00:00+00:00,0,0.5101617521229834
2026-01-23 20:05:00+00:00,0,0.5093349761802809
2026-01-23 20:10:00+00:00,0,0.5082081291831715
2026-01-23 20:15:00+00:00,0,0.5114549778194089
2026-01-23 20:20:00+00:00,0,0.5147496920785892
2026-01-23 20:25:00+00:00,0,0.5150372791653497
2026-01-23 20:30:00+00:00,1,0.5262060538046217
2026-01-23 20:35:00+00:00,1,0.5265884678607872
2026-01-23 20:40:00+00:00,1,0.5225531010851774
2026-01-23 20:45:00+00:00,1,0.5218666205029521
2026-01-23 20:50:00+00:00,1,0.518921609552488
2026-01-23 20:55:00+00:00,1,0.5118558159593153
2026-01-23 21:00:00+00:00,1,0.5068362779469171
2026-01-23 21:05:00+00:00,0,0.5085297735824863
2026-01-23 21:10:00+00:00,0,0.5058859694179881
2026-01-23 21:15:00+00:00,0,0.5069525356774491
2026-01-23 21:20:00+00:00,0,0.5031476517643084
2026-01-23 21:25:00+00:00,0,0.5029164491091596
2026-01-23 21:30:00+00:00,1,0.5076530245545551
2026-01-23 21:35:00+00:00,1,0.5111600069408995
2026-01-23 21:40:00+00:00,1,0.5118813823478655
2026-01-23 21:45:00+00:00,1,0.5063434546929101
2026-01-23 21:50:00+00:00,1,0.5063628531822003
2026-01-23 21:55:00+00:00,1,0.5053595762006572
2026-01-23 22:00:00+00:00,1,0.48589301752235325
2026-01-23 22:05:00+00:00,1,0.5031040061900356
2026-01-23 22:10:00+00:00,1,0.4798957089056154
2026-01-23 22:15:00+00:00,1,0.4822999539001611
2026-01-23 22:20:00+00:00,0,0.47948386322275904
2026-01-23 22:25:00+00:00,0,0.4762628724166285
2026-01-23 22:30:00+00:00,0,0.4807102977645964
2026-01-23 22:35:00+00:00,0,0.47653915800954133
2026-01-23 22:40:00+00:00,0,0.4839027144981141
2026-01-23 22:45:00+00:00,0,0.4796725265344252
2026-01-23 22:50:00+00:00,0,0.48580520109756936
2026-01-23 22:55:00+00:00,0,0.48019319015587697
2026-01-23 23:00:00+00:00,1,0.5048297409030088
2026-01-23 23:05:00+00:00,0,0.5081403894474138
2026-01-23 23:10:00+00:00,0,0.48974508207199896
2026-01-23 23:15:00+00:00,1,0.5112786653871745
2026-01-23 23:20:00+00:00,0,0.49272732014252557
2026-01-23 23:25:00+00:00,0,0.5015249769824087
2026-01-23 23:30:00+00:00,0,0.5020393694601256
2026-01-23 23:35:00+00:00,0,0.5089262460356005
2026-01-23 23:40:00+00:00,0,0.5132176053122124
2026-01-23 23:45:00+00:00,0,0.5131565155196313
2026-01-23 23:50:00+00:00,0,0.511351013081313
2026-01-23 23:55:00+00:00,0,0.5196331578288029
2026-01-24 00:00:00+00:00,0,0.5101234026582904
2026-01-24 00:05:00+00:00,0,0.5141724408562948
2026-01-24 00:10:00+00:00,1,0.5191464292466192
2026-01-24 00:15:00+00:00,0,0.5156936481271819
2026-01-24 00:20:00+00:00,0,0.5147149813137278
2026-01-24 00:25:00+00:00,0,0.5121644106023879
2026-01-24 00:30:00+00:00,0,0.511883683154166
2026-01-24 00:35:00+00:00,0,0.5131753519010789
2026-01-24 00:40:00+00:00,0,0.5118712572791884
2026-01-24 00:45:00+00:00,0,0.5130034240750085
2026-01-24 00:50:00+00:00,0,0.5175124533857359
2026-01-24 00:55:00+00:00,1,0.5179217440463494
2026-01-24 01:00:00+00:00,0,0.5184498291142433
2026-01-24 01:05:00+00:00,0,0.5187199477703548
2026-01-24 01:10:00+00:00,0,0.5165677239347899
2026-01-24 01:15:00+00:00,0,0.518617999881419
2026-01-24 01:20:00+00:00,0,0.5205425285560363
2026-01-24 01:25:00+00:00,0,0.5176177612053413
2026-01-24 01:30:00+00:00,1,0.5181488604883008
2026-01-24 01:35:00+00:00,1,0.5177184422551434
2026-01-24 01:40:00+00:00,1,0.5164734300986402
2026-01-24 01:45:00+00:00,1,0.516933255234143
2026-01-24 01:50:00+00:00,1,0.5172128261861441
2026-01-24 01:55:00+00:00,1,0.5090107352750262
2026-01-24 02:00:00+00:00,1,0.5105955374245592
2026-01-24 02:05:00+00:00,1,0.4900471270761427
2026-01-24 02:10:00+00:00,1,0.4842809154141
2026-01-24 02:15:00+00:00,1,0.4800096219848951
2026-01-24 02:20:00+00:00,1,0.4858828275646219
2026-01-24 02:25:00+00:00,1,0.502061692006989
2026-01-24 02:30:00+00:00,1,0.4866969602369852
2026-01-24 02:35:00+00:00,1,0.4773460342185339
2026-01-24 02:40:00+00:00,1,0.5038752617134133
2026-01-24 02:45:00+00:00,1,0.4954051796307723
2026-01-24 02:50:00+00:00,1,0.5010374702953406
2026-01-24 02:55:00+00:00,1,0.4972368768333192
2026-01-24 03:00:00+00:00,1,0.4772229293923699
2026-01-24 03:05:00+00:00,1,0.4749478578659826
2026-01-24 03:10:00+00:00,1,0.4757941170160561
2026-01-24 03:15:00+00:00,1,0.4788894659453691
2026-01-24 03:20:00+00:00,0,0.4792030043411323
2026-01-24 03:25:00+00:00,0,0.4744203957075008
2026-01-24 03:30:00+00:00,0,0.4827194922605129
2026-01-24 03:35:00+00:00,0,0.4788612713069878
2026-01-24 03:40:00+00:00,0,0.48225084023996806
2026-01-24 03:45:00+00:00,0,0.48856002020736133
2026-01-24 03:50:00+00:00,0,0.49234282736842055
2026-01-24 03:55:00+00:00,0,0.4958524118224655
2026-01-24 04:00:00+00:00,0,0.494529966909998
2026-01-24 04:05:00+00:00,0,0.4988985169715198
2026-01-24 04:10:00+00:00,0,0.49822357043454346
2026-01-24 04:15:00+00:00,0,0.5134380864616437
2026-01-24 04:20:00+00:00,1,0.5087374577107034
2026-01-24 04:25:00+00:00,1,0.5148252314131149
2026-01-24 04:30:00+00:00,0,0.5012967512507441
2026-01-24 04:35:00+00:00,0,0.5103139881428908
2026-01-24 04:40:00+00:00,0,0.5137369892224187
2026-01-24 04:45:00+00:00,0,0.5143577014201067
2026-01-24 04:50:00+00:00,0,0.5169673791483629
2026-01-24 04:55:00+00:00,0,0.5244546750924306
2026-01-24 05:00:00+00:00,1,0.5188166344986695
2026-01-24 05:05:00+00:00,0,0.5170045416863245
2026-01-24 05:10:00+00:00,0,0.5181230541201467
2026-01-24 05:15:00+00:00,0,0.5176488633791629
2026-01-24 05:20:00+00:00,0,0.5148307307821525
2026-01-24 05:25:00+00:00,0,0.5187633399496774
2026-01-24 05:30:00+00:00,0,0.5215970917682868
2026-01-24 05:35:00+00:00,1,0.5219860616972066
2026-01-24 05:40:00+00:00,1,0.5242605261565179
2026-01-24 05:45:00+00:00,1,0.5134933845558898
2026-01-24 05:50:00+00:00,0,0.5185657839960752
2026-01-24 05:55:00+00:00,0,0.521637488943773
2026-01-24 06:00:00+00:00,0,0.5263076581001774
2026-01-24 06:05:00+00:00,1,0.5265679271759995
2026-01-24 06:10:00+00:00,0,0.5236422416432412
2026-01-24 06:15:00+00:00,1,0.5263283599934627
2026-01-24 06:20:00+00:00,1,0.5249242833124437
2026-01-24 06:25:00+00:00,1,0.5235713733464102
2026-01-24 06:30:00+00:00,1,0.5271098895812493
2026-01-24 06:35:00+00:00,0,0.5235109174323677
2026-01-24 06:40:00+00:00,0,0.5244315142530284
2026-01-24 06:45:00+00:00,0,0.52440562526513
2026-01-24 06:50:00+00:00,0,0.5260023118495523
2026-01-24 06:55:00+00:00,0,0.5247911369259703
2026-01-24 07:00:00+00:00,0,0.5170014638455444
2026-01-24 07:05:00+00:00,0,0.5164438076163744
2026-01-24 07:10:00+00:00,0,0.5192333229428062
2026-01-24 07:15:00+00:00,1,0.5220679846243865
2026-01-24 07:20:00+00:00,1,0.5218392044500034
2026-01-24 07:25:00+00:00,1,0.5264105111124303
2026-01-24 07:30:00+00:00,0,0.5137309362380408
2026-01-24 07:35:00+00:00,0,0.5125797199290059
2026-01-24 07:40:00+00:00,0,0.505979141784268
2026-01-24 07:45:00+00:00,0,0.5127709183383937
2026-01-24 07:50:00+00:00,0,0.5113291433817768
2026-01-24 07:55:00+00:00,1,0.5147620931764173
2026-01-24 08:00:00+00:00,1,0.5116146452872689
2026-01-24 08:05:00+00:00,1,0.5124242905706191
2026-01-24 08:10:00+00:00,1,0.5088829604242132
2026-01-24 08:15:00+00:00,1,0.5106969385964897
2026-01-24 08:20:00+00:00,1,0.5068692491509721
2026-01-24 08:25:00+00:00,1,0.5050313816386005
2026-01-24 08:30:00+00:00,1,0.5100303940251252
2026-01-24 08:35:00+00:00,0,0.5153522272923362
2026-01-24 08:40:00+00:00,0,0.5195474389488194
2026-01-24 08:45:00+00:00,0,0.5197232788568857
2026-01-24 08:50:00+00:00,0,0.5150707065815481
2026-01-24 08:55:00+00:00,0,0.5119980141294154
2026-01-24 09:00:00+00:00,0,0.5162360925055427
2026-01-24 09:05:00+00:00,0,0.5166100838778395
2026-01-24 09:10:00+00:00,0,0.5167032332244137
2026-01-24 09:15:00+00:00,0,0.5236446404032951
2026-01-24 09:20:00+00:00,0,0.5202885509328121
2026-01-24 09:25:00+00:00,0,0.5145763084583084
2026-01-24 09:30:00+00:00,0,0.5142466596242471
2026-01-24 09:35:00+00:00,0,0.5157163252842308
2026-01-24 09:40:00+00:00,0,0.5164544780037073
2026-01-24 09:45:00+00:00,0,0.5164713499752304
2026-01-24 09:50:00+00:00,0,0.5141468367078745
2026-01-24 09:55:00+00:00,0,0.517788496638956
2026-01-24 10:00:00+00:00,1,0.5180994410314874
2026-01-24 10:05:00+00:00,0,0.5134233690619097
2026-01-24 10:10:00+00:00,1,0.5152862645180573
2026-01-24 10:15:00+00:00,1,0.5217107562370472
2026-01-24 10:20:00+00:00,1,0.5177263644007252
2026-01-24 10:25:00+00:00,1,0.513363431625321
2026-01-24 10:30:00+00:00,1,0.5104011218394664
2026-01-24 10:35:00+00:00,1,0.5175319449514334
2026-01-24 10:40:00+00:00,1,0.5077058593775589
2026-01-24 10:45:00+00:00,1,0.5099702876985257
2026-01-24 10:50:00+00:00,1,0.5080125547772819
2026-01-24 10:55:00+00:00,1,0.5230238933002322
2026-01-24 11:00:00+00:00,0,0.49418744457413627
2026-01-24 11:05:00+00:00,0,0.49226771530916447
2026-01-24 11:10:00+00:00,0,0.4887052249472534
2026-01-24 11:15:00+00:00,0,0.4974848821940023
2026-01-24 11:20:00+00:00,0,0.4955379922606225
2026-01-24 11:25:00+00:00,0,0.5133757141305705
2026-01-24 11:30:00+00:00,0,0.5024921092687691
2026-01-24 11:35:00+00:00,1,0.5188321574480945
2026-01-24 11:40:00+00:00,0,0.5042891477157151
2026-01-24 11:45:00+00:00,1,0.5092347504504351
2026-01-24 11:50:00+00:00,1,0.517767185057347
2026-01-24 11:55:00+00:00,1,0.513510824982197
2026-01-24 12:00:00+00:00,1,0.5088322537846851
2026-01-24 12:05:00+00:00,1,0.5045030485723369
2026-01-24 12:10:00+00:00,1,0.5152600467556082
2026-01-24 12:15:00+00:00,1,0.5129271942505786
2026-01-24 12:20:00+00:00,1,0.5100370477352301
2026-01-24 12:25:00+00:00,1,0.52063378559157
2026-01-24 12:30:00+00:00,0,0.5102469666859448
2026-01-24 12:35:00+00:00,0,0.508212014081697
2026-01-24 12:40:00+00:00,0,0.5150445496691947
2026-01-24 12:45:00+00:00,0,0.5176897368017075
2026-01-24 12:50:00+00:00,0,0.5256377521274962
2026-01-24 12:55:00+00:00,0,0.516439079139924
2026-01-24 13:00:00+00:00,0,0.5255721214270266
2026-01-24 13:05:00+00:00,0,0.525493894036399
2026-01-24 13:10:00+00:00,1,0.5245437178054158
2026-01-24 13:15:00+00:00,1,0.5226853530560424
2026-01-24 13:20:00+00:00,1,0.5220684032295986
2026-01-24 13:25:00+00:00,0,0.5193499920190264
2026-01-24 13:30:00+00:00,0,0.5195997625239819
2026-01-24 13:35:00+00:00,0,0.5200212512706127
2026-01-24 13:40:00+00:00,0,0.5066480718628472
2026-01-24 13:45:00+00:00,0,0.5030502093889224
2026-01-24 13:50:00+00:00,0,0.5014385484742014
2026-01-24 13:55:00+00:00,1,0.5107082852587262
2026-01-24 14:00:00+00:00,1,0.5042120885319831
2026-01-24 14:05:00+00:00,1,0.5069004491211444
2026-01-24 14:10:00+00:00,1,0.5125880146384163
2026-01-24 14:15:00+00:00,1,0.5049840061139942
2026-01-24 14:20:00+00:00,1,0.5088403473166239
2026-01-24 14:25:00+00:00,1,0.5082917235087281
2026-01-24 14:30:00+00:00,1,0.5019518143643287
2026-01-24 14:35:00+00:00,1,0.5038041400608021
2026-01-24 14:40:00+00:00,1,0.490344119510841
2026-01-24 14:45:00+00:00,1,0.4860550988101982
2026-01-24 14:50:00+00:00,0,0.4962259628630006
2026-01-24 14:55:00+00:00,0,0.49826040978500163
2026-01-24 15:00:00+00:00,0,0.4914226149838717
2026-01-24 15:05:00+00:00,0,0.4897370998151374
2026-01-24 15:10:00+00:00,0,0.4925933746188449
2026-01-24 15:15:00+00:00,0,0.4962925050682991
2026-01-24 15:20:00+00:00,0,0.5056219160609061
2026-01-24 15:25:00+00:00,0,0.5134094091273187
2026-01-24 15:30:00+00:00,0,0.5156302871150393
2026-01-24 15:35:00+00:00,0,0.5123140627816075
2026-01-24 15:40:00+00:00,0,0.5218603595673496
2026-01-24 15:45:00+00:00,0,0.5133006310207067
2026-01-24 15:50:00+00:00,0,0.5238819419460525
2026-01-24 15:55:00+00:00,0,0.5228640862047755
2026-01-24 16:00:00+00:00,0,0.5159525933466331
2026-01-24 16:05:00+00:00,0,0.5117824301714508
2026-01-24 16:10:00+00:00,0,0.5231691334738826
2026-01-24 16:15:00+00:00,1,0.5267411936996459
2026-01-24 16:20:00+00:00,1,0.5181604401898804
2026-01-24 16:25:00+00:00,1,0.5094830253426353
2026-01-24 16:30:00+00:00,1,0.5144530646422664
2026-01-24 16:35:00+00:00,1,0.5164425692637217
2026-01-24 16:40:00+00:00,1,0.4987577090182192
2026-01-24 16:45:00+00:00,1,0.5045710219195908
2026-01-24 16:50:00+00:00,1,0.5005895768443533
2026-01-24 16:55:00+00:00,1,0.5062075198839217
2026-01-24 17:00:00+00:00,1,0.5073869946869962
2026-01-24 17:05:00+00:00,1,0.5083336442193213
2026-01-24 17:10:00+00:00,1,0.502959833749983
2026-01-24 17:15:00+00:00,0,0.5001545765036709
2026-01-24 17:20:00+00:00,0,0.49254163152944774
2026-01-24 17:25:00+00:00,0,0.503148521516337
2026-01-24 17:30:00+00:00,0,0.5073651621979569
2026-01-24 17:35:00+00:00,0,0.5058483192608783
2026-01-24 17:40:00+00:00,0,0.5067641502935539
2026-01-24 17:45:00+00:00,1,0.5125299797256269
2026-01-24 17:50:00+00:00,0,0.5194750517088708
2026-01-24 17:55:00+00:00,0,0.5147261413690827
2026-01-24 18:00:00+00:00,1,0.5161181963270587
2026-01-24 18:05:00+00:00,1,0.5235859147986761
2026-01-24 18:10:00+00:00,1,0.5118524222199086
2026-01-24 18:15:00+00:00,0,0.5122312090773088
2026-01-24 18:20:00+00:00,0,0.5168992140719585
2026-01-24 18:25:00+00:00,0,0.5195072575155403
2026-01-24 18:30:00+00:00,0,0.5201493593337123
2026-01-24 18:35:00+00:00,0,0.5133900639503715
2026-01-24 18:40:00+00:00,0,0.5160612977437319
2026-01-24 18:45:00+00:00,0,0.5217274712574672
2026-01-24 18:50:00+00:00,0,0.5219150311487297
2026-01-24 18:55:00+00:00,0,0.5268462842902814
2026-01-24 19:00:00+00:00,0,0.5325850053672408
2026-01-24 19:05:00+00:00,0,0.5296719429792478
2026-01-24 19:10:00+00:00,1,0.5301313920588329
2026-01-24 19:15:00+00:00,0,0.524914794225833
2026-01-24 19:20:00+00:00,0,0.5255531925638798
2026-01-24 19:25:00+00:00,0,0.5249091144681288
2026-01-24 19:30:00+00:00,0,0.5287299070609803
2026-01-24 19:35:00+00:00,0,0.521353187170316
2026-01-24 19:40:00+00:00,1,0.5219947310064104
2026-01-24 19:45:00+00:00,1,0.525123644370817
2026-01-24 19:50:00+00:00,1,0.5297772862890735
2026-01-24 19:55:00+00:00,1,0.5262589777710778
2026-01-24 20:00:00+00:00,1,0.5256572363611667
2026-01-24 20:05:00+00:00,1,0.5282558213414927
2026-01-24 20:10:00+00:00,0,0.5228023938162272
2026-01-24 20:15:00+00:00,0,0.5151844350798678
2026-01-24 20:20:00+00:00,0,0.5255178893517511
2026-01-24 20:25:00+00:00,0,0.5321889014387052
2026-01-24 20:30:00+00:00,0,0.5256230729655269
2026-01-24 20:35:00+00:00,0,0.5265042468493938
2026-01-24 20:40:00+00:00,0,0.5305252112842483
2026-01-24 20:45:00+00:00,0,0.5302824377563671
2026-01-24 20:50:00+00:00,0,0.5314133818015461
2026-01-24 20:55:00+00:00,0,0.5298276593697382
2026-01-24 21:00:00+00:00,0,0.5315933837431149
2026-01-24 21:05:00+00:00,0,0.5293853188597597
2026-01-24 21:10:00+00:00,0,0.5297687978340382
2026-01-24 21:15:00+00:00,0,0.5321125953188539
2026-01-24 21:20:00+00:00,0,0.5313158963140884
2026-01-24 21:25:00+00:00,1,0.5320228218804688
2026-01-24 21:30:00+00:00,1,0.5325030212518548
2026-01-24 21:35:00+00:00,1,0.5281139599809933
2026-01-24 21:40:00+00:00,1,0.526487996431383
2026-01-24 21:45:00+00:00,1,0.5256900214536002
2026-01-24 21:50:00+00:00,1,0.5332766958923653
2026-01-24 21:55:00+00:00,1,0.5311316755389699
2026-01-24 22:00:00+00:00,1,0.5316378183015082
2026-01-24 22:05:00+00:00,1,0.5293941160304673
2026-01-24 22:10:00+00:00,1,0.5173812568879493
2026-01-24 22:15:00+00:00,1,0.5140514382716886
2026-01-24 22:20:00+00:00,1,0.5104064704896334
2026-01-24 22:25:00+00:00,1,0.5105518628701533
2026-01-24 22:30:00+00:00,1,0.5158826409067524
2026-01-24 22:35:00+00:00,0,0.4973864402114507
2026-01-24 22:40:00+00:00,1,0.5060904662902981
2026-01-24 22:45:00+00:00,0,0.49374678260158494
2026-01-24 22:50:00+00:00,0,0.49558096408058416
2026-01-24 22:55:00+00:00,0,0.491382678685216
2026-01-24 23:00:00+00:00,0,0.48433003947305725
2026-01-24 23:05:00+00:00,0,0.4821763805596971
2026-01-24 23:10:00+00:00,0,0.4852347293666617
2026-01-24 23:15:00+00:00,0,0.48422679248907197
2026-01-24 23:20:00+00:00,0,0.4962133954890318
2026-01-24 23:25:00+00:00,0,0.4944751379084422
2026-01-24 23:30:00+00:00,1,0.5095298895277187
2026-01-24 23:35:00+00:00,1,0.5107221440157871
2026-01-24 23:40:00+00:00,1,0.5051976426600587
2026-01-24 23:45:00+00:00,0,0.5048789039759402
2026-01-24 23:50:00+00:00,1,0.5221078676819512
2026-01-24 23:55:00+00:00,0,0.5243715850712379
2026-01-25 00:00:00+00:00,0,0.5128134741909413
2026-01-25 00:05:00+00:00,0,0.5097388515036507
2026-01-25 00:10:00+00:00,0,0.5267136118815979
2026-01-25 00:15:00+00:00,0,0.5218485255231843
2026-01-25 00:20:00+00:00,0,0.5189861229781761
2026-01-25 00:25:00+00:00,1,0.5252844505136868
2026-01-25 00:30:00+00:00,1,0.5106606396753778
2026-01-25 00:35:00+00:00,1,0.5048322201998453
2026-01-25 00:40:00+00:00,1,0.5054606811518289
2026-01-25 00:45:00+00:00,1,0.5027069200605133
2026-01-25 00:50:00+00:00,1,0.5012347114794273
2026-01-25 00:55:00+00:00,0,0.5018269903593582
2026-01-25 01:00:00+00:00,0,0.488658067270932
2026-01-25 01:05:00+00:00,0,0.48688912916841626
2026-01-25 01:10:00+00:00,0,0.4927358246014244
2026-01-25 01:15:00+00:00,1,0.4939506356930858
2026-01-25 01:20:00+00:00,0,0.49605116794516935
2026-01-25 01:25:00+00:00,1,0.4995732217146848
2026-01-25 01:30:00+00:00,1,0.515157790074795
2026-01-25 01:35:00+00:00,1,0.5173043982331712
2026-01-25 01:40:00+00:00,1,0.5152143893723387
2026-01-25 01:45:00+00:00,1,0.4974749521094813
2026-01-25 01:50:00+00:00,1,0.516397203472236
2026-01-25 01:55:00+00:00,1,0.4955706625985191
2026-01-25 02:00:00+00:00,0,0.48443027004668354
2026-01-25 02:05:00+00:00,0,0.48278275592075764
2026-01-25 02:10:00+00:00,0,0.48612551770144413
2026-01-25 02:15:00+00:00,0,0.4892663427029279
2026-01-25 02:20:00+00:00,0,0.49249462613535344
2026-01-25 02:25:00+00:00,0,0.5076236165619522
2026-01-25 02:30:00+00:00,0,0.5087143587635545
2026-01-25 02:35:00+00:00,0,0.5188538225451249
2026-01-25 02:40:00+00:00,1,0.5213874847841995
2026-01-25 02:45:00+00:00,0,0.507990799325084
2026-01-25 02:50:00+00:00,0,0.5168990242544629
2026-01-25 02:55:00+00:00,0,0.5220705865090393
2026-01-25 03:00:00+00:00,0,0.5143512863467888
2026-01-25 03:05:00+00:00,0,0.5184850227927523
2026-01-25 03:10:00+00:00,0,0.5177120333449808
2026-01-25 03:15:00+00:00,0,0.521947801065446
2026-01-25 03:20:00+00:00,0,0.5281459612065175
2026-01-25 03:25:00+00:00,0,0.5313577839507099
2026-01-25 03:30:00+00:00,1,0.536269022997604
2026-01-25 03:35:00+00:00,1,0.5352268044880144
2026-01-25 03:40:00+00:00,0,0.5390924972424012
2026-01-25 03:45:00+00:00,0,0.5366080543009712
2026-01-25 03:50:00+00:00,1,0.5337760859393402
2026-01-25 03:55:00+00:00,1,0.5116118849435111
2026-01-25 04:00:00+00:00,1,0.509581316382776
2026-01-25 04:05:00+00:00,1,0.5121661326995272
2026-01-25 04:10:00+00:00,1,0.5149724150045063
2026-01-25 04:15:00+00:00,1,0.5138424379419363
2026-01-25 04:20:00+00:00,1,0.5106954823203588
2026-01-25 04:25:00+00:00,0,0.5115519179647118
2026-01-25 04:30:00+00:00,0,0.5064012369181006
2026-01-25 04:35:00+00:00,0,0.5014438201657235
2026-01-25 04:40:00+00:00,0,0.5085237486086713
2026-01-25 04:45:00+00:00,0,0.5083440715145814
2026-01-25 04:50:00+00:00,0,0.5128879159288522
2026-01-25 04:55:00+00:00,1,0.5162790592379966
2026-01-25 05:00:00+00:00,1,0.5186746812581583
2026-01-25 05:05:00+00:00,1,0.5110493325943671
2026-01-25 05:10:00+00:00,1,0.5102170037445479
2026-01-25 05:15:00+00:00,1,0.5162032373103445
2026-01-25 05:20:00+00:00,1,0.5135601637773256
2026-01-25 05:25:00+00:00,1,0.49831467103888605
2026-01-25 05:30:00+00:00,1,0.5080391562521649
2026-01-25 05:35:00+00:00,1,0.5058505991722347
2026-01-25 05:40:00+00:00,1,0.5075119906617984
2026-01-25 05:45:00+00:00,0,0.4928799799912631
2026-01-25 05:50:00+00:00,1,0.49508768155843125
2026-01-25 05:55:00+00:00,0,0.4950802008617929
2026-01-25 06:00:00+00:00,0,0.49895832176240684
2026-01-25 06:05:00+00:00,0,0.4996916674136661
2026-01-25 06:10:00+00:00,0,0.5042676971528162
2026-01-25 06:15:00+00:00,0,0.513991023609339
2026-01-25 06:20:00+00:00,0,0.48180963847424785
2026-01-25 06:25:00+00:00,0,0.5166614469428109
2026-01-25 06:30:00+00:00,0,0.5093946431545603
2026-01-25 06:35:00+00:00,0,0.5127836147059058
2026-01-25 06:40:00+00:00,0,0.5022337842626328
2026-01-25 06:45:00+00:00,0,0.5176807263779247
2026-01-25 06:50:00+00:00,0,0.5108750181815015
2026-01-25 06:55:00+00:00,0,0.5106832488131695
2026-01-25 07:00:00+00:00,0,0.5166230143091239
2026-01-25 07:05:00+00:00,1,0.5163399145052453
2026-01-25 07:10:00+00:00,1,0.5229702515493996
2026-01-25 07:15:00+00:00,1,0.5291148579143989
2026-01-25 07:20:00+00:00,1,0.5204367018680178
2026-01-25 07:25:00+00:00,1,0.5124284228642331
2026-01-25 07:30:00+00:00,1,0.5110581034167492
2026-01-25 07:35:00+00:00,1,0.5040031383089932
2026-01-25 07:40:00+00:00,1,0.5022808164166981
2026-01-25 07:45:00+00:00,1,0.5037901488330425
2026-01-25 07:50:00+00:00,1,0.5039951500312384
2026-01-25 07:55:00+00:00,1,0.5046797489818022
2026-01-25 08:00:00+00:00,1,0.5062722191012862
2026-01-25 08:05:00+00:00,0,0.5014842207980951
2026-01-25 08:10:00+00:00,0,0.5033556591534898
2026-01-25 08:15:00+00:00,0,0.503936856842153
2026-01-25 08:20:00+00:00,0,0.498741021299809
2026-01-25 08:25:00+00:00,0,0.50533661312825
2026-01-25 08:30:00+00:00,0,0.5098303653230286
2026-01-25 08:35:00+00:00,0,0.5180292972394737
2026-01-25 08:40:00+00:00,0,0.5154661966103066
2026-01-25 08:45:00+00:00,1,0.5188490283337099
2026-01-25 08:50:00+00:00,1,0.5071955075808734
2026-01-25 08:55:00+00:00,1,0.5148407322647519
2026-01-25 09:00:00+00:00,1,0.5068529280978891
2026-01-25 09:05:00+00:00,1,0.5031843698678491
2026-01-25 09:10:00+00:00,1,0.5028060824091246
2026-01-25 09:15:00+00:00,1,0.504603726372081
2026-01-25 09:20:00+00:00,0,0.5025538944269997
2026-01-25 09:25:00+00:00,0,0.5039436971112632
2026-01-25 09:30:00+00:00,0,0.4935456071269527
2026-01-25 09:35:00+00:00,0,0.503172754328153
2026-01-25 09:40:00+00:00,0,0.49042756973074086
2026-01-25 09:45:00+00:00,0,0.49225753303115644
2026-01-25 09:50:00+00:00,1,0.5116442180237649
2026-01-25 09:55:00+00:00,1,0.5102493531142935
2026-01-25 10:00:00+00:00,1,0.5063621715413621
2026-01-25 10:05:00+00:00,1,0.5093394399397478
2026-01-25 10:10:00+00:00,1,0.4886718094884715
2026-01-25 10:15:00+00:00,1,0.48198529565915926
2026-01-25 10:20:00+00:00,1,0.4758702989633762
2026-01-25 10:25:00+00:00,0,0.4745111188457925
2026-01-25 10:30:00+00:00,0,0.4749718082848943
2026-01-25 10:35:00+00:00,0,0.4746225949680187
2026-01-25 10:40:00+00:00,0,0.4784505208969089
2026-01-25 10:45:00+00:00,0,0.48129186907983385
2026-01-25 10:50:00+00:00,0,0.4878701244877928
2026-01-25 10:55:00+00:00,1,0.49179424661725024
2026-01-25 11:00:00+00:00,1,0.49851088026313906
2026-01-25 11:05:00+00:00,1,0.5063317607642833
2026-01-25 11:10:00+00:00,0,0.49402627286360795
2026-01-25 11:15:00+00:00,0,0.48709041452799184
2026-01-25 11:20:00+00:00,0,0.48964525492445893
2026-01-25 11:25:00+00:00,0,0.4890727947514696
2026-01-25 11:30:00+00:00,0,0.4860462309683845
2026-01-25 11:35:00+00:00,0,0.5034384247248136
2026-01-25 11:40:00+00:00,1,0.5065208595754624
2026-01-25 11:45:00+00:00,0,0.5030856152571463
2026-01-25 11:50:00+00:00,1,0.5120075654369268
2026-01-25 11:55:00+00:00,0,0.5044822083911816
2026-01-25 12:00:00+00:00,0,0.5137636231501841
2026-01-25 12:05:00+00:00,0,0.5065317234743365
2026-01-25 12:10:00+00:00,0,0.5063423963999482
2026-01-25 12:15:00+00:00,1,0.5121528675330184
2026-01-25 12:20:00+00:00,0,0.5083303771234446
2026-01-25 12:25:00+00:00,1,0.5118013339246639
2026-01-25 12:30:00+00:00,1,0.5103775367890379
2026-01-25 12:35:00+00:00,1,0.5095773688117115
2026-01-25 12:40:00+00:00,1,0.5023176112445455
2026-01-25 12:45:00+00:00,1,0.509162787402946
2026-01-25 12:50:00+00:00,1,0.5031212497884676
2026-01-25 12:55:00+00:00,0,0.5003494911757783
2026-01-25 13:00:00+00:00,0,0.5035749266934137
2026-01-25 13:05:00+00:00,0,0.5063697052441556
2026-01-25 13:10:00+00:00,0,0.5021505634088224
2026-01-25 13:15:00+00:00,0,0.49945066377625136
2026-01-25 13:20:00+00:00,1,0.5094258730935297
2026-01-25 13:25:00+00:00,1,0.5131296040102178
2026-01-25 13:30:00+00:00,0,0.5092431862253799
2026-01-25 13:35:00+00:00,0,0.5116207946716872
2026-01-25 13:40:00+00:00,0,0.5094688979148057
2026-01-25 13:45:00+00:00,0,0.5053472769395209
2026-01-25 13:50:00+00:00,0,0.5008542059293914
2026-01-25 13:55:00+00:00,0,0.5034101480714027
2026-01-25 14:00:00+00:00,0,0.5103142158973825
2026-01-25 14:05:00+00:00,0,0.5155356023038227
2026-01-25 14:10:00+00:00,0,0.5152405198050322
2026-01-25 14:15:00+00:00,0,0.5201819580666556
2026-01-25 14:20:00+00:00,1,0.5261584792159077
2026-01-25 14:25:00+00:00,1,0.5264031120874895
2026-01-25 14:30:00+00:00,1,0.5197729228193597
2026-01-25 14:35:00+00:00,1,0.5097084152268844
2026-01-25 14:40:00+00:00,1,0.5151205522971657
2026-01-25 14:45:00+00:00,1,0.5090074599185971
2026-01-25 14:50:00+00:00,1,0.5014009825482612
2026-01-25 14:55:00+00:00,1,0.5046776586367142
2026-01-25 15:00:00+00:00,1,0.5056972032602531
2026-01-25 15:05:00+00:00,0,0.505363712085385
2026-01-25 15:10:00+00:00,0,0.5070617500274012
2026-01-25 15:15:00+00:00,0,0.5053098659077092
2026-01-25 15:20:00+00:00,0,0.5006787626460764
2026-01-25 15:25:00+00:00,0,0.4894231377072835
2026-01-25 15:30:00+00:00,0,0.5066983266554728
2026-01-25 15:35:00+00:00,0,0.5164439495594427
2026-01-25 15:40:00+00:00,0,0.5112138640931134
2026-01-25 15:45:00+00:00,0,0.5157946979323131
2026-01-25 15:50:00+00:00,0,0.5221375395734048
2026-01-25 15:55:00+00:00,0,0.5157734466137661
2026-01-25 16:00:00+00:00,0,0.5312935596761782
2026-01-25 16:05:00+00:00,1,0.5620428076258771
2026-01-25 16:10:00+00:00,1,0.550064922856449
2026-01-25 16:15:00+00:00,1,0.5575664592386932
2026-01-25 16:20:00+00:00,1,0.5426794429233036
2026-01-25 16:25:00+00:00,1,0.5156050981432788
2026-01-25 16:30:00+00:00,1,0.5079509391175643
2026-01-25 16:35:00+00:00,1,0.49603246582500343
2026-01-25 16:40:00+00:00,0,0.4957621396076682
2026-01-25 16:45:00+00:00,0,0.4930607428757281
2026-01-25 16:50:00+00:00,0,0.4940042084958117
2026-01-25 16:55:00+00:00,0,0.48820215524957233
2026-01-25 17:00:00+00:00,0,0.4860844638913658
2026-01-25 17:05:00+00:00,0,0.49323478296325773
2026-01-25 17:10:00+00:00,1,0.5045541976933783
2026-01-25 17:15:00+00:00,1,0.504812235333479
2026-01-25 17:20:00+00:00,1,0.5079793344351524
2026-01-25 17:25:00+00:00,1,0.507700531906933
2026-01-25 17:30:00+00:00,0,0.5026872064611667
2026-01-25 17:35:00+00:00,0,0.49722733853585244
2026-01-25 17:40:00+00:00,0,0.4941367097282105
2026-01-25 17:45:00+00:00,0,0.4877161883203535
2026-01-25 17:50:00+00:00,0,0.4909033829102143
2026-01-25 17:55:00+00:00,0,0.49342866953986
2026-01-25 18:00:00+00:00,0,0.5084350480712464
2026-01-25 18:05:00+00:00,0,0.5116818548114253
2026-01-25 18:10:00+00:00,0,0.5169154481239563
2026-01-25 18:15:00+00:00,0,0.518182910829811
2026-01-25 18:20:00+00:00,0,0.5166638831574974
2026-01-25 18:25:00+00:00,0,0.518744320213054
2026-01-25 18:30:00+00:00,1,0.5251109227956989
2026-01-25 18:35:00+00:00,1,0.5193194757203002
2026-01-25 18:40:00+00:00,0,0.5215934515092387
2026-01-25 18:45:00+00:00,0,0.5187017037963046
2026-01-25 18:50:00+00:00,0,0.5122361987284044
2026-01-25 18:55:00+00:00,0,0.504259861855452
2026-01-25 19:00:00+00:00,0,0.5080300804552657
2026-01-25 19:05:00+00:00,0,0.506820810534129
2026-01-25 19:10:00+00:00,0,0.5181159498477287
2026-01-25 19:15:00+00:00,0,0.5224685396156338
2026-01-25 19:20:00+00:00,0,0.5205162914655103
2026-01-25 19:25:00+00:00,0,0.5305172289874258
2026-01-25 19:30:00+00:00,0,0.5204300335326214
2026-01-25 19:35:00+00:00,1,0.5193717557017036
2026-01-25 19:40:00+00:00,0,0.5151951111224654
2026-01-25 19:45:00+00:00,1,0.5215661244248433
2026-01-25 19:50:00+00:00,1,0.5311286446179649
2026-01-25 19:55:00+00:00,1,0.5239694224934923
2026-01-25 20:00:00+00:00,0,0.5182473335764779
2026-01-25 20:05:00+00:00,0,0.5131976503124369
2026-01-25 20:10:00+00:00,0,0.511889300060356
2026-01-25 20:15:00+00:00,0,0.5057305493177096
2026-01-25 20:20:00+00:00,1,0.5085637997472364
2026-01-25 20:25:00+00:00,0,0.5075913261149162
2026-01-25 20:30:00+00:00,1,0.5187702770964295
2026-01-25 20:35:00+00:00,1,0.5194348108794955
2026-01-25 20:40:00+00:00,1,0.5194887126931823
2026-01-25 20:45:00+00:00,1,0.5194649875832532
2026-01-25 20:50:00+00:00,1,0.507758542774759
2026-01-25 20:55:00+00:00,1,0.5041591583462292
2026-01-25 21:00:00+00:00,0,0.4941679057596841
2026-01-25 21:05:00+00:00,0,0.4872394770626108
2026-01-25 21:10:00+00:00,0,0.47813003950194977
2026-01-25 21:15:00+00:00,1,0.48079186861919593
2026-01-25 21:20:00+00:00,1,0.5064938629160644
2026-01-25 21:25:00+00:00,1,0.47962210414230805
2026-01-25 21:30:00+00:00,1,0.48897574804686866
2026-01-25 21:35:00+00:00,1,0.4877749506708403
2026-01-25 21:40:00+00:00,1,0.4806749089722179
2026-01-25 21:45:00+00:00,0,0.47496863020991237
2026-01-25 21:50:00+00:00,0,0.4735558452932071
2026-01-25 21:55:00+00:00,0,0.47629334263083495
2026-01-25 22:00:00+00:00,0,0.4792248605174108
2026-01-25 22:05:00+00:00,0,0.48565310159995345
2026-01-25 22:10:00+00:00,0,0.48100747080281364
2026-01-25 22:15:00+00:00,0,0.4908579389537697
2026-01-25 22:20:00+00:00,0,0.5092740701917915
2026-01-25 22:25:00+00:00,1,0.5081382057156529
2026-01-25 22:30:00+00:00,1,0.5070448145393469
2026-01-25 22:35:00+00:00,1,0.4836656733654933
2026-01-25 22:40:00+00:00,1,0.4885653328182809
2026-01-25 22:45:00+00:00,1,0.5115870638352409
2026-01-25 22:50:00+00:00,1,0.5129848767588873
2026-01-25 22:55:00+00:00,1,0.5097154406136536
2026-01-25 23:00:00+00:00,1,0.47670502192738734
2026-01-25 23:05:00+00:00,0,0.4772573876742012
2026-01-25 23:10:00+00:00,1,0.47754928530128615
2026-01-25 23:15:00+00:00,1,0.4706011065071896
2026-01-25 23:20:00+00:00,1,0.47034921542931557
2026-01-25 23:25:00+00:00,1,0.4790839746477202
2026-01-25 23:30:00+00:00,1,0.47798592102452125
2026-01-25 23:35:00+00:00,1,0.48968131576059337
2026-01-25 23:40:00+00:00,1,0.4784888962995118
2026-01-25 23:45:00+00:00,1,0.4708020212449024
2026-01-25 23:50:00+00:00,1,0.47297443069906553
2026-01-25 23:55:00+00:00,1,0.475326906685696
2026-01-26 00:00:00+00:00,1,0.4725641011957176
2026-01-26 00:05:00+00:00,1,0.4680457646848526
2026-01-26 00:10:00+00:00,0,0.47045481419472723
2026-01-26 00:15:00+00:00,1,0.46881542265044807
2026-01-26 00:20:00+00:00,1,0.469497946473605
2026-01-26 00:25:00+00:00,1,0.4716578406286837
2026-01-26 00:30:00+00:00,1,0.48017086999281827
2026-01-26 00:35:00+00:00,1,0.4723970887467727
2026-01-26 00:40:00+00:00,1,0.48538605994564843
2026-01-26 00:45:00+00:00,1,0.47158266107105623
2026-01-26 00:50:00+00:00,1,0.4638290962412469
2026-01-26 00:55:00+00:00,1,0.4678733991782177
2026-01-26 01:00:00+00:00,1,0.46538060408093196
2026-01-26 01:05:00+00:00,0,0.49078621133966027
2026-01-26 01:10:00+00:00,0,0.488685845416075
2026-01-26 01:15:00+00:00,1,0.46928844466731234
2026-01-26 01:20:00+00:00,1,0.4693337211747232
2026-01-26 01:25:00+00:00,1,0.4705487544498436
2026-01-26 01:30:00+00:00,0,0.4746310682140476
2026-01-26 01:35:00+00:00,0,0.47932878800716316
2026-01-26 01:40:00+00:00,0,0.4727597408336562
2026-01-26 01:45:00+00:00,0,0.4760007709926462
2026-01-26 01:50:00+00:00,0,0.468100920231422
2026-01-26 01:55:00+00:00,1,0.4666858632351131
2026-01-26 02:00:00+00:00,1,0.4758143586593959
2026-01-26 02:05:00+00:00,1,0.4826611436623006
2026-01-26 02:10:00+00:00,1,0.486529015032568
2026-01-26 02:15:00+00:00,1,0.4921770382486713
2026-01-26 02:20:00+00:00,1,0.48117019510733006
2026-01-26 02:25:00+00:00,0,0.47488466122584927
2026-01-26 02:30:00+00:00,1,0.4731028786579711
2026-01-26 02:35:00+00:00,1,0.479084601170456
2026-01-26 02:40:00+00:00,1,0.4830370130865875
2026-01-26 02:45:00+00:00,1,0.4798406441941494
2026-01-26 02:50:00+00:00,0,0.49328772362254636
2026-01-26 02:55:00+00:00,0,0.49072910251973706
2026-01-26 03:00:00+00:00,0,0.4747840453699932
2026-01-26 03:05:00+00:00,0,0.47965542415879275
2026-01-26 03:10:00+00:00,0,0.4844695938745857
2026-01-26 03:15:00+00:00,0,0.4774971608391908
2026-01-26 03:20:00+00:00,0,0.5103734272978734
2026-01-26 03:25:00+00:00,0,0.5201187886361223
2026-01-26 03:30:00+00:00,1,0.5248616937655884
2026-01-26 03:35:00+00:00,1,0.527990574018312
2026-01-26 03:40:00+00:00,1,0.5198617327624452
2026-01-26 03:45:00+00:00,1,0.5201681818547371
2026-01-26 03:50:00+00:00,1,0.525006711440909
2026-01-26 03:55:00+00:00,1,0.5080973364189277
2026-01-26 04:00:00+00:00,1,0.5138807136306907
2026-01-26 04:05:00+00:00,1,0.5074320119920797
2026-01-26 04:10:00+00:00,1,0.4863286070577952
2026-01-26 04:15:00+00:00,1,0.47701623708938024
2026-01-26 04:20:00+00:00,0,0.4680795088910418
2026-01-26 04:25:00+00:00,0,0.47065499710690645
2026-01-26 04:30:00+00:00,0,0.46954023541530066
2026-01-26 04:35:00+00:00,0,0.47221532515238657
2026-01-26 04:40:00+00:00,1,0.4756459540349006
2026-01-26 04:45:00+00:00,0,0.47079233160085804
2026-01-26 04:50:00+00:00,0,0.473291393343645
2026-01-26 04:55:00+00:00,1,0.4731944512635383
2026-01-26 05:00:00+00:00,1,0.476731442024873
2026-01-26 05:05:00+00:00,0,0.47533779988088554
2026-01-26 05:10:00+00:00,0,0.4795834534897389
2026-01-26 05:15:00+00:00,1,0.47961093428054336
2026-01-26 05:20:00+00:00,0,0.47087456087555624
2026-01-26 05:25:00+00:00,0,0.4770768265099915
2026-01-26 05:30:00+00:00,0,0.4741507715042164
2026-01-26 05:35:00+00:00,1,0.48561674647173025
2026-01-26 05:40:00+00:00,0,0.48360104009361
2026-01-26 05:45:00+00:00,0,0.4826112400296567
2026-01-26 05:50:00+00:00,0,0.4836068767273116
2026-01-26 05:55:00+00:00,1,0.4853314408030066
2026-01-26 06:00:00+00:00,1,0.49753528284799586
2026-01-26 06:05:00+00:00,1,0.4958574011163534
2026-01-26 06:10:00+00:00,1,0.5056851673426966
2026-01-26 06:15:00+00:00,1,0.49375806236193226
2026-01-26 06:20:00+00:00,1,0.48985340375467934
2026-01-26 06:25:00+00:00,0,0.49152752897383767
2026-01-26 06:30:00+00:00,0,0.50760388130198
2026-01-26 06:35:00+00:00,0,0.5101098780352336
2026-01-26 06:40:00+00:00,1,0.49069252857442863
2026-01-26 06:45:00+00:00,0,0.4878067654910061
2026-01-26 06:50:00+00:00,1,0.5059155576985724
2026-01-26 06:55:00+00:00,0,0.5096181104351394
2026-01-26 07:00:00+00:00,0,0.5131260245436639
2026-01-26 07:05:00+00:00,1,0.5094114445820038
2026-01-26 07:10:00+00:00,0,0.4935534352727651
2026-01-26 07:15:00+00:00,0,0.4950044937456146
2026-01-26 07:20:00+00:00,1,0.5018400113147793
2026-01-26 07:25:00+00:00,1,0.5084499959259268
2026-01-26 07:30:00+00:00,1,0.5141951865167994
2026-01-26 07:35:00+00:00,0,0.4907504816219929
2026-01-26 07:40:00+00:00,0,0.5062061197488605
2026-01-26 07:45:00+00:00,1,0.5101472440461635
2026-01-26 07:50:00+00:00,1,0.4905509151947149
2026-01-26 07:55:00+00:00,1,0.5039780811414757
2026-01-26 08:00:00+00:00,1,0.4910919207712679
2026-01-26 08:05:00+00:00,1,0.496490444381799
2026-01-26 08:10:00+00:00,1,0.5077056769906346
2026-01-26 08:15:00+00:00,1,0.4941214079826669
2026-01-26 08:20:00+00:00,0,0.48259572674611995
2026-01-26 08:25:00+00:00,0,0.47431602590071625
2026-01-26 08:30:00+00:00,0,0.4755896803635263
2026-01-26 08:35:00+00:00,0,0.48133599194305815
2026-01-26 08:40:00+00:00,0,0.48289687399203857
2026-01-26 08:45:00+00:00,0,0.4846335210552111
2026-01-26 08:50:00+00:00,0,0.5090924541242443
2026-01-26 08:55:00+00:00,0,0.501764409281088
2026-01-26 09:00:00+00:00,0,0.5111807021879652
2026-01-26 09:05:00+00:00,0,0.5116264763733186
2026-01-26 09:10:00+00:00,0,0.5188306745772614
2026-01-26 09:15:00+00:00,0,0.5195437974935169
2026-01-26 09:20:00+00:00,0,0.5218398229305967
2026-01-26 09:25:00+00:00,0,0.5203542057194513
2026-01-26 09:30:00+00:00,1,0.5188047425915071
2026-01-26 09:35:00+00:00,1,0.5126271980181574
2026-01-26 09:40:00+00:00,1,0.509551873217197
2026-01-26 09:45:00+00:00,1,0.5119282853555737
2026-01-26 09:50:00+00:00,1,0.5155612960313473
2026-01-26 09:55:00+00:00,1,0.5052866433764185
2026-01-26 10:00:00+00:00,1,0.5019243362744062
2026-01-26 10:05:00+00:00,0,0.5041438001497134
2026-01-26 10:10:00+00:00,0,0.5037277534754344
2026-01-26 10:15:00+00:00,0,0.5013942120431906
2026-01-26 10:20:00+00:00,1,0.504933329387528
2026-01-26 10:25:00+00:00,0,0.502231732363539
2026-01-26 10:30:00+00:00,1,0.5033152561026075
2026-01-26 10:35:00+00:00,1,0.508127810312466
2026-01-26 10:40:00+00:00,1,0.5067776822224913
2026-01-26 10:45:00+00:00,1,0.5045055547310481
2026-01-26 10:50:00+00:00,1,0.502362301509309
2026-01-26 10:55:00+00:00,0,0.5081180518428832
2026-01-26 11:00:00+00:00,0,0.5015151313279258
2026-01-26 11:05:00+00:00,0,0.4891963767794905
2026-01-26 11:10:00+00:00,0,0.49982037964693354
2026-01-26 11:15:00+00:00,0,0.5084365550311585
2026-01-26 11:20:00+00:00,0,0.5089078448160745
2026-01-26 11:25:00+00:00,0,0.5105849390550532
2026-01-26 11:30:00+00:00,1,0.5102927960118749
2026-01-26 11:35:00+00:00,1,0.512478900304799
2026-01-26 11:40:00+00:00,1,0.5186791761934376
2026-01-26 11:45:00+00:00,1,0.5219935498882994
2026-01-26 11:50:00+00:00,1,0.5116681453219244
2026-01-26 11:55:00+00:00,1,0.5139529436963747
2026-01-26 12:00:00+00:00,0,0.49708296810957076
2026-01-26 12:05:00+00:00,0,0.49995598461682245
2026-01-26 12:10:00+00:00,0,0.4871805905906595
2026-01-26 12:15:00+00:00,0,0.48868678127346143
2026-01-26 12:20:00+00:00,0,0.502979573853039
2026-01-26 12:25:00+00:00,0,0.5107443053948127
2026-01-26 12:30:00+00:00,1,0.5113952965704994
2026-01-26 12:35:00+00:00,1,0.5143946163850942
2026-01-26 12:40:00+00:00,1,0.5110894859311966
2026-01-26 12:45:00+00:00,1,0.5044591089971682
2026-01-26 12:50:00+00:00,1,0.5086724601633279
2026-01-26 12:55:00+00:00,1,0.5079884397758642
2026-01-26 13:00:00+00:00,1,0.5086915942761889
2026-01-26 13:05:00+00:00,1,0.5075989223282124
2026-01-26 13:10:00+00:00,1,0.484768639714212
2026-01-26 13:15:00+00:00,0,0.4824905636854047
2026-01-26 13:20:00+00:00,0,0.4849887612921544
2026-01-26 13:25:00+00:00,0,0.4865640194627671
2026-01-26 13:30:00+00:00,0,0.48003469337909643
2026-01-26 13:35:00+00:00,1,0.493314897084855
2026-01-26 13:40:00+00:00,0,0.49637966623463514
2026-01-26 13:45:00+00:00,0,0.5025111733263231
2026-01-26 13:50:00+00:00,0,0.4898260457333358
2026-01-26 13:55:00+00:00,0,0.492148452072636
2026-01-26 14:00:00+00:00,1,0.48579877359726703
2026-01-26 14:05:00+00:00,1,0.4899077366096111
2026-01-26 14:10:00+00:00,1,0.5142025420320334
2026-01-26 14:15:00+00:00,1,0.5084833181889908
2026-01-26 14:20:00+00:00,1,0.5090144974116099
2026-01-26 14:25:00+00:00,1,0.5146614327088914
2026-01-26 14:30:00+00:00,1,0.4836835824601293
2026-01-26 14:35:00+00:00,1,0.47480858199124687
2026-01-26 14:40:00+00:00,1,0.4768610257270621
2026-01-26 14:45:00+00:00,1,0.47846296332215776
2026-01-26 14:50:00+00:00,1,0.47807823696143464
2026-01-26 14:55:00+00:00,0,0.47183039101393465
2026-01-26 15:00:00+00:00,0,0.475105142802495
2026-01-26 15:05:00+00:00,0,0.47683942923074735
2026-01-26 15:10:00+00:00,0,0.47141854567171565
2026-01-26 15:15:00+00:00,0,0.472342212174022
2026-01-26 15:20:00+00:00,0,0.47721046498242053
2026-01-26 15:25:00+00:00,0,0.4810112569219354
2026-01-26 15:30:00+00:00,0,0.4997678061903138
2026-01-26 15:35:00+00:00,0,0.49731752784766065
2026-01-26 15:40:00+00:00,1,0.5186727663089593
2026-01-26 15:45:00+00:00,0,0.5072857868631581
2026-01-26 15:50:00+00:00,1,0.5103964354052305
2026-01-26 15:55:00+00:00,1,0.5024777935095085
2026-01-26 16:00:00+00:00,1,0.4958407711404862
2026-01-26 16:05:00+00:00,1,0.49945173587989716
2026-01-26 16:10:00+00:00,1,0.49985307775317106
2026-01-26 16:15:00+00:00,1,0.5073344549966887
2026-01-26 16:20:00+00:00,1,0.47917165531758804
2026-01-26 16:25:00+00:00,1,0.4870507428171699
2026-01-26 16:30:00+00:00,1,0.48471564734861067
2026-01-26 16:35:00+00:00,1,0.5069567369203034
2026-01-26 16:40:00+00:00,1,0.5057510614142443
2026-01-26 16:45:00+00:00,0,0.474762265942147
2026-01-26 16:50:00+00:00,0,0.47665819409950605
2026-01-26 16:55:00+00:00,0,0.4879912492690164
2026-01-26 17:00:00+00:00,0,0.47658409395691875
2026-01-26 17:05:00+00:00,0,0.491622623209735
2026-01-26 17:10:00+00:00,0,0.4862436636903685
2026-01-26 17:15:00+00:00,0,0.5113795614191535
2026-01-26 17:20:00+00:00,1,0.503536215137897
2026-01-26 17:25:00+00:00,1,0.5165291999784387
2026-01-26 17:30:00+00:00,1,0.5187158354860217
2026-01-26 17:35:00+00:00,1,0.5081910545256153
2026-01-26 17:40:00+00:00,1,0.5004711357037294
2026-01-26 17:45:00+00:00,1,0.5088558406163757
2026-01-26 17:50:00+00:00,1,0.4947329318855056
2026-01-26 17:55:00+00:00,1,0.49565773584254397
2026-01-26 18:00:00+00:00,1,0.4927190984505642
2026-01-26 18:05:00+00:00,1,0.5067837935029941
2026-01-26 18:10:00+00:00,1,0.49314654677619324
2026-01-26 18:15:00+00:00,1,0.4863140834196096
2026-01-26 18:20:00+00:00,1,0.4795587724476752
2026-01-26 18:25:00+00:00,0,0.4811382296970414
2026-01-26 18:30:00+00:00,0,0.47535669083091453
2026-01-26 18:35:00+00:00,0,0.47274865112276215
2026-01-26 18:40:00+00:00,1,0.48609585231898006
2026-01-26 18:45:00+00:00,0,0.48011969420051387
2026-01-26 18:50:00+00:00,0,0.48826503814597266
2026-01-26 18:55:00+00:00,0,0.4813081514941538
2026-01-26 19:00:00+00:00,0,0.4736490139900489
2026-01-26 19:05:00+00:00,0,0.48300412188583786
2026-01-26 19:10:00+00:00,1,0.4832514025607888
2026-01-26 19:15:00+00:00,1,0.4891211898160934
2026-01-26 19:20:00+00:00,0,0.49865287419540405
2026-01-26 19:25:00+00:00,0,0.4883425922306578
2026-01-26 19:30:00+00:00,0,0.48791136909700705
2026-01-26 19:35:00+00:00,0,0.4838242350220719
2026-01-26 19:40:00+00:00,0,0.4891367919550212
2026-01-26 19:45:00+00:00,0,0.4898940352194655
2026-01-26 19:50:00+00:00,1,0.5146718668069766
2026-01-26 19:55:00+00:00,0,0.5109680991482491
2026-01-26 20:00:00+00:00,0,0.5122700988294554
2026-01-26 20:05:00+00:00,0,0.5193826539132758
2026-01-26 20:10:00+00:00,0,0.5218437998701027
2026-01-26 20:15:00+00:00,0,0.5088790156632279
2026-01-26 20:20:00+00:00,0,0.512882239790503
2026-01-26 20:25:00+00:00,0,0.5130656173349041
2026-01-26 20:30:00+00:00,0,0.5147074692244884
2026-01-26 20:35:00+00:00,0,0.5100562595241789
2026-01-26 20:40:00+00:00,1,0.5177709518100538
2026-01-26 20:45:00+00:00,1,0.5204096346479675
2026-01-26 20:50:00+00:00,1,0.5269493304066062
2026-01-26 20:55:00+00:00,1,0.5151018639923738
2026-01-26 21:00:00+00:00,1,0.5177712991556757
2026-01-26 21:05:00+00:00,1,0.5133807161600945
2026-01-26 21:10:00+00:00,1,0.5111404547376481
2026-01-26 21:15:00+00:00,1,0.5128502909252332
2026-01-26 21:20:00+00:00,1,0.5121180445217574
2026-01-26 21:25:00+00:00,1,0.5014016580754912
2026-01-26 21:30:00+00:00,1,0.48869674279104725
2026-01-26 21:35:00+00:00,1,0.4916791068696896
2026-01-26 21:40:00+00:00,0,0.4857917095586849
2026-01-26 21:45:00+00:00,0,0.47696428346557324
2026-01-26 21:50:00+00:00,0,0.47696541900229394
2026-01-26 21:55:00+00:00,0,0.4779447845238628
2026-01-26 22:00:00+00:00,0,0.4734075084894456
2026-01-26 22:05:00+00:00,0,0.47692297460964805
2026-01-26 22:10:00+00:00,0,0.4780230342762551
2026-01-26 22:15:00+00:00,0,0.48423002111295715
2026-01-26 22:20:00+00:00,1,0.4891536065584621
2026-01-26 22:25:00+00:00,0,0.49352847551409673
2026-01-26 22:30:00+00:00,0,0.48802886978769966
2026-01-26 22:35:00+00:00,0,0.4895284611089141
2026-01-26 22:40:00+00:00,0,0.4967734077031671
2026-01-26 22:45:00+00:00,0,0.4979263265457354
2026-01-26 22:50:00+00:00,0,0.49342002247510697
2026-01-26 22:55:00+00:00,0,0.5039342827020522
2026-01-26 23:00:00+00:00,1,0.5191376294672139
2026-01-26 23:05:00+00:00,1,0.5150380261958665
2026-01-26 23:10:00+00:00,1,0.513841529497316
2026-01-26 23:15:00+00:00,0,0.5143709577258052
2026-01-26 23:20:00+00:00,0,0.5113920799095534
2026-01-26 23:25:00+00:00,0,0.5058815578087918
2026-01-26 23:30:00+00:00,0,0.49272074221164147
2026-01-26 23:35:00+00:00,0,0.49216796810222496
2026-01-26 23:40:00+00:00,0,0.5113950997103883
2026-01-26 23:45:00+00:00,0,0.5150809144636218
2026-01-26 23:50:00+00:00,0,0.5148942274391373
2026-01-26 23:55:00+00:00,0,0.5168813319380524
2026-01-27 00:00:00+00:00,1,0.5241102503614065
2026-01-27 00:05:00+00:00,1,0.521045104312426
2026-01-27 00:10:00+00:00,1,0.5178704808154678
2026-01-27 00:15:00+00:00,0,0.5141000599902965
2026-01-27 00:20:00+00:00,1,0.5111232557730043
2026-01-27 00:25:00+00:00,1,0.5136177419342349
2026-01-27 00:30:00+00:00,0,0.5125605859296828
2026-01-27 00:35:00+00:00,1,0.5146228927651584
2026-01-27 00:40:00+00:00,1,0.5163364800766412
2026-01-27 00:45:00+00:00,0,0.5153558851397944
2026-01-27 00:50:00+00:00,1,0.5104918783231817
2026-01-27 00:55:00+00:00,1,0.5132508214262625
2026-01-27 01:00:00+00:00,1,0.5141902415852648
2026-01-27 01:05:00+00:00,1,0.5143502900284228
2026-01-27 01:10:00+00:00,1,0.5124268733569056
2026-01-27 01:15:00+00:00,1,0.5164293497723064
2026-01-27 01:20:00+00:00,1,0.4934372323344662
2026-01-27 01:25:00+00:00,1,0.4790485828386602
2026-01-27 01:30:00+00:00,1,0.4766919263658266
2026-01-27 01:35:00+00:00,1,0.4756690301711022
2026-01-27 01:40:00+00:00,1,0.48171202724840173
2026-01-27 01:45:00+00:00,0,0.47696186778590294
2026-01-27 01:50:00+00:00,1,0.48279471999276063
2026-01-27 01:55:00+00:00,0,0.48466286142649667
2026-01-27 02:00:00+00:00,0,0.4749524222204831
2026-01-27 02:05:00+00:00,0,0.4770456336307174
2026-01-27 02:10:00+00:00,0,0.48128646642031386
2026-01-27 02:15:00+00:00,1,0.48627821709273633
2026-01-27 02:20:00+00:00,1,0.49290191848251474
2026-01-27 02:25:00+00:00,1,0.4886653897463454
2026-01-27 02:30:00+00:00,1,0.4878630571966696
2026-01-27 02:35:00+00:00,0,0.48838246095310855
2026-01-27 02:40:00+00:00,0,0.48936967778844087
2026-01-27 02:45:00+00:00,0,0.4874425304831676
2026-01-27 02:50:00+00:00,0,0.4916184554407397
2026-01-27 02:55:00+00:00,0,0.487135722377825
2026-01-27 03:00:00+00:00,0,0.48483949056420145
2026-01-27 03:05:00+00:00,0,0.4906036921338142
2026-01-27 03:10:00+00:00,0,0.50916557261592
2026-01-27 03:15:00+00:00,0,0.5139452962627732
2026-01-27 03:20:00+00:00,0,0.4979072685271828
2026-01-27 03:25:00+00:00,0,0.5084699901791531
2026-01-27 03:30:00+00:00,0,0.5137505219269922
2026-01-27 03:35:00+00:00,1,0.4950093832393213
2026-01-27 03:40:00+00:00,1,0.5132416665918572
2026-01-27 03:45:00+00:00,1,0.5157513898245816
2026-01-27 03:50:00+00:00,1,0.5171609334048777
2026-01-27 03:55:00+00:00,0,0.514567801556169
2026-01-27 04:00:00+00:00,0,0.5135239965403403
2026-01-27 04:05:00+00:00,0,0.48789379211360906
2026-01-27 04:10:00+00:00,0,0.5128869226656391
2026-01-27 04:15:00+00:00,0,0.5128616200918664
2026-01-27 04:20:00+00:00,0,0.5136085516919753
2026-01-27 04:25:00+00:00,0,0.516828683911712
2026-01-27 04:30:00+00:00,0,0.5182989122240946
2026-01-27 04:35:00+00:00,0,0.5181192281252368
2026-01-27 04:40:00+00:00,0,0.5199492594711586
2026-01-27 04:45:00+00:00,0,0.5227398863175089
2026-01-27 04:50:00+00:00,0,0.5178829041825403
2026-01-27 04:55:00+00:00,0,0.5179301884295269
2026-01-27 05:00:00+00:00,0,0.5164181032179147
2026-01-27 05:05:00+00:00,0,0.5174600457093306
2026-01-27 05:10:00+00:00,0,0.519154976085284
2026-01-27 05:15:00+00:00,1,0.5230703640286369
2026-01-27 05:20:00+00:00,1,0.5170613206184341
2026-01-27 05:25:00+00:00,1,0.5158839064949292
2026-01-27 05:30:00+00:00,1,0.5167497173633435
2026-01-27 05:35:00+00:00,1,0.5131845303279788
2026-01-27 05:40:00+00:00,1,0.5147764021401161
2026-01-27 05:45:00+00:00,0,0.5085925987151106
2026-01-27 05:50:00+00:00,0,0.5209676237738973
2026-01-27 05:55:00+00:00,0,0.516407850410787
2026-01-27 06:00:00+00:00,0,0.5214964327894789
2026-01-27 06:05:00+00:00,0,0.5177780478777123
2026-01-27 06:10:00+00:00,0,0.5183970134713827
2026-01-27 06:15:00+00:00,0,0.5236616385814634
2026-01-27 06:20:00+00:00,0,0.5217200839137179
2026-01-27 06:25:00+00:00,0,0.5286080388495786
2026-01-27 06:30:00+00:00,1,0.5301564359229285
2026-01-27 06:35:00+00:00,1,0.5280892913592863
2026-01-27 06:40:00+00:00,1,0.5287580123155585
2026-01-27 06:45:00+00:00,1,0.5179000107845746
2026-01-27 06:50:00+00:00,1,0.5172700724443242
2026-01-27 06:55:00+00:00,1,0.5180195571546677
2026-01-27 07:00:00+00:00,1,0.5108289450896333
2026-01-27 07:05:00+00:00,0,0.5044252093854288
2026-01-27 07:10:00+00:00,1,0.5109672750340079
2026-01-27 07:15:00+00:00,1,0.510443104489697
2026-01-27 07:20:00+00:00,0,0.5085344945401786
2026-01-27 07:25:00+00:00,1,0.5078544894719209
2026-01-27 07:30:00+00:00,1,0.5091614723205066
2026-01-27 07:35:00+00:00,1,0.5088967022167978
2026-01-27 07:40:00+00:00,1,0.5122594075973926
2026-01-27 07:45:00+00:00,1,0.5075269599485932
2026-01-27 07:50:00+00:00,1,0.5101621167828154
2026-01-27 07:55:00+00:00,1,0.5024419093524675
2026-01-27 08:00:00+00:00,0,0.4895744098112939
2026-01-27 08:05:00+00:00,0,0.4837686758471935
2026-01-27 08:10:00+00:00,0,0.4905162775044838
2026-01-27 08:15:00+00:00,0,0.49549109727146523
2026-01-27 08:20:00+00:00,1,0.5014226432305313
2026-01-27 08:25:00+00:00,0,0.5123426451875306
2026-01-27 08:30:00+00:00,0,0.49651725035094835
2026-01-27 08:35:00+00:00,0,0.5044366651633622
2026-01-27 08:40:00+00:00,0,0.4975417467190073
2026-01-27 08:45:00+00:00,0,0.49287089189837735
2026-01-27 08:50:00+00:00,0,0.4879274460913135
2026-01-27 08:55:00+00:00,0,0.4960669495311033
2026-01-27 09:00:00+00:00,0,0.5088173822868775
2026-01-27 09:05:00+00:00,1,0.5120321591159027
2026-01-27 09:10:00+00:00,1,0.5159611650086859
2026-01-27 09:15:00+00:00,1,0.5167571020001148
2026-01-27 09:20:00+00:00,1,0.5166097696066384
2026-01-27 09:25:00+00:00,0,0.512995874746429
2026-01-27 09:30:00+00:00,1,0.5110230383192182
2026-01-27 09:35:00+00:00,0,0.5026359756558958
2026-01-27 09:40:00+00:00,1,0.506790643211194
2026-01-27 09:45:00+00:00,1,0.5052999580768593
2026-01-27 09:50:00+00:00,1,0.5084913861466822
2026-01-27 09:55:00+00:00,1,0.5109086059764301
2026-01-27 10:00:00+00:00,1,0.5071711964082908
2026-01-27 10:05:00+00:00,1,0.5045557905998852
2026-01-27 10:10:00+00:00,0,0.49930908457724743
2026-01-27 10:15:00+00:00,0,0.5053068952769295
2026-01-27 10:20:00+00:00,1,0.5098357516299358
2026-01-27 10:25:00+00:00,1,0.5075613929750321
2026-01-27 10:30:00+00:00,1,0.5078488552553105
2026-01-27 10:35:00+00:00,1,0.5133525258855379
2026-01-27 10:40:00+00:00,1,0.5058517048040764
2026-01-27 10:45:00+00:00,1,0.5020532343975392
2026-01-27 10:50:00+00:00,1,0.5046481454673443
2026-01-27 10:55:00+00:00,0,0.5010257217774515
2026-01-27 11:00:00+00:00,0,0.5003975522015339
2026-01-27 11:05:00+00:00,1,0.4978516248308416
2026-01-27 11:10:00+00:00,0,0.5027289437146177
2026-01-27 11:15:00+00:00,1,0.5036021708215903
2026-01-27 11:20:00+00:00,0,0.5075573686193081
2026-01-27 11:25:00+00:00,1,0.5058252803661818
2026-01-27 11:30:00+00:00,0,0.4997158539980207
2026-01-27 11:35:00+00:00,0,0.49511300177861567
2026-01-27 11:40:00+00:00,0,0.5029330833421602
2026-01-27 11:45:00+00:00,0,0.5008488752659217
2026-01-27 11:50:00+00:00,1,0.5030052070101847
2026-01-27 11:55:00+00:00,1,0.5138508195452592
2026-01-27 12:00:00+00:00,1,0.510779914808578
2026-01-27 12:05:00+00:00,0,0.5143020669529673
2026-01-27 12:10:00+00:00,0,0.5004050815636297
2026-01-27 12:15:00+00:00,0,0.5047962786190069
2026-01-27 12:20:00+00:00,0,0.49686635354626985
2026-01-27 12:25:00+00:00,0,0.5101582512654769
2026-01-27 12:30:00+00:00,0,0.5127078688713153
2026-01-27 12:35:00+00:00,0,0.5179811076410956
2026-01-27 12:40:00+00:00,1,0.5168535013368339
2026-01-27 12:45:00+00:00,0,0.5178894152493054
2026-01-27 12:50:00+00:00,0,0.5128961532802336
2026-01-27 12:55:00+00:00,0,0.512170227651118
2026-01-27 13:00:00+00:00,0,0.5155036419282187
2026-01-27 13:05:00+00:00,0,0.5140540785853356
2026-01-27 13:10:00+00:00,0,0.5136134228588324
2026-01-27 13:15:00+00:00,0,0.5059526382008472
2026-01-27 13:20:00+00:00,0,0.5041257216878854
2026-01-27 13:25:00+00:00,0,0.4929887255328878
2026-01-27 13:30:00+00:00,1,0.488314234474901
2026-01-27 13:35:00+00:00,0,0.4909803268884185
2026-01-27 13:40:00+00:00,1,0.49021794692615667
2026-01-27 13:45:00+00:00,1,0.49547774906612857
2026-01-27 13:50:00+00:00,1,0.49053647130710615
2026-01-27 13:55:00+00:00,1,0.492715276738169
2026-01-27 14:00:00+00:00,0,0.4859377864298936
2026-01-27 14:05:00+00:00,0,0.4837248253508735
2026-01-27 14:10:00+00:00,0,0.5011762643414729
2026-01-27 14:15:00+00:00,0,0.5092860659104255
2026-01-27 14:20:00+00:00,0,0.4850235340205266
2026-01-27 14:25:00+00:00,0,0.5064696075951032
2026-01-27 14:30:00+00:00,0,0.5136423336661332
2026-01-27 14:35:00+00:00,1,0.521326831507344
2026-01-27 14:40:00+00:00,1,0.5173726051451466
2026-01-27 14:45:00+00:00,1,0.5109657707224633
2026-01-27 14:50:00+00:00,1,0.5119191673030387
2026-01-27 14:55:00+00:00,1,0.5133434454006958
2026-01-27 15:00:00+00:00,0,0.5017901138054521
2026-01-27 15:05:00+00:00,1,0.4993205005958235
2026-01-27 15:10:00+00:00,0,0.5004653665230577
2026-01-27 15:15:00+00:00,1,0.5027694603732714
2026-01-27 15:20:00+00:00,1,0.5035015881817273
2026-01-27 15:25:00+00:00,1,0.5091727497739146
2026-01-27 15:30:00+00:00,1,0.5058493895489754
2026-01-27 15:35:00+00:00,1,0.4929569651471906
2026-01-27 15:40:00+00:00,1,0.4987654580836848
2026-01-27 15:45:00+00:00,1,0.4703929125253246
2026-01-27 15:50:00+00:00,1,0.47470494706769306
2026-01-27 15:55:00+00:00,1,0.4700523716140442
2026-01-27 16:00:00+00:00,1,0.47053744254363405
2026-01-27 16:05:00+00:00,1,0.47376156679145487
2026-01-27 16:10:00+00:00,1,0.47339872565588303
2026-01-27 16:15:00+00:00,1,0.47278921921791317
2026-01-27 16:20:00+00:00,0,0.47229434839213336
2026-01-27 16:25:00+00:00,1,0.47424019427189307
2026-01-27 16:30:00+00:00,0,0.4696903462300119
2026-01-27 16:35:00+00:00,0,0.47393407136610277
2026-01-27 16:40:00+00:00,0,0.47102243411497635
2026-01-27 16:45:00+00:00,0,0.4742014020565836
2026-01-27 16:50:00+00:00,0,0.47774616427977956
2026-01-27 16:55:00+00:00,0,0.47689114002269517
2026-01-27 17:00:00+00:00,0,0.48027062867619974
2026-01-27 17:05:00+00:00,0,0.49253286988920486
2026-01-27 17:10:00+00:00,0,0.509726418369247
2026-01-27 17:15:00+00:00,0,0.5297528749691446
2026-01-27 17:20:00+00:00,0,0.5198027303756273
2026-01-27 17:25:00+00:00,0,0.5155095567240819
2026-01-27 17:30:00+00:00,0,0.5193116434612957
2026-01-27 17:35:00+00:00,0,0.5200528027614597
2026-01-27 17:40:00+00:00,1,0.516698564175124
2026-01-27 17:45:00+00:00,1,0.5203830565430162
2026-01-27 17:50:00+00:00,1,0.5206237884063117
2026-01-27 17:55:00+00:00,1,0.5136620921560597
2026-01-27 18:00:00+00:00,0,0.5115346643529407
2026-01-27 18:05:00+00:00,0,0.508542644493807
2026-01-27 18:10:00+00:00,1,0.5075309980654269
2026-01-27 18:15:00+00:00,1,0.5066061392959226
2026-01-27 18:20:00+00:00,1,0.5078799138009336
2026-01-27 18:25:00+00:00,1,0.5070502048456479
2026-01-27 18:30:00+00:00,1,0.5121171714944232
2026-01-27 18:35:00+00:00,1,0.5063429004046651
2026-01-27 18:40:00+00:00,1,0.5103628223995764
2026-01-27 18:45:00+00:00,1,0.4964408312196456
2026-01-27 18:50:00+00:00,1,0.4962135031722337
2026-01-27 18:55:00+00:00,0,0.47272490147372
2026-01-27 19:00:00+00:00,0,0.48622017580711585
2026-01-27 19:05:00+00:00,0,0.4943216644326771
2026-01-27 19:10:00+00:00,1,0.47597980743596857
2026-01-27 19:15:00+00:00,0,0.4791244198252656
2026-01-27 19:20:00+00:00,0,0.48185862133765267
2026-01-27 19:25:00+00:00,0,0.4826763718938257
2026-01-27 19:30:00+00:00,1,0.5010628220178676
2026-01-27 19:35:00+00:00,1,0.4854913856375407
2026-01-27 19:40:00+00:00,1,0.474298268176387
2026-01-27 19:45:00+00:00,1,0.48027635375481037
2026-01-27 19:50:00+00:00,1,0.49251659134051756
2026-01-27 19:55:00+00:00,1,0.5058587374179037
2026-01-27 20:00:00+00:00,1,0.48705755568244197
2026-01-27 20:05:00+00:00,1,0.4840299146959725
2026-01-27 20:10:00+00:00,1,0.4785003894229398
2026-01-27 20:15:00+00:00,1,0.47219873887254293
2026-01-27 20:20:00+00:00,1,0.47491923206708164
2026-01-27 20:25:00+00:00,0,0.4712485677892916
2026-01-27 20:30:00+00:00,0,0.47088098148165175
2026-01-27 20:35:00+00:00,1,0.482116704563226
2026-01-27 20:40:00+00:00,1,0.4760487935143716
2026-01-27 20:45:00+00:00,0,0.47227718566174864
2026-01-27 20:50:00+00:00,0,0.47473112978130083
2026-01-27 20:55:00+00:00,0,0.47477214741459045
2026-01-27 21:00:00+00:00,0,0.4765433153398177
2026-01-27 21:05:00+00:00,0,0.4759525491600335
2026-01-27 21:10:00+00:00,0,0.4867659153105342
2026-01-27 21:15:00+00:00,0,0.49067338263263693
2026-01-27 21:20:00+00:00,0,0.48945725267294926
2026-01-27 21:25:00+00:00,0,0.49311795895953137
2026-01-27 21:30:00+00:00,0,0.5081144091511384
2026-01-27 21:35:00+00:00,1,0.5223275837534599
2026-01-27 21:40:00+00:00,1,0.5168396440904907
2026-01-27 21:45:00+00:00,1,0.5208080927493851
2026-01-27 21:50:00+00:00,0,0.5259717323785185
2026-01-27 21:55:00+00:00,1,0.5254738445468214
2026-01-27 22:00:00+00:00,1,0.510263918606466
2026-01-27 22:05:00+00:00,1,0.5142960022755072
2026-01-27 22:10:00+00:00,1,0.50980396909321
2026-01-27 22:15:00+00:00,1,0.5137617636719674
2026-01-27 22:20:00+00:00,1,0.5133219492017822
2026-01-27 22:25:00+00:00,1,0.5124191628030416
2026-01-27 22:30:00+00:00,0,0.5085270715950277
2026-01-27 22:35:00+00:00,0,0.5038137515416767
2026-01-27 22:40:00+00:00,0,0.49853964622237074
2026-01-27 22:45:00+00:00,0,0.509017794256529
2026-01-27 22:50:00+00:00,0,0.5048693497388146
2026-01-27 22:55:00+00:00,1,0.5121483924512815
2026-01-27 23:00:00+00:00,1,0.520007030644436
2026-01-27 23:05:00+00:00,1,0.5115545108163206
2026-01-27 23:10:00+00:00,1,0.5065297464620915
2026-01-27 23:15:00+00:00,1,0.5037199215554211
2026-01-27 23:20:00+00:00,0,0.49994918000115246
2026-01-27 23:25:00+00:00,0,0.4797915553640938
2026-01-27 23:30:00+00:00,0,0.4918524111207115
2026-01-27 23:35:00+00:00,0,0.47118649879236857
2026-01-27 23:40:00+00:00,0,0.5084144778057661
2026-01-27 23:45:00+00:00,0,0.4970288587093977
2026-01-27 23:50:00+00:00,1,0.5159763687013974
2026-01-27 23:55:00+00:00,0,0.5110372116842467
2026-01-28 00:00:00+00:00,0,0.516597394064079
2026-01-28 00:05:00+00:00,0,0.5144515361738935
2026-01-28 00:10:00+00:00,0,0.5105637302820626
2026-01-28 00:15:00+00:00,0,0.5122089330318738
2026-01-28 00:20:00+00:00,0,0.5016254438755489
2026-01-28 00:25:00+00:00,1,0.5145937441454317
2026-01-28 00:30:00+00:00,1,0.521142469620602
2026-01-28 00:35:00+00:00,1,0.5253881015086427
2026-01-28 00:40:00+00:00,1,0.5252023632494616
2026-01-28 00:45:00+00:00,0,0.5128651867455313
2026-01-28 00:50:00+00:00,0,0.5142074133900576
2026-01-28 00:55:00+00:00,0,0.5068700147279818
2026-01-28 01:00:00+00:00,0,0.4987999318104809
2026-01-28 01:05:00+00:00,0,0.5109232655128231
2026-01-28 01:10:00+00:00,0,0.5130482025586763
2026-01-28 01:15:00+00:00,0,0.5096674948034033
2026-01-28 01:20:00+00:00,1,0.5188389650888946
2026-01-28 01:25:00+00:00,1,0.5173258033698857
2026-01-28 01:30:00+00:00,1,0.5143460962710921
2026-01-28 01:35:00+00:00,1,0.514837628607871
2026-01-28 01:40:00+00:00,1,0.5139741957058596
2026-01-28 01:45:00+00:00,1,0.5082549860539115
2026-01-28 01:50:00+00:00,1,0.5057244959039483
2026-01-28 01:55:00+00:00,1,0.5038776863957157
2026-01-28 02:00:00+00:00,0,0.5053771546897274
2026-01-28 02:05:00+00:00,0,0.5089522480894465
2026-01-28 02:10:00+00:00,0,0.5048508691694426
2026-01-28 02:15:00+00:00,0,0.4900491086608609
2026-01-28 02:20:00+00:00,0,0.4996587681684839
2026-01-28 02:25:00+00:00,0,0.48595748537211875
2026-01-28 02:30:00+00:00,1,0.5145773404546082
2026-01-28 02:35:00+00:00,1,0.5149159522993677
2026-01-28 02:40:00+00:00,1,0.5144507650202369
2026-01-28 02:45:00+00:00,1,0.5137771832464264
2026-01-28 02:50:00+00:00,1,0.512300180831123
2026-01-28 02:55:00+00:00,1,0.5014814515174382
2026-01-28 03:00:00+00:00,1,0.4759785617719727
2026-01-28 03:05:00+00:00,1,0.5004956568479328
2026-01-28 03:10:00+00:00,1,0.5056517461236029
2026-01-28 03:15:00+00:00,1,0.506855716347206
2026-01-28 03:20:00+00:00,0,0.4895404633545539
2026-01-28 03:25:00+00:00,0,0.5063319919118198
2026-01-28 03:30:00+00:00,0,0.4866066713626593
2026-01-28 03:35:00+00:00,0,0.4976835711052323
2026-01-28 03:40:00+00:00,0,0.5127571148583984
2026-01-28 03:45:00+00:00,0,0.5077114201739629
2026-01-28 03:50:00+00:00,0,0.5034890335593335
2026-01-28 03:55:00+00:00,0,0.515322015374278
2026-01-28 04:00:00+00:00,0,0.5186001379213837
2026-01-28 04:05:00+00:00,1,0.5172914296157138
2026-01-28 04:10:00+00:00,1,0.5238721153682678
2026-01-28 04:15:00+00:00,1,0.5186201803057144
2026-01-28 04:20:00+00:00,1,0.5255483009024959
2026-01-28 04:25:00+00:00,1,0.5177499656355569
2026-01-28 04:30:00+00:00,1,0.5180969395418142
2026-01-28 04:35:00+00:00,1,0.5109499859800364
2026-01-28 04:40:00+00:00,0,0.515643162731973
2026-01-28 04:45:00+00:00,0,0.5150012240279979
2026-01-28 04:50:00+00:00,0,0.515178615010951
2026-01-28 04:55:00+00:00,0,0.5097999952943735
2026-01-28 05:00:00+00:00,0,0.5055638449958682
2026-01-28 05:05:00+00:00,1,0.5114019158093972
2026-01-28 05:10:00+00:00,1,0.5204309387980358
2026-01-28 05:15:00+00:00,1,0.5115083599538872
2026-01-28 05:20:00+00:00,1,0.5128078507189635
2026-01-28 05:25:00+00:00,1,0.5182974343566056
2026-01-28 05:30:00+00:00,1,0.5073416436428643
2026-01-28 05:35:00+00:00,1,0.5022508798360957
2026-01-28 05:40:00+00:00,1,0.510845301564172
2026-01-28 05:45:00+00:00,1,0.50777946569011
2026-01-28 05:50:00+00:00,1,0.5053748598288456
2026-01-28 05:55:00+00:00,1,0.48485034726515525
2026-01-28 06:00:00+00:00,1,0.48218955652051365
2026-01-28 06:05:00+00:00,0,0.47768328245287467
2026-01-28 06:10:00+00:00,0,0.4758218530194756
2026-01-28 06:15:00+00:00,0,0.4767520188462551
2026-01-28 06:20:00+00:00,0,0.48051754696455395
2026-01-28 06:25:00+00:00,0,0.4801542768197876
2026-01-28 06:30:00+00:00,0,0.47815643125625895
2026-01-28 06:35:00+00:00,0,0.48828882197711915
2026-01-28 06:40:00+00:00,0,0.4960399225537041
2026-01-28 06:45:00+00:00,0,0.4994666064402524
2026-01-28 06:50:00+00:00,0,0.4794767463517723
2026-01-28 06:55:00+00:00,0,0.48185277690278194
2026-01-28 07:00:00+00:00,0,0.48305699427505033
2026-01-28 07:05:00+00:00,0,0.501406278972205
2026-01-28 07:10:00+00:00,1,0.5149245045228692
2026-01-28 07:15:00+00:00,1,0.5155850071242128
2026-01-28 07:20:00+00:00,0,0.5087972417806677
2026-01-28 07:25:00+00:00,0,0.5098758060920331
2026-01-28 07:30:00+00:00,1,0.5170438125870529
2026-01-28 07:35:00+00:00,1,0.5034175133289114
2026-01-28 07:40:00+00:00,1,0.5023983210535442
2026-01-28 07:45:00+00:00,1,0.5024980614374049
2026-01-28 07:50:00+00:00,1,0.5105997894784493
2026-01-28 07:55:00+00:00,0,0.49981594840711874
2026-01-28 08:00:00+00:00,0,0.5028683155952902
2026-01-28 08:05:00+00:00,0,0.5065622199393222
2026-01-28 08:10:00+00:00,0,0.5044928735388485
2026-01-28 08:15:00+00:00,0,0.5044512972608586
2026-01-28 08:20:00+00:00,0,0.5005438045080438
2026-01-28 08:25:00+00:00,0,0.5118551185611201
2026-01-28 08:30:00+00:00,0,0.5101722092973492
2026-01-28 08:35:00+00:00,0,0.5064371312895045
2026-01-28 08:40:00+00:00,0,0.5111720417774633
2026-01-28 08:45:00+00:00,0,0.5135813758668398
2026-01-28 08:50:00+00:00,0,0.5109284337018013
2026-01-28 08:55:00+00:00,0,0.5185370171901229
2026-01-28 09:00:00+00:00,1,0.515096367121811
2026-01-28 09:05:00+00:00,1,0.5066433482608467
2026-01-28 09:10:00+00:00,1,0.5184188940834985
2026-01-28 09:15:00+00:00,1,0.5121795284752221
2026-01-28 09:20:00+00:00,1,0.5097316020772036
2026-01-28 09:25:00+00:00,1,0.5085083341118488
2026-01-28 09:30:00+00:00,1,0.5024914394531892
2026-01-28 09:35:00+00:00,1,0.4754402823285292
2026-01-28 09:40:00+00:00,1,0.4804784033351642
2026-01-28 09:45:00+00:00,1,0.4817830746140534
2026-01-28 09:50:00+00:00,0,0.48014690847901176
2026-01-28 09:55:00+00:00,0,0.4753494595851838
2026-01-28 10:00:00+00:00,0,0.4763181661136362
2026-01-28 10:05:00+00:00,0,0.47863424827818735
2026-01-28 10:10:00+00:00,0,0.47646591671301863
2026-01-28 10:15:00+00:00,0,0.4799973848096176
2026-01-28 10:20:00+00:00,0,0.4882822839120383
2026-01-28 10:25:00+00:00,0,0.4901831265910888
2026-01-28 10:30:00+00:00,0,0.4871744273241466
2026-01-28 10:35:00+00:00,0,0.4893751675164933
2026-01-28 10:40:00+00:00,0,0.4862892054217696
2026-01-28 10:45:00+00:00,1,0.4891944537849199
2026-01-28 10:50:00+00:00,0,0.49513468491863605
2026-01-28 10:55:00+00:00,1,0.5003995110233006
2026-01-28 11:00:00+00:00,0,0.49632664965633705
2026-01-28 11:05:00+00:00,0,0.49768274677309843
2026-01-28 11:10:00+00:00,1,0.5045727838295858
2026-01-28 11:15:00+00:00,1,0.4923692113886071
2026-01-28 11:20:00+00:00,1,0.5074784002007967
2026-01-28 11:25:00+00:00,1,0.5046258726233013
2026-01-28 11:30:00+00:00,1,0.5120247114828685
2026-01-28 11:35:00+00:00,1,0.5104551988860038
2026-01-28 11:40:00+00:00,1,0.4818117230489221
2026-01-28 11:45:00+00:00,0,0.46754321145749167
2026-01-28 11:50:00+00:00,0,0.4727522795861664
2026-01-28 11:55:00+00:00,0,0.47248763004408756
2026-01-28 12:00:00+00:00,0,0.4742032769851693
2026-01-28 12:05:00+00:00,0,0.4709744821901808
2026-01-28 12:10:00+00:00,0,0.4861013383007689
2026-01-28 12:15:00+00:00,0,0.48644770098394
2026-01-28 12:20:00+00:00,0,0.48600053163550505
2026-01-28 12:25:00+00:00,0,0.48152277560857326
2026-01-28 12:30:00+00:00,0,0.4938057892629691
2026-01-28 12:35:00+00:00,0,0.4832642398471088
2026-01-28 12:40:00+00:00,1,0.5013990245178851
2026-01-28 12:45:00+00:00,0,0.5002584428963336
2026-01-28 12:50:00+00:00,0,0.4929027440179952
2026-01-28 12:55:00+00:00,1,0.508240067352355
2026-01-28 13:00:00+00:00,1,0.5018985828908981
2026-01-28 13:05:00+00:00,0,0.5026869288554933
2026-01-28 13:10:00+00:00,1,0.49724655537482526
2026-01-28 13:15:00+00:00,1,0.5030307185685334
2026-01-28 13:20:00+00:00,1,0.5058778459531948
2026-01-28 13:25:00+00:00,1,0.5027131363576873
2026-01-28 13:30:00+00:00,1,0.49986867197001955
2026-01-28 13:35:00+00:00,0,0.5070014172598635
2026-01-28 13:40:00+00:00,0,0.48323767988967326
2026-01-28 13:45:00+00:00,0,0.4984290624907419
2026-01-28 13:50:00+00:00,0,0.5027763429802465
2026-01-28 13:55:00+00:00,0,0.5071639836145784
2026-01-28 14:00:00+00:00,0,0.5006850108253802
2026-01-28 14:05:00+00:00,0,0.5100339076375646
2026-01-28 14:10:00+00:00,0,0.5130302998151475
2026-01-28 14:15:00+00:00,0,0.5217365545359858
2026-01-28 14:20:00+00:00,0,0.5241415614923715
2026-01-28 14:25:00+00:00,0,0.5187965805857975
2026-01-28 14:30:00+00:00,0,0.5101047984382359
2026-01-28 14:35:00+00:00,0,0.5187172113686762
2026-01-28 14:40:00+00:00,0,0.5164594749229898
2026-01-28 14:45:00+00:00,0,0.5175346427600316
2026-01-28 14:50:00+00:00,0,0.5077841498050955
2026-01-28 14:55:00+00:00,0,0.5125826926236737
2026-01-28 15:00:00+00:00,0,0.5077377330631339
2026-01-28 15:05:00+00:00,0,0.5218932683589397
2026-01-28 15:10:00+00:00,1,0.525434684759445
2026-01-28 15:15:00+00:00,1,0.5271834364684592
2026-01-28 15:20:00+00:00,1,0.5152817240513992
2026-01-28 15:25:00+00:00,0,0.5145391615114601
2026-01-28 15:30:00+00:00,0,0.5118250536317588
2026-01-28 15:35:00+00:00,0,0.49693818717563876
2026-01-28 15:40:00+00:00,0,0.49793852473067973
2026-01-28 15:45:00+00:00,0,0.5061024983143745
2026-01-28 15:50:00+00:00,0,0.5001109290034853
2026-01-28 15:55:00+00:00,1,0.5055528831166198
2026-01-28 16:00:00+00:00,1,0.5145842956402489
2026-01-28 16:05:00+00:00,1,0.5130104665143437
2026-01-28 16:10:00+00:00,1,0.5136583590419977
2026-01-28 16:15:00+00:00,1,0.5094282657711627
2026-01-28 16:20:00+00:00,1,0.5016070817327224
2026-01-28 16:25:00+00:00,0,0.48885188101464705
2026-01-28 16:30:00+00:00,1,0.49990706826568343
2026-01-28 16:35:00+00:00,0,0.49638664759313667
2026-01-28 16:40:00+00:00,1,0.5057560083208317
2026-01-28 16:45:00+00:00,1,0.5030274977454454
2026-01-28 16:50:00+00:00,0,0.4932468835268075
2026-01-28 16:55:00+00:00,1,0.500274557612785
2026-01-28 17:00:00+00:00,0,0.49687052515735486
2026-01-28 17:05:00+00:00,0,0.5002702198134572
2026-01-28 17:10:00+00:00,0,0.4971491997728076
2026-01-28 17:15:00+00:00,0,0.4852623583874292
2026-01-28 17:20:00+00:00,1,0.5006992263977537
2026-01-28 17:25:00+00:00,1,0.5001643212561007
2026-01-28 17:30:00+00:00,1,0.5156098981482454
2026-01-28 17:35:00+00:00,1,0.5025847062343172
2026-01-28 17:40:00+00:00,1,0.4854219072713336
2026-01-28 17:45:00+00:00,1,0.48446486260415317
2026-01-28 17:50:00+00:00,0,0.47496148598371135
2026-01-28 17:55:00+00:00,0,0.47258313523275214
2026-01-28 18:00:00+00:00,1,0.4837121318523249
2026-01-28 18:05:00+00:00,0,0.49115188801333803
2026-01-28 18:10:00+00:00,0,0.48411776926553207
2026-01-28 18:15:00+00:00,0,0.4868917055477305
2026-01-28 18:20:00+00:00,0,0.4748207629470243
2026-01-28 18:25:00+00:00,1,0.4898411981000216
2026-01-28 18:30:00+00:00,1,0.4938433912344014
2026-01-28 18:35:00+00:00,1,0.49381020128411907
2026-01-28 18:40:00+00:00,1,0.49777131216295256
2026-01-28 18:45:00+00:00,0,0.5040016949257751
2026-01-28 18:50:00+00:00,1,0.5064950145794787
2026-01-28 18:55:00+00:00,0,0.48631935759381295
2026-01-28 19:00:00+00:00,0,0.47983680231780373
2026-01-28 19:05:00+00:00,0,0.4855727511680434
2026-01-28 19:10:00+00:00,0,0.49596183986264675
2026-01-28 19:15:00+00:00,1,0.5077086625686948
2026-01-28 19:20:00+00:00,1,0.4886191779297814
2026-01-28 19:25:00+00:00,1,0.5037160379254046
2026-01-28 19:30:00+00:00,1,0.5178074130416871
2026-01-28 19:35:00+00:00,1,0.5131908757157576
2026-01-28 19:40:00+00:00,1,0.5142414996363647
2026-01-28 19:45:00+00:00,1,0.4751920784984041
2026-01-28 19:50:00+00:00,1,0.4735401425996626
2026-01-28 19:55:00+00:00,1,0.4857389210641522
2026-01-28 20:00:00+00:00,0,0.48423255753580896
2026-01-28 20:05:00+00:00,0,0.4773572426262782
2026-01-28 20:10:00+00:00,0,0.4873022913093365
2026-01-28 20:15:00+00:00,0,0.4781053877796202
2026-01-28 20:20:00+00:00,0,0.4746125572700775
2026-01-28 20:25:00+00:00,0,0.47311603612660497
2026-01-28 20:30:00+00:00,0,0.4846379150400297
2026-01-28 20:35:00+00:00,0,0.5113013696323646
2026-01-28 20:40:00+00:00,0,0.5151258730480688
2026-01-28 20:45:00+00:00,1,0.5200287339135896
2026-01-28 20:50:00+00:00,0,0.5132669440693876
2026-01-28 20:55:00+00:00,1,0.51885797504116
2026-01-28 21:00:00+00:00,1,0.5300951153887838
2026-01-28 21:05:00+00:00,0,0.5111077277798983
2026-01-28 21:10:00+00:00,0,0.5119163796385072
2026-01-28 21:15:00+00:00,1,0.5071401868552287
2026-01-28 21:20:00+00:00,1,0.5106370818173638
2026-01-28 21:25:00+00:00,1,0.5048548549833883
2026-01-28 21:30:00+00:00,1,0.518853660473272
2026-01-28 21:35:00+00:00,1,0.5095218080499097
2026-01-28 21:40:00+00:00,0,0.5121602301375273
2026-01-28 21:45:00+00:00,0,0.5060593331280016
2026-01-28 21:50:00+00:00,0,0.5021196241114089
2026-01-28 21:55:00+00:00,1,0.5089107525006558
2026-01-28 22:00:00+00:00,1,0.5111632337805897
2026-01-28 22:05:00+00:00,1,0.5098409623548137
2026-01-28 22:10:00+00:00,1,0.5150117550736967
2026-01-28 22:15:00+00:00,1,0.5178528155097429
2026-01-28 22:20:00+00:00,1,0.5150178005515074
2026-01-28 22:25:00+00:00,1,0.5021634214448508
2026-01-28 22:30:00+00:00,1,0.5020422349194563
2026-01-28 22:35:00+00:00,0,0.480204468850339
2026-01-28 22:40:00+00:00,0,0.47488019332324766
2026-01-28 22:45:00+00:00,1,0.4742917293081627
2026-01-28 22:50:00+00:00,0,0.47742064922841265
2026-01-28 22:55:00+00:00,0,0.4763622000993844
2026-01-28 23:00:00+00:00,0,0.46902624777727026
2026-01-28 23:05:00+00:00,0,0.4937493725319808
2026-01-28 23:10:00+00:00,0,0.4802278618170866
2026-01-28 23:15:00+00:00,0,0.4696106316059005
2026-01-28 23:20:00+00:00,0,0.47845413257514974
2026-01-28 23:25:00+00:00,0,0.5059798296924601
2026-01-28 23:30:00+00:00,0,0.5081362069084232
2026-01-28 23:35:00+00:00,1,0.5153142134906864
2026-01-28 23:40:00+00:00,0,0.5072215541107232
2026-01-28 23:45:00+00:00,0,0.5120141816470789
2026-01-28 23:50:00+00:00,0,0.5101111794440559
2026-01-28 23:55:00+00:00,0,0.4989119844811455
2026-01-29 00:00:00+00:00,0,0.5090772510252148
2026-01-29 00:05:00+00:00,0,0.5124584076138271
2026-01-29 00:10:00+00:00,0,0.5154487672239518
2026-01-29 00:15:00+00:00,0,0.5150869907100791
2026-01-29 00:20:00+00:00,0,0.5118237877087672
2026-01-29 00:25:00+00:00,0,0.5179122082327143
2026-01-29 00:30:00+00:00,0,0.5132231014819194
2026-01-29 00:35:00+00:00,0,0.5235452679738805
2026-01-29 00:40:00+00:00,1,0.5288059981809149
2026-01-29 00:45:00+00:00,0,0.5245068436263962
2026-01-29 00:50:00+00:00,0,0.5204485576425149
2026-01-29 00:55:00+00:00,0,0.5149028563772787
2026-01-29 01:00:00+00:00,0,0.5117521468326431
2026-01-29 01:05:00+00:00,0,0.5114893613236305
2026-01-29 01:10:00+00:00,0,0.5098660402867606
2026-01-29 01:15:00+00:00,0,0.5163028473316776
2026-01-29 01:20:00+00:00,0,0.5206458721943531
2026-01-29 01:25:00+00:00,0,0.5186527167215697
2026-01-29 01:30:00+00:00,0,0.5194743767958587
2026-01-29 01:35:00+00:00,0,0.5148049639491736
2026-01-29 01:40:00+00:00,0,0.5157334280297214
2026-01-29 01:45:00+00:00,1,0.5174952201775591
2026-01-29 01:50:00+00:00,1,0.5159061311786675
2026-01-29 01:55:00+00:00,1,0.513600813546253
2026-01-29 02:00:00+00:00,0,0.5178860380127065
2026-01-29 02:05:00+00:00,0,0.5145001536906008
2026-01-29 02:10:00+00:00,0,0.5111194183580423
2026-01-29 02:15:00+00:00,0,0.5089682003145783
2026-01-29 02:20:00+00:00,0,0.5088228655617467
2026-01-29 02:25:00+00:00,0,0.5090464530757588
2026-01-29 02:30:00+00:00,1,0.5377264505238294
2026-01-29 02:35:00+00:00,0,0.5223058453915167
2026-01-29 02:40:00+00:00,1,0.5302951875157776
2026-01-29 02:45:00+00:00,1,0.5439411169875791
2026-01-29 02:50:00+00:00,1,0.5327961013787896
2026-01-29 02:55:00+00:00,1,0.5077195921355913
2026-01-29 03:00:00+00:00,0,0.5116800532007856
2026-01-29 03:05:00+00:00,0,0.5123551572283801
2026-01-29 03:10:00+00:00,0,0.5076122998957286
2026-01-29 03:15:00+00:00,0,0.5122698562920898
2026-01-29 03:20:00+00:00,0,0.5098580094590174
2026-01-29 03:25:00+00:00,1,0.5129624333340915
2026-01-29 03:30:00+00:00,1,0.5132431163932029
2026-01-29 03:35:00+00:00,0,0.5072954865677183
2026-01-29 03:40:00+00:00,0,0.48925321368983254
2026-01-29 03:45:00+00:00,0,0.511119595644038
2026-01-29 03:50:00+00:00,0,0.505015415061037
2026-01-29 03:55:00+00:00,0,0.5077985736652758
2026-01-29 04:00:00+00:00,0,0.5030048888425336
2026-01-29 04:05:00+00:00,0,0.5112987884985418
2026-01-29 04:10:00+00:00,1,0.5162939659204115
2026-01-29 04:15:00+00:00,1,0.5198100063670191
2026-01-29 04:20:00+00:00,1,0.5210580626310007
2026-01-29 04:25:00+00:00,1,0.5051054569901237
2026-01-29 04:30:00+00:00,1,0.5010534905261014
2026-01-29 04:35:00+00:00,1,0.5051006215009388
2026-01-29 04:40:00+00:00,1,0.5057792253684043
2026-01-29 04:45:00+00:00,1,0.5030944655784482
2026-01-29 04:50:00+00:00,0,0.5023490010166082
2026-01-29 04:55:00+00:00,1,0.5070615002620389
2026-01-29 05:00:00+00:00,0,0.48494441967232554
2026-01-29 05:05:00+00:00,1,0.503125043828838
2026-01-29 05:10:00+00:00,1,0.4945255529792102
2026-01-29 05:15:00+00:00,0,0.5087146667037136
2026-01-29 05:20:00+00:00,0,0.5064434441574195
2026-01-29 05:25:00+00:00,0,0.5045456563876809
2026-01-29 05:30:00+00:00,0,0.4949390737720589
2026-01-29 05:35:00+00:00,0,0.48097517355320407
2026-01-29 05:40:00+00:00,0,0.4742057611701686
2026-01-29 05:45:00+00:00,1,0.480477193269264
2026-01-29 05:50:00+00:00,1,0.48308139156472296
2026-01-29 05:55:00+00:00,1,0.48756164596956164
2026-01-29 06:00:00+00:00,1,0.47218351561602917
2026-01-29 06:05:00+00:00,1,0.4791876409651962
2026-01-29 06:10:00+00:00,1,0.4754458538286278
2026-01-29 06:15:00+00:00,1,0.4773413398210948
2026-01-29 06:20:00+00:00,1,0.481068281942779
2026-01-29 06:25:00+00:00,1,0.47696548380665216
2026-01-29 06:30:00+00:00,1,0.4760554238518275
2026-01-29 06:35:00+00:00,1,0.47773000493578155
2026-01-29 06:40:00+00:00,0,0.48936172273701395
2026-01-29 06:45:00+00:00,0,0.4857784232156285
2026-01-29 06:50:00+00:00,1,0.490207600518599
2026-01-29 06:55:00+00:00,0,0.4889920782849112
2026-01-29 07:00:00+00:00,0,0.48255320290558423
2026-01-29 07:05:00+00:00,1,0.49119733974041463
2026-01-29 07:10:00+00:00,1,0.4990696518369351
2026-01-29 07:15:00+00:00,1,0.49396354335981163
2026-01-29 07:20:00+00:00,1,0.4898826507735979
2026-01-29 07:25:00+00:00,1,0.4965088950480422
2026-01-29 07:30:00+00:00,0,0.4915711622428715
2026-01-29 07:35:00+00:00,0,0.4898915696937625
2026-01-29 07:40:00+00:00,0,0.4883718832916658
2026-01-29 07:45:00+00:00,0,0.4929943137992362
2026-01-29 07:50:00+00:00,0,0.5016572919019454
2026-01-29 07:55:00+00:00,1,0.5018478843134521
2026-01-29 08:00:00+00:00,1,0.5072106590639935
2026-01-29 08:05:00+00:00,1,0.5156373519759575
2026-01-29 08:10:00+00:00,1,0.5212886212910678
2026-01-29 08:15:00+00:00,1,0.5141962919234842
2026-01-29 08:20:00+00:00,1,0.5114982648555273
2026-01-29 08:25:00+00:00,0,0.47081151396905047
2026-01-29 08:30:00+00:00,0,0.4813408329765619
2026-01-29 08:35:00+00:00,0,0.483498038060259
2026-01-29 08:40:00+00:00,0,0.4884665643680675
2026-01-29 08:45:00+00:00,1,0.49881703645200437
2026-01-29 08:50:00+00:00,1,0.500650707655408
2026-01-29 08:55:00+00:00,0,0.4991799059054346
2026-01-29 09:00:00+00:00,0,0.4880755934752176
2026-01-29 09:05:00+00:00,1,0.48814548014606146
2026-01-29 09:10:00+00:00,0,0.5014839544560067
2026-01-29 09:15:00+00:00,0,0.5014747329978029
2026-01-29 09:20:00+00:00,0,0.49627466960855127
2026-01-29 09:25:00+00:00,0,0.49479830317615875
2026-01-29 09:30:00+00:00,0,0.49379486394478117
2026-01-29 09:35:00+00:00,0,0.4806627842809477
2026-01-29 09:40:00+00:00,0,0.5034499929476499
2026-01-29 09:45:00+00:00,0,0.5022345227863892
2026-01-29 09:50:00+00:00,0,0.5040147514930429
2026-01-29 09:55:00+00:00,1,0.511931852546561
2026-01-29 10:00:00+00:00,0,0.5111722548098603
2026-01-29 10:05:00+00:00,0,0.5092412031718517
2026-01-29 10:10:00+00:00,0,0.5140621782228383
2026-01-29 10:15:00+00:00,0,0.5105372099261853
2026-01-29 10:20:00+00:00,0,0.5039052277482582
2026-01-29 10:25:00+00:00,0,0.506231443573014
2026-01-29 10:30:00+00:00,0,0.5135753034325361
2026-01-29 10:35:00+00:00,0,0.5102486923008162
2026-01-29 10:40:00+00:00,0,0.5164604453676791
2026-01-29 10:45:00+00:00,0,0.5161929406933734
2026-01-29 10:50:00+00:00,0,0.5106837842129083
2026-01-29 10:55:00+00:00,0,0.5168818616826757
2026-01-29 11:00:00+00:00,0,0.5182879270831802
2026-01-29 11:05:00+00:00,0,0.5122326666677616
2026-01-29 11:10:00+00:00,0,0.5111879616494588
2026-01-29 11:15:00+00:00,0,0.5249796325026703
2026-01-29 11:20:00+00:00,0,0.5166408981018656
2026-01-29 11:25:00+00:00,1,0.5227484873879392
2026-01-29 11:30:00+00:00,1,0.5274717729567271
2026-01-29 11:35:00+00:00,1,0.5167252108828407
2026-01-29 11:40:00+00:00,1,0.5169337281394181
2026-01-29 11:45:00+00:00,1,0.516214979943744
2026-01-29 11:50:00+00:00,1,0.5080910460488882
2026-01-29 11:55:00+00:00,1,0.5072673213423922
2026-01-29 12:00:00+00:00,1,0.5095706617929862
2026-01-29 12:05:00+00:00,0,0.5033463210133758
2026-01-29 12:10:00+00:00,0,0.5046422023800108
2026-01-29 12:15:00+00:00,0,0.5062135564386627
2026-01-29 12:20:00+00:00,0,0.5025579698576332
2026-01-29 12:25:00+00:00,0,0.5055419232337699
2026-01-29 12:30:00+00:00,0,0.5046887649333012
2026-01-29 12:35:00+00:00,1,0.5210637553766326
2026-01-29 12:40:00+00:00,1,0.5048959486817646
2026-01-29 12:45:00+00:00,1,0.505869677509068
2026-01-29 12:50:00+00:00,1,0.5018647599353814
2026-01-29 12:55:00+00:00,1,0.49920954164817405
2026-01-29 13:00:00+00:00,1,0.4838669300759737
2026-01-29 13:05:00+00:00,1,0.48512131263282965
2026-01-29 13:10:00+00:00,1,0.4760692997400813
2026-01-29 13:15:00+00:00,1,0.47364502227895683
2026-01-29 13:20:00+00:00,0,0.4699731243901274
2026-01-29 13:25:00+00:00,1,0.468013553613316
2026-01-29 13:30:00+00:00,1,0.47323421754127926
2026-01-29 13:35:00+00:00,1,0.469567427475991
2026-01-29 13:40:00+00:00,1,0.47447900368668633
2026-01-29 13:45:00+00:00,1,0.4768382871642899
2026-01-29 13:50:00+00:00,1,0.47342701616817706
2026-01-29 13:55:00+00:00,0,0.46975592594781707
2026-01-29 14:00:00+00:00,0,0.4776770346804591
2026-01-29 14:05:00+00:00,0,0.4709580062809961
2026-01-29 14:10:00+00:00,0,0.4796183452735796
2026-01-29 14:15:00+00:00,0,0.47798180343419056
2026-01-29 14:20:00+00:00,0,0.4790796360134462
2026-01-29 14:25:00+00:00,0,0.5035995525703734
2026-01-29 14:30:00+00:00,0,0.5039895276165516
2026-01-29 14:35:00+00:00,0,0.49895139201189076
2026-01-29 14:40:00+00:00,0,0.5186835201267028
2026-01-29 14:45:00+00:00,0,0.5171377539262962
2026-01-29 14:50:00+00:00,0,0.5230975593718851
2026-01-29 14:55:00+00:00,0,0.5468698520608879
2026-01-29 15:00:00+00:00,0,0.5532074276466264
2026-01-29 15:05:00+00:00,0,0.5673204384350199
2026-01-29 15:10:00+00:00,0,0.5403831364551538
2026-01-29 15:15:00+00:00,0,0.5449805028680186
2026-01-29 15:20:00+00:00,0,0.5566146658738331
2026-01-29 15:25:00+00:00,0,0.5498651628293086
2026-01-29 15:30:00+00:00,0,0.5380810395393908
2026-01-29 15:35:00+00:00,1,0.5028484357084768
2026-01-29 15:40:00+00:00,1,0.5162735000047045
2026-01-29 15:45:00+00:00,1,0.5061714515342931
2026-01-29 15:50:00+00:00,1,0.525010520413085
2026-01-29 15:55:00+00:00,1,0.5244451828270214
2026-01-29 16:00:00+00:00,1,0.5250670929099456
2026-01-29 16:05:00+00:00,1,0.5160082975299244
2026-01-29 16:10:00+00:00,1,0.5233180687773128
2026-01-29 16:15:00+00:00,1,0.5210016086686096
2026-01-29 16:20:00+00:00,1,0.49622684232937386
2026-01-29 16:25:00+00:00,1,0.48874914319637536
2026-01-29 16:30:00+00:00,1,0.4951450559844584
2026-01-29 16:35:00+00:00,1,0.4915551501854894
2026-01-29 16:40:00+00:00,1,0.49232506876323034
2026-01-29 16:45:00+00:00,1,0.4843382246690979
2026-01-29 16:50:00+00:00,1,0.4691808418841644
2026-01-29 16:55:00+00:00,1,0.47243620508391454
2026-01-29 17:00:00+00:00,0,0.48572113271744843
2026-01-29 17:05:00+00:00,0,0.4863086365619368
2026-01-29 17:10:00+00:00,0,0.47491187464440204
2026-01-29 17:15:00+00:00,0,0.5061690570411865
2026-01-29 17:20:00+00:00,0,0.48417959829017465
2026-01-29 17:25:00+00:00,0,0.4768334920764013
2026-01-29 17:30:00+00:00,0,0.4714314056715258
2026-01-29 17:35:00+00:00,0,0.4813837142780681
2026-01-29 17:40:00+00:00,0,0.4774479813294648
2026-01-29 17:45:00+00:00,0,0.47908249551551907
2026-01-29 17:50:00+00:00,0,0.4820940026131449
2026-01-29 17:55:00+00:00,0,0.4815482998650319
2026-01-29 18:00:00+00:00,0,0.4763012879289722
2026-01-29 18:05:00+00:00,0,0.4809059306565717
2026-01-29 18:10:00+00:00,0,0.502986923920924
2026-01-29 18:15:00+00:00,0,0.5361025298021842
2026-01-29 18:20:00+00:00,0,0.5240008497515689
2026-01-29 18:25:00+00:00,0,0.5259106940569513
2026-01-29 18:30:00+00:00,0,0.5299775137098681
2026-01-29 18:35:00+00:00,0,0.5209213678411069
2026-01-29 18:40:00+00:00,0,0.5129702582212193
2026-01-29 18:45:00+00:00,0,0.5265922176141692
2026-01-29 18:50:00+00:00,1,0.5350364364200411
2026-01-29 18:55:00+00:00,1,0.5122491084169125
2026-01-29 19:00:00+00:00,1,0.5179604641825524
2026-01-29 19:05:00+00:00,1,0.5170051068793764
2026-01-29 19:10:00+00:00,1,0.5115914431684643
2026-01-29 19:15:00+00:00,1,0.5058010531714966
2026-01-29 19:20:00+00:00,1,0.5058693862749077
2026-01-29 19:25:00+00:00,1,0.5019602013701555
2026-01-29 19:30:00+00:00,0,0.49543714692444635
2026-01-29 19:35:00+00:00,0,0.49025014525570504
2026-01-29 19:40:00+00:00,0,0.48816109121480167
2026-01-29 19:45:00+00:00,0,0.4905397023225081
2026-01-29 19:50:00+00:00,0,0.48005389409141896
2026-01-29 19:55:00+00:00,1,0.4958833179689748
2026-01-29 20:00:00+00:00,1,0.5048295032744008
2026-01-29 20:05:00+00:00,1,0.5011554424869196
2026-01-29 20:10:00+00:00,1,0.5093291060907453
2026-01-29 20:15:00+00:00,1,0.48713818227174377
2026-01-29 20:20:00+00:00,1,0.4777036279330169
2026-01-29 20:25:00+00:00,1,0.48029617281834996
2026-01-29 20:30:00+00:00,1,0.47782208207837407
2026-01-29 20:35:00+00:00,1,0.4790981008280336
2026-01-29 20:40:00+00:00,1,0.4741191147293327
2026-01-29 20:45:00+00:00,1,0.4710095102187231
2026-01-29 20:50:00+00:00,1,0.47437696050395955
2026-01-29 20:55:00+00:00,1,0.47882013482375946
2026-01-29 21:00:00+00:00,0,0.4679831066375288
2026-01-29 21:05:00+00:00,0,0.4688818578982355
2026-01-29 21:10:00+00:00,0,0.47256143982479176
2026-01-29 21:15:00+00:00,1,0.4741117185354963
2026-01-29 21:20:00+00:00,1,0.47522771776397066
2026-01-29 21:25:00+00:00,1,0.47775705096507026
2026-01-29 21:30:00+00:00,1,0.4785664427944311
2026-01-29 21:35:00+00:00,1,0.4785942041859491
2026-01-29 21:40:00+00:00,0,0.4798528579524441
2026-01-29 21:45:00+00:00,0,0.47639690784068695
2026-01-29 21:50:00+00:00,0,0.4798967542113057
2026-01-29 21:55:00+00:00,1,0.47948009835397687
2026-01-29 22:00:00+00:00,0,0.47518397551228864
2026-01-29 22:05:00+00:00,0,0.47893031639207495
2026-01-29 22:10:00+00:00,0,0.48378160331729947
2026-01-29 22:15:00+00:00,0,0.48351892583982564
2026-01-29 22:20:00+00:00,0,0.48619202001205275
2026-01-29 22:25:00+00:00,0,0.48446072411539415
2026-01-29 22:30:00+00:00,0,0.4881567869157769
2026-01-29 22:35:00+00:00,0,0.48769664816116404
2026-01-29 22:40:00+00:00,0,0.49924836778622045
2026-01-29 22:45:00+00:00,0,0.496639523182656
2026-01-29 22:50:00+00:00,0,0.4950250527704455
2026-01-29 22:55:00+00:00,0,0.5138002078489581
2026-01-29 23:00:00+00:00,1,0.5146089542522333
2026-01-29 23:05:00+00:00,1,0.5166392310490643
2026-01-29 23:10:00+00:00,1,0.5167652275191691
2026-01-29 23:15:00+00:00,1,0.5128147918690538
2026-01-29 23:20:00+00:00,1,0.5101806354792562
2026-01-29 23:25:00+00:00,1,0.5106193014023649
2026-01-29 23:30:00+00:00,1,0.4869378761353424
2026-01-29 23:35:00+00:00,1,0.49215516837842943
2026-01-29 23:40:00+00:00,1,0.5041223747042676
2026-01-29 23:45:00+00:00,1,0.4883502770024128
2026-01-29 23:50:00+00:00,1,0.48143515870346804
2026-01-29 23:55:00+00:00,1,0.480463540407128
2026-01-30 00:00:00+00:00,1,0.4705344624925786
2026-01-30 00:05:00+00:00,0,0.46939181275040864
2026-01-30 00:10:00+00:00,1,0.4714648585712335
2026-01-30 00:15:00+00:00,1,0.4717900296653071
2026-01-30 00:20:00+00:00,1,0.47182690990936677
2026-01-30 00:25:00+00:00,1,0.47353987647755796
2026-01-30 00:30:00+00:00,1,0.47352204916096946
2026-01-30 00:35:00+00:00,1,0.48457867429261453
2026-01-30 00:40:00+00:00,1,0.4801246235993589
2026-01-30 00:45:00+00:00,1,0.4715548107648985
2026-01-30 00:50:00+00:00,1,0.47426017641246654
2026-01-30 00:55:00+00:00,1,0.47299074058603824
2026-01-30 01:00:00+00:00,1,0.47218457045015083
2026-01-30 01:05:00+00:00,0,0.4700823555290907
2026-01-30 01:10:00+00:00,0,0.4655665240177359
2026-01-30 01:15:00+00:00,0,0.4695012218752441
2026-01-30 01:20:00+00:00,0,0.4776343335243391
2026-01-30 01:25:00+00:00,0,0.48069246340415395
2026-01-30 01:30:00+00:00,0,0.4811445654536614
2026-01-30 01:35:00+00:00,0,0.5257494136070341
2026-01-30 01:40:00+00:00,0,0.5968183882598391
2026-01-30 01:45:00+00:00,0,0.60430241388215
2026-01-30 01:50:00+00:00,0,0.5810941777461855
2026-01-30 01:55:00+00:00,0,0.5743927337842192
2026-01-30 02:00:00+00:00,0,0.5719005873629043
2026-01-30 02:05:00+00:00,0,0.5584503367851597
2026-01-30 02:10:00+00:00,1,0.5578548170044629
2026-01-30 02:15:00+00:00,1,0.5536540239706641
2026-01-30 02:20:00+00:00,1,0.5563324917166278
2026-01-30 02:25:00+00:00,1,0.5443446777522639
2026-01-30 02:30:00+00:00,1,0.53862625942334
2026-01-30 02:35:00+00:00,1,0.5470098926002123
2026-01-30 02:40:00+00:00,1,0.5368098870669427
2026-01-30 02:45:00+00:00,1,0.5344861493189716
2026-01-30 02:50:00+00:00,1,0.5142291662550319
2026-01-30 02:55:00+00:00,1,0.5164205827697751
2026-01-30 03:00:00+00:00,1,0.5049315916986711
2026-01-30 03:05:00+00:00,0,0.5030501028551639
2026-01-30 03:10:00+00:00,0,0.5016539881090732
2026-01-30 03:15:00+00:00,0,0.4957990515048931
2026-01-30 03:20:00+00:00,0,0.4904395872654452
2026-01-30 03:25:00+00:00,0,0.492142776531985
2026-01-30 03:30:00+00:00,0,0.49795419878037445
2026-01-30 03:35:00+00:00,1,0.5028214368755533
2026-01-30 03:40:00+00:00,1,0.5010182925691831
2026-01-30 03:45:00+00:00,1,0.5077251526476768
2026-01-30 03:50:00+00:00,1,0.5050143394274239
2026-01-30 03:55:00+00:00,1,0.4907918365211647
2026-01-30 04:00:00+00:00,1,0.4828225026669579
2026-01-30 04:05:00+00:00,1,0.46929983011282184
2026-01-30 04:10:00+00:00,1,0.4756240654600084
2026-01-30 04:15:00+00:00,1,0.47176246154559254
2026-01-30 04:20:00+00:00,0,0.46986648625664834
2026-01-30 04:25:00+00:00,0,0.4735302998698326
2026-01-30 04:30:00+00:00,0,0.4755589866398085
2026-01-30 04:35:00+00:00,0,0.4837642317481338
2026-01-30 04:40:00+00:00,0,0.4773083149691217
2026-01-30 04:45:00+00:00,0,0.4805706315334715
2026-01-30 04:50:00+00:00,0,0.48493995401539985
2026-01-30 04:55:00+00:00,1,0.4902771403971698
2026-01-30 05:00:00+00:00,1,0.478748067934145
2026-01-30 05:05:00+00:00,1,0.48783503350959184
2026-01-30 05:10:00+00:00,1,0.4989881138580926
2026-01-30 05:15:00+00:00,1,0.4928964238050203
2026-01-30 05:20:00+00:00,1,0.4991056986022358
2026-01-30 05:25:00+00:00,0,0.4710700984186781
2026-01-30 05:30:00+00:00,0,0.4701720144550443
2026-01-30 05:35:00+00:00,0,0.49766349014333
2026-01-30 05:40:00+00:00,0,0.4960037757162346
2026-01-30 05:45:00+00:00,0,0.4886229533180989
2026-01-30 05:50:00+00:00,0,0.48149896304474066
2026-01-30 05:55:00+00:00,0,0.4942916471308541
2026-01-30 06:00:00+00:00,0,0.5082186950673776
2026-01-30 06:05:00+00:00,0,0.5101315953131217
2026-01-30 06:10:00+00:00,0,0.5176834547592298
2026-01-30 06:15:00+00:00,0,0.5160793388522984
2026-01-30 06:20:00+00:00,0,0.5217627110923949
2026-01-30 06:25:00+00:00,0,0.5320145384409646
2026-01-30 06:30:00+00:00,0,0.5258113747150782
2026-01-30 06:35:00+00:00,1,0.5250129124973162
2026-01-30 06:40:00+00:00,1,0.5349428314225845
2026-01-30 06:45:00+00:00,1,0.526470977243851
2026-01-30 06:50:00+00:00,1,0.5155809650329116
2026-01-30 06:55:00+00:00,1,0.5154969855420123
2026-01-30 07:00:00+00:00,1,0.5099398735190991
2026-01-30 07:05:00+00:00,0,0.49609679886930125
2026-01-30 07:10:00+00:00,0,0.4810442510517622
2026-01-30 07:15:00+00:00,0,0.4696355026195402
2026-01-30 07:20:00+00:00,0,0.4778179722058592
2026-01-30 07:25:00+00:00,0,0.4790198397582229
2026-01-30 07:30:00+00:00,1,0.4779214465078982
2026-01-30 07:35:00+00:00,1,0.5023793994329414
2026-01-30 07:40:00+00:00,1,0.49367483442001947
2026-01-30 07:45:00+00:00,1,0.48104223879313823
2026-01-30 07:50:00+00:00,0,0.4783969944326233
2026-01-30 07:55:00+00:00,0,0.47602612524406107
2026-01-30 08:00:00+00:00,0,0.4750920782224476
2026-01-30 08:05:00+00:00,0,0.47616076705952154
2026-01-30 08:10:00+00:00,0,0.47291853735166495
2026-01-30 08:15:00+00:00,0,0.47681223120898625
2026-01-30 08:20:00+00:00,0,0.48424834739537753
2026-01-30 08:25:00+00:00,0,0.4724351160129183
2026-01-30 08:30:00+00:00,1,0.505323880675478
2026-01-30 08:35:00+00:00,1,0.501880494858035
2026-01-30 08:40:00+00:00,1,0.4996997748077956
2026-01-30 08:45:00+00:00,0,0.4855940382480335
2026-01-30 08:50:00+00:00,0,0.4894497892834352
2026-01-30 08:55:00+00:00,0,0.48697764277674344
2026-01-30 09:00:00+00:00,0,0.48456620452052057
2026-01-30 09:05:00+00:00,0,0.488632977518351
2026-01-30 09:10:00+00:00,0,0.4849319663901932
2026-01-30 09:15:00+00:00,0,0.50648115276082
2026-01-30 09:20:00+00:00,0,0.5087941978590373
2026-01-30 09:25:00+00:00,0,0.5186445683208453
2026-01-30 09:30:00+00:00,0,0.5049341130838055
2026-01-30 09:35:00+00:00,0,0.5066055915582957
2026-01-30 09:40:00+00:00,0,0.50114443380568
2026-01-30 09:45:00+00:00,1,0.50966640425494
2026-01-30 09:50:00+00:00,1,0.5157789258211734
2026-01-30 09:55:00+00:00,1,0.5133327466087861
2026-01-30 10:00:00+00:00,1,0.5164642328109791
2026-01-30 10:05:00+00:00,1,0.5167546695424997
2026-01-30 10:10:00+00:00,0,0.5053563110772659
2026-01-30 10:15:00+00:00,1,0.5003908529328526
2026-01-30 10:20:00+00:00,0,0.5016679467295593
2026-01-30 10:25:00+00:00,1,0.5049809565284509
2026-01-30 10:30:00+00:00,1,0.5018272479438048
2026-01-30 10:35:00+00:00,1,0.508733340310796
2026-01-30 10:40:00+00:00,1,0.5034066612823462
2026-01-30 10:45:00+00:00,1,0.5013873769278744
2026-01-30 10:50:00+00:00,1,0.5010470864005612
2026-01-30 10:55:00+00:00,0,0.49549228031504283
2026-01-30 11:00:00+00:00,1,0.4992549816813902
2026-01-30 11:05:00+00:00,1,0.49942396211589934
2026-01-30 11:10:00+00:00,0,0.4918923841478951
2026-01-30 11:15:00+00:00,0,0.49786755307490493
2026-01-30 11:20:00+00:00,1,0.4950572785546704
2026-01-30 11:25:00+00:00,1,0.5032592944967103
2026-01-30 11:30:00+00:00,1,0.47844379772604856
2026-01-30 11:35:00+00:00,1,0.49367755117127704
2026-01-30 11:40:00+00:00,1,0.49384400507432596
2026-01-30 11:45:00+00:00,1,0.4989237118397603
2026-01-30 11:50:00+00:00,0,0.47851542481466297
2026-01-30 11:55:00+00:00,0,0.4719763736792029
2026-01-30 12:00:00+00:00,0,0.4740812811907729
2026-01-30 12:05:00+00:00,0,0.477897524840894
2026-01-30 12:10:00+00:00,0,0.4770999937901638
2026-01-30 12:15:00+00:00,0,0.4726955451005123
2026-01-30 12:20:00+00:00,0,0.4789457452438322
2026-01-30 12:25:00+00:00,1,0.48971618738123707
2026-01-30 12:30:00+00:00,1,0.5026011871156328
2026-01-30 12:35:00+00:00,0,0.4891575601797958
2026-01-30 12:40:00+00:00,1,0.508826210805625
2026-01-30 12:45:00+00:00,0,0.48556880720492385
2026-01-30 12:50:00+00:00,0,0.5072033232661765
2026-01-30 12:55:00+00:00,0,0.48619558152105613
2026-01-30 13:00:00+00:00,0,0.5015791761158815
2026-01-30 13:05:00+00:00,0,0.5070766847370226
2026-01-30 13:10:00+00:00,0,0.5048613146584225
2026-01-30 13:15:00+00:00,0,0.4981881389832204
2026-01-30 13:20:00+00:00,0,0.506873013184227
2026-01-30 13:25:00+00:00,0,0.497316887087008
2026-01-30 13:30:00+00:00,0,0.504631837995016
2026-01-30 13:35:00+00:00,1,0.5093105455486598
2026-01-30 13:40:00+00:00,1,0.5015097693776959
2026-01-30 13:45:00+00:00,1,0.5129577255056802
2026-01-30 13:50:00+00:00,1,0.5155420725947786
2026-01-30 13:55:00+00:00,1,0.5057327668324925
2026-01-30 14:00:00+00:00,1,0.49967047167632345
2026-01-30 14:05:00+00:00,1,0.5013945841175489
2026-01-30 14:10:00+00:00,1,0.4945146598174272
2026-01-30 14:15:00+00:00,1,0.4998669501876379
2026-01-30 14:20:00+00:00,0,0.5027411247796777
2026-01-30 14:25:00+00:00,1,0.5095347841039355
2026-01-30 14:30:00+00:00,1,0.5021391014756525
2026-01-30 14:35:00+00:00,0,0.4758313914181613
2026-01-30 14:40:00+00:00,0,0.4702040146817184
2026-01-30 14:45:00+00:00,0,0.4774691674264218
2026-01-30 14:50:00+00:00,0,0.506843084378812
2026-01-30 14:55:00+00:00,0,0.499870790187862
2026-01-30 15:00:00+00:00,0,0.4861618570037895
2026-01-30 15:05:00+00:00,0,0.4824894359976835
2026-01-30 15:10:00+00:00,1,0.5062336211836982
2026-01-30 15:15:00+00:00,1,0.5132427027117744
2026-01-30 15:20:00+00:00,1,0.5196803550552914
2026-01-30 15:25:00+00:00,1,0.5288089902034375
2026-01-30 15:30:00+00:00,1,0.5277202350690828
2026-01-30 15:35:00+00:00,1,0.5161007212477968
2026-01-30 15:40:00+00:00,0,0.48739055064543385
2026-01-30 15:45:00+00:00,1,0.5061921523276676
2026-01-30 15:50:00+00:00,0,0.49901217600189246
2026-01-30 15:55:00+00:00,1,0.5019747037676617
2026-01-30 16:00:00+00:00,1,0.5096275886286671
2026-01-30 16:05:00+00:00,1,0.49621914908399123
2026-01-30 16:10:00+00:00,1,0.48188302234854996
2026-01-30 16:15:00+00:00,1,0.48405782805605724
2026-01-30 16:20:00+00:00,1,0.5102252898927826
2026-01-30 16:25:00+00:00,1,0.48985612974481835
2026-01-30 16:30:00+00:00,0,0.4865509594012763
2026-01-30 16:35:00+00:00,0,0.480665590963025
2026-01-30 16:40:00+00:00,0,0.47968738095141117
2026-01-30 16:45:00+00:00,0,0.4841526964048796
2026-01-30 16:50:00+00:00,1,0.48725014237631115
2026-01-30 16:55:00+00:00,1,0.48554735443031755
2026-01-30 17:00:00+00:00,1,0.5062017999182914
2026-01-30 17:05:00+00:00,1,0.5056633430050276
2026-01-30 17:10:00+00:00,1,0.5103774454986324
2026-01-30 17:15:00+00:00,1,0.4888835436697283
2026-01-30 17:20:00+00:00,0,0.47472327597355407
2026-01-30 17:25:00+00:00,0,0.47452236397957337
2026-01-30 17:30:00+00:00,0,0.4954875739268344
2026-01-30 17:35:00+00:00,0,0.4858427800291282
2026-01-30 17:40:00+00:00,0,0.48411474540072075
2026-01-30 17:45:00+00:00,0,0.48769802837987175
2026-01-30 17:50:00+00:00,0,0.5216370291926944
2026-01-30 17:55:00+00:00,0,0.5152855531836573
2026-01-30 18:00:00+00:00,0,0.5015439952608658
2026-01-30 18:05:00+00:00,0,0.5166236726504592
2026-01-30 18:10:00+00:00,1,0.5217998430037147
2026-01-30 18:15:00+00:00,1,0.59299834858712
2026-01-30 18:20:00+00:00,1,0.6035605631862452
2026-01-30 18:25:00+00:00,1,0.5813706206399782
2026-01-30 18:30:00+00:00,1,0.5574617192165309
2026-01-30 18:35:00+00:00,1,0.5415567896570321
2026-01-30 18:40:00+00:00,1,0.5321527247349597
2026-01-30 18:45:00+00:00,1,0.5213143850661287
2026-01-30 18:50:00+00:00,1,0.5285965475468214
2026-01-30 18:55:00+00:00,1,0.5356267697728256
2026-01-30 19:00:00+00:00,0,0.534060177432363
2026-01-30 19:05:00+00:00,0,0.5216380021465999
2026-01-30 19:10:00+00:00,0,0.5170512335995415
2026-01-30 19:15:00+00:00,0,0.5222567102533597
2026-01-30 19:20:00+00:00,0,0.526679294402759
2026-01-30 19:25:00+00:00,0,0.5021908836751457
2026-01-30 19:30:00+00:00,0,0.514959101385998
2026-01-30 19:35:00+00:00,0,0.4994958240321027
2026-01-30 19:40:00+00:00,0,0.49133097756152744
2026-01-30 19:45:00+00:00,0,0.4926152944102761
2026-01-30 19:50:00+00:00,0,0.4881509471615306
2026-01-30 19:55:00+00:00,0,0.49073409729302503
2026-01-30 20:00:00+00:00,0,0.499065741389105
2026-01-30 20:05:00+00:00,0,0.515379644507975
2026-01-30 20:10:00+00:00,0,0.5118129467033998
2026-01-30 20:15:00+00:00,0,0.5007820829566804
2026-01-30 20:20:00+00:00,0,0.5300712298112291
2026-01-30 20:25:00+00:00,0,0.536234605672144
2026-01-30 20:30:00+00:00,0,0.5225584928817474
2026-01-30 20:35:00+00:00,0,0.55624158930854
2026-01-30 20:40:00+00:00,0,0.5319151411331781
2026-01-30 20:45:00+00:00,1,0.5300121307762665
2026-01-30 20:50:00+00:00,1,0.5282689247089304
2026-01-30 20:55:00+00:00,1,0.5310165747758244
2026-01-30 21:00:00+00:00,1,0.5129654373724132
2026-01-30 21:05:00+00:00,1,0.5247193870489676
2026-01-30 21:10:00+00:00,1,0.5157455848167696
2026-01-30 21:15:00+00:00,1,0.5111450104653609
2026-01-30 21:20:00+00:00,1,0.5111789282742111
2026-01-30 21:25:00+00:00,1,0.5087246553567435
2026-01-30 21:30:00+00:00,0,0.49866398182979804
2026-01-30 21:35:00+00:00,1,0.5131387796894233
2026-01-30 21:40:00+00:00,0,0.5123375474821319
2026-01-30 21:45:00+00:00,0,0.501043631793316
2026-01-30 21:50:00+00:00,0,0.5026156404854047
2026-01-30 21:55:00+00:00,0,0.5102399776257988
2026-01-30 22:00:00+00:00,0,0.510033260211834
2026-01-30 22:05:00+00:00,0,0.5068835493014279
2026-01-30 22:10:00+00:00,1,0.5168923842912154
2026-01-30 22:15:00+00:00,1,0.519117329154884
2026-01-30 22:20:00+00:00,1,0.5144008970318525
2026-01-30 22:25:00+00:00,1,0.5184523617962233
2026-01-30 22:30:00+00:00,0,0.5102269803944095
2026-01-30 22:35:00+00:00,0,0.5078054494242916
2026-01-30 22:40:00+00:00,0,0.5063069088208324
2026-01-30 22:45:00+00:00,0,0.48273993037590474
2026-01-30 22:50:00+00:00,0,0.49571244643088214
2026-01-30 22:55:00+00:00,0,0.49476342009000074
2026-01-30 23:00:00+00:00,0,0.5149000377374272
2026-01-30 23:05:00+00:00,1,0.5160511794893093
2026-01-30 23:10:00+00:00,1,0.5154237225561502
2026-01-30 23:15:00+00:00,1,0.5108194621918007
2026-01-30 23:20:00+00:00,1,0.5095234279612894
2026-01-30 23:25:00+00:00,1,0.5138239037548131
2026-01-30 23:30:00+00:00,1,0.5050225446650842
2026-01-30 23:35:00+00:00,1,0.5084329082744042
2026-01-30 23:40:00+00:00,0,0.48652737570017185
2026-01-30 23:45:00+00:00,0,0.47872428022221397
2026-01-30 23:50:00+00:00,0,0.4840385062623818
2026-01-30 23:55:00+00:00,0,0.503423739845793
2026-01-31 00:00:00+00:00,1,0.509250629179248
2026-01-31 00:05:00+00:00,1,0.501495346407178
2026-01-31 00:10:00+00:00,1,0.5065367180033862
2026-01-31 00:15:00+00:00,0,0.4894003932467894
2026-01-31 00:20:00+00:00,0,0.5097348299813187
2026-01-31 00:25:00+00:00,0,0.5052194778155774
2026-01-31 00:30:00+00:00,0,0.508304322322112
2026-01-31 00:35:00+00:00,1,0.4857993763966769
2026-01-31 00:40:00+00:00,1,0.48569530483471623
2026-01-31 00:45:00+00:00,1,0.4994652913335052
2026-01-31 00:50:00+00:00,1,0.5092326317416888
2026-01-31 00:55:00+00:00,1,0.5131999309301051
2026-01-31 01:00:00+00:00,0,0.5109873675546335
2026-01-31 01:05:00+00:00,0,0.48697307563993314
2026-01-31 01:10:00+00:00,0,0.4858251612009741
2026-01-31 01:15:00+00:00,0,0.4944381142301186
2026-01-31 01:20:00+00:00,0,0.49753536571194584
2026-01-31 01:25:00+00:00,0,0.513943191169541
2026-01-31 01:30:00+00:00,1,0.5256912259983755
2026-01-31 01:35:00+00:00,0,0.5218781137073711
2026-01-31 01:40:00+00:00,0,0.5123552610415254
2026-01-31 01:45:00+00:00,0,0.5193185158761477
2026-01-31 01:50:00+00:00,0,0.5122769540268334
2026-01-31 01:55:00+00:00,0,0.5090434297089957
2026-01-31 02:00:00+00:00,0,0.514936454005071
2026-01-31 02:05:00+00:00,1,0.5211273151817263
2026-01-31 02:10:00+00:00,1,0.5134234135092275
2026-01-31 02:15:00+00:00,1,0.5256197350692496
2026-01-31 02:20:00+00:00,1,0.5262732627135964
2026-01-31 02:25:00+00:00,1,0.5221411638861878
2026-01-31 02:30:00+00:00,1,0.5153350391886733
2026-01-31 02:35:00+00:00,0,0.5125121548233734
2026-01-31 02:40:00+00:00,0,0.508313507408548
2026-01-31 02:45:00+00:00,0,0.5076627613542672
2026-01-31 02:50:00+00:00,0,0.5100415610623187
2026-01-31 02:55:00+00:00,0,0.511852341063895
2026-01-31 03:00:00+00:00,0,0.5125574658001639
2026-01-31 03:05:00+00:00,0,0.520375887481424
2026-01-31 03:10:00+00:00,0,0.5240932997129563
2026-01-31 03:15:00+00:00,0,0.5229879600849325
2026-01-31 03:20:00+00:00,0,0.522097173445425
2026-01-31 03:25:00+00:00,0,0.5246522064050915
2026-01-31 03:30:00+00:00,1,0.5232270644227103
2026-01-31 03:35:00+00:00,1,0.5259206543326166
2026-01-31 03:40:00+00:00,1,0.516825591462667
2026-01-31 03:45:00+00:00,1,0.5219863732584838
2026-01-31 03:50:00+00:00,1,0.5205041508185969
2026-01-31 03:55:00+00:00,1,0.5126821002588273
2026-01-31 04:00:00+00:00,1,0.510406198404239
2026-01-31 04:05:00+00:00,0,0.5082139079399476
2026-01-31 04:10:00+00:00,0,0.5098804068853647
2026-01-31 04:15:00+00:00,0,0.5117010169205712
2026-01-31 04:20:00+00:00,0,0.5038148709327909
2026-01-31 04:25:00+00:00,0,0.5056367812036274
2026-01-31 04:30:00+00:00,0,0.5064143774124736
2026-01-31 04:35:00+00:00,0,0.5146475301399733
2026-01-31 04:40:00+00:00,0,0.5154082815414087
2026-01-31 04:45:00+00:00,0,0.5171889065860639
2026-01-31 04:50:00+00:00,1,0.5186548231330751
2026-01-31 04:55:00+00:00,1,0.5190247642004032
2026-01-31 05:00:00+00:00,1,0.5151524428801103
2026-01-31 05:05:00+00:00,1,0.5198582390846274
2026-01-31 05:10:00+00:00,0,0.5108002808176082
2026-01-31 05:15:00+00:00,0,0.4997382280580067
2026-01-31 05:20:00+00:00,0,0.5120902259284519
2026-01-31 05:25:00+00:00,0,0.5090067969950042
2026-01-31 05:30:00+00:00,0,0.5052942267804221
2026-01-31 05:35:00+00:00,0,0.517301318501118
2026-01-31 05:40:00+00:00,0,0.5163087110174114
2026-01-31 05:45:00+00:00,0,0.5092940161359693
2026-01-31 05:50:00+00:00,0,0.5126240902668122
2026-01-31 05:55:00+00:00,0,0.5101492877805588
2026-01-31 06:00:00+00:00,0,0.5149303972644703
2026-01-31 06:05:00+00:00,0,0.510667527504707
2026-01-31 06:10:00+00:00,0,0.5156490229907991
2026-01-31 06:15:00+00:00,0,0.5169430598320376
2026-01-31 06:20:00+00:00,0,0.5271864189728652
2026-01-31 06:25:00+00:00,1,0.5251145686845834
2026-01-31 06:30:00+00:00,1,0.5260877847670183
2026-01-31 06:35:00+00:00,1,0.5216305747667721
2026-01-31 06:40:00+00:00,1,0.5190292988772021
2026-01-31 06:45:00+00:00,1,0.5160129762962448
2026-01-31 06:50:00+00:00,0,0.501826669173684
2026-01-31 06:55:00+00:00,0,0.5044057928115653
2026-01-31 07:00:00+00:00,0,0.5043761401832192
2026-01-31 07:05:00+00:00,0,0.5054140154647236
2026-01-31 07:10:00+00:00,0,0.5023775907328742
2026-01-31 07:15:00+00:00,0,0.5083952742161599
2026-01-31 07:20:00+00:00,0,0.5049364222904132
2026-01-31 07:25:00+00:00,0,0.5057504130222238
2026-01-31 07:30:00+00:00,0,0.5163438868957555
2026-01-31 07:35:00+00:00,1,0.5199063123258949
2026-01-31 07:40:00+00:00,0,0.5158834850701098
2026-01-31 07:45:00+00:00,0,0.5125513373125018
2026-01-31 07:50:00+00:00,0,0.5126580527588188
2026-01-31 07:55:00+00:00,0,0.49752585865635923
2026-01-31 08:00:00+00:00,0,0.5052096739538742
2026-01-31 08:05:00+00:00,0,0.5065167023911068
2026-01-31 08:10:00+00:00,0,0.5149979424450478
2026-01-31 08:15:00+00:00,0,0.5176273964732162
2026-01-31 08:20:00+00:00,0,0.516858858807253
2026-01-31 08:25:00+00:00,0,0.5158744486372443
2026-01-31 08:30:00+00:00,1,0.5208323218678877
2026-01-31 08:35:00+00:00,1,0.5238730465890977
2026-01-31 08:40:00+00:00,1,0.5226775243697519
2026-01-31 08:45:00+00:00,1,0.5181044974286063
2026-01-31 08:50:00+00:00,0,0.5095249853977913
2026-01-31 08:55:00+00:00,0,0.5063298923050843
2026-01-31 09:00:00+00:00,1,0.5023499895301846
2026-01-31 09:05:00+00:00,1,0.4963495816234534
2026-01-31 09:10:00+00:00,0,0.49667970830167285
2026-01-31 09:15:00+00:00,0,0.49862050629652915
2026-01-31 09:20:00+00:00,1,0.5099840615013009
2026-01-31 09:25:00+00:00,1,0.5037740414481192
2026-01-31 09:30:00+00:00,0,0.48916198147329226
2026-01-31 09:35:00+00:00,0,0.49538436490658405
2026-01-31 09:40:00+00:00,0,0.4987881546063354
2026-01-31 09:45:00+00:00,1,0.5020453230788724
2026-01-31 09:50:00+00:00,0,0.49878018854882034
2026-01-31 09:55:00+00:00,1,0.5022817979294009
2026-01-31 10:00:00+00:00,1,0.5025378519547467
2026-01-31 10:05:00+00:00,1,0.5087934606578419
2026-01-31 10:10:00+00:00,1,0.49984682225736
2026-01-31 10:15:00+00:00,1,0.4972571117872461
2026-01-31 10:20:00+00:00,1,0.49337392786906037
2026-01-31 10:25:00+00:00,1,0.4754046427454923
2026-01-31 10:30:00+00:00,0,0.4659960217534498
2026-01-31 10:35:00+00:00,0,0.4686472113190154
2026-01-31 10:40:00+00:00,0,0.46910554845169006
2026-01-31 10:45:00+00:00,0,0.4764782109646971
2026-01-31 10:50:00+00:00,1,0.47166783493321623
2026-01-31 10:55:00+00:00,1,0.47493313259595554
2026-01-31 11:00:00+00:00,1,0.4739516296042581
2026-01-31 11:05:00+00:00,1,0.47903549146733976
2026-01-31 11:10:00+00:00,1,0.49024940122948174
2026-01-31 11:15:00+00:00,1,0.4832910650522057
2026-01-31 11:20:00+00:00,0,0.4687303595222986
2026-01-31 11:25:00+00:00,0,0.4758487084073279
2026-01-31 11:30:00+00:00,0,0.47700055224239096
2026-01-31 11:35:00+00:00,0,0.4770513169976417
2026-01-31 11:40:00+00:00,0,0.48288606455167404
2026-01-31 11:45:00+00:00,1,0.4886554951950139
2026-01-31 11:50:00+00:00,1,0.5014932225486199
2026-01-31 11:55:00+00:00,1,0.4973842906692514
2026-01-31 12:00:00+00:00,0,0.5016356135915566
2026-01-31 12:05:00+00:00,0,0.5002206074638117
2026-01-31 12:10:00+00:00,1,0.5162459992872016
2026-01-31 12:15:00+00:00,0,0.4953565918630498
2026-01-31 12:20:00+00:00,0,0.49166144705733755
2026-01-31 12:25:00+00:00,0,0.49503138953731635
2026-01-31 12:30:00+00:00,1,0.5136674928982843
2026-01-31 12:35:00+00:00,1,0.5100729595774385
2026-01-31 12:40:00+00:00,0,0.5090574094037996
2026-01-31 12:45:00+00:00,1,0.5152320731287825
2026-01-31 12:50:00+00:00,0,0.5063786548146618
2026-01-31 12:55:00+00:00,0,0.5051594656537421
2026-01-31 13:00:00+00:00,0,0.5058913295105456
2026-01-31 13:05:00+00:00,0,0.5020898021168522
2026-01-31 13:10:00+00:00,0,0.5060608154602189
2026-01-31 13:15:00+00:00,0,0.5064646987404747
2026-01-31 13:20:00+00:00,0,0.5051652660290238
2026-01-31 13:25:00+00:00,0,0.5049670883429718
2026-01-31 13:30:00+00:00,1,0.5220653375341056
2026-01-31 13:35:00+00:00,0,0.5152196389825372
2026-01-31 13:40:00+00:00,0,0.5135712770704273
2026-01-31 13:45:00+00:00,0,0.5108256718387846
2026-01-31 13:50:00+00:00,0,0.5147359693988923
2026-01-31 13:55:00+00:00,0,0.5010574457758886
2026-01-31 14:00:00+00:00,0,0.5054822852482008
2026-01-31 14:05:00+00:00,0,0.5179708784258712
2026-01-31 14:10:00+00:00,0,0.5220351332793508
2026-01-31 14:15:00+00:00,0,0.5348550793211078
2026-01-31 14:20:00+00:00,0,0.564289491634312
2026-01-31 14:25:00+00:00,1,0.5472476141493131
2026-01-31 14:30:00+00:00,1,0.5534820708634495
2026-01-31 14:35:00+00:00,1,0.550984754468567
2026-01-31 14:40:00+00:00,1,0.5153800798546772
2026-01-31 14:45:00+00:00,1,0.5629697924239988
2026-01-31 14:50:00+00:00,1,0.5445514696942394
2026-01-31 14:55:00+00:00,1,0.5377702136686955
2026-01-31 15:00:00+00:00,1,0.5269357073772385
2026-01-31 15:05:00+00:00,0,0.5274677771443332
2026-01-31 15:10:00+00:00,0,0.5224068658634253
2026-01-31 15:15:00+00:00,0,0.5220845143010058
2026-01-31 15:20:00+00:00,1,0.5258262773201674
2026-01-31 15:25:00+00:00,0,0.5272961596565016
2026-01-31 15:30:00+00:00,0,0.5187011033421649
2026-01-31 15:35:00+00:00,0,0.5234054592039298
2026-01-31 15:40:00+00:00,0,0.5055640080846793
2026-01-31 15:45:00+00:00,0,0.48818915291642406
2026-01-31 15:50:00+00:00,1,0.49765942244030675
2026-01-31 15:55:00+00:00,1,0.5017466964854067
2026-01-31 16:00:00+00:00,1,0.504913200471834
2026-01-31 16:05:00+00:00,1,0.5182499760026146
2026-01-31 16:10:00+00:00,1,0.5110810508089445
2026-01-31 16:15:00+00:00,0,0.5172230841607115
2026-01-31 16:20:00+00:00,0,0.4866096941152628
2026-01-31 16:25:00+00:00,0,0.5003356619015686
2026-01-31 16:30:00+00:00,0,0.5096824808641317
2026-01-31 16:35:00+00:00,0,0.5143180211705483
2026-01-31 16:40:00+00:00,0,0.5150545705927774
2026-01-31 16:45:00+00:00,0,0.522622164939575
2026-01-31 16:50:00+00:00,0,0.5212048398689925
2026-01-31 16:55:00+00:00,0,0.5256914613029773
2026-01-31 17:00:00+00:00,0,0.5284691359864315
2026-01-31 17:05:00+00:00,0,0.5741780469628947
2026-01-31 17:10:00+00:00,1,0.5983148850943435
2026-01-31 17:15:00+00:00,0,0.5858747314509116
2026-01-31 17:20:00+00:00,0,0.5742412671309747
2026-01-31 17:25:00+00:00,0,0.569500710204307
2026-01-31 17:30:00+00:00,1,0.5714238210046061
2026-01-31 17:35:00+00:00,0,0.5527585431425013
2026-01-31 17:40:00+00:00,0,0.5452406778969706
2026-01-31 17:45:00+00:00,1,0.5728409255963737
2026-01-31 17:50:00+00:00,0,0.5520490109159404
2026-01-31 17:55:00+00:00,0,0.5423430939995539
2026-01-31 18:00:00+00:00,0,0.5392548115448362
2026-01-31 18:05:00+00:00,0,0.5397937711127695
2026-01-31 18:10:00+00:00,0,0.5186489132572331
2026-01-31 18:15:00+00:00,0,0.526257887469286
2026-01-31 18:20:00+00:00,0,0.5324682794932695
2026-01-31 18:25:00+00:00,0,0.5302373039364562
2026-01-31 18:30:00+00:00,1,0.5458952765524132
2026-01-31 18:35:00+00:00,1,0.5668832394898319
2026-01-31 18:40:00+00:00,1,0.5750040964113016
2026-01-31 18:45:00+00:00,1,0.56231130221464
2026-01-31 18:50:00+00:00,1,0.5479041446948707
2026-01-31 18:55:00+00:00,1,0.5460042413836288
2026-01-31 19:00:00+00:00,0,0.5203078629415163
2026-01-31 19:05:00+00:00,0,0.5160347341192679
2026-01-31 19:10:00+00:00,0,0.49954405024318765
2026-01-31 19:15:00+00:00,0,0.49845947488495784
2026-01-31 19:20:00+00:00,0,0.5250165161115065
2026-01-31 19:25:00+00:00,0,0.5109154593240449
2026-01-31 19:30:00+00:00,0,0.5296248013312314
2026-01-31 19:35:00+00:00,1,0.5290445458286499
2026-01-31 19:40:00+00:00,1,0.533442302815121
2026-01-31 19:45:00+00:00,0,0.5233898881868198
2026-01-31 19:50:00+00:00,0,0.5201541914257468
2026-01-31 19:55:00+00:00,0,0.5195144568282021
2026-01-31 20:00:00+00:00,0,0.5328096831126076
2026-01-31 20:05:00+00:00,0,0.5079976023691456
2026-01-31 20:10:00+00:00,1,0.5164926137669074
2026-01-31 20:15:00+00:00,0,0.50346956015363
2026-01-31 20:20:00+00:00,1,0.5137314919383433
2026-01-31 20:25:00+00:00,1,0.5264045865493792
2026-01-31 20:30:00+00:00,1,0.5233093392569814
2026-01-31 20:35:00+00:00,1,0.5125016979754631
2026-01-31 20:40:00+00:00,0,0.4999336879893385
2026-01-31 20:45:00+00:00,1,0.5286774407465658
2026-01-31 20:50:00+00:00,1,0.5149503287289487
2026-01-31 20:55:00+00:00,1,0.4830792086873326
2026-01-31 21:00:00+00:00,1,0.5337753562052902
2026-01-31 21:05:00+00:00,1,0.48677768207885425
2026-01-31 21:10:00+00:00,1,0.5208081012310792
2026-01-31 21:15:00+00:00,1,0.4734870559955213
2026-01-31 21:20:00+00:00,1,0.4795808827675172
2026-01-31 21:25:00+00:00,1,0.4753040780992478
2026-01-31 21:30:00+00:00,1,0.47302216662896146
2026-01-31 21:35:00+00:00,0,0.477602613756571
2026-01-31 21:40:00+00:00,0,0.47740048011622954
2026-01-31 21:45:00+00:00,0,0.47020626803365595
2026-01-31 21:50:00+00:00,0,0.476067469227996
2026-01-31 21:55:00+00:00,0,0.47636189354986586
2026-01-31 22:00:00+00:00,0,0.4725974143438936
2026-01-31 22:05:00+00:00,0,0.4802394727908261
2026-01-31 22:10:00+00:00,0,0.4852860956840144
2026-01-31 22:15:00+00:00,0,0.4846016759244525
2026-01-31 22:20:00+00:00,1,0.48415174674085554
2026-01-31 22:25:00+00:00,1,0.48253735317635704
2026-01-31 22:30:00+00:00,1,0.48103816422425877
2026-01-31 22:35:00+00:00,1,0.4838045108279158
2026-01-31 22:40:00+00:00,1,0.488720115729253
2026-01-31 22:45:00+00:00,1,0.49295800511173127
2026-01-31 22:50:00+00:00,1,0.488839468328776
2026-01-31 22:55:00+00:00,1,0.48408897431577347
2026-01-31 23:00:00+00:00,1,0.4796878669313631
2026-01-31 23:05:00+00:00,1,0.47363920811989757
2026-01-31 23:10:00+00:00,1,0.47512433999341436
2026-01-31 23:15:00+00:00,1,0.4667507138171648
2026-01-31 23:20:00+00:00,0,0.5571116524329793
2026-01-31 23:25:00+00:00,0,0.5257004591424628
2026-01-31 23:30:00+00:00,0,0.5438875179897915
2026-01-31 23:35:00+00:00,1,0.48891988098363065
2026-01-31 23:40:00+00:00,1,0.48724402664475785
2026-01-31 23:45:00+00:00,1,0.4738440103107659
2026-01-31 23:50:00+00:00,1,0.4813276254993456
2026-01-31 23:55:00+00:00,1,0.4754076352142895
2026-02-01 00:00:00+00:00,0,0.48068479698621613
2026-02-01 00:05:00+00:00,0,0.4794615547468576
2026-02-01 00:10:00+00:00,0,0.4688317871370274
2026-02-01 00:15:00+00:00,0,0.46604879585888837
2026-02-01 00:20:00+00:00,1,0.47305932543835183
2026-02-01 00:25:00+00:00,1,0.4742817034851459
2026-02-01 00:30:00+00:00,1,0.4795423778779185
2026-02-01 00:35:00+00:00,0,0.4889492623094072
2026-02-01 00:40:00+00:00,0,0.49198509317002953
2026-02-01 00:45:00+00:00,0,0.48112776095133336
2026-02-01 00:50:00+00:00,0,0.47010163445838177
2026-02-01 00:55:00+00:00,0,0.47398948387137596
2026-02-01 01:00:00+00:00,0,0.4913560167038364
2026-02-01 01:05:00+00:00,0,0.5093752604289891
2026-02-01 01:10:00+00:00,0,0.5154581457783336
2026-02-01 01:15:00+00:00,1,0.5322210061349525
2026-02-01 01:20:00+00:00,1,0.5293280163572076
2026-02-01 01:25:00+00:00,1,0.5013928872482667
2026-02-01 01:30:00+00:00,1,0.5198068371154465
2026-02-01 01:35:00+00:00,1,0.53193919205315
2026-02-01 01:40:00+00:00,1,0.5202252154598614
2026-02-01 01:45:00+00:00,1,0.49930538511860917
2026-02-01 01:50:00+00:00,0,0.4903269778702644
2026-02-01 01:55:00+00:00,0,0.4785867555082934
2026-02-01 02:00:00+00:00,0,0.47484549836652185
2026-02-01 02:05:00+00:00,0,0.4788471843175363
2026-02-01 02:10:00+00:00,0,0.4783850726067355
2026-02-01 02:15:00+00:00,0,0.48354892017561896
2026-02-01 02:20:00+00:00,1,0.5211339541457514
2026-02-01 02:25:00+00:00,1,0.5169093221696739
2026-02-01 02:30:00+00:00,0,0.5124819623662844
2026-02-01 02:35:00+00:00,0,0.5118663704928255
2026-02-01 02:40:00+00:00,0,0.5096464494275215
2026-02-01 02:45:00+00:00,0,0.5088032921327785
2026-02-01 02:50:00+00:00,0,0.4987635801912997
2026-02-01 02:55:00+00:00,1,0.502182512745307
2026-02-01 03:00:00+00:00,1,0.5208070448667508
2026-02-01 03:05:00+00:00,1,0.5163741845609585
2026-02-01 03:10:00+00:00,1,0.5087804309856436
2026-02-01 03:15:00+00:00,1,0.5110642099246715
2026-02-01 03:20:00+00:00,1,0.5009305750590268
2026-02-01 03:25:00+00:00,0,0.48853805623591695
2026-02-01 03:30:00+00:00,0,0.5060508994206268
2026-02-01 03:35:00+00:00,0,0.49118310327856973
2026-02-01 03:40:00+00:00,0,0.508453378116285
2026-02-01 03:45:00+00:00,0,0.48048652669514563
2026-02-01 03:50:00+00:00,0,0.50786057830274
2026-02-01 03:55:00+00:00,0,0.4968523982020096
2026-02-01 04:00:00+00:00,0,0.5022692806488372
2026-02-01 04:05:00+00:00,0,0.5113528625903051
2026-02-01 04:10:00+00:00,0,0.5137809173669755
2026-02-01 04:15:00+00:00,0,0.5184272643867209
2026-02-01 04:20:00+00:00,0,0.5189855789695588
2026-02-01 04:25:00+00:00,0,0.5208295710838263
2026-02-01 04:30:00+00:00,0,0.520440006886468
2026-02-01 04:35:00+00:00,0,0.4881727399199359
2026-02-01 04:40:00+00:00,0,0.47969547876476304
2026-02-01 04:45:00+00:00,0,0.48656008243713966
2026-02-01 04:50:00+00:00,1,0.48396771808939093
2026-02-01 04:55:00+00:00,1,0.4792444375164906
2026-02-01 05:00:00+00:00,1,0.5148669898434336
2026-02-01 05:05:00+00:00,1,0.5168467557173022
2026-02-01 05:10:00+00:00,0,0.5119923192818022
2026-02-01 05:15:00+00:00,0,0.5090370532342529
2026-02-01 05:20:00+00:00,0,0.5049557202413781
2026-02-01 05:25:00+00:00,0,0.5070810195710702
2026-02-01 05:30:00+00:00,0,0.5114480234115157
2026-02-01 05:35:00+00:00,1,0.5156104901981003
2026-02-01 05:40:00+00:00,1,0.52163251869059
2026-02-01 05:45:00+00:00,1,0.5172575787275673
2026-02-01 05:50:00+00:00,1,0.5166064986553244
2026-02-01 05:55:00+00:00,0,0.5130811896350189
2026-02-01 06:00:00+00:00,0,0.5067113918517132
2026-02-01 06:05:00+00:00,0,0.49994681829489157
2026-02-01 06:10:00+00:00,0,0.5056059155125342
2026-02-01 06:15:00+00:00,0,0.5072664944021491
2026-02-01 06:20:00+00:00,0,0.5073331995666931
2026-02-01 06:25:00+00:00,1,0.5124469615863909
2026-02-01 06:30:00+00:00,0,0.5098744630472135
2026-02-01 06:35:00+00:00,1,0.5208064762905803
2026-02-01 06:40:00+00:00,0,0.5113514207302866
2026-02-01 06:45:00+00:00,0,0.5124072695167381
2026-02-01 06:50:00+00:00,0,0.5119785981425596
2026-02-01 06:55:00+00:00,0,0.5127411295509048
2026-02-01 07:00:00+00:00,0,0.5049959709389511
2026-02-01 07:05:00+00:00,1,0.5075378442893725
2026-02-01 07:10:00+00:00,1,0.5091675380217578
2026-02-01 07:15:00+00:00,1,0.512453085518168
2026-02-01 07:20:00+00:00,1,0.5014389909884345
2026-02-01 07:25:00+00:00,1,0.49573278686610517
2026-02-01 07:30:00+00:00,1,0.5044950104931593
2026-02-01 07:35:00+00:00,1,0.47505533329956406
2026-02-01 07:40:00+00:00,0,0.47218867190536945
2026-02-01 07:45:00+00:00,0,0.4718725488567391
2026-02-01 07:50:00+00:00,1,0.4733279979510933
2026-02-01 07:55:00+00:00,1,0.4743237875376879
2026-02-01 08:00:00+00:00,1,0.47195130367030586
2026-02-01 08:05:00+00:00,1,0.4751699390202296
2026-02-01 08:10:00+00:00,1,0.4765013081010024
2026-02-01 08:15:00+00:00,1,0.47263384777516193
2026-02-01 08:20:00+00:00,1,0.47265281120138425
2026-02-01 08:25:00+00:00,1,0.47289824816246534
2026-02-01 08:30:00+00:00,1,0.4767961633982409
2026-02-01 08:35:00+00:00,0,0.468003490103678
2026-02-01 08:40:00+00:00,0,0.46843513675584314
2026-02-01 08:45:00+00:00,0,0.4740418758102592
2026-02-01 08:50:00+00:00,0,0.4777758573602261
2026-02-01 08:55:00+00:00,0,0.4836843076628718
2026-02-01 09:00:00+00:00,0,0.4842454565061181
2026-02-01 09:05:00+00:00,0,0.48390950205942734
2026-02-01 09:10:00+00:00,1,0.4878470938313605
2026-02-01 09:15:00+00:00,1,0.5049590795227057
2026-02-01 09:20:00+00:00,1,0.5159626208390624
2026-02-01 09:25:00+00:00,1,0.5203068647382464
2026-02-01 09:30:00+00:00,1,0.5055306481103704
2026-02-01 09:35:00+00:00,1,0.4991323580927996
2026-02-01 09:40:00+00:00,1,0.470788888275353
2026-02-01 09:45:00+00:00,0,0.46848749555938957
2026-02-01 09:50:00+00:00,0,0.4779408915931199
2026-02-01 09:55:00+00:00,0,0.47511044492080967
2026-02-01 10:00:00+00:00,0,0.48905718554834715
2026-02-01 10:05:00+00:00,0,0.47911753517491856
2026-02-01 10:10:00+00:00,0,0.47010999715216706
2026-02-01 10:15:00+00:00,0,0.49181703378339686
2026-02-01 10:20:00+00:00,0,0.48416005953218044
2026-02-01 10:25:00+00:00,0,0.4838484703703708
2026-02-01 10:30:00+00:00,0,0.512772931809246
2026-02-01 10:35:00+00:00,0,0.5175503385304275
2026-02-01 10:40:00+00:00,1,0.5213716395721484
2026-02-01 10:45:00+00:00,0,0.5180784371191254
2026-02-01 10:50:00+00:00,0,0.5233311990931719
2026-02-01 10:55:00+00:00,1,0.5222013551733413
2026-02-01 11:00:00+00:00,1,0.504661014401345
2026-02-01 11:05:00+00:00,1,0.506160666957237
2026-02-01 11:10:00+00:00,1,0.5002518463826434
2026-02-01 11:15:00+00:00,1,0.506249700941253
2026-02-01 11:20:00+00:00,1,0.5042797812039657
2026-02-01 11:25:00+00:00,1,0.5046008610642908
2026-02-01 11:30:00+00:00,1,0.5012168952146853
2026-02-01 11:35:00+00:00,0,0.48701158262883937
2026-02-01 11:40:00+00:00,0,0.4788946611527453
2026-02-01 11:45:00+00:00,0,0.4865241893305237
2026-02-01 11:50:00+00:00,0,0.4814299964663006
2026-02-01 11:55:00+00:00,0,0.4772024615016895
2026-02-01 12:00:00+00:00,0,0.48942582686891845
2026-02-01 12:05:00+00:00,0,0.5164125008767388
2026-02-01 12:10:00+00:00,0,0.5150708789464545
2026-02-01 12:15:00+00:00,0,0.5137526054732194
2026-02-01 12:20:00+00:00,1,0.5281423844514349
2026-02-01 12:25:00+00:00,1,0.5174860581868147
2026-02-01 12:30:00+00:00,1,0.5041034486340661
2026-02-01 12:35:00+00:00,1,0.5041588945709675
2026-02-01 12:40:00+00:00,1,0.5235273810293571
2026-02-01 12:45:00+00:00,1,0.5028956620499987
2026-02-01 12:50:00+00:00,1,0.4965761797635077
2026-02-01 12:55:00+00:00,1,0.49309254078033055
2026-02-01 13:00:00+00:00,0,0.48117328709251556
2026-02-01 13:05:00+00:00,0,0.47992149655275845
2026-02-01 13:10:00+00:00,0,0.4785279128589203
2026-02-01 13:15:00+00:00,0,0.4773630596224731
2026-02-01 13:20:00+00:00,0,0.49943877408788484
2026-02-01 13:25:00+00:00,0,0.5014449399479087
2026-02-01 13:30:00+00:00,0,0.5079395106532326
2026-02-01 13:35:00+00:00,0,0.5126572913333827
2026-02-01 13:40:00+00:00,0,0.5079267095959638
2026-02-01 13:45:00+00:00,0,0.5157039895577724
2026-02-01 13:50:00+00:00,1,0.5150696203987287
2026-02-01 13:55:00+00:00,0,0.5091098189889589
2026-02-01 14:00:00+00:00,0,0.5154810076677593
2026-02-01 14:05:00+00:00,0,0.5143603410368179
2026-02-01 14:10:00+00:00,0,0.5178312705755859
2026-02-01 14:15:00+00:00,0,0.5152435081252524
2026-02-01 14:20:00+00:00,1,0.5089168746274422
2026-02-01 14:25:00+00:00,1,0.5216226845883022
2026-02-01 14:30:00+00:00,1,0.5232774555035046
2026-02-01 14:35:00+00:00,1,0.5375608449369644
2026-02-01 14:40:00+00:00,0,0.5236012675039707
2026-02-01 14:45:00+00:00,0,0.5081171244928284
2026-02-01 14:50:00+00:00,0,0.5008943256221179
2026-02-01 14:55:00+00:00,0,0.5058258146849249
2026-02-01 15:00:00+00:00,0,0.5061690217444084
2026-02-01 15:05:00+00:00,0,0.5072325744531766
2026-02-01 15:10:00+00:00,0,0.5118679798255406
2026-02-01 15:15:00+00:00,0,0.5449712578107816
2026-02-01 15:20:00+00:00,0,0.5356682470021451
2026-02-01 15:25:00+00:00,1,0.5364487440008094
2026-02-01 15:30:00+00:00,1,0.5399946533888454
2026-02-01 15:35:00+00:00,1,0.5455506627549143
2026-02-01 15:40:00+00:00,1,0.5340855759555564
2026-02-01 15:45:00+00:00,0,0.5320548551910853
2026-02-01 15:50:00+00:00,1,0.518110504805538
2026-02-01 15:55:00+00:00,1,0.5163939563283626
2026-02-01 16:00:00+00:00,1,0.5061780750446492
2026-02-01 16:05:00+00:00,0,0.5229694075342677
2026-02-01 16:10:00+00:00,0,0.5149844657757331
2026-02-01 16:15:00+00:00,1,0.554438263327142
2026-02-01 16:20:00+00:00,0,0.5382062179926654
2026-02-01 16:25:00+00:00,0,0.5284835541870695
2026-02-01 16:30:00+00:00,0,0.520836025163823
2026-02-01 16:35:00+00:00,1,0.5347866259460042
2026-02-01 16:40:00+00:00,1,0.5355501235730357
2026-02-01 16:45:00+00:00,1,0.5233715666607247
2026-02-01 16:50:00+00:00,0,0.5264969848007465
2026-02-01 16:55:00+00:00,0,0.5140085258739171
2026-02-01 17:00:00+00:00,0,0.49210086993413554
2026-02-01 17:05:00+00:00,0,0.47701915868016315
2026-02-01 17:10:00+00:00,0,0.4770944931543783
2026-02-01 17:15:00+00:00,0,0.48160547738654785
2026-02-01 17:20:00+00:00,1,0.513999206629808
2026-02-01 17:25:00+00:00,1,0.5110388648710708
2026-02-01 17:30:00+00:00,1,0.5078117469680301
2026-02-01 17:35:00+00:00,1,0.5135324250202549
2026-02-01 17:40:00+00:00,1,0.5112966644474676
2026-02-01 17:45:00+00:00,1,0.5068914479921885
2026-02-01 17:50:00+00:00,1,0.4806746959855643
2026-02-01 17:55:00+00:00,1,0.47392476657458854
2026-02-01 18:00:00+00:00,1,0.4809394151063735
2026-02-01 18:05:00+00:00,0,0.4936768971848323
2026-02-01 18:10:00+00:00,0,0.4919133360262157
2026-02-01 18:15:00+00:00,0,0.49057620497491905
2026-02-01 18:20:00+00:00,0,0.4814208586127335
2026-02-01 18:25:00+00:00,0,0.4817078691805138
2026-02-01 18:30:00+00:00,0,0.4812012353595523
2026-02-01 18:35:00+00:00,0,0.48203944210704897
2026-02-01 18:40:00+00:00,0,0.47798309305298803
2026-02-01 18:45:00+00:00,0,0.4812825418215814
2026-02-01 18:50:00+00:00,1,0.48395090823118747
2026-02-01 18:55:00+00:00,1,0.48123481167506277
2026-02-01 19:00:00+00:00,1,0.483840292682807
2026-02-01 19:05:00+00:00,1,0.4832089763398089
2026-02-01 19:10:00+00:00,1,0.48528024548384135
2026-02-01 19:15:00+00:00,0,0.48306790503746055
2026-02-01 19:20:00+00:00,0,0.48505934174437154
2026-02-01 19:25:00+00:00,0,0.48520430491080213
2026-02-01 19:30:00+00:00,0,0.4809896001820637
2026-02-01 19:35:00+00:00,0,0.4822043403057969
2026-02-01 19:40:00+00:00,0,0.49226724268949773
2026-02-01 19:45:00+00:00,0,0.5220754625609921
2026-02-01 19:50:00+00:00,0,0.5199350799746013
2026-02-01 19:55:00+00:00,0,0.5179479104048782
2026-02-01 20:00:00+00:00,0,0.5226750495755608
2026-02-01 20:05:00+00:00,1,0.5251786738241075
2026-02-01 20:10:00+00:00,1,0.523902199765751
2026-02-01 20:15:00+00:00,1,0.5180326093009799
2026-02-01 20:20:00+00:00,0,0.5143310947593197
2026-02-01 20:25:00+00:00,1,0.5381318455185425
2026-02-01 20:30:00+00:00,0,0.514973893266293
2026-02-01 20:35:00+00:00,0,0.4845765473790421
2026-02-01 20:40:00+00:00,0,0.4861047243241197
2026-02-01 20:45:00+00:00,0,0.51130220464742
2026-02-01 20:50:00+00:00,0,0.5178920889063338
2026-02-01 20:55:00+00:00,0,0.5122685758593745
2026-02-01 21:00:00+00:00,0,0.5141441354942287
2026-02-01 21:05:00+00:00,1,0.5241247995826959
2026-02-01 21:10:00+00:00,0,0.5157336617896985
2026-02-01 21:15:00+00:00,1,0.519688673807867
2026-02-01 21:20:00+00:00,1,0.5183914881446189
2026-02-01 21:25:00+00:00,0,0.5118264019361671
2026-02-01 21:30:00+00:00,1,0.5107896204733348
2026-02-01 21:35:00+00:00,0,0.502949557485648
2026-02-01 21:40:00+00:00,1,0.5100456694646308
2026-02-01 21:45:00+00:00,1,0.51140555006895
2026-02-01 21:50:00+00:00,0,0.5160873579045147
2026-02-01 21:55:00+00:00,1,0.5176283212266548
2026-02-01 22:00:00+00:00,1,0.5090745719720331
2026-02-01 22:05:00+00:00,1,0.48094218746938844
2026-02-01 22:10:00+00:00,0,0.4800068426481327
2026-02-01 22:15:00+00:00,0,0.4866232861771716
2026-02-01 22:20:00+00:00,1,0.5528648520695623
2026-02-01 22:25:00+00:00,0,0.5010329820888746
2026-02-01 22:30:00+00:00,0,0.4825311889631079
2026-02-01 22:35:00+00:00,0,0.48343923549940876
2026-02-01 22:40:00+00:00,0,0.4890274718570354
2026-02-01 22:45:00+00:00,0,0.5108495079733105
2026-02-01 22:50:00+00:00,0,0.5192095510169205
2026-02-01 22:55:00+00:00,0,0.5082155362296256
2026-02-01 23:00:00+00:00,1,0.532821059950119
2026-02-01 23:05:00+00:00,1,0.6117103881644402
2026-02-01 23:10:00+00:00,1,0.5821140364951273
2026-02-01 23:15:00+00:00,1,0.5729081736824301
2026-02-01 23:20:00+00:00,1,0.5690176008160683
2026-02-01 23:25:00+00:00,0,0.5335096803322091
2026-02-01 23:30:00+00:00,0,0.5214117942528461
2026-02-01 23:35:00+00:00,0,0.5079543807076001
2026-02-01 23:40:00+00:00,0,0.5195091457351401
2026-02-01 23:45:00+00:00,1,0.544925114049815
2026-02-01 23:50:00+00:00,1,0.5368250316467477
2026-02-01 23:55:00+00:00,1,0.5328854509331039
2026-02-02 00:00:00+00:00,1,0.5361759457894004
2026-02-02 00:05:00+00:00,1,0.5237743227520092
2026-02-02 00:10:00+00:00,1,0.5198783810318424
2026-02-02 00:15:00+00:00,1,0.5121616215877396
2026-02-02 00:20:00+00:00,0,0.5247286938312861
2026-02-02 00:25:00+00:00,0,0.5062355313528859
2026-02-02 00:30:00+00:00,1,0.4994870615025501
2026-02-02 00:35:00+00:00,0,0.4776478204812006
2026-02-02 00:40:00+00:00,0,0.4810579281969182
2026-02-02 00:45:00+00:00,0,0.4803807731508279
2026-02-02 00:50:00+00:00,1,0.4857577613452204
2026-02-02 00:55:00+00:00,1,0.48174008053988515
2026-02-02 01:00:00+00:00,1,0.47847467760427576
2026-02-02 01:05:00+00:00,1,0.5335652359982975
2026-02-02 01:10:00+00:00,1,0.5435306339858218
2026-02-02 01:15:00+00:00,1,0.5104621670695116
2026-02-02 01:20:00+00:00,0,0.4841722549423749
2026-02-02 01:25:00+00:00,0,0.4770876743143044
2026-02-02 01:30:00+00:00,0,0.4852467508641619
2026-02-02 01:35:00+00:00,0,0.486148040743786
2026-02-02 01:40:00+00:00,0,0.4786816125219943
2026-02-02 01:45:00+00:00,1,0.49455258817606057
2026-02-02 01:50:00+00:00,0,0.4930948119422812
2026-02-02 01:55:00+00:00,1,0.5000216399573703
2026-02-02 02:00:00+00:00,0,0.5033884901599831
2026-02-02 02:05:00+00:00,1,0.5203580648559697
2026-02-02 02:10:00+00:00,0,0.5177731607112509
2026-02-02 02:15:00+00:00,0,0.4948676976758752
2026-02-02 02:20:00+00:00,0,0.5065714631956512
2026-02-02 02:25:00+00:00,0,0.4887333185139197
2026-02-02 02:30:00+00:00,0,0.5200623422288411
2026-02-02 02:35:00+00:00,0,0.5167381677951546
2026-02-02 02:40:00+00:00,0,0.5233511281474592
2026-02-02 02:45:00+00:00,0,0.5078001688425906
2026-02-02 02:50:00+00:00,0,0.5163904621828284
2026-02-02 02:55:00+00:00,0,0.5248203552227545
2026-02-02 03:00:00+00:00,0,0.5269833110579548
2026-02-02 03:05:00+00:00,0,0.5217168490937575
2026-02-02 03:10:00+00:00,0,0.573503410001456
2026-02-02 03:15:00+00:00,1,0.5626882848598526
2026-02-02 03:20:00+00:00,1,0.6002249559127558
2026-02-02 03:25:00+00:00,1,0.5787647263352814
2026-02-02 03:30:00+00:00,1,0.5744106805556473
2026-02-02 03:35:00+00:00,1,0.567536011285293
2026-02-02 03:40:00+00:00,1,0.5672027755212523
2026-02-02 03:45:00+00:00,0,0.558556923460196
2026-02-02 03:50:00+00:00,1,0.5406619255445916
2026-02-02 03:55:00+00:00,1,0.5275572273272795
2026-02-02 04:00:00+00:00,1,0.5481561647862426
2026-02-02 04:05:00+00:00,1,0.5369052541393701
2026-02-02 04:10:00+00:00,1,0.5429750996312237
2026-02-02 04:15:00+00:00,0,0.5301208057425242
2026-02-02 04:20:00+00:00,0,0.5293938603224407
2026-02-02 04:25:00+00:00,0,0.5278959313879019
2026-02-02 04:30:00+00:00,0,0.521194623905885
2026-02-02 04:35:00+00:00,0,0.53187266872774
2026-02-02 04:40:00+00:00,0,0.5274961237878145
2026-02-02 04:45:00+00:00,0,0.5162573784390786
2026-02-02 04:50:00+00:00,0,0.5136375598268099
2026-02-02 04:55:00+00:00,0,0.5115926209322206
2026-02-02 05:00:00+00:00,0,0.5134451358409415
2026-02-02 05:05:00+00:00,0,0.5357018778558087
2026-02-02 05:10:00+00:00,0,0.5257758402287733
2026-02-02 05:15:00+00:00,0,0.5169441026014554
2026-02-02 05:20:00+00:00,0,0.5177854635199896
2026-02-02 05:25:00+00:00,1,0.5501104884990659
2026-02-02 05:30:00+00:00,1,0.5336225267120335
2026-02-02 05:35:00+00:00,1,0.5363363448728242
2026-02-02 05:40:00+00:00,1,0.5320105059477649
2026-02-02 05:45:00+00:00,1,0.5287454104458376
2026-02-02 05:50:00+00:00,1,0.5193134676445765
2026-02-02 05:55:00+00:00,1,0.5040754422157662
2026-02-02 06:00:00+00:00,0,0.5112492942454199
2026-02-02 06:05:00+00:00,0,0.506226838998444
2026-02-02 06:10:00+00:00,1,0.5095357860348204
2026-02-02 06:15:00+00:00,1,0.5013873852519068
2026-02-02 06:20:00+00:00,1,0.5306595243557544
2026-02-02 06:25:00+00:00,1,0.5420297022014907
2026-02-02 06:30:00+00:00,1,0.5511229305595464
2026-02-02 06:35:00+00:00,1,0.5646515864887761
2026-02-02 06:40:00+00:00,1,0.5423837151427652
2026-02-02 06:45:00+00:00,1,0.5179592401680188
2026-02-02 06:50:00+00:00,1,0.5187956644602901
2026-02-02 06:55:00+00:00,1,0.5134018485183163
2026-02-02 07:00:00+00:00,1,0.5253623978687567
2026-02-02 07:05:00+00:00,0,0.5204518824906018
2026-02-02 07:10:00+00:00,1,0.5066572071103368
2026-02-02 07:15:00+00:00,0,0.5066367344211858
2026-02-02 07:20:00+00:00,1,0.5089176365107525
2026-02-02 07:25:00+00:00,0,0.5013440439519365
2026-02-02 07:30:00+00:00,1,0.5033147206688923
2026-02-02 07:35:00+00:00,0,0.5052909631752702
2026-02-02 07:40:00+00:00,0,0.4980448145721712
2026-02-02 07:45:00+00:00,1,0.49807411675537105
2026-02-02 07:50:00+00:00,1,0.4872526567170302
2026-02-02 07:55:00+00:00,1,0.49326145958683865
2026-02-02 08:00:00+00:00,1,0.47542402145720497
2026-02-02 08:05:00+00:00,1,0.48347086764799857
2026-02-02 08:10:00+00:00,1,0.46910788858418284
2026-02-02 08:15:00+00:00,0,0.47135165280165753
2026-02-02 08:20:00+00:00,1,0.4858091706509184
2026-02-02 08:25:00+00:00,1,0.48994380054897946
2026-02-02 08:30:00+00:00,1,0.4849686652328235
2026-02-02 08:35:00+00:00,0,0.48071820249581704
2026-02-02 08:40:00+00:00,0,0.48596639159509364
2026-02-02 08:45:00+00:00,0,0.47873231054534315
2026-02-02 08:50:00+00:00,0,0.4743732337547144
2026-02-02 08:55:00+00:00,1,0.4822203925654305
2026-02-02 09:00:00+00:00,1,0.4719465247794979
2026-02-02 09:05:00+00:00,1,0.4865524197125973
2026-02-02 09:10:00+00:00,1,0.4691723393069425
2026-02-02 09:15:00+00:00,1,0.4671859833837562
2026-02-02 09:20:00+00:00,1,0.4626026885876659
2026-02-02 09:25:00+00:00,1,0.465621791954879
2026-02-02 09:30:00+00:00,1,0.47816420307674556
2026-02-02 09:35:00+00:00,1,0.46846286086515754
2026-02-02 09:40:00+00:00,1,0.4666566904399694
2026-02-02 09:45:00+00:00,0,0.46555675928489026
2026-02-02 09:50:00+00:00,0,0.46721547911176387
2026-02-02 09:55:00+00:00,0,0.4665275313999954
2026-02-02 10:00:00+00:00,1,0.4702908076994528
2026-02-02 10:05:00+00:00,0,0.4657787786772823
2026-02-02 10:10:00+00:00,0,0.47360309144879004
2026-02-02 10:15:00+00:00,1,0.4745365882918019
2026-02-02 10:20:00+00:00,1,0.47459526373297023
2026-02-02 10:25:00+00:00,0,0.4788153586303306
2026-02-02 10:30:00+00:00,0,0.47597006752165905
2026-02-02 10:35:00+00:00,1,0.48366675787126334
2026-02-02 10:40:00+00:00,1,0.479531008156172
2026-02-02 10:45:00+00:00,1,0.4783194569997277
2026-02-02 10:50:00+00:00,0,0.47666206352332724
2026-02-02 10:55:00+00:00,1,0.48157555444813877
2026-02-02 11:00:00+00:00,1,0.4836649239673808
2026-02-02 11:05:00+00:00,1,0.47859699266247446
2026-02-02 11:10:00+00:00,0,0.47721726998332703
2026-02-02 11:15:00+00:00,0,0.4811562892396546
2026-02-02 11:20:00+00:00,1,0.4867490697411182
2026-02-02 11:25:00+00:00,0,0.48408722078574856
2026-02-02 11:30:00+00:00,0,0.4839295021031783
2026-02-02 11:35:00+00:00,0,0.48185879815609434
2026-02-02 11:40:00+00:00,1,0.49041722162696016
2026-02-02 11:45:00+00:00,1,0.49710078075740033
2026-02-02 11:50:00+00:00,1,0.48271847036848403
2026-02-02 11:55:00+00:00,1,0.51419847247801
2026-02-02 12:00:00+00:00,1,0.49649350595848735
2026-02-02 12:05:00+00:00,1,0.48657153167407474
2026-02-02 12:10:00+00:00,1,0.48762333532976826
2026-02-02 12:15:00+00:00,1,0.4821247733879239
2026-02-02 12:20:00+00:00,1,0.46464175229513865
2026-02-02 12:25:00+00:00,1,0.46718285522530145
2026-02-02 12:30:00+00:00,1,0.4720266444185926
2026-02-02 12:35:00+00:00,1,0.4712876222343865
2026-02-02 12:40:00+00:00,1,0.467974455267114
2026-02-02 12:45:00+00:00,1,0.4667026520044576
2026-02-02 12:50:00+00:00,1,0.46603095973469455
2026-02-02 12:55:00+00:00,0,0.4644460563888131
2026-02-02 13:00:00+00:00,1,0.46554844550431557
2026-02-02 13:05:00+00:00,1,0.4742631491358924
2026-02-02 13:10:00+00:00,1,0.4600686896418536
2026-02-02 13:15:00+00:00,1,0.4649409658115619
2026-02-02 13:20:00+00:00,1,0.4598542078381367
2026-02-02 13:25:00+00:00,1,0.4694755452900226
2026-02-02 13:30:00+00:00,1,0.47301957968144054
2026-02-02 13:35:00+00:00,0,0.4682310698188815
2026-02-02 13:40:00+00:00,0,0.4687931693302961
2026-02-02 13:45:00+00:00,0,0.4728755156027086
2026-02-02 13:50:00+00:00,0,0.46702831879017487
2026-02-02 13:55:00+00:00,0,0.46554286856116844
2026-02-02 14:00:00+00:00,1,0.4701556513421103
2026-02-02 14:05:00+00:00,1,0.4795881870563896
2026-02-02 14:10:00+00:00,1,0.5037050277073725
2026-02-02 14:15:00+00:00,1,0.5143889726499642
2026-02-02 14:20:00+00:00,1,0.4728627337862795
2026-02-02 14:25:00+00:00,1,0.48901275574987557
2026-02-02 14:30:00+00:00,1,0.47476640267984516
2026-02-02 14:35:00+00:00,1,0.46773664428523604
2026-02-02 14:40:00+00:00,1,0.46901272977747127
2026-02-02 14:45:00+00:00,1,0.47347721152461
2026-02-02 14:50:00+00:00,1,0.4691642435185426
2026-02-02 14:55:00+00:00,1,0.4837029354473417
2026-02-02 15:00:00+00:00,1,0.47983267180827155
2026-02-02 15:05:00+00:00,1,0.4720246568729525
2026-02-02 15:10:00+00:00,1,0.4696217181243063
2026-02-02 15:15:00+00:00,1,0.468732003242552
2026-02-02 15:20:00+00:00,0,0.46797265861020676
2026-02-02 15:25:00+00:00,1,0.46982085887596264
2026-02-02 15:30:00+00:00,0,0.47199247721848514
2026-02-02 15:35:00+00:00,0,0.47000404189397393
2026-02-02 15:40:00+00:00,0,0.47076947802169505
2026-02-02 15:45:00+00:00,0,0.47178404041667604
2026-02-02 15:50:00+00:00,1,0.47748933030917207
2026-02-02 15:55:00+00:00,1,0.473671454230974
2026-02-02 16:00:00+00:00,1,0.4828197101111037
2026-02-02 16:05:00+00:00,1,0.47811864267079596
2026-02-02 16:10:00+00:00,1,0.48008592481447676
2026-02-02 16:15:00+00:00,0,0.4762513667089906
2026-02-02 16:20:00+00:00,0,0.4797331295749216
2026-02-02 16:25:00+00:00,0,0.4753559132812427
2026-02-02 16:30:00+00:00,0,0.47158012307689195
2026-02-02 16:35:00+00:00,0,0.4808946814473761
2026-02-02 16:40:00+00:00,0,0.4743472436982772
2026-02-02 16:45:00+00:00,1,0.4882981043892527
2026-02-02 16:50:00+00:00,1,0.49238881301672294
2026-02-02 16:55:00+00:00,1,0.5098426742451909
2026-02-02 17:00:00+00:00,0,0.4873532262801111
2026-02-02 17:05:00+00:00,0,0.4898107384762537
2026-02-02 17:10:00+00:00,0,0.48503769288220877
2026-02-02 17:15:00+00:00,0,0.48666891170287774
2026-02-02 17:20:00+00:00,0,0.48298485202234603
2026-02-02 17:25:00+00:00,0,0.5076826583489685
2026-02-02 17:30:00+00:00,0,0.5003125251014616
2026-02-02 17:35:00+00:00,0,0.5084222010933329
2026-02-02 17:40:00+00:00,0,0.5191047597969791
2026-02-02 17:45:00+00:00,0,0.5095249754578646
2026-02-02 17:50:00+00:00,0,0.5108003839310675
2026-02-02 17:55:00+00:00,0,0.5111770102176502
2026-02-02 18:00:00+00:00,1,0.5098571929018351
2026-02-02 18:05:00+00:00,1,0.5047391853386302
2026-02-02 18:10:00+00:00,1,0.5132470265622129
2026-02-02 18:15:00+00:00,1,0.5136306745962861
2026-02-02 18:20:00+00:00,1,0.5144659811870254
2026-02-02 18:25:00+00:00,1,0.5199593329564115
2026-02-02 18:30:00+00:00,0,0.5017757826725546
2026-02-02 18:35:00+00:00,0,0.5018207636225274
2026-02-02 18:40:00+00:00,0,0.5100659052116171
2026-02-02 18:45:00+00:00,0,0.5096308578307925
2026-02-02 18:50:00+00:00,0,0.5035792358967891
2026-02-02 18:55:00+00:00,0,0.5076770089241089
2026-02-02 19:00:00+00:00,0,0.5108495763548188
2026-02-02 19:05:00+00:00,0,0.5098300688717514
2026-02-02 19:10:00+00:00,0,0.5074622682439778
2026-02-02 19:15:00+00:00,0,0.511852238019399
2026-02-02 19:20:00+00:00,0,0.5099539413648163
2026-02-02 19:25:00+00:00,0,0.5127036902635127
2026-02-02 19:30:00+00:00,0,0.5128440483343067
2026-02-02 19:35:00+00:00,1,0.5111165704811579
2026-02-02 19:40:00+00:00,0,0.5069887772251839
2026-02-02 19:45:00+00:00,0,0.5128649251244681
2026-02-02 19:50:00+00:00,1,0.5115817920196833
2026-02-02 19:55:00+00:00,0,0.5126286367730926
2026-02-02 20:00:00+00:00,0,0.5132895522699771
2026-02-02 20:05:00+00:00,0,0.5081891410658028
2026-02-02 20:10:00+00:00,0,0.5137168328137345
2026-02-02 20:15:00+00:00,0,0.5122009260682734
2026-02-02 20:20:00+00:00,0,0.5054351953213793
2026-02-02 20:25:00+00:00,0,0.5096364959415414
2026-02-02 20:30:00+00:00,1,0.5293005924680245
2026-02-02 20:35:00+00:00,1,0.5266638271947555
2026-02-02 20:40:00+00:00,1,0.5188080306795207
2026-02-02 20:45:00+00:00,1,0.5222382580003555
2026-02-02 20:50:00+00:00,1,0.5160995040320597
2026-02-02 20:55:00+00:00,1,0.5112601032805619
2026-02-02 21:00:00+00:00,1,0.48740297483374573
2026-02-02 21:05:00+00:00,0,0.483558314217509
2026-02-02 21:10:00+00:00,0,0.4999784696895725
2026-02-02 21:15:00+00:00,0,0.4914973687795058
2026-02-02 21:20:00+00:00,1,0.5138225667299389
2026-02-02 21:25:00+00:00,1,0.5100438436276347
2026-02-02 21:30:00+00:00,1,0.4838528846667825
2026-02-02 21:35:00+00:00,1,0.49200799596553907
2026-02-02 21:40:00+00:00,1,0.5113939548012884
2026-02-02 21:45:00+00:00,1,0.5086119711508305
2026-02-02 21:50:00+00:00,1,0.499544026174314
2026-02-02 21:55:00+00:00,1,0.5079704380519221
2026-02-02 22:00:00+00:00,1,0.4803702508768751
2026-02-02 22:05:00+00:00,1,0.48317769075968037
2026-02-02 22:10:00+00:00,0,0.4725910073593451
2026-02-02 22:15:00+00:00,1,0.48641043573147036
2026-02-02 22:20:00+00:00,1,0.48603729531076323
2026-02-02 22:25:00+00:00,1,0.4849175974876951
2026-02-02 22:30:00+00:00,0,0.4771447913585556
2026-02-02 22:35:00+00:00,1,0.47735123069287566
2026-02-02 22:40:00+00:00,1,0.4787400723706212
2026-02-02 22:45:00+00:00,0,0.47599837186218247
2026-02-02 22:50:00+00:00,0,0.48142133784993785
2026-02-02 22:55:00+00:00,0,0.47799266744250224
2026-02-02 23:00:00+00:00,0,0.47692096152478874
2026-02-02 23:05:00+00:00,1,0.476345479816169
2026-02-02 23:10:00+00:00,1,0.4762057528701859
2026-02-02 23:15:00+00:00,1,0.4867952881508747
2026-02-02 23:20:00+00:00,1,0.5026462380982584
2026-02-02 23:25:00+00:00,1,0.4994366027394171
2026-02-02 23:30:00+00:00,0,0.48930033064645867
2026-02-02 23:35:00+00:00,0,0.478017108534693
2026-02-02 23:40:00+00:00,0,0.4825743898494936
2026-02-02 23:45:00+00:00,0,0.4913496942126408
2026-02-02 23:50:00+00:00,0,0.5008438650014022
2026-02-02 23:55:00+00:00,0,0.5034333505532788
2026-02-03 00:00:00+00:00,0,0.5182398625381773
2026-02-03 00:05:00+00:00,1,0.5249819825264054
2026-02-03 00:10:00+00:00,1,0.5271459403481655
2026-02-03 00:15:00+00:00,1,0.5153108222741162
2026-02-03 00:20:00+00:00,1,0.5163924513113216
2026-02-03 00:25:00+00:00,1,0.5098599789073207
2026-02-03 00:30:00+00:00,1,0.5166048489054268
2026-02-03 00:35:00+00:00,0,0.5120815611024176
2026-02-03 00:40:00+00:00,0,0.5099647874674802
2026-02-03 00:45:00+00:00,0,0.5122582779789977
2026-02-03 00:50:00+00:00,0,0.5158469558775766
2026-02-03 00:55:00+00:00,0,0.49174986640823215
2026-02-03 01:00:00+00:00,0,0.5107267108132735
2026-02-03 01:05:00+00:00,0,0.51523743793064
2026-02-03 01:10:00+00:00,0,0.5151093845128139
2026-02-03 01:15:00+00:00,1,0.5199969428302889
2026-02-03 01:20:00+00:00,1,0.514840114333951
2026-02-03 01:25:00+00:00,1,0.5128640640108918
2026-02-03 01:30:00+00:00,1,0.5180151831012256
2026-02-03 01:35:00+00:00,0,0.5157277889133112
2026-02-03 01:40:00+00:00,0,0.5090912021537909
2026-02-03 01:45:00+00:00,0,0.513404078159821
2026-02-03 01:50:00+00:00,0,0.5049656919525308
2026-02-03 01:55:00+00:00,0,0.5047830961202706
2026-02-03 02:00:00+00:00,0,0.513817578153325
2026-02-03 02:05:00+00:00,0,0.5177881679699544
2026-02-03 02:10:00+00:00,0,0.5258119205719207
2026-02-03 02:15:00+00:00,0,0.5203524864175821
2026-02-03 02:20:00+00:00,0,0.5176573463222065
2026-02-03 02:25:00+00:00,0,0.5224600004679423
2026-02-03 02:30:00+00:00,0,0.5265661430587124
2026-02-03 02:35:00+00:00,0,0.5197645150580209
2026-02-03 02:40:00+00:00,0,0.5245571450492806
2026-02-03 02:45:00+00:00,0,0.5341169930452193
2026-02-03 02:50:00+00:00,1,0.5295068945606664
2026-02-03 02:55:00+00:00,1,0.5319629145627277
2026-02-03 03:00:00+00:00,1,0.5358225824218217
2026-02-03 03:05:00+00:00,1,0.5234372750208913
2026-02-03 03:10:00+00:00,1,0.5118556965936035
2026-02-03 03:15:00+00:00,1,0.5190011924465295
2026-02-03 03:20:00+00:00,1,0.5120627231183653
2026-02-03 03:25:00+00:00,1,0.5078570494006576
2026-02-03 03:30:00+00:00,1,0.49812787408529297
2026-02-03 03:35:00+00:00,1,0.4861768177553216
2026-02-03 03:40:00+00:00,1,0.48679912305469447
2026-02-03 03:45:00+00:00,1,0.4831102796777328
2026-02-03 03:50:00+00:00,1,0.48237134007610116
2026-02-03 03:55:00+00:00,0,0.46963655787418734
2026-02-03 04:00:00+00:00,1,0.4805902654267529
2026-02-03 04:05:00+00:00,1,0.47365520112587783
2026-02-03 04:10:00+00:00,1,0.47267794093962257
2026-02-03 04:15:00+00:00,1,0.47517520010135456
2026-02-03 04:20:00+00:00,1,0.47909435599366157
2026-02-03 04:25:00+00:00,1,0.48125267537733096
2026-02-03 04:30:00+00:00,1,0.4773883645986189
2026-02-03 04:35:00+00:00,1,0.4773050366000691
2026-02-03 04:40:00+00:00,0,0.47153765812739934
2026-02-03 04:45:00+00:00,0,0.47301421289847506
2026-02-03 04:50:00+00:00,0,0.4780965174492079
2026-02-03 04:55:00+00:00,0,0.47775072396814877
2026-02-03 05:00:00+00:00,0,0.48191349067223016
2026-02-03 05:05:00+00:00,0,0.4825035697422039
2026-02-03 05:10:00+00:00,1,0.4889141361395871
2026-02-03 05:15:00+00:00,1,0.49774895762490085
2026-02-03 05:20:00+00:00,0,0.48618749767754765
2026-02-03 05:25:00+00:00,0,0.48519226687632894
2026-02-03 05:30:00+00:00,0,0.4876790700545487
2026-02-03 05:35:00+00:00,0,0.4960963866476683
2026-02-03 05:40:00+00:00,0,0.48908489816274553
2026-02-03 05:45:00+00:00,0,0.48923339179577996
2026-02-03 05:50:00+00:00,0,0.5109831157670872
2026-02-03 05:55:00+00:00,1,0.5123699327540593
2026-02-03 06:00:00+00:00,1,0.5124957712737772
2026-02-03 06:05:00+00:00,1,0.5221984831755394
2026-02-03 06:10:00+00:00,1,0.5173737769862919
2026-02-03 06:15:00+00:00,1,0.510548983998601
2026-02-03 06:20:00+00:00,1,0.5072107224458863
2026-02-03 06:25:00+00:00,0,0.4827670958920334
2026-02-03 06:30:00+00:00,0,0.4832263751228882
2026-02-03 06:35:00+00:00,1,0.5042177780887973
2026-02-03 06:40:00+00:00,1,0.5082299620354671
2026-02-03 06:45:00+00:00,1,0.49025404331571437
2026-02-03 06:50:00+00:00,1,0.4847498555293761
2026-02-03 06:55:00+00:00,1,0.48486869360890417
2026-02-03 07:00:00+00:00,1,0.5039751353847747
2026-02-03 07:05:00+00:00,1,0.46847052702446074
2026-02-03 07:10:00+00:00,1,0.47198677354330026
2026-02-03 07:15:00+00:00,1,0.4773703971250838
2026-02-03 07:20:00+00:00,1,0.4823176143717609
2026-02-03 07:25:00+00:00,1,0.47812694877981576
2026-02-03 07:30:00+00:00,0,0.4680951541728958
2026-02-03 07:35:00+00:00,0,0.4689185793026855
2026-02-03 07:40:00+00:00,0,0.4707008591354419
2026-02-03 07:45:00+00:00,0,0.47093358890130016
2026-02-03 07:50:00+00:00,1,0.47694015518588456
2026-02-03 07:55:00+00:00,1,0.4784592309789703
2026-02-03 08:00:00+00:00,1,0.47531265887606206
2026-02-03 08:05:00+00:00,1,0.4793927309672667
2026-02-03 08:10:00+00:00,1,0.5052305838571703
2026-02-03 08:15:00+00:00,0,0.4757260466287587
2026-02-03 08:20:00+00:00,0,0.47763463110982296
2026-02-03 08:25:00+00:00,0,0.4686631725042541
2026-02-03 08:30:00+00:00,0,0.47343257764152213
2026-02-03 08:35:00+00:00,0,0.47290004713366046
2026-02-03 08:40:00+00:00,0,0.4722336301168272
2026-02-03 08:45:00+00:00,0,0.5090233437365302
2026-02-03 08:50:00+00:00,0,0.5145922701604986
2026-02-03 08:55:00+00:00,0,0.5166048000999537
2026-02-03 09:00:00+00:00,0,0.5115974048935267
2026-02-03 09:05:00+00:00,0,0.5104277240480248
2026-02-03 09:10:00+00:00,1,0.5299965843665202
2026-02-03 09:15:00+00:00,1,0.5196507805249887
2026-02-03 09:20:00+00:00,1,0.5189929840263118
2026-02-03 09:25:00+00:00,1,0.5201789098106324
2026-02-03 09:30:00+00:00,1,0.5137036615526838
2026-02-03 09:35:00+00:00,1,0.500560156184477
2026-02-03 09:40:00+00:00,1,0.4980939860260935
2026-02-03 09:45:00+00:00,0,0.5025439077358422
2026-02-03 09:50:00+00:00,1,0.5001308863034366
2026-02-03 09:55:00+00:00,1,0.49840158540049945
2026-02-03 10:00:00+00:00,0,0.49549015117015316
2026-02-03 10:05:00+00:00,0,0.4906536430571402
2026-02-03 10:10:00+00:00,0,0.4971369140488006
2026-02-03 10:15:00+00:00,0,0.5057332724562434
2026-02-03 10:20:00+00:00,0,0.49269681150133393
2026-02-03 10:25:00+00:00,0,0.49518938602603585
2026-02-03 10:30:00+00:00,1,0.5123913436452447
2026-02-03 10:35:00+00:00,1,0.5036211289407206
2026-02-03 10:40:00+00:00,1,0.5061986015577714
2026-02-03 10:45:00+00:00,1,0.5120758099635251
2026-02-03 10:50:00+00:00,1,0.5094566526063343
2026-02-03 10:55:00+00:00,1,0.5047586496671462
2026-02-03 11:00:00+00:00,1,0.4928522377695916
2026-02-03 11:05:00+00:00,1,0.4933752677043208
2026-02-03 11:10:00+00:00,1,0.4956271103328835
2026-02-03 11:15:00+00:00,1,0.5029227037997248
2026-02-03 11:20:00+00:00,1,0.46867497719400425
2026-02-03 11:25:00+00:00,1,0.4822416498926921
2026-02-03 11:30:00+00:00,0,0.48288274026436584
2026-02-03 11:35:00+00:00,1,0.5071532359948367
2026-02-03 11:40:00+00:00,1,0.4891730986716036
2026-02-03 11:45:00+00:00,0,0.4784390930443861
2026-02-03 11:50:00+00:00,1,0.4857731890293465
2026-02-03 11:55:00+00:00,1,0.4936275233884242
2026-02-03 12:00:00+00:00,1,0.5103124538410188
2026-02-03 12:05:00+00:00,1,0.4892290610380368
2026-02-03 12:10:00+00:00,1,0.4701493065682077
2026-02-03 12:15:00+00:00,1,0.4769042674672845
2026-02-03 12:20:00+00:00,1,0.47501640486792035
2026-02-03 12:25:00+00:00,1,0.4685860174106127
2026-02-03 12:30:00+00:00,1,0.4787739972454268
2026-02-03 12:35:00+00:00,1,0.47019906201801687
2026-02-03 12:40:00+00:00,1,0.47436849303362344
2026-02-03 12:45:00+00:00,0,0.4685445852949489
2026-02-03 12:50:00+00:00,0,0.47186999767243876
2026-02-03 12:55:00+00:00,1,0.4740438070381788
2026-02-03 13:00:00+00:00,1,0.4845890624978989
2026-02-03 13:05:00+00:00,1,0.4730575770655998
2026-02-03 13:10:00+00:00,1,0.4808517937669458
2026-02-03 13:15:00+00:00,1,0.48185788809677654
2026-02-03 13:20:00+00:00,1,0.4755452426354261
2026-02-03 13:25:00+00:00,1,0.4695198728026211
2026-02-03 13:30:00+00:00,0,0.47085100349072695
2026-02-03 13:35:00+00:00,1,0.46922720107551646
2026-02-03 13:40:00+00:00,1,0.4817414085251486
2026-02-03 13:45:00+00:00,0,0.4746246140392454
2026-02-03 13:50:00+00:00,1,0.4836517070331836
2026-02-03 13:55:00+00:00,1,0.4701483181517764
2026-02-03 14:00:00+00:00,0,0.47807291816973846
2026-02-03 14:05:00+00:00,0,0.4734321164999046
2026-02-03 14:10:00+00:00,0,0.4720305584837075
2026-02-03 14:15:00+00:00,0,0.49102632714418487
2026-02-03 14:20:00+00:00,0,0.4821132066412458
2026-02-03 14:25:00+00:00,0,0.4700480743134621
2026-02-03 14:30:00+00:00,0,0.5129637566114142
2026-02-03 14:35:00+00:00,0,0.5180825510313528
2026-02-03 14:40:00+00:00,0,0.5182859462757178
2026-02-03 14:45:00+00:00,0,0.5190840812458043
2026-02-03 14:50:00+00:00,1,0.5326292881975301
2026-02-03 14:55:00+00:00,1,0.5379084922273374
2026-02-03 15:00:00+00:00,1,0.5194079117932542
2026-02-03 15:05:00+00:00,1,0.508214136008365
2026-02-03 15:10:00+00:00,1,0.5251188726731628
2026-02-03 15:15:00+00:00,1,0.5112230370951703
2026-02-03 15:20:00+00:00,1,0.510765738566581
2026-02-03 15:25:00+00:00,1,0.5216025364683541
2026-02-03 15:30:00+00:00,1,0.5141942605329138
2026-02-03 15:35:00+00:00,1,0.5181839818473579
2026-02-03 15:40:00+00:00,1,0.5285668249115665
2026-02-03 15:45:00+00:00,0,0.5095885202085133
2026-02-03 15:50:00+00:00,0,0.5129508546565453
2026-02-03 15:55:00+00:00,0,0.508664785312005
2026-02-03 16:00:00+00:00,0,0.5080488471482681
2026-02-03 16:05:00+00:00,0,0.5125638404937914
2026-02-03 16:10:00+00:00,0,0.5009955603287349
2026-02-03 16:15:00+00:00,0,0.5162917577623302
2026-02-03 16:20:00+00:00,0,0.532544054112337
2026-02-03 16:25:00+00:00,0,0.5117397563278065
2026-02-03 16:30:00+00:00,0,0.5141202791928793
2026-02-03 16:35:00+00:00,0,0.5041169409586997
2026-02-03 16:40:00+00:00,0,0.5154585476238248
2026-02-03 16:45:00+00:00,0,0.5081420453767735
2026-02-03 16:50:00+00:00,0,0.509244082278049
2026-02-03 16:55:00+00:00,0,0.5058591532270539
2026-02-03 17:00:00+00:00,0,0.5067831559579534
2026-02-03 17:05:00+00:00,0,0.51774323992276
2026-02-03 17:10:00+00:00,0,0.5226200604235891
2026-02-03 17:15:00+00:00,0,0.5183711495662965
2026-02-03 17:20:00+00:00,0,0.5184768615892387
2026-02-03 17:25:00+00:00,0,0.5128726377950471
2026-02-03 17:30:00+00:00,0,0.5174934733907309
2026-02-03 17:35:00+00:00,0,0.5129750661901435
2026-02-03 17:40:00+00:00,0,0.5329791076564144
2026-02-03 17:45:00+00:00,0,0.5295017721119545
2026-02-03 17:50:00+00:00,0,0.5348113383132902
2026-02-03 17:55:00+00:00,0,0.5303835336849563
2026-02-03 18:00:00+00:00,0,0.5370448343037983
2026-02-03 18:05:00+00:00,0,0.5231337427552453
2026-02-03 18:10:00+00:00,0,0.5236127971024921
2026-02-03 18:15:00+00:00,0,0.5305187354544969
2026-02-03 18:20:00+00:00,0,0.536151696655985
2026-02-03 18:25:00+00:00,0,0.5283898019725113
2026-02-03 18:30:00+00:00,0,0.5216517967942875
2026-02-03 18:35:00+00:00,1,0.5238561828860674
2026-02-03 18:40:00+00:00,1,0.5225620926159953
2026-02-03 18:45:00+00:00,1,0.5190448684739881
2026-02-03 18:50:00+00:00,1,0.5189945266794618
2026-02-03 18:55:00+00:00,1,0.5215100348071517
2026-02-03 19:00:00+00:00,1,0.5162828646698968
2026-02-03 19:05:00+00:00,1,0.5169328336955026
2026-02-03 19:10:00+00:00,1,0.527907113493388
2026-02-03 19:15:00+00:00,1,0.5239116553254016
2026-02-03 19:20:00+00:00,1,0.518931032422115
2026-02-03 19:25:00+00:00,1,0.5273406509978021
2026-02-03 19:30:00+00:00,0,0.5291322214887562
2026-02-03 19:35:00+00:00,0,0.5470423011653756
2026-02-03 19:40:00+00:00,0,0.5424339206207361
2026-02-03 19:45:00+00:00,1,0.5205824587187196
2026-02-03 19:50:00+00:00,1,0.5310230485720101
2026-02-03 19:55:00+00:00,1,0.5333969887400463
2026-02-03 20:00:00+00:00,1,0.5172018008845264
2026-02-03 20:05:00+00:00,1,0.515071537558674
2026-02-03 20:10:00+00:00,1,0.5150358098905368
2026-02-03 20:15:00+00:00,1,0.5216598509919195
2026-02-03 20:20:00+00:00,1,0.49559905941185994
2026-02-03 20:25:00+00:00,1,0.49687560054198765
2026-02-03 20:30:00+00:00,1,0.584414269123461
2026-02-03 20:35:00+00:00,1,0.5924467309012478
2026-02-03 20:40:00+00:00,1,0.5622433439715664
2026-02-03 20:45:00+00:00,0,0.5494708048347455
2026-02-03 20:50:00+00:00,0,0.5585125439193168
2026-02-03 20:55:00+00:00,0,0.5257530053731848
2026-02-03 21:00:00+00:00,0,0.5578216330090433
2026-02-03 21:05:00+00:00,0,0.550256192013071
2026-02-03 21:10:00+00:00,0,0.5125454245888237
2026-02-03 21:15:00+00:00,0,0.5096048195287671
2026-02-03 21:20:00+00:00,0,0.5116686290232823
2026-02-03 21:25:00+00:00,0,0.5114534937674194
2026-02-03 21:30:00+00:00,0,0.5122127238473606
2026-02-03 21:35:00+00:00,0,0.5242592294259214
2026-02-03 21:40:00+00:00,0,0.5120786757798653
2026-02-03 21:45:00+00:00,0,0.5218946106465063
2026-02-03 21:50:00+00:00,0,0.5226935942480753
2026-02-03 21:55:00+00:00,0,0.5188719480831654
2026-02-03 22:00:00+00:00,0,0.5220643206314844
2026-02-03 22:05:00+00:00,1,0.5370716324301895
2026-02-03 22:10:00+00:00,1,0.5295475980354342
2026-02-03 22:15:00+00:00,0,0.5273401071437408
2026-02-03 22:20:00+00:00,0,0.5340533887653737
2026-02-03 22:25:00+00:00,0,0.526502513341928
2026-02-03 22:30:00+00:00,0,0.5143067382969881
2026-02-03 22:35:00+00:00,0,0.5125640489781826
2026-02-03 22:40:00+00:00,0,0.5163648607987036
2026-02-03 22:45:00+00:00,0,0.5425678963594703
2026-02-03 22:50:00+00:00,0,0.5297635902715558
2026-02-03 22:55:00+00:00,0,0.5364634893436533
2026-02-03 23:00:00+00:00,1,0.5461289185332006
2026-02-03 23:05:00+00:00,1,0.5360797696678311
2026-02-03 23:10:00+00:00,0,0.5129741889274951
2026-02-03 23:15:00+00:00,0,0.5206685847117771
2026-02-03 23:20:00+00:00,0,0.5142172599725598
2026-02-03 23:25:00+00:00,1,0.5137251354773281
2026-02-03 23:30:00+00:00,0,0.5084840931375305
2026-02-03 23:35:00+00:00,0,0.5106281832557247
2026-02-03 23:40:00+00:00,0,0.5135774515247329
2026-02-03 23:45:00+00:00,1,0.5246103346535461
2026-02-03 23:50:00+00:00,1,0.5143992494945613
2026-02-03 23:55:00+00:00,1,0.5086538493618308
2026-02-04 00:00:00+00:00,1,0.5160066018481139
2026-02-04 00:05:00+00:00,1,0.518184898422856
2026-02-04 00:10:00+00:00,1,0.5146141759420394
2026-02-04 00:15:00+00:00,1,0.5031946404875575
2026-02-04 00:20:00+00:00,1,0.5009657961736315
2026-02-04 00:25:00+00:00,1,0.49433515436889924
2026-02-04 00:30:00+00:00,1,0.4782356575571151
2026-02-04 00:35:00+00:00,1,0.47295927190553866
2026-02-04 00:40:00+00:00,1,0.4777973186827333
2026-02-04 00:45:00+00:00,1,0.47329791335283133
2026-02-04 00:50:00+00:00,1,0.48458734554722455
2026-02-04 00:55:00+00:00,1,0.4843983421654832
2026-02-04 01:00:00+00:00,1,0.47055140759194275
2026-02-04 01:05:00+00:00,1,0.4667567321166498
2026-02-04 01:10:00+00:00,0,0.4695413869081335
2026-02-04 01:15:00+00:00,0,0.4709391561650395
2026-02-04 01:20:00+00:00,0,0.4748975848491305
2026-02-04 01:25:00+00:00,0,0.4749957201863394
2026-02-04 01:30:00+00:00,0,0.4707538220148202
2026-02-04 01:35:00+00:00,0,0.4766394147154773
2026-02-04 01:40:00+00:00,0,0.47371191722055056
2026-02-04 01:45:00+00:00,1,0.4796846097965113
2026-02-04 01:50:00+00:00,0,0.4791144642407768
2026-02-04 01:55:00+00:00,0,0.4836555578560962
2026-02-04 02:00:00+00:00,0,0.48574469551289706
2026-02-04 02:05:00+00:00,0,0.47836151509025365
2026-02-04 02:10:00+00:00,0,0.47921135262392234
2026-02-04 02:15:00+00:00,0,0.48529484467328365
2026-02-04 02:20:00+00:00,0,0.48486403003872625
2026-02-04 02:25:00+00:00,0,0.5099653740708299
2026-02-04 02:30:00+00:00,0,0.5098909352086791
2026-02-04 02:35:00+00:00,1,0.4948369721353876
2026-02-04 02:40:00+00:00,1,0.5243825840533906
2026-02-04 02:45:00+00:00,1,0.5254148518126188
2026-02-04 02:50:00+00:00,1,0.5151011157889345
2026-02-04 02:55:00+00:00,1,0.5142145349001664
2026-02-04 03:00:00+00:00,1,0.5117349956304534
2026-02-04 03:05:00+00:00,1,0.48999925522899285
2026-02-04 03:10:00+00:00,1,0.4788957070089893
2026-02-04 03:15:00+00:00,1,0.49074762078997214
2026-02-04 03:20:00+00:00,1,0.5071879199397717
2026-02-04 03:25:00+00:00,1,0.5095040100726551
2026-02-04 03:30:00+00:00,1,0.5077765028438372
2026-02-04 03:35:00+00:00,0,0.4707255363985176
2026-02-04 03:40:00+00:00,0,0.47181927300099186
2026-02-04 03:45:00+00:00,0,0.47697269926712893
2026-02-04 03:50:00+00:00,0,0.4738945536264088
2026-02-04 03:55:00+00:00,0,0.47600798222554563
2026-02-04 04:00:00+00:00,0,0.48587651921219227
2026-02-04 04:05:00+00:00,0,0.4740940891088822
2026-02-04 04:10:00+00:00,0,0.4790965923415307
2026-02-04 04:15:00+00:00,0,0.4860367260577001
2026-02-04 04:20:00+00:00,1,0.5011302557872794
2026-02-04 04:25:00+00:00,0,0.48486494452793377
2026-02-04 04:30:00+00:00,0,0.5003743373312406
2026-02-04 04:35:00+00:00,0,0.4890341819188032
2026-02-04 04:40:00+00:00,1,0.5043279692094187
2026-02-04 04:45:00+00:00,0,0.48890983579284
2026-02-04 04:50:00+00:00,0,0.5141728239967933
2026-02-04 04:55:00+00:00,1,0.5118607950466233
2026-02-04 05:00:00+00:00,0,0.5048108715188644
2026-02-04 05:05:00+00:00,0,0.5064044691739913
2026-02-04 05:10:00+00:00,0,0.5023075598651325
2026-02-04 05:15:00+00:00,0,0.5120216355044624
2026-02-04 05:20:00+00:00,0,0.5068253712426865
2026-02-04 05:25:00+00:00,0,0.5079043895382913
2026-02-04 05:30:00+00:00,0,0.5096973049349587
2026-02-04 05:35:00+00:00,1,0.5145889805506361
2026-02-04 05:40:00+00:00,1,0.5168462029600274
2026-02-04 05:45:00+00:00,1,0.5188032465011725
2026-02-04 05:50:00+00:00,1,0.5271341892773395
2026-02-04 05:55:00+00:00,1,0.5153624849683358
2026-02-04 06:00:00+00:00,1,0.5133401737381073
2026-02-04 06:05:00+00:00,1,0.5026585778684977
2026-02-04 06:10:00+00:00,1,0.5056190677160309
2026-02-04 06:15:00+00:00,1,0.5036180420520548
2026-02-04 06:20:00+00:00,1,0.5091771992041205
2026-02-04 06:25:00+00:00,1,0.5085628323801327
2026-02-04 06:30:00+00:00,1,0.5089370000165598
2026-02-04 06:35:00+00:00,0,0.47849699990440026
2026-02-04 06:40:00+00:00,1,0.4727613872697635
2026-02-04 06:45:00+00:00,0,0.4695676662618203
2026-02-04 06:50:00+00:00,0,0.47333354794302496
2026-02-04 06:55:00+00:00,0,0.47584466781330237
2026-02-04 07:00:00+00:00,1,0.4985376574883488
2026-02-04 07:05:00+00:00,1,0.5035956864687552
2026-02-04 07:10:00+00:00,1,0.47131767691320875
2026-02-04 07:15:00+00:00,1,0.47637546747251996
2026-02-04 07:20:00+00:00,1,0.4973726161716793
2026-02-04 07:25:00+00:00,1,0.47555997642727343
2026-02-04 07:30:00+00:00,1,0.47433586977149406
2026-02-04 07:35:00+00:00,1,0.4691444717016902
2026-02-04 07:40:00+00:00,0,0.46759462863844264
2026-02-04 07:45:00+00:00,1,0.470365758543589
2026-02-04 07:50:00+00:00,0,0.4796496671684095
2026-02-04 07:55:00+00:00,0,0.4815929457648514
2026-02-04 08:00:00+00:00,1,0.4829820685217953
2026-02-04 08:05:00+00:00,0,0.47804777107681906
2026-02-04 08:10:00+00:00,1,0.4769150503154586
2026-02-04 08:15:00+00:00,1,0.4722776714641492
2026-02-04 08:20:00+00:00,1,0.4833755719930263
2026-02-04 08:25:00+00:00,1,0.49215585029753167
2026-02-04 08:30:00+00:00,0,0.47748613890087416
2026-02-04 08:35:00+00:00,0,0.4817287576273166
2026-02-04 08:40:00+00:00,0,0.47785725301832427
2026-02-04 08:45:00+00:00,0,0.4714045802410076
2026-02-04 08:50:00+00:00,0,0.47083585408094175
2026-02-04 08:55:00+00:00,0,0.47548337730050816
2026-02-04 09:00:00+00:00,0,0.4992506421483293
2026-02-04 09:05:00+00:00,0,0.5089683757472538
2026-02-04 09:10:00+00:00,0,0.5097831693010267
2026-02-04 09:15:00+00:00,0,0.5124722426863394
2026-02-04 09:20:00+00:00,0,0.5140447562594824
2026-02-04 09:25:00+00:00,0,0.502489743491497
2026-02-04 09:30:00+00:00,0,0.5040130259642619
2026-02-04 09:35:00+00:00,0,0.5132390045606987
2026-02-04 09:40:00+00:00,1,0.5116817846595219
2026-02-04 09:45:00+00:00,0,0.506087334662663
2026-02-04 09:50:00+00:00,0,0.5062230552600285
2026-02-04 09:55:00+00:00,1,0.5081823439844915
2026-02-04 10:00:00+00:00,1,0.5048852089441601
2026-02-04 10:05:00+00:00,0,0.5061636923215705
2026-02-04 10:10:00+00:00,0,0.5043060556005645
2026-02-04 10:15:00+00:00,0,0.5040755268839082
2026-02-04 10:20:00+00:00,0,0.504271836946839
2026-02-04 10:25:00+00:00,0,0.4980758484297152
2026-02-04 10:30:00+00:00,0,0.4971290572331345
2026-02-04 10:35:00+00:00,0,0.5069944734138593
2026-02-04 10:40:00+00:00,0,0.5075121243544297
2026-02-04 10:45:00+00:00,0,0.5087426645766476
2026-02-04 10:50:00+00:00,0,0.5108241681428658
2026-02-04 10:55:00+00:00,0,0.5120747709812765
2026-02-04 11:00:00+00:00,1,0.521706289576735
2026-02-04 11:05:00+00:00,1,0.5341528483851108
2026-02-04 11:10:00+00:00,1,0.5108511723628637
2026-02-04 11:15:00+00:00,1,0.5119598067835316
2026-02-04 11:20:00+00:00,1,0.498984889168112
2026-02-04 11:25:00+00:00,1,0.5052324267412314
2026-02-04 11:30:00+00:00,1,0.49494035961790556
2026-02-04 11:35:00+00:00,1,0.5027741203719275
2026-02-04 11:40:00+00:00,1,0.4981145286949045
2026-02-04 11:45:00+00:00,1,0.4934377575414081
2026-02-04 11:50:00+00:00,1,0.5024048710068306
2026-02-04 11:55:00+00:00,0,0.4962464212912527
2026-02-04 12:00:00+00:00,0,0.49343366581543585
2026-02-04 12:05:00+00:00,0,0.49571624615918114
2026-02-04 12:10:00+00:00,0,0.4885032313421561
2026-02-04 12:15:00+00:00,0,0.4775159712146624
2026-02-04 12:20:00+00:00,0,0.49783018577568866
2026-02-04 12:25:00+00:00,1,0.5050201166878525
2026-02-04 12:30:00+00:00,0,0.5001936242891611
2026-02-04 12:35:00+00:00,1,0.5096468295483363
2026-02-04 12:40:00+00:00,1,0.4999334763313525
2026-02-04 12:45:00+00:00,1,0.5003200305050404
2026-02-04 12:50:00+00:00,0,0.49131670398248145
2026-02-04 12:55:00+00:00,0,0.4933285346273009
2026-02-04 13:00:00+00:00,0,0.49760436291378773
2026-02-04 13:05:00+00:00,0,0.4802033179975587
2026-02-04 13:10:00+00:00,0,0.48128031063529336
2026-02-04 13:15:00+00:00,0,0.4990517255365208
2026-02-04 13:20:00+00:00,0,0.5099361491675802
2026-02-04 13:25:00+00:00,0,0.5082536522489217
2026-02-04 13:30:00+00:00,0,0.515452987874155
2026-02-04 13:35:00+00:00,0,0.5219099686590978
2026-02-04 13:40:00+00:00,0,0.5189345667926681
2026-02-04 13:45:00+00:00,1,0.5250238898019076
2026-02-04 13:50:00+00:00,0,0.5203159040210307
2026-02-04 13:55:00+00:00,1,0.5271053077231227
2026-02-04 14:00:00+00:00,0,0.5215099615243861
2026-02-04 14:05:00+00:00,1,0.5218822515590266
2026-02-04 14:10:00+00:00,0,0.5044045488238867
2026-02-04 14:15:00+00:00,1,0.5017379688120688
2026-02-04 14:20:00+00:00,0,0.5110531352712882
2026-02-04 14:25:00+00:00,0,0.5006514976102521
2026-02-04 14:30:00+00:00,0,0.5390865690363232
2026-02-04 14:35:00+00:00,0,0.5285689585341958
2026-02-04 14:40:00+00:00,0,0.5202340242441922
2026-02-04 14:45:00+00:00,0,0.4950456232356549
2026-02-04 14:50:00+00:00,0,0.5227291715163686
2026-02-04 14:55:00+00:00,1,0.5794730309526495
2026-02-04 15:00:00+00:00,0,0.5549866180152904
2026-02-04 15:05:00+00:00,0,0.5486969513567319
2026-02-04 15:10:00+00:00,0,0.5442342230836299
2026-02-04 15:15:00+00:00,0,0.5447373708342998
2026-02-04 15:20:00+00:00,0,0.5371479550711525
2026-02-04 15:25:00+00:00,0,0.5408742699730605
2026-02-04 15:30:00+00:00,1,0.5762545971003168
2026-02-04 15:35:00+00:00,1,0.5855150928216639
2026-02-04 15:40:00+00:00,1,0.5556273155719693
2026-02-04 15:45:00+00:00,1,0.5562026621561935
2026-02-04 15:50:00+00:00,0,0.545214651638358
2026-02-04 15:55:00+00:00,0,0.5245111797011436
2026-02-04 16:00:00+00:00,0,0.5216505073526734
2026-02-04 16:05:00+00:00,0,0.5216317565948948
2026-02-04 16:10:00+00:00,0,0.526216087810912
2026-02-04 16:15:00+00:00,0,0.5337993286315112
2026-02-04 16:20:00+00:00,0,0.526574211945853
2026-02-04 16:25:00+00:00,0,0.525096601956297
2026-02-04 16:30:00+00:00,1,0.5403879453875291
2026-02-04 16:35:00+00:00,1,0.5380091368526783
2026-02-04 16:40:00+00:00,1,0.5375840920878076
2026-02-04 16:45:00+00:00,1,0.5219082240460271
2026-02-04 16:50:00+00:00,0,0.5210632460671903
2026-02-04 16:55:00+00:00,0,0.5077113512592173
2026-02-04 17:00:00+00:00,0,0.5067778493587025
2026-02-04 17:05:00+00:00,0,0.527439416492216
2026-02-04 17:10:00+00:00,0,0.5390505464861158
2026-02-04 17:15:00+00:00,0,0.5371924863513455
2026-02-04 17:20:00+00:00,1,0.5337316157165218
2026-02-04 17:25:00+00:00,1,0.5426157610638846
2026-02-04 17:30:00+00:00,1,0.5510045394344587
2026-02-04 17:35:00+00:00,1,0.5420936142131029
2026-02-04 17:40:00+00:00,0,0.543639471503841
2026-02-04 17:45:00+00:00,0,0.5416502740962548
2026-02-04 17:50:00+00:00,0,0.5296903601991696
2026-02-04 17:55:00+00:00,1,0.5057777055211214
2026-02-04 18:00:00+00:00,1,0.5403928480712374
2026-02-04 18:05:00+00:00,1,0.5574746696033047
2026-02-04 18:10:00+00:00,1,0.5425295363809055
2026-02-04 18:15:00+00:00,1,0.5407114288568272
2026-02-04 18:20:00+00:00,1,0.5402285440258003
2026-02-04 18:25:00+00:00,1,0.5208959298967873
2026-02-04 18:30:00+00:00,1,0.5194760346413844
2026-02-04 18:35:00+00:00,1,0.5419384316172927
2026-02-04 18:40:00+00:00,0,0.5835145374151186
2026-02-04 18:45:00+00:00,0,0.54123904936659
2026-02-04 18:50:00+00:00,0,0.5236319507226399
2026-02-04 18:55:00+00:00,1,0.523055757824627
2026-02-04 19:00:00+00:00,0,0.5215120652644244
2026-02-04 19:05:00+00:00,0,0.5093049706174814
2026-02-04 19:10:00+00:00,1,0.5129616773481284
2026-02-04 19:15:00+00:00,1,0.5116958210223584
2026-02-04 19:20:00+00:00,1,0.5149992206473554
2026-02-04 19:25:00+00:00,1,0.5022952680583392
2026-02-04 19:30:00+00:00,1,0.5020708162293314
2026-02-04 19:35:00+00:00,1,0.4863672955826
2026-02-04 19:40:00+00:00,1,0.4862272938325039
2026-02-04 19:45:00+00:00,1,0.4815321208361329
2026-02-04 19:50:00+00:00,0,0.4873981470328419
2026-02-04 19:55:00+00:00,0,0.5157326190457472
2026-02-04 20:00:00+00:00,0,0.4823456641778896
2026-02-04 20:05:00+00:00,0,0.48458521079246547
2026-02-04 20:10:00+00:00,0,0.4817719819999657
2026-02-04 20:15:00+00:00,0,0.4782662772606966
2026-02-04 20:20:00+00:00,0,0.4848281416111637
2026-02-04 20:25:00+00:00,0,0.4857621656378409
2026-02-04 20:30:00+00:00,0,0.4813585553923925
2026-02-04 20:35:00+00:00,0,0.480732689054643
2026-02-04 20:40:00+00:00,0,0.4866839375068668
2026-02-04 20:45:00+00:00,0,0.4855780253716752
2026-02-04 20:50:00+00:00,0,0.4864608357488261
2026-02-04 20:55:00+00:00,0,0.4856387181230382
2026-02-04 21:00:00+00:00,0,0.4884238724373505
2026-02-04 21:05:00+00:00,0,0.5099903408436034
2026-02-04 21:10:00+00:00,0,0.5056109437462796
2026-02-04 21:15:00+00:00,0,0.520395893701035
2026-02-04 21:20:00+00:00,0,0.5250136800521329
2026-02-04 21:25:00+00:00,0,0.5259117554123491
2026-02-04 21:30:00+00:00,0,0.5200957357668042
2026-02-04 21:35:00+00:00,0,0.5172737119090455
2026-02-04 21:40:00+00:00,0,0.5327979904798525
2026-02-04 21:45:00+00:00,1,0.5379713634119934
2026-02-04 21:50:00+00:00,1,0.5291673653649818
2026-02-04 21:55:00+00:00,1,0.5218951007561081
2026-02-04 22:00:00+00:00,1,0.5625695996844535
2026-02-04 22:05:00+00:00,1,0.5576355609922411
2026-02-04 22:10:00+00:00,1,0.5431920159632909
2026-02-04 22:15:00+00:00,1,0.5207504770403824
2026-02-04 22:20:00+00:00,0,0.5201566394146174
2026-02-04 22:25:00+00:00,0,0.4979228077407284
2026-02-04 22:30:00+00:00,0,0.49409885650447855
2026-02-04 22:35:00+00:00,0,0.5327633795665021
2026-02-04 22:40:00+00:00,1,0.5583019987864091
2026-02-04 22:45:00+00:00,1,0.5430169586246882
2026-02-04 22:50:00+00:00,1,0.5336344328015695
2026-02-04 22:55:00+00:00,1,0.5423670254294305
2026-02-04 23:00:00+00:00,1,0.5410907378814251
2026-02-04 23:05:00+00:00,1,0.5392554314170446
2026-02-04 23:10:00+00:00,1,0.5192272403403075
2026-02-04 23:15:00+00:00,1,0.5207809296204355
2026-02-04 23:20:00+00:00,1,0.5049875661190735
2026-02-04 23:25:00+00:00,0,0.4793275291035425
2026-02-04 23:30:00+00:00,0,0.47038081865165804
2026-02-04 23:35:00+00:00,0,0.47470004610080807
2026-02-04 23:40:00+00:00,0,0.47989152473960905
2026-02-04 23:45:00+00:00,0,0.47792005099613344
2026-02-04 23:50:00+00:00,0,0.47868048348046466
2026-02-04 23:55:00+00:00,1,0.48931137093040766
2026-02-05 00:00:00+00:00,0,0.5012478575324705
2026-02-05 00:05:00+00:00,1,0.49422682222456665
2026-02-05 00:10:00+00:00,1,0.5127409185668658
2026-02-05 00:15:00+00:00,1,0.491001662483469
2026-02-05 00:20:00+00:00,0,0.4745955908030134
2026-02-05 00:25:00+00:00,0,0.4704473976156797
2026-02-05 00:30:00+00:00,1,0.5239234322518175
2026-02-05 00:35:00+00:00,1,0.5083753652963511
2026-02-05 00:40:00+00:00,1,0.5136289500613141
2026-02-05 00:45:00+00:00,0,0.5032772985271272
2026-02-05 00:50:00+00:00,0,0.514798096292446
2026-02-05 00:55:00+00:00,1,0.5148421869163334
2026-02-05 01:00:00+00:00,1,0.5133599873787091
2026-02-05 01:05:00+00:00,1,0.4852527000174464
2026-02-05 01:10:00+00:00,0,0.4846462337189049
2026-02-05 01:15:00+00:00,1,0.5340647109869139
2026-02-05 01:20:00+00:00,1,0.5226734662831193
2026-02-05 01:25:00+00:00,0,0.48091200253243965
2026-02-05 01:30:00+00:00,0,0.48338770188072705
2026-02-05 01:35:00+00:00,0,0.49136349840139354
2026-02-05 01:40:00+00:00,0,0.5238496961213461
2026-02-05 01:45:00+00:00,0,0.5115459789588425
2026-02-05 01:50:00+00:00,1,0.5223631955495224
2026-02-05 01:55:00+00:00,1,0.5188984995099732
2026-02-05 02:00:00+00:00,1,0.5212990942851397
2026-02-05 02:05:00+00:00,1,0.5186918001985907
2026-02-05 02:10:00+00:00,1,0.5303593347709599
2026-02-05 02:15:00+00:00,0,0.5238217510495367
2026-02-05 02:20:00+00:00,0,0.5191863241854978
2026-02-05 02:25:00+00:00,0,0.5195859751140087
2026-02-05 02:30:00+00:00,0,0.5097986805094193
2026-02-05 02:35:00+00:00,0,0.4751469800385126
2026-02-05 02:40:00+00:00,0,0.4861323331726393
2026-02-05 02:45:00+00:00,0,0.5306904823602527
2026-02-05 02:50:00+00:00,0,0.5269455787140925
2026-02-05 02:55:00+00:00,1,0.5375070933166927
2026-02-05 03:00:00+00:00,0,0.5295693272531569
2026-02-05 03:05:00+00:00,0,0.5287497959183666
2026-02-05 03:10:00+00:00,0,0.5315088502303218
2026-02-05 03:15:00+00:00,0,0.5322730508004583
2026-02-05 03:20:00+00:00,0,0.5216813761805694
2026-02-05 03:25:00+00:00,0,0.5259279240094955
2026-02-05 03:30:00+00:00,0,0.5305161437533309
2026-02-05 03:35:00+00:00,1,0.5277814853707993
2026-02-05 03:40:00+00:00,0,0.5241358444069611
2026-02-05 03:45:00+00:00,0,0.5235986134005677
2026-02-05 03:50:00+00:00,1,0.5235679836210747
2026-02-05 03:55:00+00:00,0,0.515997701277607
2026-02-05 04:00:00+00:00,0,0.5166586603528667
2026-02-05 04:05:00+00:00,0,0.5120550171070243
2026-02-05 04:10:00+00:00,1,0.5301871119588296
2026-02-05 04:15:00+00:00,0,0.5138529240764963
2026-02-05 04:20:00+00:00,0,0.5137211384337061
2026-02-05 04:25:00+00:00,0,0.5130189851552006
2026-02-05 04:30:00+00:00,1,0.5211325991295505
2026-02-05 04:35:00+00:00,0,0.5134309146079956
2026-02-05 04:40:00+00:00,0,0.504455497414228
2026-02-05 04:45:00+00:00,0,0.5148545063305482
2026-02-05 04:50:00+00:00,0,0.5184636177743949
2026-02-05 04:55:00+00:00,0,0.5104685146501774
2026-02-05 05:00:00+00:00,0,0.5110179138312816
2026-02-05 05:05:00+00:00,1,0.5193275410291944
2026-02-05 05:10:00+00:00,1,0.5122883242613265
2026-02-05 05:15:00+00:00,1,0.5195951179285295
2026-02-05 05:20:00+00:00,1,0.524566494665379
2026-02-05 05:25:00+00:00,1,0.5202084333082917
2026-02-05 05:30:00+00:00,0,0.511310335107811
2026-02-05 05:35:00+00:00,0,0.48682586973767716
2026-02-05 05:40:00+00:00,0,0.47885886130237215
2026-02-05 05:45:00+00:00,0,0.5407508484605682
2026-02-05 05:50:00+00:00,0,0.51261290423177
2026-02-05 05:55:00+00:00,0,0.5135547940193218
2026-02-05 06:00:00+00:00,0,0.5279861566405688
2026-02-05 06:05:00+00:00,0,0.534719506813857
2026-02-05 06:10:00+00:00,0,0.5335609183302114
2026-02-05 06:15:00+00:00,0,0.5349580928902409
2026-02-05 06:20:00+00:00,0,0.5253349609122512
2026-02-05 06:25:00+00:00,1,0.5206950303828243
2026-02-05 06:30:00+00:00,1,0.5145056883962216
2026-02-05 06:35:00+00:00,1,0.5197759653921052
2026-02-05 06:40:00+00:00,1,0.5150870443927703
2026-02-05 06:45:00+00:00,1,0.5212130692336756
2026-02-05 06:50:00+00:00,1,0.5179335209565838
2026-02-05 06:55:00+00:00,1,0.5188529503899569
2026-02-05 07:00:00+00:00,0,0.48313838090537353
2026-02-05 07:05:00+00:00,0,0.5182183328919558
2026-02-05 07:10:00+00:00,0,0.5182870176452388
2026-02-05 07:15:00+00:00,0,0.4931136662655307
2026-02-05 07:20:00+00:00,0,0.482990555968142
2026-02-05 07:25:00+00:00,0,0.4805434070565773
2026-02-05 07:30:00+00:00,0,0.480203140349969
2026-02-05 07:35:00+00:00,0,0.5034884252849148
2026-02-05 07:40:00+00:00,0,0.5041887952500038
2026-02-05 07:45:00+00:00,1,0.5119129253113656
2026-02-05 07:50:00+00:00,0,0.5086404375346679
2026-02-05 07:55:00+00:00,1,0.5117052168978876
2026-02-05 08:00:00+00:00,1,0.49750292731370116
2026-02-05 08:05:00+00:00,1,0.4950760111290588
2026-02-05 08:10:00+00:00,1,0.5071914846885381
2026-02-05 08:15:00+00:00,1,0.5032717860850067
2026-02-05 08:20:00+00:00,1,0.5007423058617868
2026-02-05 08:25:00+00:00,0,0.48010746913679536
2026-02-05 08:30:00+00:00,0,0.4741542894961365
2026-02-05 08:35:00+00:00,0,0.47429085845558316
2026-02-05 08:40:00+00:00,0,0.4908712034869628
2026-02-05 08:45:00+00:00,0,0.5042379984976882
2026-02-05 08:50:00+00:00,0,0.49974317623344705
2026-02-05 08:55:00+00:00,1,0.5111289166597451
2026-02-05 09:00:00+00:00,0,0.5068166332259787
2026-02-05 09:05:00+00:00,0,0.4921299732274203
2026-02-05 09:10:00+00:00,0,0.5058109078869231
2026-02-05 09:15:00+00:00,0,0.5078891008610674
2026-02-05 09:20:00+00:00,0,0.5061164465898352
2026-02-05 09:25:00+00:00,0,0.5013048187728671
2026-02-05 09:30:00+00:00,0,0.5104454846717081
2026-02-05 09:35:00+00:00,0,0.5139386710325504
2026-02-05 09:40:00+00:00,0,0.5155035513910031
2026-02-05 09:45:00+00:00,0,0.5103009087250996
2026-02-05 09:50:00+00:00,0,0.5055404457364603
2026-02-05 09:55:00+00:00,0,0.49713359155409914
2026-02-05 10:00:00+00:00,0,0.5056032720231247
2026-02-05 10:05:00+00:00,1,0.5200971970179048
2026-02-05 10:10:00+00:00,0,0.5074301534752925
2026-02-05 10:15:00+00:00,0,0.504926100226359
2026-02-05 10:20:00+00:00,0,0.5108159881414558
2026-02-05 10:25:00+00:00,0,0.5064183589438085
2026-02-05 10:30:00+00:00,0,0.5034706064171302
2026-02-05 10:35:00+00:00,0,0.5106515406565276
2026-02-05 10:40:00+00:00,0,0.5178207656061458
2026-02-05 10:45:00+00:00,0,0.5254921371790418
2026-02-05 10:50:00+00:00,0,0.5516621998269825
2026-02-05 10:55:00+00:00,0,0.5449123628634462
2026-02-05 11:00:00+00:00,0,0.5217933336765407
2026-02-05 11:05:00+00:00,0,0.5170617691746766
2026-02-05 11:10:00+00:00,1,0.523282573995445
2026-02-05 11:15:00+00:00,1,0.5212681587118425
2026-02-05 11:20:00+00:00,1,0.5682039481118243
2026-02-05 11:25:00+00:00,1,0.5571354042492127
2026-02-05 11:30:00+00:00,1,0.5432441751559859
2026-02-05 11:35:00+00:00,0,0.5373646466872672
2026-02-05 11:40:00+00:00,0,0.5281153389806325
2026-02-05 11:45:00+00:00,0,0.5344708270647591
2026-02-05 11:50:00+00:00,0,0.5388182579314421
2026-02-05 11:55:00+00:00,0,0.535561146975655
2026-02-05 12:00:00+00:00,0,0.511621876564245
2026-02-05 12:05:00+00:00,0,0.5171130765338584
2026-02-05 12:10:00+00:00,0,0.5125103713201192
2026-02-05 12:15:00+00:00,0,0.5346509533011614
2026-02-05 12:20:00+00:00,1,0.5306679555945287
2026-02-05 12:25:00+00:00,0,0.5475697779840304
2026-02-05 12:30:00+00:00,0,0.5339559259713788
2026-02-05 12:35:00+00:00,1,0.5289321167381738
2026-02-05 12:40:00+00:00,0,0.5270162983925174
2026-02-05 12:45:00+00:00,0,0.5137204070753048
2026-02-05 12:50:00+00:00,0,0.5168444754215619
2026-02-05 12:55:00+00:00,0,0.5119309391077767
2026-02-05 13:00:00+00:00,0,0.507586875361536
2026-02-05 13:05:00+00:00,0,0.4948604828171621
2026-02-05 13:10:00+00:00,0,0.5055356275055711
2026-02-05 13:15:00+00:00,0,0.5073906754524691
2026-02-05 13:20:00+00:00,0,0.5132368458910751
2026-02-05 13:25:00+00:00,0,0.5123569930987347
2026-02-05 13:30:00+00:00,0,0.5143311115376378
2026-02-05 13:35:00+00:00,1,0.519420703098557
2026-02-05 13:40:00+00:00,1,0.5220764483411774
2026-02-05 13:45:00+00:00,1,0.52022503354205
2026-02-05 13:50:00+00:00,1,0.513259918909163
2026-02-05 13:55:00+00:00,1,0.5165746529145216
2026-02-05 14:00:00+00:00,1,0.5184887993061839
2026-02-05 14:05:00+00:00,1,0.4990266091191719
2026-02-05 14:10:00+00:00,1,0.5024057037652672
2026-02-05 14:15:00+00:00,1,0.49404313826634694
2026-02-05 14:20:00+00:00,1,0.46979732371666494
2026-02-05 14:25:00+00:00,0,0.4739633589195611
2026-02-05 14:30:00+00:00,0,0.46095653315783724
2026-02-05 14:35:00+00:00,0,0.4852769086292435
2026-02-05 14:40:00+00:00,0,0.46987301115856367
2026-02-05 14:45:00+00:00,0,0.4633906453207091
2026-02-05 14:50:00+00:00,0,0.4768716735015402
2026-02-05 14:55:00+00:00,0,0.5294832154881567
2026-02-05 15:00:00+00:00,0,0.5461709689961345
2026-02-05 15:05:00+00:00,0,0.5905656487110672
2026-02-05 15:10:00+00:00,1,0.5892206734696239
2026-02-05 15:15:00+00:00,0,0.5912675613920269
2026-02-05 15:20:00+00:00,1,0.5958247160114963
2026-02-05 15:25:00+00:00,1,0.5805140584974685
2026-02-05 15:30:00+00:00,1,0.5855639266153235
2026-02-05 15:35:00+00:00,0,0.5798880834908726
2026-02-05 15:40:00+00:00,0,0.571941536982556
2026-02-05 15:45:00+00:00,0,0.5569602683985068
2026-02-05 15:50:00+00:00,1,0.5556842367695187
2026-02-05 15:55:00+00:00,1,0.5454706406064038
2026-02-05 16:00:00+00:00,1,0.5404471864062644
2026-02-05 16:05:00+00:00,1,0.5263447600483937
2026-02-05 16:10:00+00:00,1,0.5321870769339003
2026-02-05 16:15:00+00:00,0,0.5323116938133402
2026-02-05 16:20:00+00:00,0,0.5438864186401229
2026-02-05 16:25:00+00:00,0,0.5198171533874901
2026-02-05 16:30:00+00:00,0,0.5288249240733109
2026-02-05 16:35:00+00:00,0,0.5220499288456699
2026-02-05 16:40:00+00:00,0,0.5260192883302673
2026-02-05 16:45:00+00:00,0,0.5135728601470433
2026-02-05 16:50:00+00:00,0,0.5215226122443147
2026-02-05 16:55:00+00:00,0,0.5384545051096505
2026-02-05 17:00:00+00:00,0,0.5543637114131011
2026-02-05 17:05:00+00:00,1,0.5635606279647045
2026-02-05 17:10:00+00:00,1,0.5483857912659387
2026-02-05 17:15:00+00:00,1,0.5545507106672609
2026-02-05 17:20:00+00:00,0,0.5550572985676556
2026-02-05 17:25:00+00:00,0,0.5288705714493033
2026-02-05 17:30:00+00:00,0,0.5815555861665607
2026-02-05 17:35:00+00:00,0,0.5466041852210195
2026-02-05 17:40:00+00:00,0,0.5502373117226674
2026-02-05 17:45:00+00:00,0,0.5401469710102506
2026-02-05 17:50:00+00:00,0,0.540768640135877
2026-02-05 17:55:00+00:00,0,0.5267740781510644
2026-02-05 18:00:00+00:00,0,0.5285605215667314
2026-02-05 18:05:00+00:00,0,0.5227816609738909
2026-02-05 18:10:00+00:00,0,0.5255143616605374
2026-02-05 18:15:00+00:00,0,0.5478098325027753
2026-02-05 18:20:00+00:00,1,0.5469058295488043
2026-02-05 18:25:00+00:00,1,0.5419319282859352
2026-02-05 18:30:00+00:00,1,0.5493506083093058
2026-02-05 18:35:00+00:00,1,0.5434588624707373
2026-02-05 18:40:00+00:00,1,0.5353846791089286
2026-02-05 18:45:00+00:00,1,0.5394679963323856
2026-02-05 18:50:00+00:00,0,0.5467397713950147
2026-02-05 18:55:00+00:00,0,0.5195149516542121
2026-02-05 19:00:00+00:00,0,0.5456247745252649
2026-02-05 19:05:00+00:00,0,0.548707594550777
2026-02-05 19:10:00+00:00,0,0.5352652512445037
2026-02-05 19:15:00+00:00,0,0.5323952942076041
2026-02-05 19:20:00+00:00,0,0.5316610599335473
2026-02-05 19:25:00+00:00,0,0.5281271129343594
2026-02-05 19:30:00+00:00,0,0.5237589454781371
2026-02-05 19:35:00+00:00,0,0.528748729958292
2026-02-05 19:40:00+00:00,0,0.5287654190074782
2026-02-05 19:45:00+00:00,0,0.531945104587316
2026-02-05 19:50:00+00:00,0,0.5306028230092759
2026-02-05 19:55:00+00:00,0,0.5294266435349491
2026-02-05 20:00:00+00:00,0,0.5380364032675206
2026-02-05 20:05:00+00:00,0,0.5411601262796658
2026-02-05 20:10:00+00:00,0,0.5816950879260486
2026-02-05 20:15:00+00:00,0,0.6221193427292618
2026-02-05 20:20:00+00:00,0,0.6138776806710858
2026-02-05 20:25:00+00:00,1,0.6037145679693939
2026-02-05 20:30:00+00:00,1,0.6086515839710255
2026-02-05 20:35:00+00:00,1,0.5935764845892937
2026-02-05 20:40:00+00:00,0,0.5513926084079707
2026-02-05 20:45:00+00:00,0,0.5765854915224627
2026-02-05 20:50:00+00:00,1,0.5732212114546503
2026-02-05 20:55:00+00:00,1,0.5829494479864741
2026-02-05 21:00:00+00:00,0,0.5487948117680912
2026-02-05 21:05:00+00:00,0,0.5589429830901458
2026-02-05 21:10:00+00:00,0,0.5586970075929953
2026-02-05 21:15:00+00:00,1,0.5735013918344396
2026-02-05 21:20:00+00:00,0,0.5529518011861926
2026-02-05 21:25:00+00:00,0,0.542967305293604
2026-02-05 21:30:00+00:00,0,0.5462532221985219
2026-02-05 21:35:00+00:00,0,0.5320191863232109
2026-02-05 21:40:00+00:00,0,0.5451579784789627
2026-02-05 21:45:00+00:00,0,0.5303830384462949
2026-02-05 21:50:00+00:00,0,0.5338309339954087
2026-02-05 21:55:00+00:00,1,0.5309981769638333
2026-02-05 22:00:00+00:00,1,0.5278902176280192
2026-02-05 22:05:00+00:00,0,0.5213725552607024
2026-02-05 22:10:00+00:00,1,0.5304312676191171
2026-02-05 22:15:00+00:00,1,0.5732268938144917
2026-02-05 22:20:00+00:00,1,0.5582034963279146
2026-02-05 22:25:00+00:00,0,0.5239967782762449
2026-02-05 22:30:00+00:00,1,0.5518656986114792
2026-02-05 22:35:00+00:00,1,0.5500942976974618
2026-02-05 22:40:00+00:00,1,0.5400120100184842
2026-02-05 22:45:00+00:00,1,0.5326364858332246
2026-02-05 22:50:00+00:00,0,0.5175409224270066
2026-02-05 22:55:00+00:00,1,0.5224624237338534
2026-02-05 23:00:00+00:00,0,0.5177928229751368
2026-02-05 23:05:00+00:00,0,0.504799036074072
2026-02-05 23:10:00+00:00,0,0.5013751205979817
2026-02-05 23:15:00+00:00,0,0.5174823412208397
2026-02-05 23:20:00+00:00,0,0.5642436849449419
2026-02-05 23:25:00+00:00,0,0.5152492302164545
2026-02-05 23:30:00+00:00,0,0.5415848207119665
2026-02-05 23:35:00+00:00,0,0.5569116070892739
2026-02-05 23:40:00+00:00,0,0.5664581522214247
2026-02-05 23:45:00+00:00,0,0.554933878093435
2026-02-05 23:50:00+00:00,0,0.6045521349663134
2026-02-05 23:55:00+00:00,0,0.5695541097274701
2026-02-06 00:00:00+00:00,0,0.5954142629582062
2026-02-06 00:05:00+00:00,1,0.6245288737012173
2026-02-06 00:10:00+00:00,1,0.5819759853620103
2026-02-06 00:15:00+00:00,1,0.5866389863599811
2026-02-06 00:20:00+00:00,1,0.5866203022167538
2026-02-06 00:25:00+00:00,1,0.5828645965149776
2026-02-06 00:30:00+00:00,1,0.5825785557682931
2026-02-06 00:35:00+00:00,1,0.5578557567602245
2026-02-06 00:40:00+00:00,1,0.5517133815457377
2026-02-06 00:45:00+00:00,1,0.5512054749790192
2026-02-06 00:50:00+00:00,1,0.5428015825393055
2026-02-06 00:55:00+00:00,1,0.558572829613684
2026-02-06 01:00:00+00:00,1,0.5563068407743219
2026-02-06 01:05:00+00:00,1,0.5315012453482916
2026-02-06 01:10:00+00:00,1,0.5348982850127564
2026-02-06 01:15:00+00:00,1,0.5375164949993512
2026-02-06 01:20:00+00:00,1,0.5225364922519528
2026-02-06 01:25:00+00:00,1,0.5320932070585541
2026-02-06 01:30:00+00:00,1,0.5282372840959797
2026-02-06 01:35:00+00:00,1,0.5248535866587491
2026-02-06 01:40:00+00:00,0,0.5191381915790595
2026-02-06 01:45:00+00:00,0,0.5432547409072623
2026-02-06 01:50:00+00:00,0,0.5427600851065552
2026-02-06 01:55:00+00:00,0,0.5479379345824773
2026-02-06 02:00:00+00:00,0,0.5490872594935651
2026-02-06 02:05:00+00:00,0,0.5317963322278205
2026-02-06 02:10:00+00:00,1,0.5129392558873718
2026-02-06 02:15:00+00:00,1,0.5259676598881157
2026-02-06 02:20:00+00:00,1,0.5387015739539156
2026-02-06 02:25:00+00:00,1,0.5346620851647446
2026-02-06 02:30:00+00:00,1,0.5291925168594545
2026-02-06 02:35:00+00:00,0,0.5205526454577377
2026-02-06 02:40:00+00:00,0,0.5196308265152347
2026-02-06 02:45:00+00:00,0,0.5244644854544736
2026-02-06 02:50:00+00:00,0,0.5239353578096693
2026-02-06 02:55:00+00:00,0,0.5165335740150616
2026-02-06 03:00:00+00:00,0,0.5162265624270638
2026-02-06 03:05:00+00:00,0,0.516958281367311
2026-02-06 03:10:00+00:00,1,0.520666118055578
2026-02-06 03:15:00+00:00,0,0.505568646170435
2026-02-06 03:20:00+00:00,1,0.5133570475907447
2026-02-06 03:25:00+00:00,0,0.5104820564418328
2026-02-06 03:30:00+00:00,0,0.5062195582011443
2026-02-06 03:35:00+00:00,0,0.5018854062320015
2026-02-06 03:40:00+00:00,1,0.4854148305638515
2026-02-06 03:45:00+00:00,1,0.4814997881672046
2026-02-06 03:50:00+00:00,1,0.48632700846330107
2026-02-06 03:55:00+00:00,1,0.47854157843635325
2026-02-06 04:00:00+00:00,0,0.4793166349691856
2026-02-06 04:05:00+00:00,0,0.4806385075830292
2026-02-06 04:10:00+00:00,0,0.4773696533031998
2026-02-06 04:15:00+00:00,0,0.46667071789022585
2026-02-06 04:20:00+00:00,0,0.48492872222656874
2026-02-06 04:25:00+00:00,1,0.5242633229798039
2026-02-06 04:30:00+00:00,1,0.5294683051603536
2026-02-06 04:35:00+00:00,1,0.5359597920780986
2026-02-06 04:40:00+00:00,1,0.5277673647393492
2026-02-06 04:45:00+00:00,1,0.5218755820014578
2026-02-06 04:50:00+00:00,1,0.4788953484483292
2026-02-06 04:55:00+00:00,1,0.48469504684004977
2026-02-06 05:00:00+00:00,1,0.4753431812362443
2026-02-06 05:05:00+00:00,1,0.4777562206017928
2026-02-06 05:10:00+00:00,1,0.5006115838096402
2026-02-06 05:15:00+00:00,1,0.4964579261481195
2026-02-06 05:20:00+00:00,1,0.4834864922650865
2026-02-06 05:25:00+00:00,1,0.48112845907183427
2026-02-06 05:30:00+00:00,1,0.5215545150012393
2026-02-06 05:35:00+00:00,1,0.5246370493402068
2026-02-06 05:40:00+00:00,1,0.5290749248219886
2026-02-06 05:45:00+00:00,1,0.5492550591591149
2026-02-06 05:50:00+00:00,0,0.5613572651822881
2026-02-06 05:55:00+00:00,0,0.5547665978784088
2026-02-06 06:00:00+00:00,0,0.5737370469224186
2026-02-06 06:05:00+00:00,0,0.5915716717247615
2026-02-06 06:10:00+00:00,0,0.5654758348207649
2026-02-06 06:15:00+00:00,0,0.4938244226468621
2026-02-06 06:20:00+00:00,0,0.489325319287241
2026-02-06 06:25:00+00:00,0,0.48881276767103593
2026-02-06 06:30:00+00:00,0,0.48563319896670104
2026-02-06 06:35:00+00:00,0,0.4808106421878862
2026-02-06 06:40:00+00:00,0,0.4797240047888659
2026-02-06 06:45:00+00:00,0,0.4883632544449073
2026-02-06 06:50:00+00:00,0,0.48507877071929323
2026-02-06 06:55:00+00:00,1,0.49893234317425483
2026-02-06 07:00:00+00:00,1,0.5122272620507018
2026-02-06 07:05:00+00:00,1,0.5219823153210441
2026-02-06 07:10:00+00:00,1,0.5152804529981361
2026-02-06 07:15:00+00:00,1,0.523023380895823
2026-02-06 07:20:00+00:00,0,0.5233201010083967
2026-02-06 07:25:00+00:00,0,0.5084526749531812
2026-02-06 07:30:00+00:00,0,0.48738899302807837
2026-02-06 07:35:00+00:00,1,0.5040079454848879
2026-02-06 07:40:00+00:00,0,0.4892919044864769
2026-02-06 07:45:00+00:00,0,0.5175682862959086
2026-02-06 07:50:00+00:00,0,0.5185964441345219
2026-02-06 07:55:00+00:00,0,0.5162674984031952
2026-02-06 08:00:00+00:00,0,0.5184827380777333
2026-02-06 08:05:00+00:00,0,0.4937986320135585
2026-02-06 08:10:00+00:00,0,0.5113755769833345
2026-02-06 08:15:00+00:00,1,0.5312893016258146
2026-02-06 08:20:00+00:00,0,0.511545639403141
2026-02-06 08:25:00+00:00,0,0.5190464207228737
2026-02-06 08:30:00+00:00,1,0.5134989718964924
2026-02-06 08:35:00+00:00,0,0.5054875520696847
2026-02-06 08:40:00+00:00,1,0.5153400292034924
2026-02-06 08:45:00+00:00,1,0.4989094558950022
2026-02-06 08:50:00+00:00,1,0.5032273067416791
2026-02-06 08:55:00+00:00,1,0.5044543469392271
2026-02-06 09:00:00+00:00,1,0.5120768420710048
2026-02-06 09:05:00+00:00,1,0.5047602133305849
2026-02-06 09:10:00+00:00,1,0.504594295770969
2026-02-06 09:15:00+00:00,1,0.49692152052203703
2026-02-06 09:20:00+00:00,1,0.47792988777282613
2026-02-06 09:25:00+00:00,1,0.4735230779597839
2026-02-06 09:30:00+00:00,1,0.490266597588766
2026-02-06 09:35:00+00:00,1,0.47666162988728306
2026-02-06 09:40:00+00:00,1,0.47444750199407226
2026-02-06 09:45:00+00:00,1,0.48760384626801495
2026-02-06 09:50:00+00:00,1,0.4804668475544287
2026-02-06 09:55:00+00:00,1,0.47719397791135115
2026-02-06 10:00:00+00:00,1,0.46852281121529626
2026-02-06 10:05:00+00:00,1,0.49275465362731347
2026-02-06 10:10:00+00:00,1,0.4723719618375621
2026-02-06 10:15:00+00:00,1,0.5411491582832489
2026-02-06 10:20:00+00:00,1,0.5040349086976713
2026-02-06 10:25:00+00:00,1,0.5056271892115926
2026-02-06 10:30:00+00:00,0,0.5177364905265953
2026-02-06 10:35:00+00:00,0,0.47580969825658914
2026-02-06 10:40:00+00:00,0,0.47465496865054907
2026-02-06 10:45:00+00:00,0,0.472282885830788
2026-02-06 10:50:00+00:00,0,0.47240560030049306
2026-02-06 10:55:00+00:00,0,0.47546671991674283
2026-02-06 11:00:00+00:00,1,0.47410139122036793
2026-02-06 11:05:00+00:00,1,0.4774190146840309
2026-02-06 11:10:00+00:00,0,0.46957511974445126
2026-02-06 11:15:00+00:00,1,0.4742061711434075
2026-02-06 11:20:00+00:00,1,0.47600315593030673
2026-02-06 11:25:00+00:00,1,0.47881324669512576
2026-02-06 11:30:00+00:00,0,0.46354306359224406
2026-02-06 11:35:00+00:00,0,0.46992311123763714
2026-02-06 11:40:00+00:00,0,0.4759223560116528
2026-02-06 11:45:00+00:00,0,0.4791415291751263
2026-02-06 11:50:00+00:00,0,0.4713817670616697
2026-02-06 11:55:00+00:00,0,0.4836905114641245
2026-02-06 12:00:00+00:00,1,0.5118019103074721
2026-02-06 12:05:00+00:00,0,0.5150788143592384
2026-02-06 12:10:00+00:00,1,0.5120616064084414
2026-02-06 12:15:00+00:00,1,0.5135600931289334
2026-02-06 12:20:00+00:00,0,0.49600891345764814
2026-02-06 12:25:00+00:00,1,0.5026422199309462
2026-02-06 12:30:00+00:00,1,0.5025280378104632
2026-02-06 12:35:00+00:00,1,0.5050095431120942
2026-02-06 12:40:00+00:00,1,0.49922805376628054
2026-02-06 12:45:00+00:00,1,0.5031130709375808
2026-02-06 12:50:00+00:00,1,0.50664604081036
2026-02-06 12:55:00+00:00,1,0.47782732963990016
2026-02-06 13:00:00+00:00,0,0.46664207249540846
2026-02-06 13:05:00+00:00,1,0.4740995561906308
2026-02-06 13:10:00+00:00,0,0.4666857895051689
2026-02-06 13:15:00+00:00,0,0.4711816600527181
2026-02-06 13:20:00+00:00,0,0.4700755221275705
2026-02-06 13:25:00+00:00,0,0.47256330016942516
2026-02-06 13:30:00+00:00,0,0.4862022161700813
2026-02-06 13:35:00+00:00,0,0.4799328587439768
2026-02-06 13:40:00+00:00,0,0.47396553504896033
2026-02-06 13:45:00+00:00,0,0.47052792971534546
2026-02-06 13:50:00+00:00,0,0.4736920981627928
2026-02-06 13:55:00+00:00,1,0.5037421649359118
2026-02-06 14:00:00+00:00,1,0.5137024662707932
2026-02-06 14:05:00+00:00,1,0.5052498355047885
2026-02-06 14:10:00+00:00,1,0.4796167548010104
2026-02-06 14:15:00+00:00,1,0.4890677476577592
2026-02-06 14:20:00+00:00,1,0.5056923226846922
2026-02-06 14:25:00+00:00,1,0.4807855562725037
2026-02-06 14:30:00+00:00,1,0.48238997705877423
2026-02-06 14:35:00+00:00,1,0.4934399209723833
2026-02-06 14:40:00+00:00,0,0.5387896272505033
2026-02-06 14:45:00+00:00,0,0.5150594852267852
2026-02-06 14:50:00+00:00,1,0.4948491943321231
2026-02-06 14:55:00+00:00,0,0.5329631646812386
2026-02-06 15:00:00+00:00,1,0.5225661248742699
2026-02-06 15:05:00+00:00,1,0.4966448546895608
2026-02-06 15:10:00+00:00,1,0.502020856551484
2026-02-06 15:15:00+00:00,1,0.5038526604921937
2026-02-06 15:20:00+00:00,1,0.5132845966127102
2026-02-06 15:25:00+00:00,1,0.5051854414205724
2026-02-06 15:30:00+00:00,0,0.5326887161518433
2026-02-06 15:35:00+00:00,1,0.5330462694902337
2026-02-06 15:40:00+00:00,1,0.5288237945398673
2026-02-06 15:45:00+00:00,1,0.5044004535539989
2026-02-06 15:50:00+00:00,1,0.503573960830976
2026-02-06 15:55:00+00:00,1,0.5082243019057853
2026-02-06 16:00:00+00:00,1,0.5025750663058753
2026-02-06 16:05:00+00:00,1,0.5062510844670189
2026-02-06 16:10:00+00:00,1,0.539610771925325
2026-02-06 16:15:00+00:00,1,0.5278516586056194
2026-02-06 16:20:00+00:00,1,0.537867051331605
2026-02-06 16:25:00+00:00,1,0.5606022744293018
2026-02-06 16:30:00+00:00,0,0.5522767280977638
2026-02-06 16:35:00+00:00,1,0.5514839091943232
2026-02-06 16:40:00+00:00,1,0.5380404977359857
2026-02-06 16:45:00+00:00,1,0.533712054380493
2026-02-06 16:50:00+00:00,1,0.5383931050073602
2026-02-06 16:55:00+00:00,1,0.4896789710675034
2026-02-06 17:00:00+00:00,1,0.4845943726201434
2026-02-06 17:05:00+00:00,1,0.5068253495533984
2026-02-06 17:10:00+00:00,1,0.5019906113285131
2026-02-06 17:15:00+00:00,1,0.5060533956905715
2026-02-06 17:20:00+00:00,0,0.48416806619267316
2026-02-06 17:25:00+00:00,0,0.4995583343686443
2026-02-06 17:30:00+00:00,0,0.5163604964535238
2026-02-06 17:35:00+00:00,0,0.4816280009665385
2026-02-06 17:40:00+00:00,0,0.4803978488271868
2026-02-06 17:45:00+00:00,0,0.48236214698716245
2026-02-06 17:50:00+00:00,0,0.5038652820231206
2026-02-06 17:55:00+00:00,0,0.5073408562848715
2026-02-06 18:00:00+00:00,0,0.5198990584040099
2026-02-06 18:05:00+00:00,1,0.6060876962409518
2026-02-06 18:10:00+00:00,1,0.5692020896941372
2026-02-06 18:15:00+00:00,1,0.562014981568128
2026-02-06 18:20:00+00:00,1,0.5815573619699311
2026-02-06 18:25:00+00:00,1,0.5685002380184211
2026-02-06 18:30:00+00:00,0,0.5514481084257818
2026-02-06 18:35:00+00:00,0,0.5477917922441048
2026-02-06 18:40:00+00:00,0,0.5215623636175923
2026-02-06 18:45:00+00:00,0,0.5154454778386733
2026-02-06 18:50:00+00:00,1,0.5194087844029927
2026-02-06 18:55:00+00:00,1,0.524873111907332
2026-02-06 19:00:00+00:00,1,0.5285497887010818
2026-02-06 19:05:00+00:00,1,0.527380809558629
2026-02-06 19:10:00+00:00,1,0.522360758959853
2026-02-06 19:15:00+00:00,1,0.5150737629282202
2026-02-06 19:20:00+00:00,1,0.5049905778852443
2026-02-06 19:25:00+00:00,1,0.5094735957000869
2026-02-06 19:30:00+00:00,1,0.49504551392042184
2026-02-06 19:35:00+00:00,0,0.5037333456361546
2026-02-06 19:40:00+00:00,0,0.4999301624115524
2026-02-06 19:45:00+00:00,0,0.47117721616872876
2026-02-06 19:50:00+00:00,0,0.47711810227563367
2026-02-06 19:55:00+00:00,0,0.4769483687970119
2026-02-06 20:00:00+00:00,1,0.4816896862004426
2026-02-06 20:05:00+00:00,1,0.5076669749169527
2026-02-06 20:10:00+00:00,1,0.5176610189045496
2026-02-06 20:15:00+00:00,1,0.519719048973178
2026-02-06 20:20:00+00:00,1,0.519514989743114
2026-02-06 20:25:00+00:00,1,0.5143678987507937
2026-02-06 20:30:00+00:00,0,0.4720951292065141
2026-02-06 20:35:00+00:00,0,0.49477669025512927
2026-02-06 20:40:00+00:00,0,0.5097359434404417
2026-02-06 20:45:00+00:00,1,0.4955456212121323
2026-02-06 20:50:00+00:00,1,0.5079139419199972
2026-02-06 20:55:00+00:00,1,0.5134804898563706
2026-02-06 21:00:00+00:00,1,0.5127023797683871
2026-02-06 21:05:00+00:00,1,0.5139554361783677
2026-02-06 21:10:00+00:00,1,0.5122397458056067
2026-02-06 21:15:00+00:00,1,0.4883131066062194
2026-02-06 21:20:00+00:00,1,0.4834629796199273
2026-02-06 21:25:00+00:00,1,0.47940061179430316
2026-02-06 21:30:00+00:00,1,0.4944151232769286
2026-02-06 21:35:00+00:00,1,0.48381258873612193
2026-02-06 21:40:00+00:00,1,0.48131744650512215
2026-02-06 21:45:00+00:00,1,0.4791927845978922
2026-02-06 21:50:00+00:00,1,0.4764087701617306
2026-02-06 21:55:00+00:00,1,0.4762995560006709
2026-02-06 22:00:00+00:00,1,0.4692067624472261
2026-02-06 22:05:00+00:00,1,0.46945444736489184
2026-02-06 22:10:00+00:00,1,0.47320386717518986
2026-02-06 22:15:00+00:00,1,0.47571525407781273
2026-02-06 22:20:00+00:00,1,0.4739815207254859
2026-02-06 22:25:00+00:00,1,0.4715598196965453
2026-02-06 22:30:00+00:00,1,0.4714950580128566
2026-02-06 22:35:00+00:00,0,0.4703728680494094
2026-02-06 22:40:00+00:00,0,0.4743800105664213
2026-02-06 22:45:00+00:00,0,0.4699562867143055
2026-02-06 22:50:00+00:00,0,0.472234031473779
2026-02-06 22:55:00+00:00,0,0.47353199032604304
2026-02-06 23:00:00+00:00,0,0.46422305841711947
2026-02-06 23:05:00+00:00,0,0.4688836568506134
2026-02-06 23:10:00+00:00,1,0.48138724695874496
2026-02-06 23:15:00+00:00,1,0.5080925549604675
2026-02-06 23:20:00+00:00,1,0.5183718087133018
2026-02-06 23:25:00+00:00,1,0.5030118793322129
2026-02-06 23:30:00+00:00,0,0.4728586790721313
2026-02-06 23:35:00+00:00,0,0.47251155294195835
2026-02-06 23:40:00+00:00,0,0.48723005680954057
2026-02-06 23:45:00+00:00,0,0.4918036933271952
2026-02-06 23:50:00+00:00,0,0.5047166973219528
2026-02-06 23:55:00+00:00,0,0.5107522918785923
2026-02-07 00:00:00+00:00,0,0.5243011697244832
2026-02-07 00:05:00+00:00,0,0.5291044521593586
2026-02-07 00:10:00+00:00,0,0.5188769300891706
2026-02-07 00:15:00+00:00,0,0.526521001077672
2026-02-07 00:20:00+00:00,0,0.524561783437329
2026-02-07 00:25:00+00:00,1,0.5273243630363971
2026-02-07 00:30:00+00:00,1,0.5253655539989867
2026-02-07 00:35:00+00:00,1,0.5274143197524965
2026-02-07 00:40:00+00:00,0,0.530693055741455
2026-02-07 00:45:00+00:00,1,0.5233146418559262
2026-02-07 00:50:00+00:00,0,0.5096371993253088
2026-02-07 00:55:00+00:00,1,0.5137131986764678
2026-02-07 01:00:00+00:00,1,0.5122470383629348
2026-02-07 01:05:00+00:00,1,0.5146822518340005
2026-02-07 01:10:00+00:00,1,0.5189844627994818
2026-02-07 01:15:00+00:00,1,0.5181502526765519
2026-02-07 01:20:00+00:00,1,0.511863460621895
2026-02-07 01:25:00+00:00,1,0.5091773247691855
2026-02-07 01:30:00+00:00,1,0.5080354945938367
2026-02-07 01:35:00+00:00,1,0.4960668091578932
2026-02-07 01:40:00+00:00,1,0.4938814741597921
2026-02-07 01:45:00+00:00,1,0.46966622489968163
2026-02-07 01:50:00+00:00,1,0.47504432489692555
2026-02-07 01:55:00+00:00,1,0.47462958527683685
2026-02-07 02:00:00+00:00,0,0.47246196968650206
2026-02-07 02:05:00+00:00,1,0.4815474617970345
2026-02-07 02:10:00+00:00,0,0.4756986742260351
2026-02-07 02:15:00+00:00,0,0.47496594036854
2026-02-07 02:20:00+00:00,0,0.4737525430610132
2026-02-07 02:25:00+00:00,0,0.4760598111888145
2026-02-07 02:30:00+00:00,0,0.47830287551676853
2026-02-07 02:35:00+00:00,0,0.48217706536522437
2026-02-07 02:40:00+00:00,1,0.48234777236450443
2026-02-07 02:45:00+00:00,1,0.5060030184612194
2026-02-07 02:50:00+00:00,1,0.4906018140556338
2026-02-07 02:55:00+00:00,1,0.49253407625869444
2026-02-07 03:00:00+00:00,1,0.4877477638670068
2026-02-07 03:05:00+00:00,1,0.48219950773195086
2026-02-07 03:10:00+00:00,1,0.47752571929231774
2026-02-07 03:15:00+00:00,1,0.4850805903938033
2026-02-07 03:20:00+00:00,0,0.4830113712866654
2026-02-07 03:25:00+00:00,0,0.4751600605578644
2026-02-07 03:30:00+00:00,0,0.49107571675068057
2026-02-07 03:35:00+00:00,0,0.47983971172507955
2026-02-07 03:40:00+00:00,0,0.487036767597343
2026-02-07 03:45:00+00:00,1,0.5076195907061409
2026-02-07 03:50:00+00:00,1,0.5139967967643181
2026-02-07 03:55:00+00:00,0,0.5113615826888958
2026-02-07 04:00:00+00:00,0,0.5083569527752863
2026-02-07 04:05:00+00:00,0,0.5123578635942662
2026-02-07 04:10:00+00:00,0,0.4994587758757215
2026-02-07 04:15:00+00:00,0,0.49697218974079044
2026-02-07 04:20:00+00:00,0,0.4708060016685076
2026-02-07 04:25:00+00:00,0,0.507910433912926
2026-02-07 04:30:00+00:00,0,0.5071734885109452
2026-02-07 04:35:00+00:00,1,0.5133892328315696
2026-02-07 04:40:00+00:00,1,0.5220742590658194
2026-02-07 04:45:00+00:00,1,0.5179465491148951
2026-02-07 04:50:00+00:00,1,0.5177183191114564
2026-02-07 04:55:00+00:00,1,0.5150374707319154
2026-02-07 05:00:00+00:00,0,0.5085908200607989
2026-02-07 05:05:00+00:00,0,0.48731789750750604
2026-02-07 05:10:00+00:00,0,0.48933387767314873
2026-02-07 05:15:00+00:00,0,0.4914304983912727
2026-02-07 05:20:00+00:00,0,0.47646248278466463
2026-02-07 05:25:00+00:00,0,0.515899913366877
2026-02-07 05:30:00+00:00,1,0.513338186144369
2026-02-07 05:35:00+00:00,1,0.5135951322137308
2026-02-07 05:40:00+00:00,1,0.5112113246625013
2026-02-07 05:45:00+00:00,0,0.5126253317199129
2026-02-07 05:50:00+00:00,1,0.5100750534378079
2026-02-07 05:55:00+00:00,1,0.5075508917528939
2026-02-07 06:00:00+00:00,1,0.5003819308329842
2026-02-07 06:05:00+00:00,1,0.5020372489993956
2026-02-07 06:10:00+00:00,0,0.5097343560967774
2026-02-07 06:15:00+00:00,0,0.5171990728482657
2026-02-07 06:20:00+00:00,0,0.5016356095819134
2026-02-07 06:25:00+00:00,0,0.49827346599771294
2026-02-07 06:30:00+00:00,0,0.482644137874921
2026-02-07 06:35:00+00:00,0,0.4886158415618586
2026-02-07 06:40:00+00:00,0,0.5127321701453458
2026-02-07 06:45:00+00:00,0,0.517977929374716
2026-02-07 06:50:00+00:00,0,0.5234008180148868
2026-02-07 06:55:00+00:00,0,0.5645941560175987
2026-02-07 07:00:00+00:00,0,0.5458846727501722
2026-02-07 07:05:00+00:00,0,0.5563830834060465
2026-02-07 07:10:00+00:00,1,0.5622342730486616
2026-02-07 07:15:00+00:00,1,0.566771683038838
2026-02-07 07:20:00+00:00,1,0.5321983971251132
2026-02-07 07:25:00+00:00,0,0.519102421839333
2026-02-07 07:30:00+00:00,1,0.5221450264906301
2026-02-07 07:35:00+00:00,1,0.506760529861087
2026-02-07 07:40:00+00:00,0,0.508096200300865
2026-02-07 07:45:00+00:00,0,0.5227988121753693
2026-02-07 07:50:00+00:00,1,0.5051989858874527
2026-02-07 07:55:00+00:00,1,0.5002765577630517
2026-02-07 08:00:00+00:00,1,0.4993580509624387
2026-02-07 08:05:00+00:00,1,0.5055338259867046
2026-02-07 08:10:00+00:00,1,0.49813781994682693
2026-02-07 08:15:00+00:00,1,0.4973689106588916
2026-02-07 08:20:00+00:00,1,0.4843971134098367
2026-02-07 08:25:00+00:00,1,0.48774133389989993
2026-02-07 08:30:00+00:00,1,0.4821141375669232
2026-02-07 08:35:00+00:00,1,0.495668807244739
2026-02-07 08:40:00+00:00,1,0.4870868987075707
2026-02-07 08:45:00+00:00,1,0.4798586954132681
2026-02-07 08:50:00+00:00,1,0.4788236338127501
2026-02-07 08:55:00+00:00,1,0.4847699727749378
2026-02-07 09:00:00+00:00,0,0.46873654007819215
2026-02-07 09:05:00+00:00,0,0.46591108010730165
2026-02-07 09:10:00+00:00,0,0.4670345925003182
2026-02-07 09:15:00+00:00,0,0.4693008086643861
2026-02-07 09:20:00+00:00,0,0.45785380395987424
2026-02-07 09:25:00+00:00,0,0.4784594601670022
2026-02-07 09:30:00+00:00,1,0.47091923063250035
2026-02-07 09:35:00+00:00,1,0.5009992879712083
2026-02-07 09:40:00+00:00,1,0.4996860207441093
2026-02-07 09:45:00+00:00,1,0.505061962608751
2026-02-07 09:50:00+00:00,1,0.5034521849308579
2026-02-07 09:55:00+00:00,0,0.49848775728154343
2026-02-07 10:00:00+00:00,0,0.4855292516647785
2026-02-07 10:05:00+00:00,0,0.4868811461943661
2026-02-07 10:10:00+00:00,0,0.5006652024814163
2026-02-07 10:15:00+00:00,0,0.5051350297211226
2026-02-07 10:20:00+00:00,0,0.5048362704122173
2026-02-07 10:25:00+00:00,0,0.5074812187960973
2026-02-07 10:30:00+00:00,1,0.5118593423786733
2026-02-07 10:35:00+00:00,1,0.516406256925137
2026-02-07 10:40:00+00:00,0,0.5060805769637602
2026-02-07 10:45:00+00:00,1,0.5138790481231317
2026-02-07 10:50:00+00:00,0,0.5057746867604371
2026-02-07 10:55:00+00:00,0,0.5023995818095961
2026-02-07 11:00:00+00:00,0,0.49941224796108064
2026-02-07 11:05:00+00:00,0,0.5025673821472123
2026-02-07 11:10:00+00:00,0,0.5071914946433435
2026-02-07 11:15:00+00:00,0,0.5053093036286062
2026-02-07 11:20:00+00:00,1,0.5136480634350735
2026-02-07 11:25:00+00:00,1,0.5135132703552231
2026-02-07 11:30:00+00:00,1,0.5059171320942782
2026-02-07 11:35:00+00:00,1,0.5086398548437391
2026-02-07 11:40:00+00:00,1,0.5077784228045182
2026-02-07 11:45:00+00:00,1,0.5042891814990065
2026-02-07 11:50:00+00:00,1,0.5034528307793559
2026-02-07 11:55:00+00:00,1,0.503968176057782
2026-02-07 12:00:00+00:00,1,0.4717786436971048
2026-02-07 12:05:00+00:00,1,0.4726644158391112
2026-02-07 12:10:00+00:00,1,0.4733576503616006
2026-02-07 12:15:00+00:00,0,0.5386450890943568
2026-02-07 12:20:00+00:00,0,0.49390889371354824
2026-02-07 12:25:00+00:00,0,0.49416680685642034
2026-02-07 12:30:00+00:00,0,0.49739830080090947
2026-02-07 12:35:00+00:00,0,0.47878623378842
2026-02-07 12:40:00+00:00,0,0.470088916085168
2026-02-07 12:45:00+00:00,0,0.4702094841519542
2026-02-07 12:50:00+00:00,1,0.47151165605082246
2026-02-07 12:55:00+00:00,0,0.4713412851158813
2026-02-07 13:00:00+00:00,0,0.4697130233188018
2026-02-07 13:05:00+00:00,0,0.47080998352449827
2026-02-07 13:10:00+00:00,0,0.47694978219702755
2026-02-07 13:15:00+00:00,0,0.47001196305547605
2026-02-07 13:20:00+00:00,0,0.4779538900284669
2026-02-07 13:25:00+00:00,0,0.4788655091056706
2026-02-07 13:30:00+00:00,1,0.4920186216278404
2026-02-07 13:35:00+00:00,1,0.5066444738665008
2026-02-07 13:40:00+00:00,1,0.5036415211041654
2026-02-07 13:45:00+00:00,1,0.4958338236424958
2026-02-07 13:50:00+00:00,1,0.48912714733849744
2026-02-07 13:55:00+00:00,0,0.4801285588659276
2026-02-07 14:00:00+00:00,0,0.48659224038583315
2026-02-07 14:05:00+00:00,0,0.4974419851416818
2026-02-07 14:10:00+00:00,0,0.5032267275076135
2026-02-07 14:15:00+00:00,0,0.5009038838414789
2026-02-07 14:20:00+00:00,0,0.4868921969804966
2026-02-07 14:25:00+00:00,0,0.5040960361198915
2026-02-07 14:30:00+00:00,0,0.5092003968536088
2026-02-07 14:35:00+00:00,1,0.5209527695996903
2026-02-07 14:40:00+00:00,1,0.5113864887166817
2026-02-07 14:45:00+00:00,1,0.5241082986613866
2026-02-07 14:50:00+00:00,1,0.5120488149971586
2026-02-07 14:55:00+00:00,1,0.5138585733113868
2026-02-07 15:00:00+00:00,1,0.5071933751548695
2026-02-07 15:05:00+00:00,1,0.505160044553771
2026-02-07 15:10:00+00:00,1,0.49597617252199744
2026-02-07 15:15:00+00:00,1,0.4933478909730129
2026-02-07 15:20:00+00:00,0,0.4727831773382393
2026-02-07 15:25:00+00:00,1,0.47607298044702395
2026-02-07 15:30:00+00:00,0,0.4683885416463472
2026-02-07 15:35:00+00:00,1,0.47814889702373403
2026-02-07 15:40:00+00:00,1,0.4823387480879006
2026-02-07 15:45:00+00:00,1,0.4806285211237585
2026-02-07 15:50:00+00:00,1,0.4797583574090442
2026-02-07 15:55:00+00:00,1,0.47755385634176345
2026-02-07 16:00:00+00:00,1,0.4763730176918401
2026-02-07 16:05:00+00:00,0,0.4662034910893438
2026-02-07 16:10:00+00:00,0,0.4831355988900467
2026-02-07 16:15:00+00:00,0,0.4824017398657676
2026-02-07 16:20:00+00:00,0,0.47981459393545794
2026-02-07 16:25:00+00:00,0,0.4793354731208063
2026-02-07 16:30:00+00:00,0,0.47339453516552515
2026-02-07 16:35:00+00:00,0,0.47410670228659546
2026-02-07 16:40:00+00:00,0,0.47256750545367987
2026-02-07 16:45:00+00:00,1,0.4865172769300873
2026-02-07 16:50:00+00:00,0,0.4800431068935198
2026-02-07 16:55:00+00:00,1,0.4832623986677486
2026-02-07 17:00:00+00:00,0,0.48003588248070755
2026-02-07 17:05:00+00:00,1,0.5187435891720601
2026-02-07 17:10:00+00:00,1,0.5112466048349273
2026-02-07 17:15:00+00:00,1,0.48370297103398585
2026-02-07 17:20:00+00:00,1,0.49003938206249675
2026-02-07 17:25:00+00:00,1,0.4823934413028473
2026-02-07 17:30:00+00:00,1,0.48672400685891215
2026-02-07 17:35:00+00:00,0,0.47383113350538575
2026-02-07 17:40:00+00:00,0,0.4785331233779482
2026-02-07 17:45:00+00:00,1,0.4869304709193796
2026-02-07 17:50:00+00:00,1,0.49414988322244124
2026-02-07 17:55:00+00:00,1,0.4854751409702119
2026-02-07 18:00:00+00:00,1,0.4931180847012033
2026-02-07 18:05:00+00:00,1,0.4849346758842993
2026-02-07 18:10:00+00:00,1,0.5052875234172076
2026-02-07 18:15:00+00:00,1,0.4723894862921517
2026-02-07 18:20:00+00:00,1,0.47181061450991163
2026-02-07 18:25:00+00:00,1,0.46895211587591534
2026-02-07 18:30:00+00:00,0,0.4671082882259051
2026-02-07 18:35:00+00:00,0,0.47134736941803274
2026-02-07 18:40:00+00:00,0,0.4668761619715936
2026-02-07 18:45:00+00:00,0,0.4678376956818162
2026-02-07 18:50:00+00:00,0,0.47109077548200334
2026-02-07 18:55:00+00:00,0,0.47630096250063225
2026-02-07 19:00:00+00:00,0,0.4746140642202889
2026-02-07 19:05:00+00:00,0,0.4811572354329413
2026-02-07 19:10:00+00:00,0,0.4792112625002181
2026-02-07 19:15:00+00:00,0,0.48357114992245703
2026-02-07 19:20:00+00:00,0,0.4766872906831794
2026-02-07 19:25:00+00:00,0,0.48016827835300385
2026-02-07 19:30:00+00:00,1,0.5045193852323508
2026-02-07 19:35:00+00:00,0,0.48647979973848576
2026-02-07 19:40:00+00:00,0,0.4897712866116876
2026-02-07 19:45:00+00:00,0,0.4914124220329586
2026-02-07 19:50:00+00:00,1,0.5064880670005137
2026-02-07 19:55:00+00:00,1,0.5074691509774935
2026-02-07 20:00:00+00:00,1,0.5084853669467676
2026-02-07 20:05:00+00:00,1,0.5166926170715325
2026-02-07 20:10:00+00:00,1,0.513412300230439
2026-02-07 20:15:00+00:00,1,0.5151140991203484
2026-02-07 20:20:00+00:00,1,0.5070959900058163
2026-02-07 20:25:00+00:00,1,0.5043131796501124
2026-02-07 20:30:00+00:00,1,0.5002299207879671
2026-02-07 20:35:00+00:00,1,0.4826669903861203
2026-02-07 20:40:00+00:00,1,0.5079780709954274
2026-02-07 20:45:00+00:00,1,0.4882633324447842
2026-02-07 20:50:00+00:00,1,0.47388316474227893
2026-02-07 20:55:00+00:00,1,0.47119589951956975
2026-02-07 21:00:00+00:00,1,0.48320032666309054
2026-02-07 21:05:00+00:00,0,0.4748799390269416
2026-02-07 21:10:00+00:00,0,0.4740706920071081
2026-02-07 21:15:00+00:00,0,0.4737700134346151
2026-02-07 21:20:00+00:00,0,0.4733454461436374
2026-02-07 21:25:00+00:00,0,0.47301049161978426
2026-02-07 21:30:00+00:00,0,0.4729973243202572
2026-02-07 21:35:00+00:00,0,0.48723081237694293
2026-02-07 21:40:00+00:00,0,0.502123372096854
2026-02-07 21:45:00+00:00,0,0.5044287080193003
2026-02-07 21:50:00+00:00,0,0.5041679058091907
2026-02-07 21:55:00+00:00,0,0.5076389052566898
2026-02-07 22:00:00+00:00,0,0.5035468150722201
2026-02-07 22:05:00+00:00,0,0.5046834577795773
2026-02-07 22:10:00+00:00,0,0.5132681100729782
2026-02-07 22:15:00+00:00,0,0.5155053243149977
2026-02-07 22:20:00+00:00,0,0.5125823391765907
2026-02-07 22:25:00+00:00,0,0.5117183095431921
2026-02-07 22:30:00+00:00,0,0.5157235724253061
2026-02-07 22:35:00+00:00,0,0.5102312895582264
2026-02-07 22:40:00+00:00,0,0.5141358363083696
2026-02-07 22:45:00+00:00,0,0.5150192796339804
2026-02-07 22:50:00+00:00,0,0.5170487913108265
2026-02-07 22:55:00+00:00,0,0.518509246639612
2026-02-07 23:00:00+00:00,0,0.5208963851130585
2026-02-07 23:05:00+00:00,1,0.5277902068149557
2026-02-07 23:10:00+00:00,1,0.5137094336531913
2026-02-07 23:15:00+00:00,1,0.5260106189393139
2026-02-07 23:20:00+00:00,1,0.5259631716529141
2026-02-07 23:25:00+00:00,1,0.5154409891078373
2026-02-07 23:30:00+00:00,1,0.507083932424638
2026-02-07 23:35:00+00:00,0,0.5124464261729559
2026-02-07 23:40:00+00:00,0,0.5064425785569348
2026-02-07 23:45:00+00:00,0,0.5048357465322203
2026-02-07 23:50:00+00:00,0,0.5111655176115344
2026-02-07 23:55:00+00:00,0,0.5133081044731759
2026-02-08 00:00:00+00:00,0,0.5126834918268599
2026-02-08 00:05:00+00:00,0,0.5231302666601085
2026-02-08 00:10:00+00:00,0,0.5202168366425854
2026-02-08 00:15:00+00:00,1,0.5277770291091411
2026-02-08 00:20:00+00:00,0,0.5253374093850358
2026-02-08 00:25:00+00:00,1,0.5265156843664807
2026-02-08 00:30:00+00:00,1,0.5268136187315651
2026-02-08 00:35:00+00:00,1,0.5144315182432807
2026-02-08 00:40:00+00:00,1,0.5178007841377286
2026-02-08 00:45:00+00:00,1,0.5100528627643737
2026-02-08 00:50:00+00:00,1,0.5145729834203411
2026-02-08 00:55:00+00:00,1,0.509348445873804
2026-02-08 01:00:00+00:00,0,0.5053782564113161
2026-02-08 01:05:00+00:00,1,0.5035265698811182
2026-02-08 01:10:00+00:00,0,0.4841262590004113
2026-02-08 01:15:00+00:00,0,0.5065663453426756
2026-02-08 01:20:00+00:00,1,0.511957556750011
2026-02-08 01:25:00+00:00,1,0.5080075413468818
2026-02-08 01:30:00+00:00,0,0.5048827249799434
2026-02-08 01:35:00+00:00,0,0.48609721856477683
2026-02-08 01:40:00+00:00,0,0.5031340729267361
2026-02-08 01:45:00+00:00,0,0.5029341817297275
2026-02-08 01:50:00+00:00,0,0.4910579008264277
2026-02-08 01:55:00+00:00,0,0.49575479765271213
2026-02-08 02:00:00+00:00,0,0.5059083404830133
2026-02-08 02:05:00+00:00,0,0.497012150126011
2026-02-08 02:10:00+00:00,0,0.5028805896281254
2026-02-08 02:15:00+00:00,0,0.5086693096606435
2026-02-08 02:20:00+00:00,0,0.4982132319759159
2026-02-08 02:25:00+00:00,0,0.5253272907174228
2026-02-08 02:30:00+00:00,0,0.5186038680808108
2026-02-08 02:35:00+00:00,1,0.5277989002202162
2026-02-08 02:40:00+00:00,0,0.5218552128218708
2026-02-08 02:45:00+00:00,0,0.5239586929612389
2026-02-08 02:50:00+00:00,1,0.5218368557828426
2026-02-08 02:55:00+00:00,0,0.5135515199211526
2026-02-08 03:00:00+00:00,0,0.5119775359484792
2026-02-08 03:05:00+00:00,0,0.5147030411455434
2026-02-08 03:10:00+00:00,0,0.513237503682031
2026-02-08 03:15:00+00:00,0,0.5145192382263706
2026-02-08 03:20:00+00:00,0,0.5097137517888103
2026-02-08 03:25:00+00:00,0,0.515988475200483
2026-02-08 03:30:00+00:00,0,0.51131929956228
2026-02-08 03:35:00+00:00,0,0.5170054778524502
2026-02-08 03:40:00+00:00,0,0.5166228221902261
2026-02-08 03:45:00+00:00,0,0.5229557476617621
2026-02-08 03:50:00+00:00,1,0.5302362501490089
2026-02-08 03:55:00+00:00,1,0.5236768755253495
2026-02-08 04:00:00+00:00,0,0.5209957499479116
2026-02-08 04:05:00+00:00,0,0.5140345105857453
2026-02-08 04:10:00+00:00,1,0.5237935510249533
2026-02-08 04:15:00+00:00,1,0.5163278205834354
2026-02-08 04:20:00+00:00,0,0.512347694582453
2026-02-08 04:25:00+00:00,1,0.5139738227411089
2026-02-08 04:30:00+00:00,1,0.5178471260442823
2026-02-08 04:35:00+00:00,1,0.5136019257356068
2026-02-08 04:40:00+00:00,1,0.5118678434869149
2026-02-08 04:45:00+00:00,1,0.512966625619066
2026-02-08 04:50:00+00:00,1,0.517120404852387
2026-02-08 04:55:00+00:00,1,0.5044400583115034
2026-02-08 05:00:00+00:00,0,0.5082070610271205
2026-02-08 05:05:00+00:00,0,0.5034503931922731
2026-02-08 05:10:00+00:00,0,0.4799431429559803
2026-02-08 05:15:00+00:00,0,0.4860354641361986
2026-02-08 05:20:00+00:00,0,0.5088685804980398
2026-02-08 05:25:00+00:00,0,0.49956073500570797
2026-02-08 05:30:00+00:00,0,0.5113249677442735
2026-02-08 05:35:00+00:00,0,0.5062900345158513
2026-02-08 05:40:00+00:00,1,0.5108233325510642
2026-02-08 05:45:00+00:00,1,0.5114703412773522
2026-02-08 05:50:00+00:00,1,0.5026617168500329
2026-02-08 05:55:00+00:00,1,0.5085107680584788
2026-02-08 06:00:00+00:00,1,0.5133535313499495
2026-02-08 06:05:00+00:00,1,0.5099180058183664
2026-02-08 06:10:00+00:00,0,0.48752689337540234
2026-02-08 06:15:00+00:00,0,0.4924659566392745
2026-02-08 06:20:00+00:00,0,0.5057575163760821
2026-02-08 06:25:00+00:00,0,0.5059466287625517
2026-02-08 06:30:00+00:00,1,0.5106536934626535
2026-02-08 06:35:00+00:00,0,0.5061051207476719
2026-02-08 06:40:00+00:00,0,0.5131281322785277
2026-02-08 06:45:00+00:00,0,0.5143292836952542
2026-02-08 06:50:00+00:00,0,0.5140822006875788
2026-02-08 06:55:00+00:00,0,0.5088464250353223
2026-02-08 07:00:00+00:00,1,0.5027085635019254
2026-02-08 07:05:00+00:00,1,0.5169729079006471
2026-02-08 07:10:00+00:00,1,0.5141341995681336
2026-02-08 07:15:00+00:00,1,0.5128169761979418
2026-02-08 07:20:00+00:00,1,0.5147458291976621
2026-02-08 07:25:00+00:00,1,0.5105138232668566
2026-02-08 07:30:00+00:00,1,0.5045551349140945
2026-02-08 07:35:00+00:00,1,0.5080606255977015
2026-02-08 07:40:00+00:00,1,0.5048204740700755
2026-02-08 07:45:00+00:00,1,0.49925757590582304
2026-02-08 07:50:00+00:00,1,0.4913272078462419
2026-02-08 07:55:00+00:00,1,0.47739867791205903
2026-02-08 08:00:00+00:00,1,0.4744682784766326
2026-02-08 08:05:00+00:00,1,0.47595829446446225
2026-02-08 08:10:00+00:00,1,0.4791865911320956
2026-02-08 08:15:00+00:00,1,0.49255021000581256
2026-02-08 08:20:00+00:00,1,0.46860549523151335
2026-02-08 08:25:00+00:00,1,0.46767395051912836
2026-02-08 08:30:00+00:00,0,0.4874794600555234
2026-02-08 08:35:00+00:00,1,0.4748021268887082
2026-02-08 08:40:00+00:00,0,0.4758512770145687
2026-02-08 08:45:00+00:00,0,0.4651005994932324
2026-02-08 08:50:00+00:00,0,0.4675454634071692
2026-02-08 08:55:00+00:00,0,0.4718416546392432
2026-02-08 09:00:00+00:00,0,0.46847743609617826
2026-02-08 09:05:00+00:00,0,0.4664663684637076
2026-02-08 09:10:00+00:00,0,0.4739870740060927
2026-02-08 09:15:00+00:00,0,0.47484139692789823
2026-02-08 09:20:00+00:00,0,0.481949481901888
2026-02-08 09:25:00+00:00,0,0.48328140768957967
2026-02-08 09:30:00+00:00,0,0.48289177091905344
2026-02-08 09:35:00+00:00,1,0.5022256109430641
2026-02-08 09:40:00+00:00,1,0.5151930557752893
2026-02-08 09:45:00+00:00,0,0.5138025270095415
2026-02-08 09:50:00+00:00,0,0.5029266027168054
2026-02-08 09:55:00+00:00,0,0.5058183668034628
2026-02-08 10:00:00+00:00,0,0.5019950443911004
2026-02-08 10:05:00+00:00,0,0.5050784195006472
2026-02-08 10:10:00+00:00,0,0.5075365067557038
2026-02-08 10:15:00+00:00,0,0.5055982863675091
2026-02-08 10:20:00+00:00,1,0.5204283337826772
2026-02-08 10:25:00+00:00,1,0.5157386554285935
2026-02-08 10:30:00+00:00,1,0.5165437901871756
2026-02-08 10:35:00+00:00,1,0.5083466588344768
2026-02-08 10:40:00+00:00,1,0.5174139994291761
2026-02-08 10:45:00+00:00,1,0.49365966993291416
2026-02-08 10:50:00+00:00,1,0.4984287392187328
2026-02-08 10:55:00+00:00,1,0.49656114579113747
2026-02-08 11:00:00+00:00,1,0.49944774546187903
2026-02-08 11:05:00+00:00,1,0.49744974642730494
2026-02-08 11:10:00+00:00,1,0.4865059835659631
2026-02-08 11:15:00+00:00,1,0.4912483646116045
2026-02-08 11:20:00+00:00,1,0.48572867303222267
2026-02-08 11:25:00+00:00,1,0.4759777641143292
2026-02-08 11:30:00+00:00,1,0.46455003939726963
2026-02-08 11:35:00+00:00,1,0.47077181286304315
2026-02-08 11:40:00+00:00,0,0.472141251157983
2026-02-08 11:45:00+00:00,0,0.470572224043835
2026-02-08 11:50:00+00:00,0,0.46687786368928325
2026-02-08 11:55:00+00:00,0,0.4693444605176584
2026-02-08 12:00:00+00:00,0,0.4665229595040753
2026-02-08 12:05:00+00:00,0,0.4703380630622051
2026-02-08 12:10:00+00:00,0,0.4757005486601519
2026-02-08 12:15:00+00:00,1,0.4794869994994638
2026-02-08 12:20:00+00:00,1,0.47994956080121143
2026-02-08 12:25:00+00:00,0,0.47324993795027476
2026-02-08 12:30:00+00:00,1,0.4898766424990022
2026-02-08 12:35:00+00:00,0,0.4801856830194065
2026-02-08 12:40:00+00:00,0,0.49941090667889
2026-02-08 12:45:00+00:00,1,0.4785971939851046
2026-02-08 12:50:00+00:00,1,0.48383246859981555
2026-02-08 12:55:00+00:00,1,0.47733250233392643
2026-02-08 13:00:00+00:00,1,0.4911961000808773
2026-02-08 13:05:00+00:00,1,0.5115031569670563
2026-02-08 13:10:00+00:00,1,0.5098061387176598
2026-02-08 13:15:00+00:00,1,0.48566880466601087
2026-02-08 13:20:00+00:00,1,0.47446780827758184
2026-02-08 13:25:00+00:00,1,0.482797370748295
2026-02-08 13:30:00+00:00,1,0.4890973132176099
2026-02-08 13:35:00+00:00,1,0.5058942451207699
2026-02-08 13:40:00+00:00,1,0.5062433440206254
2026-02-08 13:45:00+00:00,1,0.48603887194673934
2026-02-08 13:50:00+00:00,0,0.4749388793019038
2026-02-08 13:55:00+00:00,0,0.4664896527332414
2026-02-08 14:00:00+00:00,0,0.46932360225464687
2026-02-08 14:05:00+00:00,1,0.48667187013866803
2026-02-08 14:10:00+00:00,0,0.4791493710441264
2026-02-08 14:15:00+00:00,1,0.48613745471429815
2026-02-08 14:20:00+00:00,1,0.4879606593388755
2026-02-08 14:25:00+00:00,1,0.48325994812603573
2026-02-08 14:30:00+00:00,0,0.47566360876202296
2026-02-08 14:35:00+00:00,1,0.47947220235739363
2026-02-08 14:40:00+00:00,1,0.48296324323033185
2026-02-08 14:45:00+00:00,0,0.4813886955011517
2026-02-08 14:50:00+00:00,0,0.4785685682267703
2026-02-08 14:55:00+00:00,0,0.478677735777248
2026-02-08 15:00:00+00:00,0,0.4797957962441671
2026-02-08 15:05:00+00:00,0,0.4763681556232716
2026-02-08 15:10:00+00:00,0,0.48271125140984783
2026-02-08 15:15:00+00:00,0,0.4937632178944019
2026-02-08 15:20:00+00:00,0,0.5145079029215661
2026-02-08 15:25:00+00:00,1,0.5239788279823068
2026-02-08 15:30:00+00:00,1,0.5180477664753196
2026-02-08 15:35:00+00:00,0,0.5134243266334996
2026-02-08 15:40:00+00:00,0,0.5176324634732358
2026-02-08 15:45:00+00:00,1,0.52591119748615
2026-02-08 15:50:00+00:00,1,0.515984815966543
2026-02-08 15:55:00+00:00,1,0.5074933601914311
2026-02-08 16:00:00+00:00,0,0.5041156815904572
2026-02-08 16:05:00+00:00,0,0.5104163344022294
2026-02-08 16:10:00+00:00,0,0.4993994066701433
2026-02-08 16:15:00+00:00,0,0.4960523680924396
2026-02-08 16:20:00+00:00,0,0.5046809508598353
2026-02-08 16:25:00+00:00,0,0.5053118919781852
2026-02-08 16:30:00+00:00,0,0.5067275231200931
2026-02-08 16:35:00+00:00,0,0.5167705066713724
2026-02-08 16:40:00+00:00,0,0.5269264438632348
2026-02-08 16:45:00+00:00,1,0.5478428034710725
2026-02-08 16:50:00+00:00,1,0.5531793919862267
2026-02-08 16:55:00+00:00,1,0.5248533766819095
2026-02-08 17:00:00+00:00,1,0.5125858041506306
2026-02-08 17:05:00+00:00,1,0.505384027040516
2026-02-08 17:10:00+00:00,1,0.5016531501753371
2026-02-08 17:15:00+00:00,0,0.49480615657040355
2026-02-08 17:20:00+00:00,1,0.5065166301958313
2026-02-08 17:25:00+00:00,1,0.5079641164160796
2026-02-08 17:30:00+00:00,1,0.5018435354648996
2026-02-08 17:35:00+00:00,1,0.5019640928553379
2026-02-08 17:40:00+00:00,1,0.5019766411610824
2026-02-08 17:45:00+00:00,1,0.4961059010794127
2026-02-08 17:50:00+00:00,1,0.49987100846212223
2026-02-08 17:55:00+00:00,1,0.48982649540632417
2026-02-08 18:00:00+00:00,1,0.48284651137483997
2026-02-08 18:05:00+00:00,1,0.48306983403164344
2026-02-08 18:10:00+00:00,1,0.48993905335202237
2026-02-08 18:15:00+00:00,1,0.4874051206461194
2026-02-08 18:20:00+00:00,1,0.49165221917831464
2026-02-08 18:25:00+00:00,1,0.4828663225415251
2026-02-08 18:30:00+00:00,0,0.47103195734144904
2026-02-08 18:35:00+00:00,0,0.4712025194249636
2026-02-08 18:40:00+00:00,0,0.475374477202398
2026-02-08 18:45:00+00:00,0,0.4721963262450912
2026-02-08 18:50:00+00:00,1,0.4753593164798915
2026-02-08 18:55:00+00:00,0,0.4771662982233389
2026-02-08 19:00:00+00:00,0,0.4793455706784529
2026-02-08 19:05:00+00:00,1,0.4815415389225941
2026-02-08 19:10:00+00:00,1,0.48105991493803496
2026-02-08 19:15:00+00:00,1,0.4770649273899696
2026-02-08 19:20:00+00:00,1,0.46845209511080627
2026-02-08 19:25:00+00:00,1,0.4699113730646222
2026-02-08 19:30:00+00:00,0,0.46657643426339535
2026-02-08 19:35:00+00:00,0,0.475783713828702
2026-02-08 19:40:00+00:00,0,0.478892158394224
2026-02-08 19:45:00+00:00,0,0.4842044778241836
2026-02-08 19:50:00+00:00,0,0.475546130443792
2026-02-08 19:55:00+00:00,0,0.4749832258519467
2026-02-08 20:00:00+00:00,0,0.5064073415429567
2026-02-08 20:05:00+00:00,0,0.5061873209332415
2026-02-08 20:10:00+00:00,0,0.5176879820140365
2026-02-08 20:15:00+00:00,0,0.5015366826341056
2026-02-08 20:20:00+00:00,0,0.5181859360864359
2026-02-08 20:25:00+00:00,0,0.518030437067213
2026-02-08 20:30:00+00:00,0,0.5160345591002814
2026-02-08 20:35:00+00:00,0,0.5169800911005603
2026-02-08 20:40:00+00:00,0,0.5201305847628055
2026-02-08 20:45:00+00:00,1,0.525794972182231
2026-02-08 20:50:00+00:00,1,0.5239830542038099
2026-02-08 20:55:00+00:00,1,0.5184073296809523
2026-02-08 21:00:00+00:00,0,0.5148024884902689
2026-02-08 21:05:00+00:00,0,0.5148815318626871
2026-02-08 21:10:00+00:00,0,0.5129648003559164
2026-02-08 21:15:00+00:00,0,0.5114172348150134
2026-02-08 21:20:00+00:00,0,0.5111405047643653
2026-02-08 21:25:00+00:00,0,0.5133446951226384
2026-02-08 21:30:00+00:00,0,0.529458022523342
2026-02-08 21:35:00+00:00,1,0.53076003261336
2026-02-08 21:40:00+00:00,1,0.5263636247019946
2026-02-08 21:45:00+00:00,1,0.5214933415187388
2026-02-08 21:50:00+00:00,1,0.527729710858219
2026-02-08 21:55:00+00:00,1,0.5160838915855972
2026-02-08 22:00:00+00:00,0,0.5063943317773135
2026-02-08 22:05:00+00:00,1,0.5143888747336551
2026-02-08 22:10:00+00:00,0,0.5105214682058219
2026-02-08 22:15:00+00:00,0,0.5092816148340855
2026-02-08 22:20:00+00:00,0,0.5067693350954349
2026-02-08 22:25:00+00:00,1,0.5113744255570125
2026-02-08 22:30:00+00:00,1,0.5120875322695856
2026-02-08 22:35:00+00:00,1,0.5150771018512177
2026-02-08 22:40:00+00:00,1,0.5113604908699203
2026-02-08 22:45:00+00:00,1,0.5094523931061791
2026-02-08 22:50:00+00:00,0,0.5082910718573348
2026-02-08 22:55:00+00:00,0,0.499485641662236
2026-02-08 23:00:00+00:00,0,0.46936238578007905
2026-02-08 23:05:00+00:00,0,0.49276059306267056
2026-02-08 23:10:00+00:00,0,0.48119661849529355
2026-02-08 23:15:00+00:00,0,0.47813153206552783
2026-02-08 23:20:00+00:00,1,0.5327403730494935
2026-02-08 23:25:00+00:00,0,0.5110450527931184
2026-02-08 23:30:00+00:00,1,0.530288586531223
2026-02-08 23:35:00+00:00,1,0.5254349902083386
2026-02-08 23:40:00+00:00,0,0.5136404849797317
2026-02-08 23:45:00+00:00,0,0.47626463257118984
2026-02-08 23:50:00+00:00,0,0.48647508921419974
2026-02-08 23:55:00+00:00,0,0.5140216270646659
2026-02-09 00:00:00+00:00,0,0.505428994520083
2026-02-09 00:05:00+00:00,0,0.5123399996115593
2026-02-09 00:10:00+00:00,0,0.5124257969052872
2026-02-09 00:15:00+00:00,1,0.5218334095126145
2026-02-09 00:20:00+00:00,0,0.5077586238588806
2026-02-09 00:25:00+00:00,1,0.5244709388973788
2026-02-09 00:30:00+00:00,1,0.5147524905616577
2026-02-09 00:35:00+00:00,1,0.5195730972249682
2026-02-09 00:40:00+00:00,1,0.5140586222514236
2026-02-09 00:45:00+00:00,1,0.5128014025010648
2026-02-09 00:50:00+00:00,1,0.508480275639129
2026-02-09 00:55:00+00:00,1,0.5070088109488662
2026-02-09 01:00:00+00:00,1,0.5013645387787293
2026-02-09 01:05:00+00:00,1,0.4998224019912029
2026-02-09 01:10:00+00:00,0,0.5074068646410999
2026-02-09 01:15:00+00:00,0,0.4797958504037029
2026-02-09 01:20:00+00:00,0,0.4715935261346469
2026-02-09 01:25:00+00:00,0,0.4805972357669395
2026-02-09 01:30:00+00:00,0,0.4817781156211504
2026-02-09 01:35:00+00:00,0,0.5069888558950754
2026-02-09 01:40:00+00:00,0,0.5193494972370017
2026-02-09 01:45:00+00:00,1,0.5207070006244726
2026-02-09 01:50:00+00:00,0,0.4871130906647962
2026-02-09 01:55:00+00:00,0,0.4939087699578911
2026-02-09 02:00:00+00:00,0,0.5108421562456298
2026-02-09 02:05:00+00:00,1,0.5020316425438048
2026-02-09 02:10:00+00:00,1,0.5105747714593855
2026-02-09 02:15:00+00:00,1,0.5085506832951849
2026-02-09 02:20:00+00:00,1,0.5073888095558802
2026-02-09 02:25:00+00:00,1,0.5061315995877234
2026-02-09 02:30:00+00:00,1,0.5035998974294168
2026-02-09 02:35:00+00:00,1,0.4798834444462987
2026-02-09 02:40:00+00:00,0,0.47175508187155873
2026-02-09 02:45:00+00:00,0,0.4764064558509618
2026-02-09 02:50:00+00:00,0,0.4774108469350727
2026-02-09 02:55:00+00:00,1,0.48332113374343205
2026-02-09 03:00:00+00:00,1,0.48301221303632236
2026-02-09 03:05:00+00:00,1,0.4940610402193708
2026-02-09 03:10:00+00:00,1,0.48954463452798375
2026-02-09 03:15:00+00:00,1,0.47420078209896044
2026-02-09 03:20:00+00:00,1,0.4837913624900552
2026-02-09 03:25:00+00:00,1,0.4776906353069954
2026-02-09 03:30:00+00:00,1,0.4688597838237821
2026-02-09 03:35:00+00:00,0,0.4666760336359953
2026-02-09 03:40:00+00:00,0,0.4686639949513292
2026-02-09 03:45:00+00:00,0,0.46942810269697766
2026-02-09 03:50:00+00:00,0,0.4675235735751771
2026-02-09 03:55:00+00:00,0,0.47118732733824514
2026-02-09 04:00:00+00:00,0,0.4764728244513189
2026-02-09 04:05:00+00:00,0,0.47863355996226775
2026-02-09 04:10:00+00:00,0,0.48139828208128566
2026-02-09 04:15:00+00:00,0,0.47932000867474617
2026-02-09 04:20:00+00:00,0,0.4713151429070447
2026-02-09 04:25:00+00:00,0,0.4773185829517214
2026-02-09 04:30:00+00:00,0,0.4817606938578188
2026-02-09 04:35:00+00:00,0,0.4857793600932776
2026-02-09 04:40:00+00:00,0,0.4928035905099941
2026-02-09 04:45:00+00:00,0,0.49237172999079415
2026-02-09 04:50:00+00:00,1,0.5092361940129018
2026-02-09 04:55:00+00:00,1,0.49047479849490816
2026-02-09 05:00:00+00:00,1,0.5039790027189051
2026-02-09 05:05:00+00:00,1,0.5073895617984937
2026-02-09 05:10:00+00:00,1,0.514440176564094
2026-02-09 05:15:00+00:00,1,0.5147308683338636
2026-02-09 05:20:00+00:00,1,0.511428064176559
2026-02-09 05:25:00+00:00,1,0.49084409009599717
2026-02-09 05:30:00+00:00,0,0.4850844286163103
2026-02-09 05:35:00+00:00,0,0.48797303632068073
2026-02-09 05:40:00+00:00,0,0.48801254443173175
2026-02-09 05:45:00+00:00,0,0.5057084072688632
2026-02-09 05:50:00+00:00,0,0.48211785808021035
2026-02-09 05:55:00+00:00,0,0.4915811957824014
2026-02-09 06:00:00+00:00,0,0.5202489375447353
2026-02-09 06:05:00+00:00,0,0.5172363798126113
2026-02-09 06:10:00+00:00,0,0.5165432240952692
2026-02-09 06:15:00+00:00,1,0.5234059860741569
2026-02-09 06:20:00+00:00,1,0.5250252666870349
2026-02-09 06:25:00+00:00,1,0.5232306826941904
2026-02-09 06:30:00+00:00,1,0.5190690720348922
2026-02-09 06:35:00+00:00,1,0.5175662257143946
2026-02-09 06:40:00+00:00,1,0.5046096775219917
2026-02-09 06:45:00+00:00,1,0.5040684614224743
2026-02-09 06:50:00+00:00,1,0.505197427224995
2026-02-09 06:55:00+00:00,0,0.5050184558003311
2026-02-09 07:00:00+00:00,0,0.49737951057613444
2026-02-09 07:05:00+00:00,0,0.496374139640282
2026-02-09 07:10:00+00:00,0,0.463655675116578
2026-02-09 07:15:00+00:00,0,0.4603357501901501
2026-02-09 07:20:00+00:00,0,0.4984988855961737
2026-02-09 07:25:00+00:00,0,0.5032403586634184
2026-02-09 07:30:00+00:00,0,0.5054464761260791
2026-02-09 07:35:00+00:00,0,0.5163828809810052
2026-02-09 07:40:00+00:00,0,0.5163671814443535
2026-02-09 07:45:00+00:00,0,0.5120253294263614
2026-02-09 07:50:00+00:00,0,0.5097006088274263
2026-02-09 07:55:00+00:00,0,0.5126766883337177
2026-02-09 08:00:00+00:00,0,0.5032818326289712
2026-02-09 08:05:00+00:00,0,0.5093783609366809
2026-02-09 08:10:00+00:00,0,0.5115659465751196
2026-02-09 08:15:00+00:00,0,0.5214709499476046
2026-02-09 08:20:00+00:00,0,0.5212527016216764
2026-02-09 08:25:00+00:00,0,0.5226401890664409
2026-02-09 08:30:00+00:00,1,0.5315531658813127
2026-02-09 08:35:00+00:00,0,0.5148380439903785
2026-02-09 08:40:00+00:00,0,0.515624522879731
2026-02-09 08:45:00+00:00,0,0.5051713190675478
2026-02-09 08:50:00+00:00,0,0.5056594353694817
2026-02-09 08:55:00+00:00,0,0.5006133708045247
2026-02-09 09:00:00+00:00,0,0.5069723884214494
2026-02-09 09:05:00+00:00,0,0.5088842134529312
2026-02-09 09:10:00+00:00,0,0.5129234253583608
2026-02-09 09:15:00+00:00,0,0.5109975048613181
2026-02-09 09:20:00+00:00,0,0.5096395828055013
2026-02-09 09:25:00+00:00,0,0.5043268734426674
2026-02-09 09:30:00+00:00,0,0.5059508900519285
2026-02-09 09:35:00+00:00,0,0.5133871827150462
2026-02-09 09:40:00+00:00,0,0.5172305181731894
2026-02-09 09:45:00+00:00,0,0.5135228373851584
2026-02-09 09:50:00+00:00,0,0.5164634281521204
2026-02-09 09:55:00+00:00,0,0.5117715219298206
2026-02-09 10:00:00+00:00,0,0.5089876269607257
2026-02-09 10:05:00+00:00,0,0.5032460366676914
2026-02-09 10:10:00+00:00,0,0.5175070635794013
2026-02-09 10:15:00+00:00,0,0.5252950009381345
2026-02-09 10:20:00+00:00,0,0.5262421063179661
2026-02-09 10:25:00+00:00,0,0.5225639357015991
2026-02-09 10:30:00+00:00,1,0.525621304478906
2026-02-09 10:35:00+00:00,1,0.5199553487341803
2026-02-09 10:40:00+00:00,1,0.5156228869762571
2026-02-09 10:45:00+00:00,1,0.5139351082241944
2026-02-09 10:50:00+00:00,1,0.5129263526411977
2026-02-09 10:55:00+00:00,1,0.5020120311051953
2026-02-09 11:00:00+00:00,0,0.5025308661112269
2026-02-09 11:05:00+00:00,0,0.49214221086544396
2026-02-09 11:10:00+00:00,1,0.5015145575733225
2026-02-09 11:15:00+00:00,1,0.501742782246588
2026-02-09 11:20:00+00:00,1,0.4889079606440598
2026-02-09 11:25:00+00:00,0,0.49368674886367386
2026-02-09 11:30:00+00:00,1,0.4950573427913713
2026-02-09 11:35:00+00:00,1,0.4827506821407382
2026-02-09 11:40:00+00:00,1,0.4893469176631426
2026-02-09 11:45:00+00:00,1,0.4910155076730165
2026-02-09 11:50:00+00:00,1,0.48494752449166484
2026-02-09 11:55:00+00:00,1,0.487711993484735
2026-02-09 12:00:00+00:00,0,0.45258325662807375
2026-02-09 12:05:00+00:00,0,0.45008217357338726
2026-02-09 12:10:00+00:00,1,0.44971673226930986
2026-02-09 12:15:00+00:00,1,0.46225257922306656
2026-02-09 12:20:00+00:00,1,0.4688675117799633
2026-02-09 12:25:00+00:00,1,0.4605877347075028
2026-02-09 12:30:00+00:00,0,0.4606415707242414
2026-02-09 12:35:00+00:00,0,0.460310328360596
2026-02-09 12:40:00+00:00,1,0.4689693292017869
2026-02-09 12:45:00+00:00,0,0.4691252402481934
2026-02-09 12:50:00+00:00,1,0.4704322797095555
2026-02-09 12:55:00+00:00,0,0.4752092668240097
2026-02-09 13:00:00+00:00,0,0.4699590163374119
2026-02-09 13:05:00+00:00,0,0.4773351680695212
2026-02-09 13:10:00+00:00,0,0.469814785554021
2026-02-09 13:15:00+00:00,0,0.48284016469228547
2026-02-09 13:20:00+00:00,0,0.4814132213726488
2026-02-09 13:25:00+00:00,0,0.49795320990610165
2026-02-09 13:30:00+00:00,0,0.5222362475050901
2026-02-09 13:35:00+00:00,0,0.513560051886039
2026-02-09 13:40:00+00:00,0,0.5183061535715642
2026-02-09 13:45:00+00:00,0,0.5228352556942794
2026-02-09 13:50:00+00:00,0,0.524880411524693
2026-02-09 13:55:00+00:00,1,0.5245229399006898
2026-02-09 14:00:00+00:00,1,0.5219973643660935
2026-02-09 14:05:00+00:00,1,0.5157030625718854
2026-02-09 14:10:00+00:00,1,0.5141964260847034
2026-02-09 14:15:00+00:00,1,0.5175279279354965
2026-02-09 14:20:00+00:00,1,0.5068325201652254
2026-02-09 14:25:00+00:00,1,0.5104293011727958
2026-02-09 14:30:00+00:00,1,0.5109205168371925
2026-02-09 14:35:00+00:00,1,0.4841609924896855
2026-02-09 14:40:00+00:00,1,0.47629104246366477
2026-02-09 14:45:00+00:00,0,0.4835657454973391
2026-02-09 14:50:00+00:00,0,0.4777893992998175
2026-02-09 14:55:00+00:00,0,0.4775928878124708
2026-02-09 15:00:00+00:00,0,0.48793735404034344
2026-02-09 15:05:00+00:00,0,0.48146140701466966
2026-02-09 15:10:00+00:00,1,0.4763750385370846
2026-02-09 15:15:00+00:00,1,0.4783247303688525
2026-02-09 15:20:00+00:00,1,0.4778043550725055
2026-02-09 15:25:00+00:00,1,0.4878366819763251
2026-02-09 15:30:00+00:00,1,0.477880070293092
2026-02-09 15:35:00+00:00,0,0.4724815417747122
2026-02-09 15:40:00+00:00,0,0.4738897706040586
2026-02-09 15:45:00+00:00,0,0.47269187039418453
2026-02-09 15:50:00+00:00,0,0.4720311835845621
2026-02-09 15:55:00+00:00,0,0.46987688221872725
2026-02-09 16:00:00+00:00,0,0.47955278458634715
2026-02-09 16:05:00+00:00,1,0.490826537252438
2026-02-09 16:10:00+00:00,1,0.48913681301533946
2026-02-09 16:15:00+00:00,1,0.4904907547897443
2026-02-09 16:20:00+00:00,1,0.4820008635160764
2026-02-09 16:25:00+00:00,1,0.47721528690649484
2026-02-09 16:30:00+00:00,1,0.48761129576362905
2026-02-09 16:35:00+00:00,1,0.48553702328687565
2026-02-09 16:40:00+00:00,0,0.47759242745958624
2026-02-09 16:45:00+00:00,0,0.48436278846789554
2026-02-09 16:50:00+00:00,0,0.47509682138863313
2026-02-09 16:55:00+00:00,0,0.4771207774230966
2026-02-09 17:00:00+00:00,0,0.4760439950599202
2026-02-09 17:05:00+00:00,1,0.47934581616831645
2026-02-09 17:10:00+00:00,1,0.48828958895661606
2026-02-09 17:15:00+00:00,1,0.4806124204526676
2026-02-09 17:20:00+00:00,1,0.48988018171652975
2026-02-09 17:25:00+00:00,1,0.4849527692291055
2026-02-09 17:30:00+00:00,1,0.4708093808745226
2026-02-09 17:35:00+00:00,0,0.4806794168114212
2026-02-09 17:40:00+00:00,0,0.47623628260001366
2026-02-09 17:45:00+00:00,0,0.4772760969216089
2026-02-09 17:50:00+00:00,0,0.47427734998070825
2026-02-09 17:55:00+00:00,0,0.4739211420734393
2026-02-09 18:00:00+00:00,0,0.477727124282042
2026-02-09 18:05:00+00:00,0,0.4729399556525313
2026-02-09 18:10:00+00:00,0,0.4789543547327135
2026-02-09 18:15:00+00:00,0,0.4827638950294659
2026-02-09 18:20:00+00:00,0,0.49186685598283525
2026-02-09 18:25:00+00:00,0,0.4967810234618422
2026-02-09 18:30:00+00:00,0,0.4860604904365215
2026-02-09 18:35:00+00:00,0,0.4895428087131835
2026-02-09 18:40:00+00:00,0,0.4894273208272296
2026-02-09 18:45:00+00:00,0,0.4881374040893502
2026-02-09 18:50:00+00:00,0,0.5067417287882049
2026-02-09 18:55:00+00:00,0,0.5106436849092777
2026-02-09 19:00:00+00:00,1,0.5120460226513716
2026-02-09 19:05:00+00:00,1,0.5125875649346886
2026-02-09 19:10:00+00:00,1,0.5175894035805592
2026-02-09 19:15:00+00:00,1,0.5106916426976105
2026-02-09 19:20:00+00:00,1,0.47474229351048164
2026-02-09 19:25:00+00:00,1,0.49096269889047
2026-02-09 19:30:00+00:00,1,0.5022967476278642
2026-02-09 19:35:00+00:00,1,0.48259511183518544
2026-02-09 19:40:00+00:00,1,0.49858587124821463
2026-02-09 19:45:00+00:00,0,0.48277252673333426
2026-02-09 19:50:00+00:00,0,0.47994824058015717
2026-02-09 19:55:00+00:00,0,0.4805829306337809
2026-02-09 20:00:00+00:00,0,0.4988584631755023
2026-02-09 20:05:00+00:00,1,0.4743380260203431
2026-02-09 20:10:00+00:00,0,0.4738376018521865
2026-02-09 20:15:00+00:00,1,0.5119331583931902
2026-02-09 20:20:00+00:00,1,0.5016779853867032
2026-02-09 20:25:00+00:00,1,0.5083935045423891
2026-02-09 20:30:00+00:00,1,0.48674751482250284
2026-02-09 20:35:00+00:00,0,0.47379559984769326
2026-02-09 20:40:00+00:00,0,0.47879797822454934
2026-02-09 20:45:00+00:00,0,0.480981526376205
2026-02-09 20:50:00+00:00,0,0.4814858229773802
2026-02-09 20:55:00+00:00,0,0.47858063497884284
2026-02-09 21:00:00+00:00,0,0.48520621622851884
2026-02-09 21:05:00+00:00,0,0.4897712857441474
2026-02-09 21:10:00+00:00,0,0.49226972194393587
2026-02-09 21:15:00+00:00,0,0.5133872838749659
2026-02-09 21:20:00+00:00,1,0.4933023321548137
2026-02-09 21:25:00+00:00,0,0.5151128159019279
2026-02-09 21:30:00+00:00,1,0.5272531283502859
2026-02-09 21:35:00+00:00,1,0.5273638847755964
2026-02-09 21:40:00+00:00,1,0.5222710205096458
2026-02-09 21:45:00+00:00,1,0.5235922136596196
2026-02-09 21:50:00+00:00,0,0.4929077543049084
2026-02-09 21:55:00+00:00,1,0.5062787419210185
2026-02-09 22:00:00+00:00,0,0.4886054906354231
2026-02-09 22:05:00+00:00,0,0.4794067702666996
2026-02-09 22:10:00+00:00,0,0.4755708584654935
2026-02-09 22:15:00+00:00,1,0.4935901118167159
2026-02-09 22:20:00+00:00,1,0.5088361427824939
2026-02-09 22:25:00+00:00,1,0.5018850597377289
2026-02-09 22:30:00+00:00,1,0.5027250897423036
2026-02-09 22:35:00+00:00,1,0.4953987741214022
2026-02-09 22:40:00+00:00,1,0.48274759513041327
2026-02-09 22:45:00+00:00,1,0.48509625449436483
2026-02-09 22:50:00+00:00,1,0.5050716178202684
2026-02-09 22:55:00+00:00,0,0.4866265067350525
2026-02-09 23:00:00+00:00,0,0.47067410446085084
2026-02-09 23:05:00+00:00,0,0.47303918250670296
2026-02-09 23:10:00+00:00,0,0.47588495980248774
2026-02-09 23:15:00+00:00,0,0.4850847699192989
2026-02-09 23:20:00+00:00,0,0.48802177106395617
2026-02-09 23:25:00+00:00,0,0.5037136418066073
2026-02-09 23:30:00+00:00,0,0.49891515483287835
2026-02-09 23:35:00+00:00,0,0.48800972188349445
2026-02-09 23:40:00+00:00,0,0.5033285463504941
2026-02-09 23:45:00+00:00,0,0.5194098068016486
2026-02-09 23:50:00+00:00,0,0.5207630050427332
2026-02-09 23:55:00+00:00,0,0.5189609447304573
2026-02-10 00:00:00+00:00,1,0.5236396719833443
2026-02-10 00:05:00+00:00,1,0.5249777796229474
2026-02-10 00:10:00+00:00,0,0.5138836249121876
2026-02-10 00:15:00+00:00,0,0.5172924029157397
2026-02-10 00:20:00+00:00,1,0.5243679955353656
2026-02-10 00:25:00+00:00,0,0.5148696458625837
2026-02-10 00:30:00+00:00,1,0.5091358265507765
2026-02-10 00:35:00+00:00,1,0.5166261525485129
2026-02-10 00:40:00+00:00,1,0.5169138024246148
2026-02-10 00:45:00+00:00,1,0.5149338442915643
2026-02-10 00:50:00+00:00,1,0.5118932260801187
2026-02-10 00:55:00+00:00,1,0.518121635845108
2026-02-10 01:00:00+00:00,1,0.504523480130621
2026-02-10 01:05:00+00:00,1,0.47743555929545145
2026-02-10 01:10:00+00:00,1,0.47795773948027875
2026-02-10 01:15:00+00:00,1,0.47756238585102195
2026-02-10 01:20:00+00:00,1,0.47977200927147456
2026-02-10 01:25:00+00:00,1,0.46836534624090126
2026-02-10 01:30:00+00:00,0,0.4702570375375842
2026-02-10 01:35:00+00:00,0,0.4710641131307727
2026-02-10 01:40:00+00:00,0,0.47457458603414915
2026-02-10 01:45:00+00:00,0,0.4747809015896052
2026-02-10 01:50:00+00:00,0,0.47598577828593175
2026-02-10 01:55:00+00:00,0,0.4695810901029019
2026-02-10 02:00:00+00:00,0,0.47885469583305995
2026-02-10 02:05:00+00:00,0,0.4810103208998267
2026-02-10 02:10:00+00:00,0,0.48280132523317704
2026-02-10 02:15:00+00:00,0,0.47803954109379343
2026-02-10 02:20:00+00:00,0,0.48527372688868914
2026-02-10 02:25:00+00:00,0,0.4867461792033538
2026-02-10 02:30:00+00:00,0,0.4861941897754287
2026-02-10 02:35:00+00:00,0,0.4887495655652125
2026-02-10 02:40:00+00:00,0,0.5007377824207881
2026-02-10 02:45:00+00:00,0,0.4868447719110603
2026-02-10 02:50:00+00:00,0,0.5112776186917449
2026-02-10 02:55:00+00:00,0,0.5119374835028817
2026-02-10 03:00:00+00:00,0,0.5154930479500384
2026-02-10 03:05:00+00:00,0,0.526854692985011
2026-02-10 03:10:00+00:00,0,0.5227529062806107
2026-02-10 03:15:00+00:00,0,0.5329480637607288
2026-02-10 03:20:00+00:00,0,0.5272008206715287
2026-02-10 03:25:00+00:00,0,0.5351039753618027
2026-02-10 03:30:00+00:00,1,0.5337841587731273
2026-02-10 03:35:00+00:00,1,0.5305191770962918
2026-02-10 03:40:00+00:00,1,0.5285440992969893
2026-02-10 03:45:00+00:00,1,0.520675652523521
2026-02-10 03:50:00+00:00,1,0.5092902107791044
2026-02-10 03:55:00+00:00,1,0.509034241403889
2026-02-10 04:00:00+00:00,1,0.5050793566396996
2026-02-10 04:05:00+00:00,1,0.5083739392446288
2026-02-10 04:10:00+00:00,0,0.5012197008968959
2026-02-10 04:15:00+00:00,1,0.5053745167527671
2026-02-10 04:20:00+00:00,1,0.5059446134872156
2026-02-10 04:25:00+00:00,1,0.4982794286911176
2026-02-10 04:30:00+00:00,1,0.5050997783525886
2026-02-10 04:35:00+00:00,1,0.5054713610909324
2026-02-10 04:40:00+00:00,1,0.49742398453341286
2026-02-10 04:45:00+00:00,0,0.4922414110240571
2026-02-10 04:50:00+00:00,0,0.4786237073255084
2026-02-10 04:55:00+00:00,0,0.47819888320542653
2026-02-10 05:00:00+00:00,0,0.48033410521178055
2026-02-10 05:05:00+00:00,0,0.4786352146396283
2026-02-10 05:10:00+00:00,0,0.4755171031131067
2026-02-10 05:15:00+00:00,0,0.5017468786372893
2026-02-10 05:20:00+00:00,0,0.5060599471616152
2026-02-10 05:25:00+00:00,0,0.5108687113053599
2026-02-10 05:30:00+00:00,0,0.5140545574082669
2026-02-10 05:35:00+00:00,0,0.5177618372124215
2026-02-10 05:40:00+00:00,0,0.5234062839250098
2026-02-10 05:45:00+00:00,1,0.520965896925413
2026-02-10 05:50:00+00:00,0,0.5216380549475921
2026-02-10 05:55:00+00:00,0,0.5200393785818779
2026-02-10 06:00:00+00:00,0,0.5152558551272928
2026-02-10 06:05:00+00:00,0,0.5181918228618243
2026-02-10 06:10:00+00:00,0,0.5137469172569717
2026-02-10 06:15:00+00:00,0,0.509333115403719
2026-02-10 06:20:00+00:00,0,0.5230709179098249
2026-02-10 06:25:00+00:00,0,0.5210756685096554
2026-02-10 06:30:00+00:00,0,0.5128979894194399
2026-02-10 06:35:00+00:00,0,0.5131844751863475
2026-02-10 06:40:00+00:00,1,0.5252501636040755
2026-02-10 06:45:00+00:00,1,0.531549309791066
2026-02-10 06:50:00+00:00,1,0.5250291719711161
2026-02-10 06:55:00+00:00,1,0.5177922510743538
2026-02-10 07:00:00+00:00,0,0.5016903673973386
2026-02-10 07:05:00+00:00,0,0.5033936830170946
2026-02-10 07:10:00+00:00,0,0.4992008738756481
2026-02-10 07:15:00+00:00,0,0.5041673421878252
2026-02-10 07:20:00+00:00,0,0.5019311462358774
2026-02-10 07:25:00+00:00,0,0.50104113948308
2026-02-10 07:30:00+00:00,1,0.5067618977288383
2026-02-10 07:35:00+00:00,1,0.5034915960649282
2026-02-10 07:40:00+00:00,1,0.5050937618670921
2026-02-10 07:45:00+00:00,1,0.5066617089512947
2026-02-10 07:50:00+00:00,1,0.5030425707286702
2026-02-10 07:55:00+00:00,1,0.49808845328694923
2026-02-10 08:00:00+00:00,1,0.489237052664882
2026-02-10 08:05:00+00:00,1,0.47656999152213325
2026-02-10 08:10:00+00:00,1,0.49548630347485034
2026-02-10 08:15:00+00:00,1,0.5037258525271772
2026-02-10 08:20:00+00:00,1,0.4753627311958197
2026-02-10 08:25:00+00:00,1,0.4780173898649677
2026-02-10 08:30:00+00:00,1,0.47461044468899094
2026-02-10 08:35:00+00:00,1,0.4743211440794051
2026-02-10 08:40:00+00:00,1,0.47254496591912715
2026-02-10 08:45:00+00:00,1,0.4729511933175055
2026-02-10 08:50:00+00:00,1,0.4656611577713727
2026-02-10 08:55:00+00:00,1,0.4728988395632285
2026-02-10 09:00:00+00:00,0,0.46653402201462946
2026-02-10 09:05:00+00:00,0,0.4700812877869515
2026-02-10 09:10:00+00:00,0,0.4721885625302377
2026-02-10 09:15:00+00:00,0,0.47185702781384375
2026-02-10 09:20:00+00:00,0,0.470515189971742
2026-02-10 09:25:00+00:00,0,0.4831855131773078
2026-02-10 09:30:00+00:00,0,0.4833984445391979
2026-02-10 09:35:00+00:00,0,0.4880620865738951
2026-02-10 09:40:00+00:00,0,0.48079963142783755
2026-02-10 09:45:00+00:00,0,0.49183921057551305
2026-02-10 09:50:00+00:00,0,0.4919188705457497
2026-02-10 09:55:00+00:00,0,0.4856760343065668
2026-02-10 10:00:00+00:00,0,0.4870956677195023
2026-02-10 10:05:00+00:00,0,0.4883536241164486
2026-02-10 10:10:00+00:00,0,0.5024195919883451
2026-02-10 10:15:00+00:00,0,0.5027569989312711
2026-02-10 10:20:00+00:00,0,0.5079035383080195
2026-02-10 10:25:00+00:00,0,0.5055927671743298
2026-02-10 10:30:00+00:00,1,0.5141527831799638
2026-02-10 10:35:00+00:00,1,0.5129402390054283
2026-02-10 10:40:00+00:00,1,0.509046272965874
2026-02-10 10:45:00+00:00,1,0.5070520931183776
2026-02-10 10:50:00+00:00,1,0.5113696713890243
2026-02-10 10:55:00+00:00,1,0.504784607629497
2026-02-10 11:00:00+00:00,1,0.5009634284339685
2026-02-10 11:05:00+00:00,0,0.5021871295099967
2026-02-10 11:10:00+00:00,0,0.5024972344045258
2026-02-10 11:15:00+00:00,0,0.5045108936964018
2026-02-10 11:20:00+00:00,0,0.5015591662552775
2026-02-10 11:25:00+00:00,0,0.5037578648843343
2026-02-10 11:30:00+00:00,0,0.5040826444068787
2026-02-10 11:35:00+00:00,0,0.509884781054279
2026-02-10 11:40:00+00:00,0,0.5174528909081394
2026-02-10 11:45:00+00:00,0,0.5144155540349918
2026-02-10 11:50:00+00:00,0,0.5237802755347853
2026-02-10 11:55:00+00:00,0,0.5216295661802534
2026-02-10 12:00:00+00:00,0,0.5161148113323534
2026-02-10 12:05:00+00:00,0,0.5223903804356265
2026-02-10 12:10:00+00:00,0,0.523017426473971
2026-02-10 12:15:00+00:00,0,0.5143897692983416
2026-02-10 12:20:00+00:00,0,0.5058521904744409
2026-02-10 12:25:00+00:00,0,0.5105815678838711
2026-02-10 12:30:00+00:00,0,0.5136955056858516
2026-02-10 12:35:00+00:00,1,0.5119728085954777
2026-02-10 12:40:00+00:00,1,0.5131275412447687
2026-02-10 12:45:00+00:00,1,0.5121156947336102
2026-02-10 12:50:00+00:00,1,0.5125978386158139
2026-02-10 12:55:00+00:00,1,0.5084431192991483
2026-02-10 13:00:00+00:00,1,0.5094467868335579
2026-02-10 13:05:00+00:00,1,0.5049352918159437
2026-02-10 13:10:00+00:00,1,0.5033498689006521
2026-02-10 13:15:00+00:00,1,0.5073853047795811
2026-02-10 13:20:00+00:00,1,0.5019984250391442
2026-02-10 13:25:00+00:00,1,0.5069971845699577
2026-02-10 13:30:00+00:00,0,0.4756616360418045
2026-02-10 13:35:00+00:00,0,0.48972721915674405
2026-02-10 13:40:00+00:00,0,0.4853744268740784
2026-02-10 13:45:00+00:00,1,0.5083700267668739
2026-02-10 13:50:00+00:00,0,0.4977063761743872
2026-02-10 13:55:00+00:00,0,0.4983759137615405
2026-02-10 14:00:00+00:00,1,0.5102944750091233
2026-02-10 14:05:00+00:00,0,0.5073667026786256
2026-02-10 14:10:00+00:00,0,0.5060656620018827
2026-02-10 14:15:00+00:00,0,0.47161324166988167
2026-02-10 14:20:00+00:00,0,0.49866013098756995
2026-02-10 14:25:00+00:00,0,0.501840056757731
2026-02-10 14:30:00+00:00,0,0.4754465250969312
2026-02-10 14:35:00+00:00,1,0.5157147439667301
2026-02-10 14:40:00+00:00,1,0.5172543363181529
2026-02-10 14:45:00+00:00,1,0.5180689436977539
2026-02-10 14:50:00+00:00,1,0.509233069242079
2026-02-10 14:55:00+00:00,1,0.5120167501297631
2026-02-10 15:00:00+00:00,1,0.5157092180973553
2026-02-10 15:05:00+00:00,1,0.4903533463794346
2026-02-10 15:10:00+00:00,1,0.507890784667303
2026-02-10 15:15:00+00:00,1,0.5003037758172725
2026-02-10 15:20:00+00:00,1,0.48641722074150057
2026-02-10 15:25:00+00:00,0,0.47869643373783366
2026-02-10 15:30:00+00:00,0,0.48536307366494125
2026-02-10 15:35:00+00:00,0,0.4800498219042605
2026-02-10 15:40:00+00:00,1,0.4841204718052429
2026-02-10 15:45:00+00:00,0,0.4798546609569841
2026-02-10 15:50:00+00:00,0,0.48724536621647224
2026-02-10 15:55:00+00:00,0,0.501324635031678
2026-02-10 16:00:00+00:00,1,0.5066368063362361
2026-02-10 16:05:00+00:00,1,0.5099368747412595
2026-02-10 16:10:00+00:00,0,0.4769298273379865
2026-02-10 16:15:00+00:00,0,0.4842999293441915
2026-02-10 16:20:00+00:00,0,0.49977596981080036
2026-02-10 16:25:00+00:00,0,0.4950068664328924
2026-02-10 16:30:00+00:00,0,0.5020069135893975
2026-02-10 16:35:00+00:00,0,0.4818467083700026
2026-02-10 16:40:00+00:00,0,0.4861686612735629
2026-02-10 16:45:00+00:00,1,0.5073329188746751
2026-02-10 16:50:00+00:00,1,0.5099267012001222
2026-02-10 16:55:00+00:00,1,0.5023777850700974
2026-02-10 17:00:00+00:00,1,0.512278288878662
2026-02-10 17:05:00+00:00,1,0.5066348130561239
2026-02-10 17:10:00+00:00,1,0.5072113054243296
2026-02-10 17:15:00+00:00,1,0.4851660774302842
2026-02-10 17:20:00+00:00,0,0.47557991981997305
2026-02-10 17:25:00+00:00,1,0.4865677312689616
2026-02-10 17:30:00+00:00,0,0.47113422847086633
2026-02-10 17:35:00+00:00,0,0.4739205763499285
2026-02-10 17:40:00+00:00,0,0.4732317957264539
2026-02-10 17:45:00+00:00,0,0.47866495899077577
2026-02-10 17:50:00+00:00,0,0.49297626177451637
2026-02-10 17:55:00+00:00,0,0.47799194603577894
2026-02-10 18:00:00+00:00,0,0.4797718043136661
2026-02-10 18:05:00+00:00,0,0.49106397209761954
2026-02-10 18:10:00+00:00,0,0.5074139275268083
2026-02-10 18:15:00+00:00,0,0.50214286938918
2026-02-10 18:20:00+00:00,0,0.5202490221889904
2026-02-10 18:25:00+00:00,0,0.5270488789208688
2026-02-10 18:30:00+00:00,0,0.5408639675312922
2026-02-10 18:35:00+00:00,0,0.5232337598446096
2026-02-10 18:40:00+00:00,0,0.5253377130215772
2026-02-10 18:45:00+00:00,1,0.5375300739978466
2026-02-10 18:50:00+00:00,1,0.5286817808625258
2026-02-10 18:55:00+00:00,0,0.5126886231441534
2026-02-10 19:00:00+00:00,1,0.5237947056982195
2026-02-10 19:05:00+00:00,1,0.5110681528239284
2026-02-10 19:10:00+00:00,1,0.5047917287270495
2026-02-10 19:15:00+00:00,1,0.5137848208703482
2026-02-10 19:20:00+00:00,1,0.5072597381221042
2026-02-10 19:25:00+00:00,1,0.5070759725491115
2026-02-10 19:30:00+00:00,1,0.5053413160538592
2026-02-10 19:35:00+00:00,0,0.4951716863289101
2026-02-10 19:40:00+00:00,0,0.4908558654401979
2026-02-10 19:45:00+00:00,0,0.4932991356432214
2026-02-10 19:50:00+00:00,0,0.5088163324425151
2026-02-10 19:55:00+00:00,0,0.5032576394651948
2026-02-10 20:00:00+00:00,0,0.5074639757944841
2026-02-10 20:05:00+00:00,1,0.5147858482882335
2026-02-10 20:10:00+00:00,1,0.5129563432900233
2026-02-10 20:15:00+00:00,1,0.5041666764671028
2026-02-10 20:20:00+00:00,1,0.5137076202754758
2026-02-10 20:25:00+00:00,1,0.5016674353446204
2026-02-10 20:30:00+00:00,1,0.4986735762527622
2026-02-10 20:35:00+00:00,1,0.4769043744777099
2026-02-10 20:40:00+00:00,1,0.47790143077239683
2026-02-10 20:45:00+00:00,1,0.4798191889792249
2026-02-10 20:50:00+00:00,1,0.4833342864457488
2026-02-10 20:55:00+00:00,0,0.4824241331963325
2026-02-10 21:00:00+00:00,0,0.4773119073673232
2026-02-10 21:05:00+00:00,0,0.4792192886538791
2026-02-10 21:10:00+00:00,0,0.47924409039118593
2026-02-10 21:15:00+00:00,0,0.47746937233976594
2026-02-10 21:20:00+00:00,1,0.4863491672047031
2026-02-10 21:25:00+00:00,1,0.5117404182140177
2026-02-10 21:30:00+00:00,1,0.5120358745909835
2026-02-10 21:35:00+00:00,1,0.5102226326432721
2026-02-10 21:40:00+00:00,1,0.5147869129461247
2026-02-10 21:45:00+00:00,1,0.4994376952104413
2026-02-10 21:50:00+00:00,1,0.48193300970376146
2026-02-10 21:55:00+00:00,1,0.4876070023252318
2026-02-10 22:00:00+00:00,1,0.48136358833506127
2026-02-10 22:05:00+00:00,1,0.49116159634345574
2026-02-10 22:10:00+00:00,1,0.4893368759238689
2026-02-10 22:15:00+00:00,1,0.5013620714988939
2026-02-10 22:20:00+00:00,0,0.48523909076292043
2026-02-10 22:25:00+00:00,0,0.4805000262617003
2026-02-10 22:30:00+00:00,0,0.4833370587386385
2026-02-10 22:35:00+00:00,0,0.48032997443516934
2026-02-10 22:40:00+00:00,0,0.48158763616882116
2026-02-10 22:45:00+00:00,1,0.4863637617400513
2026-02-10 22:50:00+00:00,0,0.4921315036838068
2026-02-10 22:55:00+00:00,1,0.4903900109287137
2026-02-10 23:00:00+00:00,1,0.48301587461932544
2026-02-10 23:05:00+00:00,1,0.4913242292926594
2026-02-10 23:10:00+00:00,1,0.48973809010648306
2026-02-10 23:15:00+00:00,1,0.4860151015480386
2026-02-10 23:20:00+00:00,1,0.5025543205064071
2026-02-10 23:25:00+00:00,1,0.47497849702221756
2026-02-10 23:30:00+00:00,0,0.4810575783869061
2026-02-10 23:35:00+00:00,0,0.4797296026121867
2026-02-10 23:40:00+00:00,0,0.488843205945436
2026-02-10 23:45:00+00:00,1,0.4781487953759339
2026-02-10 23:50:00+00:00,1,0.488378907427966
2026-02-10 23:55:00+00:00,1,0.4915255814028747
2026-02-11 00:00:00+00:00,1,0.4925115163767564
2026-02-11 00:05:00+00:00,1,0.4915642508061516
2026-02-11 00:10:00+00:00,1,0.5032531360074964
2026-02-11 00:15:00+00:00,0,0.484895422011268
2026-02-11 00:20:00+00:00,1,0.48502566090353055
2026-02-11 00:25:00+00:00,1,0.48043755922766457
2026-02-11 00:30:00+00:00,1,0.4897835423353068
2026-02-11 00:35:00+00:00,1,0.49224877994228033
2026-02-11 00:40:00+00:00,1,0.49642689553124886
2026-02-11 00:45:00+00:00,1,0.4860526022705277
2026-02-11 00:50:00+00:00,0,0.4801746248797617
2026-02-11 00:55:00+00:00,0,0.4842567411063637
2026-02-11 01:00:00+00:00,0,0.47809845842590976
2026-02-11 01:05:00+00:00,0,0.49234816816649113
2026-02-11 01:10:00+00:00,1,0.4860564395233112
2026-02-11 01:15:00+00:00,0,0.4855347618561988
2026-02-11 01:20:00+00:00,1,0.5158672305739397
2026-02-11 01:25:00+00:00,1,0.5155431777339242
2026-02-11 01:30:00+00:00,1,0.4958121691592541
2026-02-11 01:35:00+00:00,1,0.49697204720575966
2026-02-11 01:40:00+00:00,0,0.4866280400953204
2026-02-11 01:45:00+00:00,0,0.4931494001922258
2026-02-11 01:50:00+00:00,1,0.49507520513131975
2026-02-11 01:55:00+00:00,1,0.501406901822186
2026-02-11 02:00:00+00:00,0,0.47892657911052133
2026-02-11 02:05:00+00:00,1,0.4889620228758497
2026-02-11 02:10:00+00:00,1,0.5058175238026249
2026-02-11 02:15:00+00:00,0,0.4932464537538995
2026-02-11 02:20:00+00:00,0,0.4905355874036636
2026-02-11 02:25:00+00:00,0,0.48798046622127245
2026-02-11 02:30:00+00:00,0,0.4857836242505313
2026-02-11 02:35:00+00:00,0,0.48983458621168785
2026-02-11 02:40:00+00:00,0,0.509558761210696
2026-02-11 02:45:00+00:00,0,0.5183797715129933
2026-02-11 02:50:00+00:00,0,0.5154898990489082
2026-02-11 02:55:00+00:00,0,0.5237227621435719
2026-02-11 03:00:00+00:00,0,0.525463362407723
2026-02-11 03:05:00+00:00,0,0.5164358406754596
2026-02-11 03:10:00+00:00,1,0.5222979935839063
2026-02-11 03:15:00+00:00,1,0.5329778848647835
2026-02-11 03:20:00+00:00,1,0.523665767445733
2026-02-11 03:25:00+00:00,1,0.5148514849794901
2026-02-11 03:30:00+00:00,1,0.514278130824476
2026-02-11 03:35:00+00:00,0,0.5093101492373059
2026-02-11 03:40:00+00:00,0,0.5040787919339295
2026-02-11 03:45:00+00:00,0,0.507628429945459
2026-02-11 03:50:00+00:00,0,0.5091155802852335
2026-02-11 03:55:00+00:00,0,0.5110672333045682
2026-02-11 04:00:00+00:00,0,0.5109406785001039
2026-02-11 04:05:00+00:00,0,0.5167035284006534
2026-02-11 04:10:00+00:00,0,0.5182668554254852
2026-02-11 04:15:00+00:00,0,0.5145829850603788
2026-02-11 04:20:00+00:00,0,0.5260611006700759
2026-02-11 04:25:00+00:00,0,0.5273632759589801
2026-02-11 04:30:00+00:00,0,0.5233190033646409
2026-02-11 04:35:00+00:00,0,0.5296586320033625
2026-02-11 04:40:00+00:00,0,0.5325094151623467
2026-02-11 04:45:00+00:00,0,0.5171215334860533
2026-02-11 04:50:00+00:00,0,0.5289877932300199
2026-02-11 04:55:00+00:00,0,0.5230665835980463
2026-02-11 05:00:00+00:00,0,0.5078794440897212
2026-02-11 05:05:00+00:00,0,0.5058808057458433
2026-02-11 05:10:00+00:00,0,0.518170744949621
2026-02-11 05:15:00+00:00,0,0.515373516544746
2026-02-11 05:20:00+00:00,0,0.5130670715835056
2026-02-11 05:25:00+00:00,0,0.5178983494426598
2026-02-11 05:30:00+00:00,0,0.5162020056958865
2026-02-11 05:35:00+00:00,0,0.5129166912427893
2026-02-11 05:40:00+00:00,0,0.512193464104281
2026-02-11 05:45:00+00:00,0,0.5105772817572394
2026-02-11 05:50:00+00:00,0,0.5113770879463779
2026-02-11 05:55:00+00:00,0,0.517999348388654
2026-02-11 06:00:00+00:00,0,0.517151177761411
2026-02-11 06:05:00+00:00,0,0.5224373827807387
2026-02-11 06:10:00+00:00,1,0.5256412978363368
2026-02-11 06:15:00+00:00,1,0.5297894440460331
2026-02-11 06:20:00+00:00,0,0.5200940148826076
2026-02-11 06:25:00+00:00,0,0.5109343807577934
2026-02-11 06:30:00+00:00,0,0.5147307062265094
2026-02-11 06:35:00+00:00,0,0.5074075145753566
2026-02-11 06:40:00+00:00,0,0.5072850615096093
2026-02-11 06:45:00+00:00,1,0.5133451258194554
2026-02-11 06:50:00+00:00,1,0.516999074543964
2026-02-11 06:55:00+00:00,1,0.5142002208993002
2026-02-11 07:00:00+00:00,1,0.5089635054742688
2026-02-11 07:05:00+00:00,1,0.5079361669030282
2026-02-11 07:10:00+00:00,1,0.5042399905749686
2026-02-11 07:15:00+00:00,1,0.5001692239922002
2026-02-11 07:20:00+00:00,1,0.5039484499217615
2026-02-11 07:25:00+00:00,1,0.502802900637931
2026-02-11 07:30:00+00:00,0,0.4936300332683429
2026-02-11 07:35:00+00:00,0,0.49833958367981585
2026-02-11 07:40:00+00:00,0,0.49667805260835646
2026-02-11 07:45:00+00:00,0,0.5011602680679804
2026-02-11 07:50:00+00:00,0,0.4914175818985636
2026-02-11 07:55:00+00:00,0,0.5004844070071529
2026-02-11 08:00:00+00:00,1,0.5041778595811718
2026-02-11 08:05:00+00:00,1,0.5100161819102551
2026-02-11 08:10:00+00:00,1,0.5042434718402481
2026-02-11 08:15:00+00:00,0,0.5036258699653237
2026-02-11 08:20:00+00:00,0,0.5011167688451976
2026-02-11 08:25:00+00:00,0,0.5010931212970989
2026-02-11 08:30:00+00:00,1,0.49609933628929825
2026-02-11 08:35:00+00:00,0,0.4990029968027945
2026-02-11 08:40:00+00:00,0,0.49785031652657186
2026-02-11 08:45:00+00:00,0,0.5010074238459948
2026-02-11 08:50:00+00:00,0,0.5078260388863545
2026-02-11 08:55:00+00:00,0,0.5019704552698329
2026-02-11 09:00:00+00:00,0,0.4928104587007796
2026-02-11 09:05:00+00:00,0,0.5088652951818422
2026-02-11 09:10:00+00:00,0,0.5038569739426033
2026-02-11 09:15:00+00:00,0,0.509373477575023
2026-02-11 09:20:00+00:00,0,0.511503395897113
2026-02-11 09:25:00+00:00,0,0.5068259418185257
2026-02-11 09:30:00+00:00,0,0.5106808997089637
2026-02-11 09:35:00+00:00,0,0.5152420708943904
2026-02-11 09:40:00+00:00,0,0.5164284070983399
2026-02-11 09:45:00+00:00,0,0.5232036353512726
2026-02-11 09:50:00+00:00,0,0.5149878330961564
2026-02-11 09:55:00+00:00,1,0.5140138198239549
2026-02-11 10:00:00+00:00,0,0.5219539081088985
2026-02-11 10:05:00+00:00,0,0.5132614955311394
2026-02-11 10:10:00+00:00,0,0.5125286891874704
2026-02-11 10:15:00+00:00,0,0.5090416248639746
2026-02-11 10:20:00+00:00,0,0.5091659984490168
2026-02-11 10:25:00+00:00,0,0.49921782390750974
2026-02-11 10:30:00+00:00,1,0.51011815899702
2026-02-11 10:35:00+00:00,1,0.5128784098002626
2026-02-11 10:40:00+00:00,1,0.513181781741186
2026-02-11 10:45:00+00:00,1,0.5186161942618435
2026-02-11 10:50:00+00:00,1,0.5196333604193483
2026-02-11 10:55:00+00:00,1,0.5067594898431654
2026-02-11 11:00:00+00:00,1,0.501678523861288
2026-02-11 11:05:00+00:00,1,0.5042076150976591
2026-02-11 11:10:00+00:00,1,0.5013149942014696
2026-02-11 11:15:00+00:00,1,0.4959505455232873
2026-02-11 11:20:00+00:00,1,0.49841578980370815
2026-02-11 11:25:00+00:00,1,0.47873432005637384
2026-02-11 11:30:00+00:00,1,0.49771445234732076
2026-02-11 11:35:00+00:00,1,0.4959009488326817
2026-02-11 11:40:00+00:00,1,0.496379283968368
2026-02-11 11:45:00+00:00,1,0.47729087138030657
2026-02-11 11:50:00+00:00,1,0.4700359736706085
2026-02-11 11:55:00+00:00,1,0.4711538996885097
2026-02-11 12:00:00+00:00,1,0.48055101534532013
2026-02-11 12:05:00+00:00,1,0.4694458372406402
2026-02-11 12:10:00+00:00,1,0.4707765048944609
2026-02-11 12:15:00+00:00,1,0.4681774977853463
2026-02-11 12:20:00+00:00,0,0.465008644633561
2026-02-11 12:25:00+00:00,0,0.46953941094689167
2026-02-11 12:30:00+00:00,0,0.47083293487292044
2026-02-11 12:35:00+00:00,0,0.47049010392963225
2026-02-11 12:40:00+00:00,0,0.4698633477711553
2026-02-11 12:45:00+00:00,0,0.47494633161281397
2026-02-11 12:50:00+00:00,0,0.47473173079733066
2026-02-11 12:55:00+00:00,0,0.47894636441468663
2026-02-11 13:00:00+00:00,1,0.47964641762310434
2026-02-11 13:05:00+00:00,1,0.47839341994611156
2026-02-11 13:10:00+00:00,1,0.4818016471421673
2026-02-11 13:15:00+00:00,1,0.4803308776459498
2026-02-11 13:20:00+00:00,1,0.4850651139024422
2026-02-11 13:25:00+00:00,1,0.48573690295923605
2026-02-11 13:30:00+00:00,1,0.46707846990683616
2026-02-11 13:35:00+00:00,1,0.4747577139482474
2026-02-11 13:40:00+00:00,1,0.4786119698932492
2026-02-11 13:45:00+00:00,1,0.4786099896053064
2026-02-11 13:50:00+00:00,1,0.4800389884573058
2026-02-11 13:55:00+00:00,1,0.4685870375895767
2026-02-11 14:00:00+00:00,0,0.4695860928498096
2026-02-11 14:05:00+00:00,0,0.48753438243234104
2026-02-11 14:10:00+00:00,0,0.5830595249989202
2026-02-11 14:15:00+00:00,0,0.518496445497181
2026-02-11 14:20:00+00:00,0,0.48185157866734984
2026-02-11 14:25:00+00:00,0,0.47808869898781065
2026-02-11 14:30:00+00:00,0,0.5112682894526457
2026-02-11 14:35:00+00:00,0,0.5463182879023738
2026-02-11 14:40:00+00:00,0,0.5393600728126396
2026-02-11 14:45:00+00:00,0,0.5493493745003412
2026-02-11 14:50:00+00:00,0,0.536524542228784
2026-02-11 14:55:00+00:00,0,0.5485435007196255
2026-02-11 15:00:00+00:00,0,0.5456351843577559
2026-02-11 15:05:00+00:00,1,0.5873444007539499
2026-02-11 15:10:00+00:00,1,0.5544195965792587
2026-02-11 15:15:00+00:00,0,0.557543294650294
2026-02-11 15:20:00+00:00,0,0.5448430064679325
2026-02-11 15:25:00+00:00,1,0.5442540610610452
2026-02-11 15:30:00+00:00,1,0.5216276107792284
2026-02-11 15:35:00+00:00,1,0.5218634257738265
2026-02-11 15:40:00+00:00,1,0.525861020189619
2026-02-11 15:45:00+00:00,1,0.5304102020084126
2026-02-11 15:50:00+00:00,1,0.52298752897836
2026-02-11 15:55:00+00:00,1,0.5249765392855521
2026-02-11 16:00:00+00:00,1,0.5075303908385761
2026-02-11 16:05:00+00:00,0,0.5074030945986341
2026-02-11 16:10:00+00:00,0,0.49528807414669684
2026-02-11 16:15:00+00:00,0,0.5011882495420671
2026-02-11 16:20:00+00:00,0,0.49596380502749365
2026-02-11 16:25:00+00:00,0,0.506617242786596
2026-02-11 16:30:00+00:00,0,0.507992183303557
2026-02-11 16:35:00+00:00,0,0.5256773711654715
2026-02-11 16:40:00+00:00,0,0.5194881570397653
2026-02-11 16:45:00+00:00,1,0.5199572478499833
2026-02-11 16:50:00+00:00,1,0.514324703662565
2026-02-11 16:55:00+00:00,1,0.5202936564441848
2026-02-11 17:00:00+00:00,1,0.5165281311807751
2026-02-11 17:05:00+00:00,1,0.5108670409556854
2026-02-11 17:10:00+00:00,1,0.5086214639005716
2026-02-11 17:15:00+00:00,1,0.5028315709298835
2026-02-11 17:20:00+00:00,1,0.4780573280365519
2026-02-11 17:25:00+00:00,0,0.4772973577926456
2026-02-11 17:30:00+00:00,0,0.47901703783487765
2026-02-11 17:35:00+00:00,0,0.47845510973818234
2026-02-11 17:40:00+00:00,0,0.4784439985830476
2026-02-11 17:45:00+00:00,0,0.4771273272325403
2026-02-11 17:50:00+00:00,1,0.48205111569187176
2026-02-11 17:55:00+00:00,1,0.5062111765331636
2026-02-11 18:00:00+00:00,1,0.5094657941908457
2026-02-11 18:05:00+00:00,1,0.5171197434825822
2026-02-11 18:10:00+00:00,1,0.508900644661155
2026-02-11 18:15:00+00:00,1,0.47391610711834736
2026-02-11 18:20:00+00:00,0,0.4732170424364786
2026-02-11 18:25:00+00:00,0,0.47257818047645606
2026-02-11 18:30:00+00:00,1,0.47885442714704035
2026-02-11 18:35:00+00:00,0,0.47562115181926257
2026-02-11 18:40:00+00:00,1,0.47902107732545735
2026-02-11 18:45:00+00:00,0,0.47450674192726294
2026-02-11 18:50:00+00:00,1,0.48050495226067547
2026-02-11 18:55:00+00:00,0,0.4805522195706039
2026-02-11 19:00:00+00:00,0,0.47817520822602083
2026-02-11 19:05:00+00:00,1,0.48535881446253015
2026-02-11 19:10:00+00:00,1,0.4638031712932443
2026-02-11 19:15:00+00:00,1,0.4728839893395246
2026-02-11 19:20:00+00:00,1,0.47370500678977967
2026-02-11 19:25:00+00:00,1,0.4839498000272215
2026-02-11 19:30:00+00:00,1,0.48844534935173645
2026-02-11 19:35:00+00:00,0,0.48071282389403563
2026-02-11 19:40:00+00:00,0,0.4705459468060946
2026-02-11 19:45:00+00:00,0,0.47499028653487496
2026-02-11 19:50:00+00:00,0,0.48235871874844755
2026-02-11 19:55:00+00:00,0,0.48406604997078595
2026-02-11 20:00:00+00:00,0,0.49312962899240154
2026-02-11 20:05:00+00:00,1,0.515978260159618
2026-02-11 20:10:00+00:00,0,0.48605666883887444
2026-02-11 20:15:00+00:00,1,0.49936815306481547
2026-02-11 20:20:00+00:00,1,0.5170313948643268
2026-02-11 20:25:00+00:00,1,0.5207508933199971
2026-02-11 20:30:00+00:00,1,0.5078750219509439
2026-02-11 20:35:00+00:00,1,0.50165295653369
2026-02-11 20:40:00+00:00,1,0.4937474167034022
2026-02-11 20:45:00+00:00,1,0.469879771367879
2026-02-11 20:50:00+00:00,1,0.4743184259272931
2026-02-11 20:55:00+00:00,1,0.47453105760358955
2026-02-11 21:00:00+00:00,1,0.47601306615628547
2026-02-11 21:05:00+00:00,1,0.4747102798858916
2026-02-11 21:10:00+00:00,1,0.4740791027676206
2026-02-11 21:15:00+00:00,1,0.471228027518708
2026-02-11 21:20:00+00:00,0,0.4728573832863539
2026-02-11 21:25:00+00:00,0,0.48820986914029
2026-02-11 21:30:00+00:00,0,0.4758110080427425
2026-02-11 21:35:00+00:00,0,0.4921483017182674
2026-02-11 21:40:00+00:00,0,0.4750912145622416
2026-02-11 21:45:00+00:00,0,0.4738450271465933
2026-02-11 21:50:00+00:00,0,0.47605666774562205
2026-02-11 21:55:00+00:00,0,0.47790430259405625
2026-02-11 22:00:00+00:00,0,0.47837273586787077
2026-02-11 22:05:00+00:00,0,0.4796170203872712
2026-02-11 22:10:00+00:00,0,0.48026833824484516
2026-02-11 22:15:00+00:00,0,0.48287704566988005
2026-02-11 22:20:00+00:00,0,0.4898265501408937
2026-02-11 22:25:00+00:00,0,0.49073734883510944
2026-02-11 22:30:00+00:00,0,0.4961932867734996
2026-02-11 22:35:00+00:00,0,0.5101100957641169
2026-02-11 22:40:00+00:00,0,0.5128606164253704
2026-02-11 22:45:00+00:00,0,0.5191797742344577
2026-02-11 22:50:00+00:00,0,0.5264038258859791
2026-02-11 22:55:00+00:00,0,0.5278680569157949
2026-02-11 23:00:00+00:00,0,0.5230841356830134
2026-02-11 23:05:00+00:00,0,0.5280413324723815
2026-02-11 23:10:00+00:00,0,0.5272711360053851
2026-02-11 23:15:00+00:00,0,0.512462832885988
2026-02-11 23:20:00+00:00,1,0.5319014527674495
2026-02-11 23:25:00+00:00,1,0.5238105982879296
2026-02-11 23:30:00+00:00,1,0.5229443319240197
2026-02-11 23:35:00+00:00,1,0.5165044781195324
2026-02-11 23:40:00+00:00,1,0.5129596963569778
2026-02-11 23:45:00+00:00,1,0.5077784787929497
2026-02-11 23:50:00+00:00,1,0.5123942513867478
2026-02-11 23:55:00+00:00,1,0.5082023210841614
2026-02-12 00:00:00+00:00,1,0.49619576326417814
2026-02-12 00:05:00+00:00,0,0.472359841972129
2026-02-12 00:10:00+00:00,1,0.47739263997116
2026-02-12 00:15:00+00:00,0,0.46891292680619356
2026-02-12 00:20:00+00:00,1,0.48080507988951315
2026-02-12 00:25:00+00:00,1,0.4769943539860059
2026-02-12 00:30:00+00:00,1,0.4737025225746986
2026-02-12 00:35:00+00:00,1,0.4699057208686362
2026-02-12 00:40:00+00:00,0,0.470153753103474
2026-02-12 00:45:00+00:00,1,0.47154968154332655
2026-02-12 00:50:00+00:00,0,0.4733877313514373
2026-02-12 00:55:00+00:00,1,0.47629704574023063
2026-02-12 01:00:00+00:00,1,0.47522262827509343
2026-02-12 01:05:00+00:00,1,0.48070219259717856
2026-02-12 01:10:00+00:00,1,0.4747323158223839
2026-02-12 01:15:00+00:00,0,0.4695509045174605
2026-02-12 01:20:00+00:00,1,0.482115626187871
2026-02-12 01:25:00+00:00,0,0.4697332199085204
2026-02-12 01:30:00+00:00,0,0.48114358484772857
2026-02-12 01:35:00+00:00,0,0.4688417449639662
2026-02-12 01:40:00+00:00,0,0.4705858787080407
2026-02-12 01:45:00+00:00,0,0.4863540786036337
2026-02-12 01:50:00+00:00,0,0.4934385003696428
2026-02-12 01:55:00+00:00,0,0.4958365423230938
2026-02-12 02:00:00+00:00,1,0.48802778959277077
2026-02-12 02:05:00+00:00,1,0.4849413239634794
2026-02-12 02:10:00+00:00,1,0.5125995821862871
2026-02-12 02:15:00+00:00,1,0.5107844927870124
2026-02-12 02:20:00+00:00,1,0.5126348589422176
2026-02-12 02:25:00+00:00,1,0.5144525658282973
2026-02-12 02:30:00+00:00,0,0.4764572718751238
2026-02-12 02:35:00+00:00,0,0.4803689996889512
2026-02-12 02:40:00+00:00,0,0.47858819138597314
2026-02-12 02:45:00+00:00,0,0.48111554680976437
2026-02-12 02:50:00+00:00,0,0.49177492701412145
2026-02-12 02:55:00+00:00,0,0.5081738352464017
2026-02-12 03:00:00+00:00,1,0.4883036323440116
2026-02-12 03:05:00+00:00,1,0.5123719856653128
2026-02-12 03:10:00+00:00,1,0.5106844997038686
2026-02-12 03:15:00+00:00,1,0.517579067744957
2026-02-12 03:20:00+00:00,1,0.5138804519442609
2026-02-12 03:25:00+00:00,1,0.5119859427051077
2026-02-12 03:30:00+00:00,1,0.47781173940558974
2026-02-12 03:35:00+00:00,1,0.4773019475140491
2026-02-12 03:40:00+00:00,1,0.47665342612657735
2026-02-12 03:45:00+00:00,0,0.4790360235441082
2026-02-12 03:50:00+00:00,0,0.47545161558577353
2026-02-12 03:55:00+00:00,0,0.4737316667021492
2026-02-12 04:00:00+00:00,0,0.4799274201070592
2026-02-12 04:05:00+00:00,0,0.47142603419602064
2026-02-12 04:10:00+00:00,1,0.4814208109871864
2026-02-12 04:15:00+00:00,1,0.4958326836554537
2026-02-12 04:20:00+00:00,1,0.49406691626592913
2026-02-12 04:25:00+00:00,1,0.5034843405721892
2026-02-12 04:30:00+00:00,1,0.4770936565819723
2026-02-12 04:35:00+00:00,0,0.4741705923265923
2026-02-12 04:40:00+00:00,0,0.470764881645874
2026-02-12 04:45:00+00:00,0,0.4797643585386004
2026-02-12 04:50:00+00:00,0,0.4859868672233901
2026-02-12 04:55:00+00:00,0,0.503539900240855
2026-02-12 05:00:00+00:00,1,0.49108615027902786
2026-02-12 05:05:00+00:00,1,0.49140965535440534
2026-02-12 05:10:00+00:00,1,0.5219633615606052
2026-02-12 05:15:00+00:00,1,0.5240519944301245
2026-02-12 05:20:00+00:00,1,0.5083945719827766
2026-02-12 05:25:00+00:00,1,0.5112947533493536
2026-02-12 05:30:00+00:00,1,0.47432209005637993
2026-02-12 05:35:00+00:00,1,0.4883115325368256
2026-02-12 05:40:00+00:00,1,0.468527651412215
2026-02-12 05:45:00+00:00,1,0.471785129552393
2026-02-12 05:50:00+00:00,1,0.4707686748517475
2026-02-12 05:55:00+00:00,1,0.46874681354701514
2026-02-12 06:00:00+00:00,1,0.46812440376076275
2026-02-12 06:05:00+00:00,1,0.47271212231620213
2026-02-12 06:10:00+00:00,1,0.46748697548319174
2026-02-12 06:15:00+00:00,1,0.4704023550661802
2026-02-12 06:20:00+00:00,1,0.46825585568602873
2026-02-12 06:25:00+00:00,0,0.4655313253488838
2026-02-12 06:30:00+00:00,0,0.46812159763951494
2026-02-12 06:35:00+00:00,0,0.468040496175759
2026-02-12 06:40:00+00:00,0,0.46771023560990704
2026-02-12 06:45:00+00:00,0,0.4700870615242215
2026-02-12 06:50:00+00:00,1,0.4734532179845316
2026-02-12 06:55:00+00:00,1,0.47387002230711556
2026-02-12 07:00:00+00:00,1,0.4705569008100553
2026-02-12 07:05:00+00:00,1,0.48019544616276844
2026-02-12 07:10:00+00:00,1,0.475216477943789
2026-02-12 07:15:00+00:00,1,0.4766418401072241
2026-02-12 07:20:00+00:00,1,0.4717773024235558
2026-02-12 07:25:00+00:00,1,0.46886701126160973
2026-02-12 07:30:00+00:00,1,0.46917747416612865
2026-02-12 07:35:00+00:00,1,0.46855900340713674
2026-02-12 07:40:00+00:00,1,0.4757687528656869
2026-02-12 07:45:00+00:00,1,0.4783441023538496
2026-02-12 07:50:00+00:00,1,0.47889661633137026
2026-02-12 07:55:00+00:00,0,0.47086310108920404
2026-02-12 08:00:00+00:00,0,0.4723733991713924
2026-02-12 08:05:00+00:00,0,0.46730537966663527
2026-02-12 08:10:00+00:00,0,0.46984903158389313
2026-02-12 08:15:00+00:00,0,0.47411827759503977
2026-02-12 08:20:00+00:00,0,0.4685450419752895
2026-02-12 08:25:00+00:00,1,0.5075385894858344
2026-02-12 08:30:00+00:00,1,0.504882885397864
2026-02-12 08:35:00+00:00,1,0.5055794658714073
2026-02-12 08:40:00+00:00,1,0.5096460204198147
2026-02-12 08:45:00+00:00,1,0.5036541959576883
2026-02-12 08:50:00+00:00,0,0.47677505787935487
2026-02-12 08:55:00+00:00,1,0.48272948400253224
2026-02-12 09:00:00+00:00,1,0.4886793000264176
2026-02-12 09:05:00+00:00,1,0.502865905419101
2026-02-12 09:10:00+00:00,1,0.4973673952537423
2026-02-12 09:15:00+00:00,1,0.48677152632573867
2026-02-12 09:20:00+00:00,1,0.4914554050475494
2026-02-12 09:25:00+00:00,1,0.47055704592918834
2026-02-12 09:30:00+00:00,1,0.4648794823134733
2026-02-12 09:35:00+00:00,1,0.4742761497548281
2026-02-12 09:40:00+00:00,1,0.46813188339610473
2026-02-12 09:45:00+00:00,1,0.4735302417146667
2026-02-12 09:50:00+00:00,0,0.4718064511385317
2026-02-12 09:55:00+00:00,0,0.4646717066190556
2026-02-12 10:00:00+00:00,1,0.46863239205163737
2026-02-12 10:05:00+00:00,1,0.469512676580941
2026-02-12 10:10:00+00:00,1,0.4684391450713488
2026-02-12 10:15:00+00:00,1,0.4707170723296224
2026-02-12 10:20:00+00:00,1,0.47968026128724844
2026-02-12 10:25:00+00:00,1,0.4719852283376582
2026-02-12 10:30:00+00:00,1,0.4640878801857805
2026-02-12 10:35:00+00:00,1,0.4696377764602091
2026-02-12 10:40:00+00:00,1,0.47254504299551553
2026-02-12 10:45:00+00:00,0,0.4641383102196158
2026-02-12 10:50:00+00:00,0,0.47025188519002287
2026-02-12 10:55:00+00:00,0,0.484537334461922
2026-02-12 11:00:00+00:00,0,0.4689029798833323
2026-02-12 11:05:00+00:00,1,0.4698230478600877
2026-02-12 11:10:00+00:00,1,0.4706496416796751
2026-02-12 11:15:00+00:00,1,0.47194578720528846
2026-02-12 11:20:00+00:00,1,0.46547259122563406
2026-02-12 11:25:00+00:00,0,0.4664643248411765
2026-02-12 11:30:00+00:00,0,0.46615604690475504
2026-02-12 11:35:00+00:00,0,0.4663919009090326
2026-02-12 11:40:00+00:00,0,0.472038725313592
2026-02-12 11:45:00+00:00,0,0.471811610673848
2026-02-12 11:50:00+00:00,0,0.479416173652605
2026-02-12 11:55:00+00:00,0,0.4811024002837391
2026-02-12 12:00:00+00:00,0,0.4881358856406549
2026-02-12 12:05:00+00:00,0,0.5003814566451313
2026-02-12 12:10:00+00:00,0,0.4999236890914383
2026-02-12 12:15:00+00:00,0,0.5075839960639218
2026-02-12 12:20:00+00:00,0,0.5125199729841852
2026-02-12 12:25:00+00:00,0,0.5098535481062727
2026-02-12 12:30:00+00:00,0,0.5172035317299286
2026-02-12 12:35:00+00:00,0,0.5191481352622384
2026-02-12 12:40:00+00:00,0,0.5211700475596832
2026-02-12 12:45:00+00:00,0,0.5176584628051915
2026-02-12 12:50:00+00:00,0,0.527144869537479
2026-02-12 12:55:00+00:00,0,0.5166542683715424
2026-02-12 13:00:00+00:00,1,0.5225811412545857
2026-02-12 13:05:00+00:00,1,0.5270396615482998
2026-02-12 13:10:00+00:00,1,0.5228806120449466
2026-02-12 13:15:00+00:00,1,0.5197678100319133
2026-02-12 13:20:00+00:00,1,0.5113397874281284
2026-02-12 13:25:00+00:00,1,0.5169622906638042
2026-02-12 13:30:00+00:00,0,0.5078035608336922
2026-02-12 13:35:00+00:00,0,0.5032003653431336
2026-02-12 13:40:00+00:00,0,0.4925983997140569
2026-02-12 13:45:00+00:00,0,0.5058445065914169
2026-02-12 13:50:00+00:00,0,0.5052926413224192
2026-02-12 13:55:00+00:00,0,0.49359147040418155
2026-02-12 14:00:00+00:00,1,0.5245438260550948
2026-02-12 14:05:00+00:00,1,0.5108925421499586
2026-02-12 14:10:00+00:00,0,0.5089422649102077
2026-02-12 14:15:00+00:00,1,0.5116011803208118
2026-02-12 14:20:00+00:00,1,0.5134644004785086
2026-02-12 14:25:00+00:00,1,0.49752452093070837
2026-02-12 14:30:00+00:00,0,0.49185705274151187
2026-02-12 14:35:00+00:00,0,0.5052492636289379
2026-02-12 14:40:00+00:00,0,0.5085635539569774
2026-02-12 14:45:00+00:00,0,0.5072006452001294
2026-02-12 14:50:00+00:00,1,0.49449748114337266
2026-02-12 14:55:00+00:00,1,0.5096846630063395
2026-02-12 15:00:00+00:00,1,0.5194120253864837
2026-02-12 15:05:00+00:00,1,0.5199236954231089
2026-02-12 15:10:00+00:00,0,0.5131088541412437
2026-02-12 15:15:00+00:00,0,0.5119430056899049
2026-02-12 15:20:00+00:00,0,0.48476106378644795
2026-02-12 15:25:00+00:00,0,0.47916518997533836
2026-02-12 15:30:00+00:00,0,0.5160217189969298
2026-02-12 15:35:00+00:00,0,0.5200790452203435
2026-02-12 15:40:00+00:00,0,0.5209664320799754
2026-02-12 15:45:00+00:00,0,0.5175071573556216
2026-02-12 15:50:00+00:00,0,0.5210912354980647
2026-02-12 15:55:00+00:00,0,0.5175303905185945
2026-02-12 16:00:00+00:00,0,0.5123624555451642
2026-02-12 16:05:00+00:00,1,0.5624622131619594
2026-02-12 16:10:00+00:00,1,0.5530785071559794
2026-02-12 16:15:00+00:00,1,0.5445578412868872
2026-02-12 16:20:00+00:00,0,0.549607950569635
2026-02-12 16:25:00+00:00,1,0.5519360141330156
2026-02-12 16:30:00+00:00,1,0.5261346867524571
2026-02-12 16:35:00+00:00,0,0.5112407136515156
2026-02-12 16:40:00+00:00,0,0.5096194488147071
2026-02-12 16:45:00+00:00,0,0.5112944995293471
2026-02-12 16:50:00+00:00,1,0.5175736825795776
2026-02-12 16:55:00+00:00,1,0.5091468574726417
2026-02-12 17:00:00+00:00,1,0.5138015279812108
2026-02-12 17:05:00+00:00,1,0.5101617712578894
2026-02-12 17:10:00+00:00,1,0.5167785554732806
2026-02-12 17:15:00+00:00,1,0.5053979479547492
2026-02-12 17:20:00+00:00,0,0.496264220139694
2026-02-12 17:25:00+00:00,0,0.49775871873696387
2026-02-12 17:30:00+00:00,1,0.4962098505459
2026-02-12 17:35:00+00:00,1,0.49438537840864993
2026-02-12 17:40:00+00:00,1,0.4964291972140191
2026-02-12 17:45:00+00:00,0,0.5015416493402802
2026-02-12 17:50:00+00:00,0,0.5033287497489377
2026-02-12 17:55:00+00:00,1,0.5088323737507381
2026-02-12 18:00:00+00:00,0,0.4810924111496691
2026-02-12 18:05:00+00:00,0,0.47469741794344833
2026-02-12 18:10:00+00:00,0,0.4760942631605597
2026-02-12 18:15:00+00:00,1,0.5237778161419432
2026-02-12 18:20:00+00:00,1,0.5161041016626462
2026-02-12 18:25:00+00:00,1,0.5219639348149833
2026-02-12 18:30:00+00:00,1,0.5030552154133171
2026-02-12 18:35:00+00:00,0,0.48130128402048433
2026-02-12 18:40:00+00:00,1,0.4754891607520923
2026-02-12 18:45:00+00:00,1,0.4795099946788648
2026-02-12 18:50:00+00:00,1,0.4792299877909736
2026-02-12 18:55:00+00:00,1,0.4763281922516355
2026-02-12 19:00:00+00:00,1,0.5127561742897879
2026-02-12 19:05:00+00:00,1,0.5117590569019131
2026-02-12 19:10:00+00:00,1,0.5023231267246239
2026-02-12 19:15:00+00:00,1,0.47983123925169163
2026-02-12 19:20:00+00:00,0,0.47202233180679154
2026-02-12 19:25:00+00:00,0,0.47623441657785526
2026-02-12 19:30:00+00:00,0,0.474219418824374
2026-02-12 19:35:00+00:00,0,0.47449401276700404
2026-02-12 19:40:00+00:00,0,0.4764657885520229
2026-02-12 19:45:00+00:00,0,0.4738732208902118
2026-02-12 19:50:00+00:00,0,0.48053636970235314
2026-02-12 19:55:00+00:00,0,0.48440151415894744
2026-02-12 20:00:00+00:00,0,0.48484487690094197
2026-02-12 20:05:00+00:00,0,0.5067585358479433
2026-02-12 20:10:00+00:00,0,0.5058734187271681
2026-02-12 20:15:00+00:00,0,0.506804376830696
2026-02-12 20:20:00+00:00,0,0.5106142194566361
2026-02-12 20:25:00+00:00,0,0.5148322920904963
2026-02-12 20:30:00+00:00,1,0.5142240887874613
2026-02-12 20:35:00+00:00,1,0.5055169955063747
2026-02-12 20:40:00+00:00,1,0.5076462582850068
2026-02-12 20:45:00+00:00,1,0.5127884354719033
2026-02-12 20:50:00+00:00,1,0.5122337259940231
2026-02-12 20:55:00+00:00,1,0.5148750067302749
2026-02-12 21:00:00+00:00,1,0.5099876248910532
2026-02-12 21:05:00+00:00,0,0.5088606326299907
2026-02-12 21:10:00+00:00,0,0.5023500230106506
2026-02-12 21:15:00+00:00,0,0.5089790203537754
2026-02-12 21:20:00+00:00,1,0.5128625915570874
2026-02-12 21:25:00+00:00,1,0.5061615978393611
2026-02-12 21:30:00+00:00,0,0.5063797554641369
2026-02-12 21:35:00+00:00,0,0.5124687473626924
2026-02-12 21:40:00+00:00,1,0.5148357239058474
2026-02-12 21:45:00+00:00,1,0.5100806655747214
2026-02-12 21:50:00+00:00,0,0.5051584710262439
2026-02-12 21:55:00+00:00,1,0.5148603265766253
2026-02-12 22:00:00+00:00,1,0.5002002181836867
2026-02-12 22:05:00+00:00,1,0.5057168098028101
2026-02-12 22:10:00+00:00,1,0.489922499321484
2026-02-12 22:15:00+00:00,1,0.51371519844261
2026-02-12 22:20:00+00:00,1,0.5042340351331991
2026-02-12 22:25:00+00:00,1,0.47985041216721797
2026-02-12 22:30:00+00:00,1,0.47912498393069847
2026-02-12 22:35:00+00:00,1,0.4758710644737543
2026-02-12 22:40:00+00:00,1,0.4710990417286817
2026-02-12 22:45:00+00:00,1,0.4691343516470406
2026-02-12 22:50:00+00:00,1,0.4739809588810113
2026-02-12 22:55:00+00:00,1,0.46920191283283375
2026-02-12 23:00:00+00:00,1,0.4697660740762466
2026-02-12 23:05:00+00:00,0,0.4687091630626658
2026-02-12 23:10:00+00:00,1,0.47331498718980664
2026-02-12 23:15:00+00:00,1,0.46863895908093395
2026-02-12 23:20:00+00:00,0,0.46638377200542647
2026-02-12 23:25:00+00:00,0,0.4700008180551891
2026-02-12 23:30:00+00:00,1,0.4712033676370396
2026-02-12 23:35:00+00:00,1,0.4701280216069039
2026-02-12 23:40:00+00:00,1,0.47360709118724825
2026-02-12 23:45:00+00:00,0,0.4785212475078386
2026-02-12 23:50:00+00:00,0,0.47584511898891924
2026-02-12 23:55:00+00:00,0,0.47777642055579017
2026-02-13 00:00:00+00:00,0,0.46698104445508054
2026-02-13 00:05:00+00:00,0,0.47635775859766594
2026-02-13 00:10:00+00:00,0,0.48045802601537924
2026-02-13 00:15:00+00:00,0,0.48581230860855856
2026-02-13 00:20:00+00:00,0,0.4878111688378119
2026-02-13 00:25:00+00:00,0,0.49318051170491484
2026-02-13 00:30:00+00:00,1,0.522207470182947
2026-02-13 00:35:00+00:00,1,0.5188312311119166
2026-02-13 00:40:00+00:00,1,0.5235583186480104
2026-02-13 00:45:00+00:00,1,0.5206077231174603
2026-02-13 00:50:00+00:00,0,0.5139214017868696
2026-02-13 00:55:00+00:00,1,0.5119495266151638
2026-02-13 01:00:00+00:00,1,0.5125361568920958
2026-02-13 01:05:00+00:00,1,0.507613722211465
2026-02-13 01:10:00+00:00,1,0.5102605490198712
2026-02-13 01:15:00+00:00,1,0.5090937972574467
2026-02-13 01:20:00+00:00,1,0.5145975580219633
2026-02-13 01:25:00+00:00,1,0.5088397135498884
2026-02-13 01:30:00+00:00,0,0.5024035648063674
2026-02-13 01:35:00+00:00,0,0.48231213821625796
2026-02-13 01:40:00+00:00,0,0.4899551678636475
2026-02-13 01:45:00+00:00,0,0.474002779372491
2026-02-13 01:50:00+00:00,1,0.5114904246255277
2026-02-13 01:55:00+00:00,1,0.49927867712939505
2026-02-13 02:00:00+00:00,0,0.5046289740164989
2026-02-13 02:05:00+00:00,0,0.4834640500292565
2026-02-13 02:10:00+00:00,0,0.4989495209952735
2026-02-13 02:15:00+00:00,0,0.5003586862551613
2026-02-13 02:20:00+00:00,1,0.4800344653944038
2026-02-13 02:25:00+00:00,1,0.4974929825607043
2026-02-13 02:30:00+00:00,1,0.5089398105102183
2026-02-13 02:35:00+00:00,1,0.509634657208382
2026-02-13 02:40:00+00:00,1,0.5014247714657641
2026-02-13 02:45:00+00:00,1,0.511339492181527
2026-02-13 02:50:00+00:00,0,0.4732885134884695
2026-02-13 02:55:00+00:00,0,0.47918406074372977
2026-02-13 03:00:00+00:00,0,0.4767416212703263
2026-02-13 03:05:00+00:00,0,0.48804997388097954
2026-02-13 03:10:00+00:00,0,0.5082761903360746
2026-02-13 03:15:00+00:00,0,0.496599223545231
2026-02-13 03:20:00+00:00,0,0.5068155439336413
2026-02-13 03:25:00+00:00,0,0.5117741976187515
2026-02-13 03:30:00+00:00,0,0.4848856681140489
2026-02-13 03:35:00+00:00,0,0.5108265957767042
2026-02-13 03:40:00+00:00,0,0.5142736318657878
2026-02-13 03:45:00+00:00,0,0.5201744699373756
2026-02-13 03:50:00+00:00,0,0.5205823274541193
2026-02-13 03:55:00+00:00,0,0.5205147583470963
2026-02-13 04:00:00+00:00,0,0.5246737777024162
2026-02-13 04:05:00+00:00,0,0.5269646970316458
2026-02-13 04:10:00+00:00,0,0.5211393305180323
2026-02-13 04:15:00+00:00,0,0.5154580113166786
2026-02-13 04:20:00+00:00,1,0.523926683477195
2026-02-13 04:25:00+00:00,1,0.5168102657273395
2026-02-13 04:30:00+00:00,1,0.5147938588198803
2026-02-13 04:35:00+00:00,0,0.5142770864571099
2026-02-13 04:40:00+00:00,0,0.5162711607808876
2026-02-13 04:45:00+00:00,0,0.5120646332513448
2026-02-13 04:50:00+00:00,0,0.5098902831660744
2026-02-13 04:55:00+00:00,0,0.5115177079977211
2026-02-13 05:00:00+00:00,0,0.5080658361297469
2026-02-13 05:05:00+00:00,1,0.516009601087617
2026-02-13 05:10:00+00:00,1,0.5138727692504633
2026-02-13 05:15:00+00:00,1,0.5131278016569399
2026-02-13 05:20:00+00:00,1,0.5163831803087691
2026-02-13 05:25:00+00:00,0,0.5152909064474739
2026-02-13 05:30:00+00:00,0,0.5089170237152774
2026-02-13 05:35:00+00:00,0,0.5031773306717271
2026-02-13 05:40:00+00:00,0,0.50491618018685
2026-02-13 05:45:00+00:00,0,0.5115497369528845
2026-02-13 05:50:00+00:00,0,0.512671912878511
2026-02-13 05:55:00+00:00,0,0.5193534104854062
2026-02-13 06:00:00+00:00,0,0.5144023387255602
2026-02-13 06:05:00+00:00,0,0.5193158380454069
2026-02-13 06:10:00+00:00,0,0.5177544205770759
2026-02-13 06:15:00+00:00,0,0.5143887251624639
2026-02-13 06:20:00+00:00,1,0.521185447269202
2026-02-13 06:25:00+00:00,1,0.5198720904645345
2026-02-13 06:30:00+00:00,1,0.5187116365122332
2026-02-13 06:35:00+00:00,1,0.5208843762058143
2026-02-13 06:40:00+00:00,1,0.5140610802507677
2026-02-13 06:45:00+00:00,1,0.5099600439272796
2026-02-13 06:50:00+00:00,1,0.4799767989587792
2026-02-13 06:55:00+00:00,1,0.4734145237584926
2026-02-13 07:00:00+00:00,1,0.4723472083452089
2026-02-13 07:05:00+00:00,1,0.4748044469477021
2026-02-13 07:10:00+00:00,0,0.4683779699993467
2026-02-13 07:15:00+00:00,0,0.4699808722691295
2026-02-13 07:20:00+00:00,0,0.4712918092319288
2026-02-13 07:25:00+00:00,0,0.4735607257625402
2026-02-13 07:30:00+00:00,0,0.47400010072675636
2026-02-13 07:35:00+00:00,1,0.477281319332617
2026-02-13 07:40:00+00:00,1,0.4767346935517416
2026-02-13 07:45:00+00:00,1,0.47850829536695527
2026-02-13 07:50:00+00:00,1,0.4761036537636806
2026-02-13 07:55:00+00:00,1,0.4794158927711622
2026-02-13 08:00:00+00:00,1,0.47861776648316745
2026-02-13 08:05:00+00:00,1,0.47397379179975246
2026-02-13 08:10:00+00:00,1,0.47638223898099397
2026-02-13 08:15:00+00:00,1,0.47157432360817364
2026-02-13 08:20:00+00:00,1,0.47312528039966206
2026-02-13 08:25:00+00:00,1,0.47008805394385816
2026-02-13 08:30:00+00:00,1,0.46837817381140445
2026-02-13 08:35:00+00:00,0,0.46842095751160406
2026-02-13 08:40:00+00:00,0,0.46708701659588314
2026-02-13 08:45:00+00:00,0,0.46580460018740383
2026-02-13 08:50:00+00:00,0,0.46764275311855047
2026-02-13 08:55:00+00:00,0,0.4686708036514908
2026-02-13 09:00:00+00:00,0,0.4668752668668312
2026-02-13 09:05:00+00:00,1,0.47553265438198616
2026-02-13 09:10:00+00:00,1,0.4735494383824572
2026-02-13 09:15:00+00:00,1,0.47105517876393055
2026-02-13 09:20:00+00:00,1,0.4741570591445717
2026-02-13 09:25:00+00:00,0,0.4760225639151447
2026-02-13 09:30:00+00:00,0,0.4767782353597771
2026-02-13 09:35:00+00:00,0,0.47908793378408543
2026-02-13 09:40:00+00:00,1,0.48791212520511945
2026-02-13 09:45:00+00:00,0,0.4801695111126406
2026-02-13 09:50:00+00:00,0,0.4817730124552562
2026-02-13 09:55:00+00:00,0,0.48109926471637426
2026-02-13 10:00:00+00:00,1,0.4879188812055532
2026-02-13 10:05:00+00:00,1,0.49316873880849066
2026-02-13 10:10:00+00:00,1,0.49406982928196963
2026-02-13 10:15:00+00:00,1,0.49530830550811833
2026-02-13 10:20:00+00:00,1,0.5077008286432978
2026-02-13 10:25:00+00:00,1,0.4995757009806961
2026-02-13 10:30:00+00:00,0,0.4844835689621811
2026-02-13 10:35:00+00:00,0,0.505120134413653
2026-02-13 10:40:00+00:00,0,0.49674929135120716
2026-02-13 10:45:00+00:00,0,0.491832252633322
2026-02-13 10:50:00+00:00,0,0.4950743926736498
2026-02-13 10:55:00+00:00,0,0.5029614434062826
2026-02-13 11:00:00+00:00,0,0.5049554094390093
2026-02-13 11:05:00+00:00,0,0.5090744572083181
2026-02-13 11:10:00+00:00,0,0.5056608051141793
2026-02-13 11:15:00+00:00,0,0.5030667793837713
2026-02-13 11:20:00+00:00,0,0.5094325450659992
2026-02-13 11:25:00+00:00,0,0.5037129381667449
2026-02-13 11:30:00+00:00,0,0.5198313747134461
2026-02-13 11:35:00+00:00,0,0.5170462350058794
2026-02-13 11:40:00+00:00,0,0.5136171279631585
2026-02-13 11:45:00+00:00,0,0.5155319950443946
2026-02-13 11:50:00+00:00,0,0.509919195260387
2026-02-13 11:55:00+00:00,0,0.506143978696586
2026-02-13 12:00:00+00:00,1,0.521421461932665
2026-02-13 12:05:00+00:00,1,0.5223189882222188
2026-02-13 12:10:00+00:00,1,0.5171019728538657
2026-02-13 12:15:00+00:00,0,0.5151349682374532
2026-02-13 12:20:00+00:00,1,0.5154839771896086
2026-02-13 12:25:00+00:00,0,0.5033054360143894
2026-02-13 12:30:00+00:00,1,0.5024148694992121
2026-02-13 12:35:00+00:00,0,0.5032332457472524
2026-02-13 12:40:00+00:00,1,0.5062152883447266
2026-02-13 12:45:00+00:00,1,0.5036483666251224
2026-02-13 12:50:00+00:00,1,0.5003488342099633
2026-02-13 12:55:00+00:00,1,0.506347628056074
2026-02-13 13:00:00+00:00,1,0.5018372362894985
2026-02-13 13:05:00+00:00,1,0.510910179501732
2026-02-13 13:10:00+00:00,1,0.5072932697574671
2026-02-13 13:15:00+00:00,1,0.5033270193924679
2026-02-13 13:20:00+00:00,1,0.46879962137582326
2026-02-13 13:25:00+00:00,1,0.4679953085853454
2026-02-13 13:30:00+00:00,0,0.47401628177890304
2026-02-13 13:35:00+00:00,1,0.4815377427785658
2026-02-13 13:40:00+00:00,1,0.4804680392958688
2026-02-13 13:45:00+00:00,1,0.4710670333868245
2026-02-13 13:50:00+00:00,0,0.46947969919369475
2026-02-13 13:55:00+00:00,1,0.47252197088134223
2026-02-13 14:00:00+00:00,1,0.48019275248546534
2026-02-13 14:05:00+00:00,1,0.4770869520107184
2026-02-13 14:10:00+00:00,1,0.4799519070776373
2026-02-13 14:15:00+00:00,1,0.47000127949674203
2026-02-13 14:20:00+00:00,1,0.4767548506226101
2026-02-13 14:25:00+00:00,1,0.4698315057912153
2026-02-13 14:30:00+00:00,0,0.4754505334376453
2026-02-13 14:35:00+00:00,1,0.4745874847863908
2026-02-13 14:40:00+00:00,1,0.46909881232479517
2026-02-13 14:45:00+00:00,1,0.478992843082811
2026-02-13 14:50:00+00:00,1,0.4775658698068139
2026-02-13 14:55:00+00:00,1,0.4752880774267449
2026-02-13 15:00:00+00:00,1,0.4714642874085758
2026-02-13 15:05:00+00:00,1,0.4706065866541103
2026-02-13 15:10:00+00:00,1,0.4696028983710695
2026-02-13 15:15:00+00:00,0,0.4708853919929034
2026-02-13 15:20:00+00:00,1,0.46993968994657465
2026-02-13 15:25:00+00:00,0,0.49078964444504386
2026-02-13 15:30:00+00:00,0,0.5046038752340789
2026-02-13 15:35:00+00:00,1,0.5008299095767111
2026-02-13 15:40:00+00:00,1,0.4739160533890812
2026-02-13 15:45:00+00:00,1,0.48855261830199026
2026-02-13 15:50:00+00:00,1,0.4790577106427035
2026-02-13 15:55:00+00:00,1,0.47793891416446255
2026-02-13 16:00:00+00:00,1,0.47717442113267955
2026-02-13 16:05:00+00:00,1,0.5754421202380408
2026-02-13 16:10:00+00:00,1,0.5612895843948981
2026-02-13 16:15:00+00:00,1,0.5688751694772799
2026-02-13 16:20:00+00:00,1,0.5095453901677771
2026-02-13 16:25:00+00:00,0,0.5803733512686646
2026-02-13 16:30:00+00:00,0,0.5691112521148574
2026-02-13 16:35:00+00:00,0,0.5359876349792814
2026-02-13 16:40:00+00:00,0,0.48604840002596167
2026-02-13 16:45:00+00:00,0,0.4856318231403936
2026-02-13 16:50:00+00:00,0,0.48231534593292086
2026-02-13 16:55:00+00:00,1,0.48677172706370814
2026-02-13 17:00:00+00:00,1,0.4928809244570199
2026-02-13 17:05:00+00:00,1,0.4940987049043238
2026-02-13 17:10:00+00:00,1,0.49104926654093456
2026-02-13 17:15:00+00:00,1,0.48891346524272916
2026-02-13 17:20:00+00:00,1,0.4877328811454348
2026-02-13 17:25:00+00:00,1,0.4863837601193497
2026-02-13 17:30:00+00:00,0,0.47760453386845564
2026-02-13 17:35:00+00:00,0,0.48199016994722804
2026-02-13 17:40:00+00:00,0,0.4825218689866096
2026-02-13 17:45:00+00:00,0,0.48330562484712153
2026-02-13 17:50:00+00:00,0,0.48435705053949657
2026-02-13 17:55:00+00:00,0,0.4864798953986963
2026-02-13 18:00:00+00:00,0,0.46757058540864727
2026-02-13 18:05:00+00:00,0,0.47265102322151614
2026-02-13 18:10:00+00:00,1,0.5086416453061413
2026-02-13 18:15:00+00:00,1,0.5159282003104586
2026-02-13 18:20:00+00:00,1,0.5091533405208599
2026-02-13 18:25:00+00:00,1,0.5229537384650527
2026-02-13 18:30:00+00:00,1,0.5201651397392585
2026-02-13 18:35:00+00:00,1,0.4946355311584094
2026-02-13 18:40:00+00:00,1,0.5018336244875491
2026-02-13 18:45:00+00:00,1,0.5010759435014032
2026-02-13 18:50:00+00:00,1,0.4799929354272408
2026-02-13 18:55:00+00:00,0,0.48282431859007496
2026-02-13 19:00:00+00:00,0,0.5131958345905624
2026-02-13 19:05:00+00:00,0,0.48065600852832485
2026-02-13 19:10:00+00:00,0,0.47651514995320243
2026-02-13 19:15:00+00:00,0,0.47783063000993875
2026-02-13 19:20:00+00:00,0,0.47724697749748707
2026-02-13 19:25:00+00:00,0,0.5152529096754175
2026-02-13 19:30:00+00:00,0,0.5149851675028716
2026-02-13 19:35:00+00:00,0,0.5121616706994941
2026-02-13 19:40:00+00:00,0,0.5134722150671105
2026-02-13 19:45:00+00:00,1,0.5126604696094033
2026-02-13 19:50:00+00:00,0,0.5023771052926921
2026-02-13 19:55:00+00:00,0,0.5059536884025345
2026-02-13 20:00:00+00:00,1,0.5096274161161228
2026-02-13 20:05:00+00:00,1,0.5110153596649911
2026-02-13 20:10:00+00:00,1,0.5138212658850836
2026-02-13 20:15:00+00:00,1,0.5093789401129643
2026-02-13 20:20:00+00:00,1,0.507982587712895
2026-02-13 20:25:00+00:00,1,0.5073563334236904
2026-02-13 20:30:00+00:00,1,0.5111503126943089
2026-02-13 20:35:00+00:00,1,0.5072164131220226
2026-02-13 20:40:00+00:00,1,0.5080851957708804
2026-02-13 20:45:00+00:00,0,0.47820319341484413
2026-02-13 20:50:00+00:00,0,0.4890904022356326
2026-02-13 20:55:00+00:00,0,0.48862595476047205
2026-02-13 21:00:00+00:00,0,0.4805673490984849
2026-02-13 21:05:00+00:00,0,0.474241032786747
2026-02-13 21:10:00+00:00,0,0.47935436312204616
2026-02-13 21:15:00+00:00,0,0.4947984951395262
2026-02-13 21:20:00+00:00,0,0.5000122499385735
2026-02-13 21:25:00+00:00,1,0.5075076274290736
2026-02-13 21:30:00+00:00,0,0.5140464291948921
2026-02-13 21:35:00+00:00,1,0.5179244625567847
2026-02-13 21:40:00+00:00,0,0.5021225130118405
2026-02-13 21:45:00+00:00,0,0.5055573578001138
2026-02-13 21:50:00+00:00,0,0.5055133126630927
2026-02-13 21:55:00+00:00,0,0.5091242781165509
2026-02-13 22:00:00+00:00,0,0.5138450718078301
2026-02-13 22:05:00+00:00,0,0.5099083792423362
2026-02-13 22:10:00+00:00,0,0.5276372486022559
2026-02-13 22:15:00+00:00,0,0.5249684011170652
2026-02-13 22:20:00+00:00,0,0.5225013115074281
2026-02-13 22:25:00+00:00,0,0.5156080214155436
2026-02-13 22:30:00+00:00,0,0.5225692066191048
2026-02-13 22:35:00+00:00,0,0.5203628356420102
2026-02-13 22:40:00+00:00,0,0.5146466382227822
2026-02-13 22:45:00+00:00,0,0.5191710947495075
2026-02-13 22:50:00+00:00,0,0.5187242752635327
2026-02-13 22:55:00+00:00,0,0.518093624460268
2026-02-13 23:00:00+00:00,0,0.517471207587296
2026-02-13 23:05:00+00:00,1,0.528013370127089
2026-02-13 23:10:00+00:00,0,0.5244122481699313
2026-02-13 23:15:00+00:00,0,0.5278037419883305
2026-02-13 23:20:00+00:00,0,0.5194700973783937
2026-02-13 23:25:00+00:00,0,0.515447438974382
2026-02-13 23:30:00+00:00,0,0.5082903755412507
2026-02-13 23:35:00+00:00,0,0.514506660334152
2026-02-13 23:40:00+00:00,0,0.5147033198055891
2026-02-13 23:45:00+00:00,1,0.5166713469959219
2026-02-13 23:50:00+00:00,1,0.5182832229019635
2026-02-13 23:55:00+00:00,1,0.517626689293589
2026-02-14 00:00:00+00:00,1,0.5192922724951384
2026-02-14 00:05:00+00:00,1,0.5180425405396694
2026-02-14 00:10:00+00:00,1,0.5125747791996396
2026-02-14 00:15:00+00:00,1,0.5056466013696457
2026-02-14 00:20:00+00:00,1,0.5091894036979661
2026-02-14 00:25:00+00:00,1,0.4829534762443496
2026-02-14 00:30:00+00:00,0,0.4698425322306557
2026-02-14 00:35:00+00:00,0,0.47199591923018724
2026-02-14 00:40:00+00:00,0,0.4747896550292729
2026-02-14 00:45:00+00:00,0,0.474504555160234
2026-02-14 00:50:00+00:00,0,0.4800255078923267
2026-02-14 00:55:00+00:00,0,0.4828224438360154
2026-02-14 01:00:00+00:00,0,0.48365139165479165
2026-02-14 01:05:00+00:00,0,0.49085341121310244
2026-02-14 01:10:00+00:00,1,0.4882797182996967
2026-02-14 01:15:00+00:00,0,0.48782096596693214
2026-02-14 01:20:00+00:00,0,0.5046557316202008
2026-02-14 01:25:00+00:00,0,0.4857964531382791
2026-02-14 01:30:00+00:00,1,0.49523690250370145
2026-02-14 01:35:00+00:00,1,0.49615422418570737
2026-02-14 01:40:00+00:00,1,0.4947071633134317
2026-02-14 01:45:00+00:00,1,0.4966585657590059
2026-02-14 01:50:00+00:00,0,0.5087771232570258
2026-02-14 01:55:00+00:00,0,0.5052791421653896
2026-02-14 02:00:00+00:00,0,0.49113213654750815
2026-02-14 02:05:00+00:00,0,0.4988311682251898
2026-02-14 02:10:00+00:00,0,0.5001230115389544
2026-02-14 02:15:00+00:00,0,0.5021169262416654
2026-02-14 02:20:00+00:00,1,0.5178410600390791
2026-02-14 02:25:00+00:00,1,0.5159946558263551
2026-02-14 02:30:00+00:00,1,0.5153278062433896
2026-02-14 02:35:00+00:00,0,0.5146957982736164
2026-02-14 02:40:00+00:00,1,0.516653870470428
2026-02-14 02:45:00+00:00,1,0.5130718014846113
2026-02-14 02:50:00+00:00,1,0.5109246258497296
2026-02-14 02:55:00+00:00,1,0.514934547735435
2026-02-14 03:00:00+00:00,1,0.5119921016019036
2026-02-14 03:05:00+00:00,1,0.5137074038257735
2026-02-14 03:10:00+00:00,1,0.5124555341101663
2026-02-14 03:15:00+00:00,1,0.5130497488546436
2026-02-14 03:20:00+00:00,1,0.5103578680222239
2026-02-14 03:25:00+00:00,1,0.4922943322591705
2026-02-14 03:30:00+00:00,0,0.4791229435375285
2026-02-14 03:35:00+00:00,0,0.47927797191837124
2026-02-14 03:40:00+00:00,0,0.4794138511721817
2026-02-14 03:45:00+00:00,0,0.480048109111851
2026-02-14 03:50:00+00:00,0,0.4845454329289033
2026-02-14 03:55:00+00:00,0,0.48509933699868596
2026-02-14 04:00:00+00:00,1,0.49556960819665086
2026-02-14 04:05:00+00:00,1,0.508357205571834
2026-02-14 04:10:00+00:00,1,0.4927445664415097
2026-02-14 04:15:00+00:00,1,0.5093133569951875
2026-02-14 04:20:00+00:00,0,0.5080421043683504
2026-02-14 04:25:00+00:00,0,0.49250331776167405
2026-02-14 04:30:00+00:00,0,0.491337897084684
2026-02-14 04:35:00+00:00,0,0.49417222856664117
2026-02-14 04:40:00+00:00,0,0.4974632615824391
2026-02-14 04:45:00+00:00,0,0.506503766359429
2026-02-14 04:50:00+00:00,1,0.5191268696312057
2026-02-14 04:55:00+00:00,1,0.5155772071650733
2026-02-14 05:00:00+00:00,0,0.5118752889194468
2026-02-14 05:05:00+00:00,1,0.5248530199186755
2026-02-14 05:10:00+00:00,1,0.5127339046305123
2026-02-14 05:15:00+00:00,0,0.5088810894558239
2026-02-14 05:20:00+00:00,0,0.5030449808510088
2026-02-14 05:25:00+00:00,0,0.510669946257733
2026-02-14 05:30:00+00:00,0,0.5112188082561709
2026-02-14 05:35:00+00:00,0,0.5126709797333406
2026-02-14 05:40:00+00:00,0,0.5086915860513468
2026-02-14 05:45:00+00:00,0,0.5142563454643585
2026-02-14 05:50:00+00:00,0,0.5204295980881454
2026-02-14 05:55:00+00:00,0,0.5249707894030481
2026-02-14 06:00:00+00:00,0,0.5180975436423637
2026-02-14 06:05:00+00:00,1,0.5260854107383942
2026-02-14 06:10:00+00:00,1,0.5238386610503546
2026-02-14 06:15:00+00:00,0,0.5138358346573859
2026-02-14 06:20:00+00:00,1,0.5128820199943056
2026-02-14 06:25:00+00:00,0,0.5110649813209988
2026-02-14 06:30:00+00:00,1,0.5069909381611005
2026-02-14 06:35:00+00:00,1,0.5046940736446347
2026-02-14 06:40:00+00:00,1,0.510226502376705
2026-02-14 06:45:00+00:00,1,0.5103897658444705
2026-02-14 06:50:00+00:00,1,0.5089025638860589
2026-02-14 06:55:00+00:00,1,0.5078353237646849
2026-02-14 07:00:00+00:00,1,0.5000683739860259
2026-02-14 07:05:00+00:00,1,0.504081446605239
2026-02-14 07:10:00+00:00,1,0.4951167336745079
2026-02-14 07:15:00+00:00,1,0.49692740243755656
2026-02-14 07:20:00+00:00,1,0.48843871110784287
2026-02-14 07:25:00+00:00,1,0.47889594502030525
2026-02-14 07:30:00+00:00,1,0.4698666624612125
2026-02-14 07:35:00+00:00,1,0.48295692846010113
2026-02-14 07:40:00+00:00,1,0.47681519473251627
2026-02-14 07:45:00+00:00,1,0.4802125145513802
2026-02-14 07:50:00+00:00,1,0.4798374529929229
2026-02-14 07:55:00+00:00,1,0.4766470321233737
2026-02-14 08:00:00+00:00,1,0.4739248038276296
2026-02-14 08:05:00+00:00,1,0.48013289102853385
2026-02-14 08:10:00+00:00,1,0.47300468144242375
2026-02-14 08:15:00+00:00,1,0.4759078009383563
2026-02-14 08:20:00+00:00,1,0.4736082631492667
2026-02-14 08:25:00+00:00,1,0.4737295690061224
2026-02-14 08:30:00+00:00,1,0.47191429813010466
2026-02-14 08:35:00+00:00,1,0.4716808463833649
2026-02-14 08:40:00+00:00,1,0.4734297102984716
2026-02-14 08:45:00+00:00,1,0.4735034461935897
2026-02-14 08:50:00+00:00,1,0.4713618678132982
2026-02-14 08:55:00+00:00,1,0.4693533122497834
2026-02-14 09:00:00+00:00,1,0.4709459260236908
2026-02-14 09:05:00+00:00,1,0.4769670314136087
2026-02-14 09:10:00+00:00,1,0.47712337912920466
2026-02-14 09:15:00+00:00,1,0.47535366950321517
2026-02-14 09:20:00+00:00,1,0.4747041291067094
2026-02-14 09:25:00+00:00,1,0.47417026795597594
2026-02-14 09:30:00+00:00,0,0.4767670563194459
2026-02-14 09:35:00+00:00,0,0.47105438971777663
2026-02-14 09:40:00+00:00,1,0.4712654401139808
2026-02-14 09:45:00+00:00,1,0.465504547030314
2026-02-14 09:50:00+00:00,0,0.4667516597492376
2026-02-14 09:55:00+00:00,0,0.47180563493379624
2026-02-14 10:00:00+00:00,1,0.47552639980381467
2026-02-14 10:05:00+00:00,0,0.47277557669536846
2026-02-14 10:10:00+00:00,0,0.46956832367153456
2026-02-14 10:15:00+00:00,0,0.4696366636695404
2026-02-14 10:20:00+00:00,0,0.47735786200287206
2026-02-14 10:25:00+00:00,0,0.4816962716706047
2026-02-14 10:30:00+00:00,0,0.48360917601386655
2026-02-14 10:35:00+00:00,0,0.47913905104548127
2026-02-14 10:40:00+00:00,1,0.5073596372056813
2026-02-14 10:45:00+00:00,1,0.5018679412190232
2026-02-14 10:50:00+00:00,1,0.50642434323786
2026-02-14 10:55:00+00:00,1,0.5038992793098521
2026-02-14 11:00:00+00:00,1,0.49662206813814985
2026-02-14 11:05:00+00:00,1,0.5019458089285501
2026-02-14 11:10:00+00:00,1,0.46749154428105905
2026-02-14 11:15:00+00:00,1,0.46480673137781586
2026-02-14 11:20:00+00:00,1,0.4781070913934398
2026-02-14 11:25:00+00:00,1,0.47676701194395776
2026-02-14 11:30:00+00:00,1,0.4779895496979039
2026-02-14 11:35:00+00:00,1,0.4745428819750757
2026-02-14 11:40:00+00:00,1,0.4687080971903581
2026-02-14 11:45:00+00:00,1,0.4715109429675333
2026-02-14 11:50:00+00:00,1,0.470709904248941
2026-02-14 11:55:00+00:00,1,0.4717828955014636
2026-02-14 12:00:00+00:00,1,0.47179959771289426
2026-02-14 12:05:00+00:00,0,0.4687626016472822
2026-02-14 12:10:00+00:00,0,0.4711320035251782
2026-02-14 12:15:00+00:00,0,0.4750314897248491
2026-02-14 12:20:00+00:00,0,0.47279275981902313
2026-02-14 12:25:00+00:00,0,0.47498596645509994
2026-02-14 12:30:00+00:00,0,0.477475777049549
2026-02-14 12:35:00+00:00,0,0.48659912497585156
2026-02-14 12:40:00+00:00,0,0.485616317837959
2026-02-14 12:45:00+00:00,0,0.5123351630316397
2026-02-14 12:50:00+00:00,0,0.5243044646183943
2026-02-14 12:55:00+00:00,0,0.524886002935217
2026-02-14 13:00:00+00:00,0,0.5276176475311316
2026-02-14 13:05:00+00:00,0,0.5185025232404118
2026-02-14 13:10:00+00:00,0,0.5176545010502543
2026-02-14 13:15:00+00:00,1,0.5358669879772886
2026-02-14 13:20:00+00:00,1,0.5243869780100492
2026-02-14 13:25:00+00:00,1,0.5191067369485604
2026-02-14 13:30:00+00:00,1,0.5148989829897103
2026-02-14 13:35:00+00:00,1,0.5129455580110295
2026-02-14 13:40:00+00:00,1,0.5065459842161207
2026-02-14 13:45:00+00:00,1,0.49948304842375074
2026-02-14 13:50:00+00:00,1,0.5042274185220114
2026-02-14 13:55:00+00:00,1,0.49963914767211026
2026-02-14 14:00:00+00:00,1,0.4991136240314063
2026-02-14 14:05:00+00:00,1,0.49855755020317216
2026-02-14 14:10:00+00:00,1,0.486708861643988
2026-02-14 14:15:00+00:00,1,0.49364678843875204
2026-02-14 14:20:00+00:00,1,0.500914895327695
2026-02-14 14:25:00+00:00,1,0.49279413120821713
2026-02-14 14:30:00+00:00,1,0.48449445646041217
2026-02-14 14:35:00+00:00,1,0.4750906954954781
2026-02-14 14:40:00+00:00,1,0.48242436705550645
2026-02-14 14:45:00+00:00,1,0.47101927634975443
2026-02-14 14:50:00+00:00,1,0.4694574405734065
2026-02-14 14:55:00+00:00,0,0.46786623038766395
2026-02-14 15:00:00+00:00,0,0.4698264931779494
2026-02-14 15:05:00+00:00,0,0.4708392463791605
2026-02-14 15:10:00+00:00,0,0.47134398224623797
2026-02-14 15:15:00+00:00,0,0.4720908851977129
2026-02-14 15:20:00+00:00,0,0.47253816373460056
2026-02-14 15:25:00+00:00,1,0.4758216932398829
2026-02-14 15:30:00+00:00,0,0.4727318924393989
2026-02-14 15:35:00+00:00,1,0.4766240029197252
2026-02-14 15:40:00+00:00,1,0.4776104256335415
2026-02-14 15:45:00+00:00,1,0.4815343608424883
2026-02-14 15:50:00+00:00,0,0.48410916560946254
2026-02-14 15:55:00+00:00,0,0.4737679428229712
2026-02-14 16:00:00+00:00,0,0.4776662172730992
2026-02-14 16:05:00+00:00,1,0.4862310135539928
2026-02-14 16:10:00+00:00,1,0.48266684482952366
2026-02-14 16:15:00+00:00,1,0.4860650989855181
2026-02-14 16:20:00+00:00,1,0.5126579223867574
2026-02-14 16:25:00+00:00,1,0.5047293425620082
2026-02-14 16:30:00+00:00,1,0.5078776466291367
2026-02-14 16:35:00+00:00,1,0.48998649833156444
2026-02-14 16:40:00+00:00,1,0.4721209888635133
2026-02-14 16:45:00+00:00,1,0.47155392412848424
2026-02-14 16:50:00+00:00,1,0.47272531345863894
2026-02-14 16:55:00+00:00,1,0.4706708187689641
2026-02-14 17:00:00+00:00,1,0.4718086323071857
2026-02-14 17:05:00+00:00,1,0.4738772743501932
2026-02-14 17:10:00+00:00,1,0.4716619923329102
2026-02-14 17:15:00+00:00,0,0.47106355714148973
2026-02-14 17:20:00+00:00,0,0.4715067093858076
2026-02-14 17:25:00+00:00,0,0.47615816358895585
2026-02-14 17:30:00+00:00,0,0.47147149442176606
2026-02-14 17:35:00+00:00,1,0.4743759753909276
2026-02-14 17:40:00+00:00,1,0.4754300259048968
2026-02-14 17:45:00+00:00,1,0.4810392809438065
2026-02-14 17:50:00+00:00,1,0.47861625313349804
2026-02-14 17:55:00+00:00,1,0.48020313079362925
2026-02-14 18:00:00+00:00,1,0.47415278951704704
2026-02-14 18:05:00+00:00,1,0.47523201403211407
2026-02-14 18:10:00+00:00,1,0.4732129478616953
2026-02-14 18:15:00+00:00,1,0.47368771857420094
2026-02-14 18:20:00+00:00,1,0.47382107563175135
2026-02-14 18:25:00+00:00,1,0.4748292008288024
2026-02-14 18:30:00+00:00,1,0.47118442243583597
2026-02-14 18:35:00+00:00,1,0.47233110631001773
2026-02-14 18:40:00+00:00,1,0.47217634625473254
2026-02-14 18:45:00+00:00,1,0.4734621553903912
2026-02-14 18:50:00+00:00,1,0.4791611097156359
2026-02-14 18:55:00+00:00,1,0.47656237667570467
2026-02-14 19:00:00+00:00,1,0.4752690287361156
2026-02-14 19:05:00+00:00,1,0.47663968863356565
2026-02-14 19:10:00+00:00,1,0.4740550590932873
2026-02-14 19:15:00+00:00,1,0.4733710885779354
2026-02-14 19:20:00+00:00,1,0.47711389556144135
2026-02-14 19:25:00+00:00,0,0.47166036692410657
2026-02-14 19:30:00+00:00,0,0.4752098713878266
2026-02-14 19:35:00+00:00,0,0.4802902872251048
2026-02-14 19:40:00+00:00,0,0.4766444855187932
2026-02-14 19:45:00+00:00,0,0.47490034357238636
2026-02-14 19:50:00+00:00,0,0.4784143186020593
2026-02-14 19:55:00+00:00,0,0.4774082080496827
2026-02-14 20:00:00+00:00,0,0.4744808812571664
2026-02-14 20:05:00+00:00,0,0.47859102016216215
2026-02-14 20:10:00+00:00,0,0.4888149272472137
2026-02-14 20:15:00+00:00,1,0.4993132318627063
2026-02-14 20:20:00+00:00,1,0.4972705165490957
2026-02-14 20:25:00+00:00,1,0.5195769804246697
2026-02-14 20:30:00+00:00,1,0.5089928762311472
2026-02-14 20:35:00+00:00,1,0.5144268778029185
2026-02-14 20:40:00+00:00,1,0.504608899712495
2026-02-14 20:45:00+00:00,1,0.4865834337780044
2026-02-14 20:50:00+00:00,0,0.5037572702960523
2026-02-14 20:55:00+00:00,0,0.48745926105925014
2026-02-14 21:00:00+00:00,0,0.48782454853882823
2026-02-14 21:05:00+00:00,0,0.4826088556144282
2026-02-14 21:10:00+00:00,0,0.49571957474105854
2026-02-14 21:15:00+00:00,0,0.4875305297215585
2026-02-14 21:20:00+00:00,1,0.5193076400810597
2026-02-14 21:25:00+00:00,1,0.5197167089367621
2026-02-14 21:30:00+00:00,1,0.5267043519765533
2026-02-14 21:35:00+00:00,1,0.5288995930882152
2026-02-14 21:40:00+00:00,1,0.5193907978841877
2026-02-14 21:45:00+00:00,1,0.5130984355425731
2026-02-14 21:50:00+00:00,1,0.5038273742605643
2026-02-14 21:55:00+00:00,1,0.5060038979705728
2026-02-14 22:00:00+00:00,1,0.5013378736125805
2026-02-14 22:05:00+00:00,1,0.5088070015767057
2026-02-14 22:10:00+00:00,1,0.4753781636203525
2026-02-14 22:15:00+00:00,1,0.5099432052039883
2026-02-14 22:20:00+00:00,1,0.5044434043397885
2026-02-14 22:25:00+00:00,1,0.49069276257875233
2026-02-14 22:30:00+00:00,0,0.4749301324083675
2026-02-14 22:35:00+00:00,0,0.4707382075378571
2026-02-14 22:40:00+00:00,0,0.4714392212483215
2026-02-14 22:45:00+00:00,0,0.47926199158877425
2026-02-14 22:50:00+00:00,0,0.4776976268983311
2026-02-14 22:55:00+00:00,0,0.49262198606918156
2026-02-14 23:00:00+00:00,0,0.5011497534586747
2026-02-14 23:05:00+00:00,0,0.47872227719099014
2026-02-14 23:10:00+00:00,0,0.4746186246637338
2026-02-14 23:15:00+00:00,1,0.5095343002221278
2026-02-14 23:20:00+00:00,1,0.5199772385552117
2026-02-14 23:25:00+00:00,1,0.5111493891489993
2026-02-14 23:30:00+00:00,1,0.5186168607404776
2026-02-14 23:35:00+00:00,0,0.512449541574254
2026-02-14 23:40:00+00:00,0,0.510272297345696
2026-02-14 23:45:00+00:00,0,0.4991451180110756
2026-02-14 23:50:00+00:00,0,0.5129890919182083
2026-02-14 23:55:00+00:00,0,0.5078843789306351
2026-02-15 00:00:00+00:00,0,0.5152874916866205
2026-02-15 00:05:00+00:00,0,0.5219077468551944
2026-02-15 00:10:00+00:00,1,0.5221690158776938
2026-02-15 00:15:00+00:00,0,0.5144548681309578
2026-02-15 00:20:00+00:00,1,0.5257097298942608
2026-02-15 00:25:00+00:00,1,0.5245262937901611
2026-02-15 00:30:00+00:00,1,0.516745779758426
2026-02-15 00:35:00+00:00,1,0.5109609871375139
2026-02-15 00:40:00+00:00,1,0.5143318819603059
2026-02-15 00:45:00+00:00,1,0.5096676460938165
2026-02-15 00:50:00+00:00,0,0.505543930243807
2026-02-15 00:55:00+00:00,0,0.5056769532945926
2026-02-15 01:00:00+00:00,0,0.47508137852219934
2026-02-15 01:05:00+00:00,0,0.4689999130931447
2026-02-15 01:10:00+00:00,0,0.47112690278572256
2026-02-15 01:15:00+00:00,0,0.47601070978518684
2026-02-15 01:20:00+00:00,1,0.5201905661610632
2026-02-15 01:25:00+00:00,1,0.5169581466736045
2026-02-15 01:30:00+00:00,1,0.5146662979329363
2026-02-15 01:35:00+00:00,1,0.5144907097185153
2026-02-15 01:40:00+00:00,1,0.515924839854129
2026-02-15 01:45:00+00:00,0,0.5033584019622974
2026-02-15 01:50:00+00:00,0,0.5017945863221643
2026-02-15 01:55:00+00:00,0,0.4837067436007626
2026-02-15 02:00:00+00:00,0,0.48312960285526
2026-02-15 02:05:00+00:00,0,0.5024173804632284
2026-02-15 02:10:00+00:00,0,0.507341508019919
2026-02-15 02:15:00+00:00,0,0.5130625581117352
2026-02-15 02:20:00+00:00,1,0.5218579796935371
2026-02-15 02:25:00+00:00,1,0.5209658383341923
2026-02-15 02:30:00+00:00,1,0.5240744248319018
2026-02-15 02:35:00+00:00,1,0.513815985010438
2026-02-15 02:40:00+00:00,0,0.5101873710887386
2026-02-15 02:45:00+00:00,1,0.5160240560141329
2026-02-15 02:50:00+00:00,0,0.5115772220399273
2026-02-15 02:55:00+00:00,0,0.5107232690142883
2026-02-15 03:00:00+00:00,0,0.5051322529511761
2026-02-15 03:05:00+00:00,0,0.4849045884869973
2026-02-15 03:10:00+00:00,0,0.5155121255031941
2026-02-15 03:15:00+00:00,0,0.5085427961574384
2026-02-15 03:20:00+00:00,1,0.5160341943386775
2026-02-15 03:25:00+00:00,1,0.5186195172629372
2026-02-15 03:30:00+00:00,1,0.5271125905560481
2026-02-15 03:35:00+00:00,1,0.5302827383956767
2026-02-15 03:40:00+00:00,1,0.524941523466684
2026-02-15 03:45:00+00:00,1,0.5155806385285798
2026-02-15 03:50:00+00:00,1,0.5068475472113622
2026-02-15 03:55:00+00:00,1,0.5006245079991058
2026-02-15 04:00:00+00:00,1,0.4722582881290384
2026-02-15 04:05:00+00:00,0,0.4718523767845087
2026-02-15 04:10:00+00:00,0,0.47128696726908353
2026-02-15 04:15:00+00:00,1,0.4722049700680035
2026-02-15 04:20:00+00:00,1,0.4856311417410361
2026-02-15 04:25:00+00:00,1,0.47686860367870093
2026-02-15 04:30:00+00:00,0,0.4740830603256116
2026-02-15 04:35:00+00:00,0,0.4775495690250959
2026-02-15 04:40:00+00:00,0,0.47586608505574346
2026-02-15 04:45:00+00:00,0,0.47307020742612266
2026-02-15 04:50:00+00:00,1,0.48023671350254793
2026-02-15 04:55:00+00:00,1,0.48084479775222333
2026-02-15 05:00:00+00:00,1,0.4793349573033979
2026-02-15 05:05:00+00:00,1,0.478017209443998
2026-02-15 05:10:00+00:00,1,0.47827881974879316
2026-02-15 05:15:00+00:00,0,0.46964991390652455
2026-02-15 05:20:00+00:00,1,0.4826919596600372
2026-02-15 05:25:00+00:00,1,0.48254020322943575
2026-02-15 05:30:00+00:00,0,0.4678187760273923
2026-02-15 05:35:00+00:00,0,0.4752218007124823
2026-02-15 05:40:00+00:00,0,0.4715930006997139
2026-02-15 05:45:00+00:00,0,0.48694073010919325
2026-02-15 05:50:00+00:00,1,0.490082291566778
2026-02-15 05:55:00+00:00,1,0.48811884601995287
2026-02-15 06:00:00+00:00,1,0.4890129397830275
2026-02-15 06:05:00+00:00,1,0.48940350780470293
2026-02-15 06:10:00+00:00,0,0.4863518571311131
2026-02-15 06:15:00+00:00,0,0.4877194131582362
2026-02-15 06:20:00+00:00,0,0.47780811727584577
2026-02-15 06:25:00+00:00,0,0.49580722331592514
2026-02-15 06:30:00+00:00,0,0.4997373409228338
2026-02-15 06:35:00+00:00,1,0.5010040021045211
2026-02-15 06:40:00+00:00,1,0.5084690633376417
2026-02-15 06:45:00+00:00,1,0.51497659047112
2026-02-15 06:50:00+00:00,1,0.5106564737062375
2026-02-15 06:55:00+00:00,1,0.5129555439834291
2026-02-15 07:00:00+00:00,1,0.5004551257869476
2026-02-15 07:05:00+00:00,1,0.49624527144988184
2026-02-15 07:10:00+00:00,1,0.47151824245213986
2026-02-15 07:15:00+00:00,1,0.4683495415171628
2026-02-15 07:20:00+00:00,1,0.47806136229704277
2026-02-15 07:25:00+00:00,1,0.47950728242669843
2026-02-15 07:30:00+00:00,1,0.46399671414706883
2026-02-15 07:35:00+00:00,0,0.4652848446628375
2026-02-15 07:40:00+00:00,0,0.46774784711398776
2026-02-15 07:45:00+00:00,1,0.4689410000592042
2026-02-15 07:50:00+00:00,1,0.46677656296944575
2026-02-15 07:55:00+00:00,0,0.46823152527017003
2026-02-15 08:00:00+00:00,0,0.4672717386954646
2026-02-15 08:05:00+00:00,0,0.46864450639020555
2026-02-15 08:10:00+00:00,0,0.47025188660336087
2026-02-15 08:15:00+00:00,0,0.46691737788729437
2026-02-15 08:20:00+00:00,0,0.47052666341183186
2026-02-15 08:25:00+00:00,0,0.5095694456895699
2026-02-15 08:30:00+00:00,1,0.5610130786387157
2026-02-15 08:35:00+00:00,1,0.5502886392687857
2026-02-15 08:40:00+00:00,1,0.5430135806012089
2026-02-15 08:45:00+00:00,1,0.5337015961204596
2026-02-15 08:50:00+00:00,1,0.5196095518331691
2026-02-15 08:55:00+00:00,1,0.49882287202560066
2026-02-15 09:00:00+00:00,1,0.5014167779069086
2026-02-15 09:05:00+00:00,0,0.4996890395491703
2026-02-15 09:10:00+00:00,0,0.49942334341828964
2026-02-15 09:15:00+00:00,0,0.5036263662683191
2026-02-15 09:20:00+00:00,0,0.5005391278115788
2026-02-15 09:25:00+00:00,0,0.4962337771070151
2026-02-15 09:30:00+00:00,0,0.5021609999889965
2026-02-15 09:35:00+00:00,0,0.5043039867272338
2026-02-15 09:40:00+00:00,0,0.5018294828703906
2026-02-15 09:45:00+00:00,0,0.5041188672050734
2026-02-15 09:50:00+00:00,0,0.5050330031208851
2026-02-15 09:55:00+00:00,0,0.5013664413882446
2026-02-15 10:00:00+00:00,0,0.5065186606052255
2026-02-15 10:05:00+00:00,0,0.5179374164566865
2026-02-15 10:10:00+00:00,0,0.5166331080930564
2026-02-15 10:15:00+00:00,1,0.5208985150305431
2026-02-15 10:20:00+00:00,1,0.5128587179339327
2026-02-15 10:25:00+00:00,1,0.5156553891725336
2026-02-15 10:30:00+00:00,1,0.5143320372942367
2026-02-15 10:35:00+00:00,1,0.51356746355924
2026-02-15 10:40:00+00:00,0,0.4972508986640734
2026-02-15 10:45:00+00:00,0,0.5034594102793315
2026-02-15 10:50:00+00:00,0,0.49998078720486555
2026-02-15 10:55:00+00:00,0,0.5029001887523
2026-02-15 11:00:00+00:00,0,0.5007242941089622
2026-02-15 11:05:00+00:00,0,0.5043002747464977
2026-02-15 11:10:00+00:00,0,0.5046050136447428
2026-02-15 11:15:00+00:00,0,0.5075666678655925
2026-02-15 11:20:00+00:00,0,0.5075482193782512
2026-02-15 11:25:00+00:00,0,0.5036178008388938
2026-02-15 11:30:00+00:00,0,0.48018972077490146
2026-02-15 11:35:00+00:00,0,0.46815744367165685
2026-02-15 11:40:00+00:00,0,0.4676441745813576
2026-02-15 11:45:00+00:00,0,0.4718861773171676
2026-02-15 11:50:00+00:00,0,0.5140882139441981
2026-02-15 11:55:00+00:00,0,0.5088173001214753
2026-02-15 12:00:00+00:00,1,0.5202963571681198
2026-02-15 12:05:00+00:00,0,0.5235977524998855
2026-02-15 12:10:00+00:00,0,0.5226875736825142
2026-02-15 12:15:00+00:00,0,0.5203082374785569
2026-02-15 12:20:00+00:00,0,0.5135506424695137
2026-02-15 12:25:00+00:00,0,0.5059238036270616
2026-02-15 12:30:00+00:00,0,0.5030451914753852
2026-02-15 12:35:00+00:00,0,0.515199035334016
2026-02-15 12:40:00+00:00,0,0.5070575859894288
2026-02-15 12:45:00+00:00,0,0.524096843739111
2026-02-15 12:50:00+00:00,1,0.5414031035957549
2026-02-15 12:55:00+00:00,1,0.5566267374390315
2026-02-15 13:00:00+00:00,0,0.5255755498714991
2026-02-15 13:05:00+00:00,0,0.5112447566669687
2026-02-15 13:10:00+00:00,0,0.5123997729206496
2026-02-15 13:15:00+00:00,0,0.5006116856258114
2026-02-15 13:20:00+00:00,0,0.49954216603208634
2026-02-15 13:25:00+00:00,0,0.5133075957916986
2026-02-15 13:30:00+00:00,0,0.5193822213406872
2026-02-15 13:35:00+00:00,0,0.5084185183474704
2026-02-15 13:40:00+00:00,1,0.5124900148644647
2026-02-15 13:45:00+00:00,1,0.5216631856083821
2026-02-15 13:50:00+00:00,1,0.5215423424117724
2026-02-15 13:55:00+00:00,1,0.506417742100229
2026-02-15 14:00:00+00:00,1,0.5080878162849248
2026-02-15 14:05:00+00:00,1,0.4988879590029357
2026-02-15 14:10:00+00:00,1,0.4986365827135898
2026-02-15 14:15:00+00:00,1,0.5023964462622461
2026-02-15 14:20:00+00:00,1,0.49853278271734064
2026-02-15 14:25:00+00:00,1,0.49841485161582055
2026-02-15 14:30:00+00:00,1,0.4957169116544963
2026-02-15 14:35:00+00:00,1,0.48111237524885414
2026-02-15 14:40:00+00:00,1,0.4816175909023215
2026-02-15 14:45:00+00:00,1,0.48139611248292796
2026-02-15 14:50:00+00:00,1,0.46240335177824304
2026-02-15 14:55:00+00:00,1,0.4477655492068049
2026-02-15 15:00:00+00:00,1,0.4445864032804694
2026-02-15 15:05:00+00:00,0,0.4690693194779706
2026-02-15 15:10:00+00:00,0,0.4680480393078115
2026-02-15 15:15:00+00:00,0,0.46936274523550675
2026-02-15 15:20:00+00:00,0,0.47375935308666095
2026-02-15 15:25:00+00:00,0,0.4784314791931738
2026-02-15 15:30:00+00:00,0,0.4815988469620699
2026-02-15 15:35:00+00:00,0,0.48142192531179123
2026-02-15 15:40:00+00:00,0,0.47949008572998286
2026-02-15 15:45:00+00:00,0,0.4784937062152704
2026-02-15 15:50:00+00:00,0,0.4853607828828514
2026-02-15 15:55:00+00:00,0,0.4809590081256735
2026-02-15 16:00:00+00:00,0,0.48401541930242
2026-02-15 16:05:00+00:00,1,0.5190174560330234
2026-02-15 16:10:00+00:00,0,0.4981126594608091
2026-02-15 16:15:00+00:00,1,0.5041287947915699
2026-02-15 16:20:00+00:00,1,0.5167744608708841
2026-02-15 16:25:00+00:00,0,0.49329756990219875
2026-02-15 16:30:00+00:00,1,0.5027763929159542
2026-02-15 16:35:00+00:00,1,0.5108378504972335
2026-02-15 16:40:00+00:00,1,0.5034664438740442
2026-02-15 16:45:00+00:00,0,0.5022122091395121
2026-02-15 16:50:00+00:00,0,0.5049552124945691
2026-02-15 16:55:00+00:00,0,0.5032247187968398
2026-02-15 17:00:00+00:00,0,0.499812833355505
2026-02-15 17:05:00+00:00,0,0.485131536243536
2026-02-15 17:10:00+00:00,0,0.4895698627972111
2026-02-15 17:15:00+00:00,0,0.5102174996155239
2026-02-15 17:20:00+00:00,0,0.5017342315845672
2026-02-15 17:25:00+00:00,0,0.5110389159274246
2026-02-15 17:30:00+00:00,0,0.5129994201164577
2026-02-15 17:35:00+00:00,0,0.5059354218077523
2026-02-15 17:40:00+00:00,0,0.5193442561455415
2026-02-15 17:45:00+00:00,1,0.5386889792692091
2026-02-15 17:50:00+00:00,0,0.5123439411101295
2026-02-15 17:55:00+00:00,0,0.5061551567094743
2026-02-15 18:00:00+00:00,0,0.5186265284202383
2026-02-15 18:05:00+00:00,0,0.5142063120638726
2026-02-15 18:10:00+00:00,0,0.5066880782340798
2026-02-15 18:15:00+00:00,0,0.5124159543392053
2026-02-15 18:20:00+00:00,0,0.5083317035357714
2026-02-15 18:25:00+00:00,0,0.5149092138084759
2026-02-15 18:30:00+00:00,0,0.5165927788794967
2026-02-15 18:35:00+00:00,0,0.516623972264566
2026-02-15 18:40:00+00:00,0,0.5124155248454979
2026-02-15 18:45:00+00:00,1,0.5197657383113203
2026-02-15 18:50:00+00:00,1,0.5150442921101761
2026-02-15 18:55:00+00:00,1,0.5090682661754728
2026-02-15 19:00:00+00:00,1,0.5176665311895138
2026-02-15 19:05:00+00:00,1,0.5224272028229797
2026-02-15 19:10:00+00:00,0,0.5097335593443612
2026-02-15 19:15:00+00:00,0,0.5112835623039168
2026-02-15 19:20:00+00:00,0,0.5032240696515121
2026-02-15 19:25:00+00:00,0,0.49795057778187285
2026-02-15 19:30:00+00:00,0,0.5082941220572721
2026-02-15 19:35:00+00:00,1,0.5157747703633965
2026-02-15 19:40:00+00:00,1,0.5143811119699255
2026-02-15 19:45:00+00:00,1,0.5147824838474021
2026-02-15 19:50:00+00:00,1,0.5139908858102726
2026-02-15 19:55:00+00:00,1,0.5112811142546121
2026-02-15 20:00:00+00:00,1,0.5144272625880821
2026-02-15 20:05:00+00:00,1,0.5083461959558206
2026-02-15 20:10:00+00:00,1,0.5011710131769556
2026-02-15 20:15:00+00:00,1,0.5102411308124218
2026-02-15 20:20:00+00:00,1,0.50375144680035
2026-02-15 20:25:00+00:00,0,0.4758940043644198
2026-02-15 20:30:00+00:00,1,0.47357983695010936
2026-02-15 20:35:00+00:00,1,0.4806825620255721
2026-02-15 20:40:00+00:00,1,0.479502489493744
2026-02-15 20:45:00+00:00,1,0.48493918117335216
2026-02-15 20:50:00+00:00,1,0.4869664853712908
2026-02-15 20:55:00+00:00,1,0.48391956867735814
2026-02-15 21:00:00+00:00,1,0.4773700516092047
2026-02-15 21:05:00+00:00,1,0.4732216496435337
2026-02-15 21:10:00+00:00,0,0.4765242551059247
2026-02-15 21:15:00+00:00,0,0.4737708052073499
2026-02-15 21:20:00+00:00,0,0.4761510473008166
2026-02-15 21:25:00+00:00,0,0.477231643153756
2026-02-15 21:30:00+00:00,0,0.474443876455192
2026-02-15 21:35:00+00:00,1,0.4742534471856422
2026-02-15 21:40:00+00:00,1,0.4865590479399467
2026-02-15 21:45:00+00:00,0,0.48507072962757236
2026-02-15 21:50:00+00:00,1,0.47372154252623544
2026-02-15 21:55:00+00:00,1,0.48310906749568905
2026-02-15 22:00:00+00:00,1,0.4827396551567618
2026-02-15 22:05:00+00:00,1,0.4769584340608305
2026-02-15 22:10:00+00:00,1,0.4808157073519005
2026-02-15 22:15:00+00:00,1,0.5002225842098491
2026-02-15 22:20:00+00:00,1,0.4811935820825543
2026-02-15 22:25:00+00:00,1,0.4847140596526981
2026-02-15 22:30:00+00:00,0,0.47410783159465975
2026-02-15 22:35:00+00:00,0,0.4787826763327037
2026-02-15 22:40:00+00:00,0,0.4851567708878595
2026-02-15 22:45:00+00:00,0,0.48630467593257953
2026-02-15 22:50:00+00:00,0,0.4923326412590159
2026-02-15 22:55:00+00:00,0,0.48878584150496895
2026-02-15 23:00:00+00:00,1,0.5188644970115173
2026-02-15 23:05:00+00:00,1,0.5220497287759008
2026-02-15 23:10:00+00:00,1,0.521491273215453
2026-02-15 23:15:00+00:00,1,0.5205746482398782
2026-02-15 23:20:00+00:00,1,0.5163879401394178
2026-02-15 23:25:00+00:00,1,0.507443453553393
2026-02-15 23:30:00+00:00,1,0.5063410936652147
2026-02-15 23:35:00+00:00,1,0.5114868476237809
2026-02-15 23:40:00+00:00,1,0.5019229506300283
2026-02-15 23:45:00+00:00,1,0.5062108195164929
2026-02-15 23:50:00+00:00,0,0.4900300597183287
2026-02-15 23:55:00+00:00,0,0.485382163651934
2026-02-16 00:00:00+00:00,1,0.4910141145809127
2026-02-16 00:05:00+00:00,0,0.4713685985218377
2026-02-16 00:10:00+00:00,0,0.48348141539947814
2026-02-16 00:15:00+00:00,0,0.47974475206549627
2026-02-16 00:20:00+00:00,1,0.5059513679597869
2026-02-16 00:25:00+00:00,1,0.5038846002385586
2026-02-16 00:30:00+00:00,1,0.48422511804288126
2026-02-16 00:35:00+00:00,1,0.5064606959812541
2026-02-16 00:40:00+00:00,1,0.5023163888737848
2026-02-16 00:45:00+00:00,1,0.4832080998125285
2026-02-16 00:50:00+00:00,0,0.4712363065372295
2026-02-16 00:55:00+00:00,0,0.47784288525392443
2026-02-16 01:00:00+00:00,0,0.4692786172227344
2026-02-16 01:05:00+00:00,0,0.46938617825377116
2026-02-16 01:10:00+00:00,0,0.4857396874640635
2026-02-16 01:15:00+00:00,0,0.4873036108944795
2026-02-16 01:20:00+00:00,1,0.5260059326999705
2026-02-16 01:25:00+00:00,1,0.5188388451724513
2026-02-16 01:30:00+00:00,1,0.5211978503970617
2026-02-16 01:35:00+00:00,1,0.5255062909828813
2026-02-16 01:40:00+00:00,1,0.5162973045437536
2026-02-16 01:45:00+00:00,0,0.5099948767008045
2026-02-16 01:50:00+00:00,0,0.5075227082766482
2026-02-16 01:55:00+00:00,0,0.5077765101668431
2026-02-16 02:00:00+00:00,0,0.48903460483047345
2026-02-16 02:05:00+00:00,0,0.5114854261287765
2026-02-16 02:10:00+00:00,0,0.5080077150940255
2026-02-16 02:15:00+00:00,0,0.5163133965500889
2026-02-16 02:20:00+00:00,0,0.5172210725952586
2026-02-16 02:25:00+00:00,0,0.5209164994080456
2026-02-16 02:30:00+00:00,0,0.5177340278262431
2026-02-16 02:35:00+00:00,0,0.5177014172181014
2026-02-16 02:40:00+00:00,0,0.5180683292368747
2026-02-16 02:45:00+00:00,0,0.520251289872178
2026-02-16 02:50:00+00:00,0,0.5130813743569645
2026-02-16 02:55:00+00:00,0,0.5170509340856859
2026-02-16 03:00:00+00:00,0,0.5142848962216345
2026-02-16 03:05:00+00:00,1,0.5171568588367054
2026-02-16 03:10:00+00:00,1,0.5118756621403507
2026-02-16 03:15:00+00:00,1,0.5118658192593489
2026-02-16 03:20:00+00:00,1,0.5098037511923683
2026-02-16 03:25:00+00:00,1,0.5159933602808471
2026-02-16 03:30:00+00:00,1,0.5089375557715704
2026-02-16 03:35:00+00:00,1,0.5126995223002758
2026-02-16 03:40:00+00:00,1,0.5061516766316269
2026-02-16 03:45:00+00:00,1,0.5086131354051632
2026-02-16 03:50:00+00:00,1,0.5125008355463256
2026-02-16 03:55:00+00:00,1,0.5045960903344543
2026-02-16 04:00:00+00:00,1,0.4861415259069285
2026-02-16 04:05:00+00:00,1,0.48272132132558593
2026-02-16 04:10:00+00:00,1,0.4918307691794892
2026-02-16 04:15:00+00:00,1,0.4825772272122378
2026-02-16 04:20:00+00:00,1,0.47812818282796926
2026-02-16 04:25:00+00:00,1,0.4857199027183255
2026-02-16 04:30:00+00:00,1,0.4885406568067053
2026-02-16 04:35:00+00:00,1,0.4920629884052945
2026-02-16 04:40:00+00:00,0,0.500398473676893
2026-02-16 04:45:00+00:00,0,0.4897147994599078
2026-02-16 04:50:00+00:00,0,0.4771069016871022
2026-02-16 04:55:00+00:00,0,0.4759984114430571
2026-02-16 05:00:00+00:00,0,0.4820111747225576
2026-02-16 05:05:00+00:00,0,0.48446622521018495
2026-02-16 05:10:00+00:00,0,0.5086116961291441
2026-02-16 05:15:00+00:00,0,0.5133981489068008
2026-02-16 05:20:00+00:00,0,0.517455757674921
2026-02-16 05:25:00+00:00,0,0.5102246830734556
2026-02-16 05:30:00+00:00,1,0.5157454793262157
2026-02-16 05:35:00+00:00,1,0.5176232289821766
2026-02-16 05:40:00+00:00,1,0.5145282183872418
2026-02-16 05:45:00+00:00,1,0.5144144103644408
2026-02-16 05:50:00+00:00,1,0.5118804800100775
2026-02-16 05:55:00+00:00,1,0.5145269552488895
2026-02-16 06:00:00+00:00,1,0.5059980184119821
2026-02-16 06:05:00+00:00,1,0.5092375281522298
2026-02-16 06:10:00+00:00,1,0.5063260189971491
2026-02-16 06:15:00+00:00,1,0.51161662984966
2026-02-16 06:20:00+00:00,1,0.5088151878206217
2026-02-16 06:25:00+00:00,1,0.5083159281964836
2026-02-16 06:30:00+00:00,0,0.4981173898427462
2026-02-16 06:35:00+00:00,0,0.488305958595456
2026-02-16 06:40:00+00:00,0,0.501212441841817
2026-02-16 06:45:00+00:00,0,0.5050903815597424
2026-02-16 06:50:00+00:00,0,0.4984284322482127
2026-02-16 06:55:00+00:00,0,0.5039663903551578
2026-02-16 07:00:00+00:00,1,0.5024086198499526
2026-02-16 07:05:00+00:00,0,0.5057450695001263
2026-02-16 07:10:00+00:00,0,0.48891955895684786
2026-02-16 07:15:00+00:00,0,0.49668002774050396
2026-02-16 07:20:00+00:00,0,0.49169259991770975
2026-02-16 07:25:00+00:00,0,0.4804875144494511
2026-02-16 07:30:00+00:00,0,0.4813858776422461
2026-02-16 07:35:00+00:00,1,0.5112780555303222
2026-02-16 07:40:00+00:00,1,0.513561200564847
2026-02-16 07:45:00+00:00,1,0.5067812672618309
2026-02-16 07:50:00+00:00,1,0.5063885521682177
2026-02-16 07:55:00+00:00,1,0.5120204711756927
2026-02-16 08:00:00+00:00,1,0.4881597911282726
2026-02-16 08:05:00+00:00,0,0.4904896802800439
2026-02-16 08:10:00+00:00,0,0.5064435010756573
2026-02-16 08:15:00+00:00,0,0.49290348232479037
2026-02-16 08:20:00+00:00,0,0.486448600688809
2026-02-16 08:25:00+00:00,0,0.49067713062685786
2026-02-16 08:30:00+00:00,1,0.5062388527408681
2026-02-16 08:35:00+00:00,1,0.5098432261851971
2026-02-16 08:40:00+00:00,1,0.5084945506751629
2026-02-16 08:45:00+00:00,1,0.5063744772900426
2026-02-16 08:50:00+00:00,1,0.5097554852199668
2026-02-16 08:55:00+00:00,1,0.5076789573555632
2026-02-16 09:00:00+00:00,0,0.46842201509305176
2026-02-16 09:05:00+00:00,1,0.48282739537853187
2026-02-16 09:10:00+00:00,1,0.47489885087264877
2026-02-16 09:15:00+00:00,1,0.488499712407676
2026-02-16 09:20:00+00:00,1,0.48510758687225136
2026-02-16 09:25:00+00:00,1,0.4701456303807745
2026-02-16 09:30:00+00:00,0,0.468619759656958
2026-02-16 09:35:00+00:00,0,0.4673156136254423
2026-02-16 09:40:00+00:00,0,0.4704032072337376
2026-02-16 09:45:00+00:00,0,0.47027935578368135
2026-02-16 09:50:00+00:00,0,0.47643693311005947
2026-02-16 09:55:00+00:00,0,0.4773551980236325
2026-02-16 10:00:00+00:00,0,0.48708497244007465
2026-02-16 10:05:00+00:00,0,0.4800074617918788
2026-02-16 10:10:00+00:00,0,0.4814584809444876
2026-02-16 10:15:00+00:00,0,0.48219172361131996
2026-02-16 10:20:00+00:00,0,0.5078840563449872
2026-02-16 10:25:00+00:00,0,0.5022635692572522
2026-02-16 10:30:00+00:00,0,0.4985952145371864
2026-02-16 10:35:00+00:00,0,0.5056578492551852
2026-02-16 10:40:00+00:00,0,0.505686570614237
2026-02-16 10:45:00+00:00,0,0.4984233608091524
2026-02-16 10:50:00+00:00,0,0.5089720770262761
2026-02-16 10:55:00+00:00,0,0.5053325908412238
2026-02-16 11:00:00+00:00,0,0.5082820925995672
2026-02-16 11:05:00+00:00,0,0.520330941577616
2026-02-16 11:10:00+00:00,1,0.5238531262981194
2026-02-16 11:15:00+00:00,1,0.5140512870938175
2026-02-16 11:20:00+00:00,1,0.5282940577428733
2026-02-16 11:25:00+00:00,1,0.5036321137572765
2026-02-16 11:30:00+00:00,1,0.5071138859764627
2026-02-16 11:35:00+00:00,1,0.499232397699528
2026-02-16 11:40:00+00:00,1,0.5061030828198916
2026-02-16 11:45:00+00:00,1,0.4982197323262944
2026-02-16 11:50:00+00:00,0,0.49385495385013745
2026-02-16 11:55:00+00:00,1,0.5010450915424025
2026-02-16 12:00:00+00:00,1,0.48954693209252637
2026-02-16 12:05:00+00:00,1,0.4920631910825871
2026-02-16 12:10:00+00:00,1,0.4933731969242177
2026-02-16 12:15:00+00:00,1,0.5069771731307469
2026-02-16 12:20:00+00:00,1,0.49756395814267584
2026-02-16 12:25:00+00:00,1,0.4753679710938837
2026-02-16 12:30:00+00:00,1,0.469063813040727
2026-02-16 12:35:00+00:00,1,0.510858965753203
2026-02-16 12:40:00+00:00,1,0.481312730454294
2026-02-16 12:45:00+00:00,1,0.4749723036908259
2026-02-16 12:50:00+00:00,0,0.488425113102299
2026-02-16 12:55:00+00:00,0,0.4806830396566664
2026-02-16 13:00:00+00:00,0,0.5064963486128197
2026-02-16 13:05:00+00:00,0,0.4705141647238648
2026-02-16 13:10:00+00:00,0,0.46945665358325617
2026-02-16 13:15:00+00:00,0,0.46943973996511146
2026-02-16 13:20:00+00:00,0,0.47430663997170086
2026-02-16 13:25:00+00:00,0,0.5199951237725499
2026-02-16 13:30:00+00:00,0,0.520701863754699
2026-02-16 13:35:00+00:00,0,0.5204447258998465
2026-02-16 13:40:00+00:00,0,0.5135591793623123
2026-02-16 13:45:00+00:00,0,0.5230153208895941
2026-02-16 13:50:00+00:00,1,0.5208455327756442
2026-02-16 13:55:00+00:00,0,0.5042275850245185
2026-02-16 14:00:00+00:00,1,0.4988829335441768
2026-02-16 14:05:00+00:00,1,0.5106923835052577
2026-02-16 14:10:00+00:00,1,0.5104962375375914
2026-02-16 14:15:00+00:00,1,0.5025851269360113
2026-02-16 14:20:00+00:00,1,0.49841576409785227
2026-02-16 14:25:00+00:00,1,0.5157116629088855
2026-02-16 14:30:00+00:00,1,0.5032996750007949
2026-02-16 14:35:00+00:00,1,0.49186070858920955
2026-02-16 14:40:00+00:00,0,0.47916659863038114
2026-02-16 14:45:00+00:00,0,0.4805480180587407
2026-02-16 14:50:00+00:00,0,0.4856232657913912
2026-02-16 14:55:00+00:00,0,0.48445443338866123
2026-02-16 15:00:00+00:00,0,0.474432688611862
2026-02-16 15:05:00+00:00,0,0.4759937239813857
2026-02-16 15:10:00+00:00,0,0.49515349314260315
2026-02-16 15:15:00+00:00,0,0.49803703083920686
2026-02-16 15:20:00+00:00,0,0.5053286392464578
2026-02-16 15:25:00+00:00,0,0.5027645632286243
2026-02-16 15:30:00+00:00,1,0.5486104074406165
2026-02-16 15:35:00+00:00,1,0.5315524518868191
2026-02-16 15:40:00+00:00,1,0.5223726851683285
2026-02-16 15:45:00+00:00,1,0.5244950902019136
2026-02-16 15:50:00+00:00,1,0.5211792936088248
2026-02-16 15:55:00+00:00,1,0.49761881354764315
2026-02-16 16:00:00+00:00,0,0.4953331341036657
2026-02-16 16:05:00+00:00,0,0.4773371883266785
2026-02-16 16:10:00+00:00,0,0.4888137456821011
2026-02-16 16:15:00+00:00,1,0.504428586295463
2026-02-16 16:20:00+00:00,0,0.4973685482306299
2026-02-16 16:25:00+00:00,1,0.5000056157267481
2026-02-16 16:30:00+00:00,1,0.5128550318267099
2026-02-16 16:35:00+00:00,1,0.5116451940745773
2026-02-16 16:40:00+00:00,0,0.4924396098691491
2026-02-16 16:45:00+00:00,0,0.49087570538206066
2026-02-16 16:50:00+00:00,1,0.5013480039570208
2026-02-16 16:55:00+00:00,0,0.4848948717990445
2026-02-16 17:00:00+00:00,1,0.4977776792135322
2026-02-16 17:05:00+00:00,1,0.5033387799234331
2026-02-16 17:10:00+00:00,1,0.49466523818185254
2026-02-16 17:15:00+00:00,1,0.5008481904552948
2026-02-16 17:20:00+00:00,1,0.4986474690756623
2026-02-16 17:25:00+00:00,0,0.4844140794357328
2026-02-16 17:30:00+00:00,0,0.4782956689015342
2026-02-16 17:35:00+00:00,0,0.4792400077405358
2026-02-16 17:40:00+00:00,1,0.47987755732911996
2026-02-16 17:45:00+00:00,1,0.5024944769380363
2026-02-16 17:50:00+00:00,1,0.48820395062320415
2026-02-16 17:55:00+00:00,1,0.49303100335537414
2026-02-16 18:00:00+00:00,0,0.4876888064252213
2026-02-16 18:05:00+00:00,0,0.49047754047944736
2026-02-16 18:10:00+00:00,0,0.48012557616463647
2026-02-16 18:15:00+00:00,0,0.48567548514268977
2026-02-16 18:20:00+00:00,0,0.4757292578060343
2026-02-16 18:25:00+00:00,0,0.4921754448444576
2026-02-16 18:30:00+00:00,0,0.4897758896380343
2026-02-16 18:35:00+00:00,0,0.5141568165190886
2026-02-16 18:40:00+00:00,0,0.5125850199648645
2026-02-16 18:45:00+00:00,0,0.5190173777613879
2026-02-16 18:50:00+00:00,1,0.5132538782554305
2026-02-16 18:55:00+00:00,1,0.5109315638988918
2026-02-16 19:00:00+00:00,1,0.5126306868558523
2026-02-16 19:05:00+00:00,1,0.5103734812943451
2026-02-16 19:10:00+00:00,1,0.5093696533279364
2026-02-16 19:15:00+00:00,1,0.5153541004806337
2026-02-16 19:20:00+00:00,1,0.5003901714448505
2026-02-16 19:25:00+00:00,1,0.5050103903444315
2026-02-16 19:30:00+00:00,0,0.48606702981481525
2026-02-16 19:35:00+00:00,0,0.4747675042259818
2026-02-16 19:40:00+00:00,0,0.4726167975108687
2026-02-16 19:45:00+00:00,0,0.47826662641337336
2026-02-16 19:50:00+00:00,0,0.47404168503741095
2026-02-16 19:55:00+00:00,1,0.48923992075801825
2026-02-16 20:00:00+00:00,1,0.4958774982432992
2026-02-16 20:05:00+00:00,1,0.5155155885505972
2026-02-16 20:10:00+00:00,1,0.5099586080920873
2026-02-16 20:15:00+00:00,1,0.5127971181186338
2026-02-16 20:20:00+00:00,1,0.47929939193943716
2026-02-16 20:25:00+00:00,1,0.47129092292147645
2026-02-16 20:30:00+00:00,1,0.4678418644291122
2026-02-16 20:35:00+00:00,1,0.4767486238140315
2026-02-16 20:40:00+00:00,1,0.4694567704126923
2026-02-16 20:45:00+00:00,1,0.4730621692907085
2026-02-16 20:50:00+00:00,1,0.4714822434635647
2026-02-16 20:55:00+00:00,1,0.47102502711237915
2026-02-16 21:00:00+00:00,1,0.4738247899953392
2026-02-16 21:05:00+00:00,1,0.4715269476450301
2026-02-16 21:10:00+00:00,0,0.4724901256795042
2026-02-16 21:15:00+00:00,1,0.47070348213069246
2026-02-16 21:20:00+00:00,0,0.46910617827861
2026-02-16 21:25:00+00:00,1,0.47098877083564616
2026-02-16 21:30:00+00:00,1,0.47265084847959354
2026-02-16 21:35:00+00:00,1,0.47154344363949835
2026-02-16 21:40:00+00:00,1,0.4738521974461369
2026-02-16 21:45:00+00:00,1,0.47403272988270667
2026-02-16 21:50:00+00:00,1,0.47551529384798275
2026-02-16 21:55:00+00:00,0,0.47439084122018366
2026-02-16 22:00:00+00:00,0,0.48063129461887244
2026-02-16 22:05:00+00:00,0,0.47133004508312876
2026-02-16 22:10:00+00:00,0,0.47103702286704074
2026-02-16 22:15:00+00:00,1,0.47582662419944866
2026-02-16 22:20:00+00:00,1,0.47588549600777225
2026-02-16 22:25:00+00:00,1,0.4782760094003655
2026-02-16 22:30:00+00:00,1,0.47732869090341096
2026-02-16 22:35:00+00:00,1,0.47514208901959354
2026-02-16 22:40:00+00:00,1,0.47494663665656284
2026-02-16 22:45:00+00:00,0,0.4757890962580047
2026-02-16 22:50:00+00:00,0,0.4785593343506917
2026-02-16 22:55:00+00:00,0,0.48211801165815654
2026-02-16 23:00:00+00:00,0,0.4765202475987215
2026-02-16 23:05:00+00:00,0,0.4832194660325249
2026-02-16 23:10:00+00:00,0,0.4839342276318645
2026-02-16 23:15:00+00:00,0,0.486452759562826
2026-02-16 23:20:00+00:00,0,0.48279818564765337
2026-02-16 23:25:00+00:00,1,0.5087786795257119
2026-02-16 23:30:00+00:00,1,0.5069100461110855
2026-02-16 23:35:00+00:00,0,0.5110123429534903
2026-02-16 23:40:00+00:00,1,0.5138252256357391
2026-02-16 23:45:00+00:00,0,0.5118154244661676
2026-02-16 23:50:00+00:00,1,0.5066164370296498
2026-02-16 23:55:00+00:00,1,0.5027502613168806
2026-02-17 00:00:00+00:00,1,0.5054489292598564
2026-02-17 00:05:00+00:00,1,0.5054430087108036
2026-02-17 00:10:00+00:00,1,0.500269584266527
2026-02-17 00:15:00+00:00,1,0.513185692213812
2026-02-17 00:20:00+00:00,1,0.5070511531963589
2026-02-17 00:25:00+00:00,1,0.5013651992101332
2026-02-17 00:30:00+00:00,0,0.5002774818947844
2026-02-17 00:35:00+00:00,1,0.47967888878357084
2026-02-17 00:40:00+00:00,1,0.501780205826138
2026-02-17 00:45:00+00:00,0,0.4662241943731395
2026-02-17 00:50:00+00:00,0,0.479025109606785
2026-02-17 00:55:00+00:00,0,0.4873192470435089
2026-02-17 01:00:00+00:00,1,0.5118538934164232
2026-02-17 01:05:00+00:00,0,0.47459854265631185
2026-02-17 01:10:00+00:00,0,0.48020202097767917
2026-02-17 01:15:00+00:00,0,0.4853695440375883
2026-02-17 01:20:00+00:00,0,0.4799402092620076
2026-02-17 01:25:00+00:00,0,0.4985244658594934
2026-02-17 01:30:00+00:00,0,0.47386358649350563
2026-02-17 01:35:00+00:00,0,0.4787731349392724
2026-02-17 01:40:00+00:00,1,0.5116882847230885
2026-02-17 01:45:00+00:00,1,0.5157980048701831
2026-02-17 01:50:00+00:00,1,0.5258482260035063
2026-02-17 01:55:00+00:00,1,0.5210449202838014
2026-02-17 02:00:00+00:00,1,0.5278565612863106
2026-02-17 02:05:00+00:00,1,0.5150043371661225
2026-02-17 02:10:00+00:00,1,0.4837532845927104
2026-02-17 02:15:00+00:00,1,0.4819191354891073
2026-02-17 02:20:00+00:00,1,0.4779838356874707
2026-02-17 02:25:00+00:00,0,0.4961029389895957
2026-02-17 02:30:00+00:00,0,0.49357801935650025
2026-02-17 02:35:00+00:00,0,0.5104105074430828
2026-02-17 02:40:00+00:00,0,0.48503620911983797
2026-02-17 02:45:00+00:00,0,0.484218310591047
2026-02-17 02:50:00+00:00,0,0.4832438971586088
2026-02-17 02:55:00+00:00,0,0.5108452403100343
2026-02-17 03:00:00+00:00,0,0.5218102117282146
2026-02-17 03:05:00+00:00,0,0.5219194759872151
2026-02-17 03:10:00+00:00,0,0.5140020880158728
2026-02-17 03:15:00+00:00,0,0.5137952940414985
2026-02-17 03:20:00+00:00,0,0.5196161627160446
2026-02-17 03:25:00+00:00,0,0.502489005818427
2026-02-17 03:30:00+00:00,0,0.5122493723623673
2026-02-17 03:35:00+00:00,0,0.5199088878760902
2026-02-17 03:40:00+00:00,0,0.5100872796893499
2026-02-17 03:45:00+00:00,1,0.5167861576325644
2026-02-17 03:50:00+00:00,1,0.5178038572479008
2026-02-17 03:55:00+00:00,1,0.5139777943098698
2026-02-17 04:00:00+00:00,0,0.5104637240633108
2026-02-17 04:05:00+00:00,1,0.5153933785646821
2026-02-17 04:10:00+00:00,1,0.5120059363236832
2026-02-17 04:15:00+00:00,1,0.510428577645056
2026-02-17 04:20:00+00:00,0,0.49764030436652634
2026-02-17 04:25:00+00:00,0,0.5061793095525067
2026-02-17 04:30:00+00:00,1,0.5177891667091367
2026-02-17 04:35:00+00:00,0,0.5106715500921958
2026-02-17 04:40:00+00:00,0,0.5093859334216433
2026-02-17 04:45:00+00:00,0,0.5098302562396394
2026-02-17 04:50:00+00:00,0,0.5178783552005614
2026-02-17 04:55:00+00:00,0,0.5067047852042422
2026-02-17 05:00:00+00:00,0,0.508080349079956
2026-02-17 05:05:00+00:00,0,0.5120524908182593
2026-02-17 05:10:00+00:00,0,0.5143460981281691
2026-02-17 05:15:00+00:00,0,0.5208760708506461
2026-02-17 05:20:00+00:00,0,0.5238084981978378
2026-02-17 05:25:00+00:00,1,0.5220832921529358
2026-02-17 05:30:00+00:00,1,0.5269445634517095
2026-02-17 05:35:00+00:00,1,0.5196684423803313
2026-02-17 05:40:00+00:00,1,0.5134858794651661
2026-02-17 05:45:00+00:00,0,0.5115018277537476
2026-02-17 05:50:00+00:00,1,0.5129157534806167
2026-02-17 05:55:00+00:00,1,0.5056160107149508
2026-02-17 06:00:00+00:00,1,0.5071199407790353
2026-02-17 06:05:00+00:00,0,0.5052389923058233
2026-02-17 06:10:00+00:00,1,0.5080778919207302
2026-02-17 06:15:00+00:00,1,0.5074779295615353
2026-02-17 06:20:00+00:00,1,0.5035072971383303
2026-02-17 06:25:00+00:00,0,0.4942618096542684
2026-02-17 06:30:00+00:00,0,0.5031479512913526
2026-02-17 06:35:00+00:00,0,0.5063011736479551
2026-02-17 06:40:00+00:00,0,0.4960435430900881
2026-02-17 06:45:00+00:00,0,0.49995718110864323
2026-02-17 06:50:00+00:00,0,0.4989452119708729
2026-02-17 06:55:00+00:00,0,0.49926144251683535
2026-02-17 07:00:00+00:00,0,0.5009198999687073
2026-02-17 07:05:00+00:00,1,0.5027512448945777
2026-02-17 07:10:00+00:00,1,0.503338931819823
2026-02-17 07:15:00+00:00,1,0.5030106835327433
2026-02-17 07:20:00+00:00,1,0.5038508377512723
2026-02-17 07:25:00+00:00,0,0.5118803398515326
2026-02-17 07:30:00+00:00,1,0.5109007040749804
2026-02-17 07:35:00+00:00,1,0.4919079370965711
2026-02-17 07:40:00+00:00,0,0.49744875783312964
2026-02-17 07:45:00+00:00,0,0.5092810099510078
2026-02-17 07:50:00+00:00,0,0.5078465688823649
2026-02-17 07:55:00+00:00,1,0.5165944024786177
2026-02-17 08:00:00+00:00,0,0.4880204960827453
2026-02-17 08:05:00+00:00,0,0.49161859553517995
2026-02-17 08:10:00+00:00,0,0.5036119482526035
2026-02-17 08:15:00+00:00,0,0.5043232374973213
2026-02-17 08:20:00+00:00,0,0.5052280827211943
2026-02-17 08:25:00+00:00,0,0.5007151835635255
2026-02-17 08:30:00+00:00,0,0.5043416562935585
2026-02-17 08:35:00+00:00,0,0.5203010800655773
2026-02-17 08:40:00+00:00,0,0.5074984413805942
2026-02-17 08:45:00+00:00,0,0.5120465096089531
2026-02-17 08:50:00+00:00,0,0.509860844590697
2026-02-17 08:55:00+00:00,0,0.5084401928719954
2026-02-17 09:00:00+00:00,0,0.4984905221706614
2026-02-17 09:05:00+00:00,0,0.5102145187317749
2026-02-17 09:10:00+00:00,1,0.5133664863909233
2026-02-17 09:15:00+00:00,1,0.5144965522402355
2026-02-17 09:20:00+00:00,1,0.5082730533654373
2026-02-17 09:25:00+00:00,1,0.5074822598120918
2026-02-17 09:30:00+00:00,1,0.508472675904494
2026-02-17 09:35:00+00:00,1,0.5027098447159686
2026-02-17 09:40:00+00:00,1,0.5021724313871879
2026-02-17 09:45:00+00:00,0,0.504594248118831
2026-02-17 09:50:00+00:00,0,0.4972288573363247
2026-02-17 09:55:00+00:00,0,0.4990150067503069
2026-02-17 10:00:00+00:00,0,0.5070824800722662
2026-02-17 10:05:00+00:00,0,0.4948461043521305
2026-02-17 10:10:00+00:00,0,0.5050083802154458
2026-02-17 10:15:00+00:00,1,0.525035173863348
2026-02-17 10:20:00+00:00,0,0.5109885641917875
2026-02-17 10:25:00+00:00,1,0.5180243399584575
2026-02-17 10:30:00+00:00,1,0.5125863520469585
2026-02-17 10:35:00+00:00,1,0.5126027433373208
2026-02-17 10:40:00+00:00,1,0.49945803801628724
2026-02-17 10:45:00+00:00,1,0.5029261526328839
2026-02-17 10:50:00+00:00,1,0.49888478745903864
2026-02-17 10:55:00+00:00,1,0.497420078406087
2026-02-17 11:00:00+00:00,1,0.5001716027556385
2026-02-17 11:05:00+00:00,1,0.4911116331029116
2026-02-17 11:10:00+00:00,0,0.4792482897283272
2026-02-17 11:15:00+00:00,0,0.4825485941344988
2026-02-17 11:20:00+00:00,1,0.4797401671624641
2026-02-17 11:25:00+00:00,0,0.47536594837167057
2026-02-17 11:30:00+00:00,0,0.48264551359397617
2026-02-17 11:35:00+00:00,1,0.4879399434767421
2026-02-17 11:40:00+00:00,1,0.49128162256292196
2026-02-17 11:45:00+00:00,1,0.4918126398706605
2026-02-17 11:50:00+00:00,1,0.4867431643561194
2026-02-17 11:55:00+00:00,1,0.48493751045562994
2026-02-17 12:00:00+00:00,1,0.48675444848015015
2026-02-17 12:05:00+00:00,1,0.47433954913448506
2026-02-17 12:10:00+00:00,1,0.47321537077342435
2026-02-17 12:15:00+00:00,1,0.4776174196346089
2026-02-17 12:20:00+00:00,0,0.4770892936774026
2026-02-17 12:25:00+00:00,0,0.4743411927356987
2026-02-17 12:30:00+00:00,0,0.4783805394714258
2026-02-17 12:35:00+00:00,0,0.47291121400235375
2026-02-17 12:40:00+00:00,1,0.48493640396860077
2026-02-17 12:45:00+00:00,1,0.4909481068759936
2026-02-17 12:50:00+00:00,1,0.4951062008711059
2026-02-17 12:55:00+00:00,1,0.5147978751236255
2026-02-17 13:00:00+00:00,1,0.5159973333587022
2026-02-17 13:05:00+00:00,1,0.4938386195868426
2026-02-17 13:10:00+00:00,0,0.4772968145062073
2026-02-17 13:15:00+00:00,1,0.4828126478011271
2026-02-17 13:20:00+00:00,1,0.4716149094460517
2026-02-17 13:25:00+00:00,1,0.47273272589754195
2026-02-17 13:30:00+00:00,1,0.48179318357260376
2026-02-17 13:35:00+00:00,1,0.47516578515254504
2026-02-17 13:40:00+00:00,1,0.4824799484885751
2026-02-17 13:45:00+00:00,1,0.4938045851687024
2026-02-17 13:50:00+00:00,0,0.4687159241917752
2026-02-17 13:55:00+00:00,0,0.4733809145437091
2026-02-17 14:00:00+00:00,1,0.47122073627051186
2026-02-17 14:05:00+00:00,0,0.47351419084788177
2026-02-17 14:10:00+00:00,0,0.4736363169272134
2026-02-17 14:15:00+00:00,0,0.4769976724750287
2026-02-17 14:20:00+00:00,0,0.48636183999714344
2026-02-17 14:25:00+00:00,0,0.48677723676840806
2026-02-17 14:30:00+00:00,0,0.4675039820505441
2026-02-17 14:35:00+00:00,0,0.492182921876963
2026-02-17 14:40:00+00:00,0,0.5351367263089627
2026-02-17 14:45:00+00:00,1,0.5234163754465541
2026-02-17 14:50:00+00:00,1,0.5340936463012975
2026-02-17 14:55:00+00:00,1,0.5286280911061287
2026-02-17 15:00:00+00:00,0,0.5136573988824904
2026-02-17 15:05:00+00:00,0,0.5055507889131027
2026-02-17 15:10:00+00:00,1,0.5088464152064445
2026-02-17 15:15:00+00:00,0,0.4991152416237603
2026-02-17 15:20:00+00:00,1,0.5038772405271359
2026-02-17 15:25:00+00:00,1,0.5082505065011265
2026-02-17 15:30:00+00:00,1,0.5121303466866992
2026-02-17 15:35:00+00:00,1,0.5054499366661173
2026-02-17 15:40:00+00:00,1,0.503189521542591
2026-02-17 15:45:00+00:00,1,0.4990490315137412
2026-02-17 15:50:00+00:00,1,0.49066560089534633
2026-02-17 15:55:00+00:00,1,0.4902310679255935
2026-02-17 16:00:00+00:00,1,0.49621616955394854
2026-02-17 16:05:00+00:00,1,0.49028029042858773
2026-02-17 16:10:00+00:00,1,0.48554548709105755
2026-02-17 16:15:00+00:00,0,0.47753797179160146
2026-02-17 16:20:00+00:00,1,0.48103044474100454
2026-02-17 16:25:00+00:00,1,0.48568435185426195
2026-02-17 16:30:00+00:00,0,0.47932083391797986
2026-02-17 16:35:00+00:00,0,0.4881839657331323
2026-02-17 16:40:00+00:00,0,0.47992353509362323
2026-02-17 16:45:00+00:00,0,0.4837487662560421
2026-02-17 16:50:00+00:00,0,0.4773828543203084
2026-02-17 16:55:00+00:00,0,0.48775124199381154
2026-02-17 17:00:00+00:00,0,0.4883370884367946
2026-02-17 17:05:00+00:00,0,0.4917004410950362
2026-02-17 17:10:00+00:00,0,0.5214668075683795
2026-02-17 17:15:00+00:00,0,0.5128572409349438
2026-02-17 17:20:00+00:00,0,0.5196650699782425
2026-02-17 17:25:00+00:00,0,0.5156152620099035
2026-02-17 17:30:00+00:00,0,0.5278329693386875
2026-02-17 17:35:00+00:00,1,0.5184422276388495
2026-02-17 17:40:00+00:00,1,0.5263586593067017
2026-02-17 17:45:00+00:00,1,0.5290670009727536
2026-02-17 17:50:00+00:00,1,0.5195419643598925
2026-02-17 17:55:00+00:00,1,0.5088344577228596
2026-02-17 18:00:00+00:00,1,0.5154326859744778
2026-02-17 18:05:00+00:00,1,0.5070312627475988
2026-02-17 18:10:00+00:00,1,0.5080916131783664
2026-02-17 18:15:00+00:00,1,0.5099157379303071
2026-02-17 18:20:00+00:00,1,0.49911365336680336
2026-02-17 18:25:00+00:00,0,0.48587828834671726
2026-02-17 18:30:00+00:00,1,0.4888242566720829
2026-02-17 18:35:00+00:00,1,0.48739926556947955
2026-02-17 18:40:00+00:00,1,0.4827657371806587
2026-02-17 18:45:00+00:00,0,0.4802054533494097
2026-02-17 18:50:00+00:00,0,0.47529887817959604
2026-02-17 18:55:00+00:00,0,0.47533278063145645
2026-02-17 19:00:00+00:00,0,0.47351195274747754
2026-02-17 19:05:00+00:00,0,0.48021563725724586
2026-02-17 19:10:00+00:00,0,0.4723176200560849
2026-02-17 19:15:00+00:00,0,0.47820289997324233
2026-02-17 19:20:00+00:00,0,0.4794375036619614
2026-02-17 19:25:00+00:00,0,0.4900911164359324
2026-02-17 19:30:00+00:00,0,0.4875536018524635
2026-02-17 19:35:00+00:00,0,0.5077738765291466
2026-02-17 19:40:00+00:00,0,0.4912245947677653
2026-02-17 19:45:00+00:00,0,0.5088475756425564
2026-02-17 19:50:00+00:00,0,0.5031516882825356
2026-02-17 19:55:00+00:00,0,0.5027897516751401
2026-02-17 20:00:00+00:00,0,0.5119296150462577
2026-02-17 20:05:00+00:00,0,0.5200393475430386
2026-02-17 20:10:00+00:00,1,0.516029684512607
2026-02-17 20:15:00+00:00,1,0.5161968956799523
2026-02-17 20:20:00+00:00,1,0.519164621856574
2026-02-17 20:25:00+00:00,0,0.5127738627624648
2026-02-17 20:30:00+00:00,0,0.512698943025548
2026-02-17 20:35:00+00:00,0,0.5119939226307425
2026-02-17 20:40:00+00:00,1,0.5097098386266352
2026-02-17 20:45:00+00:00,1,0.5115656088753948
2026-02-17 20:50:00+00:00,1,0.5138046137893103
2026-02-17 20:55:00+00:00,1,0.5128594489501728
2026-02-17 21:00:00+00:00,1,0.5115425377708875
2026-02-17 21:05:00+00:00,1,0.5132423969091344
2026-02-17 21:10:00+00:00,0,0.502154338671971
2026-02-17 21:15:00+00:00,0,0.5059232596092786
2026-02-17 21:20:00+00:00,1,0.5126179633898259
2026-02-17 21:25:00+00:00,1,0.5117786149257816
2026-02-17 21:30:00+00:00,1,0.509429991559664
2026-02-17 21:35:00+00:00,1,0.5128840968455693
2026-02-17 21:40:00+00:00,1,0.5047054333924101
2026-02-17 21:45:00+00:00,1,0.5002602410733613
2026-02-17 21:50:00+00:00,1,0.5036024252804643
2026-02-17 21:55:00+00:00,1,0.48980415703991004
2026-02-17 22:00:00+00:00,1,0.4742977247444963
2026-02-17 22:05:00+00:00,1,0.47940088386502
2026-02-17 22:10:00+00:00,1,0.48463246153982764
2026-02-17 22:15:00+00:00,0,0.47970619329281494
2026-02-17 22:20:00+00:00,0,0.4788611871461968
2026-02-17 22:25:00+00:00,0,0.48552915888853804
2026-02-17 22:30:00+00:00,0,0.4844542859301144
2026-02-17 22:35:00+00:00,0,0.48102610375937427
2026-02-17 22:40:00+00:00,0,0.47868191062670845
2026-02-17 22:45:00+00:00,0,0.48988788383535353
2026-02-17 22:50:00+00:00,1,0.5160696856764078
2026-02-17 22:55:00+00:00,0,0.5172276059516685
2026-02-17 23:00:00+00:00,0,0.5074968721467884
2026-02-17 23:05:00+00:00,0,0.5203522643360778
2026-02-17 23:10:00+00:00,1,0.5056018313359814
2026-02-17 23:15:00+00:00,0,0.5043514003562862
2026-02-17 23:20:00+00:00,0,0.5037952376704307
2026-02-17 23:25:00+00:00,1,0.5192431551599171
2026-02-17 23:30:00+00:00,1,0.5195566947647825
2026-02-17 23:35:00+00:00,1,0.5148403593536097
2026-02-17 23:40:00+00:00,1,0.5125367841409189
2026-02-17 23:45:00+00:00,1,0.518439623502191
2026-02-17 23:50:00+00:00,0,0.5152251093747275
2026-02-17 23:55:00+00:00,1,0.5112330080533115
2026-02-18 00:00:00+00:00,1,0.5102720830546511
2026-02-18 00:05:00+00:00,0,0.4942030986160467
2026-02-18 00:10:00+00:00,0,0.5116825126854151
2026-02-18 00:15:00+00:00,0,0.5130756566402312
2026-02-18 00:20:00+00:00,0,0.5139918801203945
2026-02-18 00:25:00+00:00,0,0.5115009765370654
2026-02-18 00:30:00+00:00,0,0.5127608214230491
2026-02-18 00:35:00+00:00,0,0.501191955532758
2026-02-18 00:40:00+00:00,0,0.5138205481206418
2026-02-18 00:45:00+00:00,0,0.5176368752206814
2026-02-18 00:50:00+00:00,0,0.5206336737394955
2026-02-18 00:55:00+00:00,0,0.5256496691451714
2026-02-18 01:00:00+00:00,0,0.5318177638961933
2026-02-18 01:05:00+00:00,0,0.5286205419382926
2026-02-18 01:10:00+00:00,1,0.5235587106842605
2026-02-18 01:15:00+00:00,0,0.5182635332954871
2026-02-18 01:20:00+00:00,0,0.5190530761025177
2026-02-18 01:25:00+00:00,1,0.5116676439137623
2026-02-18 01:30:00+00:00,1,0.5227869151805389
2026-02-18 01:35:00+00:00,1,0.5153026935752603
2026-02-18 01:40:00+00:00,1,0.5125343298069747
2026-02-18 01:45:00+00:00,1,0.5175245829263334
2026-02-18 01:50:00+00:00,1,0.5158809937532777
2026-02-18 01:55:00+00:00,1,0.509680175906262
2026-02-18 02:00:00+00:00,1,0.510339506816154
2026-02-18 02:05:00+00:00,1,0.48927726042712405
2026-02-18 02:10:00+00:00,1,0.4926372653903042
2026-02-18 02:15:00+00:00,1,0.5049192881678543
2026-02-18 02:20:00+00:00,1,0.5028109746973927
2026-02-18 02:25:00+00:00,1,0.5027569585087371
2026-02-18 02:30:00+00:00,1,0.4798181309084785
2026-02-18 02:35:00+00:00,0,0.4809982183472608
2026-02-18 02:40:00+00:00,1,0.4828565941685688
2026-02-18 02:45:00+00:00,1,0.4874785349158003
2026-02-18 02:50:00+00:00,1,0.4820170734996144
2026-02-18 02:55:00+00:00,1,0.49045454329959415
2026-02-18 03:00:00+00:00,1,0.4728321914913924
2026-02-18 03:05:00+00:00,1,0.4820907694272993
2026-02-18 03:10:00+00:00,1,0.4761857092838745
2026-02-18 03:15:00+00:00,1,0.473455621547981
2026-02-18 03:20:00+00:00,1,0.48108597891812777
2026-02-18 03:25:00+00:00,0,0.47778494320644954
2026-02-18 03:30:00+00:00,0,0.4790805692013176
2026-02-18 03:35:00+00:00,0,0.47973142090538445
2026-02-18 03:40:00+00:00,0,0.479628291310441
2026-02-18 03:45:00+00:00,0,0.4841863760435408
2026-02-18 03:50:00+00:00,0,0.48761560302655443
2026-02-18 03:55:00+00:00,0,0.4856816817847881
2026-02-18 04:00:00+00:00,1,0.49017820248267535
2026-02-18 04:05:00+00:00,0,0.48697534317761754
2026-02-18 04:10:00+00:00,1,0.4919218962738174
2026-02-18 04:15:00+00:00,0,0.4942263224968405
2026-02-18 04:20:00+00:00,1,0.4983041355763818
2026-02-18 04:25:00+00:00,0,0.5071044307943555
2026-02-18 04:30:00+00:00,0,0.4937779428172046
2026-02-18 04:35:00+00:00,0,0.4950455700915842
2026-02-18 04:40:00+00:00,0,0.49405547454430004
2026-02-18 04:45:00+00:00,1,0.5009591532457943
2026-02-18 04:50:00+00:00,1,0.4911500866023023
2026-02-18 04:55:00+00:00,0,0.5155602535055539
2026-02-18 05:00:00+00:00,0,0.5157778839909724
2026-02-18 05:05:00+00:00,1,0.5152795521930188
2026-02-18 05:10:00+00:00,1,0.5107330684887262
2026-02-18 05:15:00+00:00,1,0.4962438662349275
2026-02-18 05:20:00+00:00,0,0.49987590926380043
2026-02-18 05:25:00+00:00,1,0.5155327283546681
2026-02-18 05:30:00+00:00,0,0.5143835500689135
2026-02-18 05:35:00+00:00,0,0.5136440165614653
2026-02-18 05:40:00+00:00,0,0.5103724551534868
2026-02-18 05:45:00+00:00,0,0.4939974054696866
2026-02-18 05:50:00+00:00,0,0.5071558410436607
2026-02-18 05:55:00+00:00,0,0.5119726742178154
2026-02-18 06:00:00+00:00,1,0.5183244244465759
2026-02-18 06:05:00+00:00,1,0.516066270278329
2026-02-18 06:10:00+00:00,1,0.5200413501792153
2026-02-18 06:15:00+00:00,1,0.521743758210495
2026-02-18 06:20:00+00:00,0,0.5120114760889616
2026-02-18 06:25:00+00:00,0,0.5102314690692428
2026-02-18 06:30:00+00:00,0,0.5123625299898676
2026-02-18 06:35:00+00:00,0,0.5108609853382737
2026-02-18 06:40:00+00:00,0,0.5103174903474172
2026-02-18 06:45:00+00:00,0,0.5045890456308388
2026-02-18 06:50:00+00:00,0,0.5136315612396244
2026-02-18 06:55:00+00:00,0,0.515151948603832
2026-02-18 07:00:00+00:00,0,0.5094227031470947
2026-02-18 07:05:00+00:00,1,0.5114599145903994
2026-02-18 07:10:00+00:00,1,0.5115637904337197
2026-02-18 07:15:00+00:00,1,0.5096296087123287
2026-02-18 07:20:00+00:00,1,0.5117820804463405
2026-02-18 07:25:00+00:00,1,0.5047108709981177
2026-02-18 07:30:00+00:00,1,0.5026244084765941
2026-02-18 07:35:00+00:00,1,0.47845516177649267
2026-02-18 07:40:00+00:00,1,0.4732188512400526
2026-02-18 07:45:00+00:00,1,0.4788819011697068
2026-02-18 07:50:00+00:00,1,0.47517432665146675
2026-02-18 07:55:00+00:00,1,0.4784420169000441
2026-02-18 08:00:00+00:00,1,0.46986274965288716
2026-02-18 08:05:00+00:00,1,0.47249070545353156
2026-02-18 08:10:00+00:00,1,0.473387033363747
2026-02-18 08:15:00+00:00,0,0.46899248905774804
2026-02-18 08:20:00+00:00,0,0.4667426555723393
2026-02-18 08:25:00+00:00,0,0.46991396274117325
2026-02-18 08:30:00+00:00,0,0.470068297198878
2026-02-18 08:35:00+00:00,0,0.47270902713452334
2026-02-18 08:40:00+00:00,1,0.4783173661548333
2026-02-18 08:45:00+00:00,0,0.47938787210640355
2026-02-18 08:50:00+00:00,1,0.47885778700856885
2026-02-18 08:55:00+00:00,1,0.4861549976619798
2026-02-18 09:00:00+00:00,1,0.4825352903785634
2026-02-18 09:05:00+00:00,1,0.4822273804179043
2026-02-18 09:10:00+00:00,1,0.48171554064450967
2026-02-18 09:15:00+00:00,0,0.48411420442848657
2026-02-18 09:20:00+00:00,0,0.4830834275993033
2026-02-18 09:25:00+00:00,0,0.4865759835899606
2026-02-18 09:30:00+00:00,0,0.4805484536101585
2026-02-18 09:35:00+00:00,1,0.48319916855674894
2026-02-18 09:40:00+00:00,1,0.48619016614411253
2026-02-18 09:45:00+00:00,1,0.5066479944445257
2026-02-18 09:50:00+00:00,1,0.4990165823600472
2026-02-18 09:55:00+00:00,1,0.5053086161854532
2026-02-18 10:00:00+00:00,0,0.48950034152329175
2026-02-18 10:05:00+00:00,0,0.49217746933513856
2026-02-18 10:10:00+00:00,0,0.4939418159839012
2026-02-18 10:15:00+00:00,0,0.5072712876322474
2026-02-18 10:20:00+00:00,0,0.5028571671984804
2026-02-18 10:25:00+00:00,0,0.5107246017542751
2026-02-18 10:30:00+00:00,0,0.5216741050084656
2026-02-18 10:35:00+00:00,0,0.5222682736675768
2026-02-18 10:40:00+00:00,0,0.525017523560329
2026-02-18 10:45:00+00:00,0,0.5271387864951133
2026-02-18 10:50:00+00:00,0,0.5248106508011037
2026-02-18 10:55:00+00:00,0,0.513003895455571
2026-02-18 11:00:00+00:00,0,0.5151794274757674
2026-02-18 11:05:00+00:00,1,0.5326276226513584
2026-02-18 11:10:00+00:00,0,0.5126845090181544
2026-02-18 11:15:00+00:00,0,0.5056597093770071
2026-02-18 11:20:00+00:00,0,0.5081749001177119
2026-02-18 11:25:00+00:00,0,0.5020544369223653
2026-02-18 11:30:00+00:00,0,0.49464572747192986
2026-02-18 11:35:00+00:00,0,0.5116240298487883
2026-02-18 11:40:00+00:00,0,0.5096165214402266
2026-02-18 11:45:00+00:00,0,0.5174170483780282
2026-02-18 11:50:00+00:00,0,0.5094540849953735
2026-02-18 11:55:00+00:00,1,0.5185427639730964
2026-02-18 12:00:00+00:00,0,0.5127397276348982
2026-02-18 12:05:00+00:00,0,0.5102772443493839
2026-02-18 12:10:00+00:00,0,0.5026079162786882
2026-02-18 12:15:00+00:00,0,0.5049167627491121
2026-02-18 12:20:00+00:00,0,0.5021398463387053
2026-02-18 12:25:00+00:00,0,0.49532078212143366
2026-02-18 12:30:00+00:00,0,0.5184378168959922
2026-02-18 12:35:00+00:00,0,0.5063823488814749
2026-02-18 12:40:00+00:00,0,0.5069580970212879
2026-02-18 12:45:00+00:00,0,0.5029156082722884
2026-02-18 12:50:00+00:00,0,0.5079214690417768
2026-02-18 12:55:00+00:00,1,0.5103114582993268
2026-02-18 13:00:00+00:00,1,0.5110261544621839
2026-02-18 13:05:00+00:00,1,0.510973154279762
2026-02-18 13:10:00+00:00,0,0.5065047537790109
2026-02-18 13:15:00+00:00,0,0.5120660780446261
2026-02-18 13:20:00+00:00,0,0.506201449638494
2026-02-18 13:25:00+00:00,0,0.5008691176302323
2026-02-18 13:30:00+00:00,0,0.5031836472791501
2026-02-18 13:35:00+00:00,0,0.5047619947115312
2026-02-18 13:40:00+00:00,0,0.5104233259039244
2026-02-18 13:45:00+00:00,1,0.519625222121728
2026-02-18 13:50:00+00:00,1,0.5158760090704106
2026-02-18 13:55:00+00:00,0,0.5159162357078684
2026-02-18 14:00:00+00:00,0,0.5116479367126961
2026-02-18 14:05:00+00:00,1,0.5068344822274694
2026-02-18 14:10:00+00:00,0,0.4994285502968601
2026-02-18 14:15:00+00:00,0,0.504478679873296
2026-02-18 14:20:00+00:00,1,0.5040622734818357
2026-02-18 14:25:00+00:00,1,0.513343403267123
2026-02-18 14:30:00+00:00,1,0.5090920780192948
2026-02-18 14:35:00+00:00,1,0.5035101268415838
2026-02-18 14:40:00+00:00,1,0.5078920638086445
2026-02-18 14:45:00+00:00,1,0.5186767935756289
2026-02-18 14:50:00+00:00,1,0.48554670019704205
2026-02-18 14:55:00+00:00,1,0.4985138416778371
2026-02-18 15:00:00+00:00,0,0.47421962356252606
2026-02-18 15:05:00+00:00,1,0.4765233288729292
2026-02-18 15:10:00+00:00,1,0.47441630510342553
2026-02-18 15:15:00+00:00,1,0.4781631254613601
2026-02-18 15:20:00+00:00,1,0.47551756866240097
2026-02-18 15:25:00+00:00,1,0.4783615829547358
2026-02-18 15:30:00+00:00,0,0.4777687943257099
2026-02-18 15:35:00+00:00,0,0.4841787582805351
2026-02-18 15:40:00+00:00,0,0.4766467825530939
2026-02-18 15:45:00+00:00,0,0.47340498892911925
2026-02-18 15:50:00+00:00,0,0.47512890926606094
2026-02-18 15:55:00+00:00,0,0.4785875089980142
2026-02-18 16:00:00+00:00,0,0.48465816449399596
2026-02-18 16:05:00+00:00,0,0.5202729223897954
2026-02-18 16:10:00+00:00,1,0.5153621437672983
2026-02-18 16:15:00+00:00,0,0.5120009171698662
2026-02-18 16:20:00+00:00,0,0.5081674703785339
2026-02-18 16:25:00+00:00,0,0.4960886924751321
2026-02-18 16:30:00+00:00,1,0.5162001070907957
2026-02-18 16:35:00+00:00,1,0.5112241421239646
2026-02-18 16:40:00+00:00,1,0.5081257800179103
2026-02-18 16:45:00+00:00,1,0.5160102270255774
2026-02-18 16:50:00+00:00,1,0.5176225701829417
2026-02-18 16:55:00+00:00,1,0.5004008173424235
2026-02-18 17:00:00+00:00,1,0.49986811793788866
2026-02-18 17:05:00+00:00,0,0.48530028040782763
2026-02-18 17:10:00+00:00,0,0.5096706153199863
2026-02-18 17:15:00+00:00,0,0.49668910109485054
2026-02-18 17:20:00+00:00,0,0.502370185797145
2026-02-18 17:25:00+00:00,0,0.5056522342197957
2026-02-18 17:30:00+00:00,0,0.503713810741937
2026-02-18 17:35:00+00:00,0,0.4995975329100781
2026-02-18 17:40:00+00:00,1,0.5065022776252577
2026-02-18 17:45:00+00:00,0,0.4967663871047839
2026-02-18 17:50:00+00:00,0,0.5069730288210106
2026-02-18 17:55:00+00:00,0,0.5030403516111036
2026-02-18 18:00:00+00:00,0,0.49421065707576867
2026-02-18 18:05:00+00:00,0,0.4698125428481851
2026-02-18 18:10:00+00:00,0,0.48361317353564215
2026-02-18 18:15:00+00:00,0,0.5237984410084902
2026-02-18 18:20:00+00:00,0,0.523280082644935
2026-02-18 18:25:00+00:00,0,0.5160920881751534
2026-02-18 18:30:00+00:00,0,0.5136601350934524
2026-02-18 18:35:00+00:00,0,0.5166438854060006
2026-02-18 18:40:00+00:00,0,0.5289909654229515
2026-02-18 18:45:00+00:00,0,0.5133953943161679
2026-02-18 18:50:00+00:00,0,0.5207143528390886
2026-02-18 18:55:00+00:00,0,0.5201536075451231
2026-02-18 19:00:00+00:00,0,0.5161554576606548
2026-02-18 19:05:00+00:00,0,0.508132468735445
2026-02-18 19:10:00+00:00,0,0.5193887384297036
2026-02-18 19:15:00+00:00,0,0.5182835273268459
2026-02-18 19:20:00+00:00,0,0.520608335574534
2026-02-18 19:25:00+00:00,0,0.5209958038564839
2026-02-18 19:30:00+00:00,1,0.5289502036708502
2026-02-18 19:35:00+00:00,1,0.5261107413612474
2026-02-18 19:40:00+00:00,1,0.5196268162297714
2026-02-18 19:45:00+00:00,0,0.5134485518503561
2026-02-18 19:50:00+00:00,1,0.5107027030257596
2026-02-18 19:55:00+00:00,0,0.504847586948193
2026-02-18 20:00:00+00:00,1,0.5099451621166613
2026-02-18 20:05:00+00:00,1,0.5105467047136053
2026-02-18 20:10:00+00:00,1,0.5138521557129402
2026-02-18 20:15:00+00:00,1,0.5098654955763506
2026-02-18 20:20:00+00:00,1,0.510393433108444
2026-02-18 20:25:00+00:00,1,0.5139627773502136
2026-02-18 20:30:00+00:00,0,0.5021894229479594
2026-02-18 20:35:00+00:00,0,0.4965095935669545
2026-02-18 20:40:00+00:00,0,0.49579635597449606
2026-02-18 20:45:00+00:00,0,0.49657102181502555
2026-02-18 20:50:00+00:00,0,0.5058057661644876
2026-02-18 20:55:00+00:00,1,0.5121896905090585
2026-02-18 21:00:00+00:00,1,0.5184177010989978
2026-02-18 21:05:00+00:00,1,0.5193114246812723
2026-02-18 21:10:00+00:00,1,0.511721964745101
2026-02-18 21:15:00+00:00,1,0.499871503093098
2026-02-18 21:20:00+00:00,0,0.5011981920364323
2026-02-18 21:25:00+00:00,0,0.5001689083528253
2026-02-18 21:30:00+00:00,0,0.49124763415432604
2026-02-18 21:35:00+00:00,0,0.5064967919561532
2026-02-18 21:40:00+00:00,0,0.5089448073425881
2026-02-18 21:45:00+00:00,0,0.5089034630252677
2026-02-18 21:50:00+00:00,0,0.5220687421300052
2026-02-18 21:55:00+00:00,0,0.5172470553217863
2026-02-18 22:00:00+00:00,0,0.5162144275097468
2026-02-18 22:05:00+00:00,0,0.5173224832304945
2026-02-18 22:10:00+00:00,1,0.5250087730453288
2026-02-18 22:15:00+00:00,1,0.5124589275606394
2026-02-18 22:20:00+00:00,1,0.5163435226091181
2026-02-18 22:25:00+00:00,1,0.5135474614334686
2026-02-18 22:30:00+00:00,0,0.5137773631612859
2026-02-18 22:35:00+00:00,0,0.5081978356544847
2026-02-18 22:40:00+00:00,1,0.5119719494284658
2026-02-18 22:45:00+00:00,0,0.5042836460100508
2026-02-18 22:50:00+00:00,0,0.5083771532435857
2026-02-18 22:55:00+00:00,0,0.5089219809843053
2026-02-18 23:00:00+00:00,1,0.5145589078100232
2026-02-18 23:05:00+00:00,1,0.5109019904551105
2026-02-18 23:10:00+00:00,1,0.5085368340352211
2026-02-18 23:15:00+00:00,1,0.5140893358254897
2026-02-18 23:20:00+00:00,1,0.5159750749388708
2026-02-18 23:25:00+00:00,1,0.5143037892891136
2026-02-18 23:30:00+00:00,1,0.5100374613522345
2026-02-18 23:35:00+00:00,1,0.5124620212034895
2026-02-18 23:40:00+00:00,0,0.5084767440075425
2026-02-18 23:45:00+00:00,1,0.4913795519933909
2026-02-18 23:50:00+00:00,0,0.4822256336467268
2026-02-18 23:55:00+00:00,0,0.49019657613291817
2026-02-19 00:00:00+00:00,0,0.5033501995804133
2026-02-19 00:05:00+00:00,0,0.488744108837108
2026-02-19 00:10:00+00:00,1,0.5145589244820555
2026-02-19 00:15:00+00:00,0,0.4844661309226121
2026-02-19 00:20:00+00:00,0,0.5121169304353091
2026-02-19 00:25:00+00:00,0,0.4964214101514747
2026-02-19 00:30:00+00:00,1,0.5138443433628177
2026-02-19 00:35:00+00:00,1,0.49687079987905064
2026-02-19 00:40:00+00:00,1,0.4858993306512993
2026-02-19 00:45:00+00:00,1,0.5109164736298014
2026-02-19 00:50:00+00:00,1,0.5154810566463869
2026-02-19 00:55:00+00:00,1,0.5140788190570096
2026-02-19 01:00:00+00:00,1,0.48897173983854886
2026-02-19 01:05:00+00:00,1,0.5006706393250925
2026-02-19 01:10:00+00:00,1,0.4791632901718614
2026-02-19 01:15:00+00:00,1,0.4820200548720925
2026-02-19 01:20:00+00:00,1,0.48338959216315336
2026-02-19 01:25:00+00:00,1,0.4933652426068029
2026-02-19 01:30:00+00:00,1,0.4841944536593725
2026-02-19 01:35:00+00:00,1,0.49517172998478065
2026-02-19 01:40:00+00:00,1,0.4708371857543388
2026-02-19 01:45:00+00:00,1,0.47155787542500255
2026-02-19 01:50:00+00:00,1,0.4715750757064597
2026-02-19 01:55:00+00:00,1,0.4763032677620174
2026-02-19 02:00:00+00:00,0,0.475689071762444
2026-02-19 02:05:00+00:00,0,0.4738775911375454
2026-02-19 02:10:00+00:00,0,0.47838998628646046
2026-02-19 02:15:00+00:00,0,0.47329973451407226
2026-02-19 02:20:00+00:00,0,0.4785623634944557
2026-02-19 02:25:00+00:00,0,0.4794617411044687
2026-02-19 02:30:00+00:00,1,0.48385875367349496
2026-02-19 02:35:00+00:00,1,0.504681954211208
2026-02-19 02:40:00+00:00,1,0.5080606255516341
2026-02-19 02:45:00+00:00,1,0.5039774606258199
2026-02-19 02:50:00+00:00,1,0.5181876687629077
2026-02-19 02:55:00+00:00,1,0.48430262943621066
2026-02-19 03:00:00+00:00,0,0.48256698732280684
2026-02-19 03:05:00+00:00,1,0.503014353450964
2026-02-19 03:10:00+00:00,1,0.5063579763395182
2026-02-19 03:15:00+00:00,0,0.4861622994847631
2026-02-19 03:20:00+00:00,0,0.48330823041683363
2026-02-19 03:25:00+00:00,0,0.47741901649885293
2026-02-19 03:30:00+00:00,1,0.49320014295438164
2026-02-19 03:35:00+00:00,1,0.5114557374343679
2026-02-19 03:40:00+00:00,1,0.5074449571027482
2026-02-19 03:45:00+00:00,1,0.5133786772077205
2026-02-19 03:50:00+00:00,0,0.5083016789672465
2026-02-19 03:55:00+00:00,0,0.4961112146952307
2026-02-19 04:00:00+00:00,0,0.47694618973378805
2026-02-19 04:05:00+00:00,1,0.5045597295558372
2026-02-19 04:10:00+00:00,0,0.5053211301658374
2026-02-19 04:15:00+00:00,1,0.5009253775125448
2026-02-19 04:20:00+00:00,1,0.5124956716235907
2026-02-19 04:25:00+00:00,0,0.5043010674786539
2026-02-19 04:30:00+00:00,0,0.47932696886660703
2026-02-19 04:35:00+00:00,0,0.4829889866335444
2026-02-19 04:40:00+00:00,0,0.5096472622240721
2026-02-19 04:45:00+00:00,0,0.4838802776969111
2026-02-19 04:50:00+00:00,0,0.5004055419040944
2026-02-19 04:55:00+00:00,0,0.5097932402160457
2026-02-19 05:00:00+00:00,0,0.51643605599743
2026-02-19 05:05:00+00:00,0,0.5147767650253275
2026-02-19 05:10:00+00:00,0,0.5107716450575753
2026-02-19 05:15:00+00:00,0,0.5017784059443814
2026-02-19 05:20:00+00:00,1,0.5218884017410701
2026-02-19 05:25:00+00:00,1,0.5203451858848374
2026-02-19 05:30:00+00:00,1,0.5125365921842607
2026-02-19 05:35:00+00:00,1,0.5144209913412537
2026-02-19 05:40:00+00:00,1,0.5164258966557564
2026-02-19 05:45:00+00:00,1,0.5086373100704351
2026-02-19 05:50:00+00:00,1,0.5077568982147131
2026-02-19 05:55:00+00:00,1,0.507916795576583
2026-02-19 06:00:00+00:00,1,0.4961702658562649
2026-02-19 06:05:00+00:00,1,0.4922507729642603
2026-02-19 06:10:00+00:00,0,0.4987971082841341
2026-02-19 06:15:00+00:00,0,0.48680404226768914
2026-02-19 06:20:00+00:00,0,0.4811797894516705
2026-02-19 06:25:00+00:00,0,0.4814261481895562
2026-02-19 06:30:00+00:00,0,0.4845879244993556
2026-02-19 06:35:00+00:00,0,0.4810708580270073
2026-02-19 06:40:00+00:00,0,0.49955067613887316
2026-02-19 06:45:00+00:00,0,0.49214767849487867
2026-02-19 06:50:00+00:00,0,0.4899208020275947
2026-02-19 06:55:00+00:00,0,0.4993036216388706
2026-02-19 07:00:00+00:00,0,0.4987095739949291
2026-02-19 07:05:00+00:00,1,0.5064021809454627
2026-02-19 07:10:00+00:00,0,0.5015807107463989
2026-02-19 07:15:00+00:00,0,0.5060345733922078
2026-02-19 07:20:00+00:00,0,0.5053522894064575
2026-02-19 07:25:00+00:00,0,0.49099948501062624
2026-02-19 07:30:00+00:00,0,0.5028789936384
2026-02-19 07:35:00+00:00,0,0.5036766666446597
2026-02-19 07:40:00+00:00,0,0.5123295628651076
2026-02-19 07:45:00+00:00,0,0.5107098496994967
2026-02-19 07:50:00+00:00,0,0.511506839377752
2026-02-19 07:55:00+00:00,0,0.5084962666971481
2026-02-19 08:00:00+00:00,0,0.514192508923091
2026-02-19 08:05:00+00:00,0,0.5216508353850753
2026-02-19 08:10:00+00:00,0,0.525470034726812
2026-02-19 08:15:00+00:00,0,0.521075112717801
2026-02-19 08:20:00+00:00,0,0.5280430968050013
2026-02-19 08:25:00+00:00,0,0.530653485384214
2026-02-19 08:30:00+00:00,0,0.5419832539810686
2026-02-19 08:35:00+00:00,1,0.5356739585025628
2026-02-19 08:40:00+00:00,1,0.5278649719413483
2026-02-19 08:45:00+00:00,1,0.5276724607353149
2026-02-19 08:50:00+00:00,1,0.5363669561973813
2026-02-19 08:55:00+00:00,1,0.5226152057485975
2026-02-19 09:00:00+00:00,1,0.5114443720710536
2026-02-19 09:05:00+00:00,1,0.501933960857213
2026-02-19 09:10:00+00:00,1,0.5046392703448872
2026-02-19 09:15:00+00:00,0,0.49152539837597753
2026-02-19 09:20:00+00:00,0,0.48709887515444134
2026-02-19 09:25:00+00:00,0,0.4887132196606686
2026-02-19 09:30:00+00:00,0,0.48912010168707565
2026-02-19 09:35:00+00:00,0,0.49046890931309706
2026-02-19 09:40:00+00:00,0,0.48740391940949185
2026-02-19 09:45:00+00:00,1,0.5070052045892997
2026-02-19 09:50:00+00:00,1,0.49688177331182176
2026-02-19 09:55:00+00:00,1,0.5024064496528136
2026-02-19 10:00:00+00:00,1,0.5050917678619037
2026-02-19 10:05:00+00:00,1,0.49899693832761693
2026-02-19 10:10:00+00:00,1,0.48812454292723495
2026-02-19 10:15:00+00:00,0,0.48213869263288506
2026-02-19 10:20:00+00:00,0,0.47875433476164425
2026-02-19 10:25:00+00:00,0,0.4865794234035218
2026-02-19 10:30:00+00:00,0,0.47637411463312307
2026-02-19 10:35:00+00:00,0,0.476195178078712
2026-02-19 10:40:00+00:00,0,0.48335905567752563
2026-02-19 10:45:00+00:00,0,0.48479396250908197
2026-02-19 10:50:00+00:00,1,0.50218348565852
2026-02-19 10:55:00+00:00,0,0.4908698154805836
2026-02-19 11:00:00+00:00,0,0.4905392165136972
2026-02-19 11:05:00+00:00,0,0.4869672741620195
2026-02-19 11:10:00+00:00,0,0.4897528168592171
2026-02-19 11:15:00+00:00,0,0.48549789623942435
2026-02-19 11:20:00+00:00,0,0.49405433393037584
2026-02-19 11:25:00+00:00,0,0.4993315786635361
2026-02-19 11:30:00+00:00,0,0.500071354008099
2026-02-19 11:35:00+00:00,1,0.5162369893404395
2026-02-19 11:40:00+00:00,1,0.4975089776548329
2026-02-19 11:45:00+00:00,0,0.5068728645454108
2026-02-19 11:50:00+00:00,1,0.515149778368637
2026-02-19 11:55:00+00:00,1,0.5106692812890182
2026-02-19 12:00:00+00:00,1,0.5083736610604713
2026-02-19 12:05:00+00:00,1,0.5037272115537693
2026-02-19 12:10:00+00:00,0,0.5052813991396015
2026-02-19 12:15:00+00:00,1,0.5137520994832676
2026-02-19 12:20:00+00:00,0,0.5045966327026493
2026-02-19 12:25:00+00:00,0,0.4996439950547282
2026-02-19 12:30:00+00:00,0,0.4994803692875001
2026-02-19 12:35:00+00:00,0,0.5079676280182019
2026-02-19 12:40:00+00:00,0,0.5069384373749172
2026-02-19 12:45:00+00:00,0,0.5115894143877047
2026-02-19 12:50:00+00:00,0,0.5121394806315748
2026-02-19 12:55:00+00:00,0,0.5147640534292297
2026-02-19 13:00:00+00:00,0,0.5240720080135626
2026-02-19 13:05:00+00:00,0,0.5245114544304565
2026-02-19 13:10:00+00:00,0,0.5136647468499548
2026-02-19 13:15:00+00:00,0,0.5153514632521049
2026-02-19 13:20:00+00:00,0,0.5138181020785623
2026-02-19 13:25:00+00:00,1,0.5112747236170427
2026-02-19 13:30:00+00:00,0,0.5079345510491762
2026-02-19 13:35:00+00:00,1,0.5145305526644676
2026-02-19 13:40:00+00:00,1,0.5223293495707484
2026-02-19 13:45:00+00:00,1,0.5221684311625958
2026-02-19 13:50:00+00:00,0,0.507746919771817
2026-02-19 13:55:00+00:00,1,0.5044061597602086
2026-02-19 14:00:00+00:00,0,0.5040912654078803
2026-02-19 14:05:00+00:00,1,0.4976639820967012
2026-02-19 14:10:00+00:00,1,0.5028172974289324
2026-02-19 14:15:00+00:00,1,0.5033217595379779
2026-02-19 14:20:00+00:00,1,0.5004508146826626
2026-02-19 14:25:00+00:00,1,0.49967190912393084
2026-02-19 14:30:00+00:00,1,0.5086574241357649
2026-02-19 14:35:00+00:00,0,0.4830242127304553
2026-02-19 14:40:00+00:00,0,0.47707198662947714
2026-02-19 14:45:00+00:00,0,0.47191840732831836
2026-02-19 14:50:00+00:00,0,0.4695879477431406
2026-02-19 14:55:00+00:00,0,0.475519831660085
2026-02-19 15:00:00+00:00,0,0.47151668648844985
2026-02-19 15:05:00+00:00,0,0.49068228820848364
2026-02-19 15:10:00+00:00,1,0.5113629960052786
2026-02-19 15:15:00+00:00,0,0.4839935198020132
2026-02-19 15:20:00+00:00,0,0.4869561180472339
2026-02-19 15:25:00+00:00,1,0.5029638277116664
2026-02-19 15:30:00+00:00,0,0.5020999206685931
2026-02-19 15:35:00+00:00,0,0.4806294629081251
2026-02-19 15:40:00+00:00,0,0.4903186266818304
2026-02-19 15:45:00+00:00,1,0.5096313903900183
2026-02-19 15:50:00+00:00,1,0.5033667702380504
2026-02-19 15:55:00+00:00,0,0.5021268308263415
2026-02-19 16:00:00+00:00,1,0.5152815044728187
2026-02-19 16:05:00+00:00,1,0.5134851689384766
2026-02-19 16:10:00+00:00,1,0.5049994501205203
2026-02-19 16:15:00+00:00,1,0.4914272759522705
2026-02-19 16:20:00+00:00,1,0.50535540283024
2026-02-19 16:25:00+00:00,1,0.5015370597494782
2026-02-19 16:30:00+00:00,0,0.4753080131106593
2026-02-19 16:35:00+00:00,0,0.4773421112558334
2026-02-19 16:40:00+00:00,1,0.4793051502211399
2026-02-19 16:45:00+00:00,1,0.4891276966042352
2026-02-19 16:50:00+00:00,1,0.4769781201342054
2026-02-19 16:55:00+00:00,1,0.4932028481870212
2026-02-19 17:00:00+00:00,1,0.48591376455519203
2026-02-19 17:05:00+00:00,1,0.5020993391703487
2026-02-19 17:10:00+00:00,0,0.4720526448860995
2026-02-19 17:15:00+00:00,0,0.4702193012472624
2026-02-19 17:20:00+00:00,0,0.4754822025250826
2026-02-19 17:25:00+00:00,0,0.4770929674906297
2026-02-19 17:30:00+00:00,0,0.48368667616663247
2026-02-19 17:35:00+00:00,1,0.5081189553795604
2026-02-19 17:40:00+00:00,1,0.4828359523071501
2026-02-19 17:45:00+00:00,1,0.5046606989216639
2026-02-19 17:50:00+00:00,1,0.5127974965725062
2026-02-19 17:55:00+00:00,1,0.503219574418816
2026-02-19 18:00:00+00:00,1,0.5038827366382452
2026-02-19 18:05:00+00:00,1,0.48732757320469255
2026-02-19 18:10:00+00:00,1,0.48206630833136876
2026-02-19 18:15:00+00:00,1,0.48905750215599897
2026-02-19 18:20:00+00:00,1,0.47146256284628096
2026-02-19 18:25:00+00:00,0,0.47126560011215085
2026-02-19 18:30:00+00:00,1,0.48393293391398245
2026-02-19 18:35:00+00:00,1,0.47506968038887987
2026-02-19 18:40:00+00:00,0,0.4707842046084105
2026-02-19 18:45:00+00:00,0,0.47029437379519795
2026-02-19 18:50:00+00:00,0,0.4737340289125537
2026-02-19 18:55:00+00:00,0,0.4808447037751181
2026-02-19 19:00:00+00:00,0,0.47683343085111063
2026-02-19 19:05:00+00:00,0,0.47770265288327235
2026-02-19 19:10:00+00:00,0,0.48776698589406514
2026-02-19 19:15:00+00:00,0,0.49576231062008724
2026-02-19 19:20:00+00:00,1,0.490910164013872
2026-02-19 19:25:00+00:00,1,0.5044587627774203
2026-02-19 19:30:00+00:00,1,0.4776376237631784
2026-02-19 19:35:00+00:00,1,0.5067681733732462
2026-02-19 19:40:00+00:00,1,0.5013100008815983
2026-02-19 19:45:00+00:00,1,0.5042956598608428
2026-02-19 19:50:00+00:00,0,0.4807513063281572
2026-02-19 19:55:00+00:00,0,0.47983319203719416
2026-02-19 20:00:00+00:00,1,0.4858404797966933
2026-02-19 20:05:00+00:00,0,0.4949888448859025
2026-02-19 20:10:00+00:00,0,0.48621493854177744
2026-02-19 20:15:00+00:00,1,0.507240517752039
2026-02-19 20:20:00+00:00,1,0.5130203883508103
2026-02-19 20:25:00+00:00,1,0.5114386041785441
2026-02-19 20:30:00+00:00,1,0.48860627638078485
2026-02-19 20:35:00+00:00,1,0.5128584412979299
2026-02-19 20:40:00+00:00,1,0.5054682508150855
2026-02-19 20:45:00+00:00,1,0.47559681363870027
2026-02-19 20:50:00+00:00,1,0.47778457362935084
2026-02-19 20:55:00+00:00,1,0.4776707807472661
2026-02-19 21:00:00+00:00,0,0.4724352411999741
2026-02-19 21:05:00+00:00,0,0.47638986589060567
2026-02-19 21:10:00+00:00,1,0.4922545298326924
2026-02-19 21:15:00+00:00,1,0.4909207048749269
2026-02-19 21:20:00+00:00,0,0.4890140797642685
2026-02-19 21:25:00+00:00,0,0.491824609821142
2026-02-19 21:30:00+00:00,0,0.48950547681278805
2026-02-19 21:35:00+00:00,0,0.4880907205762205
2026-02-19 21:40:00+00:00,1,0.5039165749014527
2026-02-19 21:45:00+00:00,1,0.49582098112415524
2026-02-19 21:50:00+00:00,1,0.49533737221691265
2026-02-19 21:55:00+00:00,1,0.5005160948997811
2026-02-19 22:00:00+00:00,1,0.49934256786286857
2026-02-19 22:05:00+00:00,0,0.49539139232341656
2026-02-19 22:10:00+00:00,0,0.48497782249030796
2026-02-19 22:15:00+00:00,0,0.4899443140607568
2026-02-19 22:20:00+00:00,0,0.4931777926293568
2026-02-19 22:25:00+00:00,1,0.4963630156231577
2026-02-19 22:30:00+00:00,1,0.5126425041553688
2026-02-19 22:35:00+00:00,1,0.516109947679708
2026-02-19 22:40:00+00:00,1,0.5133510974488199
2026-02-19 22:45:00+00:00,1,0.5159022536671838
2026-02-19 22:50:00+00:00,1,0.4915126806799951
2026-02-19 22:55:00+00:00,1,0.48670890293535257
2026-02-19 23:00:00+00:00,1,0.4903256698907007
2026-02-19 23:05:00+00:00,1,0.4811994286511744
2026-02-19 23:10:00+00:00,1,0.48560227305388903
2026-02-19 23:15:00+00:00,1,0.47984574393137525
2026-02-19 23:20:00+00:00,1,0.4775203329980824
2026-02-19 23:25:00+00:00,1,0.4795216344940092
2026-02-19 23:30:00+00:00,0,0.4758750538026247
2026-02-19 23:35:00+00:00,0,0.4800500662007271
2026-02-19 23:40:00+00:00,1,0.4768954306377786
2026-02-19 23:45:00+00:00,1,0.4790656105678523
2026-02-19 23:50:00+00:00,1,0.478781335288971
2026-02-19 23:55:00+00:00,1,0.4763220200358478
2026-02-20 00:00:00+00:00,1,0.48255843060294473
2026-02-20 00:05:00+00:00,1,0.48573141729971675
2026-02-20 00:10:00+00:00,1,0.47441115059345057
2026-02-20 00:15:00+00:00,1,0.47913251235271687
2026-02-20 00:20:00+00:00,1,0.4750956676415253
2026-02-20 00:25:00+00:00,0,0.46649378618793846
2026-02-20 00:30:00+00:00,1,0.468223795377346
2026-02-20 00:35:00+00:00,1,0.46712772691821053
2026-02-20 00:40:00+00:00,1,0.4680311859426315
2026-02-20 00:45:00+00:00,1,0.4705538021780838
2026-02-20 00:50:00+00:00,0,0.47366065583337263
2026-02-20 00:55:00+00:00,1,0.47489623751231086
2026-02-20 01:00:00+00:00,1,0.47941254741901357
2026-02-20 01:05:00+00:00,1,0.47757143685984993
2026-02-20 01:10:00+00:00,0,0.47716528781416084
2026-02-20 01:15:00+00:00,0,0.47733484505595153
2026-02-20 01:20:00+00:00,1,0.4737129191465926
2026-02-20 01:25:00+00:00,1,0.47383613150404713
2026-02-20 01:30:00+00:00,1,0.47572664600183673
2026-02-20 01:35:00+00:00,1,0.47633939602388864
2026-02-20 01:40:00+00:00,0,0.47718608327158557
2026-02-20 01:45:00+00:00,1,0.4819093664896979
2026-02-20 01:50:00+00:00,1,0.4784107142714719
2026-02-20 01:55:00+00:00,1,0.4787926535189362
2026-02-20 02:00:00+00:00,0,0.46925164587639057
2026-02-20 02:05:00+00:00,1,0.48226275183077033
2026-02-20 02:10:00+00:00,1,0.47618373934560615
2026-02-20 02:15:00+00:00,1,0.47794998469870953
2026-02-20 02:20:00+00:00,0,0.48070670192169945
2026-02-20 02:25:00+00:00,0,0.48188027475652606
2026-02-20 02:30:00+00:00,0,0.4783333927562983
2026-02-20 02:35:00+00:00,0,0.47047753500631107
2026-02-20 02:40:00+00:00,0,0.4713340405007323
2026-02-20 02:45:00+00:00,0,0.4807204359661402
2026-02-20 02:50:00+00:00,1,0.5082357472483324
2026-02-20 02:55:00+00:00,1,0.5171510733136283
2026-02-20 03:00:00+00:00,1,0.5069488427896902
2026-02-20 03:05:00+00:00,1,0.5134490147103543
2026-02-20 03:10:00+00:00,1,0.5152760387598374
2026-02-20 03:15:00+00:00,1,0.5169629988854466
2026-02-20 03:20:00+00:00,0,0.49582115528479886
2026-02-20 03:25:00+00:00,0,0.4874870793440477
2026-02-20 03:30:00+00:00,0,0.5057304379521979
2026-02-20 03:35:00+00:00,0,0.49032119692714504
2026-02-20 03:40:00+00:00,0,0.5131779280169227
2026-02-20 03:45:00+00:00,0,0.5134873392650255
2026-02-20 03:50:00+00:00,0,0.5129709459180005
2026-02-20 03:55:00+00:00,0,0.5142998820507018
2026-02-20 04:00:00+00:00,0,0.5183110059166888
2026-02-20 04:05:00+00:00,0,0.5138797629078499
2026-02-20 04:10:00+00:00,1,0.5174227667383972
2026-02-20 04:15:00+00:00,1,0.5312210957888736
2026-02-20 04:20:00+00:00,1,0.5257356447820976
2026-02-20 04:25:00+00:00,1,0.5226984310013759
2026-02-20 04:30:00+00:00,0,0.5132469482527156
2026-02-20 04:35:00+00:00,0,0.5134916407840672
2026-02-20 04:40:00+00:00,0,0.5048837986967424
2026-02-20 04:45:00+00:00,0,0.5096605661982356
2026-02-20 04:50:00+00:00,0,0.5093907846082492
2026-02-20 04:55:00+00:00,0,0.5095063350964106
2026-02-20 05:00:00+00:00,1,0.5112417395523154
2026-02-20 05:05:00+00:00,1,0.5158334686421389
2026-02-20 05:10:00+00:00,1,0.5086442094558885
2026-02-20 05:15:00+00:00,1,0.5149154429536261
2026-02-20 05:20:00+00:00,1,0.5103603320369207
2026-02-20 05:25:00+00:00,1,0.504544907255874
2026-02-20 05:30:00+00:00,0,0.47067295902566514
2026-02-20 05:35:00+00:00,0,0.4721223978611248
2026-02-20 05:40:00+00:00,0,0.47111858716177074
2026-02-20 05:45:00+00:00,0,0.4741968069982296
2026-02-20 05:50:00+00:00,0,0.47178880706760556
2026-02-20 05:55:00+00:00,1,0.47777552722499317
2026-02-20 06:00:00+00:00,1,0.47534129915779627
2026-02-20 06:05:00+00:00,0,0.4728481726583528
2026-02-20 06:10:00+00:00,0,0.47637779675284814
2026-02-20 06:15:00+00:00,0,0.4703598257017861
2026-02-20 06:20:00+00:00,1,0.47797732091235373
2026-02-20 06:25:00+00:00,1,0.48209269844231634
2026-02-20 06:30:00+00:00,1,0.4768990140274327
2026-02-20 06:35:00+00:00,1,0.4823349303432901
2026-02-20 06:40:00+00:00,1,0.4860781223188929
2026-02-20 06:45:00+00:00,1,0.48047047648297847
2026-02-20 06:50:00+00:00,1,0.48111200221518735
2026-02-20 06:55:00+00:00,0,0.4825444813860487
2026-02-20 07:00:00+00:00,1,0.48465175669142735
2026-02-20 07:05:00+00:00,0,0.4844344101344783
2026-02-20 07:10:00+00:00,0,0.4843453563623629
2026-02-20 07:15:00+00:00,0,0.48974484188466216
2026-02-20 07:20:00+00:00,0,0.4866900351747318
2026-02-20 07:25:00+00:00,0,0.48886399708450823
2026-02-20 07:30:00+00:00,0,0.49175048133079025
2026-02-20 07:35:00+00:00,0,0.496558316635052
2026-02-20 07:40:00+00:00,1,0.5013507125321686
2026-02-20 07:45:00+00:00,1,0.5016094455190785
2026-02-20 07:50:00+00:00,1,0.49751189926891204
2026-02-20 07:55:00+00:00,1,0.5080911760086125
2026-02-20 08:00:00+00:00,1,0.4804050206352154
2026-02-20 08:05:00+00:00,1,0.5029071226720466
2026-02-20 08:10:00+00:00,1,0.4961503796207315
2026-02-20 08:15:00+00:00,1,0.48670337164394334
2026-02-20 08:20:00+00:00,1,0.48780653178428224
2026-02-20 08:25:00+00:00,1,0.4851384489886474
2026-02-20 08:30:00+00:00,1,0.4887658531604454
2026-02-20 08:35:00+00:00,1,0.4757067387120818
2026-02-20 08:40:00+00:00,1,0.47919158467898926
2026-02-20 08:45:00+00:00,1,0.478226726561055
2026-02-20 08:50:00+00:00,1,0.47863232484178386
2026-02-20 08:55:00+00:00,1,0.48628688799463027
2026-02-20 09:00:00+00:00,0,0.4718501535182995
2026-02-20 09:05:00+00:00,1,0.4762732563485119
2026-02-20 09:10:00+00:00,0,0.473244834084473
2026-02-20 09:15:00+00:00,0,0.47390556611377355
2026-02-20 09:20:00+00:00,0,0.47186105671930023
2026-02-20 09:25:00+00:00,1,0.48161659319269845
2026-02-20 09:30:00+00:00,1,0.47884425657875074
2026-02-20 09:35:00+00:00,1,0.4808749320383177
2026-02-20 09:40:00+00:00,1,0.4865558869604872
2026-02-20 09:45:00+00:00,1,0.4867420882379683
2026-02-20 09:50:00+00:00,1,0.48224873508207655
2026-02-20 09:55:00+00:00,1,0.47867339397568176
2026-02-20 10:00:00+00:00,1,0.4732269013228838
2026-02-20 10:05:00+00:00,1,0.4736927978126124
2026-02-20 10:10:00+00:00,1,0.47833504910252156
2026-02-20 10:15:00+00:00,0,0.47041118623821093
2026-02-20 10:20:00+00:00,0,0.4751310673573846
2026-02-20 10:25:00+00:00,0,0.46767067364420745
2026-02-20 10:30:00+00:00,0,0.47286919791875376
2026-02-20 10:35:00+00:00,0,0.47152128169764423
2026-02-20 10:40:00+00:00,0,0.47533797802303673
2026-02-20 10:45:00+00:00,0,0.4932986992885511
2026-02-20 10:50:00+00:00,0,0.5107142545895603
2026-02-20 10:55:00+00:00,0,0.513439101619063
2026-02-20 11:00:00+00:00,0,0.5099220381487404
2026-02-20 11:05:00+00:00,0,0.5044587413053693
2026-02-20 11:10:00+00:00,0,0.5088581327767275
2026-02-20 11:15:00+00:00,0,0.5121073090543952
2026-02-20 11:20:00+00:00,1,0.5152821545660441
2026-02-20 11:25:00+00:00,0,0.5108398064610273
2026-02-20 11:30:00+00:00,0,0.5140760196312262
2026-02-20 11:35:00+00:00,1,0.5190800257539434
2026-02-20 11:40:00+00:00,1,0.5235197199774917
2026-02-20 11:45:00+00:00,1,0.5129111519377262
2026-02-20 11:50:00+00:00,0,0.5062077313996147
2026-02-20 11:55:00+00:00,0,0.510818968654075
2026-02-20 12:00:00+00:00,0,0.5118715646301023
2026-02-20 12:05:00+00:00,0,0.5017184343644993
2026-02-20 12:10:00+00:00,0,0.4987568084364542
2026-02-20 12:15:00+00:00,1,0.5090548452492848
2026-02-20 12:20:00+00:00,1,0.5050653096056178
2026-02-20 12:25:00+00:00,1,0.5099321433938886
2026-02-20 12:30:00+00:00,0,0.5087412070749232
2026-02-20 12:35:00+00:00,1,0.5045777160501594
2026-02-20 12:40:00+00:00,0,0.5009107549247137
2026-02-20 12:45:00+00:00,0,0.49877556236948917
2026-02-20 12:50:00+00:00,0,0.506761726135506
2026-02-20 12:55:00+00:00,0,0.5021547138200562
2026-02-20 13:00:00+00:00,0,0.5151633771204458
2026-02-20 13:05:00+00:00,0,0.5066575984707691
2026-02-20 13:10:00+00:00,0,0.5125634196082547
2026-02-20 13:15:00+00:00,0,0.5099651889484423
2026-02-20 13:20:00+00:00,0,0.5237743101631351
2026-02-20 13:25:00+00:00,0,0.5174134798960192
2026-02-20 13:30:00+00:00,1,0.5503909164637593
2026-02-20 13:35:00+00:00,1,0.5559607428506492
2026-02-20 13:40:00+00:00,1,0.5403576856591917
2026-02-20 13:45:00+00:00,1,0.5207323795379055
2026-02-20 13:50:00+00:00,1,0.5161837572819938
2026-02-20 13:55:00+00:00,1,0.5110378447554699
2026-02-20 14:00:00+00:00,1,0.49479785639854224
2026-02-20 14:05:00+00:00,1,0.49413047018813405
2026-02-20 14:10:00+00:00,1,0.49989905221515024
2026-02-20 14:15:00+00:00,1,0.5029524027058693
2026-02-20 14:20:00+00:00,1,0.4902919436775249
2026-02-20 14:25:00+00:00,1,0.49077442529282117
2026-02-20 14:30:00+00:00,1,0.4943006013564944
2026-02-20 14:35:00+00:00,1,0.47789711147920577
2026-02-20 14:40:00+00:00,1,0.4773738133801733
2026-02-20 14:45:00+00:00,1,0.479289986465718
2026-02-20 14:50:00+00:00,1,0.48002137125157424
2026-02-20 14:55:00+00:00,1,0.48109052579716954
2026-02-20 15:00:00+00:00,0,0.5268632485294822
2026-02-20 15:05:00+00:00,0,0.5297154212334503
2026-02-20 15:10:00+00:00,1,0.4947109599482637
2026-02-20 15:15:00+00:00,1,0.5040592238648637
2026-02-20 15:20:00+00:00,0,0.5422545455263781
2026-02-20 15:25:00+00:00,1,0.5472352970641098
2026-02-20 15:30:00+00:00,1,0.5045439973481116
2026-02-20 15:35:00+00:00,1,0.5066536260875777
2026-02-20 15:40:00+00:00,1,0.5011394994965268
2026-02-20 15:45:00+00:00,1,0.5042058756548684
2026-02-20 15:50:00+00:00,1,0.5041110885313284
2026-02-20 15:55:00+00:00,0,0.5688647699071329
2026-02-20 16:00:00+00:00,0,0.590384878881376
2026-02-20 16:05:00+00:00,0,0.5830558662541195
2026-02-20 16:10:00+00:00,0,0.5622074094439189
2026-02-20 16:15:00+00:00,0,0.5046501478831394
2026-02-20 16:20:00+00:00,0,0.5491518034812006
2026-02-20 16:25:00+00:00,1,0.50060341426257
2026-02-20 16:30:00+00:00,0,0.48287959279104486
2026-02-20 16:35:00+00:00,0,0.48843049457690857
2026-02-20 16:40:00+00:00,0,0.5027636224206941
2026-02-20 16:45:00+00:00,0,0.48831243579524947
2026-02-20 16:50:00+00:00,0,0.4867921375823946
2026-02-20 16:55:00+00:00,0,0.4860883673742415
2026-02-20 17:00:00+00:00,0,0.49469339259889444
2026-02-20 17:05:00+00:00,0,0.5355572563378576
2026-02-20 17:10:00+00:00,1,0.5369185193800515
2026-02-20 17:15:00+00:00,1,0.5380336827820329
2026-02-20 17:20:00+00:00,1,0.5348171820169553
2026-02-20 17:25:00+00:00,1,0.5280043473692398
2026-02-20 17:30:00+00:00,1,0.5230503794441161
2026-02-20 17:35:00+00:00,1,0.5106079756034902
2026-02-20 17:40:00+00:00,1,0.5123628139612328
2026-02-20 17:45:00+00:00,0,0.5053123183600995
2026-02-20 17:50:00+00:00,1,0.5026079775540346
2026-02-20 17:55:00+00:00,1,0.4998089787789666
2026-02-20 18:00:00+00:00,1,0.5013317517755209
2026-02-20 18:05:00+00:00,1,0.5124843363020526
2026-02-20 18:10:00+00:00,1,0.5027765164466479
2026-02-20 18:15:00+00:00,1,0.5037282239437515
2026-02-20 18:20:00+00:00,1,0.48969906506419575
2026-02-20 18:25:00+00:00,1,0.476984321472173
2026-02-20 18:30:00+00:00,0,0.4795032460739
2026-02-20 18:35:00+00:00,0,0.49325157188169694
2026-02-20 18:40:00+00:00,0,0.48812208113378575
2026-02-20 18:45:00+00:00,0,0.4842374171506921
2026-02-20 18:50:00+00:00,0,0.4782098621673247
2026-02-20 18:55:00+00:00,0,0.48109911747569684
2026-02-20 19:00:00+00:00,0,0.4891614829335422
2026-02-20 19:05:00+00:00,0,0.4857640725418894
2026-02-20 19:10:00+00:00,0,0.5009352981845048
2026-02-20 19:15:00+00:00,0,0.5029255332056534
2026-02-20 19:20:00+00:00,0,0.49894612037346164
2026-02-20 19:25:00+00:00,1,0.5139444282722033
2026-02-20 19:30:00+00:00,0,0.4908310260721574
2026-02-20 19:35:00+00:00,0,0.493502950304223
2026-02-20 19:40:00+00:00,1,0.5185242053755926
2026-02-20 19:45:00+00:00,1,0.5144344677550253
2026-02-20 19:50:00+00:00,0,0.507650949374556
2026-02-20 19:55:00+00:00,0,0.5109789836951706
2026-02-20 20:00:00+00:00,0,0.5172729009969644
2026-02-20 20:05:00+00:00,0,0.5088220096077386
2026-02-20 20:10:00+00:00,0,0.5045046023292008
2026-02-20 20:15:00+00:00,0,0.510504081730319
2026-02-20 20:20:00+00:00,1,0.5171810830070814
2026-02-20 20:25:00+00:00,1,0.5231812399499509
2026-02-20 20:30:00+00:00,1,0.5215365954391749
2026-02-20 20:35:00+00:00,1,0.5168376887901175
2026-02-20 20:40:00+00:00,1,0.511353505723457
2026-02-20 20:45:00+00:00,1,0.51274358298616
2026-02-20 20:50:00+00:00,1,0.5072482899828482
2026-02-20 20:55:00+00:00,0,0.49902560204984153
2026-02-20 21:00:00+00:00,0,0.5085887146565359
2026-02-20 21:05:00+00:00,0,0.4921563350999776
2026-02-20 21:10:00+00:00,0,0.5102363100017595
2026-02-20 21:15:00+00:00,1,0.5116557917251106
2026-02-20 21:20:00+00:00,0,0.502126690726842
2026-02-20 21:25:00+00:00,0,0.5013102748037342
2026-02-20 21:30:00+00:00,0,0.5109421510222396
2026-02-20 21:35:00+00:00,0,0.5082143456034754
2026-02-20 21:40:00+00:00,0,0.47974166690128023
2026-02-20 21:45:00+00:00,0,0.4900450223503286
2026-02-20 21:50:00+00:00,1,0.5085646665933841
2026-02-20 21:55:00+00:00,1,0.5099084565369233
2026-02-20 22:00:00+00:00,1,0.50661626842789
2026-02-20 22:05:00+00:00,1,0.5038455026407453
2026-02-20 22:10:00+00:00,1,0.5215598519885943
2026-02-20 22:15:00+00:00,0,0.5136697381494449
2026-02-20 22:20:00+00:00,0,0.4868800416873692
2026-02-20 22:25:00+00:00,1,0.48880292535677883
2026-02-20 22:30:00+00:00,1,0.5086997782390282
2026-02-20 22:35:00+00:00,0,0.5107818976722901
2026-02-20 22:40:00+00:00,1,0.5147482212564041
2026-02-20 22:45:00+00:00,1,0.5148515089039595
2026-02-20 22:50:00+00:00,0,0.5108844184434124
2026-02-20 22:55:00+00:00,0,0.4903219854214196
2026-02-20 23:00:00+00:00,0,0.4966309925987403
2026-02-20 23:05:00+00:00,0,0.5111149113619722
2026-02-20 23:10:00+00:00,1,0.5131541648675308
2026-02-20 23:15:00+00:00,1,0.512103424103901
2026-02-20 23:20:00+00:00,1,0.5150213338500365
2026-02-20 23:25:00+00:00,0,0.5082880431830169
2026-02-20 23:30:00+00:00,0,0.49747435952132296
2026-02-20 23:35:00+00:00,0,0.511522516958891
2026-02-20 23:40:00+00:00,0,0.5114588642680198
2026-02-20 23:45:00+00:00,0,0.5097682504344607
2026-02-20 23:50:00+00:00,0,0.4883314356476618
2026-02-20 23:55:00+00:00,0,0.512240872424571
2026-02-21 00:00:00+00:00,0,0.5151198747871427
2026-02-21 00:05:00+00:00,0,0.5131857318531532
2026-02-21 00:10:00+00:00,0,0.5133847310493445
2026-02-21 00:15:00+00:00,0,0.5137381207250116
2026-02-21 00:20:00+00:00,0,0.5144165204261095
2026-02-21 00:25:00+00:00,0,0.5148934102794969
2026-02-21 00:30:00+00:00,0,0.5203504724605692
2026-02-21 00:35:00+00:00,0,0.5202043127419561
2026-02-21 00:40:00+00:00,1,0.5212781879850272
2026-02-21 00:45:00+00:00,1,0.5187663685641001
2026-02-21 00:50:00+00:00,0,0.516482484273208
2026-02-21 00:55:00+00:00,0,0.5120298953642414
2026-02-21 01:00:00+00:00,0,0.5130122222219586
2026-02-21 01:05:00+00:00,1,0.5126783405403003
2026-02-21 01:10:00+00:00,1,0.5092610060361128
2026-02-21 01:15:00+00:00,1,0.512963877932463
2026-02-21 01:20:00+00:00,1,0.516478758297448
2026-02-21 01:25:00+00:00,1,0.5170823336497021
2026-02-21 01:30:00+00:00,0,0.5118457013100801
2026-02-21 01:35:00+00:00,0,0.5012581927367963
2026-02-21 01:40:00+00:00,0,0.5116643140035059
2026-02-21 01:45:00+00:00,0,0.5087286287254541
2026-02-21 01:50:00+00:00,1,0.5129928375871149
2026-02-21 01:55:00+00:00,1,0.5147816437716816
2026-02-21 02:00:00+00:00,1,0.5171495971791825
2026-02-21 02:05:00+00:00,1,0.5137880553361255
2026-02-21 02:10:00+00:00,1,0.5153205666864296
2026-02-21 02:15:00+00:00,1,0.5046147324044147
2026-02-21 02:20:00+00:00,1,0.4895032586745249
2026-02-21 02:25:00+00:00,0,0.47914264406348506
2026-02-21 02:30:00+00:00,0,0.47776703636470513
2026-02-21 02:35:00+00:00,0,0.4790342698598721
2026-02-21 02:40:00+00:00,0,0.47883005673036266
2026-02-21 02:45:00+00:00,0,0.4871165407906987
2026-02-21 02:50:00+00:00,0,0.49291161717922544
2026-02-21 02:55:00+00:00,0,0.4938786119416058
2026-02-21 03:00:00+00:00,1,0.5158776627380541
2026-02-21 03:05:00+00:00,1,0.519203053744149
2026-02-21 03:10:00+00:00,0,0.5153992586632854
2026-02-21 03:15:00+00:00,0,0.5223977765851834
2026-02-21 03:20:00+00:00,0,0.5159994727197262
2026-02-21 03:25:00+00:00,0,0.5059735792857487
2026-02-21 03:30:00+00:00,0,0.506247613980525
2026-02-21 03:35:00+00:00,1,0.5123200434822635
2026-02-21 03:40:00+00:00,1,0.5195699018941946
2026-02-21 03:45:00+00:00,1,0.5133596939426938
2026-02-21 03:50:00+00:00,1,0.516278506029685
2026-02-21 03:55:00+00:00,1,0.5121622408013812
2026-02-21 04:00:00+00:00,1,0.512842802878906
2026-02-21 04:05:00+00:00,1,0.5018665559106086
2026-02-21 04:10:00+00:00,0,0.5111460103482386
2026-02-21 04:15:00+00:00,1,0.511117011511578
2026-02-21 04:20:00+00:00,1,0.5061987031681002
2026-02-21 04:25:00+00:00,1,0.5088655967556758
2026-02-21 04:30:00+00:00,1,0.49166688339698883
2026-02-21 04:35:00+00:00,1,0.5139472245882145
2026-02-21 04:40:00+00:00,1,0.5070253637659429
2026-02-21 04:45:00+00:00,1,0.5072263357993221
2026-02-21 04:50:00+00:00,1,0.4939453972282731
2026-02-21 04:55:00+00:00,1,0.48257822532060857
2026-02-21 05:00:00+00:00,1,0.47576791076187125
2026-02-21 05:05:00+00:00,0,0.48135340353640904
2026-02-21 05:10:00+00:00,0,0.4935620321616241
2026-02-21 05:15:00+00:00,0,0.47898202231119275
2026-02-21 05:20:00+00:00,0,0.48554483295581935
2026-02-21 05:25:00+00:00,0,0.4868890054410913
2026-02-21 05:30:00+00:00,0,0.4840365142754099
2026-02-21 05:35:00+00:00,0,0.4891992243078897
2026-02-21 05:40:00+00:00,1,0.4851583083100172
2026-02-21 05:45:00+00:00,1,0.49790110640430335
2026-02-21 05:50:00+00:00,0,0.4884383439906197
2026-02-21 05:55:00+00:00,1,0.48876517218717597
2026-02-21 06:00:00+00:00,0,0.49072095514294534
2026-02-21 06:05:00+00:00,0,0.4943562065943229
2026-02-21 06:10:00+00:00,0,0.4878613402806342
2026-02-21 06:15:00+00:00,0,0.4904945194039298
2026-02-21 06:20:00+00:00,0,0.5002485680498133
2026-02-21 06:25:00+00:00,0,0.48964732313120474
2026-02-21 06:30:00+00:00,0,0.5186015423836297
2026-02-21 06:35:00+00:00,0,0.5207167467549687
2026-02-21 06:40:00+00:00,0,0.5203320299151821
2026-02-21 06:45:00+00:00,0,0.524379554550685
2026-02-21 06:50:00+00:00,0,0.5218534542833173
2026-02-21 06:55:00+00:00,0,0.5169879718423609
2026-02-21 07:00:00+00:00,1,0.5228089530223223
2026-02-21 07:05:00+00:00,1,0.511697727679926
2026-02-21 07:10:00+00:00,1,0.5109706627121989
2026-02-21 07:15:00+00:00,1,0.5097955257482213
2026-02-21 07:20:00+00:00,1,0.5122073688923532
2026-02-21 07:25:00+00:00,1,0.4985142543549492
2026-02-21 07:30:00+00:00,1,0.5007002293506526
2026-02-21 07:35:00+00:00,0,0.500610495885358
2026-02-21 07:40:00+00:00,0,0.5036274822245994
2026-02-21 07:45:00+00:00,0,0.5050887729416887
2026-02-21 07:50:00+00:00,0,0.5033603891193174
2026-02-21 07:55:00+00:00,0,0.5014335653227946
2026-02-21 08:00:00+00:00,0,0.5105959616689841
2026-02-21 08:05:00+00:00,1,0.5089373503326867
2026-02-21 08:10:00+00:00,1,0.5092747896954325
2026-02-21 08:15:00+00:00,1,0.5100834564495508
2026-02-21 08:20:00+00:00,1,0.510898462687724
2026-02-21 08:25:00+00:00,1,0.5079559399508045
2026-02-21 08:30:00+00:00,1,0.4980627816379621
2026-02-21 08:35:00+00:00,1,0.5060284774437852
2026-02-21 08:40:00+00:00,1,0.4924690047573641
2026-02-21 08:45:00+00:00,1,0.49347256110505366
2026-02-21 08:50:00+00:00,1,0.48000046745365255
2026-02-21 08:55:00+00:00,1,0.4802794957435287
2026-02-21 09:00:00+00:00,1,0.4787292845474418
2026-02-21 09:05:00+00:00,1,0.4787563537758433
2026-02-21 09:10:00+00:00,1,0.481592484112539
2026-02-21 09:15:00+00:00,1,0.4749847080242812
2026-02-21 09:20:00+00:00,0,0.47373817863944767
2026-02-21 09:25:00+00:00,0,0.47463410500531916
2026-02-21 09:30:00+00:00,0,0.47602816111858226
2026-02-21 09:35:00+00:00,0,0.47507734672797
2026-02-21 09:40:00+00:00,0,0.47722578486980133
2026-02-21 09:45:00+00:00,0,0.4846950451251533
2026-02-21 09:50:00+00:00,1,0.48596047297626066
2026-02-21 09:55:00+00:00,1,0.49296049176820445
2026-02-21 10:00:00+00:00,1,0.48349479202806145
2026-02-21 10:05:00+00:00,1,0.4821536426300135
2026-02-21 10:10:00+00:00,0,0.48381218849144275
2026-02-21 10:15:00+00:00,0,0.48757518077963224
2026-02-21 10:20:00+00:00,0,0.48701478568224843
2026-02-21 10:25:00+00:00,0,0.4880578018994232
2026-02-21 10:30:00+00:00,0,0.49359470131293837
2026-02-21 10:35:00+00:00,1,0.486334456321347
2026-02-21 10:40:00+00:00,1,0.4954406489127792
2026-02-21 10:45:00+00:00,1,0.5055987291994852
2026-02-21 10:50:00+00:00,1,0.5024263103964237
2026-02-21 10:55:00+00:00,1,0.5047302386757951
2026-02-21 11:00:00+00:00,1,0.5029449653108029
2026-02-21 11:05:00+00:00,0,0.4734346557330872
2026-02-21 11:10:00+00:00,0,0.4786610259027123
2026-02-21 11:15:00+00:00,0,0.47489013271563874
2026-02-21 11:20:00+00:00,0,0.49046990231456383
2026-02-21 11:25:00+00:00,0,0.48874524373670175
2026-02-21 11:30:00+00:00,1,0.4987636482970853
2026-02-21 11:35:00+00:00,1,0.4980908814624211
2026-02-21 11:40:00+00:00,0,0.5073617311712679
2026-02-21 11:45:00+00:00,0,0.5004940102579762
2026-02-21 11:50:00+00:00,0,0.5067856846553701
2026-02-21 11:55:00+00:00,0,0.4907774226644532
2026-02-21 12:00:00+00:00,0,0.49028483452562766
2026-02-21 12:05:00+00:00,0,0.48910789717361086
2026-02-21 12:10:00+00:00,0,0.5105584939726424
2026-02-21 12:15:00+00:00,0,0.5116970725056471
2026-02-21 12:20:00+00:00,0,0.5137802221827948
2026-02-21 12:25:00+00:00,1,0.518363627789667
2026-02-21 12:30:00+00:00,1,0.5244287970950132
2026-02-21 12:35:00+00:00,1,0.5182311963282499
2026-02-21 12:40:00+00:00,1,0.5137175023273768
2026-02-21 12:45:00+00:00,1,0.5122984168110208
2026-02-21 12:50:00+00:00,1,0.5057252111023107
2026-02-21 12:55:00+00:00,1,0.4992607469448242
2026-02-21 13:00:00+00:00,1,0.5076075979797297
2026-02-21 13:05:00+00:00,1,0.5029586377497975
2026-02-21 13:10:00+00:00,1,0.5069804289919716
2026-02-21 13:15:00+00:00,1,0.5058347121157973
2026-02-21 13:20:00+00:00,1,0.5054130346014009
2026-02-21 13:25:00+00:00,1,0.502853125384398
2026-02-21 13:30:00+00:00,1,0.5054090380437646
2026-02-21 13:35:00+00:00,1,0.5028649860350717
2026-02-21 13:40:00+00:00,1,0.5067378738231825
2026-02-21 13:45:00+00:00,1,0.4964156444950733
2026-02-21 13:50:00+00:00,1,0.47794024292565157
2026-02-21 13:55:00+00:00,1,0.47464607399198283
2026-02-21 14:00:00+00:00,1,0.4813081190559884
2026-02-21 14:05:00+00:00,1,0.48400581678847904
2026-02-21 14:10:00+00:00,1,0.48117403846764417
2026-02-21 14:15:00+00:00,1,0.48171069602104305
2026-02-21 14:20:00+00:00,0,0.47800907296973144
2026-02-21 14:25:00+00:00,0,0.4790718136780534
2026-02-21 14:30:00+00:00,0,0.4759562759902096
2026-02-21 14:35:00+00:00,0,0.47751269439194144
2026-02-21 14:40:00+00:00,0,0.47933143605464784
2026-02-21 14:45:00+00:00,0,0.48533553712527294
2026-02-21 14:50:00+00:00,0,0.48172897545872584
2026-02-21 14:55:00+00:00,0,0.48809006082003376
2026-02-21 15:00:00+00:00,0,0.4893017427941056
2026-02-21 15:05:00+00:00,0,0.49052065638835746
2026-02-21 15:10:00+00:00,0,0.4911166261390996
2026-02-21 15:15:00+00:00,0,0.49094755764373094
2026-02-21 15:20:00+00:00,0,0.5038621064261843
2026-02-21 15:25:00+00:00,0,0.5093719038133021
2026-02-21 15:30:00+00:00,0,0.5057205361565946
2026-02-21 15:35:00+00:00,0,0.5105407736875011
2026-02-21 15:40:00+00:00,0,0.5068651331545451
2026-02-21 15:45:00+00:00,0,0.5103558104020255
2026-02-21 15:50:00+00:00,0,0.5075781833318915
2026-02-21 15:55:00+00:00,0,0.5099473308261533
2026-02-21 16:00:00+00:00,0,0.5267696436075547
2026-02-21 16:05:00+00:00,0,0.5166439953153877
2026-02-21 16:10:00+00:00,0,0.5144805531359908
2026-02-21 16:15:00+00:00,0,0.5116903414388282
2026-02-21 16:20:00+00:00,1,0.5216835425081964
2026-02-21 16:25:00+00:00,1,0.5160127001306006
2026-02-21 16:30:00+00:00,1,0.5047542716284911
2026-02-21 16:35:00+00:00,0,0.5014828738184385
2026-02-21 16:40:00+00:00,0,0.5054755791811142
2026-02-21 16:45:00+00:00,0,0.49774117862096595
2026-02-21 16:50:00+00:00,0,0.49832745736959694
2026-02-21 16:55:00+00:00,0,0.5065669563054418
2026-02-21 17:00:00+00:00,0,0.5032295950661125
2026-02-21 17:05:00+00:00,1,0.5056212523494034
2026-02-21 17:10:00+00:00,1,0.5071029952483449
2026-02-21 17:15:00+00:00,1,0.5127355984664675
2026-02-21 17:20:00+00:00,1,0.5059901013067414
2026-02-21 17:25:00+00:00,1,0.5053222949235534
2026-02-21 17:30:00+00:00,1,0.5034654387590759
2026-02-21 17:35:00+00:00,1,0.4959435230191304
2026-02-21 17:40:00+00:00,0,0.4732110759811244
2026-02-21 17:45:00+00:00,0,0.4762369047252017
2026-02-21 17:50:00+00:00,0,0.4760887112974878
2026-02-21 17:55:00+00:00,0,0.4816008529783412
2026-02-21 18:00:00+00:00,0,0.47748929332614426
2026-02-21 18:05:00+00:00,1,0.48643091248346626
2026-02-21 18:10:00+00:00,1,0.4822542501600074
2026-02-21 18:15:00+00:00,1,0.4788147513296694
2026-02-21 18:20:00+00:00,1,0.47734696511899133
2026-02-21 18:25:00+00:00,1,0.4907984468879459
2026-02-21 18:30:00+00:00,1,0.48789771222830414
2026-02-21 18:35:00+00:00,1,0.4863593827627758
2026-02-21 18:40:00+00:00,1,0.48771220829976847
2026-02-21 18:45:00+00:00,1,0.4737915486622919
2026-02-21 18:50:00+00:00,0,0.47975013350780404
2026-02-21 18:55:00+00:00,1,0.4823089490542289
2026-02-21 19:00:00+00:00,1,0.4841492041161207
2026-02-21 19:05:00+00:00,1,0.4841627267113403
2026-02-21 19:10:00+00:00,0,0.48633538664239373
2026-02-21 19:15:00+00:00,0,0.490491328043259
2026-02-21 19:20:00+00:00,0,0.492646047554347
2026-02-21 19:25:00+00:00,0,0.4916554700032373
2026-02-21 19:30:00+00:00,0,0.4890837015312169
2026-02-21 19:35:00+00:00,0,0.48546447838364715
2026-02-21 19:40:00+00:00,0,0.49132123803335187
2026-02-21 19:45:00+00:00,0,0.4884167767536546
2026-02-21 19:50:00+00:00,0,0.5078528393742541
2026-02-21 19:55:00+00:00,0,0.5144511247792601
2026-02-21 20:00:00+00:00,0,0.5203689157819643
2026-02-21 20:05:00+00:00,0,0.5254716530736049
2026-02-21 20:10:00+00:00,0,0.5289382157517306
2026-02-21 20:15:00+00:00,0,0.515298161778889
2026-02-21 20:20:00+00:00,0,0.5120133708888509
2026-02-21 20:25:00+00:00,0,0.5100610574694874
2026-02-21 20:30:00+00:00,0,0.5159952100047984
2026-02-21 20:35:00+00:00,0,0.5204863497813613
2026-02-21 20:40:00+00:00,0,0.5248260068421731
2026-02-21 20:45:00+00:00,0,0.5246858314861784
2026-02-21 20:50:00+00:00,1,0.5283017040990772
2026-02-21 20:55:00+00:00,1,0.5354330583197324
2026-02-21 21:00:00+00:00,1,0.517110040235939
2026-02-21 21:05:00+00:00,1,0.5172639685629802
2026-02-21 21:10:00+00:00,1,0.5219739272847367
2026-02-21 21:15:00+00:00,1,0.5187647633888768
2026-02-21 21:20:00+00:00,1,0.5139978592390135
2026-02-21 21:25:00+00:00,1,0.511922206698519
2026-02-21 21:30:00+00:00,1,0.510613407861146
2026-02-21 21:35:00+00:00,1,0.50978572628794
2026-02-21 21:40:00+00:00,1,0.5017584118708616
2026-02-21 21:45:00+00:00,1,0.48809588660881276
2026-02-21 21:50:00+00:00,1,0.4876177625475523
2026-02-21 21:55:00+00:00,0,0.48819137141729396
2026-02-21 22:00:00+00:00,0,0.4736522422437144
2026-02-21 22:05:00+00:00,0,0.4843713079019937
2026-02-21 22:10:00+00:00,0,0.486485986543209
2026-02-21 22:15:00+00:00,0,0.47670280711435653
2026-02-21 22:20:00+00:00,0,0.47804708968336157
2026-02-21 22:25:00+00:00,0,0.510294434875
2026-02-21 22:30:00+00:00,0,0.5164400682474041
2026-02-21 22:35:00+00:00,0,0.5140038424726078
2026-02-21 22:40:00+00:00,0,0.5167897978616359
2026-02-21 22:45:00+00:00,0,0.5155903446859297
2026-02-21 22:50:00+00:00,1,0.5116194593767114
2026-02-21 22:55:00+00:00,1,0.5179251079929343
2026-02-21 23:00:00+00:00,1,0.5193639729262174
2026-02-21 23:05:00+00:00,1,0.5187307820698692
2026-02-21 23:10:00+00:00,1,0.5175662285675595
2026-02-21 23:15:00+00:00,1,0.5148663828406401
2026-02-21 23:20:00+00:00,0,0.5103023583613449
2026-02-21 23:25:00+00:00,0,0.509485048310791
2026-02-21 23:30:00+00:00,0,0.5110230083753929
2026-02-21 23:35:00+00:00,0,0.5109163430338368
2026-02-21 23:40:00+00:00,0,0.514759447639362
2026-02-21 23:45:00+00:00,0,0.5144992243777171
2026-02-21 23:50:00+00:00,0,0.5162026366809093
2026-02-21 23:55:00+00:00,0,0.5115680153253968
2026-02-22 00:00:00+00:00,0,0.5119229150418909
2026-02-22 00:05:00+00:00,0,0.5082758861558994
2026-02-22 00:10:00+00:00,0,0.5113071813937662
2026-02-22 00:15:00+00:00,0,0.5121568305187758
2026-02-22 00:20:00+00:00,0,0.5304069824186355
2026-02-22 00:25:00+00:00,0,0.5231162216916345
2026-02-22 00:30:00+00:00,0,0.5262264682262382
2026-02-22 00:35:00+00:00,1,0.5238976480333644
2026-02-22 00:40:00+00:00,1,0.5274250279583865
2026-02-22 00:45:00+00:00,1,0.5254494560604559
2026-02-22 00:50:00+00:00,1,0.5170017422617555
2026-02-22 00:55:00+00:00,1,0.5139742075347656
2026-02-22 01:00:00+00:00,1,0.5136747242310891
2026-02-22 01:05:00+00:00,1,0.5103493260629776
2026-02-22 01:10:00+00:00,1,0.5149463762210439
2026-02-22 01:15:00+00:00,1,0.51147905858813
2026-02-22 01:20:00+00:00,0,0.5101779098312594
2026-02-22 01:25:00+00:00,0,0.5081237028731491
2026-02-22 01:30:00+00:00,0,0.5103880911315888
2026-02-22 01:35:00+00:00,1,0.5054194769980919
2026-02-22 01:40:00+00:00,1,0.5039382208586711
2026-02-22 01:45:00+00:00,0,0.5061065409002878
2026-02-22 01:50:00+00:00,0,0.5135341289266521
2026-02-22 01:55:00+00:00,0,0.5141767478649636
2026-02-22 02:00:00+00:00,0,0.5119356983830821
2026-02-22 02:05:00+00:00,0,0.49600933195128716
2026-02-22 02:10:00+00:00,0,0.4885423689581727
2026-02-22 02:15:00+00:00,0,0.5056119640667264
2026-02-22 02:20:00+00:00,0,0.5125246498477872
2026-02-22 02:25:00+00:00,0,0.509901745988859
2026-02-22 02:30:00+00:00,0,0.5079011378576906
2026-02-22 02:35:00+00:00,0,0.5259065230181588
2026-02-22 02:40:00+00:00,0,0.5258487190933638
2026-02-22 02:45:00+00:00,0,0.5247971777437679
2026-02-22 02:50:00+00:00,0,0.5240374121574612
2026-02-22 02:55:00+00:00,0,0.5340469295647645
2026-02-22 03:00:00+00:00,0,0.5233608693821452
2026-02-22 03:05:00+00:00,0,0.5200840523298716
2026-02-22 03:10:00+00:00,0,0.5108950011136122
2026-02-22 03:15:00+00:00,1,0.5285730982963869
2026-02-22 03:20:00+00:00,1,0.5190953315374885
2026-02-22 03:25:00+00:00,1,0.5144795847164083
2026-02-22 03:30:00+00:00,1,0.5139942271911915
2026-02-22 03:35:00+00:00,1,0.5157911960840025
2026-02-22 03:40:00+00:00,1,0.5049226717205948
2026-02-22 03:45:00+00:00,1,0.507512274787919
2026-02-22 03:50:00+00:00,1,0.5104210106278326
2026-02-22 03:55:00+00:00,0,0.5070255169938174
2026-02-22 04:00:00+00:00,0,0.5027335455101205
2026-02-22 04:05:00+00:00,0,0.5099968743276139
2026-02-22 04:10:00+00:00,0,0.4848863703339619
2026-02-22 04:15:00+00:00,0,0.5029760060526247
2026-02-22 04:20:00+00:00,1,0.5091537870696423
2026-02-22 04:25:00+00:00,1,0.5099910464715665
2026-02-22 04:30:00+00:00,0,0.5012117669826499
2026-02-22 04:35:00+00:00,0,0.5054213965530094
2026-02-22 04:40:00+00:00,0,0.49936094037046375
2026-02-22 04:45:00+00:00,0,0.49466466242931934
2026-02-22 04:50:00+00:00,0,0.499511976820088
2026-02-22 04:55:00+00:00,0,0.5032414713657193
2026-02-22 05:00:00+00:00,0,0.49293032770391243
2026-02-22 05:05:00+00:00,0,0.5084330820386217
2026-02-22 05:10:00+00:00,0,0.5048538058124954
2026-02-22 05:15:00+00:00,0,0.5078682005012112
2026-02-22 05:20:00+00:00,0,0.5116700677857378
2026-02-22 05:25:00+00:00,0,0.5170191532307148
2026-02-22 05:30:00+00:00,0,0.5142530810882731
2026-02-22 05:35:00+00:00,1,0.5205042943231948
2026-02-22 05:40:00+00:00,0,0.5221944483694608
2026-02-22 05:45:00+00:00,1,0.5219734494409322
2026-02-22 05:50:00+00:00,1,0.520985812769527
2026-02-22 05:55:00+00:00,1,0.5200468556362183
2026-02-22 06:00:00+00:00,1,0.5157551526139967
2026-02-22 06:05:00+00:00,0,0.5187909878962204
2026-02-22 06:10:00+00:00,1,0.5187207606660994
2026-02-22 06:15:00+00:00,1,0.5126972508622838
2026-02-22 06:20:00+00:00,1,0.5159505480418085
2026-02-22 06:25:00+00:00,1,0.5165490882292172
2026-02-22 06:30:00+00:00,0,0.5093646297316625
2026-02-22 06:35:00+00:00,0,0.515499255929952
2026-02-22 06:40:00+00:00,1,0.5120626029697967
2026-02-22 06:45:00+00:00,1,0.5171813648498276
2026-02-22 06:50:00+00:00,0,0.5098453050043029
2026-02-22 06:55:00+00:00,1,0.5150987457585978
2026-02-22 07:00:00+00:00,1,0.5084224541098894
2026-02-22 07:05:00+00:00,1,0.5093501630546692
2026-02-22 07:10:00+00:00,1,0.5054972479925166
2026-02-22 07:15:00+00:00,1,0.5079532502218334
2026-02-22 07:20:00+00:00,0,0.5057098192037561
2026-02-22 07:25:00+00:00,0,0.5001303931545342
2026-02-22 07:30:00+00:00,0,0.5052590737678926
2026-02-22 07:35:00+00:00,0,0.5099337830367071
2026-02-22 07:40:00+00:00,0,0.5051157663494845
2026-02-22 07:45:00+00:00,0,0.5125364627138768
2026-02-22 07:50:00+00:00,0,0.513903579135506
2026-02-22 07:55:00+00:00,0,0.5125553405519976
2026-02-22 08:00:00+00:00,0,0.5084735568924621
2026-02-22 08:05:00+00:00,0,0.5201844495857688
2026-02-22 08:10:00+00:00,0,0.5079942744226169
2026-02-22 08:15:00+00:00,0,0.5113727629245418
2026-02-22 08:20:00+00:00,0,0.5113850731355011
2026-02-22 08:25:00+00:00,0,0.5161412597588829
2026-02-22 08:30:00+00:00,1,0.513313566540621
2026-02-22 08:35:00+00:00,1,0.5103252842580271
2026-02-22 08:40:00+00:00,1,0.5120533576390317
2026-02-22 08:45:00+00:00,1,0.5104650400940283
2026-02-22 08:50:00+00:00,1,0.5117115552700142
2026-02-22 08:55:00+00:00,1,0.508138892538615
2026-02-22 09:00:00+00:00,1,0.5056357235082092
2026-02-22 09:05:00+00:00,1,0.5063488062198351
2026-02-22 09:10:00+00:00,1,0.5072122755549494
2026-02-22 09:15:00+00:00,1,0.5068142091297719
2026-02-22 09:20:00+00:00,1,0.5094638037299487
2026-02-22 09:25:00+00:00,1,0.510046762078113
2026-02-22 09:30:00+00:00,1,0.511138117843078
2026-02-22 09:35:00+00:00,1,0.5113996215415045
2026-02-22 09:40:00+00:00,1,0.5118796365514876
2026-02-22 09:45:00+00:00,1,0.5163020901855213
2026-02-22 09:50:00+00:00,1,0.5079894862755471
2026-02-22 09:55:00+00:00,1,0.49975488901856563
2026-02-22 10:00:00+00:00,1,0.5004122241079701
2026-02-22 10:05:00+00:00,1,0.49505230225472846
2026-02-22 10:10:00+00:00,1,0.4991467108323443
2026-02-22 10:15:00+00:00,0,0.4981260944407686
2026-02-22 10:20:00+00:00,0,0.49709738738968123
2026-02-22 10:25:00+00:00,0,0.5042074535971214
2026-02-22 10:30:00+00:00,1,0.508545526037561
2026-02-22 10:35:00+00:00,1,0.49410941613253856
2026-02-22 10:40:00+00:00,1,0.5182738910869562
2026-02-22 10:45:00+00:00,1,0.5051972289106926
2026-02-22 10:50:00+00:00,1,0.5155706495983812
2026-02-22 10:55:00+00:00,1,0.5185533405187603
2026-02-22 11:00:00+00:00,1,0.49587108920916195
2026-02-22 11:05:00+00:00,0,0.4903555283644053
2026-02-22 11:10:00+00:00,0,0.5038561437379517
2026-02-22 11:15:00+00:00,0,0.4999458241043477
2026-02-22 11:20:00+00:00,0,0.5005297666771028
2026-02-22 11:25:00+00:00,0,0.5196237716819232
2026-02-22 11:30:00+00:00,0,0.5225865908568509
2026-02-22 11:35:00+00:00,0,0.504761001002831
2026-02-22 11:40:00+00:00,0,0.5134797709988637
2026-02-22 11:45:00+00:00,0,0.5240007173655203
2026-02-22 11:50:00+00:00,0,0.519164791405223
2026-02-22 11:55:00+00:00,0,0.5142673630012187
2026-02-22 12:00:00+00:00,0,0.5216197932188055
2026-02-22 12:05:00+00:00,0,0.5241259959629141
2026-02-22 12:10:00+00:00,0,0.5271235059262528
2026-02-22 12:15:00+00:00,0,0.5194717968111019
2026-02-22 12:20:00+00:00,0,0.5129955262000322
2026-02-22 12:25:00+00:00,0,0.5095761655818144
2026-02-22 12:30:00+00:00,0,0.5018378674049303
2026-02-22 12:35:00+00:00,1,0.519176411639037
2026-02-22 12:40:00+00:00,1,0.5115387243503448
2026-02-22 12:45:00+00:00,0,0.5061590223590616
2026-02-22 12:50:00+00:00,0,0.5098861771365562
2026-02-22 12:55:00+00:00,0,0.5085708383533433
2026-02-22 13:00:00+00:00,0,0.5019966294207996
2026-02-22 13:05:00+00:00,0,0.5071396051251894
2026-02-22 13:10:00+00:00,0,0.5058308502843002
2026-02-22 13:15:00+00:00,0,0.5058907807718666
2026-02-22 13:20:00+00:00,0,0.5048003750664314
2026-02-22 13:25:00+00:00,0,0.49905310061231106
2026-02-22 13:30:00+00:00,0,0.4993848984000116
2026-02-22 13:35:00+00:00,0,0.511806539354472
2026-02-22 13:40:00+00:00,1,0.5186066971792945
2026-02-22 13:45:00+00:00,0,0.5175494428744238
2026-02-22 13:50:00+00:00,0,0.5087572263263912
2026-02-22 13:55:00+00:00,0,0.5068427368595744
2026-02-22 14:00:00+00:00,1,0.5107769590040057
2026-02-22 14:05:00+00:00,0,0.5034824231655977
2026-02-22 14:10:00+00:00,0,0.4964628732031948
2026-02-22 14:15:00+00:00,0,0.5089472621502971
2026-02-22 14:20:00+00:00,0,0.5065508179246542
2026-02-22 14:25:00+00:00,0,0.5064792128848966
2026-02-22 14:30:00+00:00,0,0.5036781979358219
2026-02-22 14:35:00+00:00,0,0.5107040937940774
2026-02-22 14:40:00+00:00,0,0.5158724216971543
2026-02-22 14:45:00+00:00,0,0.5196591023946904
2026-02-22 14:50:00+00:00,0,0.5091421852040344
2026-02-22 14:55:00+00:00,1,0.5097515547208863
2026-02-22 15:00:00+00:00,1,0.5066394635033374
2026-02-22 15:05:00+00:00,1,0.5086199995095046
2026-02-22 15:10:00+00:00,1,0.504081681920491
2026-02-22 15:15:00+00:00,1,0.5114611787012527
2026-02-22 15:20:00+00:00,1,0.510194113471628
2026-02-22 15:25:00+00:00,1,0.5024797933700123
2026-02-22 15:30:00+00:00,1,0.48927926757485474
2026-02-22 15:35:00+00:00,0,0.48192911802317284
2026-02-22 15:40:00+00:00,0,0.4834648811869809
2026-02-22 15:45:00+00:00,0,0.48832166488055945
2026-02-22 15:50:00+00:00,0,0.4880926862819708
2026-02-22 15:55:00+00:00,0,0.48679703099617055
2026-02-22 16:00:00+00:00,0,0.4873099081281703
2026-02-22 16:05:00+00:00,0,0.4968166541315661
2026-02-22 16:10:00+00:00,0,0.5018167943546313
2026-02-22 16:15:00+00:00,0,0.49889073488004554
2026-02-22 16:20:00+00:00,1,0.5048583111439612
2026-02-22 16:25:00+00:00,1,0.5068511236472086
2026-02-22 16:30:00+00:00,1,0.5072560962725965
2026-02-22 16:35:00+00:00,1,0.5104143011582389
2026-02-22 16:40:00+00:00,1,0.5042114664930433
2026-02-22 16:45:00+00:00,0,0.4922039197981074
2026-02-22 16:50:00+00:00,0,0.4883482417709764
2026-02-22 16:55:00+00:00,0,0.48857412475517437
2026-02-22 17:00:00+00:00,0,0.4826224609593841
2026-02-22 17:05:00+00:00,0,0.49140591619877194
2026-02-22 17:10:00+00:00,0,0.4973917439136213
2026-02-22 17:15:00+00:00,0,0.509334201645234
2026-02-22 17:20:00+00:00,0,0.5069608522238951
2026-02-22 17:25:00+00:00,0,0.49520822056094915
2026-02-22 17:30:00+00:00,0,0.5156783535150167
2026-02-22 17:35:00+00:00,1,0.5128166975853206
2026-02-22 17:40:00+00:00,1,0.5089101703654033
2026-02-22 17:45:00+00:00,0,0.5076673547302809
2026-02-22 17:50:00+00:00,0,0.5111373107928058
2026-02-22 17:55:00+00:00,0,0.5002898568369256
2026-02-22 18:00:00+00:00,1,0.5130593172681819
2026-02-22 18:05:00+00:00,0,0.5103735454463082
2026-02-22 18:10:00+00:00,0,0.5125025489680421
2026-02-22 18:15:00+00:00,1,0.5148746353474672
2026-02-22 18:20:00+00:00,1,0.5152559289768044
2026-02-22 18:25:00+00:00,1,0.5127235313187205
2026-02-22 18:30:00+00:00,1,0.5114906200554592
2026-02-22 18:35:00+00:00,0,0.510133028979061
2026-02-22 18:40:00+00:00,0,0.5085897792846131
2026-02-22 18:45:00+00:00,0,0.5213585209295744
2026-02-22 18:50:00+00:00,0,0.5152102046437965
2026-02-22 18:55:00+00:00,0,0.5174765823556459
2026-02-22 19:00:00+00:00,0,0.5194923495634854
2026-02-22 19:05:00+00:00,0,0.5230261709667926
2026-02-22 19:10:00+00:00,1,0.5216425829944827
2026-02-22 19:15:00+00:00,1,0.5205363924372973
2026-02-22 19:20:00+00:00,1,0.5236861867750463
2026-02-22 19:25:00+00:00,1,0.5232603355646556
2026-02-22 19:30:00+00:00,0,0.5150347814498225
2026-02-22 19:35:00+00:00,0,0.5209607981047275
2026-02-22 19:40:00+00:00,0,0.5226636328472161
2026-02-22 19:45:00+00:00,0,0.5254673029147642
2026-02-22 19:50:00+00:00,0,0.522741464885879
2026-02-22 19:55:00+00:00,0,0.5221597768324531
2026-02-22 20:00:00+00:00,1,0.5303406743420027
2026-02-22 20:05:00+00:00,1,0.5249911593440347
2026-02-22 20:10:00+00:00,1,0.5229907304356164
2026-02-22 20:15:00+00:00,1,0.5216502605934901
2026-02-22 20:20:00+00:00,0,0.5256301739702609
2026-02-22 20:25:00+00:00,0,0.5239637475561465
2026-02-22 20:30:00+00:00,0,0.5305434811172339
2026-02-22 20:35:00+00:00,0,0.5318574896751648
2026-02-22 20:40:00+00:00,0,0.5297704059620426
2026-02-22 20:45:00+00:00,0,0.529472746136111
2026-02-22 20:50:00+00:00,1,0.5283524044013239
2026-02-22 20:55:00+00:00,0,0.5191868888314852
2026-02-22 21:00:00+00:00,0,0.5099626968800339
2026-02-22 21:05:00+00:00,1,0.5123554721193642
2026-02-22 21:10:00+00:00,1,0.5126304413695154
2026-02-22 21:15:00+00:00,1,0.5037778659575772
2026-02-22 21:20:00+00:00,1,0.5104992282152142
2026-02-22 21:25:00+00:00,1,0.5173912509815249
2026-02-22 21:30:00+00:00,1,0.513977264076867
2026-02-22 21:35:00+00:00,1,0.5081907416240061
2026-02-22 21:40:00+00:00,1,0.5018859242587519
2026-02-22 21:45:00+00:00,1,0.5118832547004497
2026-02-22 21:50:00+00:00,1,0.49574502761072525
2026-02-22 21:55:00+00:00,1,0.5008181906048099
2026-02-22 22:00:00+00:00,1,0.49069153701400214
2026-02-22 22:05:00+00:00,1,0.49503997226326224
2026-02-22 22:10:00+00:00,1,0.49068790850156674
2026-02-22 22:15:00+00:00,1,0.495874121244141
2026-02-22 22:20:00+00:00,1,0.4795105838788364
2026-02-22 22:25:00+00:00,1,0.48513722872348386
2026-02-22 22:30:00+00:00,1,0.47790315302729813
2026-02-22 22:35:00+00:00,1,0.48591386503883466
2026-02-22 22:40:00+00:00,0,0.4728658666470144
2026-02-22 22:45:00+00:00,0,0.4752878051531892
2026-02-22 22:50:00+00:00,0,0.4777246349593541
2026-02-22 22:55:00+00:00,0,0.4771189598593139
2026-02-22 23:00:00+00:00,0,0.4754929162490157
2026-02-22 23:05:00+00:00,0,0.4784252538476418
2026-02-22 23:10:00+00:00,0,0.48081727918101347
2026-02-22 23:15:00+00:00,0,0.4830365426573639
2026-02-22 23:20:00+00:00,1,0.48935974077591887
2026-02-22 23:25:00+00:00,1,0.49164965772859953
2026-02-22 23:30:00+00:00,1,0.4915753233999571
2026-02-22 23:35:00+00:00,1,0.4965203884143766
2026-02-22 23:40:00+00:00,1,0.5145136051052296
2026-02-22 23:45:00+00:00,1,0.5032496076985459
2026-02-22 23:50:00+00:00,0,0.48833489994245466
2026-02-22 23:55:00+00:00,0,0.4881188178066314
2026-02-23 00:00:00+00:00,0,0.49327443795211295
2026-02-23 00:05:00+00:00,0,0.4884609983414477
2026-02-23 00:10:00+00:00,0,0.49802545082772576
2026-02-23 00:15:00+00:00,0,0.5168959768231178
2026-02-23 00:20:00+00:00,0,0.5189147747679241
2026-02-23 00:25:00+00:00,0,0.5238060702010987
2026-02-23 00:30:00+00:00,0,0.5308838623460199
2026-02-23 00:35:00+00:00,0,0.5342232699151189
2026-02-23 00:40:00+00:00,0,0.5329498273820731
2026-02-23 00:45:00+00:00,0,0.5284393786973781
2026-02-23 00:50:00+00:00,0,0.5195727521007293
2026-02-23 00:55:00+00:00,0,0.5321258387877447
2026-02-23 01:00:00+00:00,0,0.546915756306626
2026-02-23 01:05:00+00:00,0,0.5766745173693788
2026-02-23 01:10:00+00:00,0,0.5500031049247156
2026-02-23 01:15:00+00:00,0,0.5491937558121127
2026-02-23 01:20:00+00:00,0,0.5314304942529039
2026-02-23 01:25:00+00:00,0,0.5499346627193386
2026-02-23 01:30:00+00:00,0,0.5499969866995362
2026-02-23 01:35:00+00:00,0,0.5483872652211373
2026-02-23 01:40:00+00:00,0,0.5177943331740815
2026-02-23 01:45:00+00:00,1,0.5262972533084055
2026-02-23 01:50:00+00:00,1,0.514873784989055
2026-02-23 01:55:00+00:00,1,0.5077663843512102
2026-02-23 02:00:00+00:00,1,0.521959404929812
2026-02-23 02:05:00+00:00,1,0.5235534285631013
2026-02-23 02:10:00+00:00,1,0.5279481795044606
2026-02-23 02:15:00+00:00,1,0.5156083903605245
2026-02-23 02:20:00+00:00,1,0.5152008975761938
2026-02-23 02:25:00+00:00,1,0.5071427428699249
2026-02-23 02:30:00+00:00,1,0.5036431196925243
2026-02-23 02:35:00+00:00,1,0.5064699582129234
2026-02-23 02:40:00+00:00,1,0.5024759104659082
2026-02-23 02:45:00+00:00,1,0.5056826335002673
2026-02-23 02:50:00+00:00,1,0.5081502392986006
2026-02-23 02:55:00+00:00,1,0.4895916277878354
2026-02-23 03:00:00+00:00,0,0.48077717800297176
2026-02-23 03:05:00+00:00,0,0.48111061309837244
2026-02-23 03:10:00+00:00,1,0.4833854195824087
2026-02-23 03:15:00+00:00,1,0.4998981157431578
2026-02-23 03:20:00+00:00,1,0.4941375294061176
2026-02-23 03:25:00+00:00,1,0.4891473627636184
2026-02-23 03:30:00+00:00,0,0.4622998216352226
2026-02-23 03:35:00+00:00,1,0.46091360287792893
2026-02-23 03:40:00+00:00,0,0.4562599194946171
2026-02-23 03:45:00+00:00,0,0.4609586627747542
2026-02-23 03:50:00+00:00,0,0.45668625389578843
2026-02-23 03:55:00+00:00,0,0.4625489944280179
2026-02-23 04:00:00+00:00,0,0.48039410007706934
2026-02-23 04:05:00+00:00,0,0.4691443608195242
2026-02-23 04:10:00+00:00,0,0.4765173646810723
2026-02-23 04:15:00+00:00,0,0.4778526987414376
2026-02-23 04:20:00+00:00,0,0.5184439579187883
2026-02-23 04:25:00+00:00,0,0.5104600115658869
2026-02-23 04:30:00+00:00,1,0.5107112622451853
2026-02-23 04:35:00+00:00,1,0.5239944185404534
2026-02-23 04:40:00+00:00,1,0.5173052057038419
2026-02-23 04:45:00+00:00,1,0.5139036874377587
2026-02-23 04:50:00+00:00,1,0.5090049716431653
2026-02-23 04:55:00+00:00,1,0.5017873534391117
2026-02-23 05:00:00+00:00,1,0.4992159944293677
2026-02-23 05:05:00+00:00,1,0.5028897921291278
2026-02-23 05:10:00+00:00,1,0.46858551367018314
2026-02-23 05:15:00+00:00,0,0.4615280571417449
2026-02-23 05:20:00+00:00,0,0.4677093424685229
2026-02-23 05:25:00+00:00,0,0.47066530560847264
2026-02-23 05:30:00+00:00,1,0.46719452940462164
2026-02-23 05:35:00+00:00,1,0.4671933755136054
2026-02-23 05:40:00+00:00,1,0.45874393232072813
2026-02-23 05:45:00+00:00,1,0.4638091750053402
2026-02-23 05:50:00+00:00,1,0.4687335831733683
2026-02-23 05:55:00+00:00,1,0.4665040900714112
2026-02-23 06:00:00+00:00,1,0.4686568920741316
2026-02-23 06:05:00+00:00,1,0.47086002122352144
2026-02-23 06:10:00+00:00,0,0.4780887237478774
2026-02-23 06:15:00+00:00,1,0.47176163268892496
2026-02-23 06:20:00+00:00,1,0.47435370023481294
2026-02-23 06:25:00+00:00,1,0.4730882861664051
2026-02-23 06:30:00+00:00,1,0.4684822588277398
2026-02-23 06:35:00+00:00,0,0.4670136519363818
2026-02-23 06:40:00+00:00,1,0.47116325532730596
2026-02-23 06:45:00+00:00,1,0.4682081184523688
2026-02-23 06:50:00+00:00,0,0.46833122870937743
2026-02-23 06:55:00+00:00,0,0.47188449995323434
2026-02-23 07:00:00+00:00,0,0.46891590484465495
2026-02-23 07:05:00+00:00,1,0.4699568603931784
2026-02-23 07:10:00+00:00,1,0.4678907014633166
2026-02-23 07:15:00+00:00,1,0.4749744937109198
2026-02-23 07:20:00+00:00,1,0.4765437712912837
2026-02-23 07:25:00+00:00,1,0.4837272955528088
2026-02-23 07:30:00+00:00,0,0.4817115735721924
2026-02-23 07:35:00+00:00,0,0.4696470473687761
2026-02-23 07:40:00+00:00,0,0.46928742452256844
2026-02-23 07:45:00+00:00,0,0.47302532754047644
2026-02-23 07:50:00+00:00,0,0.483393260426666
2026-02-23 07:55:00+00:00,0,0.48506834758216727
2026-02-23 08:00:00+00:00,0,0.49451710048963693
2026-02-23 08:05:00+00:00,0,0.5135213570551163
2026-02-23 08:10:00+00:00,0,0.5068292861500409
2026-02-23 08:15:00+00:00,0,0.505440117847366
2026-02-23 08:20:00+00:00,0,0.5147160280993214
2026-02-23 08:25:00+00:00,1,0.5073182839685727
2026-02-23 08:30:00+00:00,1,0.5114429067351435
2026-02-23 08:35:00+00:00,1,0.5101167088781937
2026-02-23 08:40:00+00:00,1,0.5168085730154361
2026-02-23 08:45:00+00:00,1,0.5039100781799962
2026-02-23 08:50:00+00:00,1,0.50805708948187
2026-02-23 08:55:00+00:00,1,0.5009441600137144
2026-02-23 09:00:00+00:00,1,0.4941892961153351
2026-02-23 09:05:00+00:00,1,0.5044439400707119
2026-02-23 09:10:00+00:00,1,0.5017454903915899
2026-02-23 09:15:00+00:00,1,0.5033142311566754
2026-02-23 09:20:00+00:00,1,0.4985050669156964
2026-02-23 09:25:00+00:00,1,0.479875964499906
2026-02-23 09:30:00+00:00,1,0.4665824151871643
2026-02-23 09:35:00+00:00,1,0.4910706909427041
2026-02-23 09:40:00+00:00,1,0.47974511568066247
2026-02-23 09:45:00+00:00,0,0.47940850666389523
2026-02-23 09:50:00+00:00,0,0.49570769421056055
2026-02-23 09:55:00+00:00,0,0.47505296267324454
2026-02-23 10:00:00+00:00,0,0.47045551794251084
2026-02-23 10:05:00+00:00,0,0.47270648950272454
2026-02-23 10:10:00+00:00,1,0.4725422188007532
2026-02-23 10:15:00+00:00,0,0.46695335949159755
2026-02-23 10:20:00+00:00,0,0.4710704627714233
2026-02-23 10:25:00+00:00,0,0.47347627189628577
2026-02-23 10:30:00+00:00,0,0.47735083313203674
2026-02-23 10:35:00+00:00,0,0.4709971106543931
2026-02-23 10:40:00+00:00,0,0.4742647537683487
2026-02-23 10:45:00+00:00,1,0.4787632662594418
2026-02-23 10:50:00+00:00,1,0.4821746887405994
2026-02-23 10:55:00+00:00,1,0.4828263370994548
2026-02-23 11:00:00+00:00,1,0.48421308241648325
2026-02-23 11:05:00+00:00,0,0.4854739520263824
2026-02-23 11:10:00+00:00,0,0.4758482286788492
2026-02-23 11:15:00+00:00,0,0.46559694133356705
2026-02-23 11:20:00+00:00,0,0.4786750950913816
2026-02-23 11:25:00+00:00,0,0.4694116192896404
2026-02-23 11:30:00+00:00,0,0.4889215619501062
2026-02-23 11:35:00+00:00,0,0.5075440697461325
2026-02-23 11:40:00+00:00,0,0.5111028380605595
2026-02-23 11:45:00+00:00,1,0.5152129641738703
2026-02-23 11:50:00+00:00,0,0.5094114074874225
2026-02-23 11:55:00+00:00,0,0.5047655888907446
2026-02-23 12:00:00+00:00,0,0.5083985255371579
2026-02-23 12:05:00+00:00,1,0.506062988677963
2026-02-23 12:10:00+00:00,1,0.49645378698825815
2026-02-23 12:15:00+00:00,1,0.5051891680873749
2026-02-23 12:20:00+00:00,1,0.5121633200531736
2026-02-23 12:25:00+00:00,1,0.5079974520192175
2026-02-23 12:30:00+00:00,1,0.514693625998613
2026-02-23 12:35:00+00:00,0,0.47718328219597156
2026-02-23 12:40:00+00:00,0,0.4691847296428363
2026-02-23 12:45:00+00:00,0,0.4723915175239312
2026-02-23 12:50:00+00:00,0,0.46958458446293744
2026-02-23 12:55:00+00:00,0,0.47965238712654085
2026-02-23 13:00:00+00:00,0,0.48003379120068174
2026-02-23 13:05:00+00:00,0,0.4803490602137006
2026-02-23 13:10:00+00:00,1,0.4852760417161838
2026-02-23 13:15:00+00:00,1,0.4835277714890643
2026-02-23 13:20:00+00:00,0,0.4815072919565952
2026-02-23 13:25:00+00:00,0,0.483524689269459
2026-02-23 13:30:00+00:00,0,0.49922182252354064
2026-02-23 13:35:00+00:00,0,0.509641891053076
2026-02-23 13:40:00+00:00,0,0.479759949468388
2026-02-23 13:45:00+00:00,0,0.47872405421294123
2026-02-23 13:50:00+00:00,0,0.5073941120552043
2026-02-23 13:55:00+00:00,0,0.5134404818863774
2026-02-23 14:00:00+00:00,0,0.5122503642676232
2026-02-23 14:05:00+00:00,0,0.5052227876049294
2026-02-23 14:10:00+00:00,0,0.5109251059420427
2026-02-23 14:15:00+00:00,0,0.5187106202904332
2026-02-23 14:20:00+00:00,1,0.5174489759127825
2026-02-23 14:25:00+00:00,1,0.515578215083444
2026-02-23 14:30:00+00:00,0,0.5191531082097842
2026-02-23 14:35:00+00:00,0,0.5202378112555633
2026-02-23 14:40:00+00:00,0,0.5087330455680413
2026-02-23 14:45:00+00:00,0,0.5133260200667387
2026-02-23 14:50:00+00:00,0,0.5095071960057899
2026-02-23 14:55:00+00:00,0,0.5037480857944586
2026-02-23 15:00:00+00:00,0,0.5158085808307291
2026-02-23 15:05:00+00:00,0,0.521220271784476
2026-02-23 15:10:00+00:00,0,0.5107631242684366
2026-02-23 15:15:00+00:00,0,0.5137558730651864
2026-02-23 15:20:00+00:00,0,0.5139427288944436
2026-02-23 15:25:00+00:00,0,0.5147667227651543
2026-02-23 15:30:00+00:00,0,0.5136240489709987
2026-02-23 15:35:00+00:00,0,0.5100211810922896
2026-02-23 15:40:00+00:00,0,0.51176994838332
2026-02-23 15:45:00+00:00,0,0.5079305792090187
2026-02-23 15:50:00+00:00,0,0.5117752005047054
2026-02-23 15:55:00+00:00,1,0.5098534724929726
2026-02-23 16:00:00+00:00,1,0.5188872402924736
2026-02-23 16:05:00+00:00,1,0.5133062332359716
2026-02-23 16:10:00+00:00,1,0.5152617945991617
2026-02-23 16:15:00+00:00,0,0.5062599273402238
2026-02-23 16:20:00+00:00,0,0.5080619116441676
2026-02-23 16:25:00+00:00,0,0.4993602470120514
2026-02-23 16:30:00+00:00,0,0.5068197421483595
2026-02-23 16:35:00+00:00,0,0.5026609856990572
2026-02-23 16:40:00+00:00,0,0.504326557805993
2026-02-23 16:45:00+00:00,0,0.5116088153291498
2026-02-23 16:50:00+00:00,0,0.5122585814148974
2026-02-23 16:55:00+00:00,0,0.502243189202283
2026-02-23 17:00:00+00:00,0,0.504384903737543
2026-02-23 17:05:00+00:00,0,0.5079184306901288
2026-02-23 17:10:00+00:00,0,0.5154113820281467
2026-02-23 17:15:00+00:00,0,0.5225988493602196
2026-02-23 17:20:00+00:00,0,0.5171100926825082
2026-02-23 17:25:00+00:00,1,0.5240733689414784
2026-02-23 17:30:00+00:00,1,0.5201232499766617
2026-02-23 17:35:00+00:00,1,0.5258430403662624
2026-02-23 17:40:00+00:00,1,0.5134305618255369
2026-02-23 17:45:00+00:00,1,0.5134954801322992
2026-02-23 17:50:00+00:00,1,0.5134062413373228
2026-02-23 17:55:00+00:00,1,0.5004481679506728
2026-02-23 18:00:00+00:00,1,0.4974901344085195
2026-02-23 18:05:00+00:00,1,0.4840367201833735
2026-02-23 18:10:00+00:00,0,0.48944480054653117
2026-02-23 18:15:00+00:00,1,0.5060369847636417
2026-02-23 18:20:00+00:00,0,0.48885899835147273
2026-02-23 18:25:00+00:00,0,0.49806784424263556
2026-02-23 18:30:00+00:00,0,0.47931048980461965
2026-02-23 18:35:00+00:00,0,0.47789298898058746
2026-02-23 18:40:00+00:00,0,0.474826857007777
2026-02-23 18:45:00+00:00,0,0.47898684047058576
2026-02-23 18:50:00+00:00,0,0.5061004974723468
2026-02-23 18:55:00+00:00,0,0.5044725650652526
2026-02-23 19:00:00+00:00,0,0.5108117949302368
2026-02-23 19:05:00+00:00,0,0.4980403934466937
2026-02-23 19:10:00+00:00,0,0.5083606319714127
2026-02-23 19:15:00+00:00,0,0.5038555526780943
2026-02-23 19:20:00+00:00,0,0.5122077354961047
2026-02-23 19:25:00+00:00,0,0.5121228380314178
2026-02-23 19:30:00+00:00,0,0.509631981458235
2026-02-23 19:35:00+00:00,0,0.5157364013383047
2026-02-23 19:40:00+00:00,0,0.5106026565802925
2026-02-23 19:45:00+00:00,0,0.519915212840872
2026-02-23 19:50:00+00:00,0,0.5132625325583982
2026-02-23 19:55:00+00:00,0,0.5156385677725518
2026-02-23 20:00:00+00:00,1,0.5127585232498341
2026-02-23 20:05:00+00:00,1,0.5220739812556918
2026-02-23 20:10:00+00:00,1,0.5172490649388206
2026-02-23 20:15:00+00:00,1,0.5150762411423873
2026-02-23 20:20:00+00:00,1,0.5160889748798819
2026-02-23 20:25:00+00:00,1,0.5163484905763217
2026-02-23 20:30:00+00:00,1,0.5008250649927989
2026-02-23 20:35:00+00:00,1,0.5096483224731028
2026-02-23 20:40:00+00:00,1,0.5030735883998887
2026-02-23 20:45:00+00:00,1,0.5029341027476617
2026-02-23 20:50:00+00:00,0,0.475224594013745
2026-02-23 20:55:00+00:00,0,0.47563778223391123
2026-02-23 21:00:00+00:00,0,0.4763576028377588
2026-02-23 21:05:00+00:00,1,0.4841786269941707
2026-02-23 21:10:00+00:00,1,0.47645529152603305
2026-02-23 21:15:00+00:00,1,0.4765280883875509
2026-02-23 21:20:00+00:00,1,0.4825965280856654
2026-02-23 21:25:00+00:00,1,0.48657154466335384
2026-02-23 21:30:00+00:00,1,0.4818737780997118
2026-02-23 21:35:00+00:00,1,0.4868728285569007
2026-02-23 21:40:00+00:00,1,0.4739221208872196
2026-02-23 21:45:00+00:00,1,0.4756869956077561
2026-02-23 21:50:00+00:00,1,0.4791273602310225
2026-02-23 21:55:00+00:00,1,0.4773050750071491
2026-02-23 22:00:00+00:00,1,0.4735054534135438
2026-02-23 22:05:00+00:00,1,0.47044302177319003
2026-02-23 22:10:00+00:00,0,0.4726109085489231
2026-02-23 22:15:00+00:00,0,0.4712474531375676
2026-02-23 22:20:00+00:00,0,0.47154707696839954
2026-02-23 22:25:00+00:00,0,0.47471581749341135
2026-02-23 22:30:00+00:00,0,0.47436658611599275
2026-02-23 22:35:00+00:00,0,0.477982574324516
2026-02-23 22:40:00+00:00,0,0.47514447539952326
2026-02-23 22:45:00+00:00,0,0.48191451813261477
2026-02-23 22:50:00+00:00,1,0.4829972911397988
2026-02-23 22:55:00+00:00,0,0.4881371768995531
2026-02-23 23:00:00+00:00,0,0.4829500508473843
2026-02-23 23:05:00+00:00,0,0.476433844723763
2026-02-23 23:10:00+00:00,0,0.4804143802141597
2026-02-23 23:15:00+00:00,0,0.48755394535106983
2026-02-23 23:20:00+00:00,0,0.48945713949580205
2026-02-23 23:25:00+00:00,0,0.515127797602979
2026-02-23 23:30:00+00:00,0,0.5007971549035671
2026-02-23 23:35:00+00:00,1,0.5127140163478903
2026-02-23 23:40:00+00:00,1,0.5246751202244867
2026-02-23 23:45:00+00:00,1,0.5133867610065961
2026-02-23 23:50:00+00:00,1,0.5166908794967403
2026-02-23 23:55:00+00:00,1,0.5123125561612333
2026-02-24 00:00:00+00:00,1,0.5105713742116708
2026-02-24 00:05:00+00:00,1,0.5070020118974624
2026-02-24 00:10:00+00:00,1,0.5052292094207103
2026-02-24 00:15:00+00:00,1,0.48662963613513666
2026-02-24 00:20:00+00:00,1,0.4810957468918899
2026-02-24 00:25:00+00:00,1,0.4797054649958783
2026-02-24 00:30:00+00:00,1,0.47845313780826626
2026-02-24 00:35:00+00:00,0,0.4777955009954643
2026-02-24 00:40:00+00:00,0,0.46995316497651246
2026-02-24 00:45:00+00:00,0,0.47300816699677445
2026-02-24 00:50:00+00:00,0,0.47534339217222477
2026-02-24 00:55:00+00:00,0,0.4768196897339597
2026-02-24 01:00:00+00:00,1,0.4826742145627502
2026-02-24 01:05:00+00:00,0,0.5037624294823463
2026-02-24 01:10:00+00:00,1,0.5230035390082186
2026-02-24 01:15:00+00:00,1,0.5215419970811651
2026-02-24 01:20:00+00:00,0,0.4822792483911401
2026-02-24 01:25:00+00:00,0,0.4754722460779382
2026-02-24 01:30:00+00:00,0,0.48141420987871764
2026-02-24 01:35:00+00:00,0,0.5088841826244432
2026-02-24 01:40:00+00:00,0,0.5005311861013038
2026-02-24 01:45:00+00:00,0,0.5099087431437811
2026-02-24 01:50:00+00:00,0,0.5087344118647409
2026-02-24 01:55:00+00:00,0,0.5150973018112075
2026-02-24 02:00:00+00:00,1,0.5150980119428501
2026-02-24 02:05:00+00:00,1,0.5146796692423049
2026-02-24 02:10:00+00:00,0,0.5149886466996838
2026-02-24 02:15:00+00:00,0,0.5197578811807677
2026-02-24 02:20:00+00:00,0,0.5121214393896519
2026-02-24 02:25:00+00:00,0,0.5040459441020939
2026-02-24 02:30:00+00:00,0,0.5039294758606135
2026-02-24 02:35:00+00:00,0,0.5127994119825656
2026-02-24 02:40:00+00:00,0,0.514808414018474
2026-02-24 02:45:00+00:00,0,0.5127678585624958
2026-02-24 02:50:00+00:00,0,0.5178366432951139
2026-02-24 02:55:00+00:00,0,0.5103314066862903
2026-02-24 03:00:00+00:00,0,0.5249139380465195
2026-02-24 03:05:00+00:00,0,0.5285158675422004
2026-02-24 03:10:00+00:00,0,0.5250639027297901
2026-02-24 03:15:00+00:00,0,0.5310020532458544
2026-02-24 03:20:00+00:00,0,0.5251379247241534
2026-02-24 03:25:00+00:00,0,0.522617039445328
2026-02-24 03:30:00+00:00,0,0.5273549064193173
2026-02-24 03:35:00+00:00,0,0.5310868884393607
2026-02-24 03:40:00+00:00,0,0.5296348002736841
2026-02-24 03:45:00+00:00,0,0.5298948860493423
2026-02-24 03:50:00+00:00,0,0.5274664515645444
2026-02-24 03:55:00+00:00,0,0.5213860065943051
2026-02-24 04:00:00+00:00,0,0.5177447127208409
2026-02-24 04:05:00+00:00,1,0.5165585991068419
2026-02-24 04:10:00+00:00,1,0.5233264282742784
2026-02-24 04:15:00+00:00,1,0.5202538618038304
2026-02-24 04:20:00+00:00,1,0.5105765689041583
2026-02-24 04:25:00+00:00,1,0.5123175637940518
2026-02-24 04:30:00+00:00,1,0.5118632455068728
2026-02-24 04:35:00+00:00,1,0.5045370058207408
2026-02-24 04:40:00+00:00,1,0.5103661294262885
2026-02-24 04:45:00+00:00,0,0.5017183187216007
2026-02-24 04:50:00+00:00,0,0.5037459956492465
2026-02-24 04:55:00+00:00,0,0.49263813012236296
2026-02-24 05:00:00+00:00,0,0.4856578706659148
2026-02-24 05:05:00+00:00,0,0.4840569431092306
2026-02-24 05:10:00+00:00,0,0.4890973119737527
2026-02-24 05:15:00+00:00,0,0.5065740506937578
2026-02-24 05:20:00+00:00,1,0.518937788855961
2026-02-24 05:25:00+00:00,1,0.5039257167845811
2026-02-24 05:30:00+00:00,0,0.505997124304915
2026-02-24 05:35:00+00:00,1,0.5147995030474408
2026-02-24 05:40:00+00:00,0,0.5105281931677598
2026-02-24 05:45:00+00:00,1,0.5013781733021959
2026-02-24 05:50:00+00:00,1,0.49416716500300345
2026-02-24 05:55:00+00:00,1,0.49576001960730104
2026-02-24 06:00:00+00:00,1,0.5115247813229877
2026-02-24 06:05:00+00:00,1,0.5017659444051096
2026-02-24 06:10:00+00:00,1,0.5115855918307006
2026-02-24 06:15:00+00:00,0,0.507136608090979
2026-02-24 06:20:00+00:00,0,0.5041171246342971
2026-02-24 06:25:00+00:00,0,0.5078189786548665
2026-02-24 06:30:00+00:00,0,0.501561400016911
2026-02-24 06:35:00+00:00,1,0.49817930647628367
2026-02-24 06:40:00+00:00,1,0.5025355739477837
2026-02-24 06:45:00+00:00,1,0.5066934283059285
2026-02-24 06:50:00+00:00,1,0.5137587126067763
2026-02-24 06:55:00+00:00,1,0.5148412084566203
2026-02-24 07:00:00+00:00,1,0.5164678299104887
2026-02-24 07:05:00+00:00,1,0.49282491816055124
2026-02-24 07:10:00+00:00,0,0.47352994928583525
2026-02-24 07:15:00+00:00,0,0.475242029085197
2026-02-24 07:20:00+00:00,0,0.47498949740778457
2026-02-24 07:25:00+00:00,0,0.47176817025712375
2026-02-24 07:30:00+00:00,0,0.48108698637119157
2026-02-24 07:35:00+00:00,0,0.4870260601625926
2026-02-24 07:40:00+00:00,0,0.5003791872403281
2026-02-24 07:45:00+00:00,1,0.510184207682241
2026-02-24 07:50:00+00:00,1,0.505806715547776
2026-02-24 07:55:00+00:00,1,0.4937432034656968
2026-02-24 08:00:00+00:00,1,0.5133516683855216
2026-02-24 08:05:00+00:00,1,0.4979682951788498
2026-02-24 08:10:00+00:00,1,0.49785271669190795
2026-02-24 08:15:00+00:00,1,0.5033764173574556
2026-02-24 08:20:00+00:00,1,0.4723236857604637
2026-02-24 08:25:00+00:00,1,0.48082387848367186
2026-02-24 08:30:00+00:00,0,0.4754025997540018
2026-02-24 08:35:00+00:00,0,0.4730748242994966
2026-02-24 08:40:00+00:00,0,0.48075122171450996
2026-02-24 08:45:00+00:00,0,0.4832153929654109
2026-02-24 08:50:00+00:00,0,0.47574655841496954
2026-02-24 08:55:00+00:00,0,0.48332514359960205
2026-02-24 09:00:00+00:00,0,0.48657604527933673
2026-02-24 09:05:00+00:00,0,0.4913239261294207
2026-02-24 09:10:00+00:00,0,0.4915654253641625
2026-02-24 09:15:00+00:00,1,0.5099975221000724
2026-02-24 09:20:00+00:00,1,0.5094647259321367
2026-02-24 09:25:00+00:00,1,0.5063204043126928
2026-02-24 09:30:00+00:00,1,0.5150599455316206
2026-02-24 09:35:00+00:00,1,0.5104190652909043
2026-02-24 09:40:00+00:00,1,0.49812687289897717
2026-02-24 09:45:00+00:00,1,0.4986509759163522
2026-02-24 09:50:00+00:00,1,0.49933575632464144
2026-02-24 09:55:00+00:00,0,0.491077193412333
2026-02-24 10:00:00+00:00,1,0.4993081968159559
2026-02-24 10:05:00+00:00,0,0.5043197189488612
2026-02-24 10:10:00+00:00,1,0.5027204637973622
2026-02-24 10:15:00+00:00,0,0.4967356166769401
2026-02-24 10:20:00+00:00,0,0.49701593718528564
2026-02-24 10:25:00+00:00,0,0.5002885616365291
2026-02-24 10:30:00+00:00,0,0.5056588460071564
2026-02-24 10:35:00+00:00,0,0.5086299984807483
2026-02-24 10:40:00+00:00,0,0.5053221413430811
2026-02-24 10:45:00+00:00,1,0.5095541349235095
2026-02-24 10:50:00+00:00,0,0.5102403600086908
2026-02-24 10:55:00+00:00,0,0.505674468762202
2026-02-24 11:00:00+00:00,0,0.5017466668302579
2026-02-24 11:05:00+00:00,1,0.5121004040939763
2026-02-24 11:10:00+00:00,1,0.5087158489710418
2026-02-24 11:15:00+00:00,1,0.502763698767457
2026-02-24 11:20:00+00:00,1,0.5100354095441082
2026-02-24 11:25:00+00:00,1,0.5092496013375861
2026-02-24 11:30:00+00:00,1,0.50516925067056
2026-02-24 11:35:00+00:00,1,0.5028380596351466
2026-02-24 11:40:00+00:00,1,0.5064525307632913
2026-02-24 11:45:00+00:00,1,0.5024775393904846
2026-02-24 11:50:00+00:00,1,0.5056194400746502
2026-02-24 11:55:00+00:00,1,0.49708651609915233
2026-02-24 12:00:00+00:00,1,0.5117797505611199
2026-02-24 12:05:00+00:00,0,0.5090425317871603
2026-02-24 12:10:00+00:00,0,0.48665693140234584
2026-02-24 12:15:00+00:00,0,0.4931551121738589
2026-02-24 12:20:00+00:00,0,0.48489532561041154
2026-02-24 12:25:00+00:00,0,0.4848190636319778
2026-02-24 12:30:00+00:00,0,0.4932830981391081
2026-02-24 12:35:00+00:00,0,0.5165924676036323
2026-02-24 12:40:00+00:00,0,0.5082023048773303
2026-02-24 12:45:00+00:00,0,0.518686402648434
2026-02-24 12:50:00+00:00,0,0.5106721037818183
2026-02-24 12:55:00+00:00,0,0.5120996514988485
2026-02-24 13:00:00+00:00,0,0.5042235978770291
2026-02-24 13:05:00+00:00,0,0.5111964674821008
2026-02-24 13:10:00+00:00,0,0.5099202686957652
2026-02-24 13:15:00+00:00,0,0.5120153153218655
2026-02-24 13:20:00+00:00,1,0.5167165064641025
2026-02-24 13:25:00+00:00,1,0.5260314281721609
2026-02-24 13:30:00+00:00,1,0.5200224315448486
2026-02-24 13:35:00+00:00,1,0.5190255855321873
2026-02-24 13:40:00+00:00,0,0.513551947151537
2026-02-24 13:45:00+00:00,0,0.5084667218517185
2026-02-24 13:50:00+00:00,0,0.5003491768630242
2026-02-24 13:55:00+00:00,0,0.4995314088421161
2026-02-24 14:00:00+00:00,0,0.5028249795707007
2026-02-24 14:05:00+00:00,1,0.4995024140339541
2026-02-24 14:10:00+00:00,1,0.5082066973387394
2026-02-24 14:15:00+00:00,1,0.5088425587666201
2026-02-24 14:20:00+00:00,1,0.5112555602658406
2026-02-24 14:25:00+00:00,1,0.5052257020891149
2026-02-24 14:30:00+00:00,1,0.5172489724657873
2026-02-24 14:35:00+00:00,1,0.48419900922374115
2026-02-24 14:40:00+00:00,1,0.4745849010727105
2026-02-24 14:45:00+00:00,1,0.47561172892502873
2026-02-24 14:50:00+00:00,1,0.4782785628310022
2026-02-24 14:55:00+00:00,1,0.47869612269954037
2026-02-24 15:00:00+00:00,1,0.474737408677043
2026-02-24 15:05:00+00:00,1,0.4733485248696887
2026-02-24 15:10:00+00:00,1,0.474086910504903
2026-02-24 15:15:00+00:00,1,0.4714158882678046
2026-02-24 15:20:00+00:00,0,0.4721150111639691
2026-02-24 15:25:00+00:00,0,0.47130736614532565
2026-02-24 15:30:00+00:00,1,0.47219007098266585
2026-02-24 15:35:00+00:00,1,0.4766007859174656
2026-02-24 15:40:00+00:00,1,0.47726434115787275
2026-02-24 15:45:00+00:00,1,0.474130524008863
2026-02-24 15:50:00+00:00,1,0.4805296315637641
2026-02-24 15:55:00+00:00,1,0.47742619166514505
2026-02-24 16:00:00+00:00,0,0.4680575330866198
2026-02-24 16:05:00+00:00,0,0.46944163253475113
2026-02-24 16:10:00+00:00,0,0.46999497877458135
2026-02-24 16:15:00+00:00,0,0.46912942583106454
2026-02-24 16:20:00+00:00,0,0.4795377734778714
2026-02-24 16:25:00+00:00,1,0.4796873009130256
2026-02-24 16:30:00+00:00,1,0.4969186663388377
2026-02-24 16:35:00+00:00,1,0.48487479776762893
2026-02-24 16:40:00+00:00,1,0.4814120738622497
2026-02-24 16:45:00+00:00,1,0.5053605860577219
2026-02-24 16:50:00+00:00,1,0.5113325641050024
2026-02-24 16:55:00+00:00,0,0.4697764957289223
2026-02-24 17:00:00+00:00,0,0.4834709946155148
2026-02-24 17:05:00+00:00,0,0.47816796663512956
2026-02-24 17:10:00+00:00,0,0.48030097881934125
2026-02-24 17:15:00+00:00,0,0.4878689245165254
2026-02-24 17:20:00+00:00,0,0.5091091540694385
2026-02-24 17:25:00+00:00,0,0.509424565883063
2026-02-24 17:30:00+00:00,1,0.5066511408607338
2026-02-24 17:35:00+00:00,0,0.5037973976969242
2026-02-24 17:40:00+00:00,0,0.5076956160418067
2026-02-24 17:45:00+00:00,1,0.5076074893094562
2026-02-24 17:50:00+00:00,1,0.5072707832398989
2026-02-24 17:55:00+00:00,1,0.5063989336419097
2026-02-24 18:00:00+00:00,1,0.5044480557315594
2026-02-24 18:05:00+00:00,1,0.5052439590620552
2026-02-24 18:10:00+00:00,1,0.5136263055317418
2026-02-24 18:15:00+00:00,1,0.5024823775186791
2026-02-24 18:20:00+00:00,1,0.502688823772946
2026-02-24 18:25:00+00:00,1,0.4971459324104013
2026-02-24 18:30:00+00:00,0,0.4771187052655838
2026-02-24 18:35:00+00:00,0,0.4926966166434548
2026-02-24 18:40:00+00:00,0,0.4915958969457168
2026-02-24 18:45:00+00:00,0,0.48246395204623344
2026-02-24 18:50:00+00:00,0,0.4919650988427673
2026-02-24 18:55:00+00:00,0,0.4953870130579607
2026-02-24 19:00:00+00:00,0,0.481605951913484
2026-02-24 19:05:00+00:00,0,0.4935119814435158
2026-02-24 19:10:00+00:00,1,0.5160956134985801
2026-02-24 19:15:00+00:00,1,0.5193523880688702
2026-02-24 19:20:00+00:00,1,0.5075662889249796
2026-02-24 19:25:00+00:00,1,0.5157856458924379
2026-02-24 19:30:00+00:00,1,0.5005979039272223
2026-02-24 19:35:00+00:00,0,0.4973414986709665
2026-02-24 19:40:00+00:00,0,0.4791931836074076
2026-02-24 19:45:00+00:00,0,0.48273629217186037
2026-02-24 19:50:00+00:00,1,0.4865589490004438
2026-02-24 19:55:00+00:00,1,0.49197447919348447
2026-02-24 20:00:00+00:00,1,0.4891277228468148
2026-02-24 20:05:00+00:00,1,0.514058813719512
2026-02-24 20:10:00+00:00,1,0.49890354828960176
2026-02-24 20:15:00+00:00,0,0.49471878629734417
2026-02-24 20:20:00+00:00,0,0.4890763480122743
2026-02-24 20:25:00+00:00,0,0.48887814417111203
2026-02-24 20:30:00+00:00,0,0.4847834444437495
2026-02-24 20:35:00+00:00,0,0.4944546424784145
2026-02-24 20:40:00+00:00,0,0.49563406948308414
2026-02-24 20:45:00+00:00,0,0.5181195444773778
2026-02-24 20:50:00+00:00,0,0.5087610409442289
2026-02-24 20:55:00+00:00,0,0.5110702755471983
2026-02-24 21:00:00+00:00,0,0.531486997787459
2026-02-24 21:05:00+00:00,0,0.5218000198177061
2026-02-24 21:10:00+00:00,0,0.5164220721912376
2026-02-24 21:15:00+00:00,0,0.5300937814563983
2026-02-24 21:20:00+00:00,0,0.522806894333881
2026-02-24 21:25:00+00:00,0,0.5215813638075444
2026-02-24 21:30:00+00:00,1,0.5189313320854375
2026-02-24 21:35:00+00:00,1,0.5262363677011618
2026-02-24 21:40:00+00:00,1,0.5103957333410054
2026-02-24 21:45:00+00:00,1,0.5018793601467338
2026-02-24 21:50:00+00:00,1,0.49912612534360146
2026-02-24 21:55:00+00:00,1,0.49922430505559884
2026-02-24 22:00:00+00:00,0,0.4995884738019746
2026-02-24 22:05:00+00:00,0,0.4942819653624561
2026-02-24 22:10:00+00:00,0,0.508336788585052
2026-02-24 22:15:00+00:00,1,0.5109596293313079
2026-02-24 22:20:00+00:00,0,0.5005267525108744
2026-02-24 22:25:00+00:00,1,0.5058690831099084
2026-02-24 22:30:00+00:00,0,0.5066508041832584
2026-02-24 22:35:00+00:00,0,0.5077683587711359
2026-02-24 22:40:00+00:00,0,0.4979125370818845
2026-02-24 22:45:00+00:00,0,0.501087713936195
2026-02-24 22:50:00+00:00,0,0.5128587819963603
2026-02-24 22:55:00+00:00,0,0.4894726286275865
2026-02-24 23:00:00+00:00,1,0.5121592426894829
2026-02-24 23:05:00+00:00,1,0.5211316275004686
2026-02-24 23:10:00+00:00,1,0.5080634207109014
2026-02-24 23:15:00+00:00,0,0.510436046436397
2026-02-24 23:20:00+00:00,0,0.5039303516579972
2026-02-24 23:25:00+00:00,0,0.49719474947127673
2026-02-24 23:30:00+00:00,0,0.4961892230074841
2026-02-24 23:35:00+00:00,0,0.48278703493060593
2026-02-24 23:40:00+00:00,0,0.5108071532868057
2026-02-24 23:45:00+00:00,0,0.5158445262244578
2026-02-24 23:50:00+00:00,0,0.51766766847384
2026-02-24 23:55:00+00:00,0,0.5174536990582274
2026-02-25 00:00:00+00:00,1,0.5228259035907303
2026-02-25 00:05:00+00:00,1,0.522688796285241
2026-02-25 00:10:00+00:00,1,0.5138805242422939
2026-02-25 00:15:00+00:00,1,0.5083019757423374
2026-02-25 00:20:00+00:00,1,0.5092673495594808
2026-02-25 00:25:00+00:00,1,0.5146231310732183
2026-02-25 00:30:00+00:00,1,0.5104757091126811
2026-02-25 00:35:00+00:00,1,0.5085457018901898
2026-02-25 00:40:00+00:00,1,0.47643897450143136
2026-02-25 00:45:00+00:00,1,0.4797509256554393
2026-02-25 00:50:00+00:00,1,0.4791096119202532
2026-02-25 00:55:00+00:00,1,0.485246147636248
2026-02-25 01:00:00+00:00,1,0.47142792035627806
2026-02-25 01:05:00+00:00,1,0.47054485557349107
2026-02-25 01:10:00+00:00,1,0.5486734284871181
2026-02-25 01:15:00+00:00,1,0.5598931317134782
2026-02-25 01:20:00+00:00,1,0.5625932942294603
2026-02-25 01:25:00+00:00,1,0.5531170171022297
2026-02-25 01:30:00+00:00,1,0.54530512885613
2026-02-25 01:35:00+00:00,1,0.5436425234436544
2026-02-25 01:40:00+00:00,1,0.5176845389333683
2026-02-25 01:45:00+00:00,1,0.5370410645569497
2026-02-25 01:50:00+00:00,1,0.5047346875816183
2026-02-25 01:55:00+00:00,1,0.5170263176450847
2026-02-25 02:00:00+00:00,0,0.517716081102757
2026-02-25 02:05:00+00:00,0,0.5202664085518193
2026-02-25 02:10:00+00:00,0,0.5094871268008888
2026-02-25 02:15:00+00:00,0,0.4913296297866412
2026-02-25 02:20:00+00:00,0,0.48483379109863967
2026-02-25 02:25:00+00:00,0,0.4853390712840316
2026-02-25 02:30:00+00:00,0,0.48828836224019323
2026-02-25 02:35:00+00:00,0,0.4899551413639288
2026-02-25 02:40:00+00:00,0,0.49170414799542966
2026-02-25 02:45:00+00:00,0,0.4921444262888089
2026-02-25 02:50:00+00:00,0,0.49269120596051297
2026-02-25 02:55:00+00:00,0,0.5015877257519463
2026-02-25 03:00:00+00:00,0,0.5100579759721405
2026-02-25 03:05:00+00:00,0,0.5028704621691094
2026-02-25 03:10:00+00:00,0,0.5036429451642059
2026-02-25 03:15:00+00:00,0,0.5298694223120383
2026-02-25 03:20:00+00:00,0,0.531455104597663
2026-02-25 03:25:00+00:00,0,0.5274308282230731
2026-02-25 03:30:00+00:00,0,0.5265456505432902
2026-02-25 03:35:00+00:00,0,0.5314007454477443
2026-02-25 03:40:00+00:00,0,0.5155588508935206
2026-02-25 03:45:00+00:00,0,0.521095032655475
2026-02-25 03:50:00+00:00,0,0.5207153951054843
2026-02-25 03:55:00+00:00,1,0.5215809108132281
2026-02-25 04:00:00+00:00,1,0.5301741069070276
2026-02-25 04:05:00+00:00,1,0.5255099577035972
2026-02-25 04:10:00+00:00,1,0.5205588448994384
2026-02-25 04:15:00+00:00,1,0.5148324470294817
2026-02-25 04:20:00+00:00,1,0.5141692152870055
2026-02-25 04:25:00+00:00,0,0.5068972832491202
2026-02-25 04:30:00+00:00,1,0.5093199142085647
2026-02-25 04:35:00+00:00,0,0.49562188242438254
2026-02-25 04:40:00+00:00,0,0.5046771117931808
2026-02-25 04:45:00+00:00,0,0.49823657374811336
2026-02-25 04:50:00+00:00,0,0.5079004843091941
2026-02-25 04:55:00+00:00,0,0.5096738676191596
2026-02-25 05:00:00+00:00,0,0.5091671610381302
2026-02-25 05:05:00+00:00,0,0.5096066434157643
2026-02-25 05:10:00+00:00,0,0.5112053321745521
2026-02-25 05:15:00+00:00,0,0.5152003062981101
2026-02-25 05:20:00+00:00,0,0.5190843579620471
2026-02-25 05:25:00+00:00,0,0.5222904469265449
2026-02-25 05:30:00+00:00,1,0.5256329954012654
2026-02-25 05:35:00+00:00,1,0.5284535327749055
2026-02-25 05:40:00+00:00,1,0.5212931848798695
2026-02-25 05:45:00+00:00,1,0.5192612714613075
2026-02-25 05:50:00+00:00,1,0.517445374536537
2026-02-25 05:55:00+00:00,1,0.5096307053937533
2026-02-25 06:00:00+00:00,1,0.502192173040159
2026-02-25 06:05:00+00:00,1,0.5073487910632084
2026-02-25 06:10:00+00:00,1,0.502433205432052
2026-02-25 06:15:00+00:00,1,0.5046296396124053
2026-02-25 06:20:00+00:00,0,0.5021049191293588
2026-02-25 06:25:00+00:00,0,0.5068466535395851
2026-02-25 06:30:00+00:00,0,0.5030640957893955
2026-02-25 06:35:00+00:00,1,0.49995115527807377
2026-02-25 06:40:00+00:00,0,0.4947657291274571
2026-02-25 06:45:00+00:00,1,0.5056298379410606
2026-02-25 06:50:00+00:00,1,0.5067893492042971
2026-02-25 06:55:00+00:00,1,0.5100687871750146
2026-02-25 07:00:00+00:00,1,0.5044307788652276
2026-02-25 07:05:00+00:00,1,0.49430007498263656
2026-02-25 07:10:00+00:00,1,0.49124447392626297
2026-02-25 07:15:00+00:00,0,0.4706376647342738
2026-02-25 07:20:00+00:00,1,0.4759975595228044
2026-02-25 07:25:00+00:00,1,0.4745677035285496
2026-02-25 07:30:00+00:00,0,0.4699546230040721
2026-02-25 07:35:00+00:00,1,0.48116903064027766
2026-02-25 07:40:00+00:00,1,0.4840831455281887
2026-02-25 07:45:00+00:00,1,0.48537605687773894
2026-02-25 07:50:00+00:00,1,0.4778543367248116
2026-02-25 07:55:00+00:00,1,0.4774548882598778
2026-02-25 08:00:00+00:00,1,0.4797325677954507
2026-02-25 08:05:00+00:00,1,0.48508798134242487
2026-02-25 08:10:00+00:00,1,0.4866929350846411
2026-02-25 08:15:00+00:00,1,0.4774810285420194
2026-02-25 08:20:00+00:00,1,0.47453795503451746
2026-02-25 08:25:00+00:00,1,0.478244376158769
2026-02-25 08:30:00+00:00,1,0.4687827899533281
2026-02-25 08:35:00+00:00,1,0.4718934330781684
2026-02-25 08:40:00+00:00,1,0.4701824935139503
2026-02-25 08:45:00+00:00,1,0.4726808484234945
2026-02-25 08:50:00+00:00,1,0.46796620586472454
2026-02-25 08:55:00+00:00,1,0.47135235286898536
2026-02-25 09:00:00+00:00,1,0.464302082206954
2026-02-25 09:05:00+00:00,0,0.4661444656070443
2026-02-25 09:10:00+00:00,0,0.46492499138889465
2026-02-25 09:15:00+00:00,0,0.4677741730246027
2026-02-25 09:20:00+00:00,1,0.4694703548354772
2026-02-25 09:25:00+00:00,1,0.4685120106485213
2026-02-25 09:30:00+00:00,1,0.4683327287380452
2026-02-25 09:35:00+00:00,1,0.47565983289104385
2026-02-25 09:40:00+00:00,1,0.4776124326834613
2026-02-25 09:45:00+00:00,1,0.4765918514485751
2026-02-25 09:50:00+00:00,0,0.47743073362828753
2026-02-25 09:55:00+00:00,0,0.4714995397579573
2026-02-25 10:00:00+00:00,0,0.4729996284031822
2026-02-25 10:05:00+00:00,0,0.4711468313783902
2026-02-25 10:10:00+00:00,0,0.47705544214015144
2026-02-25 10:15:00+00:00,1,0.47904969916376144
2026-02-25 10:20:00+00:00,1,0.48295729443836916
2026-02-25 10:25:00+00:00,1,0.4836744520157943
2026-02-25 10:30:00+00:00,0,0.48521492573819136
2026-02-25 10:35:00+00:00,0,0.4839423722862753
2026-02-25 10:40:00+00:00,0,0.4894865668478093
2026-02-25 10:45:00+00:00,0,0.4723284856458757
2026-02-25 10:50:00+00:00,1,0.48522296377560226
2026-02-25 10:55:00+00:00,0,0.48000979504473906
2026-02-25 11:00:00+00:00,1,0.5078894639778074
2026-02-25 11:05:00+00:00,1,0.51060915266753
2026-02-25 11:10:00+00:00,1,0.5110798216688379
2026-02-25 11:15:00+00:00,1,0.5113468991520668
2026-02-25 11:20:00+00:00,1,0.4740604547365564
2026-02-25 11:25:00+00:00,1,0.48842098378743354
2026-02-25 11:30:00+00:00,1,0.5003966585199309
2026-02-25 11:35:00+00:00,1,0.48027763425185876
2026-02-25 11:40:00+00:00,1,0.48403442089395304
2026-02-25 11:45:00+00:00,1,0.4790950407563429
2026-02-25 11:50:00+00:00,1,0.47448575617777405
2026-02-25 11:55:00+00:00,1,0.4710602360486391
2026-02-25 12:00:00+00:00,1,0.4761281684581859
2026-02-25 12:05:00+00:00,1,0.4671139334893614
2026-02-25 12:10:00+00:00,1,0.4772234010757942
2026-02-25 12:15:00+00:00,1,0.46686496792775667
2026-02-25 12:20:00+00:00,1,0.46463106669105353
2026-02-25 12:25:00+00:00,1,0.4669447124162841
2026-02-25 12:30:00+00:00,1,0.46569747428449326
2026-02-25 12:35:00+00:00,1,0.47194677622454645
2026-02-25 12:40:00+00:00,1,0.46878321093374803
2026-02-25 12:45:00+00:00,1,0.464319709041739
2026-02-25 12:50:00+00:00,1,0.4681526981270713
2026-02-25 12:55:00+00:00,1,0.4662798982786446
2026-02-25 13:00:00+00:00,1,0.46502653742185096
2026-02-25 13:05:00+00:00,1,0.4647047823489464
2026-02-25 13:10:00+00:00,1,0.47024993298296464
2026-02-25 13:15:00+00:00,1,0.47106109052904976
2026-02-25 13:20:00+00:00,1,0.4644091692989859
2026-02-25 13:25:00+00:00,1,0.46409498839618524
2026-02-25 13:30:00+00:00,1,0.46836873218588654
2026-02-25 13:35:00+00:00,1,0.4631428161319059
2026-02-25 13:40:00+00:00,1,0.4651624277543921
2026-02-25 13:45:00+00:00,0,0.46400332303120284
2026-02-25 13:50:00+00:00,1,0.46990159539797155
2026-02-25 13:55:00+00:00,1,0.4749181806334537
2026-02-25 14:00:00+00:00,1,0.4722576808125964
2026-02-25 14:05:00+00:00,1,0.47041700455799823
2026-02-25 14:10:00+00:00,1,0.47194066215295355
2026-02-25 14:15:00+00:00,1,0.46660864597030194
2026-02-25 14:20:00+00:00,1,0.46435740818333565
2026-02-25 14:25:00+00:00,1,0.47124880669836083
2026-02-25 14:30:00+00:00,1,0.4691873553314965
2026-02-25 14:35:00+00:00,1,0.47260691234032104
2026-02-25 14:40:00+00:00,1,0.46791031894380175
2026-02-25 14:45:00+00:00,1,0.4974517175634949
2026-02-25 14:50:00+00:00,1,0.49743177319298815
2026-02-25 14:55:00+00:00,0,0.5284752677969133
2026-02-25 15:00:00+00:00,0,0.5237179618828841
2026-02-25 15:05:00+00:00,1,0.49117761175433516
2026-02-25 15:10:00+00:00,1,0.48239066738714126
2026-02-25 15:15:00+00:00,1,0.48343077984646876
2026-02-25 15:20:00+00:00,1,0.47777591227271177
2026-02-25 15:25:00+00:00,1,0.47674961767817015
2026-02-25 15:30:00+00:00,1,0.47534757647502673
2026-02-25 15:35:00+00:00,1,0.47483577017425205
2026-02-25 15:40:00+00:00,1,0.5176052252363453
2026-02-25 15:45:00+00:00,1,0.4829123201649039
2026-02-25 15:50:00+00:00,1,0.5054686911449583
2026-02-25 15:55:00+00:00,1,0.4818281020795811
2026-02-25 16:00:00+00:00,1,0.47876794242475396
2026-02-25 16:05:00+00:00,1,0.48106797563266185
2026-02-25 16:10:00+00:00,1,0.48058936581690237
2026-02-25 16:15:00+00:00,1,0.47743443629390575
2026-02-25 16:20:00+00:00,1,0.4807566971125148
2026-02-25 16:25:00+00:00,1,0.4814759269216029
2026-02-25 16:30:00+00:00,1,0.4794728872907802
2026-02-25 16:35:00+00:00,1,0.47988126120642693
2026-02-25 16:40:00+00:00,1,0.4754060110203908
2026-02-25 16:45:00+00:00,1,0.4769871781740671
2026-02-25 16:50:00+00:00,1,0.4802830648819564
2026-02-25 16:55:00+00:00,1,0.4722515486978674
2026-02-25 17:00:00+00:00,1,0.47843014352695784
2026-02-25 17:05:00+00:00,1,0.47583737057634307
2026-02-25 17:10:00+00:00,1,0.4786620564946851
2026-02-25 17:15:00+00:00,1,0.47601848207544306
2026-02-25 17:20:00+00:00,1,0.47432900821674234
2026-02-25 17:25:00+00:00,1,0.47725822980322447
2026-02-25 17:30:00+00:00,1,0.4765463087556746
2026-02-25 17:35:00+00:00,1,0.47359235408661926
2026-02-25 17:40:00+00:00,1,0.4776195307272265
2026-02-25 17:45:00+00:00,1,0.47779445550369304
2026-02-25 17:50:00+00:00,1,0.4780716492732514
2026-02-25 17:55:00+00:00,1,0.47818316754825696
2026-02-25 18:00:00+00:00,1,0.47741714634040455
2026-02-25 18:05:00+00:00,1,0.47663923218757676
2026-02-25 18:10:00+00:00,1,0.4812890225143522
2026-02-25 18:15:00+00:00,1,0.47368484977406555
2026-02-25 18:20:00+00:00,1,0.47645438623495945
2026-02-25 18:25:00+00:00,1,0.47529083269030015
2026-02-25 18:30:00+00:00,1,0.47696576169960614
2026-02-25 18:35:00+00:00,0,0.47602624948453953
2026-02-25 18:40:00+00:00,0,0.4757661830965716
2026-02-25 18:45:00+00:00,0,0.4810866779953414
2026-02-25 18:50:00+00:00,0,0.4756806420180715
2026-02-25 18:55:00+00:00,0,0.47548359629964904
2026-02-25 19:00:00+00:00,0,0.48252430116248707
2026-02-25 19:05:00+00:00,1,0.48766745707528447
2026-02-25 19:10:00+00:00,1,0.4879834764895151
2026-02-25 19:15:00+00:00,1,0.491526223839189
2026-02-25 19:20:00+00:00,1,0.48386643816541275
2026-02-25 19:25:00+00:00,1,0.4788352779164862
2026-02-25 19:30:00+00:00,1,0.488286683510711
2026-02-25 19:35:00+00:00,1,0.4864941119084521
2026-02-25 19:40:00+00:00,1,0.4929029801401229
2026-02-25 19:45:00+00:00,1,0.4749391760614487
2026-02-25 19:50:00+00:00,1,0.4804026104077222
2026-02-25 19:55:00+00:00,1,0.4743888370054052
2026-02-25 20:00:00+00:00,1,0.47567502290239766
2026-02-25 20:05:00+00:00,1,0.48880337516955497
2026-02-25 20:10:00+00:00,1,0.4819228605567882
2026-02-25 20:15:00+00:00,1,0.4827542440627773
2026-02-25 20:20:00+00:00,1,0.4823874611999533
2026-02-25 20:25:00+00:00,1,0.4830439542210345
2026-02-25 20:30:00+00:00,0,0.5261514502820812
2026-02-25 20:35:00+00:00,0,0.5025602133668492
2026-02-25 20:40:00+00:00,0,0.48476435785559774
2026-02-25 20:45:00+00:00,0,0.4825151816292446
2026-02-25 20:50:00+00:00,0,0.48151454873553196
2026-02-25 20:55:00+00:00,0,0.48835733512285
2026-02-25 21:00:00+00:00,1,0.4875072963371493
2026-02-25 21:05:00+00:00,1,0.4851669054419679
2026-02-25 21:10:00+00:00,1,0.49310569972527585
2026-02-25 21:15:00+00:00,1,0.49320316837764616
2026-02-25 21:20:00+00:00,1,0.4947221957378027
2026-02-25 21:25:00+00:00,1,0.5083270242023807
2026-02-25 21:30:00+00:00,1,0.4921192219334148
2026-02-25 21:35:00+00:00,0,0.49190303590251566
2026-02-25 21:40:00+00:00,0,0.48394347507432045
2026-02-25 21:45:00+00:00,0,0.4846505342806158
2026-02-25 21:50:00+00:00,0,0.49447308697449144
2026-02-25 21:55:00+00:00,0,0.4965402644947077
2026-02-25 22:00:00+00:00,0,0.48389359211623073
2026-02-25 22:05:00+00:00,0,0.5000840598546842
2026-02-25 22:10:00+00:00,0,0.5007662987319501
2026-02-25 22:15:00+00:00,0,0.5034370124529504
2026-02-25 22:20:00+00:00,0,0.5164392928850713
2026-02-25 22:25:00+00:00,0,0.5219872806233801
2026-02-25 22:30:00+00:00,0,0.5213909249727685
2026-02-25 22:35:00+00:00,0,0.5261598728415015
2026-02-25 22:40:00+00:00,0,0.5381940467880277
2026-02-25 22:45:00+00:00,0,0.5273913769223693
2026-02-25 22:50:00+00:00,0,0.5518834625927093
2026-02-25 22:55:00+00:00,0,0.5408404435210974
2026-02-25 23:00:00+00:00,0,0.5317239921109769
2026-02-25 23:05:00+00:00,0,0.5227051760001307
2026-02-25 23:10:00+00:00,0,0.5301360792022993
2026-02-25 23:15:00+00:00,0,0.5378015494080473
2026-02-25 23:20:00+00:00,0,0.5302438804128816
2026-02-25 23:25:00+00:00,0,0.5251150773886601
2026-02-25 23:30:00+00:00,0,0.5360734065019735
2026-02-25 23:35:00+00:00,1,0.5386619949656667
2026-02-25 23:40:00+00:00,1,0.5300886105930148
2026-02-25 23:45:00+00:00,1,0.5206823519501802
2026-02-25 23:50:00+00:00,1,0.537020313372283
2026-02-25 23:55:00+00:00,1,0.515783309291381
2026-02-26 00:00:00+00:00,1,0.5237518978051323
2026-02-26 00:05:00+00:00,0,0.5123837671453825
2026-02-26 00:10:00+00:00,0,0.513750096559294
2026-02-26 00:15:00+00:00,0,0.5078880040917728
2026-02-26 00:20:00+00:00,0,0.501088669914032
2026-02-26 00:25:00+00:00,0,0.5107980125101388
2026-02-26 00:30:00+00:00,0,0.4983718619239005
2026-02-26 00:35:00+00:00,1,0.5532072685307579
2026-02-26 00:40:00+00:00,1,0.5332804674007043
2026-02-26 00:45:00+00:00,1,0.5300981001523525
2026-02-26 00:50:00+00:00,1,0.5288658091570393
2026-02-26 00:55:00+00:00,1,0.5206156361787092
2026-02-26 01:00:00+00:00,0,0.5025077826590346
2026-02-26 01:05:00+00:00,0,0.4919095402263041
2026-02-26 01:10:00+00:00,0,0.4891632846562157
2026-02-26 01:15:00+00:00,0,0.49551901468054804
2026-02-26 01:20:00+00:00,0,0.4790924834863556
2026-02-26 01:25:00+00:00,0,0.5040626808647269
2026-02-26 01:30:00+00:00,0,0.516845569987904
2026-02-26 01:35:00+00:00,0,0.5205164958690728
2026-02-26 01:40:00+00:00,0,0.5247435713686721
2026-02-26 01:45:00+00:00,0,0.5187461565778948
2026-02-26 01:50:00+00:00,0,0.5205360880503508
2026-02-26 01:55:00+00:00,0,0.5213569898256661
2026-02-26 02:00:00+00:00,1,0.5265314921242021
2026-02-26 02:05:00+00:00,1,0.5209306014256139
2026-02-26 02:10:00+00:00,1,0.526011113051898
2026-02-26 02:15:00+00:00,1,0.5161306515225896
2026-02-26 02:20:00+00:00,1,0.5194540113640669
2026-02-26 02:25:00+00:00,1,0.5088698657275412
2026-02-26 02:30:00+00:00,1,0.5101213472993142
2026-02-26 02:35:00+00:00,1,0.5107015625364356
2026-02-26 02:40:00+00:00,0,0.49696563942893135
2026-02-26 02:45:00+00:00,0,0.499641331754918
2026-02-26 02:50:00+00:00,0,0.4773657729167622
2026-02-26 02:55:00+00:00,0,0.47122136974116685
2026-02-26 03:00:00+00:00,0,0.4708699887530458
2026-02-26 03:05:00+00:00,0,0.5036875646579624
2026-02-26 03:10:00+00:00,1,0.5075430847121253
2026-02-26 03:15:00+00:00,1,0.5046059269726834
2026-02-26 03:20:00+00:00,1,0.5074235449082716
2026-02-26 03:25:00+00:00,1,0.5063208204809279
2026-02-26 03:30:00+00:00,1,0.4648092234129822
2026-02-26 03:35:00+00:00,1,0.4980174233167205
2026-02-26 03:40:00+00:00,1,0.47647155441890504
2026-02-26 03:45:00+00:00,1,0.4737879125807173
2026-02-26 03:50:00+00:00,1,0.48015124198692094
2026-02-26 03:55:00+00:00,1,0.4815416232511474
2026-02-26 04:00:00+00:00,1,0.47942360734163264
2026-02-26 04:05:00+00:00,1,0.4755703585290424
2026-02-26 04:10:00+00:00,1,0.4814653219715847
2026-02-26 04:15:00+00:00,1,0.4796272188661719
2026-02-26 04:20:00+00:00,1,0.47781909842622
2026-02-26 04:25:00+00:00,1,0.4731137734689419
2026-02-26 04:30:00+00:00,0,0.46931164571010764
2026-02-26 04:35:00+00:00,0,0.4686684697420068
2026-02-26 04:40:00+00:00,0,0.4700876167323231
2026-02-26 04:45:00+00:00,0,0.4710380545819016
2026-02-26 04:50:00+00:00,0,0.47536640732189867
2026-02-26 04:55:00+00:00,0,0.4790732732004388
2026-02-26 05:00:00+00:00,0,0.5029823759610181
2026-02-26 05:05:00+00:00,0,0.5177404461039117
2026-02-26 05:10:00+00:00,0,0.5188521690374447
2026-02-26 05:15:00+00:00,1,0.5234667291266683
2026-02-26 05:20:00+00:00,0,0.5178818022449689
2026-02-26 05:25:00+00:00,0,0.5170712995392427
2026-02-26 05:30:00+00:00,0,0.5148035994599806
2026-02-26 05:35:00+00:00,0,0.5111089996445379
2026-02-26 05:40:00+00:00,1,0.5061363980777839
2026-02-26 05:45:00+00:00,1,0.5099261976802201
2026-02-26 05:50:00+00:00,1,0.5113115258983327
2026-02-26 05:55:00+00:00,0,0.5078621131417713
2026-02-26 06:00:00+00:00,0,0.5106502651228403
2026-02-26 06:05:00+00:00,0,0.511513604314065
2026-02-26 06:10:00+00:00,0,0.5049887634799318
2026-02-26 06:15:00+00:00,0,0.5072207518289918
2026-02-26 06:20:00+00:00,0,0.5069533796313662
2026-02-26 06:25:00+00:00,0,0.511966891336811
2026-02-26 06:30:00+00:00,1,0.5098260550618922
2026-02-26 06:35:00+00:00,1,0.5172738647231102
2026-02-26 06:40:00+00:00,1,0.5200789745534935
2026-02-26 06:45:00+00:00,1,0.5151489310628224
2026-02-26 06:50:00+00:00,1,0.514634186505293
2026-02-26 06:55:00+00:00,1,0.5021123406745449
2026-02-26 07:00:00+00:00,0,0.5000903833509388
2026-02-26 07:05:00+00:00,0,0.49718564820382644
2026-02-26 07:10:00+00:00,0,0.5035382198274826
2026-02-26 07:15:00+00:00,0,0.5033376327670244
2026-02-26 07:20:00+00:00,0,0.5024680665171078
2026-02-26 07:25:00+00:00,0,0.5008114298196678
2026-02-26 07:30:00+00:00,0,0.5072357416484475
2026-02-26 07:35:00+00:00,0,0.5165221893894291
2026-02-26 07:40:00+00:00,1,0.5184442527532171
2026-02-26 07:45:00+00:00,1,0.5113205106512948
2026-02-26 07:50:00+00:00,1,0.5158780439599713
2026-02-26 07:55:00+00:00,1,0.51415508744868
2026-02-26 08:00:00+00:00,1,0.5094711106844607
2026-02-26 08:05:00+00:00,1,0.5101062870329078
2026-02-26 08:10:00+00:00,1,0.5051050635979901
2026-02-26 08:15:00+00:00,1,0.5040223448251695
2026-02-26 08:20:00+00:00,0,0.48210479881571594
2026-02-26 08:25:00+00:00,0,0.47839961134315306
2026-02-26 08:30:00+00:00,0,0.48992313650983166
2026-02-26 08:35:00+00:00,0,0.4780907589910932
2026-02-26 08:40:00+00:00,1,0.505331588483652
2026-02-26 08:45:00+00:00,1,0.482311452372397
2026-02-26 08:50:00+00:00,1,0.49465360535880554
2026-02-26 08:55:00+00:00,1,0.5119635690197046
2026-02-26 09:00:00+00:00,1,0.5108452830171397
2026-02-26 09:05:00+00:00,1,0.4807302254976392
2026-02-26 09:10:00+00:00,1,0.467761200863414
2026-02-26 09:15:00+00:00,1,0.47225481575566475
2026-02-26 09:20:00+00:00,1,0.47163185085743214
2026-02-26 09:25:00+00:00,1,0.46757991736006815
2026-02-26 09:30:00+00:00,1,0.4669253380876492
2026-02-26 09:35:00+00:00,0,0.4670200642569756
2026-02-26 09:40:00+00:00,0,0.4669649060059396
2026-02-26 09:45:00+00:00,0,0.46862810743983385
2026-02-26 09:50:00+00:00,0,0.46957800816064654
2026-02-26 09:55:00+00:00,0,0.47310901911276365
2026-02-26 10:00:00+00:00,0,0.4765430457553463
2026-02-26 10:05:00+00:00,0,0.4738120026927192
2026-02-26 10:10:00+00:00,0,0.48095575599962737
2026-02-26 10:15:00+00:00,0,0.4879709473332561
2026-02-26 10:20:00+00:00,0,0.5073859465004849
2026-02-26 10:25:00+00:00,0,0.5149409144303492
2026-02-26 10:30:00+00:00,0,0.5133266315507417
2026-02-26 10:35:00+00:00,0,0.506818420307081
2026-02-26 10:40:00+00:00,0,0.5140545730716454
2026-02-26 10:45:00+00:00,0,0.5242897368432626
2026-02-26 10:50:00+00:00,0,0.5281376584941081
2026-02-26 10:55:00+00:00,0,0.5166363885848022
2026-02-26 11:00:00+00:00,0,0.521336819520366
2026-02-26 11:05:00+00:00,0,0.528390536651868
2026-02-26 11:10:00+00:00,0,0.5085311687566606
2026-02-26 11:15:00+00:00,0,0.5163668587191469
2026-02-26 11:20:00+00:00,0,0.5094965158833079
2026-02-26 11:25:00+00:00,0,0.5091866856583563
2026-02-26 11:30:00+00:00,1,0.5007618845029094
2026-02-26 11:35:00+00:00,0,0.5060601171193875
2026-02-26 11:40:00+00:00,0,0.5024314922468158
2026-02-26 11:45:00+00:00,0,0.5068469232980845
2026-02-26 11:50:00+00:00,0,0.5055943453301217
2026-02-26 11:55:00+00:00,1,0.4979852012507166
2026-02-26 12:00:00+00:00,1,0.5012058933024933
2026-02-26 12:05:00+00:00,1,0.5077639252982121
2026-02-26 12:10:00+00:00,1,0.5087206640114762
2026-02-26 12:15:00+00:00,1,0.5051373902320072
2026-02-26 12:20:00+00:00,1,0.5071124905637018
2026-02-26 12:25:00+00:00,1,0.5053626023299131
2026-02-26 12:30:00+00:00,1,0.4976802165095294
2026-02-26 12:35:00+00:00,0,0.47621316476052583
2026-02-26 12:40:00+00:00,0,0.4909656694180828
2026-02-26 12:45:00+00:00,0,0.4694794800914773
2026-02-26 12:50:00+00:00,0,0.4739235931096995
2026-02-26 12:55:00+00:00,1,0.47044204084493263
2026-02-26 13:00:00+00:00,1,0.4793469135898956
2026-02-26 13:05:00+00:00,1,0.476131853213329
2026-02-26 13:10:00+00:00,1,0.48215104329250363
2026-02-26 13:15:00+00:00,1,0.4802596753956436
2026-02-26 13:20:00+00:00,0,0.4770052630362576
2026-02-26 13:25:00+00:00,0,0.46995871322942523
2026-02-26 13:30:00+00:00,0,0.47500677972354016
2026-02-26 13:35:00+00:00,0,0.48530778739648767
2026-02-26 13:40:00+00:00,0,0.48605050677324796
2026-02-26 13:45:00+00:00,0,0.4820248375570942
2026-02-26 13:50:00+00:00,0,0.4917446554824145
2026-02-26 13:55:00+00:00,0,0.4981390152663082
2026-02-26 14:00:00+00:00,1,0.5081219042664264
2026-02-26 14:05:00+00:00,0,0.5171009969522076
2026-02-26 14:10:00+00:00,0,0.48294087315500517
2026-02-26 14:15:00+00:00,0,0.5112627726867114
2026-02-26 14:20:00+00:00,0,0.5014558773082651
2026-02-26 14:25:00+00:00,0,0.5058545105110354
2026-02-26 14:30:00+00:00,0,0.5047765308611701
2026-02-26 14:35:00+00:00,0,0.5172628455731172
2026-02-26 14:40:00+00:00,1,0.512411475224085
2026-02-26 14:45:00+00:00,0,0.5209819857805696
2026-02-26 14:50:00+00:00,0,0.5086266637630281
2026-02-26 14:55:00+00:00,0,0.5009612438281584
2026-02-26 15:00:00+00:00,0,0.507494499746662
2026-02-26 15:05:00+00:00,1,0.5083447479863153
2026-02-26 15:10:00+00:00,1,0.49676150101459743
2026-02-26 15:15:00+00:00,1,0.519156663635974
2026-02-26 15:20:00+00:00,1,0.5090003475754052
2026-02-26 15:25:00+00:00,1,0.511903736555263
2026-02-26 15:30:00+00:00,1,0.5132555607837784
2026-02-26 15:35:00+00:00,0,0.49542463884775356
2026-02-26 15:40:00+00:00,0,0.4956768057687735
2026-02-26 15:45:00+00:00,0,0.5005937493237698
2026-02-26 15:50:00+00:00,0,0.5028311098172353
2026-02-26 15:55:00+00:00,0,0.4960650749002164
2026-02-26 16:00:00+00:00,0,0.5031283792048142
2026-02-26 16:05:00+00:00,0,0.5098219851727931
2026-02-26 16:10:00+00:00,0,0.508455104545626
2026-02-26 16:15:00+00:00,0,0.5080356617841472
2026-02-26 16:20:00+00:00,0,0.5048333253701884
2026-02-26 16:25:00+00:00,0,0.5007723803016961
2026-02-26 16:30:00+00:00,0,0.5121549927750056
2026-02-26 16:35:00+00:00,0,0.5188398722762484
2026-02-26 16:40:00+00:00,0,0.515017291058731
2026-02-26 16:45:00+00:00,0,0.521844021651032
2026-02-26 16:50:00+00:00,1,0.5904878043652357
2026-02-26 16:55:00+00:00,1,0.5699455623598921
2026-02-26 17:00:00+00:00,1,0.551301483739697
2026-02-26 17:05:00+00:00,0,0.5375611679666875
2026-02-26 17:10:00+00:00,0,0.536866216720862
2026-02-26 17:15:00+00:00,0,0.5041059138186482
2026-02-26 17:20:00+00:00,0,0.5046108065499163
2026-02-26 17:25:00+00:00,0,0.5008271369077004
2026-02-26 17:30:00+00:00,0,0.5040395864923055
2026-02-26 17:35:00+00:00,0,0.5085353895250075
2026-02-26 17:40:00+00:00,0,0.501019406061292
2026-02-26 17:45:00+00:00,1,0.5164753182464358
2026-02-26 17:50:00+00:00,1,0.5068760896229209
2026-02-26 17:55:00+00:00,0,0.5091253583241634
2026-02-26 18:00:00+00:00,1,0.5052238140031158
2026-02-26 18:05:00+00:00,1,0.5100719271526043
2026-02-26 18:10:00+00:00,1,0.49848876824866195
2026-02-26 18:15:00+00:00,1,0.502332373419489
2026-02-26 18:20:00+00:00,1,0.5080155850305528
2026-02-26 18:25:00+00:00,1,0.5116419299067951
2026-02-26 18:30:00+00:00,1,0.4842694764165538
2026-02-26 18:35:00+00:00,1,0.469334027218566
2026-02-26 18:40:00+00:00,1,0.46756620891315154
2026-02-26 18:45:00+00:00,1,0.4662906408346665
2026-02-26 18:50:00+00:00,1,0.4707782890839027
2026-02-26 18:55:00+00:00,1,0.4740146986443937
2026-02-26 19:00:00+00:00,0,0.4988755685321411
2026-02-26 19:05:00+00:00,0,0.47741749207941725
2026-02-26 19:10:00+00:00,0,0.47618305239294084
2026-02-26 19:15:00+00:00,1,0.4764171300382527
2026-02-26 19:20:00+00:00,0,0.4721078921251497
2026-02-26 19:25:00+00:00,1,0.4782258653806133
2026-02-26 19:30:00+00:00,1,0.47277932609945805
2026-02-26 19:35:00+00:00,1,0.4767905848430036
2026-02-26 19:40:00+00:00,1,0.4772794436095794
2026-02-26 19:45:00+00:00,1,0.47450551628968485
2026-02-26 19:50:00+00:00,0,0.47544617564383107
2026-02-26 19:55:00+00:00,0,0.47506945683817614
2026-02-26 20:00:00+00:00,0,0.4721767507467184
2026-02-26 20:05:00+00:00,0,0.48225257371411456
2026-02-26 20:10:00+00:00,0,0.48311378735012955
2026-02-26 20:15:00+00:00,0,0.4808662766601662
2026-02-26 20:20:00+00:00,0,0.48643660411947043
2026-02-26 20:25:00+00:00,0,0.49179823613061063
2026-02-26 20:30:00+00:00,0,0.48856565914482075
2026-02-26 20:35:00+00:00,0,0.504050695085784
2026-02-26 20:40:00+00:00,0,0.4999194535631731
2026-02-26 20:45:00+00:00,0,0.5121484837486717
2026-02-26 20:50:00+00:00,0,0.5120472878569594
2026-02-26 20:55:00+00:00,1,0.5123489721951622
2026-02-26 21:00:00+00:00,0,0.5125196156143081
2026-02-26 21:05:00+00:00,1,0.5215101824128545
2026-02-26 21:10:00+00:00,1,0.5108204889243099
2026-02-26 21:15:00+00:00,1,0.5161348666539038
2026-02-26 21:20:00+00:00,1,0.5110713762699026
2026-02-26 21:25:00+00:00,0,0.5089346638145019
2026-02-26 21:30:00+00:00,1,0.5091392485160118
2026-02-26 21:35:00+00:00,1,0.5063384563339508
2026-02-26 21:40:00+00:00,1,0.5058118458747303
2026-02-26 21:45:00+00:00,0,0.5057162713720199
2026-02-26 21:50:00+00:00,1,0.5130759063724772
2026-02-26 21:55:00+00:00,1,0.5059629713414008
2026-02-26 22:00:00+00:00,0,0.4962695348409464
2026-02-26 22:05:00+00:00,1,0.49254151810813074
2026-02-26 22:10:00+00:00,1,0.4706817517237878
2026-02-26 22:15:00+00:00,1,0.48505203605995834
2026-02-26 22:20:00+00:00,1,0.4733675336735139
2026-02-26 22:25:00+00:00,1,0.47489814302680455
2026-02-26 22:30:00+00:00,1,0.48161098356719695
2026-02-26 22:35:00+00:00,0,0.47790264953386774
2026-02-26 22:40:00+00:00,1,0.4767174409604848
2026-02-26 22:45:00+00:00,1,0.47831174668179205
2026-02-26 22:50:00+00:00,1,0.48039286232595935
2026-02-26 22:55:00+00:00,1,0.480325298772928
2026-02-26 23:00:00+00:00,1,0.48870338007698455
2026-02-26 23:05:00+00:00,1,0.4830315015950797
2026-02-26 23:10:00+00:00,1,0.47643252560958005
2026-02-26 23:15:00+00:00,1,0.47629731859378555
2026-02-26 23:20:00+00:00,0,0.4713937958156896
2026-02-26 23:25:00+00:00,0,0.47336885997769124
2026-02-26 23:30:00+00:00,0,0.4701510259967038
2026-02-26 23:35:00+00:00,0,0.47590866952834493
2026-02-26 23:40:00+00:00,0,0.4797194961889935
2026-02-26 23:45:00+00:00,0,0.48350992215333755
2026-02-26 23:50:00+00:00,0,0.4875837970212051
2026-02-26 23:55:00+00:00,0,0.4946969569572582
2026-02-27 00:00:00+00:00,0,0.49597721151664376
2026-02-27 00:05:00+00:00,0,0.4868901784585775
2026-02-27 00:10:00+00:00,0,0.49512099206226157
2026-02-27 00:15:00+00:00,0,0.5131914691753947
2026-02-27 00:20:00+00:00,0,0.5182912631225249
2026-02-27 00:25:00+00:00,0,0.5130970655350013
2026-02-27 00:30:00+00:00,0,0.5193405385011515
2026-02-27 00:35:00+00:00,0,0.5279554535208687
2026-02-27 00:40:00+00:00,0,0.5260134934002464
2026-02-27 00:45:00+00:00,0,0.5150971598431158
2026-02-27 00:50:00+00:00,0,0.5144431799350584
2026-02-27 00:55:00+00:00,0,0.5107491893530995
2026-02-27 01:00:00+00:00,1,0.5118585544147253
2026-02-27 01:05:00+00:00,1,0.5212642160511216
2026-02-27 01:10:00+00:00,1,0.5126075833587871
2026-02-27 01:15:00+00:00,1,0.5160327909245218
2026-02-27 01:20:00+00:00,1,0.5127407765630317
2026-02-27 01:25:00+00:00,1,0.5131836800659524
2026-02-27 01:30:00+00:00,1,0.5051602553498616
2026-02-27 01:35:00+00:00,1,0.5029248996564879
2026-02-27 01:40:00+00:00,1,0.5113765410381099
2026-02-27 01:45:00+00:00,1,0.5062120621303728
2026-02-27 01:50:00+00:00,1,0.49805253246557135
2026-02-27 01:55:00+00:00,1,0.4959091133264878
2026-02-27 02:00:00+00:00,1,0.4733687247033631
2026-02-27 02:05:00+00:00,1,0.4843511545144439
2026-02-27 02:10:00+00:00,1,0.49185825867800914
2026-02-27 02:15:00+00:00,1,0.47524173377220297
2026-02-27 02:20:00+00:00,1,0.4783011290533436
2026-02-27 02:25:00+00:00,0,0.48151729907583046
2026-02-27 02:30:00+00:00,0,0.47390274367423013
2026-02-27 02:35:00+00:00,0,0.4758396488409481
2026-02-27 02:40:00+00:00,0,0.48312073442009656
2026-02-27 02:45:00+00:00,0,0.4719941901325161
2026-02-27 02:50:00+00:00,0,0.4820613041830812
2026-02-27 02:55:00+00:00,1,0.4829639645420008
2026-02-27 03:00:00+00:00,1,0.48565871653082043
2026-02-27 03:05:00+00:00,1,0.4911834579381231
2026-02-27 03:10:00+00:00,1,0.48985839876615467
2026-02-27 03:15:00+00:00,1,0.48558261982318024
2026-02-27 03:20:00+00:00,1,0.4884128536221235
2026-02-27 03:25:00+00:00,1,0.4841478902158041
2026-02-27 03:30:00+00:00,1,0.47806728537877047
2026-02-27 03:35:00+00:00,1,0.4752675888587754
2026-02-27 03:40:00+00:00,1,0.4765552915646903
2026-02-27 03:45:00+00:00,1,0.47027217825072837
2026-02-27 03:50:00+00:00,1,0.4705686766443678
2026-02-27 03:55:00+00:00,1,0.4704525158641909
2026-02-27 04:00:00+00:00,1,0.4676362820230066
2026-02-27 04:05:00+00:00,1,0.4683293564626896
2026-02-27 04:10:00+00:00,0,0.4681274372653835
2026-02-27 04:15:00+00:00,0,0.4696826620266623
2026-02-27 04:20:00+00:00,0,0.4700695915636747
2026-02-27 04:25:00+00:00,0,0.47185527358973606
2026-02-27 04:30:00+00:00,1,0.4727809967184343
2026-02-27 04:35:00+00:00,1,0.47364521783796354
2026-02-27 04:40:00+00:00,1,0.4777066725969731
2026-02-27 04:45:00+00:00,1,0.4744164114361705
2026-02-27 04:50:00+00:00,1,0.4729296108032561
2026-02-27 04:55:00+00:00,1,0.47809034455809274
2026-02-27 05:00:00+00:00,1,0.4749584308224148
2026-02-27 05:05:00+00:00,1,0.47740045866993114
2026-02-27 05:10:00+00:00,1,0.47700311183246835
2026-02-27 05:15:00+00:00,0,0.4757494498433644
2026-02-27 05:20:00+00:00,1,0.4832379084600266
2026-02-27 05:25:00+00:00,0,0.48047952545547334
2026-02-27 05:30:00+00:00,0,0.478751933465673
2026-02-27 05:35:00+00:00,0,0.4739327297331107
2026-02-27 05:40:00+00:00,0,0.4826175499600017
2026-02-27 05:45:00+00:00,0,0.48219504765309223
2026-02-27 05:50:00+00:00,0,0.4942684296592832
2026-02-27 05:55:00+00:00,0,0.4914543228445306
2026-02-27 06:00:00+00:00,0,0.49382657820910497
2026-02-27 06:05:00+00:00,0,0.49621270625645497
2026-02-27 06:10:00+00:00,0,0.5100242168719642
2026-02-27 06:15:00+00:00,1,0.5189735413520052
2026-02-27 06:20:00+00:00,1,0.5211080443583564
2026-02-27 06:25:00+00:00,1,0.5164509464588731
2026-02-27 06:30:00+00:00,0,0.5179945539295334
2026-02-27 06:35:00+00:00,0,0.511492395078653
2026-02-27 06:40:00+00:00,0,0.5126721232761782
2026-02-27 06:45:00+00:00,0,0.5071357243100989
2026-02-27 06:50:00+00:00,0,0.5099118645534246
2026-02-27 06:55:00+00:00,0,0.5097167657165645
2026-02-27 07:00:00+00:00,0,0.51839745118547
2026-02-27 07:05:00+00:00,0,0.5106103289530483
2026-02-27 07:10:00+00:00,0,0.5133082010791508
2026-02-27 07:15:00+00:00,1,0.5117335283021379
2026-02-27 07:20:00+00:00,1,0.515190492949477
2026-02-27 07:25:00+00:00,1,0.5123280826793183
2026-02-27 07:30:00+00:00,1,0.5049404305413647
2026-02-27 07:35:00+00:00,1,0.5173400119689411
2026-02-27 07:40:00+00:00,1,0.5080375888167848
2026-02-27 07:45:00+00:00,1,0.5046946020584424
2026-02-27 07:50:00+00:00,1,0.4977201109865209
2026-02-27 07:55:00+00:00,1,0.47357147831097296
2026-02-27 08:00:00+00:00,1,0.4692220267778473
2026-02-27 08:05:00+00:00,0,0.46632980476851466
2026-02-27 08:10:00+00:00,0,0.4685720138830924
2026-02-27 08:15:00+00:00,1,0.46751283829351725
2026-02-27 08:20:00+00:00,1,0.46820100809413606
2026-02-27 08:25:00+00:00,1,0.4678506917736023
2026-02-27 08:30:00+00:00,1,0.4723304434651145
2026-02-27 08:35:00+00:00,1,0.47425412000794903
2026-02-27 08:40:00+00:00,1,0.47156822426325673
2026-02-27 08:45:00+00:00,1,0.46816352310071246
2026-02-27 08:50:00+00:00,0,0.4711653985991151
2026-02-27 08:55:00+00:00,0,0.4712171662008839
2026-02-27 09:00:00+00:00,0,0.4711210682971026
2026-02-27 09:05:00+00:00,0,0.4722840690594356
2026-02-27 09:10:00+00:00,0,0.4768517144566911
2026-02-27 09:15:00+00:00,0,0.4801144908324554
2026-02-27 09:20:00+00:00,0,0.4877034396950017
2026-02-27 09:25:00+00:00,0,0.48344115459352777
2026-02-27 09:30:00+00:00,0,0.4832210356679512
2026-02-27 09:35:00+00:00,0,0.5094441375425095
2026-02-27 09:40:00+00:00,0,0.5168170410707736
2026-02-27 09:45:00+00:00,0,0.5213825921070189
2026-02-27 09:50:00+00:00,0,0.5190513433935847
2026-02-27 09:55:00+00:00,0,0.5139483633549226
2026-02-27 10:00:00+00:00,0,0.521053280448986
2026-02-27 10:05:00+00:00,0,0.5227342771717306
2026-02-27 10:10:00+00:00,1,0.5385420976174541
2026-02-27 10:15:00+00:00,0,0.5257186678167914
2026-02-27 10:20:00+00:00,0,0.5254689983041713
2026-02-27 10:25:00+00:00,0,0.5207374777001601
2026-02-27 10:30:00+00:00,0,0.5115935652915278
2026-02-27 10:35:00+00:00,0,0.5035628483074079
2026-02-27 10:40:00+00:00,0,0.5064532859159462
2026-02-27 10:45:00+00:00,0,0.5031058123447383
2026-02-27 10:50:00+00:00,0,0.5238223768030889
2026-02-27 10:55:00+00:00,0,0.5094024609551819
2026-02-27 11:00:00+00:00,0,0.5124297488886878
2026-02-27 11:05:00+00:00,0,0.5117991414245536
2026-02-27 11:10:00+00:00,0,0.51158566834562
2026-02-27 11:15:00+00:00,0,0.5198890415092754
2026-02-27 11:20:00+00:00,0,0.508707548674031
2026-02-27 11:25:00+00:00,0,0.5139345865874262
2026-02-27 11:30:00+00:00,0,0.5189434021233413
2026-02-27 11:35:00+00:00,1,0.5361812628096174
2026-02-27 11:40:00+00:00,1,0.5303409521795454
2026-02-27 11:45:00+00:00,0,0.5161331560381932
2026-02-27 11:50:00+00:00,0,0.5134850055299289
2026-02-27 11:55:00+00:00,0,0.512900727592011
2026-02-27 12:00:00+00:00,0,0.5027126312604652
2026-02-27 12:05:00+00:00,0,0.5024180867844367
2026-02-27 12:10:00+00:00,0,0.5074679718898933
2026-02-27 12:15:00+00:00,0,0.5195694018721196
2026-02-27 12:20:00+00:00,0,0.5113008829446554
2026-02-27 12:25:00+00:00,0,0.5112949162606715
2026-02-27 12:30:00+00:00,1,0.506157275616924
2026-02-27 12:35:00+00:00,1,0.5139964538796497
2026-02-27 12:40:00+00:00,1,0.5055958229479098
2026-02-27 12:45:00+00:00,1,0.5146467116692078
2026-02-27 12:50:00+00:00,1,0.502843003422392
2026-02-27 12:55:00+00:00,0,0.5018606959152973
2026-02-27 13:00:00+00:00,0,0.48975921315806786
2026-02-27 13:05:00+00:00,0,0.4998890144127263
2026-02-27 13:10:00+00:00,0,0.5012076119745644
2026-02-27 13:15:00+00:00,0,0.5008604705797874
2026-02-27 13:20:00+00:00,0,0.5070432209789072
2026-02-27 13:25:00+00:00,1,0.5075989625595114
2026-02-27 13:30:00+00:00,1,0.5171334312651049
2026-02-27 13:35:00+00:00,1,0.5204523102539093
2026-02-27 13:40:00+00:00,1,0.5109662312735909
2026-02-27 13:45:00+00:00,0,0.5074985355982181
2026-02-27 13:50:00+00:00,0,0.5001931872809984
2026-02-27 13:55:00+00:00,0,0.49220947703555884
2026-02-27 14:00:00+00:00,0,0.4871742670893759
2026-02-27 14:05:00+00:00,0,0.4926106991088334
2026-02-27 14:10:00+00:00,0,0.49028194830285193
2026-02-27 14:15:00+00:00,0,0.5090327575575433
2026-02-27 14:20:00+00:00,0,0.5109589097364852
2026-02-27 14:25:00+00:00,0,0.5067937163962374
2026-02-27 14:30:00+00:00,0,0.5039915488863156
2026-02-27 14:35:00+00:00,0,0.476150136467963
2026-02-27 14:40:00+00:00,1,0.5072221195924198
2026-02-27 14:45:00+00:00,1,0.5074257426464931
2026-02-27 14:50:00+00:00,1,0.5077569550885538
2026-02-27 14:55:00+00:00,1,0.5086982956982161
2026-02-27 15:00:00+00:00,0,0.5093671167911709
2026-02-27 15:05:00+00:00,0,0.5016093089111348
2026-02-27 15:10:00+00:00,1,0.5022423813889745
2026-02-27 15:15:00+00:00,0,0.4916921659234423
2026-02-27 15:20:00+00:00,1,0.49981306671453823
2026-02-27 15:25:00+00:00,1,0.5026205923092745
2026-02-27 15:30:00+00:00,1,0.5087579432213175
2026-02-27 15:35:00+00:00,1,0.5028106859570459
2026-02-27 15:40:00+00:00,1,0.5028898221584631
2026-02-27 15:45:00+00:00,1,0.5031312012385197
2026-02-27 15:50:00+00:00,0,0.47841815174869995
2026-02-27 15:55:00+00:00,0,0.47026620536275887
2026-02-27 16:00:00+00:00,1,0.477940320390394
2026-02-27 16:05:00+00:00,0,0.4975931398522496
2026-02-27 16:10:00+00:00,0,0.49660497598567344
2026-02-27 16:15:00+00:00,0,0.5075485770095747
2026-02-27 16:20:00+00:00,0,0.4758740575599694
2026-02-27 16:25:00+00:00,0,0.484833205724113
2026-02-27 16:30:00+00:00,0,0.4822408311030201
2026-02-27 16:35:00+00:00,0,0.49917789770274007
2026-02-27 16:40:00+00:00,0,0.5071012133753854
2026-02-27 16:45:00+00:00,0,0.5206726205774592
2026-02-27 16:50:00+00:00,0,0.516383825012859
2026-02-27 16:55:00+00:00,0,0.5166417115624831
2026-02-27 17:00:00+00:00,0,0.5126721499409693
2026-02-27 17:05:00+00:00,0,0.5138173452504436
2026-02-27 17:10:00+00:00,1,0.5154529485604852
2026-02-27 17:15:00+00:00,1,0.5209570349911953
2026-02-27 17:20:00+00:00,1,0.5124377271993079
2026-02-27 17:25:00+00:00,1,0.5155731364878999
2026-02-27 17:30:00+00:00,1,0.5149379559704693
2026-02-27 17:35:00+00:00,1,0.505534188401701
2026-02-27 17:40:00+00:00,1,0.5021506284558431
2026-02-27 17:45:00+00:00,1,0.5033085751417511
2026-02-27 17:50:00+00:00,0,0.4929516443889836
2026-02-27 17:55:00+00:00,0,0.4880037257875346
2026-02-27 18:00:00+00:00,0,0.4984998558811318
2026-02-27 18:05:00+00:00,0,0.5084698291645745
2026-02-27 18:10:00+00:00,1,0.505891309313244
2026-02-27 18:15:00+00:00,0,0.5075795523974963
2026-02-27 18:20:00+00:00,0,0.5137173390416973
2026-02-27 18:25:00+00:00,0,0.5037912325162781
2026-02-27 18:30:00+00:00,0,0.5039784781163826
2026-02-27 18:35:00+00:00,0,0.5065747353570276
2026-02-27 18:40:00+00:00,0,0.5019751155503298
2026-02-27 18:45:00+00:00,0,0.5064964287139503
2026-02-27 18:50:00+00:00,0,0.5149725095075646
2026-02-27 18:55:00+00:00,0,0.5040968758570704
2026-02-27 19:00:00+00:00,0,0.5040791052604273
2026-02-27 19:05:00+00:00,1,0.517661127317711
2026-02-27 19:10:00+00:00,0,0.5186625357506709
2026-02-27 19:15:00+00:00,0,0.5165158522496593
2026-02-27 19:20:00+00:00,0,0.5133341289407423
2026-02-27 19:25:00+00:00,0,0.5135064093508772
2026-02-27 19:30:00+00:00,1,0.5062943886084492
2026-02-27 19:35:00+00:00,1,0.5075031997899961
2026-02-27 19:40:00+00:00,1,0.5144921148211331
2026-02-27 19:45:00+00:00,1,0.5159196202581844
2026-02-27 19:50:00+00:00,1,0.5102322578288153
2026-02-27 19:55:00+00:00,1,0.5131666640642999
2026-02-27 20:00:00+00:00,1,0.5089979816010243
2026-02-27 20:05:00+00:00,1,0.5077948287608514
2026-02-27 20:10:00+00:00,0,0.49640380869811307
2026-02-27 20:15:00+00:00,1,0.49663194153352547
2026-02-27 20:20:00+00:00,1,0.48495671300332915
2026-02-27 20:25:00+00:00,1,0.5090110062056736
2026-02-27 20:30:00+00:00,1,0.49864460963863977
2026-02-27 20:35:00+00:00,1,0.5109403402628363
2026-02-27 20:40:00+00:00,0,0.4909277735953891
2026-02-27 20:45:00+00:00,1,0.4830396638088848
2026-02-27 20:50:00+00:00,0,0.4781883539644685
2026-02-27 20:55:00+00:00,1,0.49110614294654414
2026-02-27 21:00:00+00:00,0,0.47696869088092864
2026-02-27 21:05:00+00:00,0,0.48217045415500936
2026-02-27 21:10:00+00:00,0,0.4886857091891227
2026-02-27 21:15:00+00:00,0,0.4858823956624864
2026-02-27 21:20:00+00:00,0,0.48660587088955454
2026-02-27 21:25:00+00:00,0,0.4887121233150116
2026-02-27 21:30:00+00:00,0,0.504166172893476
2026-02-27 21:35:00+00:00,0,0.5050391861861867
2026-02-27 21:40:00+00:00,0,0.5113952746297089
2026-02-27 21:45:00+00:00,0,0.516965740504382
2026-02-27 21:50:00+00:00,0,0.5266284602850059
2026-02-27 21:55:00+00:00,0,0.5113550153807677
2026-02-27 22:00:00+00:00,0,0.5163035973767822
2026-02-27 22:05:00+00:00,0,0.51634634954157
2026-02-27 22:10:00+00:00,0,0.5127375390181362
2026-02-27 22:15:00+00:00,0,0.5151999828609442
2026-02-27 22:20:00+00:00,1,0.52891629385572
2026-02-27 22:25:00+00:00,1,0.5251805863910167
2026-02-27 22:30:00+00:00,1,0.5299417511235773
2026-02-27 22:35:00+00:00,1,0.5121010107474292
2026-02-27 22:40:00+00:00,1,0.5082114383029661
2026-02-27 22:45:00+00:00,1,0.5086264643533752
2026-02-27 22:50:00+00:00,1,0.5072399386038539
2026-02-27 22:55:00+00:00,1,0.5019421173910019
2026-02-27 23:00:00+00:00,1,0.49691586048521613
2026-02-27 23:05:00+00:00,0,0.47756455752609206
2026-02-27 23:10:00+00:00,1,0.4877434832164773
2026-02-27 23:15:00+00:00,1,0.4816498391396887
2026-02-27 23:20:00+00:00,1,0.4759009904383351
2026-02-27 23:25:00+00:00,0,0.4764509339105902
2026-02-27 23:30:00+00:00,1,0.4744317850574361
2026-02-27 23:35:00+00:00,1,0.48193698018941666
2026-02-27 23:40:00+00:00,1,0.48515671409404254
2026-02-27 23:45:00+00:00,1,0.48288925616776046
2026-02-27 23:50:00+00:00,1,0.476958197037421
2026-02-27 23:55:00+00:00,0,0.47770373537145205
2026-02-28 00:00:00+00:00,0,0.4720957226183002
2026-02-28 00:05:00+00:00,0,0.47391135747008645
2026-02-28 00:10:00+00:00,0,0.47328877702335337
2026-02-28 00:15:00+00:00,1,0.47903317881541063
2026-02-28 00:20:00+00:00,1,0.47855810604074006
2026-02-28 00:25:00+00:00,1,0.48355024883087594
2026-02-28 00:30:00+00:00,1,0.4869229425819971
2026-02-28 00:35:00+00:00,1,0.4878991680288856
2026-02-28 00:40:00+00:00,1,0.4775891294610041
2026-02-28 00:45:00+00:00,0,0.47170850909473594
2026-02-28 00:50:00+00:00,1,0.47458773383845826
2026-02-28 00:55:00+00:00,0,0.47294858182409305
2026-02-28 01:00:00+00:00,0,0.47055597421032214
2026-02-28 01:05:00+00:00,0,0.482641125527023
2026-02-28 01:10:00+00:00,0,0.48805507175929863
2026-02-28 01:15:00+00:00,0,0.4904758382965877
2026-02-28 01:20:00+00:00,0,0.48666702457931277
2026-02-28 01:25:00+00:00,0,0.5140226509546623
2026-02-28 01:30:00+00:00,0,0.5275928177305469
2026-02-28 01:35:00+00:00,1,0.525196884809232
2026-02-28 01:40:00+00:00,1,0.5235502537511829
2026-02-28 01:45:00+00:00,1,0.5190886658610319
2026-02-28 01:50:00+00:00,1,0.5143156603102245
2026-02-28 01:55:00+00:00,1,0.5116854952434382
2026-02-28 02:00:00+00:00,1,0.5111788866896183
2026-02-28 02:05:00+00:00,1,0.5096583153232218
2026-02-28 02:10:00+00:00,1,0.5126283675937866
2026-02-28 02:15:00+00:00,1,0.5087089636828422
2026-02-28 02:20:00+00:00,0,0.4843418078630501
2026-02-28 02:25:00+00:00,1,0.4863704456342519
2026-02-28 02:30:00+00:00,0,0.48150961948585014
2026-02-28 02:35:00+00:00,0,0.47946581316405035
2026-02-28 02:40:00+00:00,0,0.5052244082645705
2026-02-28 02:45:00+00:00,0,0.4981457283731446
2026-02-28 02:50:00+00:00,0,0.5121548839213916
2026-02-28 02:55:00+00:00,0,0.5082347226241644
2026-02-28 03:00:00+00:00,0,0.5148315757212648
2026-02-28 03:05:00+00:00,0,0.5138399005837357
2026-02-28 03:10:00+00:00,0,0.507277145595324
2026-02-28 03:15:00+00:00,0,0.5068939571003825
2026-02-28 03:20:00+00:00,0,0.5080220597633552
2026-02-28 03:25:00+00:00,0,0.5195549736103183
2026-02-28 03:30:00+00:00,0,0.5302384302861108
2026-02-28 03:35:00+00:00,0,0.5289204294018569
2026-02-28 03:40:00+00:00,1,0.5303396624621515
2026-02-28 03:45:00+00:00,1,0.5272135547723453
2026-02-28 03:50:00+00:00,0,0.5176937928649905
2026-02-28 03:55:00+00:00,0,0.5150379529388386
2026-02-28 04:00:00+00:00,0,0.5210248990637091
2026-02-28 04:05:00+00:00,1,0.5133014489578971
2026-02-28 04:10:00+00:00,1,0.5145701283249569
2026-02-28 04:15:00+00:00,1,0.5156526604006347
2026-02-28 04:20:00+00:00,0,0.5172535739403342
2026-02-28 04:25:00+00:00,1,0.5212469635073157
2026-02-28 04:30:00+00:00,1,0.5215854346498537
2026-02-28 04:35:00+00:00,0,0.5158504549174908
2026-02-28 04:40:00+00:00,1,0.5155958549954293
2026-02-28 04:45:00+00:00,0,0.5119019021222629
2026-02-28 04:50:00+00:00,0,0.5126228318533614
2026-02-28 04:55:00+00:00,0,0.506689654392711
2026-02-28 05:00:00+00:00,0,0.5089146530320343
2026-02-28 05:05:00+00:00,0,0.5155487354804317
2026-02-28 05:10:00+00:00,0,0.5097289832902041
2026-02-28 05:15:00+00:00,0,0.513768817765169
2026-02-28 05:20:00+00:00,0,0.5145119111212023
2026-02-28 05:25:00+00:00,0,0.5159665676086795
2026-02-28 05:30:00+00:00,0,0.522632066535286
2026-02-28 05:35:00+00:00,0,0.5208076375451252
2026-02-28 05:40:00+00:00,0,0.5224052380432799
2026-02-28 05:45:00+00:00,0,0.5179369478832035
2026-02-28 05:50:00+00:00,0,0.5187760045318477
2026-02-28 05:55:00+00:00,0,0.5118577116099062
2026-02-28 06:00:00+00:00,0,0.5134463449955745
2026-02-28 06:05:00+00:00,0,0.515419733613512
2026-02-28 06:10:00+00:00,0,0.5298087247571756
2026-02-28 06:15:00+00:00,0,0.5359893085110732
2026-02-28 06:20:00+00:00,0,0.5277926666660795
2026-02-28 06:25:00+00:00,0,0.5419890381601634
2026-02-28 06:30:00+00:00,0,0.5584979130812352
2026-02-28 06:35:00+00:00,0,0.5628999731020811
2026-02-28 06:40:00+00:00,0,0.5323745197655056
2026-02-28 06:45:00+00:00,0,0.575637227114214
2026-02-28 06:50:00+00:00,0,0.5500253958750045
2026-02-28 06:55:00+00:00,1,0.54562543448879
2026-02-28 07:00:00+00:00,1,0.5629069369682895
2026-02-28 07:05:00+00:00,1,0.5467681375699428
2026-02-28 07:10:00+00:00,1,0.5275311290427598
2026-02-28 07:15:00+00:00,1,0.5236599650306277
2026-02-28 07:20:00+00:00,1,0.5189184328193158
2026-02-28 07:25:00+00:00,1,0.5183964870913442
2026-02-28 07:30:00+00:00,0,0.5309999538948106
2026-02-28 07:35:00+00:00,0,0.5320823186926953
2026-02-28 07:40:00+00:00,0,0.530262474220748
2026-02-28 07:45:00+00:00,0,0.5366685886903337
2026-02-28 07:50:00+00:00,0,0.5317532550991765
2026-02-28 07:55:00+00:00,0,0.5329152741858986
2026-02-28 08:00:00+00:00,0,0.5213625494889498
2026-02-28 08:05:00+00:00,0,0.510162425472565
2026-02-28 08:10:00+00:00,0,0.513736438128519
2026-02-28 08:15:00+00:00,0,0.5132499087129432
2026-02-28 08:20:00+00:00,0,0.5113055106525208
2026-02-28 08:25:00+00:00,0,0.5109313050308829
2026-02-28 08:30:00+00:00,0,0.5099375276470457
2026-02-28 08:35:00+00:00,0,0.5028841954995479
2026-02-28 08:40:00+00:00,0,0.5073584595550892
2026-02-28 08:45:00+00:00,0,0.5042677477594742
2026-02-28 08:50:00+00:00,1,0.5029694495891173
2026-02-28 08:55:00+00:00,1,0.47719544830779415
2026-02-28 09:00:00+00:00,1,0.4836259568776827
2026-02-28 09:05:00+00:00,1,0.5172616049576426
2026-02-28 09:10:00+00:00,0,0.5104757532851042
2026-02-28 09:15:00+00:00,0,0.5128700777007397
2026-02-28 09:20:00+00:00,0,0.5054449541946232
2026-02-28 09:25:00+00:00,0,0.49789237962098565
2026-02-28 09:30:00+00:00,0,0.500438608306974
2026-02-28 09:35:00+00:00,0,0.5052773437680758
2026-02-28 09:40:00+00:00,0,0.5071280453301805
2026-02-28 09:45:00+00:00,0,0.5156185935535353
2026-02-28 09:50:00+00:00,0,0.5065037214196073
2026-02-28 09:55:00+00:00,0,0.5102057131629999
2026-02-28 10:00:00+00:00,1,0.5220343350241013
2026-02-28 10:05:00+00:00,1,0.5173390544751962
2026-02-28 10:10:00+00:00,1,0.5215756452409215
2026-02-28 10:15:00+00:00,1,0.5151132565035035
2026-02-28 10:20:00+00:00,1,0.5173271211390912
2026-02-28 10:25:00+00:00,1,0.5060782666045482
2026-02-28 10:30:00+00:00,1,0.5010473864958813
2026-02-28 10:35:00+00:00,1,0.5037568238903988
2026-02-28 10:40:00+00:00,1,0.5057885740161321
2026-02-28 10:45:00+00:00,1,0.5044499700565428
2026-02-28 10:50:00+00:00,1,0.5047348227856165
2026-02-28 10:55:00+00:00,1,0.5016977794563331
2026-02-28 11:00:00+00:00,1,0.4833184879139111
2026-02-28 11:05:00+00:00,0,0.48333523516009247
2026-02-28 11:10:00+00:00,0,0.46865826677017625
2026-02-28 11:15:00+00:00,0,0.4656957774134142
2026-02-28 11:20:00+00:00,0,0.45591175290441954
2026-02-28 11:25:00+00:00,0,0.45863328059175923
2026-02-28 11:30:00+00:00,0,0.47301109315363393
2026-02-28 11:35:00+00:00,0,0.5016799905132946
2026-02-28 11:40:00+00:00,0,0.48004069056393023
2026-02-28 11:45:00+00:00,1,0.4841200755387514
2026-02-28 11:50:00+00:00,1,0.49730303684910554
2026-02-28 11:55:00+00:00,1,0.5082004022764641
2026-02-28 12:00:00+00:00,1,0.49648991798833875
2026-02-28 12:05:00+00:00,1,0.49729320630105267
2026-02-28 12:10:00+00:00,1,0.4850300311716537
2026-02-28 12:15:00+00:00,0,0.47646862490298775
2026-02-28 12:20:00+00:00,0,0.4771369972886836
2026-02-28 12:25:00+00:00,0,0.4777986114372336
2026-02-28 12:30:00+00:00,0,0.4821017428090513
2026-02-28 12:35:00+00:00,0,0.48239961649977425
2026-02-28 12:40:00+00:00,1,0.49192108044594374
2026-02-28 12:45:00+00:00,1,0.49657629238794326
2026-02-28 12:50:00+00:00,1,0.4971223373683187
2026-02-28 12:55:00+00:00,1,0.4866113611999621
2026-02-28 13:00:00+00:00,1,0.48913985792216813
2026-02-28 13:05:00+00:00,1,0.4873322766628177
2026-02-28 13:10:00+00:00,1,0.47910657351843133
2026-02-28 13:15:00+00:00,1,0.48066641444313324
2026-02-28 13:20:00+00:00,1,0.4880539952794182
2026-02-28 13:25:00+00:00,1,0.4939487845191388
2026-02-28 13:30:00+00:00,1,0.4869078691345997
2026-02-28 13:35:00+00:00,1,0.4998398188118855
2026-02-28 13:40:00+00:00,1,0.4798071638463451
2026-02-28 13:45:00+00:00,1,0.5060913323128833
2026-02-28 13:50:00+00:00,0,0.5306042138677955
2026-02-28 13:55:00+00:00,0,0.5677521010516281
2026-02-28 14:00:00+00:00,0,0.5134840868546315
2026-02-28 14:05:00+00:00,1,0.4971762155435088
2026-02-28 14:10:00+00:00,1,0.4755345299489632
2026-02-28 14:15:00+00:00,0,0.4830892825857313
2026-02-28 14:20:00+00:00,0,0.481271463699953
2026-02-28 14:25:00+00:00,0,0.4710860942950336
2026-02-28 14:30:00+00:00,0,0.48569820836767835
2026-02-28 14:35:00+00:00,0,0.5303296244295213
2026-02-28 14:40:00+00:00,0,0.5266452097206427
2026-02-28 14:45:00+00:00,0,0.5083065122380255
2026-02-28 14:50:00+00:00,1,0.5128530964949197
2026-02-28 14:55:00+00:00,1,0.5144095424629461
2026-02-28 15:00:00+00:00,1,0.49921698836064965
2026-02-28 15:05:00+00:00,1,0.5054952643294446
2026-02-28 15:10:00+00:00,1,0.5196328442107585
2026-02-28 15:15:00+00:00,1,0.5056329281737965
2026-02-28 15:20:00+00:00,1,0.4978927787942944
2026-02-28 15:25:00+00:00,1,0.4960630680413605
2026-02-28 15:30:00+00:00,0,0.4970755822874922
2026-02-28 15:35:00+00:00,1,0.4974353535617734
2026-02-28 15:40:00+00:00,1,0.4907055023632717
2026-02-28 15:45:00+00:00,0,0.4949753159009109
2026-02-28 15:50:00+00:00,1,0.49664487153567094
2026-02-28 15:55:00+00:00,0,0.48271825069055857
2026-02-28 16:00:00+00:00,1,0.5041231217082853
2026-02-28 16:05:00+00:00,0,0.4807444170922465
2026-02-28 16:10:00+00:00,1,0.49439674632046726
2026-02-28 16:15:00+00:00,1,0.511101178510245
2026-02-28 16:20:00+00:00,1,0.4853012875796592
2026-02-28 16:25:00+00:00,1,0.4928009258378157
2026-02-28 16:30:00+00:00,1,0.47698019271163583
2026-02-28 16:35:00+00:00,1,0.5041075389990578
2026-02-28 16:40:00+00:00,0,0.47135347195343585
2026-02-28 16:45:00+00:00,0,0.4803817422948881
2026-02-28 16:50:00+00:00,0,0.4730417249932559
2026-02-28 16:55:00+00:00,0,0.4727304186967546
2026-02-28 17:00:00+00:00,0,0.47646844201004235
2026-02-28 17:05:00+00:00,0,0.4889653522822445
2026-02-28 17:10:00+00:00,0,0.4886005608203286
2026-02-28 17:15:00+00:00,1,0.5015925350195195
2026-02-28 17:20:00+00:00,1,0.5075445327822032
2026-02-28 17:25:00+00:00,1,0.4849224060533872
2026-02-28 17:30:00+00:00,1,0.46406217439542136
2026-02-28 17:35:00+00:00,1,0.46621966906620577
2026-02-28 17:40:00+00:00,1,0.49345408427283677
2026-02-28 17:45:00+00:00,1,0.49058226244286207
2026-02-28 17:50:00+00:00,1,0.5004350730501936
2026-02-28 17:55:00+00:00,0,0.4693502197073196
2026-02-28 18:00:00+00:00,1,0.4720519958625749
2026-02-28 18:05:00+00:00,1,0.47215515746944003
2026-02-28 18:10:00+00:00,1,0.48108072683599873
2026-02-28 18:15:00+00:00,1,0.476524480779267
2026-02-28 18:20:00+00:00,1,0.491279139631825
2026-02-28 18:25:00+00:00,1,0.48695702575458977
2026-02-28 18:30:00+00:00,1,0.46906340908721494
2026-02-28 18:35:00+00:00,0,0.4894067414208149
2026-02-28 18:40:00+00:00,1,0.4787442663036762
2026-02-28 18:45:00+00:00,0,0.4725769326141634
2026-02-28 18:50:00+00:00,0,0.5495008464111208
2026-02-28 18:55:00+00:00,0,0.48448257546339385
2026-02-28 19:00:00+00:00,1,0.47266597732663296
2026-02-28 19:05:00+00:00,1,0.47548143222174377
2026-02-28 19:10:00+00:00,1,0.47254588393278085
2026-02-28 19:15:00+00:00,1,0.4749084551352857
2026-02-28 19:20:00+00:00,1,0.47824709163147067
2026-02-28 19:25:00+00:00,1,0.4772726220758724
2026-02-28 19:30:00+00:00,0,0.4794420114164496
2026-02-28 19:35:00+00:00,0,0.5501412889266194
2026-02-28 19:40:00+00:00,1,0.48634936064258005
2026-02-28 19:45:00+00:00,1,0.48471575183154814
2026-02-28 19:50:00+00:00,1,0.4832837953488188
2026-02-28 19:55:00+00:00,1,0.47925906292552417
2026-02-28 20:00:00+00:00,1,0.48035782118943726
2026-02-28 20:05:00+00:00,1,0.4823779003176342
2026-02-28 20:10:00+00:00,1,0.48523425521008706
2026-02-28 20:15:00+00:00,1,0.4823224297747289
2026-02-28 20:20:00+00:00,1,0.5310829370996801
2026-02-28 20:25:00+00:00,1,0.48916301225102343
2026-02-28 20:30:00+00:00,1,0.48620092514431673
2026-02-28 20:35:00+00:00,0,0.48543877964391113
2026-02-28 20:40:00+00:00,0,0.4814461978094069
2026-02-28 20:45:00+00:00,0,0.5273769098756504
2026-02-28 20:50:00+00:00,0,0.5021597150177283
2026-02-28 20:55:00+00:00,0,0.4837011127817114
2026-02-28 21:00:00+00:00,0,0.4864934395784714
2026-02-28 21:05:00+00:00,1,0.494840589279092
2026-02-28 21:10:00+00:00,1,0.49004285293529604
2026-02-28 21:15:00+00:00,1,0.5094447347194638
2026-02-28 21:20:00+00:00,1,0.4984879273413355
2026-02-28 21:25:00+00:00,1,0.5121384201432277
2026-02-28 21:30:00+00:00,1,0.5002205915989207
2026-02-28 21:35:00+00:00,1,0.4932471967598515
2026-02-28 21:40:00+00:00,1,0.4905726144990991
2026-02-28 21:45:00+00:00,1,0.4859955675867201
2026-02-28 21:50:00+00:00,1,0.4881623253639927
2026-02-28 21:55:00+00:00,1,0.4879586149082082
2026-02-28 22:00:00+00:00,1,0.477222817419257
2026-02-28 22:05:00+00:00,1,0.4816647521219967
2026-02-28 22:10:00+00:00,1,0.483597363692823
2026-02-28 22:15:00+00:00,1,0.4805912192323104
2026-02-28 22:20:00+00:00,1,0.47587524654538416
2026-02-28 22:25:00+00:00,1,0.49051421518724486
2026-02-28 22:30:00+00:00,0,0.47898090772357965
2026-02-28 22:35:00+00:00,0,0.4754285893178086
2026-02-28 22:40:00+00:00,0,0.4797779102254579
2026-02-28 22:45:00+00:00,0,0.4786180600427985
2026-02-28 22:50:00+00:00,0,0.48670403022244263
2026-02-28 22:55:00+00:00,0,0.4836580676767496
2026-02-28 23:00:00+00:00,0,0.4861139728509227
2026-02-28 23:05:00+00:00,0,0.4896751134225317
2026-02-28 23:10:00+00:00,1,0.5104099023844466
2026-02-28 23:15:00+00:00,1,0.5080227867703343
2026-02-28 23:20:00+00:00,1,0.5079653433563586
2026-02-28 23:25:00+00:00,1,0.5133837448769292
2026-02-28 23:30:00+00:00,1,0.5131320289806651
2026-02-28 23:35:00+00:00,1,0.5101189856863566
2026-02-28 23:40:00+00:00,0,0.5083056343321425
2026-02-28 23:45:00+00:00,0,0.49572442227957464
2026-02-28 23:50:00+00:00,0,0.5066272339726847
2026-02-28 23:55:00+00:00,0,0.5084679967716552
2026-03-01 00:00:00+00:00,0,0.5048881960832156
2026-03-01 00:05:00+00:00,0,0.5165425458086916
2026-03-01 00:10:00+00:00,0,0.5156402675391234
2026-03-01 00:15:00+00:00,0,0.5205480073164874
2026-03-01 00:20:00+00:00,0,0.5151690345872312
2026-03-01 00:25:00+00:00,1,0.5233126551098325
2026-03-01 00:30:00+00:00,0,0.5188830948078468
2026-03-01 00:35:00+00:00,0,0.5184269534703291
2026-03-01 00:40:00+00:00,0,0.5145093234246961
2026-03-01 00:45:00+00:00,0,0.5132109646024214
2026-03-01 00:50:00+00:00,0,0.5047504471081323
2026-03-01 00:55:00+00:00,0,0.5128850721230399
2026-03-01 01:00:00+00:00,1,0.5177461307760601
2026-03-01 01:05:00+00:00,1,0.5189908786003199
2026-03-01 01:10:00+00:00,1,0.527266600829942
2026-03-01 01:15:00+00:00,1,0.5246225480542778
2026-03-01 01:20:00+00:00,1,0.5126591346779185
2026-03-01 01:25:00+00:00,1,0.511954193817716
2026-03-01 01:30:00+00:00,1,0.5030436595686367
2026-03-01 01:35:00+00:00,1,0.4837816262822725
2026-03-01 01:40:00+00:00,1,0.4789751786486595
2026-03-01 01:45:00+00:00,1,0.47008682692172077
2026-03-01 01:50:00+00:00,1,0.4951510718433888
2026-03-01 01:55:00+00:00,1,0.48821426793270983
2026-03-01 02:00:00+00:00,1,0.5776388595710827
2026-03-01 02:05:00+00:00,1,0.568964929412094
2026-03-01 02:10:00+00:00,1,0.564211446420077
2026-03-01 02:15:00+00:00,0,0.5868093610926198
2026-03-01 02:20:00+00:00,1,0.5734573326468031
2026-03-01 02:25:00+00:00,1,0.5824489037682482
2026-03-01 02:30:00+00:00,0,0.5884795707386551
2026-03-01 02:35:00+00:00,0,0.5765919046031351
2026-03-01 02:40:00+00:00,0,0.5867668982915513
2026-03-01 02:45:00+00:00,0,0.5662117663093812
2026-03-01 02:50:00+00:00,0,0.5508579262438218
2026-03-01 02:55:00+00:00,0,0.5301244091315954
2026-03-01 03:00:00+00:00,0,0.5073237482242604
2026-03-01 03:05:00+00:00,0,0.48701850290633175
2026-03-01 03:10:00+00:00,0,0.481830178043764
2026-03-01 03:15:00+00:00,0,0.48358942131330634
2026-03-01 03:20:00+00:00,0,0.5038082985342814
2026-03-01 03:25:00+00:00,0,0.4999212527803933
2026-03-01 03:30:00+00:00,0,0.4955231934167768
2026-03-01 03:35:00+00:00,0,0.4997788979601787
2026-03-01 03:40:00+00:00,0,0.5083070555918615
2026-03-01 03:45:00+00:00,0,0.504340631311461
2026-03-01 03:50:00+00:00,1,0.5287801979617125
2026-03-01 03:55:00+00:00,0,0.5259592994944259
2026-03-01 04:00:00+00:00,0,0.5038358469334897
2026-03-01 04:05:00+00:00,0,0.5230129373396952
2026-03-01 04:10:00+00:00,1,0.5219470315683853
2026-03-01 04:15:00+00:00,1,0.5330602118245694
2026-03-01 04:20:00+00:00,1,0.5221289219058123
2026-03-01 04:25:00+00:00,1,0.5227506824309028
2026-03-01 04:30:00+00:00,1,0.5113491541223186
2026-03-01 04:35:00+00:00,1,0.5128723319123617
2026-03-01 04:40:00+00:00,0,0.49689400461845207
2026-03-01 04:45:00+00:00,0,0.5054529839191775
2026-03-01 04:50:00+00:00,0,0.5078008055150958
2026-03-01 04:55:00+00:00,0,0.5017573497401057
2026-03-01 05:00:00+00:00,0,0.5059121112834145
2026-03-01 05:05:00+00:00,0,0.5003752727527492
2026-03-01 05:10:00+00:00,0,0.4934837377321809
2026-03-01 05:15:00+00:00,1,0.4822100036545397
2026-03-01 05:20:00+00:00,0,0.49343105263442705
2026-03-01 05:25:00+00:00,0,0.5098678843066807
2026-03-01 05:30:00+00:00,0,0.4854739241047227
2026-03-01 05:35:00+00:00,0,0.49176792525265
2026-03-01 05:40:00+00:00,0,0.5103001052619011
2026-03-01 05:45:00+00:00,0,0.5074465080624525
2026-03-01 05:50:00+00:00,0,0.5141916316959664
2026-03-01 05:55:00+00:00,0,0.507293104526019
2026-03-01 06:00:00+00:00,0,0.5249830599852774
2026-03-01 06:05:00+00:00,0,0.5259332524482534
2026-03-01 06:10:00+00:00,0,0.5252666544931004
2026-03-01 06:15:00+00:00,0,0.5257753670128205
2026-03-01 06:20:00+00:00,0,0.5190244192250574
2026-03-01 06:25:00+00:00,0,0.5215601386494669
2026-03-01 06:30:00+00:00,1,0.5123897561674993
2026-03-01 06:35:00+00:00,1,0.5175492697067382
2026-03-01 06:40:00+00:00,1,0.5145210095430159
2026-03-01 06:45:00+00:00,1,0.5205104064238264
2026-03-01 06:50:00+00:00,0,0.5103174442050623
2026-03-01 06:55:00+00:00,0,0.5112024108711052
2026-03-01 07:00:00+00:00,1,0.5075197739831978
2026-03-01 07:05:00+00:00,1,0.5032531508994851
2026-03-01 07:10:00+00:00,1,0.5032064349678583
2026-03-01 07:15:00+00:00,1,0.5038759281450365
2026-03-01 07:20:00+00:00,1,0.5019284772481333
2026-03-01 07:25:00+00:00,1,0.5018158744335728
2026-03-01 07:30:00+00:00,1,0.49925610110636853
2026-03-01 07:35:00+00:00,1,0.49121375658204824
2026-03-01 07:40:00+00:00,1,0.49861521442507767
2026-03-01 07:45:00+00:00,1,0.49542617852446935
2026-03-01 07:50:00+00:00,1,0.4914798044661139
2026-03-01 07:55:00+00:00,1,0.47617474267847315
2026-03-01 08:00:00+00:00,1,0.5019001596021687
2026-03-01 08:05:00+00:00,0,0.4722636949170156
2026-03-01 08:10:00+00:00,0,0.4686396250922234
2026-03-01 08:15:00+00:00,0,0.47022439246760395
2026-03-01 08:20:00+00:00,0,0.47120963993549675
2026-03-01 08:25:00+00:00,0,0.47756199780663255
2026-03-01 08:30:00+00:00,0,0.5060738744345393
2026-03-01 08:35:00+00:00,0,0.4898281630411267
2026-03-01 08:40:00+00:00,0,0.5049685322737848
2026-03-01 08:45:00+00:00,0,0.5170387447918535
2026-03-01 08:50:00+00:00,1,0.5309600893104314
2026-03-01 08:55:00+00:00,1,0.5180908999796301
2026-03-01 09:00:00+00:00,0,0.5166693525513804
2026-03-01 09:05:00+00:00,0,0.5148451581969088
2026-03-01 09:10:00+00:00,0,0.5155088458288714
2026-03-01 09:15:00+00:00,0,0.49855713503583193
2026-03-01 09:20:00+00:00,0,0.506675278523609
2026-03-01 09:25:00+00:00,0,0.5003777325795505
2026-03-01 09:30:00+00:00,0,0.5096597875513807
2026-03-01 09:35:00+00:00,0,0.512257768197272
2026-03-01 09:40:00+00:00,0,0.5130965877902927
2026-03-01 09:45:00+00:00,0,0.5042024857696025
2026-03-01 09:50:00+00:00,1,0.5075711565634947
2026-03-01 09:55:00+00:00,1,0.49983376136067337
2026-03-01 10:00:00+00:00,1,0.5118439154665815
2026-03-01 10:05:00+00:00,1,0.5128739240441843
2026-03-01 10:10:00+00:00,0,0.5092208690220282
2026-03-01 10:15:00+00:00,1,0.5001666292916198
2026-03-01 10:20:00+00:00,1,0.5050177910817583
2026-03-01 10:25:00+00:00,1,0.5010561375445397
2026-03-01 10:30:00+00:00,1,0.4971971954189487
2026-03-01 10:35:00+00:00,1,0.5069143806661592
2026-03-01 10:40:00+00:00,1,0.5014554594329009
2026-03-01 10:45:00+00:00,0,0.49958812769020944
2026-03-01 10:50:00+00:00,0,0.4990634605194432
2026-03-01 10:55:00+00:00,1,0.4990181990849033
2026-03-01 11:00:00+00:00,0,0.497434938272824
2026-03-01 11:05:00+00:00,0,0.46123136773370826
2026-03-01 11:10:00+00:00,0,0.4744855726208137
2026-03-01 11:15:00+00:00,0,0.46458233353603623
2026-03-01 11:20:00+00:00,0,0.4668020289418208
2026-03-01 11:25:00+00:00,0,0.46267473856022817
2026-03-01 11:30:00+00:00,1,0.5091019989465929
2026-03-01 11:35:00+00:00,1,0.502243702585312
2026-03-01 11:40:00+00:00,1,0.509032387346501
2026-03-01 11:45:00+00:00,1,0.5063442526231839
2026-03-01 11:50:00+00:00,1,0.5090579874068275
2026-03-01 11:55:00+00:00,0,0.5061998494303666
2026-03-01 12:00:00+00:00,0,0.509590776135766
2026-03-01 12:05:00+00:00,0,0.49817677759034756
2026-03-01 12:10:00+00:00,0,0.5085887778846976
2026-03-01 12:15:00+00:00,0,0.48864309532747857
2026-03-01 12:20:00+00:00,0,0.5100434139874488
2026-03-01 12:25:00+00:00,0,0.5083821493321561
2026-03-01 12:30:00+00:00,0,0.5237262514983243
2026-03-01 12:35:00+00:00,0,0.5135824180017757
2026-03-01 12:40:00+00:00,0,0.5117814169838022
2026-03-01 12:45:00+00:00,0,0.5222000132832775
2026-03-01 12:50:00+00:00,0,0.5224415329730295
2026-03-01 12:55:00+00:00,0,0.517104821334728
2026-03-01 13:00:00+00:00,0,0.5201205986407448
2026-03-01 13:05:00+00:00,0,0.5151063186352712
2026-03-01 13:10:00+00:00,0,0.5066271506603159
2026-03-01 13:15:00+00:00,0,0.5009541196598019
2026-03-01 13:20:00+00:00,1,0.5189616803156607
2026-03-01 13:25:00+00:00,1,0.5122087391192245
2026-03-01 13:30:00+00:00,1,0.513801238116662
2026-03-01 13:35:00+00:00,1,0.5106378073971772
2026-03-01 13:40:00+00:00,1,0.5086071055593285
2026-03-01 13:45:00+00:00,1,0.4971637466583952
2026-03-01 13:50:00+00:00,0,0.4908087300137329
2026-03-01 13:55:00+00:00,0,0.486915964565394
2026-03-01 14:00:00+00:00,0,0.4892751404694044
2026-03-01 14:05:00+00:00,0,0.5088193612298358
2026-03-01 14:10:00+00:00,0,0.5055618155889602
2026-03-01 14:15:00+00:00,0,0.47797415418415967
2026-03-01 14:20:00+00:00,0,0.47806831532242916
2026-03-01 14:25:00+00:00,0,0.47936431520963774
2026-03-01 14:30:00+00:00,0,0.47613915500566195
2026-03-01 14:35:00+00:00,0,0.47819470157583455
2026-03-01 14:40:00+00:00,1,0.4822104204520114
2026-03-01 14:45:00+00:00,1,0.4820017612769215
2026-03-01 14:50:00+00:00,1,0.48405848648407274
2026-03-01 14:55:00+00:00,1,0.4842558200700316
2026-03-01 15:00:00+00:00,1,0.48278763283859305
2026-03-01 15:05:00+00:00,1,0.4875008714483145
2026-03-01 15:10:00+00:00,1,0.48306504017172586
2026-03-01 15:15:00+00:00,1,0.4817616048527151
2026-03-01 15:20:00+00:00,1,0.48507672281832054
2026-03-01 15:25:00+00:00,0,0.4832207521546761
2026-03-01 15:30:00+00:00,0,0.4747154368255088
2026-03-01 15:35:00+00:00,0,0.4701120055222903
2026-03-01 15:40:00+00:00,0,0.46667401273771647
2026-03-01 15:45:00+00:00,0,0.47697694611721486
2026-03-01 15:50:00+00:00,0,0.48191593064602295
2026-03-01 15:55:00+00:00,1,0.5152889884138203
2026-03-01 16:00:00+00:00,0,0.48335539792764953
2026-03-01 16:05:00+00:00,0,0.47786093294453186
2026-03-01 16:10:00+00:00,0,0.4928237824883798
2026-03-01 16:15:00+00:00,0,0.5131808297054998
2026-03-01 16:20:00+00:00,0,0.49652631558049765
2026-03-01 16:25:00+00:00,0,0.4782959258563102
2026-03-01 16:30:00+00:00,0,0.4960470298278314
2026-03-01 16:35:00+00:00,0,0.4934629061634102
2026-03-01 16:40:00+00:00,0,0.5072814552625748
2026-03-01 16:45:00+00:00,0,0.561480202457446
2026-03-01 16:50:00+00:00,0,0.545026109365184
2026-03-01 16:55:00+00:00,0,0.5350427224795818
2026-03-01 17:00:00+00:00,0,0.5433196384556744
2026-03-01 17:05:00+00:00,0,0.5257797094926873
2026-03-01 17:10:00+00:00,0,0.5092764934938078
2026-03-01 17:15:00+00:00,1,0.533863403634001
2026-03-01 17:20:00+00:00,1,0.5225069065763885
2026-03-01 17:25:00+00:00,0,0.5129850216009206
2026-03-01 17:30:00+00:00,1,0.5175652651673103
2026-03-01 17:35:00+00:00,1,0.5140189157307582
2026-03-01 17:40:00+00:00,1,0.49895182348202394
2026-03-01 17:45:00+00:00,1,0.4967485319921525
2026-03-01 17:50:00+00:00,1,0.5026067481970747
2026-03-01 17:55:00+00:00,1,0.5085110331049295
2026-03-01 18:00:00+00:00,0,0.5187981073368142
2026-03-01 18:05:00+00:00,0,0.5064243047293298
2026-03-01 18:10:00+00:00,0,0.5114726149103175
2026-03-01 18:15:00+00:00,0,0.5139842608870548
2026-03-01 18:20:00+00:00,0,0.5184786873227792
2026-03-01 18:25:00+00:00,0,0.5123960223135967
2026-03-01 18:30:00+00:00,0,0.5035145657740807
2026-03-01 18:35:00+00:00,0,0.5071742955302375
2026-03-01 18:40:00+00:00,0,0.49605770912207237
2026-03-01 18:45:00+00:00,0,0.5064388775281379
2026-03-01 18:50:00+00:00,0,0.5128062495819882
2026-03-01 18:55:00+00:00,0,0.5081187305834483
2026-03-01 19:00:00+00:00,0,0.5131288957583772
2026-03-01 19:05:00+00:00,0,0.5096254522841831
2026-03-01 19:10:00+00:00,0,0.5164528267332965
2026-03-01 19:15:00+00:00,0,0.5072018958072931
2026-03-01 19:20:00+00:00,0,0.5109719789179655
2026-03-01 19:25:00+00:00,0,0.5113473836258039
2026-03-01 19:30:00+00:00,0,0.5148926041317792
2026-03-01 19:35:00+00:00,0,0.5023197868532402
2026-03-01 19:40:00+00:00,0,0.5143272536184031
2026-03-01 19:45:00+00:00,0,0.5056802699900976
2026-03-01 19:50:00+00:00,0,0.507557351784012
2026-03-01 19:55:00+00:00,0,0.5065228574565533
2026-03-01 20:00:00+00:00,0,0.5116497727403293
2026-03-01 20:05:00+00:00,0,0.5182172979921984
2026-03-01 20:10:00+00:00,0,0.517223655487104
2026-03-01 20:15:00+00:00,0,0.5165627745119576
2026-03-01 20:20:00+00:00,0,0.517446621995206
2026-03-01 20:25:00+00:00,0,0.5239551277411874
2026-03-01 20:30:00+00:00,1,0.5193461188390299
2026-03-01 20:35:00+00:00,1,0.5190482749896217
2026-03-01 20:40:00+00:00,1,0.5225020358788053
2026-03-01 20:45:00+00:00,1,0.5176089102745791
2026-03-01 20:50:00+00:00,1,0.5110002922774933
2026-03-01 20:55:00+00:00,1,0.5119420059366895
2026-03-01 21:00:00+00:00,1,0.5093507482997349
2026-03-01 21:05:00+00:00,1,0.5043283580494676
2026-03-01 21:10:00+00:00,1,0.49634658490207706
2026-03-01 21:15:00+00:00,1,0.49537541043225236
2026-03-01 21:20:00+00:00,1,0.4660349217449226
2026-03-01 21:25:00+00:00,0,0.46300896104545675
2026-03-01 21:30:00+00:00,1,0.47061759218749216
2026-03-01 21:35:00+00:00,0,0.4668909725039066
2026-03-01 21:40:00+00:00,1,0.4655096688841725
2026-03-01 21:45:00+00:00,1,0.4759176110308505
2026-03-01 21:50:00+00:00,1,0.4781939685597482
2026-03-01 21:55:00+00:00,1,0.47574214703925527
2026-03-01 22:00:00+00:00,1,0.47493356719323093
2026-03-01 22:05:00+00:00,1,0.4805089594316453
2026-03-01 22:10:00+00:00,0,0.4772850863965101
2026-03-01 22:15:00+00:00,0,0.4852764513203825
2026-03-01 22:20:00+00:00,0,0.47708103169663224
2026-03-01 22:25:00+00:00,0,0.48188200856431046
2026-03-01 22:30:00+00:00,1,0.4822497129100257
2026-03-01 22:35:00+00:00,1,0.4788710900581218
2026-03-01 22:40:00+00:00,1,0.4755963094719147
2026-03-01 22:45:00+00:00,1,0.4870215135961468
2026-03-01 22:50:00+00:00,1,0.48409517237131416
2026-03-01 22:55:00+00:00,1,0.49384630876688157
2026-03-01 23:00:00+00:00,0,0.4712680175616765
2026-03-01 23:05:00+00:00,0,0.4695243808338939
2026-03-01 23:10:00+00:00,0,0.47428385575866944
2026-03-01 23:15:00+00:00,1,0.47651868903928535
2026-03-01 23:20:00+00:00,0,0.47221640069225795
2026-03-01 23:25:00+00:00,1,0.48946353855287367
2026-03-01 23:30:00+00:00,1,0.49568393550166334
2026-03-01 23:35:00+00:00,1,0.4785624337928415
2026-03-01 23:40:00+00:00,1,0.4838077976516854
2026-03-01 23:45:00+00:00,1,0.4748432204902648
2026-03-01 23:50:00+00:00,1,0.4915929111442877
2026-03-01 23:55:00+00:00,1,0.49594839569236726
2026-03-02 00:00:00+00:00,1,0.4850306491732512
2026-03-02 00:05:00+00:00,0,0.4701048156257905
2026-03-02 00:10:00+00:00,1,0.4779879170106526
2026-03-02 00:15:00+00:00,1,0.4786621685020693
2026-03-02 00:20:00+00:00,1,0.484703675897771
2026-03-02 00:25:00+00:00,1,0.49610185561697245
2026-03-02 00:30:00+00:00,1,0.48733570803892234
2026-03-02 00:35:00+00:00,1,0.4761209365392832
2026-03-02 00:40:00+00:00,1,0.4649526295358684
2026-03-02 00:45:00+00:00,1,0.4730073484181056
2026-03-02 00:50:00+00:00,1,0.46621432622782
2026-03-02 00:55:00+00:00,1,0.4706112903701996
2026-03-02 01:00:00+00:00,1,0.4649912458984876
2026-03-02 01:05:00+00:00,0,0.4700534164311084
2026-03-02 01:10:00+00:00,0,0.49832087492836397
2026-03-02 01:15:00+00:00,0,0.47478903949153783
2026-03-02 01:20:00+00:00,1,0.47260395166323854
2026-03-02 01:25:00+00:00,0,0.4718486683043594
2026-03-02 01:30:00+00:00,0,0.4736474043160288
2026-03-02 01:35:00+00:00,0,0.47863463247057414
2026-03-02 01:40:00+00:00,0,0.4811309096726768
2026-03-02 01:45:00+00:00,0,0.4798327725606893
2026-03-02 01:50:00+00:00,0,0.4738747844430749
2026-03-02 01:55:00+00:00,0,0.4850764046162052
2026-03-02 02:00:00+00:00,0,0.4811666077404882
2026-03-02 02:05:00+00:00,1,0.508317665855952
2026-03-02 02:10:00+00:00,1,0.5105672459122558
2026-03-02 02:15:00+00:00,1,0.5191432013678514
2026-03-02 02:20:00+00:00,0,0.5218292246774214
2026-03-02 02:25:00+00:00,0,0.5067076249498289
2026-03-02 02:30:00+00:00,0,0.4877044154539717
2026-03-02 02:35:00+00:00,0,0.5057192544506894
2026-03-02 02:40:00+00:00,1,0.5111402673841134
2026-03-02 02:45:00+00:00,1,0.5165417808853657
2026-03-02 02:50:00+00:00,1,0.5120462406663226
2026-03-02 02:55:00+00:00,1,0.5114221784470623
2026-03-02 03:00:00+00:00,1,0.5174890544179555
2026-03-02 03:05:00+00:00,1,0.5121324162016965
2026-03-02 03:10:00+00:00,1,0.5001233179871309
2026-03-02 03:15:00+00:00,1,0.4786867876116457
2026-03-02 03:20:00+00:00,1,0.46630171031380485
2026-03-02 03:25:00+00:00,0,0.46942366385255035
2026-03-02 03:30:00+00:00,0,0.47278027866397637
2026-03-02 03:35:00+00:00,0,0.4666931272774177
2026-03-02 03:40:00+00:00,0,0.47116866050682
2026-03-02 03:45:00+00:00,0,0.47196535419786095
2026-03-02 03:50:00+00:00,0,0.4726412565504463
2026-03-02 03:55:00+00:00,1,0.47212876954802213
2026-03-02 04:00:00+00:00,1,0.47363115787806886
2026-03-02 04:05:00+00:00,1,0.477374361315408
2026-03-02 04:10:00+00:00,0,0.47665353147539563
2026-03-02 04:15:00+00:00,0,0.47451751218910326
2026-03-02 04:20:00+00:00,0,0.47404983674709505
2026-03-02 04:25:00+00:00,0,0.4681736418026598
2026-03-02 04:30:00+00:00,0,0.47106810941189825
2026-03-02 04:35:00+00:00,0,0.4812407365780713
2026-03-02 04:40:00+00:00,0,0.4877648629355659
2026-03-02 04:45:00+00:00,0,0.5081486243782581
2026-03-02 04:50:00+00:00,0,0.5091756841850068
2026-03-02 04:55:00+00:00,0,0.5141219017507211
2026-03-02 05:00:00+00:00,0,0.522921177188573
2026-03-02 05:05:00+00:00,1,0.5291307361602835
2026-03-02 05:10:00+00:00,1,0.5204575900844199
2026-03-02 05:15:00+00:00,1,0.516444647889761
2026-03-02 05:20:00+00:00,1,0.5242611895673001
2026-03-02 05:25:00+00:00,1,0.5107207029260101
2026-03-02 05:30:00+00:00,0,0.5027351705888252
2026-03-02 05:35:00+00:00,0,0.5099105638201248
2026-03-02 05:40:00+00:00,0,0.49660099674998426
2026-03-02 05:45:00+00:00,0,0.5083071792069499
2026-03-02 05:50:00+00:00,0,0.507364209771612
2026-03-02 05:55:00+00:00,0,0.5147983488470802
2026-03-02 06:00:00+00:00,0,0.5159252712148309
2026-03-02 06:05:00+00:00,0,0.5178033207665845
2026-03-02 06:10:00+00:00,0,0.5130007003241432
2026-03-02 06:15:00+00:00,1,0.5263495404612613
2026-03-02 06:20:00+00:00,1,0.5251879581402576
2026-03-02 06:25:00+00:00,1,0.517525838426494
2026-03-02 06:30:00+00:00,0,0.5126004229755357
2026-03-02 06:35:00+00:00,0,0.5152286256113686
2026-03-02 06:40:00+00:00,0,0.5041549088560258
2026-03-02 06:45:00+00:00,0,0.5107625886750418
2026-03-02 06:50:00+00:00,0,0.509989874131891
2026-03-02 06:55:00+00:00,0,0.5092510043076289
2026-03-02 07:00:00+00:00,0,0.5161620927252699
2026-03-02 07:05:00+00:00,1,0.5229070509074206
2026-03-02 07:10:00+00:00,1,0.5169721122956733
2026-03-02 07:15:00+00:00,1,0.5165949812123278
2026-03-02 07:20:00+00:00,1,0.5109355389365605
2026-03-02 07:25:00+00:00,1,0.5076501582570083
2026-03-02 07:30:00+00:00,0,0.49724288320663146
2026-03-02 07:35:00+00:00,0,0.4943330926949211
2026-03-02 07:40:00+00:00,0,0.49541366894965205
2026-03-02 07:45:00+00:00,0,0.5022622796106075
2026-03-02 07:50:00+00:00,0,0.5035573522260239
2026-03-02 07:55:00+00:00,0,0.5014113914412542
2026-03-02 08:00:00+00:00,0,0.5138965932572186
2026-03-02 08:05:00+00:00,1,0.5068423028548786
2026-03-02 08:10:00+00:00,0,0.504046161797119
2026-03-02 08:15:00+00:00,1,0.5105043845081503
2026-03-02 08:20:00+00:00,1,0.5148971883903561
2026-03-02 08:25:00+00:00,1,0.511933482731872
2026-03-02 08:30:00+00:00,1,0.5037042637981574
2026-03-02 08:35:00+00:00,1,0.500919477825464
2026-03-02 08:40:00+00:00,1,0.49759712987383986
2026-03-02 08:45:00+00:00,1,0.4784453803718845
2026-03-02 08:50:00+00:00,1,0.47246940210040617
2026-03-02 08:55:00+00:00,1,0.47143097503954706
2026-03-02 09:00:00+00:00,1,0.46702021435892177
2026-03-02 09:05:00+00:00,0,0.4686956514483771
2026-03-02 09:10:00+00:00,0,0.4670191193659538
2026-03-02 09:15:00+00:00,0,0.4663222904403963
2026-03-02 09:20:00+00:00,0,0.46728371693906223
2026-03-02 09:25:00+00:00,0,0.47622604329117185
2026-03-02 09:30:00+00:00,0,0.47420109867770405
2026-03-02 09:35:00+00:00,0,0.4748854351598924
2026-03-02 09:40:00+00:00,0,0.4750269252466703
2026-03-02 09:45:00+00:00,0,0.4820525937332235
2026-03-02 09:50:00+00:00,0,0.4828655304323106
2026-03-02 09:55:00+00:00,1,0.5022237019357872
2026-03-02 10:00:00+00:00,0,0.48287349978071664
2026-03-02 10:05:00+00:00,1,0.5002901006331633
2026-03-02 10:10:00+00:00,1,0.5048126863277059
2026-03-02 10:15:00+00:00,1,0.4991607006188465
2026-03-02 10:20:00+00:00,0,0.4967345726060305
2026-03-02 10:25:00+00:00,0,0.49783329047908426
2026-03-02 10:30:00+00:00,1,0.5081285906124923
2026-03-02 10:35:00+00:00,0,0.4908148193311195
2026-03-02 10:40:00+00:00,0,0.5048572974414215
2026-03-02 10:45:00+00:00,1,0.5041176711388786
2026-03-02 10:50:00+00:00,1,0.5097991255476807
2026-03-02 10:55:00+00:00,1,0.5005695099242508
2026-03-02 11:00:00+00:00,1,0.5064061928710762
2026-03-02 11:05:00+00:00,1,0.5140981530209068
2026-03-02 11:10:00+00:00,1,0.5075351621324948
2026-03-02 11:15:00+00:00,1,0.49884104820117486
2026-03-02 11:20:00+00:00,1,0.4857956845829239
2026-03-02 11:25:00+00:00,1,0.4977726662390472
2026-03-02 11:30:00+00:00,1,0.5020513835800365
2026-03-02 11:35:00+00:00,0,0.4761600341869595
2026-03-02 11:40:00+00:00,0,0.4843756455678976
2026-03-02 11:45:00+00:00,0,0.4720815557475885
2026-03-02 11:50:00+00:00,0,0.48328266704049117
2026-03-02 11:55:00+00:00,0,0.4800466190526409
2026-03-02 12:00:00+00:00,0,0.4735768374771459
2026-03-02 12:05:00+00:00,0,0.48769394319831877
2026-03-02 12:10:00+00:00,0,0.48685618089023236
2026-03-02 12:15:00+00:00,0,0.5134241447645692
2026-03-02 12:20:00+00:00,1,0.513442260403438
2026-03-02 12:25:00+00:00,1,0.5030000141252001
2026-03-02 12:30:00+00:00,0,0.4961321174645771
2026-03-02 12:35:00+00:00,0,0.5081272805729489
2026-03-02 12:40:00+00:00,0,0.5079934038616205
2026-03-02 12:45:00+00:00,1,0.4952856130585541
2026-03-02 12:50:00+00:00,1,0.5036388975413699
2026-03-02 12:55:00+00:00,0,0.5056510220683793
2026-03-02 13:00:00+00:00,1,0.5096935351241766
2026-03-02 13:05:00+00:00,1,0.5163627261106758
2026-03-02 13:10:00+00:00,1,0.5081727681830325
2026-03-02 13:15:00+00:00,0,0.5034605680079268
2026-03-02 13:20:00+00:00,0,0.4879803857257048
2026-03-02 13:25:00+00:00,0,0.5124085680849868
2026-03-02 13:30:00+00:00,0,0.5001538402390555
2026-03-02 13:35:00+00:00,1,0.5045912953392366
2026-03-02 13:40:00+00:00,1,0.511210686313391
2026-03-02 13:45:00+00:00,1,0.5122735146598105
2026-03-02 13:50:00+00:00,1,0.5158635059269318
2026-03-02 13:55:00+00:00,1,0.5125107185668959
2026-03-02 14:00:00+00:00,1,0.510442744535187
2026-03-02 14:05:00+00:00,1,0.5016029801659264
2026-03-02 14:10:00+00:00,1,0.5005974496303479
2026-03-02 14:15:00+00:00,1,0.5043951062864581
2026-03-02 14:20:00+00:00,1,0.5031720112029068
2026-03-02 14:25:00+00:00,1,0.5081224118594507
2026-03-02 14:30:00+00:00,1,0.47572849893812547
2026-03-02 14:35:00+00:00,1,0.4717998885820084
2026-03-02 14:40:00+00:00,1,0.49313425688618095
2026-03-02 14:45:00+00:00,1,0.5356266623409122
2026-03-02 14:50:00+00:00,1,0.503748913412427
2026-03-02 14:55:00+00:00,1,0.5450901694964981
2026-03-02 15:00:00+00:00,1,0.5667345105675633
2026-03-02 15:05:00+00:00,1,0.6113340093636638
2026-03-02 15:10:00+00:00,1,0.615148682738664
2026-03-02 15:15:00+00:00,1,0.6101453428794016
2026-03-02 15:20:00+00:00,0,0.6234752119217066
2026-03-02 15:25:00+00:00,0,0.6187596776979553
2026-03-02 15:30:00+00:00,1,0.6177536172245125
2026-03-02 15:35:00+00:00,0,0.6073316154464793
2026-03-02 15:40:00+00:00,0,0.6050998897109306
2026-03-02 15:45:00+00:00,0,0.6128482426780256
2026-03-02 15:50:00+00:00,1,0.5852980077518732
2026-03-02 15:55:00+00:00,1,0.5890401385713245
2026-03-02 16:00:00+00:00,0,0.5899066324047417
2026-03-02 16:05:00+00:00,0,0.5839343684336092
2026-03-02 16:10:00+00:00,1,0.5835680751812767
2026-03-02 16:15:00+00:00,1,0.5542882836365562
2026-03-02 16:20:00+00:00,0,0.5573629115479662
2026-03-02 16:25:00+00:00,0,0.5234600293969505
2026-03-02 16:30:00+00:00,1,0.5228481280035002
2026-03-02 16:35:00+00:00,1,0.5235600965079165
2026-03-02 16:40:00+00:00,0,0.5590893414804585
2026-03-02 16:45:00+00:00,0,0.5207101729488959
2026-03-02 16:50:00+00:00,0,0.5159864377429326
2026-03-02 16:55:00+00:00,0,0.5386330208118142
2026-03-02 17:00:00+00:00,0,0.5345844300733873
2026-03-02 17:05:00+00:00,0,0.5253392681820979
2026-03-02 17:10:00+00:00,0,0.5308996386798491
2026-03-02 17:15:00+00:00,0,0.5344649172182687
2026-03-02 17:20:00+00:00,0,0.5394593131638545
2026-03-02 17:25:00+00:00,0,0.5282341936159617
2026-03-02 17:30:00+00:00,0,0.5275090193888748
2026-03-02 17:35:00+00:00,0,0.5320399476129911
2026-03-02 17:40:00+00:00,1,0.5546431972572424
2026-03-02 17:45:00+00:00,1,0.5397438522077758
2026-03-02 17:50:00+00:00,1,0.5312911386269742
2026-03-02 17:55:00+00:00,1,0.5290114637306591
2026-03-02 18:00:00+00:00,1,0.5368475204056122
2026-03-02 18:05:00+00:00,1,0.5181280111161064
2026-03-02 18:10:00+00:00,0,0.5219691574583949
2026-03-02 18:15:00+00:00,1,0.5178128614300513
2026-03-02 18:20:00+00:00,1,0.5164516838494615
2026-03-02 18:25:00+00:00,0,0.5165686081922269
2026-03-02 18:30:00+00:00,0,0.5058182055071183
2026-03-02 18:35:00+00:00,0,0.5170254131563312
2026-03-02 18:40:00+00:00,0,0.5150723831630145
2026-03-02 18:45:00+00:00,0,0.5101427236326174
2026-03-02 18:50:00+00:00,0,0.5245567411356237
2026-03-02 18:55:00+00:00,0,0.5209000941698169
2026-03-02 19:00:00+00:00,0,0.52182327135171
2026-03-02 19:05:00+00:00,1,0.5263349951880809
2026-03-02 19:10:00+00:00,1,0.5207146067972832
2026-03-02 19:15:00+00:00,0,0.5086663380820068
2026-03-02 19:20:00+00:00,1,0.5061472436605676
2026-03-02 19:25:00+00:00,1,0.5147341182516474
2026-03-02 19:30:00+00:00,1,0.5062663087308206
2026-03-02 19:35:00+00:00,0,0.506748431753887
2026-03-02 19:40:00+00:00,0,0.5056121412754155
2026-03-02 19:45:00+00:00,0,0.49858778722883623
2026-03-02 19:50:00+00:00,0,0.5037832643419178
2026-03-02 19:55:00+00:00,0,0.5028375493899088
2026-03-02 20:00:00+00:00,0,0.47143428283844785
2026-03-02 20:05:00+00:00,0,0.5187972425994495
2026-03-02 20:10:00+00:00,1,0.5204463766641192
2026-03-02 20:15:00+00:00,1,0.5193262178222559
2026-03-02 20:20:00+00:00,0,0.5224738158835776
2026-03-02 20:25:00+00:00,0,0.5171884314847298
2026-03-02 20:30:00+00:00,0,0.5137044528449093
2026-03-02 20:35:00+00:00,0,0.5174979122857457
2026-03-02 20:40:00+00:00,0,0.5075941036019344
2026-03-02 20:45:00+00:00,0,0.508571129790072
2026-03-02 20:50:00+00:00,0,0.5172762550614817
2026-03-02 20:55:00+00:00,1,0.5227994782453307
2026-03-02 21:00:00+00:00,1,0.5224423174495189
2026-03-02 21:05:00+00:00,1,0.5189859107906377
2026-03-02 21:10:00+00:00,1,0.5172062083119948
2026-03-02 21:15:00+00:00,1,0.5151940693975258
2026-03-02 21:20:00+00:00,1,0.5090088487496323
2026-03-02 21:25:00+00:00,1,0.5066411083323858
2026-03-02 21:30:00+00:00,0,0.5013239978616435
2026-03-02 21:35:00+00:00,1,0.49526122963323777
2026-03-02 21:40:00+00:00,0,0.48072320636435595
2026-03-02 21:45:00+00:00,0,0.5092139264961145
2026-03-02 21:50:00+00:00,1,0.5109781939484314
2026-03-02 21:55:00+00:00,1,0.5099878782824058
2026-03-02 22:00:00+00:00,1,0.5042949283011751
2026-03-02 22:05:00+00:00,1,0.47581122644077833
2026-03-02 22:10:00+00:00,1,0.5044400130660958
2026-03-02 22:15:00+00:00,1,0.5026193136083977
2026-03-02 22:20:00+00:00,0,0.4802073187181938
2026-03-02 22:25:00+00:00,0,0.4850872457239719
2026-03-02 22:30:00+00:00,0,0.4793364154805342
2026-03-02 22:35:00+00:00,0,0.47333287408640373
2026-03-02 22:40:00+00:00,0,0.47828783271747016
2026-03-02 22:45:00+00:00,0,0.4902716444412908
2026-03-02 22:50:00+00:00,0,0.5015709512226192
2026-03-02 22:55:00+00:00,0,0.4872889198862399
2026-03-02 23:00:00+00:00,0,0.5165958049218072
2026-03-02 23:05:00+00:00,0,0.5100707564626654
2026-03-02 23:10:00+00:00,0,0.519724484696484
2026-03-02 23:15:00+00:00,0,0.51812639395217
2026-03-02 23:20:00+00:00,0,0.5272058949244384
2026-03-02 23:25:00+00:00,1,0.5256898182817226
2026-03-02 23:30:00+00:00,1,0.5267732509286231
2026-03-02 23:35:00+00:00,1,0.5239935335184948
2026-03-02 23:40:00+00:00,1,0.5243363809375363
2026-03-02 23:45:00+00:00,0,0.5145648094969519
2026-03-02 23:50:00+00:00,0,0.5113901001512691
2026-03-02 23:55:00+00:00,0,0.5083156868128351
2026-03-03 00:00:00+00:00,1,0.5121418031840516
2026-03-03 00:05:00+00:00,1,0.509407904602306
2026-03-03 00:10:00+00:00,1,0.5142933363593958
2026-03-03 00:15:00+00:00,1,0.5199518710251224
2026-03-03 00:20:00+00:00,1,0.5144309440105455
2026-03-03 00:25:00+00:00,1,0.5105124703545417
2026-03-03 00:30:00+00:00,1,0.5087846733141365
2026-03-03 00:35:00+00:00,0,0.4998110656352775
2026-03-03 00:40:00+00:00,0,0.49113844077707913
2026-03-03 00:45:00+00:00,1,0.5148807982591659
2026-03-03 00:50:00+00:00,0,0.5095842733619115
2026-03-03 00:55:00+00:00,0,0.5038102942622111
2026-03-03 01:00:00+00:00,1,0.5128664686955642
2026-03-03 01:05:00+00:00,1,0.5042604016613352
2026-03-03 01:10:00+00:00,1,0.47410350933676976
2026-03-03 01:15:00+00:00,1,0.5082082866467595
2026-03-03 01:20:00+00:00,1,0.5125136324515174
2026-03-03 01:25:00+00:00,1,0.5154355022557616
2026-03-03 01:30:00+00:00,0,0.48739986777629235
2026-03-03 01:35:00+00:00,0,0.48401736983142085
2026-03-03 01:40:00+00:00,0,0.4730532210838233
2026-03-03 01:45:00+00:00,0,0.47439492565150815
2026-03-03 01:50:00+00:00,0,0.48764074306465244
2026-03-03 01:55:00+00:00,0,0.5044891223868154
2026-03-03 02:00:00+00:00,0,0.5107557870554114
2026-03-03 02:05:00+00:00,0,0.5174188812406392
2026-03-03 02:10:00+00:00,0,0.5168870422960916
2026-03-03 02:15:00+00:00,1,0.521272554833853
2026-03-03 02:20:00+00:00,1,0.5209641939009402
2026-03-03 02:25:00+00:00,1,0.5121077482870107
2026-03-03 02:30:00+00:00,0,0.5089643225732652
2026-03-03 02:35:00+00:00,0,0.5133817474247765
2026-03-03 02:40:00+00:00,1,0.5125669982424813
2026-03-03 02:45:00+00:00,0,0.5115296704384269
2026-03-03 02:50:00+00:00,0,0.5128753771447099
2026-03-03 02:55:00+00:00,0,0.5100062533829425
2026-03-03 03:00:00+00:00,1,0.5149386036353245
2026-03-03 03:05:00+00:00,1,0.5150330540695143
2026-03-03 03:10:00+00:00,1,0.5073165957315597
2026-03-03 03:15:00+00:00,1,0.5166711477902791
2026-03-03 03:20:00+00:00,1,0.5163576536197407
2026-03-03 03:25:00+00:00,1,0.5116107867089805
2026-03-03 03:30:00+00:00,1,0.49772761422757267
2026-03-03 03:35:00+00:00,0,0.48343850055971244
2026-03-03 03:40:00+00:00,0,0.48686076062965217
2026-03-03 03:45:00+00:00,0,0.507837325984523
2026-03-03 03:50:00+00:00,0,0.5056839564814163
2026-03-03 03:55:00+00:00,0,0.4967414616214815
2026-03-03 04:00:00+00:00,0,0.48335367582402383
2026-03-03 04:05:00+00:00,0,0.5106953707999232
2026-03-03 04:10:00+00:00,0,0.5058890455340684
2026-03-03 04:15:00+00:00,0,0.49500768417719193
2026-03-03 04:20:00+00:00,0,0.5032047495353446
2026-03-03 04:25:00+00:00,0,0.5161809951885838
2026-03-03 04:30:00+00:00,0,0.509069889716252
2026-03-03 04:35:00+00:00,1,0.5162543829722079
2026-03-03 04:40:00+00:00,1,0.5218695095101517
2026-03-03 04:45:00+00:00,1,0.5292930548366813
2026-03-03 04:50:00+00:00,1,0.5204419985680934
2026-03-03 04:55:00+00:00,1,0.5178426990825751
2026-03-03 05:00:00+00:00,1,0.5150020435755972
2026-03-03 05:05:00+00:00,0,0.5074821914852982
2026-03-03 05:10:00+00:00,0,0.48245955113299227
2026-03-03 05:15:00+00:00,0,0.4733313149729582
2026-03-03 05:20:00+00:00,0,0.4804903151089461
2026-03-03 05:25:00+00:00,0,0.47428753214501457
2026-03-03 05:30:00+00:00,0,0.5121054428706157
2026-03-03 05:35:00+00:00,0,0.5154806712815824
2026-03-03 05:40:00+00:00,0,0.5151608580131951
2026-03-03 05:45:00+00:00,1,0.5257637236107545
2026-03-03 05:50:00+00:00,1,0.5159914815481088
2026-03-03 05:55:00+00:00,0,0.5082516838117622
2026-03-03 06:00:00+00:00,0,0.511348170909884
2026-03-03 06:05:00+00:00,0,0.5095741683880143
2026-03-03 06:10:00+00:00,0,0.5038201149783123
2026-03-03 06:15:00+00:00,0,0.5089079910500073
2026-03-03 06:20:00+00:00,0,0.5123478347598404
2026-03-03 06:25:00+00:00,0,0.5103014592113921
2026-03-03 06:30:00+00:00,1,0.514316371001662
2026-03-03 06:35:00+00:00,0,0.50738568461993
2026-03-03 06:40:00+00:00,1,0.5069462169290171
2026-03-03 06:45:00+00:00,1,0.5121056590602172
2026-03-03 06:50:00+00:00,1,0.513541871109582
2026-03-03 06:55:00+00:00,1,0.5079324786860806
2026-03-03 07:00:00+00:00,1,0.4940194254779666
2026-03-03 07:05:00+00:00,1,0.5056557360487317
2026-03-03 07:10:00+00:00,0,0.4788713754940645
2026-03-03 07:15:00+00:00,0,0.4707698161128058
2026-03-03 07:20:00+00:00,0,0.47810942743886575
2026-03-03 07:25:00+00:00,0,0.4791125966330981
2026-03-03 07:30:00+00:00,0,0.49059450506623614
2026-03-03 07:35:00+00:00,1,0.4909862510274623
2026-03-03 07:40:00+00:00,0,0.49148262186106884
2026-03-03 07:45:00+00:00,0,0.5065478133066716
2026-03-03 07:50:00+00:00,0,0.5016083696333394
2026-03-03 07:55:00+00:00,0,0.4855526850768353
2026-03-03 08:00:00+00:00,0,0.4955369154618202
2026-03-03 08:05:00+00:00,0,0.4759373752751283
2026-03-03 08:10:00+00:00,0,0.5065863102147868
2026-03-03 08:15:00+00:00,0,0.5163174297107749
2026-03-03 08:20:00+00:00,0,0.517132653881903
2026-03-03 08:25:00+00:00,0,0.518380651195959
2026-03-03 08:30:00+00:00,0,0.5189238903988549
2026-03-03 08:35:00+00:00,1,0.5212422017853335
2026-03-03 08:40:00+00:00,1,0.5240651856141612
2026-03-03 08:45:00+00:00,1,0.525877875486468
2026-03-03 08:50:00+00:00,1,0.5153249180099516
2026-03-03 08:55:00+00:00,0,0.5154917943172412
2026-03-03 09:00:00+00:00,0,0.5084300760319874
2026-03-03 09:05:00+00:00,0,0.5034925556213125
2026-03-03 09:10:00+00:00,0,0.5037148119808229
2026-03-03 09:15:00+00:00,0,0.4991279532556787
2026-03-03 09:20:00+00:00,0,0.5074304620504805
2026-03-03 09:25:00+00:00,1,0.5175618175169873
2026-03-03 09:30:00+00:00,0,0.5121239682289139
2026-03-03 09:35:00+00:00,0,0.5105470812630741
2026-03-03 09:40:00+00:00,0,0.512787405114778
2026-03-03 09:45:00+00:00,0,0.5130490688071596
2026-03-03 09:50:00+00:00,0,0.5009567602835825
2026-03-03 09:55:00+00:00,0,0.5022788301414085
2026-03-03 10:00:00+00:00,0,0.506840060267492
2026-03-03 10:05:00+00:00,1,0.5086621121126442
2026-03-03 10:10:00+00:00,1,0.5017211808549598
2026-03-03 10:15:00+00:00,1,0.5062601880775096
2026-03-03 10:20:00+00:00,0,0.507515316392527
2026-03-03 10:25:00+00:00,1,0.5028045684526913
2026-03-03 10:30:00+00:00,1,0.5039223656320456
2026-03-03 10:35:00+00:00,1,0.5066870054745334
2026-03-03 10:40:00+00:00,1,0.49952560765670967
2026-03-03 10:45:00+00:00,0,0.4816858620541525
2026-03-03 10:50:00+00:00,1,0.5043158021163966
2026-03-03 10:55:00+00:00,0,0.49997556542222316
2026-03-03 11:00:00+00:00,0,0.4949478211075148
2026-03-03 11:05:00+00:00,0,0.49637353505096915
2026-03-03 11:10:00+00:00,0,0.5047567959799186
2026-03-03 11:15:00+00:00,1,0.5070859729068824
2026-03-03 11:20:00+00:00,0,0.47690649675931435
2026-03-03 11:25:00+00:00,1,0.5103247391377019
2026-03-03 11:30:00+00:00,1,0.5059645798039435
2026-03-03 11:35:00+00:00,1,0.4983790501449306
2026-03-03 11:40:00+00:00,1,0.4990237913249848
2026-03-03 11:45:00+00:00,1,0.4974115131008935
2026-03-03 11:50:00+00:00,1,0.4776861407573805
2026-03-03 11:55:00+00:00,1,0.48075214665011207
2026-03-03 12:00:00+00:00,1,0.4757043723273791
2026-03-03 12:05:00+00:00,0,0.466883363793001
2026-03-03 12:10:00+00:00,0,0.4681198777982505
2026-03-03 12:15:00+00:00,0,0.47130254772099356
2026-03-03 12:20:00+00:00,0,0.4683467667840024
2026-03-03 12:25:00+00:00,0,0.4706666836854885
2026-03-03 12:30:00+00:00,0,0.4750828570253018
2026-03-03 12:35:00+00:00,0,0.4898473054751897
2026-03-03 12:40:00+00:00,0,0.48776456058922096
2026-03-03 12:45:00+00:00,0,0.48851130819915123
2026-03-03 12:50:00+00:00,0,0.487348799555566
2026-03-03 12:55:00+00:00,0,0.4798294954589518
2026-03-03 13:00:00+00:00,0,0.518379553493254
2026-03-03 13:05:00+00:00,0,0.5049034231158902
2026-03-03 13:10:00+00:00,0,0.5199508955703013
2026-03-03 13:15:00+00:00,0,0.5109489212199245
2026-03-03 13:20:00+00:00,0,0.5142435073038385
2026-03-03 13:25:00+00:00,0,0.5013999876211331
2026-03-03 13:30:00+00:00,1,0.5217344785786434
2026-03-03 13:35:00+00:00,1,0.5021044351610763
2026-03-03 13:40:00+00:00,1,0.5148166429320674
2026-03-03 13:45:00+00:00,1,0.5190259271309485
2026-03-03 13:50:00+00:00,1,0.510605434663046
2026-03-03 13:55:00+00:00,1,0.5032906262597363
2026-03-03 14:00:00+00:00,0,0.504773470614807
2026-03-03 14:05:00+00:00,1,0.5029925250072264
2026-03-03 14:10:00+00:00,0,0.5013592221781612
2026-03-03 14:15:00+00:00,0,0.4987655935165736
2026-03-03 14:20:00+00:00,0,0.49252340038423814
2026-03-03 14:25:00+00:00,0,0.49525700589283
2026-03-03 14:30:00+00:00,0,0.5121651248347127
2026-03-03 14:35:00+00:00,0,0.4916500733353996
2026-03-03 14:40:00+00:00,1,0.525836931577686
2026-03-03 14:45:00+00:00,0,0.5198350388871498
2026-03-03 14:50:00+00:00,0,0.501935279149495
2026-03-03 14:55:00+00:00,0,0.5074174729747112
2026-03-03 15:00:00+00:00,1,0.5143709512870788
2026-03-03 15:05:00+00:00,1,0.5034535593395555
2026-03-03 15:10:00+00:00,1,0.49585400099793936
2026-03-03 15:15:00+00:00,1,0.5139997953343957
2026-03-03 15:20:00+00:00,1,0.5117130860784932
2026-03-03 15:25:00+00:00,1,0.511424698709428
2026-03-03 15:30:00+00:00,1,0.4933628606084808
2026-03-03 15:35:00+00:00,1,0.49662827627724626
2026-03-03 15:40:00+00:00,1,0.5025550015421214
2026-03-03 15:45:00+00:00,1,0.4744084420454549
2026-03-03 15:50:00+00:00,1,0.48422630371202396
2026-03-03 15:55:00+00:00,1,0.4783039289948223
2026-03-03 16:00:00+00:00,1,0.47410782074031244
2026-03-03 16:05:00+00:00,0,0.4986455084367973
2026-03-03 16:10:00+00:00,0,0.49739727686461394
2026-03-03 16:15:00+00:00,0,0.478015644440954
2026-03-03 16:20:00+00:00,0,0.56225332125147
2026-03-03 16:25:00+00:00,0,0.5403923621475141
2026-03-03 16:30:00+00:00,0,0.48611996076547637
2026-03-03 16:35:00+00:00,1,0.5062897474942752
2026-03-03 16:40:00+00:00,1,0.4946468196728952
2026-03-03 16:45:00+00:00,0,0.4859052791503793
2026-03-03 16:50:00+00:00,0,0.48339567389639576
2026-03-03 16:55:00+00:00,0,0.5058215347372251
2026-03-03 17:00:00+00:00,0,0.5139887515359414
2026-03-03 17:05:00+00:00,1,0.5200628214267744
2026-03-03 17:10:00+00:00,1,0.5129826164024377
2026-03-03 17:15:00+00:00,1,0.5009629916026128
2026-03-03 17:20:00+00:00,1,0.5030790563326923
2026-03-03 17:25:00+00:00,1,0.49718826489045165
2026-03-03 17:30:00+00:00,1,0.513118454089618
2026-03-03 17:35:00+00:00,1,0.5047125081372065
2026-03-03 17:40:00+00:00,0,0.4909032717685026
2026-03-03 17:45:00+00:00,1,0.48598164851287184
2026-03-03 17:50:00+00:00,1,0.4828787534910381
2026-03-03 17:55:00+00:00,1,0.4761703883734924
2026-03-03 18:00:00+00:00,1,0.486687883390736
2026-03-03 18:05:00+00:00,1,0.4908756990168327
2026-03-03 18:10:00+00:00,1,0.5172085940991309
2026-03-03 18:15:00+00:00,1,0.47658169730695576
2026-03-03 18:20:00+00:00,0,0.47196092042538024
2026-03-03 18:25:00+00:00,0,0.47309993920833127
2026-03-03 18:30:00+00:00,0,0.4708312974853468
2026-03-03 18:35:00+00:00,0,0.47071713284467115
2026-03-03 18:40:00+00:00,0,0.47843679077714674
2026-03-03 18:45:00+00:00,0,0.4765735549177303
2026-03-03 18:50:00+00:00,1,0.48029064025924273
2026-03-03 18:55:00+00:00,0,0.48918438889939897
2026-03-03 19:00:00+00:00,0,0.4889579348394534
2026-03-03 19:05:00+00:00,1,0.5146056974079286
2026-03-03 19:10:00+00:00,1,0.5018739985582922
2026-03-03 19:15:00+00:00,0,0.4989199748531489
2026-03-03 19:20:00+00:00,0,0.47929152258646435
2026-03-03 19:25:00+00:00,0,0.503949625344523
2026-03-03 19:30:00+00:00,0,0.5119921662507326
2026-03-03 19:35:00+00:00,0,0.5109056198014845
2026-03-03 19:40:00+00:00,0,0.5086455637011813
2026-03-03 19:45:00+00:00,0,0.5164947714473669
2026-03-03 19:50:00+00:00,0,0.511542964539543
2026-03-03 19:55:00+00:00,0,0.5110593737868813
2026-03-03 20:00:00+00:00,0,0.5088915707823466
2026-03-03 20:05:00+00:00,0,0.5200335480954925
2026-03-03 20:10:00+00:00,1,0.5195068185814752
2026-03-03 20:15:00+00:00,1,0.5167186838815073
2026-03-03 20:20:00+00:00,0,0.5112798074541656
2026-03-03 20:25:00+00:00,0,0.515188937494375
2026-03-03 20:30:00+00:00,0,0.5149616338625351
2026-03-03 20:35:00+00:00,0,0.5110691776400729
2026-03-03 20:40:00+00:00,0,0.5097517270921843
2026-03-03 20:45:00+00:00,0,0.5122551668319666
2026-03-03 20:50:00+00:00,0,0.5190416377305687
2026-03-03 20:55:00+00:00,0,0.5165290440807784
2026-03-03 21:00:00+00:00,0,0.5294167408967416
2026-03-03 21:05:00+00:00,0,0.5264631028009269
2026-03-03 21:10:00+00:00,1,0.5246787151475701
2026-03-03 21:15:00+00:00,1,0.5235365012684249
2026-03-03 21:20:00+00:00,1,0.5196913870726885
2026-03-03 21:25:00+00:00,1,0.519438515890514
2026-03-03 21:30:00+00:00,1,0.518574995207126
2026-03-03 21:35:00+00:00,1,0.5183465527587434
2026-03-03 21:40:00+00:00,1,0.5106311951734636
2026-03-03 21:45:00+00:00,1,0.51488640246907
2026-03-03 21:50:00+00:00,1,0.5082291021474648
2026-03-03 21:55:00+00:00,1,0.5113110578657524
2026-03-03 22:00:00+00:00,1,0.48712146475420154
2026-03-03 22:05:00+00:00,1,0.4797093254130822
2026-03-03 22:10:00+00:00,1,0.4849699945265041
2026-03-03 22:15:00+00:00,1,0.48328369598468435
2026-03-03 22:20:00+00:00,1,0.4815117496168566
2026-03-03 22:25:00+00:00,1,0.48062957534380224
2026-03-03 22:30:00+00:00,1,0.4749970244189511
2026-03-03 22:35:00+00:00,1,0.4722798284729403
2026-03-03 22:40:00+00:00,1,0.47466423129153723
2026-03-03 22:45:00+00:00,1,0.4779862088500466
2026-03-03 22:50:00+00:00,1,0.4702735370494656
2026-03-03 22:55:00+00:00,1,0.4736129019316572
2026-03-03 23:00:00+00:00,0,0.4695924544974012
2026-03-03 23:05:00+00:00,0,0.4690246096719891
2026-03-03 23:10:00+00:00,0,0.4734196972990516
2026-03-03 23:15:00+00:00,0,0.47398524437882367
2026-03-03 23:20:00+00:00,0,0.47753505233607135
2026-03-03 23:25:00+00:00,0,0.4782047138634191
2026-03-03 23:30:00+00:00,1,0.48694825005073217
2026-03-03 23:35:00+00:00,0,0.4848332674018082
2026-03-03 23:40:00+00:00,0,0.47932970535500585
2026-03-03 23:45:00+00:00,0,0.48653673663070035
2026-03-03 23:50:00+00:00,0,0.49067988373457344
2026-03-03 23:55:00+00:00,1,0.4911550115137377
2026-03-04 00:00:00+00:00,0,0.4907926217127373
2026-03-04 00:05:00+00:00,0,0.5095854385912433
2026-03-04 00:10:00+00:00,0,0.5101413120867881
2026-03-04 00:15:00+00:00,0,0.4926482863145509
2026-03-04 00:20:00+00:00,0,0.5116624000132989
2026-03-04 00:25:00+00:00,0,0.5052681278769979
2026-03-04 00:30:00+00:00,1,0.5244203469843833
2026-03-04 00:35:00+00:00,1,0.5237504568899677
2026-03-04 00:40:00+00:00,1,0.5240843547670286
2026-03-04 00:45:00+00:00,0,0.5053815686508616
2026-03-04 00:50:00+00:00,0,0.5109742466852898
2026-03-04 00:55:00+00:00,1,0.5100169342674824
2026-03-04 01:00:00+00:00,1,0.5038768804275205
2026-03-04 01:05:00+00:00,1,0.5104130298298928
2026-03-04 01:10:00+00:00,1,0.5167341088127038
2026-03-04 01:15:00+00:00,1,0.5125984962787539
2026-03-04 01:20:00+00:00,1,0.509741795396991
2026-03-04 01:25:00+00:00,1,0.49542491788305265
2026-03-04 01:30:00+00:00,0,0.4799582869277708
2026-03-04 01:35:00+00:00,0,0.47309293070350844
2026-03-04 01:40:00+00:00,0,0.47151692656070604
2026-03-04 01:45:00+00:00,1,0.5037169565817721
2026-03-04 01:50:00+00:00,0,0.48802698798156874
2026-03-04 01:55:00+00:00,0,0.48956253870825134
2026-03-04 02:00:00+00:00,0,0.5070798691247028
2026-03-04 02:05:00+00:00,1,0.5155929245011859
2026-03-04 02:10:00+00:00,0,0.48552075190116145
2026-03-04 02:15:00+00:00,1,0.4835124497217997
2026-03-04 02:20:00+00:00,1,0.504424749169481
2026-03-04 02:25:00+00:00,1,0.5144159407791897
2026-03-04 02:30:00+00:00,1,0.5129297775783519
2026-03-04 02:35:00+00:00,0,0.48562732706490563
2026-03-04 02:40:00+00:00,1,0.49622100157881843
2026-03-04 02:45:00+00:00,0,0.4819676258786624
2026-03-04 02:50:00+00:00,0,0.4759059236803459
2026-03-04 02:55:00+00:00,0,0.4796187255299377
2026-03-04 03:00:00+00:00,0,0.5022884306155648
2026-03-04 03:05:00+00:00,0,0.5057871282024365
2026-03-04 03:10:00+00:00,0,0.49628533466645525
2026-03-04 03:15:00+00:00,0,0.4984766165597073
2026-03-04 03:20:00+00:00,0,0.517659377483379
2026-03-04 03:25:00+00:00,1,0.5282477350833641
2026-03-04 03:30:00+00:00,1,0.5431415598497297
2026-03-04 03:35:00+00:00,1,0.5257444839556048
2026-03-04 03:40:00+00:00,1,0.5304777676879068
2026-03-04 03:45:00+00:00,1,0.5240263657450891
2026-03-04 03:50:00+00:00,0,0.5219888306604279
2026-03-04 03:55:00+00:00,0,0.5034949139691886
2026-03-04 04:00:00+00:00,0,0.5144763086384474
2026-03-04 04:05:00+00:00,0,0.5083343282529187
2026-03-04 04:10:00+00:00,0,0.5137093626825885
2026-03-04 04:15:00+00:00,1,0.515455971769532
2026-03-04 04:20:00+00:00,1,0.5229466468228724
2026-03-04 04:25:00+00:00,1,0.516156609133562
2026-03-04 04:30:00+00:00,1,0.5169029148209865
2026-03-04 04:35:00+00:00,1,0.5171936960770389
2026-03-04 04:40:00+00:00,1,0.5066891286763279
2026-03-04 04:45:00+00:00,1,0.49964245200378554
2026-03-04 04:50:00+00:00,0,0.49547161487670355
2026-03-04 04:55:00+00:00,0,0.5029868248976904
2026-03-04 05:00:00+00:00,0,0.504367350827588
2026-03-04 05:05:00+00:00,1,0.5073588582787858
2026-03-04 05:10:00+00:00,1,0.4942545376465492
2026-03-04 05:15:00+00:00,1,0.4978883894798051
2026-03-04 05:20:00+00:00,1,0.4992675436386966
2026-03-04 05:25:00+00:00,1,0.5111878662256224
2026-03-04 05:30:00+00:00,1,0.5122175174527491
2026-03-04 05:35:00+00:00,0,0.481177313654807
2026-03-04 05:40:00+00:00,0,0.4712552854521001
2026-03-04 05:45:00+00:00,0,0.4785481146129062
2026-03-04 05:50:00+00:00,0,0.47213109460799857
2026-03-04 05:55:00+00:00,0,0.4786989714417718
2026-03-04 06:00:00+00:00,1,0.4884844065282475
2026-03-04 06:05:00+00:00,1,0.5014383893998887
2026-03-04 06:10:00+00:00,1,0.5061771647591633
2026-03-04 06:15:00+00:00,1,0.5092603224664033
2026-03-04 06:20:00+00:00,1,0.5108703989559543
2026-03-04 06:25:00+00:00,1,0.5122677853318198
2026-03-04 06:30:00+00:00,0,0.4687897911562937
2026-03-04 06:35:00+00:00,0,0.4683708951301417
2026-03-04 06:40:00+00:00,0,0.46976278278472633
2026-03-04 06:45:00+00:00,0,0.4696322505388005
2026-03-04 06:50:00+00:00,0,0.48248880791711835
2026-03-04 06:55:00+00:00,1,0.48233117393340535
2026-03-04 07:00:00+00:00,1,0.48751230814539837
2026-03-04 07:05:00+00:00,1,0.48177607543271633
2026-03-04 07:10:00+00:00,1,0.5006083618254835
2026-03-04 07:15:00+00:00,1,0.48911385014476877
2026-03-04 07:20:00+00:00,1,0.48268974115995816
2026-03-04 07:25:00+00:00,1,0.4668729543517361
2026-03-04 07:30:00+00:00,1,0.46777603389839595
2026-03-04 07:35:00+00:00,1,0.47004083846018546
2026-03-04 07:40:00+00:00,1,0.46727307334245616
2026-03-04 07:45:00+00:00,1,0.4689165614630111
2026-03-04 07:50:00+00:00,1,0.47052260821224673
2026-03-04 07:55:00+00:00,0,0.4678878716770803
2026-03-04 08:00:00+00:00,1,0.47125418996329593
2026-03-04 08:05:00+00:00,0,0.4655077939898
2026-03-04 08:10:00+00:00,1,0.4708180398527229
2026-03-04 08:15:00+00:00,1,0.4692613405352235
2026-03-04 08:20:00+00:00,1,0.47210564994461734
2026-03-04 08:25:00+00:00,1,0.47838982329752217
2026-03-04 08:30:00+00:00,1,0.47000905326698916
2026-03-04 08:35:00+00:00,1,0.47260919855757794
2026-03-04 08:40:00+00:00,1,0.4648655971725994
2026-03-04 08:45:00+00:00,1,0.5209173667896391
2026-03-04 08:50:00+00:00,1,0.522398397908334
2026-03-04 08:55:00+00:00,1,0.5701530687425407
2026-03-04 09:00:00+00:00,1,0.5195200657246019
2026-03-04 09:05:00+00:00,1,0.5283296909287787
2026-03-04 09:10:00+00:00,1,0.5338696155356636
2026-03-04 09:15:00+00:00,1,0.561429052357346
2026-03-04 09:20:00+00:00,0,0.5446601813640952
2026-03-04 09:25:00+00:00,0,0.5579184705675269
2026-03-04 09:30:00+00:00,0,0.5500196478115982
2026-03-04 09:35:00+00:00,0,0.5457503295710965
2026-03-04 09:40:00+00:00,0,0.5334841348218798
2026-03-04 09:45:00+00:00,0,0.529787848324347
2026-03-04 09:50:00+00:00,0,0.4970956095425935
2026-03-04 09:55:00+00:00,0,0.47992290017801403
2026-03-04 10:00:00+00:00,0,0.48083036292410564
2026-03-04 10:05:00+00:00,0,0.4746305662883987
2026-03-04 10:10:00+00:00,0,0.483766654587479
2026-03-04 10:15:00+00:00,0,0.4886030277081001
2026-03-04 10:20:00+00:00,0,0.5030113971493575
2026-03-04 10:25:00+00:00,0,0.4970414508698913
2026-03-04 10:30:00+00:00,1,0.5204005292224625
2026-03-04 10:35:00+00:00,1,0.516645020343404
2026-03-04 10:40:00+00:00,1,0.5158420827387674
2026-03-04 10:45:00+00:00,1,0.5144183141202577
2026-03-04 10:50:00+00:00,1,0.5169199658446918
2026-03-04 10:55:00+00:00,1,0.5034311308739078
2026-03-04 11:00:00+00:00,0,0.5071451955026127
2026-03-04 11:05:00+00:00,0,0.5063337322900943
2026-03-04 11:10:00+00:00,0,0.5012606693408362
2026-03-04 11:15:00+00:00,0,0.4988366827203442
2026-03-04 11:20:00+00:00,0,0.5065886281657882
2026-03-04 11:25:00+00:00,0,0.5087546871127537
2026-03-04 11:30:00+00:00,0,0.513663861972684
2026-03-04 11:35:00+00:00,1,0.5246040819282203
2026-03-04 11:40:00+00:00,1,0.5166355495043247
2026-03-04 11:45:00+00:00,0,0.5192263162166733
2026-03-04 11:50:00+00:00,0,0.5113401304557412
2026-03-04 11:55:00+00:00,0,0.5083504343526651
2026-03-04 12:00:00+00:00,0,0.500287002281865
2026-03-04 12:05:00+00:00,0,0.5058564637399895
2026-03-04 12:10:00+00:00,0,0.50389321209525
2026-03-04 12:15:00+00:00,1,0.518452393673511
2026-03-04 12:20:00+00:00,1,0.5174925911009106
2026-03-04 12:25:00+00:00,1,0.5169682979391678
2026-03-04 12:30:00+00:00,1,0.5167407928571081
2026-03-04 12:35:00+00:00,1,0.5119180470054001
2026-03-04 12:40:00+00:00,1,0.504385877182907
2026-03-04 12:45:00+00:00,1,0.49914427953545076
2026-03-04 12:50:00+00:00,1,0.503178236024706
2026-03-04 12:55:00+00:00,1,0.5013815198720223
2026-03-04 13:00:00+00:00,1,0.48969489763964424
2026-03-04 13:05:00+00:00,1,0.47695615297567373
2026-03-04 13:10:00+00:00,1,0.4773479590857787
2026-03-04 13:15:00+00:00,1,0.4760062023514039
2026-03-04 13:20:00+00:00,1,0.4700561040043264
2026-03-04 13:25:00+00:00,1,0.46768079991806377
2026-03-04 13:30:00+00:00,1,0.4640272239652949
2026-03-04 13:35:00+00:00,1,0.46523963352173114
2026-03-04 13:40:00+00:00,1,0.4669352126038049
2026-03-04 13:45:00+00:00,1,0.4719629207108095
2026-03-04 13:50:00+00:00,1,0.4721647718736
2026-03-04 13:55:00+00:00,1,0.46881632223917463
2026-03-04 14:00:00+00:00,1,0.47173140145597836
2026-03-04 14:05:00+00:00,1,0.47153698976607783
2026-03-04 14:10:00+00:00,0,0.46837416173077184
2026-03-04 14:15:00+00:00,0,0.47234505153696515
2026-03-04 14:20:00+00:00,0,0.47701846997265496
2026-03-04 14:25:00+00:00,0,0.4699195704676523
2026-03-04 14:30:00+00:00,0,0.4814175847673987
2026-03-04 14:35:00+00:00,0,0.48071004603317924
2026-03-04 14:40:00+00:00,1,0.4858118855289482
2026-03-04 14:45:00+00:00,1,0.4902901243636267
2026-03-04 14:50:00+00:00,1,0.4865609027916191
2026-03-04 14:55:00+00:00,1,0.492246372443932
2026-03-04 15:00:00+00:00,1,0.47875140676002753
2026-03-04 15:05:00+00:00,1,0.47154928773225063
2026-03-04 15:10:00+00:00,1,0.4842214610252155
2026-03-04 15:15:00+00:00,1,0.47379612127177184
2026-03-04 15:20:00+00:00,1,0.47204177852261553
2026-03-04 15:25:00+00:00,1,0.5182940309381845
2026-03-04 15:30:00+00:00,1,0.5000640572867117
2026-03-04 15:35:00+00:00,1,0.5031510513508026
2026-03-04 15:40:00+00:00,0,0.47607317196758514
2026-03-04 15:45:00+00:00,0,0.47764117193864064
2026-03-04 15:50:00+00:00,0,0.5036650953209622
2026-03-04 15:55:00+00:00,0,0.5562607920117459
2026-03-04 16:00:00+00:00,0,0.5328286744769725
2026-03-04 16:05:00+00:00,1,0.4835707762895284
2026-03-04 16:10:00+00:00,1,0.4905425554786615
2026-03-04 16:15:00+00:00,1,0.4820430740162437
2026-03-04 16:20:00+00:00,1,0.48979095565282743
2026-03-04 16:25:00+00:00,1,0.48582162675410373
2026-03-04 16:30:00+00:00,1,0.4844843782567363
2026-03-04 16:35:00+00:00,1,0.484641459963102
2026-03-04 16:40:00+00:00,1,0.48780950800611467
2026-03-04 16:45:00+00:00,1,0.48672981028514173
2026-03-04 16:50:00+00:00,0,0.48003333926611624
2026-03-04 16:55:00+00:00,0,0.48039849051241185
2026-03-04 17:00:00+00:00,0,0.48054456198094847
2026-03-04 17:05:00+00:00,1,0.4872558158636315
2026-03-04 17:10:00+00:00,0,0.47953077355769436
2026-03-04 17:15:00+00:00,1,0.4875258307058305
2026-03-04 17:20:00+00:00,1,0.5252080803619814
2026-03-04 17:25:00+00:00,1,0.517794392651285
2026-03-04 17:30:00+00:00,1,0.4992552843704435
2026-03-04 17:35:00+00:00,0,0.4869348354121712
2026-03-04 17:40:00+00:00,0,0.4924385029930688
2026-03-04 17:45:00+00:00,1,0.4800772141598937
2026-03-04 17:50:00+00:00,1,0.48697776863369274
2026-03-04 17:55:00+00:00,1,0.4982614057100395
2026-03-04 18:00:00+00:00,1,0.4791271629650072
2026-03-04 18:05:00+00:00,0,0.48066641134977334
2026-03-04 18:10:00+00:00,1,0.5091000462547806
2026-03-04 18:15:00+00:00,1,0.47446883934641804
2026-03-04 18:20:00+00:00,1,0.4764407346648804
2026-03-04 18:25:00+00:00,1,0.4754124164302329
2026-03-04 18:30:00+00:00,1,0.4804643819130685
2026-03-04 18:35:00+00:00,1,0.4884859986407097
2026-03-04 18:40:00+00:00,1,0.4732506050468743
2026-03-04 18:45:00+00:00,1,0.4732909716379132
2026-03-04 18:50:00+00:00,1,0.4726054072477147
2026-03-04 18:55:00+00:00,1,0.47227125945464465
2026-03-04 19:00:00+00:00,0,0.4720790540153763
2026-03-04 19:05:00+00:00,1,0.4743985938219744
2026-03-04 19:10:00+00:00,1,0.47214898357267404
2026-03-04 19:15:00+00:00,0,0.4749654031313408
2026-03-04 19:20:00+00:00,1,0.481127295472502
2026-03-04 19:25:00+00:00,0,0.47341090781820394
2026-03-04 19:30:00+00:00,1,0.4792389399307528
2026-03-04 19:35:00+00:00,0,0.47331699567689556
2026-03-04 19:40:00+00:00,0,0.47614230503367316
2026-03-04 19:45:00+00:00,0,0.47951132207770814
2026-03-04 19:50:00+00:00,0,0.47713568778915416
2026-03-04 19:55:00+00:00,1,0.4825193544490996
2026-03-04 20:00:00+00:00,1,0.4839269018161999
2026-03-04 20:05:00+00:00,1,0.5149197992250468
2026-03-04 20:10:00+00:00,1,0.4972741451297402
2026-03-04 20:15:00+00:00,1,0.48897786153423745
2026-03-04 20:20:00+00:00,0,0.4879942069333953
2026-03-04 20:25:00+00:00,0,0.4830303129687463
2026-03-04 20:30:00+00:00,0,0.4893320772546785
2026-03-04 20:35:00+00:00,0,0.49520008789220576
2026-03-04 20:40:00+00:00,0,0.49247439606008786
2026-03-04 20:45:00+00:00,0,0.5094235425660653
2026-03-04 20:50:00+00:00,0,0.5211564381331647
2026-03-04 20:55:00+00:00,0,0.5165748678387263
2026-03-04 21:00:00+00:00,0,0.5253151168697648
2026-03-04 21:05:00+00:00,1,0.5220076037216113
2026-03-04 21:10:00+00:00,1,0.5228957874592832
2026-03-04 21:15:00+00:00,1,0.5169491264301226
2026-03-04 21:20:00+00:00,1,0.5143105542146185
2026-03-04 21:25:00+00:00,1,0.509771617941475
2026-03-04 21:30:00+00:00,1,0.5132434373056217
2026-03-04 21:35:00+00:00,1,0.5075100214397327
2026-03-04 21:40:00+00:00,1,0.5126506293592161
2026-03-04 21:45:00+00:00,0,0.5112937148568215
2026-03-04 21:50:00+00:00,1,0.5157227867164451
2026-03-04 21:55:00+00:00,0,0.510229068390633
2026-03-04 22:00:00+00:00,0,0.49773077128541987
2026-03-04 22:05:00+00:00,0,0.4962865847685314
2026-03-04 22:10:00+00:00,0,0.509088261857795
2026-03-04 22:15:00+00:00,0,0.5135376845474853
2026-03-04 22:20:00+00:00,0,0.5070620729292828
2026-03-04 22:25:00+00:00,0,0.5167634792107946
2026-03-04 22:30:00+00:00,0,0.5189561709902468
2026-03-04 22:35:00+00:00,0,0.5219292049107601
2026-03-04 22:40:00+00:00,0,0.5267583576966479
2026-03-04 22:45:00+00:00,0,0.5210469819144015
2026-03-04 22:50:00+00:00,0,0.5263626374732092
2026-03-04 22:55:00+00:00,0,0.525455061078961
2026-03-04 23:00:00+00:00,0,0.5266624174938638
2026-03-04 23:05:00+00:00,0,0.5222060759367537
2026-03-04 23:10:00+00:00,0,0.5150950531168735
2026-03-04 23:15:00+00:00,0,0.5180287386331887
2026-03-04 23:20:00+00:00,0,0.520923805718334
2026-03-04 23:25:00+00:00,1,0.5220225780517767
2026-03-04 23:30:00+00:00,1,0.5324200153941584
2026-03-04 23:35:00+00:00,0,0.5167310234437883
2026-03-04 23:40:00+00:00,0,0.5132894654075328
2026-03-04 23:45:00+00:00,0,0.5124362637090665
2026-03-04 23:50:00+00:00,0,0.5134937651552633
2026-03-04 23:55:00+00:00,0,0.5102502784461421
2026-03-05 00:00:00+00:00,0,0.5174663425159042
2026-03-05 00:05:00+00:00,0,0.5207664778983643
2026-03-05 00:10:00+00:00,0,0.5139531807246491
2026-03-05 00:15:00+00:00,0,0.5115078896677083
2026-03-05 00:20:00+00:00,0,0.5142132760481088
2026-03-05 00:25:00+00:00,0,0.5176113436406393
2026-03-05 00:30:00+00:00,0,0.5160319407454483
2026-03-05 00:35:00+00:00,1,0.5189501740311028
2026-03-05 00:40:00+00:00,1,0.510353541198456
2026-03-05 00:45:00+00:00,1,0.5062793552659511
2026-03-05 00:50:00+00:00,1,0.5115797705929606
2026-03-05 00:55:00+00:00,1,0.5133525590587129
2026-03-05 01:00:00+00:00,1,0.5147801938544776
2026-03-05 01:05:00+00:00,0,0.5045653881246592
2026-03-05 01:10:00+00:00,0,0.49043876687859406
2026-03-05 01:15:00+00:00,0,0.5098009011648182
2026-03-05 01:20:00+00:00,0,0.5115716215572123
2026-03-05 01:25:00+00:00,0,0.5094309548640906
2026-03-05 01:30:00+00:00,1,0.5122682024175075
2026-03-05 01:35:00+00:00,1,0.5158079938479648
2026-03-05 01:40:00+00:00,1,0.5165313551314926
2026-03-05 01:45:00+00:00,1,0.5168981204661185
2026-03-05 01:50:00+00:00,1,0.5165767179870229
2026-03-05 01:55:00+00:00,1,0.5156447495117614
2026-03-05 02:00:00+00:00,0,0.5108893770438169
2026-03-05 02:05:00+00:00,0,0.48218344950805864
2026-03-05 02:10:00+00:00,0,0.47330635939729
2026-03-05 02:15:00+00:00,0,0.4797435502625655
2026-03-05 02:20:00+00:00,0,0.5000533114200608
2026-03-05 02:25:00+00:00,0,0.5040515451262936
2026-03-05 02:30:00+00:00,1,0.5197132485728343
2026-03-05 02:35:00+00:00,1,0.5178276591922668
2026-03-05 02:40:00+00:00,1,0.5150455639733021
2026-03-05 02:45:00+00:00,0,0.5113333889392631
2026-03-05 02:50:00+00:00,1,0.5140236723876764
2026-03-05 02:55:00+00:00,0,0.5051397551265907
2026-03-05 03:00:00+00:00,0,0.48381946228363354
2026-03-05 03:05:00+00:00,0,0.48705960900527756
2026-03-05 03:10:00+00:00,0,0.4952550462941677
2026-03-05 03:15:00+00:00,0,0.5086563478933861
2026-03-05 03:20:00+00:00,0,0.5052567008844401
2026-03-05 03:25:00+00:00,1,0.5139043181811194
2026-03-05 03:30:00+00:00,1,0.5105207483187513
2026-03-05 03:35:00+00:00,1,0.5065844860806932
2026-03-05 03:40:00+00:00,1,0.5207510255953209
2026-03-05 03:45:00+00:00,1,0.5151952816332943
2026-03-05 03:50:00+00:00,1,0.5100611834417973
2026-03-05 03:55:00+00:00,1,0.5108381717465862
2026-03-05 04:00:00+00:00,1,0.5074390822494013
2026-03-05 04:05:00+00:00,0,0.48609885753490906
2026-03-05 04:10:00+00:00,1,0.4850093335134857
2026-03-05 04:15:00+00:00,1,0.4800401002630891
2026-03-05 04:20:00+00:00,1,0.4781998457176657
2026-03-05 04:25:00+00:00,1,0.4795377549091288
2026-03-05 04:30:00+00:00,1,0.5148536463672115
2026-03-05 04:35:00+00:00,1,0.49923040328667834
2026-03-05 04:40:00+00:00,0,0.4711584473607096
2026-03-05 04:45:00+00:00,0,0.4702825453992172
2026-03-05 04:50:00+00:00,0,0.48533318870623127
2026-03-05 04:55:00+00:00,0,0.473166012237096
2026-03-05 05:00:00+00:00,0,0.4822134955486589
2026-03-05 05:05:00+00:00,0,0.48027812659124014
2026-03-05 05:10:00+00:00,0,0.4860425355649485
2026-03-05 05:15:00+00:00,0,0.5029180301897422
2026-03-05 05:20:00+00:00,0,0.5073501883825567
2026-03-05 05:25:00+00:00,1,0.5121888272374903
2026-03-05 05:30:00+00:00,1,0.5192071542623498
2026-03-05 05:35:00+00:00,0,0.5204306241890474
2026-03-05 05:40:00+00:00,0,0.5135231325540591
2026-03-05 05:45:00+00:00,1,0.5096568839531678
2026-03-05 05:50:00+00:00,1,0.5098075333982628
2026-03-05 05:55:00+00:00,1,0.5058772487544362
2026-03-05 06:00:00+00:00,1,0.5070185821408373
2026-03-05 06:05:00+00:00,1,0.5170725223977256
2026-03-05 06:10:00+00:00,1,0.5141238367891104
2026-03-05 06:15:00+00:00,1,0.5082367623865484
2026-03-05 06:20:00+00:00,1,0.5046908010022979
2026-03-05 06:25:00+00:00,1,0.5074750595298136
2026-03-05 06:30:00+00:00,1,0.488907857335038
2026-03-05 06:35:00+00:00,1,0.48183727074362165
2026-03-05 06:40:00+00:00,1,0.5052317216008445
2026-03-05 06:45:00+00:00,1,0.47829619350184766
2026-03-05 06:50:00+00:00,0,0.4727414745675839
2026-03-05 06:55:00+00:00,0,0.4732415075667089
2026-03-05 07:00:00+00:00,0,0.4729080630064253
2026-03-05 07:05:00+00:00,0,0.47247141838343754
2026-03-05 07:10:00+00:00,0,0.4699947095720651
2026-03-05 07:15:00+00:00,0,0.47581279623725103
2026-03-05 07:20:00+00:00,0,0.4745979898533685
2026-03-05 07:25:00+00:00,0,0.48186458370635793
2026-03-05 07:30:00+00:00,0,0.4861472438797608
2026-03-05 07:35:00+00:00,0,0.49058138551661234
2026-03-05 07:40:00+00:00,0,0.510127912255632
2026-03-05 07:45:00+00:00,0,0.5043619558219061
2026-03-05 07:50:00+00:00,1,0.5265326997999947
2026-03-05 07:55:00+00:00,0,0.5108371220580518
2026-03-05 08:00:00+00:00,1,0.5166790915627959
2026-03-05 08:05:00+00:00,0,0.5103431543993232
2026-03-05 08:10:00+00:00,1,0.5167221772099033
2026-03-05 08:15:00+00:00,1,0.5029996205757042
2026-03-05 08:20:00+00:00,1,0.5079758991449894
2026-03-05 08:25:00+00:00,1,0.5087704690282744
2026-03-05 08:30:00+00:00,1,0.5021756205322296
2026-03-05 08:35:00+00:00,1,0.5045876014899605
2026-03-05 08:40:00+00:00,1,0.5021020626186178
2026-03-05 08:45:00+00:00,1,0.5075167703041615
2026-03-05 08:50:00+00:00,1,0.5040995831159588
2026-03-05 08:55:00+00:00,1,0.4982680223515795
2026-03-05 09:00:00+00:00,1,0.4808256394521119
2026-03-05 09:05:00+00:00,0,0.4738148097280426
2026-03-05 09:10:00+00:00,0,0.4701560166069653
2026-03-05 09:15:00+00:00,0,0.47214919963283647
2026-03-05 09:20:00+00:00,0,0.47123530604467356
2026-03-05 09:25:00+00:00,0,0.4726663089534405
2026-03-05 09:30:00+00:00,0,0.47205420006673277
2026-03-05 09:35:00+00:00,1,0.47704964306505815
2026-03-05 09:40:00+00:00,1,0.4760726621805642
2026-03-05 09:45:00+00:00,0,0.4770191477093948
2026-03-05 09:50:00+00:00,1,0.47736104469594587
2026-03-05 09:55:00+00:00,1,0.47709419755140386
2026-03-05 10:00:00+00:00,1,0.478723101756253
2026-03-05 10:05:00+00:00,1,0.4742075769655155
2026-03-05 10:10:00+00:00,1,0.4716038694465551
2026-03-05 10:15:00+00:00,1,0.48190096343177213
2026-03-05 10:20:00+00:00,1,0.479272284498941
2026-03-05 10:25:00+00:00,1,0.4685245512432707
2026-03-05 10:30:00+00:00,0,0.4912148444503908
2026-03-05 10:35:00+00:00,0,0.47341150221882533
2026-03-05 10:40:00+00:00,1,0.4734267605267589
2026-03-05 10:45:00+00:00,0,0.47003894375825284
2026-03-05 10:50:00+00:00,0,0.4649874889682585
2026-03-05 10:55:00+00:00,0,0.46865989899511473
2026-03-05 11:00:00+00:00,0,0.46578519373366417
2026-03-05 11:05:00+00:00,0,0.4669266496438375
2026-03-05 11:10:00+00:00,0,0.4693343742988653
2026-03-05 11:15:00+00:00,0,0.47169044326370285
2026-03-05 11:20:00+00:00,0,0.4761828357154669
2026-03-05 11:25:00+00:00,0,0.47028871005458656
2026-03-05 11:30:00+00:00,0,0.4751248761091794
2026-03-05 11:35:00+00:00,1,0.49828082398640405
2026-03-05 11:40:00+00:00,1,0.5027474190856149
2026-03-05 11:45:00+00:00,1,0.4878940943298226
2026-03-05 11:50:00+00:00,1,0.4824439617868063
2026-03-05 11:55:00+00:00,1,0.4806368376894821
2026-03-05 12:00:00+00:00,1,0.48190955512074557
2026-03-05 12:05:00+00:00,1,0.4700911089651412
2026-03-05 12:10:00+00:00,1,0.4781459589112185
2026-03-05 12:15:00+00:00,1,0.46525435399185466
2026-03-05 12:20:00+00:00,1,0.4667059645655869
2026-03-05 12:25:00+00:00,1,0.46871450852124813
2026-03-05 12:30:00+00:00,0,0.47386446375681335
2026-03-05 12:35:00+00:00,0,0.4661403004274543
2026-03-05 12:40:00+00:00,0,0.465235073538372
2026-03-05 12:45:00+00:00,0,0.46524739173744056
2026-03-05 12:50:00+00:00,0,0.46954167620908194
2026-03-05 12:55:00+00:00,0,0.467398506367285
2026-03-05 13:00:00+00:00,0,0.4966860779697764
2026-03-05 13:05:00+00:00,0,0.4843959167977441
2026-03-05 13:10:00+00:00,0,0.5021243304971478
2026-03-05 13:15:00+00:00,0,0.4779936550855851
2026-03-05 13:20:00+00:00,0,0.5042722616170586
2026-03-05 13:25:00+00:00,0,0.5026425715011251
2026-03-05 13:30:00+00:00,1,0.5249726151314666
2026-03-05 13:35:00+00:00,1,0.526337605498894
2026-03-05 13:40:00+00:00,0,0.5175672729972192
2026-03-05 13:45:00+00:00,0,0.5160324570814371
2026-03-05 13:50:00+00:00,0,0.5165963570737719
2026-03-05 13:55:00+00:00,0,0.5081766157676727
2026-03-05 14:00:00+00:00,1,0.5029446375799994
2026-03-05 14:05:00+00:00,1,0.5117757183557772
2026-03-05 14:10:00+00:00,0,0.5038639330311792
2026-03-05 14:15:00+00:00,1,0.5147297253287375
2026-03-05 14:20:00+00:00,1,0.5073243912930896
2026-03-05 14:25:00+00:00,1,0.5091072555862243
2026-03-05 14:30:00+00:00,0,0.4952481384462788
2026-03-05 14:35:00+00:00,0,0.514447133698977
2026-03-05 14:40:00+00:00,0,0.5148770963124893
2026-03-05 14:45:00+00:00,0,0.5069930874814571
2026-03-05 14:50:00+00:00,0,0.4918386376294543
2026-03-05 14:55:00+00:00,0,0.47498365565498213
2026-03-05 15:00:00+00:00,0,0.5086996427031261
2026-03-05 15:05:00+00:00,1,0.5373473693734776
2026-03-05 15:10:00+00:00,0,0.5236935678078651
2026-03-05 15:15:00+00:00,0,0.5185054388433069
2026-03-05 15:20:00+00:00,1,0.5509208299053245
2026-03-05 15:25:00+00:00,1,0.5434655141059599
2026-03-05 15:30:00+00:00,0,0.5251234081211267
2026-03-05 15:35:00+00:00,0,0.5309655378489637
2026-03-05 15:40:00+00:00,0,0.5368833963460861
2026-03-05 15:45:00+00:00,0,0.5154531823925811
2026-03-05 15:50:00+00:00,0,0.5098083785449623
2026-03-05 15:55:00+00:00,0,0.5147021248723671
2026-03-05 16:00:00+00:00,1,0.5181768882628307
2026-03-05 16:05:00+00:00,1,0.6105640384054156
2026-03-05 16:10:00+00:00,1,0.5792161615753186
2026-03-05 16:15:00+00:00,1,0.5618940191295463
2026-03-05 16:20:00+00:00,1,0.5423356206277424
2026-03-05 16:25:00+00:00,1,0.5369790318556169
2026-03-05 16:30:00+00:00,1,0.5041999351448974
2026-03-05 16:35:00+00:00,0,0.4967464210161849
2026-03-05 16:40:00+00:00,0,0.5039074583934497
2026-03-05 16:45:00+00:00,0,0.5112066271186022
2026-03-05 16:50:00+00:00,0,0.5081818314428305
2026-03-05 16:55:00+00:00,0,0.5101078545610362
2026-03-05 17:00:00+00:00,0,0.48784010989451776
2026-03-05 17:05:00+00:00,0,0.5251550447751265
2026-03-05 17:10:00+00:00,0,0.5169614370708547
2026-03-05 17:15:00+00:00,0,0.5197824075013734
2026-03-05 17:20:00+00:00,0,0.5074672929705992
2026-03-05 17:25:00+00:00,0,0.5125660335305234
2026-03-05 17:30:00+00:00,1,0.5175705748970938
2026-03-05 17:35:00+00:00,1,0.5142080418138338
2026-03-05 17:40:00+00:00,1,0.5181871983744202
2026-03-05 17:45:00+00:00,1,0.509582044333348
2026-03-05 17:50:00+00:00,0,0.5018660032004896
2026-03-05 17:55:00+00:00,1,0.5135475258107723
2026-03-05 18:00:00+00:00,1,0.5187169752340864
2026-03-05 18:05:00+00:00,1,0.5120243093954935
2026-03-05 18:10:00+00:00,1,0.512450230978691
2026-03-05 18:15:00+00:00,1,0.5126876800114109
2026-03-05 18:20:00+00:00,1,0.5091085006560836
2026-03-05 18:25:00+00:00,1,0.5064547981752977
2026-03-05 18:30:00+00:00,1,0.48743202527027635
2026-03-05 18:35:00+00:00,1,0.4871268482183257
2026-03-05 18:40:00+00:00,1,0.4836834517890728
2026-03-05 18:45:00+00:00,1,0.4568985925977534
2026-03-05 18:50:00+00:00,1,0.4595591548185673
2026-03-05 18:55:00+00:00,1,0.4652109753872918
2026-03-05 19:00:00+00:00,1,0.46986025743218063
2026-03-05 19:05:00+00:00,0,0.47035782412311283
2026-03-05 19:10:00+00:00,0,0.4959182883866059
2026-03-05 19:15:00+00:00,0,0.47682561594023243
2026-03-05 19:20:00+00:00,0,0.47574204549563687
2026-03-05 19:25:00+00:00,0,0.47468771116732295
2026-03-05 19:30:00+00:00,1,0.4751437228228555
2026-03-05 19:35:00+00:00,1,0.4809741724569748
2026-03-05 19:40:00+00:00,1,0.48067169389382686
2026-03-05 19:45:00+00:00,1,0.4805247201672878
2026-03-05 19:50:00+00:00,1,0.4823198590549703
2026-03-05 19:55:00+00:00,1,0.48154192521388445
2026-03-05 20:00:00+00:00,1,0.47673175675207885
2026-03-05 20:05:00+00:00,1,0.4763912707145077
2026-03-05 20:10:00+00:00,0,0.4756546849440465
2026-03-05 20:15:00+00:00,0,0.47106081654889126
2026-03-05 20:20:00+00:00,0,0.4759451393650431
2026-03-05 20:25:00+00:00,0,0.478447174236243
2026-03-05 20:30:00+00:00,1,0.4824472363875181
2026-03-05 20:35:00+00:00,1,0.48692861364905493
2026-03-05 20:40:00+00:00,1,0.4852249455375491
2026-03-05 20:45:00+00:00,1,0.481598163478047
2026-03-05 20:50:00+00:00,1,0.4928627918515481
2026-03-05 20:55:00+00:00,1,0.4913630635682448
2026-03-05 21:00:00+00:00,0,0.4849658349857609
2026-03-05 21:05:00+00:00,0,0.4857715109070444
2026-03-05 21:10:00+00:00,0,0.47792212715337046
2026-03-05 21:15:00+00:00,0,0.47227878068690804
2026-03-05 21:20:00+00:00,0,0.48396899011444383
2026-03-05 21:25:00+00:00,0,0.48114850750607024
2026-03-05 21:30:00+00:00,0,0.5050585250621258
2026-03-05 21:35:00+00:00,1,0.5200615697591422
2026-03-05 21:40:00+00:00,0,0.518390109066915
2026-03-05 21:45:00+00:00,0,0.5082530447020712
2026-03-05 21:50:00+00:00,1,0.5276228329423563
2026-03-05 21:55:00+00:00,0,0.5151283570859615
2026-03-05 22:00:00+00:00,1,0.5123422991419088
2026-03-05 22:05:00+00:00,1,0.5094362569960349
2026-03-05 22:10:00+00:00,1,0.5181114595348083
2026-03-05 22:15:00+00:00,1,0.5057436877402571
2026-03-05 22:20:00+00:00,1,0.5072502769902995
2026-03-05 22:25:00+00:00,1,0.5141305058512005
2026-03-05 22:30:00+00:00,0,0.504850520640254
2026-03-05 22:35:00+00:00,0,0.5064020375783831
2026-03-05 22:40:00+00:00,0,0.5025106758633656
2026-03-05 22:45:00+00:00,0,0.48565711731981276
2026-03-05 22:50:00+00:00,0,0.4939343038391931
2026-03-05 22:55:00+00:00,0,0.5096841711388682
2026-03-05 23:00:00+00:00,0,0.5132020070040658
2026-03-05 23:05:00+00:00,0,0.5062610538891475
2026-03-05 23:10:00+00:00,0,0.5123934144481771
2026-03-05 23:15:00+00:00,0,0.5085807671343081
2026-03-05 23:20:00+00:00,0,0.5060073984327965
2026-03-05 23:25:00+00:00,0,0.5053962847329326
2026-03-05 23:30:00+00:00,1,0.5133933473667345
2026-03-05 23:35:00+00:00,0,0.5105067008462808
2026-03-05 23:40:00+00:00,1,0.5200491858052214
2026-03-05 23:45:00+00:00,0,0.5222431845592649
2026-03-05 23:50:00+00:00,0,0.5216807845003152
2026-03-05 23:55:00+00:00,0,0.5139333351185863
2026-03-06 00:00:00+00:00,0,0.5125686199954684
2026-03-06 00:05:00+00:00,0,0.5123904391973536
2026-03-06 00:10:00+00:00,0,0.5073312186881883
2026-03-06 00:15:00+00:00,1,0.5188489010149202
2026-03-06 00:20:00+00:00,1,0.5130106690920102
2026-03-06 00:25:00+00:00,1,0.517818614390983
2026-03-06 00:30:00+00:00,1,0.5171508449423273
2026-03-06 00:35:00+00:00,1,0.5150686388397339
2026-03-06 00:40:00+00:00,1,0.5139007222160572
2026-03-06 00:45:00+00:00,1,0.5092132839135216
2026-03-06 00:50:00+00:00,1,0.5096905057419511
2026-03-06 00:55:00+00:00,0,0.5090161502603052
2026-03-06 01:00:00+00:00,1,0.5100466669316069
2026-03-06 01:05:00+00:00,1,0.5077230937806875
2026-03-06 01:10:00+00:00,1,0.5114500043835505
2026-03-06 01:15:00+00:00,1,0.49179260664947216
2026-03-06 01:20:00+00:00,1,0.49384445382257774
2026-03-06 01:25:00+00:00,1,0.5210958514093528
2026-03-06 01:30:00+00:00,0,0.472243456726823
2026-03-06 01:35:00+00:00,0,0.47285133415610847
2026-03-06 01:40:00+00:00,0,0.47053645759987633
2026-03-06 01:45:00+00:00,0,0.4832467903003356
2026-03-06 01:50:00+00:00,0,0.47310083572303835
2026-03-06 01:55:00+00:00,0,0.4770669525697443
2026-03-06 02:00:00+00:00,0,0.4852209591587992
2026-03-06 02:05:00+00:00,0,0.4867746265505171
2026-03-06 02:10:00+00:00,0,0.4781740661436459
2026-03-06 02:15:00+00:00,1,0.5108368902463416
2026-03-06 02:20:00+00:00,1,0.52038450924405
2026-03-06 02:25:00+00:00,0,0.4914978097382766
2026-03-06 02:30:00+00:00,1,0.5130187440089341
2026-03-06 02:35:00+00:00,1,0.5091286552305765
2026-03-06 02:40:00+00:00,0,0.488151090727309
2026-03-06 02:45:00+00:00,0,0.49278287007403615
2026-03-06 02:50:00+00:00,1,0.5102080784779
2026-03-06 02:55:00+00:00,1,0.5034443601453725
2026-03-06 03:00:00+00:00,1,0.4845826189427124
2026-03-06 03:05:00+00:00,0,0.47697242919441796
2026-03-06 03:10:00+00:00,1,0.5117420837887973
2026-03-06 03:15:00+00:00,1,0.5098508433795317
2026-03-06 03:20:00+00:00,1,0.4791181414320637
2026-03-06 03:25:00+00:00,1,0.48938902196057654
2026-03-06 03:30:00+00:00,1,0.4846437125855175
2026-03-06 03:35:00+00:00,1,0.48921635734519237
2026-03-06 03:40:00+00:00,1,0.4901917810413409
2026-03-06 03:45:00+00:00,1,0.48215181579863214
2026-03-06 03:50:00+00:00,1,0.48078130509836975
2026-03-06 03:55:00+00:00,0,0.4715648233590399
2026-03-06 04:00:00+00:00,0,0.4717608838742883
2026-03-06 04:05:00+00:00,0,0.4776422728175576
2026-03-06 04:10:00+00:00,0,0.48446810678688434
2026-03-06 04:15:00+00:00,0,0.4851049117913814
2026-03-06 04:20:00+00:00,0,0.4854939984028141
2026-03-06 04:25:00+00:00,0,0.5131099050053624
2026-03-06 04:30:00+00:00,0,0.4998214621628303
2026-03-06 04:35:00+00:00,0,0.5243409838740133
2026-03-06 04:40:00+00:00,1,0.5265408926381077
2026-03-06 04:45:00+00:00,1,0.5242185528049977
2026-03-06 04:50:00+00:00,1,0.5234959766685758
2026-03-06 04:55:00+00:00,1,0.5174807730721095
2026-03-06 05:00:00+00:00,0,0.5101820186723611
2026-03-06 05:05:00+00:00,0,0.5057063120214765
2026-03-06 05:10:00+00:00,0,0.5056630682827026
2026-03-06 05:15:00+00:00,0,0.4922972298804843
2026-03-06 05:20:00+00:00,0,0.5101372578599508
2026-03-06 05:25:00+00:00,1,0.5104124473947766
2026-03-06 05:30:00+00:00,1,0.513751830505263
2026-03-06 05:35:00+00:00,1,0.5173259422845329
2026-03-06 05:40:00+00:00,1,0.5154136111593639
2026-03-06 05:45:00+00:00,1,0.517716449522634
2026-03-06 05:50:00+00:00,1,0.5086424811683877
2026-03-06 05:55:00+00:00,0,0.49949380002965477
2026-03-06 06:00:00+00:00,0,0.49764164765210156
2026-03-06 06:05:00+00:00,0,0.5076829363364705
2026-03-06 06:10:00+00:00,1,0.5051067494478613
2026-03-06 06:15:00+00:00,1,0.5045252431223384
2026-03-06 06:20:00+00:00,1,0.4940487701830176
2026-03-06 06:25:00+00:00,1,0.4997132325603053
2026-03-06 06:30:00+00:00,1,0.5056731134833294
2026-03-06 06:35:00+00:00,1,0.5056344902776039
2026-03-06 06:40:00+00:00,1,0.49956045495070384
2026-03-06 06:45:00+00:00,1,0.4699337884209024
2026-03-06 06:50:00+00:00,1,0.4823907078479796
2026-03-06 06:55:00+00:00,1,0.4850980929083399
2026-03-06 07:00:00+00:00,1,0.46862740694077437
2026-03-06 07:05:00+00:00,1,0.4852364242249218
2026-03-06 07:10:00+00:00,1,0.4833735369405274
2026-03-06 07:15:00+00:00,1,0.48133841336886546
2026-03-06 07:20:00+00:00,1,0.46932169360652926
2026-03-06 07:25:00+00:00,1,0.46778366962108836
2026-03-06 07:30:00+00:00,0,0.470451361110535
2026-03-06 07:35:00+00:00,0,0.4690151012618487
2026-03-06 07:40:00+00:00,0,0.46853391215165924
2026-03-06 07:45:00+00:00,0,0.46889424375450955
2026-03-06 07:50:00+00:00,0,0.46732534321774055
2026-03-06 07:55:00+00:00,0,0.47074738870114213
2026-03-06 08:00:00+00:00,0,0.4705547969582694
2026-03-06 08:05:00+00:00,0,0.4767722880054536
2026-03-06 08:10:00+00:00,0,0.47816964771826737
2026-03-06 08:15:00+00:00,0,0.4770248037591407
2026-03-06 08:20:00+00:00,0,0.482140100701833
2026-03-06 08:25:00+00:00,0,0.48631550332011986
2026-03-06 08:30:00+00:00,0,0.5000965384377901
2026-03-06 08:35:00+00:00,0,0.5062567998354682
2026-03-06 08:40:00+00:00,0,0.5069132100344661
2026-03-06 08:45:00+00:00,0,0.5056148256614619
2026-03-06 08:50:00+00:00,0,0.5143793099362287
2026-03-06 08:55:00+00:00,0,0.5122064479911985
2026-03-06 09:00:00+00:00,0,0.5102130777180919
2026-03-06 09:05:00+00:00,0,0.5169925992610479
2026-03-06 09:10:00+00:00,0,0.5307199504121756
2026-03-06 09:15:00+00:00,0,0.5288758688473212
2026-03-06 09:20:00+00:00,0,0.516423560870582
2026-03-06 09:25:00+00:00,1,0.5204668943195918
2026-03-06 09:30:00+00:00,1,0.5203501234207483
2026-03-06 09:35:00+00:00,1,0.5123130382256971
2026-03-06 09:40:00+00:00,1,0.502415973260467
2026-03-06 09:45:00+00:00,1,0.506509433412414
2026-03-06 09:50:00+00:00,1,0.49899109069402725
2026-03-06 09:55:00+00:00,1,0.49107959213274766
2026-03-06 10:00:00+00:00,1,0.4969582733312209
2026-03-06 10:05:00+00:00,0,0.4971103137358169
2026-03-06 10:10:00+00:00,0,0.4941527475836673
2026-03-06 10:15:00+00:00,0,0.5009750797973825
2026-03-06 10:20:00+00:00,0,0.4896165204862356
2026-03-06 10:25:00+00:00,0,0.48880105165850424
2026-03-06 10:30:00+00:00,0,0.5051582288314159
2026-03-06 10:35:00+00:00,0,0.5056959907924394
2026-03-06 10:40:00+00:00,0,0.5003826226563527
2026-03-06 10:45:00+00:00,0,0.5025533708014105
2026-03-06 10:50:00+00:00,0,0.503779382125077
2026-03-06 10:55:00+00:00,0,0.5037730360625484
2026-03-06 11:00:00+00:00,1,0.5103697138397002
2026-03-06 11:05:00+00:00,1,0.5075408501966776
2026-03-06 11:10:00+00:00,0,0.4950333532455379
2026-03-06 11:15:00+00:00,0,0.5054460340347278
2026-03-06 11:20:00+00:00,0,0.5082801118032806
2026-03-06 11:25:00+00:00,0,0.49275711630014524
2026-03-06 11:30:00+00:00,0,0.49933318984339453
2026-03-06 11:35:00+00:00,0,0.4992365926824339
2026-03-06 11:40:00+00:00,0,0.5114182252908057
2026-03-06 11:45:00+00:00,0,0.5129386057886118
2026-03-06 11:50:00+00:00,0,0.5120304071318544
2026-03-06 11:55:00+00:00,0,0.5130582362672129
2026-03-06 12:00:00+00:00,0,0.5228092472404082
2026-03-06 12:05:00+00:00,0,0.5215165584903457
2026-03-06 12:10:00+00:00,0,0.5175605441897608
2026-03-06 12:15:00+00:00,0,0.508699073670226
2026-03-06 12:20:00+00:00,0,0.5045126153719706
2026-03-06 12:25:00+00:00,0,0.5037795238133876
2026-03-06 12:30:00+00:00,1,0.5099378344318725
2026-03-06 12:35:00+00:00,1,0.5137711495071843
2026-03-06 12:40:00+00:00,1,0.5125768058201976
2026-03-06 12:45:00+00:00,1,0.5119996875345587
2026-03-06 12:50:00+00:00,0,0.5078746708142611
2026-03-06 12:55:00+00:00,0,0.5020435370530142
2026-03-06 13:00:00+00:00,1,0.5004840421875866
2026-03-06 13:05:00+00:00,1,0.502273401277234
2026-03-06 13:10:00+00:00,1,0.5029522411294346
2026-03-06 13:15:00+00:00,1,0.4991859540993163
2026-03-06 13:20:00+00:00,0,0.5039712084672251
2026-03-06 13:25:00+00:00,0,0.4984322416554475
2026-03-06 13:30:00+00:00,0,0.4935633572976356
2026-03-06 13:35:00+00:00,0,0.5050232770139321
2026-03-06 13:40:00+00:00,0,0.4939251596971217
2026-03-06 13:45:00+00:00,0,0.4945811744914826
2026-03-06 13:50:00+00:00,0,0.5077176833809552
2026-03-06 13:55:00+00:00,0,0.556292644624974
2026-03-06 14:00:00+00:00,0,0.5343597262571257
2026-03-06 14:05:00+00:00,0,0.5680687334943564
2026-03-06 14:10:00+00:00,0,0.5550968047560042
2026-03-06 14:15:00+00:00,0,0.5443579149180725
2026-03-06 14:20:00+00:00,0,0.5118467102362131
2026-03-06 14:25:00+00:00,0,0.5148726496932196
2026-03-06 14:30:00+00:00,0,0.5158970967043035
2026-03-06 14:35:00+00:00,0,0.5231097772202176
2026-03-06 14:40:00+00:00,0,0.5136851005198867
2026-03-06 14:45:00+00:00,1,0.5174029945798218
2026-03-06 14:50:00+00:00,1,0.5171665338062726
2026-03-06 14:55:00+00:00,1,0.5123440116184935
2026-03-06 15:00:00+00:00,1,0.5024255381649412
2026-03-06 15:05:00+00:00,1,0.5109626793408868
2026-03-06 15:10:00+00:00,0,0.49824823006023644
2026-03-06 15:15:00+00:00,0,0.4973398366579736
2026-03-06 15:20:00+00:00,0,0.49585717988948635
2026-03-06 15:25:00+00:00,0,0.5004935160551974
2026-03-06 15:30:00+00:00,0,0.5006632744816345
2026-03-06 15:35:00+00:00,0,0.4989614338676131
2026-03-06 15:40:00+00:00,0,0.510969796009574
2026-03-06 15:45:00+00:00,0,0.5109933087744096
2026-03-06 15:50:00+00:00,1,0.5124157014881975
2026-03-06 15:55:00+00:00,0,0.5066233619561519
2026-03-06 16:00:00+00:00,0,0.5011905387689302
2026-03-06 16:05:00+00:00,1,0.5082175864956429
2026-03-06 16:10:00+00:00,1,0.5071769980189104
2026-03-06 16:15:00+00:00,1,0.5002239962371726
2026-03-06 16:20:00+00:00,1,0.5050319998518229
2026-03-06 16:25:00+00:00,1,0.5058988016863207
2026-03-06 16:30:00+00:00,1,0.49792280448530324
2026-03-06 16:35:00+00:00,0,0.46555364597543203
2026-03-06 16:40:00+00:00,0,0.4729651206932646
2026-03-06 16:45:00+00:00,0,0.4691396008351205
2026-03-06 16:50:00+00:00,1,0.5068722294680255
2026-03-06 16:55:00+00:00,0,0.500657837991547
2026-03-06 17:00:00+00:00,0,0.50478939243238
2026-03-06 17:05:00+00:00,0,0.5070737367599698
2026-03-06 17:10:00+00:00,0,0.508075628736169
2026-03-06 17:15:00+00:00,0,0.5015032992283214
2026-03-06 17:20:00+00:00,0,0.5054578125839826
2026-03-06 17:25:00+00:00,0,0.5103402671818941
2026-03-06 17:30:00+00:00,1,0.509381842683836
2026-03-06 17:35:00+00:00,1,0.5179349298447676
2026-03-06 17:40:00+00:00,1,0.5127896570749219
2026-03-06 17:45:00+00:00,1,0.508588294292452
2026-03-06 17:50:00+00:00,1,0.5124522518360337
2026-03-06 17:55:00+00:00,1,0.511722176856922
2026-03-06 18:00:00+00:00,1,0.504323483087032
2026-03-06 18:05:00+00:00,1,0.5035568854647451
2026-03-06 18:10:00+00:00,1,0.4759911501362566
2026-03-06 18:15:00+00:00,1,0.4841758125405915
2026-03-06 18:20:00+00:00,1,0.4802813415397334
2026-03-06 18:25:00+00:00,1,0.49787943746348684
2026-03-06 18:30:00+00:00,1,0.4673457580844772
2026-03-06 18:35:00+00:00,1,0.4756752519501131
2026-03-06 18:40:00+00:00,1,0.47198377415362264
2026-03-06 18:45:00+00:00,1,0.4680461652466243
2026-03-06 18:50:00+00:00,1,0.47915038069688665
2026-03-06 18:55:00+00:00,1,0.4856576786705459
2026-03-06 19:00:00+00:00,1,0.4804644858757106
2026-03-06 19:05:00+00:00,0,0.47912022359995204
2026-03-06 19:10:00+00:00,0,0.4773941057141152
2026-03-06 19:15:00+00:00,0,0.4781124690087774
2026-03-06 19:20:00+00:00,0,0.48407167653668476
2026-03-06 19:25:00+00:00,1,0.48542098547374174
2026-03-06 19:30:00+00:00,1,0.48476955143138206
2026-03-06 19:35:00+00:00,1,0.48802933999686543
2026-03-06 19:40:00+00:00,1,0.4876625848882957
2026-03-06 19:45:00+00:00,0,0.4878535285404126
2026-03-06 19:50:00+00:00,0,0.4907535931234256
2026-03-06 19:55:00+00:00,0,0.4804355679155983
2026-03-06 20:00:00+00:00,0,0.48357136599398537
2026-03-06 20:05:00+00:00,0,0.4898636188789974
2026-03-06 20:10:00+00:00,0,0.49407889963282775
2026-03-06 20:15:00+00:00,1,0.5160623618156318
2026-03-06 20:20:00+00:00,1,0.5219840473903582
2026-03-06 20:25:00+00:00,1,0.5275964483728903
2026-03-06 20:30:00+00:00,1,0.5242233468434822
2026-03-06 20:35:00+00:00,1,0.5226933300474979
2026-03-06 20:40:00+00:00,0,0.5161950840095672
2026-03-06 20:45:00+00:00,0,0.5116548555674444
2026-03-06 20:50:00+00:00,0,0.5087636833166438
2026-03-06 20:55:00+00:00,0,0.5145064842621954
2026-03-06 21:00:00+00:00,0,0.5136543486321964
2026-03-06 21:05:00+00:00,0,0.5134266520484138
2026-03-06 21:10:00+00:00,1,0.5182171450003642
2026-03-06 21:15:00+00:00,1,0.5165536935533461
2026-03-06 21:20:00+00:00,1,0.5208991805554036
2026-03-06 21:25:00+00:00,1,0.5158216866388202
2026-03-06 21:30:00+00:00,1,0.5167575731981002
2026-03-06 21:35:00+00:00,1,0.5151358659081414
2026-03-06 21:40:00+00:00,1,0.5112040010830887
2026-03-06 21:45:00+00:00,1,0.5118100024152492
2026-03-06 21:50:00+00:00,1,0.5158664958937627
2026-03-06 21:55:00+00:00,1,0.5087142667294624
2026-03-06 22:00:00+00:00,1,0.48889213223320227
2026-03-06 22:05:00+00:00,1,0.5051458283974342
2026-03-06 22:10:00+00:00,1,0.5043920411050447
2026-03-06 22:15:00+00:00,1,0.48809397067601085
2026-03-06 22:20:00+00:00,1,0.4912665318260793
2026-03-06 22:25:00+00:00,1,0.5062149947557343
2026-03-06 22:30:00+00:00,0,0.4928518296378766
2026-03-06 22:35:00+00:00,1,0.4915712646060364
2026-03-06 22:40:00+00:00,1,0.49480873151989563
2026-03-06 22:45:00+00:00,0,0.4918766858121789
2026-03-06 22:50:00+00:00,0,0.4975356660145414
2026-03-06 22:55:00+00:00,0,0.4975676113228862
2026-03-06 23:00:00+00:00,1,0.49386159293232634
2026-03-06 23:05:00+00:00,0,0.4912635853274289
2026-03-06 23:10:00+00:00,0,0.4975512106786163
2026-03-06 23:15:00+00:00,0,0.4974203851075141
2026-03-06 23:20:00+00:00,0,0.5005153677448005
2026-03-06 23:25:00+00:00,0,0.5074177974184638
2026-03-06 23:30:00+00:00,0,0.5081649850749906
2026-03-06 23:35:00+00:00,1,0.5098011298591814
2026-03-06 23:40:00+00:00,1,0.5179722087985832
2026-03-06 23:45:00+00:00,1,0.5178220635241759
2026-03-06 23:50:00+00:00,1,0.518675105142949
2026-03-06 23:55:00+00:00,1,0.5234236841116167
2026-03-07 00:00:00+00:00,1,0.5238076670743835
2026-03-07 00:05:00+00:00,1,0.49880340706245857
2026-03-07 00:10:00+00:00,1,0.515872608663481
2026-03-07 00:15:00+00:00,1,0.5015279384762448
2026-03-07 00:20:00+00:00,1,0.5113071827190437
2026-03-07 00:25:00+00:00,1,0.5112383427890519
2026-03-07 00:30:00+00:00,0,0.49826707985414753
2026-03-07 00:35:00+00:00,0,0.5011502178429084
2026-03-07 00:40:00+00:00,0,0.4986402525388325
2026-03-07 00:45:00+00:00,0,0.4942693267645701
2026-03-07 00:50:00+00:00,0,0.4867225798733245
2026-03-07 00:55:00+00:00,0,0.5055522310807774
2026-03-07 01:00:00+00:00,0,0.5116389079571532
2026-03-07 01:05:00+00:00,0,0.511411742006082
2026-03-07 01:10:00+00:00,1,0.5185809384786766
2026-03-07 01:15:00+00:00,1,0.5141740942608108
2026-03-07 01:20:00+00:00,1,0.518777081922125
2026-03-07 01:25:00+00:00,0,0.51503937287912
2026-03-07 01:30:00+00:00,0,0.520843909735852
2026-03-07 01:35:00+00:00,0,0.5167011620860632
2026-03-07 01:40:00+00:00,0,0.512213920168594
2026-03-07 01:45:00+00:00,0,0.5240615824016396
2026-03-07 01:50:00+00:00,0,0.5191690358718433
2026-03-07 01:55:00+00:00,0,0.5193636114952634
2026-03-07 02:00:00+00:00,0,0.5230351827984704
2026-03-07 02:05:00+00:00,0,0.5177078643631108
2026-03-07 02:10:00+00:00,0,0.52014251792454
2026-03-07 02:15:00+00:00,0,0.5195520416075282
2026-03-07 02:20:00+00:00,0,0.5218804008729454
2026-03-07 02:25:00+00:00,1,0.5231190299049961
2026-03-07 02:30:00+00:00,1,0.5211810193443248
2026-03-07 02:35:00+00:00,1,0.517777692481923
2026-03-07 02:40:00+00:00,1,0.52043632693971
2026-03-07 02:45:00+00:00,1,0.5170154964166844
2026-03-07 02:50:00+00:00,1,0.5080221082315892
2026-03-07 02:55:00+00:00,1,0.5098978071388173
2026-03-07 03:00:00+00:00,0,0.4836949420028306
2026-03-07 03:05:00+00:00,0,0.4841841078692667
2026-03-07 03:10:00+00:00,0,0.4830757625716604
2026-03-07 03:15:00+00:00,0,0.4939329515295345
2026-03-07 03:20:00+00:00,0,0.49918040337373565
2026-03-07 03:25:00+00:00,0,0.5091305060272102
2026-03-07 03:30:00+00:00,0,0.5155149967475345
2026-03-07 03:35:00+00:00,0,0.5144426576584089
2026-03-07 03:40:00+00:00,0,0.5178056675163691
2026-03-07 03:45:00+00:00,0,0.5114980223643867
2026-03-07 03:50:00+00:00,0,0.5171465303621628
2026-03-07 03:55:00+00:00,1,0.5128087132706536
2026-03-07 04:00:00+00:00,1,0.5247567499256314
2026-03-07 04:05:00+00:00,1,0.5029167178487298
2026-03-07 04:10:00+00:00,1,0.4906990859744351
2026-03-07 04:15:00+00:00,1,0.4812218420106747
2026-03-07 04:20:00+00:00,1,0.487790222997081
2026-03-07 04:25:00+00:00,1,0.47860338043879724
2026-03-07 04:30:00+00:00,1,0.49656494755603037
2026-03-07 04:35:00+00:00,0,0.47956013238700756
2026-03-07 04:40:00+00:00,0,0.4861034545775183
2026-03-07 04:45:00+00:00,0,0.48884309613148846
2026-03-07 04:50:00+00:00,0,0.48989209128250083
2026-03-07 04:55:00+00:00,0,0.49353435703307663
2026-03-07 05:00:00+00:00,0,0.48192136344359143
2026-03-07 05:05:00+00:00,1,0.5012541675011087
2026-03-07 05:10:00+00:00,1,0.5078563284059724
2026-03-07 05:15:00+00:00,1,0.5029482547025311
2026-03-07 05:20:00+00:00,1,0.4981027636983574
2026-03-07 05:25:00+00:00,1,0.5020910973258009
2026-03-07 05:30:00+00:00,1,0.5092076064827573
2026-03-07 05:35:00+00:00,0,0.48069377364363025
2026-03-07 05:40:00+00:00,0,0.48307745507249156
2026-03-07 05:45:00+00:00,0,0.4941222572719202
2026-03-07 05:50:00+00:00,0,0.4780002272413347
2026-03-07 05:55:00+00:00,0,0.4831028230168254
2026-03-07 06:00:00+00:00,0,0.48056445766111544
2026-03-07 06:05:00+00:00,0,0.48714561376767196
2026-03-07 06:10:00+00:00,1,0.49081102763282525
2026-03-07 06:15:00+00:00,1,0.5142831747756281
2026-03-07 06:20:00+00:00,0,0.5127247567312797
2026-03-07 06:25:00+00:00,0,0.5154730158803575
2026-03-07 06:30:00+00:00,0,0.5182026108513273
2026-03-07 06:35:00+00:00,0,0.5139156802064062
2026-03-07 06:40:00+00:00,0,0.5108424396146218
2026-03-07 06:45:00+00:00,0,0.5144107564780941
2026-03-07 06:50:00+00:00,0,0.5207199527760332
2026-03-07 06:55:00+00:00,0,0.5166250693930632
2026-03-07 07:00:00+00:00,0,0.5130415382501349
2026-03-07 07:05:00+00:00,1,0.5227380612322304
2026-03-07 07:10:00+00:00,1,0.509155153542249
2026-03-07 07:15:00+00:00,1,0.5121940499694128
2026-03-07 07:20:00+00:00,1,0.5050514345841378
2026-03-07 07:25:00+00:00,1,0.5020524592942022
2026-03-07 07:30:00+00:00,1,0.4947388436861634
2026-03-07 07:35:00+00:00,1,0.5082346790757728
2026-03-07 07:40:00+00:00,1,0.5024293879499168
2026-03-07 07:45:00+00:00,1,0.5032174211133699
2026-03-07 07:50:00+00:00,1,0.5027659942861198
2026-03-07 07:55:00+00:00,1,0.49734055330836935
2026-03-07 08:00:00+00:00,1,0.48337925086195516
2026-03-07 08:05:00+00:00,1,0.4940893388538411
2026-03-07 08:10:00+00:00,1,0.48201730454238934
2026-03-07 08:15:00+00:00,1,0.47742079438494067
2026-03-07 08:20:00+00:00,1,0.4770772119695256
2026-03-07 08:25:00+00:00,0,0.47778094757956396
2026-03-07 08:30:00+00:00,0,0.4772453439301152
2026-03-07 08:35:00+00:00,0,0.4764462260697051
2026-03-07 08:40:00+00:00,0,0.4794913088030447
2026-03-07 08:45:00+00:00,1,0.4763972657971188
2026-03-07 08:50:00+00:00,1,0.48171517209647197
2026-03-07 08:55:00+00:00,1,0.4866004467015733
2026-03-07 09:00:00+00:00,1,0.5019025108987595
2026-03-07 09:05:00+00:00,1,0.5027510260835945
2026-03-07 09:10:00+00:00,1,0.4859750516947459
2026-03-07 09:15:00+00:00,1,0.47374217149912695
2026-03-07 09:20:00+00:00,1,0.47767834271770043
2026-03-07 09:25:00+00:00,1,0.48393448144977974
2026-03-07 09:30:00+00:00,1,0.48472520090686455
2026-03-07 09:35:00+00:00,1,0.48524744011557486
2026-03-07 09:40:00+00:00,1,0.48352239534982283
2026-03-07 09:45:00+00:00,0,0.4757936388292371
2026-03-07 09:50:00+00:00,0,0.4805215271284767
2026-03-07 09:55:00+00:00,0,0.4750141478345485
2026-03-07 10:00:00+00:00,0,0.4775095603283273
2026-03-07 10:05:00+00:00,0,0.4810942352486269
2026-03-07 10:10:00+00:00,0,0.4831522098737721
2026-03-07 10:15:00+00:00,1,0.49315174011107193
2026-03-07 10:20:00+00:00,0,0.5085656298724863
2026-03-07 10:25:00+00:00,0,0.5145381793011762
2026-03-07 10:30:00+00:00,0,0.5155041919758221
2026-03-07 10:35:00+00:00,0,0.5025118188776204
2026-03-07 10:40:00+00:00,1,0.49781036938947004
2026-03-07 10:45:00+00:00,0,0.48702224922015774
2026-03-07 10:50:00+00:00,0,0.504375175887787
2026-03-07 10:55:00+00:00,1,0.5076109283645227
2026-03-07 11:00:00+00:00,1,0.5153983041383104
2026-03-07 11:05:00+00:00,1,0.5187751978586598
2026-03-07 11:10:00+00:00,0,0.5056154050121529
2026-03-07 11:15:00+00:00,0,0.5065423649799572
2026-03-07 11:20:00+00:00,1,0.5094504567410745
2026-03-07 11:25:00+00:00,0,0.5036726404173983
2026-03-07 11:30:00+00:00,1,0.5046187340349565
2026-03-07 11:35:00+00:00,0,0.5039730396079373
2026-03-07 11:40:00+00:00,0,0.5022225111431834
2026-03-07 11:45:00+00:00,0,0.4974749225845252
2026-03-07 11:50:00+00:00,0,0.4992476868525813
2026-03-07 11:55:00+00:00,0,0.5045630433499688
2026-03-07 12:00:00+00:00,0,0.4971430493948206
2026-03-07 12:05:00+00:00,0,0.505961566499774
2026-03-07 12:10:00+00:00,0,0.5001458117362101
2026-03-07 12:15:00+00:00,0,0.5059162510080452
2026-03-07 12:20:00+00:00,0,0.495682602509077
2026-03-07 12:25:00+00:00,0,0.5063417413027176
2026-03-07 12:30:00+00:00,0,0.5100759025990225
2026-03-07 12:35:00+00:00,0,0.5086217087463304
2026-03-07 12:40:00+00:00,1,0.5125590177160808
2026-03-07 12:45:00+00:00,1,0.5106396182654039
2026-03-07 12:50:00+00:00,1,0.5127072199537205
2026-03-07 12:55:00+00:00,1,0.5102647123656501
2026-03-07 13:00:00+00:00,0,0.5056680366127879
2026-03-07 13:05:00+00:00,0,0.5095080883065394
2026-03-07 13:10:00+00:00,0,0.5019315076634695
2026-03-07 13:15:00+00:00,1,0.5087557961613168
2026-03-07 13:20:00+00:00,1,0.5052864696094961
2026-03-07 13:25:00+00:00,1,0.5075257460734682
2026-03-07 13:30:00+00:00,0,0.5044602361933832
2026-03-07 13:35:00+00:00,0,0.5110421893382362
2026-03-07 13:40:00+00:00,0,0.5050073833345395
2026-03-07 13:45:00+00:00,0,0.503094611570656
2026-03-07 13:50:00+00:00,0,0.5086867384045587
2026-03-07 13:55:00+00:00,0,0.5047231731209987
2026-03-07 14:00:00+00:00,1,0.5202927639308491
2026-03-07 14:05:00+00:00,1,0.5283032589726389
2026-03-07 14:10:00+00:00,1,0.518273085285797
2026-03-07 14:15:00+00:00,1,0.5172308206700186
2026-03-07 14:20:00+00:00,1,0.5132226292188151
2026-03-07 14:25:00+00:00,1,0.5045203964341737
2026-03-07 14:30:00+00:00,1,0.4983236798151428
2026-03-07 14:35:00+00:00,0,0.4710453042290812
2026-03-07 14:40:00+00:00,0,0.4871396108890798
2026-03-07 14:45:00+00:00,0,0.4862185266596752
2026-03-07 14:50:00+00:00,0,0.4850526092141174
2026-03-07 14:55:00+00:00,0,0.49432320016690257
2026-03-07 15:00:00+00:00,0,0.5050111724912324
2026-03-07 15:05:00+00:00,0,0.48658416565884294
2026-03-07 15:10:00+00:00,0,0.49813653241638983
2026-03-07 15:15:00+00:00,0,0.5021991200462889
2026-03-07 15:20:00+00:00,0,0.49778708111362285
2026-03-07 15:25:00+00:00,0,0.5014620145636579
2026-03-07 15:30:00+00:00,0,0.47492135163001176
2026-03-07 15:35:00+00:00,1,0.5183401873204102
2026-03-07 15:40:00+00:00,1,0.5152267400894571
2026-03-07 15:45:00+00:00,1,0.5059802830592499
2026-03-07 15:50:00+00:00,0,0.5039878230753481
2026-03-07 15:55:00+00:00,0,0.5050000379680917
2026-03-07 16:00:00+00:00,1,0.5033835702806345
2026-03-07 16:05:00+00:00,1,0.5008172936596761
2026-03-07 16:10:00+00:00,1,0.5007023844516405
2026-03-07 16:15:00+00:00,1,0.5077211785364664
2026-03-07 16:20:00+00:00,1,0.5127181210741031
2026-03-07 16:25:00+00:00,1,0.49930384344775325
2026-03-07 16:30:00+00:00,1,0.49962954049831965
2026-03-07 16:35:00+00:00,1,0.49861433185452136
2026-03-07 16:40:00+00:00,1,0.4982830628836278
2026-03-07 16:45:00+00:00,1,0.4878981578295514
2026-03-07 16:50:00+00:00,1,0.49139472862010725
2026-03-07 16:55:00+00:00,1,0.48783365557052183
2026-03-07 17:00:00+00:00,0,0.4712711167249547
2026-03-07 17:05:00+00:00,0,0.4803839317691656
2026-03-07 17:10:00+00:00,0,0.4807655822694825
2026-03-07 17:15:00+00:00,1,0.485179716136196
2026-03-07 17:20:00+00:00,0,0.482295098609465
2026-03-07 17:25:00+00:00,0,0.4870900945641264
2026-03-07 17:30:00+00:00,0,0.49100956879004487
2026-03-07 17:35:00+00:00,0,0.4997398791552735
2026-03-07 17:40:00+00:00,0,0.5036333163525946
2026-03-07 17:45:00+00:00,0,0.49142812761431326
2026-03-07 17:50:00+00:00,0,0.5096295008125643
2026-03-07 17:55:00+00:00,0,0.49353812911166006
2026-03-07 18:00:00+00:00,1,0.5170311075916899
2026-03-07 18:05:00+00:00,1,0.5245213345573764
2026-03-07 18:10:00+00:00,1,0.5172531322857611
2026-03-07 18:15:00+00:00,1,0.5254341760492308
2026-03-07 18:20:00+00:00,0,0.5126832699587821
2026-03-07 18:25:00+00:00,0,0.49536152703842234
2026-03-07 18:30:00+00:00,0,0.5149846048426099
2026-03-07 18:35:00+00:00,0,0.5085075752007727
2026-03-07 18:40:00+00:00,0,0.5124621569440131
2026-03-07 18:45:00+00:00,0,0.5117233932560884
2026-03-07 18:50:00+00:00,0,0.5179056350769775
2026-03-07 18:55:00+00:00,0,0.5103750389788791
2026-03-07 19:00:00+00:00,0,0.5135886423140488
2026-03-07 19:05:00+00:00,0,0.5110209545720528
2026-03-07 19:10:00+00:00,0,0.5154131577957043
2026-03-07 19:15:00+00:00,0,0.5219334546000317
2026-03-07 19:20:00+00:00,0,0.5195346585261128
2026-03-07 19:25:00+00:00,0,0.5253699745332219
2026-03-07 19:30:00+00:00,0,0.516187997392503
2026-03-07 19:35:00+00:00,0,0.5143659423319384
2026-03-07 19:40:00+00:00,0,0.5148775338489907
2026-03-07 19:45:00+00:00,1,0.524970669926458
2026-03-07 19:50:00+00:00,1,0.5234604010284059
2026-03-07 19:55:00+00:00,1,0.5221985756429829
2026-03-07 20:00:00+00:00,1,0.5149149188166515
2026-03-07 20:05:00+00:00,1,0.5034308021790456
2026-03-07 20:10:00+00:00,1,0.5085833117796877
2026-03-07 20:15:00+00:00,1,0.5088211591724461
2026-03-07 20:20:00+00:00,1,0.5033075286193293
2026-03-07 20:25:00+00:00,1,0.5028277964908971
2026-03-07 20:30:00+00:00,1,0.5091916528113405
2026-03-07 20:35:00+00:00,0,0.49183322060158197
2026-03-07 20:40:00+00:00,0,0.49761937542357915
2026-03-07 20:45:00+00:00,0,0.49412403667160315
2026-03-07 20:50:00+00:00,0,0.491645645075206
2026-03-07 20:55:00+00:00,1,0.49569309492344993
2026-03-07 21:00:00+00:00,0,0.49207752581261893
2026-03-07 21:05:00+00:00,0,0.4929654798280854
2026-03-07 21:10:00+00:00,0,0.5058043159679894
2026-03-07 21:15:00+00:00,0,0.5110412147252775
2026-03-07 21:20:00+00:00,0,0.5166037006292766
2026-03-07 21:25:00+00:00,0,0.5021417839018553
2026-03-07 21:30:00+00:00,0,0.5030315503916246
2026-03-07 21:35:00+00:00,1,0.5086865703293084
2026-03-07 21:40:00+00:00,0,0.5107860160582687
2026-03-07 21:45:00+00:00,1,0.5150970364097707
2026-03-07 21:50:00+00:00,0,0.519735065989798
2026-03-07 21:55:00+00:00,0,0.5027303042989503
2026-03-07 22:00:00+00:00,0,0.5200444158244479
2026-03-07 22:05:00+00:00,0,0.5194755768381595
2026-03-07 22:10:00+00:00,0,0.5232165821830369
2026-03-07 22:15:00+00:00,0,0.5190853885880857
2026-03-07 22:20:00+00:00,0,0.5271763196882155
2026-03-07 22:25:00+00:00,0,0.5309377901744465
2026-03-07 22:30:00+00:00,1,0.5303496984469083
2026-03-07 22:35:00+00:00,1,0.5219509781675378
2026-03-07 22:40:00+00:00,1,0.5205174292368788
2026-03-07 22:45:00+00:00,1,0.5178383359999135
2026-03-07 22:50:00+00:00,1,0.517142726085263
2026-03-07 22:55:00+00:00,1,0.5171334696772278
2026-03-07 23:00:00+00:00,1,0.5110931255613931
2026-03-07 23:05:00+00:00,1,0.5164416337284499
2026-03-07 23:10:00+00:00,1,0.51370682469797
2026-03-07 23:15:00+00:00,1,0.5123507729823557
2026-03-07 23:20:00+00:00,0,0.5051869086068025
2026-03-07 23:25:00+00:00,0,0.5032492485089923
2026-03-07 23:30:00+00:00,1,0.5108105311780149
2026-03-07 23:35:00+00:00,1,0.5102723542185187
2026-03-07 23:40:00+00:00,0,0.5134365961339434
2026-03-07 23:45:00+00:00,0,0.5070980507480845
2026-03-07 23:50:00+00:00,0,0.5107193723287761
2026-03-07 23:55:00+00:00,0,0.507935967602957
2026-03-08 00:00:00+00:00,0,0.4968275453253738
2026-03-08 00:05:00+00:00,0,0.5047220320887473
2026-03-08 00:10:00+00:00,0,0.5133405873890837
2026-03-08 00:15:00+00:00,0,0.516993132331116
2026-03-08 00:20:00+00:00,0,0.522230394380115
2026-03-08 00:25:00+00:00,0,0.5218079307944934
2026-03-08 00:30:00+00:00,0,0.527726086235065
2026-03-08 00:35:00+00:00,0,0.5272525747056265
2026-03-08 00:40:00+00:00,0,0.5213616881621971
2026-03-08 00:45:00+00:00,1,0.5265234945054146
2026-03-08 00:50:00+00:00,1,0.5255225268404977
2026-03-08 00:55:00+00:00,1,0.5207015440144432
2026-03-08 01:00:00+00:00,0,0.5297439837774046
2026-03-08 01:05:00+00:00,0,0.5144135542979276
2026-03-08 01:10:00+00:00,1,0.5123884231980995
2026-03-08 01:15:00+00:00,1,0.5160637309589087
2026-03-08 01:20:00+00:00,1,0.5136281756250828
2026-03-08 01:25:00+00:00,1,0.5156195816754979
2026-03-08 01:30:00+00:00,1,0.5179475824023544
2026-03-08 01:35:00+00:00,0,0.5147330879255215
2026-03-08 01:40:00+00:00,0,0.5079720532498335
2026-03-08 01:45:00+00:00,0,0.5048264106342363
2026-03-08 01:50:00+00:00,0,0.5104404394335889
2026-03-08 01:55:00+00:00,0,0.5090289825415606
2026-03-08 02:00:00+00:00,0,0.5117275683037251
2026-03-08 02:05:00+00:00,0,0.5167010297801917
2026-03-08 02:10:00+00:00,0,0.5140564700514357
2026-03-08 02:15:00+00:00,0,0.5169180347193911
2026-03-08 02:20:00+00:00,0,0.5190705038503571
2026-03-08 02:25:00+00:00,0,0.5263226635316123
2026-03-08 02:30:00+00:00,0,0.5297917296767649
2026-03-08 02:35:00+00:00,0,0.5229104853831308
2026-03-08 02:40:00+00:00,0,0.5021195749539322
2026-03-08 02:45:00+00:00,1,0.5191496045891
2026-03-08 02:50:00+00:00,1,0.5160526431895343
2026-03-08 02:55:00+00:00,1,0.513207081208245
2026-03-08 03:00:00+00:00,1,0.5128795377678762
2026-03-08 03:05:00+00:00,1,0.5196112008237574
2026-03-08 03:10:00+00:00,1,0.5067990413766618
2026-03-08 03:15:00+00:00,0,0.5063015575452534
2026-03-08 03:20:00+00:00,0,0.5066375370004287
2026-03-08 03:25:00+00:00,0,0.5088764581302854
2026-03-08 03:30:00+00:00,0,0.5077579801279588
2026-03-08 03:35:00+00:00,1,0.5101255808074908
2026-03-08 03:40:00+00:00,0,0.5082495206361531
2026-03-08 03:45:00+00:00,1,0.511320336910137
2026-03-08 03:50:00+00:00,1,0.5115236935422863
2026-03-08 03:55:00+00:00,1,0.5120689062141114
2026-03-08 04:00:00+00:00,0,0.5068306475074782
2026-03-08 04:05:00+00:00,0,0.5082981327687994
2026-03-08 04:10:00+00:00,0,0.5082523768402598
2026-03-08 04:15:00+00:00,0,0.5006815131425186
2026-03-08 04:20:00+00:00,0,0.5034185590517026
2026-03-08 04:25:00+00:00,0,0.504907990250493
2026-03-08 04:30:00+00:00,0,0.5088672274560314
2026-03-08 04:35:00+00:00,1,0.4995069313678962
2026-03-08 04:40:00+00:00,1,0.5043058819062108
2026-03-08 04:45:00+00:00,1,0.5180883618845065
2026-03-08 04:50:00+00:00,1,0.5271229852604603
2026-03-08 04:55:00+00:00,1,0.5201822995856947
2026-03-08 05:00:00+00:00,1,0.5102405244082685
2026-03-08 05:05:00+00:00,1,0.4874413373200183
2026-03-08 05:10:00+00:00,1,0.48106569517428266
2026-03-08 05:15:00+00:00,1,0.48156280525295164
2026-03-08 05:20:00+00:00,1,0.47737849733742815
2026-03-08 05:25:00+00:00,0,0.4774400823156908
2026-03-08 05:30:00+00:00,1,0.4833456773506278
2026-03-08 05:35:00+00:00,0,0.4811537482367939
2026-03-08 05:40:00+00:00,0,0.48497870584719927
2026-03-08 05:45:00+00:00,0,0.49169630231977207
2026-03-08 05:50:00+00:00,0,0.48438189974199
2026-03-08 05:55:00+00:00,0,0.48240139100569773
2026-03-08 06:00:00+00:00,0,0.4821988286756581
2026-03-08 06:05:00+00:00,0,0.4907383002593297
2026-03-08 06:10:00+00:00,1,0.4895818200386211
2026-03-08 06:15:00+00:00,1,0.5033487743739249
2026-03-08 06:20:00+00:00,1,0.506831040569862
2026-03-08 06:25:00+00:00,1,0.5082444167531813
2026-03-08 06:30:00+00:00,1,0.5080817210647988
2026-03-08 06:35:00+00:00,1,0.499793172582724
2026-03-08 06:40:00+00:00,1,0.4937622525482913
2026-03-08 06:45:00+00:00,1,0.4992116367149208
2026-03-08 06:50:00+00:00,1,0.498633271163262
2026-03-08 06:55:00+00:00,1,0.4836353105662499
2026-03-08 07:00:00+00:00,1,0.47929913886408865
2026-03-08 07:05:00+00:00,1,0.47469330345779936
2026-03-08 07:10:00+00:00,0,0.47506440222676394
2026-03-08 07:15:00+00:00,0,0.4754423696341089
2026-03-08 07:20:00+00:00,0,0.47580062582389854
2026-03-08 07:25:00+00:00,0,0.47615840251584707
2026-03-08 07:30:00+00:00,0,0.4762456879542736
2026-03-08 07:35:00+00:00,0,0.4820736787032569
2026-03-08 07:40:00+00:00,0,0.48816454598250864
2026-03-08 07:45:00+00:00,0,0.48714236596695293
2026-03-08 07:50:00+00:00,0,0.48986698126138395
2026-03-08 07:55:00+00:00,0,0.48821846695618293
2026-03-08 08:00:00+00:00,0,0.48379683713507793
2026-03-08 08:05:00+00:00,0,0.4871972127801751
2026-03-08 08:10:00+00:00,1,0.4876114276336865
2026-03-08 08:15:00+00:00,1,0.50079064007084
2026-03-08 08:20:00+00:00,1,0.5120589558659457
2026-03-08 08:25:00+00:00,1,0.5098679823094048
2026-03-08 08:30:00+00:00,1,0.4962441389606628
2026-03-08 08:35:00+00:00,1,0.49804304684766904
2026-03-08 08:40:00+00:00,1,0.47919766966950555
2026-03-08 08:45:00+00:00,1,0.49147667218939856
2026-03-08 08:50:00+00:00,1,0.48155320005204244
2026-03-08 08:55:00+00:00,1,0.4837215414958034
2026-03-08 09:00:00+00:00,1,0.4915892335541914
2026-03-08 09:05:00+00:00,1,0.4923628276223336
2026-03-08 09:10:00+00:00,1,0.46740926136139355
2026-03-08 09:15:00+00:00,0,0.46668310485597875
2026-03-08 09:20:00+00:00,0,0.4661910003602397
2026-03-08 09:25:00+00:00,0,0.46733137863859986
2026-03-08 09:30:00+00:00,1,0.4691651239598411
2026-03-08 09:35:00+00:00,1,0.4797752981237281
2026-03-08 09:40:00+00:00,1,0.4840973022954209
2026-03-08 09:45:00+00:00,1,0.4819122302417086
2026-03-08 09:50:00+00:00,1,0.4815600546223001
2026-03-08 09:55:00+00:00,1,0.4869367170080947
2026-03-08 10:00:00+00:00,1,0.4805332216636937
2026-03-08 10:05:00+00:00,1,0.47695835242260093
2026-03-08 10:10:00+00:00,1,0.4803881885887959
2026-03-08 10:15:00+00:00,0,0.4710360894579337
2026-03-08 10:20:00+00:00,0,0.4699937713593268
2026-03-08 10:25:00+00:00,0,0.4706586392719011
2026-03-08 10:30:00+00:00,0,0.474627376464675
2026-03-08 10:35:00+00:00,0,0.4765000875465646
2026-03-08 10:40:00+00:00,0,0.47097011828703633
2026-03-08 10:45:00+00:00,0,0.48204055137137
2026-03-08 10:50:00+00:00,0,0.48007430310643917
2026-03-08 10:55:00+00:00,0,0.47883301320354976
2026-03-08 11:00:00+00:00,1,0.5099311187134391
2026-03-08 11:05:00+00:00,1,0.5185873192186122
2026-03-08 11:10:00+00:00,1,0.5135481943233213
2026-03-08 11:15:00+00:00,0,0.5046935254921577
2026-03-08 11:20:00+00:00,0,0.4920498052987999
2026-03-08 11:25:00+00:00,0,0.5016221800884701
2026-03-08 11:30:00+00:00,0,0.4988446413218905
2026-03-08 11:35:00+00:00,0,0.4983106386619346
2026-03-08 11:40:00+00:00,0,0.5085444036358613
2026-03-08 11:45:00+00:00,0,0.5042364479832926
2026-03-08 11:50:00+00:00,0,0.503177925130822
2026-03-08 11:55:00+00:00,1,0.5031068494942111
2026-03-08 12:00:00+00:00,1,0.49867862058532647
2026-03-08 12:05:00+00:00,1,0.5134138131689582
2026-03-08 12:10:00+00:00,1,0.5204560600017559
2026-03-08 12:15:00+00:00,1,0.5158291018354041
2026-03-08 12:20:00+00:00,1,0.49916319358272004
2026-03-08 12:25:00+00:00,0,0.4805201304032004
2026-03-08 12:30:00+00:00,0,0.5041590844437379
2026-03-08 12:35:00+00:00,0,0.49928639411550374
2026-03-08 12:40:00+00:00,0,0.4967017712521659
2026-03-08 12:45:00+00:00,0,0.49510017465642564
2026-03-08 12:50:00+00:00,0,0.5000340106274025
2026-03-08 12:55:00+00:00,0,0.5003672458977967
2026-03-08 13:00:00+00:00,0,0.5093299045260612
2026-03-08 13:05:00+00:00,0,0.5050310807250609
2026-03-08 13:10:00+00:00,0,0.5221121022066157
2026-03-08 13:15:00+00:00,0,0.5109996493982654
2026-03-08 13:20:00+00:00,1,0.5149760183128116
2026-03-08 13:25:00+00:00,0,0.5132285035958807
2026-03-08 13:30:00+00:00,1,0.5145057219709797
2026-03-08 13:35:00+00:00,1,0.5090700955766955
2026-03-08 13:40:00+00:00,1,0.5141371769341887
2026-03-08 13:45:00+00:00,1,0.5071747610423115
2026-03-08 13:50:00+00:00,1,0.5022761131936281
2026-03-08 13:55:00+00:00,0,0.5055714207602043
2026-03-08 14:00:00+00:00,0,0.500313062435183
2026-03-08 14:05:00+00:00,0,0.5012266288911216
2026-03-08 14:10:00+00:00,0,0.5005048890080006
2026-03-08 14:15:00+00:00,0,0.5043574888425348
2026-03-08 14:20:00+00:00,0,0.49960234664622116
2026-03-08 14:25:00+00:00,0,0.5071542706889565
2026-03-08 14:30:00+00:00,0,0.5082171476382944
2026-03-08 14:35:00+00:00,0,0.5068887796516822
2026-03-08 14:40:00+00:00,1,0.5133733509637847
2026-03-08 14:45:00+00:00,1,0.5088951973962905
2026-03-08 14:50:00+00:00,0,0.502705630753673
2026-03-08 14:55:00+00:00,0,0.502460142090259
2026-03-08 15:00:00+00:00,0,0.508507938321458
2026-03-08 15:05:00+00:00,0,0.5022823394870237
2026-03-08 15:10:00+00:00,0,0.504624397342473
2026-03-08 15:15:00+00:00,0,0.5030607079788775
2026-03-08 15:20:00+00:00,0,0.5178966156844195
2026-03-08 15:25:00+00:00,1,0.5140182826364554
2026-03-08 15:30:00+00:00,1,0.5136722740785626
2026-03-08 15:35:00+00:00,1,0.5118515379133028
2026-03-08 15:40:00+00:00,0,0.5157866280727867
2026-03-08 15:45:00+00:00,0,0.5098564581379165
2026-03-08 15:50:00+00:00,1,0.5016869039501102
2026-03-08 15:55:00+00:00,0,0.5028860850820825
2026-03-08 16:00:00+00:00,0,0.509216760533684
2026-03-08 16:05:00+00:00,0,0.5059865615382486
2026-03-08 16:10:00+00:00,0,0.5112721170062952
2026-03-08 16:15:00+00:00,0,0.5101432092668103
2026-03-08 16:20:00+00:00,0,0.5077337824330573
2026-03-08 16:25:00+00:00,0,0.5094134923892564
2026-03-08 16:30:00+00:00,1,0.5194992863542564
2026-03-08 16:35:00+00:00,1,0.5150915866427659
2026-03-08 16:40:00+00:00,1,0.509337208193968
2026-03-08 16:45:00+00:00,1,0.5220671303115929
2026-03-08 16:50:00+00:00,1,0.515140302195034
2026-03-08 16:55:00+00:00,1,0.5079853013298402
2026-03-08 17:00:00+00:00,0,0.48421983965672455
2026-03-08 17:05:00+00:00,0,0.4938475120875235
2026-03-08 17:10:00+00:00,0,0.4992566131246578
2026-03-08 17:15:00+00:00,0,0.49725120106194637
2026-03-08 17:20:00+00:00,0,0.5041015502661096
2026-03-08 17:25:00+00:00,1,0.5060826838590473
2026-03-08 17:30:00+00:00,1,0.5083649324733728
2026-03-08 17:35:00+00:00,0,0.505015072144969
2026-03-08 17:40:00+00:00,0,0.5036503760423509
2026-03-08 17:45:00+00:00,0,0.5067672140698892
2026-03-08 17:50:00+00:00,0,0.5022401716701835
2026-03-08 17:55:00+00:00,0,0.49711194332944714
2026-03-08 18:00:00+00:00,0,0.5039137512336149
2026-03-08 18:05:00+00:00,1,0.5108121628710958
2026-03-08 18:10:00+00:00,0,0.5051123054812898
2026-03-08 18:15:00+00:00,1,0.5166953029294532
2026-03-08 18:20:00+00:00,1,0.5068595530505622
2026-03-08 18:25:00+00:00,1,0.5038750529854138
2026-03-08 18:30:00+00:00,1,0.4996213327345301
2026-03-08 18:35:00+00:00,1,0.49884613238650277
2026-03-08 18:40:00+00:00,1,0.5084021910879896
2026-03-08 18:45:00+00:00,1,0.5099273317001407
2026-03-08 18:50:00+00:00,1,0.507454011393275
2026-03-08 18:55:00+00:00,1,0.49459051814642846
2026-03-08 19:00:00+00:00,1,0.48276139344109725
2026-03-08 19:05:00+00:00,1,0.47237287181251814
2026-03-08 19:10:00+00:00,1,0.47069923317204576
2026-03-08 19:15:00+00:00,1,0.47292323020080523
2026-03-08 19:20:00+00:00,0,0.4740245890960257
2026-03-08 19:25:00+00:00,0,0.4729601478535639
2026-03-08 19:30:00+00:00,0,0.4779287644473342
2026-03-08 19:35:00+00:00,0,0.4802424116999532
2026-03-08 19:40:00+00:00,0,0.48320643631268956
2026-03-08 19:45:00+00:00,0,0.4806411655593093
2026-03-08 19:50:00+00:00,0,0.48774417133847886
2026-03-08 19:55:00+00:00,0,0.4902532521222559
2026-03-08 20:00:00+00:00,1,0.48162244956111927
2026-03-08 20:05:00+00:00,1,0.48766041063234955
2026-03-08 20:10:00+00:00,1,0.4911724130483059
2026-03-08 20:15:00+00:00,1,0.4824216149910256
2026-03-08 20:20:00+00:00,1,0.49172393581520524
2026-03-08 20:25:00+00:00,1,0.4894923824830705
2026-03-08 20:30:00+00:00,0,0.47660298881985136
2026-03-08 20:35:00+00:00,0,0.47813192511305275
2026-03-08 20:40:00+00:00,0,0.47954195172880076
2026-03-08 20:45:00+00:00,0,0.4830377207077471
2026-03-08 20:50:00+00:00,0,0.4853683422668681
2026-03-08 20:55:00+00:00,0,0.4983048369347501
2026-03-08 21:00:00+00:00,0,0.5141787784403683
2026-03-08 21:05:00+00:00,1,0.52445638734499
2026-03-08 21:10:00+00:00,1,0.5233857254149681
2026-03-08 21:15:00+00:00,1,0.5149493530448752
2026-03-08 21:20:00+00:00,1,0.5149908294481568
2026-03-08 21:25:00+00:00,1,0.5130309198271852
2026-03-08 21:30:00+00:00,0,0.5082512926336643
2026-03-08 21:35:00+00:00,0,0.5074677578396248
2026-03-08 21:40:00+00:00,0,0.5062364035136444
2026-03-08 21:45:00+00:00,0,0.5096241081177088
2026-03-08 21:50:00+00:00,0,0.504463918695434
2026-03-08 21:55:00+00:00,0,0.5073297372834693
2026-03-08 22:00:00+00:00,1,0.576486988230651
2026-03-08 22:05:00+00:00,1,0.5510167229061379
2026-03-08 22:10:00+00:00,1,0.5419754912803109
2026-03-08 22:15:00+00:00,1,0.5497116511696196
2026-03-08 22:20:00+00:00,1,0.5432081520857728
2026-03-08 22:25:00+00:00,1,0.5247640877110891
2026-03-08 22:30:00+00:00,1,0.5215614511784807
2026-03-08 22:35:00+00:00,1,0.5239324098092072
2026-03-08 22:40:00+00:00,1,0.5115691264740373
2026-03-08 22:45:00+00:00,0,0.5020397528422741
2026-03-08 22:50:00+00:00,1,0.5050198990708799
2026-03-08 22:55:00+00:00,1,0.5021838304117664
2026-03-08 23:00:00+00:00,0,0.4853024264637805
2026-03-08 23:05:00+00:00,0,0.49077047819196423
2026-03-08 23:10:00+00:00,0,0.4864765486988623
2026-03-08 23:15:00+00:00,0,0.5017386458220351
2026-03-08 23:20:00+00:00,0,0.4797571991992937
2026-03-08 23:25:00+00:00,0,0.4830628185389173
2026-03-08 23:30:00+00:00,0,0.48406079214523473
2026-03-08 23:35:00+00:00,1,0.5171391852323634
2026-03-08 23:40:00+00:00,1,0.5163783604862417
2026-03-08 23:45:00+00:00,1,0.5092521235803077
2026-03-08 23:50:00+00:00,1,0.5191588031423592
2026-03-08 23:55:00+00:00,1,0.5108302201986856
2026-03-09 00:00:00+00:00,1,0.5005100495574922
2026-03-09 00:05:00+00:00,1,0.47443931931241246
2026-03-09 00:10:00+00:00,1,0.47125538868861166
2026-03-09 00:15:00+00:00,1,0.4807236615812796
2026-03-09 00:20:00+00:00,1,0.5233516682969793
2026-03-09 00:25:00+00:00,1,0.48930860026304257
2026-03-09 00:30:00+00:00,0,0.4690921386707488
2026-03-09 00:35:00+00:00,0,0.46982626614282
2026-03-09 00:40:00+00:00,0,0.4765474408715253
2026-03-09 00:45:00+00:00,0,0.47427517230824695
2026-03-09 00:50:00+00:00,1,0.48296997300488237
2026-03-09 00:55:00+00:00,0,0.4858237285090904
2026-03-09 01:00:00+00:00,1,0.5153329354978955
2026-03-09 01:05:00+00:00,1,0.5127360020787923
2026-03-09 01:10:00+00:00,1,0.5101375704485263
2026-03-09 01:15:00+00:00,1,0.48079825245290003
2026-03-09 01:20:00+00:00,0,0.47946965660794666
2026-03-09 01:25:00+00:00,0,0.4851091633736371
2026-03-09 01:30:00+00:00,0,0.4692726649829615
2026-03-09 01:35:00+00:00,0,0.4729561427528878
2026-03-09 01:40:00+00:00,0,0.4765878771840203
2026-03-09 01:45:00+00:00,0,0.49604416355811665
2026-03-09 01:50:00+00:00,0,0.499119709937867
2026-03-09 01:55:00+00:00,0,0.5198240247264286
2026-03-09 02:00:00+00:00,1,0.5139450459668212
2026-03-09 02:05:00+00:00,1,0.5104840000346318
2026-03-09 02:10:00+00:00,1,0.5145304136213631
2026-03-09 02:15:00+00:00,1,0.520379489979718
2026-03-09 02:20:00+00:00,1,0.5099548019808414
2026-03-09 02:25:00+00:00,1,0.5166505708651602
2026-03-09 02:30:00+00:00,1,0.5111899516827678
2026-03-09 02:35:00+00:00,1,0.47524971134790933
2026-03-09 02:40:00+00:00,1,0.47100152064930095
2026-03-09 02:45:00+00:00,1,0.4786170462414193
2026-03-09 02:50:00+00:00,1,0.47610176258013714
2026-03-09 02:55:00+00:00,1,0.48198871315360864
2026-03-09 03:00:00+00:00,1,0.4666801977436274
2026-03-09 03:05:00+00:00,0,0.4668167826761758
2026-03-09 03:10:00+00:00,0,0.4829732662887961
2026-03-09 03:15:00+00:00,0,0.4948333139544263
2026-03-09 03:20:00+00:00,0,0.4845988003501174
2026-03-09 03:25:00+00:00,0,0.47354667282456636
2026-03-09 03:30:00+00:00,0,0.4751367114939317
2026-03-09 03:35:00+00:00,1,0.4782158743688489
2026-03-09 03:40:00+00:00,1,0.4816248083888834
2026-03-09 03:45:00+00:00,1,0.47494907252881646
2026-03-09 03:50:00+00:00,1,0.4860991081205167
2026-03-09 03:55:00+00:00,1,0.4828291091087312
2026-03-09 04:00:00+00:00,1,0.4796074829021249
2026-03-09 04:05:00+00:00,1,0.4807491315362598
2026-03-09 04:10:00+00:00,1,0.47816135110565133
2026-03-09 04:15:00+00:00,1,0.48192664007350355
2026-03-09 04:20:00+00:00,1,0.4733263293811539
2026-03-09 04:25:00+00:00,0,0.4706547472517881
2026-03-09 04:30:00+00:00,0,0.4754845321648291
2026-03-09 04:35:00+00:00,0,0.46989874006000043
2026-03-09 04:40:00+00:00,0,0.46919341396239095
2026-03-09 04:45:00+00:00,0,0.470940147755198
2026-03-09 04:50:00+00:00,0,0.48326632954699256
2026-03-09 04:55:00+00:00,1,0.4963847273701609
2026-03-09 05:00:00+00:00,1,0.5001142017202319
2026-03-09 05:05:00+00:00,1,0.49591917550335324
2026-03-09 05:10:00+00:00,1,0.510255572123027
2026-03-09 05:15:00+00:00,1,0.5021773284584906
2026-03-09 05:20:00+00:00,1,0.47409934535485027
2026-03-09 05:25:00+00:00,1,0.4745237090379089
2026-03-09 05:30:00+00:00,1,0.47188501551461637
2026-03-09 05:35:00+00:00,1,0.467862673781455
2026-03-09 05:40:00+00:00,1,0.480048832804226
2026-03-09 05:45:00+00:00,0,0.4809344307917836
2026-03-09 05:50:00+00:00,1,0.4789187687521812
2026-03-09 05:55:00+00:00,0,0.4697270467406772
2026-03-09 06:00:00+00:00,0,0.46969729064997484
2026-03-09 06:05:00+00:00,0,0.4708891590345272
2026-03-09 06:10:00+00:00,0,0.47155614489202774
2026-03-09 06:15:00+00:00,0,0.4703259828098733
2026-03-09 06:20:00+00:00,0,0.4737296987298963
2026-03-09 06:25:00+00:00,0,0.48017912806667995
2026-03-09 06:30:00+00:00,0,0.4792836324766079
2026-03-09 06:35:00+00:00,0,0.4880608896541403
2026-03-09 06:40:00+00:00,0,0.4976474080299731
2026-03-09 06:45:00+00:00,0,0.5108903184102949
2026-03-09 06:50:00+00:00,0,0.4917219268937921
2026-03-09 06:55:00+00:00,0,0.48852942349095574
2026-03-09 07:00:00+00:00,0,0.48538485292854283
2026-03-09 07:05:00+00:00,1,0.4835021854203805
2026-03-09 07:10:00+00:00,1,0.4942394195179473
2026-03-09 07:15:00+00:00,1,0.5240371602459337
2026-03-09 07:20:00+00:00,1,0.5150585618818426
2026-03-09 07:25:00+00:00,1,0.510452402432789
2026-03-09 07:30:00+00:00,1,0.5069846023218558
2026-03-09 07:35:00+00:00,1,0.5052149870059228
2026-03-09 07:40:00+00:00,0,0.49783590628031116
2026-03-09 07:45:00+00:00,0,0.500828443753239
2026-03-09 07:50:00+00:00,1,0.4987081285941985
2026-03-09 07:55:00+00:00,1,0.5023726919448471
2026-03-09 08:00:00+00:00,1,0.5038616450418559
2026-03-09 08:05:00+00:00,0,0.49181684540340476
2026-03-09 08:10:00+00:00,1,0.502161347116471
2026-03-09 08:15:00+00:00,1,0.5059538539062537
2026-03-09 08:20:00+00:00,1,0.4864879251379678
2026-03-09 08:25:00+00:00,0,0.4726612766369171
2026-03-09 08:30:00+00:00,0,0.4689522354109572
2026-03-09 08:35:00+00:00,0,0.4983626104454345
2026-03-09 08:40:00+00:00,1,0.49172120613843234
2026-03-09 08:45:00+00:00,0,0.47681286466926803
2026-03-09 08:50:00+00:00,0,0.46829716692499157
2026-03-09 08:55:00+00:00,1,0.47860052889685556
2026-03-09 09:00:00+00:00,1,0.4851616633761278
2026-03-09 09:05:00+00:00,1,0.5053073781825604
2026-03-09 09:10:00+00:00,1,0.48046669031052636
2026-03-09 09:15:00+00:00,1,0.4863775022035438
2026-03-09 09:20:00+00:00,1,0.47829860252303347
2026-03-09 09:25:00+00:00,1,0.4748937951617974
2026-03-09 09:30:00+00:00,0,0.4666460687742151
2026-03-09 09:35:00+00:00,0,0.46637296122944827
2026-03-09 09:40:00+00:00,0,0.46806230180931324
2026-03-09 09:45:00+00:00,0,0.46893075119814526
2026-03-09 09:50:00+00:00,0,0.47536263462529205
2026-03-09 09:55:00+00:00,1,0.4801419722316109
2026-03-09 10:00:00+00:00,0,0.4798713169844801
2026-03-09 10:05:00+00:00,0,0.48877146508439046
2026-03-09 10:10:00+00:00,0,0.4947524347742305
2026-03-09 10:15:00+00:00,0,0.4867541434995255
2026-03-09 10:20:00+00:00,0,0.4956321473431728
2026-03-09 10:25:00+00:00,0,0.492716899739108
2026-03-09 10:30:00+00:00,0,0.48549561878210057
2026-03-09 10:35:00+00:00,0,0.5093374290854497
2026-03-09 10:40:00+00:00,0,0.5082131650208767
2026-03-09 10:45:00+00:00,0,0.5073489051949638
2026-03-09 10:50:00+00:00,0,0.506833652209078
2026-03-09 10:55:00+00:00,0,0.5116143960739118
2026-03-09 11:00:00+00:00,0,0.5073625741499067
2026-03-09 11:05:00+00:00,1,0.5010634423131887
2026-03-09 11:10:00+00:00,1,0.5055648255434843
2026-03-09 11:15:00+00:00,1,0.5217819507635998
2026-03-09 11:20:00+00:00,1,0.5127430343626076
2026-03-09 11:25:00+00:00,1,0.5125912954158698
2026-03-09 11:30:00+00:00,1,0.5070474013290078
2026-03-09 11:35:00+00:00,1,0.5009973812709166
2026-03-09 11:40:00+00:00,1,0.49870092054307974
2026-03-09 11:45:00+00:00,1,0.5062457324793711
2026-03-09 11:50:00+00:00,1,0.49826792148007215
2026-03-09 11:55:00+00:00,1,0.5026663991580125
2026-03-09 12:00:00+00:00,1,0.47827433843718087
2026-03-09 12:05:00+00:00,1,0.5030204386533869
2026-03-09 12:10:00+00:00,1,0.4762089534085778
2026-03-09 12:15:00+00:00,0,0.46502067897433563
2026-03-09 12:20:00+00:00,0,0.4683405135830213
2026-03-09 12:25:00+00:00,1,0.46837726094264726
2026-03-09 12:30:00+00:00,1,0.4736091973418704
2026-03-09 12:35:00+00:00,1,0.47353133917119133
2026-03-09 12:40:00+00:00,1,0.4723292311628103
2026-03-09 12:45:00+00:00,1,0.4787366533972676
2026-03-09 12:50:00+00:00,1,0.4750115883349238
2026-03-09 12:55:00+00:00,1,0.47148133238663115
2026-03-09 13:00:00+00:00,1,0.47241177610664076
2026-03-09 13:05:00+00:00,1,0.4706817308873972
2026-03-09 13:10:00+00:00,1,0.4667583006155711
2026-03-09 13:15:00+00:00,1,0.46861832163569134
2026-03-09 13:20:00+00:00,1,0.4697881562817175
2026-03-09 13:25:00+00:00,1,0.46656803003128744
2026-03-09 13:30:00+00:00,0,0.48288554124825706
2026-03-09 13:35:00+00:00,1,0.4677332033285156
2026-03-09 13:40:00+00:00,0,0.4770382272037652
2026-03-09 13:45:00+00:00,1,0.47409703837650874
2026-03-09 13:50:00+00:00,1,0.4697278225628823
2026-03-09 13:55:00+00:00,1,0.4679211579846294
2026-03-09 14:00:00+00:00,1,0.468289015641695
2026-03-09 14:05:00+00:00,1,0.47326774406307487
2026-03-09 14:10:00+00:00,1,0.47284453287407174
2026-03-09 14:15:00+00:00,0,0.4701019005847348
2026-03-09 14:20:00+00:00,1,0.46893462703594335
2026-03-09 14:25:00+00:00,1,0.4712061966257247
2026-03-09 14:30:00+00:00,0,0.46855505761607275
2026-03-09 14:35:00+00:00,0,0.47115064476234253
2026-03-09 14:40:00+00:00,1,0.47395087041970296
2026-03-09 14:45:00+00:00,1,0.4814111435396911
2026-03-09 14:50:00+00:00,1,0.4739141894946202
2026-03-09 14:55:00+00:00,1,0.48422090039190396
2026-03-09 15:00:00+00:00,0,0.4811056428855608
2026-03-09 15:05:00+00:00,1,0.4859976832047832
2026-03-09 15:10:00+00:00,0,0.47353732402930243
2026-03-09 15:15:00+00:00,1,0.48358263427545767
2026-03-09 15:20:00+00:00,0,0.47515392583980354
2026-03-09 15:25:00+00:00,0,0.47700481980809
2026-03-09 15:30:00+00:00,1,0.5050860921442974
2026-03-09 15:35:00+00:00,1,0.4927725205621586
2026-03-09 15:40:00+00:00,1,0.49434365903883376
2026-03-09 15:45:00+00:00,1,0.481148234554157
2026-03-09 15:50:00+00:00,1,0.47987066708441156
2026-03-09 15:55:00+00:00,1,0.48558837269970134
2026-03-09 16:00:00+00:00,0,0.4753608745151027
2026-03-09 16:05:00+00:00,1,0.5017222095678731
2026-03-09 16:10:00+00:00,1,0.503707840392676
2026-03-09 16:15:00+00:00,0,0.4816650636861659
2026-03-09 16:20:00+00:00,0,0.47108096211677297
2026-03-09 16:25:00+00:00,0,0.4768911521436293
2026-03-09 16:30:00+00:00,1,0.5095085694162708
2026-03-09 16:35:00+00:00,1,0.48773289400931696
2026-03-09 16:40:00+00:00,1,0.5054316030675532
2026-03-09 16:45:00+00:00,1,0.5069146988051684
2026-03-09 16:50:00+00:00,1,0.49808258132678696
2026-03-09 16:55:00+00:00,1,0.48576508648269434
2026-03-09 17:00:00+00:00,1,0.4831284046737391
2026-03-09 17:05:00+00:00,1,0.4705593952819759
2026-03-09 17:10:00+00:00,0,0.46842723970232675
2026-03-09 17:15:00+00:00,0,0.4713521940005239
2026-03-09 17:20:00+00:00,0,0.470372789988247
2026-03-09 17:25:00+00:00,0,0.4677139892694125
2026-03-09 17:30:00+00:00,0,0.46778801702353695
2026-03-09 17:35:00+00:00,0,0.4751853456879333
2026-03-09 17:40:00+00:00,0,0.48138230838228585
2026-03-09 17:45:00+00:00,1,0.480637829897355
2026-03-09 17:50:00+00:00,0,0.47736361426963697
2026-03-09 17:55:00+00:00,1,0.49188697246413005
2026-03-09 18:00:00+00:00,1,0.5170135494678572
2026-03-09 18:05:00+00:00,1,0.519044770983996
2026-03-09 18:10:00+00:00,1,0.5013594991155765
2026-03-09 18:15:00+00:00,1,0.4754406877502358
2026-03-09 18:20:00+00:00,1,0.47999047112443194
2026-03-09 18:25:00+00:00,1,0.4784461688329251
2026-03-09 18:30:00+00:00,1,0.46881560101920927
2026-03-09 18:35:00+00:00,0,0.4703691384096144
2026-03-09 18:40:00+00:00,0,0.47503052681797653
2026-03-09 18:45:00+00:00,1,0.47811729391886615
2026-03-09 18:50:00+00:00,1,0.47101441020908835
2026-03-09 18:55:00+00:00,1,0.47687206539604543
2026-03-09 19:00:00+00:00,1,0.4703722184230627
2026-03-09 19:05:00+00:00,1,0.4783876001881659
2026-03-09 19:10:00+00:00,1,0.48517552476276776
2026-03-09 19:15:00+00:00,1,0.4689680294951435
2026-03-09 19:20:00+00:00,1,0.5552099011223669
2026-03-09 19:25:00+00:00,0,0.5901053512518936
2026-03-09 19:30:00+00:00,0,0.5834421972932277
2026-03-09 19:35:00+00:00,0,0.5748938596534462
2026-03-09 19:40:00+00:00,1,0.5087065916461847
2026-03-09 19:45:00+00:00,1,0.48740586878812786
2026-03-09 19:50:00+00:00,1,0.47943670491148865
2026-03-09 19:55:00+00:00,0,0.5224802480316818
2026-03-09 20:00:00+00:00,0,0.5223521298824446
2026-03-09 20:05:00+00:00,0,0.5096481689142909
2026-03-09 20:10:00+00:00,0,0.5142656968618954
2026-03-09 20:15:00+00:00,0,0.5019246357645677
2026-03-09 20:20:00+00:00,0,0.496503830656961
2026-03-09 20:25:00+00:00,0,0.4888332860979935
2026-03-09 20:30:00+00:00,1,0.4914891601598944
2026-03-09 20:35:00+00:00,0,0.49186707017938125
2026-03-09 20:40:00+00:00,0,0.5008409404803026
2026-03-09 20:45:00+00:00,0,0.5041531528322437
2026-03-09 20:50:00+00:00,0,0.4976220480726327
2026-03-09 20:55:00+00:00,0,0.4931589628589256
2026-03-09 21:00:00+00:00,0,0.4909576923741304
2026-03-09 21:05:00+00:00,1,0.5108224569716213
2026-03-09 21:10:00+00:00,1,0.5246877772599027
2026-03-09 21:15:00+00:00,1,0.5260846282486462
2026-03-09 21:20:00+00:00,1,0.5288056774988162
2026-03-09 21:25:00+00:00,0,0.5212748445481695
2026-03-09 21:30:00+00:00,0,0.4948370594856058
2026-03-09 21:35:00+00:00,0,0.5010794646716225
2026-03-09 21:40:00+00:00,0,0.5194462565921882
2026-03-09 21:45:00+00:00,0,0.5192226189179441
2026-03-09 21:50:00+00:00,0,0.5157799654575247
2026-03-09 21:55:00+00:00,0,0.5080918610187739
2026-03-09 22:00:00+00:00,1,0.5212406928444843
2026-03-09 22:05:00+00:00,0,0.521067229516119
2026-03-09 22:10:00+00:00,0,0.5155483159441302
2026-03-09 22:15:00+00:00,0,0.5146771835241652
2026-03-09 22:20:00+00:00,0,0.5193555432253185
2026-03-09 22:25:00+00:00,0,0.5043332365597644
2026-03-09 22:30:00+00:00,0,0.5100056305065579
2026-03-09 22:35:00+00:00,1,0.5278669338882309
2026-03-09 22:40:00+00:00,1,0.5239400255725286
2026-03-09 22:45:00+00:00,0,0.5196474292857135
2026-03-09 22:50:00+00:00,0,0.526565645403674
2026-03-09 22:55:00+00:00,0,0.5228439723851291
2026-03-09 23:00:00+00:00,0,0.5065579528496648
2026-03-09 23:05:00+00:00,0,0.5085789483443607
2026-03-09 23:10:00+00:00,0,0.5086687587680752
2026-03-09 23:15:00+00:00,0,0.5145724890978619
2026-03-09 23:20:00+00:00,0,0.5187068956722319
2026-03-09 23:25:00+00:00,0,0.5203181935679032
2026-03-09 23:30:00+00:00,0,0.5188357465618237
2026-03-09 23:35:00+00:00,0,0.5238820474016169
2026-03-09 23:40:00+00:00,0,0.5225593557975039
2026-03-09 23:45:00+00:00,1,0.5256206815029509
2026-03-09 23:50:00+00:00,1,0.5246171950363654
2026-03-09 23:55:00+00:00,1,0.5188968500678052
2026-03-10 00:00:00+00:00,1,0.5160543522539799
2026-03-10 00:05:00+00:00,1,0.518299172508291
2026-03-10 00:10:00+00:00,1,0.5164811815024853
2026-03-10 00:15:00+00:00,1,0.5107799861543061
2026-03-10 00:20:00+00:00,1,0.5106826966331426
2026-03-10 00:25:00+00:00,0,0.5001318456404297
2026-03-10 00:30:00+00:00,0,0.49844946202584123
2026-03-10 00:35:00+00:00,0,0.4990564692687265
2026-03-10 00:40:00+00:00,0,0.4930983288775417
2026-03-10 00:45:00+00:00,0,0.4959109881987625
2026-03-10 00:50:00+00:00,0,0.5077242309959934
2026-03-10 00:55:00+00:00,0,0.512845138277932
2026-03-10 01:00:00+00:00,0,0.5091388576433666
2026-03-10 01:05:00+00:00,0,0.5090964898178216
2026-03-10 01:10:00+00:00,0,0.5149490852805243
2026-03-10 01:15:00+00:00,0,0.5152471690585597
2026-03-10 01:20:00+00:00,1,0.5117476400881702
2026-03-10 01:25:00+00:00,0,0.5079999073523782
2026-03-10 01:30:00+00:00,0,0.5159004187437372
2026-03-10 01:35:00+00:00,1,0.5255752470478228
2026-03-10 01:40:00+00:00,1,0.5180710685824241
2026-03-10 01:45:00+00:00,0,0.5129369524838998
2026-03-10 01:50:00+00:00,0,0.5001510781168217
2026-03-10 01:55:00+00:00,1,0.5163589663962895
2026-03-10 02:00:00+00:00,1,0.5147373603285184
2026-03-10 02:05:00+00:00,1,0.513205406709094
2026-03-10 02:10:00+00:00,1,0.5146697973029458
2026-03-10 02:15:00+00:00,1,0.5122281602075534
2026-03-10 02:20:00+00:00,1,0.5144773148814464
2026-03-10 02:25:00+00:00,1,0.503765537883112
2026-03-10 02:30:00+00:00,1,0.48284227286040204
2026-03-10 02:35:00+00:00,0,0.4770487227951295
2026-03-10 02:40:00+00:00,0,0.48644088755125015
2026-03-10 02:45:00+00:00,0,0.47954687383652544
2026-03-10 02:50:00+00:00,1,0.4821842692265139
2026-03-10 02:55:00+00:00,1,0.4747540369022354
2026-03-10 03:00:00+00:00,1,0.47685238699326393
2026-03-10 03:05:00+00:00,1,0.47757085216681594
2026-03-10 03:10:00+00:00,0,0.4763393576771016
2026-03-10 03:15:00+00:00,0,0.4751070533367513
2026-03-10 03:20:00+00:00,0,0.47624147890355345
2026-03-10 03:25:00+00:00,0,0.47596173549159726
2026-03-10 03:30:00+00:00,0,0.48051028100495996
2026-03-10 03:35:00+00:00,0,0.48108487218232693
2026-03-10 03:40:00+00:00,0,0.4878412970427513
2026-03-10 03:45:00+00:00,1,0.5114032835212972
2026-03-10 03:50:00+00:00,1,0.5143206843343319
2026-03-10 03:55:00+00:00,1,0.519574454201016
2026-03-10 04:00:00+00:00,1,0.5101291361309387
2026-03-10 04:05:00+00:00,1,0.5184095524324535
2026-03-10 04:10:00+00:00,1,0.5102768177598905
2026-03-10 04:15:00+00:00,1,0.5089700719742354
2026-03-10 04:20:00+00:00,1,0.5098012936481182
2026-03-10 04:25:00+00:00,1,0.5069325356638182
2026-03-10 04:30:00+00:00,1,0.5095427373250923
2026-03-10 04:35:00+00:00,1,0.4912012925650115
2026-03-10 04:40:00+00:00,1,0.5057333117972698
2026-03-10 04:45:00+00:00,1,0.5047690626339965
2026-03-10 04:50:00+00:00,1,0.49912135876659963
2026-03-10 04:55:00+00:00,1,0.4948541701758922
2026-03-10 05:00:00+00:00,0,0.47331080700194395
2026-03-10 05:05:00+00:00,0,0.4777814536145831
2026-03-10 05:10:00+00:00,0,0.4775208529244602
2026-03-10 05:15:00+00:00,0,0.4741659736324784
2026-03-10 05:20:00+00:00,0,0.47415198121602925
2026-03-10 05:25:00+00:00,0,0.47775773854124287
2026-03-10 05:30:00+00:00,0,0.4815273025988006
2026-03-10 05:35:00+00:00,0,0.50447381928416
2026-03-10 05:40:00+00:00,0,0.5083194300613494
2026-03-10 05:45:00+00:00,0,0.5120430036567138
2026-03-10 05:50:00+00:00,0,0.513750799757131
2026-03-10 05:55:00+00:00,0,0.5119613606019485
2026-03-10 06:00:00+00:00,1,0.5161003591848495
2026-03-10 06:05:00+00:00,1,0.5125109150181671
2026-03-10 06:10:00+00:00,0,0.5107899356836837
2026-03-10 06:15:00+00:00,1,0.5170744623252154
2026-03-10 06:20:00+00:00,1,0.5237804329035206
2026-03-10 06:25:00+00:00,1,0.5105921097354211
2026-03-10 06:30:00+00:00,1,0.5180958923042972
2026-03-10 06:35:00+00:00,1,0.5106431350821794
2026-03-10 06:40:00+00:00,1,0.5102822799298599
2026-03-10 06:45:00+00:00,1,0.5060014973666399
2026-03-10 06:50:00+00:00,1,0.509542790116834
2026-03-10 06:55:00+00:00,1,0.5002726303622121
2026-03-10 07:00:00+00:00,1,0.5010128151909483
2026-03-10 07:05:00+00:00,1,0.4821640716421122
2026-03-10 07:10:00+00:00,1,0.47918687584159164
2026-03-10 07:15:00+00:00,1,0.46842567471278157
2026-03-10 07:20:00+00:00,1,0.4691381698812085
2026-03-10 07:25:00+00:00,1,0.4705077724106191
2026-03-10 07:30:00+00:00,1,0.47736140881799866
2026-03-10 07:35:00+00:00,1,0.47878674959588197
2026-03-10 07:40:00+00:00,1,0.48103088717871473
2026-03-10 07:45:00+00:00,1,0.4813953736135809
2026-03-10 07:50:00+00:00,1,0.4840689206135764
2026-03-10 07:55:00+00:00,1,0.481103402239022
2026-03-10 08:00:00+00:00,1,0.47572743540729373
2026-03-10 08:05:00+00:00,1,0.46744377773464296
2026-03-10 08:10:00+00:00,1,0.47245379899431855
2026-03-10 08:15:00+00:00,1,0.4710305813916919
2026-03-10 08:20:00+00:00,1,0.47375704714873595
2026-03-10 08:25:00+00:00,1,0.4745364470452694
2026-03-10 08:30:00+00:00,1,0.46783853643424567
2026-03-10 08:35:00+00:00,1,0.46810131566547164
2026-03-10 08:40:00+00:00,1,0.4662197607548383
2026-03-10 08:45:00+00:00,1,0.47023634696683914
2026-03-10 08:50:00+00:00,1,0.4655717494944593
2026-03-10 08:55:00+00:00,1,0.4705605613234097
2026-03-10 09:00:00+00:00,1,0.46524971265581305
2026-03-10 09:05:00+00:00,1,0.47443360107044935
2026-03-10 09:10:00+00:00,1,0.4684479279586497
2026-03-10 09:15:00+00:00,1,0.46607448371508153
2026-03-10 09:20:00+00:00,0,0.464000972083864
2026-03-10 09:25:00+00:00,0,0.464345437299322
2026-03-10 09:30:00+00:00,0,0.4652839336261568
2026-03-10 09:35:00+00:00,0,0.4658756582478172
2026-03-10 09:40:00+00:00,0,0.4695133609932899
2026-03-10 09:45:00+00:00,0,0.47338155781697255
2026-03-10 09:50:00+00:00,1,0.47655072672900195
2026-03-10 09:55:00+00:00,1,0.475918463977254
2026-03-10 10:00:00+00:00,1,0.4760349273423366
2026-03-10 10:05:00+00:00,1,0.4762449317025246
2026-03-10 10:10:00+00:00,1,0.47549619148436917
2026-03-10 10:15:00+00:00,1,0.47671038939152344
2026-03-10 10:20:00+00:00,1,0.47066086462454265
2026-03-10 10:25:00+00:00,1,0.47712964953223935
2026-03-10 10:30:00+00:00,1,0.46888416417344764
2026-03-10 10:35:00+00:00,1,0.4796470755840528
2026-03-10 10:40:00+00:00,1,0.4807575691125264
2026-03-10 10:45:00+00:00,0,0.4776534395269584
2026-03-10 10:50:00+00:00,1,0.47213407036594657
2026-03-10 10:55:00+00:00,0,0.4720984935783959
2026-03-10 11:00:00+00:00,0,0.4718004421752188
2026-03-10 11:05:00+00:00,0,0.4818894811452898
2026-03-10 11:10:00+00:00,0,0.4946827576758431
2026-03-10 11:15:00+00:00,0,0.494649239150323
2026-03-10 11:20:00+00:00,0,0.4692738471193648
2026-03-10 11:25:00+00:00,0,0.47350753910024357
2026-03-10 11:30:00+00:00,0,0.4931977734423069
2026-03-10 11:35:00+00:00,0,0.5077036524079208
2026-03-10 11:40:00+00:00,0,0.5110889467574308
2026-03-10 11:45:00+00:00,0,0.5082400614539522
2026-03-10 11:50:00+00:00,0,0.5068981617157848
2026-03-10 11:55:00+00:00,0,0.5118823615139186
2026-03-10 12:00:00+00:00,0,0.5135206318625232
2026-03-10 12:05:00+00:00,1,0.5199731852145734
2026-03-10 12:10:00+00:00,1,0.5170755950532154
2026-03-10 12:15:00+00:00,1,0.5149702236342261
2026-03-10 12:20:00+00:00,1,0.5140936599355473
2026-03-10 12:25:00+00:00,1,0.51517953001828
2026-03-10 12:30:00+00:00,1,0.5125194783770087
2026-03-10 12:35:00+00:00,1,0.5015911707836377
2026-03-10 12:40:00+00:00,1,0.5048074581551067
2026-03-10 12:45:00+00:00,1,0.5032056561477735
2026-03-10 12:50:00+00:00,1,0.49591628210548816
2026-03-10 12:55:00+00:00,1,0.49151608079171605
2026-03-10 13:00:00+00:00,0,0.48108588182759426
2026-03-10 13:05:00+00:00,0,0.46416431727087587
2026-03-10 13:10:00+00:00,0,0.4656175608792465
2026-03-10 13:15:00+00:00,0,0.4674301260030662
2026-03-10 13:20:00+00:00,0,0.4643489494680838
2026-03-10 13:25:00+00:00,0,0.4711801840099557
2026-03-10 13:30:00+00:00,1,0.5073198113346784
2026-03-10 13:35:00+00:00,1,0.5216510758182739
2026-03-10 13:40:00+00:00,0,0.5024243192677812
2026-03-10 13:45:00+00:00,0,0.4717914091735194
2026-03-10 13:50:00+00:00,0,0.4724353828249797
2026-03-10 13:55:00+00:00,0,0.49204424501488053
2026-03-10 14:00:00+00:00,0,0.4750134508383221
2026-03-10 14:05:00+00:00,1,0.5259068993182295
2026-03-10 14:10:00+00:00,1,0.5213822555926662
2026-03-10 14:15:00+00:00,1,0.5156540061853437
2026-03-10 14:20:00+00:00,1,0.5108907654449966
2026-03-10 14:25:00+00:00,1,0.5075099141043075
2026-03-10 14:30:00+00:00,1,0.48581383541336104
2026-03-10 14:35:00+00:00,1,0.47783658861517764
2026-03-10 14:40:00+00:00,1,0.4745671708808745
2026-03-10 14:45:00+00:00,1,0.4928877752042773
2026-03-10 14:50:00+00:00,0,0.5502418982782824
2026-03-10 14:55:00+00:00,0,0.5659033052272257
2026-03-10 15:00:00+00:00,0,0.5790804988334993
2026-03-10 15:05:00+00:00,0,0.5195651193723125
2026-03-10 15:10:00+00:00,0,0.5073911278337376
2026-03-10 15:15:00+00:00,0,0.47741891619569776
2026-03-10 15:20:00+00:00,0,0.4837834539213375
2026-03-10 15:25:00+00:00,1,0.4973020768447476
2026-03-10 15:30:00+00:00,1,0.4832653692679102
2026-03-10 15:35:00+00:00,1,0.4874514309649725
2026-03-10 15:40:00+00:00,1,0.48498679511085846
2026-03-10 15:45:00+00:00,1,0.48168239693545906
2026-03-10 15:50:00+00:00,1,0.4874582084815922
2026-03-10 15:55:00+00:00,0,0.476675041227552
2026-03-10 16:00:00+00:00,1,0.4819508602412637
2026-03-10 16:05:00+00:00,1,0.4864789718066457
2026-03-10 16:10:00+00:00,1,0.4884583870959595
2026-03-10 16:15:00+00:00,0,0.48216072951537026
2026-03-10 16:20:00+00:00,0,0.4754534515440698
2026-03-10 16:25:00+00:00,0,0.4860129411779124
2026-03-10 16:30:00+00:00,0,0.48699557470566285
2026-03-10 16:35:00+00:00,0,0.4811642669511271
2026-03-10 16:40:00+00:00,0,0.48288045253408113
2026-03-10 16:45:00+00:00,0,0.48237348824746873
2026-03-10 16:50:00+00:00,0,0.47440750430100836
2026-03-10 16:55:00+00:00,0,0.48450683791327664
2026-03-10 17:00:00+00:00,0,0.5108477325386621
2026-03-10 17:05:00+00:00,0,0.49656201095553937
2026-03-10 17:10:00+00:00,0,0.5055341578872916
2026-03-10 17:15:00+00:00,0,0.5045964298065325
2026-03-10 17:20:00+00:00,0,0.5095116418216936
2026-03-10 17:25:00+00:00,0,0.5235332876176974
2026-03-10 17:30:00+00:00,0,0.5245782415575722
2026-03-10 17:35:00+00:00,0,0.5318534829986599
2026-03-10 17:40:00+00:00,0,0.5287078146696537
2026-03-10 17:45:00+00:00,0,0.5224683330497116
2026-03-10 17:50:00+00:00,0,0.5110862962928444
2026-03-10 17:55:00+00:00,0,0.5155458655902536
2026-03-10 18:00:00+00:00,0,0.5105623780605142
2026-03-10 18:05:00+00:00,0,0.5143591640116675
2026-03-10 18:10:00+00:00,0,0.5278382543227168
2026-03-10 18:15:00+00:00,1,0.5385172722879893
2026-03-10 18:20:00+00:00,0,0.5297059096596738
2026-03-10 18:25:00+00:00,0,0.5287152997480257
2026-03-10 18:30:00+00:00,0,0.5236547994358125
2026-03-10 18:35:00+00:00,1,0.5301146948402363
2026-03-10 18:40:00+00:00,1,0.5212181604411638
2026-03-10 18:45:00+00:00,0,0.5091194273392189
2026-03-10 18:50:00+00:00,0,0.5120220659154274
2026-03-10 18:55:00+00:00,0,0.514741536934328
2026-03-10 19:00:00+00:00,0,0.5086074809020601
2026-03-10 19:05:00+00:00,0,0.5086487655000084
2026-03-10 19:10:00+00:00,0,0.509535406320094
2026-03-10 19:15:00+00:00,0,0.5075445368682798
2026-03-10 19:20:00+00:00,0,0.51194971614844
2026-03-10 19:25:00+00:00,1,0.5198402240766015
2026-03-10 19:30:00+00:00,1,0.5191905759257055
2026-03-10 19:35:00+00:00,1,0.5177324521274733
2026-03-10 19:40:00+00:00,1,0.5152893657227965
2026-03-10 19:45:00+00:00,1,0.5152253359877099
2026-03-10 19:50:00+00:00,1,0.5108950382262474
2026-03-10 19:55:00+00:00,1,0.5032365507937521
2026-03-10 20:00:00+00:00,1,0.5111520880705899
2026-03-10 20:05:00+00:00,1,0.5173888643649074
2026-03-10 20:10:00+00:00,0,0.5085291181770677
2026-03-10 20:15:00+00:00,1,0.5107317267289684
2026-03-10 20:20:00+00:00,0,0.5038159171210881
2026-03-10 20:25:00+00:00,0,0.5040117240900497
2026-03-10 20:30:00+00:00,0,0.4993691446735584
2026-03-10 20:35:00+00:00,0,0.504780896983084
2026-03-10 20:40:00+00:00,0,0.5104532007090703
2026-03-10 20:45:00+00:00,0,0.5052256655123903
2026-03-10 20:50:00+00:00,0,0.5059678132159452
2026-03-10 20:55:00+00:00,0,0.51189080231817
2026-03-10 21:00:00+00:00,0,0.5121112500359126
2026-03-10 21:05:00+00:00,0,0.4980784748269486
2026-03-10 21:10:00+00:00,0,0.5124756567993121
2026-03-10 21:15:00+00:00,0,0.5152437920164036
2026-03-10 21:20:00+00:00,0,0.5248284719003674
2026-03-10 21:25:00+00:00,0,0.5279356962827754
2026-03-10 21:30:00+00:00,0,0.5258264744677434
2026-03-10 21:35:00+00:00,0,0.5295970569443309
2026-03-10 21:40:00+00:00,0,0.5297524723419488
2026-03-10 21:45:00+00:00,0,0.5162048743922514
2026-03-10 21:50:00+00:00,1,0.5101081737995394
2026-03-10 21:55:00+00:00,1,0.5170354590352052
2026-03-10 22:00:00+00:00,1,0.5108375731348745
2026-03-10 22:05:00+00:00,1,0.5038808243950134
2026-03-10 22:10:00+00:00,1,0.4980810821171681
2026-03-10 22:15:00+00:00,1,0.5147309673311224
2026-03-10 22:20:00+00:00,0,0.5084681800844825
2026-03-10 22:25:00+00:00,0,0.5132604090832503
2026-03-10 22:30:00+00:00,1,0.5127423989791241
2026-03-10 22:35:00+00:00,1,0.5122579507441324
2026-03-10 22:40:00+00:00,1,0.5119419035683133
2026-03-10 22:45:00+00:00,1,0.511865682481484
2026-03-10 22:50:00+00:00,1,0.5148936761260896
2026-03-10 22:55:00+00:00,1,0.5130554785688051
2026-03-10 23:00:00+00:00,1,0.5101881936703238
2026-03-10 23:05:00+00:00,1,0.508153837327809
2026-03-10 23:10:00+00:00,1,0.509766225338442
2026-03-10 23:15:00+00:00,0,0.4934033232897603
2026-03-10 23:20:00+00:00,1,0.4898984711357297
2026-03-10 23:25:00+00:00,1,0.4887878706254277
2026-03-10 23:30:00+00:00,0,0.479993053885885
2026-03-10 23:35:00+00:00,0,0.48276549896129656
2026-03-10 23:40:00+00:00,1,0.4862879410220962
2026-03-10 23:45:00+00:00,1,0.49060380980527024
2026-03-10 23:50:00+00:00,1,0.4929191793466621
2026-03-10 23:55:00+00:00,1,0.48678667664588193
2026-03-11 00:00:00+00:00,0,0.502729547634414
2026-03-11 00:05:00+00:00,0,0.4829825365325281
2026-03-11 00:10:00+00:00,0,0.48184497395906767
2026-03-11 00:15:00+00:00,0,0.483477027104609
2026-03-11 00:20:00+00:00,1,0.4780802042803639
2026-03-11 00:25:00+00:00,1,0.4841578891455598
2026-03-11 00:30:00+00:00,1,0.5054575381999008
2026-03-11 00:35:00+00:00,1,0.5062518673856293
2026-03-11 00:40:00+00:00,1,0.5175996293766719
2026-03-11 00:45:00+00:00,1,0.5001549472347181
2026-03-11 00:50:00+00:00,0,0.476561236591064
2026-03-11 00:55:00+00:00,0,0.4867471188889844
2026-03-11 01:00:00+00:00,0,0.48724587858850776
2026-03-11 01:05:00+00:00,0,0.48154190135738717
2026-03-11 01:10:00+00:00,0,0.4826651420948204
2026-03-11 01:15:00+00:00,0,0.4924309350159205
2026-03-11 01:20:00+00:00,0,0.5010743239873758
2026-03-11 01:25:00+00:00,0,0.48861945627929637
2026-03-11 01:30:00+00:00,0,0.5041362125582471
2026-03-11 01:35:00+00:00,1,0.5187189287838584
2026-03-11 01:40:00+00:00,0,0.5180049439177098
2026-03-11 01:45:00+00:00,0,0.5088490671511883
2026-03-11 01:50:00+00:00,0,0.5135809607583048
2026-03-11 01:55:00+00:00,0,0.5103112208573565
2026-03-11 02:00:00+00:00,0,0.5090772126277595
2026-03-11 02:05:00+00:00,0,0.5049468086371903
2026-03-11 02:10:00+00:00,0,0.5177962552117886
2026-03-11 02:15:00+00:00,0,0.5159422659921877
2026-03-11 02:20:00+00:00,0,0.5118473421702434
2026-03-11 02:25:00+00:00,0,0.5147800278701612
2026-03-11 02:30:00+00:00,1,0.5239304063240952
2026-03-11 02:35:00+00:00,1,0.5272788530576081
2026-03-11 02:40:00+00:00,1,0.5213837692110636
2026-03-11 02:45:00+00:00,1,0.5284254515085184
2026-03-11 02:50:00+00:00,1,0.5165806723354234
2026-03-11 02:55:00+00:00,1,0.510745327740987
2026-03-11 03:00:00+00:00,1,0.5107533757077678
2026-03-11 03:05:00+00:00,1,0.510509208547113
2026-03-11 03:10:00+00:00,1,0.5087358651700985
2026-03-11 03:15:00+00:00,1,0.5106648860374939
2026-03-11 03:20:00+00:00,0,0.5108811632061436
2026-03-11 03:25:00+00:00,0,0.5071362544510878
2026-03-11 03:30:00+00:00,0,0.4874518491684679
2026-03-11 03:35:00+00:00,0,0.4814431452114451
2026-03-11 03:40:00+00:00,0,0.4896334113760294
2026-03-11 03:45:00+00:00,0,0.48175581353908514
2026-03-11 03:50:00+00:00,1,0.5163005699447563
2026-03-11 03:55:00+00:00,1,0.5151430479386392
2026-03-11 04:00:00+00:00,1,0.5134446600694137
2026-03-11 04:05:00+00:00,1,0.5157946003917265
2026-03-11 04:10:00+00:00,1,0.5080052630347319
2026-03-11 04:15:00+00:00,1,0.5009964764850727
2026-03-11 04:20:00+00:00,1,0.49769719824870856
2026-03-11 04:25:00+00:00,1,0.47721359390083545
2026-03-11 04:30:00+00:00,1,0.47802539738686173
2026-03-11 04:35:00+00:00,1,0.4880450031654731
2026-03-11 04:40:00+00:00,0,0.4788099036413997
2026-03-11 04:45:00+00:00,0,0.47700494203291505
2026-03-11 04:50:00+00:00,0,0.47397445979916303
2026-03-11 04:55:00+00:00,0,0.4756641772951915
2026-03-11 05:00:00+00:00,0,0.47523239960031316
2026-03-11 05:05:00+00:00,0,0.48100389985625597
2026-03-11 05:10:00+00:00,0,0.48957505681921937
2026-03-11 05:15:00+00:00,0,0.5115069647090522
2026-03-11 05:20:00+00:00,0,0.5133141812598274
2026-03-11 05:25:00+00:00,0,0.5085992462854577
2026-03-11 05:30:00+00:00,0,0.49776712579011345
2026-03-11 05:35:00+00:00,0,0.5179334637992128
2026-03-11 05:40:00+00:00,1,0.522132812852519
2026-03-11 05:45:00+00:00,1,0.520094329361656
2026-03-11 05:50:00+00:00,1,0.5181945970789129
2026-03-11 05:55:00+00:00,1,0.5199735866659453
2026-03-11 06:00:00+00:00,1,0.5100256229540328
2026-03-11 06:05:00+00:00,1,0.5108643106464935
2026-03-11 06:10:00+00:00,1,0.506360639186364
2026-03-11 06:15:00+00:00,0,0.5063224230394143
2026-03-11 06:20:00+00:00,0,0.494025689006148
2026-03-11 06:25:00+00:00,1,0.5131056173365831
2026-03-11 06:30:00+00:00,0,0.488107999330016
2026-03-11 06:35:00+00:00,0,0.4905669402374762
2026-03-11 06:40:00+00:00,1,0.5158118255034667
2026-03-11 06:45:00+00:00,1,0.5124191859536731
2026-03-11 06:50:00+00:00,1,0.5039020408135777
2026-03-11 06:55:00+00:00,1,0.5082538163106511
2026-03-11 07:00:00+00:00,0,0.4915166595079403
2026-03-11 07:05:00+00:00,0,0.4823217716898878
2026-03-11 07:10:00+00:00,0,0.47871152664131084
2026-03-11 07:15:00+00:00,0,0.47530114477843394
2026-03-11 07:20:00+00:00,0,0.4782999380746691
2026-03-11 07:25:00+00:00,0,0.48146482194199786
2026-03-11 07:30:00+00:00,0,0.5027046110854565
2026-03-11 07:35:00+00:00,1,0.5159804291950216
2026-03-11 07:40:00+00:00,1,0.5147884825408238
2026-03-11 07:45:00+00:00,0,0.5093458636791066
2026-03-11 07:50:00+00:00,0,0.5110246963782604
2026-03-11 07:55:00+00:00,0,0.50668283041016
2026-03-11 08:00:00+00:00,1,0.5039167872040606
2026-03-11 08:05:00+00:00,1,0.4996386880211321
2026-03-11 08:10:00+00:00,1,0.5035897708872034
2026-03-11 08:15:00+00:00,0,0.5054093369988617
2026-03-11 08:20:00+00:00,1,0.5070805370234186
2026-03-11 08:25:00+00:00,1,0.5105822827173931
2026-03-11 08:30:00+00:00,0,0.5067146849165742
2026-03-11 08:35:00+00:00,0,0.5061207974304498
2026-03-11 08:40:00+00:00,0,0.5034207903090889
2026-03-11 08:45:00+00:00,0,0.5066998226907574
2026-03-11 08:50:00+00:00,1,0.5059850403781018
2026-03-11 08:55:00+00:00,0,0.49851119607547534
2026-03-11 09:00:00+00:00,0,0.5058035421929375
2026-03-11 09:05:00+00:00,0,0.5051653495328665
2026-03-11 09:10:00+00:00,1,0.5112607277828022
2026-03-11 09:15:00+00:00,1,0.5060636630144515
2026-03-11 09:20:00+00:00,1,0.5061121949226496
2026-03-11 09:25:00+00:00,0,0.5053338288798357
2026-03-11 09:30:00+00:00,1,0.507513393427491
2026-03-11 09:35:00+00:00,1,0.5025753626365462
2026-03-11 09:40:00+00:00,1,0.5056276589213604
2026-03-11 09:45:00+00:00,0,0.4933414667396756
2026-03-11 09:50:00+00:00,1,0.5055012019412496
2026-03-11 09:55:00+00:00,1,0.5145499617666385
2026-03-11 10:00:00+00:00,1,0.5050037943280794
2026-03-11 10:05:00+00:00,1,0.5000064161580561
2026-03-11 10:10:00+00:00,1,0.5062981232421322
2026-03-11 10:15:00+00:00,1,0.49488423794171976
2026-03-11 10:20:00+00:00,1,0.49211959164581176
2026-03-11 10:25:00+00:00,1,0.4873356361805863
2026-03-11 10:30:00+00:00,0,0.47327781267833735
2026-03-11 10:35:00+00:00,1,0.47555626137360396
2026-03-11 10:40:00+00:00,0,0.47262394825536796
2026-03-11 10:45:00+00:00,0,0.48132706722695234
2026-03-11 10:50:00+00:00,0,0.47989861596283145
2026-03-11 10:55:00+00:00,0,0.48866398439327824
2026-03-11 11:00:00+00:00,0,0.48375486689952
2026-03-11 11:05:00+00:00,0,0.4788318564800429
2026-03-11 11:10:00+00:00,0,0.482006078390372
2026-03-11 11:15:00+00:00,0,0.4814084153786705
2026-03-11 11:20:00+00:00,0,0.4865387795932644
2026-03-11 11:25:00+00:00,0,0.5051796584076338
2026-03-11 11:30:00+00:00,0,0.48928575042194544
2026-03-11 11:35:00+00:00,0,0.4946292925363029
2026-03-11 11:40:00+00:00,1,0.5064903874892273
2026-03-11 11:45:00+00:00,1,0.5014764001325737
2026-03-11 11:50:00+00:00,1,0.5067235079679754
2026-03-11 11:55:00+00:00,1,0.5054279540255678
2026-03-11 12:00:00+00:00,1,0.5186201951969288
2026-03-11 12:05:00+00:00,1,0.5080739431561271
2026-03-11 12:10:00+00:00,1,0.49897116355020565
2026-03-11 12:15:00+00:00,1,0.48343341089696024
2026-03-11 12:20:00+00:00,1,0.476028189275919
2026-03-11 12:25:00+00:00,0,0.4688467106855306
2026-03-11 12:30:00+00:00,1,0.47711443529505615
2026-03-11 12:35:00+00:00,1,0.4664361940592502
2026-03-11 12:40:00+00:00,1,0.4712969048297373
2026-03-11 12:45:00+00:00,1,0.46644259960390333
2026-03-11 12:50:00+00:00,1,0.47140679805148544
2026-03-11 12:55:00+00:00,1,0.47025748073681706
2026-03-11 13:00:00+00:00,1,0.4692078103384592
2026-03-11 13:05:00+00:00,1,0.4653447687341393
2026-03-11 13:10:00+00:00,0,0.4645720815494324
2026-03-11 13:15:00+00:00,0,0.46662163998805867
2026-03-11 13:20:00+00:00,0,0.4746421711480355
2026-03-11 13:25:00+00:00,0,0.4685163861706585
2026-03-11 13:30:00+00:00,0,0.5173643858599835
2026-03-11 13:35:00+00:00,0,0.5379540852611016
2026-03-11 13:40:00+00:00,1,0.46928329171531125
2026-03-11 13:45:00+00:00,1,0.47433999129142396
2026-03-11 13:50:00+00:00,1,0.47810091504369684
2026-03-11 13:55:00+00:00,1,0.47173946407518585
2026-03-11 14:00:00+00:00,1,0.47460019316894064
2026-03-11 14:05:00+00:00,1,0.4738142847366106
2026-03-11 14:10:00+00:00,1,0.471578989327031
2026-03-11 14:15:00+00:00,0,0.47401643460820464
2026-03-11 14:20:00+00:00,1,0.4748993783300357
2026-03-11 14:25:00+00:00,0,0.4737729752530915
2026-03-11 14:30:00+00:00,0,0.4862605017660187
2026-03-11 14:35:00+00:00,0,0.4723765061237736
2026-03-11 14:40:00+00:00,0,0.477012478121342
2026-03-11 14:45:00+00:00,0,0.4860613358159042
2026-03-11 14:50:00+00:00,0,0.4908555988326277
2026-03-11 14:55:00+00:00,0,0.49542631949108074
2026-03-11 15:00:00+00:00,0,0.5132899186898194
2026-03-11 15:05:00+00:00,1,0.5165729151341749
2026-03-11 15:10:00+00:00,1,0.5153863203640116
2026-03-11 15:15:00+00:00,0,0.5151337912628123
2026-03-11 15:20:00+00:00,0,0.5089689392810729
2026-03-11 15:25:00+00:00,1,0.5096817545667708
2026-03-11 15:30:00+00:00,1,0.5190681664716071
2026-03-11 15:35:00+00:00,0,0.5074086020837656
2026-03-11 15:40:00+00:00,1,0.5119365658097389
2026-03-11 15:45:00+00:00,1,0.5188193815501041
2026-03-11 15:50:00+00:00,0,0.5076486982889596
2026-03-11 15:55:00+00:00,0,0.5018123956494028
2026-03-11 16:00:00+00:00,1,0.5090543886284428
2026-03-11 16:05:00+00:00,1,0.5020252208923611
2026-03-11 16:10:00+00:00,1,0.4838791018080353
2026-03-11 16:15:00+00:00,1,0.5018034786933951
2026-03-11 16:20:00+00:00,1,0.49810410941590144
2026-03-11 16:25:00+00:00,1,0.4943206031446703
2026-03-11 16:30:00+00:00,1,0.47498769189527834
2026-03-11 16:35:00+00:00,1,0.4763266551238623
2026-03-11 16:40:00+00:00,1,0.4695820160792659
2026-03-11 16:45:00+00:00,1,0.46837962047947446
2026-03-11 16:50:00+00:00,1,0.47382524244576313
2026-03-11 16:55:00+00:00,1,0.4750219190644295
2026-03-11 17:00:00+00:00,1,0.46803815106891694
2026-03-11 17:05:00+00:00,0,0.46861268054973443
2026-03-11 17:10:00+00:00,0,0.46876498235624164
2026-03-11 17:15:00+00:00,0,0.46742972669799104
2026-03-11 17:20:00+00:00,0,0.4678971719464711
2026-03-11 17:25:00+00:00,0,0.4687162416494989
2026-03-11 17:30:00+00:00,0,0.4707151819562833
2026-03-11 17:35:00+00:00,0,0.47622434398346847
2026-03-11 17:40:00+00:00,0,0.47488606888748947
2026-03-11 17:45:00+00:00,0,0.47818325879733214
2026-03-11 17:50:00+00:00,1,0.488143966111829
2026-03-11 17:55:00+00:00,1,0.4877199396701519
2026-03-11 18:00:00+00:00,1,0.48663876797045563
2026-03-11 18:05:00+00:00,1,0.48584523756660475
2026-03-11 18:10:00+00:00,1,0.47983893184225607
2026-03-11 18:15:00+00:00,1,0.48622297411477394
2026-03-11 18:20:00+00:00,1,0.49338086261435715
2026-03-11 18:25:00+00:00,1,0.4819323910172833
2026-03-11 18:30:00+00:00,1,0.4812122726023183
2026-03-11 18:35:00+00:00,1,0.48882966080373697
2026-03-11 18:40:00+00:00,1,0.48456467691484184
2026-03-11 18:45:00+00:00,1,0.47250879695375325
2026-03-11 18:50:00+00:00,1,0.46799700563681806
2026-03-11 18:55:00+00:00,1,0.47174786985668604
2026-03-11 19:00:00+00:00,1,0.4754587608659251
2026-03-11 19:05:00+00:00,1,0.4836013780813123
2026-03-11 19:10:00+00:00,1,0.47207397665233064
2026-03-11 19:15:00+00:00,1,0.4728209938337084
2026-03-11 19:20:00+00:00,1,0.46892170447612125
2026-03-11 19:25:00+00:00,0,0.4744952077778586
2026-03-11 19:30:00+00:00,0,0.46914901356872546
2026-03-11 19:35:00+00:00,0,0.47066212539989305
2026-03-11 19:40:00+00:00,0,0.472614839055648
2026-03-11 19:45:00+00:00,0,0.47683963783565786
2026-03-11 19:50:00+00:00,0,0.47633958022949874
2026-03-11 19:55:00+00:00,0,0.4792796569610054
2026-03-11 20:00:00+00:00,0,0.5080739336178904
2026-03-11 20:05:00+00:00,0,0.5109417305585469
2026-03-11 20:10:00+00:00,0,0.5155488086045923
2026-03-11 20:15:00+00:00,0,0.5040543771393691
2026-03-11 20:20:00+00:00,1,0.5199268057819448
2026-03-11 20:25:00+00:00,1,0.5179887646212499
2026-03-11 20:30:00+00:00,1,0.5205616270226
2026-03-11 20:35:00+00:00,1,0.519596098858375
2026-03-11 20:40:00+00:00,1,0.5278568391759144
2026-03-11 20:45:00+00:00,1,0.514750989091533
2026-03-11 20:50:00+00:00,1,0.5103253498401564
2026-03-11 20:55:00+00:00,0,0.5079098094533429
2026-03-11 21:00:00+00:00,0,0.5033187638593805
2026-03-11 21:05:00+00:00,1,0.5101063958882966
2026-03-11 21:10:00+00:00,0,0.5045146297931007
2026-03-11 21:15:00+00:00,1,0.510742985579926
2026-03-11 21:20:00+00:00,1,0.5039809449305894
2026-03-11 21:25:00+00:00,1,0.5113478263955622
2026-03-11 21:30:00+00:00,1,0.5073993610244666
2026-03-11 21:35:00+00:00,1,0.5094632676664435
2026-03-11 21:40:00+00:00,1,0.5034267445464446
2026-03-11 21:45:00+00:00,1,0.4991648993250814
2026-03-11 21:50:00+00:00,0,0.47233384488561186
2026-03-11 21:55:00+00:00,0,0.47524504990744837
2026-03-11 22:00:00+00:00,0,0.4771037826101853
2026-03-11 22:05:00+00:00,0,0.48278392428646016
2026-03-11 22:10:00+00:00,0,0.4767805961282914
2026-03-11 22:15:00+00:00,0,0.48589081148567104
2026-03-11 22:20:00+00:00,0,0.5080672478566058
2026-03-11 22:25:00+00:00,1,0.5151164777155933
2026-03-11 22:30:00+00:00,1,0.512668059387253
2026-03-11 22:35:00+00:00,1,0.520221709854793
2026-03-11 22:40:00+00:00,1,0.521485451690733
2026-03-11 22:45:00+00:00,1,0.5128737938935551
2026-03-11 22:50:00+00:00,1,0.5124275373530776
2026-03-11 22:55:00+00:00,0,0.5058752929525786
2026-03-11 23:00:00+00:00,0,0.50929224521694
2026-03-11 23:05:00+00:00,0,0.5068961646158658
2026-03-11 23:10:00+00:00,0,0.5092562071153474
2026-03-11 23:15:00+00:00,0,0.5126533237697457
2026-03-11 23:20:00+00:00,0,0.5146241931908827
2026-03-11 23:25:00+00:00,0,0.5129970689091744
2026-03-11 23:30:00+00:00,0,0.5137753395306319
2026-03-11 23:35:00+00:00,0,0.5168489551178393
2026-03-11 23:40:00+00:00,0,0.5212138544387566
2026-03-11 23:45:00+00:00,0,0.5275188346848965
2026-03-11 23:50:00+00:00,1,0.5257894356666915
2026-03-11 23:55:00+00:00,1,0.5279915255574011
2026-03-12 00:00:00+00:00,0,0.5175379442679959
2026-03-12 00:05:00+00:00,0,0.5138118047608042
2026-03-12 00:10:00+00:00,0,0.5101810874420808
2026-03-12 00:15:00+00:00,1,0.5131300269656899
2026-03-12 00:20:00+00:00,0,0.5099120884629811
2026-03-12 00:25:00+00:00,1,0.5163376612809691
2026-03-12 00:30:00+00:00,0,0.5161592260813862
2026-03-12 00:35:00+00:00,0,0.510625348554275
2026-03-12 00:40:00+00:00,0,0.5141781104961826
2026-03-12 00:45:00+00:00,0,0.5142251094858009
2026-03-12 00:50:00+00:00,0,0.515562767679558
2026-03-12 00:55:00+00:00,0,0.5102640518746089
2026-03-12 01:00:00+00:00,0,0.52635343207744
2026-03-12 01:05:00+00:00,0,0.516763102827972
2026-03-12 01:10:00+00:00,1,0.5233919275938577
2026-03-12 01:15:00+00:00,0,0.523085560319168
2026-03-12 01:20:00+00:00,0,0.5199761338636617
2026-03-12 01:25:00+00:00,0,0.5127014651401344
2026-03-12 01:30:00+00:00,0,0.5183576605238641
2026-03-12 01:35:00+00:00,0,0.5158624457809381
2026-03-12 01:40:00+00:00,0,0.5098743348044915
2026-03-12 01:45:00+00:00,0,0.5172393468324049
2026-03-12 01:50:00+00:00,0,0.5191971254789162
2026-03-12 01:55:00+00:00,0,0.5119828275637578
2026-03-12 02:00:00+00:00,1,0.5140299552861409
2026-03-12 02:05:00+00:00,0,0.514661606189317
2026-03-12 02:10:00+00:00,0,0.5110534113475332
2026-03-12 02:15:00+00:00,0,0.5162419620821816
2026-03-12 02:20:00+00:00,0,0.5166461158671949
2026-03-12 02:25:00+00:00,0,0.5119453550175803
2026-03-12 02:30:00+00:00,0,0.5068870713557851
2026-03-12 02:35:00+00:00,0,0.5251928769521548
2026-03-12 02:40:00+00:00,1,0.5226157451289207
2026-03-12 02:45:00+00:00,1,0.5264421043908042
2026-03-12 02:50:00+00:00,1,0.5254563569872267
2026-03-12 02:55:00+00:00,1,0.5210440729651633
2026-03-12 03:00:00+00:00,1,0.5114266371395012
2026-03-12 03:05:00+00:00,1,0.5092272322690711
2026-03-12 03:10:00+00:00,1,0.505590723357936
2026-03-12 03:15:00+00:00,0,0.49871926917852377
2026-03-12 03:20:00+00:00,0,0.5052550867105415
2026-03-12 03:25:00+00:00,0,0.5088537411309838
2026-03-12 03:30:00+00:00,0,0.48613794736424065
2026-03-12 03:35:00+00:00,0,0.49604018277247575
2026-03-12 03:40:00+00:00,0,0.5105975561870021
2026-03-12 03:45:00+00:00,1,0.52514766619381
2026-03-12 03:50:00+00:00,1,0.5149781420550814
2026-03-12 03:55:00+00:00,1,0.5132288874602469
2026-03-12 04:00:00+00:00,0,0.5111292858453994
2026-03-12 04:05:00+00:00,0,0.5107952128720584
2026-03-12 04:10:00+00:00,1,0.5083754294612877
2026-03-12 04:15:00+00:00,0,0.5008846285732842
2026-03-12 04:20:00+00:00,0,0.5080457769789476
2026-03-12 04:25:00+00:00,0,0.5087681872509227
2026-03-12 04:30:00+00:00,1,0.5087083539201059
2026-03-12 04:35:00+00:00,0,0.49865164901735326
2026-03-12 04:40:00+00:00,0,0.5094332198641157
2026-03-12 04:45:00+00:00,0,0.5020442911008384
2026-03-12 04:50:00+00:00,0,0.5079280843744809
2026-03-12 04:55:00+00:00,0,0.5115251675597251
2026-03-12 05:00:00+00:00,0,0.4855367087703542
2026-03-12 05:05:00+00:00,0,0.5083455879039963
2026-03-12 05:10:00+00:00,1,0.5152513151449797
2026-03-12 05:15:00+00:00,0,0.5160498669855067
2026-03-12 05:20:00+00:00,1,0.5157737169394225
2026-03-12 05:25:00+00:00,1,0.5156199353957515
2026-03-12 05:30:00+00:00,1,0.509478228320065
2026-03-12 05:35:00+00:00,1,0.5117985294231776
2026-03-12 05:40:00+00:00,1,0.5077174371975736
2026-03-12 05:45:00+00:00,1,0.5049667079055119
2026-03-12 05:50:00+00:00,1,0.5065388474104466
2026-03-12 05:55:00+00:00,1,0.5048422889579625
2026-03-12 06:00:00+00:00,1,0.49986093375660595
2026-03-12 06:05:00+00:00,1,0.4889452229966894
2026-03-12 06:10:00+00:00,1,0.47510134574018276
2026-03-12 06:15:00+00:00,1,0.4956032632926505
2026-03-12 06:20:00+00:00,1,0.49668908257970373
2026-03-12 06:25:00+00:00,1,0.4876432083799091
2026-03-12 06:30:00+00:00,0,0.48179857908375573
2026-03-12 06:35:00+00:00,0,0.49339800099717757
2026-03-12 06:40:00+00:00,0,0.48447527868117535
2026-03-12 06:45:00+00:00,0,0.4865961745380579
2026-03-12 06:50:00+00:00,1,0.48878571930130615
2026-03-12 06:55:00+00:00,1,0.48634115202833283
2026-03-12 07:00:00+00:00,1,0.48212538722187115
2026-03-12 07:05:00+00:00,1,0.5030471337036849
2026-03-12 07:10:00+00:00,1,0.4957365222700239
2026-03-12 07:15:00+00:00,1,0.493068831382636
2026-03-12 07:20:00+00:00,1,0.48367088606871367
2026-03-12 07:25:00+00:00,1,0.482026714370004
2026-03-12 07:30:00+00:00,1,0.46975630339851265
2026-03-12 07:35:00+00:00,1,0.4783378462252786
2026-03-12 07:40:00+00:00,1,0.47377873669083087
2026-03-12 07:45:00+00:00,1,0.46852547704744535
2026-03-12 07:50:00+00:00,1,0.46996866374287993
2026-03-12 07:55:00+00:00,0,0.4694312251158861
2026-03-12 08:00:00+00:00,0,0.4659398740964233
2026-03-12 08:05:00+00:00,0,0.4701295202059469
2026-03-12 08:10:00+00:00,1,0.47173733087253994
2026-03-12 08:15:00+00:00,0,0.46583438534300675
2026-03-12 08:20:00+00:00,0,0.47284432955465305
2026-03-12 08:25:00+00:00,1,0.47486311460456443
2026-03-12 08:30:00+00:00,0,0.4759522819893634
2026-03-12 08:35:00+00:00,0,0.4758708965091699
2026-03-12 08:40:00+00:00,0,0.47902472024957987
2026-03-12 08:45:00+00:00,0,0.4820793107660696
2026-03-12 08:50:00+00:00,0,0.4756850209457168
2026-03-12 08:55:00+00:00,0,0.48236372008577216
2026-03-12 09:00:00+00:00,0,0.4817801473349432
2026-03-12 09:05:00+00:00,1,0.5040102994846833
2026-03-12 09:10:00+00:00,1,0.5104067903451971
2026-03-12 09:15:00+00:00,1,0.5183050752520487
2026-03-12 09:20:00+00:00,1,0.510851703182039
2026-03-12 09:25:00+00:00,1,0.5159278770284235
2026-03-12 09:30:00+00:00,1,0.5079134880129633
2026-03-12 09:35:00+00:00,1,0.5013240857509765
2026-03-12 09:40:00+00:00,0,0.46977151097824243
2026-03-12 09:45:00+00:00,1,0.5092002119424751
2026-03-12 09:50:00+00:00,1,0.4989599991296231
2026-03-12 09:55:00+00:00,1,0.5016080156759531
2026-03-12 10:00:00+00:00,1,0.5057837885880994
2026-03-12 10:05:00+00:00,1,0.5071098260831237
2026-03-12 10:10:00+00:00,1,0.49579635702990443
2026-03-12 10:15:00+00:00,1,0.49815757081586504
2026-03-12 10:20:00+00:00,0,0.4735125381485098
2026-03-12 10:25:00+00:00,0,0.4761852806003066
2026-03-12 10:30:00+00:00,0,0.47296341735477265
2026-03-12 10:35:00+00:00,0,0.4635664120545757
2026-03-12 10:40:00+00:00,0,0.4700704201012655
2026-03-12 10:45:00+00:00,0,0.4764988813622739
2026-03-12 10:50:00+00:00,0,0.4776140466761992
2026-03-12 10:55:00+00:00,0,0.48881949429234706
2026-03-12 11:00:00+00:00,0,0.4749379112874334
2026-03-12 11:05:00+00:00,0,0.482715055921615
2026-03-12 11:10:00+00:00,1,0.5009816571485517
2026-03-12 11:15:00+00:00,1,0.4852488142136338
2026-03-12 11:20:00+00:00,0,0.4954130393661298
2026-03-12 11:25:00+00:00,0,0.4825123603029352
2026-03-12 11:30:00+00:00,0,0.4910376320867361
2026-03-12 11:35:00+00:00,0,0.47849895778001544
2026-03-12 11:40:00+00:00,0,0.4722707626485975
2026-03-12 11:45:00+00:00,1,0.47805258967607245
2026-03-12 11:50:00+00:00,1,0.5176829247853326
2026-03-12 11:55:00+00:00,1,0.5111126028771709
2026-03-12 12:00:00+00:00,1,0.5133045401757617
2026-03-12 12:05:00+00:00,1,0.5042344085504251
2026-03-12 12:10:00+00:00,1,0.4936462292320688
2026-03-12 12:15:00+00:00,1,0.4790094790816178
2026-03-12 12:20:00+00:00,1,0.47819849210843085
2026-03-12 12:25:00+00:00,1,0.46994803257210654
2026-03-12 12:30:00+00:00,1,0.467404842851522
2026-03-12 12:35:00+00:00,0,0.4671921351964956
2026-03-12 12:40:00+00:00,1,0.4709016233870413
2026-03-12 12:45:00+00:00,0,0.46320287652030767
2026-03-12 12:50:00+00:00,0,0.4699205717419761
2026-03-12 12:55:00+00:00,0,0.4727846629933328
2026-03-12 13:00:00+00:00,0,0.4698273099796077
2026-03-12 13:05:00+00:00,0,0.47534630765206853
2026-03-12 13:10:00+00:00,0,0.4751277687871338
2026-03-12 13:15:00+00:00,0,0.5026487173394145
2026-03-12 13:20:00+00:00,0,0.5169836022117423
2026-03-12 13:25:00+00:00,0,0.5109910725257077
2026-03-12 13:30:00+00:00,0,0.4717792799041668
2026-03-12 13:35:00+00:00,0,0.4825649507715529
2026-03-12 13:40:00+00:00,0,0.49984684580991484
2026-03-12 13:45:00+00:00,0,0.5085665914134517
2026-03-12 13:50:00+00:00,0,0.5119546211738222
2026-03-12 13:55:00+00:00,0,0.5100310196477054
2026-03-12 14:00:00+00:00,0,0.509750325669609
2026-03-12 14:05:00+00:00,0,0.5095623010482491
2026-03-12 14:10:00+00:00,0,0.4983546066655572
2026-03-12 14:15:00+00:00,0,0.5242973545131937
2026-03-12 14:20:00+00:00,0,0.5213702803937788
2026-03-12 14:25:00+00:00,0,0.5227322749029872
2026-03-12 14:30:00+00:00,1,0.5217714972195499
2026-03-12 14:35:00+00:00,1,0.5255517716929337
2026-03-12 14:40:00+00:00,1,0.5228831631436871
2026-03-12 14:45:00+00:00,1,0.5220339688131579
2026-03-12 14:50:00+00:00,1,0.5054321718453778
2026-03-12 14:55:00+00:00,1,0.5022153749989982
2026-03-12 15:00:00+00:00,1,0.5012066485129683
2026-03-12 15:05:00+00:00,1,0.5017248855959294
2026-03-12 15:10:00+00:00,1,0.49590261355086984
2026-03-12 15:15:00+00:00,1,0.5061607146676722
2026-03-12 15:20:00+00:00,1,0.5010384320129471
2026-03-12 15:25:00+00:00,0,0.4946334732543802
2026-03-12 15:30:00+00:00,0,0.4892141594994585
2026-03-12 15:35:00+00:00,0,0.4780761043146472
2026-03-12 15:40:00+00:00,0,0.5001998849683816
2026-03-12 15:45:00+00:00,1,0.5004659742201564
2026-03-12 15:50:00+00:00,1,0.5039598098893012
2026-03-12 15:55:00+00:00,1,0.5029469917574456
2026-03-12 16:00:00+00:00,1,0.49814106257986973
2026-03-12 16:05:00+00:00,1,0.5141692489820282
2026-03-12 16:10:00+00:00,1,0.49829259275872656
2026-03-12 16:15:00+00:00,1,0.47633685669424797
2026-03-12 16:20:00+00:00,1,0.4778056091395797
2026-03-12 16:25:00+00:00,1,0.5007650343853463
2026-03-12 16:30:00+00:00,1,0.47607938190789195
2026-03-12 16:35:00+00:00,0,0.4730748118384509
2026-03-12 16:40:00+00:00,0,0.4732963906172397
2026-03-12 16:45:00+00:00,0,0.47106000291628203
2026-03-12 16:50:00+00:00,0,0.4774433946252603
2026-03-12 16:55:00+00:00,0,0.47548277201449984
2026-03-12 17:00:00+00:00,0,0.47989045939525443
2026-03-12 17:05:00+00:00,1,0.48564665546038926
2026-03-12 17:10:00+00:00,0,0.4863155537824037
2026-03-12 17:15:00+00:00,1,0.5010477224836518
2026-03-12 17:20:00+00:00,0,0.47998213991886546
2026-03-12 17:25:00+00:00,1,0.5033607915110933
2026-03-12 17:30:00+00:00,0,0.48906824333417337
2026-03-12 17:35:00+00:00,0,0.4795370950000711
2026-03-12 17:40:00+00:00,0,0.4831932856891271
2026-03-12 17:45:00+00:00,0,0.48350266651712615
2026-03-12 17:50:00+00:00,0,0.48749711101479737
2026-03-12 17:55:00+00:00,1,0.4973770662803614
2026-03-12 18:00:00+00:00,1,0.5121983844623046
2026-03-12 18:05:00+00:00,1,0.49614645901764665
2026-03-12 18:10:00+00:00,0,0.5097269097594282
2026-03-12 18:15:00+00:00,0,0.5087263246811824
2026-03-12 18:20:00+00:00,1,0.510398961828838
2026-03-12 18:25:00+00:00,0,0.5040636444225826
2026-03-12 18:30:00+00:00,0,0.5090647594738942
2026-03-12 18:35:00+00:00,0,0.49416651389268385
2026-03-12 18:40:00+00:00,0,0.5104383967530527
2026-03-12 18:45:00+00:00,1,0.5086882441145991
2026-03-12 18:50:00+00:00,1,0.5092680516669755
2026-03-12 18:55:00+00:00,1,0.5122968700009384
2026-03-12 19:00:00+00:00,1,0.513389431364862
2026-03-12 19:05:00+00:00,1,0.514511791966283
2026-03-12 19:10:00+00:00,1,0.5117188671884064
2026-03-12 19:15:00+00:00,1,0.48083007729803934
2026-03-12 19:20:00+00:00,1,0.4799192676260566
2026-03-12 19:25:00+00:00,0,0.47038091084617756
2026-03-12 19:30:00+00:00,0,0.47259854691717723
2026-03-12 19:35:00+00:00,0,0.47326435843405873
2026-03-12 19:40:00+00:00,0,0.47367557204075483
2026-03-12 19:45:00+00:00,0,0.47364384068362525
2026-03-12 19:50:00+00:00,0,0.4884506708909013
2026-03-12 19:55:00+00:00,0,0.488948718342276
2026-03-12 20:00:00+00:00,0,0.49114627044160436
2026-03-12 20:05:00+00:00,0,0.4939580026423169
2026-03-12 20:10:00+00:00,0,0.5066176693404942
2026-03-12 20:15:00+00:00,0,0.5233115765952435
2026-03-12 20:20:00+00:00,0,0.504433659664874
2026-03-12 20:25:00+00:00,0,0.516593520394106
2026-03-12 20:30:00+00:00,1,0.5264062711139526
2026-03-12 20:35:00+00:00,1,0.5083760808420106
2026-03-12 20:40:00+00:00,1,0.5107581542143557
2026-03-12 20:45:00+00:00,1,0.510047386028426
2026-03-12 20:50:00+00:00,1,0.515423357511008
2026-03-12 20:55:00+00:00,1,0.5109612524878936
2026-03-12 21:00:00+00:00,1,0.5113382160711234
2026-03-12 21:05:00+00:00,0,0.5130982215896164
2026-03-12 21:10:00+00:00,0,0.5109773336228655
2026-03-12 21:15:00+00:00,1,0.5120938817092835
2026-03-12 21:20:00+00:00,1,0.5134677336214247
2026-03-12 21:25:00+00:00,1,0.5137476653784402
2026-03-12 21:30:00+00:00,1,0.511346836261579
2026-03-12 21:35:00+00:00,1,0.5147640109362855
2026-03-12 21:40:00+00:00,1,0.5100346387246678
2026-03-12 21:45:00+00:00,0,0.4948404369733944
2026-03-12 21:50:00+00:00,0,0.48316417666384226
2026-03-12 21:55:00+00:00,0,0.4833095814924043
2026-03-12 22:00:00+00:00,0,0.4843752510611735
2026-03-12 22:05:00+00:00,0,0.4801869875506596
2026-03-12 22:10:00+00:00,0,0.484107204970634
2026-03-12 22:15:00+00:00,0,0.5061767367403803
2026-03-12 22:20:00+00:00,0,0.5091110819263485
2026-03-12 22:25:00+00:00,1,0.4949546221350454
2026-03-12 22:30:00+00:00,1,0.5084120364402592
2026-03-12 22:35:00+00:00,1,0.4946997577848081
2026-03-12 22:40:00+00:00,1,0.49435083322389795
2026-03-12 22:45:00+00:00,1,0.5156114285945432
2026-03-12 22:50:00+00:00,1,0.5144175852171211
2026-03-12 22:55:00+00:00,1,0.48132512786560133
2026-03-12 23:00:00+00:00,1,0.4699575491344785
2026-03-12 23:05:00+00:00,1,0.4721232016990045
2026-03-12 23:10:00+00:00,1,0.4734095851913503
2026-03-12 23:15:00+00:00,1,0.4784174446671288
2026-03-12 23:20:00+00:00,1,0.4730544947305194
2026-03-12 23:25:00+00:00,1,0.4704187289127261
2026-03-12 23:30:00+00:00,0,0.4689030567190151
2026-03-12 23:35:00+00:00,0,0.4666347166552926
2026-03-12 23:40:00+00:00,1,0.4647286343406611
2026-03-12 23:45:00+00:00,1,0.4640826674928736
2026-03-12 23:50:00+00:00,1,0.471248645050627
2026-03-12 23:55:00+00:00,1,0.46523037072613166
2026-03-13 00:00:00+00:00,1,0.4744762082463365
2026-03-13 00:05:00+00:00,1,0.46812293242677355
2026-03-13 00:10:00+00:00,1,0.4632761146811214
2026-03-13 00:15:00+00:00,1,0.4645094791853201
2026-03-13 00:20:00+00:00,0,0.5164271012610457
2026-03-13 00:25:00+00:00,0,0.4937597319509318
2026-03-13 00:30:00+00:00,0,0.5674918841397427
2026-03-13 00:35:00+00:00,1,0.4746594562855115
2026-03-13 00:40:00+00:00,1,0.4715369311053251
2026-03-13 00:45:00+00:00,1,0.4719704546308027
2026-03-13 00:50:00+00:00,1,0.47745446747054926
2026-03-13 00:55:00+00:00,1,0.47093325561064703
2026-03-13 01:00:00+00:00,1,0.4723956576188137
2026-03-13 01:05:00+00:00,1,0.4717437748424935
2026-03-13 01:10:00+00:00,1,0.47312972694810007
2026-03-13 01:15:00+00:00,1,0.4770180252911257
2026-03-13 01:20:00+00:00,1,0.4743854976088801
2026-03-13 01:25:00+00:00,1,0.4744800923668792
2026-03-13 01:30:00+00:00,1,0.4750006479277561
2026-03-13 01:35:00+00:00,1,0.47500539001289205
2026-03-13 01:40:00+00:00,0,0.4791763340519933
2026-03-13 01:45:00+00:00,0,0.47913768529269646
2026-03-13 01:50:00+00:00,0,0.47916787584102816
2026-03-13 01:55:00+00:00,0,0.4773554115312788
2026-03-13 02:00:00+00:00,0,0.47749419870516746
2026-03-13 02:05:00+00:00,0,0.4760901457470541
2026-03-13 02:10:00+00:00,0,0.4792118993820305
2026-03-13 02:15:00+00:00,0,0.4777037016999657
2026-03-13 02:20:00+00:00,0,0.48917035118508523
2026-03-13 02:25:00+00:00,1,0.4901740724320945
2026-03-13 02:30:00+00:00,0,0.4873273506996334
2026-03-13 02:35:00+00:00,1,0.4905541158409317
2026-03-13 02:40:00+00:00,0,0.48912685926611904
2026-03-13 02:45:00+00:00,0,0.49392328686956966
2026-03-13 02:50:00+00:00,0,0.4863948531191964
2026-03-13 02:55:00+00:00,0,0.4884573316073756
2026-03-13 03:00:00+00:00,1,0.5103405904052746
2026-03-13 03:05:00+00:00,0,0.48815644970959615
2026-03-13 03:10:00+00:00,0,0.5097925788983996
2026-03-13 03:15:00+00:00,0,0.5108051612966538
2026-03-13 03:20:00+00:00,1,0.5159844891399101
2026-03-13 03:25:00+00:00,1,0.5163699634662531
2026-03-13 03:30:00+00:00,1,0.4930613269595523
2026-03-13 03:35:00+00:00,1,0.5195856281538863
2026-03-13 03:40:00+00:00,1,0.5129147692469385
2026-03-13 03:45:00+00:00,1,0.5194220449746707
2026-03-13 03:50:00+00:00,1,0.4772011564429953
2026-03-13 03:55:00+00:00,1,0.48305743640802623
2026-03-13 04:00:00+00:00,0,0.46900923448004417
2026-03-13 04:05:00+00:00,0,0.4747926399410072
2026-03-13 04:10:00+00:00,0,0.47420370631662656
2026-03-13 04:15:00+00:00,0,0.47789800099879237
2026-03-13 04:20:00+00:00,0,0.47564550981171033
2026-03-13 04:25:00+00:00,1,0.47892723438632834
2026-03-13 04:30:00+00:00,1,0.4883232041268178
2026-03-13 04:35:00+00:00,1,0.47993392205987756
2026-03-13 04:40:00+00:00,1,0.4792925367702132
2026-03-13 04:45:00+00:00,1,0.4791618323364321
2026-03-13 04:50:00+00:00,1,0.4790193531170056
2026-03-13 04:55:00+00:00,1,0.47434125510194275
2026-03-13 05:00:00+00:00,1,0.4753714452713066
2026-03-13 05:05:00+00:00,1,0.46886813768562857
2026-03-13 05:10:00+00:00,1,0.46637195145799754
2026-03-13 05:15:00+00:00,0,0.4658347017099252
2026-03-13 05:20:00+00:00,0,0.4735540763840814
2026-03-13 05:25:00+00:00,0,0.46703860426442556
2026-03-13 05:30:00+00:00,0,0.4645728286859887
2026-03-13 05:35:00+00:00,1,0.46652810223092567
2026-03-13 05:40:00+00:00,1,0.47275701236344786
2026-03-13 05:45:00+00:00,1,0.48407894264783247
2026-03-13 05:50:00+00:00,1,0.4727813767516907
2026-03-13 05:55:00+00:00,0,0.48084275393003534
2026-03-13 06:00:00+00:00,0,0.4671717661231021
2026-03-13 06:05:00+00:00,0,0.4664385417179771
2026-03-13 06:10:00+00:00,0,0.47304175755305533
2026-03-13 06:15:00+00:00,0,0.47382976879552297
2026-03-13 06:20:00+00:00,0,0.4763222357068541
2026-03-13 06:25:00+00:00,1,0.5078559712445566
2026-03-13 06:30:00+00:00,1,0.5055668715971833
2026-03-13 06:35:00+00:00,1,0.5116339927518736
2026-03-13 06:40:00+00:00,1,0.5099404501381577
2026-03-13 06:45:00+00:00,1,0.5198601207169913
2026-03-13 06:50:00+00:00,1,0.5059188858469917
2026-03-13 06:55:00+00:00,1,0.5096136952850372
2026-03-13 07:00:00+00:00,0,0.4929861084511344
2026-03-13 07:05:00+00:00,0,0.5039675252938813
2026-03-13 07:10:00+00:00,0,0.48812924975247457
2026-03-13 07:15:00+00:00,0,0.48757443540031714
2026-03-13 07:20:00+00:00,0,0.5070577239675209
2026-03-13 07:25:00+00:00,0,0.5009782515168802
2026-03-13 07:30:00+00:00,0,0.5085905030105309
2026-03-13 07:35:00+00:00,0,0.5147792008321652
2026-03-13 07:40:00+00:00,0,0.5132050556698006
2026-03-13 07:45:00+00:00,0,0.5078901582790617
2026-03-13 07:50:00+00:00,0,0.5116619214088923
2026-03-13 07:55:00+00:00,0,0.5105815812858528
2026-03-13 08:00:00+00:00,1,0.5017817209211433
2026-03-13 08:05:00+00:00,1,0.5097677633000836
2026-03-13 08:10:00+00:00,1,0.5061229565731425
2026-03-13 08:15:00+00:00,1,0.5030954680644742
2026-03-13 08:20:00+00:00,1,0.5093847177765356
2026-03-13 08:25:00+00:00,1,0.5055696175044027
2026-03-13 08:30:00+00:00,1,0.4964231477550608
2026-03-13 08:35:00+00:00,0,0.46772382492002423
2026-03-13 08:40:00+00:00,0,0.4813138660832415
2026-03-13 08:45:00+00:00,1,0.4860800879075574
2026-03-13 08:50:00+00:00,1,0.4858603323472672
2026-03-13 08:55:00+00:00,1,0.5038829123092763
2026-03-13 09:00:00+00:00,1,0.4869026059013953
2026-03-13 09:05:00+00:00,1,0.4997019974981374
2026-03-13 09:10:00+00:00,1,0.4835585234742035
2026-03-13 09:15:00+00:00,1,0.4713012490720093
2026-03-13 09:20:00+00:00,1,0.47113389831747304
2026-03-13 09:25:00+00:00,1,0.4671788365736883
2026-03-13 09:30:00+00:00,1,0.4647107304477687
2026-03-13 09:35:00+00:00,1,0.4638898320320358
2026-03-13 09:40:00+00:00,0,0.46271676272659695
2026-03-13 09:45:00+00:00,0,0.4655196447116542
2026-03-13 09:50:00+00:00,0,0.46418717837618545
2026-03-13 09:55:00+00:00,0,0.467511652266643
2026-03-13 10:00:00+00:00,0,0.46371693159255084
2026-03-13 10:05:00+00:00,0,0.4699776292490422
2026-03-13 10:10:00+00:00,1,0.470969613358036
2026-03-13 10:15:00+00:00,1,0.47535256736252496
2026-03-13 10:20:00+00:00,1,0.4741846539276979
2026-03-13 10:25:00+00:00,1,0.47756974971628846
2026-03-13 10:30:00+00:00,0,0.4727683039554839
2026-03-13 10:35:00+00:00,1,0.4733124164981807
2026-03-13 10:40:00+00:00,0,0.4787101234756248
2026-03-13 10:45:00+00:00,0,0.4698994465755
2026-03-13 10:50:00+00:00,0,0.47853264442610527
2026-03-13 10:55:00+00:00,0,0.4834335171169873
2026-03-13 11:00:00+00:00,0,0.482076367342316
2026-03-13 11:05:00+00:00,0,0.4808550883562758
2026-03-13 11:10:00+00:00,0,0.48831783870350665
2026-03-13 11:15:00+00:00,0,0.49295199458121286
2026-03-13 11:20:00+00:00,0,0.5077544593153865
2026-03-13 11:25:00+00:00,1,0.5126000699960459
2026-03-13 11:30:00+00:00,1,0.5081346689437476
2026-03-13 11:35:00+00:00,1,0.5139406671957952
2026-03-13 11:40:00+00:00,1,0.5058441194659499
2026-03-13 11:45:00+00:00,0,0.5061112665538774
2026-03-13 11:50:00+00:00,1,0.5063501279620557
2026-03-13 11:55:00+00:00,0,0.5026877497744853
2026-03-13 12:00:00+00:00,0,0.5002499763461845
2026-03-13 12:05:00+00:00,1,0.5041412224045475
2026-03-13 12:10:00+00:00,1,0.5064682054420102
2026-03-13 12:15:00+00:00,1,0.5060161899188425
2026-03-13 12:20:00+00:00,1,0.5045400571687807
2026-03-13 12:25:00+00:00,1,0.5126908061679972
2026-03-13 12:30:00+00:00,1,0.5105603828842814
2026-03-13 12:35:00+00:00,1,0.49987028756244406
2026-03-13 12:40:00+00:00,1,0.5062486839913535
2026-03-13 12:45:00+00:00,1,0.46990724742803136
2026-03-13 12:50:00+00:00,1,0.4826823321982874
2026-03-13 12:55:00+00:00,1,0.5047002227072153
2026-03-13 13:00:00+00:00,1,0.5073180061638055
2026-03-13 13:05:00+00:00,1,0.4885132902469152
2026-03-13 13:10:00+00:00,1,0.50697728369681
2026-03-13 13:15:00+00:00,0,0.4664339930162116
2026-03-13 13:20:00+00:00,1,0.47694792138022285
2026-03-13 13:25:00+00:00,1,0.502732863595433
2026-03-13 13:30:00+00:00,1,0.47793041799162017
2026-03-13 13:35:00+00:00,1,0.4882550884194299
2026-03-13 13:40:00+00:00,0,0.46977873275932974
2026-03-13 13:45:00+00:00,1,0.4755048553503862
2026-03-13 13:50:00+00:00,0,0.4659320087431835
2026-03-13 13:55:00+00:00,1,0.4808527913034336
2026-03-13 14:00:00+00:00,0,0.4872779172180769
2026-03-13 14:05:00+00:00,0,0.4730800087689442
2026-03-13 14:10:00+00:00,0,0.47562592244950824
2026-03-13 14:15:00+00:00,0,0.4806968387070826
2026-03-13 14:20:00+00:00,0,0.48177961929033036
2026-03-13 14:25:00+00:00,0,0.4905987614870603
2026-03-13 14:30:00+00:00,0,0.5113500532562909
2026-03-13 14:35:00+00:00,0,0.5152150163167182
2026-03-13 14:40:00+00:00,0,0.5171677034114699
2026-03-13 14:45:00+00:00,1,0.5242546570671418
2026-03-13 14:50:00+00:00,1,0.530433334239855
2026-03-13 14:55:00+00:00,1,0.5278196362141717
2026-03-13 15:00:00+00:00,1,0.5202154802903417
2026-03-13 15:05:00+00:00,0,0.5108965110527511
2026-03-13 15:10:00+00:00,0,0.4984980002635591
2026-03-13 15:15:00+00:00,0,0.5003538061197028
2026-03-13 15:20:00+00:00,0,0.5040018083080637
2026-03-13 15:25:00+00:00,0,0.5000329868250174
2026-03-13 15:30:00+00:00,0,0.5008023404189715
2026-03-13 15:35:00+00:00,0,0.5159551098512458
2026-03-13 15:40:00+00:00,0,0.5192785369252038
2026-03-13 15:45:00+00:00,0,0.5124817395113473
2026-03-13 15:50:00+00:00,0,0.5146328549021194
2026-03-13 15:55:00+00:00,0,0.5158770113082701
2026-03-13 16:00:00+00:00,1,0.5168950286529257
2026-03-13 16:05:00+00:00,1,0.5145205846946597
2026-03-13 16:10:00+00:00,1,0.5146804123354471
2026-03-13 16:15:00+00:00,1,0.5115940819348372
2026-03-13 16:20:00+00:00,1,0.5067544286017068
2026-03-13 16:25:00+00:00,0,0.505576957013828
2026-03-13 16:30:00+00:00,0,0.5047712047934527
2026-03-13 16:35:00+00:00,0,0.5018335379617913
2026-03-13 16:40:00+00:00,0,0.499418353734659
2026-03-13 16:45:00+00:00,0,0.5007573781284692
2026-03-13 16:50:00+00:00,0,0.5008427086361803
2026-03-13 16:55:00+00:00,0,0.503929613027062
2026-03-13 17:00:00+00:00,0,0.5067826168791227
2026-03-13 17:05:00+00:00,0,0.5030248524313333
2026-03-13 17:10:00+00:00,0,0.5091748439911101
2026-03-13 17:15:00+00:00,0,0.5105995292533391
2026-03-13 17:20:00+00:00,0,0.5147368491802792
2026-03-13 17:25:00+00:00,0,0.5185871038051775
2026-03-13 17:30:00+00:00,0,0.5128935296568026
2026-03-13 17:35:00+00:00,0,0.5174468859774755
2026-03-13 17:40:00+00:00,1,0.5231463275244392
2026-03-13 17:45:00+00:00,1,0.5197415857245095
2026-03-13 17:50:00+00:00,1,0.5121821320244355
2026-03-13 17:55:00+00:00,1,0.5080420863389395
2026-03-13 18:00:00+00:00,1,0.5111167760335766
2026-03-13 18:05:00+00:00,1,0.5038335546881619
2026-03-13 18:10:00+00:00,0,0.5060202346632358
2026-03-13 18:15:00+00:00,1,0.5117550792993397
2026-03-13 18:20:00+00:00,1,0.5119596541672515
2026-03-13 18:25:00+00:00,0,0.5072482711798334
2026-03-13 18:30:00+00:00,0,0.5044556367815016
2026-03-13 18:35:00+00:00,0,0.5027957153619756
2026-03-13 18:40:00+00:00,0,0.5004897723383649
2026-03-13 18:45:00+00:00,0,0.5047304899183971
2026-03-13 18:50:00+00:00,1,0.5084667398989623
2026-03-13 18:55:00+00:00,1,0.5097778445122764
2026-03-13 19:00:00+00:00,1,0.5111426845567887
2026-03-13 19:05:00+00:00,1,0.5069206364210048
2026-03-13 19:10:00+00:00,1,0.508348284989337
2026-03-13 19:15:00+00:00,1,0.5048365403038234
2026-03-13 19:20:00+00:00,1,0.49085474568547754
2026-03-13 19:25:00+00:00,1,0.496815024066994
2026-03-13 19:30:00+00:00,0,0.49454163041041593
2026-03-13 19:35:00+00:00,0,0.5033553246598865
2026-03-13 19:40:00+00:00,1,0.5045288856195115
2026-03-13 19:45:00+00:00,1,0.48851333272161507
2026-03-13 19:50:00+00:00,1,0.4874271104138055
2026-03-13 19:55:00+00:00,1,0.4981898104473269
2026-03-13 20:00:00+00:00,1,0.5079739284364554
2026-03-13 20:05:00+00:00,1,0.512341081842072
2026-03-13 20:10:00+00:00,0,0.49395398043771716
2026-03-13 20:15:00+00:00,0,0.48085032836403935
2026-03-13 20:20:00+00:00,0,0.48200199745423417
2026-03-13 20:25:00+00:00,1,0.49412357742890856
2026-03-13 20:30:00+00:00,1,0.4884997996205787
2026-03-13 20:35:00+00:00,1,0.5059417295157101
2026-03-13 20:40:00+00:00,1,0.5085949892668632
2026-03-13 20:45:00+00:00,1,0.5073165504038759
2026-03-13 20:50:00+00:00,1,0.4908013011030112
2026-03-13 20:55:00+00:00,0,0.4913564746351299
2026-03-13 21:00:00+00:00,0,0.48401112389947354
2026-03-13 21:05:00+00:00,0,0.4843509872272388
2026-03-13 21:10:00+00:00,0,0.48287383727531774
2026-03-13 21:15:00+00:00,0,0.48604105039584244
2026-03-13 21:20:00+00:00,0,0.49287810115826713
2026-03-13 21:25:00+00:00,0,0.5248350748346418
2026-03-13 21:30:00+00:00,0,0.521449675996626
2026-03-13 21:35:00+00:00,0,0.5288877090881386
2026-03-13 21:40:00+00:00,0,0.5259599789875956
2026-03-13 21:45:00+00:00,0,0.5141010694346533
2026-03-13 21:50:00+00:00,0,0.5139529570578494
2026-03-13 21:55:00+00:00,0,0.5186320702183843
2026-03-13 22:00:00+00:00,0,0.5272103646748049
2026-03-13 22:05:00+00:00,0,0.5201348040453466
2026-03-13 22:10:00+00:00,0,0.5214304702657601
2026-03-13 22:15:00+00:00,0,0.5239981490914247
2026-03-13 22:20:00+00:00,1,0.5234696947062353
2026-03-13 22:25:00+00:00,1,0.5127954998852267
2026-03-13 22:30:00+00:00,1,0.5113262434230345
2026-03-13 22:35:00+00:00,1,0.5168518786728385
2026-03-13 22:40:00+00:00,1,0.5115849379978408
2026-03-13 22:45:00+00:00,1,0.5091604863149386
2026-03-13 22:50:00+00:00,1,0.5076670858849947
2026-03-13 22:55:00+00:00,1,0.5078779023846963
2026-03-13 23:00:00+00:00,1,0.5110675951870463
2026-03-13 23:05:00+00:00,1,0.5074618299111382
2026-03-13 23:10:00+00:00,1,0.5031203016870883
2026-03-13 23:15:00+00:00,1,0.5012042208230576
2026-03-13 23:20:00+00:00,0,0.49388387153717656
2026-03-13 23:25:00+00:00,1,0.5079834793370034
2026-03-13 23:30:00+00:00,0,0.5055180407969414
2026-03-13 23:35:00+00:00,0,0.5021406386269414
2026-03-13 23:40:00+00:00,0,0.4914230990048293
2026-03-13 23:45:00+00:00,0,0.4940925104288205
2026-03-13 23:50:00+00:00,0,0.4814622024039553
2026-03-13 23:55:00+00:00,1,0.480147825913753
2026-03-14 00:00:00+00:00,1,0.500307526432153
2026-03-14 00:05:00+00:00,1,0.5006820810765665
2026-03-14 00:10:00+00:00,0,0.49459869768020426
2026-03-14 00:15:00+00:00,0,0.49835525589354446
2026-03-14 00:20:00+00:00,0,0.5002788991212366
2026-03-14 00:25:00+00:00,0,0.477371490814333
2026-03-14 00:30:00+00:00,0,0.4808553103702532
2026-03-14 00:35:00+00:00,0,0.49933211054427884
2026-03-14 00:40:00+00:00,0,0.5190493059452935
2026-03-14 00:45:00+00:00,1,0.5185392710587738
2026-03-14 00:50:00+00:00,1,0.5248617092582409
2026-03-14 00:55:00+00:00,1,0.5255419488269938
2026-03-14 01:00:00+00:00,1,0.514532391268604
2026-03-14 01:05:00+00:00,0,0.5072322516011486
2026-03-14 01:10:00+00:00,1,0.5149223756775322
2026-03-14 01:15:00+00:00,1,0.5092426025038624
2026-03-14 01:20:00+00:00,0,0.4954778329728618
2026-03-14 01:25:00+00:00,1,0.5108417552304686
2026-03-14 01:30:00+00:00,1,0.5141294631351535
2026-03-14 01:35:00+00:00,0,0.5129187433010848
2026-03-14 01:40:00+00:00,0,0.5161074805173592
2026-03-14 01:45:00+00:00,0,0.5106101717067656
2026-03-14 01:50:00+00:00,0,0.49766233363214635
2026-03-14 01:55:00+00:00,0,0.504655407042171
2026-03-14 02:00:00+00:00,0,0.5090491259015697
2026-03-14 02:05:00+00:00,0,0.5181353166138581
2026-03-14 02:10:00+00:00,1,0.5179751752881683
2026-03-14 02:15:00+00:00,0,0.511515610514471
2026-03-14 02:20:00+00:00,1,0.5098507698457986
2026-03-14 02:25:00+00:00,1,0.5109918493398588
2026-03-14 02:30:00+00:00,1,0.511438727639514
2026-03-14 02:35:00+00:00,1,0.507762671761966
2026-03-14 02:40:00+00:00,1,0.5102729026055005
2026-03-14 02:45:00+00:00,1,0.5032219259955573
2026-03-14 02:50:00+00:00,1,0.49087558585659896
2026-03-14 02:55:00+00:00,1,0.5024818270506941
2026-03-14 03:00:00+00:00,1,0.497957744214003
2026-03-14 03:05:00+00:00,1,0.4806413988363685
2026-03-14 03:10:00+00:00,1,0.48727261734334465
2026-03-14 03:15:00+00:00,1,0.4892657487297484
2026-03-14 03:20:00+00:00,1,0.4928337219806656
2026-03-14 03:25:00+00:00,1,0.4870091678096977
2026-03-14 03:30:00+00:00,1,0.477656782919391
2026-03-14 03:35:00+00:00,1,0.47977733877322726
2026-03-14 03:40:00+00:00,1,0.4856651054256994
2026-03-14 03:45:00+00:00,1,0.4859436510086079
2026-03-14 03:50:00+00:00,0,0.4835145378314384
2026-03-14 03:55:00+00:00,1,0.4987538890502745
2026-03-14 04:00:00+00:00,1,0.47932329518116035
2026-03-14 04:05:00+00:00,1,0.4793513651954828
2026-03-14 04:10:00+00:00,1,0.4820629182822483
2026-03-14 04:15:00+00:00,1,0.4881995419048676
2026-03-14 04:20:00+00:00,0,0.49843329629283656
2026-03-14 04:25:00+00:00,0,0.48601445144935235
2026-03-14 04:30:00+00:00,0,0.4822720289378664
2026-03-14 04:35:00+00:00,0,0.47834139593056063
2026-03-14 04:40:00+00:00,0,0.48717710663057084
2026-03-14 04:45:00+00:00,0,0.4857519141443534
2026-03-14 04:50:00+00:00,0,0.5152780536514058
2026-03-14 04:55:00+00:00,0,0.5165007330082148
2026-03-14 05:00:00+00:00,0,0.5163751223504184
2026-03-14 05:05:00+00:00,0,0.5117070119948259
2026-03-14 05:10:00+00:00,0,0.5155931262998642
2026-03-14 05:15:00+00:00,0,0.5050873714630348
2026-03-14 05:20:00+00:00,0,0.5091840081663425
2026-03-14 05:25:00+00:00,1,0.5117147613392325
2026-03-14 05:30:00+00:00,0,0.5170693114826137
2026-03-14 05:35:00+00:00,0,0.5085335340734652
2026-03-14 05:40:00+00:00,0,0.513436909054822
2026-03-14 05:45:00+00:00,0,0.5104680261868363
2026-03-14 05:50:00+00:00,0,0.5099637981486024
2026-03-14 05:55:00+00:00,0,0.5080845096722383
2026-03-14 06:00:00+00:00,0,0.5144310836220338
2026-03-14 06:05:00+00:00,0,0.5110465595139073
2026-03-14 06:10:00+00:00,0,0.5112828098398677
2026-03-14 06:15:00+00:00,0,0.5198045252217436
2026-03-14 06:20:00+00:00,1,0.5293030179350876
2026-03-14 06:25:00+00:00,1,0.5227358838427909
2026-03-14 06:30:00+00:00,1,0.5238496955371074
2026-03-14 06:35:00+00:00,1,0.5273597176841265
2026-03-14 06:40:00+00:00,1,0.5240762561242353
2026-03-14 06:45:00+00:00,1,0.5112967221516823
2026-03-14 06:50:00+00:00,1,0.5090869099076045
2026-03-14 06:55:00+00:00,1,0.5062582252667811
2026-03-14 07:00:00+00:00,0,0.5023672820429192
2026-03-14 07:05:00+00:00,0,0.4962376386787416
2026-03-14 07:10:00+00:00,0,0.49499359912233626
2026-03-14 07:15:00+00:00,0,0.49855228196970336
2026-03-14 07:20:00+00:00,0,0.5037924364797565
2026-03-14 07:25:00+00:00,0,0.5023281280163894
2026-03-14 07:30:00+00:00,0,0.5077434484950618
2026-03-14 07:35:00+00:00,0,0.5111484376646059
2026-03-14 07:40:00+00:00,1,0.5101289873199116
2026-03-14 07:45:00+00:00,1,0.5082716375299723
2026-03-14 07:50:00+00:00,1,0.5079810824156931
2026-03-14 07:55:00+00:00,1,0.5039509632908942
2026-03-14 08:00:00+00:00,1,0.497092435062216
2026-03-14 08:05:00+00:00,1,0.506613500219018
2026-03-14 08:10:00+00:00,0,0.49852137559057325
2026-03-14 08:15:00+00:00,0,0.4999943647228156
2026-03-14 08:20:00+00:00,0,0.5014281995839591
2026-03-14 08:25:00+00:00,0,0.503737289758584
2026-03-14 08:30:00+00:00,0,0.4996927626126526
2026-03-14 08:35:00+00:00,1,0.5133591894921055
2026-03-14 08:40:00+00:00,1,0.5088667022639086
2026-03-14 08:45:00+00:00,1,0.5098249835585862
2026-03-14 08:50:00+00:00,1,0.5111922706318043
2026-03-14 08:55:00+00:00,1,0.5121822880564135
2026-03-14 09:00:00+00:00,0,0.5051125510137495
2026-03-14 09:05:00+00:00,0,0.5096193222206489
2026-03-14 09:10:00+00:00,1,0.5077754020141118
2026-03-14 09:15:00+00:00,0,0.5068956103107711
2026-03-14 09:20:00+00:00,0,0.5091796710906384
2026-03-14 09:25:00+00:00,0,0.5063619483375956
2026-03-14 09:30:00+00:00,0,0.5125520004257499
2026-03-14 09:35:00+00:00,0,0.5118461007732447
2026-03-14 09:40:00+00:00,0,0.5070115056104516
2026-03-14 09:45:00+00:00,0,0.5223691123191665
2026-03-14 09:50:00+00:00,0,0.512966493288912
2026-03-14 09:55:00+00:00,0,0.5086984809449667
2026-03-14 10:00:00+00:00,0,0.5121167915670559
2026-03-14 10:05:00+00:00,0,0.5112993694504157
2026-03-14 10:10:00+00:00,0,0.5065219652434373
2026-03-14 10:15:00+00:00,0,0.5155889329391234
2026-03-14 10:20:00+00:00,1,0.5141405855980429
2026-03-14 10:25:00+00:00,1,0.5099365328094567
2026-03-14 10:30:00+00:00,1,0.5145324325603939
2026-03-14 10:35:00+00:00,1,0.5120922407871917
2026-03-14 10:40:00+00:00,1,0.5051624356344557
2026-03-14 10:45:00+00:00,1,0.5060095825609243
2026-03-14 10:50:00+00:00,1,0.5032262503694788
2026-03-14 10:55:00+00:00,1,0.5029907887216704
2026-03-14 11:00:00+00:00,1,0.5024069980718614
2026-03-14 11:05:00+00:00,1,0.5046679540320593
2026-03-14 11:10:00+00:00,1,0.5026221901712367
2026-03-14 11:15:00+00:00,1,0.5061831930977473
2026-03-14 11:20:00+00:00,1,0.5008241282552839
2026-03-14 11:25:00+00:00,1,0.5013862396115765
2026-03-14 11:30:00+00:00,1,0.4966002756792541
2026-03-14 11:35:00+00:00,0,0.4920693289943698
2026-03-14 11:40:00+00:00,0,0.4904748660573863
2026-03-14 11:45:00+00:00,0,0.48699793981883377
2026-03-14 11:50:00+00:00,0,0.4952622430942569
2026-03-14 11:55:00+00:00,0,0.4944028669561869
2026-03-14 12:00:00+00:00,0,0.49558652053051844
2026-03-14 12:05:00+00:00,0,0.49744219234866455
2026-03-14 12:10:00+00:00,0,0.4941420107244363
2026-03-14 12:15:00+00:00,0,0.4988620477221468
2026-03-14 12:20:00+00:00,0,0.49762531798091814
2026-03-14 12:25:00+00:00,1,0.5004088072814296
2026-03-14 12:30:00+00:00,1,0.5049502806084689
2026-03-14 12:35:00+00:00,1,0.5103712411105729
2026-03-14 12:40:00+00:00,1,0.5131449837952472
2026-03-14 12:45:00+00:00,1,0.4964238634916089
2026-03-14 12:50:00+00:00,1,0.4983375614409573
2026-03-14 12:55:00+00:00,1,0.49992033443314865
2026-03-14 13:00:00+00:00,1,0.49492885133616865
2026-03-14 13:05:00+00:00,1,0.5051645928494487
2026-03-14 13:10:00+00:00,1,0.49702571405961243
2026-03-14 13:15:00+00:00,1,0.4836642027828645
2026-03-14 13:20:00+00:00,1,0.4796092122028851
2026-03-14 13:25:00+00:00,0,0.4755190916234645
2026-03-14 13:30:00+00:00,0,0.4747127813736125
2026-03-14 13:35:00+00:00,0,0.47714683859032286
2026-03-14 13:40:00+00:00,0,0.47995607509031507
2026-03-14 13:45:00+00:00,0,0.4774813772362651
2026-03-14 13:50:00+00:00,0,0.4885418918152525
2026-03-14 13:55:00+00:00,1,0.48327662554056866
2026-03-14 14:00:00+00:00,0,0.4830685680550602
2026-03-14 14:05:00+00:00,0,0.48529088235961887
2026-03-14 14:10:00+00:00,0,0.4847892584204019
2026-03-14 14:15:00+00:00,0,0.4837521701306958
2026-03-14 14:20:00+00:00,0,0.48614219097843786
2026-03-14 14:25:00+00:00,0,0.4835050018921434
2026-03-14 14:30:00+00:00,0,0.49192031583575385
2026-03-14 14:35:00+00:00,0,0.5021337737293643
2026-03-14 14:40:00+00:00,0,0.5191822265567742
2026-03-14 14:45:00+00:00,1,0.5180248430211161
2026-03-14 14:50:00+00:00,0,0.5110864508751346
2026-03-14 14:55:00+00:00,1,0.5183926073207751
2026-03-14 15:00:00+00:00,0,0.5090436459003873
2026-03-14 15:05:00+00:00,0,0.5021508352376043
2026-03-14 15:10:00+00:00,0,0.4995894182906148
2026-03-14 15:15:00+00:00,1,0.506379208687785
2026-03-14 15:20:00+00:00,1,0.5017737394004057
2026-03-14 15:25:00+00:00,1,0.5015460076188867
2026-03-14 15:30:00+00:00,1,0.511178174733779
2026-03-14 15:35:00+00:00,1,0.509145984609902
2026-03-14 15:40:00+00:00,1,0.502036151786259
2026-03-14 15:45:00+00:00,1,0.5025221714695276
2026-03-14 15:50:00+00:00,1,0.4968432364500906
2026-03-14 15:55:00+00:00,1,0.5044518934617838
2026-03-14 16:00:00+00:00,1,0.5010452816618279
2026-03-14 16:05:00+00:00,1,0.5046293828983708
2026-03-14 16:10:00+00:00,1,0.5028611068396999
2026-03-14 16:15:00+00:00,1,0.48775536279718323
2026-03-14 16:20:00+00:00,1,0.4853675040450468
2026-03-14 16:25:00+00:00,1,0.479415374264308
2026-03-14 16:30:00+00:00,0,0.47886039363566674
2026-03-14 16:35:00+00:00,0,0.4819758690202882
2026-03-14 16:40:00+00:00,0,0.48163558052808203
2026-03-14 16:45:00+00:00,0,0.484842323549981
2026-03-14 16:50:00+00:00,0,0.48153080199291765
2026-03-14 16:55:00+00:00,0,0.48092914860556685
2026-03-14 17:00:00+00:00,0,0.4865317308174942
2026-03-14 17:05:00+00:00,0,0.4901725574762125
2026-03-14 17:10:00+00:00,0,0.4920797956539544
2026-03-14 17:15:00+00:00,0,0.4921302979447534
2026-03-14 17:20:00+00:00,0,0.4966512040002745
2026-03-14 17:25:00+00:00,0,0.49324286459815353
2026-03-14 17:30:00+00:00,0,0.49338858433926647
2026-03-14 17:35:00+00:00,0,0.4959335145770766
2026-03-14 17:40:00+00:00,0,0.4947086725316133
2026-03-14 17:45:00+00:00,0,0.5007102906995495
2026-03-14 17:50:00+00:00,0,0.5114227081228299
2026-03-14 17:55:00+00:00,0,0.5103098567192472
2026-03-14 18:00:00+00:00,1,0.5181019064776604
2026-03-14 18:05:00+00:00,1,0.5218095611137294
2026-03-14 18:10:00+00:00,1,0.5197161938457154
2026-03-14 18:15:00+00:00,1,0.5197967308862311
2026-03-14 18:20:00+00:00,1,0.51902210538778
2026-03-14 18:25:00+00:00,1,0.514554022833509
2026-03-14 18:30:00+00:00,0,0.5165590990496354
2026-03-14 18:35:00+00:00,0,0.5182215131493776
2026-03-14 18:40:00+00:00,0,0.5178118305402214
2026-03-14 18:45:00+00:00,0,0.5170563278962974
2026-03-14 18:50:00+00:00,0,0.5183596188597555
2026-03-14 18:55:00+00:00,0,0.5196951283737065
2026-03-14 19:00:00+00:00,0,0.5224234752097292
2026-03-14 19:05:00+00:00,0,0.5217449114923859
2026-03-14 19:10:00+00:00,0,0.5263190342556319
2026-03-14 19:15:00+00:00,1,0.5241645604638947
2026-03-14 19:20:00+00:00,0,0.5227320227109975
2026-03-14 19:25:00+00:00,0,0.5200134130852874
2026-03-14 19:30:00+00:00,0,0.52642999726553
2026-03-14 19:35:00+00:00,0,0.5226822558649437
2026-03-14 19:40:00+00:00,0,0.5243483703931936
2026-03-14 19:45:00+00:00,0,0.5268904000616298
2026-03-14 19:50:00+00:00,0,0.5269243419866843
2026-03-14 19:55:00+00:00,0,0.5281275213451583
2026-03-14 20:00:00+00:00,1,0.5323206314014911
2026-03-14 20:05:00+00:00,0,0.530467163144813
2026-03-14 20:10:00+00:00,1,0.5304659579744169
2026-03-14 20:15:00+00:00,1,0.527799577242819
2026-03-14 20:20:00+00:00,1,0.5275285041700785
2026-03-14 20:25:00+00:00,1,0.5278128212501995
2026-03-14 20:30:00+00:00,1,0.5334366924765955
2026-03-14 20:35:00+00:00,1,0.5261377759646214
2026-03-14 20:40:00+00:00,0,0.5286956888956185
2026-03-14 20:45:00+00:00,0,0.52847121565472
2026-03-14 20:50:00+00:00,1,0.5299329047245782
2026-03-14 20:55:00+00:00,1,0.5282330818103851
2026-03-14 21:00:00+00:00,1,0.5162576703678086
2026-03-14 21:05:00+00:00,1,0.5285064166699515
2026-03-14 21:10:00+00:00,1,0.5275972911471527
2026-03-14 21:15:00+00:00,1,0.5329705899300742
2026-03-14 21:20:00+00:00,1,0.5216813658126316
2026-03-14 21:25:00+00:00,1,0.5249176157051388
2026-03-14 21:30:00+00:00,1,0.5134951422791514
2026-03-14 21:35:00+00:00,1,0.5045857729239929
2026-03-14 21:40:00+00:00,1,0.5080812683933966
2026-03-14 21:45:00+00:00,1,0.5068084747962549
2026-03-14 21:50:00+00:00,0,0.5036718829294049
2026-03-14 21:55:00+00:00,0,0.5006147029456997
2026-03-14 22:00:00+00:00,1,0.5002568771631791
2026-03-14 22:05:00+00:00,1,0.492552961926996
2026-03-14 22:10:00+00:00,1,0.4974585197460611
2026-03-14 22:15:00+00:00,1,0.5024310721760366
2026-03-14 22:20:00+00:00,0,0.49686996787867094
2026-03-14 22:25:00+00:00,1,0.5021834960924394
2026-03-14 22:30:00+00:00,1,0.5043396020079667
2026-03-14 22:35:00+00:00,1,0.5003407798800149
2026-03-14 22:40:00+00:00,1,0.5028195816006182
2026-03-14 22:45:00+00:00,1,0.5052125326317469
2026-03-14 22:50:00+00:00,1,0.5072105867868913
2026-03-14 22:55:00+00:00,1,0.509071464016246
2026-03-14 23:00:00+00:00,1,0.47880358856572774
2026-03-14 23:05:00+00:00,1,0.4770682785025646
2026-03-14 23:10:00+00:00,1,0.4816855107767273
2026-03-14 23:15:00+00:00,1,0.4821086609748948
2026-03-14 23:20:00+00:00,1,0.4795245924579429
2026-03-14 23:25:00+00:00,1,0.4797849166980918
2026-03-14 23:30:00+00:00,0,0.47697766485947674
2026-03-14 23:35:00+00:00,0,0.4754328045301295
2026-03-14 23:40:00+00:00,0,0.4786793136556347
2026-03-14 23:45:00+00:00,0,0.4794874034416986
2026-03-14 23:50:00+00:00,0,0.48265156531480546
2026-03-14 23:55:00+00:00,0,0.48485436430959467
2026-03-15 00:00:00+00:00,0,0.4849320554129864
2026-03-15 00:05:00+00:00,0,0.48715288836327814
2026-03-15 00:10:00+00:00,0,0.4905283055624466
2026-03-15 00:15:00+00:00,0,0.49666131138971326
2026-03-15 00:20:00+00:00,1,0.509286083233403
2026-03-15 00:25:00+00:00,1,0.5028925439709028
2026-03-15 00:30:00+00:00,1,0.5082345308340512
2026-03-15 00:35:00+00:00,1,0.50601045780693
2026-03-15 00:40:00+00:00,1,0.5001181044685604
2026-03-15 00:45:00+00:00,1,0.510051588832023
2026-03-15 00:50:00+00:00,1,0.49389404838952883
2026-03-15 00:55:00+00:00,1,0.488995008467827
2026-03-15 01:00:00+00:00,1,0.4811046328354645
2026-03-15 01:05:00+00:00,1,0.48113922409038007
2026-03-15 01:10:00+00:00,1,0.49133036146703585
2026-03-15 01:15:00+00:00,0,0.4742725327646601
2026-03-15 01:20:00+00:00,0,0.48041202180418086
2026-03-15 01:25:00+00:00,0,0.47550728980066836
2026-03-15 01:30:00+00:00,1,0.4844687723158536
2026-03-15 01:35:00+00:00,1,0.4812870262432696
2026-03-15 01:40:00+00:00,1,0.4866680020555759
2026-03-15 01:45:00+00:00,1,0.49238856184771157
2026-03-15 01:50:00+00:00,1,0.5071057178087227
2026-03-15 01:55:00+00:00,1,0.5068313294320774
2026-03-15 02:00:00+00:00,1,0.4816525424683284
2026-03-15 02:05:00+00:00,1,0.4734393250108327
2026-03-15 02:10:00+00:00,1,0.47702128593931176
2026-03-15 02:15:00+00:00,1,0.47375605186580855
2026-03-15 02:20:00+00:00,1,0.47949970290802696
2026-03-15 02:25:00+00:00,1,0.48413044447841214
2026-03-15 02:30:00+00:00,1,0.4890855503730171
2026-03-15 02:35:00+00:00,1,0.4784061612366726
2026-03-15 02:40:00+00:00,1,0.4675979885956543
2026-03-15 02:45:00+00:00,0,0.46619647297542266
2026-03-15 02:50:00+00:00,0,0.4687560340182738
2026-03-15 02:55:00+00:00,0,0.4696159724658238
2026-03-15 03:00:00+00:00,0,0.46980674964889496
2026-03-15 03:05:00+00:00,0,0.47432894174843115
2026-03-15 03:10:00+00:00,0,0.47293369414861597
2026-03-15 03:15:00+00:00,0,0.47334558402813925
2026-03-15 03:20:00+00:00,0,0.47352361354083655
2026-03-15 03:25:00+00:00,1,0.4806762807786098
2026-03-15 03:30:00+00:00,1,0.4802781059688073
2026-03-15 03:35:00+00:00,1,0.48347797147206345
2026-03-15 03:40:00+00:00,1,0.48474288788864894
2026-03-15 03:45:00+00:00,1,0.5072457409148079
2026-03-15 03:50:00+00:00,1,0.49197297654760447
2026-03-15 03:55:00+00:00,0,0.4865123733486275
2026-03-15 04:00:00+00:00,0,0.48124033211844175
2026-03-15 04:05:00+00:00,0,0.4808292548779543
2026-03-15 04:10:00+00:00,0,0.4828719528611912
2026-03-15 04:15:00+00:00,0,0.4756900351599006
2026-03-15 04:20:00+00:00,0,0.4918180590989712
2026-03-15 04:25:00+00:00,0,0.5250352246181066
2026-03-15 04:30:00+00:00,1,0.5253671312460948
2026-03-15 04:35:00+00:00,1,0.5197698139479981
2026-03-15 04:40:00+00:00,0,0.5168305937482628
2026-03-15 04:45:00+00:00,1,0.5230915922018465
2026-03-15 04:50:00+00:00,1,0.5093373021211272
2026-03-15 04:55:00+00:00,1,0.5049771996677058
2026-03-15 05:00:00+00:00,1,0.509593181947648
2026-03-15 05:05:00+00:00,1,0.5057255370057089
2026-03-15 05:10:00+00:00,1,0.5091962462534108
2026-03-15 05:15:00+00:00,0,0.49944415720574803
2026-03-15 05:20:00+00:00,0,0.4745767067272299
2026-03-15 05:25:00+00:00,0,0.5080878136281819
2026-03-15 05:30:00+00:00,0,0.5082933888709741
2026-03-15 05:35:00+00:00,0,0.5017467736785304
2026-03-15 05:40:00+00:00,0,0.5072149897343627
2026-03-15 05:45:00+00:00,0,0.5133761789532538
2026-03-15 05:50:00+00:00,0,0.5123637712341026
2026-03-15 05:55:00+00:00,0,0.5121280673955088
2026-03-15 06:00:00+00:00,0,0.5102032295886867
2026-03-15 06:05:00+00:00,0,0.5111161900639233
2026-03-15 06:10:00+00:00,0,0.509779212300297
2026-03-15 06:15:00+00:00,0,0.5148196272444762
2026-03-15 06:20:00+00:00,0,0.5141320694610289
2026-03-15 06:25:00+00:00,1,0.5178595270363324
2026-03-15 06:30:00+00:00,1,0.5237216767299918
2026-03-15 06:35:00+00:00,1,0.5199092362534627
2026-03-15 06:40:00+00:00,1,0.5134046310272431
2026-03-15 06:45:00+00:00,1,0.5104907606675105
2026-03-15 06:50:00+00:00,1,0.5076018146609419
2026-03-15 06:55:00+00:00,0,0.5036541601453739
2026-03-15 07:00:00+00:00,0,0.49936381176968464
2026-03-15 07:05:00+00:00,1,0.5049629247444715
2026-03-15 07:10:00+00:00,0,0.5054439759156102
2026-03-15 07:15:00+00:00,0,0.5046635475811366
2026-03-15 07:20:00+00:00,1,0.5054852976677404
2026-03-15 07:25:00+00:00,1,0.5088436737947688
2026-03-15 07:30:00+00:00,1,0.5040573184270526
2026-03-15 07:35:00+00:00,1,0.5033003634193932
2026-03-15 07:40:00+00:00,1,0.5062406578912048
2026-03-15 07:45:00+00:00,1,0.5047659773264684
2026-03-15 07:50:00+00:00,0,0.49776273460686754
2026-03-15 07:55:00+00:00,0,0.501739767921227
2026-03-15 08:00:00+00:00,1,0.5061413295086361
2026-03-15 08:05:00+00:00,1,0.5064559165774993
2026-03-15 08:10:00+00:00,1,0.5042420042624517
2026-03-15 08:15:00+00:00,1,0.49850004936809883
2026-03-15 08:20:00+00:00,1,0.489835652294284
2026-03-15 08:25:00+00:00,1,0.5081636535238996
2026-03-15 08:30:00+00:00,1,0.5020497277643436
2026-03-15 08:35:00+00:00,1,0.5059578006231785
2026-03-15 08:40:00+00:00,1,0.506543286731852
2026-03-15 08:45:00+00:00,1,0.4860202503670715
2026-03-15 08:50:00+00:00,1,0.486538171469004
2026-03-15 08:55:00+00:00,0,0.4803709363337724
2026-03-15 09:00:00+00:00,0,0.4795086034651274
2026-03-15 09:05:00+00:00,0,0.47918662814376944
2026-03-15 09:10:00+00:00,0,0.48648747984500007
2026-03-15 09:15:00+00:00,0,0.4822728928947522
2026-03-15 09:20:00+00:00,0,0.48509785038164477
2026-03-15 09:25:00+00:00,0,0.4871374332216774
2026-03-15 09:30:00+00:00,0,0.49274330756296514
2026-03-15 09:35:00+00:00,0,0.48649554620977337
2026-03-15 09:40:00+00:00,1,0.5041144854726544
2026-03-15 09:45:00+00:00,1,0.509289343080085
2026-03-15 09:50:00+00:00,1,0.5061556367062061
2026-03-15 09:55:00+00:00,1,0.5115754906066443
2026-03-15 10:00:00+00:00,1,0.5113793032512532
2026-03-15 10:05:00+00:00,1,0.4992435453715158
2026-03-15 10:10:00+00:00,0,0.489050840478842
2026-03-15 10:15:00+00:00,0,0.48555129421782584
2026-03-15 10:20:00+00:00,0,0.490354589309057
2026-03-15 10:25:00+00:00,0,0.49468568811548097
2026-03-15 10:30:00+00:00,0,0.49830835955488373
2026-03-15 10:35:00+00:00,0,0.5089592551009657
2026-03-15 10:40:00+00:00,0,0.506852333329285
2026-03-15 10:45:00+00:00,0,0.505916678929194
2026-03-15 10:50:00+00:00,0,0.509093134309392
2026-03-15 10:55:00+00:00,0,0.5069884204252149
2026-03-15 11:00:00+00:00,1,0.5135772526367995
2026-03-15 11:05:00+00:00,1,0.5143343294557948
2026-03-15 11:10:00+00:00,1,0.5139423215708022
2026-03-15 11:15:00+00:00,1,0.5130692698300451
2026-03-15 11:20:00+00:00,1,0.5081934444106626
2026-03-15 11:25:00+00:00,1,0.5110693348998429
2026-03-15 11:30:00+00:00,1,0.5127299047479833
2026-03-15 11:35:00+00:00,1,0.5139738194055267
2026-03-15 11:40:00+00:00,0,0.5102686700307034
2026-03-15 11:45:00+00:00,0,0.5142066366876803
2026-03-15 11:50:00+00:00,0,0.5146604917387034
2026-03-15 11:55:00+00:00,1,0.5100911504475258
2026-03-15 12:00:00+00:00,1,0.511526623066093
2026-03-15 12:05:00+00:00,1,0.5072914481267804
2026-03-15 12:10:00+00:00,1,0.513733702120008
2026-03-15 12:15:00+00:00,0,0.5113628298132945
2026-03-15 12:20:00+00:00,1,0.5147834353356829
2026-03-15 12:25:00+00:00,0,0.4884429468924538
2026-03-15 12:30:00+00:00,0,0.48176334402879517
2026-03-15 12:35:00+00:00,0,0.4922502556681154
2026-03-15 12:40:00+00:00,0,0.5051785172025696
2026-03-15 12:45:00+00:00,0,0.5030575300734257
2026-03-15 12:50:00+00:00,0,0.5025743959010744
2026-03-15 12:55:00+00:00,0,0.5054453604610495
2026-03-15 13:00:00+00:00,0,0.4918779453955222
2026-03-15 13:05:00+00:00,0,0.5191095633468723
2026-03-15 13:10:00+00:00,0,0.517437977282666
2026-03-15 13:15:00+00:00,1,0.5191067854791143
2026-03-15 13:20:00+00:00,1,0.5109245401555503
2026-03-15 13:25:00+00:00,1,0.5096018220719014
2026-03-15 13:30:00+00:00,1,0.5161647672513534
2026-03-15 13:35:00+00:00,1,0.5205914368333803
2026-03-15 13:40:00+00:00,1,0.5035112735017921
2026-03-15 13:45:00+00:00,1,0.5051750127002725
2026-03-15 13:50:00+00:00,1,0.5003185252286653
2026-03-15 13:55:00+00:00,0,0.49464977165405427
2026-03-15 14:00:00+00:00,0,0.48105192066562846
2026-03-15 14:05:00+00:00,0,0.4783951388812424
2026-03-15 14:10:00+00:00,0,0.48538087075339914
2026-03-15 14:15:00+00:00,0,0.4994333827226227
2026-03-15 14:20:00+00:00,1,0.5049576931472612
2026-03-15 14:25:00+00:00,1,0.5005675967645477
2026-03-15 14:30:00+00:00,1,0.5045404272590622
2026-03-15 14:35:00+00:00,1,0.5080589758244801
2026-03-15 14:40:00+00:00,0,0.49197385837935176
2026-03-15 14:45:00+00:00,0,0.4915080502422336
2026-03-15 14:50:00+00:00,0,0.4766825446354222
2026-03-15 14:55:00+00:00,0,0.4755241195340176
2026-03-15 15:00:00+00:00,0,0.4772006974024151
2026-03-15 15:05:00+00:00,0,0.48558785138388066
2026-03-15 15:10:00+00:00,0,0.4956992530515378
2026-03-15 15:15:00+00:00,0,0.4992443235077554
2026-03-15 15:20:00+00:00,1,0.5037349808808954
2026-03-15 15:25:00+00:00,1,0.5179375153860479
2026-03-15 15:30:00+00:00,1,0.5093109631039475
2026-03-15 15:35:00+00:00,1,0.5118763116613766
2026-03-15 15:40:00+00:00,1,0.5001788118817349
2026-03-15 15:45:00+00:00,1,0.5017005991150176
2026-03-15 15:50:00+00:00,0,0.49212143043551554
2026-03-15 15:55:00+00:00,1,0.5019880638834934
2026-03-15 16:00:00+00:00,0,0.4796241013647166
2026-03-15 16:05:00+00:00,0,0.4836092624008725
2026-03-15 16:10:00+00:00,0,0.4866351224997991
2026-03-15 16:15:00+00:00,0,0.49555200366801977
2026-03-15 16:20:00+00:00,0,0.5094359251184167
2026-03-15 16:25:00+00:00,0,0.504898583951612
2026-03-15 16:30:00+00:00,1,0.5138235468449728
2026-03-15 16:35:00+00:00,0,0.4957257879787352
2026-03-15 16:40:00+00:00,1,0.5054003177159565
2026-03-15 16:45:00+00:00,1,0.5079854992190839
2026-03-15 16:50:00+00:00,1,0.509008154761494
2026-03-15 16:55:00+00:00,1,0.5085520027180299
2026-03-15 17:00:00+00:00,0,0.49882811257298443
2026-03-15 17:05:00+00:00,0,0.4917939803315816
2026-03-15 17:10:00+00:00,0,0.5042798212781522
2026-03-15 17:15:00+00:00,0,0.4917803638511469
2026-03-15 17:20:00+00:00,1,0.5036466950955301
2026-03-15 17:25:00+00:00,1,0.5088214226817289
2026-03-15 17:30:00+00:00,1,0.5110670153382952
2026-03-15 17:35:00+00:00,1,0.5123733174327495
2026-03-15 17:40:00+00:00,1,0.5120982536064432
2026-03-15 17:45:00+00:00,1,0.5062882345786761
2026-03-15 17:50:00+00:00,0,0.4743204748515514
2026-03-15 17:55:00+00:00,0,0.4760759001649122
2026-03-15 18:00:00+00:00,1,0.47608461769011534
2026-03-15 18:05:00+00:00,0,0.47452229677987895
2026-03-15 18:10:00+00:00,0,0.47565094257925156
2026-03-15 18:15:00+00:00,0,0.47548193746855816
2026-03-15 18:20:00+00:00,0,0.47902098480318883
2026-03-15 18:25:00+00:00,0,0.48284810956128765
2026-03-15 18:30:00+00:00,0,0.47345971210813453
2026-03-15 18:35:00+00:00,0,0.4762134231482048
2026-03-15 18:40:00+00:00,0,0.48039413231734607
2026-03-15 18:45:00+00:00,1,0.5184883958943333
2026-03-15 18:50:00+00:00,1,0.5128862327818655
2026-03-15 18:55:00+00:00,1,0.5147880647372812
2026-03-15 19:00:00+00:00,1,0.5051712037396286
2026-03-15 19:05:00+00:00,1,0.5142573526449371
2026-03-15 19:10:00+00:00,0,0.49274623836717296
2026-03-15 19:15:00+00:00,1,0.5015978774138506
2026-03-15 19:20:00+00:00,1,0.49913513094239453
2026-03-15 19:25:00+00:00,1,0.49678196468869495
2026-03-15 19:30:00+00:00,0,0.49276365857654597
2026-03-15 19:35:00+00:00,0,0.5095232990444158
2026-03-15 19:40:00+00:00,0,0.5061380564081518
2026-03-15 19:45:00+00:00,0,0.5068102002581437
2026-03-15 19:50:00+00:00,0,0.5058754735571893
2026-03-15 19:55:00+00:00,0,0.49178505011143453
2026-03-15 20:00:00+00:00,1,0.5054254759027387
2026-03-15 20:05:00+00:00,1,0.5106723961876545
2026-03-15 20:10:00+00:00,1,0.5133621441060289
2026-03-15 20:15:00+00:00,1,0.5121485626993698
2026-03-15 20:20:00+00:00,1,0.5087365285176892
2026-03-15 20:25:00+00:00,1,0.4847750933930048
2026-03-15 20:30:00+00:00,0,0.4822671675673142
2026-03-15 20:35:00+00:00,0,0.4760356076063074
2026-03-15 20:40:00+00:00,0,0.48450585857173367
2026-03-15 20:45:00+00:00,0,0.48528489191489704
2026-03-15 20:50:00+00:00,0,0.4884787514653908
2026-03-15 20:55:00+00:00,0,0.4920552280819469
2026-03-15 21:00:00+00:00,1,0.5043517410559272
2026-03-15 21:05:00+00:00,1,0.5137885573904045
2026-03-15 21:10:00+00:00,1,0.514658954656562
2026-03-15 21:15:00+00:00,1,0.5129469980602162
2026-03-15 21:20:00+00:00,1,0.49631217936131855
2026-03-15 21:25:00+00:00,1,0.4985959703963594
2026-03-15 21:30:00+00:00,1,0.47891882907829303
2026-03-15 21:35:00+00:00,0,0.47495849842897625
2026-03-15 21:40:00+00:00,0,0.47042383605143634
2026-03-15 21:45:00+00:00,0,0.4751022641206372
2026-03-15 21:50:00+00:00,0,0.47556543844222315
2026-03-15 21:55:00+00:00,0,0.4738469207352034
2026-03-15 22:00:00+00:00,0,0.46771902064883825
2026-03-15 22:05:00+00:00,1,0.4772435260439295
2026-03-15 22:10:00+00:00,1,0.49342456743564933
2026-03-15 22:15:00+00:00,1,0.5154403928332012
2026-03-15 22:20:00+00:00,1,0.49431245354089975
2026-03-15 22:25:00+00:00,1,0.48079100145786835
2026-03-15 22:30:00+00:00,1,0.467276073680636
2026-03-15 22:35:00+00:00,1,0.46676068010967625
2026-03-15 22:40:00+00:00,1,0.4683640649946383
2026-03-15 22:45:00+00:00,0,0.4683187827096825
2026-03-15 22:50:00+00:00,0,0.4757604195511692
2026-03-15 22:55:00+00:00,0,0.4671274149702727
2026-03-15 23:00:00+00:00,0,0.46331631008605395
2026-03-15 23:05:00+00:00,0,0.46719375865847035
2026-03-15 23:10:00+00:00,0,0.4716319703908317
2026-03-15 23:15:00+00:00,0,0.4825731870107197
2026-03-15 23:20:00+00:00,1,0.48993428588357585
2026-03-15 23:25:00+00:00,1,0.5065075991057172
2026-03-15 23:30:00+00:00,1,0.5032503544123432
2026-03-15 23:35:00+00:00,1,0.5109779402063217
2026-03-15 23:40:00+00:00,1,0.491836134849593
2026-03-15 23:45:00+00:00,0,0.48059331387981996
2026-03-15 23:50:00+00:00,0,0.48515622049619384
2026-03-15 23:55:00+00:00,0,0.4792176826627949
2026-03-16 00:00:00+00:00,0,0.47408141457355824
2026-03-16 00:05:00+00:00,0,0.4739702371994978
2026-03-16 00:10:00+00:00,0,0.4891401208978645
2026-03-16 00:15:00+00:00,1,0.5124263026592366
2026-03-16 00:20:00+00:00,1,0.5165390125622721
2026-03-16 00:25:00+00:00,1,0.5164181425948516
2026-03-16 00:30:00+00:00,0,0.5125491233758663
2026-03-16 00:35:00+00:00,0,0.5160949150806327
2026-03-16 00:40:00+00:00,0,0.5093344270336034
2026-03-16 00:45:00+00:00,0,0.49930130154990854
2026-03-16 00:50:00+00:00,1,0.5031417811646531
2026-03-16 00:55:00+00:00,1,0.5074241958341281
2026-03-16 01:00:00+00:00,1,0.5143892329836955
2026-03-16 01:05:00+00:00,1,0.5099888990578626
2026-03-16 01:10:00+00:00,1,0.5207270973051089
2026-03-16 01:15:00+00:00,1,0.5082646981640985
2026-03-16 01:20:00+00:00,1,0.48314084734702223
2026-03-16 01:25:00+00:00,1,0.4905183522759772
2026-03-16 01:30:00+00:00,1,0.5085350892952937
2026-03-16 01:35:00+00:00,1,0.5108780899279353
2026-03-16 01:40:00+00:00,0,0.5022942099629889
2026-03-16 01:45:00+00:00,0,0.48935827916586294
2026-03-16 01:50:00+00:00,0,0.46596579461757065
2026-03-16 01:55:00+00:00,0,0.4733248350516139
2026-03-16 02:00:00+00:00,0,0.4770982167237693
2026-03-16 02:05:00+00:00,0,0.4836501426857688
2026-03-16 02:10:00+00:00,0,0.509570841849591
2026-03-16 02:15:00+00:00,1,0.5178352218009378
2026-03-16 02:20:00+00:00,1,0.5147614046128315
2026-03-16 02:25:00+00:00,1,0.5178496279701279
2026-03-16 02:30:00+00:00,1,0.5137350562000732
2026-03-16 02:35:00+00:00,1,0.5119800086685142
2026-03-16 02:40:00+00:00,1,0.5006030552849885
2026-03-16 02:45:00+00:00,1,0.50566566326889
2026-03-16 02:50:00+00:00,1,0.48232742586320665
2026-03-16 02:55:00+00:00,1,0.48447346156113547
2026-03-16 03:00:00+00:00,1,0.4754529245597698
2026-03-16 03:05:00+00:00,1,0.47650427952924485
2026-03-16 03:10:00+00:00,1,0.4780747959180623
2026-03-16 03:15:00+00:00,1,0.4794811894841071
2026-03-16 03:20:00+00:00,1,0.46944525751847227
2026-03-16 03:25:00+00:00,1,0.46966540273925644
2026-03-16 03:30:00+00:00,0,0.5081710425293688
2026-03-16 03:35:00+00:00,1,0.5011292220803256
2026-03-16 03:40:00+00:00,1,0.4864743819461172
2026-03-16 03:45:00+00:00,1,0.4791784791933377
2026-03-16 03:50:00+00:00,1,0.4755846878881869
2026-03-16 03:55:00+00:00,1,0.4736825915546751
2026-03-16 04:00:00+00:00,1,0.47374769088288343
2026-03-16 04:05:00+00:00,0,0.46793780883630964
2026-03-16 04:10:00+00:00,0,0.4706087157017055
2026-03-16 04:15:00+00:00,1,0.4691839612526487
2026-03-16 04:20:00+00:00,1,0.4702373627427238
2026-03-16 04:25:00+00:00,1,0.4712468067842547
2026-03-16 04:30:00+00:00,1,0.47468629942846574
2026-03-16 04:35:00+00:00,1,0.47431484978004224
2026-03-16 04:40:00+00:00,1,0.4772110415692048
2026-03-16 04:45:00+00:00,1,0.4712629418864728
2026-03-16 04:50:00+00:00,1,0.46585897126738945
2026-03-16 04:55:00+00:00,1,0.4661379518115563
2026-03-16 05:00:00+00:00,1,0.4679640985434879
2026-03-16 05:05:00+00:00,1,0.46573296406083103
2026-03-16 05:10:00+00:00,1,0.46673864562793255
2026-03-16 05:15:00+00:00,1,0.4675986644967372
2026-03-16 05:20:00+00:00,1,0.46892205668926906
2026-03-16 05:25:00+00:00,1,0.4652748263970331
2026-03-16 05:30:00+00:00,1,0.4678192760028364
2026-03-16 05:35:00+00:00,0,0.4663689377999564
2026-03-16 05:40:00+00:00,0,0.46646452902600866
2026-03-16 05:45:00+00:00,1,0.4614112997313493
2026-03-16 05:50:00+00:00,0,0.4678643905959576
2026-03-16 05:55:00+00:00,0,0.46866823543737246
2026-03-16 06:00:00+00:00,0,0.47454098272795836
2026-03-16 06:05:00+00:00,1,0.48532492956517015
2026-03-16 06:10:00+00:00,1,0.47836840085671084
2026-03-16 06:15:00+00:00,0,0.4721355863832333
2026-03-16 06:20:00+00:00,0,0.47667882461369404
2026-03-16 06:25:00+00:00,0,0.4773893532063351
2026-03-16 06:30:00+00:00,1,0.49441792953612324
2026-03-16 06:35:00+00:00,1,0.47654758153849075
2026-03-16 06:40:00+00:00,1,0.4857935461621735
2026-03-16 06:45:00+00:00,1,0.49152677112512316
2026-03-16 06:50:00+00:00,1,0.4824328603217762
2026-03-16 06:55:00+00:00,1,0.4817092767110275
2026-03-16 07:00:00+00:00,1,0.46980339550255906
2026-03-16 07:05:00+00:00,1,0.47712302077037194
2026-03-16 07:10:00+00:00,1,0.47995832424383417
2026-03-16 07:15:00+00:00,1,0.47004971241537963
2026-03-16 07:20:00+00:00,1,0.47586289868285625
2026-03-16 07:25:00+00:00,1,0.47333837456890415
2026-03-16 07:30:00+00:00,1,0.47432930452855415
2026-03-16 07:35:00+00:00,1,0.47046848781623957
2026-03-16 07:40:00+00:00,1,0.46889811083904437
2026-03-16 07:45:00+00:00,1,0.4754287252490894
2026-03-16 07:50:00+00:00,0,0.4705446238073346
2026-03-16 07:55:00+00:00,0,0.47838140104692506
2026-03-16 08:00:00+00:00,0,0.46853421830839886
2026-03-16 08:05:00+00:00,0,0.4675383182474778
2026-03-16 08:10:00+00:00,0,0.47881235733050226
2026-03-16 08:15:00+00:00,0,0.48181428471074217
2026-03-16 08:20:00+00:00,0,0.491561458727363
2026-03-16 08:25:00+00:00,0,0.5100811342762255
2026-03-16 08:30:00+00:00,0,0.5229795439463254
2026-03-16 08:35:00+00:00,0,0.5176744172750803
2026-03-16 08:40:00+00:00,1,0.5204261217067383
2026-03-16 08:45:00+00:00,1,0.5132024303450251
2026-03-16 08:50:00+00:00,1,0.5229001644554325
2026-03-16 08:55:00+00:00,1,0.5182359527168845
2026-03-16 09:00:00+00:00,1,0.5107048561807911
2026-03-16 09:05:00+00:00,1,0.5050435226417473
2026-03-16 09:10:00+00:00,1,0.5036072379910427
2026-03-16 09:15:00+00:00,1,0.5028389135492014
2026-03-16 09:20:00+00:00,1,0.4956777527564639
2026-03-16 09:25:00+00:00,1,0.5025247714631497
2026-03-16 09:30:00+00:00,1,0.5032349258893325
2026-03-16 09:35:00+00:00,1,0.5036017555073615
2026-03-16 09:40:00+00:00,1,0.493364374266106
2026-03-16 09:45:00+00:00,0,0.4830987823436927
2026-03-16 09:50:00+00:00,0,0.4862254542509452
2026-03-16 09:55:00+00:00,0,0.49545985706579715
2026-03-16 10:00:00+00:00,0,0.4854823185254623
2026-03-16 10:05:00+00:00,0,0.4929210691110323
2026-03-16 10:10:00+00:00,0,0.49368700273935195
2026-03-16 10:15:00+00:00,0,0.4943894542792597
2026-03-16 10:20:00+00:00,0,0.49711105989804283
2026-03-16 10:25:00+00:00,1,0.49745366130211494
2026-03-16 10:30:00+00:00,1,0.5120668561061573
2026-03-16 10:35:00+00:00,1,0.5052075880126711
2026-03-16 10:40:00+00:00,1,0.5088779921656179
2026-03-16 10:45:00+00:00,0,0.5035957540891789
2026-03-16 10:50:00+00:00,0,0.49999134623908176
2026-03-16 10:55:00+00:00,0,0.47752565985429785
2026-03-16 11:00:00+00:00,0,0.48426483943524795
2026-03-16 11:05:00+00:00,0,0.48832502698169866
2026-03-16 11:10:00+00:00,0,0.5101014108616319
2026-03-16 11:15:00+00:00,0,0.5108879763707153
2026-03-16 11:20:00+00:00,0,0.515628852180397
2026-03-16 11:25:00+00:00,1,0.5147346195059996
2026-03-16 11:30:00+00:00,0,0.5115223775998905
2026-03-16 11:35:00+00:00,1,0.5146305249688763
2026-03-16 11:40:00+00:00,0,0.5089178127328362
2026-03-16 11:45:00+00:00,0,0.5017251532455447
2026-03-16 11:50:00+00:00,1,0.5035462100996821
2026-03-16 11:55:00+00:00,1,0.5025749793718636
2026-03-16 12:00:00+00:00,1,0.5081650119617682
2026-03-16 12:05:00+00:00,1,0.5090642971037005
2026-03-16 12:10:00+00:00,1,0.5113479765718217
2026-03-16 12:15:00+00:00,1,0.5031468148327644
2026-03-16 12:20:00+00:00,0,0.5087859654116151
2026-03-16 12:25:00+00:00,0,0.5037729736234717
2026-03-16 12:30:00+00:00,0,0.5068631489871925
2026-03-16 12:35:00+00:00,0,0.5017135941447868
2026-03-16 12:40:00+00:00,0,0.5046878121346161
2026-03-16 12:45:00+00:00,0,0.5005650089667197
2026-03-16 12:50:00+00:00,1,0.5045065286271386
2026-03-16 12:55:00+00:00,1,0.5015527348858411
2026-03-16 13:00:00+00:00,1,0.51297838054779
2026-03-16 13:05:00+00:00,1,0.5100495301624621
2026-03-16 13:10:00+00:00,0,0.5028739417313512
2026-03-16 13:15:00+00:00,1,0.5057372280024859
2026-03-16 13:20:00+00:00,0,0.5019223075463154
2026-03-16 13:25:00+00:00,1,0.5045524933173156
2026-03-16 13:30:00+00:00,0,0.46675227958368914
2026-03-16 13:35:00+00:00,1,0.4687331411090706
2026-03-16 13:40:00+00:00,1,0.5050021989408147
2026-03-16 13:45:00+00:00,0,0.48807249998947455
2026-03-16 13:50:00+00:00,1,0.5050005748094809
2026-03-16 13:55:00+00:00,0,0.4785468253495048
2026-03-16 14:00:00+00:00,0,0.47422851855280923
2026-03-16 14:05:00+00:00,0,0.4682579245477115
2026-03-16 14:10:00+00:00,0,0.47222514527232573
2026-03-16 14:15:00+00:00,0,0.494649557222522
2026-03-16 14:20:00+00:00,0,0.4754582085154054
2026-03-16 14:25:00+00:00,1,0.510508925237759
2026-03-16 14:30:00+00:00,1,0.5149945125174256
2026-03-16 14:35:00+00:00,1,0.51421920258186
2026-03-16 14:40:00+00:00,1,0.51328974087723
2026-03-16 14:45:00+00:00,1,0.5172961642740312
2026-03-16 14:50:00+00:00,1,0.5102445048207325
2026-03-16 14:55:00+00:00,1,0.4971085726870761
2026-03-16 15:00:00+00:00,1,0.5005417361240726
2026-03-16 15:05:00+00:00,0,0.4828592727410724
2026-03-16 15:10:00+00:00,0,0.4963930250079619
2026-03-16 15:15:00+00:00,0,0.4794742841938892
2026-03-16 15:20:00+00:00,0,0.4847255319043488
2026-03-16 15:25:00+00:00,0,0.48142696424010034
2026-03-16 15:30:00+00:00,0,0.49597581517440475
2026-03-16 15:35:00+00:00,0,0.5001756513201353
2026-03-16 15:40:00+00:00,1,0.5059684080488898
2026-03-16 15:45:00+00:00,1,0.49499212380447627
2026-03-16 15:50:00+00:00,1,0.5036935648989209
2026-03-16 15:55:00+00:00,1,0.5002432388734309
2026-03-16 16:00:00+00:00,1,0.5004797138891912
2026-03-16 16:05:00+00:00,1,0.49695053187259924
2026-03-16 16:10:00+00:00,1,0.495693275281264
2026-03-16 16:15:00+00:00,1,0.4748096357328613
2026-03-16 16:20:00+00:00,1,0.4721587925110479
2026-03-16 16:25:00+00:00,1,0.47046573524852153
2026-03-16 16:30:00+00:00,1,0.4724856322879453
2026-03-16 16:35:00+00:00,1,0.4741027770058637
2026-03-16 16:40:00+00:00,0,0.46662268216548103
2026-03-16 16:45:00+00:00,0,0.47347440088917875
2026-03-16 16:50:00+00:00,0,0.4702108727524167
2026-03-16 16:55:00+00:00,0,0.4730726000255937
2026-03-16 17:00:00+00:00,0,0.4739340482456355
2026-03-16 17:05:00+00:00,1,0.47666726240824775
2026-03-16 17:10:00+00:00,1,0.4803001713471978
2026-03-16 17:15:00+00:00,0,0.4860058383682311
2026-03-16 17:20:00+00:00,1,0.48419578918053024
2026-03-16 17:25:00+00:00,1,0.5003091160805502
2026-03-16 17:30:00+00:00,1,0.4879799929537021
2026-03-16 17:35:00+00:00,1,0.47643453022401183
2026-03-16 17:40:00+00:00,1,0.48226009677327414
2026-03-16 17:45:00+00:00,1,0.487019212929522
2026-03-16 17:50:00+00:00,1,0.48567236183315954
2026-03-16 17:55:00+00:00,1,0.48398093644690643
2026-03-16 18:00:00+00:00,1,0.4912340423402378
2026-03-16 18:05:00+00:00,0,0.47311848524309824
2026-03-16 18:10:00+00:00,0,0.47084977168321407
2026-03-16 18:15:00+00:00,0,0.4700306250698782
2026-03-16 18:20:00+00:00,0,0.47784821064978317
2026-03-16 18:25:00+00:00,0,0.47280124571962656
2026-03-16 18:30:00+00:00,0,0.4823427857165366
2026-03-16 18:35:00+00:00,1,0.5099147394512836
2026-03-16 18:40:00+00:00,1,0.4880900135982965
2026-03-16 18:45:00+00:00,1,0.489866889763323
2026-03-16 18:50:00+00:00,1,0.5120844941712961
2026-03-16 18:55:00+00:00,1,0.5111408180775666
2026-03-16 19:00:00+00:00,1,0.5099299799724449
2026-03-16 19:05:00+00:00,0,0.4740616528999248
2026-03-16 19:10:00+00:00,0,0.47589325294887536
2026-03-16 19:15:00+00:00,0,0.4880559110542046
2026-03-16 19:20:00+00:00,0,0.4829224435503826
2026-03-16 19:25:00+00:00,0,0.47770778514509704
2026-03-16 19:30:00+00:00,0,0.48488192474668756
2026-03-16 19:35:00+00:00,0,0.48475717093894705
2026-03-16 19:40:00+00:00,0,0.48412622598124927
2026-03-16 19:45:00+00:00,0,0.5101230416451032
2026-03-16 19:50:00+00:00,1,0.5123898676933227
2026-03-16 19:55:00+00:00,0,0.4920284830380386
2026-03-16 20:00:00+00:00,1,0.499654129528793
2026-03-16 20:05:00+00:00,1,0.5148207874025034
2026-03-16 20:10:00+00:00,1,0.5076682426463403
2026-03-16 20:15:00+00:00,1,0.5125023876061974
2026-03-16 20:20:00+00:00,1,0.5114621323629654
2026-03-16 20:25:00+00:00,1,0.48809017671837474
2026-03-16 20:30:00+00:00,1,0.4819555440318673
2026-03-16 20:35:00+00:00,0,0.4808024657204178
2026-03-16 20:40:00+00:00,1,0.5013671414438648
2026-03-16 20:45:00+00:00,1,0.49512005748879234
2026-03-16 20:50:00+00:00,1,0.48572466734875125
2026-03-16 20:55:00+00:00,0,0.48178337392549986
2026-03-16 21:00:00+00:00,1,0.4714869117217983
2026-03-16 21:05:00+00:00,1,0.48846281332076913
2026-03-16 21:10:00+00:00,1,0.4734480720352758
2026-03-16 21:15:00+00:00,1,0.4770889231185778
2026-03-16 21:20:00+00:00,1,0.48100761597363095
2026-03-16 21:25:00+00:00,1,0.48569088707032765
2026-03-16 21:30:00+00:00,1,0.47275883418393316
2026-03-16 21:35:00+00:00,1,0.4701647736354973
2026-03-16 21:40:00+00:00,1,0.4703448174334926
2026-03-16 21:45:00+00:00,1,0.47081944439916656
2026-03-16 21:50:00+00:00,1,0.4750376654573411
2026-03-16 21:55:00+00:00,1,0.47861767498951996
2026-03-16 22:00:00+00:00,1,0.46862262262281285
2026-03-16 22:05:00+00:00,0,0.46873261438830105
2026-03-16 22:10:00+00:00,1,0.46926542578789937
2026-03-16 22:15:00+00:00,1,0.4688592368149256
2026-03-16 22:20:00+00:00,1,0.46967063428336386
2026-03-16 22:25:00+00:00,1,0.4708742160148382
2026-03-16 22:30:00+00:00,0,0.4722859619768131
2026-03-16 22:35:00+00:00,0,0.47306129897876376
2026-03-16 22:40:00+00:00,0,0.4751585423721123
2026-03-16 22:45:00+00:00,0,0.4740729123497276
2026-03-16 22:50:00+00:00,0,0.4788425112270958
2026-03-16 22:55:00+00:00,0,0.4816174336839353
2026-03-16 23:00:00+00:00,1,0.5154971373417192
2026-03-16 23:05:00+00:00,1,0.5335662435960985
2026-03-16 23:10:00+00:00,1,0.5171155671915482
2026-03-16 23:15:00+00:00,1,0.5213336643864974
2026-03-16 23:20:00+00:00,1,0.5205889475897463
2026-03-16 23:25:00+00:00,1,0.5083172873308898
2026-03-16 23:30:00+00:00,0,0.49035531287091855
2026-03-16 23:35:00+00:00,1,0.4986701759878125
2026-03-16 23:40:00+00:00,1,0.4879932812703861
2026-03-16 23:45:00+00:00,0,0.4964760823433145
2026-03-16 23:50:00+00:00,0,0.511013833255251
2026-03-16 23:55:00+00:00,0,0.510980212560833
2026-03-17 00:00:00+00:00,0,0.515243268699253
2026-03-17 00:05:00+00:00,0,0.5080745290369768
2026-03-17 00:10:00+00:00,0,0.47878837676790875
2026-03-17 00:15:00+00:00,0,0.5214885911336322
2026-03-17 00:20:00+00:00,0,0.5227098381275271
2026-03-17 00:25:00+00:00,0,0.5183234988899077
2026-03-17 00:30:00+00:00,0,0.5240588372938856
2026-03-17 00:35:00+00:00,1,0.5356934429206697
2026-03-17 00:40:00+00:00,1,0.5284825600241462
2026-03-17 00:45:00+00:00,1,0.521785033567843
2026-03-17 00:50:00+00:00,1,0.523143536268561
2026-03-17 00:55:00+00:00,0,0.514678270149929
2026-03-17 01:00:00+00:00,1,0.5191893627011869
2026-03-17 01:05:00+00:00,0,0.5108514122040082
2026-03-17 01:10:00+00:00,0,0.513266348648913
2026-03-17 01:15:00+00:00,0,0.5101610888785478
2026-03-17 01:20:00+00:00,0,0.5201501943604968
2026-03-17 01:25:00+00:00,0,0.5067526297576762
2026-03-17 01:30:00+00:00,0,0.5130245942978167
2026-03-17 01:35:00+00:00,0,0.5186266728845501
2026-03-17 01:40:00+00:00,0,0.515293178979982
2026-03-17 01:45:00+00:00,0,0.5125637404751129
2026-03-17 01:50:00+00:00,1,0.520918460176047
2026-03-17 01:55:00+00:00,0,0.5099391283074681
2026-03-17 02:00:00+00:00,0,0.5115814478516144
2026-03-17 02:05:00+00:00,1,0.5229805718883539
2026-03-17 02:10:00+00:00,1,0.5173056021174994
2026-03-17 02:15:00+00:00,1,0.5134876388336774
2026-03-17 02:20:00+00:00,1,0.5150984366769752
2026-03-17 02:25:00+00:00,1,0.51467171460683
2026-03-17 02:30:00+00:00,0,0.5023137482015656
2026-03-17 02:35:00+00:00,0,0.49502967931689396
2026-03-17 02:40:00+00:00,0,0.49432202377148055
2026-03-17 02:45:00+00:00,0,0.5047863730096227
2026-03-17 02:50:00+00:00,0,0.5041531987689283
2026-03-17 02:55:00+00:00,0,0.512160104425932
2026-03-17 03:00:00+00:00,0,0.5172688711418124
2026-03-17 03:05:00+00:00,0,0.515744707449358
2026-03-17 03:10:00+00:00,0,0.5211817042610326
2026-03-17 03:15:00+00:00,0,0.5224438529232579
2026-03-17 03:20:00+00:00,0,0.5207618846071781
2026-03-17 03:25:00+00:00,0,0.5198109939375725
2026-03-17 03:30:00+00:00,0,0.5277488154530173
2026-03-17 03:35:00+00:00,1,0.5185888063298285
2026-03-17 03:40:00+00:00,1,0.527644087310979
2026-03-17 03:45:00+00:00,0,0.5306325175889717
2026-03-17 03:50:00+00:00,0,0.5258221285583139
2026-03-17 03:55:00+00:00,0,0.5105080711438029
2026-03-17 04:00:00+00:00,0,0.5192935870850449
2026-03-17 04:05:00+00:00,0,0.5084666380100813
2026-03-17 04:10:00+00:00,0,0.5053596218740473
2026-03-17 04:15:00+00:00,0,0.5175325456280112
2026-03-17 04:20:00+00:00,0,0.5262072698494284
2026-03-17 04:25:00+00:00,0,0.5210910775989175
2026-03-17 04:30:00+00:00,1,0.5257190895036423
2026-03-17 04:35:00+00:00,1,0.5284111462604407
2026-03-17 04:40:00+00:00,1,0.5225055456492589
2026-03-17 04:45:00+00:00,1,0.5129095221073993
2026-03-17 04:50:00+00:00,1,0.5118839330099328
2026-03-17 04:55:00+00:00,1,0.5086230878760839
2026-03-17 05:00:00+00:00,0,0.505472090718272
2026-03-17 05:05:00+00:00,0,0.504375698747716
2026-03-17 05:10:00+00:00,0,0.5033973101297282
2026-03-17 05:15:00+00:00,0,0.5030071108756293
2026-03-17 05:20:00+00:00,0,0.5079696257626262
2026-03-17 05:25:00+00:00,0,0.5092695740282693
2026-03-17 05:30:00+00:00,0,0.5103533061257574
2026-03-17 05:35:00+00:00,0,0.5159509540654617
2026-03-17 05:40:00+00:00,1,0.516485955167193
2026-03-17 05:45:00+00:00,1,0.5185764053529591
2026-03-17 05:50:00+00:00,1,0.5092575376417909
2026-03-17 05:55:00+00:00,1,0.5125038680494988
2026-03-17 06:00:00+00:00,1,0.5157348173303823
2026-03-17 06:05:00+00:00,1,0.513479404842939
2026-03-17 06:10:00+00:00,0,0.5044915464210846
2026-03-17 06:15:00+00:00,0,0.49777335810456325
2026-03-17 06:20:00+00:00,0,0.49622177981947346
2026-03-17 06:25:00+00:00,0,0.5051554713910456
2026-03-17 06:30:00+00:00,0,0.48348812816077286
2026-03-17 06:35:00+00:00,1,0.48709398302848433
2026-03-17 06:40:00+00:00,1,0.5115004207971433
2026-03-17 06:45:00+00:00,1,0.5116160901031449
2026-03-17 06:50:00+00:00,1,0.5114267329126574
2026-03-17 06:55:00+00:00,1,0.5100344143372909
2026-03-17 07:00:00+00:00,1,0.4853233070570301
2026-03-17 07:05:00+00:00,1,0.47410018237333346
2026-03-17 07:10:00+00:00,0,0.474834715211368
2026-03-17 07:15:00+00:00,0,0.46986549173581166
2026-03-17 07:20:00+00:00,0,0.471399072170739
2026-03-17 07:25:00+00:00,0,0.4756702230704735
2026-03-17 07:30:00+00:00,0,0.47728689602934693
2026-03-17 07:35:00+00:00,0,0.4813433476400717
2026-03-17 07:40:00+00:00,0,0.4835857693533035
2026-03-17 07:45:00+00:00,0,0.4859923639522252
2026-03-17 07:50:00+00:00,0,0.487072208451133
2026-03-17 07:55:00+00:00,0,0.4850855613317531
2026-03-17 08:00:00+00:00,0,0.48253939302976134
2026-03-17 08:05:00+00:00,0,0.505127726109483
2026-03-17 08:10:00+00:00,1,0.5042905566907544
2026-03-17 08:15:00+00:00,0,0.4998680609931903
2026-03-17 08:20:00+00:00,1,0.50272764744699
2026-03-17 08:25:00+00:00,0,0.49827138415705974
2026-03-17 08:30:00+00:00,0,0.4970715305088886
2026-03-17 08:35:00+00:00,0,0.5081398276039278
2026-03-17 08:40:00+00:00,0,0.5052055680349277
2026-03-17 08:45:00+00:00,0,0.5016743887583981
2026-03-17 08:50:00+00:00,0,0.5041344788390214
2026-03-17 08:55:00+00:00,1,0.5139665434899514
2026-03-17 09:00:00+00:00,1,0.51721754191663
2026-03-17 09:05:00+00:00,1,0.5153535615214854
2026-03-17 09:10:00+00:00,1,0.5112502236411985
2026-03-17 09:15:00+00:00,0,0.5083784306202194
2026-03-17 09:20:00+00:00,0,0.5078260732974536
2026-03-17 09:25:00+00:00,0,0.5029693271909931
2026-03-17 09:30:00+00:00,0,0.5050118669800922
2026-03-17 09:35:00+00:00,0,0.5044361127861534
2026-03-17 09:40:00+00:00,0,0.5047894019852855
2026-03-17 09:45:00+00:00,0,0.5069168969664845
2026-03-17 09:50:00+00:00,1,0.5088465237340744
2026-03-17 09:55:00+00:00,0,0.5109675643824644
2026-03-17 10:00:00+00:00,1,0.5197687839357359
2026-03-17 10:05:00+00:00,1,0.5209743639558221
2026-03-17 10:10:00+00:00,0,0.5108529062307596
2026-03-17 10:15:00+00:00,0,0.5095556567311874
2026-03-17 10:20:00+00:00,0,0.5030775426416431
2026-03-17 10:25:00+00:00,0,0.507322801937196
2026-03-17 10:30:00+00:00,1,0.5058734875165447
2026-03-17 10:35:00+00:00,1,0.5031015655675308
2026-03-17 10:40:00+00:00,1,0.505292460409422
2026-03-17 10:45:00+00:00,1,0.5071649972720146
2026-03-17 10:50:00+00:00,1,0.507557346598984
2026-03-17 10:55:00+00:00,1,0.5035765385863126
2026-03-17 11:00:00+00:00,1,0.49877260060735945
2026-03-17 11:05:00+00:00,1,0.49143914683442186
2026-03-17 11:10:00+00:00,1,0.49001906236253895
2026-03-17 11:15:00+00:00,0,0.4790133458526687
2026-03-17 11:20:00+00:00,0,0.4827850548531061
2026-03-17 11:25:00+00:00,0,0.49222950144514876
2026-03-17 11:30:00+00:00,0,0.4896124774073251
2026-03-17 11:35:00+00:00,0,0.4839643116556002
2026-03-17 11:40:00+00:00,0,0.497260659497671
2026-03-17 11:45:00+00:00,0,0.4884638870538098
2026-03-17 11:50:00+00:00,0,0.48975061212423954
2026-03-17 11:55:00+00:00,0,0.5066185926052836
2026-03-17 12:00:00+00:00,0,0.5137877881760998
2026-03-17 12:05:00+00:00,0,0.510949406743605
2026-03-17 12:10:00+00:00,0,0.5161606866505545
2026-03-17 12:15:00+00:00,0,0.5104165752190257
2026-03-17 12:20:00+00:00,0,0.5228064391348695
2026-03-17 12:25:00+00:00,0,0.5238974791714862
2026-03-17 12:30:00+00:00,0,0.52027258942713
2026-03-17 12:35:00+00:00,1,0.5225584863655942
2026-03-17 12:40:00+00:00,1,0.5169177517320753
2026-03-17 12:45:00+00:00,1,0.5215050481797715
2026-03-17 12:50:00+00:00,1,0.5150951369909784
2026-03-17 12:55:00+00:00,1,0.5095032204878123
2026-03-17 13:00:00+00:00,1,0.49638032132447846
2026-03-17 13:05:00+00:00,1,0.5050954964990595
2026-03-17 13:10:00+00:00,1,0.5006393157513155
2026-03-17 13:15:00+00:00,1,0.5006537800840989
2026-03-17 13:20:00+00:00,1,0.5041989777143439
2026-03-17 13:25:00+00:00,1,0.5001254421608473
2026-03-17 13:30:00+00:00,0,0.49706901182424773
2026-03-17 13:35:00+00:00,0,0.48398446442523146
2026-03-17 13:40:00+00:00,1,0.5018286985451154
2026-03-17 13:45:00+00:00,1,0.507138799962156
2026-03-17 13:50:00+00:00,1,0.5044197459755635
2026-03-17 13:55:00+00:00,1,0.4989279213748083
2026-03-17 14:00:00+00:00,1,0.5115864602430598
2026-03-17 14:05:00+00:00,1,0.4769131749466025
2026-03-17 14:10:00+00:00,1,0.4778198652115809
2026-03-17 14:15:00+00:00,1,0.47571119204362927
2026-03-17 14:20:00+00:00,1,0.4772386652614073
2026-03-17 14:25:00+00:00,1,0.47827730003146046
2026-03-17 14:30:00+00:00,1,0.47593576150794886
2026-03-17 14:35:00+00:00,1,0.47476751511027965
2026-03-17 14:40:00+00:00,0,0.47465138077633706
2026-03-17 14:45:00+00:00,0,0.4726931778171881
2026-03-17 14:50:00+00:00,0,0.48092499259727145
2026-03-17 14:55:00+00:00,0,0.48113811888184915
2026-03-17 15:00:00+00:00,0,0.47082415657969395
2026-03-17 15:05:00+00:00,0,0.4780471444422263
2026-03-17 15:10:00+00:00,0,0.4863817823201915
2026-03-17 15:15:00+00:00,0,0.4860000588119851
2026-03-17 15:20:00+00:00,0,0.5037188284977913
2026-03-17 15:25:00+00:00,1,0.5068159408645306
2026-03-17 15:30:00+00:00,1,0.5051182658155535
2026-03-17 15:35:00+00:00,1,0.5066897437886606
2026-03-17 15:40:00+00:00,1,0.5008716920371891
2026-03-17 15:45:00+00:00,1,0.5082720042850547
2026-03-17 15:50:00+00:00,1,0.4991531774362805
2026-03-17 15:55:00+00:00,1,0.49810548789841375
2026-03-17 16:00:00+00:00,1,0.49344862556185676
2026-03-17 16:05:00+00:00,0,0.4763129605955311
2026-03-17 16:10:00+00:00,1,0.4893503756183218
2026-03-17 16:15:00+00:00,0,0.4768147767966762
2026-03-17 16:20:00+00:00,0,0.4716157152512637
2026-03-17 16:25:00+00:00,1,0.48767464465343524
2026-03-17 16:30:00+00:00,1,0.5033985723775761
2026-03-17 16:35:00+00:00,1,0.5030009596446422
2026-03-17 16:40:00+00:00,1,0.4903926707055161
2026-03-17 16:45:00+00:00,1,0.48998227516474646
2026-03-17 16:50:00+00:00,1,0.47809208173410306
2026-03-17 16:55:00+00:00,1,0.48691977239047973
2026-03-17 17:00:00+00:00,0,0.47623372123183216
2026-03-17 17:05:00+00:00,1,0.4809080477376705
2026-03-17 17:10:00+00:00,1,0.47844656276919556
2026-03-17 17:15:00+00:00,1,0.47933631139015126
2026-03-17 17:20:00+00:00,1,0.4783356023773478
2026-03-17 17:25:00+00:00,1,0.4766496771329699
2026-03-17 17:30:00+00:00,1,0.4845367511290355
2026-03-17 17:35:00+00:00,1,0.4804723479425916
2026-03-17 17:40:00+00:00,1,0.47748283819215204
2026-03-17 17:45:00+00:00,1,0.47126087235664166
2026-03-17 17:50:00+00:00,0,0.4762877734217345
2026-03-17 17:55:00+00:00,0,0.4816914965336839
2026-03-17 18:00:00+00:00,1,0.4795979420121008
2026-03-17 18:05:00+00:00,1,0.47936613720578586
2026-03-17 18:10:00+00:00,1,0.4818586787367591
2026-03-17 18:15:00+00:00,1,0.4851524479765873
2026-03-17 18:20:00+00:00,1,0.4908491943123725
2026-03-17 18:25:00+00:00,1,0.4908590495187642
2026-03-17 18:30:00+00:00,1,0.47239221611385607
2026-03-17 18:35:00+00:00,1,0.4708170820816611
2026-03-17 18:40:00+00:00,0,0.48196974982779256
2026-03-17 18:45:00+00:00,0,0.4832070004581028
2026-03-17 18:50:00+00:00,0,0.4779588086791891
2026-03-17 18:55:00+00:00,0,0.48120916355515486
2026-03-17 19:00:00+00:00,0,0.48534848245560064
2026-03-17 19:05:00+00:00,0,0.48154741743564705
2026-03-17 19:10:00+00:00,1,0.4858978405534325
2026-03-17 19:15:00+00:00,0,0.4890570040852115
2026-03-17 19:20:00+00:00,0,0.4932221636889297
2026-03-17 19:25:00+00:00,0,0.49250043341408895
2026-03-17 19:30:00+00:00,0,0.4997511163257642
2026-03-17 19:35:00+00:00,0,0.48389681243327404
2026-03-17 19:40:00+00:00,0,0.4903754326741537
2026-03-17 19:45:00+00:00,0,0.5012406571359875
2026-03-17 19:50:00+00:00,1,0.5186215932335781
2026-03-17 19:55:00+00:00,1,0.5258221055031896
2026-03-17 20:00:00+00:00,1,0.5265638051779664
2026-03-17 20:05:00+00:00,1,0.5263037246000475
2026-03-17 20:10:00+00:00,1,0.5285609627697325
2026-03-17 20:15:00+00:00,1,0.5125441793362202
2026-03-17 20:20:00+00:00,0,0.49416773743896897
2026-03-17 20:25:00+00:00,0,0.4925608162364397
2026-03-17 20:30:00+00:00,1,0.5107485709389472
2026-03-17 20:35:00+00:00,1,0.5052610551878045
2026-03-17 20:40:00+00:00,1,0.5070415506178008
2026-03-17 20:45:00+00:00,1,0.4946823302311781
2026-03-17 20:50:00+00:00,1,0.508877525370533
2026-03-17 20:55:00+00:00,1,0.5072469577631656
2026-03-17 21:00:00+00:00,1,0.5064100871651269
2026-03-17 21:05:00+00:00,1,0.5102634349700375
2026-03-17 21:10:00+00:00,1,0.4736480920037287
2026-03-17 21:15:00+00:00,1,0.48265906193496577
2026-03-17 21:20:00+00:00,0,0.4787483506692463
2026-03-17 21:25:00+00:00,1,0.48606492744600804
2026-03-17 21:30:00+00:00,1,0.48194278111412353
2026-03-17 21:35:00+00:00,1,0.4773445370339731
2026-03-17 21:40:00+00:00,1,0.47306114355393464
2026-03-17 21:45:00+00:00,0,0.47798197386333097
2026-03-17 21:50:00+00:00,1,0.4815271261699711
2026-03-17 21:55:00+00:00,0,0.4794795252381317
2026-03-17 22:00:00+00:00,0,0.4703497253983508
2026-03-17 22:05:00+00:00,0,0.4743177158387245
2026-03-17 22:10:00+00:00,0,0.4767468139730484
2026-03-17 22:15:00+00:00,0,0.481830599710705
2026-03-17 22:20:00+00:00,0,0.4821697189020882
2026-03-17 22:25:00+00:00,0,0.4866004608326554
2026-03-17 22:30:00+00:00,0,0.5041687176069546
2026-03-17 22:35:00+00:00,1,0.5247233761008692
2026-03-17 22:40:00+00:00,1,0.5141575503205206
2026-03-17 22:45:00+00:00,0,0.5098917295693699
2026-03-17 22:50:00+00:00,0,0.5139905841181608
2026-03-17 22:55:00+00:00,0,0.5105097888537351
2026-03-17 23:00:00+00:00,0,0.5120545961580188
2026-03-17 23:05:00+00:00,0,0.5120923538249695
2026-03-17 23:10:00+00:00,0,0.5143613274958161
2026-03-17 23:15:00+00:00,0,0.5141262394935983
2026-03-17 23:20:00+00:00,0,0.5170313200603595
2026-03-17 23:25:00+00:00,0,0.5113435248912329
